Found 890 stations | execute=True | workers=64
Estimated output size: ~525 GB (uncompressed fp16)

  [WRITE]  ISMN_NAQU_NQNorth                         s2/l3 → s2_l3.npy  shape=(24, 196, 768)  size=7.2MB
  [WRITE]  ISMN_NAQU_NQNorth                         s2/l6 → s2_l6.npy  shape=(24, 196, 768)  size=7.2MB
  [WRITE]  ISMN_NAQU_NQNorth                         s2/l9 → s2_l9.npy  shape=(24, 196, 768)  size=7.2MB
  [WRITE]  ISMN_NAQU_NQNorth                         s1_asc/l3 → s1_asc_l3.npy  shape=(84, 196, 768)  size=25.3MB
  [WRITE]  ISMN_NAQU_NQNorth                         s1_asc/l6 → s1_asc_l6.npy  shape=(84, 196, 768)  size=25.3MB
  [WRITE]  ISMN_NAQU_NQNorth                         s1_asc/l9 → s1_asc_l9.npy  shape=(84, 196, 768)  size=25.3MB
  [WRITE]  ISMN_NAQU_NQNorth                         s1_desc/l3 → s1_desc_l3.npy  shape=(39, 196, 768)  size=11.7MB
  [WRITE]  ISMN_NAQU_NQNorth                         s1_desc/l6 → s1_desc_l6.npy  shape=(39, 196, 768)  size=11.7MB
  [WRITE]  ISMN_NAQU_NQNorth                         s1_desc/l9 → s1_desc_l9.npy  shape=(39, 196, 768)  size=11.7MB
  [WRITE]  ISMN_NGARI_ALI01                          s2/l3 → s2_l3.npy  shape=(77, 196, 768)  size=23.2MB
  [WRITE]  ISMN_NGARI_ALI01                          s2/l6 → s2_l6.npy  shape=(77, 196, 768)  size=23.2MB
  [WRITE]  ISMN_NGARI_ALI01                          s2/l9 → s2_l9.npy  shape=(77, 196, 768)  size=23.2MB
  [WRITE]  ISMN_NGARI_ALI01                          s1_asc/l3 → s1_asc_l3.npy  shape=(43, 196, 768)  size=12.9MB
  [WRITE]  ISMN_NGARI_ALI01                          s1_asc/l6 → s1_asc_l6.npy  shape=(43, 196, 768)  size=12.9MB
  [WRITE]  ISMN_NGARI_ALI01                          s1_asc/l9 → s1_asc_l9.npy  shape=(43, 196, 768)  size=12.9MB
  [WRITE]  ISMN_NGARI_ALI01                          s1_desc/l3 → s1_desc_l3.npy  shape=(41, 196, 768)  size=12.3MB
  [WRITE]  ISMN_NGARI_ALI01                          s1_desc/l6 → s1_desc_l6.npy  shape=(41, 196, 768)  size=12.3MB
  [WRITE]  ISMN_NGARI_ALI01                          s1_desc/l9 → s1_desc_l9.npy  shape=(41, 196, 768)  size=12.3MB
  [WRITE]  ISMN_NGARI_ALI02                          s2/l3 → s2_l3.npy  shape=(56, 196, 768)  size=16.9MB
  [WRITE]  ISMN_NGARI_ALI02                          s2/l6 → s2_l6.npy  shape=(56, 196, 768)  size=16.9MB
  [WRITE]  ISMN_NGARI_ALI02                          s2/l9 → s2_l9.npy  shape=(56, 196, 768)  size=16.9MB
  [WRITE]  ISMN_NGARI_ALI02                          s1_asc/l3 → s1_asc_l3.npy  shape=(32, 196, 768)  size=9.6MB
  [WRITE]  ISMN_NGARI_ALI02                          s1_asc/l6 → s1_asc_l6.npy  shape=(32, 196, 768)  size=9.6MB
  [WRITE]  ISMN_NGARI_ALI02                          s1_asc/l9 → s1_asc_l9.npy  shape=(32, 196, 768)  size=9.6MB
  [WRITE]  ISMN_NGARI_ALI02                          s1_desc/l3 → s1_desc_l3.npy  shape=(30, 196, 768)  size=9.0MB
  [WRITE]  ISMN_NGARI_ALI02                          s1_desc/l6 → s1_desc_l6.npy  shape=(30, 196, 768)  size=9.0MB
  [WRITE]  ISMN_NGARI_ALI02                          s1_desc/l9 → s1_desc_l9.npy  shape=(30, 196, 768)  size=9.0MB
  [WRITE]  ISMN_NGARI_ALI03                          s2/l3 → s2_l3.npy  shape=(75, 196, 768)  size=22.6MB
  [WRITE]  ISMN_NGARI_ALI03                          s2/l6 → s2_l6.npy  shape=(75, 196, 768)  size=22.6MB
  [WRITE]  ISMN_NGARI_ALI03                          s2/l9 → s2_l9.npy  shape=(75, 196, 768)  size=22.6MB
  [WRITE]  ISMN_NGARI_ALI03                          s1_asc/l3 → s1_asc_l3.npy  shape=(43, 196, 768)  size=12.9MB
  [WRITE]  ISMN_NGARI_ALI03                          s1_asc/l6 → s1_asc_l6.npy  shape=(43, 196, 768)  size=12.9MB
  [WRITE]  ISMN_NGARI_ALI03                          s1_asc/l9 → s1_asc_l9.npy  shape=(43, 196, 768)  size=12.9MB
  [WRITE]  ISMN_NGARI_ALI03                          s1_desc/l3 → s1_desc_l3.npy  shape=(41, 196, 768)  size=12.3MB
  [WRITE]  ISMN_NGARI_ALI03                          s1_desc/l6 → s1_desc_l6.npy  shape=(41, 196, 768)  size=12.3MB
  [WRITE]  ISMN_NGARI_ALI03                          s1_desc/l9 → s1_desc_l9.npy  shape=(41, 196, 768)  size=12.3MB
  [WRITE]  ISMN_NGARI_SQ19                           s2/l3 → s2_l3.npy  shape=(49, 196, 768)  size=14.8MB
  [WRITE]  ISMN_NGARI_SQ19                           s2/l6 → s2_l6.npy  shape=(49, 196, 768)  size=14.8MB
  [WRITE]  ISMN_NGARI_SQ19                           s2/l9 → s2_l9.npy  shape=(49, 196, 768)  size=14.8MB
  [WRITE]  ISMN_NGARI_SQ19                           s1_asc/l3 → s1_asc_l3.npy  shape=(75, 196, 768)  size=22.6MB
  [WRITE]  ISMN_NGARI_SQ19                           s1_asc/l6 → s1_asc_l6.npy  shape=(75, 196, 768)  size=22.6MB
  [WRITE]  ISMN_NGARI_SQ19                           s1_asc/l9 → s1_asc_l9.npy  shape=(75, 196, 768)  size=22.6MB
  [WRITE]  ISMN_NGARI_SQ19                           s1_desc/l3 → s1_desc_l3.npy  shape=(68, 196, 768)  size=20.5MB
  [WRITE]  ISMN_NGARI_SQ19                           s1_desc/l6 → s1_desc_l6.npy  shape=(68, 196, 768)  size=20.5MB
  [WRITE]  ISMN_NGARI_SQ19                           s1_desc/l9 → s1_desc_l9.npy  shape=(68, 196, 768)  size=20.5MB
  [WRITE]  ISMN_NGARI_SQ20                           s2/l3 → s2_l3.npy  shape=(36, 196, 768)  size=10.8MB
  [WRITE]  ISMN_NGARI_SQ20                           s2/l6 → s2_l6.npy  shape=(36, 196, 768)  size=10.8MB
  [WRITE]  ISMN_NGARI_SQ20                           s2/l9 → s2_l9.npy  shape=(36, 196, 768)  size=10.8MB
  [WRITE]  ISMN_NGARI_SQ20                           s1_asc/l3 → s1_asc_l3.npy  shape=(75, 196, 768)  size=22.6MB
  [WRITE]  ISMN_NGARI_SQ20                           s1_asc/l6 → s1_asc_l6.npy  shape=(75, 196, 768)  size=22.6MB
  [WRITE]  ISMN_NGARI_SQ20                           s1_asc/l9 → s1_asc_l9.npy  shape=(75, 196, 768)  size=22.6MB
  [WRITE]  ISMN_NGARI_SQ20                           s1_desc/l3 → s1_desc_l3.npy  shape=(68, 196, 768)  size=20.5MB
  [WRITE]  ISMN_NGARI_SQ20                           s1_desc/l6 → s1_desc_l6.npy  shape=(68, 196, 768)  size=20.5MB
  [WRITE]  ISMN_NGARI_SQ20                           s1_desc/l9 → s1_desc_l9.npy  shape=(68, 196, 768)  size=20.5MB
  [WRITE]  ISMN_NGARI_SQ21                           s2/l3 → s2_l3.npy  shape=(49, 196, 768)  size=14.8MB
  [WRITE]  ISMN_NGARI_SQ21                           s2/l6 → s2_l6.npy  shape=(49, 196, 768)  size=14.8MB
  [WRITE]  ISMN_NGARI_SQ21                           s2/l9 → s2_l9.npy  shape=(49, 196, 768)  size=14.8MB
  [WRITE]  ISMN_NGARI_SQ21                           s1_asc/l3 → s1_asc_l3.npy  shape=(75, 196, 768)  size=22.6MB
  [WRITE]  ISMN_NGARI_SQ21                           s1_asc/l6 → s1_asc_l6.npy  shape=(75, 196, 768)  size=22.6MB
  [WRITE]  ISMN_NGARI_SQ21                           s1_asc/l9 → s1_asc_l9.npy  shape=(75, 196, 768)  size=22.6MB
  [WRITE]  ISMN_NGARI_SQ21                           s1_desc/l3 → s1_desc_l3.npy  shape=(68, 196, 768)  size=20.5MB
  [WRITE]  ISMN_NGARI_SQ21                           s1_desc/l6 → s1_desc_l6.npy  shape=(68, 196, 768)  size=20.5MB
  [WRITE]  ISMN_NGARI_SQ21                           s1_desc/l9 → s1_desc_l9.npy  shape=(68, 196, 768)  size=20.5MB
  [WRITE]  ISMN_REMEDHUS_Canizal                     s2/l3 → s2_l3.npy  shape=(138, 196, 768)  size=41.5MB
  [WRITE]  ISMN_REMEDHUS_Canizal                     s2/l6 → s2_l6.npy  shape=(138, 196, 768)  size=41.5MB
  [WRITE]  ISMN_REMEDHUS_Canizal                     s2/l9 → s2_l9.npy  shape=(138, 196, 768)  size=41.5MB
  [WRITE]  ISMN_REMEDHUS_Canizal                     s1_asc/l3 → s1_asc_l3.npy  shape=(173, 196, 768)  size=52.1MB
  [WRITE]  ISMN_REMEDHUS_Canizal                     s1_asc/l6 → s1_asc_l6.npy  shape=(173, 196, 768)  size=52.1MB
  [WRITE]  ISMN_REMEDHUS_Canizal                     s1_asc/l9 → s1_asc_l9.npy  shape=(173, 196, 768)  size=52.1MB
  [WRITE]  ISMN_REMEDHUS_Canizal                     s1_desc/l3 → s1_desc_l3.npy  shape=(139, 196, 768)  size=41.8MB
  [WRITE]  ISMN_REMEDHUS_Canizal                     s1_desc/l6 → s1_desc_l6.npy  shape=(139, 196, 768)  size=41.8MB
  [WRITE]  ISMN_REMEDHUS_Canizal                     s1_desc/l9 → s1_desc_l9.npy  shape=(139, 196, 768)  size=41.8MB
  [WRITE]  ISMN_SCAN_LTSP                            s2/l3 → s2_l3.npy  shape=(138, 196, 768)  size=41.5MB
  [WRITE]  ISMN_SCAN_LTSP                            s2/l6 → s2_l6.npy  shape=(138, 196, 768)  size=41.5MB
  [WRITE]  ISMN_SCAN_LTSP                            s2/l9 → s2_l9.npy  shape=(138, 196, 768)  size=41.5MB
  [WRITE]  ISMN_SCAN_LTSP                            s1_asc/l3 → s1_asc_l3.npy  shape=(87, 196, 768)  size=26.2MB
  [WRITE]  ISMN_SCAN_LTSP                            s1_asc/l6 → s1_asc_l6.npy  shape=(87, 196, 768)  size=26.2MB
  [WRITE]  ISMN_SCAN_LTSP                            s1_asc/l9 → s1_asc_l9.npy  shape=(87, 196, 768)  size=26.2MB
  [WRITE]  ISMN_SCAN_Lehman                          s2/l3 → s2_l3.npy  shape=(141, 196, 768)  size=42.4MB
  [WRITE]  ISMN_SCAN_Lehman                          s2/l6 → s2_l6.npy  shape=(141, 196, 768)  size=42.4MB
  [WRITE]  ISMN_SCAN_Lehman                          s2/l9 → s2_l9.npy  shape=(141, 196, 768)  size=42.4MB
  [WRITE]  ISMN_SCAN_Lehman                          s1_asc/l3 → s1_asc_l3.npy  shape=(96, 196, 768)  size=28.9MB
  [WRITE]  ISMN_SCAN_Lehman                          s1_asc/l6 → s1_asc_l6.npy  shape=(96, 196, 768)  size=28.9MB
  [WRITE]  ISMN_SCAN_Lehman                          s1_asc/l9 → s1_asc_l9.npy  shape=(96, 196, 768)  size=28.9MB
  [WRITE]  ISMN_SCAN_Lehman                          s1_desc/l3 → s1_desc_l3.npy  shape=(88, 196, 768)  size=26.5MB
  [WRITE]  ISMN_SCAN_Lehman                          s1_desc/l6 → s1_desc_l6.npy  shape=(88, 196, 768)  size=26.5MB
  [WRITE]  ISMN_SCAN_Lehman                          s1_desc/l9 → s1_desc_l9.npy  shape=(88, 196, 768)  size=26.5MB
  [WRITE]  ISMN_SCAN_Levelland                       s2/l3 → s2_l3.npy  shape=(181, 196, 768)  size=54.5MB
  [WRITE]  ISMN_SCAN_Levelland                       s2/l6 → s2_l6.npy  shape=(181, 196, 768)  size=54.5MB
  [WRITE]  ISMN_SCAN_Levelland                       s2/l9 → s2_l9.npy  shape=(181, 196, 768)  size=54.5MB
  [WRITE]  ISMN_SCAN_Levelland                       s1_asc/l3 → s1_asc_l3.npy  shape=(118, 196, 768)  size=35.5MB
  [WRITE]  ISMN_SCAN_Levelland                       s1_asc/l6 → s1_asc_l6.npy  shape=(118, 196, 768)  size=35.5MB
  [WRITE]  ISMN_SCAN_Levelland                       s1_asc/l9 → s1_asc_l9.npy  shape=(118, 196, 768)  size=35.5MB
  [WRITE]  ISMN_SCAN_Levelland                       s1_desc/l3 → s1_desc_l3.npy  shape=(111, 196, 768)  size=33.4MB
  [WRITE]  ISMN_SCAN_Levelland                       s1_desc/l6 → s1_desc_l6.npy  shape=(111, 196, 768)  size=33.4MB
  [WRITE]  ISMN_SCAN_Levelland                       s1_desc/l9 → s1_desc_l9.npy  shape=(111, 196, 768)  size=33.4MB
  [WRITE]  ISMN_SCAN_Lind#1                          s2/l3 → s2_l3.npy  shape=(280, 196, 768)  size=84.3MB
  [WRITE]  ISMN_SCAN_Lind#1                          s2/l6 → s2_l6.npy  shape=(280, 196, 768)  size=84.3MB
  [WRITE]  ISMN_SCAN_Lind#1                          s2/l9 → s2_l9.npy  shape=(280, 196, 768)  size=84.3MB
  [WRITE]  ISMN_SCAN_Lind#1                          s1_asc/l3 → s1_asc_l3.npy  shape=(167, 196, 768)  size=50.3MB
  [WRITE]  ISMN_SCAN_Lind#1                          s1_asc/l6 → s1_asc_l6.npy  shape=(167, 196, 768)  size=50.3MB
  [WRITE]  ISMN_SCAN_Lind#1                          s1_asc/l9 → s1_asc_l9.npy  shape=(167, 196, 768)  size=50.3MB
  [WRITE]  ISMN_SCAN_Lind#1                          s1_desc/l3 → s1_desc_l3.npy  shape=(138, 196, 768)  size=41.5MB
  [WRITE]  ISMN_SCAN_Lind#1                          s1_desc/l6 → s1_desc_l6.npy  shape=(138, 196, 768)  size=41.5MB
  [WRITE]  ISMN_SCAN_Lind#1                          s1_desc/l9 → s1_desc_l9.npy  shape=(138, 196, 768)  size=41.5MB
  [WRITE]  ISMN_AMMA-CATCH_Banizoumbou               s2/l3 → s2_l3.npy  shape=(103, 196, 768)  size=31.0MB
  [WRITE]  ISMN_AMMA-CATCH_Banizoumbou               s2/l6 → s2_l6.npy  shape=(103, 196, 768)  size=31.0MB
  [WRITE]  ISMN_AMMA-CATCH_Banizoumbou               s2/l9 → s2_l9.npy  shape=(103, 196, 768)  size=31.0MB
  [WRITE]  ISMN_AMMA-CATCH_Banizoumbou               s1_asc/l3 → s1_asc_l3.npy  shape=(84, 196, 768)  size=25.3MB
  [WRITE]  ISMN_AMMA-CATCH_Banizoumbou               s1_asc/l6 → s1_asc_l6.npy  shape=(84, 196, 768)  size=25.3MB
  [WRITE]  ISMN_AMMA-CATCH_Banizoumbou               s1_asc/l9 → s1_asc_l9.npy  shape=(84, 196, 768)  size=25.3MB
  [WRITE]  ISMN_AMMA-CATCH_Tondikiboro               s2/l3 → s2_l3.npy  shape=(102, 196, 768)  size=30.7MB
  [WRITE]  ISMN_AMMA-CATCH_Tondikiboro               s2/l6 → s2_l6.npy  shape=(102, 196, 768)  size=30.7MB
  [WRITE]  ISMN_AMMA-CATCH_Tondikiboro               s2/l9 → s2_l9.npy  shape=(102, 196, 768)  size=30.7MB
  [WRITE]  ISMN_AMMA-CATCH_Tondikiboro               s1_asc/l3 → s1_asc_l3.npy  shape=(84, 196, 768)  size=25.3MB
  [WRITE]  ISMN_AMMA-CATCH_Tondikiboro               s1_asc/l6 → s1_asc_l6.npy  shape=(84, 196, 768)  size=25.3MB
  [WRITE]  ISMN_AMMA-CATCH_Tondikiboro               s1_asc/l9 → s1_asc_l9.npy  shape=(84, 196, 768)  size=25.3MB
  [WRITE]  ISMN_ARM_Anthony                          s2/l3 → s2_l3.npy  shape=(330, 196, 768)  size=99.3MB
  [WRITE]  ISMN_ARM_Anthony                          s2/l6 → s2_l6.npy  shape=(330, 196, 768)  size=99.3MB
  [WRITE]  ISMN_ARM_Anthony                          s2/l9 → s2_l9.npy  shape=(330, 196, 768)  size=99.3MB
  [WRITE]  ISMN_ARM_Anthony                          s1_asc/l3 → s1_asc_l3.npy  shape=(246, 196, 768)  size=74.1MB
  [WRITE]  ISMN_ARM_Anthony                          s1_asc/l6 → s1_asc_l6.npy  shape=(246, 196, 768)  size=74.1MB
  [WRITE]  ISMN_ARM_Anthony                          s1_asc/l9 → s1_asc_l9.npy  shape=(246, 196, 768)  size=74.1MB
  [WRITE]  ISMN_ARM_Ashton                           s2/l3 → s2_l3.npy  shape=(235, 196, 768)  size=70.7MB
  [WRITE]  ISMN_ARM_Ashton                           s2/l6 → s2_l6.npy  shape=(235, 196, 768)  size=70.7MB
  [WRITE]  ISMN_ARM_Ashton                           s2/l9 → s2_l9.npy  shape=(235, 196, 768)  size=70.7MB
  [WRITE]  ISMN_ARM_Ashton                           s1_asc/l3 → s1_asc_l3.npy  shape=(308, 196, 768)  size=92.7MB
  [WRITE]  ISMN_ARM_Ashton                           s1_asc/l6 → s1_asc_l6.npy  shape=(308, 196, 768)  size=92.7MB
  [WRITE]  ISMN_ARM_Ashton                           s1_asc/l9 → s1_asc_l9.npy  shape=(308, 196, 768)  size=92.7MB
  [WRITE]  ISMN_SCAN_LovelockNNR                     s2/l3 → s2_l3.npy  shape=(146, 196, 768)  size=44.0MB
  [WRITE]  ISMN_SCAN_LovelockNNR                     s2/l6 → s2_l6.npy  shape=(146, 196, 768)  size=44.0MB
  [WRITE]  ISMN_SCAN_LovelockNNR                     s2/l9 → s2_l9.npy  shape=(146, 196, 768)  size=44.0MB
  [WRITE]  ISMN_SCAN_LovelockNNR                     s1_asc/l3 → s1_asc_l3.npy  shape=(141, 196, 768)  size=42.4MB
  [WRITE]  ISMN_SCAN_LovelockNNR                     s1_asc/l6 → s1_asc_l6.npy  shape=(141, 196, 768)  size=42.4MB
  [WRITE]  ISMN_SCAN_LovelockNNR                     s1_asc/l9 → s1_asc_l9.npy  shape=(141, 196, 768)  size=42.4MB
  [WRITE]  ISMN_SCAN_LovelockNNR                     s1_desc/l3 → s1_desc_l3.npy  shape=(110, 196, 768)  size=33.1MB
  [WRITE]  ISMN_SCAN_LovelockNNR                     s1_desc/l6 → s1_desc_l6.npy  shape=(110, 196, 768)  size=33.1MB
  [WRITE]  ISMN_SCAN_LovelockNNR                     s1_desc/l9 → s1_desc_l9.npy  shape=(110, 196, 768)  size=33.1MB
  [WRITE]  ISMN_SCAN_LyeBrook                        s2/l3 → s2_l3.npy  shape=(263, 196, 768)  size=79.2MB
  [WRITE]  ISMN_SCAN_LyeBrook                        s2/l6 → s2_l6.npy  shape=(263, 196, 768)  size=79.2MB
  [WRITE]  ISMN_SCAN_LyeBrook                        s2/l9 → s2_l9.npy  shape=(263, 196, 768)  size=79.2MB
  [WRITE]  ISMN_SCAN_LyeBrook                        s1_asc/l3 → s1_asc_l3.npy  shape=(371, 196, 768)  size=111.7MB
  [WRITE]  ISMN_SCAN_LyeBrook                        s1_asc/l6 → s1_asc_l6.npy  shape=(371, 196, 768)  size=111.7MB
  [WRITE]  ISMN_SCAN_LyeBrook                        s1_asc/l9 → s1_asc_l9.npy  shape=(371, 196, 768)  size=111.7MB
  [WRITE]  ISMN_SCAN_LyeBrook                        s1_desc/l3 → s1_desc_l3.npy  shape=(73, 196, 768)  size=22.0MB
  [WRITE]  ISMN_SCAN_LyeBrook                        s1_desc/l6 → s1_desc_l6.npy  shape=(73, 196, 768)  size=22.0MB
  [WRITE]  ISMN_SCAN_LyeBrook                        s1_desc/l9 → s1_desc_l9.npy  shape=(73, 196, 768)  size=22.0MB
  [WRITE]  ISMN_SCAN_MahantangoCk                    s2/l3 → s2_l3.npy  shape=(72, 196, 768)  size=21.7MB
  [WRITE]  ISMN_SCAN_MahantangoCk                    s2/l6 → s2_l6.npy  shape=(72, 196, 768)  size=21.7MB
  [WRITE]  ISMN_SCAN_MahantangoCk                    s2/l9 → s2_l9.npy  shape=(72, 196, 768)  size=21.7MB
  [WRITE]  ISMN_SCAN_MahantangoCk                    s1_asc/l3 → s1_asc_l3.npy  shape=(118, 196, 768)  size=35.5MB
  [WRITE]  ISMN_SCAN_MahantangoCk                    s1_asc/l6 → s1_asc_l6.npy  shape=(118, 196, 768)  size=35.5MB
  [WRITE]  ISMN_SCAN_MahantangoCk                    s1_asc/l9 → s1_asc_l9.npy  shape=(118, 196, 768)  size=35.5MB
  [WRITE]  ISMN_SCAN_MammothCave                     s2/l3 → s2_l3.npy  shape=(72, 196, 768)  size=21.7MB
  [WRITE]  ISMN_SCAN_MammothCave                     s2/l6 → s2_l6.npy  shape=(72, 196, 768)  size=21.7MB
  [WRITE]  ISMN_SCAN_MammothCave                     s2/l9 → s2_l9.npy  shape=(72, 196, 768)  size=21.7MB
  [WRITE]  ISMN_SCAN_MammothCave                     s1_asc/l3 → s1_asc_l3.npy  shape=(218, 196, 768)  size=65.6MB
  [WRITE]  ISMN_SCAN_MammothCave                     s1_asc/l6 → s1_asc_l6.npy  shape=(218, 196, 768)  size=65.6MB
  [WRITE]  ISMN_SCAN_MammothCave                     s1_asc/l9 → s1_asc_l9.npy  shape=(218, 196, 768)  size=65.6MB
  [WRITE]  ISMN_SCAN_MammothCave                     s1_desc/l3 → s1_desc_l3.npy  shape=(1, 196, 768)  size=0.3MB
  [WRITE]  ISMN_SCAN_MammothCave                     s1_desc/l6 → s1_desc_l6.npy  shape=(1, 196, 768)  size=0.3MB
  [WRITE]  ISMN_SCAN_MammothCave                     s1_desc/l9 → s1_desc_l9.npy  shape=(1, 196, 768)  size=0.3MB
  [WRITE]  ISMN_SCAN_FortAssiniboine#1               s2/l3 → s2_l3.npy  shape=(124, 196, 768)  size=37.3MB
  [WRITE]  ISMN_SCAN_FortAssiniboine#1               s2/l6 → s2_l6.npy  shape=(124, 196, 768)  size=37.3MB
  [WRITE]  ISMN_SCAN_FortAssiniboine#1               s2/l9 → s2_l9.npy  shape=(124, 196, 768)  size=37.3MB
  [WRITE]  ISMN_SCAN_FortAssiniboine#1               s1_asc/l3 → s1_asc_l3.npy  shape=(132, 196, 768)  size=39.7MB
  [WRITE]  ISMN_SCAN_FortAssiniboine#1               s1_asc/l6 → s1_asc_l6.npy  shape=(132, 196, 768)  size=39.7MB
  [WRITE]  ISMN_SCAN_FortAssiniboine#1               s1_asc/l9 → s1_asc_l9.npy  shape=(132, 196, 768)  size=39.7MB
  [WRITE]  ISMN_SCAN_FortAssiniboine#1               s1_desc/l3 → s1_desc_l3.npy  shape=(133, 196, 768)  size=40.0MB
  [WRITE]  ISMN_SCAN_FortAssiniboine#1               s1_desc/l6 → s1_desc_l6.npy  shape=(133, 196, 768)  size=40.0MB
  [WRITE]  ISMN_SCAN_FortAssiniboine#1               s1_desc/l9 → s1_desc_l9.npy  shape=(133, 196, 768)  size=40.0MB
  [WRITE]  ISMN_SCAN_FortReno#1                      s2/l3 → s2_l3.npy  shape=(90, 196, 768)  size=27.1MB
  [WRITE]  ISMN_SCAN_FortReno#1                      s2/l6 → s2_l6.npy  shape=(90, 196, 768)  size=27.1MB
  [WRITE]  ISMN_SCAN_FortReno#1                      s2/l9 → s2_l9.npy  shape=(90, 196, 768)  size=27.1MB
  [WRITE]  ISMN_SCAN_FortReno#1                      s1_asc/l3 → s1_asc_l3.npy  shape=(491, 196, 768)  size=147.8MB
  [WRITE]  ISMN_SCAN_FortReno#1                      s1_asc/l6 → s1_asc_l6.npy  shape=(491, 196, 768)  size=147.8MB
  [WRITE]  ISMN_SCAN_FortReno#1                      s1_asc/l9 → s1_asc_l9.npy  shape=(491, 196, 768)  size=147.8MB
  [WRITE]  ISMN_SCAN_Fortuna                         s2/l3 → s2_l3.npy  shape=(55, 196, 768)  size=16.6MB
  [WRITE]  ISMN_SCAN_Fortuna                         s2/l6 → s2_l6.npy  shape=(55, 196, 768)  size=16.6MB
  [WRITE]  ISMN_SCAN_Fortuna                         s2/l9 → s2_l9.npy  shape=(55, 196, 768)  size=16.6MB
  [WRITE]  ISMN_SCAN_Fortuna                         s1_asc/l3 → s1_asc_l3.npy  shape=(48, 196, 768)  size=14.5MB
  [WRITE]  ISMN_SCAN_Fortuna                         s1_asc/l6 → s1_asc_l6.npy  shape=(48, 196, 768)  size=14.5MB
  [WRITE]  ISMN_SCAN_Fortuna                         s1_asc/l9 → s1_asc_l9.npy  shape=(48, 196, 768)  size=14.5MB
  [WRITE]  ISMN_SCAN_Fortuna                         s1_desc/l3 → s1_desc_l3.npy  shape=(71, 196, 768)  size=21.4MB
  [WRITE]  ISMN_SCAN_Fortuna                         s1_desc/l6 → s1_desc_l6.npy  shape=(71, 196, 768)  size=21.4MB
  [WRITE]  ISMN_SCAN_Fortuna                         s1_desc/l9 → s1_desc_l9.npy  shape=(71, 196, 768)  size=21.4MB
  [WRITE]  ISMN_SCAN_FrenchGulch                     s2/l3 → s2_l3.npy  shape=(250, 196, 768)  size=75.3MB
  [WRITE]  ISMN_SCAN_FrenchGulch                     s2/l6 → s2_l6.npy  shape=(250, 196, 768)  size=75.3MB
  [WRITE]  ISMN_SCAN_FrenchGulch                     s2/l9 → s2_l9.npy  shape=(250, 196, 768)  size=75.3MB
  [WRITE]  ISMN_SCAN_FrenchGulch                     s1_asc/l3 → s1_asc_l3.npy  shape=(115, 196, 768)  size=34.6MB
  [WRITE]  ISMN_SCAN_FrenchGulch                     s1_asc/l6 → s1_asc_l6.npy  shape=(115, 196, 768)  size=34.6MB
  [WRITE]  ISMN_SCAN_FrenchGulch                     s1_asc/l9 → s1_asc_l9.npy  shape=(115, 196, 768)  size=34.6MB
  [WRITE]  ISMN_SCAN_FrenchGulch                     s1_desc/l3 → s1_desc_l3.npy  shape=(99, 196, 768)  size=29.8MB
  [WRITE]  ISMN_SCAN_FrenchGulch                     s1_desc/l6 → s1_desc_l6.npy  shape=(99, 196, 768)  size=29.8MB
  [WRITE]  ISMN_SCAN_FrenchGulch                     s1_desc/l9 → s1_desc_l9.npy  shape=(99, 196, 768)  size=29.8MB
  [WRITE]  ISMN_SCAN_PineNut                         s2/l3 → s2_l3.npy  shape=(182, 196, 768)  size=54.8MB
  [WRITE]  ISMN_SCAN_PineNut                         s2/l6 → s2_l6.npy  shape=(182, 196, 768)  size=54.8MB
  [WRITE]  ISMN_SCAN_PineNut                         s2/l9 → s2_l9.npy  shape=(182, 196, 768)  size=54.8MB
  [WRITE]  ISMN_SCAN_PineNut                         s1_asc/l3 → s1_asc_l3.npy  shape=(48, 196, 768)  size=14.5MB
  [WRITE]  ISMN_SCAN_PineNut                         s1_asc/l6 → s1_asc_l6.npy  shape=(48, 196, 768)  size=14.5MB
  [WRITE]  ISMN_SCAN_PineNut                         s1_asc/l9 → s1_asc_l9.npy  shape=(48, 196, 768)  size=14.5MB
  [WRITE]  ISMN_SCAN_PineNut                         s1_desc/l3 → s1_desc_l3.npy  shape=(140, 196, 768)  size=42.1MB
  [WRITE]  ISMN_SCAN_PineNut                         s1_desc/l6 → s1_desc_l6.npy  shape=(140, 196, 768)  size=42.1MB
  [WRITE]  ISMN_SCAN_PineNut                         s1_desc/l9 → s1_desc_l9.npy  shape=(140, 196, 768)  size=42.1MB
  [WRITE]  ISMN_SCAN_PowderMill                      s2/l3 → s2_l3.npy  shape=(144, 196, 768)  size=43.4MB
  [WRITE]  ISMN_SCAN_PowderMill                      s2/l6 → s2_l6.npy  shape=(144, 196, 768)  size=43.4MB
  [WRITE]  ISMN_SCAN_PowderMill                      s2/l9 → s2_l9.npy  shape=(144, 196, 768)  size=43.4MB
  [WRITE]  ISMN_SCAN_PowderMill                      s1_asc/l3 → s1_asc_l3.npy  shape=(296, 196, 768)  size=89.1MB
  [WRITE]  ISMN_SCAN_PowderMill                      s1_asc/l6 → s1_asc_l6.npy  shape=(296, 196, 768)  size=89.1MB
  [WRITE]  ISMN_SCAN_PowderMill                      s1_asc/l9 → s1_asc_l9.npy  shape=(296, 196, 768)  size=89.1MB
  [WRITE]  ISMN_SCAN_PowderMill                      s1_desc/l3 → s1_desc_l3.npy  shape=(5, 196, 768)  size=1.5MB
  [WRITE]  ISMN_SCAN_PowderMill                      s1_desc/l6 → s1_desc_l6.npy  shape=(5, 196, 768)  size=1.5MB
  [WRITE]  ISMN_SCAN_PowderMill                      s1_desc/l9 → s1_desc_l9.npy  shape=(5, 196, 768)  size=1.5MB
  [WRITE]  ISMN_SCAN_PowellGardens                   s2/l3 → s2_l3.npy  shape=(126, 196, 768)  size=37.9MB
  [WRITE]  ISMN_SCAN_PowellGardens                   s2/l6 → s2_l6.npy  shape=(126, 196, 768)  size=37.9MB
  [WRITE]  ISMN_SCAN_PowellGardens                   s2/l9 → s2_l9.npy  shape=(126, 196, 768)  size=37.9MB
  [WRITE]  ISMN_SCAN_PowellGardens                   s1_asc/l3 → s1_asc_l3.npy  shape=(150, 196, 768)  size=45.2MB
  [WRITE]  ISMN_SCAN_PowellGardens                   s1_asc/l6 → s1_asc_l6.npy  shape=(150, 196, 768)  size=45.2MB
  [WRITE]  ISMN_SCAN_PowellGardens                   s1_asc/l9 → s1_asc_l9.npy  shape=(150, 196, 768)  size=45.2MB
  [WRITE]  ISMN_SCAN_PrairieView#1                   s2/l3 → s2_l3.npy  shape=(99, 196, 768)  size=29.8MB
  [WRITE]  ISMN_SCAN_PrairieView#1                   s2/l6 → s2_l6.npy  shape=(99, 196, 768)  size=29.8MB
  [WRITE]  ISMN_SCAN_PrairieView#1                   s2/l9 → s2_l9.npy  shape=(99, 196, 768)  size=29.8MB
  [WRITE]  ISMN_SCAN_PrairieView#1                   s1_asc/l3 → s1_asc_l3.npy  shape=(158, 196, 768)  size=47.6MB
  [WRITE]  ISMN_SCAN_PrairieView#1                   s1_asc/l6 → s1_asc_l6.npy  shape=(158, 196, 768)  size=47.6MB
  [WRITE]  ISMN_SCAN_PrairieView#1                   s1_asc/l9 → s1_asc_l9.npy  shape=(158, 196, 768)  size=47.6MB
  [WRITE]  ISMN_SCAN_PrairieView#1                   s1_desc/l3 → s1_desc_l3.npy  shape=(345, 196, 768)  size=103.9MB
  [WRITE]  ISMN_SCAN_PrairieView#1                   s1_desc/l6 → s1_desc_l6.npy  shape=(345, 196, 768)  size=103.9MB
  [WRITE]  ISMN_SCAN_PrairieView#1                   s1_desc/l9 → s1_desc_l9.npy  shape=(345, 196, 768)  size=103.9MB
  [WRITE]  ISMN_SCAN_Geneva#1                        s2/l3 → s2_l3.npy  shape=(48, 196, 768)  size=14.5MB
  [WRITE]  ISMN_SCAN_Geneva#1                        s2/l6 → s2_l6.npy  shape=(48, 196, 768)  size=14.5MB
  [WRITE]  ISMN_SCAN_Geneva#1                        s2/l9 → s2_l9.npy  shape=(48, 196, 768)  size=14.5MB
  [WRITE]  ISMN_SCAN_Geneva#1                        s1_asc/l3 → s1_asc_l3.npy  shape=(184, 196, 768)  size=55.4MB
  [WRITE]  ISMN_SCAN_Geneva#1                        s1_asc/l6 → s1_asc_l6.npy  shape=(184, 196, 768)  size=55.4MB
  [WRITE]  ISMN_SCAN_Geneva#1                        s1_asc/l9 → s1_asc_l9.npy  shape=(184, 196, 768)  size=55.4MB
  [WRITE]  ISMN_SCAN_GlacialRidge                    s2/l3 → s2_l3.npy  shape=(222, 196, 768)  size=66.8MB
  [WRITE]  ISMN_SCAN_GlacialRidge                    s2/l6 → s2_l6.npy  shape=(222, 196, 768)  size=66.8MB
  [WRITE]  ISMN_SCAN_GlacialRidge                    s2/l9 → s2_l9.npy  shape=(222, 196, 768)  size=66.8MB
  [WRITE]  ISMN_SCAN_GlacialRidge                    s1_asc/l3 → s1_asc_l3.npy  shape=(127, 196, 768)  size=38.2MB
  [WRITE]  ISMN_SCAN_GlacialRidge                    s1_asc/l6 → s1_asc_l6.npy  shape=(127, 196, 768)  size=38.2MB
  [WRITE]  ISMN_SCAN_GlacialRidge                    s1_asc/l9 → s1_asc_l9.npy  shape=(127, 196, 768)  size=38.2MB
  [WRITE]  ISMN_SCAN_GoodwinCkTimber                 s2/l3 → s2_l3.npy  shape=(258, 196, 768)  size=77.7MB
  [WRITE]  ISMN_SCAN_GoodwinCkTimber                 s2/l6 → s2_l6.npy  shape=(258, 196, 768)  size=77.7MB
  [WRITE]  ISMN_SCAN_GoodwinCkTimber                 s2/l9 → s2_l9.npy  shape=(258, 196, 768)  size=77.7MB
  [WRITE]  ISMN_SCAN_GoodwinCkTimber                 s1_asc/l3 → s1_asc_l3.npy  shape=(514, 196, 768)  size=154.7MB
  [WRITE]  ISMN_SCAN_GoodwinCkTimber                 s1_asc/l6 → s1_asc_l6.npy  shape=(514, 196, 768)  size=154.7MB
  [WRITE]  ISMN_SCAN_GoodwinCkTimber                 s1_asc/l9 → s1_asc_l9.npy  shape=(514, 196, 768)  size=154.7MB
  [WRITE]  ISMN_SCAN_GoodwinCkTimber                 s1_desc/l3 → s1_desc_l3.npy  shape=(12, 196, 768)  size=3.6MB
  [WRITE]  ISMN_SCAN_GoodwinCkTimber                 s1_desc/l6 → s1_desc_l6.npy  shape=(12, 196, 768)  size=3.6MB
  [WRITE]  ISMN_SCAN_GoodwinCkTimber                 s1_desc/l9 → s1_desc_l9.npy  shape=(12, 196, 768)  size=3.6MB
  [WRITE]  ISMN_SCAN_Goshute                         s2/l3 → s2_l3.npy  shape=(202, 196, 768)  size=60.8MB
  [WRITE]  ISMN_SCAN_Goshute                         s2/l6 → s2_l6.npy  shape=(202, 196, 768)  size=60.8MB
  [WRITE]  ISMN_SCAN_Goshute                         s2/l9 → s2_l9.npy  shape=(202, 196, 768)  size=60.8MB
  [WRITE]  ISMN_SCAN_Goshute                         s1_asc/l3 → s1_asc_l3.npy  shape=(211, 196, 768)  size=63.5MB
  [WRITE]  ISMN_SCAN_Goshute                         s1_asc/l6 → s1_asc_l6.npy  shape=(211, 196, 768)  size=63.5MB
  [WRITE]  ISMN_SCAN_Goshute                         s1_asc/l9 → s1_asc_l9.npy  shape=(211, 196, 768)  size=63.5MB
  [WRITE]  ISMN_SCAN_Goshute                         s1_desc/l3 → s1_desc_l3.npy  shape=(20, 196, 768)  size=6.0MB
  [WRITE]  ISMN_SCAN_Goshute                         s1_desc/l6 → s1_desc_l6.npy  shape=(20, 196, 768)  size=6.0MB
  [WRITE]  ISMN_SCAN_Goshute                         s1_desc/l9 → s1_desc_l9.npy  shape=(20, 196, 768)  size=6.0MB
  [WRITE]  ISMN_SCAN_MorrisFarms                     s2/l3 → s2_l3.npy  shape=(90, 196, 768)  size=27.1MB
  [WRITE]  ISMN_SCAN_MorrisFarms                     s2/l6 → s2_l6.npy  shape=(90, 196, 768)  size=27.1MB
  [WRITE]  ISMN_SCAN_MorrisFarms                     s2/l9 → s2_l9.npy  shape=(90, 196, 768)  size=27.1MB
  [WRITE]  ISMN_SCAN_MorrisFarms                     s1_asc/l3 → s1_asc_l3.npy  shape=(88, 196, 768)  size=26.5MB
  [WRITE]  ISMN_SCAN_MorrisFarms                     s1_asc/l6 → s1_asc_l6.npy  shape=(88, 196, 768)  size=26.5MB
  [WRITE]  ISMN_SCAN_MorrisFarms                     s1_asc/l9 → s1_asc_l9.npy  shape=(88, 196, 768)  size=26.5MB
  [WRITE]  ISMN_SCAN_MorrisFarms                     s1_desc/l3 → s1_desc_l3.npy  shape=(3, 196, 768)  size=0.9MB
  [WRITE]  ISMN_SCAN_MorrisFarms                     s1_desc/l6 → s1_desc_l6.npy  shape=(3, 196, 768)  size=0.9MB
  [WRITE]  ISMN_SCAN_MorrisFarms                     s1_desc/l9 → s1_desc_l9.npy  shape=(3, 196, 768)  size=0.9MB
  [WRITE]  ISMN_SCAN_MountainHome                    s2/l3 → s2_l3.npy  shape=(335, 196, 768)  size=100.9MB
  [WRITE]  ISMN_SCAN_MountainHome                    s2/l6 → s2_l6.npy  shape=(335, 196, 768)  size=100.9MB
  [WRITE]  ISMN_SCAN_MountainHome                    s2/l9 → s2_l9.npy  shape=(335, 196, 768)  size=100.9MB
  [WRITE]  ISMN_SCAN_MountainHome                    s1_asc/l3 → s1_asc_l3.npy  shape=(118, 196, 768)  size=35.5MB
  [WRITE]  ISMN_SCAN_MountainHome                    s1_asc/l6 → s1_asc_l6.npy  shape=(118, 196, 768)  size=35.5MB
  [WRITE]  ISMN_SCAN_MountainHome                    s1_asc/l9 → s1_asc_l9.npy  shape=(118, 196, 768)  size=35.5MB
  [WRITE]  ISMN_SCAN_MountainHome                    s1_desc/l3 → s1_desc_l3.npy  shape=(203, 196, 768)  size=61.1MB
  [WRITE]  ISMN_SCAN_MountainHome                    s1_desc/l6 → s1_desc_l6.npy  shape=(203, 196, 768)  size=61.1MB
  [WRITE]  ISMN_SCAN_MountainHome                    s1_desc/l9 → s1_desc_l9.npy  shape=(203, 196, 768)  size=61.1MB
  [WRITE]  ISMN_SCAN_MtVernon                        s2/l3 → s2_l3.npy  shape=(86, 196, 768)  size=25.9MB
  [WRITE]  ISMN_SCAN_MtVernon                        s2/l6 → s2_l6.npy  shape=(86, 196, 768)  size=25.9MB
  [WRITE]  ISMN_SCAN_MtVernon                        s2/l9 → s2_l9.npy  shape=(86, 196, 768)  size=25.9MB
  [WRITE]  ISMN_SCAN_MtVernon                        s1_asc/l3 → s1_asc_l3.npy  shape=(124, 196, 768)  size=37.3MB
  [WRITE]  ISMN_SCAN_MtVernon                        s1_asc/l6 → s1_asc_l6.npy  shape=(124, 196, 768)  size=37.3MB
  [WRITE]  ISMN_SCAN_MtVernon                        s1_asc/l9 → s1_asc_l9.npy  shape=(124, 196, 768)  size=37.3MB
  [WRITE]  ISMN_SCAN_MtVernon                        s1_desc/l3 → s1_desc_l3.npy  shape=(1, 196, 768)  size=0.3MB
  [WRITE]  ISMN_SCAN_MtVernon                        s1_desc/l6 → s1_desc_l6.npy  shape=(1, 196, 768)  size=0.3MB
  [WRITE]  ISMN_SCAN_MtVernon                        s1_desc/l9 → s1_desc_l9.npy  shape=(1, 196, 768)  size=0.3MB
  [WRITE]  ISMN_SCAN_NPiedmontArec                   s2/l3 → s2_l3.npy  shape=(256, 196, 768)  size=77.1MB
  [WRITE]  ISMN_SCAN_NPiedmontArec                   s2/l6 → s2_l6.npy  shape=(256, 196, 768)  size=77.1MB
  [WRITE]  ISMN_SCAN_NPiedmontArec                   s2/l9 → s2_l9.npy  shape=(256, 196, 768)  size=77.1MB
  [WRITE]  ISMN_SCAN_NPiedmontArec                   s1_asc/l3 → s1_asc_l3.npy  shape=(521, 196, 768)  size=156.9MB
  [WRITE]  ISMN_SCAN_NPiedmontArec                   s1_asc/l6 → s1_asc_l6.npy  shape=(521, 196, 768)  size=156.9MB
  [WRITE]  ISMN_SCAN_NPiedmontArec                   s1_asc/l9 → s1_asc_l9.npy  shape=(521, 196, 768)  size=156.9MB
  [WRITE]  ISMN_SCAN_NPiedmontArec                   s1_desc/l3 → s1_desc_l3.npy  shape=(2, 196, 768)  size=0.6MB
  [WRITE]  ISMN_SCAN_NPiedmontArec                   s1_desc/l6 → s1_desc_l6.npy  shape=(2, 196, 768)  size=0.6MB
  [WRITE]  ISMN_SCAN_NPiedmontArec                   s1_desc/l9 → s1_desc_l9.npy  shape=(2, 196, 768)  size=0.6MB
  [WRITE]  ISMN_SCAN_Price                           s2/l3 → s2_l3.npy  shape=(145, 196, 768)  size=43.7MB
  [WRITE]  ISMN_SCAN_Price                           s2/l6 → s2_l6.npy  shape=(145, 196, 768)  size=43.7MB
  [WRITE]  ISMN_SCAN_Price                           s2/l9 → s2_l9.npy  shape=(145, 196, 768)  size=43.7MB
  [WRITE]  ISMN_SCAN_Price                           s1_asc/l3 → s1_asc_l3.npy  shape=(120, 196, 768)  size=36.1MB
  [WRITE]  ISMN_SCAN_Price                           s1_asc/l6 → s1_asc_l6.npy  shape=(120, 196, 768)  size=36.1MB
  [WRITE]  ISMN_SCAN_Price                           s1_asc/l9 → s1_asc_l9.npy  shape=(120, 196, 768)  size=36.1MB
  [WRITE]  ISMN_SCAN_Price                           s1_desc/l3 → s1_desc_l3.npy  shape=(234, 196, 768)  size=70.4MB
  [WRITE]  ISMN_SCAN_Price                           s1_desc/l6 → s1_desc_l6.npy  shape=(234, 196, 768)  size=70.4MB
  [WRITE]  ISMN_SCAN_Price                           s1_desc/l9 → s1_desc_l9.npy  shape=(234, 196, 768)  size=70.4MB
  [WRITE]  ISMN_SCAN_Princeton#1                     s2/l3 → s2_l3.npy  shape=(42, 196, 768)  size=12.6MB
  [WRITE]  ISMN_SCAN_Princeton#1                     s2/l6 → s2_l6.npy  shape=(42, 196, 768)  size=12.6MB
  [WRITE]  ISMN_SCAN_Princeton#1                     s2/l9 → s2_l9.npy  shape=(42, 196, 768)  size=12.6MB
  [WRITE]  ISMN_SCAN_Princeton#1                     s1_asc/l3 → s1_asc_l3.npy  shape=(42, 196, 768)  size=12.6MB
  [WRITE]  ISMN_SCAN_Princeton#1                     s1_asc/l6 → s1_asc_l6.npy  shape=(42, 196, 768)  size=12.6MB
  [WRITE]  ISMN_SCAN_Princeton#1                     s1_asc/l9 → s1_asc_l9.npy  shape=(42, 196, 768)  size=12.6MB
  [WRITE]  ISMN_SCAN_Princeton#1                     s1_desc/l3 → s1_desc_l3.npy  shape=(3, 196, 768)  size=0.9MB
  [WRITE]  ISMN_SCAN_Princeton#1                     s1_desc/l6 → s1_desc_l6.npy  shape=(3, 196, 768)  size=0.9MB
  [WRITE]  ISMN_SCAN_Princeton#1                     s1_desc/l9 → s1_desc_l9.npy  shape=(3, 196, 768)  size=0.9MB
  [WRITE]  ISMN_SCAN_ReeseCenter                     s2/l3 → s2_l3.npy  shape=(80, 196, 768)  size=24.1MB
  [WRITE]  ISMN_SCAN_ReeseCenter                     s2/l6 → s2_l6.npy  shape=(80, 196, 768)  size=24.1MB
  [WRITE]  ISMN_SCAN_ReeseCenter                     s2/l9 → s2_l9.npy  shape=(80, 196, 768)  size=24.1MB
  [WRITE]  ISMN_SCAN_ReeseCenter                     s1_asc/l3 → s1_asc_l3.npy  shape=(240, 196, 768)  size=72.3MB
  [WRITE]  ISMN_SCAN_ReeseCenter                     s1_asc/l6 → s1_asc_l6.npy  shape=(240, 196, 768)  size=72.3MB
  [WRITE]  ISMN_SCAN_ReeseCenter                     s1_asc/l9 → s1_asc_l9.npy  shape=(240, 196, 768)  size=72.3MB
  [WRITE]  ISMN_SCAN_ReynoldsHomestead               s2/l3 → s2_l3.npy  shape=(78, 196, 768)  size=23.5MB
  [WRITE]  ISMN_SCAN_ReynoldsHomestead               s2/l6 → s2_l6.npy  shape=(78, 196, 768)  size=23.5MB
  [WRITE]  ISMN_SCAN_ReynoldsHomestead               s2/l9 → s2_l9.npy  shape=(78, 196, 768)  size=23.5MB
  [WRITE]  ISMN_SCAN_ReynoldsHomestead               s1_asc/l3 → s1_asc_l3.npy  shape=(225, 196, 768)  size=67.7MB
  [WRITE]  ISMN_SCAN_ReynoldsHomestead               s1_asc/l6 → s1_asc_l6.npy  shape=(225, 196, 768)  size=67.7MB
  [WRITE]  ISMN_SCAN_ReynoldsHomestead               s1_asc/l9 → s1_asc_l9.npy  shape=(225, 196, 768)  size=67.7MB
  [WRITE]  ISMN_HOBE_2.11                            s2/l3 → s2_l3.npy  shape=(31, 196, 768)  size=9.3MB
  [WRITE]  ISMN_HOBE_2.11                            s2/l6 → s2_l6.npy  shape=(31, 196, 768)  size=9.3MB
  [WRITE]  ISMN_HOBE_2.11                            s2/l9 → s2_l9.npy  shape=(31, 196, 768)  size=9.3MB
  [WRITE]  ISMN_HOBE_2.11                            s1_asc/l3 → s1_asc_l3.npy  shape=(305, 196, 768)  size=91.8MB
  [WRITE]  ISMN_HOBE_2.11                            s1_asc/l6 → s1_asc_l6.npy  shape=(305, 196, 768)  size=91.8MB
  [WRITE]  ISMN_HOBE_2.11                            s1_asc/l9 → s1_asc_l9.npy  shape=(305, 196, 768)  size=91.8MB
  [WRITE]  ISMN_HOBE_2.11                            s1_desc/l3 → s1_desc_l3.npy  shape=(306, 196, 768)  size=92.1MB
  [WRITE]  ISMN_HOBE_2.11                            s1_desc/l6 → s1_desc_l6.npy  shape=(306, 196, 768)  size=92.1MB
  [WRITE]  ISMN_HOBE_2.11                            s1_desc/l9 → s1_desc_l9.npy  shape=(306, 196, 768)  size=92.1MB
  [WRITE]  ISMN_HOBE_3.06                            s2/l3 → s2_l3.npy  shape=(72, 196, 768)  size=21.7MB
  [WRITE]  ISMN_HOBE_3.06                            s2/l6 → s2_l6.npy  shape=(72, 196, 768)  size=21.7MB
  [WRITE]  ISMN_HOBE_3.06                            s2/l9 → s2_l9.npy  shape=(72, 196, 768)  size=21.7MB
  [WRITE]  ISMN_HOBE_3.06                            s1_asc/l3 → s1_asc_l3.npy  shape=(305, 196, 768)  size=91.8MB
  [WRITE]  ISMN_HOBE_3.06                            s1_asc/l6 → s1_asc_l6.npy  shape=(305, 196, 768)  size=91.8MB
  [WRITE]  ISMN_HOBE_3.06                            s1_asc/l9 → s1_asc_l9.npy  shape=(305, 196, 768)  size=91.8MB
  [WRITE]  ISMN_HOBE_3.06                            s1_desc/l3 → s1_desc_l3.npy  shape=(306, 196, 768)  size=92.1MB
  [WRITE]  ISMN_HOBE_3.06                            s1_desc/l6 → s1_desc_l6.npy  shape=(306, 196, 768)  size=92.1MB
  [WRITE]  ISMN_HOBE_3.06                            s1_desc/l9 → s1_desc_l9.npy  shape=(306, 196, 768)  size=92.1MB
  [WRITE]  ISMN_LAB-net_OromoCalibrationSite         s2/l3 → s2_l3.npy  shape=(21, 196, 768)  size=6.3MB
  [WRITE]  ISMN_LAB-net_OromoCalibrationSite         s2/l6 → s2_l6.npy  shape=(21, 196, 768)  size=6.3MB
  [WRITE]  ISMN_LAB-net_OromoCalibrationSite         s2/l9 → s2_l9.npy  shape=(21, 196, 768)  size=6.3MB
  [WRITE]  ISMN_LAB-net_OromoCalibrationSite         s1_asc/l3 → s1_asc_l3.npy  shape=(5, 196, 768)  size=1.5MB
  [WRITE]  ISMN_LAB-net_OromoCalibrationSite         s1_asc/l6 → s1_asc_l6.npy  shape=(5, 196, 768)  size=1.5MB
  [WRITE]  ISMN_LAB-net_OromoCalibrationSite         s1_asc/l9 → s1_asc_l9.npy  shape=(5, 196, 768)  size=1.5MB
  [WRITE]  ISMN_LAB-net_OromoCalibrationSite         s1_desc/l3 → s1_desc_l3.npy  shape=(35, 196, 768)  size=10.5MB
  [WRITE]  ISMN_LAB-net_OromoCalibrationSite         s1_desc/l6 → s1_desc_l6.npy  shape=(35, 196, 768)  size=10.5MB
  [WRITE]  ISMN_LAB-net_OromoCalibrationSite         s1_desc/l9 → s1_desc_l9.npy  shape=(35, 196, 768)  size=10.5MB
  [WRITE]  ISMN_LABFLUX_Bussolenobosco               s2/l3 → s2_l3.npy  shape=(103, 196, 768)  size=31.0MB
  [WRITE]  ISMN_LABFLUX_Bussolenobosco               s2/l6 → s2_l6.npy  shape=(103, 196, 768)  size=31.0MB
  [WRITE]  ISMN_LABFLUX_Bussolenobosco               s2/l9 → s2_l9.npy  shape=(103, 196, 768)  size=31.0MB
  [WRITE]  ISMN_LABFLUX_Bussolenobosco               s1_asc/l3 → s1_asc_l3.npy  shape=(151, 196, 768)  size=45.5MB
  [WRITE]  ISMN_LABFLUX_Bussolenobosco               s1_asc/l6 → s1_asc_l6.npy  shape=(151, 196, 768)  size=45.5MB
  [WRITE]  ISMN_LABFLUX_Bussolenobosco               s1_asc/l9 → s1_asc_l9.npy  shape=(151, 196, 768)  size=45.5MB
  [WRITE]  ISMN_LABFLUX_Bussolenobosco               s1_desc/l3 → s1_desc_l3.npy  shape=(370, 196, 768)  size=111.4MB
  [WRITE]  ISMN_LABFLUX_Bussolenobosco               s1_desc/l6 → s1_desc_l6.npy  shape=(370, 196, 768)  size=111.4MB
  [WRITE]  ISMN_LABFLUX_Bussolenobosco               s1_desc/l9 → s1_desc_l9.npy  shape=(370, 196, 768)  size=111.4MB
  [WRITE]  ISMN_LABFLUX_Nivolet                      s2/l3 → s2_l3.npy  shape=(121, 196, 768)  size=36.4MB
  [WRITE]  ISMN_LABFLUX_Nivolet                      s2/l6 → s2_l6.npy  shape=(121, 196, 768)  size=36.4MB
  [WRITE]  ISMN_LABFLUX_Nivolet                      s2/l9 → s2_l9.npy  shape=(121, 196, 768)  size=36.4MB
  [WRITE]  ISMN_LABFLUX_Nivolet                      s1_asc/l3 → s1_asc_l3.npy  shape=(228, 196, 768)  size=68.6MB
  [WRITE]  ISMN_LABFLUX_Nivolet                      s1_asc/l6 → s1_asc_l6.npy  shape=(228, 196, 768)  size=68.6MB
  [WRITE]  ISMN_LABFLUX_Nivolet                      s1_asc/l9 → s1_asc_l9.npy  shape=(228, 196, 768)  size=68.6MB
  [WRITE]  ISMN_LABFLUX_Nivolet                      s1_desc/l3 → s1_desc_l3.npy  shape=(465, 196, 768)  size=140.0MB
  [WRITE]  ISMN_LABFLUX_Nivolet                      s1_desc/l6 → s1_desc_l6.npy  shape=(465, 196, 768)  size=140.0MB
  [WRITE]  ISMN_LABFLUX_Nivolet                      s1_desc/l9 → s1_desc_l9.npy  shape=(465, 196, 768)  size=140.0MB
  [WRITE]  ISMN_MOL-RAO_Falkenberg                   s2/l3 → s2_l3.npy  shape=(105, 196, 768)  size=31.6MB
  [WRITE]  ISMN_MOL-RAO_Falkenberg                   s2/l6 → s2_l6.npy  shape=(105, 196, 768)  size=31.6MB
  [WRITE]  ISMN_MOL-RAO_Falkenberg                   s2/l9 → s2_l9.npy  shape=(105, 196, 768)  size=31.6MB
  [WRITE]  ISMN_MOL-RAO_Falkenberg                   s1_asc/l3 → s1_asc_l3.npy  shape=(492, 196, 768)  size=148.1MB
  [WRITE]  ISMN_MOL-RAO_Falkenberg                   s1_asc/l6 → s1_asc_l6.npy  shape=(492, 196, 768)  size=148.1MB
  [WRITE]  ISMN_MOL-RAO_Falkenberg                   s1_asc/l9 → s1_asc_l9.npy  shape=(492, 196, 768)  size=148.1MB
  [WRITE]  ISMN_MOL-RAO_Falkenberg                   s1_desc/l3 → s1_desc_l3.npy  shape=(241, 196, 768)  size=72.6MB
  [WRITE]  ISMN_MOL-RAO_Falkenberg                   s1_desc/l6 → s1_desc_l6.npy  shape=(241, 196, 768)  size=72.6MB
  [WRITE]  ISMN_MOL-RAO_Falkenberg                   s1_desc/l9 → s1_desc_l9.npy  shape=(241, 196, 768)  size=72.6MB
  [WRITE]  ISMN_NAQU_NQKema                          s2/l3 → s2_l3.npy  shape=(29, 196, 768)  size=8.7MB
  [WRITE]  ISMN_NAQU_NQKema                          s2/l6 → s2_l6.npy  shape=(29, 196, 768)  size=8.7MB
  [WRITE]  ISMN_NAQU_NQKema                          s2/l9 → s2_l9.npy  shape=(29, 196, 768)  size=8.7MB
  [WRITE]  ISMN_NAQU_NQKema                          s1_asc/l3 → s1_asc_l3.npy  shape=(84, 196, 768)  size=25.3MB
  [WRITE]  ISMN_NAQU_NQKema                          s1_asc/l6 → s1_asc_l6.npy  shape=(84, 196, 768)  size=25.3MB
  [WRITE]  ISMN_NAQU_NQKema                          s1_asc/l9 → s1_asc_l9.npy  shape=(84, 196, 768)  size=25.3MB
  [WRITE]  ISMN_NAQU_NQKema                          s1_desc/l3 → s1_desc_l3.npy  shape=(39, 196, 768)  size=11.7MB
  [WRITE]  ISMN_NAQU_NQKema                          s1_desc/l6 → s1_desc_l6.npy  shape=(39, 196, 768)  size=11.7MB
  [WRITE]  ISMN_NAQU_NQKema                          s1_desc/l9 → s1_desc_l9.npy  shape=(39, 196, 768)  size=11.7MB
  [WRITE]  ISMN_NAQU_NQMS                            s2/l3 → s2_l3.npy  shape=(36, 196, 768)  size=10.8MB
  [WRITE]  ISMN_NAQU_NQMS                            s2/l6 → s2_l6.npy  shape=(36, 196, 768)  size=10.8MB
  [WRITE]  ISMN_NAQU_NQMS                            s2/l9 → s2_l9.npy  shape=(36, 196, 768)  size=10.8MB
  [WRITE]  ISMN_NAQU_NQMS                            s1_asc/l3 → s1_asc_l3.npy  shape=(84, 196, 768)  size=25.3MB
  [WRITE]  ISMN_NAQU_NQMS                            s1_asc/l6 → s1_asc_l6.npy  shape=(84, 196, 768)  size=25.3MB
  [WRITE]  ISMN_NAQU_NQMS                            s1_asc/l9 → s1_asc_l9.npy  shape=(84, 196, 768)  size=25.3MB
  [WRITE]  ISMN_NAQU_NQMS                            s1_desc/l3 → s1_desc_l3.npy  shape=(39, 196, 768)  size=11.7MB
  [WRITE]  ISMN_NAQU_NQMS                            s1_desc/l6 → s1_desc_l6.npy  shape=(39, 196, 768)  size=11.7MB
  [WRITE]  ISMN_NAQU_NQMS                            s1_desc/l9 → s1_desc_l9.npy  shape=(39, 196, 768)  size=11.7MB
  [WRITE]  ISMN_SCAN_Nacogdoches                     s2/l3 → s2_l3.npy  shape=(237, 196, 768)  size=71.4MB
  [WRITE]  ISMN_SCAN_Nacogdoches                     s2/l6 → s2_l6.npy  shape=(237, 196, 768)  size=71.4MB
  [WRITE]  ISMN_SCAN_Nacogdoches                     s2/l9 → s2_l9.npy  shape=(237, 196, 768)  size=71.4MB
  [WRITE]  ISMN_SCAN_Nacogdoches                     s1_asc/l3 → s1_asc_l3.npy  shape=(112, 196, 768)  size=33.7MB
  [WRITE]  ISMN_SCAN_Nacogdoches                     s1_asc/l6 → s1_asc_l6.npy  shape=(112, 196, 768)  size=33.7MB
  [WRITE]  ISMN_SCAN_Nacogdoches                     s1_asc/l9 → s1_asc_l9.npy  shape=(112, 196, 768)  size=33.7MB
  [WRITE]  ISMN_SCAN_Nacogdoches                     s1_desc/l3 → s1_desc_l3.npy  shape=(2, 196, 768)  size=0.6MB
  [WRITE]  ISMN_SCAN_Nacogdoches                     s1_desc/l6 → s1_desc_l6.npy  shape=(2, 196, 768)  size=0.6MB
  [WRITE]  ISMN_SCAN_Nacogdoches                     s1_desc/l9 → s1_desc_l9.npy  shape=(2, 196, 768)  size=0.6MB
  [WRITE]  ISMN_SCAN_Nephi                           s2/l3 → s2_l3.npy  shape=(300, 196, 768)  size=90.3MB
  [WRITE]  ISMN_SCAN_Nephi                           s2/l6 → s2_l6.npy  shape=(300, 196, 768)  size=90.3MB
  [WRITE]  ISMN_SCAN_Nephi                           s2/l9 → s2_l9.npy  shape=(300, 196, 768)  size=90.3MB
  [WRITE]  ISMN_SCAN_Nephi                           s1_asc/l3 → s1_asc_l3.npy  shape=(253, 196, 768)  size=76.2MB
  [WRITE]  ISMN_SCAN_Nephi                           s1_asc/l6 → s1_asc_l6.npy  shape=(253, 196, 768)  size=76.2MB
  [WRITE]  ISMN_SCAN_Nephi                           s1_asc/l9 → s1_asc_l9.npy  shape=(253, 196, 768)  size=76.2MB
  [WRITE]  ISMN_SCAN_Nephi                           s1_desc/l3 → s1_desc_l3.npy  shape=(235, 196, 768)  size=70.7MB
  [WRITE]  ISMN_SCAN_Nephi                           s1_desc/l6 → s1_desc_l6.npy  shape=(235, 196, 768)  size=70.7MB
  [WRITE]  ISMN_SCAN_Nephi                           s1_desc/l9 → s1_desc_l9.npy  shape=(235, 196, 768)  size=70.7MB
  [WRITE]  ISMN_SCAN_NorthIssaquena                  s2/l3 → s2_l3.npy  shape=(119, 196, 768)  size=35.8MB
  [WRITE]  ISMN_SCAN_NorthIssaquena                  s2/l6 → s2_l6.npy  shape=(119, 196, 768)  size=35.8MB
  [WRITE]  ISMN_SCAN_NorthIssaquena                  s2/l9 → s2_l9.npy  shape=(119, 196, 768)  size=35.8MB
  [WRITE]  ISMN_SCAN_NorthIssaquena                  s1_asc/l3 → s1_asc_l3.npy  shape=(137, 196, 768)  size=41.2MB
  [WRITE]  ISMN_SCAN_NorthIssaquena                  s1_asc/l6 → s1_asc_l6.npy  shape=(137, 196, 768)  size=41.2MB
  [WRITE]  ISMN_SCAN_NorthIssaquena                  s1_asc/l9 → s1_asc_l9.npy  shape=(137, 196, 768)  size=41.2MB
  [WRITE]  ISMN_SCAN_NorthIssaquena                  s1_desc/l3 → s1_desc_l3.npy  shape=(7, 196, 768)  size=2.1MB
  [WRITE]  ISMN_SCAN_NorthIssaquena                  s1_desc/l6 → s1_desc_l6.npy  shape=(7, 196, 768)  size=2.1MB
  [WRITE]  ISMN_SCAN_NorthIssaquena                  s1_desc/l9 → s1_desc_l9.npy  shape=(7, 196, 768)  size=2.1MB
  [WRITE]  ISMN_SCAN_Nunn#1                          s2/l3 → s2_l3.npy  shape=(326, 196, 768)  size=98.1MB
  [WRITE]  ISMN_SCAN_Nunn#1                          s2/l6 → s2_l6.npy  shape=(326, 196, 768)  size=98.1MB
  [WRITE]  ISMN_SCAN_Nunn#1                          s2/l9 → s2_l9.npy  shape=(326, 196, 768)  size=98.1MB
  [WRITE]  ISMN_SCAN_Nunn#1                          s1_asc/l3 → s1_asc_l3.npy  shape=(109, 196, 768)  size=32.8MB
  [WRITE]  ISMN_SCAN_Nunn#1                          s1_asc/l6 → s1_asc_l6.npy  shape=(109, 196, 768)  size=32.8MB
  [WRITE]  ISMN_SCAN_Nunn#1                          s1_asc/l9 → s1_asc_l9.npy  shape=(109, 196, 768)  size=32.8MB
  [WRITE]  ISMN_SCAN_Nunn#1                          s1_desc/l3 → s1_desc_l3.npy  shape=(227, 196, 768)  size=68.3MB
  [WRITE]  ISMN_SCAN_Nunn#1                          s1_desc/l6 → s1_desc_l6.npy  shape=(227, 196, 768)  size=68.3MB
  [WRITE]  ISMN_SCAN_Nunn#1                          s1_desc/l9 → s1_desc_l9.npy  shape=(227, 196, 768)  size=68.3MB
  [WRITE]  ISMN_SCAN_PeeDee                          s2/l3 → s2_l3.npy  shape=(237, 196, 768)  size=71.4MB
  [WRITE]  ISMN_SCAN_PeeDee                          s2/l6 → s2_l6.npy  shape=(237, 196, 768)  size=71.4MB
  [WRITE]  ISMN_SCAN_PeeDee                          s2/l9 → s2_l9.npy  shape=(237, 196, 768)  size=71.4MB
  [WRITE]  ISMN_SCAN_PeeDee                          s1_asc/l3 → s1_asc_l3.npy  shape=(389, 196, 768)  size=117.1MB
  [WRITE]  ISMN_SCAN_PeeDee                          s1_asc/l6 → s1_asc_l6.npy  shape=(389, 196, 768)  size=117.1MB
  [WRITE]  ISMN_SCAN_PeeDee                          s1_asc/l9 → s1_asc_l9.npy  shape=(389, 196, 768)  size=117.1MB
  [WRITE]  ISMN_SCAN_PeeDee                          s1_desc/l3 → s1_desc_l3.npy  shape=(6, 196, 768)  size=1.8MB
  [WRITE]  ISMN_SCAN_PeeDee                          s1_desc/l6 → s1_desc_l6.npy  shape=(6, 196, 768)  size=1.8MB
  [WRITE]  ISMN_SCAN_PeeDee                          s1_desc/l9 → s1_desc_l9.npy  shape=(6, 196, 768)  size=1.8MB
  [WRITE]  ISMN_SCAN_PerdidoRivFarms                 s2/l3 → s2_l3.npy  shape=(170, 196, 768)  size=51.2MB
  [WRITE]  ISMN_SCAN_PerdidoRivFarms                 s2/l6 → s2_l6.npy  shape=(170, 196, 768)  size=51.2MB
  [WRITE]  ISMN_SCAN_PerdidoRivFarms                 s2/l9 → s2_l9.npy  shape=(170, 196, 768)  size=51.2MB
  [WRITE]  ISMN_SCAN_PerdidoRivFarms                 s1_asc/l3 → s1_asc_l3.npy  shape=(108, 196, 768)  size=32.5MB
  [WRITE]  ISMN_SCAN_PerdidoRivFarms                 s1_asc/l6 → s1_asc_l6.npy  shape=(108, 196, 768)  size=32.5MB
  [WRITE]  ISMN_SCAN_PerdidoRivFarms                 s1_asc/l9 → s1_asc_l9.npy  shape=(108, 196, 768)  size=32.5MB
  [WRITE]  ISMN_SCAN_PerdidoRivFarms                 s1_desc/l3 → s1_desc_l3.npy  shape=(2, 196, 768)  size=0.6MB
  [WRITE]  ISMN_SCAN_PerdidoRivFarms                 s1_desc/l6 → s1_desc_l6.npy  shape=(2, 196, 768)  size=0.6MB
  [WRITE]  ISMN_SCAN_PerdidoRivFarms                 s1_desc/l9 → s1_desc_l9.npy  shape=(2, 196, 768)  size=0.6MB
  [WRITE]  ISMN_SCAN_Perthshire                      s2/l3 → s2_l3.npy  shape=(140, 196, 768)  size=42.1MB
  [WRITE]  ISMN_SCAN_Perthshire                      s2/l6 → s2_l6.npy  shape=(140, 196, 768)  size=42.1MB
  [WRITE]  ISMN_SCAN_Perthshire                      s2/l9 → s2_l9.npy  shape=(140, 196, 768)  size=42.1MB
  [WRITE]  ISMN_SCAN_Perthshire                      s1_asc/l3 → s1_asc_l3.npy  shape=(143, 196, 768)  size=43.1MB
  [WRITE]  ISMN_SCAN_Perthshire                      s1_asc/l6 → s1_asc_l6.npy  shape=(143, 196, 768)  size=43.1MB
  [WRITE]  ISMN_SCAN_Perthshire                      s1_asc/l9 → s1_asc_l9.npy  shape=(143, 196, 768)  size=43.1MB
  [WRITE]  ISMN_SCAN_Perthshire                      s1_desc/l3 → s1_desc_l3.npy  shape=(4, 196, 768)  size=1.2MB
  [WRITE]  ISMN_SCAN_Perthshire                      s1_desc/l6 → s1_desc_l6.npy  shape=(4, 196, 768)  size=1.2MB
  [WRITE]  ISMN_SCAN_Perthshire                      s1_desc/l9 → s1_desc_l9.npy  shape=(4, 196, 768)  size=1.2MB
  [WRITE]  ISMN_SCAN_Phillipsburg                    s2/l3 → s2_l3.npy  shape=(281, 196, 768)  size=84.6MB
  [WRITE]  ISMN_SCAN_Phillipsburg                    s2/l6 → s2_l6.npy  shape=(281, 196, 768)  size=84.6MB
  [WRITE]  ISMN_SCAN_Phillipsburg                    s2/l9 → s2_l9.npy  shape=(281, 196, 768)  size=84.6MB
  [WRITE]  ISMN_SCAN_Phillipsburg                    s1_asc/l3 → s1_asc_l3.npy  shape=(530, 196, 768)  size=159.6MB
  [WRITE]  ISMN_SCAN_Phillipsburg                    s1_asc/l6 → s1_asc_l6.npy  shape=(530, 196, 768)  size=159.6MB
  [WRITE]  ISMN_SCAN_Phillipsburg                    s1_asc/l9 → s1_asc_l9.npy  shape=(530, 196, 768)  size=159.6MB
  [WRITE]  ISMN_SCAN_Phillipsburg                    s1_desc/l3 → s1_desc_l3.npy  shape=(99, 196, 768)  size=29.8MB
  [WRITE]  ISMN_SCAN_Phillipsburg                    s1_desc/l6 → s1_desc_l6.npy  shape=(99, 196, 768)  size=29.8MB
  [WRITE]  ISMN_SCAN_Phillipsburg                    s1_desc/l9 → s1_desc_l9.npy  shape=(99, 196, 768)  size=29.8MB
  [WRITE]  ISMN_SCAN_Enterprise                      s2/l3 → s2_l3.npy  shape=(322, 196, 768)  size=96.9MB
  [WRITE]  ISMN_SCAN_Enterprise                      s2/l6 → s2_l6.npy  shape=(322, 196, 768)  size=96.9MB
  [WRITE]  ISMN_SCAN_Enterprise                      s2/l9 → s2_l9.npy  shape=(322, 196, 768)  size=96.9MB
  [WRITE]  ISMN_SCAN_Enterprise                      s1_asc/l3 → s1_asc_l3.npy  shape=(80, 196, 768)  size=24.1MB
  [WRITE]  ISMN_SCAN_Enterprise                      s1_asc/l6 → s1_asc_l6.npy  shape=(80, 196, 768)  size=24.1MB
  [WRITE]  ISMN_SCAN_Enterprise                      s1_asc/l9 → s1_asc_l9.npy  shape=(80, 196, 768)  size=24.1MB
  [WRITE]  ISMN_SCAN_Enterprise                      s1_desc/l3 → s1_desc_l3.npy  shape=(494, 196, 768)  size=148.7MB
  [WRITE]  ISMN_SCAN_Enterprise                      s1_desc/l6 → s1_desc_l6.npy  shape=(494, 196, 768)  size=148.7MB
  [WRITE]  ISMN_SCAN_Enterprise                      s1_desc/l9 → s1_desc_l9.npy  shape=(494, 196, 768)  size=148.7MB
  [WRITE]  ISMN_SCAN_Ephraim                         s2/l3 → s2_l3.npy  shape=(222, 196, 768)  size=66.8MB
  [WRITE]  ISMN_SCAN_Ephraim                         s2/l6 → s2_l6.npy  shape=(222, 196, 768)  size=66.8MB
  [WRITE]  ISMN_SCAN_Ephraim                         s2/l9 → s2_l9.npy  shape=(222, 196, 768)  size=66.8MB
  [WRITE]  ISMN_SCAN_Ephraim                         s1_asc/l3 → s1_asc_l3.npy  shape=(254, 196, 768)  size=76.5MB
  [WRITE]  ISMN_SCAN_Ephraim                         s1_asc/l6 → s1_asc_l6.npy  shape=(254, 196, 768)  size=76.5MB
  [WRITE]  ISMN_SCAN_Ephraim                         s1_asc/l9 → s1_asc_l9.npy  shape=(254, 196, 768)  size=76.5MB
  [WRITE]  ISMN_SCAN_Ephraim                         s1_desc/l3 → s1_desc_l3.npy  shape=(303, 196, 768)  size=91.2MB
  [WRITE]  ISMN_SCAN_Ephraim                         s1_desc/l6 → s1_desc_l6.npy  shape=(303, 196, 768)  size=91.2MB
  [WRITE]  ISMN_SCAN_Ephraim                         s1_desc/l9 → s1_desc_l9.npy  shape=(303, 196, 768)  size=91.2MB
  [WRITE]  ISMN_SCAN_ErosDataCenter                  s2/l3 → s2_l3.npy  shape=(219, 196, 768)  size=65.9MB
  [WRITE]  ISMN_SCAN_ErosDataCenter                  s2/l6 → s2_l6.npy  shape=(219, 196, 768)  size=65.9MB
  [WRITE]  ISMN_SCAN_ErosDataCenter                  s2/l9 → s2_l9.npy  shape=(219, 196, 768)  size=65.9MB
  [WRITE]  ISMN_SCAN_ErosDataCenter                  s1_asc/l3 → s1_asc_l3.npy  shape=(165, 196, 768)  size=49.7MB
  [WRITE]  ISMN_SCAN_ErosDataCenter                  s1_asc/l6 → s1_asc_l6.npy  shape=(165, 196, 768)  size=49.7MB
  [WRITE]  ISMN_SCAN_ErosDataCenter                  s1_asc/l9 → s1_asc_l9.npy  shape=(165, 196, 768)  size=49.7MB
  [WRITE]  ISMN_SCAN_EvergladesARS                   s2/l3 → s2_l3.npy  shape=(75, 196, 768)  size=22.6MB
  [WRITE]  ISMN_SCAN_EvergladesARS                   s2/l6 → s2_l6.npy  shape=(75, 196, 768)  size=22.6MB
  [WRITE]  ISMN_SCAN_EvergladesARS                   s2/l9 → s2_l9.npy  shape=(75, 196, 768)  size=22.6MB
  [WRITE]  ISMN_SCAN_EvergladesARS                   s1_asc/l3 → s1_asc_l3.npy  shape=(102, 196, 768)  size=30.7MB
  [WRITE]  ISMN_SCAN_EvergladesARS                   s1_asc/l6 → s1_asc_l6.npy  shape=(102, 196, 768)  size=30.7MB
  [WRITE]  ISMN_SCAN_EvergladesARS                   s1_asc/l9 → s1_asc_l9.npy  shape=(102, 196, 768)  size=30.7MB
  [WRITE]  ISMN_SCAN_EvergladesARS                   s1_desc/l3 → s1_desc_l3.npy  shape=(3, 196, 768)  size=0.9MB
  [WRITE]  ISMN_SCAN_EvergladesARS                   s1_desc/l6 → s1_desc_l6.npy  shape=(3, 196, 768)  size=0.9MB
  [WRITE]  ISMN_SCAN_EvergladesARS                   s1_desc/l9 → s1_desc_l9.npy  shape=(3, 196, 768)  size=0.9MB
  [WRITE]  ISMN_Berlin_PSA14wiltinger                s2/l3 → s2_l3.npy  shape=(125, 196, 768)  size=37.6MB
  [WRITE]  ISMN_Berlin_PSA14wiltinger                s2/l6 → s2_l6.npy  shape=(125, 196, 768)  size=37.6MB
  [WRITE]  ISMN_Berlin_PSA14wiltinger                s2/l9 → s2_l9.npy  shape=(125, 196, 768)  size=37.6MB
  [WRITE]  ISMN_Berlin_PSA14wiltinger                s1_asc/l3 → s1_asc_l3.npy  shape=(219, 196, 768)  size=65.9MB
  [WRITE]  ISMN_Berlin_PSA14wiltinger                s1_asc/l6 → s1_asc_l6.npy  shape=(219, 196, 768)  size=65.9MB
  [WRITE]  ISMN_Berlin_PSA14wiltinger                s1_asc/l9 → s1_asc_l9.npy  shape=(219, 196, 768)  size=65.9MB
  [WRITE]  ISMN_Berlin_PSA14wiltinger                s1_desc/l3 → s1_desc_l3.npy  shape=(228, 196, 768)  size=68.6MB
  [WRITE]  ISMN_Berlin_PSA14wiltinger                s1_desc/l6 → s1_desc_l6.npy  shape=(228, 196, 768)  size=68.6MB
  [WRITE]  ISMN_Berlin_PSA14wiltinger                s1_desc/l9 → s1_desc_l9.npy  shape=(228, 196, 768)  size=68.6MB
  [WRITE]  ISMN_Berlin_PSA15bucherchaus              s2/l3 → s2_l3.npy  shape=(123, 196, 768)  size=37.0MB
  [WRITE]  ISMN_Berlin_PSA15bucherchaus              s2/l6 → s2_l6.npy  shape=(123, 196, 768)  size=37.0MB
  [WRITE]  ISMN_Berlin_PSA15bucherchaus              s2/l9 → s2_l9.npy  shape=(123, 196, 768)  size=37.0MB
  [WRITE]  ISMN_Berlin_PSA15bucherchaus              s1_asc/l3 → s1_asc_l3.npy  shape=(219, 196, 768)  size=65.9MB
  [WRITE]  ISMN_Berlin_PSA15bucherchaus              s1_asc/l6 → s1_asc_l6.npy  shape=(219, 196, 768)  size=65.9MB
  [WRITE]  ISMN_Berlin_PSA15bucherchaus              s1_asc/l9 → s1_asc_l9.npy  shape=(219, 196, 768)  size=65.9MB
  [WRITE]  ISMN_Berlin_PSA15bucherchaus              s1_desc/l3 → s1_desc_l3.npy  shape=(228, 196, 768)  size=68.6MB
  [WRITE]  ISMN_Berlin_PSA15bucherchaus              s1_desc/l6 → s1_desc_l6.npy  shape=(228, 196, 768)  size=68.6MB
  [WRITE]  ISMN_Berlin_PSA15bucherchaus              s1_desc/l9 → s1_desc_l9.npy  shape=(228, 196, 768)  size=68.6MB
  [WRITE]  ISMN_Berlin_PSA16krugwiesen               s2/l3 → s2_l3.npy  shape=(107, 196, 768)  size=32.2MB
  [WRITE]  ISMN_Berlin_PSA16krugwiesen               s2/l6 → s2_l6.npy  shape=(107, 196, 768)  size=32.2MB
  [WRITE]  ISMN_Berlin_PSA16krugwiesen               s2/l9 → s2_l9.npy  shape=(107, 196, 768)  size=32.2MB
  [WRITE]  ISMN_Berlin_PSA16krugwiesen               s1_asc/l3 → s1_asc_l3.npy  shape=(219, 196, 768)  size=65.9MB
  [WRITE]  ISMN_Berlin_PSA16krugwiesen               s1_asc/l6 → s1_asc_l6.npy  shape=(219, 196, 768)  size=65.9MB
  [WRITE]  ISMN_Berlin_PSA16krugwiesen               s1_asc/l9 → s1_asc_l9.npy  shape=(219, 196, 768)  size=65.9MB
  [WRITE]  ISMN_Berlin_PSA16krugwiesen               s1_desc/l3 → s1_desc_l3.npy  shape=(228, 196, 768)  size=68.6MB
  [WRITE]  ISMN_Berlin_PSA16krugwiesen               s1_desc/l6 → s1_desc_l6.npy  shape=(228, 196, 768)  size=68.6MB
  [WRITE]  ISMN_Berlin_PSA16krugwiesen               s1_desc/l9 → s1_desc_l9.npy  shape=(228, 196, 768)  size=68.6MB
  [WRITE]  ISMN_Berlin_PSA17suedpark                 s2/l3 → s2_l3.npy  shape=(112, 196, 768)  size=33.7MB
  [WRITE]  ISMN_Berlin_PSA17suedpark                 s2/l6 → s2_l6.npy  shape=(112, 196, 768)  size=33.7MB
  [WRITE]  ISMN_Berlin_PSA17suedpark                 s2/l9 → s2_l9.npy  shape=(112, 196, 768)  size=33.7MB
  [WRITE]  ISMN_Berlin_PSA17suedpark                 s1_asc/l3 → s1_asc_l3.npy  shape=(219, 196, 768)  size=65.9MB
  [WRITE]  ISMN_Berlin_PSA17suedpark                 s1_asc/l6 → s1_asc_l6.npy  shape=(219, 196, 768)  size=65.9MB
  [WRITE]  ISMN_Berlin_PSA17suedpark                 s1_asc/l9 → s1_asc_l9.npy  shape=(219, 196, 768)  size=65.9MB
  [WRITE]  ISMN_Berlin_PSA17suedpark                 s1_desc/l3 → s1_desc_l3.npy  shape=(229, 196, 768)  size=68.9MB
  [WRITE]  ISMN_Berlin_PSA17suedpark                 s1_desc/l6 → s1_desc_l6.npy  shape=(229, 196, 768)  size=68.9MB
  [WRITE]  ISMN_Berlin_PSA17suedpark                 s1_desc/l9 → s1_desc_l9.npy  shape=(229, 196, 768)  size=68.9MB
  [WRITE]  ISMN_ARM_Byron                            s2/l3 → s2_l3.npy  shape=(350, 196, 768)  size=105.4MB
  [WRITE]  ISMN_ARM_Byron                            s2/l6 → s2_l6.npy  shape=(350, 196, 768)  size=105.4MB
  [WRITE]  ISMN_ARM_Byron                            s2/l9 → s2_l9.npy  shape=(350, 196, 768)  size=105.4MB
  [WRITE]  ISMN_ARM_Byron                            s1_asc/l3 → s1_asc_l3.npy  shape=(407, 196, 768)  size=122.5MB
  [WRITE]  ISMN_ARM_Byron                            s1_asc/l6 → s1_asc_l6.npy  shape=(407, 196, 768)  size=122.5MB
  [WRITE]  ISMN_ARM_Byron                            s1_asc/l9 → s1_asc_l9.npy  shape=(407, 196, 768)  size=122.5MB
  [WRITE]  ISMN_ARM_Lamont-CF1                       s2/l3 → s2_l3.npy  shape=(321, 196, 768)  size=96.6MB
  [WRITE]  ISMN_ARM_Lamont-CF1                       s2/l6 → s2_l6.npy  shape=(321, 196, 768)  size=96.6MB
  [WRITE]  ISMN_ARM_Lamont-CF1                       s2/l9 → s2_l9.npy  shape=(321, 196, 768)  size=96.6MB
  [WRITE]  ISMN_ARM_Lamont-CF1                       s1_asc/l3 → s1_asc_l3.npy  shape=(375, 196, 768)  size=112.9MB
  [WRITE]  ISMN_ARM_Lamont-CF1                       s1_asc/l6 → s1_asc_l6.npy  shape=(375, 196, 768)  size=112.9MB
  [WRITE]  ISMN_ARM_Lamont-CF1                       s1_asc/l9 → s1_asc_l9.npy  shape=(375, 196, 768)  size=112.9MB
  [WRITE]  ISMN_ARM_Lamont-CF2                       s2/l3 → s2_l3.npy  shape=(169, 196, 768)  size=50.9MB
  [WRITE]  ISMN_ARM_Lamont-CF2                       s2/l6 → s2_l6.npy  shape=(169, 196, 768)  size=50.9MB
  [WRITE]  ISMN_ARM_Lamont-CF2                       s2/l9 → s2_l9.npy  shape=(169, 196, 768)  size=50.9MB
  [WRITE]  ISMN_ARM_Lamont-CF2                       s1_asc/l3 → s1_asc_l3.npy  shape=(138, 196, 768)  size=41.5MB
  [WRITE]  ISMN_ARM_Lamont-CF2                       s1_asc/l6 → s1_asc_l6.npy  shape=(138, 196, 768)  size=41.5MB
  [WRITE]  ISMN_ARM_Lamont-CF2                       s1_asc/l9 → s1_asc_l9.npy  shape=(138, 196, 768)  size=41.5MB
  [WRITE]  ISMN_ARM_MapleCity                        s2/l3 → s2_l3.npy  shape=(299, 196, 768)  size=90.0MB
  [WRITE]  ISMN_ARM_MapleCity                        s2/l6 → s2_l6.npy  shape=(299, 196, 768)  size=90.0MB
  [WRITE]  ISMN_ARM_MapleCity                        s2/l9 → s2_l9.npy  shape=(299, 196, 768)  size=90.0MB
  [WRITE]  ISMN_ARM_MapleCity                        s1_asc/l3 → s1_asc_l3.npy  shape=(174, 196, 768)  size=52.4MB
  [WRITE]  ISMN_ARM_MapleCity                        s1_asc/l6 → s1_asc_l6.npy  shape=(174, 196, 768)  size=52.4MB
  [WRITE]  ISMN_ARM_MapleCity                        s1_asc/l9 → s1_asc_l9.npy  shape=(174, 196, 768)  size=52.4MB
  [WRITE]  ISMN_SCAN_EagleLake                       s2/l3 → s2_l3.npy  shape=(135, 196, 768)  size=40.6MB
  [WRITE]  ISMN_SCAN_EagleLake                       s2/l6 → s2_l6.npy  shape=(135, 196, 768)  size=40.6MB
  [WRITE]  ISMN_SCAN_EagleLake                       s2/l9 → s2_l9.npy  shape=(135, 196, 768)  size=40.6MB
  [WRITE]  ISMN_SCAN_EagleLake                       s1_asc/l3 → s1_asc_l3.npy  shape=(148, 196, 768)  size=44.6MB
  [WRITE]  ISMN_SCAN_EagleLake                       s1_asc/l6 → s1_asc_l6.npy  shape=(148, 196, 768)  size=44.6MB
  [WRITE]  ISMN_SCAN_EagleLake                       s1_asc/l9 → s1_asc_l9.npy  shape=(148, 196, 768)  size=44.6MB
  [WRITE]  ISMN_SCAN_EagleLake                       s1_desc/l3 → s1_desc_l3.npy  shape=(98, 196, 768)  size=29.5MB
  [WRITE]  ISMN_SCAN_EagleLake                       s1_desc/l6 → s1_desc_l6.npy  shape=(98, 196, 768)  size=29.5MB
  [WRITE]  ISMN_SCAN_EagleLake                       s1_desc/l9 → s1_desc_l9.npy  shape=(98, 196, 768)  size=29.5MB
  [WRITE]  ISMN_SCAN_Eastland                        s2/l3 → s2_l3.npy  shape=(238, 196, 768)  size=71.7MB
  [WRITE]  ISMN_SCAN_Eastland                        s2/l6 → s2_l6.npy  shape=(238, 196, 768)  size=71.7MB
  [WRITE]  ISMN_SCAN_Eastland                        s2/l9 → s2_l9.npy  shape=(238, 196, 768)  size=71.7MB
  [WRITE]  ISMN_SCAN_Eastland                        s1_asc/l3 → s1_asc_l3.npy  shape=(265, 196, 768)  size=79.8MB
  [WRITE]  ISMN_SCAN_Eastland                        s1_asc/l6 → s1_asc_l6.npy  shape=(265, 196, 768)  size=79.8MB
  [WRITE]  ISMN_SCAN_Eastland                        s1_asc/l9 → s1_asc_l9.npy  shape=(265, 196, 768)  size=79.8MB
  [WRITE]  ISMN_SCAN_Eastland                        s1_desc/l3 → s1_desc_l3.npy  shape=(159, 196, 768)  size=47.9MB
  [WRITE]  ISMN_SCAN_Eastland                        s1_desc/l6 → s1_desc_l6.npy  shape=(159, 196, 768)  size=47.9MB
  [WRITE]  ISMN_SCAN_Eastland                        s1_desc/l9 → s1_desc_l9.npy  shape=(159, 196, 768)  size=47.9MB
  [WRITE]  ISMN_SCAN_EastviewFarm                    s2/l3 → s2_l3.npy  shape=(292, 196, 768)  size=87.9MB
  [WRITE]  ISMN_SCAN_EastviewFarm                    s2/l6 → s2_l6.npy  shape=(292, 196, 768)  size=87.9MB
  [WRITE]  ISMN_SCAN_EastviewFarm                    s2/l9 → s2_l9.npy  shape=(292, 196, 768)  size=87.9MB
  [WRITE]  ISMN_SCAN_EastviewFarm                    s1_asc/l3 → s1_asc_l3.npy  shape=(274, 196, 768)  size=82.5MB
  [WRITE]  ISMN_SCAN_EastviewFarm                    s1_asc/l6 → s1_asc_l6.npy  shape=(274, 196, 768)  size=82.5MB
  [WRITE]  ISMN_SCAN_EastviewFarm                    s1_asc/l9 → s1_asc_l9.npy  shape=(274, 196, 768)  size=82.5MB
  [WRITE]  ISMN_SCAN_ElsberryPMC                     s2/l3 → s2_l3.npy  shape=(230, 196, 768)  size=69.2MB
  [WRITE]  ISMN_SCAN_ElsberryPMC                     s2/l6 → s2_l6.npy  shape=(230, 196, 768)  size=69.2MB
  [WRITE]  ISMN_SCAN_ElsberryPMC                     s2/l9 → s2_l9.npy  shape=(230, 196, 768)  size=69.2MB
  [WRITE]  ISMN_SCAN_ElsberryPMC                     s1_asc/l3 → s1_asc_l3.npy  shape=(455, 196, 768)  size=137.0MB
  [WRITE]  ISMN_SCAN_ElsberryPMC                     s1_asc/l6 → s1_asc_l6.npy  shape=(455, 196, 768)  size=137.0MB
  [WRITE]  ISMN_SCAN_ElsberryPMC                     s1_asc/l9 → s1_asc_l9.npy  shape=(455, 196, 768)  size=137.0MB
  [WRITE]  ISMN_SCAN_ElsberryPMC                     s1_desc/l3 → s1_desc_l3.npy  shape=(8, 196, 768)  size=2.4MB
  [WRITE]  ISMN_SCAN_ElsberryPMC                     s1_desc/l6 → s1_desc_l6.npy  shape=(8, 196, 768)  size=2.4MB
  [WRITE]  ISMN_SCAN_ElsberryPMC                     s1_desc/l9 → s1_desc_l9.npy  shape=(8, 196, 768)  size=2.4MB
  [WRITE]  ISMN_SCAN_Onward                          s2/l3 → s2_l3.npy  shape=(272, 196, 768)  size=81.9MB
  [WRITE]  ISMN_SCAN_Onward                          s2/l6 → s2_l6.npy  shape=(272, 196, 768)  size=81.9MB
  [WRITE]  ISMN_SCAN_Onward                          s2/l9 → s2_l9.npy  shape=(272, 196, 768)  size=81.9MB
  [WRITE]  ISMN_SCAN_Onward                          s1_asc/l3 → s1_asc_l3.npy  shape=(250, 196, 768)  size=75.3MB
  [WRITE]  ISMN_SCAN_Onward                          s1_asc/l6 → s1_asc_l6.npy  shape=(250, 196, 768)  size=75.3MB
  [WRITE]  ISMN_SCAN_Onward                          s1_asc/l9 → s1_asc_l9.npy  shape=(250, 196, 768)  size=75.3MB
  [WRITE]  ISMN_SCAN_Onward                          s1_desc/l3 → s1_desc_l3.npy  shape=(6, 196, 768)  size=1.8MB
  [WRITE]  ISMN_SCAN_Onward                          s1_desc/l6 → s1_desc_l6.npy  shape=(6, 196, 768)  size=1.8MB
  [WRITE]  ISMN_SCAN_Onward                          s1_desc/l9 → s1_desc_l9.npy  shape=(6, 196, 768)  size=1.8MB
  [WRITE]  ISMN_SCAN_OrchardRangeSite                s2/l3 → s2_l3.npy  shape=(376, 196, 768)  size=113.2MB
  [WRITE]  ISMN_SCAN_OrchardRangeSite                s2/l6 → s2_l6.npy  shape=(376, 196, 768)  size=113.2MB
  [WRITE]  ISMN_SCAN_OrchardRangeSite                s2/l9 → s2_l9.npy  shape=(376, 196, 768)  size=113.2MB
  [WRITE]  ISMN_SCAN_OrchardRangeSite                s1_asc/l3 → s1_asc_l3.npy  shape=(208, 196, 768)  size=62.6MB
  [WRITE]  ISMN_SCAN_OrchardRangeSite                s1_asc/l6 → s1_asc_l6.npy  shape=(208, 196, 768)  size=62.6MB
  [WRITE]  ISMN_SCAN_OrchardRangeSite                s1_asc/l9 → s1_asc_l9.npy  shape=(208, 196, 768)  size=62.6MB
  [WRITE]  ISMN_SCAN_OrchardRangeSite                s1_desc/l3 → s1_desc_l3.npy  shape=(154, 196, 768)  size=46.4MB
  [WRITE]  ISMN_SCAN_OrchardRangeSite                s1_desc/l6 → s1_desc_l6.npy  shape=(154, 196, 768)  size=46.4MB
  [WRITE]  ISMN_SCAN_OrchardRangeSite                s1_desc/l9 → s1_desc_l9.npy  shape=(154, 196, 768)  size=46.4MB
  [WRITE]  ISMN_SCAN_Panguitch                       s2/l3 → s2_l3.npy  shape=(221, 196, 768)  size=66.5MB
  [WRITE]  ISMN_SCAN_Panguitch                       s2/l6 → s2_l6.npy  shape=(221, 196, 768)  size=66.5MB
  [WRITE]  ISMN_SCAN_Panguitch                       s2/l9 → s2_l9.npy  shape=(221, 196, 768)  size=66.5MB
  [WRITE]  ISMN_SCAN_Panguitch                       s1_asc/l3 → s1_asc_l3.npy  shape=(134, 196, 768)  size=40.3MB
  [WRITE]  ISMN_SCAN_Panguitch                       s1_asc/l6 → s1_asc_l6.npy  shape=(134, 196, 768)  size=40.3MB
  [WRITE]  ISMN_SCAN_Panguitch                       s1_asc/l9 → s1_asc_l9.npy  shape=(134, 196, 768)  size=40.3MB
  [WRITE]  ISMN_SCAN_Panguitch                       s1_desc/l3 → s1_desc_l3.npy  shape=(158, 196, 768)  size=47.6MB
  [WRITE]  ISMN_SCAN_Panguitch                       s1_desc/l6 → s1_desc_l6.npy  shape=(158, 196, 768)  size=47.6MB
  [WRITE]  ISMN_SCAN_Panguitch                       s1_desc/l9 → s1_desc_l9.npy  shape=(158, 196, 768)  size=47.6MB
  [WRITE]  ISMN_SCAN_ParkValley                      s2/l3 → s2_l3.npy  shape=(189, 196, 768)  size=56.9MB
  [WRITE]  ISMN_SCAN_ParkValley                      s2/l6 → s2_l6.npy  shape=(189, 196, 768)  size=56.9MB
  [WRITE]  ISMN_SCAN_ParkValley                      s2/l9 → s2_l9.npy  shape=(189, 196, 768)  size=56.9MB
  [WRITE]  ISMN_SCAN_ParkValley                      s1_asc/l3 → s1_asc_l3.npy  shape=(134, 196, 768)  size=40.3MB
  [WRITE]  ISMN_SCAN_ParkValley                      s1_asc/l6 → s1_asc_l6.npy  shape=(134, 196, 768)  size=40.3MB
  [WRITE]  ISMN_SCAN_ParkValley                      s1_asc/l9 → s1_asc_l9.npy  shape=(134, 196, 768)  size=40.3MB
  [WRITE]  ISMN_SCAN_ParkValley                      s1_desc/l3 → s1_desc_l3.npy  shape=(186, 196, 768)  size=56.0MB
  [WRITE]  ISMN_SCAN_ParkValley                      s1_desc/l6 → s1_desc_l6.npy  shape=(186, 196, 768)  size=56.0MB
  [WRITE]  ISMN_SCAN_ParkValley                      s1_desc/l9 → s1_desc_l9.npy  shape=(186, 196, 768)  size=56.0MB
  [WRITE]  ISMN_CW3E_PotterValleyNorth               s2/l3 → s2_l3.npy  shape=(279, 196, 768)  size=84.0MB
  [WRITE]  ISMN_CW3E_PotterValleyNorth               s2/l6 → s2_l6.npy  shape=(279, 196, 768)  size=84.0MB
  [WRITE]  ISMN_CW3E_PotterValleyNorth               s2/l9 → s2_l9.npy  shape=(279, 196, 768)  size=84.0MB
  [WRITE]  ISMN_CW3E_PotterValleyNorth               s1_asc/l3 → s1_asc_l3.npy  shape=(243, 196, 768)  size=73.2MB
  [WRITE]  ISMN_CW3E_PotterValleyNorth               s1_asc/l6 → s1_asc_l6.npy  shape=(243, 196, 768)  size=73.2MB
  [WRITE]  ISMN_CW3E_PotterValleyNorth               s1_asc/l9 → s1_asc_l9.npy  shape=(243, 196, 768)  size=73.2MB
  [WRITE]  ISMN_CW3E_PotterValleyNorth               s1_desc/l3 → s1_desc_l3.npy  shape=(175, 196, 768)  size=52.7MB
  [WRITE]  ISMN_CW3E_PotterValleyNorth               s1_desc/l6 → s1_desc_l6.npy  shape=(175, 196, 768)  size=52.7MB
  [WRITE]  ISMN_CW3E_PotterValleyNorth               s1_desc/l9 → s1_desc_l9.npy  shape=(175, 196, 768)  size=52.7MB
  [WRITE]  ISMN_CW3E_SkylineHarvest                  s2/l3 → s2_l3.npy  shape=(262, 196, 768)  size=78.9MB
  [WRITE]  ISMN_CW3E_SkylineHarvest                  s2/l6 → s2_l6.npy  shape=(262, 196, 768)  size=78.9MB
  [WRITE]  ISMN_CW3E_SkylineHarvest                  s2/l9 → s2_l9.npy  shape=(262, 196, 768)  size=78.9MB
  [WRITE]  ISMN_CW3E_SkylineHarvest                  s1_asc/l3 → s1_asc_l3.npy  shape=(223, 196, 768)  size=67.1MB
  [WRITE]  ISMN_CW3E_SkylineHarvest                  s1_asc/l6 → s1_asc_l6.npy  shape=(223, 196, 768)  size=67.1MB
  [WRITE]  ISMN_CW3E_SkylineHarvest                  s1_asc/l9 → s1_asc_l9.npy  shape=(223, 196, 768)  size=67.1MB
  [WRITE]  ISMN_CW3E_SkylineHarvest                  s1_desc/l3 → s1_desc_l3.npy  shape=(220, 196, 768)  size=66.2MB
  [WRITE]  ISMN_CW3E_SkylineHarvest                  s1_desc/l6 → s1_desc_l6.npy  shape=(220, 196, 768)  size=66.2MB
  [WRITE]  ISMN_CW3E_SkylineHarvest                  s1_desc/l9 → s1_desc_l9.npy  shape=(220, 196, 768)  size=66.2MB
  [WRITE]  ISMN_CW3E_YucaipaValley                   s2/l3 → s2_l3.npy  shape=(162, 196, 768)  size=48.8MB
  [WRITE]  ISMN_CW3E_YucaipaValley                   s2/l6 → s2_l6.npy  shape=(162, 196, 768)  size=48.8MB
  [WRITE]  ISMN_CW3E_YucaipaValley                   s2/l9 → s2_l9.npy  shape=(162, 196, 768)  size=48.8MB
  [WRITE]  ISMN_CW3E_YucaipaValley                   s1_asc/l3 → s1_asc_l3.npy  shape=(105, 196, 768)  size=31.6MB
  [WRITE]  ISMN_CW3E_YucaipaValley                   s1_asc/l6 → s1_asc_l6.npy  shape=(105, 196, 768)  size=31.6MB
  [WRITE]  ISMN_CW3E_YucaipaValley                   s1_asc/l9 → s1_asc_l9.npy  shape=(105, 196, 768)  size=31.6MB
  [WRITE]  ISMN_CW3E_YucaipaValley                   s1_desc/l3 → s1_desc_l3.npy  shape=(219, 196, 768)  size=65.9MB
  [WRITE]  ISMN_CW3E_YucaipaValley                   s1_desc/l6 → s1_desc_l6.npy  shape=(219, 196, 768)  size=65.9MB
  [WRITE]  ISMN_CW3E_YucaipaValley                   s1_desc/l9 → s1_desc_l9.npy  shape=(219, 196, 768)  size=65.9MB
  [WRITE]  ISMN_FLUXNET-AMERIFLUX_BouldinIslandAlfa  s2/l3 → s2_l3.npy  shape=(131, 196, 768)  size=39.4MB
  [WRITE]  ISMN_FLUXNET-AMERIFLUX_BouldinIslandAlfa  s2/l6 → s2_l6.npy  shape=(131, 196, 768)  size=39.4MB
  [WRITE]  ISMN_FLUXNET-AMERIFLUX_BouldinIslandAlfa  s2/l9 → s2_l9.npy  shape=(131, 196, 768)  size=39.4MB
  [WRITE]  ISMN_FLUXNET-AMERIFLUX_BouldinIslandAlfa  s1_asc/l3 → s1_asc_l3.npy  shape=(175, 196, 768)  size=52.7MB
  [WRITE]  ISMN_FLUXNET-AMERIFLUX_BouldinIslandAlfa  s1_asc/l6 → s1_asc_l6.npy  shape=(175, 196, 768)  size=52.7MB
  [WRITE]  ISMN_FLUXNET-AMERIFLUX_BouldinIslandAlfa  s1_asc/l9 → s1_asc_l9.npy  shape=(175, 196, 768)  size=52.7MB
  [WRITE]  ISMN_FLUXNET-AMERIFLUX_BouldinIslandAlfa  s1_desc/l3 → s1_desc_l3.npy  shape=(95, 196, 768)  size=28.6MB
  [WRITE]  ISMN_FLUXNET-AMERIFLUX_BouldinIslandAlfa  s1_desc/l6 → s1_desc_l6.npy  shape=(95, 196, 768)  size=28.6MB
  [WRITE]  ISMN_FLUXNET-AMERIFLUX_BouldinIslandAlfa  s1_desc/l9 → s1_desc_l9.npy  shape=(95, 196, 768)  size=28.6MB
  [WRITE]  ISMN_SCAN_JournaganRanch                  s2/l3 → s2_l3.npy  shape=(72, 196, 768)  size=21.7MB
  [WRITE]  ISMN_SCAN_JournaganRanch                  s2/l6 → s2_l6.npy  shape=(72, 196, 768)  size=21.7MB
  [WRITE]  ISMN_SCAN_JournaganRanch                  s2/l9 → s2_l9.npy  shape=(72, 196, 768)  size=21.7MB
  [WRITE]  ISMN_SCAN_JournaganRanch                  s1_asc/l3 → s1_asc_l3.npy  shape=(215, 196, 768)  size=64.7MB
  [WRITE]  ISMN_SCAN_JournaganRanch                  s1_asc/l6 → s1_asc_l6.npy  shape=(215, 196, 768)  size=64.7MB
  [WRITE]  ISMN_SCAN_JournaganRanch                  s1_asc/l9 → s1_asc_l9.npy  shape=(215, 196, 768)  size=64.7MB
  [WRITE]  ISMN_SCAN_JournaganRanch                  s1_desc/l3 → s1_desc_l3.npy  shape=(1, 196, 768)  size=0.3MB
  [WRITE]  ISMN_SCAN_JournaganRanch                  s1_desc/l6 → s1_desc_l6.npy  shape=(1, 196, 768)  size=0.3MB
  [WRITE]  ISMN_SCAN_JournaganRanch                  s1_desc/l9 → s1_desc_l9.npy  shape=(1, 196, 768)  size=0.3MB
  [WRITE]  ISMN_SCAN_KnoxCity                        s2/l3 → s2_l3.npy  shape=(48, 196, 768)  size=14.5MB
  [WRITE]  ISMN_SCAN_KnoxCity                        s2/l6 → s2_l6.npy  shape=(48, 196, 768)  size=14.5MB
  [WRITE]  ISMN_SCAN_KnoxCity                        s2/l9 → s2_l9.npy  shape=(48, 196, 768)  size=14.5MB
  [WRITE]  ISMN_SCAN_KnoxCity                        s1_asc/l3 → s1_asc_l3.npy  shape=(71, 196, 768)  size=21.4MB
  [WRITE]  ISMN_SCAN_KnoxCity                        s1_asc/l6 → s1_asc_l6.npy  shape=(71, 196, 768)  size=21.4MB
  [WRITE]  ISMN_SCAN_KnoxCity                        s1_asc/l9 → s1_asc_l9.npy  shape=(71, 196, 768)  size=21.4MB
  [WRITE]  ISMN_SCAN_KoptisFarms                     s2/l3 → s2_l3.npy  shape=(321, 196, 768)  size=96.6MB
  [WRITE]  ISMN_SCAN_KoptisFarms                     s2/l6 → s2_l6.npy  shape=(321, 196, 768)  size=96.6MB
  [WRITE]  ISMN_SCAN_KoptisFarms                     s2/l9 → s2_l9.npy  shape=(321, 196, 768)  size=96.6MB
  [WRITE]  ISMN_SCAN_KoptisFarms                     s1_asc/l3 → s1_asc_l3.npy  shape=(169, 196, 768)  size=50.9MB
  [WRITE]  ISMN_SCAN_KoptisFarms                     s1_asc/l6 → s1_asc_l6.npy  shape=(169, 196, 768)  size=50.9MB
  [WRITE]  ISMN_SCAN_KoptisFarms                     s1_asc/l9 → s1_asc_l9.npy  shape=(169, 196, 768)  size=50.9MB
  [WRITE]  ISMN_SCAN_KoptisFarms                     s1_desc/l3 → s1_desc_l3.npy  shape=(2, 196, 768)  size=0.6MB
  [WRITE]  ISMN_SCAN_KoptisFarms                     s1_desc/l6 → s1_desc_l6.npy  shape=(2, 196, 768)  size=0.6MB
  [WRITE]  ISMN_SCAN_KoptisFarms                     s1_desc/l9 → s1_desc_l9.npy  shape=(2, 196, 768)  size=0.6MB
  [WRITE]  ISMN_SCAN_KyleCanyon                      s2/l3 → s2_l3.npy  shape=(836, 196, 768)  size=251.7MB
  [WRITE]  ISMN_SCAN_KyleCanyon                      s2/l6 → s2_l6.npy  shape=(836, 196, 768)  size=251.7MB
  [WRITE]  ISMN_SCAN_KyleCanyon                      s2/l9 → s2_l9.npy  shape=(836, 196, 768)  size=251.7MB
  [WRITE]  ISMN_SCAN_KyleCanyon                      s1_asc/l3 → s1_asc_l3.npy  shape=(171, 196, 768)  size=51.5MB
  [WRITE]  ISMN_SCAN_KyleCanyon                      s1_asc/l6 → s1_asc_l6.npy  shape=(171, 196, 768)  size=51.5MB
  [WRITE]  ISMN_SCAN_KyleCanyon                      s1_asc/l9 → s1_asc_l9.npy  shape=(171, 196, 768)  size=51.5MB
  [WRITE]  ISMN_SCAN_KyleCanyon                      s1_desc/l3 → s1_desc_l3.npy  shape=(342, 196, 768)  size=103.0MB
  [WRITE]  ISMN_SCAN_KyleCanyon                      s1_desc/l6 → s1_desc_l6.npy  shape=(342, 196, 768)  size=103.0MB
  [WRITE]  ISMN_SCAN_KyleCanyon                      s1_desc/l9 → s1_desc_l9.npy  shape=(342, 196, 768)  size=103.0MB
  [WRITE]  ISMN_SCAN_Mason#1                         s2/l3 → s2_l3.npy  shape=(430, 196, 768)  size=129.5MB
  [WRITE]  ISMN_SCAN_Mason#1                         s2/l6 → s2_l6.npy  shape=(430, 196, 768)  size=129.5MB
  [WRITE]  ISMN_SCAN_Mason#1                         s2/l9 → s2_l9.npy  shape=(430, 196, 768)  size=129.5MB
  [WRITE]  ISMN_SCAN_Mason#1                         s1_asc/l3 → s1_asc_l3.npy  shape=(229, 196, 768)  size=68.9MB
  [WRITE]  ISMN_SCAN_Mason#1                         s1_asc/l6 → s1_asc_l6.npy  shape=(229, 196, 768)  size=68.9MB
  [WRITE]  ISMN_SCAN_Mason#1                         s1_asc/l9 → s1_asc_l9.npy  shape=(229, 196, 768)  size=68.9MB
  [WRITE]  ISMN_SCAN_Mason#1                         s1_desc/l3 → s1_desc_l3.npy  shape=(2, 196, 768)  size=0.6MB
  [WRITE]  ISMN_SCAN_Mason#1                         s1_desc/l6 → s1_desc_l6.npy  shape=(2, 196, 768)  size=0.6MB
  [WRITE]  ISMN_SCAN_Mason#1                         s1_desc/l9 → s1_desc_l9.npy  shape=(2, 196, 768)  size=0.6MB
  [WRITE]  ISMN_SCAN_Mayday                          s2/l3 → s2_l3.npy  shape=(86, 196, 768)  size=25.9MB
  [WRITE]  ISMN_SCAN_Mayday                          s2/l6 → s2_l6.npy  shape=(86, 196, 768)  size=25.9MB
  [WRITE]  ISMN_SCAN_Mayday                          s2/l9 → s2_l9.npy  shape=(86, 196, 768)  size=25.9MB
  [WRITE]  ISMN_SCAN_Mayday                          s1_asc/l3 → s1_asc_l3.npy  shape=(87, 196, 768)  size=26.2MB
  [WRITE]  ISMN_SCAN_Mayday                          s1_asc/l6 → s1_asc_l6.npy  shape=(87, 196, 768)  size=26.2MB
  [WRITE]  ISMN_SCAN_Mayday                          s1_asc/l9 → s1_asc_l9.npy  shape=(87, 196, 768)  size=26.2MB
  [WRITE]  ISMN_SCAN_McAllisterFarm                  s2/l3 → s2_l3.npy  shape=(252, 196, 768)  size=75.9MB
  [WRITE]  ISMN_SCAN_McAllisterFarm                  s2/l6 → s2_l6.npy  shape=(252, 196, 768)  size=75.9MB
  [WRITE]  ISMN_SCAN_McAllisterFarm                  s2/l9 → s2_l9.npy  shape=(252, 196, 768)  size=75.9MB
  [WRITE]  ISMN_SCAN_McAllisterFarm                  s1_asc/l3 → s1_asc_l3.npy  shape=(245, 196, 768)  size=73.8MB
  [WRITE]  ISMN_SCAN_McAllisterFarm                  s1_asc/l6 → s1_asc_l6.npy  shape=(245, 196, 768)  size=73.8MB
  [WRITE]  ISMN_SCAN_McAllisterFarm                  s1_asc/l9 → s1_asc_l9.npy  shape=(245, 196, 768)  size=73.8MB
  [WRITE]  ISMN_SCAN_McAllisterFarm                  s1_desc/l3 → s1_desc_l3.npy  shape=(2, 196, 768)  size=0.6MB
  [WRITE]  ISMN_SCAN_McAllisterFarm                  s1_desc/l6 → s1_desc_l6.npy  shape=(2, 196, 768)  size=0.6MB
  [WRITE]  ISMN_SCAN_McAllisterFarm                  s1_desc/l9 → s1_desc_l9.npy  shape=(2, 196, 768)  size=0.6MB
  [WRITE]  ISMN_SCAN_MccrackenMesa                   s2/l3 → s2_l3.npy  shape=(354, 196, 768)  size=106.6MB
  [WRITE]  ISMN_SCAN_MccrackenMesa                   s2/l6 → s2_l6.npy  shape=(354, 196, 768)  size=106.6MB
  [WRITE]  ISMN_SCAN_MccrackenMesa                   s2/l9 → s2_l9.npy  shape=(354, 196, 768)  size=106.6MB
  [WRITE]  ISMN_SCAN_MccrackenMesa                   s1_asc/l3 → s1_asc_l3.npy  shape=(341, 196, 768)  size=102.7MB
  [WRITE]  ISMN_SCAN_MccrackenMesa                   s1_asc/l6 → s1_asc_l6.npy  shape=(341, 196, 768)  size=102.7MB
  [WRITE]  ISMN_SCAN_MccrackenMesa                   s1_asc/l9 → s1_asc_l9.npy  shape=(341, 196, 768)  size=102.7MB
  [WRITE]  ISMN_SCAN_MccrackenMesa                   s1_desc/l3 → s1_desc_l3.npy  shape=(236, 196, 768)  size=71.0MB
  [WRITE]  ISMN_SCAN_MccrackenMesa                   s1_desc/l6 → s1_desc_l6.npy  shape=(236, 196, 768)  size=71.0MB
  [WRITE]  ISMN_SCAN_MccrackenMesa                   s1_desc/l9 → s1_desc_l9.npy  shape=(236, 196, 768)  size=71.0MB
  [WRITE]  ISMN_SCAN_RiverRoadFarms                  s2/l3 → s2_l3.npy  shape=(55, 196, 768)  size=16.6MB
  [WRITE]  ISMN_SCAN_RiverRoadFarms                  s2/l6 → s2_l6.npy  shape=(55, 196, 768)  size=16.6MB
  [WRITE]  ISMN_SCAN_RiverRoadFarms                  s2/l9 → s2_l9.npy  shape=(55, 196, 768)  size=16.6MB
  [WRITE]  ISMN_SCAN_RiverRoadFarms                  s1_asc/l3 → s1_asc_l3.npy  shape=(167, 196, 768)  size=50.3MB
  [WRITE]  ISMN_SCAN_RiverRoadFarms                  s1_asc/l6 → s1_asc_l6.npy  shape=(167, 196, 768)  size=50.3MB
  [WRITE]  ISMN_SCAN_RiverRoadFarms                  s1_asc/l9 → s1_asc_l9.npy  shape=(167, 196, 768)  size=50.3MB
  [WRITE]  ISMN_SCAN_RiverRoadFarms                  s1_desc/l3 → s1_desc_l3.npy  shape=(4, 196, 768)  size=1.2MB
  [WRITE]  ISMN_SCAN_RiverRoadFarms                  s1_desc/l6 → s1_desc_l6.npy  shape=(4, 196, 768)  size=1.2MB
  [WRITE]  ISMN_SCAN_RiverRoadFarms                  s1_desc/l9 → s1_desc_l9.npy  shape=(4, 196, 768)  size=1.2MB
  [WRITE]  ISMN_SCAN_RockSpringsPa                   s2/l3 → s2_l3.npy  shape=(158, 196, 768)  size=47.6MB
  [WRITE]  ISMN_SCAN_RockSpringsPa                   s2/l6 → s2_l6.npy  shape=(158, 196, 768)  size=47.6MB
  [WRITE]  ISMN_SCAN_RockSpringsPa                   s2/l9 → s2_l9.npy  shape=(158, 196, 768)  size=47.6MB
  [WRITE]  ISMN_SCAN_RockSpringsPa                   s1_asc/l3 → s1_asc_l3.npy  shape=(235, 196, 768)  size=70.7MB
  [WRITE]  ISMN_SCAN_RockSpringsPa                   s1_asc/l6 → s1_asc_l6.npy  shape=(235, 196, 768)  size=70.7MB
  [WRITE]  ISMN_SCAN_RockSpringsPa                   s1_asc/l9 → s1_asc_l9.npy  shape=(235, 196, 768)  size=70.7MB
  [WRITE]  ISMN_SCAN_RogersFarm#1                    s2/l3 → s2_l3.npy  shape=(232, 196, 768)  size=69.8MB
  [WRITE]  ISMN_SCAN_RogersFarm#1                    s2/l6 → s2_l6.npy  shape=(232, 196, 768)  size=69.8MB
  [WRITE]  ISMN_SCAN_RogersFarm#1                    s2/l9 → s2_l9.npy  shape=(232, 196, 768)  size=69.8MB
  [WRITE]  ISMN_SCAN_RogersFarm#1                    s1_asc/l3 → s1_asc_l3.npy  shape=(118, 196, 768)  size=35.5MB
  [WRITE]  ISMN_SCAN_RogersFarm#1                    s1_asc/l6 → s1_asc_l6.npy  shape=(118, 196, 768)  size=35.5MB
  [WRITE]  ISMN_SCAN_RogersFarm#1                    s1_asc/l9 → s1_asc_l9.npy  shape=(118, 196, 768)  size=35.5MB
  [WRITE]  ISMN_SCAN_SanAngelo                       s2/l3 → s2_l3.npy  shape=(191, 196, 768)  size=57.5MB
  [WRITE]  ISMN_SCAN_SanAngelo                       s2/l6 → s2_l6.npy  shape=(191, 196, 768)  size=57.5MB
  [WRITE]  ISMN_SCAN_SanAngelo                       s2/l9 → s2_l9.npy  shape=(191, 196, 768)  size=57.5MB
  [WRITE]  ISMN_SCAN_SanAngelo                       s1_asc/l3 → s1_asc_l3.npy  shape=(148, 196, 768)  size=44.6MB
  [WRITE]  ISMN_SCAN_SanAngelo                       s1_asc/l6 → s1_asc_l6.npy  shape=(148, 196, 768)  size=44.6MB
  [WRITE]  ISMN_SCAN_SanAngelo                       s1_asc/l9 → s1_asc_l9.npy  shape=(148, 196, 768)  size=44.6MB
  [WRITE]  ISMN_SCAN_SanAngelo                       s1_desc/l3 → s1_desc_l3.npy  shape=(3, 196, 768)  size=0.9MB
  [WRITE]  ISMN_SCAN_SanAngelo                       s1_desc/l6 → s1_desc_l6.npy  shape=(3, 196, 768)  size=0.9MB
  [WRITE]  ISMN_SCAN_SanAngelo                       s1_desc/l9 → s1_desc_l9.npy  shape=(3, 196, 768)  size=0.9MB
  [WRITE]  ISMN_COSMOS-UK_Waddesdon                  s2/l3 → s2_l3.npy  shape=(33, 196, 768)  size=9.9MB
  [WRITE]  ISMN_COSMOS-UK_Waddesdon                  s2/l6 → s2_l6.npy  shape=(33, 196, 768)  size=9.9MB
  [WRITE]  ISMN_COSMOS-UK_Waddesdon                  s2/l9 → s2_l9.npy  shape=(33, 196, 768)  size=9.9MB
  [WRITE]  ISMN_COSMOS-UK_Waddesdon                  s1_asc/l3 → s1_asc_l3.npy  shape=(260, 196, 768)  size=78.3MB
  [WRITE]  ISMN_COSMOS-UK_Waddesdon                  s1_asc/l6 → s1_asc_l6.npy  shape=(260, 196, 768)  size=78.3MB
  [WRITE]  ISMN_COSMOS-UK_Waddesdon                  s1_asc/l9 → s1_asc_l9.npy  shape=(260, 196, 768)  size=78.3MB
  [WRITE]  ISMN_COSMOS-UK_Waddesdon                  s1_desc/l3 → s1_desc_l3.npy  shape=(254, 196, 768)  size=76.5MB
  [WRITE]  ISMN_COSMOS-UK_Waddesdon                  s1_desc/l6 → s1_desc_l6.npy  shape=(254, 196, 768)  size=76.5MB
  [WRITE]  ISMN_COSMOS-UK_Waddesdon                  s1_desc/l9 → s1_desc_l9.npy  shape=(254, 196, 768)  size=76.5MB
  [WRITE]  ISMN_COSMOS-UK_Writtle                    s2/l3 → s2_l3.npy  shape=(198, 196, 768)  size=59.6MB
  [WRITE]  ISMN_COSMOS-UK_Writtle                    s2/l6 → s2_l6.npy  shape=(198, 196, 768)  size=59.6MB
  [WRITE]  ISMN_COSMOS-UK_Writtle                    s2/l9 → s2_l9.npy  shape=(198, 196, 768)  size=59.6MB
  [WRITE]  ISMN_COSMOS-UK_Writtle                    s1_asc/l3 → s1_asc_l3.npy  shape=(580, 196, 768)  size=174.6MB
  [WRITE]  ISMN_COSMOS-UK_Writtle                    s1_asc/l6 → s1_asc_l6.npy  shape=(580, 196, 768)  size=174.6MB
  [WRITE]  ISMN_COSMOS-UK_Writtle                    s1_asc/l9 → s1_asc_l9.npy  shape=(580, 196, 768)  size=174.6MB
  [WRITE]  ISMN_COSMOS-UK_Writtle                    s1_desc/l3 → s1_desc_l3.npy  shape=(586, 196, 768)  size=176.4MB
  [WRITE]  ISMN_COSMOS-UK_Writtle                    s1_desc/l6 → s1_desc_l6.npy  shape=(586, 196, 768)  size=176.4MB
  [WRITE]  ISMN_COSMOS-UK_Writtle                    s1_desc/l9 → s1_desc_l9.npy  shape=(586, 196, 768)  size=176.4MB
  [WRITE]  ISMN_COSMOS_KLEE                          s2/l3 → s2_l3.npy  shape=(54, 196, 768)  size=16.3MB
  [WRITE]  ISMN_COSMOS_KLEE                          s2/l6 → s2_l6.npy  shape=(54, 196, 768)  size=16.3MB
  [WRITE]  ISMN_COSMOS_KLEE                          s2/l9 → s2_l9.npy  shape=(54, 196, 768)  size=16.3MB
  [WRITE]  ISMN_COSMOS_KLEE                          s1_asc/l3 → s1_asc_l3.npy  shape=(44, 196, 768)  size=13.2MB
  [WRITE]  ISMN_COSMOS_KLEE                          s1_asc/l6 → s1_asc_l6.npy  shape=(44, 196, 768)  size=13.2MB
  [WRITE]  ISMN_COSMOS_KLEE                          s1_asc/l9 → s1_asc_l9.npy  shape=(44, 196, 768)  size=13.2MB
  [WRITE]  ISMN_COSMOS_KLEE                          s1_desc/l3 → s1_desc_l3.npy  shape=(39, 196, 768)  size=11.7MB
  [WRITE]  ISMN_COSMOS_KLEE                          s1_desc/l6 → s1_desc_l6.npy  shape=(39, 196, 768)  size=11.7MB
  [WRITE]  ISMN_COSMOS_KLEE                          s1_desc/l9 → s1_desc_l9.npy  shape=(39, 196, 768)  size=11.7MB
  [WRITE]  ISMN_CW3E_BoyesCreekCanyon                s2/l3 → s2_l3.npy  shape=(191, 196, 768)  size=57.5MB
  [WRITE]  ISMN_CW3E_BoyesCreekCanyon                s2/l6 → s2_l6.npy  shape=(191, 196, 768)  size=57.5MB
  [WRITE]  ISMN_CW3E_BoyesCreekCanyon                s2/l9 → s2_l9.npy  shape=(191, 196, 768)  size=57.5MB
  [WRITE]  ISMN_CW3E_BoyesCreekCanyon                s1_asc/l3 → s1_asc_l3.npy  shape=(138, 196, 768)  size=41.5MB
  [WRITE]  ISMN_CW3E_BoyesCreekCanyon                s1_asc/l6 → s1_asc_l6.npy  shape=(138, 196, 768)  size=41.5MB
  [WRITE]  ISMN_CW3E_BoyesCreekCanyon                s1_asc/l9 → s1_asc_l9.npy  shape=(138, 196, 768)  size=41.5MB
  [WRITE]  ISMN_CW3E_BoyesCreekCanyon                s1_desc/l3 → s1_desc_l3.npy  shape=(114, 196, 768)  size=34.3MB
  [WRITE]  ISMN_CW3E_BoyesCreekCanyon                s1_desc/l6 → s1_desc_l6.npy  shape=(114, 196, 768)  size=34.3MB
  [WRITE]  ISMN_CW3E_BoyesCreekCanyon                s1_desc/l9 → s1_desc_l9.npy  shape=(114, 196, 768)  size=34.3MB
  [WRITE]  ISMN_SCAN_Combate                         s2/l3 → s2_l3.npy  shape=(203, 196, 768)  size=61.1MB
  [WRITE]  ISMN_SCAN_Combate                         s2/l6 → s2_l6.npy  shape=(203, 196, 768)  size=61.1MB
  [WRITE]  ISMN_SCAN_Combate                         s2/l9 → s2_l9.npy  shape=(203, 196, 768)  size=61.1MB
  [WRITE]  ISMN_SCAN_Combate                         s1_asc/l3 → s1_asc_l3.npy  shape=(102, 196, 768)  size=30.7MB
  [WRITE]  ISMN_SCAN_Combate                         s1_asc/l6 → s1_asc_l6.npy  shape=(102, 196, 768)  size=30.7MB
  [WRITE]  ISMN_SCAN_Combate                         s1_asc/l9 → s1_asc_l9.npy  shape=(102, 196, 768)  size=30.7MB
  [WRITE]  ISMN_SCAN_Combate                         s1_desc/l3 → s1_desc_l3.npy  shape=(125, 196, 768)  size=37.6MB
  [WRITE]  ISMN_SCAN_Combate                         s1_desc/l6 → s1_desc_l6.npy  shape=(125, 196, 768)  size=37.6MB
  [WRITE]  ISMN_SCAN_Combate                         s1_desc/l9 → s1_desc_l9.npy  shape=(125, 196, 768)  size=37.6MB
  [WRITE]  ISMN_SCAN_ConradAgRc                      s2/l3 → s2_l3.npy  shape=(198, 196, 768)  size=59.6MB
  [WRITE]  ISMN_SCAN_ConradAgRc                      s2/l6 → s2_l6.npy  shape=(198, 196, 768)  size=59.6MB
  [WRITE]  ISMN_SCAN_ConradAgRc                      s2/l9 → s2_l9.npy  shape=(198, 196, 768)  size=59.6MB
  [WRITE]  ISMN_SCAN_ConradAgRc                      s1_asc/l3 → s1_asc_l3.npy  shape=(181, 196, 768)  size=54.5MB
  [WRITE]  ISMN_SCAN_ConradAgRc                      s1_asc/l6 → s1_asc_l6.npy  shape=(181, 196, 768)  size=54.5MB
  [WRITE]  ISMN_SCAN_ConradAgRc                      s1_asc/l9 → s1_asc_l9.npy  shape=(181, 196, 768)  size=54.5MB
  [WRITE]  ISMN_SCAN_ConradAgRc                      s1_desc/l3 → s1_desc_l3.npy  shape=(208, 196, 768)  size=62.6MB
  [WRITE]  ISMN_SCAN_ConradAgRc                      s1_desc/l6 → s1_desc_l6.npy  shape=(208, 196, 768)  size=62.6MB
  [WRITE]  ISMN_SCAN_ConradAgRc                      s1_desc/l9 → s1_desc_l9.npy  shape=(208, 196, 768)  size=62.6MB
  [WRITE]  ISMN_SCAN_CrescentLake#1                  s2/l3 → s2_l3.npy  shape=(236, 196, 768)  size=71.0MB
  [WRITE]  ISMN_SCAN_CrescentLake#1                  s2/l6 → s2_l6.npy  shape=(236, 196, 768)  size=71.0MB
  [WRITE]  ISMN_SCAN_CrescentLake#1                  s2/l9 → s2_l9.npy  shape=(236, 196, 768)  size=71.0MB
  [WRITE]  ISMN_SCAN_CrescentLake#1                  s1_asc/l3 → s1_asc_l3.npy  shape=(477, 196, 768)  size=143.6MB
  [WRITE]  ISMN_SCAN_CrescentLake#1                  s1_asc/l6 → s1_asc_l6.npy  shape=(477, 196, 768)  size=143.6MB
  [WRITE]  ISMN_SCAN_CrescentLake#1                  s1_asc/l9 → s1_asc_l9.npy  shape=(477, 196, 768)  size=143.6MB
  [WRITE]  ISMN_SCAN_Crossroads                      s2/l3 → s2_l3.npy  shape=(399, 196, 768)  size=120.1MB
  [WRITE]  ISMN_SCAN_Crossroads                      s2/l6 → s2_l6.npy  shape=(399, 196, 768)  size=120.1MB
  [WRITE]  ISMN_SCAN_Crossroads                      s2/l9 → s2_l9.npy  shape=(399, 196, 768)  size=120.1MB
  [WRITE]  ISMN_SCAN_Crossroads                      s1_asc/l3 → s1_asc_l3.npy  shape=(242, 196, 768)  size=72.9MB
  [WRITE]  ISMN_SCAN_Crossroads                      s1_asc/l6 → s1_asc_l6.npy  shape=(242, 196, 768)  size=72.9MB
  [WRITE]  ISMN_SCAN_Crossroads                      s1_asc/l9 → s1_asc_l9.npy  shape=(242, 196, 768)  size=72.9MB
  [WRITE]  ISMN_SCAN_Crossroads                      s1_desc/l3 → s1_desc_l3.npy  shape=(245, 196, 768)  size=73.8MB
  [WRITE]  ISMN_SCAN_Crossroads                      s1_desc/l6 → s1_desc_l6.npy  shape=(245, 196, 768)  size=73.8MB
  [WRITE]  ISMN_SCAN_Crossroads                      s1_desc/l9 → s1_desc_l9.npy  shape=(245, 196, 768)  size=73.8MB
  [WRITE]  ISMN_SCAN_AdamsRanch#1                    s2/l3 → s2_l3.npy  shape=(458, 196, 768)  size=137.9MB
  [WRITE]  ISMN_SCAN_AdamsRanch#1                    s2/l6 → s2_l6.npy  shape=(458, 196, 768)  size=137.9MB
  [WRITE]  ISMN_SCAN_AdamsRanch#1                    s2/l9 → s2_l9.npy  shape=(458, 196, 768)  size=137.9MB
  [WRITE]  ISMN_SCAN_AdamsRanch#1                    s1_asc/l3 → s1_asc_l3.npy  shape=(239, 196, 768)  size=72.0MB
  [WRITE]  ISMN_SCAN_AdamsRanch#1                    s1_asc/l6 → s1_asc_l6.npy  shape=(239, 196, 768)  size=72.0MB
  [WRITE]  ISMN_SCAN_AdamsRanch#1                    s1_asc/l9 → s1_asc_l9.npy  shape=(239, 196, 768)  size=72.0MB
  [WRITE]  ISMN_SCAN_AdamsRanch#1                    s1_desc/l3 → s1_desc_l3.npy  shape=(257, 196, 768)  size=77.4MB
  [WRITE]  ISMN_SCAN_AdamsRanch#1                    s1_desc/l6 → s1_desc_l6.npy  shape=(257, 196, 768)  size=77.4MB
  [WRITE]  ISMN_SCAN_AdamsRanch#1                    s1_desc/l9 → s1_desc_l9.npy  shape=(257, 196, 768)  size=77.4MB
  [WRITE]  ISMN_SCAN_Alcalde                         s2/l3 → s2_l3.npy  shape=(109, 196, 768)  size=32.8MB
  [WRITE]  ISMN_SCAN_Alcalde                         s2/l6 → s2_l6.npy  shape=(109, 196, 768)  size=32.8MB
  [WRITE]  ISMN_SCAN_Alcalde                         s2/l9 → s2_l9.npy  shape=(109, 196, 768)  size=32.8MB
  [WRITE]  ISMN_SCAN_Alcalde                         s1_asc/l3 → s1_asc_l3.npy  shape=(35, 196, 768)  size=10.5MB
  [WRITE]  ISMN_SCAN_Alcalde                         s1_asc/l6 → s1_asc_l6.npy  shape=(35, 196, 768)  size=10.5MB
  [WRITE]  ISMN_SCAN_Alcalde                         s1_asc/l9 → s1_asc_l9.npy  shape=(35, 196, 768)  size=10.5MB
  [WRITE]  ISMN_SCAN_Alcalde                         s1_desc/l3 → s1_desc_l3.npy  shape=(75, 196, 768)  size=22.6MB
  [WRITE]  ISMN_SCAN_Alcalde                         s1_desc/l6 → s1_desc_l6.npy  shape=(75, 196, 768)  size=22.6MB
  [WRITE]  ISMN_SCAN_Alcalde                         s1_desc/l9 → s1_desc_l9.npy  shape=(75, 196, 768)  size=22.6MB
  [WRITE]  ISMN_SCAN_AlkaliMesa                      s2/l3 → s2_l3.npy  shape=(416, 196, 768)  size=125.2MB
  [WRITE]  ISMN_SCAN_AlkaliMesa                      s2/l6 → s2_l6.npy  shape=(416, 196, 768)  size=125.2MB
  [WRITE]  ISMN_SCAN_AlkaliMesa                      s2/l9 → s2_l9.npy  shape=(416, 196, 768)  size=125.2MB
  [WRITE]  ISMN_SCAN_AlkaliMesa                      s1_asc/l3 → s1_asc_l3.npy  shape=(398, 196, 768)  size=119.8MB
  [WRITE]  ISMN_SCAN_AlkaliMesa                      s1_asc/l6 → s1_asc_l6.npy  shape=(398, 196, 768)  size=119.8MB
  [WRITE]  ISMN_SCAN_AlkaliMesa                      s1_asc/l9 → s1_asc_l9.npy  shape=(398, 196, 768)  size=119.8MB
  [WRITE]  ISMN_SCAN_AlkaliMesa                      s1_desc/l3 → s1_desc_l3.npy  shape=(259, 196, 768)  size=78.0MB
  [WRITE]  ISMN_SCAN_AlkaliMesa                      s1_desc/l6 → s1_desc_l6.npy  shape=(259, 196, 768)  size=78.0MB
  [WRITE]  ISMN_SCAN_AlkaliMesa                      s1_desc/l9 → s1_desc_l9.npy  shape=(259, 196, 768)  size=78.0MB
  [WRITE]  ISMN_SCAN_AllenFarms                      s2/l3 → s2_l3.npy  shape=(153, 196, 768)  size=46.1MB
  [WRITE]  ISMN_SCAN_AllenFarms                      s2/l6 → s2_l6.npy  shape=(153, 196, 768)  size=46.1MB
  [WRITE]  ISMN_SCAN_AllenFarms                      s2/l9 → s2_l9.npy  shape=(153, 196, 768)  size=46.1MB
  [WRITE]  ISMN_SCAN_AllenFarms                      s1_asc/l3 → s1_asc_l3.npy  shape=(132, 196, 768)  size=39.7MB
  [WRITE]  ISMN_SCAN_AllenFarms                      s1_asc/l6 → s1_asc_l6.npy  shape=(132, 196, 768)  size=39.7MB
  [WRITE]  ISMN_SCAN_AllenFarms                      s1_asc/l9 → s1_asc_l9.npy  shape=(132, 196, 768)  size=39.7MB
  [WRITE]  ISMN_SCAN_CPER                            s2/l3 → s2_l3.npy  shape=(236, 196, 768)  size=71.0MB
  [WRITE]  ISMN_SCAN_CPER                            s2/l6 → s2_l6.npy  shape=(236, 196, 768)  size=71.0MB
  [WRITE]  ISMN_SCAN_CPER                            s2/l9 → s2_l9.npy  shape=(236, 196, 768)  size=71.0MB
  [WRITE]  ISMN_SCAN_CPER                            s1_asc/l3 → s1_asc_l3.npy  shape=(98, 196, 768)  size=29.5MB
  [WRITE]  ISMN_SCAN_CPER                            s1_asc/l6 → s1_asc_l6.npy  shape=(98, 196, 768)  size=29.5MB
  [WRITE]  ISMN_SCAN_CPER                            s1_asc/l9 → s1_asc_l9.npy  shape=(98, 196, 768)  size=29.5MB
  [WRITE]  ISMN_SCAN_CPER                            s1_desc/l3 → s1_desc_l3.npy  shape=(210, 196, 768)  size=63.2MB
  [WRITE]  ISMN_SCAN_CPER                            s1_desc/l6 → s1_desc_l6.npy  shape=(210, 196, 768)  size=63.2MB
  [WRITE]  ISMN_SCAN_CPER                            s1_desc/l9 → s1_desc_l9.npy  shape=(210, 196, 768)  size=63.2MB
  [WRITE]  ISMN_SCAN_CacheJunction                   s2/l3 → s2_l3.npy  shape=(518, 196, 768)  size=155.9MB
  [WRITE]  ISMN_SCAN_CacheJunction                   s2/l6 → s2_l6.npy  shape=(518, 196, 768)  size=155.9MB
  [WRITE]  ISMN_SCAN_CacheJunction                   s2/l9 → s2_l9.npy  shape=(518, 196, 768)  size=155.9MB
  [WRITE]  ISMN_SCAN_CacheJunction                   s1_asc/l3 → s1_asc_l3.npy  shape=(250, 196, 768)  size=75.3MB
  [WRITE]  ISMN_SCAN_CacheJunction                   s1_asc/l6 → s1_asc_l6.npy  shape=(250, 196, 768)  size=75.3MB
  [WRITE]  ISMN_SCAN_CacheJunction                   s1_asc/l9 → s1_asc_l9.npy  shape=(250, 196, 768)  size=75.3MB
  [WRITE]  ISMN_SCAN_CacheJunction                   s1_desc/l3 → s1_desc_l3.npy  shape=(212, 196, 768)  size=63.8MB
  [WRITE]  ISMN_SCAN_CacheJunction                   s1_desc/l6 → s1_desc_l6.npy  shape=(212, 196, 768)  size=63.8MB
  [WRITE]  ISMN_SCAN_CacheJunction                   s1_desc/l9 → s1_desc_l9.npy  shape=(212, 196, 768)  size=63.8MB
  [WRITE]  ISMN_SCAN_CarverFarm                      s2/l3 → s2_l3.npy  shape=(95, 196, 768)  size=28.6MB
  [WRITE]  ISMN_SCAN_CarverFarm                      s2/l6 → s2_l6.npy  shape=(95, 196, 768)  size=28.6MB
  [WRITE]  ISMN_SCAN_CarverFarm                      s2/l9 → s2_l9.npy  shape=(95, 196, 768)  size=28.6MB
  [WRITE]  ISMN_SCAN_CarverFarm                      s1_asc/l3 → s1_asc_l3.npy  shape=(84, 196, 768)  size=25.3MB
  [WRITE]  ISMN_SCAN_CarverFarm                      s1_asc/l6 → s1_asc_l6.npy  shape=(84, 196, 768)  size=25.3MB
  [WRITE]  ISMN_SCAN_CarverFarm                      s1_asc/l9 → s1_asc_l9.npy  shape=(84, 196, 768)  size=25.3MB
  [WRITE]  ISMN_SCAN_CarverFarm                      s1_desc/l3 → s1_desc_l3.npy  shape=(1, 196, 768)  size=0.3MB
  [WRITE]  ISMN_SCAN_CarverFarm                      s1_desc/l6 → s1_desc_l6.npy  shape=(1, 196, 768)  size=0.3MB
  [WRITE]  ISMN_SCAN_CarverFarm                      s1_desc/l9 → s1_desc_l9.npy  shape=(1, 196, 768)  size=0.3MB
  [WRITE]  ISMN_SCAN_CaveValley                      s2/l3 → s2_l3.npy  shape=(533, 196, 768)  size=160.5MB
  [WRITE]  ISMN_SCAN_CaveValley                      s2/l6 → s2_l6.npy  shape=(533, 196, 768)  size=160.5MB
  [WRITE]  ISMN_SCAN_CaveValley                      s2/l9 → s2_l9.npy  shape=(533, 196, 768)  size=160.5MB
  [WRITE]  ISMN_SCAN_CaveValley                      s1_asc/l3 → s1_asc_l3.npy  shape=(144, 196, 768)  size=43.4MB
  [WRITE]  ISMN_SCAN_CaveValley                      s1_asc/l6 → s1_asc_l6.npy  shape=(144, 196, 768)  size=43.4MB
  [WRITE]  ISMN_SCAN_CaveValley                      s1_asc/l9 → s1_asc_l9.npy  shape=(144, 196, 768)  size=43.4MB
  [WRITE]  ISMN_SCAN_CaveValley                      s1_desc/l3 → s1_desc_l3.npy  shape=(164, 196, 768)  size=49.4MB
  [WRITE]  ISMN_SCAN_CaveValley                      s1_desc/l6 → s1_desc_l6.npy  shape=(164, 196, 768)  size=49.4MB
  [WRITE]  ISMN_SCAN_CaveValley                      s1_desc/l9 → s1_desc_l9.npy  shape=(164, 196, 768)  size=49.4MB
  [WRITE]  ISMN_SCAN_BraggFarm                       s2/l3 → s2_l3.npy  shape=(73, 196, 768)  size=22.0MB
  [WRITE]  ISMN_SCAN_BraggFarm                       s2/l6 → s2_l6.npy  shape=(73, 196, 768)  size=22.0MB
  [WRITE]  ISMN_SCAN_BraggFarm                       s2/l9 → s2_l9.npy  shape=(73, 196, 768)  size=22.0MB
  [WRITE]  ISMN_SCAN_BraggFarm                       s1_asc/l3 → s1_asc_l3.npy  shape=(89, 196, 768)  size=26.8MB
  [WRITE]  ISMN_SCAN_BraggFarm                       s1_asc/l6 → s1_asc_l6.npy  shape=(89, 196, 768)  size=26.8MB
  [WRITE]  ISMN_SCAN_BraggFarm                       s1_asc/l9 → s1_asc_l9.npy  shape=(89, 196, 768)  size=26.8MB
  [WRITE]  ISMN_SCAN_BraggFarm                       s1_desc/l3 → s1_desc_l3.npy  shape=(1, 196, 768)  size=0.3MB
  [WRITE]  ISMN_SCAN_BraggFarm                       s1_desc/l6 → s1_desc_l6.npy  shape=(1, 196, 768)  size=0.3MB
  [WRITE]  ISMN_SCAN_BraggFarm                       s1_desc/l9 → s1_desc_l9.npy  shape=(1, 196, 768)  size=0.3MB
  [WRITE]  ISMN_SCAN_Buckhorn                        s2/l3 → s2_l3.npy  shape=(414, 196, 768)  size=124.6MB
  [WRITE]  ISMN_SCAN_Buckhorn                        s2/l6 → s2_l6.npy  shape=(414, 196, 768)  size=124.6MB
  [WRITE]  ISMN_SCAN_Buckhorn                        s2/l9 → s2_l9.npy  shape=(414, 196, 768)  size=124.6MB
  [WRITE]  ISMN_SCAN_Buckhorn                        s1_asc/l3 → s1_asc_l3.npy  shape=(401, 196, 768)  size=120.7MB
  [WRITE]  ISMN_SCAN_Buckhorn                        s1_asc/l6 → s1_asc_l6.npy  shape=(401, 196, 768)  size=120.7MB
  [WRITE]  ISMN_SCAN_Buckhorn                        s1_asc/l9 → s1_asc_l9.npy  shape=(401, 196, 768)  size=120.7MB
  [WRITE]  ISMN_SCAN_Buckhorn                        s1_desc/l3 → s1_desc_l3.npy  shape=(148, 196, 768)  size=44.6MB
  [WRITE]  ISMN_SCAN_Buckhorn                        s1_desc/l6 → s1_desc_l6.npy  shape=(148, 196, 768)  size=44.6MB
  [WRITE]  ISMN_SCAN_Buckhorn                        s1_desc/l9 → s1_desc_l9.npy  shape=(148, 196, 768)  size=44.6MB
  [WRITE]  ISMN_SCAN_BuffaloJump                     s2/l3 → s2_l3.npy  shape=(330, 196, 768)  size=99.3MB
  [WRITE]  ISMN_SCAN_BuffaloJump                     s2/l6 → s2_l6.npy  shape=(330, 196, 768)  size=99.3MB
  [WRITE]  ISMN_SCAN_BuffaloJump                     s2/l9 → s2_l9.npy  shape=(330, 196, 768)  size=99.3MB
  [WRITE]  ISMN_SCAN_BuffaloJump                     s1_asc/l3 → s1_asc_l3.npy  shape=(144, 196, 768)  size=43.4MB
  [WRITE]  ISMN_SCAN_BuffaloJump                     s1_asc/l6 → s1_asc_l6.npy  shape=(144, 196, 768)  size=43.4MB
  [WRITE]  ISMN_SCAN_BuffaloJump                     s1_asc/l9 → s1_asc_l9.npy  shape=(144, 196, 768)  size=43.4MB
  [WRITE]  ISMN_SCAN_BuffaloJump                     s1_desc/l3 → s1_desc_l3.npy  shape=(491, 196, 768)  size=147.8MB
  [WRITE]  ISMN_SCAN_BuffaloJump                     s1_desc/l6 → s1_desc_l6.npy  shape=(491, 196, 768)  size=147.8MB
  [WRITE]  ISMN_SCAN_BuffaloJump                     s1_desc/l9 → s1_desc_l9.npy  shape=(491, 196, 768)  size=147.8MB
  [WRITE]  ISMN_SCAN_Bushland#1                      s2/l3 → s2_l3.npy  shape=(195, 196, 768)  size=58.7MB
  [WRITE]  ISMN_SCAN_Bushland#1                      s2/l6 → s2_l6.npy  shape=(195, 196, 768)  size=58.7MB
  [WRITE]  ISMN_SCAN_Bushland#1                      s2/l9 → s2_l9.npy  shape=(195, 196, 768)  size=58.7MB
  [WRITE]  ISMN_SCAN_Bushland#1                      s1_asc/l3 → s1_asc_l3.npy  shape=(225, 196, 768)  size=67.7MB
  [WRITE]  ISMN_SCAN_Bushland#1                      s1_asc/l6 → s1_asc_l6.npy  shape=(225, 196, 768)  size=67.7MB
  [WRITE]  ISMN_SCAN_Bushland#1                      s1_asc/l9 → s1_asc_l9.npy  shape=(225, 196, 768)  size=67.7MB
  [WRITE]  ISMN_SCAN_Bushland#1                      s1_desc/l3 → s1_desc_l3.npy  shape=(218, 196, 768)  size=65.6MB
  [WRITE]  ISMN_SCAN_Bushland#1                      s1_desc/l6 → s1_desc_l6.npy  shape=(218, 196, 768)  size=65.6MB
  [WRITE]  ISMN_SCAN_Bushland#1                      s1_desc/l9 → s1_desc_l9.npy  shape=(218, 196, 768)  size=65.6MB
  [WRITE]  ISMN_SCAN_StanleyFarm                     s2/l3 → s2_l3.npy  shape=(235, 196, 768)  size=70.7MB
  [WRITE]  ISMN_SCAN_StanleyFarm                     s2/l6 → s2_l6.npy  shape=(235, 196, 768)  size=70.7MB
  [WRITE]  ISMN_SCAN_StanleyFarm                     s2/l9 → s2_l9.npy  shape=(235, 196, 768)  size=70.7MB
  [WRITE]  ISMN_SCAN_StanleyFarm                     s1_asc/l3 → s1_asc_l3.npy  shape=(102, 196, 768)  size=30.7MB
  [WRITE]  ISMN_SCAN_StanleyFarm                     s1_asc/l6 → s1_asc_l6.npy  shape=(102, 196, 768)  size=30.7MB
  [WRITE]  ISMN_SCAN_StanleyFarm                     s1_asc/l9 → s1_asc_l9.npy  shape=(102, 196, 768)  size=30.7MB
  [WRITE]  ISMN_SCAN_Starkville                      s2/l3 → s2_l3.npy  shape=(180, 196, 768)  size=54.2MB
  [WRITE]  ISMN_SCAN_Starkville                      s2/l6 → s2_l6.npy  shape=(180, 196, 768)  size=54.2MB
  [WRITE]  ISMN_SCAN_Starkville                      s2/l9 → s2_l9.npy  shape=(180, 196, 768)  size=54.2MB
  [WRITE]  ISMN_SCAN_Starkville                      s1_asc/l3 → s1_asc_l3.npy  shape=(117, 196, 768)  size=35.2MB
  [WRITE]  ISMN_SCAN_Starkville                      s1_asc/l6 → s1_asc_l6.npy  shape=(117, 196, 768)  size=35.2MB
  [WRITE]  ISMN_SCAN_Starkville                      s1_asc/l9 → s1_asc_l9.npy  shape=(117, 196, 768)  size=35.2MB
  [WRITE]  ISMN_SCAN_Starkville                      s1_desc/l3 → s1_desc_l3.npy  shape=(5, 196, 768)  size=1.5MB
  [WRITE]  ISMN_SCAN_Starkville                      s1_desc/l6 → s1_desc_l6.npy  shape=(5, 196, 768)  size=1.5MB
  [WRITE]  ISMN_SCAN_Starkville                      s1_desc/l9 → s1_desc_l9.npy  shape=(5, 196, 768)  size=1.5MB
  [WRITE]  ISMN_SCAN_Stephenville                    s2/l3 → s2_l3.npy  shape=(102, 196, 768)  size=30.7MB
  [WRITE]  ISMN_SCAN_Stephenville                    s2/l6 → s2_l6.npy  shape=(102, 196, 768)  size=30.7MB
  [WRITE]  ISMN_SCAN_Stephenville                    s2/l9 → s2_l9.npy  shape=(102, 196, 768)  size=30.7MB
  [WRITE]  ISMN_SCAN_Stephenville                    s1_asc/l3 → s1_asc_l3.npy  shape=(108, 196, 768)  size=32.5MB
  [WRITE]  ISMN_SCAN_Stephenville                    s1_asc/l6 → s1_asc_l6.npy  shape=(108, 196, 768)  size=32.5MB
  [WRITE]  ISMN_SCAN_Stephenville                    s1_asc/l9 → s1_asc_l9.npy  shape=(108, 196, 768)  size=32.5MB
  [WRITE]  ISMN_SCAN_Stubblefield                    s2/l3 → s2_l3.npy  shape=(122, 196, 768)  size=36.7MB
  [WRITE]  ISMN_SCAN_Stubblefield                    s2/l6 → s2_l6.npy  shape=(122, 196, 768)  size=36.7MB
  [WRITE]  ISMN_SCAN_Stubblefield                    s2/l9 → s2_l9.npy  shape=(122, 196, 768)  size=36.7MB
  [WRITE]  ISMN_SCAN_Stubblefield                    s1_asc/l3 → s1_asc_l3.npy  shape=(104, 196, 768)  size=31.3MB
  [WRITE]  ISMN_SCAN_Stubblefield                    s1_asc/l6 → s1_asc_l6.npy  shape=(104, 196, 768)  size=31.3MB
  [WRITE]  ISMN_SCAN_Stubblefield                    s1_asc/l9 → s1_asc_l9.npy  shape=(104, 196, 768)  size=31.3MB
  [WRITE]  ISMN_SCAN_Stubblefield                    s1_desc/l3 → s1_desc_l3.npy  shape=(84, 196, 768)  size=25.3MB
  [WRITE]  ISMN_SCAN_Stubblefield                    s1_desc/l6 → s1_desc_l6.npy  shape=(84, 196, 768)  size=25.3MB
  [WRITE]  ISMN_SCAN_Stubblefield                    s1_desc/l9 → s1_desc_l9.npy  shape=(84, 196, 768)  size=25.3MB
  [WRITE]  ISMN_Berlin_PSA18Pfaueninsel              s2/l3 → s2_l3.npy  shape=(117, 196, 768)  size=35.2MB
  [WRITE]  ISMN_Berlin_PSA18Pfaueninsel              s2/l6 → s2_l6.npy  shape=(117, 196, 768)  size=35.2MB
  [WRITE]  ISMN_Berlin_PSA18Pfaueninsel              s2/l9 → s2_l9.npy  shape=(117, 196, 768)  size=35.2MB
  [WRITE]  ISMN_Berlin_PSA18Pfaueninsel              s1_asc/l3 → s1_asc_l3.npy  shape=(219, 196, 768)  size=65.9MB
  [WRITE]  ISMN_Berlin_PSA18Pfaueninsel              s1_asc/l6 → s1_asc_l6.npy  shape=(219, 196, 768)  size=65.9MB
  [WRITE]  ISMN_Berlin_PSA18Pfaueninsel              s1_asc/l9 → s1_asc_l9.npy  shape=(219, 196, 768)  size=65.9MB
  [WRITE]  ISMN_Berlin_PSA18Pfaueninsel              s1_desc/l3 → s1_desc_l3.npy  shape=(229, 196, 768)  size=68.9MB
  [WRITE]  ISMN_Berlin_PSA18Pfaueninsel              s1_desc/l6 → s1_desc_l6.npy  shape=(229, 196, 768)  size=68.9MB
  [WRITE]  ISMN_Berlin_PSA18Pfaueninsel              s1_desc/l9 → s1_desc_l9.npy  shape=(229, 196, 768)  size=68.9MB
  [WRITE]  ISMN_Berlin_PSA1BerlinerStr               s2/l3 → s2_l3.npy  shape=(118, 196, 768)  size=35.5MB
  [WRITE]  ISMN_Berlin_PSA1BerlinerStr               s2/l6 → s2_l6.npy  shape=(118, 196, 768)  size=35.5MB
  [WRITE]  ISMN_Berlin_PSA1BerlinerStr               s2/l9 → s2_l9.npy  shape=(118, 196, 768)  size=35.5MB
  [WRITE]  ISMN_Berlin_PSA1BerlinerStr               s1_asc/l3 → s1_asc_l3.npy  shape=(259, 196, 768)  size=78.0MB
  [WRITE]  ISMN_Berlin_PSA1BerlinerStr               s1_asc/l6 → s1_asc_l6.npy  shape=(259, 196, 768)  size=78.0MB
  [WRITE]  ISMN_Berlin_PSA1BerlinerStr               s1_asc/l9 → s1_asc_l9.npy  shape=(259, 196, 768)  size=78.0MB
  [WRITE]  ISMN_Berlin_PSA1BerlinerStr               s1_desc/l3 → s1_desc_l3.npy  shape=(260, 196, 768)  size=78.3MB
  [WRITE]  ISMN_Berlin_PSA1BerlinerStr               s1_desc/l6 → s1_desc_l6.npy  shape=(260, 196, 768)  size=78.3MB
  [WRITE]  ISMN_Berlin_PSA1BerlinerStr               s1_desc/l9 → s1_desc_l9.npy  shape=(260, 196, 768)  size=78.3MB
  [WRITE]  ISMN_Berlin_PSA2Tiergarten                s2/l3 → s2_l3.npy  shape=(208, 196, 768)  size=62.6MB
  [WRITE]  ISMN_Berlin_PSA2Tiergarten                s2/l6 → s2_l6.npy  shape=(208, 196, 768)  size=62.6MB
  [WRITE]  ISMN_Berlin_PSA2Tiergarten                s2/l9 → s2_l9.npy  shape=(208, 196, 768)  size=62.6MB
  [WRITE]  ISMN_Berlin_PSA2Tiergarten                s1_asc/l3 → s1_asc_l3.npy  shape=(402, 196, 768)  size=121.0MB
  [WRITE]  ISMN_Berlin_PSA2Tiergarten                s1_asc/l6 → s1_asc_l6.npy  shape=(402, 196, 768)  size=121.0MB
  [WRITE]  ISMN_Berlin_PSA2Tiergarten                s1_asc/l9 → s1_asc_l9.npy  shape=(402, 196, 768)  size=121.0MB
  [WRITE]  ISMN_Berlin_PSA2Tiergarten                s1_desc/l3 → s1_desc_l3.npy  shape=(408, 196, 768)  size=122.8MB
  [WRITE]  ISMN_Berlin_PSA2Tiergarten                s1_desc/l6 → s1_desc_l6.npy  shape=(408, 196, 768)  size=122.8MB
  [WRITE]  ISMN_Berlin_PSA2Tiergarten                s1_desc/l9 → s1_desc_l9.npy  shape=(408, 196, 768)  size=122.8MB
  [WRITE]  ISMN_Berlin_PSA4Heerstrasse               s2/l3 → s2_l3.npy  shape=(113, 196, 768)  size=34.0MB
  [WRITE]  ISMN_Berlin_PSA4Heerstrasse               s2/l6 → s2_l6.npy  shape=(113, 196, 768)  size=34.0MB
  [WRITE]  ISMN_Berlin_PSA4Heerstrasse               s2/l9 → s2_l9.npy  shape=(113, 196, 768)  size=34.0MB
  [WRITE]  ISMN_Berlin_PSA4Heerstrasse               s1_asc/l3 → s1_asc_l3.npy  shape=(256, 196, 768)  size=77.1MB
  [WRITE]  ISMN_Berlin_PSA4Heerstrasse               s1_asc/l6 → s1_asc_l6.npy  shape=(256, 196, 768)  size=77.1MB
  [WRITE]  ISMN_Berlin_PSA4Heerstrasse               s1_asc/l9 → s1_asc_l9.npy  shape=(256, 196, 768)  size=77.1MB
  [WRITE]  ISMN_Berlin_PSA4Heerstrasse               s1_desc/l3 → s1_desc_l3.npy  shape=(257, 196, 768)  size=77.4MB
  [WRITE]  ISMN_Berlin_PSA4Heerstrasse               s1_desc/l6 → s1_desc_l6.npy  shape=(257, 196, 768)  size=77.4MB
  [WRITE]  ISMN_Berlin_PSA4Heerstrasse               s1_desc/l9 → s1_desc_l9.npy  shape=(257, 196, 768)  size=77.4MB
  [WRITE]  ISMN_ARM_Marshall                         s2/l3 → s2_l3.npy  shape=(242, 196, 768)  size=72.9MB
  [WRITE]  ISMN_ARM_Marshall                         s2/l6 → s2_l6.npy  shape=(242, 196, 768)  size=72.9MB
  [WRITE]  ISMN_ARM_Marshall                         s2/l9 → s2_l9.npy  shape=(242, 196, 768)  size=72.9MB
  [WRITE]  ISMN_ARM_Marshall                         s1_asc/l3 → s1_asc_l3.npy  shape=(304, 196, 768)  size=91.5MB
  [WRITE]  ISMN_ARM_Marshall                         s1_asc/l6 → s1_asc_l6.npy  shape=(304, 196, 768)  size=91.5MB
  [WRITE]  ISMN_ARM_Marshall                         s1_asc/l9 → s1_asc_l9.npy  shape=(304, 196, 768)  size=91.5MB
  [WRITE]  ISMN_ARM_Medford                          s2/l3 → s2_l3.npy  shape=(655, 196, 768)  size=197.2MB
  [WRITE]  ISMN_ARM_Medford                          s2/l6 → s2_l6.npy  shape=(655, 196, 768)  size=197.2MB
  [WRITE]  ISMN_ARM_Medford                          s2/l9 → s2_l9.npy  shape=(655, 196, 768)  size=197.2MB
  [WRITE]  ISMN_ARM_Medford                          s1_asc/l3 → s1_asc_l3.npy  shape=(374, 196, 768)  size=112.6MB
  [WRITE]  ISMN_ARM_Medford                          s1_asc/l6 → s1_asc_l6.npy  shape=(374, 196, 768)  size=112.6MB
  [WRITE]  ISMN_ARM_Medford                          s1_asc/l9 → s1_asc_l9.npy  shape=(374, 196, 768)  size=112.6MB
  [WRITE]  ISMN_ARM_Morrison                         s2/l3 → s2_l3.npy  shape=(325, 196, 768)  size=97.8MB
  [WRITE]  ISMN_ARM_Morrison                         s2/l6 → s2_l6.npy  shape=(325, 196, 768)  size=97.8MB
  [WRITE]  ISMN_ARM_Morrison                         s2/l9 → s2_l9.npy  shape=(325, 196, 768)  size=97.8MB
  [WRITE]  ISMN_ARM_Morrison                         s1_asc/l3 → s1_asc_l3.npy  shape=(376, 196, 768)  size=113.2MB
  [WRITE]  ISMN_ARM_Morrison                         s1_asc/l6 → s1_asc_l6.npy  shape=(376, 196, 768)  size=113.2MB
  [WRITE]  ISMN_ARM_Morrison                         s1_asc/l9 → s1_asc_l9.npy  shape=(376, 196, 768)  size=113.2MB
  [WRITE]  ISMN_ARM_Newkirk                          s2/l3 → s2_l3.npy  shape=(307, 196, 768)  size=92.4MB
  [WRITE]  ISMN_ARM_Newkirk                          s2/l6 → s2_l6.npy  shape=(307, 196, 768)  size=92.4MB
  [WRITE]  ISMN_ARM_Newkirk                          s2/l9 → s2_l9.npy  shape=(307, 196, 768)  size=92.4MB
  [WRITE]  ISMN_ARM_Newkirk                          s1_asc/l3 → s1_asc_l3.npy  shape=(375, 196, 768)  size=112.9MB
  [WRITE]  ISMN_ARM_Newkirk                          s1_asc/l6 → s1_asc_l6.npy  shape=(375, 196, 768)  size=112.9MB
  [WRITE]  ISMN_ARM_Newkirk                          s1_asc/l9 → s1_asc_l9.npy  shape=(375, 196, 768)  size=112.9MB
  [WRITE]  ISMN_Berlin_PSA6Plaenterwald              s2/l3 → s2_l3.npy  shape=(188, 196, 768)  size=56.6MB
  [WRITE]  ISMN_Berlin_PSA6Plaenterwald              s2/l6 → s2_l6.npy  shape=(188, 196, 768)  size=56.6MB
  [WRITE]  ISMN_Berlin_PSA6Plaenterwald              s2/l9 → s2_l9.npy  shape=(188, 196, 768)  size=56.6MB
  [WRITE]  ISMN_Berlin_PSA6Plaenterwald              s1_asc/l3 → s1_asc_l3.npy  shape=(402, 196, 768)  size=121.0MB
  [WRITE]  ISMN_Berlin_PSA6Plaenterwald              s1_asc/l6 → s1_asc_l6.npy  shape=(402, 196, 768)  size=121.0MB
  [WRITE]  ISMN_Berlin_PSA6Plaenterwald              s1_asc/l9 → s1_asc_l9.npy  shape=(402, 196, 768)  size=121.0MB
  [WRITE]  ISMN_Berlin_PSA6Plaenterwald              s1_desc/l3 → s1_desc_l3.npy  shape=(407, 196, 768)  size=122.5MB
  [WRITE]  ISMN_Berlin_PSA6Plaenterwald              s1_desc/l6 → s1_desc_l6.npy  shape=(407, 196, 768)  size=122.5MB
  [WRITE]  ISMN_Berlin_PSA6Plaenterwald              s1_desc/l9 → s1_desc_l9.npy  shape=(407, 196, 768)  size=122.5MB
  [WRITE]  ISMN_Berlin_PSA7Ruebezahl                 s2/l3 → s2_l3.npy  shape=(156, 196, 768)  size=47.0MB
  [WRITE]  ISMN_Berlin_PSA7Ruebezahl                 s2/l6 → s2_l6.npy  shape=(156, 196, 768)  size=47.0MB
  [WRITE]  ISMN_Berlin_PSA7Ruebezahl                 s2/l9 → s2_l9.npy  shape=(156, 196, 768)  size=47.0MB
  [WRITE]  ISMN_Berlin_PSA7Ruebezahl                 s1_asc/l3 → s1_asc_l3.npy  shape=(333, 196, 768)  size=100.3MB
  [WRITE]  ISMN_Berlin_PSA7Ruebezahl                 s1_asc/l6 → s1_asc_l6.npy  shape=(333, 196, 768)  size=100.3MB
  [WRITE]  ISMN_Berlin_PSA7Ruebezahl                 s1_asc/l9 → s1_asc_l9.npy  shape=(333, 196, 768)  size=100.3MB
  [WRITE]  ISMN_Berlin_PSA7Ruebezahl                 s1_desc/l3 → s1_desc_l3.npy  shape=(334, 196, 768)  size=100.6MB
  [WRITE]  ISMN_Berlin_PSA7Ruebezahl                 s1_desc/l6 → s1_desc_l6.npy  shape=(334, 196, 768)  size=100.6MB
  [WRITE]  ISMN_Berlin_PSA7Ruebezahl                 s1_desc/l9 → s1_desc_l9.npy  shape=(334, 196, 768)  size=100.6MB
  [WRITE]  ISMN_Berlin_PflABerlin11Humb              s2/l3 → s2_l3.npy  shape=(127, 196, 768)  size=38.2MB
  [WRITE]  ISMN_Berlin_PflABerlin11Humb              s2/l6 → s2_l6.npy  shape=(127, 196, 768)  size=38.2MB
  [WRITE]  ISMN_Berlin_PflABerlin11Humb              s2/l9 → s2_l9.npy  shape=(127, 196, 768)  size=38.2MB
  [WRITE]  ISMN_Berlin_PflABerlin11Humb              s1_asc/l3 → s1_asc_l3.npy  shape=(221, 196, 768)  size=66.5MB
  [WRITE]  ISMN_Berlin_PflABerlin11Humb              s1_asc/l6 → s1_asc_l6.npy  shape=(221, 196, 768)  size=66.5MB
  [WRITE]  ISMN_Berlin_PflABerlin11Humb              s1_asc/l9 → s1_asc_l9.npy  shape=(221, 196, 768)  size=66.5MB
  [WRITE]  ISMN_Berlin_PflABerlin11Humb              s1_desc/l3 → s1_desc_l3.npy  shape=(232, 196, 768)  size=69.8MB
  [WRITE]  ISMN_Berlin_PflABerlin11Humb              s1_desc/l6 → s1_desc_l6.npy  shape=(232, 196, 768)  size=69.8MB
  [WRITE]  ISMN_Berlin_PflABerlin11Humb              s1_desc/l9 → s1_desc_l9.npy  shape=(232, 196, 768)  size=69.8MB
  [WRITE]  ISMN_Berlin_PflABerlin12Schi              s2/l3 → s2_l3.npy  shape=(120, 196, 768)  size=36.1MB
  [WRITE]  ISMN_Berlin_PflABerlin12Schi              s2/l6 → s2_l6.npy  shape=(120, 196, 768)  size=36.1MB
  [WRITE]  ISMN_Berlin_PflABerlin12Schi              s2/l9 → s2_l9.npy  shape=(120, 196, 768)  size=36.1MB
  [WRITE]  ISMN_Berlin_PflABerlin12Schi              s1_asc/l3 → s1_asc_l3.npy  shape=(200, 196, 768)  size=60.2MB
  [WRITE]  ISMN_Berlin_PflABerlin12Schi              s1_asc/l6 → s1_asc_l6.npy  shape=(200, 196, 768)  size=60.2MB
  [WRITE]  ISMN_Berlin_PflABerlin12Schi              s1_asc/l9 → s1_asc_l9.npy  shape=(200, 196, 768)  size=60.2MB
  [WRITE]  ISMN_Berlin_PflABerlin12Schi              s1_desc/l3 → s1_desc_l3.npy  shape=(232, 196, 768)  size=69.8MB
  [WRITE]  ISMN_Berlin_PflABerlin12Schi              s1_desc/l6 → s1_desc_l6.npy  shape=(232, 196, 768)  size=69.8MB
  [WRITE]  ISMN_Berlin_PflABerlin12Schi              s1_desc/l9 → s1_desc_l9.npy  shape=(232, 196, 768)  size=69.8MB
  [WRITE]  ISMN_REMEDHUS_ElTomillar                  s2/l3 → s2_l3.npy  shape=(134, 196, 768)  size=40.3MB
  [WRITE]  ISMN_REMEDHUS_ElTomillar                  s2/l6 → s2_l6.npy  shape=(134, 196, 768)  size=40.3MB
  [WRITE]  ISMN_REMEDHUS_ElTomillar                  s2/l9 → s2_l9.npy  shape=(134, 196, 768)  size=40.3MB
  [WRITE]  ISMN_REMEDHUS_ElTomillar                  s1_asc/l3 → s1_asc_l3.npy  shape=(137, 196, 768)  size=41.2MB
  [WRITE]  ISMN_REMEDHUS_ElTomillar                  s1_asc/l6 → s1_asc_l6.npy  shape=(137, 196, 768)  size=41.2MB
  [WRITE]  ISMN_REMEDHUS_ElTomillar                  s1_asc/l9 → s1_asc_l9.npy  shape=(137, 196, 768)  size=41.2MB
  [WRITE]  ISMN_REMEDHUS_ElTomillar                  s1_desc/l3 → s1_desc_l3.npy  shape=(139, 196, 768)  size=41.8MB
  [WRITE]  ISMN_REMEDHUS_ElTomillar                  s1_desc/l6 → s1_desc_l6.npy  shape=(139, 196, 768)  size=41.8MB
  [WRITE]  ISMN_REMEDHUS_ElTomillar                  s1_desc/l9 → s1_desc_l9.npy  shape=(139, 196, 768)  size=41.8MB
  [WRITE]  ISMN_REMEDHUS_Granja-g                    s2/l3 → s2_l3.npy  shape=(273, 196, 768)  size=82.2MB
  [WRITE]  ISMN_REMEDHUS_Granja-g                    s2/l6 → s2_l6.npy  shape=(273, 196, 768)  size=82.2MB
  [WRITE]  ISMN_REMEDHUS_Granja-g                    s2/l9 → s2_l9.npy  shape=(273, 196, 768)  size=82.2MB
  [WRITE]  ISMN_REMEDHUS_Granja-g                    s1_asc/l3 → s1_asc_l3.npy  shape=(686, 196, 768)  size=206.5MB
  [WRITE]  ISMN_REMEDHUS_Granja-g                    s1_asc/l6 → s1_asc_l6.npy  shape=(686, 196, 768)  size=206.5MB
  [WRITE]  ISMN_REMEDHUS_Granja-g                    s1_asc/l9 → s1_asc_l9.npy  shape=(686, 196, 768)  size=206.5MB
  [WRITE]  ISMN_REMEDHUS_Granja-g                    s1_desc/l3 → s1_desc_l3.npy  shape=(340, 196, 768)  size=102.4MB
  [WRITE]  ISMN_REMEDHUS_Granja-g                    s1_desc/l6 → s1_desc_l6.npy  shape=(340, 196, 768)  size=102.4MB
  [WRITE]  ISMN_REMEDHUS_Granja-g                    s1_desc/l9 → s1_desc_l9.npy  shape=(340, 196, 768)  size=102.4MB
  [WRITE]  ISMN_REMEDHUS_Guarrati                    s2/l3 → s2_l3.npy  shape=(75, 196, 768)  size=22.6MB
  [WRITE]  ISMN_REMEDHUS_Guarrati                    s2/l6 → s2_l6.npy  shape=(75, 196, 768)  size=22.6MB
  [WRITE]  ISMN_REMEDHUS_Guarrati                    s2/l9 → s2_l9.npy  shape=(75, 196, 768)  size=22.6MB
  [WRITE]  ISMN_REMEDHUS_Guarrati                    s1_asc/l3 → s1_asc_l3.npy  shape=(154, 196, 768)  size=46.4MB
  [WRITE]  ISMN_REMEDHUS_Guarrati                    s1_asc/l6 → s1_asc_l6.npy  shape=(154, 196, 768)  size=46.4MB
  [WRITE]  ISMN_REMEDHUS_Guarrati                    s1_asc/l9 → s1_asc_l9.npy  shape=(154, 196, 768)  size=46.4MB
  [WRITE]  ISMN_REMEDHUS_Guarrati                    s1_desc/l3 → s1_desc_l3.npy  shape=(149, 196, 768)  size=44.9MB
  [WRITE]  ISMN_REMEDHUS_Guarrati                    s1_desc/l6 → s1_desc_l6.npy  shape=(149, 196, 768)  size=44.9MB
  [WRITE]  ISMN_REMEDHUS_Guarrati                    s1_desc/l9 → s1_desc_l9.npy  shape=(149, 196, 768)  size=44.9MB
  [WRITE]  ISMN_REMEDHUS_LaCruzdeElias               s2/l3 → s2_l3.npy  shape=(149, 196, 768)  size=44.9MB
  [WRITE]  ISMN_REMEDHUS_LaCruzdeElias               s2/l6 → s2_l6.npy  shape=(149, 196, 768)  size=44.9MB
  [WRITE]  ISMN_REMEDHUS_LaCruzdeElias               s2/l9 → s2_l9.npy  shape=(149, 196, 768)  size=44.9MB
  [WRITE]  ISMN_REMEDHUS_LaCruzdeElias               s1_asc/l3 → s1_asc_l3.npy  shape=(517, 196, 768)  size=155.6MB
  [WRITE]  ISMN_REMEDHUS_LaCruzdeElias               s1_asc/l6 → s1_asc_l6.npy  shape=(517, 196, 768)  size=155.6MB
  [WRITE]  ISMN_REMEDHUS_LaCruzdeElias               s1_asc/l9 → s1_asc_l9.npy  shape=(517, 196, 768)  size=155.6MB
  [WRITE]  ISMN_REMEDHUS_LaCruzdeElias               s1_desc/l3 → s1_desc_l3.npy  shape=(254, 196, 768)  size=76.5MB
  [WRITE]  ISMN_REMEDHUS_LaCruzdeElias               s1_desc/l6 → s1_desc_l6.npy  shape=(254, 196, 768)  size=76.5MB
  [WRITE]  ISMN_REMEDHUS_LaCruzdeElias               s1_desc/l9 → s1_desc_l9.npy  shape=(254, 196, 768)  size=76.5MB
  [WRITE]  ISMN_SCAN_Grantsville                     s2/l3 → s2_l3.npy  shape=(205, 196, 768)  size=61.7MB
  [WRITE]  ISMN_SCAN_Grantsville                     s2/l6 → s2_l6.npy  shape=(205, 196, 768)  size=61.7MB
  [WRITE]  ISMN_SCAN_Grantsville                     s2/l9 → s2_l9.npy  shape=(205, 196, 768)  size=61.7MB
  [WRITE]  ISMN_SCAN_Grantsville                     s1_asc/l3 → s1_asc_l3.npy  shape=(73, 196, 768)  size=22.0MB
  [WRITE]  ISMN_SCAN_Grantsville                     s1_asc/l6 → s1_asc_l6.npy  shape=(73, 196, 768)  size=22.0MB
  [WRITE]  ISMN_SCAN_Grantsville                     s1_asc/l9 → s1_asc_l9.npy  shape=(73, 196, 768)  size=22.0MB
  [WRITE]  ISMN_SCAN_Grantsville                     s1_desc/l3 → s1_desc_l3.npy  shape=(84, 196, 768)  size=25.3MB
  [WRITE]  ISMN_SCAN_Grantsville                     s1_desc/l6 → s1_desc_l6.npy  shape=(84, 196, 768)  size=25.3MB
  [WRITE]  ISMN_SCAN_Grantsville                     s1_desc/l9 → s1_desc_l9.npy  shape=(84, 196, 768)  size=25.3MB
  [WRITE]  ISMN_SCAN_GreenRiver                      s2/l3 → s2_l3.npy  shape=(753, 196, 768)  size=226.7MB
  [WRITE]  ISMN_SCAN_GreenRiver                      s2/l6 → s2_l6.npy  shape=(753, 196, 768)  size=226.7MB
  [WRITE]  ISMN_SCAN_GreenRiver                      s2/l9 → s2_l9.npy  shape=(753, 196, 768)  size=226.7MB
  [WRITE]  ISMN_SCAN_GreenRiver                      s1_asc/l3 → s1_asc_l3.npy  shape=(96, 196, 768)  size=28.9MB
  [WRITE]  ISMN_SCAN_GreenRiver                      s1_asc/l6 → s1_asc_l6.npy  shape=(96, 196, 768)  size=28.9MB
  [WRITE]  ISMN_SCAN_GreenRiver                      s1_asc/l9 → s1_asc_l9.npy  shape=(96, 196, 768)  size=28.9MB
  [WRITE]  ISMN_SCAN_GreenRiver                      s1_desc/l3 → s1_desc_l3.npy  shape=(196, 196, 768)  size=59.0MB
  [WRITE]  ISMN_SCAN_GreenRiver                      s1_desc/l6 → s1_desc_l6.npy  shape=(196, 196, 768)  size=59.0MB
  [WRITE]  ISMN_SCAN_GreenRiver                      s1_desc/l9 → s1_desc_l9.npy  shape=(196, 196, 768)  size=59.0MB
  [WRITE]  ISMN_SCAN_GrouseCreek                     s2/l3 → s2_l3.npy  shape=(624, 196, 768)  size=187.9MB
  [WRITE]  ISMN_SCAN_GrouseCreek                     s2/l6 → s2_l6.npy  shape=(624, 196, 768)  size=187.9MB
  [WRITE]  ISMN_SCAN_GrouseCreek                     s2/l9 → s2_l9.npy  shape=(624, 196, 768)  size=187.9MB
  [WRITE]  ISMN_SCAN_GrouseCreek                     s1_asc/l3 → s1_asc_l3.npy  shape=(252, 196, 768)  size=75.9MB
  [WRITE]  ISMN_SCAN_GrouseCreek                     s1_asc/l6 → s1_asc_l6.npy  shape=(252, 196, 768)  size=75.9MB
  [WRITE]  ISMN_SCAN_GrouseCreek                     s1_asc/l9 → s1_asc_l9.npy  shape=(252, 196, 768)  size=75.9MB
  [WRITE]  ISMN_SCAN_GrouseCreek                     s1_desc/l3 → s1_desc_l3.npy  shape=(122, 196, 768)  size=36.7MB
  [WRITE]  ISMN_SCAN_GrouseCreek                     s1_desc/l6 → s1_desc_l6.npy  shape=(122, 196, 768)  size=36.7MB
  [WRITE]  ISMN_SCAN_GrouseCreek                     s1_desc/l9 → s1_desc_l9.npy  shape=(122, 196, 768)  size=36.7MB
  [WRITE]  ISMN_SCAN_HalsCanyon                      s2/l3 → s2_l3.npy  shape=(162, 196, 768)  size=48.8MB
  [WRITE]  ISMN_SCAN_HalsCanyon                      s2/l6 → s2_l6.npy  shape=(162, 196, 768)  size=48.8MB
  [WRITE]  ISMN_SCAN_HalsCanyon                      s2/l9 → s2_l9.npy  shape=(162, 196, 768)  size=48.8MB
  [WRITE]  ISMN_SCAN_HalsCanyon                      s1_asc/l3 → s1_asc_l3.npy  shape=(79, 196, 768)  size=23.8MB
  [WRITE]  ISMN_SCAN_HalsCanyon                      s1_asc/l6 → s1_asc_l6.npy  shape=(79, 196, 768)  size=23.8MB
  [WRITE]  ISMN_SCAN_HalsCanyon                      s1_asc/l9 → s1_asc_l9.npy  shape=(79, 196, 768)  size=23.8MB
  [WRITE]  ISMN_SCAN_HalsCanyon                      s1_desc/l3 → s1_desc_l3.npy  shape=(361, 196, 768)  size=108.7MB
  [WRITE]  ISMN_SCAN_HalsCanyon                      s1_desc/l6 → s1_desc_l6.npy  shape=(361, 196, 768)  size=108.7MB
  [WRITE]  ISMN_SCAN_HalsCanyon                      s1_desc/l9 → s1_desc_l9.npy  shape=(361, 196, 768)  size=108.7MB
  [WRITE]  ISMN_FR_Aqui_parcmeteo                    s2/l3 → s2_l3.npy  shape=(118, 196, 768)  size=35.5MB
  [WRITE]  ISMN_FR_Aqui_parcmeteo                    s2/l6 → s2_l6.npy  shape=(118, 196, 768)  size=35.5MB
  [WRITE]  ISMN_FR_Aqui_parcmeteo                    s2/l9 → s2_l9.npy  shape=(118, 196, 768)  size=35.5MB
  [WRITE]  ISMN_FR_Aqui_parcmeteo                    s1_asc/l3 → s1_asc_l3.npy  shape=(255, 196, 768)  size=76.8MB
  [WRITE]  ISMN_FR_Aqui_parcmeteo                    s1_asc/l6 → s1_asc_l6.npy  shape=(255, 196, 768)  size=76.8MB
  [WRITE]  ISMN_FR_Aqui_parcmeteo                    s1_asc/l9 → s1_asc_l9.npy  shape=(255, 196, 768)  size=76.8MB
  [WRITE]  ISMN_FR_Aqui_parcmeteo                    s1_desc/l3 → s1_desc_l3.npy  shape=(525, 196, 768)  size=158.1MB
  [WRITE]  ISMN_FR_Aqui_parcmeteo                    s1_desc/l6 → s1_desc_l6.npy  shape=(525, 196, 768)  size=158.1MB
  [WRITE]  ISMN_FR_Aqui_parcmeteo                    s1_desc/l9 → s1_desc_l9.npy  shape=(525, 196, 768)  size=158.1MB
  [WRITE]  ISMN_HOBE_1.05                            s2/l3 → s2_l3.npy  shape=(66, 196, 768)  size=19.9MB
  [WRITE]  ISMN_HOBE_1.05                            s2/l6 → s2_l6.npy  shape=(66, 196, 768)  size=19.9MB
  [WRITE]  ISMN_HOBE_1.05                            s2/l9 → s2_l9.npy  shape=(66, 196, 768)  size=19.9MB
  [WRITE]  ISMN_HOBE_1.05                            s1_asc/l3 → s1_asc_l3.npy  shape=(304, 196, 768)  size=91.5MB
  [WRITE]  ISMN_HOBE_1.05                            s1_asc/l6 → s1_asc_l6.npy  shape=(304, 196, 768)  size=91.5MB
  [WRITE]  ISMN_HOBE_1.05                            s1_asc/l9 → s1_asc_l9.npy  shape=(304, 196, 768)  size=91.5MB
  [WRITE]  ISMN_HOBE_1.05                            s1_desc/l3 → s1_desc_l3.npy  shape=(346, 196, 768)  size=104.2MB
  [WRITE]  ISMN_HOBE_1.05                            s1_desc/l6 → s1_desc_l6.npy  shape=(346, 196, 768)  size=104.2MB
  [WRITE]  ISMN_HOBE_1.05                            s1_desc/l9 → s1_desc_l9.npy  shape=(346, 196, 768)  size=104.2MB
  [WRITE]  ISMN_HOBE_1.07                            s2/l3 → s2_l3.npy  shape=(70, 196, 768)  size=21.1MB
  [WRITE]  ISMN_HOBE_1.07                            s2/l6 → s2_l6.npy  shape=(70, 196, 768)  size=21.1MB
  [WRITE]  ISMN_HOBE_1.07                            s2/l9 → s2_l9.npy  shape=(70, 196, 768)  size=21.1MB
  [WRITE]  ISMN_HOBE_1.07                            s1_asc/l3 → s1_asc_l3.npy  shape=(303, 196, 768)  size=91.2MB
  [WRITE]  ISMN_HOBE_1.07                            s1_asc/l6 → s1_asc_l6.npy  shape=(303, 196, 768)  size=91.2MB
  [WRITE]  ISMN_HOBE_1.07                            s1_asc/l9 → s1_asc_l9.npy  shape=(303, 196, 768)  size=91.2MB
  [WRITE]  ISMN_HOBE_1.07                            s1_desc/l3 → s1_desc_l3.npy  shape=(306, 196, 768)  size=92.1MB
  [WRITE]  ISMN_HOBE_1.07                            s1_desc/l6 → s1_desc_l6.npy  shape=(306, 196, 768)  size=92.1MB
  [WRITE]  ISMN_HOBE_1.07                            s1_desc/l9 → s1_desc_l9.npy  shape=(306, 196, 768)  size=92.1MB
  [WRITE]  ISMN_HOBE_2.01                            s2/l3 → s2_l3.npy  shape=(63, 196, 768)  size=19.0MB
  [WRITE]  ISMN_HOBE_2.01                            s2/l6 → s2_l6.npy  shape=(63, 196, 768)  size=19.0MB
  [WRITE]  ISMN_HOBE_2.01                            s2/l9 → s2_l9.npy  shape=(63, 196, 768)  size=19.0MB
  [WRITE]  ISMN_HOBE_2.01                            s1_asc/l3 → s1_asc_l3.npy  shape=(305, 196, 768)  size=91.8MB
  [WRITE]  ISMN_HOBE_2.01                            s1_asc/l6 → s1_asc_l6.npy  shape=(305, 196, 768)  size=91.8MB
  [WRITE]  ISMN_HOBE_2.01                            s1_asc/l9 → s1_asc_l9.npy  shape=(305, 196, 768)  size=91.8MB
  [WRITE]  ISMN_HOBE_2.01                            s1_desc/l3 → s1_desc_l3.npy  shape=(303, 196, 768)  size=91.2MB
  [WRITE]  ISMN_HOBE_2.01                            s1_desc/l6 → s1_desc_l6.npy  shape=(303, 196, 768)  size=91.2MB
  [WRITE]  ISMN_HOBE_2.01                            s1_desc/l9 → s1_desc_l9.npy  shape=(303, 196, 768)  size=91.2MB
  [WRITE]  ISMN_SCAN_Mandan#1                        s2/l3 → s2_l3.npy  shape=(274, 196, 768)  size=82.5MB
  [WRITE]  ISMN_SCAN_Mandan#1                        s2/l6 → s2_l6.npy  shape=(274, 196, 768)  size=82.5MB
  [WRITE]  ISMN_SCAN_Mandan#1                        s2/l9 → s2_l9.npy  shape=(274, 196, 768)  size=82.5MB
  [WRITE]  ISMN_SCAN_Mandan#1                        s1_asc/l3 → s1_asc_l3.npy  shape=(436, 196, 768)  size=131.3MB
  [WRITE]  ISMN_SCAN_Mandan#1                        s1_asc/l6 → s1_asc_l6.npy  shape=(436, 196, 768)  size=131.3MB
  [WRITE]  ISMN_SCAN_Mandan#1                        s1_asc/l9 → s1_asc_l9.npy  shape=(436, 196, 768)  size=131.3MB
  [WRITE]  ISMN_SCAN_Mandan#1                        s1_desc/l3 → s1_desc_l3.npy  shape=(222, 196, 768)  size=66.8MB
  [WRITE]  ISMN_SCAN_Mandan#1                        s1_desc/l6 → s1_desc_l6.npy  shape=(222, 196, 768)  size=66.8MB
  [WRITE]  ISMN_SCAN_Mandan#1                        s1_desc/l9 → s1_desc_l9.npy  shape=(222, 196, 768)  size=66.8MB
  [WRITE]  ISMN_SCAN_Manderfield                     s2/l3 → s2_l3.npy  shape=(747, 196, 768)  size=224.9MB
  [WRITE]  ISMN_SCAN_Manderfield                     s2/l6 → s2_l6.npy  shape=(747, 196, 768)  size=224.9MB
  [WRITE]  ISMN_SCAN_Manderfield                     s2/l9 → s2_l9.npy  shape=(747, 196, 768)  size=224.9MB
  [WRITE]  ISMN_SCAN_Manderfield                     s1_asc/l3 → s1_asc_l3.npy  shape=(143, 196, 768)  size=43.1MB
  [WRITE]  ISMN_SCAN_Manderfield                     s1_asc/l6 → s1_asc_l6.npy  shape=(143, 196, 768)  size=43.1MB
  [WRITE]  ISMN_SCAN_Manderfield                     s1_asc/l9 → s1_asc_l9.npy  shape=(143, 196, 768)  size=43.1MB
  [WRITE]  ISMN_SCAN_Manderfield                     s1_desc/l3 → s1_desc_l3.npy  shape=(252, 196, 768)  size=75.9MB
  [WRITE]  ISMN_SCAN_Manderfield                     s1_desc/l6 → s1_desc_l6.npy  shape=(252, 196, 768)  size=75.9MB
  [WRITE]  ISMN_SCAN_Manderfield                     s1_desc/l9 → s1_desc_l9.npy  shape=(252, 196, 768)  size=75.9MB
  [WRITE]  ISMN_SCAN_MarbleCreek                     s2/l3 → s2_l3.npy  shape=(480, 196, 768)  size=144.5MB
  [WRITE]  ISMN_SCAN_MarbleCreek                     s2/l6 → s2_l6.npy  shape=(480, 196, 768)  size=144.5MB
  [WRITE]  ISMN_SCAN_MarbleCreek                     s2/l9 → s2_l9.npy  shape=(480, 196, 768)  size=144.5MB
  [WRITE]  ISMN_SCAN_MarbleCreek                     s1_asc/l3 → s1_asc_l3.npy  shape=(174, 196, 768)  size=52.4MB
  [WRITE]  ISMN_SCAN_MarbleCreek                     s1_asc/l6 → s1_asc_l6.npy  shape=(174, 196, 768)  size=52.4MB
  [WRITE]  ISMN_SCAN_MarbleCreek                     s1_asc/l9 → s1_asc_l9.npy  shape=(174, 196, 768)  size=52.4MB
  [WRITE]  ISMN_SCAN_MarbleCreek                     s1_desc/l3 → s1_desc_l3.npy  shape=(178, 196, 768)  size=53.6MB
  [WRITE]  ISMN_SCAN_MarbleCreek                     s1_desc/l6 → s1_desc_l6.npy  shape=(178, 196, 768)  size=53.6MB
  [WRITE]  ISMN_SCAN_MarbleCreek                     s1_desc/l9 → s1_desc_l9.npy  shape=(178, 196, 768)  size=53.6MB
  [WRITE]  ISMN_SCAN_MaricaoForest                   s2/l3 → s2_l3.npy  shape=(16, 196, 768)  size=4.8MB
  [WRITE]  ISMN_SCAN_MaricaoForest                   s2/l6 → s2_l6.npy  shape=(16, 196, 768)  size=4.8MB
  [WRITE]  ISMN_SCAN_MaricaoForest                   s2/l9 → s2_l9.npy  shape=(16, 196, 768)  size=4.8MB
  [WRITE]  ISMN_SCAN_MaricaoForest                   s1_asc/l3 → s1_asc_l3.npy  shape=(39, 196, 768)  size=11.7MB
  [WRITE]  ISMN_SCAN_MaricaoForest                   s1_asc/l6 → s1_asc_l6.npy  shape=(39, 196, 768)  size=11.7MB
  [WRITE]  ISMN_SCAN_MaricaoForest                   s1_asc/l9 → s1_asc_l9.npy  shape=(39, 196, 768)  size=11.7MB
  [WRITE]  ISMN_SCAN_MaricaoForest                   s1_desc/l3 → s1_desc_l3.npy  shape=(42, 196, 768)  size=12.6MB
  [WRITE]  ISMN_SCAN_MaricaoForest                   s1_desc/l6 → s1_desc_l6.npy  shape=(42, 196, 768)  size=12.6MB
  [WRITE]  ISMN_SCAN_MaricaoForest                   s1_desc/l9 → s1_desc_l9.npy  shape=(42, 196, 768)  size=12.6MB
  [WRITE]  ISMN_SCAN_LittleRedFox                    s2/l3 → s2_l3.npy  shape=(398, 196, 768)  size=119.8MB
  [WRITE]  ISMN_SCAN_LittleRedFox                    s2/l6 → s2_l6.npy  shape=(398, 196, 768)  size=119.8MB
  [WRITE]  ISMN_SCAN_LittleRedFox                    s2/l9 → s2_l9.npy  shape=(398, 196, 768)  size=119.8MB
  [WRITE]  ISMN_SCAN_LittleRedFox                    s1_asc/l3 → s1_asc_l3.npy  shape=(136, 196, 768)  size=40.9MB
  [WRITE]  ISMN_SCAN_LittleRedFox                    s1_asc/l6 → s1_asc_l6.npy  shape=(136, 196, 768)  size=40.9MB
  [WRITE]  ISMN_SCAN_LittleRedFox                    s1_asc/l9 → s1_asc_l9.npy  shape=(136, 196, 768)  size=40.9MB
  [WRITE]  ISMN_SCAN_LittleRedFox                    s1_desc/l3 → s1_desc_l3.npy  shape=(235, 196, 768)  size=70.7MB
  [WRITE]  ISMN_SCAN_LittleRedFox                    s1_desc/l6 → s1_desc_l6.npy  shape=(235, 196, 768)  size=70.7MB
  [WRITE]  ISMN_SCAN_LittleRedFox                    s1_desc/l9 → s1_desc_l9.npy  shape=(235, 196, 768)  size=70.7MB
  [WRITE]  ISMN_SCAN_LittleRiver                     s2/l3 → s2_l3.npy  shape=(108, 196, 768)  size=32.5MB
  [WRITE]  ISMN_SCAN_LittleRiver                     s2/l6 → s2_l6.npy  shape=(108, 196, 768)  size=32.5MB
  [WRITE]  ISMN_SCAN_LittleRiver                     s2/l9 → s2_l9.npy  shape=(108, 196, 768)  size=32.5MB
  [WRITE]  ISMN_SCAN_LittleRiver                     s1_asc/l3 → s1_asc_l3.npy  shape=(137, 196, 768)  size=41.2MB
  [WRITE]  ISMN_SCAN_LittleRiver                     s1_asc/l6 → s1_asc_l6.npy  shape=(137, 196, 768)  size=41.2MB
  [WRITE]  ISMN_SCAN_LittleRiver                     s1_asc/l9 → s1_asc_l9.npy  shape=(137, 196, 768)  size=41.2MB
  [WRITE]  ISMN_SCAN_LittleRiver                     s1_desc/l3 → s1_desc_l3.npy  shape=(2, 196, 768)  size=0.6MB
  [WRITE]  ISMN_SCAN_LittleRiver                     s1_desc/l6 → s1_desc_l6.npy  shape=(2, 196, 768)  size=0.6MB
  [WRITE]  ISMN_SCAN_LittleRiver                     s1_desc/l9 → s1_desc_l9.npy  shape=(2, 196, 768)  size=0.6MB
  [WRITE]  ISMN_SCAN_LosLunasPMC                     s2/l3 → s2_l3.npy  shape=(383, 196, 768)  size=115.3MB
  [WRITE]  ISMN_SCAN_LosLunasPMC                     s2/l6 → s2_l6.npy  shape=(383, 196, 768)  size=115.3MB
  [WRITE]  ISMN_SCAN_LosLunasPMC                     s2/l9 → s2_l9.npy  shape=(383, 196, 768)  size=115.3MB
  [WRITE]  ISMN_SCAN_LosLunasPMC                     s1_asc/l3 → s1_asc_l3.npy  shape=(145, 196, 768)  size=43.7MB
  [WRITE]  ISMN_SCAN_LosLunasPMC                     s1_asc/l6 → s1_asc_l6.npy  shape=(145, 196, 768)  size=43.7MB
  [WRITE]  ISMN_SCAN_LosLunasPMC                     s1_asc/l9 → s1_asc_l9.npy  shape=(145, 196, 768)  size=43.7MB
  [WRITE]  ISMN_SCAN_LosLunasPMC                     s1_desc/l3 → s1_desc_l3.npy  shape=(180, 196, 768)  size=54.2MB
  [WRITE]  ISMN_SCAN_LosLunasPMC                     s1_desc/l6 → s1_desc_l6.npy  shape=(180, 196, 768)  size=54.2MB
  [WRITE]  ISMN_SCAN_LosLunasPMC                     s1_desc/l9 → s1_desc_l9.npy  shape=(180, 196, 768)  size=54.2MB
  [WRITE]  ISMN_SCAN_LovellSummit                    s2/l3 → s2_l3.npy  shape=(736, 196, 768)  size=221.6MB
  [WRITE]  ISMN_SCAN_LovellSummit                    s2/l6 → s2_l6.npy  shape=(736, 196, 768)  size=221.6MB
  [WRITE]  ISMN_SCAN_LovellSummit                    s2/l9 → s2_l9.npy  shape=(736, 196, 768)  size=221.6MB
  [WRITE]  ISMN_SCAN_LovellSummit                    s1_asc/l3 → s1_asc_l3.npy  shape=(171, 196, 768)  size=51.5MB
  [WRITE]  ISMN_SCAN_LovellSummit                    s1_asc/l6 → s1_asc_l6.npy  shape=(171, 196, 768)  size=51.5MB
  [WRITE]  ISMN_SCAN_LovellSummit                    s1_asc/l9 → s1_asc_l9.npy  shape=(171, 196, 768)  size=51.5MB
  [WRITE]  ISMN_SCAN_LovellSummit                    s1_desc/l3 → s1_desc_l3.npy  shape=(342, 196, 768)  size=103.0MB
  [WRITE]  ISMN_SCAN_LovellSummit                    s1_desc/l6 → s1_desc_l6.npy  shape=(342, 196, 768)  size=103.0MB
  [WRITE]  ISMN_SCAN_LovellSummit                    s1_desc/l9 → s1_desc_l9.npy  shape=(342, 196, 768)  size=103.0MB
  [WRITE]  ISMN_SCAN_Sevilleta                       s2/l3 → s2_l3.npy  shape=(316, 196, 768)  size=95.1MB
  [WRITE]  ISMN_SCAN_Sevilleta                       s2/l6 → s2_l6.npy  shape=(316, 196, 768)  size=95.1MB
  [WRITE]  ISMN_SCAN_Sevilleta                       s2/l9 → s2_l9.npy  shape=(316, 196, 768)  size=95.1MB
  [WRITE]  ISMN_SCAN_Sevilleta                       s1_asc/l3 → s1_asc_l3.npy  shape=(98, 196, 768)  size=29.5MB
  [WRITE]  ISMN_SCAN_Sevilleta                       s1_asc/l6 → s1_asc_l6.npy  shape=(98, 196, 768)  size=29.5MB
  [WRITE]  ISMN_SCAN_Sevilleta                       s1_asc/l9 → s1_asc_l9.npy  shape=(98, 196, 768)  size=29.5MB
  [WRITE]  ISMN_SCAN_Sevilleta                       s1_desc/l3 → s1_desc_l3.npy  shape=(198, 196, 768)  size=59.6MB
  [WRITE]  ISMN_SCAN_Sevilleta                       s1_desc/l6 → s1_desc_l6.npy  shape=(198, 196, 768)  size=59.6MB
  [WRITE]  ISMN_SCAN_Sevilleta                       s1_desc/l9 → s1_desc_l9.npy  shape=(198, 196, 768)  size=59.6MB
  [WRITE]  ISMN_SCAN_ShagbarkHills                   s2/l3 → s2_l3.npy  shape=(81, 196, 768)  size=24.4MB
  [WRITE]  ISMN_SCAN_ShagbarkHills                   s2/l6 → s2_l6.npy  shape=(81, 196, 768)  size=24.4MB
  [WRITE]  ISMN_SCAN_ShagbarkHills                   s2/l9 → s2_l9.npy  shape=(81, 196, 768)  size=24.4MB
  [WRITE]  ISMN_SCAN_ShagbarkHills                   s1_asc/l3 → s1_asc_l3.npy  shape=(198, 196, 768)  size=59.6MB
  [WRITE]  ISMN_SCAN_ShagbarkHills                   s1_asc/l6 → s1_asc_l6.npy  shape=(198, 196, 768)  size=59.6MB
  [WRITE]  ISMN_SCAN_ShagbarkHills                   s1_asc/l9 → s1_asc_l9.npy  shape=(198, 196, 768)  size=59.6MB
  [WRITE]  ISMN_SCAN_Shenandoah                      s2/l3 → s2_l3.npy  shape=(21, 196, 768)  size=6.3MB
  [WRITE]  ISMN_SCAN_Shenandoah                      s2/l6 → s2_l6.npy  shape=(21, 196, 768)  size=6.3MB
  [WRITE]  ISMN_SCAN_Shenandoah                      s2/l9 → s2_l9.npy  shape=(21, 196, 768)  size=6.3MB
  [WRITE]  ISMN_SCAN_Shenandoah                      s1_asc/l3 → s1_asc_l3.npy  shape=(48, 196, 768)  size=14.5MB
  [WRITE]  ISMN_SCAN_Shenandoah                      s1_asc/l6 → s1_asc_l6.npy  shape=(48, 196, 768)  size=14.5MB
  [WRITE]  ISMN_SCAN_Shenandoah                      s1_asc/l9 → s1_asc_l9.npy  shape=(48, 196, 768)  size=14.5MB
  [WRITE]  ISMN_SCAN_Sidney                          s2/l3 → s2_l3.npy  shape=(348, 196, 768)  size=104.8MB
  [WRITE]  ISMN_SCAN_Sidney                          s2/l6 → s2_l6.npy  shape=(348, 196, 768)  size=104.8MB
  [WRITE]  ISMN_SCAN_Sidney                          s2/l9 → s2_l9.npy  shape=(348, 196, 768)  size=104.8MB
  [WRITE]  ISMN_SCAN_Sidney                          s1_asc/l3 → s1_asc_l3.npy  shape=(63, 196, 768)  size=19.0MB
  [WRITE]  ISMN_SCAN_Sidney                          s1_asc/l6 → s1_asc_l6.npy  shape=(63, 196, 768)  size=19.0MB
  [WRITE]  ISMN_SCAN_Sidney                          s1_asc/l9 → s1_asc_l9.npy  shape=(63, 196, 768)  size=19.0MB
  [WRITE]  ISMN_SCAN_Sidney                          s1_desc/l3 → s1_desc_l3.npy  shape=(109, 196, 768)  size=32.8MB
  [WRITE]  ISMN_SCAN_Sidney                          s1_desc/l6 → s1_desc_l6.npy  shape=(109, 196, 768)  size=32.8MB
  [WRITE]  ISMN_SCAN_Sidney                          s1_desc/l9 → s1_desc_l9.npy  shape=(109, 196, 768)  size=32.8MB
  [WRITE]  ISMN_ARM_Tyro                             s2/l3 → s2_l3.npy  shape=(588, 196, 768)  size=177.0MB
  [WRITE]  ISMN_ARM_Tyro                             s2/l6 → s2_l6.npy  shape=(588, 196, 768)  size=177.0MB
  [WRITE]  ISMN_ARM_Tyro                             s2/l9 → s2_l9.npy  shape=(588, 196, 768)  size=177.0MB
  [WRITE]  ISMN_ARM_Tyro                             s1_asc/l3 → s1_asc_l3.npy  shape=(253, 196, 768)  size=76.2MB
  [WRITE]  ISMN_ARM_Tyro                             s1_asc/l6 → s1_asc_l6.npy  shape=(253, 196, 768)  size=76.2MB
  [WRITE]  ISMN_ARM_Tyro                             s1_asc/l9 → s1_asc_l9.npy  shape=(253, 196, 768)  size=76.2MB
  [WRITE]  ISMN_ARM_Tyro                             s1_desc/l3 → s1_desc_l3.npy  shape=(1, 196, 768)  size=0.3MB
  [WRITE]  ISMN_ARM_Tyro                             s1_desc/l6 → s1_desc_l6.npy  shape=(1, 196, 768)  size=0.3MB
  [WRITE]  ISMN_ARM_Tyro                             s1_desc/l9 → s1_desc_l9.npy  shape=(1, 196, 768)  size=0.3MB
  [WRITE]  ISMN_ARM_Waukomis                         s2/l3 → s2_l3.npy  shape=(449, 196, 768)  size=135.2MB
  [WRITE]  ISMN_ARM_Waukomis                         s2/l6 → s2_l6.npy  shape=(449, 196, 768)  size=135.2MB
  [WRITE]  ISMN_ARM_Waukomis                         s2/l9 → s2_l9.npy  shape=(449, 196, 768)  size=135.2MB
  [WRITE]  ISMN_ARM_Waukomis                         s1_asc/l3 → s1_asc_l3.npy  shape=(376, 196, 768)  size=113.2MB
  [WRITE]  ISMN_ARM_Waukomis                         s1_asc/l6 → s1_asc_l6.npy  shape=(376, 196, 768)  size=113.2MB
  [WRITE]  ISMN_ARM_Waukomis                         s1_asc/l9 → s1_asc_l9.npy  shape=(376, 196, 768)  size=113.2MB
  [WRITE]  ISMN_Berlin_DWDBerlin-Spaeth              s2/l3 → s2_l3.npy  shape=(165, 196, 768)  size=49.7MB
  [WRITE]  ISMN_Berlin_DWDBerlin-Spaeth              s2/l6 → s2_l6.npy  shape=(165, 196, 768)  size=49.7MB
  [WRITE]  ISMN_Berlin_DWDBerlin-Spaeth              s2/l9 → s2_l9.npy  shape=(165, 196, 768)  size=49.7MB
  [WRITE]  ISMN_Berlin_DWDBerlin-Spaeth              s1_asc/l3 → s1_asc_l3.npy  shape=(302, 196, 768)  size=90.9MB
  [WRITE]  ISMN_Berlin_DWDBerlin-Spaeth              s1_asc/l6 → s1_asc_l6.npy  shape=(302, 196, 768)  size=90.9MB
  [WRITE]  ISMN_Berlin_DWDBerlin-Spaeth              s1_asc/l9 → s1_asc_l9.npy  shape=(302, 196, 768)  size=90.9MB
  [WRITE]  ISMN_Berlin_DWDBerlin-Spaeth              s1_desc/l3 → s1_desc_l3.npy  shape=(308, 196, 768)  size=92.7MB
  [WRITE]  ISMN_Berlin_DWDBerlin-Spaeth              s1_desc/l6 → s1_desc_l6.npy  shape=(308, 196, 768)  size=92.7MB
  [WRITE]  ISMN_Berlin_DWDBerlin-Spaeth              s1_desc/l9 → s1_desc_l9.npy  shape=(308, 196, 768)  size=92.7MB
  [WRITE]  ISMN_Berlin_DWDBerlinTempel               s2/l3 → s2_l3.npy  shape=(134, 196, 768)  size=40.3MB
  [WRITE]  ISMN_Berlin_DWDBerlinTempel               s2/l6 → s2_l6.npy  shape=(134, 196, 768)  size=40.3MB
  [WRITE]  ISMN_Berlin_DWDBerlinTempel               s2/l9 → s2_l9.npy  shape=(134, 196, 768)  size=40.3MB
  [WRITE]  ISMN_Berlin_DWDBerlinTempel               s1_asc/l3 → s1_asc_l3.npy  shape=(244, 196, 768)  size=73.5MB
  [WRITE]  ISMN_Berlin_DWDBerlinTempel               s1_asc/l6 → s1_asc_l6.npy  shape=(244, 196, 768)  size=73.5MB
  [WRITE]  ISMN_Berlin_DWDBerlinTempel               s1_asc/l9 → s1_asc_l9.npy  shape=(244, 196, 768)  size=73.5MB
  [WRITE]  ISMN_Berlin_DWDBerlinTempel               s1_desc/l3 → s1_desc_l3.npy  shape=(251, 196, 768)  size=75.6MB
  [WRITE]  ISMN_Berlin_DWDBerlinTempel               s1_desc/l6 → s1_desc_l6.npy  shape=(251, 196, 768)  size=75.6MB
  [WRITE]  ISMN_Berlin_DWDBerlinTempel               s1_desc/l9 → s1_desc_l9.npy  shape=(251, 196, 768)  size=75.6MB
  [WRITE]  ISMN_FLUXNET-AMERIFLUX_TonziRanch         s2/l3 → s2_l3.npy  shape=(101, 196, 768)  size=30.4MB
  [WRITE]  ISMN_FLUXNET-AMERIFLUX_TonziRanch         s2/l6 → s2_l6.npy  shape=(101, 196, 768)  size=30.4MB
  [WRITE]  ISMN_FLUXNET-AMERIFLUX_TonziRanch         s2/l9 → s2_l9.npy  shape=(101, 196, 768)  size=30.4MB
  [WRITE]  ISMN_FLUXNET-AMERIFLUX_TonziRanch         s1_asc/l3 → s1_asc_l3.npy  shape=(125, 196, 768)  size=37.6MB
  [WRITE]  ISMN_FLUXNET-AMERIFLUX_TonziRanch         s1_asc/l6 → s1_asc_l6.npy  shape=(125, 196, 768)  size=37.6MB
  [WRITE]  ISMN_FLUXNET-AMERIFLUX_TonziRanch         s1_asc/l9 → s1_asc_l9.npy  shape=(125, 196, 768)  size=37.6MB
  [WRITE]  ISMN_FLUXNET-AMERIFLUX_TonziRanch         s1_desc/l3 → s1_desc_l3.npy  shape=(98, 196, 768)  size=29.5MB
  [WRITE]  ISMN_FLUXNET-AMERIFLUX_TonziRanch         s1_desc/l6 → s1_desc_l6.npy  shape=(98, 196, 768)  size=29.5MB
  [WRITE]  ISMN_FLUXNET-AMERIFLUX_TonziRanch         s1_desc/l9 → s1_desc_l9.npy  shape=(98, 196, 768)  size=29.5MB
  [WRITE]  ISMN_FLUXNET-AMERIFLUX_VairaRanch         s2/l3 → s2_l3.npy  shape=(112, 196, 768)  size=33.7MB
  [WRITE]  ISMN_FLUXNET-AMERIFLUX_VairaRanch         s2/l6 → s2_l6.npy  shape=(112, 196, 768)  size=33.7MB
  [WRITE]  ISMN_FLUXNET-AMERIFLUX_VairaRanch         s2/l9 → s2_l9.npy  shape=(112, 196, 768)  size=33.7MB
  [WRITE]  ISMN_FLUXNET-AMERIFLUX_VairaRanch         s1_asc/l3 → s1_asc_l3.npy  shape=(134, 196, 768)  size=40.3MB
  [WRITE]  ISMN_FLUXNET-AMERIFLUX_VairaRanch         s1_asc/l6 → s1_asc_l6.npy  shape=(134, 196, 768)  size=40.3MB
  [WRITE]  ISMN_FLUXNET-AMERIFLUX_VairaRanch         s1_asc/l9 → s1_asc_l9.npy  shape=(134, 196, 768)  size=40.3MB
  [WRITE]  ISMN_FLUXNET-AMERIFLUX_VairaRanch         s1_desc/l3 → s1_desc_l3.npy  shape=(85, 196, 768)  size=25.6MB
  [WRITE]  ISMN_FLUXNET-AMERIFLUX_VairaRanch         s1_desc/l6 → s1_desc_l6.npy  shape=(85, 196, 768)  size=25.6MB
  [WRITE]  ISMN_FLUXNET-AMERIFLUX_VairaRanch         s1_desc/l9 → s1_desc_l9.npy  shape=(85, 196, 768)  size=25.6MB
  [WRITE]  ISMN_FMI_SAA111                           s2/l3 → s2_l3.npy  shape=(184, 196, 768)  size=55.4MB
  [WRITE]  ISMN_FMI_SAA111                           s2/l6 → s2_l6.npy  shape=(184, 196, 768)  size=55.4MB
  [WRITE]  ISMN_FMI_SAA111                           s2/l9 → s2_l9.npy  shape=(184, 196, 768)  size=55.4MB
  [WRITE]  ISMN_FMI_SAA111                           s1_asc/l3 → s1_asc_l3.npy  shape=(673, 196, 768)  size=202.6MB
  [WRITE]  ISMN_FMI_SAA111                           s1_asc/l6 → s1_asc_l6.npy  shape=(673, 196, 768)  size=202.6MB
  [WRITE]  ISMN_FMI_SAA111                           s1_asc/l9 → s1_asc_l9.npy  shape=(673, 196, 768)  size=202.6MB
  [WRITE]  ISMN_FMI_SAA111                           s1_desc/l3 → s1_desc_l3.npy  shape=(678, 196, 768)  size=204.1MB
  [WRITE]  ISMN_FMI_SAA111                           s1_desc/l6 → s1_desc_l6.npy  shape=(678, 196, 768)  size=204.1MB
  [WRITE]  ISMN_FMI_SAA111                           s1_desc/l9 → s1_desc_l9.npy  shape=(678, 196, 768)  size=204.1MB
  [WRITE]  ISMN_FMI_SAA112                           s2/l3 → s2_l3.npy  shape=(108, 196, 768)  size=32.5MB
  [WRITE]  ISMN_FMI_SAA112                           s2/l6 → s2_l6.npy  shape=(108, 196, 768)  size=32.5MB
  [WRITE]  ISMN_FMI_SAA112                           s2/l9 → s2_l9.npy  shape=(108, 196, 768)  size=32.5MB
  [WRITE]  ISMN_FMI_SAA112                           s1_asc/l3 → s1_asc_l3.npy  shape=(337, 196, 768)  size=101.5MB
  [WRITE]  ISMN_FMI_SAA112                           s1_asc/l6 → s1_asc_l6.npy  shape=(337, 196, 768)  size=101.5MB
  [WRITE]  ISMN_FMI_SAA112                           s1_asc/l9 → s1_asc_l9.npy  shape=(337, 196, 768)  size=101.5MB
  [WRITE]  ISMN_FMI_SAA112                           s1_desc/l3 → s1_desc_l3.npy  shape=(332, 196, 768)  size=100.0MB
  [WRITE]  ISMN_FMI_SAA112                           s1_desc/l6 → s1_desc_l6.npy  shape=(332, 196, 768)  size=100.0MB
  [WRITE]  ISMN_FMI_SAA112                           s1_desc/l9 → s1_desc_l9.npy  shape=(332, 196, 768)  size=100.0MB
  [WRITE]  ISMN_SCAN_Tunica                          s2/l3 → s2_l3.npy  shape=(94, 196, 768)  size=28.3MB
  [WRITE]  ISMN_SCAN_Tunica                          s2/l6 → s2_l6.npy  shape=(94, 196, 768)  size=28.3MB
  [WRITE]  ISMN_SCAN_Tunica                          s2/l9 → s2_l9.npy  shape=(94, 196, 768)  size=28.3MB
  [WRITE]  ISMN_SCAN_Tunica                          s1_asc/l3 → s1_asc_l3.npy  shape=(111, 196, 768)  size=33.4MB
  [WRITE]  ISMN_SCAN_Tunica                          s1_asc/l6 → s1_asc_l6.npy  shape=(111, 196, 768)  size=33.4MB
  [WRITE]  ISMN_SCAN_Tunica                          s1_asc/l9 → s1_asc_l9.npy  shape=(111, 196, 768)  size=33.4MB
  [WRITE]  ISMN_SCAN_Tunica                          s1_desc/l3 → s1_desc_l3.npy  shape=(6, 196, 768)  size=1.8MB
  [WRITE]  ISMN_SCAN_Tunica                          s1_desc/l6 → s1_desc_l6.npy  shape=(6, 196, 768)  size=1.8MB
  [WRITE]  ISMN_SCAN_Tunica                          s1_desc/l9 → s1_desc_l9.npy  shape=(6, 196, 768)  size=1.8MB
  [WRITE]  ISMN_SCAN_TwinPinesConservationArea       s2/l3 → s2_l3.npy  shape=(142, 196, 768)  size=42.7MB
  [WRITE]  ISMN_SCAN_TwinPinesConservationArea       s2/l6 → s2_l6.npy  shape=(142, 196, 768)  size=42.7MB
  [WRITE]  ISMN_SCAN_TwinPinesConservationArea       s2/l9 → s2_l9.npy  shape=(142, 196, 768)  size=42.7MB
  [WRITE]  ISMN_SCAN_TwinPinesConservationArea       s1_asc/l3 → s1_asc_l3.npy  shape=(97, 196, 768)  size=29.2MB
  [WRITE]  ISMN_SCAN_TwinPinesConservationArea       s1_asc/l6 → s1_asc_l6.npy  shape=(97, 196, 768)  size=29.2MB
  [WRITE]  ISMN_SCAN_TwinPinesConservationArea       s1_asc/l9 → s1_asc_l9.npy  shape=(97, 196, 768)  size=29.2MB
  [WRITE]  ISMN_SCAN_UWPlatteville                   s2/l3 → s2_l3.npy  shape=(173, 196, 768)  size=52.1MB
  [WRITE]  ISMN_SCAN_UWPlatteville                   s2/l6 → s2_l6.npy  shape=(173, 196, 768)  size=52.1MB
  [WRITE]  ISMN_SCAN_UWPlatteville                   s2/l9 → s2_l9.npy  shape=(173, 196, 768)  size=52.1MB
  [WRITE]  ISMN_SCAN_UWPlatteville                   s1_asc/l3 → s1_asc_l3.npy  shape=(121, 196, 768)  size=36.4MB
  [WRITE]  ISMN_SCAN_UWPlatteville                   s1_asc/l6 → s1_asc_l6.npy  shape=(121, 196, 768)  size=36.4MB
  [WRITE]  ISMN_SCAN_UWPlatteville                   s1_asc/l9 → s1_asc_l9.npy  shape=(121, 196, 768)  size=36.4MB
  [WRITE]  ISMN_SCAN_Uapb-Earle                      s2/l3 → s2_l3.npy  shape=(262, 196, 768)  size=78.9MB
  [WRITE]  ISMN_SCAN_Uapb-Earle                      s2/l6 → s2_l6.npy  shape=(262, 196, 768)  size=78.9MB
  [WRITE]  ISMN_SCAN_Uapb-Earle                      s2/l9 → s2_l9.npy  shape=(262, 196, 768)  size=78.9MB
  [WRITE]  ISMN_SCAN_Uapb-Earle                      s1_asc/l3 → s1_asc_l3.npy  shape=(236, 196, 768)  size=71.0MB
  [WRITE]  ISMN_SCAN_Uapb-Earle                      s1_asc/l6 → s1_asc_l6.npy  shape=(236, 196, 768)  size=71.0MB
  [WRITE]  ISMN_SCAN_Uapb-Earle                      s1_asc/l9 → s1_asc_l9.npy  shape=(236, 196, 768)  size=71.0MB
  [WRITE]  ISMN_SCAN_Uapb-Earle                      s1_desc/l3 → s1_desc_l3.npy  shape=(4, 196, 768)  size=1.2MB
  [WRITE]  ISMN_SCAN_Uapb-Earle                      s1_desc/l6 → s1_desc_l6.npy  shape=(4, 196, 768)  size=1.2MB
  [WRITE]  ISMN_SCAN_Uapb-Earle                      s1_desc/l9 → s1_desc_l9.npy  shape=(4, 196, 768)  size=1.2MB
  [WRITE]  ISMN_ARM_Omega                            s2/l3 → s2_l3.npy  shape=(300, 196, 768)  size=90.3MB
  [WRITE]  ISMN_ARM_Omega                            s2/l6 → s2_l6.npy  shape=(300, 196, 768)  size=90.3MB
  [WRITE]  ISMN_ARM_Omega                            s2/l9 → s2_l9.npy  shape=(300, 196, 768)  size=90.3MB
  [WRITE]  ISMN_ARM_Omega                            s1_asc/l3 → s1_asc_l3.npy  shape=(368, 196, 768)  size=110.8MB
  [WRITE]  ISMN_ARM_Omega                            s1_asc/l6 → s1_asc_l6.npy  shape=(368, 196, 768)  size=110.8MB
  [WRITE]  ISMN_ARM_Omega                            s1_asc/l9 → s1_asc_l9.npy  shape=(368, 196, 768)  size=110.8MB
  [WRITE]  ISMN_ARM_Pawhuska                         s2/l3 → s2_l3.npy  shape=(297, 196, 768)  size=89.4MB
  [WRITE]  ISMN_ARM_Pawhuska                         s2/l6 → s2_l6.npy  shape=(297, 196, 768)  size=89.4MB
  [WRITE]  ISMN_ARM_Pawhuska                         s2/l9 → s2_l9.npy  shape=(297, 196, 768)  size=89.4MB
  [WRITE]  ISMN_ARM_Pawhuska                         s1_asc/l3 → s1_asc_l3.npy  shape=(624, 196, 768)  size=187.9MB
  [WRITE]  ISMN_ARM_Pawhuska                         s1_asc/l6 → s1_asc_l6.npy  shape=(624, 196, 768)  size=187.9MB
  [WRITE]  ISMN_ARM_Pawhuska                         s1_asc/l9 → s1_asc_l9.npy  shape=(624, 196, 768)  size=187.9MB
  [WRITE]  ISMN_ARM_Ringwood                         s2/l3 → s2_l3.npy  shape=(500, 196, 768)  size=150.5MB
  [WRITE]  ISMN_ARM_Ringwood                         s2/l6 → s2_l6.npy  shape=(500, 196, 768)  size=150.5MB
  [WRITE]  ISMN_ARM_Ringwood                         s2/l9 → s2_l9.npy  shape=(500, 196, 768)  size=150.5MB
  [WRITE]  ISMN_ARM_Ringwood                         s1_asc/l3 → s1_asc_l3.npy  shape=(510, 196, 768)  size=153.5MB
  [WRITE]  ISMN_ARM_Ringwood                         s1_asc/l6 → s1_asc_l6.npy  shape=(510, 196, 768)  size=153.5MB
  [WRITE]  ISMN_ARM_Ringwood                         s1_asc/l9 → s1_asc_l9.npy  shape=(510, 196, 768)  size=153.5MB
  [WRITE]  ISMN_ARM_Tryon                            s2/l3 → s2_l3.npy  shape=(237, 196, 768)  size=71.4MB
  [WRITE]  ISMN_ARM_Tryon                            s2/l6 → s2_l6.npy  shape=(237, 196, 768)  size=71.4MB
  [WRITE]  ISMN_ARM_Tryon                            s2/l9 → s2_l9.npy  shape=(237, 196, 768)  size=71.4MB
  [WRITE]  ISMN_ARM_Tryon                            s1_asc/l3 → s1_asc_l3.npy  shape=(309, 196, 768)  size=93.0MB
  [WRITE]  ISMN_ARM_Tryon                            s1_asc/l6 → s1_asc_l6.npy  shape=(309, 196, 768)  size=93.0MB
  [WRITE]  ISMN_ARM_Tryon                            s1_asc/l9 → s1_asc_l9.npy  shape=(309, 196, 768)  size=93.0MB
  [WRITE]  ISMN_RSMN_Slatina                         s2/l3 → s2_l3.npy  shape=(127, 196, 768)  size=38.2MB
  [WRITE]  ISMN_RSMN_Slatina                         s2/l6 → s2_l6.npy  shape=(127, 196, 768)  size=38.2MB
  [WRITE]  ISMN_RSMN_Slatina                         s2/l9 → s2_l9.npy  shape=(127, 196, 768)  size=38.2MB
  [WRITE]  ISMN_RSMN_Slatina                         s1_asc/l3 → s1_asc_l3.npy  shape=(175, 196, 768)  size=52.7MB
  [WRITE]  ISMN_RSMN_Slatina                         s1_asc/l6 → s1_asc_l6.npy  shape=(175, 196, 768)  size=52.7MB
  [WRITE]  ISMN_RSMN_Slatina                         s1_asc/l9 → s1_asc_l9.npy  shape=(175, 196, 768)  size=52.7MB
  [WRITE]  ISMN_RSMN_Slatina                         s1_desc/l3 → s1_desc_l3.npy  shape=(180, 196, 768)  size=54.2MB
  [WRITE]  ISMN_RSMN_Slatina                         s1_desc/l6 → s1_desc_l6.npy  shape=(180, 196, 768)  size=54.2MB
  [WRITE]  ISMN_RSMN_Slatina                         s1_desc/l9 → s1_desc_l9.npy  shape=(180, 196, 768)  size=54.2MB
  [WRITE]  ISMN_RSMN_Tecuci                          s2/l3 → s2_l3.npy  shape=(184, 196, 768)  size=55.4MB
  [WRITE]  ISMN_RSMN_Tecuci                          s2/l6 → s2_l6.npy  shape=(184, 196, 768)  size=55.4MB
  [WRITE]  ISMN_RSMN_Tecuci                          s2/l9 → s2_l9.npy  shape=(184, 196, 768)  size=55.4MB
  [WRITE]  ISMN_RSMN_Tecuci                          s1_asc/l3 → s1_asc_l3.npy  shape=(700, 196, 768)  size=210.7MB
  [WRITE]  ISMN_RSMN_Tecuci                          s1_asc/l6 → s1_asc_l6.npy  shape=(700, 196, 768)  size=210.7MB
  [WRITE]  ISMN_RSMN_Tecuci                          s1_asc/l9 → s1_asc_l9.npy  shape=(700, 196, 768)  size=210.7MB
  [WRITE]  ISMN_RSMN_Tecuci                          s1_desc/l3 → s1_desc_l3.npy  shape=(697, 196, 768)  size=209.8MB
  [WRITE]  ISMN_RSMN_Tecuci                          s1_desc/l6 → s1_desc_l6.npy  shape=(697, 196, 768)  size=209.8MB
  [WRITE]  ISMN_RSMN_Tecuci                          s1_desc/l9 → s1_desc_l9.npy  shape=(697, 196, 768)  size=209.8MB
  [WRITE]  ISMN_SCAN_AAMU-JTG                        s2/l3 → s2_l3.npy  shape=(344, 196, 768)  size=103.6MB
  [WRITE]  ISMN_SCAN_AAMU-JTG                        s2/l6 → s2_l6.npy  shape=(344, 196, 768)  size=103.6MB
  [WRITE]  ISMN_SCAN_AAMU-JTG                        s2/l9 → s2_l9.npy  shape=(344, 196, 768)  size=103.6MB
  [WRITE]  ISMN_SCAN_AAMU-JTG                        s1_asc/l3 → s1_asc_l3.npy  shape=(190, 196, 768)  size=57.2MB
  [WRITE]  ISMN_SCAN_AAMU-JTG                        s1_asc/l6 → s1_asc_l6.npy  shape=(190, 196, 768)  size=57.2MB
  [WRITE]  ISMN_SCAN_AAMU-JTG                        s1_asc/l9 → s1_asc_l9.npy  shape=(190, 196, 768)  size=57.2MB
  [WRITE]  ISMN_SCAN_AAMU-JTG                        s1_desc/l3 → s1_desc_l3.npy  shape=(1, 196, 768)  size=0.3MB
  [WRITE]  ISMN_SCAN_AAMU-JTG                        s1_desc/l6 → s1_desc_l6.npy  shape=(1, 196, 768)  size=0.3MB
  [WRITE]  ISMN_SCAN_AAMU-JTG                        s1_desc/l9 → s1_desc_l9.npy  shape=(1, 196, 768)  size=0.3MB
  [WRITE]  ISMN_SCAN_Abrams                          s2/l3 → s2_l3.npy  shape=(180, 196, 768)  size=54.2MB
  [WRITE]  ISMN_SCAN_Abrams                          s2/l6 → s2_l6.npy  shape=(180, 196, 768)  size=54.2MB
  [WRITE]  ISMN_SCAN_Abrams                          s2/l9 → s2_l9.npy  shape=(180, 196, 768)  size=54.2MB
  [WRITE]  ISMN_SCAN_Abrams                          s1_asc/l3 → s1_asc_l3.npy  shape=(275, 196, 768)  size=82.8MB
  [WRITE]  ISMN_SCAN_Abrams                          s1_asc/l6 → s1_asc_l6.npy  shape=(275, 196, 768)  size=82.8MB
  [WRITE]  ISMN_SCAN_Abrams                          s1_asc/l9 → s1_asc_l9.npy  shape=(275, 196, 768)  size=82.8MB
  [WRITE]  ISMN_SCAN_SandyRidge                      s2/l3 → s2_l3.npy  shape=(267, 196, 768)  size=80.4MB
  [WRITE]  ISMN_SCAN_SandyRidge                      s2/l6 → s2_l6.npy  shape=(267, 196, 768)  size=80.4MB
  [WRITE]  ISMN_SCAN_SandyRidge                      s2/l9 → s2_l9.npy  shape=(267, 196, 768)  size=80.4MB
  [WRITE]  ISMN_SCAN_SandyRidge                      s1_asc/l3 → s1_asc_l3.npy  shape=(249, 196, 768)  size=75.0MB
  [WRITE]  ISMN_SCAN_SandyRidge                      s1_asc/l6 → s1_asc_l6.npy  shape=(249, 196, 768)  size=75.0MB
  [WRITE]  ISMN_SCAN_SandyRidge                      s1_asc/l9 → s1_asc_l9.npy  shape=(249, 196, 768)  size=75.0MB
  [WRITE]  ISMN_SCAN_SandyRidge                      s1_desc/l3 → s1_desc_l3.npy  shape=(8, 196, 768)  size=2.4MB
  [WRITE]  ISMN_SCAN_SandyRidge                      s1_desc/l6 → s1_desc_l6.npy  shape=(8, 196, 768)  size=2.4MB
  [WRITE]  ISMN_SCAN_SandyRidge                      s1_desc/l9 → s1_desc_l9.npy  shape=(8, 196, 768)  size=2.4MB
  [WRITE]  ISMN_SCAN_Scott                           s2/l3 → s2_l3.npy  shape=(141, 196, 768)  size=42.4MB
  [WRITE]  ISMN_SCAN_Scott                           s2/l6 → s2_l6.npy  shape=(141, 196, 768)  size=42.4MB
  [WRITE]  ISMN_SCAN_Scott                           s2/l9 → s2_l9.npy  shape=(141, 196, 768)  size=42.4MB
  [WRITE]  ISMN_SCAN_Scott                           s1_asc/l3 → s1_asc_l3.npy  shape=(105, 196, 768)  size=31.6MB
  [WRITE]  ISMN_SCAN_Scott                           s1_asc/l6 → s1_asc_l6.npy  shape=(105, 196, 768)  size=31.6MB
  [WRITE]  ISMN_SCAN_Scott                           s1_asc/l9 → s1_asc_l9.npy  shape=(105, 196, 768)  size=31.6MB
  [WRITE]  ISMN_SCAN_SellersLake#1                   s2/l3 → s2_l3.npy  shape=(120, 196, 768)  size=36.1MB
  [WRITE]  ISMN_SCAN_SellersLake#1                   s2/l6 → s2_l6.npy  shape=(120, 196, 768)  size=36.1MB
  [WRITE]  ISMN_SCAN_SellersLake#1                   s2/l9 → s2_l9.npy  shape=(120, 196, 768)  size=36.1MB
  [WRITE]  ISMN_SCAN_SellersLake#1                   s1_asc/l3 → s1_asc_l3.npy  shape=(149, 196, 768)  size=44.9MB
  [WRITE]  ISMN_SCAN_SellersLake#1                   s1_asc/l6 → s1_asc_l6.npy  shape=(149, 196, 768)  size=44.9MB
  [WRITE]  ISMN_SCAN_SellersLake#1                   s1_asc/l9 → s1_asc_l9.npy  shape=(149, 196, 768)  size=44.9MB
  [WRITE]  ISMN_SCAN_SellersLake#1                   s1_desc/l3 → s1_desc_l3.npy  shape=(7, 196, 768)  size=2.1MB
  [WRITE]  ISMN_SCAN_SellersLake#1                   s1_desc/l6 → s1_desc_l6.npy  shape=(7, 196, 768)  size=2.1MB
  [WRITE]  ISMN_SCAN_SellersLake#1                   s1_desc/l9 → s1_desc_l9.npy  shape=(7, 196, 768)  size=2.1MB
  [WRITE]  ISMN_SCAN_Selma                           s2/l3 → s2_l3.npy  shape=(393, 196, 768)  size=118.3MB
  [WRITE]  ISMN_SCAN_Selma                           s2/l6 → s2_l6.npy  shape=(393, 196, 768)  size=118.3MB
  [WRITE]  ISMN_SCAN_Selma                           s2/l9 → s2_l9.npy  shape=(393, 196, 768)  size=118.3MB
  [WRITE]  ISMN_SCAN_Selma                           s1_asc/l3 → s1_asc_l3.npy  shape=(191, 196, 768)  size=57.5MB
  [WRITE]  ISMN_SCAN_Selma                           s1_asc/l6 → s1_asc_l6.npy  shape=(191, 196, 768)  size=57.5MB
  [WRITE]  ISMN_SCAN_Selma                           s1_asc/l9 → s1_asc_l9.npy  shape=(191, 196, 768)  size=57.5MB
  [WRITE]  ISMN_SCAN_Selma                           s1_desc/l3 → s1_desc_l3.npy  shape=(2, 196, 768)  size=0.6MB
  [WRITE]  ISMN_SCAN_Selma                           s1_desc/l6 → s1_desc_l6.npy  shape=(2, 196, 768)  size=0.6MB
  [WRITE]  ISMN_SCAN_Selma                           s1_desc/l9 → s1_desc_l9.npy  shape=(2, 196, 768)  size=0.6MB
  [WRITE]  ISMN_SCAN_UapbCampus-PB                   s2/l3 → s2_l3.npy  shape=(128, 196, 768)  size=38.5MB
  [WRITE]  ISMN_SCAN_UapbCampus-PB                   s2/l6 → s2_l6.npy  shape=(128, 196, 768)  size=38.5MB
  [WRITE]  ISMN_SCAN_UapbCampus-PB                   s2/l9 → s2_l9.npy  shape=(128, 196, 768)  size=38.5MB
  [WRITE]  ISMN_SCAN_UapbCampus-PB                   s1_asc/l3 → s1_asc_l3.npy  shape=(237, 196, 768)  size=71.4MB
  [WRITE]  ISMN_SCAN_UapbCampus-PB                   s1_asc/l6 → s1_asc_l6.npy  shape=(237, 196, 768)  size=71.4MB
  [WRITE]  ISMN_SCAN_UapbCampus-PB                   s1_asc/l9 → s1_asc_l9.npy  shape=(237, 196, 768)  size=71.4MB
  [WRITE]  ISMN_SCAN_UapbDewitt                      s2/l3 → s2_l3.npy  shape=(324, 196, 768)  size=97.5MB
  [WRITE]  ISMN_SCAN_UapbDewitt                      s2/l6 → s2_l6.npy  shape=(324, 196, 768)  size=97.5MB
  [WRITE]  ISMN_SCAN_UapbDewitt                      s2/l9 → s2_l9.npy  shape=(324, 196, 768)  size=97.5MB
  [WRITE]  ISMN_SCAN_UapbDewitt                      s1_asc/l3 → s1_asc_l3.npy  shape=(151, 196, 768)  size=45.5MB
  [WRITE]  ISMN_SCAN_UapbDewitt                      s1_asc/l6 → s1_asc_l6.npy  shape=(151, 196, 768)  size=45.5MB
  [WRITE]  ISMN_SCAN_UapbDewitt                      s1_asc/l9 → s1_asc_l9.npy  shape=(151, 196, 768)  size=45.5MB
  [WRITE]  ISMN_SCAN_UapbDewitt                      s1_desc/l3 → s1_desc_l3.npy  shape=(4, 196, 768)  size=1.2MB
  [WRITE]  ISMN_SCAN_UapbDewitt                      s1_desc/l6 → s1_desc_l6.npy  shape=(4, 196, 768)  size=1.2MB
  [WRITE]  ISMN_SCAN_UapbDewitt                      s1_desc/l9 → s1_desc_l9.npy  shape=(4, 196, 768)  size=1.2MB
  [WRITE]  ISMN_SCAN_UapbPointRemove                 s2/l3 → s2_l3.npy  shape=(160, 196, 768)  size=48.2MB
  [WRITE]  ISMN_SCAN_UapbPointRemove                 s2/l6 → s2_l6.npy  shape=(160, 196, 768)  size=48.2MB
  [WRITE]  ISMN_SCAN_UapbPointRemove                 s2/l9 → s2_l9.npy  shape=(160, 196, 768)  size=48.2MB
  [WRITE]  ISMN_SCAN_UapbPointRemove                 s1_asc/l3 → s1_asc_l3.npy  shape=(115, 196, 768)  size=34.6MB
  [WRITE]  ISMN_SCAN_UapbPointRemove                 s1_asc/l6 → s1_asc_l6.npy  shape=(115, 196, 768)  size=34.6MB
  [WRITE]  ISMN_SCAN_UapbPointRemove                 s1_asc/l9 → s1_asc_l9.npy  shape=(115, 196, 768)  size=34.6MB
  [WRITE]  ISMN_SCAN_Uvalde                          s2/l3 → s2_l3.npy  shape=(93, 196, 768)  size=28.0MB
  [WRITE]  ISMN_SCAN_Uvalde                          s2/l6 → s2_l6.npy  shape=(93, 196, 768)  size=28.0MB
  [WRITE]  ISMN_SCAN_Uvalde                          s2/l9 → s2_l9.npy  shape=(93, 196, 768)  size=28.0MB
  [WRITE]  ISMN_SCAN_Uvalde                          s1_asc/l3 → s1_asc_l3.npy  shape=(92, 196, 768)  size=27.7MB
  [WRITE]  ISMN_SCAN_Uvalde                          s1_asc/l6 → s1_asc_l6.npy  shape=(92, 196, 768)  size=27.7MB
  [WRITE]  ISMN_SCAN_Uvalde                          s1_asc/l9 → s1_asc_l9.npy  shape=(92, 196, 768)  size=27.7MB
  [WRITE]  ISMN_SCAN_Uvalde                          s1_desc/l3 → s1_desc_l3.npy  shape=(97, 196, 768)  size=29.2MB
  [WRITE]  ISMN_SCAN_Uvalde                          s1_desc/l6 → s1_desc_l6.npy  shape=(97, 196, 768)  size=29.2MB
  [WRITE]  ISMN_SCAN_Uvalde                          s1_desc/l9 → s1_desc_l9.npy  shape=(97, 196, 768)  size=29.2MB
  [WRITE]  ISMN_SCAN_CentraliaLake                   s2/l3 → s2_l3.npy  shape=(180, 196, 768)  size=54.2MB
  [WRITE]  ISMN_SCAN_CentraliaLake                   s2/l6 → s2_l6.npy  shape=(180, 196, 768)  size=54.2MB
  [WRITE]  ISMN_SCAN_CentraliaLake                   s2/l9 → s2_l9.npy  shape=(180, 196, 768)  size=54.2MB
  [WRITE]  ISMN_SCAN_CentraliaLake                   s1_asc/l3 → s1_asc_l3.npy  shape=(128, 196, 768)  size=38.5MB
  [WRITE]  ISMN_SCAN_CentraliaLake                   s1_asc/l6 → s1_asc_l6.npy  shape=(128, 196, 768)  size=38.5MB
  [WRITE]  ISMN_SCAN_CentraliaLake                   s1_asc/l9 → s1_asc_l9.npy  shape=(128, 196, 768)  size=38.5MB
  [WRITE]  ISMN_SCAN_Charkiln                        s2/l3 → s2_l3.npy  shape=(836, 196, 768)  size=251.7MB
  [WRITE]  ISMN_SCAN_Charkiln                        s2/l6 → s2_l6.npy  shape=(836, 196, 768)  size=251.7MB
  [WRITE]  ISMN_SCAN_Charkiln                        s2/l9 → s2_l9.npy  shape=(836, 196, 768)  size=251.7MB
  [WRITE]  ISMN_SCAN_Charkiln                        s1_asc/l3 → s1_asc_l3.npy  shape=(171, 196, 768)  size=51.5MB
  [WRITE]  ISMN_SCAN_Charkiln                        s1_asc/l6 → s1_asc_l6.npy  shape=(171, 196, 768)  size=51.5MB
  [WRITE]  ISMN_SCAN_Charkiln                        s1_asc/l9 → s1_asc_l9.npy  shape=(171, 196, 768)  size=51.5MB
  [WRITE]  ISMN_SCAN_Charkiln                        s1_desc/l3 → s1_desc_l3.npy  shape=(342, 196, 768)  size=103.0MB
  [WRITE]  ISMN_SCAN_Charkiln                        s1_desc/l6 → s1_desc_l6.npy  shape=(342, 196, 768)  size=103.0MB
  [WRITE]  ISMN_SCAN_Charkiln                        s1_desc/l9 → s1_desc_l9.npy  shape=(342, 196, 768)  size=103.0MB
  [WRITE]  ISMN_SCAN_ChickenRidge                    s2/l3 → s2_l3.npy  shape=(489, 196, 768)  size=147.2MB
  [WRITE]  ISMN_SCAN_ChickenRidge                    s2/l6 → s2_l6.npy  shape=(489, 196, 768)  size=147.2MB
  [WRITE]  ISMN_SCAN_ChickenRidge                    s2/l9 → s2_l9.npy  shape=(489, 196, 768)  size=147.2MB
  [WRITE]  ISMN_SCAN_ChickenRidge                    s1_asc/l3 → s1_asc_l3.npy  shape=(144, 196, 768)  size=43.4MB
  [WRITE]  ISMN_SCAN_ChickenRidge                    s1_asc/l6 → s1_asc_l6.npy  shape=(144, 196, 768)  size=43.4MB
  [WRITE]  ISMN_SCAN_ChickenRidge                    s1_asc/l9 → s1_asc_l9.npy  shape=(144, 196, 768)  size=43.4MB
  [WRITE]  ISMN_SCAN_ChickenRidge                    s1_desc/l3 → s1_desc_l3.npy  shape=(491, 196, 768)  size=147.8MB
  [WRITE]  ISMN_SCAN_ChickenRidge                    s1_desc/l6 → s1_desc_l6.npy  shape=(491, 196, 768)  size=147.8MB
  [WRITE]  ISMN_SCAN_ChickenRidge                    s1_desc/l9 → s1_desc_l9.npy  shape=(491, 196, 768)  size=147.8MB
  [WRITE]  ISMN_SCAN_Circleville                     s2/l3 → s2_l3.npy  shape=(248, 196, 768)  size=74.7MB
  [WRITE]  ISMN_SCAN_Circleville                     s2/l6 → s2_l6.npy  shape=(248, 196, 768)  size=74.7MB
  [WRITE]  ISMN_SCAN_Circleville                     s2/l9 → s2_l9.npy  shape=(248, 196, 768)  size=74.7MB
  [WRITE]  ISMN_SCAN_Circleville                     s1_asc/l3 → s1_asc_l3.npy  shape=(134, 196, 768)  size=40.3MB
  [WRITE]  ISMN_SCAN_Circleville                     s1_asc/l6 → s1_asc_l6.npy  shape=(134, 196, 768)  size=40.3MB
  [WRITE]  ISMN_SCAN_Circleville                     s1_asc/l9 → s1_asc_l9.npy  shape=(134, 196, 768)  size=40.3MB
  [WRITE]  ISMN_SCAN_Circleville                     s1_desc/l3 → s1_desc_l3.npy  shape=(171, 196, 768)  size=51.5MB
  [WRITE]  ISMN_SCAN_Circleville                     s1_desc/l6 → s1_desc_l6.npy  shape=(171, 196, 768)  size=51.5MB
  [WRITE]  ISMN_SCAN_Circleville                     s1_desc/l9 → s1_desc_l9.npy  shape=(171, 196, 768)  size=51.5MB
  [WRITE]  ISMN_RSMN_Oradea                          s2/l3 → s2_l3.npy  shape=(153, 196, 768)  size=46.1MB
  [WRITE]  ISMN_RSMN_Oradea                          s2/l6 → s2_l6.npy  shape=(153, 196, 768)  size=46.1MB
  [WRITE]  ISMN_RSMN_Oradea                          s2/l9 → s2_l9.npy  shape=(153, 196, 768)  size=46.1MB
  [WRITE]  ISMN_RSMN_Oradea                          s1_asc/l3 → s1_asc_l3.npy  shape=(369, 196, 768)  size=111.1MB
  [WRITE]  ISMN_RSMN_Oradea                          s1_asc/l6 → s1_asc_l6.npy  shape=(369, 196, 768)  size=111.1MB
  [WRITE]  ISMN_RSMN_Oradea                          s1_asc/l9 → s1_asc_l9.npy  shape=(369, 196, 768)  size=111.1MB
  [WRITE]  ISMN_RSMN_Oradea                          s1_desc/l3 → s1_desc_l3.npy  shape=(356, 196, 768)  size=107.2MB
  [WRITE]  ISMN_RSMN_Oradea                          s1_desc/l6 → s1_desc_l6.npy  shape=(356, 196, 768)  size=107.2MB
  [WRITE]  ISMN_RSMN_Oradea                          s1_desc/l9 → s1_desc_l9.npy  shape=(356, 196, 768)  size=107.2MB
  [WRITE]  ISMN_RSMN_RosioriideVede                  s2/l3 → s2_l3.npy  shape=(217, 196, 768)  size=65.3MB
  [WRITE]  ISMN_RSMN_RosioriideVede                  s2/l6 → s2_l6.npy  shape=(217, 196, 768)  size=65.3MB
  [WRITE]  ISMN_RSMN_RosioriideVede                  s2/l9 → s2_l9.npy  shape=(217, 196, 768)  size=65.3MB
  [WRITE]  ISMN_RSMN_RosioriideVede                  s1_asc/l3 → s1_asc_l3.npy  shape=(329, 196, 768)  size=99.0MB
  [WRITE]  ISMN_RSMN_RosioriideVede                  s1_asc/l6 → s1_asc_l6.npy  shape=(329, 196, 768)  size=99.0MB
  [WRITE]  ISMN_RSMN_RosioriideVede                  s1_asc/l9 → s1_asc_l9.npy  shape=(329, 196, 768)  size=99.0MB
  [WRITE]  ISMN_RSMN_RosioriideVede                  s1_desc/l3 → s1_desc_l3.npy  shape=(336, 196, 768)  size=101.2MB
  [WRITE]  ISMN_RSMN_RosioriideVede                  s1_desc/l6 → s1_desc_l6.npy  shape=(336, 196, 768)  size=101.2MB
  [WRITE]  ISMN_RSMN_RosioriideVede                  s1_desc/l9 → s1_desc_l9.npy  shape=(336, 196, 768)  size=101.2MB
  [WRITE]  ISMN_RSMN_SannicolauMare                  s2/l3 → s2_l3.npy  shape=(202, 196, 768)  size=60.8MB
  [WRITE]  ISMN_RSMN_SannicolauMare                  s2/l6 → s2_l6.npy  shape=(202, 196, 768)  size=60.8MB
  [WRITE]  ISMN_RSMN_SannicolauMare                  s2/l9 → s2_l9.npy  shape=(202, 196, 768)  size=60.8MB
  [WRITE]  ISMN_RSMN_SannicolauMare                  s1_asc/l3 → s1_asc_l3.npy  shape=(425, 196, 768)  size=127.9MB
  [WRITE]  ISMN_RSMN_SannicolauMare                  s1_asc/l6 → s1_asc_l6.npy  shape=(425, 196, 768)  size=127.9MB
  [WRITE]  ISMN_RSMN_SannicolauMare                  s1_asc/l9 → s1_asc_l9.npy  shape=(425, 196, 768)  size=127.9MB
  [WRITE]  ISMN_RSMN_SannicolauMare                  s1_desc/l3 → s1_desc_l3.npy  shape=(202, 196, 768)  size=60.8MB
  [WRITE]  ISMN_RSMN_SannicolauMare                  s1_desc/l6 → s1_desc_l6.npy  shape=(202, 196, 768)  size=60.8MB
  [WRITE]  ISMN_RSMN_SannicolauMare                  s1_desc/l9 → s1_desc_l9.npy  shape=(202, 196, 768)  size=60.8MB
  [WRITE]  ISMN_RSMN_SatuMare                        s2/l3 → s2_l3.npy  shape=(124, 196, 768)  size=37.3MB
  [WRITE]  ISMN_RSMN_SatuMare                        s2/l6 → s2_l6.npy  shape=(124, 196, 768)  size=37.3MB
  [WRITE]  ISMN_RSMN_SatuMare                        s2/l9 → s2_l9.npy  shape=(124, 196, 768)  size=37.3MB
  [WRITE]  ISMN_RSMN_SatuMare                        s1_asc/l3 → s1_asc_l3.npy  shape=(381, 196, 768)  size=114.7MB
  [WRITE]  ISMN_RSMN_SatuMare                        s1_asc/l6 → s1_asc_l6.npy  shape=(381, 196, 768)  size=114.7MB
  [WRITE]  ISMN_RSMN_SatuMare                        s1_asc/l9 → s1_asc_l9.npy  shape=(381, 196, 768)  size=114.7MB
  [WRITE]  ISMN_RSMN_SatuMare                        s1_desc/l3 → s1_desc_l3.npy  shape=(378, 196, 768)  size=113.8MB
  [WRITE]  ISMN_RSMN_SatuMare                        s1_desc/l6 → s1_desc_l6.npy  shape=(378, 196, 768)  size=113.8MB
  [WRITE]  ISMN_RSMN_SatuMare                        s1_desc/l9 → s1_desc_l9.npy  shape=(378, 196, 768)  size=113.8MB
  [WRITE]  ISMN_COSMOS-UK_HolmeLacy                  s2/l3 → s2_l3.npy  shape=(139, 196, 768)  size=41.8MB
  [WRITE]  ISMN_COSMOS-UK_HolmeLacy                  s2/l6 → s2_l6.npy  shape=(139, 196, 768)  size=41.8MB
  [WRITE]  ISMN_COSMOS-UK_HolmeLacy                  s2/l9 → s2_l9.npy  shape=(139, 196, 768)  size=41.8MB
  [WRITE]  ISMN_COSMOS-UK_HolmeLacy                  s1_asc/l3 → s1_asc_l3.npy  shape=(241, 196, 768)  size=72.6MB
  [WRITE]  ISMN_COSMOS-UK_HolmeLacy                  s1_asc/l6 → s1_asc_l6.npy  shape=(241, 196, 768)  size=72.6MB
  [WRITE]  ISMN_COSMOS-UK_HolmeLacy                  s1_asc/l9 → s1_asc_l9.npy  shape=(241, 196, 768)  size=72.6MB
  [WRITE]  ISMN_COSMOS-UK_HolmeLacy                  s1_desc/l3 → s1_desc_l3.npy  shape=(493, 196, 768)  size=148.4MB
  [WRITE]  ISMN_COSMOS-UK_HolmeLacy                  s1_desc/l6 → s1_desc_l6.npy  shape=(493, 196, 768)  size=148.4MB
  [WRITE]  ISMN_COSMOS-UK_HolmeLacy                  s1_desc/l9 → s1_desc_l9.npy  shape=(493, 196, 768)  size=148.4MB
  [WRITE]  ISMN_COSMOS-UK_Loddington                 s2/l3 → s2_l3.npy  shape=(94, 196, 768)  size=28.3MB
  [WRITE]  ISMN_COSMOS-UK_Loddington                 s2/l6 → s2_l6.npy  shape=(94, 196, 768)  size=28.3MB
  [WRITE]  ISMN_COSMOS-UK_Loddington                 s2/l9 → s2_l9.npy  shape=(94, 196, 768)  size=28.3MB
  [WRITE]  ISMN_COSMOS-UK_Loddington                 s1_asc/l3 → s1_asc_l3.npy  shape=(355, 196, 768)  size=106.9MB
  [WRITE]  ISMN_COSMOS-UK_Loddington                 s1_asc/l6 → s1_asc_l6.npy  shape=(355, 196, 768)  size=106.9MB
  [WRITE]  ISMN_COSMOS-UK_Loddington                 s1_asc/l9 → s1_asc_l9.npy  shape=(355, 196, 768)  size=106.9MB
  [WRITE]  ISMN_COSMOS-UK_Loddington                 s1_desc/l3 → s1_desc_l3.npy  shape=(358, 196, 768)  size=107.8MB
  [WRITE]  ISMN_COSMOS-UK_Loddington                 s1_desc/l6 → s1_desc_l6.npy  shape=(358, 196, 768)  size=107.8MB
  [WRITE]  ISMN_COSMOS-UK_Loddington                 s1_desc/l9 → s1_desc_l9.npy  shape=(358, 196, 768)  size=107.8MB
  [WRITE]  ISMN_COSMOS-UK_LullingtonHeath            s2/l3 → s2_l3.npy  shape=(110, 196, 768)  size=33.1MB
  [WRITE]  ISMN_COSMOS-UK_LullingtonHeath            s2/l6 → s2_l6.npy  shape=(110, 196, 768)  size=33.1MB
  [WRITE]  ISMN_COSMOS-UK_LullingtonHeath            s2/l9 → s2_l9.npy  shape=(110, 196, 768)  size=33.1MB
  [WRITE]  ISMN_COSMOS-UK_LullingtonHeath            s1_asc/l3 → s1_asc_l3.npy  shape=(368, 196, 768)  size=110.8MB
  [WRITE]  ISMN_COSMOS-UK_LullingtonHeath            s1_asc/l6 → s1_asc_l6.npy  shape=(368, 196, 768)  size=110.8MB
  [WRITE]  ISMN_COSMOS-UK_LullingtonHeath            s1_asc/l9 → s1_asc_l9.npy  shape=(368, 196, 768)  size=110.8MB
  [WRITE]  ISMN_COSMOS-UK_LullingtonHeath            s1_desc/l3 → s1_desc_l3.npy  shape=(376, 196, 768)  size=113.2MB
  [WRITE]  ISMN_COSMOS-UK_LullingtonHeath            s1_desc/l6 → s1_desc_l6.npy  shape=(376, 196, 768)  size=113.2MB
  [WRITE]  ISMN_COSMOS-UK_LullingtonHeath            s1_desc/l9 → s1_desc_l9.npy  shape=(376, 196, 768)  size=113.2MB
  [WRITE]  ISMN_COSMOS-UK_MoretonMorrell             s2/l3 → s2_l3.npy  shape=(107, 196, 768)  size=32.2MB
  [WRITE]  ISMN_COSMOS-UK_MoretonMorrell             s2/l6 → s2_l6.npy  shape=(107, 196, 768)  size=32.2MB
  [WRITE]  ISMN_COSMOS-UK_MoretonMorrell             s2/l9 → s2_l9.npy  shape=(107, 196, 768)  size=32.2MB
  [WRITE]  ISMN_COSMOS-UK_MoretonMorrell             s1_asc/l3 → s1_asc_l3.npy  shape=(410, 196, 768)  size=123.4MB
  [WRITE]  ISMN_COSMOS-UK_MoretonMorrell             s1_asc/l6 → s1_asc_l6.npy  shape=(410, 196, 768)  size=123.4MB
  [WRITE]  ISMN_COSMOS-UK_MoretonMorrell             s1_asc/l9 → s1_asc_l9.npy  shape=(410, 196, 768)  size=123.4MB
  [WRITE]  ISMN_COSMOS-UK_MoretonMorrell             s1_desc/l3 → s1_desc_l3.npy  shape=(424, 196, 768)  size=127.6MB
  [WRITE]  ISMN_COSMOS-UK_MoretonMorrell             s1_desc/l6 → s1_desc_l6.npy  shape=(424, 196, 768)  size=127.6MB
  [WRITE]  ISMN_COSMOS-UK_MoretonMorrell             s1_desc/l9 → s1_desc_l9.npy  shape=(424, 196, 768)  size=127.6MB
  [WRITE]  ISMN_SCAN_IsbellFarms                     s2/l3 → s2_l3.npy  shape=(202, 196, 768)  size=60.8MB
  [WRITE]  ISMN_SCAN_IsbellFarms                     s2/l6 → s2_l6.npy  shape=(202, 196, 768)  size=60.8MB
  [WRITE]  ISMN_SCAN_IsbellFarms                     s2/l9 → s2_l9.npy  shape=(202, 196, 768)  size=60.8MB
  [WRITE]  ISMN_SCAN_IsbellFarms                     s1_asc/l3 → s1_asc_l3.npy  shape=(422, 196, 768)  size=127.0MB
  [WRITE]  ISMN_SCAN_IsbellFarms                     s1_asc/l6 → s1_asc_l6.npy  shape=(422, 196, 768)  size=127.0MB
  [WRITE]  ISMN_SCAN_IsbellFarms                     s1_asc/l9 → s1_asc_l9.npy  shape=(422, 196, 768)  size=127.0MB
  [WRITE]  ISMN_SCAN_IsbellFarms                     s1_desc/l3 → s1_desc_l3.npy  shape=(5, 196, 768)  size=1.5MB
  [WRITE]  ISMN_SCAN_IsbellFarms                     s1_desc/l6 → s1_desc_l6.npy  shape=(5, 196, 768)  size=1.5MB
  [WRITE]  ISMN_SCAN_IsbellFarms                     s1_desc/l9 → s1_desc_l9.npy  shape=(5, 196, 768)  size=1.5MB
  [WRITE]  ISMN_SCAN_JohnsonFarm                     s2/l3 → s2_l3.npy  shape=(471, 196, 768)  size=141.8MB
  [WRITE]  ISMN_SCAN_JohnsonFarm                     s2/l6 → s2_l6.npy  shape=(471, 196, 768)  size=141.8MB
  [WRITE]  ISMN_SCAN_JohnsonFarm                     s2/l9 → s2_l9.npy  shape=(471, 196, 768)  size=141.8MB
  [WRITE]  ISMN_SCAN_JohnsonFarm                     s1_asc/l3 → s1_asc_l3.npy  shape=(280, 196, 768)  size=84.3MB
  [WRITE]  ISMN_SCAN_JohnsonFarm                     s1_asc/l6 → s1_asc_l6.npy  shape=(280, 196, 768)  size=84.3MB
  [WRITE]  ISMN_SCAN_JohnsonFarm                     s1_asc/l9 → s1_asc_l9.npy  shape=(280, 196, 768)  size=84.3MB
  [WRITE]  ISMN_SCAN_JohnsonFarm                     s1_desc/l3 → s1_desc_l3.npy  shape=(157, 196, 768)  size=47.3MB
  [WRITE]  ISMN_SCAN_JohnsonFarm                     s1_desc/l6 → s1_desc_l6.npy  shape=(157, 196, 768)  size=47.3MB
  [WRITE]  ISMN_SCAN_JohnsonFarm                     s1_desc/l9 → s1_desc_l9.npy  shape=(157, 196, 768)  size=47.3MB
  [WRITE]  ISMN_SCAN_Jordan                          s2/l3 → s2_l3.npy  shape=(531, 196, 768)  size=159.9MB
  [WRITE]  ISMN_SCAN_Jordan                          s2/l6 → s2_l6.npy  shape=(531, 196, 768)  size=159.9MB
  [WRITE]  ISMN_SCAN_Jordan                          s2/l9 → s2_l9.npy  shape=(531, 196, 768)  size=159.9MB
  [WRITE]  ISMN_SCAN_Jordan                          s1_asc/l3 → s1_asc_l3.npy  shape=(287, 196, 768)  size=86.4MB
  [WRITE]  ISMN_SCAN_Jordan                          s1_asc/l6 → s1_asc_l6.npy  shape=(287, 196, 768)  size=86.4MB
  [WRITE]  ISMN_SCAN_Jordan                          s1_asc/l9 → s1_asc_l9.npy  shape=(287, 196, 768)  size=86.4MB
  [WRITE]  ISMN_SCAN_Jordan                          s1_desc/l3 → s1_desc_l3.npy  shape=(493, 196, 768)  size=148.4MB
  [WRITE]  ISMN_SCAN_Jordan                          s1_desc/l6 → s1_desc_l6.npy  shape=(493, 196, 768)  size=148.4MB
  [WRITE]  ISMN_SCAN_Jordan                          s1_desc/l9 → s1_desc_l9.npy  shape=(493, 196, 768)  size=148.4MB
  [WRITE]  ISMN_SCAN_JornadaExpRange                 s2/l3 → s2_l3.npy  shape=(356, 196, 768)  size=107.2MB
  [WRITE]  ISMN_SCAN_JornadaExpRange                 s2/l6 → s2_l6.npy  shape=(356, 196, 768)  size=107.2MB
  [WRITE]  ISMN_SCAN_JornadaExpRange                 s2/l9 → s2_l9.npy  shape=(356, 196, 768)  size=107.2MB
  [WRITE]  ISMN_SCAN_JornadaExpRange                 s1_asc/l3 → s1_asc_l3.npy  shape=(107, 196, 768)  size=32.2MB
  [WRITE]  ISMN_SCAN_JornadaExpRange                 s1_asc/l6 → s1_asc_l6.npy  shape=(107, 196, 768)  size=32.2MB
  [WRITE]  ISMN_SCAN_JornadaExpRange                 s1_asc/l9 → s1_asc_l9.npy  shape=(107, 196, 768)  size=32.2MB
  [WRITE]  ISMN_SCAN_JornadaExpRange                 s1_desc/l3 → s1_desc_l3.npy  shape=(210, 196, 768)  size=63.2MB
  [WRITE]  ISMN_SCAN_JornadaExpRange                 s1_desc/l6 → s1_desc_l6.npy  shape=(210, 196, 768)  size=63.2MB
  [WRITE]  ISMN_SCAN_JornadaExpRange                 s1_desc/l9 → s1_desc_l9.npy  shape=(210, 196, 768)  size=63.2MB
  [WRITE]  ISMN_FMI_SOD130                           s2/l3 → s2_l3.npy  shape=(137, 196, 768)  size=41.2MB
  [WRITE]  ISMN_FMI_SOD130                           s2/l6 → s2_l6.npy  shape=(137, 196, 768)  size=41.2MB
  [WRITE]  ISMN_FMI_SOD130                           s2/l9 → s2_l9.npy  shape=(137, 196, 768)  size=41.2MB
  [WRITE]  ISMN_FMI_SOD130                           s1_asc/l3 → s1_asc_l3.npy  shape=(549, 196, 768)  size=165.3MB
  [WRITE]  ISMN_FMI_SOD130                           s1_asc/l6 → s1_asc_l6.npy  shape=(549, 196, 768)  size=165.3MB
  [WRITE]  ISMN_FMI_SOD130                           s1_asc/l9 → s1_asc_l9.npy  shape=(549, 196, 768)  size=165.3MB
  [WRITE]  ISMN_FMI_SOD130                           s1_desc/l3 → s1_desc_l3.npy  shape=(623, 196, 768)  size=187.6MB
  [WRITE]  ISMN_FMI_SOD130                           s1_desc/l6 → s1_desc_l6.npy  shape=(623, 196, 768)  size=187.6MB
  [WRITE]  ISMN_FMI_SOD130                           s1_desc/l9 → s1_desc_l9.npy  shape=(623, 196, 768)  size=187.6MB
  [WRITE]  ISMN_FMI_SOD140                           s2/l3 → s2_l3.npy  shape=(109, 196, 768)  size=32.8MB
  [WRITE]  ISMN_FMI_SOD140                           s2/l6 → s2_l6.npy  shape=(109, 196, 768)  size=32.8MB
  [WRITE]  ISMN_FMI_SOD140                           s2/l9 → s2_l9.npy  shape=(109, 196, 768)  size=32.8MB
  [WRITE]  ISMN_FMI_SOD140                           s1_asc/l3 → s1_asc_l3.npy  shape=(375, 196, 768)  size=112.9MB
  [WRITE]  ISMN_FMI_SOD140                           s1_asc/l6 → s1_asc_l6.npy  shape=(375, 196, 768)  size=112.9MB
  [WRITE]  ISMN_FMI_SOD140                           s1_asc/l9 → s1_asc_l9.npy  shape=(375, 196, 768)  size=112.9MB
  [WRITE]  ISMN_FMI_SOD140                           s1_desc/l3 → s1_desc_l3.npy  shape=(464, 196, 768)  size=139.7MB
  [WRITE]  ISMN_FMI_SOD140                           s1_desc/l6 → s1_desc_l6.npy  shape=(464, 196, 768)  size=139.7MB
  [WRITE]  ISMN_FMI_SOD140                           s1_desc/l9 → s1_desc_l9.npy  shape=(464, 196, 768)  size=139.7MB
  [WRITE]  ISMN_FR_Aqui_fraye                        s2/l3 → s2_l3.npy  shape=(68, 196, 768)  size=20.5MB
  [WRITE]  ISMN_FR_Aqui_fraye                        s2/l6 → s2_l6.npy  shape=(68, 196, 768)  size=20.5MB
  [WRITE]  ISMN_FR_Aqui_fraye                        s2/l9 → s2_l9.npy  shape=(68, 196, 768)  size=20.5MB
  [WRITE]  ISMN_FR_Aqui_fraye                        s1_asc/l3 → s1_asc_l3.npy  shape=(176, 196, 768)  size=53.0MB
  [WRITE]  ISMN_FR_Aqui_fraye                        s1_asc/l6 → s1_asc_l6.npy  shape=(176, 196, 768)  size=53.0MB
  [WRITE]  ISMN_FR_Aqui_fraye                        s1_asc/l9 → s1_asc_l9.npy  shape=(176, 196, 768)  size=53.0MB
  [WRITE]  ISMN_FR_Aqui_fraye                        s1_desc/l3 → s1_desc_l3.npy  shape=(355, 196, 768)  size=106.9MB
  [WRITE]  ISMN_FR_Aqui_fraye                        s1_desc/l6 → s1_desc_l6.npy  shape=(355, 196, 768)  size=106.9MB
  [WRITE]  ISMN_FR_Aqui_fraye                        s1_desc/l9 → s1_desc_l9.npy  shape=(355, 196, 768)  size=106.9MB
  [WRITE]  ISMN_FR_Aqui_hillan2                      s2/l3 → s2_l3.npy  shape=(92, 196, 768)  size=27.7MB
  [WRITE]  ISMN_FR_Aqui_hillan2                      s2/l6 → s2_l6.npy  shape=(92, 196, 768)  size=27.7MB
  [WRITE]  ISMN_FR_Aqui_hillan2                      s2/l9 → s2_l9.npy  shape=(92, 196, 768)  size=27.7MB
  [WRITE]  ISMN_FR_Aqui_hillan2                      s1_asc/l3 → s1_asc_l3.npy  shape=(204, 196, 768)  size=61.4MB
  [WRITE]  ISMN_FR_Aqui_hillan2                      s1_asc/l6 → s1_asc_l6.npy  shape=(204, 196, 768)  size=61.4MB
  [WRITE]  ISMN_FR_Aqui_hillan2                      s1_asc/l9 → s1_asc_l9.npy  shape=(204, 196, 768)  size=61.4MB
  [WRITE]  ISMN_FR_Aqui_hillan2                      s1_desc/l3 → s1_desc_l3.npy  shape=(419, 196, 768)  size=126.1MB
  [WRITE]  ISMN_FR_Aqui_hillan2                      s1_desc/l6 → s1_desc_l6.npy  shape=(419, 196, 768)  size=126.1MB
  [WRITE]  ISMN_FR_Aqui_hillan2                      s1_desc/l9 → s1_desc_l9.npy  shape=(419, 196, 768)  size=126.1MB
  [WRITE]  ISMN_SCAN_Cullman-NAHRC                   s2/l3 → s2_l3.npy  shape=(226, 196, 768)  size=68.0MB
  [WRITE]  ISMN_SCAN_Cullman-NAHRC                   s2/l6 → s2_l6.npy  shape=(226, 196, 768)  size=68.0MB
  [WRITE]  ISMN_SCAN_Cullman-NAHRC                   s2/l9 → s2_l9.npy  shape=(226, 196, 768)  size=68.0MB
  [WRITE]  ISMN_SCAN_Cullman-NAHRC                   s1_asc/l3 → s1_asc_l3.npy  shape=(208, 196, 768)  size=62.6MB
  [WRITE]  ISMN_SCAN_Cullman-NAHRC                   s1_asc/l6 → s1_asc_l6.npy  shape=(208, 196, 768)  size=62.6MB
  [WRITE]  ISMN_SCAN_Cullman-NAHRC                   s1_asc/l9 → s1_asc_l9.npy  shape=(208, 196, 768)  size=62.6MB
  [WRITE]  ISMN_SCAN_Cullman-NAHRC                   s1_desc/l3 → s1_desc_l3.npy  shape=(1, 196, 768)  size=0.3MB
  [WRITE]  ISMN_SCAN_Cullman-NAHRC                   s1_desc/l6 → s1_desc_l6.npy  shape=(1, 196, 768)  size=0.3MB
  [WRITE]  ISMN_SCAN_Cullman-NAHRC                   s1_desc/l9 → s1_desc_l9.npy  shape=(1, 196, 768)  size=0.3MB
  [WRITE]  ISMN_SCAN_DeepSprings                     s2/l3 → s2_l3.npy  shape=(608, 196, 768)  size=183.0MB
  [WRITE]  ISMN_SCAN_DeepSprings                     s2/l6 → s2_l6.npy  shape=(608, 196, 768)  size=183.0MB
  [WRITE]  ISMN_SCAN_DeepSprings                     s2/l9 → s2_l9.npy  shape=(608, 196, 768)  size=183.0MB
  [WRITE]  ISMN_SCAN_DeepSprings                     s1_asc/l3 → s1_asc_l3.npy  shape=(341, 196, 768)  size=102.7MB
  [WRITE]  ISMN_SCAN_DeepSprings                     s1_asc/l6 → s1_asc_l6.npy  shape=(341, 196, 768)  size=102.7MB
  [WRITE]  ISMN_SCAN_DeepSprings                     s1_asc/l9 → s1_asc_l9.npy  shape=(341, 196, 768)  size=102.7MB
  [WRITE]  ISMN_SCAN_DeepSprings                     s1_desc/l3 → s1_desc_l3.npy  shape=(723, 196, 768)  size=217.7MB
  [WRITE]  ISMN_SCAN_DeepSprings                     s1_desc/l6 → s1_desc_l6.npy  shape=(723, 196, 768)  size=217.7MB
  [WRITE]  ISMN_SCAN_DeepSprings                     s1_desc/l9 → s1_desc_l9.npy  shape=(723, 196, 768)  size=217.7MB
  [WRITE]  ISMN_SCAN_Dexter                          s2/l3 → s2_l3.npy  shape=(95, 196, 768)  size=28.6MB
  [WRITE]  ISMN_SCAN_Dexter                          s2/l6 → s2_l6.npy  shape=(95, 196, 768)  size=28.6MB
  [WRITE]  ISMN_SCAN_Dexter                          s2/l9 → s2_l9.npy  shape=(95, 196, 768)  size=28.6MB
  [WRITE]  ISMN_SCAN_Dexter                          s1_asc/l3 → s1_asc_l3.npy  shape=(239, 196, 768)  size=72.0MB
  [WRITE]  ISMN_SCAN_Dexter                          s1_asc/l6 → s1_asc_l6.npy  shape=(239, 196, 768)  size=72.0MB
  [WRITE]  ISMN_SCAN_Dexter                          s1_asc/l9 → s1_asc_l9.npy  shape=(239, 196, 768)  size=72.0MB
  [WRITE]  ISMN_SCAN_Dexter                          s1_desc/l3 → s1_desc_l3.npy  shape=(7, 196, 768)  size=2.1MB
  [WRITE]  ISMN_SCAN_Dexter                          s1_desc/l6 → s1_desc_l6.npy  shape=(7, 196, 768)  size=2.1MB
  [WRITE]  ISMN_SCAN_Dexter                          s1_desc/l9 → s1_desc_l9.npy  shape=(7, 196, 768)  size=2.1MB
  [WRITE]  ISMN_SCAN_DoeRidge                        s2/l3 → s2_l3.npy  shape=(432, 196, 768)  size=130.1MB
  [WRITE]  ISMN_SCAN_DoeRidge                        s2/l6 → s2_l6.npy  shape=(432, 196, 768)  size=130.1MB
  [WRITE]  ISMN_SCAN_DoeRidge                        s2/l9 → s2_l9.npy  shape=(432, 196, 768)  size=130.1MB
  [WRITE]  ISMN_SCAN_DoeRidge                        s1_asc/l3 → s1_asc_l3.npy  shape=(328, 196, 768)  size=98.7MB
  [WRITE]  ISMN_SCAN_DoeRidge                        s1_asc/l6 → s1_asc_l6.npy  shape=(328, 196, 768)  size=98.7MB
  [WRITE]  ISMN_SCAN_DoeRidge                        s1_asc/l9 → s1_asc_l9.npy  shape=(328, 196, 768)  size=98.7MB
  [WRITE]  ISMN_SCAN_DoeRidge                        s1_desc/l3 → s1_desc_l3.npy  shape=(352, 196, 768)  size=106.0MB
  [WRITE]  ISMN_SCAN_DoeRidge                        s1_desc/l6 → s1_desc_l6.npy  shape=(352, 196, 768)  size=106.0MB
  [WRITE]  ISMN_SCAN_DoeRidge                        s1_desc/l9 → s1_desc_l9.npy  shape=(352, 196, 768)  size=106.0MB
  [WRITE]  ISMN_COSMOS-UK_Fivemiletown               s2/l3 → s2_l3.npy  shape=(78, 196, 768)  size=23.5MB
  [WRITE]  ISMN_COSMOS-UK_Fivemiletown               s2/l6 → s2_l6.npy  shape=(78, 196, 768)  size=23.5MB
  [WRITE]  ISMN_COSMOS-UK_Fivemiletown               s2/l9 → s2_l9.npy  shape=(78, 196, 768)  size=23.5MB
  [WRITE]  ISMN_COSMOS-UK_Fivemiletown               s1_asc/l3 → s1_asc_l3.npy  shape=(236, 196, 768)  size=71.0MB
  [WRITE]  ISMN_COSMOS-UK_Fivemiletown               s1_asc/l6 → s1_asc_l6.npy  shape=(236, 196, 768)  size=71.0MB
  [WRITE]  ISMN_COSMOS-UK_Fivemiletown               s1_asc/l9 → s1_asc_l9.npy  shape=(236, 196, 768)  size=71.0MB
  [WRITE]  ISMN_COSMOS-UK_Fivemiletown               s1_desc/l3 → s1_desc_l3.npy  shape=(473, 196, 768)  size=142.4MB
  [WRITE]  ISMN_COSMOS-UK_Fivemiletown               s1_desc/l6 → s1_desc_l6.npy  shape=(473, 196, 768)  size=142.4MB
  [WRITE]  ISMN_COSMOS-UK_Fivemiletown               s1_desc/l9 → s1_desc_l9.npy  shape=(473, 196, 768)  size=142.4MB
  [WRITE]  ISMN_COSMOS-UK_HartwoodHome               s2/l3 → s2_l3.npy  shape=(108, 196, 768)  size=32.5MB
  [WRITE]  ISMN_COSMOS-UK_HartwoodHome               s2/l6 → s2_l6.npy  shape=(108, 196, 768)  size=32.5MB
  [WRITE]  ISMN_COSMOS-UK_HartwoodHome               s2/l9 → s2_l9.npy  shape=(108, 196, 768)  size=32.5MB
  [WRITE]  ISMN_COSMOS-UK_HartwoodHome               s1_asc/l3 → s1_asc_l3.npy  shape=(592, 196, 768)  size=178.2MB
  [WRITE]  ISMN_COSMOS-UK_HartwoodHome               s1_asc/l6 → s1_asc_l6.npy  shape=(592, 196, 768)  size=178.2MB
  [WRITE]  ISMN_COSMOS-UK_HartwoodHome               s1_asc/l9 → s1_asc_l9.npy  shape=(592, 196, 768)  size=178.2MB
  [WRITE]  ISMN_COSMOS-UK_HartwoodHome               s1_desc/l3 → s1_desc_l3.npy  shape=(602, 196, 768)  size=181.2MB
  [WRITE]  ISMN_COSMOS-UK_HartwoodHome               s1_desc/l6 → s1_desc_l6.npy  shape=(602, 196, 768)  size=181.2MB
  [WRITE]  ISMN_COSMOS-UK_HartwoodHome               s1_desc/l9 → s1_desc_l9.npy  shape=(602, 196, 768)  size=181.2MB
  [WRITE]  ISMN_COSMOS-UK_Heytesbury                 s2/l3 → s2_l3.npy  shape=(112, 196, 768)  size=33.7MB
  [WRITE]  ISMN_COSMOS-UK_Heytesbury                 s2/l6 → s2_l6.npy  shape=(112, 196, 768)  size=33.7MB
  [WRITE]  ISMN_COSMOS-UK_Heytesbury                 s2/l9 → s2_l9.npy  shape=(112, 196, 768)  size=33.7MB
  [WRITE]  ISMN_COSMOS-UK_Heytesbury                 s1_asc/l3 → s1_asc_l3.npy  shape=(211, 196, 768)  size=63.5MB
  [WRITE]  ISMN_COSMOS-UK_Heytesbury                 s1_asc/l6 → s1_asc_l6.npy  shape=(211, 196, 768)  size=63.5MB
  [WRITE]  ISMN_COSMOS-UK_Heytesbury                 s1_asc/l9 → s1_asc_l9.npy  shape=(211, 196, 768)  size=63.5MB
  [WRITE]  ISMN_COSMOS-UK_Heytesbury                 s1_desc/l3 → s1_desc_l3.npy  shape=(433, 196, 768)  size=130.4MB
  [WRITE]  ISMN_COSMOS-UK_Heytesbury                 s1_desc/l6 → s1_desc_l6.npy  shape=(433, 196, 768)  size=130.4MB
  [WRITE]  ISMN_COSMOS-UK_Heytesbury                 s1_desc/l9 → s1_desc_l9.npy  shape=(433, 196, 768)  size=130.4MB
  [WRITE]  ISMN_COSMOS-UK_HollinHill                 s2/l3 → s2_l3.npy  shape=(114, 196, 768)  size=34.3MB
  [WRITE]  ISMN_COSMOS-UK_HollinHill                 s2/l6 → s2_l6.npy  shape=(114, 196, 768)  size=34.3MB
  [WRITE]  ISMN_COSMOS-UK_HollinHill                 s2/l9 → s2_l9.npy  shape=(114, 196, 768)  size=34.3MB
  [WRITE]  ISMN_COSMOS-UK_HollinHill                 s1_asc/l3 → s1_asc_l3.npy  shape=(254, 196, 768)  size=76.5MB
  [WRITE]  ISMN_COSMOS-UK_HollinHill                 s1_asc/l6 → s1_asc_l6.npy  shape=(254, 196, 768)  size=76.5MB
  [WRITE]  ISMN_COSMOS-UK_HollinHill                 s1_asc/l9 → s1_asc_l9.npy  shape=(254, 196, 768)  size=76.5MB
  [WRITE]  ISMN_COSMOS-UK_HollinHill                 s1_desc/l3 → s1_desc_l3.npy  shape=(435, 196, 768)  size=131.0MB
  [WRITE]  ISMN_COSMOS-UK_HollinHill                 s1_desc/l6 → s1_desc_l6.npy  shape=(435, 196, 768)  size=131.0MB
  [WRITE]  ISMN_COSMOS-UK_HollinHill                 s1_desc/l9 → s1_desc_l9.npy  shape=(435, 196, 768)  size=131.0MB
  [WRITE]  ISMN_SCAN_Ames                            s2/l3 → s2_l3.npy  shape=(350, 196, 768)  size=105.4MB
  [WRITE]  ISMN_SCAN_Ames                            s2/l6 → s2_l6.npy  shape=(350, 196, 768)  size=105.4MB
  [WRITE]  ISMN_SCAN_Ames                            s2/l9 → s2_l9.npy  shape=(350, 196, 768)  size=105.4MB
  [WRITE]  ISMN_SCAN_Ames                            s1_asc/l3 → s1_asc_l3.npy  shape=(356, 196, 768)  size=107.2MB
  [WRITE]  ISMN_SCAN_Ames                            s1_asc/l6 → s1_asc_l6.npy  shape=(356, 196, 768)  size=107.2MB
  [WRITE]  ISMN_SCAN_Ames                            s1_asc/l9 → s1_asc_l9.npy  shape=(356, 196, 768)  size=107.2MB
  [WRITE]  ISMN_SCAN_Ames                            s1_desc/l3 → s1_desc_l3.npy  shape=(3, 196, 768)  size=0.9MB
  [WRITE]  ISMN_SCAN_Ames                            s1_desc/l6 → s1_desc_l6.npy  shape=(3, 196, 768)  size=0.9MB
  [WRITE]  ISMN_SCAN_Ames                            s1_desc/l9 → s1_desc_l9.npy  shape=(3, 196, 768)  size=0.9MB
  [WRITE]  ISMN_SCAN_AshValley                       s2/l3 → s2_l3.npy  shape=(177, 196, 768)  size=53.3MB
  [WRITE]  ISMN_SCAN_AshValley                       s2/l6 → s2_l6.npy  shape=(177, 196, 768)  size=53.3MB
  [WRITE]  ISMN_SCAN_AshValley                       s2/l9 → s2_l9.npy  shape=(177, 196, 768)  size=53.3MB
  [WRITE]  ISMN_SCAN_AshValley                       s1_asc/l3 → s1_asc_l3.npy  shape=(155, 196, 768)  size=46.7MB
  [WRITE]  ISMN_SCAN_AshValley                       s1_asc/l6 → s1_asc_l6.npy  shape=(155, 196, 768)  size=46.7MB
  [WRITE]  ISMN_SCAN_AshValley                       s1_asc/l9 → s1_asc_l9.npy  shape=(155, 196, 768)  size=46.7MB
  [WRITE]  ISMN_SCAN_AshValley                       s1_desc/l3 → s1_desc_l3.npy  shape=(118, 196, 768)  size=35.5MB
  [WRITE]  ISMN_SCAN_AshValley                       s1_desc/l6 → s1_desc_l6.npy  shape=(118, 196, 768)  size=35.5MB
  [WRITE]  ISMN_SCAN_AshValley                       s1_desc/l9 → s1_desc_l9.npy  shape=(118, 196, 768)  size=35.5MB
  [WRITE]  ISMN_SCAN_BlueCreek                       s2/l3 → s2_l3.npy  shape=(311, 196, 768)  size=93.6MB
  [WRITE]  ISMN_SCAN_BlueCreek                       s2/l6 → s2_l6.npy  shape=(311, 196, 768)  size=93.6MB
  [WRITE]  ISMN_SCAN_BlueCreek                       s2/l9 → s2_l9.npy  shape=(311, 196, 768)  size=93.6MB
  [WRITE]  ISMN_SCAN_BlueCreek                       s1_asc/l3 → s1_asc_l3.npy  shape=(295, 196, 768)  size=88.8MB
  [WRITE]  ISMN_SCAN_BlueCreek                       s1_asc/l6 → s1_asc_l6.npy  shape=(295, 196, 768)  size=88.8MB
  [WRITE]  ISMN_SCAN_BlueCreek                       s1_asc/l9 → s1_asc_l9.npy  shape=(295, 196, 768)  size=88.8MB
  [WRITE]  ISMN_SCAN_BlueCreek                       s1_desc/l3 → s1_desc_l3.npy  shape=(380, 196, 768)  size=114.4MB
  [WRITE]  ISMN_SCAN_BlueCreek                       s1_desc/l6 → s1_desc_l6.npy  shape=(380, 196, 768)  size=114.4MB
  [WRITE]  ISMN_SCAN_BlueCreek                       s1_desc/l9 → s1_desc_l9.npy  shape=(380, 196, 768)  size=114.4MB
  [WRITE]  ISMN_SCAN_BodieHills                      s2/l3 → s2_l3.npy  shape=(412, 196, 768)  size=124.0MB
  [WRITE]  ISMN_SCAN_BodieHills                      s2/l6 → s2_l6.npy  shape=(412, 196, 768)  size=124.0MB
  [WRITE]  ISMN_SCAN_BodieHills                      s2/l9 → s2_l9.npy  shape=(412, 196, 768)  size=124.0MB
  [WRITE]  ISMN_SCAN_BodieHills                      s1_asc/l3 → s1_asc_l3.npy  shape=(746, 196, 768)  size=224.6MB
  [WRITE]  ISMN_SCAN_BodieHills                      s1_asc/l6 → s1_asc_l6.npy  shape=(746, 196, 768)  size=224.6MB
  [WRITE]  ISMN_SCAN_BodieHills                      s1_asc/l9 → s1_asc_l9.npy  shape=(746, 196, 768)  size=224.6MB
  [WRITE]  ISMN_SCAN_BodieHills                      s1_desc/l3 → s1_desc_l3.npy  shape=(356, 196, 768)  size=107.2MB
  [WRITE]  ISMN_SCAN_BodieHills                      s1_desc/l6 → s1_desc_l6.npy  shape=(356, 196, 768)  size=107.2MB
  [WRITE]  ISMN_SCAN_BodieHills                      s1_desc/l9 → s1_desc_l9.npy  shape=(356, 196, 768)  size=107.2MB
  [WRITE]  ISMN_CW3E_BrownsValleySchool              s2/l3 → s2_l3.npy  shape=(236, 196, 768)  size=71.0MB
  [WRITE]  ISMN_CW3E_BrownsValleySchool              s2/l6 → s2_l6.npy  shape=(236, 196, 768)  size=71.0MB
  [WRITE]  ISMN_CW3E_BrownsValleySchool              s2/l9 → s2_l9.npy  shape=(236, 196, 768)  size=71.0MB
  [WRITE]  ISMN_CW3E_BrownsValleySchool              s1_asc/l3 → s1_asc_l3.npy  shape=(352, 196, 768)  size=106.0MB
  [WRITE]  ISMN_CW3E_BrownsValleySchool              s1_asc/l6 → s1_asc_l6.npy  shape=(352, 196, 768)  size=106.0MB
  [WRITE]  ISMN_CW3E_BrownsValleySchool              s1_asc/l9 → s1_asc_l9.npy  shape=(352, 196, 768)  size=106.0MB
  [WRITE]  ISMN_CW3E_BrownsValleySchool              s1_desc/l3 → s1_desc_l3.npy  shape=(315, 196, 768)  size=94.8MB
  [WRITE]  ISMN_CW3E_BrownsValleySchool              s1_desc/l6 → s1_desc_l6.npy  shape=(315, 196, 768)  size=94.8MB
  [WRITE]  ISMN_CW3E_BrownsValleySchool              s1_desc/l9 → s1_desc_l9.npy  shape=(315, 196, 768)  size=94.8MB
  [WRITE]  ISMN_CW3E_Deerwood                        s2/l3 → s2_l3.npy  shape=(404, 196, 768)  size=121.6MB
  [WRITE]  ISMN_CW3E_Deerwood                        s2/l6 → s2_l6.npy  shape=(404, 196, 768)  size=121.6MB
  [WRITE]  ISMN_CW3E_Deerwood                        s2/l9 → s2_l9.npy  shape=(404, 196, 768)  size=121.6MB
  [WRITE]  ISMN_CW3E_Deerwood                        s1_asc/l3 → s1_asc_l3.npy  shape=(306, 196, 768)  size=92.1MB
  [WRITE]  ISMN_CW3E_Deerwood                        s1_asc/l6 → s1_asc_l6.npy  shape=(306, 196, 768)  size=92.1MB
  [WRITE]  ISMN_CW3E_Deerwood                        s1_asc/l9 → s1_asc_l9.npy  shape=(306, 196, 768)  size=92.1MB
  [WRITE]  ISMN_CW3E_Deerwood                        s1_desc/l3 → s1_desc_l3.npy  shape=(242, 196, 768)  size=72.9MB
  [WRITE]  ISMN_CW3E_Deerwood                        s1_desc/l6 → s1_desc_l6.npy  shape=(242, 196, 768)  size=72.9MB
  [WRITE]  ISMN_CW3E_Deerwood                        s1_desc/l9 → s1_desc_l9.npy  shape=(242, 196, 768)  size=72.9MB
  [WRITE]  ISMN_CW3E_FeatherRiverCollege             s2/l3 → s2_l3.npy  shape=(194, 196, 768)  size=58.4MB
  [WRITE]  ISMN_CW3E_FeatherRiverCollege             s2/l6 → s2_l6.npy  shape=(194, 196, 768)  size=58.4MB
  [WRITE]  ISMN_CW3E_FeatherRiverCollege             s2/l9 → s2_l9.npy  shape=(194, 196, 768)  size=58.4MB
  [WRITE]  ISMN_CW3E_FeatherRiverCollege             s1_asc/l3 → s1_asc_l3.npy  shape=(192, 196, 768)  size=57.8MB
  [WRITE]  ISMN_CW3E_FeatherRiverCollege             s1_asc/l6 → s1_asc_l6.npy  shape=(192, 196, 768)  size=57.8MB
  [WRITE]  ISMN_CW3E_FeatherRiverCollege             s1_asc/l9 → s1_asc_l9.npy  shape=(192, 196, 768)  size=57.8MB
  [WRITE]  ISMN_CW3E_FeatherRiverCollege             s1_desc/l3 → s1_desc_l3.npy  shape=(185, 196, 768)  size=55.7MB
  [WRITE]  ISMN_CW3E_FeatherRiverCollege             s1_desc/l6 → s1_desc_l6.npy  shape=(185, 196, 768)  size=55.7MB
  [WRITE]  ISMN_CW3E_FeatherRiverCollege             s1_desc/l9 → s1_desc_l9.npy  shape=(185, 196, 768)  size=55.7MB
  [WRITE]  ISMN_CW3E_NorthCowMountain                s2/l3 → s2_l3.npy  shape=(746, 196, 768)  size=224.6MB
  [WRITE]  ISMN_CW3E_NorthCowMountain                s2/l6 → s2_l6.npy  shape=(746, 196, 768)  size=224.6MB
  [WRITE]  ISMN_CW3E_NorthCowMountain                s2/l9 → s2_l9.npy  shape=(746, 196, 768)  size=224.6MB
  [WRITE]  ISMN_CW3E_NorthCowMountain                s1_asc/l3 → s1_asc_l3.npy  shape=(292, 196, 768)  size=87.9MB
  [WRITE]  ISMN_CW3E_NorthCowMountain                s1_asc/l6 → s1_asc_l6.npy  shape=(292, 196, 768)  size=87.9MB
  [WRITE]  ISMN_CW3E_NorthCowMountain                s1_asc/l9 → s1_asc_l9.npy  shape=(292, 196, 768)  size=87.9MB
  [WRITE]  ISMN_CW3E_NorthCowMountain                s1_desc/l3 → s1_desc_l3.npy  shape=(234, 196, 768)  size=70.4MB
  [WRITE]  ISMN_CW3E_NorthCowMountain                s1_desc/l6 → s1_desc_l6.npy  shape=(234, 196, 768)  size=70.4MB
  [WRITE]  ISMN_CW3E_NorthCowMountain                s1_desc/l9 → s1_desc_l9.npy  shape=(234, 196, 768)  size=70.4MB
  [WRITE]  ISMN_REMEDHUS_Zamarron                    s2/l3 → s2_l3.npy  shape=(145, 196, 768)  size=43.7MB
  [WRITE]  ISMN_REMEDHUS_Zamarron                    s2/l6 → s2_l6.npy  shape=(145, 196, 768)  size=43.7MB
  [WRITE]  ISMN_REMEDHUS_Zamarron                    s2/l9 → s2_l9.npy  shape=(145, 196, 768)  size=43.7MB
  [WRITE]  ISMN_REMEDHUS_Zamarron                    s1_asc/l3 → s1_asc_l3.npy  shape=(277, 196, 768)  size=83.4MB
  [WRITE]  ISMN_REMEDHUS_Zamarron                    s1_asc/l6 → s1_asc_l6.npy  shape=(277, 196, 768)  size=83.4MB
  [WRITE]  ISMN_REMEDHUS_Zamarron                    s1_asc/l9 → s1_asc_l9.npy  shape=(277, 196, 768)  size=83.4MB
  [WRITE]  ISMN_REMEDHUS_Zamarron                    s1_desc/l3 → s1_desc_l3.npy  shape=(272, 196, 768)  size=81.9MB
  [WRITE]  ISMN_REMEDHUS_Zamarron                    s1_desc/l6 → s1_desc_l6.npy  shape=(272, 196, 768)  size=81.9MB
  [WRITE]  ISMN_REMEDHUS_Zamarron                    s1_desc/l9 → s1_desc_l9.npy  shape=(272, 196, 768)  size=81.9MB
  [WRITE]  ISMN_ROMPS_AbramovGlacier                 s2/l3 → s2_l3.npy  shape=(367, 196, 768)  size=110.5MB
  [WRITE]  ISMN_ROMPS_AbramovGlacier                 s2/l6 → s2_l6.npy  shape=(367, 196, 768)  size=110.5MB
  [WRITE]  ISMN_ROMPS_AbramovGlacier                 s2/l9 → s2_l9.npy  shape=(367, 196, 768)  size=110.5MB
  [WRITE]  ISMN_ROMPS_AbramovGlacier                 s1_asc/l3 → s1_asc_l3.npy  shape=(297, 196, 768)  size=89.4MB
  [WRITE]  ISMN_ROMPS_AbramovGlacier                 s1_asc/l6 → s1_asc_l6.npy  shape=(297, 196, 768)  size=89.4MB
  [WRITE]  ISMN_ROMPS_AbramovGlacier                 s1_asc/l9 → s1_asc_l9.npy  shape=(297, 196, 768)  size=89.4MB
  [WRITE]  ISMN_ROMPS_AbramovGlacier                 s1_desc/l3 → s1_desc_l3.npy  shape=(288, 196, 768)  size=86.7MB
  [WRITE]  ISMN_ROMPS_AbramovGlacier                 s1_desc/l6 → s1_desc_l6.npy  shape=(288, 196, 768)  size=86.7MB
  [WRITE]  ISMN_ROMPS_AbramovGlacier                 s1_desc/l9 → s1_desc_l9.npy  shape=(288, 196, 768)  size=86.7MB
  [WRITE]  ISMN_ROMPS_Baytik                         s2/l3 → s2_l3.npy  shape=(325, 196, 768)  size=97.8MB
  [WRITE]  ISMN_ROMPS_Baytik                         s2/l6 → s2_l6.npy  shape=(325, 196, 768)  size=97.8MB
  [WRITE]  ISMN_ROMPS_Baytik                         s2/l9 → s2_l9.npy  shape=(325, 196, 768)  size=97.8MB
  [WRITE]  ISMN_ROMPS_Baytik                         s1_asc/l3 → s1_asc_l3.npy  shape=(259, 196, 768)  size=78.0MB
  [WRITE]  ISMN_ROMPS_Baytik                         s1_asc/l6 → s1_asc_l6.npy  shape=(259, 196, 768)  size=78.0MB
  [WRITE]  ISMN_ROMPS_Baytik                         s1_asc/l9 → s1_asc_l9.npy  shape=(259, 196, 768)  size=78.0MB
  [WRITE]  ISMN_ROMPS_Baytik                         s1_desc/l3 → s1_desc_l3.npy  shape=(257, 196, 768)  size=77.4MB
  [WRITE]  ISMN_ROMPS_Baytik                         s1_desc/l6 → s1_desc_l6.npy  shape=(257, 196, 768)  size=77.4MB
  [WRITE]  ISMN_ROMPS_Baytik                         s1_desc/l9 → s1_desc_l9.npy  shape=(257, 196, 768)  size=77.4MB
  [WRITE]  ISMN_ROMPS_GolubinGlacier                 s2/l3 → s2_l3.npy  shape=(548, 196, 768)  size=165.0MB
  [WRITE]  ISMN_ROMPS_GolubinGlacier                 s2/l6 → s2_l6.npy  shape=(548, 196, 768)  size=165.0MB
  [WRITE]  ISMN_ROMPS_GolubinGlacier                 s2/l9 → s2_l9.npy  shape=(548, 196, 768)  size=165.0MB
  [WRITE]  ISMN_ROMPS_GolubinGlacier                 s1_asc/l3 → s1_asc_l3.npy  shape=(218, 196, 768)  size=65.6MB
  [WRITE]  ISMN_ROMPS_GolubinGlacier                 s1_asc/l6 → s1_asc_l6.npy  shape=(218, 196, 768)  size=65.6MB
  [WRITE]  ISMN_ROMPS_GolubinGlacier                 s1_asc/l9 → s1_asc_l9.npy  shape=(218, 196, 768)  size=65.6MB
  [WRITE]  ISMN_ROMPS_GolubinGlacier                 s1_desc/l3 → s1_desc_l3.npy  shape=(443, 196, 768)  size=133.4MB
  [WRITE]  ISMN_ROMPS_GolubinGlacier                 s1_desc/l6 → s1_desc_l6.npy  shape=(443, 196, 768)  size=133.4MB
  [WRITE]  ISMN_ROMPS_GolubinGlacier                 s1_desc/l9 → s1_desc_l9.npy  shape=(443, 196, 768)  size=133.4MB
  [WRITE]  ISMN_SCAN_HarmsWay                        s2/l3 → s2_l3.npy  shape=(386, 196, 768)  size=116.2MB
  [WRITE]  ISMN_SCAN_HarmsWay                        s2/l6 → s2_l6.npy  shape=(386, 196, 768)  size=116.2MB
  [WRITE]  ISMN_SCAN_HarmsWay                        s2/l9 → s2_l9.npy  shape=(386, 196, 768)  size=116.2MB
  [WRITE]  ISMN_SCAN_HarmsWay                        s1_asc/l3 → s1_asc_l3.npy  shape=(397, 196, 768)  size=119.5MB
  [WRITE]  ISMN_SCAN_HarmsWay                        s1_asc/l6 → s1_asc_l6.npy  shape=(397, 196, 768)  size=119.5MB
  [WRITE]  ISMN_SCAN_HarmsWay                        s1_asc/l9 → s1_asc_l9.npy  shape=(397, 196, 768)  size=119.5MB
  [WRITE]  ISMN_SCAN_HarmsWay                        s1_desc/l3 → s1_desc_l3.npy  shape=(494, 196, 768)  size=148.7MB
  [WRITE]  ISMN_SCAN_HarmsWay                        s1_desc/l6 → s1_desc_l6.npy  shape=(494, 196, 768)  size=148.7MB
  [WRITE]  ISMN_SCAN_HarmsWay                        s1_desc/l9 → s1_desc_l9.npy  shape=(494, 196, 768)  size=148.7MB
  [WRITE]  ISMN_SCAN_Hodges                          s2/l3 → s2_l3.npy  shape=(283, 196, 768)  size=85.2MB
  [WRITE]  ISMN_SCAN_Hodges                          s2/l6 → s2_l6.npy  shape=(283, 196, 768)  size=85.2MB
  [WRITE]  ISMN_SCAN_Hodges                          s2/l9 → s2_l9.npy  shape=(283, 196, 768)  size=85.2MB
  [WRITE]  ISMN_SCAN_Hodges                          s1_asc/l3 → s1_asc_l3.npy  shape=(119, 196, 768)  size=35.8MB
  [WRITE]  ISMN_SCAN_Hodges                          s1_asc/l6 → s1_asc_l6.npy  shape=(119, 196, 768)  size=35.8MB
  [WRITE]  ISMN_SCAN_Hodges                          s1_asc/l9 → s1_asc_l9.npy  shape=(119, 196, 768)  size=35.8MB
  [WRITE]  ISMN_SCAN_Holden                          s2/l3 → s2_l3.npy  shape=(731, 196, 768)  size=220.1MB
  [WRITE]  ISMN_SCAN_Holden                          s2/l6 → s2_l6.npy  shape=(731, 196, 768)  size=220.1MB
  [WRITE]  ISMN_SCAN_Holden                          s2/l9 → s2_l9.npy  shape=(731, 196, 768)  size=220.1MB
  [WRITE]  ISMN_SCAN_Holden                          s1_asc/l3 → s1_asc_l3.npy  shape=(156, 196, 768)  size=47.0MB
  [WRITE]  ISMN_SCAN_Holden                          s1_asc/l6 → s1_asc_l6.npy  shape=(156, 196, 768)  size=47.0MB
  [WRITE]  ISMN_SCAN_Holden                          s1_asc/l9 → s1_asc_l9.npy  shape=(156, 196, 768)  size=47.0MB
  [WRITE]  ISMN_SCAN_Holden                          s1_desc/l3 → s1_desc_l3.npy  shape=(258, 196, 768)  size=77.7MB
  [WRITE]  ISMN_SCAN_Holden                          s1_desc/l6 → s1_desc_l6.npy  shape=(258, 196, 768)  size=77.7MB
  [WRITE]  ISMN_SCAN_Holden                          s1_desc/l9 → s1_desc_l9.npy  shape=(258, 196, 768)  size=77.7MB
  [WRITE]  ISMN_SCAN_HubbardBrook                    s2/l3 → s2_l3.npy  shape=(170, 196, 768)  size=51.2MB
  [WRITE]  ISMN_SCAN_HubbardBrook                    s2/l6 → s2_l6.npy  shape=(170, 196, 768)  size=51.2MB
  [WRITE]  ISMN_SCAN_HubbardBrook                    s2/l9 → s2_l9.npy  shape=(170, 196, 768)  size=51.2MB
  [WRITE]  ISMN_SCAN_HubbardBrook                    s1_asc/l3 → s1_asc_l3.npy  shape=(466, 196, 768)  size=140.3MB
  [WRITE]  ISMN_SCAN_HubbardBrook                    s1_asc/l6 → s1_asc_l6.npy  shape=(466, 196, 768)  size=140.3MB
  [WRITE]  ISMN_SCAN_HubbardBrook                    s1_asc/l9 → s1_asc_l9.npy  shape=(466, 196, 768)  size=140.3MB
  [WRITE]  ISMN_SCAN_HubbardBrook                    s1_desc/l3 → s1_desc_l3.npy  shape=(228, 196, 768)  size=68.6MB
  [WRITE]  ISMN_SCAN_HubbardBrook                    s1_desc/l6 → s1_desc_l6.npy  shape=(228, 196, 768)  size=68.6MB
  [WRITE]  ISMN_SCAN_HubbardBrook                    s1_desc/l9 → s1_desc_l9.npy  shape=(228, 196, 768)  size=68.6MB
  [WRITE]  ISMN_REMEDHUS_Carretoro                   s2/l3 → s2_l3.npy  shape=(146, 196, 768)  size=44.0MB
  [WRITE]  ISMN_REMEDHUS_Carretoro                   s2/l6 → s2_l6.npy  shape=(146, 196, 768)  size=44.0MB
  [WRITE]  ISMN_REMEDHUS_Carretoro                   s2/l9 → s2_l9.npy  shape=(146, 196, 768)  size=44.0MB
  [WRITE]  ISMN_REMEDHUS_Carretoro                   s1_asc/l3 → s1_asc_l3.npy  shape=(541, 196, 768)  size=162.9MB
  [WRITE]  ISMN_REMEDHUS_Carretoro                   s1_asc/l6 → s1_asc_l6.npy  shape=(541, 196, 768)  size=162.9MB
  [WRITE]  ISMN_REMEDHUS_Carretoro                   s1_asc/l9 → s1_asc_l9.npy  shape=(541, 196, 768)  size=162.9MB
  [WRITE]  ISMN_REMEDHUS_Carretoro                   s1_desc/l3 → s1_desc_l3.npy  shape=(267, 196, 768)  size=80.4MB
  [WRITE]  ISMN_REMEDHUS_Carretoro                   s1_desc/l6 → s1_desc_l6.npy  shape=(267, 196, 768)  size=80.4MB
  [WRITE]  ISMN_REMEDHUS_Carretoro                   s1_desc/l9 → s1_desc_l9.npy  shape=(267, 196, 768)  size=80.4MB
  [WRITE]  ISMN_REMEDHUS_CasaPeriles                 s2/l3 → s2_l3.npy  shape=(301, 196, 768)  size=90.6MB
  [WRITE]  ISMN_REMEDHUS_CasaPeriles                 s2/l6 → s2_l6.npy  shape=(301, 196, 768)  size=90.6MB
  [WRITE]  ISMN_REMEDHUS_CasaPeriles                 s2/l9 → s2_l9.npy  shape=(301, 196, 768)  size=90.6MB
  [WRITE]  ISMN_REMEDHUS_CasaPeriles                 s1_asc/l3 → s1_asc_l3.npy  shape=(831, 196, 768)  size=250.2MB
  [WRITE]  ISMN_REMEDHUS_CasaPeriles                 s1_asc/l6 → s1_asc_l6.npy  shape=(831, 196, 768)  size=250.2MB
  [WRITE]  ISMN_REMEDHUS_CasaPeriles                 s1_asc/l9 → s1_asc_l9.npy  shape=(831, 196, 768)  size=250.2MB
  [WRITE]  ISMN_REMEDHUS_CasaPeriles                 s1_desc/l3 → s1_desc_l3.npy  shape=(413, 196, 768)  size=124.3MB
  [WRITE]  ISMN_REMEDHUS_CasaPeriles                 s1_desc/l6 → s1_desc_l6.npy  shape=(413, 196, 768)  size=124.3MB
  [WRITE]  ISMN_REMEDHUS_CasaPeriles                 s1_desc/l9 → s1_desc_l9.npy  shape=(413, 196, 768)  size=124.3MB
  [WRITE]  ISMN_REMEDHUS_ConcejodelMonte             s2/l3 → s2_l3.npy  shape=(137, 196, 768)  size=41.2MB
  [WRITE]  ISMN_REMEDHUS_ConcejodelMonte             s2/l6 → s2_l6.npy  shape=(137, 196, 768)  size=41.2MB
  [WRITE]  ISMN_REMEDHUS_ConcejodelMonte             s2/l9 → s2_l9.npy  shape=(137, 196, 768)  size=41.2MB
  [WRITE]  ISMN_REMEDHUS_ConcejodelMonte             s1_asc/l3 → s1_asc_l3.npy  shape=(278, 196, 768)  size=83.7MB
  [WRITE]  ISMN_REMEDHUS_ConcejodelMonte             s1_asc/l6 → s1_asc_l6.npy  shape=(278, 196, 768)  size=83.7MB
  [WRITE]  ISMN_REMEDHUS_ConcejodelMonte             s1_asc/l9 → s1_asc_l9.npy  shape=(278, 196, 768)  size=83.7MB
  [WRITE]  ISMN_REMEDHUS_ConcejodelMonte             s1_desc/l3 → s1_desc_l3.npy  shape=(140, 196, 768)  size=42.1MB
  [WRITE]  ISMN_REMEDHUS_ConcejodelMonte             s1_desc/l6 → s1_desc_l6.npy  shape=(140, 196, 768)  size=42.1MB
  [WRITE]  ISMN_REMEDHUS_ConcejodelMonte             s1_desc/l9 → s1_desc_l9.npy  shape=(140, 196, 768)  size=42.1MB
  [WRITE]  ISMN_REMEDHUS_ElCoto                      s2/l3 → s2_l3.npy  shape=(147, 196, 768)  size=44.3MB
  [WRITE]  ISMN_REMEDHUS_ElCoto                      s2/l6 → s2_l6.npy  shape=(147, 196, 768)  size=44.3MB
  [WRITE]  ISMN_REMEDHUS_ElCoto                      s2/l9 → s2_l9.npy  shape=(147, 196, 768)  size=44.3MB
  [WRITE]  ISMN_REMEDHUS_ElCoto                      s1_asc/l3 → s1_asc_l3.npy  shape=(356, 196, 768)  size=107.2MB
  [WRITE]  ISMN_REMEDHUS_ElCoto                      s1_asc/l6 → s1_asc_l6.npy  shape=(356, 196, 768)  size=107.2MB
  [WRITE]  ISMN_REMEDHUS_ElCoto                      s1_asc/l9 → s1_asc_l9.npy  shape=(356, 196, 768)  size=107.2MB
  [WRITE]  ISMN_REMEDHUS_ElCoto                      s1_desc/l3 → s1_desc_l3.npy  shape=(258, 196, 768)  size=77.7MB
  [WRITE]  ISMN_REMEDHUS_ElCoto                      s1_desc/l6 → s1_desc_l6.npy  shape=(258, 196, 768)  size=77.7MB
  [WRITE]  ISMN_REMEDHUS_ElCoto                      s1_desc/l9 → s1_desc_l9.npy  shape=(258, 196, 768)  size=77.7MB
  [WRITE]  ISMN_SCAN_SudduthFarms                    s2/l3 → s2_l3.npy  shape=(208, 196, 768)  size=62.6MB
  [WRITE]  ISMN_SCAN_SudduthFarms                    s2/l6 → s2_l6.npy  shape=(208, 196, 768)  size=62.6MB
  [WRITE]  ISMN_SCAN_SudduthFarms                    s2/l9 → s2_l9.npy  shape=(208, 196, 768)  size=62.6MB
  [WRITE]  ISMN_SCAN_SudduthFarms                    s1_asc/l3 → s1_asc_l3.npy  shape=(441, 196, 768)  size=132.8MB
  [WRITE]  ISMN_SCAN_SudduthFarms                    s1_asc/l6 → s1_asc_l6.npy  shape=(441, 196, 768)  size=132.8MB
  [WRITE]  ISMN_SCAN_SudduthFarms                    s1_asc/l9 → s1_asc_l9.npy  shape=(441, 196, 768)  size=132.8MB
  [WRITE]  ISMN_SCAN_SudduthFarms                    s1_desc/l3 → s1_desc_l3.npy  shape=(2, 196, 768)  size=0.6MB
  [WRITE]  ISMN_SCAN_SudduthFarms                    s1_desc/l6 → s1_desc_l6.npy  shape=(2, 196, 768)  size=0.6MB
  [WRITE]  ISMN_SCAN_SudduthFarms                    s1_desc/l9 → s1_desc_l9.npy  shape=(2, 196, 768)  size=0.6MB
  [WRITE]  ISMN_SCAN_SunleafNursery                  s2/l3 → s2_l3.npy  shape=(131, 196, 768)  size=39.4MB
  [WRITE]  ISMN_SCAN_SunleafNursery                  s2/l6 → s2_l6.npy  shape=(131, 196, 768)  size=39.4MB
  [WRITE]  ISMN_SCAN_SunleafNursery                  s2/l9 → s2_l9.npy  shape=(131, 196, 768)  size=39.4MB
  [WRITE]  ISMN_SCAN_SunleafNursery                  s1_asc/l3 → s1_asc_l3.npy  shape=(226, 196, 768)  size=68.0MB
  [WRITE]  ISMN_SCAN_SunleafNursery                  s1_asc/l6 → s1_asc_l6.npy  shape=(226, 196, 768)  size=68.0MB
  [WRITE]  ISMN_SCAN_SunleafNursery                  s1_asc/l9 → s1_asc_l9.npy  shape=(226, 196, 768)  size=68.0MB
  [WRITE]  ISMN_SCAN_TableMountain                   s2/l3 → s2_l3.npy  shape=(218, 196, 768)  size=65.6MB
  [WRITE]  ISMN_SCAN_TableMountain                   s2/l6 → s2_l6.npy  shape=(218, 196, 768)  size=65.6MB
  [WRITE]  ISMN_SCAN_TableMountain                   s2/l9 → s2_l9.npy  shape=(218, 196, 768)  size=65.6MB
  [WRITE]  ISMN_SCAN_TableMountain                   s1_asc/l3 → s1_asc_l3.npy  shape=(116, 196, 768)  size=34.9MB
  [WRITE]  ISMN_SCAN_TableMountain                   s1_asc/l6 → s1_asc_l6.npy  shape=(116, 196, 768)  size=34.9MB
  [WRITE]  ISMN_SCAN_TableMountain                   s1_asc/l9 → s1_asc_l9.npy  shape=(116, 196, 768)  size=34.9MB
  [WRITE]  ISMN_SCAN_TableMountain                   s1_desc/l3 → s1_desc_l3.npy  shape=(462, 196, 768)  size=139.1MB
  [WRITE]  ISMN_SCAN_TableMountain                   s1_desc/l6 → s1_desc_l6.npy  shape=(462, 196, 768)  size=139.1MB
  [WRITE]  ISMN_SCAN_TableMountain                   s1_desc/l9 → s1_desc_l9.npy  shape=(462, 196, 768)  size=139.1MB
  [WRITE]  ISMN_SCAN_TidewaterArec                   s2/l3 → s2_l3.npy  shape=(73, 196, 768)  size=22.0MB
  [WRITE]  ISMN_SCAN_TidewaterArec                   s2/l6 → s2_l6.npy  shape=(73, 196, 768)  size=22.0MB
  [WRITE]  ISMN_SCAN_TidewaterArec                   s2/l9 → s2_l9.npy  shape=(73, 196, 768)  size=22.0MB
  [WRITE]  ISMN_SCAN_TidewaterArec                   s1_asc/l3 → s1_asc_l3.npy  shape=(77, 196, 768)  size=23.2MB
  [WRITE]  ISMN_SCAN_TidewaterArec                   s1_asc/l6 → s1_asc_l6.npy  shape=(77, 196, 768)  size=23.2MB
  [WRITE]  ISMN_SCAN_TidewaterArec                   s1_asc/l9 → s1_asc_l9.npy  shape=(77, 196, 768)  size=23.2MB
  [WRITE]  ISMN_SCAN_TidewaterArec                   s1_desc/l3 → s1_desc_l3.npy  shape=(2, 196, 768)  size=0.6MB
  [WRITE]  ISMN_SCAN_TidewaterArec                   s1_desc/l6 → s1_desc_l6.npy  shape=(2, 196, 768)  size=0.6MB
  [WRITE]  ISMN_SCAN_TidewaterArec                   s1_desc/l9 → s1_desc_l9.npy  shape=(2, 196, 768)  size=0.6MB
  [WRITE]  ISMN_COSMOS-UK_CwmGarw                    s2/l3 → s2_l3.npy  shape=(65, 196, 768)  size=19.6MB
  [WRITE]  ISMN_COSMOS-UK_CwmGarw                    s2/l6 → s2_l6.npy  shape=(65, 196, 768)  size=19.6MB
  [WRITE]  ISMN_COSMOS-UK_CwmGarw                    s2/l9 → s2_l9.npy  shape=(65, 196, 768)  size=19.6MB
  [WRITE]  ISMN_COSMOS-UK_CwmGarw                    s1_asc/l3 → s1_asc_l3.npy  shape=(236, 196, 768)  size=71.0MB
  [WRITE]  ISMN_COSMOS-UK_CwmGarw                    s1_asc/l6 → s1_asc_l6.npy  shape=(236, 196, 768)  size=71.0MB
  [WRITE]  ISMN_COSMOS-UK_CwmGarw                    s1_asc/l9 → s1_asc_l9.npy  shape=(236, 196, 768)  size=71.0MB
  [WRITE]  ISMN_COSMOS-UK_CwmGarw                    s1_desc/l3 → s1_desc_l3.npy  shape=(437, 196, 768)  size=131.6MB
  [WRITE]  ISMN_COSMOS-UK_CwmGarw                    s1_desc/l6 → s1_desc_l6.npy  shape=(437, 196, 768)  size=131.6MB
  [WRITE]  ISMN_COSMOS-UK_CwmGarw                    s1_desc/l9 → s1_desc_l9.npy  shape=(437, 196, 768)  size=131.6MB
  [WRITE]  ISMN_COSMOS-UK_Elmsett                    s2/l3 → s2_l3.npy  shape=(87, 196, 768)  size=26.2MB
  [WRITE]  ISMN_COSMOS-UK_Elmsett                    s2/l6 → s2_l6.npy  shape=(87, 196, 768)  size=26.2MB
  [WRITE]  ISMN_COSMOS-UK_Elmsett                    s2/l9 → s2_l9.npy  shape=(87, 196, 768)  size=26.2MB
  [WRITE]  ISMN_COSMOS-UK_Elmsett                    s1_asc/l3 → s1_asc_l3.npy  shape=(383, 196, 768)  size=115.3MB
  [WRITE]  ISMN_COSMOS-UK_Elmsett                    s1_asc/l6 → s1_asc_l6.npy  shape=(383, 196, 768)  size=115.3MB
  [WRITE]  ISMN_COSMOS-UK_Elmsett                    s1_asc/l9 → s1_asc_l9.npy  shape=(383, 196, 768)  size=115.3MB
  [WRITE]  ISMN_COSMOS-UK_Elmsett                    s1_desc/l3 → s1_desc_l3.npy  shape=(383, 196, 768)  size=115.3MB
  [WRITE]  ISMN_COSMOS-UK_Elmsett                    s1_desc/l6 → s1_desc_l6.npy  shape=(383, 196, 768)  size=115.3MB
  [WRITE]  ISMN_COSMOS-UK_Elmsett                    s1_desc/l9 → s1_desc_l9.npy  shape=(383, 196, 768)  size=115.3MB
  [WRITE]  ISMN_COSMOS-UK_Euston                     s2/l3 → s2_l3.npy  shape=(113, 196, 768)  size=34.0MB
  [WRITE]  ISMN_COSMOS-UK_Euston                     s2/l6 → s2_l6.npy  shape=(113, 196, 768)  size=34.0MB
  [WRITE]  ISMN_COSMOS-UK_Euston                     s2/l9 → s2_l9.npy  shape=(113, 196, 768)  size=34.0MB
  [WRITE]  ISMN_COSMOS-UK_Euston                     s1_asc/l3 → s1_asc_l3.npy  shape=(355, 196, 768)  size=106.9MB
  [WRITE]  ISMN_COSMOS-UK_Euston                     s1_asc/l6 → s1_asc_l6.npy  shape=(355, 196, 768)  size=106.9MB
  [WRITE]  ISMN_COSMOS-UK_Euston                     s1_asc/l9 → s1_asc_l9.npy  shape=(355, 196, 768)  size=106.9MB
  [WRITE]  ISMN_COSMOS-UK_Euston                     s1_desc/l3 → s1_desc_l3.npy  shape=(360, 196, 768)  size=108.4MB
  [WRITE]  ISMN_COSMOS-UK_Euston                     s1_desc/l6 → s1_desc_l6.npy  shape=(360, 196, 768)  size=108.4MB
  [WRITE]  ISMN_COSMOS-UK_Euston                     s1_desc/l9 → s1_desc_l9.npy  shape=(360, 196, 768)  size=108.4MB
  [WRITE]  ISMN_COSMOS-UK_Fincham                    s2/l3 → s2_l3.npy  shape=(187, 196, 768)  size=56.3MB
  [WRITE]  ISMN_COSMOS-UK_Fincham                    s2/l6 → s2_l6.npy  shape=(187, 196, 768)  size=56.3MB
  [WRITE]  ISMN_COSMOS-UK_Fincham                    s2/l9 → s2_l9.npy  shape=(187, 196, 768)  size=56.3MB
  [WRITE]  ISMN_COSMOS-UK_Fincham                    s1_asc/l3 → s1_asc_l3.npy  shape=(588, 196, 768)  size=177.0MB
  [WRITE]  ISMN_COSMOS-UK_Fincham                    s1_asc/l6 → s1_asc_l6.npy  shape=(588, 196, 768)  size=177.0MB
  [WRITE]  ISMN_COSMOS-UK_Fincham                    s1_asc/l9 → s1_asc_l9.npy  shape=(588, 196, 768)  size=177.0MB
  [WRITE]  ISMN_COSMOS-UK_Fincham                    s1_desc/l3 → s1_desc_l3.npy  shape=(594, 196, 768)  size=178.8MB
  [WRITE]  ISMN_COSMOS-UK_Fincham                    s1_desc/l6 → s1_desc_l6.npy  shape=(594, 196, 768)  size=178.8MB
  [WRITE]  ISMN_COSMOS-UK_Fincham                    s1_desc/l9 → s1_desc_l9.npy  shape=(594, 196, 768)  size=178.8MB
  [WRITE]  ISMN_SCAN_SilverCity                      s2/l3 → s2_l3.npy  shape=(135, 196, 768)  size=40.6MB
  [WRITE]  ISMN_SCAN_SilverCity                      s2/l6 → s2_l6.npy  shape=(135, 196, 768)  size=40.6MB
  [WRITE]  ISMN_SCAN_SilverCity                      s2/l9 → s2_l9.npy  shape=(135, 196, 768)  size=40.6MB
  [WRITE]  ISMN_SCAN_SilverCity                      s1_asc/l3 → s1_asc_l3.npy  shape=(143, 196, 768)  size=43.1MB
  [WRITE]  ISMN_SCAN_SilverCity                      s1_asc/l6 → s1_asc_l6.npy  shape=(143, 196, 768)  size=43.1MB
  [WRITE]  ISMN_SCAN_SilverCity                      s1_asc/l9 → s1_asc_l9.npy  shape=(143, 196, 768)  size=43.1MB
  [WRITE]  ISMN_SCAN_SilverCity                      s1_desc/l3 → s1_desc_l3.npy  shape=(14, 196, 768)  size=4.2MB
  [WRITE]  ISMN_SCAN_SilverCity                      s1_desc/l6 → s1_desc_l6.npy  shape=(14, 196, 768)  size=4.2MB
  [WRITE]  ISMN_SCAN_SilverCity                      s1_desc/l9 → s1_desc_l9.npy  shape=(14, 196, 768)  size=4.2MB
  [WRITE]  ISMN_SCAN_SinkinForest                    s2/l3 → s2_l3.npy  shape=(101, 196, 768)  size=30.4MB
  [WRITE]  ISMN_SCAN_SinkinForest                    s2/l6 → s2_l6.npy  shape=(101, 196, 768)  size=30.4MB
  [WRITE]  ISMN_SCAN_SinkinForest                    s2/l9 → s2_l9.npy  shape=(101, 196, 768)  size=30.4MB
  [WRITE]  ISMN_SCAN_SinkinForest                    s1_asc/l3 → s1_asc_l3.npy  shape=(86, 196, 768)  size=25.9MB
  [WRITE]  ISMN_SCAN_SinkinForest                    s1_asc/l6 → s1_asc_l6.npy  shape=(86, 196, 768)  size=25.9MB
  [WRITE]  ISMN_SCAN_SinkinForest                    s1_asc/l9 → s1_asc_l9.npy  shape=(86, 196, 768)  size=25.9MB
  [WRITE]  ISMN_SCAN_Spickard                        s2/l3 → s2_l3.npy  shape=(228, 196, 768)  size=68.6MB
  [WRITE]  ISMN_SCAN_Spickard                        s2/l6 → s2_l6.npy  shape=(228, 196, 768)  size=68.6MB
  [WRITE]  ISMN_SCAN_Spickard                        s2/l9 → s2_l9.npy  shape=(228, 196, 768)  size=68.6MB
  [WRITE]  ISMN_SCAN_Spickard                        s1_asc/l3 → s1_asc_l3.npy  shape=(167, 196, 768)  size=50.3MB
  [WRITE]  ISMN_SCAN_Spickard                        s1_asc/l6 → s1_asc_l6.npy  shape=(167, 196, 768)  size=50.3MB
  [WRITE]  ISMN_SCAN_Spickard                        s1_asc/l9 → s1_asc_l9.npy  shape=(167, 196, 768)  size=50.3MB
  [WRITE]  ISMN_SCAN_SplitMountain                   s2/l3 → s2_l3.npy  shape=(707, 196, 768)  size=212.8MB
  [WRITE]  ISMN_SCAN_SplitMountain                   s2/l6 → s2_l6.npy  shape=(707, 196, 768)  size=212.8MB
  [WRITE]  ISMN_SCAN_SplitMountain                   s2/l9 → s2_l9.npy  shape=(707, 196, 768)  size=212.8MB
  [WRITE]  ISMN_SCAN_SplitMountain                   s1_asc/l3 → s1_asc_l3.npy  shape=(335, 196, 768)  size=100.9MB
  [WRITE]  ISMN_SCAN_SplitMountain                   s1_asc/l6 → s1_asc_l6.npy  shape=(335, 196, 768)  size=100.9MB
  [WRITE]  ISMN_SCAN_SplitMountain                   s1_asc/l9 → s1_asc_l9.npy  shape=(335, 196, 768)  size=100.9MB
  [WRITE]  ISMN_SCAN_SplitMountain                   s1_desc/l3 → s1_desc_l3.npy  shape=(448, 196, 768)  size=134.9MB
  [WRITE]  ISMN_SCAN_SplitMountain                   s1_desc/l6 → s1_desc_l6.npy  shape=(448, 196, 768)  size=134.9MB
  [WRITE]  ISMN_SCAN_SplitMountain                   s1_desc/l9 → s1_desc_l9.npy  shape=(448, 196, 768)  size=134.9MB
  [WRITE]  ISMN_Berlin_PflABerlin13Marz              s2/l3 → s2_l3.npy  shape=(128, 196, 768)  size=38.5MB
  [WRITE]  ISMN_Berlin_PflABerlin13Marz              s2/l6 → s2_l6.npy  shape=(128, 196, 768)  size=38.5MB
  [WRITE]  ISMN_Berlin_PflABerlin13Marz              s2/l9 → s2_l9.npy  shape=(128, 196, 768)  size=38.5MB
  [WRITE]  ISMN_Berlin_PflABerlin13Marz              s1_asc/l3 → s1_asc_l3.npy  shape=(221, 196, 768)  size=66.5MB
  [WRITE]  ISMN_Berlin_PflABerlin13Marz              s1_asc/l6 → s1_asc_l6.npy  shape=(221, 196, 768)  size=66.5MB
  [WRITE]  ISMN_Berlin_PflABerlin13Marz              s1_asc/l9 → s1_asc_l9.npy  shape=(221, 196, 768)  size=66.5MB
  [WRITE]  ISMN_Berlin_PflABerlin13Marz              s1_desc/l3 → s1_desc_l3.npy  shape=(230, 196, 768)  size=69.2MB
  [WRITE]  ISMN_Berlin_PflABerlin13Marz              s1_desc/l6 → s1_desc_l6.npy  shape=(230, 196, 768)  size=69.2MB
  [WRITE]  ISMN_Berlin_PflABerlin13Marz              s1_desc/l9 → s1_desc_l9.npy  shape=(230, 196, 768)  size=69.2MB
  [WRITE]  ISMN_COSMOS-UK_AliceHolt                  s2/l3 → s2_l3.npy  shape=(97, 196, 768)  size=29.2MB
  [WRITE]  ISMN_COSMOS-UK_AliceHolt                  s2/l6 → s2_l6.npy  shape=(97, 196, 768)  size=29.2MB
  [WRITE]  ISMN_COSMOS-UK_AliceHolt                  s2/l9 → s2_l9.npy  shape=(97, 196, 768)  size=29.2MB
  [WRITE]  ISMN_COSMOS-UK_AliceHolt                  s1_asc/l3 → s1_asc_l3.npy  shape=(703, 196, 768)  size=211.6MB
  [WRITE]  ISMN_COSMOS-UK_AliceHolt                  s1_asc/l6 → s1_asc_l6.npy  shape=(703, 196, 768)  size=211.6MB
  [WRITE]  ISMN_COSMOS-UK_AliceHolt                  s1_asc/l9 → s1_asc_l9.npy  shape=(703, 196, 768)  size=211.6MB
  [WRITE]  ISMN_COSMOS-UK_AliceHolt                  s1_desc/l3 → s1_desc_l3.npy  shape=(712, 196, 768)  size=214.4MB
  [WRITE]  ISMN_COSMOS-UK_AliceHolt                  s1_desc/l6 → s1_desc_l6.npy  shape=(712, 196, 768)  size=214.4MB
  [WRITE]  ISMN_COSMOS-UK_AliceHolt                  s1_desc/l9 → s1_desc_l9.npy  shape=(712, 196, 768)  size=214.4MB
  [WRITE]  ISMN_COSMOS-UK_Balruddery                 s2/l3 → s2_l3.npy  shape=(73, 196, 768)  size=22.0MB
  [WRITE]  ISMN_COSMOS-UK_Balruddery                 s2/l6 → s2_l6.npy  shape=(73, 196, 768)  size=22.0MB
  [WRITE]  ISMN_COSMOS-UK_Balruddery                 s2/l9 → s2_l9.npy  shape=(73, 196, 768)  size=22.0MB
  [WRITE]  ISMN_COSMOS-UK_Balruddery                 s1_asc/l3 → s1_asc_l3.npy  shape=(313, 196, 768)  size=94.2MB
  [WRITE]  ISMN_COSMOS-UK_Balruddery                 s1_asc/l6 → s1_asc_l6.npy  shape=(313, 196, 768)  size=94.2MB
  [WRITE]  ISMN_COSMOS-UK_Balruddery                 s1_asc/l9 → s1_asc_l9.npy  shape=(313, 196, 768)  size=94.2MB
  [WRITE]  ISMN_COSMOS-UK_Balruddery                 s1_desc/l3 → s1_desc_l3.npy  shape=(316, 196, 768)  size=95.1MB
  [WRITE]  ISMN_COSMOS-UK_Balruddery                 s1_desc/l6 → s1_desc_l6.npy  shape=(316, 196, 768)  size=95.1MB
  [WRITE]  ISMN_COSMOS-UK_Balruddery                 s1_desc/l9 → s1_desc_l9.npy  shape=(316, 196, 768)  size=95.1MB
  [WRITE]  ISMN_COSMOS-UK_BickleyHall                s2/l3 → s2_l3.npy  shape=(85, 196, 768)  size=25.6MB
  [WRITE]  ISMN_COSMOS-UK_BickleyHall                s2/l6 → s2_l6.npy  shape=(85, 196, 768)  size=25.6MB
  [WRITE]  ISMN_COSMOS-UK_BickleyHall                s2/l9 → s2_l9.npy  shape=(85, 196, 768)  size=25.6MB
  [WRITE]  ISMN_COSMOS-UK_BickleyHall                s1_asc/l3 → s1_asc_l3.npy  shape=(351, 196, 768)  size=105.7MB
  [WRITE]  ISMN_COSMOS-UK_BickleyHall                s1_asc/l6 → s1_asc_l6.npy  shape=(351, 196, 768)  size=105.7MB
  [WRITE]  ISMN_COSMOS-UK_BickleyHall                s1_asc/l9 → s1_asc_l9.npy  shape=(351, 196, 768)  size=105.7MB
  [WRITE]  ISMN_COSMOS-UK_BickleyHall                s1_desc/l3 → s1_desc_l3.npy  shape=(706, 196, 768)  size=212.5MB
  [WRITE]  ISMN_COSMOS-UK_BickleyHall                s1_desc/l6 → s1_desc_l6.npy  shape=(706, 196, 768)  size=212.5MB
  [WRITE]  ISMN_COSMOS-UK_BickleyHall                s1_desc/l9 → s1_desc_l9.npy  shape=(706, 196, 768)  size=212.5MB
  [WRITE]  ISMN_ROMPS_Kokomeren                      s2/l3 → s2_l3.npy  shape=(401, 196, 768)  size=120.7MB
  [WRITE]  ISMN_ROMPS_Kokomeren                      s2/l6 → s2_l6.npy  shape=(401, 196, 768)  size=120.7MB
  [WRITE]  ISMN_ROMPS_Kokomeren                      s2/l9 → s2_l9.npy  shape=(401, 196, 768)  size=120.7MB
  [WRITE]  ISMN_ROMPS_Kokomeren                      s1_asc/l3 → s1_asc_l3.npy  shape=(142, 196, 768)  size=42.7MB
  [WRITE]  ISMN_ROMPS_Kokomeren                      s1_asc/l6 → s1_asc_l6.npy  shape=(142, 196, 768)  size=42.7MB
  [WRITE]  ISMN_ROMPS_Kokomeren                      s1_asc/l9 → s1_asc_l9.npy  shape=(142, 196, 768)  size=42.7MB
  [WRITE]  ISMN_ROMPS_Kokomeren                      s1_desc/l3 → s1_desc_l3.npy  shape=(285, 196, 768)  size=85.8MB
  [WRITE]  ISMN_ROMPS_Kokomeren                      s1_desc/l6 → s1_desc_l6.npy  shape=(285, 196, 768)  size=85.8MB
  [WRITE]  ISMN_ROMPS_Kokomeren                      s1_desc/l9 → s1_desc_l9.npy  shape=(285, 196, 768)  size=85.8MB
  [WRITE]  ISMN_ROMPS_Maidanak                       s2/l3 → s2_l3.npy  shape=(408, 196, 768)  size=122.8MB
  [WRITE]  ISMN_ROMPS_Maidanak                       s2/l6 → s2_l6.npy  shape=(408, 196, 768)  size=122.8MB
  [WRITE]  ISMN_ROMPS_Maidanak                       s2/l9 → s2_l9.npy  shape=(408, 196, 768)  size=122.8MB
  [WRITE]  ISMN_ROMPS_Maidanak                       s1_asc/l3 → s1_asc_l3.npy  shape=(259, 196, 768)  size=78.0MB
  [WRITE]  ISMN_ROMPS_Maidanak                       s1_asc/l6 → s1_asc_l6.npy  shape=(259, 196, 768)  size=78.0MB
  [WRITE]  ISMN_ROMPS_Maidanak                       s1_asc/l9 → s1_asc_l9.npy  shape=(259, 196, 768)  size=78.0MB
  [WRITE]  ISMN_ROMPS_Maidanak                       s1_desc/l3 → s1_desc_l3.npy  shape=(259, 196, 768)  size=78.0MB
  [WRITE]  ISMN_ROMPS_Maidanak                       s1_desc/l6 → s1_desc_l6.npy  shape=(259, 196, 768)  size=78.0MB
  [WRITE]  ISMN_ROMPS_Maidanak                       s1_desc/l9 → s1_desc_l9.npy  shape=(259, 196, 768)  size=78.0MB
  [WRITE]  ISMN_ROMPS_Maydantal                      s2/l3 → s2_l3.npy  shape=(419, 196, 768)  size=126.1MB
  [WRITE]  ISMN_ROMPS_Maydantal                      s2/l6 → s2_l6.npy  shape=(419, 196, 768)  size=126.1MB
  [WRITE]  ISMN_ROMPS_Maydantal                      s2/l9 → s2_l9.npy  shape=(419, 196, 768)  size=126.1MB
  [WRITE]  ISMN_ROMPS_Maydantal                      s1_asc/l3 → s1_asc_l3.npy  shape=(524, 196, 768)  size=157.8MB
  [WRITE]  ISMN_ROMPS_Maydantal                      s1_asc/l6 → s1_asc_l6.npy  shape=(524, 196, 768)  size=157.8MB
  [WRITE]  ISMN_ROMPS_Maydantal                      s1_asc/l9 → s1_asc_l9.npy  shape=(524, 196, 768)  size=157.8MB
  [WRITE]  ISMN_ROMPS_Maydantal                      s1_desc/l3 → s1_desc_l3.npy  shape=(531, 196, 768)  size=159.9MB
  [WRITE]  ISMN_ROMPS_Maydantal                      s1_desc/l6 → s1_desc_l6.npy  shape=(531, 196, 768)  size=159.9MB
  [WRITE]  ISMN_ROMPS_Maydantal                      s1_desc/l9 → s1_desc_l9.npy  shape=(531, 196, 768)  size=159.9MB
  [WRITE]  ISMN_RSMN_Alexandria                      s2/l3 → s2_l3.npy  shape=(150, 196, 768)  size=45.2MB
  [WRITE]  ISMN_RSMN_Alexandria                      s2/l6 → s2_l6.npy  shape=(150, 196, 768)  size=45.2MB
  [WRITE]  ISMN_RSMN_Alexandria                      s2/l9 → s2_l9.npy  shape=(150, 196, 768)  size=45.2MB
  [WRITE]  ISMN_RSMN_Alexandria                      s1_asc/l3 → s1_asc_l3.npy  shape=(357, 196, 768)  size=107.5MB
  [WRITE]  ISMN_RSMN_Alexandria                      s1_asc/l6 → s1_asc_l6.npy  shape=(357, 196, 768)  size=107.5MB
  [WRITE]  ISMN_RSMN_Alexandria                      s1_asc/l9 → s1_asc_l9.npy  shape=(357, 196, 768)  size=107.5MB
  [WRITE]  ISMN_RSMN_Alexandria                      s1_desc/l3 → s1_desc_l3.npy  shape=(349, 196, 768)  size=105.1MB
  [WRITE]  ISMN_RSMN_Alexandria                      s1_desc/l6 → s1_desc_l6.npy  shape=(349, 196, 768)  size=105.1MB
  [WRITE]  ISMN_RSMN_Alexandria                      s1_desc/l9 → s1_desc_l9.npy  shape=(349, 196, 768)  size=105.1MB
  [WRITE]  ISMN_COSMOS-UK_Morley                     s2/l3 → s2_l3.npy  shape=(180, 196, 768)  size=54.2MB
  [WRITE]  ISMN_COSMOS-UK_Morley                     s2/l6 → s2_l6.npy  shape=(180, 196, 768)  size=54.2MB
  [WRITE]  ISMN_COSMOS-UK_Morley                     s2/l9 → s2_l9.npy  shape=(180, 196, 768)  size=54.2MB
  [WRITE]  ISMN_COSMOS-UK_Morley                     s1_asc/l3 → s1_asc_l3.npy  shape=(676, 196, 768)  size=203.5MB
  [WRITE]  ISMN_COSMOS-UK_Morley                     s1_asc/l6 → s1_asc_l6.npy  shape=(676, 196, 768)  size=203.5MB
  [WRITE]  ISMN_COSMOS-UK_Morley                     s1_asc/l9 → s1_asc_l9.npy  shape=(676, 196, 768)  size=203.5MB
  [WRITE]  ISMN_COSMOS-UK_Morley                     s1_desc/l3 → s1_desc_l3.npy  shape=(671, 196, 768)  size=202.0MB
  [WRITE]  ISMN_COSMOS-UK_Morley                     s1_desc/l6 → s1_desc_l6.npy  shape=(671, 196, 768)  size=202.0MB
  [WRITE]  ISMN_COSMOS-UK_Morley                     s1_desc/l9 → s1_desc_l9.npy  shape=(671, 196, 768)  size=202.0MB
  [WRITE]  ISMN_COSMOS-UK_PortonDown                 s2/l3 → s2_l3.npy  shape=(61, 196, 768)  size=18.4MB
  [WRITE]  ISMN_COSMOS-UK_PortonDown                 s2/l6 → s2_l6.npy  shape=(61, 196, 768)  size=18.4MB
  [WRITE]  ISMN_COSMOS-UK_PortonDown                 s2/l9 → s2_l9.npy  shape=(61, 196, 768)  size=18.4MB
  [WRITE]  ISMN_COSMOS-UK_PortonDown                 s1_asc/l3 → s1_asc_l3.npy  shape=(296, 196, 768)  size=89.1MB
  [WRITE]  ISMN_COSMOS-UK_PortonDown                 s1_asc/l6 → s1_asc_l6.npy  shape=(296, 196, 768)  size=89.1MB
  [WRITE]  ISMN_COSMOS-UK_PortonDown                 s1_asc/l9 → s1_asc_l9.npy  shape=(296, 196, 768)  size=89.1MB
  [WRITE]  ISMN_COSMOS-UK_PortonDown                 s1_desc/l3 → s1_desc_l3.npy  shape=(292, 196, 768)  size=87.9MB
  [WRITE]  ISMN_COSMOS-UK_PortonDown                 s1_desc/l6 → s1_desc_l6.npy  shape=(292, 196, 768)  size=87.9MB
  [WRITE]  ISMN_COSMOS-UK_PortonDown                 s1_desc/l9 → s1_desc_l9.npy  shape=(292, 196, 768)  size=87.9MB
  [WRITE]  ISMN_COSMOS-UK_Redhill                    s2/l3 → s2_l3.npy  shape=(161, 196, 768)  size=48.5MB
  [WRITE]  ISMN_COSMOS-UK_Redhill                    s2/l6 → s2_l6.npy  shape=(161, 196, 768)  size=48.5MB
  [WRITE]  ISMN_COSMOS-UK_Redhill                    s2/l9 → s2_l9.npy  shape=(161, 196, 768)  size=48.5MB
  [WRITE]  ISMN_COSMOS-UK_Redhill                    s1_asc/l3 → s1_asc_l3.npy  shape=(621, 196, 768)  size=187.0MB
  [WRITE]  ISMN_COSMOS-UK_Redhill                    s1_asc/l6 → s1_asc_l6.npy  shape=(621, 196, 768)  size=187.0MB
  [WRITE]  ISMN_COSMOS-UK_Redhill                    s1_asc/l9 → s1_asc_l9.npy  shape=(621, 196, 768)  size=187.0MB
  [WRITE]  ISMN_COSMOS-UK_Redhill                    s1_desc/l3 → s1_desc_l3.npy  shape=(639, 196, 768)  size=192.4MB
  [WRITE]  ISMN_COSMOS-UK_Redhill                    s1_desc/l6 → s1_desc_l6.npy  shape=(639, 196, 768)  size=192.4MB
  [WRITE]  ISMN_COSMOS-UK_Redhill                    s1_desc/l9 → s1_desc_l9.npy  shape=(639, 196, 768)  size=192.4MB
  [WRITE]  ISMN_COSMOS-UK_Redmere                    s2/l3 → s2_l3.npy  shape=(60, 196, 768)  size=18.1MB
  [WRITE]  ISMN_COSMOS-UK_Redmere                    s2/l6 → s2_l6.npy  shape=(60, 196, 768)  size=18.1MB
  [WRITE]  ISMN_COSMOS-UK_Redmere                    s2/l9 → s2_l9.npy  shape=(60, 196, 768)  size=18.1MB
  [WRITE]  ISMN_COSMOS-UK_Redmere                    s1_asc/l3 → s1_asc_l3.npy  shape=(259, 196, 768)  size=78.0MB
  [WRITE]  ISMN_COSMOS-UK_Redmere                    s1_asc/l6 → s1_asc_l6.npy  shape=(259, 196, 768)  size=78.0MB
  [WRITE]  ISMN_COSMOS-UK_Redmere                    s1_asc/l9 → s1_asc_l9.npy  shape=(259, 196, 768)  size=78.0MB
  [WRITE]  ISMN_COSMOS-UK_Redmere                    s1_desc/l3 → s1_desc_l3.npy  shape=(264, 196, 768)  size=79.5MB
  [WRITE]  ISMN_COSMOS-UK_Redmere                    s1_desc/l6 → s1_desc_l6.npy  shape=(264, 196, 768)  size=79.5MB
  [WRITE]  ISMN_COSMOS-UK_Redmere                    s1_desc/l9 → s1_desc_l9.npy  shape=(264, 196, 768)  size=79.5MB
  [WRITE]  ISMN_REMEDHUS_LasArenas                   s2/l3 → s2_l3.npy  shape=(294, 196, 768)  size=88.5MB
  [WRITE]  ISMN_REMEDHUS_LasArenas                   s2/l6 → s2_l6.npy  shape=(294, 196, 768)  size=88.5MB
  [WRITE]  ISMN_REMEDHUS_LasArenas                   s2/l9 → s2_l9.npy  shape=(294, 196, 768)  size=88.5MB
  [WRITE]  ISMN_REMEDHUS_LasArenas                   s1_asc/l3 → s1_asc_l3.npy  shape=(234, 196, 768)  size=70.4MB
  [WRITE]  ISMN_REMEDHUS_LasArenas                   s1_asc/l6 → s1_asc_l6.npy  shape=(234, 196, 768)  size=70.4MB
  [WRITE]  ISMN_REMEDHUS_LasArenas                   s1_asc/l9 → s1_asc_l9.npy  shape=(234, 196, 768)  size=70.4MB
  [WRITE]  ISMN_REMEDHUS_LasArenas                   s1_desc/l3 → s1_desc_l3.npy  shape=(235, 196, 768)  size=70.7MB
  [WRITE]  ISMN_REMEDHUS_LasArenas                   s1_desc/l6 → s1_desc_l6.npy  shape=(235, 196, 768)  size=70.7MB
  [WRITE]  ISMN_REMEDHUS_LasArenas                   s1_desc/l9 → s1_desc_l9.npy  shape=(235, 196, 768)  size=70.7MB
  [WRITE]  ISMN_REMEDHUS_LasBrozas                   s2/l3 → s2_l3.npy  shape=(210, 196, 768)  size=63.2MB
  [WRITE]  ISMN_REMEDHUS_LasBrozas                   s2/l6 → s2_l6.npy  shape=(210, 196, 768)  size=63.2MB
  [WRITE]  ISMN_REMEDHUS_LasBrozas                   s2/l9 → s2_l9.npy  shape=(210, 196, 768)  size=63.2MB
  [WRITE]  ISMN_REMEDHUS_LasBrozas                   s1_asc/l3 → s1_asc_l3.npy  shape=(533, 196, 768)  size=160.5MB
  [WRITE]  ISMN_REMEDHUS_LasBrozas                   s1_asc/l6 → s1_asc_l6.npy  shape=(533, 196, 768)  size=160.5MB
  [WRITE]  ISMN_REMEDHUS_LasBrozas                   s1_asc/l9 → s1_asc_l9.npy  shape=(533, 196, 768)  size=160.5MB
  [WRITE]  ISMN_REMEDHUS_LasBrozas                   s1_desc/l3 → s1_desc_l3.npy  shape=(270, 196, 768)  size=81.3MB
  [WRITE]  ISMN_REMEDHUS_LasBrozas                   s1_desc/l6 → s1_desc_l6.npy  shape=(270, 196, 768)  size=81.3MB
  [WRITE]  ISMN_REMEDHUS_LasBrozas                   s1_desc/l9 → s1_desc_l9.npy  shape=(270, 196, 768)  size=81.3MB
  [WRITE]  ISMN_REMEDHUS_LasEritas                   s2/l3 → s2_l3.npy  shape=(281, 196, 768)  size=84.6MB
  [WRITE]  ISMN_REMEDHUS_LasEritas                   s2/l6 → s2_l6.npy  shape=(281, 196, 768)  size=84.6MB
  [WRITE]  ISMN_REMEDHUS_LasEritas                   s2/l9 → s2_l9.npy  shape=(281, 196, 768)  size=84.6MB
  [WRITE]  ISMN_REMEDHUS_LasEritas                   s1_asc/l3 → s1_asc_l3.npy  shape=(417, 196, 768)  size=125.5MB
  [WRITE]  ISMN_REMEDHUS_LasEritas                   s1_asc/l6 → s1_asc_l6.npy  shape=(417, 196, 768)  size=125.5MB
  [WRITE]  ISMN_REMEDHUS_LasEritas                   s1_asc/l9 → s1_asc_l9.npy  shape=(417, 196, 768)  size=125.5MB
  [WRITE]  ISMN_REMEDHUS_LasEritas                   s1_desc/l3 → s1_desc_l3.npy  shape=(414, 196, 768)  size=124.6MB
  [WRITE]  ISMN_REMEDHUS_LasEritas                   s1_desc/l6 → s1_desc_l6.npy  shape=(414, 196, 768)  size=124.6MB
  [WRITE]  ISMN_REMEDHUS_LasEritas                   s1_desc/l9 → s1_desc_l9.npy  shape=(414, 196, 768)  size=124.6MB
  [WRITE]  ISMN_REMEDHUS_LasTresRayas                s2/l3 → s2_l3.npy  shape=(556, 196, 768)  size=167.4MB
  [WRITE]  ISMN_REMEDHUS_LasTresRayas                s2/l6 → s2_l6.npy  shape=(556, 196, 768)  size=167.4MB
  [WRITE]  ISMN_REMEDHUS_LasTresRayas                s2/l9 → s2_l9.npy  shape=(556, 196, 768)  size=167.4MB
  [WRITE]  ISMN_REMEDHUS_LasTresRayas                s1_asc/l3 → s1_asc_l3.npy  shape=(416, 196, 768)  size=125.2MB
  [WRITE]  ISMN_REMEDHUS_LasTresRayas                s1_asc/l6 → s1_asc_l6.npy  shape=(416, 196, 768)  size=125.2MB
  [WRITE]  ISMN_REMEDHUS_LasTresRayas                s1_asc/l9 → s1_asc_l9.npy  shape=(416, 196, 768)  size=125.2MB
  [WRITE]  ISMN_REMEDHUS_LasTresRayas                s1_desc/l3 → s1_desc_l3.npy  shape=(418, 196, 768)  size=125.8MB
  [WRITE]  ISMN_REMEDHUS_LasTresRayas                s1_desc/l6 → s1_desc_l6.npy  shape=(418, 196, 768)  size=125.8MB
  [WRITE]  ISMN_REMEDHUS_LasTresRayas                s1_desc/l9 → s1_desc_l9.npy  shape=(418, 196, 768)  size=125.8MB
  [WRITE]  ISMN_SCAN_TncFortBayou                    s2/l3 → s2_l3.npy  shape=(101, 196, 768)  size=30.4MB
  [WRITE]  ISMN_SCAN_TncFortBayou                    s2/l6 → s2_l6.npy  shape=(101, 196, 768)  size=30.4MB
  [WRITE]  ISMN_SCAN_TncFortBayou                    s2/l9 → s2_l9.npy  shape=(101, 196, 768)  size=30.4MB
  [WRITE]  ISMN_SCAN_TncFortBayou                    s1_asc/l3 → s1_asc_l3.npy  shape=(252, 196, 768)  size=75.9MB
  [WRITE]  ISMN_SCAN_TncFortBayou                    s1_asc/l6 → s1_asc_l6.npy  shape=(252, 196, 768)  size=75.9MB
  [WRITE]  ISMN_SCAN_TncFortBayou                    s1_asc/l9 → s1_asc_l9.npy  shape=(252, 196, 768)  size=75.9MB
  [WRITE]  ISMN_SCAN_TncFortBayou                    s1_desc/l3 → s1_desc_l3.npy  shape=(6, 196, 768)  size=1.8MB
  [WRITE]  ISMN_SCAN_TncFortBayou                    s1_desc/l6 → s1_desc_l6.npy  shape=(6, 196, 768)  size=1.8MB
  [WRITE]  ISMN_SCAN_TncFortBayou                    s1_desc/l9 → s1_desc_l9.npy  shape=(6, 196, 768)  size=1.8MB
  [WRITE]  ISMN_SCAN_Torrington#1                    s2/l3 → s2_l3.npy  shape=(604, 196, 768)  size=181.8MB
  [WRITE]  ISMN_SCAN_Torrington#1                    s2/l6 → s2_l6.npy  shape=(604, 196, 768)  size=181.8MB
  [WRITE]  ISMN_SCAN_Torrington#1                    s2/l9 → s2_l9.npy  shape=(604, 196, 768)  size=181.8MB
  [WRITE]  ISMN_SCAN_Torrington#1                    s1_asc/l3 → s1_asc_l3.npy  shape=(382, 196, 768)  size=115.0MB
  [WRITE]  ISMN_SCAN_Torrington#1                    s1_asc/l6 → s1_asc_l6.npy  shape=(382, 196, 768)  size=115.0MB
  [WRITE]  ISMN_SCAN_Torrington#1                    s1_asc/l9 → s1_asc_l9.npy  shape=(382, 196, 768)  size=115.0MB
  [WRITE]  ISMN_SCAN_Torrington#1                    s1_desc/l3 → s1_desc_l3.npy  shape=(160, 196, 768)  size=48.2MB
  [WRITE]  ISMN_SCAN_Torrington#1                    s1_desc/l6 → s1_desc_l6.npy  shape=(160, 196, 768)  size=48.2MB
  [WRITE]  ISMN_SCAN_Torrington#1                    s1_desc/l9 → s1_desc_l9.npy  shape=(160, 196, 768)  size=48.2MB
  [WRITE]  ISMN_SCAN_TroughSprings                   s2/l3 → s2_l3.npy  shape=(114, 196, 768)  size=34.3MB
  [WRITE]  ISMN_SCAN_TroughSprings                   s2/l6 → s2_l6.npy  shape=(114, 196, 768)  size=34.3MB
  [WRITE]  ISMN_SCAN_TroughSprings                   s2/l9 → s2_l9.npy  shape=(114, 196, 768)  size=34.3MB
  [WRITE]  ISMN_SCAN_TroughSprings                   s1_asc/l3 → s1_asc_l3.npy  shape=(48, 196, 768)  size=14.5MB
  [WRITE]  ISMN_SCAN_TroughSprings                   s1_asc/l6 → s1_asc_l6.npy  shape=(48, 196, 768)  size=14.5MB
  [WRITE]  ISMN_SCAN_TroughSprings                   s1_asc/l9 → s1_asc_l9.npy  shape=(48, 196, 768)  size=14.5MB
  [WRITE]  ISMN_SCAN_TroughSprings                   s1_desc/l3 → s1_desc_l3.npy  shape=(37, 196, 768)  size=11.1MB
  [WRITE]  ISMN_SCAN_TroughSprings                   s1_desc/l6 → s1_desc_l6.npy  shape=(37, 196, 768)  size=11.1MB
  [WRITE]  ISMN_SCAN_TroughSprings                   s1_desc/l9 → s1_desc_l9.npy  shape=(37, 196, 768)  size=11.1MB
  [WRITE]  ISMN_SCAN_TuleValley                      s2/l3 → s2_l3.npy  shape=(308, 196, 768)  size=92.7MB
  [WRITE]  ISMN_SCAN_TuleValley                      s2/l6 → s2_l6.npy  shape=(308, 196, 768)  size=92.7MB
  [WRITE]  ISMN_SCAN_TuleValley                      s2/l9 → s2_l9.npy  shape=(308, 196, 768)  size=92.7MB
  [WRITE]  ISMN_SCAN_TuleValley                      s1_asc/l3 → s1_asc_l3.npy  shape=(213, 196, 768)  size=64.1MB
  [WRITE]  ISMN_SCAN_TuleValley                      s1_asc/l6 → s1_asc_l6.npy  shape=(213, 196, 768)  size=64.1MB
  [WRITE]  ISMN_SCAN_TuleValley                      s1_asc/l9 → s1_asc_l9.npy  shape=(213, 196, 768)  size=64.1MB
  [WRITE]  ISMN_SCAN_TuleValley                      s1_desc/l3 → s1_desc_l3.npy  shape=(261, 196, 768)  size=78.6MB
  [WRITE]  ISMN_SCAN_TuleValley                      s1_desc/l6 → s1_desc_l6.npy  shape=(261, 196, 768)  size=78.6MB
  [WRITE]  ISMN_SCAN_TuleValley                      s1_desc/l9 → s1_desc_l9.npy  shape=(261, 196, 768)  size=78.6MB
  [WRITE]  ISMN_COSMOS-UK_BunnyPark                  s2/l3 → s2_l3.npy  shape=(178, 196, 768)  size=53.6MB
  [WRITE]  ISMN_COSMOS-UK_BunnyPark                  s2/l6 → s2_l6.npy  shape=(178, 196, 768)  size=53.6MB
  [WRITE]  ISMN_COSMOS-UK_BunnyPark                  s2/l9 → s2_l9.npy  shape=(178, 196, 768)  size=53.6MB
  [WRITE]  ISMN_COSMOS-UK_BunnyPark                  s1_asc/l3 → s1_asc_l3.npy  shape=(685, 196, 768)  size=206.2MB
  [WRITE]  ISMN_COSMOS-UK_BunnyPark                  s1_asc/l6 → s1_asc_l6.npy  shape=(685, 196, 768)  size=206.2MB
  [WRITE]  ISMN_COSMOS-UK_BunnyPark                  s1_asc/l9 → s1_asc_l9.npy  shape=(685, 196, 768)  size=206.2MB
  [WRITE]  ISMN_COSMOS-UK_BunnyPark                  s1_desc/l3 → s1_desc_l3.npy  shape=(709, 196, 768)  size=213.4MB
  [WRITE]  ISMN_COSMOS-UK_BunnyPark                  s1_desc/l6 → s1_desc_l6.npy  shape=(709, 196, 768)  size=213.4MB
  [WRITE]  ISMN_COSMOS-UK_BunnyPark                  s1_desc/l9 → s1_desc_l9.npy  shape=(709, 196, 768)  size=213.4MB
  [WRITE]  ISMN_COSMOS-UK_Cardington                 s2/l3 → s2_l3.npy  shape=(103, 196, 768)  size=31.0MB
  [WRITE]  ISMN_COSMOS-UK_Cardington                 s2/l6 → s2_l6.npy  shape=(103, 196, 768)  size=31.0MB
  [WRITE]  ISMN_COSMOS-UK_Cardington                 s2/l9 → s2_l9.npy  shape=(103, 196, 768)  size=31.0MB
  [WRITE]  ISMN_COSMOS-UK_Cardington                 s1_asc/l3 → s1_asc_l3.npy  shape=(338, 196, 768)  size=101.8MB
  [WRITE]  ISMN_COSMOS-UK_Cardington                 s1_asc/l6 → s1_asc_l6.npy  shape=(338, 196, 768)  size=101.8MB
  [WRITE]  ISMN_COSMOS-UK_Cardington                 s1_asc/l9 → s1_asc_l9.npy  shape=(338, 196, 768)  size=101.8MB
  [WRITE]  ISMN_COSMOS-UK_Cardington                 s1_desc/l3 → s1_desc_l3.npy  shape=(680, 196, 768)  size=204.7MB
  [WRITE]  ISMN_COSMOS-UK_Cardington                 s1_desc/l6 → s1_desc_l6.npy  shape=(680, 196, 768)  size=204.7MB
  [WRITE]  ISMN_COSMOS-UK_Cardington                 s1_desc/l9 → s1_desc_l9.npy  shape=(680, 196, 768)  size=204.7MB
  [WRITE]  ISMN_COSMOS-UK_ChimneyMeadows             s2/l3 → s2_l3.npy  shape=(88, 196, 768)  size=26.5MB
  [WRITE]  ISMN_COSMOS-UK_ChimneyMeadows             s2/l6 → s2_l6.npy  shape=(88, 196, 768)  size=26.5MB
  [WRITE]  ISMN_COSMOS-UK_ChimneyMeadows             s2/l9 → s2_l9.npy  shape=(88, 196, 768)  size=26.5MB
  [WRITE]  ISMN_COSMOS-UK_ChimneyMeadows             s1_asc/l3 → s1_asc_l3.npy  shape=(378, 196, 768)  size=113.8MB
  [WRITE]  ISMN_COSMOS-UK_ChimneyMeadows             s1_asc/l6 → s1_asc_l6.npy  shape=(378, 196, 768)  size=113.8MB
  [WRITE]  ISMN_COSMOS-UK_ChimneyMeadows             s1_asc/l9 → s1_asc_l9.npy  shape=(378, 196, 768)  size=113.8MB
  [WRITE]  ISMN_COSMOS-UK_ChimneyMeadows             s1_desc/l3 → s1_desc_l3.npy  shape=(387, 196, 768)  size=116.5MB
  [WRITE]  ISMN_COSMOS-UK_ChimneyMeadows             s1_desc/l6 → s1_desc_l6.npy  shape=(387, 196, 768)  size=116.5MB
  [WRITE]  ISMN_COSMOS-UK_ChimneyMeadows             s1_desc/l9 → s1_desc_l9.npy  shape=(387, 196, 768)  size=116.5MB
  [WRITE]  ISMN_COSMOS-UK_Cochno                     s2/l3 → s2_l3.npy  shape=(68, 196, 768)  size=20.5MB
  [WRITE]  ISMN_COSMOS-UK_Cochno                     s2/l6 → s2_l6.npy  shape=(68, 196, 768)  size=20.5MB
  [WRITE]  ISMN_COSMOS-UK_Cochno                     s2/l9 → s2_l9.npy  shape=(68, 196, 768)  size=20.5MB
  [WRITE]  ISMN_COSMOS-UK_Cochno                     s1_asc/l3 → s1_asc_l3.npy  shape=(291, 196, 768)  size=87.6MB
  [WRITE]  ISMN_COSMOS-UK_Cochno                     s1_asc/l6 → s1_asc_l6.npy  shape=(291, 196, 768)  size=87.6MB
  [WRITE]  ISMN_COSMOS-UK_Cochno                     s1_asc/l9 → s1_asc_l9.npy  shape=(291, 196, 768)  size=87.6MB
  [WRITE]  ISMN_COSMOS-UK_Cochno                     s1_desc/l3 → s1_desc_l3.npy  shape=(379, 196, 768)  size=114.1MB
  [WRITE]  ISMN_COSMOS-UK_Cochno                     s1_desc/l6 → s1_desc_l6.npy  shape=(379, 196, 768)  size=114.1MB
  [WRITE]  ISMN_COSMOS-UK_Cochno                     s1_desc/l9 → s1_desc_l9.npy  shape=(379, 196, 768)  size=114.1MB
  [WRITE]  ISMN_SCAN_WestSummit                      s2/l3 → s2_l3.npy  shape=(265, 196, 768)  size=79.8MB
  [WRITE]  ISMN_SCAN_WestSummit                      s2/l6 → s2_l6.npy  shape=(265, 196, 768)  size=79.8MB
  [WRITE]  ISMN_SCAN_WestSummit                      s2/l9 → s2_l9.npy  shape=(265, 196, 768)  size=79.8MB
  [WRITE]  ISMN_SCAN_WestSummit                      s1_asc/l3 → s1_asc_l3.npy  shape=(285, 196, 768)  size=85.8MB
  [WRITE]  ISMN_SCAN_WestSummit                      s1_asc/l6 → s1_asc_l6.npy  shape=(285, 196, 768)  size=85.8MB
  [WRITE]  ISMN_SCAN_WestSummit                      s1_asc/l9 → s1_asc_l9.npy  shape=(285, 196, 768)  size=85.8MB
  [WRITE]  ISMN_SCAN_WestSummit                      s1_desc/l3 → s1_desc_l3.npy  shape=(186, 196, 768)  size=56.0MB
  [WRITE]  ISMN_SCAN_WestSummit                      s1_desc/l6 → s1_desc_l6.npy  shape=(186, 196, 768)  size=56.0MB
  [WRITE]  ISMN_SCAN_WestSummit                      s1_desc/l9 → s1_desc_l9.npy  shape=(186, 196, 768)  size=56.0MB
  [WRITE]  ISMN_SCAN_WillowWells                     s2/l3 → s2_l3.npy  shape=(389, 196, 768)  size=117.1MB
  [WRITE]  ISMN_SCAN_WillowWells                     s2/l6 → s2_l6.npy  shape=(389, 196, 768)  size=117.1MB
  [WRITE]  ISMN_SCAN_WillowWells                     s2/l9 → s2_l9.npy  shape=(389, 196, 768)  size=117.1MB
  [WRITE]  ISMN_SCAN_WillowWells                     s1_asc/l3 → s1_asc_l3.npy  shape=(329, 196, 768)  size=99.0MB
  [WRITE]  ISMN_SCAN_WillowWells                     s1_asc/l6 → s1_asc_l6.npy  shape=(329, 196, 768)  size=99.0MB
  [WRITE]  ISMN_SCAN_WillowWells                     s1_asc/l9 → s1_asc_l9.npy  shape=(329, 196, 768)  size=99.0MB
  [WRITE]  ISMN_SCAN_WillowWells                     s1_desc/l3 → s1_desc_l3.npy  shape=(245, 196, 768)  size=73.8MB
  [WRITE]  ISMN_SCAN_WillowWells                     s1_desc/l6 → s1_desc_l6.npy  shape=(245, 196, 768)  size=73.8MB
  [WRITE]  ISMN_SCAN_WillowWells                     s1_desc/l9 → s1_desc_l9.npy  shape=(245, 196, 768)  size=73.8MB
  [WRITE]  ISMN_SCAN_Wtars                           s2/l3 → s2_l3.npy  shape=(65, 196, 768)  size=19.6MB
  [WRITE]  ISMN_SCAN_Wtars                           s2/l6 → s2_l6.npy  shape=(65, 196, 768)  size=19.6MB
  [WRITE]  ISMN_SCAN_Wtars                           s2/l9 → s2_l9.npy  shape=(65, 196, 768)  size=19.6MB
  [WRITE]  ISMN_SCAN_Wtars                           s1_asc/l3 → s1_asc_l3.npy  shape=(34, 196, 768)  size=10.2MB
  [WRITE]  ISMN_SCAN_Wtars                           s1_asc/l6 → s1_asc_l6.npy  shape=(34, 196, 768)  size=10.2MB
  [WRITE]  ISMN_SCAN_Wtars                           s1_asc/l9 → s1_asc_l9.npy  shape=(34, 196, 768)  size=10.2MB
  [WRITE]  ISMN_SCAN_Wtars                           s1_desc/l3 → s1_desc_l3.npy  shape=(1, 196, 768)  size=0.3MB
  [WRITE]  ISMN_SCAN_Wtars                           s1_desc/l6 → s1_desc_l6.npy  shape=(1, 196, 768)  size=0.3MB
  [WRITE]  ISMN_SCAN_Wtars                           s1_desc/l9 → s1_desc_l9.npy  shape=(1, 196, 768)  size=0.3MB
  [WRITE]  ISMN_SCAN_YoumansFarm                     s2/l3 → s2_l3.npy  shape=(163, 196, 768)  size=49.1MB
  [WRITE]  ISMN_SCAN_YoumansFarm                     s2/l6 → s2_l6.npy  shape=(163, 196, 768)  size=49.1MB
  [WRITE]  ISMN_SCAN_YoumansFarm                     s2/l9 → s2_l9.npy  shape=(163, 196, 768)  size=49.1MB
  [WRITE]  ISMN_SCAN_YoumansFarm                     s1_asc/l3 → s1_asc_l3.npy  shape=(339, 196, 768)  size=102.1MB
  [WRITE]  ISMN_SCAN_YoumansFarm                     s1_asc/l6 → s1_asc_l6.npy  shape=(339, 196, 768)  size=102.1MB
  [WRITE]  ISMN_SCAN_YoumansFarm                     s1_asc/l9 → s1_asc_l9.npy  shape=(339, 196, 768)  size=102.1MB
  [WRITE]  ISMN_SCAN_YoumansFarm                     s1_desc/l3 → s1_desc_l3.npy  shape=(6, 196, 768)  size=1.8MB
  [WRITE]  ISMN_SCAN_YoumansFarm                     s1_desc/l6 → s1_desc_l6.npy  shape=(6, 196, 768)  size=1.8MB
  [WRITE]  ISMN_SCAN_YoumansFarm                     s1_desc/l9 → s1_desc_l9.npy  shape=(6, 196, 768)  size=1.8MB
  [WRITE]  ISMN_REMEDHUS_LasVacas                    s2/l3 → s2_l3.npy  shape=(140, 196, 768)  size=42.1MB
  [WRITE]  ISMN_REMEDHUS_LasVacas                    s2/l6 → s2_l6.npy  shape=(140, 196, 768)  size=42.1MB
  [WRITE]  ISMN_REMEDHUS_LasVacas                    s2/l9 → s2_l9.npy  shape=(140, 196, 768)  size=42.1MB
  [WRITE]  ISMN_REMEDHUS_LasVacas                    s1_asc/l3 → s1_asc_l3.npy  shape=(491, 196, 768)  size=147.8MB
  [WRITE]  ISMN_REMEDHUS_LasVacas                    s1_asc/l6 → s1_asc_l6.npy  shape=(491, 196, 768)  size=147.8MB
  [WRITE]  ISMN_REMEDHUS_LasVacas                    s1_asc/l9 → s1_asc_l9.npy  shape=(491, 196, 768)  size=147.8MB
  [WRITE]  ISMN_REMEDHUS_LasVacas                    s1_desc/l3 → s1_desc_l3.npy  shape=(245, 196, 768)  size=73.8MB
  [WRITE]  ISMN_REMEDHUS_LasVacas                    s1_desc/l6 → s1_desc_l6.npy  shape=(245, 196, 768)  size=73.8MB
  [WRITE]  ISMN_REMEDHUS_LasVacas                    s1_desc/l9 → s1_desc_l9.npy  shape=(245, 196, 768)  size=73.8MB
  [WRITE]  ISMN_REMEDHUS_LasVictorias                s2/l3 → s2_l3.npy  shape=(298, 196, 768)  size=89.7MB
  [WRITE]  ISMN_REMEDHUS_LasVictorias                s2/l6 → s2_l6.npy  shape=(298, 196, 768)  size=89.7MB
  [WRITE]  ISMN_REMEDHUS_LasVictorias                s2/l9 → s2_l9.npy  shape=(298, 196, 768)  size=89.7MB
  [WRITE]  ISMN_REMEDHUS_LasVictorias                s1_asc/l3 → s1_asc_l3.npy  shape=(831, 196, 768)  size=250.2MB
  [WRITE]  ISMN_REMEDHUS_LasVictorias                s1_asc/l6 → s1_asc_l6.npy  shape=(831, 196, 768)  size=250.2MB
  [WRITE]  ISMN_REMEDHUS_LasVictorias                s1_asc/l9 → s1_asc_l9.npy  shape=(831, 196, 768)  size=250.2MB
  [WRITE]  ISMN_REMEDHUS_LasVictorias                s1_desc/l3 → s1_desc_l3.npy  shape=(412, 196, 768)  size=124.0MB
  [WRITE]  ISMN_REMEDHUS_LasVictorias                s1_desc/l6 → s1_desc_l6.npy  shape=(412, 196, 768)  size=124.0MB
  [WRITE]  ISMN_REMEDHUS_LasVictorias                s1_desc/l9 → s1_desc_l9.npy  shape=(412, 196, 768)  size=124.0MB
  [WRITE]  ISMN_REMEDHUS_LlanosdelaBoveda            s2/l3 → s2_l3.npy  shape=(157, 196, 768)  size=47.3MB
  [WRITE]  ISMN_REMEDHUS_LlanosdelaBoveda            s2/l6 → s2_l6.npy  shape=(157, 196, 768)  size=47.3MB
  [WRITE]  ISMN_REMEDHUS_LlanosdelaBoveda            s2/l9 → s2_l9.npy  shape=(157, 196, 768)  size=47.3MB
  [WRITE]  ISMN_REMEDHUS_LlanosdelaBoveda            s1_asc/l3 → s1_asc_l3.npy  shape=(559, 196, 768)  size=168.3MB
  [WRITE]  ISMN_REMEDHUS_LlanosdelaBoveda            s1_asc/l6 → s1_asc_l6.npy  shape=(559, 196, 768)  size=168.3MB
  [WRITE]  ISMN_REMEDHUS_LlanosdelaBoveda            s1_asc/l9 → s1_asc_l9.npy  shape=(559, 196, 768)  size=168.3MB
  [WRITE]  ISMN_REMEDHUS_LlanosdelaBoveda            s1_desc/l3 → s1_desc_l3.npy  shape=(276, 196, 768)  size=83.1MB
  [WRITE]  ISMN_REMEDHUS_LlanosdelaBoveda            s1_desc/l6 → s1_desc_l6.npy  shape=(276, 196, 768)  size=83.1MB
  [WRITE]  ISMN_REMEDHUS_LlanosdelaBoveda            s1_desc/l9 → s1_desc_l9.npy  shape=(276, 196, 768)  size=83.1MB
  [WRITE]  ISMN_REMEDHUS_Paredinas                   s2/l3 → s2_l3.npy  shape=(187, 196, 768)  size=56.3MB
  [WRITE]  ISMN_REMEDHUS_Paredinas                   s2/l6 → s2_l6.npy  shape=(187, 196, 768)  size=56.3MB
  [WRITE]  ISMN_REMEDHUS_Paredinas                   s2/l9 → s2_l9.npy  shape=(187, 196, 768)  size=56.3MB
  [WRITE]  ISMN_REMEDHUS_Paredinas                   s1_asc/l3 → s1_asc_l3.npy  shape=(648, 196, 768)  size=195.1MB
  [WRITE]  ISMN_REMEDHUS_Paredinas                   s1_asc/l6 → s1_asc_l6.npy  shape=(648, 196, 768)  size=195.1MB
  [WRITE]  ISMN_REMEDHUS_Paredinas                   s1_asc/l9 → s1_asc_l9.npy  shape=(648, 196, 768)  size=195.1MB
  [WRITE]  ISMN_REMEDHUS_Paredinas                   s1_desc/l3 → s1_desc_l3.npy  shape=(321, 196, 768)  size=96.6MB
  [WRITE]  ISMN_REMEDHUS_Paredinas                   s1_desc/l6 → s1_desc_l6.npy  shape=(321, 196, 768)  size=96.6MB
  [WRITE]  ISMN_REMEDHUS_Paredinas                   s1_desc/l9 → s1_desc_l9.npy  shape=(321, 196, 768)  size=96.6MB
  [WRITE]  ISMN_SCAN_Wabeno#1                        s2/l3 → s2_l3.npy  shape=(104, 196, 768)  size=31.3MB
  [WRITE]  ISMN_SCAN_Wabeno#1                        s2/l6 → s2_l6.npy  shape=(104, 196, 768)  size=31.3MB
  [WRITE]  ISMN_SCAN_Wabeno#1                        s2/l9 → s2_l9.npy  shape=(104, 196, 768)  size=31.3MB
  [WRITE]  ISMN_SCAN_Wabeno#1                        s1_asc/l3 → s1_asc_l3.npy  shape=(282, 196, 768)  size=84.9MB
  [WRITE]  ISMN_SCAN_Wabeno#1                        s1_asc/l6 → s1_asc_l6.npy  shape=(282, 196, 768)  size=84.9MB
  [WRITE]  ISMN_SCAN_Wabeno#1                        s1_asc/l9 → s1_asc_l9.npy  shape=(282, 196, 768)  size=84.9MB
  [WRITE]  ISMN_SCAN_Wakulla#1                       s2/l3 → s2_l3.npy  shape=(199, 196, 768)  size=59.9MB
  [WRITE]  ISMN_SCAN_Wakulla#1                       s2/l6 → s2_l6.npy  shape=(199, 196, 768)  size=59.9MB
  [WRITE]  ISMN_SCAN_Wakulla#1                       s2/l9 → s2_l9.npy  shape=(199, 196, 768)  size=59.9MB
  [WRITE]  ISMN_SCAN_Wakulla#1                       s1_asc/l3 → s1_asc_l3.npy  shape=(218, 196, 768)  size=65.6MB
  [WRITE]  ISMN_SCAN_Wakulla#1                       s1_asc/l6 → s1_asc_l6.npy  shape=(218, 196, 768)  size=65.6MB
  [WRITE]  ISMN_SCAN_Wakulla#1                       s1_asc/l9 → s1_asc_l9.npy  shape=(218, 196, 768)  size=65.6MB
  [WRITE]  ISMN_SCAN_Wakulla#1                       s1_desc/l3 → s1_desc_l3.npy  shape=(7, 196, 768)  size=2.1MB
  [WRITE]  ISMN_SCAN_Wakulla#1                       s1_desc/l6 → s1_desc_l6.npy  shape=(7, 196, 768)  size=2.1MB
  [WRITE]  ISMN_SCAN_Wakulla#1                       s1_desc/l9 → s1_desc_l9.npy  shape=(7, 196, 768)  size=2.1MB
  [WRITE]  ISMN_SCAN_WalnutGulch#1                   s2/l3 → s2_l3.npy  shape=(758, 196, 768)  size=228.2MB
  [WRITE]  ISMN_SCAN_WalnutGulch#1                   s2/l6 → s2_l6.npy  shape=(758, 196, 768)  size=228.2MB
  [WRITE]  ISMN_SCAN_WalnutGulch#1                   s2/l9 → s2_l9.npy  shape=(758, 196, 768)  size=228.2MB
  [WRITE]  ISMN_SCAN_WalnutGulch#1                   s1_asc/l3 → s1_asc_l3.npy  shape=(316, 196, 768)  size=95.1MB
  [WRITE]  ISMN_SCAN_WalnutGulch#1                   s1_asc/l6 → s1_asc_l6.npy  shape=(316, 196, 768)  size=95.1MB
  [WRITE]  ISMN_SCAN_WalnutGulch#1                   s1_asc/l9 → s1_asc_l9.npy  shape=(316, 196, 768)  size=95.1MB
  [WRITE]  ISMN_SCAN_WalnutGulch#1                   s1_desc/l3 → s1_desc_l3.npy  shape=(213, 196, 768)  size=64.1MB
  [WRITE]  ISMN_SCAN_WalnutGulch#1                   s1_desc/l6 → s1_desc_l6.npy  shape=(213, 196, 768)  size=64.1MB
  [WRITE]  ISMN_SCAN_WalnutGulch#1                   s1_desc/l9 → s1_desc_l9.npy  shape=(213, 196, 768)  size=64.1MB
  [WRITE]  ISMN_SCAN_Watkinsville#1                  s2/l3 → s2_l3.npy  shape=(143, 196, 768)  size=43.1MB
  [WRITE]  ISMN_SCAN_Watkinsville#1                  s2/l6 → s2_l6.npy  shape=(143, 196, 768)  size=43.1MB
  [WRITE]  ISMN_SCAN_Watkinsville#1                  s2/l9 → s2_l9.npy  shape=(143, 196, 768)  size=43.1MB
  [WRITE]  ISMN_SCAN_Watkinsville#1                  s1_asc/l3 → s1_asc_l3.npy  shape=(234, 196, 768)  size=70.4MB
  [WRITE]  ISMN_SCAN_Watkinsville#1                  s1_asc/l6 → s1_asc_l6.npy  shape=(234, 196, 768)  size=70.4MB
  [WRITE]  ISMN_SCAN_Watkinsville#1                  s1_asc/l9 → s1_asc_l9.npy  shape=(234, 196, 768)  size=70.4MB
  [WRITE]  ISMN_SCAN_Milford                         s2/l3 → s2_l3.npy  shape=(776, 196, 768)  size=233.6MB
  [WRITE]  ISMN_SCAN_Milford                         s2/l6 → s2_l6.npy  shape=(776, 196, 768)  size=233.6MB
  [WRITE]  ISMN_SCAN_Milford                         s2/l9 → s2_l9.npy  shape=(776, 196, 768)  size=233.6MB
  [WRITE]  ISMN_SCAN_Milford                         s1_asc/l3 → s1_asc_l3.npy  shape=(240, 196, 768)  size=72.3MB
  [WRITE]  ISMN_SCAN_Milford                         s1_asc/l6 → s1_asc_l6.npy  shape=(240, 196, 768)  size=72.3MB
  [WRITE]  ISMN_SCAN_Milford                         s1_asc/l9 → s1_asc_l9.npy  shape=(240, 196, 768)  size=72.3MB
  [WRITE]  ISMN_SCAN_Milford                         s1_desc/l3 → s1_desc_l3.npy  shape=(249, 196, 768)  size=75.0MB
  [WRITE]  ISMN_SCAN_Milford                         s1_desc/l6 → s1_desc_l6.npy  shape=(249, 196, 768)  size=75.0MB
  [WRITE]  ISMN_SCAN_Milford                         s1_desc/l9 → s1_desc_l9.npy  shape=(249, 196, 768)  size=75.0MB
  [WRITE]  ISMN_SCAN_Moccasin                        s2/l3 → s2_l3.npy  shape=(473, 196, 768)  size=142.4MB
  [WRITE]  ISMN_SCAN_Moccasin                        s2/l6 → s2_l6.npy  shape=(473, 196, 768)  size=142.4MB
  [WRITE]  ISMN_SCAN_Moccasin                        s2/l9 → s2_l9.npy  shape=(473, 196, 768)  size=142.4MB
  [WRITE]  ISMN_SCAN_Moccasin                        s1_asc/l3 → s1_asc_l3.npy  shape=(136, 196, 768)  size=40.9MB
  [WRITE]  ISMN_SCAN_Moccasin                        s1_asc/l6 → s1_asc_l6.npy  shape=(136, 196, 768)  size=40.9MB
  [WRITE]  ISMN_SCAN_Moccasin                        s1_asc/l9 → s1_asc_l9.npy  shape=(136, 196, 768)  size=40.9MB
  [WRITE]  ISMN_SCAN_Moccasin                        s1_desc/l3 → s1_desc_l3.npy  shape=(449, 196, 768)  size=135.2MB
  [WRITE]  ISMN_SCAN_Moccasin                        s1_desc/l6 → s1_desc_l6.npy  shape=(449, 196, 768)  size=135.2MB
  [WRITE]  ISMN_SCAN_Moccasin                        s1_desc/l9 → s1_desc_l9.npy  shape=(449, 196, 768)  size=135.2MB
  [WRITE]  ISMN_SCAN_MonoclineRidge                  s2/l3 → s2_l3.npy  shape=(478, 196, 768)  size=143.9MB
  [WRITE]  ISMN_SCAN_MonoclineRidge                  s2/l6 → s2_l6.npy  shape=(478, 196, 768)  size=143.9MB
  [WRITE]  ISMN_SCAN_MonoclineRidge                  s2/l9 → s2_l9.npy  shape=(478, 196, 768)  size=143.9MB
  [WRITE]  ISMN_SCAN_MonoclineRidge                  s1_asc/l3 → s1_asc_l3.npy  shape=(250, 196, 768)  size=75.3MB
  [WRITE]  ISMN_SCAN_MonoclineRidge                  s1_asc/l6 → s1_asc_l6.npy  shape=(250, 196, 768)  size=75.3MB
  [WRITE]  ISMN_SCAN_MonoclineRidge                  s1_asc/l9 → s1_asc_l9.npy  shape=(250, 196, 768)  size=75.3MB
  [WRITE]  ISMN_SCAN_MonoclineRidge                  s1_desc/l3 → s1_desc_l3.npy  shape=(440, 196, 768)  size=132.5MB
  [WRITE]  ISMN_SCAN_MonoclineRidge                  s1_desc/l6 → s1_desc_l6.npy  shape=(440, 196, 768)  size=132.5MB
  [WRITE]  ISMN_SCAN_MonoclineRidge                  s1_desc/l9 → s1_desc_l9.npy  shape=(440, 196, 768)  size=132.5MB
  [WRITE]  ISMN_SCAN_Morgan                          s2/l3 → s2_l3.npy  shape=(660, 196, 768)  size=198.7MB
  [WRITE]  ISMN_SCAN_Morgan                          s2/l6 → s2_l6.npy  shape=(660, 196, 768)  size=198.7MB
  [WRITE]  ISMN_SCAN_Morgan                          s2/l9 → s2_l9.npy  shape=(660, 196, 768)  size=198.7MB
  [WRITE]  ISMN_SCAN_Morgan                          s1_asc/l3 → s1_asc_l3.npy  shape=(297, 196, 768)  size=89.4MB
  [WRITE]  ISMN_SCAN_Morgan                          s1_asc/l6 → s1_asc_l6.npy  shape=(297, 196, 768)  size=89.4MB
  [WRITE]  ISMN_SCAN_Morgan                          s1_asc/l9 → s1_asc_l9.npy  shape=(297, 196, 768)  size=89.4MB
  [WRITE]  ISMN_SCAN_Morgan                          s1_desc/l3 → s1_desc_l3.npy  shape=(257, 196, 768)  size=77.4MB
  [WRITE]  ISMN_SCAN_Morgan                          s1_desc/l6 → s1_desc_l6.npy  shape=(257, 196, 768)  size=77.4MB
  [WRITE]  ISMN_SCAN_Morgan                          s1_desc/l9 → s1_desc_l9.npy  shape=(257, 196, 768)  size=77.4MB
  [WRITE]  ISMN_COSMOS-UK_Rothamsted                 s2/l3 → s2_l3.npy  shape=(172, 196, 768)  size=51.8MB
  [WRITE]  ISMN_COSMOS-UK_Rothamsted                 s2/l6 → s2_l6.npy  shape=(172, 196, 768)  size=51.8MB
  [WRITE]  ISMN_COSMOS-UK_Rothamsted                 s2/l9 → s2_l9.npy  shape=(172, 196, 768)  size=51.8MB
  [WRITE]  ISMN_COSMOS-UK_Rothamsted                 s1_asc/l3 → s1_asc_l3.npy  shape=(310, 196, 768)  size=93.3MB
  [WRITE]  ISMN_COSMOS-UK_Rothamsted                 s1_asc/l6 → s1_asc_l6.npy  shape=(310, 196, 768)  size=93.3MB
  [WRITE]  ISMN_COSMOS-UK_Rothamsted                 s1_asc/l9 → s1_asc_l9.npy  shape=(310, 196, 768)  size=93.3MB
  [WRITE]  ISMN_COSMOS-UK_Rothamsted                 s1_desc/l3 → s1_desc_l3.npy  shape=(319, 196, 768)  size=96.0MB
  [WRITE]  ISMN_COSMOS-UK_Rothamsted                 s1_desc/l6 → s1_desc_l6.npy  shape=(319, 196, 768)  size=96.0MB
  [WRITE]  ISMN_COSMOS-UK_Rothamsted                 s1_desc/l9 → s1_desc_l9.npy  shape=(319, 196, 768)  size=96.0MB
  [WRITE]  ISMN_COSMOS-UK_Sheepdrove                 s2/l3 → s2_l3.npy  shape=(195, 196, 768)  size=58.7MB
  [WRITE]  ISMN_COSMOS-UK_Sheepdrove                 s2/l6 → s2_l6.npy  shape=(195, 196, 768)  size=58.7MB
  [WRITE]  ISMN_COSMOS-UK_Sheepdrove                 s2/l9 → s2_l9.npy  shape=(195, 196, 768)  size=58.7MB
  [WRITE]  ISMN_COSMOS-UK_Sheepdrove                 s1_asc/l3 → s1_asc_l3.npy  shape=(702, 196, 768)  size=211.3MB
  [WRITE]  ISMN_COSMOS-UK_Sheepdrove                 s1_asc/l6 → s1_asc_l6.npy  shape=(702, 196, 768)  size=211.3MB
  [WRITE]  ISMN_COSMOS-UK_Sheepdrove                 s1_asc/l9 → s1_asc_l9.npy  shape=(702, 196, 768)  size=211.3MB
  [WRITE]  ISMN_COSMOS-UK_Sheepdrove                 s1_desc/l3 → s1_desc_l3.npy  shape=(712, 196, 768)  size=214.4MB
  [WRITE]  ISMN_COSMOS-UK_Sheepdrove                 s1_desc/l6 → s1_desc_l6.npy  shape=(712, 196, 768)  size=214.4MB
  [WRITE]  ISMN_COSMOS-UK_Sheepdrove                 s1_desc/l9 → s1_desc_l9.npy  shape=(712, 196, 768)  size=214.4MB
  [WRITE]  ISMN_COSMOS-UK_SpenFarm                   s2/l3 → s2_l3.npy  shape=(101, 196, 768)  size=30.4MB
  [WRITE]  ISMN_COSMOS-UK_SpenFarm                   s2/l6 → s2_l6.npy  shape=(101, 196, 768)  size=30.4MB
  [WRITE]  ISMN_COSMOS-UK_SpenFarm                   s2/l9 → s2_l9.npy  shape=(101, 196, 768)  size=30.4MB
  [WRITE]  ISMN_COSMOS-UK_SpenFarm                   s1_asc/l3 → s1_asc_l3.npy  shape=(455, 196, 768)  size=137.0MB
  [WRITE]  ISMN_COSMOS-UK_SpenFarm                   s1_asc/l6 → s1_asc_l6.npy  shape=(455, 196, 768)  size=137.0MB
  [WRITE]  ISMN_COSMOS-UK_SpenFarm                   s1_asc/l9 → s1_asc_l9.npy  shape=(455, 196, 768)  size=137.0MB
  [WRITE]  ISMN_COSMOS-UK_SpenFarm                   s1_desc/l3 → s1_desc_l3.npy  shape=(473, 196, 768)  size=142.4MB
  [WRITE]  ISMN_COSMOS-UK_SpenFarm                   s1_desc/l6 → s1_desc_l6.npy  shape=(473, 196, 768)  size=142.4MB
  [WRITE]  ISMN_COSMOS-UK_SpenFarm                   s1_desc/l9 → s1_desc_l9.npy  shape=(473, 196, 768)  size=142.4MB
  [WRITE]  ISMN_COSMOS-UK_Stoughton                  s2/l3 → s2_l3.npy  shape=(131, 196, 768)  size=39.4MB
  [WRITE]  ISMN_COSMOS-UK_Stoughton                  s2/l6 → s2_l6.npy  shape=(131, 196, 768)  size=39.4MB
  [WRITE]  ISMN_COSMOS-UK_Stoughton                  s2/l9 → s2_l9.npy  shape=(131, 196, 768)  size=39.4MB
  [WRITE]  ISMN_COSMOS-UK_Stoughton                  s1_asc/l3 → s1_asc_l3.npy  shape=(580, 196, 768)  size=174.6MB
  [WRITE]  ISMN_COSMOS-UK_Stoughton                  s1_asc/l6 → s1_asc_l6.npy  shape=(580, 196, 768)  size=174.6MB
  [WRITE]  ISMN_COSMOS-UK_Stoughton                  s1_asc/l9 → s1_asc_l9.npy  shape=(580, 196, 768)  size=174.6MB
  [WRITE]  ISMN_COSMOS-UK_Stoughton                  s1_desc/l3 → s1_desc_l3.npy  shape=(581, 196, 768)  size=174.9MB
  [WRITE]  ISMN_COSMOS-UK_Stoughton                  s1_desc/l6 → s1_desc_l6.npy  shape=(581, 196, 768)  size=174.9MB
  [WRITE]  ISMN_COSMOS-UK_Stoughton                  s1_desc/l9 → s1_desc_l9.npy  shape=(581, 196, 768)  size=174.9MB
  [WRITE]  ISMN_FMI_SOD083                           s2/l3 → s2_l3.npy  shape=(179, 196, 768)  size=53.9MB
  [WRITE]  ISMN_FMI_SOD083                           s2/l6 → s2_l6.npy  shape=(179, 196, 768)  size=53.9MB
  [WRITE]  ISMN_FMI_SOD083                           s2/l9 → s2_l9.npy  shape=(179, 196, 768)  size=53.9MB
  [WRITE]  ISMN_FMI_SOD083                           s1_asc/l3 → s1_asc_l3.npy  shape=(398, 196, 768)  size=119.8MB
  [WRITE]  ISMN_FMI_SOD083                           s1_asc/l6 → s1_asc_l6.npy  shape=(398, 196, 768)  size=119.8MB
  [WRITE]  ISMN_FMI_SOD083                           s1_asc/l9 → s1_asc_l9.npy  shape=(398, 196, 768)  size=119.8MB
  [WRITE]  ISMN_FMI_SOD083                           s1_desc/l3 → s1_desc_l3.npy  shape=(428, 196, 768)  size=128.9MB
  [WRITE]  ISMN_FMI_SOD083                           s1_desc/l6 → s1_desc_l6.npy  shape=(428, 196, 768)  size=128.9MB
  [WRITE]  ISMN_FMI_SOD083                           s1_desc/l9 → s1_desc_l9.npy  shape=(428, 196, 768)  size=128.9MB
  [WRITE]  ISMN_FMI_SOD101                           s2/l3 → s2_l3.npy  shape=(140, 196, 768)  size=42.1MB
  [WRITE]  ISMN_FMI_SOD101                           s2/l6 → s2_l6.npy  shape=(140, 196, 768)  size=42.1MB
  [WRITE]  ISMN_FMI_SOD101                           s2/l9 → s2_l9.npy  shape=(140, 196, 768)  size=42.1MB
  [WRITE]  ISMN_FMI_SOD101                           s1_asc/l3 → s1_asc_l3.npy  shape=(548, 196, 768)  size=165.0MB
  [WRITE]  ISMN_FMI_SOD101                           s1_asc/l6 → s1_asc_l6.npy  shape=(548, 196, 768)  size=165.0MB
  [WRITE]  ISMN_FMI_SOD101                           s1_asc/l9 → s1_asc_l9.npy  shape=(548, 196, 768)  size=165.0MB
  [WRITE]  ISMN_FMI_SOD101                           s1_desc/l3 → s1_desc_l3.npy  shape=(594, 196, 768)  size=178.8MB
  [WRITE]  ISMN_FMI_SOD101                           s1_desc/l6 → s1_desc_l6.npy  shape=(594, 196, 768)  size=178.8MB
  [WRITE]  ISMN_FMI_SOD101                           s1_desc/l9 → s1_desc_l9.npy  shape=(594, 196, 768)  size=178.8MB
  [WRITE]  ISMN_FMI_SOD102                           s2/l3 → s2_l3.npy  shape=(140, 196, 768)  size=42.1MB
  [WRITE]  ISMN_FMI_SOD102                           s2/l6 → s2_l6.npy  shape=(140, 196, 768)  size=42.1MB
  [WRITE]  ISMN_FMI_SOD102                           s2/l9 → s2_l9.npy  shape=(140, 196, 768)  size=42.1MB
  [WRITE]  ISMN_FMI_SOD102                           s1_asc/l3 → s1_asc_l3.npy  shape=(548, 196, 768)  size=165.0MB
  [WRITE]  ISMN_FMI_SOD102                           s1_asc/l6 → s1_asc_l6.npy  shape=(548, 196, 768)  size=165.0MB
  [WRITE]  ISMN_FMI_SOD102                           s1_asc/l9 → s1_asc_l9.npy  shape=(548, 196, 768)  size=165.0MB
  [WRITE]  ISMN_FMI_SOD102                           s1_desc/l3 → s1_desc_l3.npy  shape=(594, 196, 768)  size=178.8MB
  [WRITE]  ISMN_FMI_SOD102                           s1_desc/l6 → s1_desc_l6.npy  shape=(594, 196, 768)  size=178.8MB
  [WRITE]  ISMN_FMI_SOD102                           s1_desc/l9 → s1_desc_l9.npy  shape=(594, 196, 768)  size=178.8MB
  [WRITE]  ISMN_FMI_SOD103                           s2/l3 → s2_l3.npy  shape=(140, 196, 768)  size=42.1MB
  [WRITE]  ISMN_FMI_SOD103                           s2/l6 → s2_l6.npy  shape=(140, 196, 768)  size=42.1MB
  [WRITE]  ISMN_FMI_SOD103                           s2/l9 → s2_l9.npy  shape=(140, 196, 768)  size=42.1MB
  [WRITE]  ISMN_FMI_SOD103                           s1_asc/l3 → s1_asc_l3.npy  shape=(548, 196, 768)  size=165.0MB
  [WRITE]  ISMN_FMI_SOD103                           s1_asc/l6 → s1_asc_l6.npy  shape=(548, 196, 768)  size=165.0MB
  [WRITE]  ISMN_FMI_SOD103                           s1_asc/l9 → s1_asc_l9.npy  shape=(548, 196, 768)  size=165.0MB
  [WRITE]  ISMN_FMI_SOD103                           s1_desc/l3 → s1_desc_l3.npy  shape=(594, 196, 768)  size=178.8MB
  [WRITE]  ISMN_FMI_SOD103                           s1_desc/l6 → s1_desc_l6.npy  shape=(594, 196, 768)  size=178.8MB
  [WRITE]  ISMN_FMI_SOD103                           s1_desc/l9 → s1_desc_l9.npy  shape=(594, 196, 768)  size=178.8MB
  [WRITE]  ISMN_SNOTEL_AnchorRiverDivide             s2/l3 → s2_l3.npy  shape=(248, 196, 768)  size=74.7MB
  [WRITE]  ISMN_SNOTEL_AnchorRiverDivide             s2/l6 → s2_l6.npy  shape=(248, 196, 768)  size=74.7MB
  [WRITE]  ISMN_SNOTEL_AnchorRiverDivide             s2/l9 → s2_l9.npy  shape=(248, 196, 768)  size=74.7MB
  [WRITE]  ISMN_SNOTEL_AnchorRiverDivide             s1_asc/l3 → s1_asc_l3.npy  shape=(266, 196, 768)  size=80.1MB
  [WRITE]  ISMN_SNOTEL_AnchorRiverDivide             s1_asc/l6 → s1_asc_l6.npy  shape=(266, 196, 768)  size=80.1MB
  [WRITE]  ISMN_SNOTEL_AnchorRiverDivide             s1_asc/l9 → s1_asc_l9.npy  shape=(266, 196, 768)  size=80.1MB
  [WRITE]  ISMN_SNOTEL_AnchorRiverDivide             s1_desc/l3 → s1_desc_l3.npy  shape=(233, 196, 768)  size=70.1MB
  [WRITE]  ISMN_SNOTEL_AnchorRiverDivide             s1_desc/l6 → s1_desc_l6.npy  shape=(233, 196, 768)  size=70.1MB
  [WRITE]  ISMN_SNOTEL_AnchorRiverDivide             s1_desc/l9 → s1_desc_l9.npy  shape=(233, 196, 768)  size=70.1MB
  [WRITE]  ISMN_SNOTEL_Aniak                         s2/l3 → s2_l3.npy  shape=(139, 196, 768)  size=41.8MB
  [WRITE]  ISMN_SNOTEL_Aniak                         s2/l6 → s2_l6.npy  shape=(139, 196, 768)  size=41.8MB
  [WRITE]  ISMN_SNOTEL_Aniak                         s2/l9 → s2_l9.npy  shape=(139, 196, 768)  size=41.8MB
  [WRITE]  ISMN_SNOTEL_Aniak                         s1_asc/l3 → s1_asc_l3.npy  shape=(80, 196, 768)  size=24.1MB
  [WRITE]  ISMN_SNOTEL_Aniak                         s1_asc/l6 → s1_asc_l6.npy  shape=(80, 196, 768)  size=24.1MB
  [WRITE]  ISMN_SNOTEL_Aniak                         s1_asc/l9 → s1_asc_l9.npy  shape=(80, 196, 768)  size=24.1MB
  [WRITE]  ISMN_SNOTEL_Aniak                         s1_desc/l3 → s1_desc_l3.npy  shape=(123, 196, 768)  size=37.0MB
  [WRITE]  ISMN_SNOTEL_Aniak                         s1_desc/l6 → s1_desc_l6.npy  shape=(123, 196, 768)  size=37.0MB
  [WRITE]  ISMN_SNOTEL_Aniak                         s1_desc/l9 → s1_desc_l9.npy  shape=(123, 196, 768)  size=37.0MB
  [WRITE]  ISMN_SNOTEL_ArapahoRidge                  s2/l3 → s2_l3.npy  shape=(267, 196, 768)  size=80.4MB
  [WRITE]  ISMN_SNOTEL_ArapahoRidge                  s2/l6 → s2_l6.npy  shape=(267, 196, 768)  size=80.4MB
  [WRITE]  ISMN_SNOTEL_ArapahoRidge                  s2/l9 → s2_l9.npy  shape=(267, 196, 768)  size=80.4MB
  [WRITE]  ISMN_SNOTEL_ArapahoRidge                  s1_asc/l3 → s1_asc_l3.npy  shape=(209, 196, 768)  size=62.9MB
  [WRITE]  ISMN_SNOTEL_ArapahoRidge                  s1_asc/l6 → s1_asc_l6.npy  shape=(209, 196, 768)  size=62.9MB
  [WRITE]  ISMN_SNOTEL_ArapahoRidge                  s1_asc/l9 → s1_asc_l9.npy  shape=(209, 196, 768)  size=62.9MB
  [WRITE]  ISMN_SNOTEL_ArapahoRidge                  s1_desc/l3 → s1_desc_l3.npy  shape=(246, 196, 768)  size=74.1MB
  [WRITE]  ISMN_SNOTEL_ArapahoRidge                  s1_desc/l6 → s1_desc_l6.npy  shape=(246, 196, 768)  size=74.1MB
  [WRITE]  ISMN_SNOTEL_ArapahoRidge                  s1_desc/l9 → s1_desc_l9.npy  shape=(246, 196, 768)  size=74.1MB
  [WRITE]  ISMN_SNOTEL_AtlantaSummit                 s2/l3 → s2_l3.npy  shape=(245, 196, 768)  size=73.8MB
  [WRITE]  ISMN_SNOTEL_AtlantaSummit                 s2/l6 → s2_l6.npy  shape=(245, 196, 768)  size=73.8MB
  [WRITE]  ISMN_SNOTEL_AtlantaSummit                 s2/l9 → s2_l9.npy  shape=(245, 196, 768)  size=73.8MB
  [WRITE]  ISMN_SNOTEL_AtlantaSummit                 s1_asc/l3 → s1_asc_l3.npy  shape=(212, 196, 768)  size=63.8MB
  [WRITE]  ISMN_SNOTEL_AtlantaSummit                 s1_asc/l6 → s1_asc_l6.npy  shape=(212, 196, 768)  size=63.8MB
  [WRITE]  ISMN_SNOTEL_AtlantaSummit                 s1_asc/l9 → s1_asc_l9.npy  shape=(212, 196, 768)  size=63.8MB
  [WRITE]  ISMN_SNOTEL_AtlantaSummit                 s1_desc/l3 → s1_desc_l3.npy  shape=(286, 196, 768)  size=86.1MB
  [WRITE]  ISMN_SNOTEL_AtlantaSummit                 s1_desc/l6 → s1_desc_l6.npy  shape=(286, 196, 768)  size=86.1MB
  [WRITE]  ISMN_SNOTEL_AtlantaSummit                 s1_desc/l9 → s1_desc_l9.npy  shape=(286, 196, 768)  size=86.1MB
  [WRITE]  ISMN_SCAN_Vallecitos                      s2/l3 → s2_l3.npy  shape=(321, 196, 768)  size=96.6MB
  [WRITE]  ISMN_SCAN_Vallecitos                      s2/l6 → s2_l6.npy  shape=(321, 196, 768)  size=96.6MB
  [WRITE]  ISMN_SCAN_Vallecitos                      s2/l9 → s2_l9.npy  shape=(321, 196, 768)  size=96.6MB
  [WRITE]  ISMN_SCAN_Vallecitos                      s1_asc/l3 → s1_asc_l3.npy  shape=(222, 196, 768)  size=66.8MB
  [WRITE]  ISMN_SCAN_Vallecitos                      s1_asc/l6 → s1_asc_l6.npy  shape=(222, 196, 768)  size=66.8MB
  [WRITE]  ISMN_SCAN_Vallecitos                      s1_asc/l9 → s1_asc_l9.npy  shape=(222, 196, 768)  size=66.8MB
  [WRITE]  ISMN_SCAN_Vallecitos                      s1_desc/l3 → s1_desc_l3.npy  shape=(217, 196, 768)  size=65.3MB
  [WRITE]  ISMN_SCAN_Vallecitos                      s1_desc/l6 → s1_desc_l6.npy  shape=(217, 196, 768)  size=65.3MB
  [WRITE]  ISMN_SCAN_Vallecitos                      s1_desc/l9 → s1_desc_l9.npy  shape=(217, 196, 768)  size=65.3MB
  [WRITE]  ISMN_SCAN_Vermillion                      s2/l3 → s2_l3.npy  shape=(422, 196, 768)  size=127.0MB
  [WRITE]  ISMN_SCAN_Vermillion                      s2/l6 → s2_l6.npy  shape=(422, 196, 768)  size=127.0MB
  [WRITE]  ISMN_SCAN_Vermillion                      s2/l9 → s2_l9.npy  shape=(422, 196, 768)  size=127.0MB
  [WRITE]  ISMN_SCAN_Vermillion                      s1_asc/l3 → s1_asc_l3.npy  shape=(156, 196, 768)  size=47.0MB
  [WRITE]  ISMN_SCAN_Vermillion                      s1_asc/l6 → s1_asc_l6.npy  shape=(156, 196, 768)  size=47.0MB
  [WRITE]  ISMN_SCAN_Vermillion                      s1_asc/l9 → s1_asc_l9.npy  shape=(156, 196, 768)  size=47.0MB
  [WRITE]  ISMN_SCAN_Vermillion                      s1_desc/l3 → s1_desc_l3.npy  shape=(492, 196, 768)  size=148.1MB
  [WRITE]  ISMN_SCAN_Vermillion                      s1_desc/l6 → s1_desc_l6.npy  shape=(492, 196, 768)  size=148.1MB
  [WRITE]  ISMN_SCAN_Vermillion                      s1_desc/l9 → s1_desc_l9.npy  shape=(492, 196, 768)  size=148.1MB
  [WRITE]  ISMN_SCAN_Vernon                          s2/l3 → s2_l3.npy  shape=(305, 196, 768)  size=91.8MB
  [WRITE]  ISMN_SCAN_Vernon                          s2/l6 → s2_l6.npy  shape=(305, 196, 768)  size=91.8MB
  [WRITE]  ISMN_SCAN_Vernon                          s2/l9 → s2_l9.npy  shape=(305, 196, 768)  size=91.8MB
  [WRITE]  ISMN_SCAN_Vernon                          s1_asc/l3 → s1_asc_l3.npy  shape=(138, 196, 768)  size=41.5MB
  [WRITE]  ISMN_SCAN_Vernon                          s1_asc/l6 → s1_asc_l6.npy  shape=(138, 196, 768)  size=41.5MB
  [WRITE]  ISMN_SCAN_Vernon                          s1_asc/l9 → s1_asc_l9.npy  shape=(138, 196, 768)  size=41.5MB
  [WRITE]  ISMN_SCAN_Violett                         s2/l3 → s2_l3.npy  shape=(233, 196, 768)  size=70.1MB
  [WRITE]  ISMN_SCAN_Violett                         s2/l6 → s2_l6.npy  shape=(233, 196, 768)  size=70.1MB
  [WRITE]  ISMN_SCAN_Violett                         s2/l9 → s2_l9.npy  shape=(233, 196, 768)  size=70.1MB
  [WRITE]  ISMN_SCAN_Violett                         s1_asc/l3 → s1_asc_l3.npy  shape=(198, 196, 768)  size=59.6MB
  [WRITE]  ISMN_SCAN_Violett                         s1_asc/l6 → s1_asc_l6.npy  shape=(198, 196, 768)  size=59.6MB
  [WRITE]  ISMN_SCAN_Violett                         s1_asc/l9 → s1_asc_l9.npy  shape=(198, 196, 768)  size=59.6MB
  [WRITE]  ISMN_SCAN_Violett                         s1_desc/l3 → s1_desc_l3.npy  shape=(226, 196, 768)  size=68.0MB
  [WRITE]  ISMN_SCAN_Violett                         s1_desc/l6 → s1_desc_l6.npy  shape=(226, 196, 768)  size=68.0MB
  [WRITE]  ISMN_SCAN_Violett                         s1_desc/l9 → s1_desc_l9.npy  shape=(226, 196, 768)  size=68.0MB
  [WRITE]  ISMN_FMI_SOD071                           s2/l3 → s2_l3.npy  shape=(212, 196, 768)  size=63.8MB
  [WRITE]  ISMN_FMI_SOD071                           s2/l6 → s2_l6.npy  shape=(212, 196, 768)  size=63.8MB
  [WRITE]  ISMN_FMI_SOD071                           s2/l9 → s2_l9.npy  shape=(212, 196, 768)  size=63.8MB
  [WRITE]  ISMN_FMI_SOD071                           s1_asc/l3 → s1_asc_l3.npy  shape=(633, 196, 768)  size=190.6MB
  [WRITE]  ISMN_FMI_SOD071                           s1_asc/l6 → s1_asc_l6.npy  shape=(633, 196, 768)  size=190.6MB
  [WRITE]  ISMN_FMI_SOD071                           s1_asc/l9 → s1_asc_l9.npy  shape=(633, 196, 768)  size=190.6MB
  [WRITE]  ISMN_FMI_SOD071                           s1_desc/l3 → s1_desc_l3.npy  shape=(682, 196, 768)  size=205.3MB
  [WRITE]  ISMN_FMI_SOD071                           s1_desc/l6 → s1_desc_l6.npy  shape=(682, 196, 768)  size=205.3MB
  [WRITE]  ISMN_FMI_SOD071                           s1_desc/l9 → s1_desc_l9.npy  shape=(682, 196, 768)  size=205.3MB
  [WRITE]  ISMN_FMI_SOD072                           s2/l3 → s2_l3.npy  shape=(162, 196, 768)  size=48.8MB
  [WRITE]  ISMN_FMI_SOD072                           s2/l6 → s2_l6.npy  shape=(162, 196, 768)  size=48.8MB
  [WRITE]  ISMN_FMI_SOD072                           s2/l9 → s2_l9.npy  shape=(162, 196, 768)  size=48.8MB
  [WRITE]  ISMN_FMI_SOD072                           s1_asc/l3 → s1_asc_l3.npy  shape=(374, 196, 768)  size=112.6MB
  [WRITE]  ISMN_FMI_SOD072                           s1_asc/l6 → s1_asc_l6.npy  shape=(374, 196, 768)  size=112.6MB
  [WRITE]  ISMN_FMI_SOD072                           s1_asc/l9 → s1_asc_l9.npy  shape=(374, 196, 768)  size=112.6MB
  [WRITE]  ISMN_FMI_SOD072                           s1_desc/l3 → s1_desc_l3.npy  shape=(398, 196, 768)  size=119.8MB
  [WRITE]  ISMN_FMI_SOD072                           s1_desc/l6 → s1_desc_l6.npy  shape=(398, 196, 768)  size=119.8MB
  [WRITE]  ISMN_FMI_SOD072                           s1_desc/l9 → s1_desc_l9.npy  shape=(398, 196, 768)  size=119.8MB
  [WRITE]  ISMN_FMI_SOD073                           s2/l3 → s2_l3.npy  shape=(161, 196, 768)  size=48.5MB
  [WRITE]  ISMN_FMI_SOD073                           s2/l6 → s2_l6.npy  shape=(161, 196, 768)  size=48.5MB
  [WRITE]  ISMN_FMI_SOD073                           s2/l9 → s2_l9.npy  shape=(161, 196, 768)  size=48.5MB
  [WRITE]  ISMN_FMI_SOD073                           s1_asc/l3 → s1_asc_l3.npy  shape=(374, 196, 768)  size=112.6MB
  [WRITE]  ISMN_FMI_SOD073                           s1_asc/l6 → s1_asc_l6.npy  shape=(374, 196, 768)  size=112.6MB
  [WRITE]  ISMN_FMI_SOD073                           s1_asc/l9 → s1_asc_l9.npy  shape=(374, 196, 768)  size=112.6MB
  [WRITE]  ISMN_FMI_SOD073                           s1_desc/l3 → s1_desc_l3.npy  shape=(398, 196, 768)  size=119.8MB
  [WRITE]  ISMN_FMI_SOD073                           s1_desc/l6 → s1_desc_l6.npy  shape=(398, 196, 768)  size=119.8MB
  [WRITE]  ISMN_FMI_SOD073                           s1_desc/l9 → s1_desc_l9.npy  shape=(398, 196, 768)  size=119.8MB
  [WRITE]  ISMN_FMI_SOD081                           s2/l3 → s2_l3.npy  shape=(223, 196, 768)  size=67.1MB
  [WRITE]  ISMN_FMI_SOD081                           s2/l6 → s2_l6.npy  shape=(223, 196, 768)  size=67.1MB
  [WRITE]  ISMN_FMI_SOD081                           s2/l9 → s2_l9.npy  shape=(223, 196, 768)  size=67.1MB
  [WRITE]  ISMN_FMI_SOD081                           s1_asc/l3 → s1_asc_l3.npy  shape=(628, 196, 768)  size=189.1MB
  [WRITE]  ISMN_FMI_SOD081                           s1_asc/l6 → s1_asc_l6.npy  shape=(628, 196, 768)  size=189.1MB
  [WRITE]  ISMN_FMI_SOD081                           s1_asc/l9 → s1_asc_l9.npy  shape=(628, 196, 768)  size=189.1MB
  [WRITE]  ISMN_FMI_SOD081                           s1_desc/l3 → s1_desc_l3.npy  shape=(682, 196, 768)  size=205.3MB
  [WRITE]  ISMN_FMI_SOD081                           s1_desc/l6 → s1_desc_l6.npy  shape=(682, 196, 768)  size=205.3MB
  [WRITE]  ISMN_FMI_SOD081                           s1_desc/l9 → s1_desc_l9.npy  shape=(682, 196, 768)  size=205.3MB
  [WRITE]  ISMN_SNOTEL_BenLomondTrail                s2/l3 → s2_l3.npy  shape=(226, 196, 768)  size=68.0MB
  [WRITE]  ISMN_SNOTEL_BenLomondTrail                s2/l6 → s2_l6.npy  shape=(226, 196, 768)  size=68.0MB
  [WRITE]  ISMN_SNOTEL_BenLomondTrail                s2/l9 → s2_l9.npy  shape=(226, 196, 768)  size=68.0MB
  [WRITE]  ISMN_SNOTEL_BenLomondTrail                s1_asc/l3 → s1_asc_l3.npy  shape=(177, 196, 768)  size=53.3MB
  [WRITE]  ISMN_SNOTEL_BenLomondTrail                s1_asc/l6 → s1_asc_l6.npy  shape=(177, 196, 768)  size=53.3MB
  [WRITE]  ISMN_SNOTEL_BenLomondTrail                s1_asc/l9 → s1_asc_l9.npy  shape=(177, 196, 768)  size=53.3MB
  [WRITE]  ISMN_SNOTEL_BenLomondTrail                s1_desc/l3 → s1_desc_l3.npy  shape=(102, 196, 768)  size=30.7MB
  [WRITE]  ISMN_SNOTEL_BenLomondTrail                s1_desc/l6 → s1_desc_l6.npy  shape=(102, 196, 768)  size=30.7MB
  [WRITE]  ISMN_SNOTEL_BenLomondTrail                s1_desc/l9 → s1_desc_l9.npy  shape=(102, 196, 768)  size=30.7MB
  [WRITE]  ISMN_SNOTEL_BerryCreek                    s2/l3 → s2_l3.npy  shape=(624, 196, 768)  size=187.9MB
  [WRITE]  ISMN_SNOTEL_BerryCreek                    s2/l6 → s2_l6.npy  shape=(624, 196, 768)  size=187.9MB
  [WRITE]  ISMN_SNOTEL_BerryCreek                    s2/l9 → s2_l9.npy  shape=(624, 196, 768)  size=187.9MB
  [WRITE]  ISMN_SNOTEL_BerryCreek                    s1_asc/l3 → s1_asc_l3.npy  shape=(100, 196, 768)  size=30.1MB
  [WRITE]  ISMN_SNOTEL_BerryCreek                    s1_asc/l6 → s1_asc_l6.npy  shape=(100, 196, 768)  size=30.1MB
  [WRITE]  ISMN_SNOTEL_BerryCreek                    s1_asc/l9 → s1_asc_l9.npy  shape=(100, 196, 768)  size=30.1MB
  [WRITE]  ISMN_SNOTEL_BerryCreek                    s1_desc/l3 → s1_desc_l3.npy  shape=(119, 196, 768)  size=35.8MB
  [WRITE]  ISMN_SNOTEL_BerryCreek                    s1_desc/l6 → s1_desc_l6.npy  shape=(119, 196, 768)  size=35.8MB
  [WRITE]  ISMN_SNOTEL_BerryCreek                    s1_desc/l9 → s1_desc_l9.npy  shape=(119, 196, 768)  size=35.8MB
  [WRITE]  ISMN_SNOTEL_BerthoudSummit                s2/l3 → s2_l3.npy  shape=(205, 196, 768)  size=61.7MB
  [WRITE]  ISMN_SNOTEL_BerthoudSummit                s2/l6 → s2_l6.npy  shape=(205, 196, 768)  size=61.7MB
  [WRITE]  ISMN_SNOTEL_BerthoudSummit                s2/l9 → s2_l9.npy  shape=(205, 196, 768)  size=61.7MB
  [WRITE]  ISMN_SNOTEL_BerthoudSummit                s1_asc/l3 → s1_asc_l3.npy  shape=(144, 196, 768)  size=43.4MB
  [WRITE]  ISMN_SNOTEL_BerthoudSummit                s1_asc/l6 → s1_asc_l6.npy  shape=(144, 196, 768)  size=43.4MB
  [WRITE]  ISMN_SNOTEL_BerthoudSummit                s1_asc/l9 → s1_asc_l9.npy  shape=(144, 196, 768)  size=43.4MB
  [WRITE]  ISMN_SNOTEL_BerthoudSummit                s1_desc/l3 → s1_desc_l3.npy  shape=(185, 196, 768)  size=55.7MB
  [WRITE]  ISMN_SNOTEL_BerthoudSummit                s1_desc/l6 → s1_desc_l6.npy  shape=(185, 196, 768)  size=55.7MB
  [WRITE]  ISMN_SNOTEL_BerthoudSummit                s1_desc/l9 → s1_desc_l9.npy  shape=(185, 196, 768)  size=55.7MB
  [WRITE]  ISMN_SNOTEL_BevansCabin                   s2/l3 → s2_l3.npy  shape=(383, 196, 768)  size=115.3MB
  [WRITE]  ISMN_SNOTEL_BevansCabin                   s2/l6 → s2_l6.npy  shape=(383, 196, 768)  size=115.3MB
  [WRITE]  ISMN_SNOTEL_BevansCabin                   s2/l9 → s2_l9.npy  shape=(383, 196, 768)  size=115.3MB
  [WRITE]  ISMN_SNOTEL_BevansCabin                   s1_asc/l3 → s1_asc_l3.npy  shape=(134, 196, 768)  size=40.3MB
  [WRITE]  ISMN_SNOTEL_BevansCabin                   s1_asc/l6 → s1_asc_l6.npy  shape=(134, 196, 768)  size=40.3MB
  [WRITE]  ISMN_SNOTEL_BevansCabin                   s1_asc/l9 → s1_asc_l9.npy  shape=(134, 196, 768)  size=40.3MB
  [WRITE]  ISMN_SNOTEL_BevansCabin                   s1_desc/l3 → s1_desc_l3.npy  shape=(166, 196, 768)  size=50.0MB
  [WRITE]  ISMN_SNOTEL_BevansCabin                   s1_desc/l6 → s1_desc_l6.npy  shape=(166, 196, 768)  size=50.0MB
  [WRITE]  ISMN_SNOTEL_BevansCabin                   s1_desc/l9 → s1_desc_l9.npy  shape=(166, 196, 768)  size=50.0MB
  [WRITE]  ISMN_SNOTEL_Chisana                       s2/l3 → s2_l3.npy  shape=(314, 196, 768)  size=94.5MB
  [WRITE]  ISMN_SNOTEL_Chisana                       s2/l6 → s2_l6.npy  shape=(314, 196, 768)  size=94.5MB
  [WRITE]  ISMN_SNOTEL_Chisana                       s2/l9 → s2_l9.npy  shape=(314, 196, 768)  size=94.5MB
  [WRITE]  ISMN_SNOTEL_Chisana                       s1_asc/l3 → s1_asc_l3.npy  shape=(277, 196, 768)  size=83.4MB
  [WRITE]  ISMN_SNOTEL_Chisana                       s1_asc/l6 → s1_asc_l6.npy  shape=(277, 196, 768)  size=83.4MB
  [WRITE]  ISMN_SNOTEL_Chisana                       s1_asc/l9 → s1_asc_l9.npy  shape=(277, 196, 768)  size=83.4MB
  [WRITE]  ISMN_SNOTEL_Chisana                       s1_desc/l3 → s1_desc_l3.npy  shape=(421, 196, 768)  size=126.7MB
  [WRITE]  ISMN_SNOTEL_Chisana                       s1_desc/l6 → s1_desc_l6.npy  shape=(421, 196, 768)  size=126.7MB
  [WRITE]  ISMN_SNOTEL_Chisana                       s1_desc/l9 → s1_desc_l9.npy  shape=(421, 196, 768)  size=126.7MB
  [WRITE]  ISMN_SNOTEL_ChocolateGulch                s2/l3 → s2_l3.npy  shape=(131, 196, 768)  size=39.4MB
  [WRITE]  ISMN_SNOTEL_ChocolateGulch                s2/l6 → s2_l6.npy  shape=(131, 196, 768)  size=39.4MB
  [WRITE]  ISMN_SNOTEL_ChocolateGulch                s2/l9 → s2_l9.npy  shape=(131, 196, 768)  size=39.4MB
  [WRITE]  ISMN_SNOTEL_ChocolateGulch                s1_asc/l3 → s1_asc_l3.npy  shape=(144, 196, 768)  size=43.4MB
  [WRITE]  ISMN_SNOTEL_ChocolateGulch                s1_asc/l6 → s1_asc_l6.npy  shape=(144, 196, 768)  size=43.4MB
  [WRITE]  ISMN_SNOTEL_ChocolateGulch                s1_asc/l9 → s1_asc_l9.npy  shape=(144, 196, 768)  size=43.4MB
  [WRITE]  ISMN_SNOTEL_ChocolateGulch                s1_desc/l3 → s1_desc_l3.npy  shape=(130, 196, 768)  size=39.1MB
  [WRITE]  ISMN_SNOTEL_ChocolateGulch                s1_desc/l6 → s1_desc_l6.npy  shape=(130, 196, 768)  size=39.1MB
  [WRITE]  ISMN_SNOTEL_ChocolateGulch                s1_desc/l9 → s1_desc_l9.npy  shape=(130, 196, 768)  size=39.1MB
  [WRITE]  ISMN_SNOTEL_CinnabarPark                  s2/l3 → s2_l3.npy  shape=(113, 196, 768)  size=34.0MB
  [WRITE]  ISMN_SNOTEL_CinnabarPark                  s2/l6 → s2_l6.npy  shape=(113, 196, 768)  size=34.0MB
  [WRITE]  ISMN_SNOTEL_CinnabarPark                  s2/l9 → s2_l9.npy  shape=(113, 196, 768)  size=34.0MB
  [WRITE]  ISMN_SNOTEL_CinnabarPark                  s1_asc/l3 → s1_asc_l3.npy  shape=(86, 196, 768)  size=25.9MB
  [WRITE]  ISMN_SNOTEL_CinnabarPark                  s1_asc/l6 → s1_asc_l6.npy  shape=(86, 196, 768)  size=25.9MB
  [WRITE]  ISMN_SNOTEL_CinnabarPark                  s1_asc/l9 → s1_asc_l9.npy  shape=(86, 196, 768)  size=25.9MB
  [WRITE]  ISMN_SNOTEL_CinnabarPark                  s1_desc/l3 → s1_desc_l3.npy  shape=(111, 196, 768)  size=33.4MB
  [WRITE]  ISMN_SNOTEL_CinnabarPark                  s1_desc/l6 → s1_desc_l6.npy  shape=(111, 196, 768)  size=33.4MB
  [WRITE]  ISMN_SNOTEL_CinnabarPark                  s1_desc/l9 → s1_desc_l9.npy  shape=(111, 196, 768)  size=33.4MB
  [WRITE]  ISMN_SNOTEL_ClackamasLake                 s2/l3 → s2_l3.npy  shape=(147, 196, 768)  size=44.3MB
  [WRITE]  ISMN_SNOTEL_ClackamasLake                 s2/l6 → s2_l6.npy  shape=(147, 196, 768)  size=44.3MB
  [WRITE]  ISMN_SNOTEL_ClackamasLake                 s2/l9 → s2_l9.npy  shape=(147, 196, 768)  size=44.3MB
  [WRITE]  ISMN_SNOTEL_ClackamasLake                 s1_asc/l3 → s1_asc_l3.npy  shape=(151, 196, 768)  size=45.5MB
  [WRITE]  ISMN_SNOTEL_ClackamasLake                 s1_asc/l6 → s1_asc_l6.npy  shape=(151, 196, 768)  size=45.5MB
  [WRITE]  ISMN_SNOTEL_ClackamasLake                 s1_asc/l9 → s1_asc_l9.npy  shape=(151, 196, 768)  size=45.5MB
  [WRITE]  ISMN_SNOTEL_ClackamasLake                 s1_desc/l3 → s1_desc_l3.npy  shape=(149, 196, 768)  size=44.9MB
  [WRITE]  ISMN_SNOTEL_ClackamasLake                 s1_desc/l6 → s1_desc_l6.npy  shape=(149, 196, 768)  size=44.9MB
  [WRITE]  ISMN_SNOTEL_ClackamasLake                 s1_desc/l9 → s1_desc_l9.npy  shape=(149, 196, 768)  size=44.9MB
  [WRITE]  ISMN_RSMN_Cotnari                         s2/l3 → s2_l3.npy  shape=(360, 196, 768)  size=108.4MB
  [WRITE]  ISMN_RSMN_Cotnari                         s2/l6 → s2_l6.npy  shape=(360, 196, 768)  size=108.4MB
  [WRITE]  ISMN_RSMN_Cotnari                         s2/l9 → s2_l9.npy  shape=(360, 196, 768)  size=108.4MB
  [WRITE]  ISMN_RSMN_Cotnari                         s1_asc/l3 → s1_asc_l3.npy  shape=(764, 196, 768)  size=230.0MB
  [WRITE]  ISMN_RSMN_Cotnari                         s1_asc/l6 → s1_asc_l6.npy  shape=(764, 196, 768)  size=230.0MB
  [WRITE]  ISMN_RSMN_Cotnari                         s1_asc/l9 → s1_asc_l9.npy  shape=(764, 196, 768)  size=230.0MB
  [WRITE]  ISMN_RSMN_Cotnari                         s1_desc/l3 → s1_desc_l3.npy  shape=(434, 196, 768)  size=130.7MB
  [WRITE]  ISMN_RSMN_Cotnari                         s1_desc/l6 → s1_desc_l6.npy  shape=(434, 196, 768)  size=130.7MB
  [WRITE]  ISMN_RSMN_Cotnari                         s1_desc/l9 → s1_desc_l9.npy  shape=(434, 196, 768)  size=130.7MB
  [WRITE]  ISMN_RSMN_Darabani                        s2/l3 → s2_l3.npy  shape=(348, 196, 768)  size=104.8MB
  [WRITE]  ISMN_RSMN_Darabani                        s2/l6 → s2_l6.npy  shape=(348, 196, 768)  size=104.8MB
  [WRITE]  ISMN_RSMN_Darabani                        s2/l9 → s2_l9.npy  shape=(348, 196, 768)  size=104.8MB
  [WRITE]  ISMN_RSMN_Darabani                        s1_asc/l3 → s1_asc_l3.npy  shape=(737, 196, 768)  size=221.9MB
  [WRITE]  ISMN_RSMN_Darabani                        s1_asc/l6 → s1_asc_l6.npy  shape=(737, 196, 768)  size=221.9MB
  [WRITE]  ISMN_RSMN_Darabani                        s1_asc/l9 → s1_asc_l9.npy  shape=(737, 196, 768)  size=221.9MB
  [WRITE]  ISMN_RSMN_Darabani                        s1_desc/l3 → s1_desc_l3.npy  shape=(766, 196, 768)  size=230.6MB
  [WRITE]  ISMN_RSMN_Darabani                        s1_desc/l6 → s1_desc_l6.npy  shape=(766, 196, 768)  size=230.6MB
  [WRITE]  ISMN_RSMN_Darabani                        s1_desc/l9 → s1_desc_l9.npy  shape=(766, 196, 768)  size=230.6MB
  [WRITE]  ISMN_RSMN_Dumbraveni                      s2/l3 → s2_l3.npy  shape=(124, 196, 768)  size=37.3MB
  [WRITE]  ISMN_RSMN_Dumbraveni                      s2/l6 → s2_l6.npy  shape=(124, 196, 768)  size=37.3MB
  [WRITE]  ISMN_RSMN_Dumbraveni                      s2/l9 → s2_l9.npy  shape=(124, 196, 768)  size=37.3MB
  [WRITE]  ISMN_RSMN_Dumbraveni                      s1_asc/l3 → s1_asc_l3.npy  shape=(535, 196, 768)  size=161.1MB
  [WRITE]  ISMN_RSMN_Dumbraveni                      s1_asc/l6 → s1_asc_l6.npy  shape=(535, 196, 768)  size=161.1MB
  [WRITE]  ISMN_RSMN_Dumbraveni                      s1_asc/l9 → s1_asc_l9.npy  shape=(535, 196, 768)  size=161.1MB
  [WRITE]  ISMN_RSMN_Dumbraveni                      s1_desc/l3 → s1_desc_l3.npy  shape=(263, 196, 768)  size=79.2MB
  [WRITE]  ISMN_RSMN_Dumbraveni                      s1_desc/l6 → s1_desc_l6.npy  shape=(263, 196, 768)  size=79.2MB
  [WRITE]  ISMN_RSMN_Dumbraveni                      s1_desc/l9 → s1_desc_l9.npy  shape=(263, 196, 768)  size=79.2MB
  [WRITE]  ISMN_RSMN_Iasi                            s2/l3 → s2_l3.npy  shape=(164, 196, 768)  size=49.4MB
  [WRITE]  ISMN_RSMN_Iasi                            s2/l6 → s2_l6.npy  shape=(164, 196, 768)  size=49.4MB
  [WRITE]  ISMN_RSMN_Iasi                            s2/l9 → s2_l9.npy  shape=(164, 196, 768)  size=49.4MB
  [WRITE]  ISMN_RSMN_Iasi                            s1_asc/l3 → s1_asc_l3.npy  shape=(240, 196, 768)  size=72.3MB
  [WRITE]  ISMN_RSMN_Iasi                            s1_asc/l6 → s1_asc_l6.npy  shape=(240, 196, 768)  size=72.3MB
  [WRITE]  ISMN_RSMN_Iasi                            s1_asc/l9 → s1_asc_l9.npy  shape=(240, 196, 768)  size=72.3MB
  [WRITE]  ISMN_RSMN_Iasi                            s1_desc/l3 → s1_desc_l3.npy  shape=(486, 196, 768)  size=146.3MB
  [WRITE]  ISMN_RSMN_Iasi                            s1_desc/l6 → s1_desc_l6.npy  shape=(486, 196, 768)  size=146.3MB
  [WRITE]  ISMN_RSMN_Iasi                            s1_desc/l9 → s1_desc_l9.npy  shape=(486, 196, 768)  size=146.3MB
  [WRITE]  ISMN_SNOTEL_Atwater                       s2/l3 → s2_l3.npy  shape=(232, 196, 768)  size=69.8MB
  [WRITE]  ISMN_SNOTEL_Atwater                       s2/l6 → s2_l6.npy  shape=(232, 196, 768)  size=69.8MB
  [WRITE]  ISMN_SNOTEL_Atwater                       s2/l9 → s2_l9.npy  shape=(232, 196, 768)  size=69.8MB
  [WRITE]  ISMN_SNOTEL_Atwater                       s1_asc/l3 → s1_asc_l3.npy  shape=(44, 196, 768)  size=13.2MB
  [WRITE]  ISMN_SNOTEL_Atwater                       s1_asc/l6 → s1_asc_l6.npy  shape=(44, 196, 768)  size=13.2MB
  [WRITE]  ISMN_SNOTEL_Atwater                       s1_asc/l9 → s1_asc_l9.npy  shape=(44, 196, 768)  size=13.2MB
  [WRITE]  ISMN_SNOTEL_Atwater                       s1_desc/l3 → s1_desc_l3.npy  shape=(188, 196, 768)  size=56.6MB
  [WRITE]  ISMN_SNOTEL_Atwater                       s1_desc/l6 → s1_desc_l6.npy  shape=(188, 196, 768)  size=56.6MB
  [WRITE]  ISMN_SNOTEL_Atwater                       s1_desc/l9 → s1_desc_l9.npy  shape=(188, 196, 768)  size=56.6MB
  [WRITE]  ISMN_SNOTEL_BakerButte                    s2/l3 → s2_l3.npy  shape=(786, 196, 768)  size=236.6MB
  [WRITE]  ISMN_SNOTEL_BakerButte                    s2/l6 → s2_l6.npy  shape=(786, 196, 768)  size=236.6MB
  [WRITE]  ISMN_SNOTEL_BakerButte                    s2/l9 → s2_l9.npy  shape=(786, 196, 768)  size=236.6MB
  [WRITE]  ISMN_SNOTEL_BakerButte                    s1_asc/l3 → s1_asc_l3.npy  shape=(149, 196, 768)  size=44.9MB
  [WRITE]  ISMN_SNOTEL_BakerButte                    s1_asc/l6 → s1_asc_l6.npy  shape=(149, 196, 768)  size=44.9MB
  [WRITE]  ISMN_SNOTEL_BakerButte                    s1_asc/l9 → s1_asc_l9.npy  shape=(149, 196, 768)  size=44.9MB
  [WRITE]  ISMN_SNOTEL_BakerButte                    s1_desc/l3 → s1_desc_l3.npy  shape=(229, 196, 768)  size=68.9MB
  [WRITE]  ISMN_SNOTEL_BakerButte                    s1_desc/l6 → s1_desc_l6.npy  shape=(229, 196, 768)  size=68.9MB
  [WRITE]  ISMN_SNOTEL_BakerButte                    s1_desc/l9 → s1_desc_l9.npy  shape=(229, 196, 768)  size=68.9MB
  [WRITE]  ISMN_SNOTEL_BakerButteSmt                 s2/l3 → s2_l3.npy  shape=(586, 196, 768)  size=176.4MB
  [WRITE]  ISMN_SNOTEL_BakerButteSmt                 s2/l6 → s2_l6.npy  shape=(586, 196, 768)  size=176.4MB
  [WRITE]  ISMN_SNOTEL_BakerButteSmt                 s2/l9 → s2_l9.npy  shape=(586, 196, 768)  size=176.4MB
  [WRITE]  ISMN_SNOTEL_BakerButteSmt                 s1_asc/l3 → s1_asc_l3.npy  shape=(133, 196, 768)  size=40.0MB
  [WRITE]  ISMN_SNOTEL_BakerButteSmt                 s1_asc/l6 → s1_asc_l6.npy  shape=(133, 196, 768)  size=40.0MB
  [WRITE]  ISMN_SNOTEL_BakerButteSmt                 s1_asc/l9 → s1_asc_l9.npy  shape=(133, 196, 768)  size=40.0MB
  [WRITE]  ISMN_SNOTEL_BakerButteSmt                 s1_desc/l3 → s1_desc_l3.npy  shape=(165, 196, 768)  size=49.7MB
  [WRITE]  ISMN_SNOTEL_BakerButteSmt                 s1_desc/l6 → s1_desc_l6.npy  shape=(165, 196, 768)  size=49.7MB
  [WRITE]  ISMN_SNOTEL_BakerButteSmt                 s1_desc/l9 → s1_desc_l9.npy  shape=(165, 196, 768)  size=49.7MB
  [WRITE]  ISMN_SNOTEL_Baldy                         s2/l3 → s2_l3.npy  shape=(126, 196, 768)  size=37.9MB
  [WRITE]  ISMN_SNOTEL_Baldy                         s2/l6 → s2_l6.npy  shape=(126, 196, 768)  size=37.9MB
  [WRITE]  ISMN_SNOTEL_Baldy                         s2/l9 → s2_l9.npy  shape=(126, 196, 768)  size=37.9MB
  [WRITE]  ISMN_SNOTEL_Baldy                         s1_asc/l3 → s1_asc_l3.npy  shape=(76, 196, 768)  size=22.9MB
  [WRITE]  ISMN_SNOTEL_Baldy                         s1_asc/l6 → s1_asc_l6.npy  shape=(76, 196, 768)  size=22.9MB
  [WRITE]  ISMN_SNOTEL_Baldy                         s1_asc/l9 → s1_asc_l9.npy  shape=(76, 196, 768)  size=22.9MB
  [WRITE]  ISMN_SNOTEL_Baldy                         s1_desc/l3 → s1_desc_l3.npy  shape=(99, 196, 768)  size=29.8MB
  [WRITE]  ISMN_SNOTEL_Baldy                         s1_desc/l6 → s1_desc_l6.npy  shape=(99, 196, 768)  size=29.8MB
  [WRITE]  ISMN_SNOTEL_Baldy                         s1_desc/l9 → s1_desc_l9.npy  shape=(99, 196, 768)  size=29.8MB
  [WRITE]  ISMN_FMI_SAA120                           s2/l3 → s2_l3.npy  shape=(92, 196, 768)  size=27.7MB
  [WRITE]  ISMN_FMI_SAA120                           s2/l6 → s2_l6.npy  shape=(92, 196, 768)  size=27.7MB
  [WRITE]  ISMN_FMI_SAA120                           s2/l9 → s2_l9.npy  shape=(92, 196, 768)  size=27.7MB
  [WRITE]  ISMN_FMI_SAA120                           s1_asc/l3 → s1_asc_l3.npy  shape=(472, 196, 768)  size=142.1MB
  [WRITE]  ISMN_FMI_SAA120                           s1_asc/l6 → s1_asc_l6.npy  shape=(472, 196, 768)  size=142.1MB
  [WRITE]  ISMN_FMI_SAA120                           s1_asc/l9 → s1_asc_l9.npy  shape=(472, 196, 768)  size=142.1MB
  [WRITE]  ISMN_FMI_SAA120                           s1_desc/l3 → s1_desc_l3.npy  shape=(488, 196, 768)  size=146.9MB
  [WRITE]  ISMN_FMI_SAA120                           s1_desc/l6 → s1_desc_l6.npy  shape=(488, 196, 768)  size=146.9MB
  [WRITE]  ISMN_FMI_SAA120                           s1_desc/l9 → s1_desc_l9.npy  shape=(488, 196, 768)  size=146.9MB
  [WRITE]  ISMN_FMI_SOD011                           s2/l3 → s2_l3.npy  shape=(214, 196, 768)  size=64.4MB
  [WRITE]  ISMN_FMI_SOD011                           s2/l6 → s2_l6.npy  shape=(214, 196, 768)  size=64.4MB
  [WRITE]  ISMN_FMI_SOD011                           s2/l9 → s2_l9.npy  shape=(214, 196, 768)  size=64.4MB
  [WRITE]  ISMN_FMI_SOD011                           s1_asc/l3 → s1_asc_l3.npy  shape=(633, 196, 768)  size=190.6MB
  [WRITE]  ISMN_FMI_SOD011                           s1_asc/l6 → s1_asc_l6.npy  shape=(633, 196, 768)  size=190.6MB
  [WRITE]  ISMN_FMI_SOD011                           s1_asc/l9 → s1_asc_l9.npy  shape=(633, 196, 768)  size=190.6MB
  [WRITE]  ISMN_FMI_SOD011                           s1_desc/l3 → s1_desc_l3.npy  shape=(682, 196, 768)  size=205.3MB
  [WRITE]  ISMN_FMI_SOD011                           s1_desc/l6 → s1_desc_l6.npy  shape=(682, 196, 768)  size=205.3MB
  [WRITE]  ISMN_FMI_SOD011                           s1_desc/l9 → s1_desc_l9.npy  shape=(682, 196, 768)  size=205.3MB
  [WRITE]  ISMN_FMI_SOD012                           s2/l3 → s2_l3.npy  shape=(211, 196, 768)  size=63.5MB
  [WRITE]  ISMN_FMI_SOD012                           s2/l6 → s2_l6.npy  shape=(211, 196, 768)  size=63.5MB
  [WRITE]  ISMN_FMI_SOD012                           s2/l9 → s2_l9.npy  shape=(211, 196, 768)  size=63.5MB
  [WRITE]  ISMN_FMI_SOD012                           s1_asc/l3 → s1_asc_l3.npy  shape=(633, 196, 768)  size=190.6MB
  [WRITE]  ISMN_FMI_SOD012                           s1_asc/l6 → s1_asc_l6.npy  shape=(633, 196, 768)  size=190.6MB
  [WRITE]  ISMN_FMI_SOD012                           s1_asc/l9 → s1_asc_l9.npy  shape=(633, 196, 768)  size=190.6MB
  [WRITE]  ISMN_FMI_SOD012                           s1_desc/l3 → s1_desc_l3.npy  shape=(682, 196, 768)  size=205.3MB
  [WRITE]  ISMN_FMI_SOD012                           s1_desc/l6 → s1_desc_l6.npy  shape=(682, 196, 768)  size=205.3MB
  [WRITE]  ISMN_FMI_SOD012                           s1_desc/l9 → s1_desc_l9.npy  shape=(682, 196, 768)  size=205.3MB
  [WRITE]  ISMN_FMI_SOD013                           s2/l3 → s2_l3.npy  shape=(120, 196, 768)  size=36.1MB
  [WRITE]  ISMN_FMI_SOD013                           s2/l6 → s2_l6.npy  shape=(120, 196, 768)  size=36.1MB
  [WRITE]  ISMN_FMI_SOD013                           s2/l9 → s2_l9.npy  shape=(120, 196, 768)  size=36.1MB
  [WRITE]  ISMN_FMI_SOD013                           s1_asc/l3 → s1_asc_l3.npy  shape=(463, 196, 768)  size=139.4MB
  [WRITE]  ISMN_FMI_SOD013                           s1_asc/l6 → s1_asc_l6.npy  shape=(463, 196, 768)  size=139.4MB
  [WRITE]  ISMN_FMI_SOD013                           s1_asc/l9 → s1_asc_l9.npy  shape=(463, 196, 768)  size=139.4MB
  [WRITE]  ISMN_FMI_SOD013                           s1_desc/l3 → s1_desc_l3.npy  shape=(468, 196, 768)  size=140.9MB
  [WRITE]  ISMN_FMI_SOD013                           s1_desc/l6 → s1_desc_l6.npy  shape=(468, 196, 768)  size=140.9MB
  [WRITE]  ISMN_FMI_SOD013                           s1_desc/l9 → s1_desc_l9.npy  shape=(468, 196, 768)  size=140.9MB
  [WRITE]  ISMN_SNOTEL_HickersonPark                 s2/l3 → s2_l3.npy  shape=(222, 196, 768)  size=66.8MB
  [WRITE]  ISMN_SNOTEL_HickersonPark                 s2/l6 → s2_l6.npy  shape=(222, 196, 768)  size=66.8MB
  [WRITE]  ISMN_SNOTEL_HickersonPark                 s2/l9 → s2_l9.npy  shape=(222, 196, 768)  size=66.8MB
  [WRITE]  ISMN_SNOTEL_HickersonPark                 s1_asc/l3 → s1_asc_l3.npy  shape=(191, 196, 768)  size=57.5MB
  [WRITE]  ISMN_SNOTEL_HickersonPark                 s1_asc/l6 → s1_asc_l6.npy  shape=(191, 196, 768)  size=57.5MB
  [WRITE]  ISMN_SNOTEL_HickersonPark                 s1_asc/l9 → s1_asc_l9.npy  shape=(191, 196, 768)  size=57.5MB
  [WRITE]  ISMN_SNOTEL_HickersonPark                 s1_desc/l3 → s1_desc_l3.npy  shape=(84, 196, 768)  size=25.3MB
  [WRITE]  ISMN_SNOTEL_HickersonPark                 s1_desc/l6 → s1_desc_l6.npy  shape=(84, 196, 768)  size=25.3MB
  [WRITE]  ISMN_SNOTEL_HickersonPark                 s1_desc/l9 → s1_desc_l9.npy  shape=(84, 196, 768)  size=25.3MB
  [WRITE]  ISMN_SNOTEL_HighLonesome                  s2/l3 → s2_l3.npy  shape=(120, 196, 768)  size=36.1MB
  [WRITE]  ISMN_SNOTEL_HighLonesome                  s2/l6 → s2_l6.npy  shape=(120, 196, 768)  size=36.1MB
  [WRITE]  ISMN_SNOTEL_HighLonesome                  s2/l9 → s2_l9.npy  shape=(120, 196, 768)  size=36.1MB
  [WRITE]  ISMN_SNOTEL_HighLonesome                  s1_asc/l3 → s1_asc_l3.npy  shape=(378, 196, 768)  size=113.8MB
  [WRITE]  ISMN_SNOTEL_HighLonesome                  s1_asc/l6 → s1_asc_l6.npy  shape=(378, 196, 768)  size=113.8MB
  [WRITE]  ISMN_SNOTEL_HighLonesome                  s1_asc/l9 → s1_asc_l9.npy  shape=(378, 196, 768)  size=113.8MB
  [WRITE]  ISMN_SNOTEL_HighLonesome                  s1_desc/l3 → s1_desc_l3.npy  shape=(214, 196, 768)  size=64.4MB
  [WRITE]  ISMN_SNOTEL_HighLonesome                  s1_desc/l6 → s1_desc_l6.npy  shape=(214, 196, 768)  size=64.4MB
  [WRITE]  ISMN_SNOTEL_HighLonesome                  s1_desc/l9 → s1_desc_l9.npy  shape=(214, 196, 768)  size=64.4MB
  [WRITE]  ISMN_SNOTEL_HighRidge                     s2/l3 → s2_l3.npy  shape=(89, 196, 768)  size=26.8MB
  [WRITE]  ISMN_SNOTEL_HighRidge                     s2/l6 → s2_l6.npy  shape=(89, 196, 768)  size=26.8MB
  [WRITE]  ISMN_SNOTEL_HighRidge                     s2/l9 → s2_l9.npy  shape=(89, 196, 768)  size=26.8MB
  [WRITE]  ISMN_SNOTEL_HighRidge                     s1_asc/l3 → s1_asc_l3.npy  shape=(21, 196, 768)  size=6.3MB
  [WRITE]  ISMN_SNOTEL_HighRidge                     s1_asc/l6 → s1_asc_l6.npy  shape=(21, 196, 768)  size=6.3MB
  [WRITE]  ISMN_SNOTEL_HighRidge                     s1_asc/l9 → s1_asc_l9.npy  shape=(21, 196, 768)  size=6.3MB
  [WRITE]  ISMN_SNOTEL_HighRidge                     s1_desc/l3 → s1_desc_l3.npy  shape=(88, 196, 768)  size=26.5MB
  [WRITE]  ISMN_SNOTEL_HighRidge                     s1_desc/l6 → s1_desc_l6.npy  shape=(88, 196, 768)  size=26.5MB
  [WRITE]  ISMN_SNOTEL_HighRidge                     s1_desc/l9 → s1_desc_l9.npy  shape=(88, 196, 768)  size=26.5MB
  [WRITE]  ISMN_SNOTEL_HiltsCreek                    s2/l3 → s2_l3.npy  shape=(164, 196, 768)  size=49.4MB
  [WRITE]  ISMN_SNOTEL_HiltsCreek                    s2/l6 → s2_l6.npy  shape=(164, 196, 768)  size=49.4MB
  [WRITE]  ISMN_SNOTEL_HiltsCreek                    s2/l9 → s2_l9.npy  shape=(164, 196, 768)  size=49.4MB
  [WRITE]  ISMN_SNOTEL_HiltsCreek                    s1_asc/l3 → s1_asc_l3.npy  shape=(60, 196, 768)  size=18.1MB
  [WRITE]  ISMN_SNOTEL_HiltsCreek                    s1_asc/l6 → s1_asc_l6.npy  shape=(60, 196, 768)  size=18.1MB
  [WRITE]  ISMN_SNOTEL_HiltsCreek                    s1_asc/l9 → s1_asc_l9.npy  shape=(60, 196, 768)  size=18.1MB
  [WRITE]  ISMN_SNOTEL_HiltsCreek                    s1_desc/l3 → s1_desc_l3.npy  shape=(6, 196, 768)  size=1.8MB
  [WRITE]  ISMN_SNOTEL_HiltsCreek                    s1_desc/l6 → s1_desc_l6.npy  shape=(6, 196, 768)  size=1.8MB
  [WRITE]  ISMN_SNOTEL_HiltsCreek                    s1_desc/l9 → s1_desc_l9.npy  shape=(6, 196, 768)  size=1.8MB
  [WRITE]  ISMN_SNOTEL_BrooklynLake                  s2/l3 → s2_l3.npy  shape=(219, 196, 768)  size=65.9MB
  [WRITE]  ISMN_SNOTEL_BrooklynLake                  s2/l6 → s2_l6.npy  shape=(219, 196, 768)  size=65.9MB
  [WRITE]  ISMN_SNOTEL_BrooklynLake                  s2/l9 → s2_l9.npy  shape=(219, 196, 768)  size=65.9MB
  [WRITE]  ISMN_SNOTEL_BrooklynLake                  s1_asc/l3 → s1_asc_l3.npy  shape=(146, 196, 768)  size=44.0MB
  [WRITE]  ISMN_SNOTEL_BrooklynLake                  s1_asc/l6 → s1_asc_l6.npy  shape=(146, 196, 768)  size=44.0MB
  [WRITE]  ISMN_SNOTEL_BrooklynLake                  s1_asc/l9 → s1_asc_l9.npy  shape=(146, 196, 768)  size=44.0MB
  [WRITE]  ISMN_SNOTEL_BrooklynLake                  s1_desc/l3 → s1_desc_l3.npy  shape=(182, 196, 768)  size=54.8MB
  [WRITE]  ISMN_SNOTEL_BrooklynLake                  s1_desc/l6 → s1_desc_l6.npy  shape=(182, 196, 768)  size=54.8MB
  [WRITE]  ISMN_SNOTEL_BrooklynLake                  s1_desc/l9 → s1_desc_l9.npy  shape=(182, 196, 768)  size=54.8MB
  [WRITE]  ISMN_SNOTEL_BrownDuck                     s2/l3 → s2_l3.npy  shape=(126, 196, 768)  size=37.9MB
  [WRITE]  ISMN_SNOTEL_BrownDuck                     s2/l6 → s2_l6.npy  shape=(126, 196, 768)  size=37.9MB
  [WRITE]  ISMN_SNOTEL_BrownDuck                     s2/l9 → s2_l9.npy  shape=(126, 196, 768)  size=37.9MB
  [WRITE]  ISMN_SNOTEL_BrownDuck                     s1_asc/l3 → s1_asc_l3.npy  shape=(85, 196, 768)  size=25.6MB
  [WRITE]  ISMN_SNOTEL_BrownDuck                     s1_asc/l6 → s1_asc_l6.npy  shape=(85, 196, 768)  size=25.6MB
  [WRITE]  ISMN_SNOTEL_BrownDuck                     s1_asc/l9 → s1_asc_l9.npy  shape=(85, 196, 768)  size=25.6MB
  [WRITE]  ISMN_SNOTEL_BrownDuck                     s1_desc/l3 → s1_desc_l3.npy  shape=(82, 196, 768)  size=24.7MB
  [WRITE]  ISMN_SNOTEL_BrownDuck                     s1_desc/l6 → s1_desc_l6.npy  shape=(82, 196, 768)  size=24.7MB
  [WRITE]  ISMN_SNOTEL_BrownDuck                     s1_desc/l9 → s1_desc_l9.npy  shape=(82, 196, 768)  size=24.7MB
  [WRITE]  ISMN_SNOTEL_BrownTop                      s2/l3 → s2_l3.npy  shape=(191, 196, 768)  size=57.5MB
  [WRITE]  ISMN_SNOTEL_BrownTop                      s2/l6 → s2_l6.npy  shape=(191, 196, 768)  size=57.5MB
  [WRITE]  ISMN_SNOTEL_BrownTop                      s2/l9 → s2_l9.npy  shape=(191, 196, 768)  size=57.5MB
  [WRITE]  ISMN_SNOTEL_BrownTop                      s1_asc/l3 → s1_asc_l3.npy  shape=(118, 196, 768)  size=35.5MB
  [WRITE]  ISMN_SNOTEL_BrownTop                      s1_asc/l6 → s1_asc_l6.npy  shape=(118, 196, 768)  size=35.5MB
  [WRITE]  ISMN_SNOTEL_BrownTop                      s1_asc/l9 → s1_asc_l9.npy  shape=(118, 196, 768)  size=35.5MB
  [WRITE]  ISMN_SNOTEL_BrownTop                      s1_desc/l3 → s1_desc_l3.npy  shape=(215, 196, 768)  size=64.7MB
  [WRITE]  ISMN_SNOTEL_BrownTop                      s1_desc/l6 → s1_desc_l6.npy  shape=(215, 196, 768)  size=64.7MB
  [WRITE]  ISMN_SNOTEL_BrownTop                      s1_desc/l9 → s1_desc_l9.npy  shape=(215, 196, 768)  size=64.7MB
  [WRITE]  ISMN_SNOTEL_BuckFlat                      s2/l3 → s2_l3.npy  shape=(334, 196, 768)  size=100.6MB
  [WRITE]  ISMN_SNOTEL_BuckFlat                      s2/l6 → s2_l6.npy  shape=(334, 196, 768)  size=100.6MB
  [WRITE]  ISMN_SNOTEL_BuckFlat                      s2/l9 → s2_l9.npy  shape=(334, 196, 768)  size=100.6MB
  [WRITE]  ISMN_SNOTEL_BuckFlat                      s1_asc/l3 → s1_asc_l3.npy  shape=(297, 196, 768)  size=89.4MB
  [WRITE]  ISMN_SNOTEL_BuckFlat                      s1_asc/l6 → s1_asc_l6.npy  shape=(297, 196, 768)  size=89.4MB
  [WRITE]  ISMN_SNOTEL_BuckFlat                      s1_asc/l9 → s1_asc_l9.npy  shape=(297, 196, 768)  size=89.4MB
  [WRITE]  ISMN_SNOTEL_BuckFlat                      s1_desc/l3 → s1_desc_l3.npy  shape=(493, 196, 768)  size=148.4MB
  [WRITE]  ISMN_SNOTEL_BuckFlat                      s1_desc/l6 → s1_desc_l6.npy  shape=(493, 196, 768)  size=148.4MB
  [WRITE]  ISMN_SNOTEL_BuckFlat                      s1_desc/l9 → s1_desc_l9.npy  shape=(493, 196, 768)  size=148.4MB
  [WRITE]  ISMN_SMOSMANIA_Urgons                     s2/l3 → s2_l3.npy  shape=(319, 196, 768)  size=96.0MB
  [WRITE]  ISMN_SMOSMANIA_Urgons                     s2/l6 → s2_l6.npy  shape=(319, 196, 768)  size=96.0MB
  [WRITE]  ISMN_SMOSMANIA_Urgons                     s2/l9 → s2_l9.npy  shape=(319, 196, 768)  size=96.0MB
  [WRITE]  ISMN_SMOSMANIA_Urgons                     s1_asc/l3 → s1_asc_l3.npy  shape=(264, 196, 768)  size=79.5MB
  [WRITE]  ISMN_SMOSMANIA_Urgons                     s1_asc/l6 → s1_asc_l6.npy  shape=(264, 196, 768)  size=79.5MB
  [WRITE]  ISMN_SMOSMANIA_Urgons                     s1_asc/l9 → s1_asc_l9.npy  shape=(264, 196, 768)  size=79.5MB
  [WRITE]  ISMN_SMOSMANIA_Urgons                     s1_desc/l3 → s1_desc_l3.npy  shape=(272, 196, 768)  size=81.9MB
  [WRITE]  ISMN_SMOSMANIA_Urgons                     s1_desc/l6 → s1_desc_l6.npy  shape=(272, 196, 768)  size=81.9MB
  [WRITE]  ISMN_SMOSMANIA_Urgons                     s1_desc/l9 → s1_desc_l9.npy  shape=(272, 196, 768)  size=81.9MB
  [WRITE]  ISMN_SMOSMANIA_Villevielle                s2/l3 → s2_l3.npy  shape=(260, 196, 768)  size=78.3MB
  [WRITE]  ISMN_SMOSMANIA_Villevielle                s2/l6 → s2_l6.npy  shape=(260, 196, 768)  size=78.3MB
  [WRITE]  ISMN_SMOSMANIA_Villevielle                s2/l9 → s2_l9.npy  shape=(260, 196, 768)  size=78.3MB
  [WRITE]  ISMN_SMOSMANIA_Villevielle                s1_asc/l3 → s1_asc_l3.npy  shape=(379, 196, 768)  size=114.1MB
  [WRITE]  ISMN_SMOSMANIA_Villevielle                s1_asc/l6 → s1_asc_l6.npy  shape=(379, 196, 768)  size=114.1MB
  [WRITE]  ISMN_SMOSMANIA_Villevielle                s1_asc/l9 → s1_asc_l9.npy  shape=(379, 196, 768)  size=114.1MB
  [WRITE]  ISMN_SMOSMANIA_Villevielle                s1_desc/l3 → s1_desc_l3.npy  shape=(376, 196, 768)  size=113.2MB
  [WRITE]  ISMN_SMOSMANIA_Villevielle                s1_desc/l6 → s1_desc_l6.npy  shape=(376, 196, 768)  size=113.2MB
  [WRITE]  ISMN_SMOSMANIA_Villevielle                s1_desc/l9 → s1_desc_l9.npy  shape=(376, 196, 768)  size=113.2MB
  [WRITE]  ISMN_SNOTEL_AguaCanyon                    s2/l3 → s2_l3.npy  shape=(145, 196, 768)  size=43.7MB
  [WRITE]  ISMN_SNOTEL_AguaCanyon                    s2/l6 → s2_l6.npy  shape=(145, 196, 768)  size=43.7MB
  [WRITE]  ISMN_SNOTEL_AguaCanyon                    s2/l9 → s2_l9.npy  shape=(145, 196, 768)  size=43.7MB
  [WRITE]  ISMN_SNOTEL_AguaCanyon                    s1_asc/l3 → s1_asc_l3.npy  shape=(98, 196, 768)  size=29.5MB
  [WRITE]  ISMN_SNOTEL_AguaCanyon                    s1_asc/l6 → s1_asc_l6.npy  shape=(98, 196, 768)  size=29.5MB
  [WRITE]  ISMN_SNOTEL_AguaCanyon                    s1_asc/l9 → s1_asc_l9.npy  shape=(98, 196, 768)  size=29.5MB
  [WRITE]  ISMN_SNOTEL_AguaCanyon                    s1_desc/l3 → s1_desc_l3.npy  shape=(192, 196, 768)  size=57.8MB
  [WRITE]  ISMN_SNOTEL_AguaCanyon                    s1_desc/l6 → s1_desc_l6.npy  shape=(192, 196, 768)  size=57.8MB
  [WRITE]  ISMN_SNOTEL_AguaCanyon                    s1_desc/l9 → s1_desc_l9.npy  shape=(192, 196, 768)  size=57.8MB
  [WRITE]  ISMN_SNOTEL_AmericanCreek                 s2/l3 → s2_l3.npy  shape=(252, 196, 768)  size=75.9MB
  [WRITE]  ISMN_SNOTEL_AmericanCreek                 s2/l6 → s2_l6.npy  shape=(252, 196, 768)  size=75.9MB
  [WRITE]  ISMN_SNOTEL_AmericanCreek                 s2/l9 → s2_l9.npy  shape=(252, 196, 768)  size=75.9MB
  [WRITE]  ISMN_SNOTEL_AmericanCreek                 s1_asc/l3 → s1_asc_l3.npy  shape=(183, 196, 768)  size=55.1MB
  [WRITE]  ISMN_SNOTEL_AmericanCreek                 s1_asc/l6 → s1_asc_l6.npy  shape=(183, 196, 768)  size=55.1MB
  [WRITE]  ISMN_SNOTEL_AmericanCreek                 s1_asc/l9 → s1_asc_l9.npy  shape=(183, 196, 768)  size=55.1MB
  [WRITE]  ISMN_SNOTEL_AmericanCreek                 s1_desc/l3 → s1_desc_l3.npy  shape=(307, 196, 768)  size=92.4MB
  [WRITE]  ISMN_SNOTEL_AmericanCreek                 s1_desc/l6 → s1_desc_l6.npy  shape=(307, 196, 768)  size=92.4MB
  [WRITE]  ISMN_SNOTEL_AmericanCreek                 s1_desc/l9 → s1_desc_l9.npy  shape=(307, 196, 768)  size=92.4MB
  [WRITE]  ISMN_SNOTEL_BuckPasture                   s2/l3 → s2_l3.npy  shape=(246, 196, 768)  size=74.1MB
  [WRITE]  ISMN_SNOTEL_BuckPasture                   s2/l6 → s2_l6.npy  shape=(246, 196, 768)  size=74.1MB
  [WRITE]  ISMN_SNOTEL_BuckPasture                   s2/l9 → s2_l9.npy  shape=(246, 196, 768)  size=74.1MB
  [WRITE]  ISMN_SNOTEL_BuckPasture                   s1_asc/l3 → s1_asc_l3.npy  shape=(131, 196, 768)  size=39.4MB
  [WRITE]  ISMN_SNOTEL_BuckPasture                   s1_asc/l6 → s1_asc_l6.npy  shape=(131, 196, 768)  size=39.4MB
  [WRITE]  ISMN_SNOTEL_BuckPasture                   s1_asc/l9 → s1_asc_l9.npy  shape=(131, 196, 768)  size=39.4MB
  [WRITE]  ISMN_SNOTEL_BuckPasture                   s1_desc/l3 → s1_desc_l3.npy  shape=(223, 196, 768)  size=67.1MB
  [WRITE]  ISMN_SNOTEL_BuckPasture                   s1_desc/l6 → s1_desc_l6.npy  shape=(223, 196, 768)  size=67.1MB
  [WRITE]  ISMN_SNOTEL_BuckPasture                   s1_desc/l9 → s1_desc_l9.npy  shape=(223, 196, 768)  size=67.1MB
  [WRITE]  ISMN_SNOTEL_BuckboardFlat                 s2/l3 → s2_l3.npy  shape=(358, 196, 768)  size=107.8MB
  [WRITE]  ISMN_SNOTEL_BuckboardFlat                 s2/l6 → s2_l6.npy  shape=(358, 196, 768)  size=107.8MB
  [WRITE]  ISMN_SNOTEL_BuckboardFlat                 s2/l9 → s2_l9.npy  shape=(358, 196, 768)  size=107.8MB
  [WRITE]  ISMN_SNOTEL_BuckboardFlat                 s1_asc/l3 → s1_asc_l3.npy  shape=(143, 196, 768)  size=43.1MB
  [WRITE]  ISMN_SNOTEL_BuckboardFlat                 s1_asc/l6 → s1_asc_l6.npy  shape=(143, 196, 768)  size=43.1MB
  [WRITE]  ISMN_SNOTEL_BuckboardFlat                 s1_asc/l9 → s1_asc_l9.npy  shape=(143, 196, 768)  size=43.1MB
  [WRITE]  ISMN_SNOTEL_BuckboardFlat                 s1_desc/l3 → s1_desc_l3.npy  shape=(493, 196, 768)  size=148.4MB
  [WRITE]  ISMN_SNOTEL_BuckboardFlat                 s1_desc/l6 → s1_desc_l6.npy  shape=(493, 196, 768)  size=148.4MB
  [WRITE]  ISMN_SNOTEL_BuckboardFlat                 s1_desc/l9 → s1_desc_l9.npy  shape=(493, 196, 768)  size=148.4MB
  [WRITE]  ISMN_SNOTEL_Buckinghorse                  s2/l3 → s2_l3.npy  shape=(142, 196, 768)  size=42.7MB
  [WRITE]  ISMN_SNOTEL_Buckinghorse                  s2/l6 → s2_l6.npy  shape=(142, 196, 768)  size=42.7MB
  [WRITE]  ISMN_SNOTEL_Buckinghorse                  s2/l9 → s2_l9.npy  shape=(142, 196, 768)  size=42.7MB
  [WRITE]  ISMN_SNOTEL_Buckinghorse                  s1_asc/l3 → s1_asc_l3.npy  shape=(300, 196, 768)  size=90.3MB
  [WRITE]  ISMN_SNOTEL_Buckinghorse                  s1_asc/l6 → s1_asc_l6.npy  shape=(300, 196, 768)  size=90.3MB
  [WRITE]  ISMN_SNOTEL_Buckinghorse                  s1_asc/l9 → s1_asc_l9.npy  shape=(300, 196, 768)  size=90.3MB
  [WRITE]  ISMN_SNOTEL_Buckinghorse                  s1_desc/l3 → s1_desc_l3.npy  shape=(181, 196, 768)  size=54.5MB
  [WRITE]  ISMN_SNOTEL_Buckinghorse                  s1_desc/l6 → s1_desc_l6.npy  shape=(181, 196, 768)  size=54.5MB
  [WRITE]  ISMN_SNOTEL_Buckinghorse                  s1_desc/l9 → s1_desc_l9.npy  shape=(181, 196, 768)  size=54.5MB
  [WRITE]  ISMN_SNOTEL_BuckskinJoe                   s2/l3 → s2_l3.npy  shape=(167, 196, 768)  size=50.3MB
  [WRITE]  ISMN_SNOTEL_BuckskinJoe                   s2/l6 → s2_l6.npy  shape=(167, 196, 768)  size=50.3MB
  [WRITE]  ISMN_SNOTEL_BuckskinJoe                   s2/l9 → s2_l9.npy  shape=(167, 196, 768)  size=50.3MB
  [WRITE]  ISMN_SNOTEL_BuckskinJoe                   s1_asc/l3 → s1_asc_l3.npy  shape=(118, 196, 768)  size=35.5MB
  [WRITE]  ISMN_SNOTEL_BuckskinJoe                   s1_asc/l6 → s1_asc_l6.npy  shape=(118, 196, 768)  size=35.5MB
  [WRITE]  ISMN_SNOTEL_BuckskinJoe                   s1_asc/l9 → s1_asc_l9.npy  shape=(118, 196, 768)  size=35.5MB
  [WRITE]  ISMN_SNOTEL_BuckskinJoe                   s1_desc/l3 → s1_desc_l3.npy  shape=(141, 196, 768)  size=42.4MB
  [WRITE]  ISMN_SNOTEL_BuckskinJoe                   s1_desc/l6 → s1_desc_l6.npy  shape=(141, 196, 768)  size=42.4MB
  [WRITE]  ISMN_SNOTEL_BuckskinJoe                   s1_desc/l9 → s1_desc_l9.npy  shape=(141, 196, 768)  size=42.4MB
  [WRITE]  ISMN_SNOTEL_CorralCanyon                  s2/l3 → s2_l3.npy  shape=(336, 196, 768)  size=101.2MB
  [WRITE]  ISMN_SNOTEL_CorralCanyon                  s2/l6 → s2_l6.npy  shape=(336, 196, 768)  size=101.2MB
  [WRITE]  ISMN_SNOTEL_CorralCanyon                  s2/l9 → s2_l9.npy  shape=(336, 196, 768)  size=101.2MB
  [WRITE]  ISMN_SNOTEL_CorralCanyon                  s1_asc/l3 → s1_asc_l3.npy  shape=(250, 196, 768)  size=75.3MB
  [WRITE]  ISMN_SNOTEL_CorralCanyon                  s1_asc/l6 → s1_asc_l6.npy  shape=(250, 196, 768)  size=75.3MB
  [WRITE]  ISMN_SNOTEL_CorralCanyon                  s1_asc/l9 → s1_asc_l9.npy  shape=(250, 196, 768)  size=75.3MB
  [WRITE]  ISMN_SNOTEL_CorralCanyon                  s1_desc/l3 → s1_desc_l3.npy  shape=(451, 196, 768)  size=135.8MB
  [WRITE]  ISMN_SNOTEL_CorralCanyon                  s1_desc/l6 → s1_desc_l6.npy  shape=(451, 196, 768)  size=135.8MB
  [WRITE]  ISMN_SNOTEL_CorralCanyon                  s1_desc/l9 → s1_desc_l9.npy  shape=(451, 196, 768)  size=135.8MB
  [WRITE]  ISMN_SNOTEL_CouchSummit                   s2/l3 → s2_l3.npy  shape=(174, 196, 768)  size=52.4MB
  [WRITE]  ISMN_SNOTEL_CouchSummit                   s2/l6 → s2_l6.npy  shape=(174, 196, 768)  size=52.4MB
  [WRITE]  ISMN_SNOTEL_CouchSummit                   s2/l9 → s2_l9.npy  shape=(174, 196, 768)  size=52.4MB
  [WRITE]  ISMN_SNOTEL_CouchSummit                   s1_asc/l3 → s1_asc_l3.npy  shape=(125, 196, 768)  size=37.6MB
  [WRITE]  ISMN_SNOTEL_CouchSummit                   s1_asc/l6 → s1_asc_l6.npy  shape=(125, 196, 768)  size=37.6MB
  [WRITE]  ISMN_SNOTEL_CouchSummit                   s1_asc/l9 → s1_asc_l9.npy  shape=(125, 196, 768)  size=37.6MB
  [WRITE]  ISMN_SNOTEL_CouchSummit                   s1_desc/l3 → s1_desc_l3.npy  shape=(237, 196, 768)  size=71.4MB
  [WRITE]  ISMN_SNOTEL_CouchSummit                   s1_desc/l6 → s1_desc_l6.npy  shape=(237, 196, 768)  size=71.4MB
  [WRITE]  ISMN_SNOTEL_CouchSummit                   s1_desc/l9 → s1_desc_l9.npy  shape=(237, 196, 768)  size=71.4MB
  [WRITE]  ISMN_SNOTEL_CrabCreek                     s2/l3 → s2_l3.npy  shape=(235, 196, 768)  size=70.7MB
  [WRITE]  ISMN_SNOTEL_CrabCreek                     s2/l6 → s2_l6.npy  shape=(235, 196, 768)  size=70.7MB
  [WRITE]  ISMN_SNOTEL_CrabCreek                     s2/l9 → s2_l9.npy  shape=(235, 196, 768)  size=70.7MB
  [WRITE]  ISMN_SNOTEL_CrabCreek                     s1_asc/l3 → s1_asc_l3.npy  shape=(138, 196, 768)  size=41.5MB
  [WRITE]  ISMN_SNOTEL_CrabCreek                     s1_asc/l6 → s1_asc_l6.npy  shape=(138, 196, 768)  size=41.5MB
  [WRITE]  ISMN_SNOTEL_CrabCreek                     s1_asc/l9 → s1_asc_l9.npy  shape=(138, 196, 768)  size=41.5MB
  [WRITE]  ISMN_SNOTEL_CrabCreek                     s1_desc/l3 → s1_desc_l3.npy  shape=(379, 196, 768)  size=114.1MB
  [WRITE]  ISMN_SNOTEL_CrabCreek                     s1_desc/l6 → s1_desc_l6.npy  shape=(379, 196, 768)  size=114.1MB
  [WRITE]  ISMN_SNOTEL_CrabCreek                     s1_desc/l9 → s1_desc_l9.npy  shape=(379, 196, 768)  size=114.1MB
  [WRITE]  ISMN_SNOTEL_CraterMeadows                 s2/l3 → s2_l3.npy  shape=(64, 196, 768)  size=19.3MB
  [WRITE]  ISMN_SNOTEL_CraterMeadows                 s2/l6 → s2_l6.npy  shape=(64, 196, 768)  size=19.3MB
  [WRITE]  ISMN_SNOTEL_CraterMeadows                 s2/l9 → s2_l9.npy  shape=(64, 196, 768)  size=19.3MB
  [WRITE]  ISMN_SNOTEL_CraterMeadows                 s1_asc/l3 → s1_asc_l3.npy  shape=(39, 196, 768)  size=11.7MB
  [WRITE]  ISMN_SNOTEL_CraterMeadows                 s1_asc/l6 → s1_asc_l6.npy  shape=(39, 196, 768)  size=11.7MB
  [WRITE]  ISMN_SNOTEL_CraterMeadows                 s1_asc/l9 → s1_asc_l9.npy  shape=(39, 196, 768)  size=11.7MB
  [WRITE]  ISMN_SNOTEL_CraterMeadows                 s1_desc/l3 → s1_desc_l3.npy  shape=(39, 196, 768)  size=11.7MB
  [WRITE]  ISMN_SNOTEL_CraterMeadows                 s1_desc/l6 → s1_desc_l6.npy  shape=(39, 196, 768)  size=11.7MB
  [WRITE]  ISMN_SNOTEL_CraterMeadows                 s1_desc/l9 → s1_desc_l9.npy  shape=(39, 196, 768)  size=11.7MB
  [WRITE]  ISMN_SNOTEL_BearRiverRS                   s2/l3 → s2_l3.npy  shape=(195, 196, 768)  size=58.7MB
  [WRITE]  ISMN_SNOTEL_BearRiverRS                   s2/l6 → s2_l6.npy  shape=(195, 196, 768)  size=58.7MB
  [WRITE]  ISMN_SNOTEL_BearRiverRS                   s2/l9 → s2_l9.npy  shape=(195, 196, 768)  size=58.7MB
  [WRITE]  ISMN_SNOTEL_BearRiverRS                   s1_asc/l3 → s1_asc_l3.npy  shape=(141, 196, 768)  size=42.4MB
  [WRITE]  ISMN_SNOTEL_BearRiverRS                   s1_asc/l6 → s1_asc_l6.npy  shape=(141, 196, 768)  size=42.4MB
  [WRITE]  ISMN_SNOTEL_BearRiverRS                   s1_asc/l9 → s1_asc_l9.npy  shape=(141, 196, 768)  size=42.4MB
  [WRITE]  ISMN_SNOTEL_BearRiverRS                   s1_desc/l3 → s1_desc_l3.npy  shape=(491, 196, 768)  size=147.8MB
  [WRITE]  ISMN_SNOTEL_BearRiverRS                   s1_desc/l6 → s1_desc_l6.npy  shape=(491, 196, 768)  size=147.8MB
  [WRITE]  ISMN_SNOTEL_BearRiverRS                   s1_desc/l9 → s1_desc_l9.npy  shape=(491, 196, 768)  size=147.8MB
  [WRITE]  ISMN_SNOTEL_BeaverDams                    s2/l3 → s2_l3.npy  shape=(221, 196, 768)  size=66.5MB
  [WRITE]  ISMN_SNOTEL_BeaverDams                    s2/l6 → s2_l6.npy  shape=(221, 196, 768)  size=66.5MB
  [WRITE]  ISMN_SNOTEL_BeaverDams                    s2/l9 → s2_l9.npy  shape=(221, 196, 768)  size=66.5MB
  [WRITE]  ISMN_SNOTEL_BeaverDams                    s1_asc/l3 → s1_asc_l3.npy  shape=(297, 196, 768)  size=89.4MB
  [WRITE]  ISMN_SNOTEL_BeaverDams                    s1_asc/l6 → s1_asc_l6.npy  shape=(297, 196, 768)  size=89.4MB
  [WRITE]  ISMN_SNOTEL_BeaverDams                    s1_asc/l9 → s1_asc_l9.npy  shape=(297, 196, 768)  size=89.4MB
  [WRITE]  ISMN_SNOTEL_BeaverDams                    s1_desc/l3 → s1_desc_l3.npy  shape=(493, 196, 768)  size=148.4MB
  [WRITE]  ISMN_SNOTEL_BeaverDams                    s1_desc/l6 → s1_desc_l6.npy  shape=(493, 196, 768)  size=148.4MB
  [WRITE]  ISMN_SNOTEL_BeaverDams                    s1_desc/l9 → s1_desc_l9.npy  shape=(493, 196, 768)  size=148.4MB
  [WRITE]  ISMN_SNOTEL_BeaverDivide                  s2/l3 → s2_l3.npy  shape=(212, 196, 768)  size=63.8MB
  [WRITE]  ISMN_SNOTEL_BeaverDivide                  s2/l6 → s2_l6.npy  shape=(212, 196, 768)  size=63.8MB
  [WRITE]  ISMN_SNOTEL_BeaverDivide                  s2/l9 → s2_l9.npy  shape=(212, 196, 768)  size=63.8MB
  [WRITE]  ISMN_SNOTEL_BeaverDivide                  s1_asc/l3 → s1_asc_l3.npy  shape=(141, 196, 768)  size=42.4MB
  [WRITE]  ISMN_SNOTEL_BeaverDivide                  s1_asc/l6 → s1_asc_l6.npy  shape=(141, 196, 768)  size=42.4MB
  [WRITE]  ISMN_SNOTEL_BeaverDivide                  s1_asc/l9 → s1_asc_l9.npy  shape=(141, 196, 768)  size=42.4MB
  [WRITE]  ISMN_SNOTEL_BeaverDivide                  s1_desc/l3 → s1_desc_l3.npy  shape=(491, 196, 768)  size=147.8MB
  [WRITE]  ISMN_SNOTEL_BeaverDivide                  s1_desc/l6 → s1_desc_l6.npy  shape=(491, 196, 768)  size=147.8MB
  [WRITE]  ISMN_SNOTEL_BeaverDivide                  s1_desc/l9 → s1_desc_l9.npy  shape=(491, 196, 768)  size=147.8MB
  [WRITE]  ISMN_SNOTEL_BenLomondPeak                 s2/l3 → s2_l3.npy  shape=(218, 196, 768)  size=65.6MB
  [WRITE]  ISMN_SNOTEL_BenLomondPeak                 s2/l6 → s2_l6.npy  shape=(218, 196, 768)  size=65.6MB
  [WRITE]  ISMN_SNOTEL_BenLomondPeak                 s2/l9 → s2_l9.npy  shape=(218, 196, 768)  size=65.6MB
  [WRITE]  ISMN_SNOTEL_BenLomondPeak                 s1_asc/l3 → s1_asc_l3.npy  shape=(164, 196, 768)  size=49.4MB
  [WRITE]  ISMN_SNOTEL_BenLomondPeak                 s1_asc/l6 → s1_asc_l6.npy  shape=(164, 196, 768)  size=49.4MB
  [WRITE]  ISMN_SNOTEL_BenLomondPeak                 s1_asc/l9 → s1_asc_l9.npy  shape=(164, 196, 768)  size=49.4MB
  [WRITE]  ISMN_SNOTEL_BenLomondPeak                 s1_desc/l3 → s1_desc_l3.npy  shape=(97, 196, 768)  size=29.2MB
  [WRITE]  ISMN_SNOTEL_BenLomondPeak                 s1_desc/l6 → s1_desc_l6.npy  shape=(97, 196, 768)  size=29.2MB
  [WRITE]  ISMN_SNOTEL_BenLomondPeak                 s1_desc/l9 → s1_desc_l9.npy  shape=(97, 196, 768)  size=29.2MB
  [WRITE]  ISMN_RSMN_Bacles                          s2/l3 → s2_l3.npy  shape=(373, 196, 768)  size=112.3MB
  [WRITE]  ISMN_RSMN_Bacles                          s2/l6 → s2_l6.npy  shape=(373, 196, 768)  size=112.3MB
  [WRITE]  ISMN_RSMN_Bacles                          s2/l9 → s2_l9.npy  shape=(373, 196, 768)  size=112.3MB
  [WRITE]  ISMN_RSMN_Bacles                          s1_asc/l3 → s1_asc_l3.npy  shape=(686, 196, 768)  size=206.5MB
  [WRITE]  ISMN_RSMN_Bacles                          s1_asc/l6 → s1_asc_l6.npy  shape=(686, 196, 768)  size=206.5MB
  [WRITE]  ISMN_RSMN_Bacles                          s1_asc/l9 → s1_asc_l9.npy  shape=(686, 196, 768)  size=206.5MB
  [WRITE]  ISMN_RSMN_Bacles                          s1_desc/l3 → s1_desc_l3.npy  shape=(677, 196, 768)  size=203.8MB
  [WRITE]  ISMN_RSMN_Bacles                          s1_desc/l6 → s1_desc_l6.npy  shape=(677, 196, 768)  size=203.8MB
  [WRITE]  ISMN_RSMN_Bacles                          s1_desc/l9 → s1_desc_l9.npy  shape=(677, 196, 768)  size=203.8MB
  [WRITE]  ISMN_RSMN_Banloc                          s2/l3 → s2_l3.npy  shape=(214, 196, 768)  size=64.4MB
  [WRITE]  ISMN_RSMN_Banloc                          s2/l6 → s2_l6.npy  shape=(214, 196, 768)  size=64.4MB
  [WRITE]  ISMN_RSMN_Banloc                          s2/l9 → s2_l9.npy  shape=(214, 196, 768)  size=64.4MB
  [WRITE]  ISMN_RSMN_Banloc                          s1_asc/l3 → s1_asc_l3.npy  shape=(494, 196, 768)  size=148.7MB
  [WRITE]  ISMN_RSMN_Banloc                          s1_asc/l6 → s1_asc_l6.npy  shape=(494, 196, 768)  size=148.7MB
  [WRITE]  ISMN_RSMN_Banloc                          s1_asc/l9 → s1_asc_l9.npy  shape=(494, 196, 768)  size=148.7MB
  [WRITE]  ISMN_RSMN_Banloc                          s1_desc/l3 → s1_desc_l3.npy  shape=(476, 196, 768)  size=143.3MB
  [WRITE]  ISMN_RSMN_Banloc                          s1_desc/l6 → s1_desc_l6.npy  shape=(476, 196, 768)  size=143.3MB
  [WRITE]  ISMN_RSMN_Banloc                          s1_desc/l9 → s1_desc_l9.npy  shape=(476, 196, 768)  size=143.3MB
  [WRITE]  ISMN_RSMN_Barlad                          s2/l3 → s2_l3.npy  shape=(207, 196, 768)  size=62.3MB
  [WRITE]  ISMN_RSMN_Barlad                          s2/l6 → s2_l6.npy  shape=(207, 196, 768)  size=62.3MB
  [WRITE]  ISMN_RSMN_Barlad                          s2/l9 → s2_l9.npy  shape=(207, 196, 768)  size=62.3MB
  [WRITE]  ISMN_RSMN_Barlad                          s1_asc/l3 → s1_asc_l3.npy  shape=(384, 196, 768)  size=115.6MB
  [WRITE]  ISMN_RSMN_Barlad                          s1_asc/l6 → s1_asc_l6.npy  shape=(384, 196, 768)  size=115.6MB
  [WRITE]  ISMN_RSMN_Barlad                          s1_asc/l9 → s1_asc_l9.npy  shape=(384, 196, 768)  size=115.6MB
  [WRITE]  ISMN_RSMN_Barlad                          s1_desc/l3 → s1_desc_l3.npy  shape=(765, 196, 768)  size=230.3MB
  [WRITE]  ISMN_RSMN_Barlad                          s1_desc/l6 → s1_desc_l6.npy  shape=(765, 196, 768)  size=230.3MB
  [WRITE]  ISMN_RSMN_Barlad                          s1_desc/l9 → s1_desc_l9.npy  shape=(765, 196, 768)  size=230.3MB
  [WRITE]  ISMN_RSMN_Calarasi                        s2/l3 → s2_l3.npy  shape=(433, 196, 768)  size=130.4MB
  [WRITE]  ISMN_RSMN_Calarasi                        s2/l6 → s2_l6.npy  shape=(433, 196, 768)  size=130.4MB
  [WRITE]  ISMN_RSMN_Calarasi                        s2/l9 → s2_l9.npy  shape=(433, 196, 768)  size=130.4MB
  [WRITE]  ISMN_RSMN_Calarasi                        s1_asc/l3 → s1_asc_l3.npy  shape=(476, 196, 768)  size=143.3MB
  [WRITE]  ISMN_RSMN_Calarasi                        s1_asc/l6 → s1_asc_l6.npy  shape=(476, 196, 768)  size=143.3MB
  [WRITE]  ISMN_RSMN_Calarasi                        s1_asc/l9 → s1_asc_l9.npy  shape=(476, 196, 768)  size=143.3MB
  [WRITE]  ISMN_RSMN_Calarasi                        s1_desc/l3 → s1_desc_l3.npy  shape=(487, 196, 768)  size=146.6MB
  [WRITE]  ISMN_RSMN_Calarasi                        s1_desc/l6 → s1_desc_l6.npy  shape=(487, 196, 768)  size=146.6MB
  [WRITE]  ISMN_RSMN_Calarasi                        s1_desc/l9 → s1_desc_l9.npy  shape=(487, 196, 768)  size=146.6MB
  [WRITE]  ISMN_SNOTEL_BigSandyOpening               s2/l3 → s2_l3.npy  shape=(313, 196, 768)  size=94.2MB
  [WRITE]  ISMN_SNOTEL_BigSandyOpening               s2/l6 → s2_l6.npy  shape=(313, 196, 768)  size=94.2MB
  [WRITE]  ISMN_SNOTEL_BigSandyOpening               s2/l9 → s2_l9.npy  shape=(313, 196, 768)  size=94.2MB
  [WRITE]  ISMN_SNOTEL_BigSandyOpening               s1_asc/l3 → s1_asc_l3.npy  shape=(127, 196, 768)  size=38.2MB
  [WRITE]  ISMN_SNOTEL_BigSandyOpening               s1_asc/l6 → s1_asc_l6.npy  shape=(127, 196, 768)  size=38.2MB
  [WRITE]  ISMN_SNOTEL_BigSandyOpening               s1_asc/l9 → s1_asc_l9.npy  shape=(127, 196, 768)  size=38.2MB
  [WRITE]  ISMN_SNOTEL_BigSandyOpening               s1_desc/l3 → s1_desc_l3.npy  shape=(110, 196, 768)  size=33.1MB
  [WRITE]  ISMN_SNOTEL_BigSandyOpening               s1_desc/l6 → s1_desc_l6.npy  shape=(110, 196, 768)  size=33.1MB
  [WRITE]  ISMN_SNOTEL_BigSandyOpening               s1_desc/l9 → s1_desc_l9.npy  shape=(110, 196, 768)  size=33.1MB
  [WRITE]  ISMN_SNOTEL_BirdCreek                     s2/l3 → s2_l3.npy  shape=(316, 196, 768)  size=95.1MB
  [WRITE]  ISMN_SNOTEL_BirdCreek                     s2/l6 → s2_l6.npy  shape=(316, 196, 768)  size=95.1MB
  [WRITE]  ISMN_SNOTEL_BirdCreek                     s2/l9 → s2_l9.npy  shape=(316, 196, 768)  size=95.1MB
  [WRITE]  ISMN_SNOTEL_BirdCreek                     s1_asc/l3 → s1_asc_l3.npy  shape=(49, 196, 768)  size=14.8MB
  [WRITE]  ISMN_SNOTEL_BirdCreek                     s1_asc/l6 → s1_asc_l6.npy  shape=(49, 196, 768)  size=14.8MB
  [WRITE]  ISMN_SNOTEL_BirdCreek                     s1_asc/l9 → s1_asc_l9.npy  shape=(49, 196, 768)  size=14.8MB
  [WRITE]  ISMN_SNOTEL_BirdCreek                     s1_desc/l3 → s1_desc_l3.npy  shape=(5, 196, 768)  size=1.5MB
  [WRITE]  ISMN_SNOTEL_BirdCreek                     s1_desc/l6 → s1_desc_l6.npy  shape=(5, 196, 768)  size=1.5MB
  [WRITE]  ISMN_SNOTEL_BirdCreek                     s1_desc/l9 → s1_desc_l9.npy  shape=(5, 196, 768)  size=1.5MB
  [WRITE]  ISMN_SNOTEL_BlackFlat-U.M.Ck              s2/l3 → s2_l3.npy  shape=(332, 196, 768)  size=100.0MB
  [WRITE]  ISMN_SNOTEL_BlackFlat-U.M.Ck              s2/l6 → s2_l6.npy  shape=(332, 196, 768)  size=100.0MB
  [WRITE]  ISMN_SNOTEL_BlackFlat-U.M.Ck              s2/l9 → s2_l9.npy  shape=(332, 196, 768)  size=100.0MB
  [WRITE]  ISMN_SNOTEL_BlackFlat-U.M.Ck              s1_asc/l3 → s1_asc_l3.npy  shape=(297, 196, 768)  size=89.4MB
  [WRITE]  ISMN_SNOTEL_BlackFlat-U.M.Ck              s1_asc/l6 → s1_asc_l6.npy  shape=(297, 196, 768)  size=89.4MB
  [WRITE]  ISMN_SNOTEL_BlackFlat-U.M.Ck              s1_asc/l9 → s1_asc_l9.npy  shape=(297, 196, 768)  size=89.4MB
  [WRITE]  ISMN_SNOTEL_BlackFlat-U.M.Ck              s1_desc/l3 → s1_desc_l3.npy  shape=(493, 196, 768)  size=148.4MB
  [WRITE]  ISMN_SNOTEL_BlackFlat-U.M.Ck              s1_desc/l6 → s1_desc_l6.npy  shape=(493, 196, 768)  size=148.4MB
  [WRITE]  ISMN_SNOTEL_BlackFlat-U.M.Ck              s1_desc/l9 → s1_desc_l9.npy  shape=(493, 196, 768)  size=148.4MB
  [WRITE]  ISMN_SNOTEL_BlackhallMtn                  s2/l3 → s2_l3.npy  shape=(380, 196, 768)  size=114.4MB
  [WRITE]  ISMN_SNOTEL_BlackhallMtn                  s2/l6 → s2_l6.npy  shape=(380, 196, 768)  size=114.4MB
  [WRITE]  ISMN_SNOTEL_BlackhallMtn                  s2/l9 → s2_l9.npy  shape=(380, 196, 768)  size=114.4MB
  [WRITE]  ISMN_SNOTEL_BlackhallMtn                  s1_asc/l3 → s1_asc_l3.npy  shape=(230, 196, 768)  size=69.2MB
  [WRITE]  ISMN_SNOTEL_BlackhallMtn                  s1_asc/l6 → s1_asc_l6.npy  shape=(230, 196, 768)  size=69.2MB
  [WRITE]  ISMN_SNOTEL_BlackhallMtn                  s1_asc/l9 → s1_asc_l9.npy  shape=(230, 196, 768)  size=69.2MB
  [WRITE]  ISMN_SNOTEL_BlackhallMtn                  s1_desc/l3 → s1_desc_l3.npy  shape=(520, 196, 768)  size=156.5MB
  [WRITE]  ISMN_SNOTEL_BlackhallMtn                  s1_desc/l6 → s1_desc_l6.npy  shape=(520, 196, 768)  size=156.5MB
  [WRITE]  ISMN_SNOTEL_BlackhallMtn                  s1_desc/l9 → s1_desc_l9.npy  shape=(520, 196, 768)  size=156.5MB
  [WRITE]  ISMN_SMOSMANIA_Prades-le-Lez              s2/l3 → s2_l3.npy  shape=(79, 196, 768)  size=23.8MB
  [WRITE]  ISMN_SMOSMANIA_Prades-le-Lez              s2/l6 → s2_l6.npy  shape=(79, 196, 768)  size=23.8MB
  [WRITE]  ISMN_SMOSMANIA_Prades-le-Lez              s2/l9 → s2_l9.npy  shape=(79, 196, 768)  size=23.8MB
  [WRITE]  ISMN_SMOSMANIA_Prades-le-Lez              s1_asc/l3 → s1_asc_l3.npy  shape=(151, 196, 768)  size=45.5MB
  [WRITE]  ISMN_SMOSMANIA_Prades-le-Lez              s1_asc/l6 → s1_asc_l6.npy  shape=(151, 196, 768)  size=45.5MB
  [WRITE]  ISMN_SMOSMANIA_Prades-le-Lez              s1_asc/l9 → s1_asc_l9.npy  shape=(151, 196, 768)  size=45.5MB
  [WRITE]  ISMN_SMOSMANIA_Prades-le-Lez              s1_desc/l3 → s1_desc_l3.npy  shape=(151, 196, 768)  size=45.5MB
  [WRITE]  ISMN_SMOSMANIA_Prades-le-Lez              s1_desc/l6 → s1_desc_l6.npy  shape=(151, 196, 768)  size=45.5MB
  [WRITE]  ISMN_SMOSMANIA_Prades-le-Lez              s1_desc/l9 → s1_desc_l9.npy  shape=(151, 196, 768)  size=45.5MB
  [WRITE]  ISMN_SMOSMANIA_Sabres                     s2/l3 → s2_l3.npy  shape=(158, 196, 768)  size=47.6MB
  [WRITE]  ISMN_SMOSMANIA_Sabres                     s2/l6 → s2_l6.npy  shape=(158, 196, 768)  size=47.6MB
  [WRITE]  ISMN_SMOSMANIA_Sabres                     s2/l9 → s2_l9.npy  shape=(158, 196, 768)  size=47.6MB
  [WRITE]  ISMN_SMOSMANIA_Sabres                     s1_asc/l3 → s1_asc_l3.npy  shape=(369, 196, 768)  size=111.1MB
  [WRITE]  ISMN_SMOSMANIA_Sabres                     s1_asc/l6 → s1_asc_l6.npy  shape=(369, 196, 768)  size=111.1MB
  [WRITE]  ISMN_SMOSMANIA_Sabres                     s1_asc/l9 → s1_asc_l9.npy  shape=(369, 196, 768)  size=111.1MB
  [WRITE]  ISMN_SMOSMANIA_Sabres                     s1_desc/l3 → s1_desc_l3.npy  shape=(740, 196, 768)  size=222.8MB
  [WRITE]  ISMN_SMOSMANIA_Sabres                     s1_desc/l6 → s1_desc_l6.npy  shape=(740, 196, 768)  size=222.8MB
  [WRITE]  ISMN_SMOSMANIA_Sabres                     s1_desc/l9 → s1_desc_l9.npy  shape=(740, 196, 768)  size=222.8MB
  [WRITE]  ISMN_SMOSMANIA_SaintFelixdeLauragais      s2/l3 → s2_l3.npy  shape=(437, 196, 768)  size=131.6MB
  [WRITE]  ISMN_SMOSMANIA_SaintFelixdeLauragais      s2/l6 → s2_l6.npy  shape=(437, 196, 768)  size=131.6MB
  [WRITE]  ISMN_SMOSMANIA_SaintFelixdeLauragais      s2/l9 → s2_l9.npy  shape=(437, 196, 768)  size=131.6MB
  [WRITE]  ISMN_SMOSMANIA_SaintFelixdeLauragais      s1_asc/l3 → s1_asc_l3.npy  shape=(358, 196, 768)  size=107.8MB
  [WRITE]  ISMN_SMOSMANIA_SaintFelixdeLauragais      s1_asc/l6 → s1_asc_l6.npy  shape=(358, 196, 768)  size=107.8MB
  [WRITE]  ISMN_SMOSMANIA_SaintFelixdeLauragais      s1_asc/l9 → s1_asc_l9.npy  shape=(358, 196, 768)  size=107.8MB
  [WRITE]  ISMN_SMOSMANIA_SaintFelixdeLauragais      s1_desc/l3 → s1_desc_l3.npy  shape=(416, 196, 768)  size=125.2MB
  [WRITE]  ISMN_SMOSMANIA_SaintFelixdeLauragais      s1_desc/l6 → s1_desc_l6.npy  shape=(416, 196, 768)  size=125.2MB
  [WRITE]  ISMN_SMOSMANIA_SaintFelixdeLauragais      s1_desc/l9 → s1_desc_l9.npy  shape=(416, 196, 768)  size=125.2MB
  [WRITE]  ISMN_SMOSMANIA_Savenes                    s2/l3 → s2_l3.npy  shape=(99, 196, 768)  size=29.8MB
  [WRITE]  ISMN_SMOSMANIA_Savenes                    s2/l6 → s2_l6.npy  shape=(99, 196, 768)  size=29.8MB
  [WRITE]  ISMN_SMOSMANIA_Savenes                    s2/l9 → s2_l9.npy  shape=(99, 196, 768)  size=29.8MB
  [WRITE]  ISMN_SMOSMANIA_Savenes                    s1_asc/l3 → s1_asc_l3.npy  shape=(390, 196, 768)  size=117.4MB
  [WRITE]  ISMN_SMOSMANIA_Savenes                    s1_asc/l6 → s1_asc_l6.npy  shape=(390, 196, 768)  size=117.4MB
  [WRITE]  ISMN_SMOSMANIA_Savenes                    s1_asc/l9 → s1_asc_l9.npy  shape=(390, 196, 768)  size=117.4MB
  [WRITE]  ISMN_SMOSMANIA_Savenes                    s1_desc/l3 → s1_desc_l3.npy  shape=(447, 196, 768)  size=134.6MB
  [WRITE]  ISMN_SMOSMANIA_Savenes                    s1_desc/l6 → s1_desc_l6.npy  shape=(447, 196, 768)  size=134.6MB
  [WRITE]  ISMN_SMOSMANIA_Savenes                    s1_desc/l9 → s1_desc_l9.npy  shape=(447, 196, 768)  size=134.6MB
  [WRITE]  ISMN_SNOTEL_Cascade#2                     s2/l3 → s2_l3.npy  shape=(294, 196, 768)  size=88.5MB
  [WRITE]  ISMN_SNOTEL_Cascade#2                     s2/l6 → s2_l6.npy  shape=(294, 196, 768)  size=88.5MB
  [WRITE]  ISMN_SNOTEL_Cascade#2                     s2/l9 → s2_l9.npy  shape=(294, 196, 768)  size=88.5MB
  [WRITE]  ISMN_SNOTEL_Cascade#2                     s1_asc/l3 → s1_asc_l3.npy  shape=(129, 196, 768)  size=38.8MB
  [WRITE]  ISMN_SNOTEL_Cascade#2                     s1_asc/l6 → s1_asc_l6.npy  shape=(129, 196, 768)  size=38.8MB
  [WRITE]  ISMN_SNOTEL_Cascade#2                     s1_asc/l9 → s1_asc_l9.npy  shape=(129, 196, 768)  size=38.8MB
  [WRITE]  ISMN_SNOTEL_Cascade#2                     s1_desc/l3 → s1_desc_l3.npy  shape=(261, 196, 768)  size=78.6MB
  [WRITE]  ISMN_SNOTEL_Cascade#2                     s1_desc/l6 → s1_desc_l6.npy  shape=(261, 196, 768)  size=78.6MB
  [WRITE]  ISMN_SNOTEL_Cascade#2                     s1_desc/l9 → s1_desc_l9.npy  shape=(261, 196, 768)  size=78.6MB
  [WRITE]  ISMN_SNOTEL_CascadeMountain               s2/l3 → s2_l3.npy  shape=(138, 196, 768)  size=41.5MB
  [WRITE]  ISMN_SNOTEL_CascadeMountain               s2/l6 → s2_l6.npy  shape=(138, 196, 768)  size=41.5MB
  [WRITE]  ISMN_SNOTEL_CascadeMountain               s2/l9 → s2_l9.npy  shape=(138, 196, 768)  size=41.5MB
  [WRITE]  ISMN_SNOTEL_CascadeMountain               s1_asc/l3 → s1_asc_l3.npy  shape=(205, 196, 768)  size=61.7MB
  [WRITE]  ISMN_SNOTEL_CascadeMountain               s1_asc/l6 → s1_asc_l6.npy  shape=(205, 196, 768)  size=61.7MB
  [WRITE]  ISMN_SNOTEL_CascadeMountain               s1_asc/l9 → s1_asc_l9.npy  shape=(205, 196, 768)  size=61.7MB
  [WRITE]  ISMN_SNOTEL_CascadeMountain               s1_desc/l3 → s1_desc_l3.npy  shape=(214, 196, 768)  size=64.4MB
  [WRITE]  ISMN_SNOTEL_CascadeMountain               s1_desc/l6 → s1_desc_l6.npy  shape=(214, 196, 768)  size=64.4MB
  [WRITE]  ISMN_SNOTEL_CascadeMountain               s1_desc/l9 → s1_desc_l9.npy  shape=(214, 196, 768)  size=64.4MB
  [WRITE]  ISMN_SNOTEL_CastleValley                  s2/l3 → s2_l3.npy  shape=(593, 196, 768)  size=178.5MB
  [WRITE]  ISMN_SNOTEL_CastleValley                  s2/l6 → s2_l6.npy  shape=(593, 196, 768)  size=178.5MB
  [WRITE]  ISMN_SNOTEL_CastleValley                  s2/l9 → s2_l9.npy  shape=(593, 196, 768)  size=178.5MB
  [WRITE]  ISMN_SNOTEL_CastleValley                  s1_asc/l3 → s1_asc_l3.npy  shape=(211, 196, 768)  size=63.5MB
  [WRITE]  ISMN_SNOTEL_CastleValley                  s1_asc/l6 → s1_asc_l6.npy  shape=(211, 196, 768)  size=63.5MB
  [WRITE]  ISMN_SNOTEL_CastleValley                  s1_asc/l9 → s1_asc_l9.npy  shape=(211, 196, 768)  size=63.5MB
  [WRITE]  ISMN_SNOTEL_CastleValley                  s1_desc/l3 → s1_desc_l3.npy  shape=(217, 196, 768)  size=65.3MB
  [WRITE]  ISMN_SNOTEL_CastleValley                  s1_desc/l6 → s1_desc_l6.npy  shape=(217, 196, 768)  size=65.3MB
  [WRITE]  ISMN_SNOTEL_CastleValley                  s1_desc/l9 → s1_desc_l9.npy  shape=(217, 196, 768)  size=65.3MB
  [WRITE]  ISMN_SNOTEL_CaveMountain                  s2/l3 → s2_l3.npy  shape=(649, 196, 768)  size=195.4MB
  [WRITE]  ISMN_SNOTEL_CaveMountain                  s2/l6 → s2_l6.npy  shape=(649, 196, 768)  size=195.4MB
  [WRITE]  ISMN_SNOTEL_CaveMountain                  s2/l9 → s2_l9.npy  shape=(649, 196, 768)  size=195.4MB
  [WRITE]  ISMN_SNOTEL_CaveMountain                  s1_asc/l3 → s1_asc_l3.npy  shape=(100, 196, 768)  size=30.1MB
  [WRITE]  ISMN_SNOTEL_CaveMountain                  s1_asc/l6 → s1_asc_l6.npy  shape=(100, 196, 768)  size=30.1MB
  [WRITE]  ISMN_SNOTEL_CaveMountain                  s1_asc/l9 → s1_asc_l9.npy  shape=(100, 196, 768)  size=30.1MB
  [WRITE]  ISMN_SNOTEL_CaveMountain                  s1_desc/l3 → s1_desc_l3.npy  shape=(120, 196, 768)  size=36.1MB
  [WRITE]  ISMN_SNOTEL_CaveMountain                  s1_desc/l6 → s1_desc_l6.npy  shape=(120, 196, 768)  size=36.1MB
  [WRITE]  ISMN_SNOTEL_CaveMountain                  s1_desc/l9 → s1_desc_l9.npy  shape=(120, 196, 768)  size=36.1MB
  [WRITE]  ISMN_SNOTEL_BlacksForkJct                 s2/l3 → s2_l3.npy  shape=(279, 196, 768)  size=84.0MB
  [WRITE]  ISMN_SNOTEL_BlacksForkJct                 s2/l6 → s2_l6.npy  shape=(279, 196, 768)  size=84.0MB
  [WRITE]  ISMN_SNOTEL_BlacksForkJct                 s2/l9 → s2_l9.npy  shape=(279, 196, 768)  size=84.0MB
  [WRITE]  ISMN_SNOTEL_BlacksForkJct                 s1_asc/l3 → s1_asc_l3.npy  shape=(141, 196, 768)  size=42.4MB
  [WRITE]  ISMN_SNOTEL_BlacksForkJct                 s1_asc/l6 → s1_asc_l6.npy  shape=(141, 196, 768)  size=42.4MB
  [WRITE]  ISMN_SNOTEL_BlacksForkJct                 s1_asc/l9 → s1_asc_l9.npy  shape=(141, 196, 768)  size=42.4MB
  [WRITE]  ISMN_SNOTEL_BlacksForkJct                 s1_desc/l3 → s1_desc_l3.npy  shape=(234, 196, 768)  size=70.4MB
  [WRITE]  ISMN_SNOTEL_BlacksForkJct                 s1_desc/l6 → s1_desc_l6.npy  shape=(234, 196, 768)  size=70.4MB
  [WRITE]  ISMN_SNOTEL_BlacksForkJct                 s1_desc/l9 → s1_desc_l9.npy  shape=(234, 196, 768)  size=70.4MB
  [WRITE]  ISMN_SNOTEL_BlazedAlder                   s2/l3 → s2_l3.npy  shape=(85, 196, 768)  size=25.6MB
  [WRITE]  ISMN_SNOTEL_BlazedAlder                   s2/l6 → s2_l6.npy  shape=(85, 196, 768)  size=25.6MB
  [WRITE]  ISMN_SNOTEL_BlazedAlder                   s2/l9 → s2_l9.npy  shape=(85, 196, 768)  size=25.6MB
  [WRITE]  ISMN_SNOTEL_BlazedAlder                   s1_asc/l3 → s1_asc_l3.npy  shape=(105, 196, 768)  size=31.6MB
  [WRITE]  ISMN_SNOTEL_BlazedAlder                   s1_asc/l6 → s1_asc_l6.npy  shape=(105, 196, 768)  size=31.6MB
  [WRITE]  ISMN_SNOTEL_BlazedAlder                   s1_asc/l9 → s1_asc_l9.npy  shape=(105, 196, 768)  size=31.6MB
  [WRITE]  ISMN_SNOTEL_BlazedAlder                   s1_desc/l3 → s1_desc_l3.npy  shape=(183, 196, 768)  size=55.1MB
  [WRITE]  ISMN_SNOTEL_BlazedAlder                   s1_desc/l6 → s1_desc_l6.npy  shape=(183, 196, 768)  size=55.1MB
  [WRITE]  ISMN_SNOTEL_BlazedAlder                   s1_desc/l9 → s1_desc_l9.npy  shape=(183, 196, 768)  size=55.1MB
  [WRITE]  ISMN_SNOTEL_BlueLakes                     s2/l3 → s2_l3.npy  shape=(731, 196, 768)  size=220.1MB
  [WRITE]  ISMN_SNOTEL_BlueLakes                     s2/l6 → s2_l6.npy  shape=(731, 196, 768)  size=220.1MB
  [WRITE]  ISMN_SNOTEL_BlueLakes                     s2/l9 → s2_l9.npy  shape=(731, 196, 768)  size=220.1MB
  [WRITE]  ISMN_SNOTEL_BlueLakes                     s1_asc/l3 → s1_asc_l3.npy  shape=(385, 196, 768)  size=115.9MB
  [WRITE]  ISMN_SNOTEL_BlueLakes                     s1_asc/l6 → s1_asc_l6.npy  shape=(385, 196, 768)  size=115.9MB
  [WRITE]  ISMN_SNOTEL_BlueLakes                     s1_asc/l9 → s1_asc_l9.npy  shape=(385, 196, 768)  size=115.9MB
  [WRITE]  ISMN_SNOTEL_BlueLakes                     s1_desc/l3 → s1_desc_l3.npy  shape=(703, 196, 768)  size=211.6MB
  [WRITE]  ISMN_SNOTEL_BlueLakes                     s1_desc/l6 → s1_desc_l6.npy  shape=(703, 196, 768)  size=211.6MB
  [WRITE]  ISMN_SNOTEL_BlueLakes                     s1_desc/l9 → s1_desc_l9.npy  shape=(703, 196, 768)  size=211.6MB
  [WRITE]  ISMN_SNOTEL_BobsHollow                    s2/l3 → s2_l3.npy  shape=(153, 196, 768)  size=46.1MB
  [WRITE]  ISMN_SNOTEL_BobsHollow                    s2/l6 → s2_l6.npy  shape=(153, 196, 768)  size=46.1MB
  [WRITE]  ISMN_SNOTEL_BobsHollow                    s2/l9 → s2_l9.npy  shape=(153, 196, 768)  size=46.1MB
  [WRITE]  ISMN_SNOTEL_BobsHollow                    s1_asc/l3 → s1_asc_l3.npy  shape=(154, 196, 768)  size=46.4MB
  [WRITE]  ISMN_SNOTEL_BobsHollow                    s1_asc/l6 → s1_asc_l6.npy  shape=(154, 196, 768)  size=46.4MB
  [WRITE]  ISMN_SNOTEL_BobsHollow                    s1_asc/l9 → s1_asc_l9.npy  shape=(154, 196, 768)  size=46.4MB
  [WRITE]  ISMN_SNOTEL_BobsHollow                    s1_desc/l3 → s1_desc_l3.npy  shape=(259, 196, 768)  size=78.0MB
  [WRITE]  ISMN_SNOTEL_BobsHollow                    s1_desc/l6 → s1_desc_l6.npy  shape=(259, 196, 768)  size=78.0MB
  [WRITE]  ISMN_SNOTEL_BobsHollow                    s1_desc/l9 → s1_desc_l9.npy  shape=(259, 196, 768)  size=78.0MB
  [WRITE]  ISMN_SNOTEL_BannerSummit                  s2/l3 → s2_l3.npy  shape=(552, 196, 768)  size=166.2MB
  [WRITE]  ISMN_SNOTEL_BannerSummit                  s2/l6 → s2_l6.npy  shape=(552, 196, 768)  size=166.2MB
  [WRITE]  ISMN_SNOTEL_BannerSummit                  s2/l9 → s2_l9.npy  shape=(552, 196, 768)  size=166.2MB
  [WRITE]  ISMN_SNOTEL_BannerSummit                  s1_asc/l3 → s1_asc_l3.npy  shape=(273, 196, 768)  size=82.2MB
  [WRITE]  ISMN_SNOTEL_BannerSummit                  s1_asc/l6 → s1_asc_l6.npy  shape=(273, 196, 768)  size=82.2MB
  [WRITE]  ISMN_SNOTEL_BannerSummit                  s1_asc/l9 → s1_asc_l9.npy  shape=(273, 196, 768)  size=82.2MB
  [WRITE]  ISMN_SNOTEL_BannerSummit                  s1_desc/l3 → s1_desc_l3.npy  shape=(252, 196, 768)  size=75.9MB
  [WRITE]  ISMN_SNOTEL_BannerSummit                  s1_desc/l6 → s1_desc_l6.npy  shape=(252, 196, 768)  size=75.9MB
  [WRITE]  ISMN_SNOTEL_BannerSummit                  s1_desc/l9 → s1_desc_l9.npy  shape=(252, 196, 768)  size=75.9MB
  [WRITE]  ISMN_SNOTEL_BarM                          s2/l3 → s2_l3.npy  shape=(809, 196, 768)  size=243.6MB
  [WRITE]  ISMN_SNOTEL_BarM                          s2/l6 → s2_l6.npy  shape=(809, 196, 768)  size=243.6MB
  [WRITE]  ISMN_SNOTEL_BarM                          s2/l9 → s2_l9.npy  shape=(809, 196, 768)  size=243.6MB
  [WRITE]  ISMN_SNOTEL_BarM                          s1_asc/l3 → s1_asc_l3.npy  shape=(149, 196, 768)  size=44.9MB
  [WRITE]  ISMN_SNOTEL_BarM                          s1_asc/l6 → s1_asc_l6.npy  shape=(149, 196, 768)  size=44.9MB
  [WRITE]  ISMN_SNOTEL_BarM                          s1_asc/l9 → s1_asc_l9.npy  shape=(149, 196, 768)  size=44.9MB
  [WRITE]  ISMN_SNOTEL_BarM                          s1_desc/l3 → s1_desc_l3.npy  shape=(229, 196, 768)  size=68.9MB
  [WRITE]  ISMN_SNOTEL_BarM                          s1_desc/l6 → s1_desc_l6.npy  shape=(229, 196, 768)  size=68.9MB
  [WRITE]  ISMN_SNOTEL_BarM                          s1_desc/l9 → s1_desc_l9.npy  shape=(229, 196, 768)  size=68.9MB
  [WRITE]  ISMN_SNOTEL_BearCanyon                    s2/l3 → s2_l3.npy  shape=(284, 196, 768)  size=85.5MB
  [WRITE]  ISMN_SNOTEL_BearCanyon                    s2/l6 → s2_l6.npy  shape=(284, 196, 768)  size=85.5MB
  [WRITE]  ISMN_SNOTEL_BearCanyon                    s2/l9 → s2_l9.npy  shape=(284, 196, 768)  size=85.5MB
  [WRITE]  ISMN_SNOTEL_BearCanyon                    s1_asc/l3 → s1_asc_l3.npy  shape=(164, 196, 768)  size=49.4MB
  [WRITE]  ISMN_SNOTEL_BearCanyon                    s1_asc/l6 → s1_asc_l6.npy  shape=(164, 196, 768)  size=49.4MB
  [WRITE]  ISMN_SNOTEL_BearCanyon                    s1_asc/l9 → s1_asc_l9.npy  shape=(164, 196, 768)  size=49.4MB
  [WRITE]  ISMN_SNOTEL_BearCanyon                    s1_desc/l3 → s1_desc_l3.npy  shape=(67, 196, 768)  size=20.2MB
  [WRITE]  ISMN_SNOTEL_BearCanyon                    s1_desc/l6 → s1_desc_l6.npy  shape=(67, 196, 768)  size=20.2MB
  [WRITE]  ISMN_SNOTEL_BearCanyon                    s1_desc/l9 → s1_desc_l9.npy  shape=(67, 196, 768)  size=20.2MB
  [WRITE]  ISMN_SNOTEL_BearCreek                     s2/l3 → s2_l3.npy  shape=(223, 196, 768)  size=67.1MB
  [WRITE]  ISMN_SNOTEL_BearCreek                     s2/l6 → s2_l6.npy  shape=(223, 196, 768)  size=67.1MB
  [WRITE]  ISMN_SNOTEL_BearCreek                     s2/l9 → s2_l9.npy  shape=(223, 196, 768)  size=67.1MB
  [WRITE]  ISMN_SNOTEL_BearCreek                     s1_asc/l3 → s1_asc_l3.npy  shape=(250, 196, 768)  size=75.3MB
  [WRITE]  ISMN_SNOTEL_BearCreek                     s1_asc/l6 → s1_asc_l6.npy  shape=(250, 196, 768)  size=75.3MB
  [WRITE]  ISMN_SNOTEL_BearCreek                     s1_asc/l9 → s1_asc_l9.npy  shape=(250, 196, 768)  size=75.3MB
  [WRITE]  ISMN_SNOTEL_BearCreek                     s1_desc/l3 → s1_desc_l3.npy  shape=(353, 196, 768)  size=106.3MB
  [WRITE]  ISMN_SNOTEL_BearCreek                     s1_desc/l6 → s1_desc_l6.npy  shape=(353, 196, 768)  size=106.3MB
  [WRITE]  ISMN_SNOTEL_BearCreek                     s1_desc/l9 → s1_desc_l9.npy  shape=(353, 196, 768)  size=106.3MB
  [WRITE]  ISMN_SNOTEL_BogusBasin                    s2/l3 → s2_l3.npy  shape=(381, 196, 768)  size=114.7MB
  [WRITE]  ISMN_SNOTEL_BogusBasin                    s2/l6 → s2_l6.npy  shape=(381, 196, 768)  size=114.7MB
  [WRITE]  ISMN_SNOTEL_BogusBasin                    s2/l9 → s2_l9.npy  shape=(381, 196, 768)  size=114.7MB
  [WRITE]  ISMN_SNOTEL_BogusBasin                    s1_asc/l3 → s1_asc_l3.npy  shape=(439, 196, 768)  size=132.2MB
  [WRITE]  ISMN_SNOTEL_BogusBasin                    s1_asc/l6 → s1_asc_l6.npy  shape=(439, 196, 768)  size=132.2MB
  [WRITE]  ISMN_SNOTEL_BogusBasin                    s1_asc/l9 → s1_asc_l9.npy  shape=(439, 196, 768)  size=132.2MB
  [WRITE]  ISMN_SNOTEL_BogusBasin                    s1_desc/l3 → s1_desc_l3.npy  shape=(585, 196, 768)  size=176.1MB
  [WRITE]  ISMN_SNOTEL_BogusBasin                    s1_desc/l6 → s1_desc_l6.npy  shape=(585, 196, 768)  size=176.1MB
  [WRITE]  ISMN_SNOTEL_BogusBasin                    s1_desc/l9 → s1_desc_l9.npy  shape=(585, 196, 768)  size=176.1MB
  [WRITE]  ISMN_SNOTEL_BostetterR.S.                 s2/l3 → s2_l3.npy  shape=(570, 196, 768)  size=171.6MB
  [WRITE]  ISMN_SNOTEL_BostetterR.S.                 s2/l6 → s2_l6.npy  shape=(570, 196, 768)  size=171.6MB
  [WRITE]  ISMN_SNOTEL_BostetterR.S.                 s2/l9 → s2_l9.npy  shape=(570, 196, 768)  size=171.6MB
  [WRITE]  ISMN_SNOTEL_BostetterR.S.                 s1_asc/l3 → s1_asc_l3.npy  shape=(361, 196, 768)  size=108.7MB
  [WRITE]  ISMN_SNOTEL_BostetterR.S.                 s1_asc/l6 → s1_asc_l6.npy  shape=(361, 196, 768)  size=108.7MB
  [WRITE]  ISMN_SNOTEL_BostetterR.S.                 s1_asc/l9 → s1_asc_l9.npy  shape=(361, 196, 768)  size=108.7MB
  [WRITE]  ISMN_SNOTEL_BostetterR.S.                 s1_desc/l3 → s1_desc_l3.npy  shape=(122, 196, 768)  size=36.7MB
  [WRITE]  ISMN_SNOTEL_BostetterR.S.                 s1_desc/l6 → s1_desc_l6.npy  shape=(122, 196, 768)  size=36.7MB
  [WRITE]  ISMN_SNOTEL_BostetterR.S.                 s1_desc/l9 → s1_desc_l9.npy  shape=(122, 196, 768)  size=36.7MB
  [WRITE]  ISMN_SNOTEL_Bourne                        s2/l3 → s2_l3.npy  shape=(306, 196, 768)  size=92.1MB
  [WRITE]  ISMN_SNOTEL_Bourne                        s2/l6 → s2_l6.npy  shape=(306, 196, 768)  size=92.1MB
  [WRITE]  ISMN_SNOTEL_Bourne                        s2/l9 → s2_l9.npy  shape=(306, 196, 768)  size=92.1MB
  [WRITE]  ISMN_SNOTEL_Bourne                        s1_asc/l3 → s1_asc_l3.npy  shape=(37, 196, 768)  size=11.1MB
  [WRITE]  ISMN_SNOTEL_Bourne                        s1_asc/l6 → s1_asc_l6.npy  shape=(37, 196, 768)  size=11.1MB
  [WRITE]  ISMN_SNOTEL_Bourne                        s1_asc/l9 → s1_asc_l9.npy  shape=(37, 196, 768)  size=11.1MB
  [WRITE]  ISMN_SNOTEL_Bourne                        s1_desc/l3 → s1_desc_l3.npy  shape=(235, 196, 768)  size=70.7MB
  [WRITE]  ISMN_SNOTEL_Bourne                        s1_desc/l6 → s1_desc_l6.npy  shape=(235, 196, 768)  size=70.7MB
  [WRITE]  ISMN_SNOTEL_Bourne                        s1_desc/l9 → s1_desc_l9.npy  shape=(235, 196, 768)  size=70.7MB
  [WRITE]  ISMN_SNOTEL_BoxCreek                      s2/l3 → s2_l3.npy  shape=(162, 196, 768)  size=48.8MB
  [WRITE]  ISMN_SNOTEL_BoxCreek                      s2/l6 → s2_l6.npy  shape=(162, 196, 768)  size=48.8MB
  [WRITE]  ISMN_SNOTEL_BoxCreek                      s2/l9 → s2_l9.npy  shape=(162, 196, 768)  size=48.8MB
  [WRITE]  ISMN_SNOTEL_BoxCreek                      s1_asc/l3 → s1_asc_l3.npy  shape=(30, 196, 768)  size=9.0MB
  [WRITE]  ISMN_SNOTEL_BoxCreek                      s1_asc/l6 → s1_asc_l6.npy  shape=(30, 196, 768)  size=9.0MB
  [WRITE]  ISMN_SNOTEL_BoxCreek                      s1_asc/l9 → s1_asc_l9.npy  shape=(30, 196, 768)  size=9.0MB
  [WRITE]  ISMN_SNOTEL_BoxCreek                      s1_desc/l3 → s1_desc_l3.npy  shape=(241, 196, 768)  size=72.6MB
  [WRITE]  ISMN_SNOTEL_BoxCreek                      s1_desc/l6 → s1_desc_l6.npy  shape=(241, 196, 768)  size=72.6MB
  [WRITE]  ISMN_SNOTEL_BoxCreek                      s1_desc/l9 → s1_desc_l9.npy  shape=(241, 196, 768)  size=72.6MB
  [WRITE]  ISMN_SNOTEL_Chalender                     s2/l3 → s2_l3.npy  shape=(292, 196, 768)  size=87.9MB
  [WRITE]  ISMN_SNOTEL_Chalender                     s2/l6 → s2_l6.npy  shape=(292, 196, 768)  size=87.9MB
  [WRITE]  ISMN_SNOTEL_Chalender                     s2/l9 → s2_l9.npy  shape=(292, 196, 768)  size=87.9MB
  [WRITE]  ISMN_SNOTEL_Chalender                     s1_asc/l3 → s1_asc_l3.npy  shape=(133, 196, 768)  size=40.0MB
  [WRITE]  ISMN_SNOTEL_Chalender                     s1_asc/l6 → s1_asc_l6.npy  shape=(133, 196, 768)  size=40.0MB
  [WRITE]  ISMN_SNOTEL_Chalender                     s1_asc/l9 → s1_asc_l9.npy  shape=(133, 196, 768)  size=40.0MB
  [WRITE]  ISMN_SNOTEL_Chalender                     s1_desc/l3 → s1_desc_l3.npy  shape=(353, 196, 768)  size=106.3MB
  [WRITE]  ISMN_SNOTEL_Chalender                     s1_desc/l6 → s1_desc_l6.npy  shape=(353, 196, 768)  size=106.3MB
  [WRITE]  ISMN_SNOTEL_Chalender                     s1_desc/l9 → s1_desc_l9.npy  shape=(353, 196, 768)  size=106.3MB
  [WRITE]  ISMN_SNOTEL_ChalkCreek#1                  s2/l3 → s2_l3.npy  shape=(302, 196, 768)  size=90.9MB
  [WRITE]  ISMN_SNOTEL_ChalkCreek#1                  s2/l6 → s2_l6.npy  shape=(302, 196, 768)  size=90.9MB
  [WRITE]  ISMN_SNOTEL_ChalkCreek#1                  s2/l9 → s2_l9.npy  shape=(302, 196, 768)  size=90.9MB
  [WRITE]  ISMN_SNOTEL_ChalkCreek#1                  s1_asc/l3 → s1_asc_l3.npy  shape=(141, 196, 768)  size=42.4MB
  [WRITE]  ISMN_SNOTEL_ChalkCreek#1                  s1_asc/l6 → s1_asc_l6.npy  shape=(141, 196, 768)  size=42.4MB
  [WRITE]  ISMN_SNOTEL_ChalkCreek#1                  s1_asc/l9 → s1_asc_l9.npy  shape=(141, 196, 768)  size=42.4MB
  [WRITE]  ISMN_SNOTEL_ChalkCreek#1                  s1_desc/l3 → s1_desc_l3.npy  shape=(372, 196, 768)  size=112.0MB
  [WRITE]  ISMN_SNOTEL_ChalkCreek#1                  s1_desc/l6 → s1_desc_l6.npy  shape=(372, 196, 768)  size=112.0MB
  [WRITE]  ISMN_SNOTEL_ChalkCreek#1                  s1_desc/l9 → s1_desc_l9.npy  shape=(372, 196, 768)  size=112.0MB
  [WRITE]  ISMN_SNOTEL_ChalkCreek#2                  s2/l3 → s2_l3.npy  shape=(211, 196, 768)  size=63.5MB
  [WRITE]  ISMN_SNOTEL_ChalkCreek#2                  s2/l6 → s2_l6.npy  shape=(211, 196, 768)  size=63.5MB
  [WRITE]  ISMN_SNOTEL_ChalkCreek#2                  s2/l9 → s2_l9.npy  shape=(211, 196, 768)  size=63.5MB
  [WRITE]  ISMN_SNOTEL_ChalkCreek#2                  s1_asc/l3 → s1_asc_l3.npy  shape=(119, 196, 768)  size=35.8MB
  [WRITE]  ISMN_SNOTEL_ChalkCreek#2                  s1_asc/l6 → s1_asc_l6.npy  shape=(119, 196, 768)  size=35.8MB
  [WRITE]  ISMN_SNOTEL_ChalkCreek#2                  s1_asc/l9 → s1_asc_l9.npy  shape=(119, 196, 768)  size=35.8MB
  [WRITE]  ISMN_SNOTEL_ChalkCreek#2                  s1_desc/l3 → s1_desc_l3.npy  shape=(345, 196, 768)  size=103.9MB
  [WRITE]  ISMN_SNOTEL_ChalkCreek#2                  s1_desc/l6 → s1_desc_l6.npy  shape=(345, 196, 768)  size=103.9MB
  [WRITE]  ISMN_SNOTEL_ChalkCreek#2                  s1_desc/l9 → s1_desc_l9.npy  shape=(345, 196, 768)  size=103.9MB
  [WRITE]  ISMN_SNOTEL_Chepeta                       s2/l3 → s2_l3.npy  shape=(509, 196, 768)  size=153.2MB
  [WRITE]  ISMN_SNOTEL_Chepeta                       s2/l6 → s2_l6.npy  shape=(509, 196, 768)  size=153.2MB
  [WRITE]  ISMN_SNOTEL_Chepeta                       s2/l9 → s2_l9.npy  shape=(509, 196, 768)  size=153.2MB
  [WRITE]  ISMN_SNOTEL_Chepeta                       s1_asc/l3 → s1_asc_l3.npy  shape=(303, 196, 768)  size=91.2MB
  [WRITE]  ISMN_SNOTEL_Chepeta                       s1_asc/l6 → s1_asc_l6.npy  shape=(303, 196, 768)  size=91.2MB
  [WRITE]  ISMN_SNOTEL_Chepeta                       s1_asc/l9 → s1_asc_l9.npy  shape=(303, 196, 768)  size=91.2MB
  [WRITE]  ISMN_SNOTEL_Chepeta                       s1_desc/l3 → s1_desc_l3.npy  shape=(234, 196, 768)  size=70.4MB
  [WRITE]  ISMN_SNOTEL_Chepeta                       s1_desc/l6 → s1_desc_l6.npy  shape=(234, 196, 768)  size=70.4MB
  [WRITE]  ISMN_SNOTEL_Chepeta                       s1_desc/l9 → s1_desc_l9.npy  shape=(234, 196, 768)  size=70.4MB
  [WRITE]  ISMN_SNOTEL_HobbleCreek                   s2/l3 → s2_l3.npy  shape=(214, 196, 768)  size=64.4MB
  [WRITE]  ISMN_SNOTEL_HobbleCreek                   s2/l6 → s2_l6.npy  shape=(214, 196, 768)  size=64.4MB
  [WRITE]  ISMN_SNOTEL_HobbleCreek                   s2/l9 → s2_l9.npy  shape=(214, 196, 768)  size=64.4MB
  [WRITE]  ISMN_SNOTEL_HobbleCreek                   s1_asc/l3 → s1_asc_l3.npy  shape=(253, 196, 768)  size=76.2MB
  [WRITE]  ISMN_SNOTEL_HobbleCreek                   s1_asc/l6 → s1_asc_l6.npy  shape=(253, 196, 768)  size=76.2MB
  [WRITE]  ISMN_SNOTEL_HobbleCreek                   s1_asc/l9 → s1_asc_l9.npy  shape=(253, 196, 768)  size=76.2MB
  [WRITE]  ISMN_SNOTEL_HobbleCreek                   s1_desc/l3 → s1_desc_l3.npy  shape=(324, 196, 768)  size=97.5MB
  [WRITE]  ISMN_SNOTEL_HobbleCreek                   s1_desc/l6 → s1_desc_l6.npy  shape=(324, 196, 768)  size=97.5MB
  [WRITE]  ISMN_SNOTEL_HobbleCreek                   s1_desc/l9 → s1_desc_l9.npy  shape=(324, 196, 768)  size=97.5MB
  [WRITE]  ISMN_SNOTEL_Hole-in-Mountain              s2/l3 → s2_l3.npy  shape=(361, 196, 768)  size=108.7MB
  [WRITE]  ISMN_SNOTEL_Hole-in-Mountain              s2/l6 → s2_l6.npy  shape=(361, 196, 768)  size=108.7MB
  [WRITE]  ISMN_SNOTEL_Hole-in-Mountain              s2/l9 → s2_l9.npy  shape=(361, 196, 768)  size=108.7MB
  [WRITE]  ISMN_SNOTEL_Hole-in-Mountain              s1_asc/l3 → s1_asc_l3.npy  shape=(94, 196, 768)  size=28.3MB
  [WRITE]  ISMN_SNOTEL_Hole-in-Mountain              s1_asc/l6 → s1_asc_l6.npy  shape=(94, 196, 768)  size=28.3MB
  [WRITE]  ISMN_SNOTEL_Hole-in-Mountain              s1_asc/l9 → s1_asc_l9.npy  shape=(94, 196, 768)  size=28.3MB
  [WRITE]  ISMN_SNOTEL_Hole-in-Mountain              s1_desc/l3 → s1_desc_l3.npy  shape=(464, 196, 768)  size=139.7MB
  [WRITE]  ISMN_SNOTEL_Hole-in-Mountain              s1_desc/l6 → s1_desc_l6.npy  shape=(464, 196, 768)  size=139.7MB
  [WRITE]  ISMN_SNOTEL_Hole-in-Mountain              s1_desc/l9 → s1_desc_l9.npy  shape=(464, 196, 768)  size=139.7MB
  [WRITE]  ISMN_SNOTEL_Hole-in-Rock                  s2/l3 → s2_l3.npy  shape=(177, 196, 768)  size=53.3MB
  [WRITE]  ISMN_SNOTEL_Hole-in-Rock                  s2/l6 → s2_l6.npy  shape=(177, 196, 768)  size=53.3MB
  [WRITE]  ISMN_SNOTEL_Hole-in-Rock                  s2/l9 → s2_l9.npy  shape=(177, 196, 768)  size=53.3MB
  [WRITE]  ISMN_SNOTEL_Hole-in-Rock                  s1_asc/l3 → s1_asc_l3.npy  shape=(130, 196, 768)  size=39.1MB
  [WRITE]  ISMN_SNOTEL_Hole-in-Rock                  s1_asc/l6 → s1_asc_l6.npy  shape=(130, 196, 768)  size=39.1MB
  [WRITE]  ISMN_SNOTEL_Hole-in-Rock                  s1_asc/l9 → s1_asc_l9.npy  shape=(130, 196, 768)  size=39.1MB
  [WRITE]  ISMN_SNOTEL_Hole-in-Rock                  s1_desc/l3 → s1_desc_l3.npy  shape=(136, 196, 768)  size=40.9MB
  [WRITE]  ISMN_SNOTEL_Hole-in-Rock                  s1_desc/l6 → s1_desc_l6.npy  shape=(136, 196, 768)  size=40.9MB
  [WRITE]  ISMN_SNOTEL_Hole-in-Rock                  s1_desc/l9 → s1_desc_l9.npy  shape=(136, 196, 768)  size=40.9MB
  [WRITE]  ISMN_SNOTEL_HollandMeadows                s2/l3 → s2_l3.npy  shape=(95, 196, 768)  size=28.6MB
  [WRITE]  ISMN_SNOTEL_HollandMeadows                s2/l6 → s2_l6.npy  shape=(95, 196, 768)  size=28.6MB
  [WRITE]  ISMN_SNOTEL_HollandMeadows                s2/l9 → s2_l9.npy  shape=(95, 196, 768)  size=28.6MB
  [WRITE]  ISMN_SNOTEL_HollandMeadows                s1_asc/l3 → s1_asc_l3.npy  shape=(222, 196, 768)  size=66.8MB
  [WRITE]  ISMN_SNOTEL_HollandMeadows                s1_asc/l6 → s1_asc_l6.npy  shape=(222, 196, 768)  size=66.8MB
  [WRITE]  ISMN_SNOTEL_HollandMeadows                s1_asc/l9 → s1_asc_l9.npy  shape=(222, 196, 768)  size=66.8MB
  [WRITE]  ISMN_SNOTEL_HollandMeadows                s1_desc/l3 → s1_desc_l3.npy  shape=(177, 196, 768)  size=53.3MB
  [WRITE]  ISMN_SNOTEL_HollandMeadows                s1_desc/l6 → s1_desc_l6.npy  shape=(177, 196, 768)  size=53.3MB
  [WRITE]  ISMN_SNOTEL_HollandMeadows                s1_desc/l9 → s1_desc_l9.npy  shape=(177, 196, 768)  size=53.3MB
  [WRITE]  ISMN_SNOTEL_DorseyBasin                   s2/l3 → s2_l3.npy  shape=(306, 196, 768)  size=92.1MB
  [WRITE]  ISMN_SNOTEL_DorseyBasin                   s2/l6 → s2_l6.npy  shape=(306, 196, 768)  size=92.1MB
  [WRITE]  ISMN_SNOTEL_DorseyBasin                   s2/l9 → s2_l9.npy  shape=(306, 196, 768)  size=92.1MB
  [WRITE]  ISMN_SNOTEL_DorseyBasin                   s1_asc/l3 → s1_asc_l3.npy  shape=(96, 196, 768)  size=28.9MB
  [WRITE]  ISMN_SNOTEL_DorseyBasin                   s1_asc/l6 → s1_asc_l6.npy  shape=(96, 196, 768)  size=28.9MB
  [WRITE]  ISMN_SNOTEL_DorseyBasin                   s1_asc/l9 → s1_asc_l9.npy  shape=(96, 196, 768)  size=28.9MB
  [WRITE]  ISMN_SNOTEL_DorseyBasin                   s1_desc/l3 → s1_desc_l3.npy  shape=(464, 196, 768)  size=139.7MB
  [WRITE]  ISMN_SNOTEL_DorseyBasin                   s1_desc/l6 → s1_desc_l6.npy  shape=(464, 196, 768)  size=139.7MB
  [WRITE]  ISMN_SNOTEL_DorseyBasin                   s1_desc/l9 → s1_desc_l9.npy  shape=(464, 196, 768)  size=139.7MB
  [WRITE]  ISMN_SNOTEL_DrawCreek                     s2/l3 → s2_l3.npy  shape=(324, 196, 768)  size=97.5MB
  [WRITE]  ISMN_SNOTEL_DrawCreek                     s2/l6 → s2_l6.npy  shape=(324, 196, 768)  size=97.5MB
  [WRITE]  ISMN_SNOTEL_DrawCreek                     s2/l9 → s2_l9.npy  shape=(324, 196, 768)  size=97.5MB
  [WRITE]  ISMN_SNOTEL_DrawCreek                     s1_asc/l3 → s1_asc_l3.npy  shape=(96, 196, 768)  size=28.9MB
  [WRITE]  ISMN_SNOTEL_DrawCreek                     s1_asc/l6 → s1_asc_l6.npy  shape=(96, 196, 768)  size=28.9MB
  [WRITE]  ISMN_SNOTEL_DrawCreek                     s1_asc/l9 → s1_asc_l9.npy  shape=(96, 196, 768)  size=28.9MB
  [WRITE]  ISMN_SNOTEL_DrawCreek                     s1_desc/l3 → s1_desc_l3.npy  shape=(467, 196, 768)  size=140.6MB
  [WRITE]  ISMN_SNOTEL_DrawCreek                     s1_desc/l6 → s1_desc_l6.npy  shape=(467, 196, 768)  size=140.6MB
  [WRITE]  ISMN_SNOTEL_DrawCreek                     s1_desc/l9 → s1_desc_l9.npy  shape=(467, 196, 768)  size=140.6MB
  [WRITE]  ISMN_SNOTEL_DryBreadPond                  s2/l3 → s2_l3.npy  shape=(517, 196, 768)  size=155.6MB
  [WRITE]  ISMN_SNOTEL_DryBreadPond                  s2/l6 → s2_l6.npy  shape=(517, 196, 768)  size=155.6MB
  [WRITE]  ISMN_SNOTEL_DryBreadPond                  s2/l9 → s2_l9.npy  shape=(517, 196, 768)  size=155.6MB
  [WRITE]  ISMN_SNOTEL_DryBreadPond                  s1_asc/l3 → s1_asc_l3.npy  shape=(300, 196, 768)  size=90.3MB
  [WRITE]  ISMN_SNOTEL_DryBreadPond                  s1_asc/l6 → s1_asc_l6.npy  shape=(300, 196, 768)  size=90.3MB
  [WRITE]  ISMN_SNOTEL_DryBreadPond                  s1_asc/l9 → s1_asc_l9.npy  shape=(300, 196, 768)  size=90.3MB
  [WRITE]  ISMN_SNOTEL_DryBreadPond                  s1_desc/l3 → s1_desc_l3.npy  shape=(257, 196, 768)  size=77.4MB
  [WRITE]  ISMN_SNOTEL_DryBreadPond                  s1_desc/l6 → s1_desc_l6.npy  shape=(257, 196, 768)  size=77.4MB
  [WRITE]  ISMN_SNOTEL_DryBreadPond                  s1_desc/l9 → s1_desc_l9.npy  shape=(257, 196, 768)  size=77.4MB
  [WRITE]  ISMN_SNOTEL_DryCreek                      s2/l3 → s2_l3.npy  shape=(202, 196, 768)  size=60.8MB
  [WRITE]  ISMN_SNOTEL_DryCreek                      s2/l6 → s2_l6.npy  shape=(202, 196, 768)  size=60.8MB
  [WRITE]  ISMN_SNOTEL_DryCreek                      s2/l9 → s2_l9.npy  shape=(202, 196, 768)  size=60.8MB
  [WRITE]  ISMN_SNOTEL_DryCreek                      s1_asc/l3 → s1_asc_l3.npy  shape=(76, 196, 768)  size=22.9MB
  [WRITE]  ISMN_SNOTEL_DryCreek                      s1_asc/l6 → s1_asc_l6.npy  shape=(76, 196, 768)  size=22.9MB
  [WRITE]  ISMN_SNOTEL_DryCreek                      s1_asc/l9 → s1_asc_l9.npy  shape=(76, 196, 768)  size=22.9MB
  [WRITE]  ISMN_SNOTEL_DryCreek                      s1_desc/l3 → s1_desc_l3.npy  shape=(280, 196, 768)  size=84.3MB
  [WRITE]  ISMN_SNOTEL_DryCreek                      s1_desc/l6 → s1_desc_l6.npy  shape=(280, 196, 768)  size=84.3MB
  [WRITE]  ISMN_SNOTEL_DryCreek                      s1_desc/l9 → s1_desc_l9.npy  shape=(280, 196, 768)  size=84.3MB
  [WRITE]  ISMN_SNOTEL_GeorgeCreek                   s2/l3 → s2_l3.npy  shape=(147, 196, 768)  size=44.3MB
  [WRITE]  ISMN_SNOTEL_GeorgeCreek                   s2/l6 → s2_l6.npy  shape=(147, 196, 768)  size=44.3MB
  [WRITE]  ISMN_SNOTEL_GeorgeCreek                   s2/l9 → s2_l9.npy  shape=(147, 196, 768)  size=44.3MB
  [WRITE]  ISMN_SNOTEL_GeorgeCreek                   s1_asc/l3 → s1_asc_l3.npy  shape=(134, 196, 768)  size=40.3MB
  [WRITE]  ISMN_SNOTEL_GeorgeCreek                   s1_asc/l6 → s1_asc_l6.npy  shape=(134, 196, 768)  size=40.3MB
  [WRITE]  ISMN_SNOTEL_GeorgeCreek                   s1_asc/l9 → s1_asc_l9.npy  shape=(134, 196, 768)  size=40.3MB
  [WRITE]  ISMN_SNOTEL_GeorgeCreek                   s1_desc/l3 → s1_desc_l3.npy  shape=(188, 196, 768)  size=56.6MB
  [WRITE]  ISMN_SNOTEL_GeorgeCreek                   s1_desc/l6 → s1_desc_l6.npy  shape=(188, 196, 768)  size=56.6MB
  [WRITE]  ISMN_SNOTEL_GeorgeCreek                   s1_desc/l9 → s1_desc_l9.npy  shape=(188, 196, 768)  size=56.6MB
  [WRITE]  ISMN_SNOTEL_Giveout                       s2/l3 → s2_l3.npy  shape=(69, 196, 768)  size=20.8MB
  [WRITE]  ISMN_SNOTEL_Giveout                       s2/l6 → s2_l6.npy  shape=(69, 196, 768)  size=20.8MB
  [WRITE]  ISMN_SNOTEL_Giveout                       s2/l9 → s2_l9.npy  shape=(69, 196, 768)  size=20.8MB
  [WRITE]  ISMN_SNOTEL_Giveout                       s1_asc/l3 → s1_asc_l3.npy  shape=(40, 196, 768)  size=12.0MB
  [WRITE]  ISMN_SNOTEL_Giveout                       s1_asc/l6 → s1_asc_l6.npy  shape=(40, 196, 768)  size=12.0MB
  [WRITE]  ISMN_SNOTEL_Giveout                       s1_asc/l9 → s1_asc_l9.npy  shape=(40, 196, 768)  size=12.0MB
  [WRITE]  ISMN_SNOTEL_Giveout                       s1_desc/l3 → s1_desc_l3.npy  shape=(41, 196, 768)  size=12.3MB
  [WRITE]  ISMN_SNOTEL_Giveout                       s1_desc/l6 → s1_desc_l6.npy  shape=(41, 196, 768)  size=12.3MB
  [WRITE]  ISMN_SNOTEL_Giveout                       s1_desc/l9 → s1_desc_l9.npy  shape=(41, 196, 768)  size=12.3MB
  [WRITE]  ISMN_SNOTEL_GobblersKnob                  s2/l3 → s2_l3.npy  shape=(297, 196, 768)  size=89.4MB
  [WRITE]  ISMN_SNOTEL_GobblersKnob                  s2/l6 → s2_l6.npy  shape=(297, 196, 768)  size=89.4MB
  [WRITE]  ISMN_SNOTEL_GobblersKnob                  s2/l9 → s2_l9.npy  shape=(297, 196, 768)  size=89.4MB
  [WRITE]  ISMN_SNOTEL_GobblersKnob                  s1_asc/l3 → s1_asc_l3.npy  shape=(234, 196, 768)  size=70.4MB
  [WRITE]  ISMN_SNOTEL_GobblersKnob                  s1_asc/l6 → s1_asc_l6.npy  shape=(234, 196, 768)  size=70.4MB
  [WRITE]  ISMN_SNOTEL_GobblersKnob                  s1_asc/l9 → s1_asc_l9.npy  shape=(234, 196, 768)  size=70.4MB
  [WRITE]  ISMN_SNOTEL_GobblersKnob                  s1_desc/l3 → s1_desc_l3.npy  shape=(270, 196, 768)  size=81.3MB
  [WRITE]  ISMN_SNOTEL_GobblersKnob                  s1_desc/l6 → s1_desc_l6.npy  shape=(270, 196, 768)  size=81.3MB
  [WRITE]  ISMN_SNOTEL_GobblersKnob                  s1_desc/l9 → s1_desc_l9.npy  shape=(270, 196, 768)  size=81.3MB
  [WRITE]  ISMN_SNOTEL_Golconda                      s2/l3 → s2_l3.npy  shape=(379, 196, 768)  size=114.1MB
  [WRITE]  ISMN_SNOTEL_Golconda                      s2/l6 → s2_l6.npy  shape=(379, 196, 768)  size=114.1MB
  [WRITE]  ISMN_SNOTEL_Golconda                      s2/l9 → s2_l9.npy  shape=(379, 196, 768)  size=114.1MB
  [WRITE]  ISMN_SNOTEL_Golconda                      s1_asc/l3 → s1_asc_l3.npy  shape=(498, 196, 768)  size=149.9MB
  [WRITE]  ISMN_SNOTEL_Golconda                      s1_asc/l6 → s1_asc_l6.npy  shape=(498, 196, 768)  size=149.9MB
  [WRITE]  ISMN_SNOTEL_Golconda                      s1_asc/l9 → s1_asc_l9.npy  shape=(498, 196, 768)  size=149.9MB
  [WRITE]  ISMN_SNOTEL_Golconda                      s1_desc/l3 → s1_desc_l3.npy  shape=(523, 196, 768)  size=157.5MB
  [WRITE]  ISMN_SNOTEL_Golconda                      s1_desc/l6 → s1_desc_l6.npy  shape=(523, 196, 768)  size=157.5MB
  [WRITE]  ISMN_SNOTEL_Golconda                      s1_desc/l9 → s1_desc_l9.npy  shape=(523, 196, 768)  size=157.5MB
  [WRITE]  ISMN_SNOTEL_ClaytonSprings                s2/l3 → s2_l3.npy  shape=(217, 196, 768)  size=65.3MB
  [WRITE]  ISMN_SNOTEL_ClaytonSprings                s2/l6 → s2_l6.npy  shape=(217, 196, 768)  size=65.3MB
  [WRITE]  ISMN_SNOTEL_ClaytonSprings                s2/l9 → s2_l9.npy  shape=(217, 196, 768)  size=65.3MB
  [WRITE]  ISMN_SNOTEL_ClaytonSprings                s1_asc/l3 → s1_asc_l3.npy  shape=(134, 196, 768)  size=40.3MB
  [WRITE]  ISMN_SNOTEL_ClaytonSprings                s1_asc/l6 → s1_asc_l6.npy  shape=(134, 196, 768)  size=40.3MB
  [WRITE]  ISMN_SNOTEL_ClaytonSprings                s1_asc/l9 → s1_asc_l9.npy  shape=(134, 196, 768)  size=40.3MB
  [WRITE]  ISMN_SNOTEL_ClaytonSprings                s1_desc/l3 → s1_desc_l3.npy  shape=(313, 196, 768)  size=94.2MB
  [WRITE]  ISMN_SNOTEL_ClaytonSprings                s1_desc/l6 → s1_desc_l6.npy  shape=(313, 196, 768)  size=94.2MB
  [WRITE]  ISMN_SNOTEL_ClaytonSprings                s1_desc/l9 → s1_desc_l9.npy  shape=(313, 196, 768)  size=94.2MB
  [WRITE]  ISMN_SNOTEL_ClearCreek#1                  s2/l3 → s2_l3.npy  shape=(188, 196, 768)  size=56.6MB
  [WRITE]  ISMN_SNOTEL_ClearCreek#1                  s2/l6 → s2_l6.npy  shape=(188, 196, 768)  size=56.6MB
  [WRITE]  ISMN_SNOTEL_ClearCreek#1                  s2/l9 → s2_l9.npy  shape=(188, 196, 768)  size=56.6MB
  [WRITE]  ISMN_SNOTEL_ClearCreek#1                  s1_asc/l3 → s1_asc_l3.npy  shape=(275, 196, 768)  size=82.8MB
  [WRITE]  ISMN_SNOTEL_ClearCreek#1                  s1_asc/l6 → s1_asc_l6.npy  shape=(275, 196, 768)  size=82.8MB
  [WRITE]  ISMN_SNOTEL_ClearCreek#1                  s1_asc/l9 → s1_asc_l9.npy  shape=(275, 196, 768)  size=82.8MB
  [WRITE]  ISMN_SNOTEL_ClearCreek#1                  s1_desc/l3 → s1_desc_l3.npy  shape=(493, 196, 768)  size=148.4MB
  [WRITE]  ISMN_SNOTEL_ClearCreek#1                  s1_desc/l6 → s1_desc_l6.npy  shape=(493, 196, 768)  size=148.4MB
  [WRITE]  ISMN_SNOTEL_ClearCreek#1                  s1_desc/l9 → s1_desc_l9.npy  shape=(493, 196, 768)  size=148.4MB
  [WRITE]  ISMN_SNOTEL_ClearCreek#2                  s2/l3 → s2_l3.npy  shape=(188, 196, 768)  size=56.6MB
  [WRITE]  ISMN_SNOTEL_ClearCreek#2                  s2/l6 → s2_l6.npy  shape=(188, 196, 768)  size=56.6MB
  [WRITE]  ISMN_SNOTEL_ClearCreek#2                  s2/l9 → s2_l9.npy  shape=(188, 196, 768)  size=56.6MB
  [WRITE]  ISMN_SNOTEL_ClearCreek#2                  s1_asc/l3 → s1_asc_l3.npy  shape=(297, 196, 768)  size=89.4MB
  [WRITE]  ISMN_SNOTEL_ClearCreek#2                  s1_asc/l6 → s1_asc_l6.npy  shape=(297, 196, 768)  size=89.4MB
  [WRITE]  ISMN_SNOTEL_ClearCreek#2                  s1_asc/l9 → s1_asc_l9.npy  shape=(297, 196, 768)  size=89.4MB
  [WRITE]  ISMN_SNOTEL_ClearCreek#2                  s1_desc/l3 → s1_desc_l3.npy  shape=(493, 196, 768)  size=148.4MB
  [WRITE]  ISMN_SNOTEL_ClearCreek#2                  s1_desc/l6 → s1_desc_l6.npy  shape=(493, 196, 768)  size=148.4MB
  [WRITE]  ISMN_SNOTEL_ClearCreek#2                  s1_desc/l9 → s1_desc_l9.npy  shape=(493, 196, 768)  size=148.4MB
  [WRITE]  ISMN_SNOTEL_Coldfoot                      s2/l3 → s2_l3.npy  shape=(50, 196, 768)  size=15.1MB
  [WRITE]  ISMN_SNOTEL_Coldfoot                      s2/l6 → s2_l6.npy  shape=(50, 196, 768)  size=15.1MB
  [WRITE]  ISMN_SNOTEL_Coldfoot                      s2/l9 → s2_l9.npy  shape=(50, 196, 768)  size=15.1MB
  [WRITE]  ISMN_SNOTEL_Coldfoot                      s1_asc/l3 → s1_asc_l3.npy  shape=(367, 196, 768)  size=110.5MB
  [WRITE]  ISMN_SNOTEL_Coldfoot                      s1_asc/l6 → s1_asc_l6.npy  shape=(367, 196, 768)  size=110.5MB
  [WRITE]  ISMN_SNOTEL_Coldfoot                      s1_asc/l9 → s1_asc_l9.npy  shape=(367, 196, 768)  size=110.5MB
  [WRITE]  ISMN_SNOTEL_Coldfoot                      s1_desc/l3 → s1_desc_l3.npy  shape=(461, 196, 768)  size=138.8MB
  [WRITE]  ISMN_SNOTEL_Coldfoot                      s1_desc/l6 → s1_desc_l6.npy  shape=(461, 196, 768)  size=138.8MB
  [WRITE]  ISMN_SNOTEL_Coldfoot                      s1_desc/l9 → s1_desc_l9.npy  shape=(461, 196, 768)  size=138.8MB
  [WRITE]  ISMN_SNOTEL_DryFork                       s2/l3 → s2_l3.npy  shape=(627, 196, 768)  size=188.8MB
  [WRITE]  ISMN_SNOTEL_DryFork                       s2/l6 → s2_l6.npy  shape=(627, 196, 768)  size=188.8MB
  [WRITE]  ISMN_SNOTEL_DryFork                       s2/l9 → s2_l9.npy  shape=(627, 196, 768)  size=188.8MB
  [WRITE]  ISMN_SNOTEL_DryFork                       s1_asc/l3 → s1_asc_l3.npy  shape=(150, 196, 768)  size=45.2MB
  [WRITE]  ISMN_SNOTEL_DryFork                       s1_asc/l6 → s1_asc_l6.npy  shape=(150, 196, 768)  size=45.2MB
  [WRITE]  ISMN_SNOTEL_DryFork                       s1_asc/l9 → s1_asc_l9.npy  shape=(150, 196, 768)  size=45.2MB
  [WRITE]  ISMN_SNOTEL_DryFork                       s1_desc/l3 → s1_desc_l3.npy  shape=(251, 196, 768)  size=75.6MB
  [WRITE]  ISMN_SNOTEL_DryFork                       s1_desc/l6 → s1_desc_l6.npy  shape=(251, 196, 768)  size=75.6MB
  [WRITE]  ISMN_SNOTEL_DryFork                       s1_desc/l9 → s1_desc_l9.npy  shape=(251, 196, 768)  size=75.6MB
  [WRITE]  ISMN_SNOTEL_DryLake                       s2/l3 → s2_l3.npy  shape=(622, 196, 768)  size=187.3MB
  [WRITE]  ISMN_SNOTEL_DryLake                       s2/l6 → s2_l6.npy  shape=(622, 196, 768)  size=187.3MB
  [WRITE]  ISMN_SNOTEL_DryLake                       s2/l9 → s2_l9.npy  shape=(622, 196, 768)  size=187.3MB
  [WRITE]  ISMN_SNOTEL_DryLake                       s1_asc/l3 → s1_asc_l3.npy  shape=(209, 196, 768)  size=62.9MB
  [WRITE]  ISMN_SNOTEL_DryLake                       s1_asc/l6 → s1_asc_l6.npy  shape=(209, 196, 768)  size=62.9MB
  [WRITE]  ISMN_SNOTEL_DryLake                       s1_asc/l9 → s1_asc_l9.npy  shape=(209, 196, 768)  size=62.9MB
  [WRITE]  ISMN_SNOTEL_DryLake                       s1_desc/l3 → s1_desc_l3.npy  shape=(489, 196, 768)  size=147.2MB
  [WRITE]  ISMN_SNOTEL_DryLake                       s1_desc/l6 → s1_desc_l6.npy  shape=(489, 196, 768)  size=147.2MB
  [WRITE]  ISMN_SNOTEL_DryLake                       s1_desc/l9 → s1_desc_l9.npy  shape=(489, 196, 768)  size=147.2MB
  [WRITE]  ISMN_SNOTEL_EFBlacksForkGS                s2/l3 → s2_l3.npy  shape=(262, 196, 768)  size=78.9MB
  [WRITE]  ISMN_SNOTEL_EFBlacksForkGS                s2/l6 → s2_l6.npy  shape=(262, 196, 768)  size=78.9MB
  [WRITE]  ISMN_SNOTEL_EFBlacksForkGS                s2/l9 → s2_l9.npy  shape=(262, 196, 768)  size=78.9MB
  [WRITE]  ISMN_SNOTEL_EFBlacksForkGS                s1_asc/l3 → s1_asc_l3.npy  shape=(141, 196, 768)  size=42.4MB
  [WRITE]  ISMN_SNOTEL_EFBlacksForkGS                s1_asc/l6 → s1_asc_l6.npy  shape=(141, 196, 768)  size=42.4MB
  [WRITE]  ISMN_SNOTEL_EFBlacksForkGS                s1_asc/l9 → s1_asc_l9.npy  shape=(141, 196, 768)  size=42.4MB
  [WRITE]  ISMN_SNOTEL_EFBlacksForkGS                s1_desc/l3 → s1_desc_l3.npy  shape=(234, 196, 768)  size=70.4MB
  [WRITE]  ISMN_SNOTEL_EFBlacksForkGS                s1_desc/l6 → s1_desc_l6.npy  shape=(234, 196, 768)  size=70.4MB
  [WRITE]  ISMN_SNOTEL_EFBlacksForkGS                s1_desc/l9 → s1_desc_l9.npy  shape=(234, 196, 768)  size=70.4MB
  [WRITE]  ISMN_SNOTEL_EagleSummit                   s2/l3 → s2_l3.npy  shape=(203, 196, 768)  size=61.1MB
  [WRITE]  ISMN_SNOTEL_EagleSummit                   s2/l6 → s2_l6.npy  shape=(203, 196, 768)  size=61.1MB
  [WRITE]  ISMN_SNOTEL_EagleSummit                   s2/l9 → s2_l9.npy  shape=(203, 196, 768)  size=61.1MB
  [WRITE]  ISMN_SNOTEL_EagleSummit                   s1_asc/l3 → s1_asc_l3.npy  shape=(148, 196, 768)  size=44.6MB
  [WRITE]  ISMN_SNOTEL_EagleSummit                   s1_asc/l6 → s1_asc_l6.npy  shape=(148, 196, 768)  size=44.6MB
  [WRITE]  ISMN_SNOTEL_EagleSummit                   s1_asc/l9 → s1_asc_l9.npy  shape=(148, 196, 768)  size=44.6MB
  [WRITE]  ISMN_SNOTEL_EagleSummit                   s1_desc/l3 → s1_desc_l3.npy  shape=(108, 196, 768)  size=32.5MB
  [WRITE]  ISMN_SNOTEL_EagleSummit                   s1_desc/l6 → s1_desc_l6.npy  shape=(108, 196, 768)  size=32.5MB
  [WRITE]  ISMN_SNOTEL_EagleSummit                   s1_desc/l9 → s1_desc_l9.npy  shape=(108, 196, 768)  size=32.5MB
  [WRITE]  ISMN_SD_DEM_Demokeya                      s2/l3 → s2_l3.npy  shape=(205, 196, 768)  size=61.7MB
  [WRITE]  ISMN_SD_DEM_Demokeya                      s2/l6 → s2_l6.npy  shape=(205, 196, 768)  size=61.7MB
  [WRITE]  ISMN_SD_DEM_Demokeya                      s2/l9 → s2_l9.npy  shape=(205, 196, 768)  size=61.7MB
  [WRITE]  ISMN_SD_DEM_Demokeya                      s1_desc/l3 → s1_desc_l3.npy  shape=(113, 196, 768)  size=34.0MB
  [WRITE]  ISMN_SD_DEM_Demokeya                      s1_desc/l6 → s1_desc_l6.npy  shape=(113, 196, 768)  size=34.0MB
  [WRITE]  ISMN_SD_DEM_Demokeya                      s1_desc/l9 → s1_desc_l9.npy  shape=(113, 196, 768)  size=34.0MB
  [WRITE]  ISMN_SMOSMANIA_Barnas                     s2/l3 → s2_l3.npy  shape=(96, 196, 768)  size=28.9MB
  [WRITE]  ISMN_SMOSMANIA_Barnas                     s2/l6 → s2_l6.npy  shape=(96, 196, 768)  size=28.9MB
  [WRITE]  ISMN_SMOSMANIA_Barnas                     s2/l9 → s2_l9.npy  shape=(96, 196, 768)  size=28.9MB
  [WRITE]  ISMN_SMOSMANIA_Barnas                     s1_asc/l3 → s1_asc_l3.npy  shape=(357, 196, 768)  size=107.5MB
  [WRITE]  ISMN_SMOSMANIA_Barnas                     s1_asc/l6 → s1_asc_l6.npy  shape=(357, 196, 768)  size=107.5MB
  [WRITE]  ISMN_SMOSMANIA_Barnas                     s1_asc/l9 → s1_asc_l9.npy  shape=(357, 196, 768)  size=107.5MB
  [WRITE]  ISMN_SMOSMANIA_Barnas                     s1_desc/l3 → s1_desc_l3.npy  shape=(179, 196, 768)  size=53.9MB
  [WRITE]  ISMN_SMOSMANIA_Barnas                     s1_desc/l6 → s1_desc_l6.npy  shape=(179, 196, 768)  size=53.9MB
  [WRITE]  ISMN_SMOSMANIA_Barnas                     s1_desc/l9 → s1_desc_l9.npy  shape=(179, 196, 768)  size=53.9MB
  [WRITE]  ISMN_SMOSMANIA_Berzeme                    s2/l3 → s2_l3.npy  shape=(240, 196, 768)  size=72.3MB
  [WRITE]  ISMN_SMOSMANIA_Berzeme                    s2/l6 → s2_l6.npy  shape=(240, 196, 768)  size=72.3MB
  [WRITE]  ISMN_SMOSMANIA_Berzeme                    s2/l9 → s2_l9.npy  shape=(240, 196, 768)  size=72.3MB
  [WRITE]  ISMN_SMOSMANIA_Berzeme                    s1_asc/l3 → s1_asc_l3.npy  shape=(625, 196, 768)  size=188.2MB
  [WRITE]  ISMN_SMOSMANIA_Berzeme                    s1_asc/l6 → s1_asc_l6.npy  shape=(625, 196, 768)  size=188.2MB
  [WRITE]  ISMN_SMOSMANIA_Berzeme                    s1_asc/l9 → s1_asc_l9.npy  shape=(625, 196, 768)  size=188.2MB
  [WRITE]  ISMN_SMOSMANIA_Berzeme                    s1_desc/l3 → s1_desc_l3.npy  shape=(626, 196, 768)  size=188.5MB
  [WRITE]  ISMN_SMOSMANIA_Berzeme                    s1_desc/l6 → s1_desc_l6.npy  shape=(626, 196, 768)  size=188.5MB
  [WRITE]  ISMN_SMOSMANIA_Berzeme                    s1_desc/l9 → s1_desc_l9.npy  shape=(626, 196, 768)  size=188.5MB
  [WRITE]  ISMN_SMOSMANIA_CabrieresdAvignon          s2/l3 → s2_l3.npy  shape=(284, 196, 768)  size=85.5MB
  [WRITE]  ISMN_SMOSMANIA_CabrieresdAvignon          s2/l6 → s2_l6.npy  shape=(284, 196, 768)  size=85.5MB
  [WRITE]  ISMN_SMOSMANIA_CabrieresdAvignon          s2/l9 → s2_l9.npy  shape=(284, 196, 768)  size=85.5MB
  [WRITE]  ISMN_SMOSMANIA_CabrieresdAvignon          s1_asc/l3 → s1_asc_l3.npy  shape=(752, 196, 768)  size=226.4MB
  [WRITE]  ISMN_SMOSMANIA_CabrieresdAvignon          s1_asc/l6 → s1_asc_l6.npy  shape=(752, 196, 768)  size=226.4MB
  [WRITE]  ISMN_SMOSMANIA_CabrieresdAvignon          s1_asc/l9 → s1_asc_l9.npy  shape=(752, 196, 768)  size=226.4MB
  [WRITE]  ISMN_SMOSMANIA_CabrieresdAvignon          s1_desc/l3 → s1_desc_l3.npy  shape=(753, 196, 768)  size=226.7MB
  [WRITE]  ISMN_SMOSMANIA_CabrieresdAvignon          s1_desc/l6 → s1_desc_l6.npy  shape=(753, 196, 768)  size=226.7MB
  [WRITE]  ISMN_SMOSMANIA_CabrieresdAvignon          s1_desc/l9 → s1_desc_l9.npy  shape=(753, 196, 768)  size=226.7MB
  [WRITE]  ISMN_SNOTEL_FranklinBasin                 s2/l3 → s2_l3.npy  shape=(354, 196, 768)  size=106.6MB
  [WRITE]  ISMN_SNOTEL_FranklinBasin                 s2/l6 → s2_l6.npy  shape=(354, 196, 768)  size=106.6MB
  [WRITE]  ISMN_SNOTEL_FranklinBasin                 s2/l9 → s2_l9.npy  shape=(354, 196, 768)  size=106.6MB
  [WRITE]  ISMN_SNOTEL_FranklinBasin                 s1_asc/l3 → s1_asc_l3.npy  shape=(295, 196, 768)  size=88.8MB
  [WRITE]  ISMN_SNOTEL_FranklinBasin                 s1_asc/l6 → s1_asc_l6.npy  shape=(295, 196, 768)  size=88.8MB
  [WRITE]  ISMN_SNOTEL_FranklinBasin                 s1_asc/l9 → s1_asc_l9.npy  shape=(295, 196, 768)  size=88.8MB
  [WRITE]  ISMN_SNOTEL_FranklinBasin                 s1_desc/l3 → s1_desc_l3.npy  shape=(258, 196, 768)  size=77.7MB
  [WRITE]  ISMN_SNOTEL_FranklinBasin                 s1_desc/l6 → s1_desc_l6.npy  shape=(258, 196, 768)  size=77.7MB
  [WRITE]  ISMN_SNOTEL_FranklinBasin                 s1_desc/l9 → s1_desc_l9.npy  shape=(258, 196, 768)  size=77.7MB
  [WRITE]  ISMN_SNOTEL_FredonyerPeak                 s2/l3 → s2_l3.npy  shape=(255, 196, 768)  size=76.8MB
  [WRITE]  ISMN_SNOTEL_FredonyerPeak                 s2/l6 → s2_l6.npy  shape=(255, 196, 768)  size=76.8MB
  [WRITE]  ISMN_SNOTEL_FredonyerPeak                 s2/l9 → s2_l9.npy  shape=(255, 196, 768)  size=76.8MB
  [WRITE]  ISMN_SNOTEL_FredonyerPeak                 s1_asc/l3 → s1_asc_l3.npy  shape=(378, 196, 768)  size=113.8MB
  [WRITE]  ISMN_SNOTEL_FredonyerPeak                 s1_asc/l6 → s1_asc_l6.npy  shape=(378, 196, 768)  size=113.8MB
  [WRITE]  ISMN_SNOTEL_FredonyerPeak                 s1_asc/l9 → s1_asc_l9.npy  shape=(378, 196, 768)  size=113.8MB
  [WRITE]  ISMN_SNOTEL_FredonyerPeak                 s1_desc/l3 → s1_desc_l3.npy  shape=(258, 196, 768)  size=77.7MB
  [WRITE]  ISMN_SNOTEL_FredonyerPeak                 s1_desc/l6 → s1_desc_l6.npy  shape=(258, 196, 768)  size=77.7MB
  [WRITE]  ISMN_SNOTEL_FredonyerPeak                 s1_desc/l9 → s1_desc_l9.npy  shape=(258, 196, 768)  size=77.7MB
  [WRITE]  ISMN_SNOTEL_FremontPass                   s2/l3 → s2_l3.npy  shape=(217, 196, 768)  size=65.3MB
  [WRITE]  ISMN_SNOTEL_FremontPass                   s2/l6 → s2_l6.npy  shape=(217, 196, 768)  size=65.3MB
  [WRITE]  ISMN_SNOTEL_FremontPass                   s2/l9 → s2_l9.npy  shape=(217, 196, 768)  size=65.3MB
  [WRITE]  ISMN_SNOTEL_FremontPass                   s1_asc/l3 → s1_asc_l3.npy  shape=(209, 196, 768)  size=62.9MB
  [WRITE]  ISMN_SNOTEL_FremontPass                   s1_asc/l6 → s1_asc_l6.npy  shape=(209, 196, 768)  size=62.9MB
  [WRITE]  ISMN_SNOTEL_FremontPass                   s1_asc/l9 → s1_asc_l9.npy  shape=(209, 196, 768)  size=62.9MB
  [WRITE]  ISMN_SNOTEL_FremontPass                   s1_desc/l3 → s1_desc_l3.npy  shape=(246, 196, 768)  size=74.1MB
  [WRITE]  ISMN_SNOTEL_FremontPass                   s1_desc/l6 → s1_desc_l6.npy  shape=(246, 196, 768)  size=74.1MB
  [WRITE]  ISMN_SNOTEL_FremontPass                   s1_desc/l9 → s1_desc_l9.npy  shape=(246, 196, 768)  size=74.1MB
  [WRITE]  ISMN_SNOTEL_FryCanyon                     s2/l3 → s2_l3.npy  shape=(235, 196, 768)  size=70.7MB
  [WRITE]  ISMN_SNOTEL_FryCanyon                     s2/l6 → s2_l6.npy  shape=(235, 196, 768)  size=70.7MB
  [WRITE]  ISMN_SNOTEL_FryCanyon                     s2/l9 → s2_l9.npy  shape=(235, 196, 768)  size=70.7MB
  [WRITE]  ISMN_SNOTEL_FryCanyon                     s1_asc/l3 → s1_asc_l3.npy  shape=(266, 196, 768)  size=80.1MB
  [WRITE]  ISMN_SNOTEL_FryCanyon                     s1_asc/l6 → s1_asc_l6.npy  shape=(266, 196, 768)  size=80.1MB
  [WRITE]  ISMN_SNOTEL_FryCanyon                     s1_asc/l9 → s1_asc_l9.npy  shape=(266, 196, 768)  size=80.1MB
  [WRITE]  ISMN_SNOTEL_FryCanyon                     s1_desc/l3 → s1_desc_l3.npy  shape=(273, 196, 768)  size=82.2MB
  [WRITE]  ISMN_SNOTEL_FryCanyon                     s1_desc/l6 → s1_desc_l6.npy  shape=(273, 196, 768)  size=82.2MB
  [WRITE]  ISMN_SNOTEL_FryCanyon                     s1_desc/l9 → s1_desc_l9.npy  shape=(273, 196, 768)  size=82.2MB
  [WRITE]  ISMN_SNOTEL_GoldAxeCamp                   s2/l3 → s2_l3.npy  shape=(217, 196, 768)  size=65.3MB
  [WRITE]  ISMN_SNOTEL_GoldAxeCamp                   s2/l6 → s2_l6.npy  shape=(217, 196, 768)  size=65.3MB
  [WRITE]  ISMN_SNOTEL_GoldAxeCamp                   s2/l9 → s2_l9.npy  shape=(217, 196, 768)  size=65.3MB
  [WRITE]  ISMN_SNOTEL_GoldAxeCamp                   s1_asc/l3 → s1_asc_l3.npy  shape=(32, 196, 768)  size=9.6MB
  [WRITE]  ISMN_SNOTEL_GoldAxeCamp                   s1_asc/l6 → s1_asc_l6.npy  shape=(32, 196, 768)  size=9.6MB
  [WRITE]  ISMN_SNOTEL_GoldAxeCamp                   s1_asc/l9 → s1_asc_l9.npy  shape=(32, 196, 768)  size=9.6MB
  [WRITE]  ISMN_SNOTEL_GoldAxeCamp                   s1_desc/l3 → s1_desc_l3.npy  shape=(223, 196, 768)  size=67.1MB
  [WRITE]  ISMN_SNOTEL_GoldAxeCamp                   s1_desc/l6 → s1_desc_l6.npy  shape=(223, 196, 768)  size=67.1MB
  [WRITE]  ISMN_SNOTEL_GoldAxeCamp                   s1_desc/l9 → s1_desc_l9.npy  shape=(223, 196, 768)  size=67.1MB
  [WRITE]  ISMN_SNOTEL_GoldBasin                     s2/l3 → s2_l3.npy  shape=(161, 196, 768)  size=48.5MB
  [WRITE]  ISMN_SNOTEL_GoldBasin                     s2/l6 → s2_l6.npy  shape=(161, 196, 768)  size=48.5MB
  [WRITE]  ISMN_SNOTEL_GoldBasin                     s2/l9 → s2_l9.npy  shape=(161, 196, 768)  size=48.5MB
  [WRITE]  ISMN_SNOTEL_GoldBasin                     s1_asc/l3 → s1_asc_l3.npy  shape=(144, 196, 768)  size=43.4MB
  [WRITE]  ISMN_SNOTEL_GoldBasin                     s1_asc/l6 → s1_asc_l6.npy  shape=(144, 196, 768)  size=43.4MB
  [WRITE]  ISMN_SNOTEL_GoldBasin                     s1_asc/l9 → s1_asc_l9.npy  shape=(144, 196, 768)  size=43.4MB
  [WRITE]  ISMN_SNOTEL_GoldBasin                     s1_desc/l3 → s1_desc_l3.npy  shape=(244, 196, 768)  size=73.5MB
  [WRITE]  ISMN_SNOTEL_GoldBasin                     s1_desc/l6 → s1_desc_l6.npy  shape=(244, 196, 768)  size=73.5MB
  [WRITE]  ISMN_SNOTEL_GoldBasin                     s1_desc/l9 → s1_desc_l9.npy  shape=(244, 196, 768)  size=73.5MB
  [WRITE]  ISMN_SNOTEL_GooseberryRS                  s2/l3 → s2_l3.npy  shape=(328, 196, 768)  size=98.7MB
  [WRITE]  ISMN_SNOTEL_GooseberryRS                  s2/l6 → s2_l6.npy  shape=(328, 196, 768)  size=98.7MB
  [WRITE]  ISMN_SNOTEL_GooseberryRS                  s2/l9 → s2_l9.npy  shape=(328, 196, 768)  size=98.7MB
  [WRITE]  ISMN_SNOTEL_GooseberryRS                  s1_asc/l3 → s1_asc_l3.npy  shape=(297, 196, 768)  size=89.4MB
  [WRITE]  ISMN_SNOTEL_GooseberryRS                  s1_asc/l6 → s1_asc_l6.npy  shape=(297, 196, 768)  size=89.4MB
  [WRITE]  ISMN_SNOTEL_GooseberryRS                  s1_asc/l9 → s1_asc_l9.npy  shape=(297, 196, 768)  size=89.4MB
  [WRITE]  ISMN_SNOTEL_GooseberryRS                  s1_desc/l3 → s1_desc_l3.npy  shape=(493, 196, 768)  size=148.4MB
  [WRITE]  ISMN_SNOTEL_GooseberryRS                  s1_desc/l6 → s1_desc_l6.npy  shape=(493, 196, 768)  size=148.4MB
  [WRITE]  ISMN_SNOTEL_GooseberryRS                  s1_desc/l9 → s1_desc_l9.npy  shape=(493, 196, 768)  size=148.4MB
  [WRITE]  ISMN_SNOTEL_GooseberryRSUp                s2/l3 → s2_l3.npy  shape=(322, 196, 768)  size=96.9MB
  [WRITE]  ISMN_SNOTEL_GooseberryRSUp                s2/l6 → s2_l6.npy  shape=(322, 196, 768)  size=96.9MB
  [WRITE]  ISMN_SNOTEL_GooseberryRSUp                s2/l9 → s2_l9.npy  shape=(322, 196, 768)  size=96.9MB
  [WRITE]  ISMN_SNOTEL_GooseberryRSUp                s1_asc/l3 → s1_asc_l3.npy  shape=(297, 196, 768)  size=89.4MB
  [WRITE]  ISMN_SNOTEL_GooseberryRSUp                s1_asc/l6 → s1_asc_l6.npy  shape=(297, 196, 768)  size=89.4MB
  [WRITE]  ISMN_SNOTEL_GooseberryRSUp                s1_asc/l9 → s1_asc_l9.npy  shape=(297, 196, 768)  size=89.4MB
  [WRITE]  ISMN_SNOTEL_GooseberryRSUp                s1_desc/l3 → s1_desc_l3.npy  shape=(493, 196, 768)  size=148.4MB
  [WRITE]  ISMN_SNOTEL_GooseberryRSUp                s1_desc/l6 → s1_desc_l6.npy  shape=(493, 196, 768)  size=148.4MB
  [WRITE]  ISMN_SNOTEL_GooseberryRSUp                s1_desc/l9 → s1_desc_l9.npy  shape=(493, 196, 768)  size=148.4MB
  [WRITE]  ISMN_SNOTEL_Fifteenmile                   s2/l3 → s2_l3.npy  shape=(101, 196, 768)  size=30.4MB
  [WRITE]  ISMN_SNOTEL_Fifteenmile                   s2/l6 → s2_l6.npy  shape=(101, 196, 768)  size=30.4MB
  [WRITE]  ISMN_SNOTEL_Fifteenmile                   s2/l9 → s2_l9.npy  shape=(101, 196, 768)  size=30.4MB
  [WRITE]  ISMN_SNOTEL_Fifteenmile                   s1_asc/l3 → s1_asc_l3.npy  shape=(208, 196, 768)  size=62.6MB
  [WRITE]  ISMN_SNOTEL_Fifteenmile                   s1_asc/l6 → s1_asc_l6.npy  shape=(208, 196, 768)  size=62.6MB
  [WRITE]  ISMN_SNOTEL_Fifteenmile                   s1_asc/l9 → s1_asc_l9.npy  shape=(208, 196, 768)  size=62.6MB
  [WRITE]  ISMN_SNOTEL_Fifteenmile                   s1_desc/l3 → s1_desc_l3.npy  shape=(88, 196, 768)  size=26.5MB
  [WRITE]  ISMN_SNOTEL_Fifteenmile                   s1_desc/l6 → s1_desc_l6.npy  shape=(88, 196, 768)  size=26.5MB
  [WRITE]  ISMN_SNOTEL_Fifteenmile                   s1_desc/l9 → s1_desc_l9.npy  shape=(88, 196, 768)  size=26.5MB
  [WRITE]  ISMN_SNOTEL_FishLakeUtah                  s2/l3 → s2_l3.npy  shape=(356, 196, 768)  size=107.2MB
  [WRITE]  ISMN_SNOTEL_FishLakeUtah                  s2/l6 → s2_l6.npy  shape=(356, 196, 768)  size=107.2MB
  [WRITE]  ISMN_SNOTEL_FishLakeUtah                  s2/l9 → s2_l9.npy  shape=(356, 196, 768)  size=107.2MB
  [WRITE]  ISMN_SNOTEL_FishLakeUtah                  s1_asc/l3 → s1_asc_l3.npy  shape=(156, 196, 768)  size=47.0MB
  [WRITE]  ISMN_SNOTEL_FishLakeUtah                  s1_asc/l6 → s1_asc_l6.npy  shape=(156, 196, 768)  size=47.0MB
  [WRITE]  ISMN_SNOTEL_FishLakeUtah                  s1_asc/l9 → s1_asc_l9.npy  shape=(156, 196, 768)  size=47.0MB
  [WRITE]  ISMN_SNOTEL_FishLakeUtah                  s1_desc/l3 → s1_desc_l3.npy  shape=(493, 196, 768)  size=148.4MB
  [WRITE]  ISMN_SNOTEL_FishLakeUtah                  s1_desc/l6 → s1_desc_l6.npy  shape=(493, 196, 768)  size=148.4MB
  [WRITE]  ISMN_SNOTEL_FishLakeUtah                  s1_desc/l9 → s1_desc_l9.npy  shape=(493, 196, 768)  size=148.4MB
  [WRITE]  ISMN_SNOTEL_FivePointsLake                s2/l3 → s2_l3.npy  shape=(176, 196, 768)  size=53.0MB
  [WRITE]  ISMN_SNOTEL_FivePointsLake                s2/l6 → s2_l6.npy  shape=(176, 196, 768)  size=53.0MB
  [WRITE]  ISMN_SNOTEL_FivePointsLake                s2/l9 → s2_l9.npy  shape=(176, 196, 768)  size=53.0MB
  [WRITE]  ISMN_SNOTEL_FivePointsLake                s1_asc/l3 → s1_asc_l3.npy  shape=(119, 196, 768)  size=35.8MB
  [WRITE]  ISMN_SNOTEL_FivePointsLake                s1_asc/l6 → s1_asc_l6.npy  shape=(119, 196, 768)  size=35.8MB
  [WRITE]  ISMN_SNOTEL_FivePointsLake                s1_asc/l9 → s1_asc_l9.npy  shape=(119, 196, 768)  size=35.8MB
  [WRITE]  ISMN_SNOTEL_FivePointsLake                s1_desc/l3 → s1_desc_l3.npy  shape=(134, 196, 768)  size=40.3MB
  [WRITE]  ISMN_SNOTEL_FivePointsLake                s1_desc/l6 → s1_desc_l6.npy  shape=(134, 196, 768)  size=40.3MB
  [WRITE]  ISMN_SNOTEL_FivePointsLake                s1_desc/l9 → s1_desc_l9.npy  shape=(134, 196, 768)  size=40.3MB
  [WRITE]  ISMN_SNOTEL_ForestdaleCreek               s2/l3 → s2_l3.npy  shape=(455, 196, 768)  size=137.0MB
  [WRITE]  ISMN_SNOTEL_ForestdaleCreek               s2/l6 → s2_l6.npy  shape=(455, 196, 768)  size=137.0MB
  [WRITE]  ISMN_SNOTEL_ForestdaleCreek               s2/l9 → s2_l9.npy  shape=(455, 196, 768)  size=137.0MB
  [WRITE]  ISMN_SNOTEL_ForestdaleCreek               s1_asc/l3 → s1_asc_l3.npy  shape=(384, 196, 768)  size=115.6MB
  [WRITE]  ISMN_SNOTEL_ForestdaleCreek               s1_asc/l6 → s1_asc_l6.npy  shape=(384, 196, 768)  size=115.6MB
  [WRITE]  ISMN_SNOTEL_ForestdaleCreek               s1_asc/l9 → s1_asc_l9.npy  shape=(384, 196, 768)  size=115.6MB
  [WRITE]  ISMN_SNOTEL_ForestdaleCreek               s1_desc/l3 → s1_desc_l3.npy  shape=(703, 196, 768)  size=211.6MB
  [WRITE]  ISMN_SNOTEL_ForestdaleCreek               s1_desc/l6 → s1_desc_l6.npy  shape=(703, 196, 768)  size=211.6MB
  [WRITE]  ISMN_SNOTEL_ForestdaleCreek               s1_desc/l9 → s1_desc_l9.npy  shape=(703, 196, 768)  size=211.6MB
  [WRITE]  ISMN_SNOTEL_GreenMountain                 s2/l3 → s2_l3.npy  shape=(344, 196, 768)  size=103.6MB
  [WRITE]  ISMN_SNOTEL_GreenMountain                 s2/l6 → s2_l6.npy  shape=(344, 196, 768)  size=103.6MB
  [WRITE]  ISMN_SNOTEL_GreenMountain                 s2/l9 → s2_l9.npy  shape=(344, 196, 768)  size=103.6MB
  [WRITE]  ISMN_SNOTEL_GreenMountain                 s1_asc/l3 → s1_asc_l3.npy  shape=(268, 196, 768)  size=80.7MB
  [WRITE]  ISMN_SNOTEL_GreenMountain                 s1_asc/l6 → s1_asc_l6.npy  shape=(268, 196, 768)  size=80.7MB
  [WRITE]  ISMN_SNOTEL_GreenMountain                 s1_asc/l9 → s1_asc_l9.npy  shape=(268, 196, 768)  size=80.7MB
  [WRITE]  ISMN_SNOTEL_GreenMountain                 s1_desc/l3 → s1_desc_l3.npy  shape=(464, 196, 768)  size=139.7MB
  [WRITE]  ISMN_SNOTEL_GreenMountain                 s1_desc/l6 → s1_desc_l6.npy  shape=(464, 196, 768)  size=139.7MB
  [WRITE]  ISMN_SNOTEL_GreenMountain                 s1_desc/l9 → s1_desc_l9.npy  shape=(464, 196, 768)  size=139.7MB
  [WRITE]  ISMN_SNOTEL_GrizzlyPeak                   s2/l3 → s2_l3.npy  shape=(141, 196, 768)  size=42.4MB
  [WRITE]  ISMN_SNOTEL_GrizzlyPeak                   s2/l6 → s2_l6.npy  shape=(141, 196, 768)  size=42.4MB
  [WRITE]  ISMN_SNOTEL_GrizzlyPeak                   s2/l9 → s2_l9.npy  shape=(141, 196, 768)  size=42.4MB
  [WRITE]  ISMN_SNOTEL_GrizzlyPeak                   s1_asc/l3 → s1_asc_l3.npy  shape=(111, 196, 768)  size=33.4MB
  [WRITE]  ISMN_SNOTEL_GrizzlyPeak                   s1_asc/l6 → s1_asc_l6.npy  shape=(111, 196, 768)  size=33.4MB
  [WRITE]  ISMN_SNOTEL_GrizzlyPeak                   s1_asc/l9 → s1_asc_l9.npy  shape=(111, 196, 768)  size=33.4MB
  [WRITE]  ISMN_SNOTEL_GrizzlyPeak                   s1_desc/l3 → s1_desc_l3.npy  shape=(134, 196, 768)  size=40.3MB
  [WRITE]  ISMN_SNOTEL_GrizzlyPeak                   s1_desc/l6 → s1_desc_l6.npy  shape=(134, 196, 768)  size=40.3MB
  [WRITE]  ISMN_SNOTEL_GrizzlyPeak                   s1_desc/l9 → s1_desc_l9.npy  shape=(134, 196, 768)  size=40.3MB
  [WRITE]  ISMN_SNOTEL_GulkanaRiver                  s2/l3 → s2_l3.npy  shape=(374, 196, 768)  size=112.6MB
  [WRITE]  ISMN_SNOTEL_GulkanaRiver                  s2/l6 → s2_l6.npy  shape=(374, 196, 768)  size=112.6MB
  [WRITE]  ISMN_SNOTEL_GulkanaRiver                  s2/l9 → s2_l9.npy  shape=(374, 196, 768)  size=112.6MB
  [WRITE]  ISMN_SNOTEL_GulkanaRiver                  s1_asc/l3 → s1_asc_l3.npy  shape=(178, 196, 768)  size=53.6MB
  [WRITE]  ISMN_SNOTEL_GulkanaRiver                  s1_asc/l6 → s1_asc_l6.npy  shape=(178, 196, 768)  size=53.6MB
  [WRITE]  ISMN_SNOTEL_GulkanaRiver                  s1_asc/l9 → s1_asc_l9.npy  shape=(178, 196, 768)  size=53.6MB
  [WRITE]  ISMN_SNOTEL_GulkanaRiver                  s1_desc/l3 → s1_desc_l3.npy  shape=(156, 196, 768)  size=47.0MB
  [WRITE]  ISMN_SNOTEL_GulkanaRiver                  s1_desc/l6 → s1_desc_l6.npy  shape=(156, 196, 768)  size=47.0MB
  [WRITE]  ISMN_SNOTEL_GulkanaRiver                  s1_desc/l9 → s1_desc_l9.npy  shape=(156, 196, 768)  size=47.0MB
  [WRITE]  ISMN_SNOTEL_GutzPeak                      s2/l3 → s2_l3.npy  shape=(371, 196, 768)  size=111.7MB
  [WRITE]  ISMN_SNOTEL_GutzPeak                      s2/l6 → s2_l6.npy  shape=(371, 196, 768)  size=111.7MB
  [WRITE]  ISMN_SNOTEL_GutzPeak                      s2/l9 → s2_l9.npy  shape=(371, 196, 768)  size=111.7MB
  [WRITE]  ISMN_SNOTEL_GutzPeak                      s1_asc/l3 → s1_asc_l3.npy  shape=(90, 196, 768)  size=27.1MB
  [WRITE]  ISMN_SNOTEL_GutzPeak                      s1_asc/l6 → s1_asc_l6.npy  shape=(90, 196, 768)  size=27.1MB
  [WRITE]  ISMN_SNOTEL_GutzPeak                      s1_asc/l9 → s1_asc_l9.npy  shape=(90, 196, 768)  size=27.1MB
  [WRITE]  ISMN_SNOTEL_GutzPeak                      s1_desc/l3 → s1_desc_l3.npy  shape=(588, 196, 768)  size=177.0MB
  [WRITE]  ISMN_SNOTEL_GutzPeak                      s1_desc/l6 → s1_desc_l6.npy  shape=(588, 196, 768)  size=177.0MB
  [WRITE]  ISMN_SNOTEL_GutzPeak                      s1_desc/l9 → s1_desc_l9.npy  shape=(588, 196, 768)  size=177.0MB
  [WRITE]  ISMN_SNOTEL_ElkCabin                      s2/l3 → s2_l3.npy  shape=(288, 196, 768)  size=86.7MB
  [WRITE]  ISMN_SNOTEL_ElkCabin                      s2/l6 → s2_l6.npy  shape=(288, 196, 768)  size=86.7MB
  [WRITE]  ISMN_SNOTEL_ElkCabin                      s2/l9 → s2_l9.npy  shape=(288, 196, 768)  size=86.7MB
  [WRITE]  ISMN_SNOTEL_ElkCabin                      s1_asc/l3 → s1_asc_l3.npy  shape=(91, 196, 768)  size=27.4MB
  [WRITE]  ISMN_SNOTEL_ElkCabin                      s1_asc/l6 → s1_asc_l6.npy  shape=(91, 196, 768)  size=27.4MB
  [WRITE]  ISMN_SNOTEL_ElkCabin                      s1_asc/l9 → s1_asc_l9.npy  shape=(91, 196, 768)  size=27.4MB
  [WRITE]  ISMN_SNOTEL_ElkCabin                      s1_desc/l3 → s1_desc_l3.npy  shape=(187, 196, 768)  size=56.3MB
  [WRITE]  ISMN_SNOTEL_ElkCabin                      s1_desc/l6 → s1_desc_l6.npy  shape=(187, 196, 768)  size=56.3MB
  [WRITE]  ISMN_SNOTEL_ElkCabin                      s1_desc/l9 → s1_desc_l9.npy  shape=(187, 196, 768)  size=56.3MB
  [WRITE]  ISMN_SNOTEL_ExitGlacier                   s2/l3 → s2_l3.npy  shape=(449, 196, 768)  size=135.2MB
  [WRITE]  ISMN_SNOTEL_ExitGlacier                   s2/l6 → s2_l6.npy  shape=(449, 196, 768)  size=135.2MB
  [WRITE]  ISMN_SNOTEL_ExitGlacier                   s2/l9 → s2_l9.npy  shape=(449, 196, 768)  size=135.2MB
  [WRITE]  ISMN_SNOTEL_ExitGlacier                   s1_asc/l3 → s1_asc_l3.npy  shape=(141, 196, 768)  size=42.4MB
  [WRITE]  ISMN_SNOTEL_ExitGlacier                   s1_asc/l6 → s1_asc_l6.npy  shape=(141, 196, 768)  size=42.4MB
  [WRITE]  ISMN_SNOTEL_ExitGlacier                   s1_asc/l9 → s1_asc_l9.npy  shape=(141, 196, 768)  size=42.4MB
  [WRITE]  ISMN_SNOTEL_ExitGlacier                   s1_desc/l3 → s1_desc_l3.npy  shape=(414, 196, 768)  size=124.6MB
  [WRITE]  ISMN_SNOTEL_ExitGlacier                   s1_desc/l6 → s1_desc_l6.npy  shape=(414, 196, 768)  size=124.6MB
  [WRITE]  ISMN_SNOTEL_ExitGlacier                   s1_desc/l9 → s1_desc_l9.npy  shape=(414, 196, 768)  size=124.6MB
  [WRITE]  ISMN_SNOTEL_FallenLeaf                    s2/l3 → s2_l3.npy  shape=(455, 196, 768)  size=137.0MB
  [WRITE]  ISMN_SNOTEL_FallenLeaf                    s2/l6 → s2_l6.npy  shape=(455, 196, 768)  size=137.0MB
  [WRITE]  ISMN_SNOTEL_FallenLeaf                    s2/l9 → s2_l9.npy  shape=(455, 196, 768)  size=137.0MB
  [WRITE]  ISMN_SNOTEL_FallenLeaf                    s1_asc/l3 → s1_asc_l3.npy  shape=(171, 196, 768)  size=51.5MB
  [WRITE]  ISMN_SNOTEL_FallenLeaf                    s1_asc/l6 → s1_asc_l6.npy  shape=(171, 196, 768)  size=51.5MB
  [WRITE]  ISMN_SNOTEL_FallenLeaf                    s1_asc/l9 → s1_asc_l9.npy  shape=(171, 196, 768)  size=51.5MB
  [WRITE]  ISMN_SNOTEL_FallenLeaf                    s1_desc/l3 → s1_desc_l3.npy  shape=(335, 196, 768)  size=100.9MB
  [WRITE]  ISMN_SNOTEL_FallenLeaf                    s1_desc/l6 → s1_desc_l6.npy  shape=(335, 196, 768)  size=100.9MB
  [WRITE]  ISMN_SNOTEL_FallenLeaf                    s1_desc/l9 → s1_desc_l9.npy  shape=(335, 196, 768)  size=100.9MB
  [WRITE]  ISMN_SNOTEL_Farmington                    s2/l3 → s2_l3.npy  shape=(633, 196, 768)  size=190.6MB
  [WRITE]  ISMN_SNOTEL_Farmington                    s2/l6 → s2_l6.npy  shape=(633, 196, 768)  size=190.6MB
  [WRITE]  ISMN_SNOTEL_Farmington                    s2/l9 → s2_l9.npy  shape=(633, 196, 768)  size=190.6MB
  [WRITE]  ISMN_SNOTEL_Farmington                    s1_asc/l3 → s1_asc_l3.npy  shape=(298, 196, 768)  size=89.7MB
  [WRITE]  ISMN_SNOTEL_Farmington                    s1_asc/l6 → s1_asc_l6.npy  shape=(298, 196, 768)  size=89.7MB
  [WRITE]  ISMN_SNOTEL_Farmington                    s1_asc/l9 → s1_asc_l9.npy  shape=(298, 196, 768)  size=89.7MB
  [WRITE]  ISMN_SNOTEL_Farmington                    s1_desc/l3 → s1_desc_l3.npy  shape=(257, 196, 768)  size=77.4MB
  [WRITE]  ISMN_SNOTEL_Farmington                    s1_desc/l6 → s1_desc_l6.npy  shape=(257, 196, 768)  size=77.4MB
  [WRITE]  ISMN_SNOTEL_Farmington                    s1_desc/l9 → s1_desc_l9.npy  shape=(257, 196, 768)  size=77.4MB
  [WRITE]  ISMN_SMOSMANIA_Condom                     s2/l3 → s2_l3.npy  shape=(139, 196, 768)  size=41.8MB
  [WRITE]  ISMN_SMOSMANIA_Condom                     s2/l6 → s2_l6.npy  shape=(139, 196, 768)  size=41.8MB
  [WRITE]  ISMN_SMOSMANIA_Condom                     s2/l9 → s2_l9.npy  shape=(139, 196, 768)  size=41.8MB
  [WRITE]  ISMN_SMOSMANIA_Condom                     s1_asc/l3 → s1_asc_l3.npy  shape=(538, 196, 768)  size=162.0MB
  [WRITE]  ISMN_SMOSMANIA_Condom                     s1_asc/l6 → s1_asc_l6.npy  shape=(538, 196, 768)  size=162.0MB
  [WRITE]  ISMN_SMOSMANIA_Condom                     s1_asc/l9 → s1_asc_l9.npy  shape=(538, 196, 768)  size=162.0MB
  [WRITE]  ISMN_SMOSMANIA_Condom                     s1_desc/l3 → s1_desc_l3.npy  shape=(604, 196, 768)  size=181.8MB
  [WRITE]  ISMN_SMOSMANIA_Condom                     s1_desc/l6 → s1_desc_l6.npy  shape=(604, 196, 768)  size=181.8MB
  [WRITE]  ISMN_SMOSMANIA_Condom                     s1_desc/l9 → s1_desc_l9.npy  shape=(604, 196, 768)  size=181.8MB
  [WRITE]  ISMN_SMOSMANIA_CreondArmagnac             s2/l3 → s2_l3.npy  shape=(123, 196, 768)  size=37.0MB
  [WRITE]  ISMN_SMOSMANIA_CreondArmagnac             s2/l6 → s2_l6.npy  shape=(123, 196, 768)  size=37.0MB
  [WRITE]  ISMN_SMOSMANIA_CreondArmagnac             s2/l9 → s2_l9.npy  shape=(123, 196, 768)  size=37.0MB
  [WRITE]  ISMN_SMOSMANIA_CreondArmagnac             s1_asc/l3 → s1_asc_l3.npy  shape=(335, 196, 768)  size=100.9MB
  [WRITE]  ISMN_SMOSMANIA_CreondArmagnac             s1_asc/l6 → s1_asc_l6.npy  shape=(335, 196, 768)  size=100.9MB
  [WRITE]  ISMN_SMOSMANIA_CreondArmagnac             s1_asc/l9 → s1_asc_l9.npy  shape=(335, 196, 768)  size=100.9MB
  [WRITE]  ISMN_SMOSMANIA_CreondArmagnac             s1_desc/l3 → s1_desc_l3.npy  shape=(345, 196, 768)  size=103.9MB
  [WRITE]  ISMN_SMOSMANIA_CreondArmagnac             s1_desc/l6 → s1_desc_l6.npy  shape=(345, 196, 768)  size=103.9MB
  [WRITE]  ISMN_SMOSMANIA_CreondArmagnac             s1_desc/l9 → s1_desc_l9.npy  shape=(345, 196, 768)  size=103.9MB
  [WRITE]  ISMN_SMOSMANIA_LaGrandCombe               s2/l3 → s2_l3.npy  shape=(214, 196, 768)  size=64.4MB
  [WRITE]  ISMN_SMOSMANIA_LaGrandCombe               s2/l6 → s2_l6.npy  shape=(214, 196, 768)  size=64.4MB
  [WRITE]  ISMN_SMOSMANIA_LaGrandCombe               s2/l9 → s2_l9.npy  shape=(214, 196, 768)  size=64.4MB
  [WRITE]  ISMN_SMOSMANIA_LaGrandCombe               s1_asc/l3 → s1_asc_l3.npy  shape=(377, 196, 768)  size=113.5MB
  [WRITE]  ISMN_SMOSMANIA_LaGrandCombe               s1_asc/l6 → s1_asc_l6.npy  shape=(377, 196, 768)  size=113.5MB
  [WRITE]  ISMN_SMOSMANIA_LaGrandCombe               s1_asc/l9 → s1_asc_l9.npy  shape=(377, 196, 768)  size=113.5MB
  [WRITE]  ISMN_SMOSMANIA_LaGrandCombe               s1_desc/l3 → s1_desc_l3.npy  shape=(374, 196, 768)  size=112.6MB
  [WRITE]  ISMN_SMOSMANIA_LaGrandCombe               s1_desc/l6 → s1_desc_l6.npy  shape=(374, 196, 768)  size=112.6MB
  [WRITE]  ISMN_SMOSMANIA_LaGrandCombe               s1_desc/l9 → s1_desc_l9.npy  shape=(374, 196, 768)  size=112.6MB
  [WRITE]  ISMN_SMOSMANIA_Lahas                      s2/l3 → s2_l3.npy  shape=(179, 196, 768)  size=53.9MB
  [WRITE]  ISMN_SMOSMANIA_Lahas                      s2/l6 → s2_l6.npy  shape=(179, 196, 768)  size=53.9MB
  [WRITE]  ISMN_SMOSMANIA_Lahas                      s2/l9 → s2_l9.npy  shape=(179, 196, 768)  size=53.9MB
  [WRITE]  ISMN_SMOSMANIA_Lahas                      s1_asc/l3 → s1_asc_l3.npy  shape=(679, 196, 768)  size=204.4MB
  [WRITE]  ISMN_SMOSMANIA_Lahas                      s1_asc/l6 → s1_asc_l6.npy  shape=(679, 196, 768)  size=204.4MB
  [WRITE]  ISMN_SMOSMANIA_Lahas                      s1_asc/l9 → s1_asc_l9.npy  shape=(679, 196, 768)  size=204.4MB
  [WRITE]  ISMN_SMOSMANIA_Lahas                      s1_desc/l3 → s1_desc_l3.npy  shape=(741, 196, 768)  size=223.1MB
  [WRITE]  ISMN_SMOSMANIA_Lahas                      s1_desc/l6 → s1_desc_l6.npy  shape=(741, 196, 768)  size=223.1MB
  [WRITE]  ISMN_SMOSMANIA_Lahas                      s1_desc/l9 → s1_desc_l9.npy  shape=(741, 196, 768)  size=223.1MB
  [WRITE]  ISMN_SNOTEL_LonesomeBeaver                s2/l3 → s2_l3.npy  shape=(701, 196, 768)  size=211.0MB
  [WRITE]  ISMN_SNOTEL_LonesomeBeaver                s2/l6 → s2_l6.npy  shape=(701, 196, 768)  size=211.0MB
  [WRITE]  ISMN_SNOTEL_LonesomeBeaver                s2/l9 → s2_l9.npy  shape=(701, 196, 768)  size=211.0MB
  [WRITE]  ISMN_SNOTEL_LonesomeBeaver                s1_asc/l3 → s1_asc_l3.npy  shape=(297, 196, 768)  size=89.4MB
  [WRITE]  ISMN_SNOTEL_LonesomeBeaver                s1_asc/l6 → s1_asc_l6.npy  shape=(297, 196, 768)  size=89.4MB
  [WRITE]  ISMN_SNOTEL_LonesomeBeaver                s1_asc/l9 → s1_asc_l9.npy  shape=(297, 196, 768)  size=89.4MB
  [WRITE]  ISMN_SNOTEL_LonesomeBeaver                s1_desc/l3 → s1_desc_l3.npy  shape=(234, 196, 768)  size=70.4MB
  [WRITE]  ISMN_SNOTEL_LonesomeBeaver                s1_desc/l6 → s1_desc_l6.npy  shape=(234, 196, 768)  size=70.4MB
  [WRITE]  ISMN_SNOTEL_LonesomeBeaver                s1_desc/l9 → s1_desc_l9.npy  shape=(234, 196, 768)  size=70.4MB
  [WRITE]  ISMN_SNOTEL_LongDrawResv                  s2/l3 → s2_l3.npy  shape=(81, 196, 768)  size=24.4MB
  [WRITE]  ISMN_SNOTEL_LongDrawResv                  s2/l6 → s2_l6.npy  shape=(81, 196, 768)  size=24.4MB
  [WRITE]  ISMN_SNOTEL_LongDrawResv                  s2/l9 → s2_l9.npy  shape=(81, 196, 768)  size=24.4MB
  [WRITE]  ISMN_SNOTEL_LongDrawResv                  s1_asc/l3 → s1_asc_l3.npy  shape=(151, 196, 768)  size=45.5MB
  [WRITE]  ISMN_SNOTEL_LongDrawResv                  s1_asc/l6 → s1_asc_l6.npy  shape=(151, 196, 768)  size=45.5MB
  [WRITE]  ISMN_SNOTEL_LongDrawResv                  s1_asc/l9 → s1_asc_l9.npy  shape=(151, 196, 768)  size=45.5MB
  [WRITE]  ISMN_SNOTEL_LongDrawResv                  s1_desc/l3 → s1_desc_l3.npy  shape=(89, 196, 768)  size=26.8MB
  [WRITE]  ISMN_SNOTEL_LongDrawResv                  s1_desc/l6 → s1_desc_l6.npy  shape=(89, 196, 768)  size=26.8MB
  [WRITE]  ISMN_SNOTEL_LongDrawResv                  s1_desc/l9 → s1_desc_l9.npy  shape=(89, 196, 768)  size=26.8MB
  [WRITE]  ISMN_SNOTEL_LongFlat                      s2/l3 → s2_l3.npy  shape=(251, 196, 768)  size=75.6MB
  [WRITE]  ISMN_SNOTEL_LongFlat                      s2/l6 → s2_l6.npy  shape=(251, 196, 768)  size=75.6MB
  [WRITE]  ISMN_SNOTEL_LongFlat                      s2/l9 → s2_l9.npy  shape=(251, 196, 768)  size=75.6MB
  [WRITE]  ISMN_SNOTEL_LongFlat                      s1_asc/l3 → s1_asc_l3.npy  shape=(117, 196, 768)  size=35.2MB
  [WRITE]  ISMN_SNOTEL_LongFlat                      s1_asc/l6 → s1_asc_l6.npy  shape=(117, 196, 768)  size=35.2MB
  [WRITE]  ISMN_SNOTEL_LongFlat                      s1_asc/l9 → s1_asc_l9.npy  shape=(117, 196, 768)  size=35.2MB
  [WRITE]  ISMN_SNOTEL_LongFlat                      s1_desc/l3 → s1_desc_l3.npy  shape=(97, 196, 768)  size=29.2MB
  [WRITE]  ISMN_SNOTEL_LongFlat                      s1_desc/l6 → s1_desc_l6.npy  shape=(97, 196, 768)  size=29.2MB
  [WRITE]  ISMN_SNOTEL_LongFlat                      s1_desc/l9 → s1_desc_l9.npy  shape=(97, 196, 768)  size=29.2MB
  [WRITE]  ISMN_SNOTEL_LongValley                    s2/l3 → s2_l3.npy  shape=(72, 196, 768)  size=21.7MB
  [WRITE]  ISMN_SNOTEL_LongValley                    s2/l6 → s2_l6.npy  shape=(72, 196, 768)  size=21.7MB
  [WRITE]  ISMN_SNOTEL_LongValley                    s2/l9 → s2_l9.npy  shape=(72, 196, 768)  size=21.7MB
  [WRITE]  ISMN_SNOTEL_LongValley                    s1_asc/l3 → s1_asc_l3.npy  shape=(7, 196, 768)  size=2.1MB
  [WRITE]  ISMN_SNOTEL_LongValley                    s1_asc/l6 → s1_asc_l6.npy  shape=(7, 196, 768)  size=2.1MB
  [WRITE]  ISMN_SNOTEL_LongValley                    s1_asc/l9 → s1_asc_l9.npy  shape=(7, 196, 768)  size=2.1MB
  [WRITE]  ISMN_SNOTEL_LongValley                    s1_desc/l3 → s1_desc_l3.npy  shape=(40, 196, 768)  size=12.0MB
  [WRITE]  ISMN_SNOTEL_LongValley                    s1_desc/l6 → s1_desc_l6.npy  shape=(40, 196, 768)  size=12.0MB
  [WRITE]  ISMN_SNOTEL_LongValley                    s1_desc/l9 → s1_desc_l9.npy  shape=(40, 196, 768)  size=12.0MB
  [WRITE]  ISMN_SNOTEL_BuckskinLower                 s2/l3 → s2_l3.npy  shape=(330, 196, 768)  size=99.3MB
  [WRITE]  ISMN_SNOTEL_BuckskinLower                 s2/l6 → s2_l6.npy  shape=(330, 196, 768)  size=99.3MB
  [WRITE]  ISMN_SNOTEL_BuckskinLower                 s2/l9 → s2_l9.npy  shape=(330, 196, 768)  size=99.3MB
  [WRITE]  ISMN_SNOTEL_BuckskinLower                 s1_asc/l3 → s1_asc_l3.npy  shape=(153, 196, 768)  size=46.1MB
  [WRITE]  ISMN_SNOTEL_BuckskinLower                 s1_asc/l6 → s1_asc_l6.npy  shape=(153, 196, 768)  size=46.1MB
  [WRITE]  ISMN_SNOTEL_BuckskinLower                 s1_asc/l9 → s1_asc_l9.npy  shape=(153, 196, 768)  size=46.1MB
  [WRITE]  ISMN_SNOTEL_BuckskinLower                 s1_desc/l3 → s1_desc_l3.npy  shape=(498, 196, 768)  size=149.9MB
  [WRITE]  ISMN_SNOTEL_BuckskinLower                 s1_desc/l6 → s1_desc_l6.npy  shape=(498, 196, 768)  size=149.9MB
  [WRITE]  ISMN_SNOTEL_BuckskinLower                 s1_desc/l9 → s1_desc_l9.npy  shape=(498, 196, 768)  size=149.9MB
  [WRITE]  ISMN_SNOTEL_BugLake                       s2/l3 → s2_l3.npy  shape=(605, 196, 768)  size=182.1MB
  [WRITE]  ISMN_SNOTEL_BugLake                       s2/l6 → s2_l6.npy  shape=(605, 196, 768)  size=182.1MB
  [WRITE]  ISMN_SNOTEL_BugLake                       s2/l9 → s2_l9.npy  shape=(605, 196, 768)  size=182.1MB
  [WRITE]  ISMN_SNOTEL_BugLake                       s1_asc/l3 → s1_asc_l3.npy  shape=(139, 196, 768)  size=41.8MB
  [WRITE]  ISMN_SNOTEL_BugLake                       s1_asc/l6 → s1_asc_l6.npy  shape=(139, 196, 768)  size=41.8MB
  [WRITE]  ISMN_SNOTEL_BugLake                       s1_asc/l9 → s1_asc_l9.npy  shape=(139, 196, 768)  size=41.8MB
  [WRITE]  ISMN_SNOTEL_BugLake                       s1_desc/l3 → s1_desc_l3.npy  shape=(492, 196, 768)  size=148.1MB
  [WRITE]  ISMN_SNOTEL_BugLake                       s1_desc/l6 → s1_desc_l6.npy  shape=(492, 196, 768)  size=148.1MB
  [WRITE]  ISMN_SNOTEL_BugLake                       s1_desc/l9 → s1_desc_l9.npy  shape=(492, 196, 768)  size=148.1MB
  [WRITE]  ISMN_SNOTEL_BurntMountain                 s2/l3 → s2_l3.npy  shape=(214, 196, 768)  size=64.4MB
  [WRITE]  ISMN_SNOTEL_BurntMountain                 s2/l6 → s2_l6.npy  shape=(214, 196, 768)  size=64.4MB
  [WRITE]  ISMN_SNOTEL_BurntMountain                 s2/l9 → s2_l9.npy  shape=(214, 196, 768)  size=64.4MB
  [WRITE]  ISMN_SNOTEL_BurntMountain                 s1_asc/l3 → s1_asc_l3.npy  shape=(312, 196, 768)  size=93.9MB
  [WRITE]  ISMN_SNOTEL_BurntMountain                 s1_asc/l6 → s1_asc_l6.npy  shape=(312, 196, 768)  size=93.9MB
  [WRITE]  ISMN_SNOTEL_BurntMountain                 s1_asc/l9 → s1_asc_l9.npy  shape=(312, 196, 768)  size=93.9MB
  [WRITE]  ISMN_SNOTEL_BurntMountain                 s1_desc/l3 → s1_desc_l3.npy  shape=(280, 196, 768)  size=84.3MB
  [WRITE]  ISMN_SNOTEL_BurntMountain                 s1_desc/l6 → s1_desc_l6.npy  shape=(280, 196, 768)  size=84.3MB
  [WRITE]  ISMN_SNOTEL_BurntMountain                 s1_desc/l9 → s1_desc_l9.npy  shape=(280, 196, 768)  size=84.3MB
  [WRITE]  ISMN_SNOTEL_BurroMountain                 s2/l3 → s2_l3.npy  shape=(385, 196, 768)  size=115.9MB
  [WRITE]  ISMN_SNOTEL_BurroMountain                 s2/l6 → s2_l6.npy  shape=(385, 196, 768)  size=115.9MB
  [WRITE]  ISMN_SNOTEL_BurroMountain                 s2/l9 → s2_l9.npy  shape=(385, 196, 768)  size=115.9MB
  [WRITE]  ISMN_SNOTEL_BurroMountain                 s1_asc/l3 → s1_asc_l3.npy  shape=(307, 196, 768)  size=92.4MB
  [WRITE]  ISMN_SNOTEL_BurroMountain                 s1_asc/l6 → s1_asc_l6.npy  shape=(307, 196, 768)  size=92.4MB
  [WRITE]  ISMN_SNOTEL_BurroMountain                 s1_asc/l9 → s1_asc_l9.npy  shape=(307, 196, 768)  size=92.4MB
  [WRITE]  ISMN_SNOTEL_BurroMountain                 s1_desc/l3 → s1_desc_l3.npy  shape=(327, 196, 768)  size=98.4MB
  [WRITE]  ISMN_SNOTEL_BurroMountain                 s1_desc/l6 → s1_desc_l6.npy  shape=(327, 196, 768)  size=98.4MB
  [WRITE]  ISMN_SNOTEL_BurroMountain                 s1_desc/l9 → s1_desc_l9.npy  shape=(327, 196, 768)  size=98.4MB
  [WRITE]  ISMN_SNOTEL_BurtsMillerRanch              s2/l3 → s2_l3.npy  shape=(245, 196, 768)  size=73.8MB
  [WRITE]  ISMN_SNOTEL_BurtsMillerRanch              s2/l6 → s2_l6.npy  shape=(245, 196, 768)  size=73.8MB
  [WRITE]  ISMN_SNOTEL_BurtsMillerRanch              s2/l9 → s2_l9.npy  shape=(245, 196, 768)  size=73.8MB
  [WRITE]  ISMN_SNOTEL_BurtsMillerRanch              s1_asc/l3 → s1_asc_l3.npy  shape=(95, 196, 768)  size=28.6MB
  [WRITE]  ISMN_SNOTEL_BurtsMillerRanch              s1_asc/l6 → s1_asc_l6.npy  shape=(95, 196, 768)  size=28.6MB
  [WRITE]  ISMN_SNOTEL_BurtsMillerRanch              s1_asc/l9 → s1_asc_l9.npy  shape=(95, 196, 768)  size=28.6MB
  [WRITE]  ISMN_SNOTEL_BurtsMillerRanch              s1_desc/l3 → s1_desc_l3.npy  shape=(385, 196, 768)  size=115.9MB
  [WRITE]  ISMN_SNOTEL_BurtsMillerRanch              s1_desc/l6 → s1_desc_l6.npy  shape=(385, 196, 768)  size=115.9MB
  [WRITE]  ISMN_SNOTEL_BurtsMillerRanch              s1_desc/l9 → s1_desc_l9.npy  shape=(385, 196, 768)  size=115.9MB
  [WRITE]  ISMN_SNOTEL_Butte                         s2/l3 → s2_l3.npy  shape=(315, 196, 768)  size=94.8MB
  [WRITE]  ISMN_SNOTEL_Butte                         s2/l6 → s2_l6.npy  shape=(315, 196, 768)  size=94.8MB
  [WRITE]  ISMN_SNOTEL_Butte                         s2/l9 → s2_l9.npy  shape=(315, 196, 768)  size=94.8MB
  [WRITE]  ISMN_SNOTEL_Butte                         s1_asc/l3 → s1_asc_l3.npy  shape=(444, 196, 768)  size=133.7MB
  [WRITE]  ISMN_SNOTEL_Butte                         s1_asc/l6 → s1_asc_l6.npy  shape=(444, 196, 768)  size=133.7MB
  [WRITE]  ISMN_SNOTEL_Butte                         s1_asc/l9 → s1_asc_l9.npy  shape=(444, 196, 768)  size=133.7MB
  [WRITE]  ISMN_SNOTEL_Butte                         s1_desc/l3 → s1_desc_l3.npy  shape=(247, 196, 768)  size=74.4MB
  [WRITE]  ISMN_SNOTEL_Butte                         s1_desc/l6 → s1_desc_l6.npy  shape=(247, 196, 768)  size=74.4MB
  [WRITE]  ISMN_SNOTEL_Butte                         s1_desc/l9 → s1_desc_l9.npy  shape=(247, 196, 768)  size=74.4MB
  [WRITE]  ISMN_SNOTEL_CampJackson                   s2/l3 → s2_l3.npy  shape=(313, 196, 768)  size=94.2MB
  [WRITE]  ISMN_SNOTEL_CampJackson                   s2/l6 → s2_l6.npy  shape=(313, 196, 768)  size=94.2MB
  [WRITE]  ISMN_SNOTEL_CampJackson                   s2/l9 → s2_l9.npy  shape=(313, 196, 768)  size=94.2MB
  [WRITE]  ISMN_SNOTEL_CampJackson                   s1_asc/l3 → s1_asc_l3.npy  shape=(98, 196, 768)  size=29.5MB
  [WRITE]  ISMN_SNOTEL_CampJackson                   s1_asc/l6 → s1_asc_l6.npy  shape=(98, 196, 768)  size=29.5MB
  [WRITE]  ISMN_SNOTEL_CampJackson                   s1_asc/l9 → s1_asc_l9.npy  shape=(98, 196, 768)  size=29.5MB
  [WRITE]  ISMN_SNOTEL_CampJackson                   s1_desc/l3 → s1_desc_l3.npy  shape=(413, 196, 768)  size=124.3MB
  [WRITE]  ISMN_SNOTEL_CampJackson                   s1_desc/l6 → s1_desc_l6.npy  shape=(413, 196, 768)  size=124.3MB
  [WRITE]  ISMN_SNOTEL_CampJackson                   s1_desc/l9 → s1_desc_l9.npy  shape=(413, 196, 768)  size=124.3MB
  [WRITE]  ISMN_SNOTEL_CarsonPass                    s2/l3 → s2_l3.npy  shape=(606, 196, 768)  size=182.4MB
  [WRITE]  ISMN_SNOTEL_CarsonPass                    s2/l6 → s2_l6.npy  shape=(606, 196, 768)  size=182.4MB
  [WRITE]  ISMN_SNOTEL_CarsonPass                    s2/l9 → s2_l9.npy  shape=(606, 196, 768)  size=182.4MB
  [WRITE]  ISMN_SNOTEL_CarsonPass                    s1_asc/l3 → s1_asc_l3.npy  shape=(297, 196, 768)  size=89.4MB
  [WRITE]  ISMN_SNOTEL_CarsonPass                    s1_asc/l6 → s1_asc_l6.npy  shape=(297, 196, 768)  size=89.4MB
  [WRITE]  ISMN_SNOTEL_CarsonPass                    s1_asc/l9 → s1_asc_l9.npy  shape=(297, 196, 768)  size=89.4MB
  [WRITE]  ISMN_SNOTEL_CarsonPass                    s1_desc/l3 → s1_desc_l3.npy  shape=(534, 196, 768)  size=160.8MB
  [WRITE]  ISMN_SNOTEL_CarsonPass                    s1_desc/l6 → s1_desc_l6.npy  shape=(534, 196, 768)  size=160.8MB
  [WRITE]  ISMN_SNOTEL_CarsonPass                    s1_desc/l9 → s1_desc_l9.npy  shape=(534, 196, 768)  size=160.8MB
  [WRITE]  ISMN_SNOTEL_JacksPeak                     s2/l3 → s2_l3.npy  shape=(182, 196, 768)  size=54.8MB
  [WRITE]  ISMN_SNOTEL_JacksPeak                     s2/l6 → s2_l6.npy  shape=(182, 196, 768)  size=54.8MB
  [WRITE]  ISMN_SNOTEL_JacksPeak                     s2/l9 → s2_l9.npy  shape=(182, 196, 768)  size=54.8MB
  [WRITE]  ISMN_SNOTEL_JacksPeak                     s1_asc/l3 → s1_asc_l3.npy  shape=(226, 196, 768)  size=68.0MB
  [WRITE]  ISMN_SNOTEL_JacksPeak                     s1_asc/l6 → s1_asc_l6.npy  shape=(226, 196, 768)  size=68.0MB
  [WRITE]  ISMN_SNOTEL_JacksPeak                     s1_asc/l9 → s1_asc_l9.npy  shape=(226, 196, 768)  size=68.0MB
  [WRITE]  ISMN_SNOTEL_JacksPeak                     s1_desc/l3 → s1_desc_l3.npy  shape=(208, 196, 768)  size=62.6MB
  [WRITE]  ISMN_SNOTEL_JacksPeak                     s1_desc/l6 → s1_desc_l6.npy  shape=(208, 196, 768)  size=62.6MB
  [WRITE]  ISMN_SNOTEL_JacksPeak                     s1_desc/l9 → s1_desc_l9.npy  shape=(208, 196, 768)  size=62.6MB
  [WRITE]  ISMN_SNOTEL_JacksonPeak                   s2/l3 → s2_l3.npy  shape=(379, 196, 768)  size=114.1MB
  [WRITE]  ISMN_SNOTEL_JacksonPeak                   s2/l6 → s2_l6.npy  shape=(379, 196, 768)  size=114.1MB
  [WRITE]  ISMN_SNOTEL_JacksonPeak                   s2/l9 → s2_l9.npy  shape=(379, 196, 768)  size=114.1MB
  [WRITE]  ISMN_SNOTEL_JacksonPeak                   s1_asc/l3 → s1_asc_l3.npy  shape=(199, 196, 768)  size=59.9MB
  [WRITE]  ISMN_SNOTEL_JacksonPeak                   s1_asc/l6 → s1_asc_l6.npy  shape=(199, 196, 768)  size=59.9MB
  [WRITE]  ISMN_SNOTEL_JacksonPeak                   s1_asc/l9 → s1_asc_l9.npy  shape=(199, 196, 768)  size=59.9MB
  [WRITE]  ISMN_SNOTEL_JacksonPeak                   s1_desc/l3 → s1_desc_l3.npy  shape=(201, 196, 768)  size=60.5MB
  [WRITE]  ISMN_SNOTEL_JacksonPeak                   s1_desc/l6 → s1_desc_l6.npy  shape=(201, 196, 768)  size=60.5MB
  [WRITE]  ISMN_SNOTEL_JacksonPeak                   s1_desc/l9 → s1_desc_l9.npy  shape=(201, 196, 768)  size=60.5MB
  [WRITE]  ISMN_SNOTEL_JackwhackerGulch              s2/l3 → s2_l3.npy  shape=(184, 196, 768)  size=55.4MB
  [WRITE]  ISMN_SNOTEL_JackwhackerGulch              s2/l6 → s2_l6.npy  shape=(184, 196, 768)  size=55.4MB
  [WRITE]  ISMN_SNOTEL_JackwhackerGulch              s2/l9 → s2_l9.npy  shape=(184, 196, 768)  size=55.4MB
  [WRITE]  ISMN_SNOTEL_JackwhackerGulch              s1_asc/l3 → s1_asc_l3.npy  shape=(125, 196, 768)  size=37.6MB
  [WRITE]  ISMN_SNOTEL_JackwhackerGulch              s1_asc/l6 → s1_asc_l6.npy  shape=(125, 196, 768)  size=37.6MB
  [WRITE]  ISMN_SNOTEL_JackwhackerGulch              s1_asc/l9 → s1_asc_l9.npy  shape=(125, 196, 768)  size=37.6MB
  [WRITE]  ISMN_SNOTEL_JackwhackerGulch              s1_desc/l3 → s1_desc_l3.npy  shape=(148, 196, 768)  size=44.6MB
  [WRITE]  ISMN_SNOTEL_JackwhackerGulch              s1_desc/l6 → s1_desc_l6.npy  shape=(148, 196, 768)  size=44.6MB
  [WRITE]  ISMN_SNOTEL_JackwhackerGulch              s1_desc/l9 → s1_desc_l9.npy  shape=(148, 196, 768)  size=44.6MB
  [WRITE]  ISMN_SNOTEL_JonesCorral                   s2/l3 → s2_l3.npy  shape=(334, 196, 768)  size=100.6MB
  [WRITE]  ISMN_SNOTEL_JonesCorral                   s2/l6 → s2_l6.npy  shape=(334, 196, 768)  size=100.6MB
  [WRITE]  ISMN_SNOTEL_JonesCorral                   s2/l9 → s2_l9.npy  shape=(334, 196, 768)  size=100.6MB
  [WRITE]  ISMN_SNOTEL_JonesCorral                   s1_asc/l3 → s1_asc_l3.npy  shape=(155, 196, 768)  size=46.7MB
  [WRITE]  ISMN_SNOTEL_JonesCorral                   s1_asc/l6 → s1_asc_l6.npy  shape=(155, 196, 768)  size=46.7MB
  [WRITE]  ISMN_SNOTEL_JonesCorral                   s1_asc/l9 → s1_asc_l9.npy  shape=(155, 196, 768)  size=46.7MB
  [WRITE]  ISMN_SNOTEL_JonesCorral                   s1_desc/l3 → s1_desc_l3.npy  shape=(493, 196, 768)  size=148.4MB
  [WRITE]  ISMN_SNOTEL_JonesCorral                   s1_desc/l6 → s1_desc_l6.npy  shape=(493, 196, 768)  size=148.4MB
  [WRITE]  ISMN_SNOTEL_JonesCorral                   s1_desc/l9 → s1_desc_l9.npy  shape=(493, 196, 768)  size=148.4MB
  [WRITE]  ISMN_SNOTEL_BoxSprings                    s2/l3 → s2_l3.npy  shape=(114, 196, 768)  size=34.3MB
  [WRITE]  ISMN_SNOTEL_BoxSprings                    s2/l6 → s2_l6.npy  shape=(114, 196, 768)  size=34.3MB
  [WRITE]  ISMN_SNOTEL_BoxSprings                    s2/l9 → s2_l9.npy  shape=(114, 196, 768)  size=34.3MB
  [WRITE]  ISMN_SNOTEL_BoxSprings                    s1_asc/l3 → s1_asc_l3.npy  shape=(83, 196, 768)  size=25.0MB
  [WRITE]  ISMN_SNOTEL_BoxSprings                    s1_asc/l6 → s1_asc_l6.npy  shape=(83, 196, 768)  size=25.0MB
  [WRITE]  ISMN_SNOTEL_BoxSprings                    s1_asc/l9 → s1_asc_l9.npy  shape=(83, 196, 768)  size=25.0MB
  [WRITE]  ISMN_SNOTEL_BoxSprings                    s1_desc/l3 → s1_desc_l3.npy  shape=(165, 196, 768)  size=49.7MB
  [WRITE]  ISMN_SNOTEL_BoxSprings                    s1_desc/l6 → s1_desc_l6.npy  shape=(165, 196, 768)  size=49.7MB
  [WRITE]  ISMN_SNOTEL_BoxSprings                    s1_desc/l9 → s1_desc_l9.npy  shape=(165, 196, 768)  size=49.7MB
  [WRITE]  ISMN_SNOTEL_BrianHead                     s2/l3 → s2_l3.npy  shape=(672, 196, 768)  size=202.3MB
  [WRITE]  ISMN_SNOTEL_BrianHead                     s2/l6 → s2_l6.npy  shape=(672, 196, 768)  size=202.3MB
  [WRITE]  ISMN_SNOTEL_BrianHead                     s2/l9 → s2_l9.npy  shape=(672, 196, 768)  size=202.3MB
  [WRITE]  ISMN_SNOTEL_BrianHead                     s1_asc/l3 → s1_asc_l3.npy  shape=(255, 196, 768)  size=76.8MB
  [WRITE]  ISMN_SNOTEL_BrianHead                     s1_asc/l6 → s1_asc_l6.npy  shape=(255, 196, 768)  size=76.8MB
  [WRITE]  ISMN_SNOTEL_BrianHead                     s1_asc/l9 → s1_asc_l9.npy  shape=(255, 196, 768)  size=76.8MB
  [WRITE]  ISMN_SNOTEL_BrianHead                     s1_desc/l3 → s1_desc_l3.npy  shape=(259, 196, 768)  size=78.0MB
  [WRITE]  ISMN_SNOTEL_BrianHead                     s1_desc/l6 → s1_desc_l6.npy  shape=(259, 196, 768)  size=78.0MB
  [WRITE]  ISMN_SNOTEL_BrianHead                     s1_desc/l9 → s1_desc_l9.npy  shape=(259, 196, 768)  size=78.0MB
  [WRITE]  ISMN_SNOTEL_Brighton                      s2/l3 → s2_l3.npy  shape=(541, 196, 768)  size=162.9MB
  [WRITE]  ISMN_SNOTEL_Brighton                      s2/l6 → s2_l6.npy  shape=(541, 196, 768)  size=162.9MB
  [WRITE]  ISMN_SNOTEL_Brighton                      s2/l9 → s2_l9.npy  shape=(541, 196, 768)  size=162.9MB
  [WRITE]  ISMN_SNOTEL_Brighton                      s1_asc/l3 → s1_asc_l3.npy  shape=(297, 196, 768)  size=89.4MB
  [WRITE]  ISMN_SNOTEL_Brighton                      s1_asc/l6 → s1_asc_l6.npy  shape=(297, 196, 768)  size=89.4MB
  [WRITE]  ISMN_SNOTEL_Brighton                      s1_asc/l9 → s1_asc_l9.npy  shape=(297, 196, 768)  size=89.4MB
  [WRITE]  ISMN_SNOTEL_Brighton                      s1_desc/l3 → s1_desc_l3.npy  shape=(491, 196, 768)  size=147.8MB
  [WRITE]  ISMN_SNOTEL_Brighton                      s1_desc/l6 → s1_desc_l6.npy  shape=(491, 196, 768)  size=147.8MB
  [WRITE]  ISMN_SNOTEL_Brighton                      s1_desc/l9 → s1_desc_l9.npy  shape=(491, 196, 768)  size=147.8MB
  [WRITE]  ISMN_SNOTEL_BristleconeTrail              s2/l3 → s2_l3.npy  shape=(788, 196, 768)  size=237.2MB
  [WRITE]  ISMN_SNOTEL_BristleconeTrail              s2/l6 → s2_l6.npy  shape=(788, 196, 768)  size=237.2MB
  [WRITE]  ISMN_SNOTEL_BristleconeTrail              s2/l9 → s2_l9.npy  shape=(788, 196, 768)  size=237.2MB
  [WRITE]  ISMN_SNOTEL_BristleconeTrail              s1_asc/l3 → s1_asc_l3.npy  shape=(171, 196, 768)  size=51.5MB
  [WRITE]  ISMN_SNOTEL_BristleconeTrail              s1_asc/l6 → s1_asc_l6.npy  shape=(171, 196, 768)  size=51.5MB
  [WRITE]  ISMN_SNOTEL_BristleconeTrail              s1_asc/l9 → s1_asc_l9.npy  shape=(171, 196, 768)  size=51.5MB
  [WRITE]  ISMN_SNOTEL_BristleconeTrail              s1_desc/l3 → s1_desc_l3.npy  shape=(342, 196, 768)  size=103.0MB
  [WRITE]  ISMN_SNOTEL_BristleconeTrail              s1_desc/l6 → s1_desc_l6.npy  shape=(342, 196, 768)  size=103.0MB
  [WRITE]  ISMN_SNOTEL_BristleconeTrail              s1_desc/l9 → s1_desc_l9.npy  shape=(342, 196, 768)  size=103.0MB
  [WRITE]  ISMN_SNOTEL_GallegosPeak                  s2/l3 → s2_l3.npy  shape=(432, 196, 768)  size=130.1MB
  [WRITE]  ISMN_SNOTEL_GallegosPeak                  s2/l6 → s2_l6.npy  shape=(432, 196, 768)  size=130.1MB
  [WRITE]  ISMN_SNOTEL_GallegosPeak                  s2/l9 → s2_l9.npy  shape=(432, 196, 768)  size=130.1MB
  [WRITE]  ISMN_SNOTEL_GallegosPeak                  s1_asc/l3 → s1_asc_l3.npy  shape=(118, 196, 768)  size=35.5MB
  [WRITE]  ISMN_SNOTEL_GallegosPeak                  s1_asc/l6 → s1_asc_l6.npy  shape=(118, 196, 768)  size=35.5MB
  [WRITE]  ISMN_SNOTEL_GallegosPeak                  s1_asc/l9 → s1_asc_l9.npy  shape=(118, 196, 768)  size=35.5MB
  [WRITE]  ISMN_SNOTEL_GallegosPeak                  s1_desc/l3 → s1_desc_l3.npy  shape=(156, 196, 768)  size=47.0MB
  [WRITE]  ISMN_SNOTEL_GallegosPeak                  s1_desc/l6 → s1_desc_l6.npy  shape=(156, 196, 768)  size=47.0MB
  [WRITE]  ISMN_SNOTEL_GallegosPeak                  s1_desc/l9 → s1_desc_l9.npy  shape=(156, 196, 768)  size=47.0MB
  [WRITE]  ISMN_SNOTEL_GardenCitySummit              s2/l3 → s2_l3.npy  shape=(626, 196, 768)  size=188.5MB
  [WRITE]  ISMN_SNOTEL_GardenCitySummit              s2/l6 → s2_l6.npy  shape=(626, 196, 768)  size=188.5MB
  [WRITE]  ISMN_SNOTEL_GardenCitySummit              s2/l9 → s2_l9.npy  shape=(626, 196, 768)  size=188.5MB
  [WRITE]  ISMN_SNOTEL_GardenCitySummit              s1_asc/l3 → s1_asc_l3.npy  shape=(139, 196, 768)  size=41.8MB
  [WRITE]  ISMN_SNOTEL_GardenCitySummit              s1_asc/l6 → s1_asc_l6.npy  shape=(139, 196, 768)  size=41.8MB
  [WRITE]  ISMN_SNOTEL_GardenCitySummit              s1_asc/l9 → s1_asc_l9.npy  shape=(139, 196, 768)  size=41.8MB
  [WRITE]  ISMN_SNOTEL_GardenCitySummit              s1_desc/l3 → s1_desc_l3.npy  shape=(258, 196, 768)  size=77.7MB
  [WRITE]  ISMN_SNOTEL_GardenCitySummit              s1_desc/l6 → s1_desc_l6.npy  shape=(258, 196, 768)  size=77.7MB
  [WRITE]  ISMN_SNOTEL_GardenCitySummit              s1_desc/l9 → s1_desc_l9.npy  shape=(258, 196, 768)  size=77.7MB
  [WRITE]  ISMN_SNOTEL_GardnerPeak                   s2/l3 → s2_l3.npy  shape=(717, 196, 768)  size=215.9MB
  [WRITE]  ISMN_SNOTEL_GardnerPeak                   s2/l6 → s2_l6.npy  shape=(717, 196, 768)  size=215.9MB
  [WRITE]  ISMN_SNOTEL_GardnerPeak                   s2/l9 → s2_l9.npy  shape=(717, 196, 768)  size=215.9MB
  [WRITE]  ISMN_SNOTEL_GardnerPeak                   s1_asc/l3 → s1_asc_l3.npy  shape=(100, 196, 768)  size=30.1MB
  [WRITE]  ISMN_SNOTEL_GardnerPeak                   s1_asc/l6 → s1_asc_l6.npy  shape=(100, 196, 768)  size=30.1MB
  [WRITE]  ISMN_SNOTEL_GardnerPeak                   s1_asc/l9 → s1_asc_l9.npy  shape=(100, 196, 768)  size=30.1MB
  [WRITE]  ISMN_SNOTEL_GardnerPeak                   s1_desc/l3 → s1_desc_l3.npy  shape=(257, 196, 768)  size=77.4MB
  [WRITE]  ISMN_SNOTEL_GardnerPeak                   s1_desc/l6 → s1_desc_l6.npy  shape=(257, 196, 768)  size=77.4MB
  [WRITE]  ISMN_SNOTEL_GardnerPeak                   s1_desc/l9 → s1_desc_l9.npy  shape=(257, 196, 768)  size=77.4MB
  [WRITE]  ISMN_SNOTEL_GaritaPeak                    s2/l3 → s2_l3.npy  shape=(324, 196, 768)  size=97.5MB
  [WRITE]  ISMN_SNOTEL_GaritaPeak                    s2/l6 → s2_l6.npy  shape=(324, 196, 768)  size=97.5MB
  [WRITE]  ISMN_SNOTEL_GaritaPeak                    s2/l9 → s2_l9.npy  shape=(324, 196, 768)  size=97.5MB
  [WRITE]  ISMN_SNOTEL_GaritaPeak                    s1_asc/l3 → s1_asc_l3.npy  shape=(374, 196, 768)  size=112.6MB
  [WRITE]  ISMN_SNOTEL_GaritaPeak                    s1_asc/l6 → s1_asc_l6.npy  shape=(374, 196, 768)  size=112.6MB
  [WRITE]  ISMN_SNOTEL_GaritaPeak                    s1_asc/l9 → s1_asc_l9.npy  shape=(374, 196, 768)  size=112.6MB
  [WRITE]  ISMN_SNOTEL_GaritaPeak                    s1_desc/l3 → s1_desc_l3.npy  shape=(257, 196, 768)  size=77.4MB
  [WRITE]  ISMN_SNOTEL_GaritaPeak                    s1_desc/l6 → s1_desc_l6.npy  shape=(257, 196, 768)  size=77.4MB
  [WRITE]  ISMN_SNOTEL_GaritaPeak                    s1_desc/l9 → s1_desc_l9.npy  shape=(257, 196, 768)  size=77.4MB
  [WRITE]  ISMN_SNOTEL_FarmingtonLower               s2/l3 → s2_l3.npy  shape=(657, 196, 768)  size=197.8MB
  [WRITE]  ISMN_SNOTEL_FarmingtonLower               s2/l6 → s2_l6.npy  shape=(657, 196, 768)  size=197.8MB
  [WRITE]  ISMN_SNOTEL_FarmingtonLower               s2/l9 → s2_l9.npy  shape=(657, 196, 768)  size=197.8MB
  [WRITE]  ISMN_SNOTEL_FarmingtonLower               s1_asc/l3 → s1_asc_l3.npy  shape=(287, 196, 768)  size=86.4MB
  [WRITE]  ISMN_SNOTEL_FarmingtonLower               s1_asc/l6 → s1_asc_l6.npy  shape=(287, 196, 768)  size=86.4MB
  [WRITE]  ISMN_SNOTEL_FarmingtonLower               s1_asc/l9 → s1_asc_l9.npy  shape=(287, 196, 768)  size=86.4MB
  [WRITE]  ISMN_SNOTEL_FarmingtonLower               s1_desc/l3 → s1_desc_l3.npy  shape=(251, 196, 768)  size=75.6MB
  [WRITE]  ISMN_SNOTEL_FarmingtonLower               s1_desc/l6 → s1_desc_l6.npy  shape=(251, 196, 768)  size=75.6MB
  [WRITE]  ISMN_SNOTEL_FarmingtonLower               s1_desc/l9 → s1_desc_l9.npy  shape=(251, 196, 768)  size=75.6MB
  [WRITE]  ISMN_SNOTEL_FarnsworthLake                s2/l3 → s2_l3.npy  shape=(318, 196, 768)  size=95.7MB
  [WRITE]  ISMN_SNOTEL_FarnsworthLake                s2/l6 → s2_l6.npy  shape=(318, 196, 768)  size=95.7MB
  [WRITE]  ISMN_SNOTEL_FarnsworthLake                s2/l9 → s2_l9.npy  shape=(318, 196, 768)  size=95.7MB
  [WRITE]  ISMN_SNOTEL_FarnsworthLake                s1_asc/l3 → s1_asc_l3.npy  shape=(297, 196, 768)  size=89.4MB
  [WRITE]  ISMN_SNOTEL_FarnsworthLake                s1_asc/l6 → s1_asc_l6.npy  shape=(297, 196, 768)  size=89.4MB
  [WRITE]  ISMN_SNOTEL_FarnsworthLake                s1_asc/l9 → s1_asc_l9.npy  shape=(297, 196, 768)  size=89.4MB
  [WRITE]  ISMN_SNOTEL_FarnsworthLake                s1_desc/l3 → s1_desc_l3.npy  shape=(493, 196, 768)  size=148.4MB
  [WRITE]  ISMN_SNOTEL_FarnsworthLake                s1_desc/l6 → s1_desc_l6.npy  shape=(493, 196, 768)  size=148.4MB
  [WRITE]  ISMN_SNOTEL_FarnsworthLake                s1_desc/l9 → s1_desc_l9.npy  shape=(493, 196, 768)  size=148.4MB
  [WRITE]  ISMN_SNOTEL_FawnCreek                     s2/l3 → s2_l3.npy  shape=(318, 196, 768)  size=95.7MB
  [WRITE]  ISMN_SNOTEL_FawnCreek                     s2/l6 → s2_l6.npy  shape=(318, 196, 768)  size=95.7MB
  [WRITE]  ISMN_SNOTEL_FawnCreek                     s2/l9 → s2_l9.npy  shape=(318, 196, 768)  size=95.7MB
  [WRITE]  ISMN_SNOTEL_FawnCreek                     s1_asc/l3 → s1_asc_l3.npy  shape=(443, 196, 768)  size=133.4MB
  [WRITE]  ISMN_SNOTEL_FawnCreek                     s1_asc/l6 → s1_asc_l6.npy  shape=(443, 196, 768)  size=133.4MB
  [WRITE]  ISMN_SNOTEL_FawnCreek                     s1_asc/l9 → s1_asc_l9.npy  shape=(443, 196, 768)  size=133.4MB
  [WRITE]  ISMN_SNOTEL_FawnCreek                     s1_desc/l3 → s1_desc_l3.npy  shape=(326, 196, 768)  size=98.1MB
  [WRITE]  ISMN_SNOTEL_FawnCreek                     s1_desc/l6 → s1_desc_l6.npy  shape=(326, 196, 768)  size=98.1MB
  [WRITE]  ISMN_SNOTEL_FawnCreek                     s1_desc/l9 → s1_desc_l9.npy  shape=(326, 196, 768)  size=98.1MB
  [WRITE]  ISMN_SNOTEL_FieldingLake                  s2/l3 → s2_l3.npy  shape=(224, 196, 768)  size=67.4MB
  [WRITE]  ISMN_SNOTEL_FieldingLake                  s2/l6 → s2_l6.npy  shape=(224, 196, 768)  size=67.4MB
  [WRITE]  ISMN_SNOTEL_FieldingLake                  s2/l9 → s2_l9.npy  shape=(224, 196, 768)  size=67.4MB
  [WRITE]  ISMN_SNOTEL_FieldingLake                  s1_asc/l3 → s1_asc_l3.npy  shape=(170, 196, 768)  size=51.2MB
  [WRITE]  ISMN_SNOTEL_FieldingLake                  s1_asc/l6 → s1_asc_l6.npy  shape=(170, 196, 768)  size=51.2MB
  [WRITE]  ISMN_SNOTEL_FieldingLake                  s1_asc/l9 → s1_asc_l9.npy  shape=(170, 196, 768)  size=51.2MB
  [WRITE]  ISMN_SNOTEL_FieldingLake                  s1_desc/l3 → s1_desc_l3.npy  shape=(152, 196, 768)  size=45.8MB
  [WRITE]  ISMN_SNOTEL_FieldingLake                  s1_desc/l6 → s1_desc_l6.npy  shape=(152, 196, 768)  size=45.8MB
  [WRITE]  ISMN_SNOTEL_FieldingLake                  s1_desc/l9 → s1_desc_l9.npy  shape=(152, 196, 768)  size=45.8MB
  [WRITE]  ISMN_SNOTEL_GrandTarghee                  s2/l3 → s2_l3.npy  shape=(525, 196, 768)  size=158.1MB
  [WRITE]  ISMN_SNOTEL_GrandTarghee                  s2/l6 → s2_l6.npy  shape=(525, 196, 768)  size=158.1MB
  [WRITE]  ISMN_SNOTEL_GrandTarghee                  s2/l9 → s2_l9.npy  shape=(525, 196, 768)  size=158.1MB
  [WRITE]  ISMN_SNOTEL_GrandTarghee                  s1_asc/l3 → s1_asc_l3.npy  shape=(160, 196, 768)  size=48.2MB
  [WRITE]  ISMN_SNOTEL_GrandTarghee                  s1_asc/l6 → s1_asc_l6.npy  shape=(160, 196, 768)  size=48.2MB
  [WRITE]  ISMN_SNOTEL_GrandTarghee                  s1_asc/l9 → s1_asc_l9.npy  shape=(160, 196, 768)  size=48.2MB
  [WRITE]  ISMN_SNOTEL_GrandTarghee                  s1_desc/l3 → s1_desc_l3.npy  shape=(492, 196, 768)  size=148.1MB
  [WRITE]  ISMN_SNOTEL_GrandTarghee                  s1_desc/l6 → s1_desc_l6.npy  shape=(492, 196, 768)  size=148.1MB
  [WRITE]  ISMN_SNOTEL_GrandTarghee                  s1_desc/l9 → s1_desc_l9.npy  shape=(492, 196, 768)  size=148.1MB
  [WRITE]  ISMN_SNOTEL_GraniteCreek                  s2/l3 → s2_l3.npy  shape=(298, 196, 768)  size=89.7MB
  [WRITE]  ISMN_SNOTEL_GraniteCreek                  s2/l6 → s2_l6.npy  shape=(298, 196, 768)  size=89.7MB
  [WRITE]  ISMN_SNOTEL_GraniteCreek                  s2/l9 → s2_l9.npy  shape=(298, 196, 768)  size=89.7MB
  [WRITE]  ISMN_SNOTEL_GraniteCreek                  s1_asc/l3 → s1_asc_l3.npy  shape=(298, 196, 768)  size=89.7MB
  [WRITE]  ISMN_SNOTEL_GraniteCreek                  s1_asc/l6 → s1_asc_l6.npy  shape=(298, 196, 768)  size=89.7MB
  [WRITE]  ISMN_SNOTEL_GraniteCreek                  s1_asc/l9 → s1_asc_l9.npy  shape=(298, 196, 768)  size=89.7MB
  [WRITE]  ISMN_SNOTEL_GraniteCreek                  s1_desc/l3 → s1_desc_l3.npy  shape=(494, 196, 768)  size=148.7MB
  [WRITE]  ISMN_SNOTEL_GraniteCreek                  s1_desc/l6 → s1_desc_l6.npy  shape=(494, 196, 768)  size=148.7MB
  [WRITE]  ISMN_SNOTEL_GraniteCreek                  s1_desc/l9 → s1_desc_l9.npy  shape=(494, 196, 768)  size=148.7MB
  [WRITE]  ISMN_SNOTEL_GraniteCrk                    s2/l3 → s2_l3.npy  shape=(125, 196, 768)  size=37.6MB
  [WRITE]  ISMN_SNOTEL_GraniteCrk                    s2/l6 → s2_l6.npy  shape=(125, 196, 768)  size=37.6MB
  [WRITE]  ISMN_SNOTEL_GraniteCrk                    s2/l9 → s2_l9.npy  shape=(125, 196, 768)  size=37.6MB
  [WRITE]  ISMN_SNOTEL_GraniteCrk                    s1_asc/l3 → s1_asc_l3.npy  shape=(94, 196, 768)  size=28.3MB
  [WRITE]  ISMN_SNOTEL_GraniteCrk                    s1_asc/l6 → s1_asc_l6.npy  shape=(94, 196, 768)  size=28.3MB
  [WRITE]  ISMN_SNOTEL_GraniteCrk                    s1_asc/l9 → s1_asc_l9.npy  shape=(94, 196, 768)  size=28.3MB
  [WRITE]  ISMN_SNOTEL_GraniteCrk                    s1_desc/l3 → s1_desc_l3.npy  shape=(74, 196, 768)  size=22.3MB
  [WRITE]  ISMN_SNOTEL_GraniteCrk                    s1_desc/l6 → s1_desc_l6.npy  shape=(74, 196, 768)  size=22.3MB
  [WRITE]  ISMN_SNOTEL_GraniteCrk                    s1_desc/l9 → s1_desc_l9.npy  shape=(74, 196, 768)  size=22.3MB
  [WRITE]  ISMN_SNOTEL_GranitePeak                   s2/l3 → s2_l3.npy  shape=(335, 196, 768)  size=100.9MB
  [WRITE]  ISMN_SNOTEL_GranitePeak                   s2/l6 → s2_l6.npy  shape=(335, 196, 768)  size=100.9MB
  [WRITE]  ISMN_SNOTEL_GranitePeak                   s2/l9 → s2_l9.npy  shape=(335, 196, 768)  size=100.9MB
  [WRITE]  ISMN_SNOTEL_GranitePeak                   s1_asc/l3 → s1_asc_l3.npy  shape=(170, 196, 768)  size=51.2MB
  [WRITE]  ISMN_SNOTEL_GranitePeak                   s1_asc/l6 → s1_asc_l6.npy  shape=(170, 196, 768)  size=51.2MB
  [WRITE]  ISMN_SNOTEL_GranitePeak                   s1_asc/l9 → s1_asc_l9.npy  shape=(170, 196, 768)  size=51.2MB
  [WRITE]  ISMN_SNOTEL_GranitePeak                   s1_desc/l3 → s1_desc_l3.npy  shape=(533, 196, 768)  size=160.5MB
  [WRITE]  ISMN_SNOTEL_GranitePeak                   s1_desc/l6 → s1_desc_l6.npy  shape=(533, 196, 768)  size=160.5MB
  [WRITE]  ISMN_SNOTEL_GranitePeak                   s1_desc/l9 → s1_desc_l9.npy  shape=(533, 196, 768)  size=160.5MB
  [WRITE]  ISMN_SNOTEL_MosesMtn                      s2/l3 → s2_l3.npy  shape=(133, 196, 768)  size=40.0MB
  [WRITE]  ISMN_SNOTEL_MosesMtn                      s2/l6 → s2_l6.npy  shape=(133, 196, 768)  size=40.0MB
  [WRITE]  ISMN_SNOTEL_MosesMtn                      s2/l9 → s2_l9.npy  shape=(133, 196, 768)  size=40.0MB
  [WRITE]  ISMN_SNOTEL_MosesMtn                      s1_asc/l3 → s1_asc_l3.npy  shape=(11, 196, 768)  size=3.3MB
  [WRITE]  ISMN_SNOTEL_MosesMtn                      s1_asc/l6 → s1_asc_l6.npy  shape=(11, 196, 768)  size=3.3MB
  [WRITE]  ISMN_SNOTEL_MosesMtn                      s1_asc/l9 → s1_asc_l9.npy  shape=(11, 196, 768)  size=3.3MB
  [WRITE]  ISMN_SNOTEL_MosesMtn                      s1_desc/l3 → s1_desc_l3.npy  shape=(97, 196, 768)  size=29.2MB
  [WRITE]  ISMN_SNOTEL_MosesMtn                      s1_desc/l6 → s1_desc_l6.npy  shape=(97, 196, 768)  size=29.2MB
  [WRITE]  ISMN_SNOTEL_MosesMtn                      s1_desc/l9 → s1_desc_l9.npy  shape=(97, 196, 768)  size=29.2MB
  [WRITE]  ISMN_SNOTEL_MosquitoRidge                 s2/l3 → s2_l3.npy  shape=(278, 196, 768)  size=83.7MB
  [WRITE]  ISMN_SNOTEL_MosquitoRidge                 s2/l6 → s2_l6.npy  shape=(278, 196, 768)  size=83.7MB
  [WRITE]  ISMN_SNOTEL_MosquitoRidge                 s2/l9 → s2_l9.npy  shape=(278, 196, 768)  size=83.7MB
  [WRITE]  ISMN_SNOTEL_MosquitoRidge                 s1_asc/l3 → s1_asc_l3.npy  shape=(204, 196, 768)  size=61.4MB
  [WRITE]  ISMN_SNOTEL_MosquitoRidge                 s1_asc/l6 → s1_asc_l6.npy  shape=(204, 196, 768)  size=61.4MB
  [WRITE]  ISMN_SNOTEL_MosquitoRidge                 s1_asc/l9 → s1_asc_l9.npy  shape=(204, 196, 768)  size=61.4MB
  [WRITE]  ISMN_SNOTEL_MosquitoRidge                 s1_desc/l3 → s1_desc_l3.npy  shape=(237, 196, 768)  size=71.4MB
  [WRITE]  ISMN_SNOTEL_MosquitoRidge                 s1_desc/l6 → s1_desc_l6.npy  shape=(237, 196, 768)  size=71.4MB
  [WRITE]  ISMN_SNOTEL_MosquitoRidge                 s1_desc/l9 → s1_desc_l9.npy  shape=(237, 196, 768)  size=71.4MB
  [WRITE]  ISMN_SNOTEL_Mt.Ryan                       s2/l3 → s2_l3.npy  shape=(105, 196, 768)  size=31.6MB
  [WRITE]  ISMN_SNOTEL_Mt.Ryan                       s2/l6 → s2_l6.npy  shape=(105, 196, 768)  size=31.6MB
  [WRITE]  ISMN_SNOTEL_Mt.Ryan                       s2/l9 → s2_l9.npy  shape=(105, 196, 768)  size=31.6MB
  [WRITE]  ISMN_SNOTEL_Mt.Ryan                       s1_asc/l3 → s1_asc_l3.npy  shape=(72, 196, 768)  size=21.7MB
  [WRITE]  ISMN_SNOTEL_Mt.Ryan                       s1_asc/l6 → s1_asc_l6.npy  shape=(72, 196, 768)  size=21.7MB
  [WRITE]  ISMN_SNOTEL_Mt.Ryan                       s1_asc/l9 → s1_asc_l9.npy  shape=(72, 196, 768)  size=21.7MB
  [WRITE]  ISMN_SNOTEL_Mt.Ryan                       s1_desc/l3 → s1_desc_l3.npy  shape=(59, 196, 768)  size=17.8MB
  [WRITE]  ISMN_SNOTEL_Mt.Ryan                       s1_desc/l6 → s1_desc_l6.npy  shape=(59, 196, 768)  size=17.8MB
  [WRITE]  ISMN_SNOTEL_Mt.Ryan                       s1_desc/l9 → s1_desc_l9.npy  shape=(59, 196, 768)  size=17.8MB
  [WRITE]  ISMN_SNOTEL_MtBaldy                       s2/l3 → s2_l3.npy  shape=(220, 196, 768)  size=66.2MB
  [WRITE]  ISMN_SNOTEL_MtBaldy                       s2/l6 → s2_l6.npy  shape=(220, 196, 768)  size=66.2MB
  [WRITE]  ISMN_SNOTEL_MtBaldy                       s2/l9 → s2_l9.npy  shape=(220, 196, 768)  size=66.2MB
  [WRITE]  ISMN_SNOTEL_MtBaldy                       s1_asc/l3 → s1_asc_l3.npy  shape=(254, 196, 768)  size=76.5MB
  [WRITE]  ISMN_SNOTEL_MtBaldy                       s1_asc/l6 → s1_asc_l6.npy  shape=(254, 196, 768)  size=76.5MB
  [WRITE]  ISMN_SNOTEL_MtBaldy                       s1_asc/l9 → s1_asc_l9.npy  shape=(254, 196, 768)  size=76.5MB
  [WRITE]  ISMN_SNOTEL_MtBaldy                       s1_desc/l3 → s1_desc_l3.npy  shape=(364, 196, 768)  size=109.6MB
  [WRITE]  ISMN_SNOTEL_MtBaldy                       s1_desc/l6 → s1_desc_l6.npy  shape=(364, 196, 768)  size=109.6MB
  [WRITE]  ISMN_SNOTEL_MtBaldy                       s1_desc/l9 → s1_desc_l9.npy  shape=(364, 196, 768)  size=109.6MB
  [WRITE]  ISMN_SNOTEL_LostDog                       s2/l3 → s2_l3.npy  shape=(203, 196, 768)  size=61.1MB
  [WRITE]  ISMN_SNOTEL_LostDog                       s2/l6 → s2_l6.npy  shape=(203, 196, 768)  size=61.1MB
  [WRITE]  ISMN_SNOTEL_LostDog                       s2/l9 → s2_l9.npy  shape=(203, 196, 768)  size=61.1MB
  [WRITE]  ISMN_SNOTEL_LostDog                       s1_asc/l3 → s1_asc_l3.npy  shape=(72, 196, 768)  size=21.7MB
  [WRITE]  ISMN_SNOTEL_LostDog                       s1_asc/l6 → s1_asc_l6.npy  shape=(72, 196, 768)  size=21.7MB
  [WRITE]  ISMN_SNOTEL_LostDog                       s1_asc/l9 → s1_asc_l9.npy  shape=(72, 196, 768)  size=21.7MB
  [WRITE]  ISMN_SNOTEL_LostDog                       s1_desc/l3 → s1_desc_l3.npy  shape=(182, 196, 768)  size=54.8MB
  [WRITE]  ISMN_SNOTEL_LostDog                       s1_desc/l6 → s1_desc_l6.npy  shape=(182, 196, 768)  size=54.8MB
  [WRITE]  ISMN_SNOTEL_LostDog                       s1_desc/l9 → s1_desc_l9.npy  shape=(182, 196, 768)  size=54.8MB
  [WRITE]  ISMN_SNOTEL_LouisMeadow                   s2/l3 → s2_l3.npy  shape=(494, 196, 768)  size=148.7MB
  [WRITE]  ISMN_SNOTEL_LouisMeadow                   s2/l6 → s2_l6.npy  shape=(494, 196, 768)  size=148.7MB
  [WRITE]  ISMN_SNOTEL_LouisMeadow                   s2/l9 → s2_l9.npy  shape=(494, 196, 768)  size=148.7MB
  [WRITE]  ISMN_SNOTEL_LouisMeadow                   s1_asc/l3 → s1_asc_l3.npy  shape=(254, 196, 768)  size=76.5MB
  [WRITE]  ISMN_SNOTEL_LouisMeadow                   s1_asc/l6 → s1_asc_l6.npy  shape=(254, 196, 768)  size=76.5MB
  [WRITE]  ISMN_SNOTEL_LouisMeadow                   s1_asc/l9 → s1_asc_l9.npy  shape=(254, 196, 768)  size=76.5MB
  [WRITE]  ISMN_SNOTEL_LouisMeadow                   s1_desc/l3 → s1_desc_l3.npy  shape=(204, 196, 768)  size=61.4MB
  [WRITE]  ISMN_SNOTEL_LouisMeadow                   s1_desc/l6 → s1_desc_l6.npy  shape=(204, 196, 768)  size=61.4MB
  [WRITE]  ISMN_SNOTEL_LouisMeadow                   s1_desc/l9 → s1_desc_l9.npy  shape=(204, 196, 768)  size=61.4MB
  [WRITE]  ISMN_SNOTEL_MagicMountain                 s2/l3 → s2_l3.npy  shape=(236, 196, 768)  size=71.0MB
  [WRITE]  ISMN_SNOTEL_MagicMountain                 s2/l6 → s2_l6.npy  shape=(236, 196, 768)  size=71.0MB
  [WRITE]  ISMN_SNOTEL_MagicMountain                 s2/l9 → s2_l9.npy  shape=(236, 196, 768)  size=71.0MB
  [WRITE]  ISMN_SNOTEL_MagicMountain                 s1_asc/l3 → s1_asc_l3.npy  shape=(159, 196, 768)  size=47.9MB
  [WRITE]  ISMN_SNOTEL_MagicMountain                 s1_asc/l6 → s1_asc_l6.npy  shape=(159, 196, 768)  size=47.9MB
  [WRITE]  ISMN_SNOTEL_MagicMountain                 s1_asc/l9 → s1_asc_l9.npy  shape=(159, 196, 768)  size=47.9MB
  [WRITE]  ISMN_SNOTEL_MagicMountain                 s1_desc/l3 → s1_desc_l3.npy  shape=(7, 196, 768)  size=2.1MB
  [WRITE]  ISMN_SNOTEL_MagicMountain                 s1_desc/l6 → s1_desc_l6.npy  shape=(7, 196, 768)  size=2.1MB
  [WRITE]  ISMN_SNOTEL_MagicMountain                 s1_desc/l9 → s1_desc_l9.npy  shape=(7, 196, 768)  size=2.1MB
  [WRITE]  ISMN_SNOTEL_Mammoth-Cottonwood            s2/l3 → s2_l3.npy  shape=(140, 196, 768)  size=42.1MB
  [WRITE]  ISMN_SNOTEL_Mammoth-Cottonwood            s2/l6 → s2_l6.npy  shape=(140, 196, 768)  size=42.1MB
  [WRITE]  ISMN_SNOTEL_Mammoth-Cottonwood            s2/l9 → s2_l9.npy  shape=(140, 196, 768)  size=42.1MB
  [WRITE]  ISMN_SNOTEL_Mammoth-Cottonwood            s1_asc/l3 → s1_asc_l3.npy  shape=(210, 196, 768)  size=63.2MB
  [WRITE]  ISMN_SNOTEL_Mammoth-Cottonwood            s1_asc/l6 → s1_asc_l6.npy  shape=(210, 196, 768)  size=63.2MB
  [WRITE]  ISMN_SNOTEL_Mammoth-Cottonwood            s1_asc/l9 → s1_asc_l9.npy  shape=(210, 196, 768)  size=63.2MB
  [WRITE]  ISMN_SNOTEL_Mammoth-Cottonwood            s1_desc/l3 → s1_desc_l3.npy  shape=(220, 196, 768)  size=66.2MB
  [WRITE]  ISMN_SNOTEL_Mammoth-Cottonwood            s1_desc/l6 → s1_desc_l6.npy  shape=(220, 196, 768)  size=66.2MB
  [WRITE]  ISMN_SNOTEL_Mammoth-Cottonwood            s1_desc/l9 → s1_desc_l9.npy  shape=(220, 196, 768)  size=66.2MB
  [WRITE]  ISMN_SNOTEL_JonesPass                     s2/l3 → s2_l3.npy  shape=(189, 196, 768)  size=56.9MB
  [WRITE]  ISMN_SNOTEL_JonesPass                     s2/l6 → s2_l6.npy  shape=(189, 196, 768)  size=56.9MB
  [WRITE]  ISMN_SNOTEL_JonesPass                     s2/l9 → s2_l9.npy  shape=(189, 196, 768)  size=56.9MB
  [WRITE]  ISMN_SNOTEL_JonesPass                     s1_asc/l3 → s1_asc_l3.npy  shape=(141, 196, 768)  size=42.4MB
  [WRITE]  ISMN_SNOTEL_JonesPass                     s1_asc/l6 → s1_asc_l6.npy  shape=(141, 196, 768)  size=42.4MB
  [WRITE]  ISMN_SNOTEL_JonesPass                     s1_asc/l9 → s1_asc_l9.npy  shape=(141, 196, 768)  size=42.4MB
  [WRITE]  ISMN_SNOTEL_JonesPass                     s1_desc/l3 → s1_desc_l3.npy  shape=(178, 196, 768)  size=53.6MB
  [WRITE]  ISMN_SNOTEL_JonesPass                     s1_desc/l6 → s1_desc_l6.npy  shape=(178, 196, 768)  size=53.6MB
  [WRITE]  ISMN_SNOTEL_JonesPass                     s1_desc/l9 → s1_desc_l9.npy  shape=(178, 196, 768)  size=53.6MB
  [WRITE]  ISMN_SNOTEL_Kalamazoo                     s2/l3 → s2_l3.npy  shape=(669, 196, 768)  size=201.4MB
  [WRITE]  ISMN_SNOTEL_Kalamazoo                     s2/l6 → s2_l6.npy  shape=(669, 196, 768)  size=201.4MB
  [WRITE]  ISMN_SNOTEL_Kalamazoo                     s2/l9 → s2_l9.npy  shape=(669, 196, 768)  size=201.4MB
  [WRITE]  ISMN_SNOTEL_Kalamazoo                     s1_asc/l3 → s1_asc_l3.npy  shape=(98, 196, 768)  size=29.5MB
  [WRITE]  ISMN_SNOTEL_Kalamazoo                     s1_asc/l6 → s1_asc_l6.npy  shape=(98, 196, 768)  size=29.5MB
  [WRITE]  ISMN_SNOTEL_Kalamazoo                     s1_asc/l9 → s1_asc_l9.npy  shape=(98, 196, 768)  size=29.5MB
  [WRITE]  ISMN_SNOTEL_Kalamazoo                     s1_desc/l3 → s1_desc_l3.npy  shape=(118, 196, 768)  size=35.5MB
  [WRITE]  ISMN_SNOTEL_Kalamazoo                     s1_desc/l6 → s1_desc_l6.npy  shape=(118, 196, 768)  size=35.5MB
  [WRITE]  ISMN_SNOTEL_Kalamazoo                     s1_desc/l9 → s1_desc_l9.npy  shape=(118, 196, 768)  size=35.5MB
  [WRITE]  ISMN_SNOTEL_KelleyR.S.                    s2/l3 → s2_l3.npy  shape=(245, 196, 768)  size=73.8MB
  [WRITE]  ISMN_SNOTEL_KelleyR.S.                    s2/l6 → s2_l6.npy  shape=(245, 196, 768)  size=73.8MB
  [WRITE]  ISMN_SNOTEL_KelleyR.S.                    s2/l9 → s2_l9.npy  shape=(245, 196, 768)  size=73.8MB
  [WRITE]  ISMN_SNOTEL_KelleyR.S.                    s1_asc/l3 → s1_asc_l3.npy  shape=(95, 196, 768)  size=28.6MB
  [WRITE]  ISMN_SNOTEL_KelleyR.S.                    s1_asc/l6 → s1_asc_l6.npy  shape=(95, 196, 768)  size=28.6MB
  [WRITE]  ISMN_SNOTEL_KelleyR.S.                    s1_asc/l9 → s1_asc_l9.npy  shape=(95, 196, 768)  size=28.6MB
  [WRITE]  ISMN_SNOTEL_KelleyR.S.                    s1_desc/l3 → s1_desc_l3.npy  shape=(395, 196, 768)  size=118.9MB
  [WRITE]  ISMN_SNOTEL_KelleyR.S.                    s1_desc/l6 → s1_desc_l6.npy  shape=(395, 196, 768)  size=118.9MB
  [WRITE]  ISMN_SNOTEL_KelleyR.S.                    s1_desc/l9 → s1_desc_l9.npy  shape=(395, 196, 768)  size=118.9MB
  [WRITE]  ISMN_SNOTEL_KellyStation                  s2/l3 → s2_l3.npy  shape=(391, 196, 768)  size=117.7MB
  [WRITE]  ISMN_SNOTEL_KellyStation                  s2/l6 → s2_l6.npy  shape=(391, 196, 768)  size=117.7MB
  [WRITE]  ISMN_SNOTEL_KellyStation                  s2/l9 → s2_l9.npy  shape=(391, 196, 768)  size=117.7MB
  [WRITE]  ISMN_SNOTEL_KellyStation                  s1_asc/l3 → s1_asc_l3.npy  shape=(165, 196, 768)  size=49.7MB
  [WRITE]  ISMN_SNOTEL_KellyStation                  s1_asc/l6 → s1_asc_l6.npy  shape=(165, 196, 768)  size=49.7MB
  [WRITE]  ISMN_SNOTEL_KellyStation                  s1_asc/l9 → s1_asc_l9.npy  shape=(165, 196, 768)  size=49.7MB
  [WRITE]  ISMN_SNOTEL_KellyStation                  s1_desc/l3 → s1_desc_l3.npy  shape=(538, 196, 768)  size=162.0MB
  [WRITE]  ISMN_SNOTEL_KellyStation                  s1_desc/l6 → s1_desc_l6.npy  shape=(538, 196, 768)  size=162.0MB
  [WRITE]  ISMN_SNOTEL_KellyStation                  s1_desc/l9 → s1_desc_l9.npy  shape=(538, 196, 768)  size=162.0MB
  [WRITE]  ISMN_SNOTEL_GBRCHQ                        s2/l3 → s2_l3.npy  shape=(137, 196, 768)  size=41.2MB
  [WRITE]  ISMN_SNOTEL_GBRCHQ                        s2/l6 → s2_l6.npy  shape=(137, 196, 768)  size=41.2MB
  [WRITE]  ISMN_SNOTEL_GBRCHQ                        s2/l9 → s2_l9.npy  shape=(137, 196, 768)  size=41.2MB
  [WRITE]  ISMN_SNOTEL_GBRCHQ                        s1_asc/l3 → s1_asc_l3.npy  shape=(297, 196, 768)  size=89.4MB
  [WRITE]  ISMN_SNOTEL_GBRCHQ                        s1_asc/l6 → s1_asc_l6.npy  shape=(297, 196, 768)  size=89.4MB
  [WRITE]  ISMN_SNOTEL_GBRCHQ                        s1_asc/l9 → s1_asc_l9.npy  shape=(297, 196, 768)  size=89.4MB
  [WRITE]  ISMN_SNOTEL_GBRCHQ                        s1_desc/l3 → s1_desc_l3.npy  shape=(493, 196, 768)  size=148.4MB
  [WRITE]  ISMN_SNOTEL_GBRCHQ                        s1_desc/l6 → s1_desc_l6.npy  shape=(493, 196, 768)  size=148.4MB
  [WRITE]  ISMN_SNOTEL_GBRCHQ                        s1_desc/l9 → s1_desc_l9.npy  shape=(493, 196, 768)  size=148.4MB
  [WRITE]  ISMN_SNOTEL_GBRCMeadows                   s2/l3 → s2_l3.npy  shape=(333, 196, 768)  size=100.3MB
  [WRITE]  ISMN_SNOTEL_GBRCMeadows                   s2/l6 → s2_l6.npy  shape=(333, 196, 768)  size=100.3MB
  [WRITE]  ISMN_SNOTEL_GBRCMeadows                   s2/l9 → s2_l9.npy  shape=(333, 196, 768)  size=100.3MB
  [WRITE]  ISMN_SNOTEL_GBRCMeadows                   s1_asc/l3 → s1_asc_l3.npy  shape=(297, 196, 768)  size=89.4MB
  [WRITE]  ISMN_SNOTEL_GBRCMeadows                   s1_asc/l6 → s1_asc_l6.npy  shape=(297, 196, 768)  size=89.4MB
  [WRITE]  ISMN_SNOTEL_GBRCMeadows                   s1_asc/l9 → s1_asc_l9.npy  shape=(297, 196, 768)  size=89.4MB
  [WRITE]  ISMN_SNOTEL_GBRCMeadows                   s1_desc/l3 → s1_desc_l3.npy  shape=(493, 196, 768)  size=148.4MB
  [WRITE]  ISMN_SNOTEL_GBRCMeadows                   s1_desc/l6 → s1_desc_l6.npy  shape=(493, 196, 768)  size=148.4MB
  [WRITE]  ISMN_SNOTEL_GBRCMeadows                   s1_desc/l9 → s1_desc_l9.npy  shape=(493, 196, 768)  size=148.4MB
  [WRITE]  ISMN_SNOTEL_GalenaAK                      s2/l3 → s2_l3.npy  shape=(253, 196, 768)  size=76.2MB
  [WRITE]  ISMN_SNOTEL_GalenaAK                      s2/l6 → s2_l6.npy  shape=(253, 196, 768)  size=76.2MB
  [WRITE]  ISMN_SNOTEL_GalenaAK                      s2/l9 → s2_l9.npy  shape=(253, 196, 768)  size=76.2MB
  [WRITE]  ISMN_SNOTEL_GalenaAK                      s1_asc/l3 → s1_asc_l3.npy  shape=(177, 196, 768)  size=53.3MB
  [WRITE]  ISMN_SNOTEL_GalenaAK                      s1_asc/l6 → s1_asc_l6.npy  shape=(177, 196, 768)  size=53.3MB
  [WRITE]  ISMN_SNOTEL_GalenaAK                      s1_asc/l9 → s1_asc_l9.npy  shape=(177, 196, 768)  size=53.3MB
  [WRITE]  ISMN_SNOTEL_GalenaAK                      s1_desc/l3 → s1_desc_l3.npy  shape=(402, 196, 768)  size=121.0MB
  [WRITE]  ISMN_SNOTEL_GalenaAK                      s1_desc/l6 → s1_desc_l6.npy  shape=(402, 196, 768)  size=121.0MB
  [WRITE]  ISMN_SNOTEL_GalenaAK                      s1_desc/l9 → s1_desc_l9.npy  shape=(402, 196, 768)  size=121.0MB
  [WRITE]  ISMN_SNOTEL_GalenaSummit                  s2/l3 → s2_l3.npy  shape=(334, 196, 768)  size=100.6MB
  [WRITE]  ISMN_SNOTEL_GalenaSummit                  s2/l6 → s2_l6.npy  shape=(334, 196, 768)  size=100.6MB
  [WRITE]  ISMN_SNOTEL_GalenaSummit                  s2/l9 → s2_l9.npy  shape=(334, 196, 768)  size=100.6MB
  [WRITE]  ISMN_SNOTEL_GalenaSummit                  s1_asc/l3 → s1_asc_l3.npy  shape=(427, 196, 768)  size=128.6MB
  [WRITE]  ISMN_SNOTEL_GalenaSummit                  s1_asc/l6 → s1_asc_l6.npy  shape=(427, 196, 768)  size=128.6MB
  [WRITE]  ISMN_SNOTEL_GalenaSummit                  s1_asc/l9 → s1_asc_l9.npy  shape=(427, 196, 768)  size=128.6MB
  [WRITE]  ISMN_SNOTEL_GalenaSummit                  s1_desc/l3 → s1_desc_l3.npy  shape=(417, 196, 768)  size=125.5MB
  [WRITE]  ISMN_SNOTEL_GalenaSummit                  s1_desc/l6 → s1_desc_l6.npy  shape=(417, 196, 768)  size=125.5MB
  [WRITE]  ISMN_SNOTEL_GalenaSummit                  s1_desc/l9 → s1_desc_l9.npy  shape=(417, 196, 768)  size=125.5MB
  [WRITE]  ISMN_SNOTEL_CrowCreek                     s2/l3 → s2_l3.npy  shape=(327, 196, 768)  size=98.4MB
  [WRITE]  ISMN_SNOTEL_CrowCreek                     s2/l6 → s2_l6.npy  shape=(327, 196, 768)  size=98.4MB
  [WRITE]  ISMN_SNOTEL_CrowCreek                     s2/l9 → s2_l9.npy  shape=(327, 196, 768)  size=98.4MB
  [WRITE]  ISMN_SNOTEL_CrowCreek                     s1_asc/l3 → s1_asc_l3.npy  shape=(471, 196, 768)  size=141.8MB
  [WRITE]  ISMN_SNOTEL_CrowCreek                     s1_asc/l6 → s1_asc_l6.npy  shape=(471, 196, 768)  size=141.8MB
  [WRITE]  ISMN_SNOTEL_CrowCreek                     s1_asc/l9 → s1_asc_l9.npy  shape=(471, 196, 768)  size=141.8MB
  [WRITE]  ISMN_SNOTEL_CrowCreek                     s1_desc/l3 → s1_desc_l3.npy  shape=(261, 196, 768)  size=78.6MB
  [WRITE]  ISMN_SNOTEL_CrowCreek                     s1_desc/l6 → s1_desc_l6.npy  shape=(261, 196, 768)  size=78.6MB
  [WRITE]  ISMN_SNOTEL_CrowCreek                     s1_desc/l9 → s1_desc_l9.npy  shape=(261, 196, 768)  size=78.6MB
  [WRITE]  ISMN_SNOTEL_CssLab                        s2/l3 → s2_l3.npy  shape=(831, 196, 768)  size=250.2MB
  [WRITE]  ISMN_SNOTEL_CssLab                        s2/l6 → s2_l6.npy  shape=(831, 196, 768)  size=250.2MB
  [WRITE]  ISMN_SNOTEL_CssLab                        s2/l9 → s2_l9.npy  shape=(831, 196, 768)  size=250.2MB
  [WRITE]  ISMN_SNOTEL_CssLab                        s1_asc/l3 → s1_asc_l3.npy  shape=(382, 196, 768)  size=115.0MB
  [WRITE]  ISMN_SNOTEL_CssLab                        s1_asc/l6 → s1_asc_l6.npy  shape=(382, 196, 768)  size=115.0MB
  [WRITE]  ISMN_SNOTEL_CssLab                        s1_asc/l9 → s1_asc_l9.npy  shape=(382, 196, 768)  size=115.0MB
  [WRITE]  ISMN_SNOTEL_CssLab                        s1_desc/l3 → s1_desc_l3.npy  shape=(348, 196, 768)  size=104.8MB
  [WRITE]  ISMN_SNOTEL_CssLab                        s1_desc/l6 → s1_desc_l6.npy  shape=(348, 196, 768)  size=104.8MB
  [WRITE]  ISMN_SNOTEL_CssLab                        s1_desc/l9 → s1_desc_l9.npy  shape=(348, 196, 768)  size=104.8MB
  [WRITE]  ISMN_SNOTEL_Culebra#2                     s2/l3 → s2_l3.npy  shape=(499, 196, 768)  size=150.2MB
  [WRITE]  ISMN_SNOTEL_Culebra#2                     s2/l6 → s2_l6.npy  shape=(499, 196, 768)  size=150.2MB
  [WRITE]  ISMN_SNOTEL_Culebra#2                     s2/l9 → s2_l9.npy  shape=(499, 196, 768)  size=150.2MB
  [WRITE]  ISMN_SNOTEL_Culebra#2                     s1_asc/l3 → s1_asc_l3.npy  shape=(199, 196, 768)  size=59.9MB
  [WRITE]  ISMN_SNOTEL_Culebra#2                     s1_asc/l6 → s1_asc_l6.npy  shape=(199, 196, 768)  size=59.9MB
  [WRITE]  ISMN_SNOTEL_Culebra#2                     s1_asc/l9 → s1_asc_l9.npy  shape=(199, 196, 768)  size=59.9MB
  [WRITE]  ISMN_SNOTEL_Culebra#2                     s1_desc/l3 → s1_desc_l3.npy  shape=(231, 196, 768)  size=69.5MB
  [WRITE]  ISMN_SNOTEL_Culebra#2                     s1_desc/l6 → s1_desc_l6.npy  shape=(231, 196, 768)  size=69.5MB
  [WRITE]  ISMN_SNOTEL_Culebra#2                     s1_desc/l9 → s1_desc_l9.npy  shape=(231, 196, 768)  size=69.5MB
  [WRITE]  ISMN_SNOTEL_CurrantCreek                  s2/l3 → s2_l3.npy  shape=(324, 196, 768)  size=97.5MB
  [WRITE]  ISMN_SNOTEL_CurrantCreek                  s2/l6 → s2_l6.npy  shape=(324, 196, 768)  size=97.5MB
  [WRITE]  ISMN_SNOTEL_CurrantCreek                  s2/l9 → s2_l9.npy  shape=(324, 196, 768)  size=97.5MB
  [WRITE]  ISMN_SNOTEL_CurrantCreek                  s1_asc/l3 → s1_asc_l3.npy  shape=(137, 196, 768)  size=41.2MB
  [WRITE]  ISMN_SNOTEL_CurrantCreek                  s1_asc/l6 → s1_asc_l6.npy  shape=(137, 196, 768)  size=41.2MB
  [WRITE]  ISMN_SNOTEL_CurrantCreek                  s1_asc/l9 → s1_asc_l9.npy  shape=(137, 196, 768)  size=41.2MB
  [WRITE]  ISMN_SNOTEL_CurrantCreek                  s1_desc/l3 → s1_desc_l3.npy  shape=(481, 196, 768)  size=144.8MB
  [WRITE]  ISMN_SNOTEL_CurrantCreek                  s1_desc/l6 → s1_desc_l6.npy  shape=(481, 196, 768)  size=144.8MB
  [WRITE]  ISMN_SNOTEL_CurrantCreek                  s1_desc/l9 → s1_desc_l9.npy  shape=(481, 196, 768)  size=144.8MB
  [WRITE]  ISMN_SNOTEL_MedBow                        s2/l3 → s2_l3.npy  shape=(102, 196, 768)  size=30.7MB
  [WRITE]  ISMN_SNOTEL_MedBow                        s2/l6 → s2_l6.npy  shape=(102, 196, 768)  size=30.7MB
  [WRITE]  ISMN_SNOTEL_MedBow                        s2/l9 → s2_l9.npy  shape=(102, 196, 768)  size=30.7MB
  [WRITE]  ISMN_SNOTEL_MedBow                        s1_asc/l3 → s1_asc_l3.npy  shape=(226, 196, 768)  size=68.0MB
  [WRITE]  ISMN_SNOTEL_MedBow                        s1_asc/l6 → s1_asc_l6.npy  shape=(226, 196, 768)  size=68.0MB
  [WRITE]  ISMN_SNOTEL_MedBow                        s1_asc/l9 → s1_asc_l9.npy  shape=(226, 196, 768)  size=68.0MB
  [WRITE]  ISMN_SNOTEL_MedBow                        s1_desc/l3 → s1_desc_l3.npy  shape=(261, 196, 768)  size=78.6MB
  [WRITE]  ISMN_SNOTEL_MedBow                        s1_desc/l6 → s1_desc_l6.npy  shape=(261, 196, 768)  size=78.6MB
  [WRITE]  ISMN_SNOTEL_MedBow                        s1_desc/l9 → s1_desc_l9.npy  shape=(261, 196, 768)  size=78.6MB
  [WRITE]  ISMN_SNOTEL_MerchantValley                s2/l3 → s2_l3.npy  shape=(576, 196, 768)  size=173.4MB
  [WRITE]  ISMN_SNOTEL_MerchantValley                s2/l6 → s2_l6.npy  shape=(576, 196, 768)  size=173.4MB
  [WRITE]  ISMN_SNOTEL_MerchantValley                s2/l9 → s2_l9.npy  shape=(576, 196, 768)  size=173.4MB
  [WRITE]  ISMN_SNOTEL_MerchantValley                s1_asc/l3 → s1_asc_l3.npy  shape=(117, 196, 768)  size=35.2MB
  [WRITE]  ISMN_SNOTEL_MerchantValley                s1_asc/l6 → s1_asc_l6.npy  shape=(117, 196, 768)  size=35.2MB
  [WRITE]  ISMN_SNOTEL_MerchantValley                s1_asc/l9 → s1_asc_l9.npy  shape=(117, 196, 768)  size=35.2MB
  [WRITE]  ISMN_SNOTEL_MerchantValley                s1_desc/l3 → s1_desc_l3.npy  shape=(211, 196, 768)  size=63.5MB
  [WRITE]  ISMN_SNOTEL_MerchantValley                s1_desc/l6 → s1_desc_l6.npy  shape=(211, 196, 768)  size=63.5MB
  [WRITE]  ISMN_SNOTEL_MerchantValley                s1_desc/l9 → s1_desc_l9.npy  shape=(211, 196, 768)  size=63.5MB
  [WRITE]  ISMN_SNOTEL_MicaCreek                     s2/l3 → s2_l3.npy  shape=(174, 196, 768)  size=52.4MB
  [WRITE]  ISMN_SNOTEL_MicaCreek                     s2/l6 → s2_l6.npy  shape=(174, 196, 768)  size=52.4MB
  [WRITE]  ISMN_SNOTEL_MicaCreek                     s2/l9 → s2_l9.npy  shape=(174, 196, 768)  size=52.4MB
  [WRITE]  ISMN_SNOTEL_MicaCreek                     s1_asc/l3 → s1_asc_l3.npy  shape=(87, 196, 768)  size=26.2MB
  [WRITE]  ISMN_SNOTEL_MicaCreek                     s1_asc/l6 → s1_asc_l6.npy  shape=(87, 196, 768)  size=26.2MB
  [WRITE]  ISMN_SNOTEL_MicaCreek                     s1_asc/l9 → s1_asc_l9.npy  shape=(87, 196, 768)  size=26.2MB
  [WRITE]  ISMN_SNOTEL_MicaCreek                     s1_desc/l3 → s1_desc_l3.npy  shape=(293, 196, 768)  size=88.2MB
  [WRITE]  ISMN_SNOTEL_MicaCreek                     s1_desc/l6 → s1_desc_l6.npy  shape=(293, 196, 768)  size=88.2MB
  [WRITE]  ISMN_SNOTEL_MicaCreek                     s1_desc/l9 → s1_desc_l9.npy  shape=(293, 196, 768)  size=88.2MB
  [WRITE]  ISMN_SNOTEL_MichiganCreek                 s2/l3 → s2_l3.npy  shape=(175, 196, 768)  size=52.7MB
  [WRITE]  ISMN_SNOTEL_MichiganCreek                 s2/l6 → s2_l6.npy  shape=(175, 196, 768)  size=52.7MB
  [WRITE]  ISMN_SNOTEL_MichiganCreek                 s2/l9 → s2_l9.npy  shape=(175, 196, 768)  size=52.7MB
  [WRITE]  ISMN_SNOTEL_MichiganCreek                 s1_asc/l3 → s1_asc_l3.npy  shape=(116, 196, 768)  size=34.9MB
  [WRITE]  ISMN_SNOTEL_MichiganCreek                 s1_asc/l6 → s1_asc_l6.npy  shape=(116, 196, 768)  size=34.9MB
  [WRITE]  ISMN_SNOTEL_MichiganCreek                 s1_asc/l9 → s1_asc_l9.npy  shape=(116, 196, 768)  size=34.9MB
  [WRITE]  ISMN_SNOTEL_MichiganCreek                 s1_desc/l3 → s1_desc_l3.npy  shape=(163, 196, 768)  size=49.1MB
  [WRITE]  ISMN_SNOTEL_MichiganCreek                 s1_desc/l6 → s1_desc_l6.npy  shape=(163, 196, 768)  size=49.1MB
  [WRITE]  ISMN_SNOTEL_MichiganCreek                 s1_desc/l9 → s1_desc_l9.npy  shape=(163, 196, 768)  size=49.1MB
  [WRITE]  ISMN_SNOTEL_BigBend                       s2/l3 → s2_l3.npy  shape=(306, 196, 768)  size=92.1MB
  [WRITE]  ISMN_SNOTEL_BigBend                       s2/l6 → s2_l6.npy  shape=(306, 196, 768)  size=92.1MB
  [WRITE]  ISMN_SNOTEL_BigBend                       s2/l9 → s2_l9.npy  shape=(306, 196, 768)  size=92.1MB
  [WRITE]  ISMN_SNOTEL_BigBend                       s1_asc/l3 → s1_asc_l3.npy  shape=(439, 196, 768)  size=132.2MB
  [WRITE]  ISMN_SNOTEL_BigBend                       s1_asc/l6 → s1_asc_l6.npy  shape=(439, 196, 768)  size=132.2MB
  [WRITE]  ISMN_SNOTEL_BigBend                       s1_asc/l9 → s1_asc_l9.npy  shape=(439, 196, 768)  size=132.2MB
  [WRITE]  ISMN_SNOTEL_BigBend                       s1_desc/l3 → s1_desc_l3.npy  shape=(326, 196, 768)  size=98.1MB
  [WRITE]  ISMN_SNOTEL_BigBend                       s1_desc/l6 → s1_desc_l6.npy  shape=(326, 196, 768)  size=98.1MB
  [WRITE]  ISMN_SNOTEL_BigBend                       s1_desc/l9 → s1_desc_l9.npy  shape=(326, 196, 768)  size=98.1MB
  [WRITE]  ISMN_SNOTEL_BigCreekSum                   s2/l3 → s2_l3.npy  shape=(686, 196, 768)  size=206.5MB
  [WRITE]  ISMN_SNOTEL_BigCreekSum                   s2/l6 → s2_l6.npy  shape=(686, 196, 768)  size=206.5MB
  [WRITE]  ISMN_SNOTEL_BigCreekSum                   s2/l9 → s2_l9.npy  shape=(686, 196, 768)  size=206.5MB
  [WRITE]  ISMN_SNOTEL_BigCreekSum                   s1_asc/l3 → s1_asc_l3.npy  shape=(253, 196, 768)  size=76.2MB
  [WRITE]  ISMN_SNOTEL_BigCreekSum                   s1_asc/l6 → s1_asc_l6.npy  shape=(253, 196, 768)  size=76.2MB
  [WRITE]  ISMN_SNOTEL_BigCreekSum                   s1_asc/l9 → s1_asc_l9.npy  shape=(253, 196, 768)  size=76.2MB
  [WRITE]  ISMN_SNOTEL_BigCreekSum                   s1_desc/l3 → s1_desc_l3.npy  shape=(356, 196, 768)  size=107.2MB
  [WRITE]  ISMN_SNOTEL_BigCreekSum                   s1_desc/l6 → s1_desc_l6.npy  shape=(356, 196, 768)  size=107.2MB
  [WRITE]  ISMN_SNOTEL_BigCreekSum                   s1_desc/l9 → s1_desc_l9.npy  shape=(356, 196, 768)  size=107.2MB
  [WRITE]  ISMN_SNOTEL_BigFlat                       s2/l3 → s2_l3.npy  shape=(331, 196, 768)  size=99.6MB
  [WRITE]  ISMN_SNOTEL_BigFlat                       s2/l6 → s2_l6.npy  shape=(331, 196, 768)  size=99.6MB
  [WRITE]  ISMN_SNOTEL_BigFlat                       s2/l9 → s2_l9.npy  shape=(331, 196, 768)  size=99.6MB
  [WRITE]  ISMN_SNOTEL_BigFlat                       s1_asc/l3 → s1_asc_l3.npy  shape=(156, 196, 768)  size=47.0MB
  [WRITE]  ISMN_SNOTEL_BigFlat                       s1_asc/l6 → s1_asc_l6.npy  shape=(156, 196, 768)  size=47.0MB
  [WRITE]  ISMN_SNOTEL_BigFlat                       s1_asc/l9 → s1_asc_l9.npy  shape=(156, 196, 768)  size=47.0MB
  [WRITE]  ISMN_SNOTEL_BigFlat                       s1_desc/l3 → s1_desc_l3.npy  shape=(259, 196, 768)  size=78.0MB
  [WRITE]  ISMN_SNOTEL_BigFlat                       s1_desc/l6 → s1_desc_l6.npy  shape=(259, 196, 768)  size=78.0MB
  [WRITE]  ISMN_SNOTEL_BigFlat                       s1_desc/l9 → s1_desc_l9.npy  shape=(259, 196, 768)  size=78.0MB
  [WRITE]  ISMN_SNOTEL_BigMeadow                     s2/l3 → s2_l3.npy  shape=(689, 196, 768)  size=207.4MB
  [WRITE]  ISMN_SNOTEL_BigMeadow                     s2/l6 → s2_l6.npy  shape=(689, 196, 768)  size=207.4MB
  [WRITE]  ISMN_SNOTEL_BigMeadow                     s2/l9 → s2_l9.npy  shape=(689, 196, 768)  size=207.4MB
  [WRITE]  ISMN_SNOTEL_BigMeadow                     s1_asc/l3 → s1_asc_l3.npy  shape=(631, 196, 768)  size=190.0MB
  [WRITE]  ISMN_SNOTEL_BigMeadow                     s1_asc/l6 → s1_asc_l6.npy  shape=(631, 196, 768)  size=190.0MB
  [WRITE]  ISMN_SNOTEL_BigMeadow                     s1_asc/l9 → s1_asc_l9.npy  shape=(631, 196, 768)  size=190.0MB
  [WRITE]  ISMN_SNOTEL_BigMeadow                     s1_desc/l3 → s1_desc_l3.npy  shape=(604, 196, 768)  size=181.8MB
  [WRITE]  ISMN_SNOTEL_BigMeadow                     s1_desc/l6 → s1_desc_l6.npy  shape=(604, 196, 768)  size=181.8MB
  [WRITE]  ISMN_SNOTEL_BigMeadow                     s1_desc/l9 → s1_desc_l9.npy  shape=(604, 196, 768)  size=181.8MB
  [WRITE]  ISMN_SNOTEL_Daniels-Strawberry            s2/l3 → s2_l3.npy  shape=(335, 196, 768)  size=100.9MB
  [WRITE]  ISMN_SNOTEL_Daniels-Strawberry            s2/l6 → s2_l6.npy  shape=(335, 196, 768)  size=100.9MB
  [WRITE]  ISMN_SNOTEL_Daniels-Strawberry            s2/l9 → s2_l9.npy  shape=(335, 196, 768)  size=100.9MB
  [WRITE]  ISMN_SNOTEL_Daniels-Strawberry            s1_asc/l3 → s1_asc_l3.npy  shape=(297, 196, 768)  size=89.4MB
  [WRITE]  ISMN_SNOTEL_Daniels-Strawberry            s1_asc/l6 → s1_asc_l6.npy  shape=(297, 196, 768)  size=89.4MB
  [WRITE]  ISMN_SNOTEL_Daniels-Strawberry            s1_asc/l9 → s1_asc_l9.npy  shape=(297, 196, 768)  size=89.4MB
  [WRITE]  ISMN_SNOTEL_Daniels-Strawberry            s1_desc/l3 → s1_desc_l3.npy  shape=(492, 196, 768)  size=148.1MB
  [WRITE]  ISMN_SNOTEL_Daniels-Strawberry            s1_desc/l6 → s1_desc_l6.npy  shape=(492, 196, 768)  size=148.1MB
  [WRITE]  ISMN_SNOTEL_Daniels-Strawberry            s1_desc/l9 → s1_desc_l9.npy  shape=(492, 196, 768)  size=148.1MB
  [WRITE]  ISMN_SNOTEL_DillsCamp                     s2/l3 → s2_l3.npy  shape=(351, 196, 768)  size=105.7MB
  [WRITE]  ISMN_SNOTEL_DillsCamp                     s2/l6 → s2_l6.npy  shape=(351, 196, 768)  size=105.7MB
  [WRITE]  ISMN_SNOTEL_DillsCamp                     s2/l9 → s2_l9.npy  shape=(351, 196, 768)  size=105.7MB
  [WRITE]  ISMN_SNOTEL_DillsCamp                     s1_asc/l3 → s1_asc_l3.npy  shape=(297, 196, 768)  size=89.4MB
  [WRITE]  ISMN_SNOTEL_DillsCamp                     s1_asc/l6 → s1_asc_l6.npy  shape=(297, 196, 768)  size=89.4MB
  [WRITE]  ISMN_SNOTEL_DillsCamp                     s1_asc/l9 → s1_asc_l9.npy  shape=(297, 196, 768)  size=89.4MB
  [WRITE]  ISMN_SNOTEL_DillsCamp                     s1_desc/l3 → s1_desc_l3.npy  shape=(493, 196, 768)  size=148.4MB
  [WRITE]  ISMN_SNOTEL_DillsCamp                     s1_desc/l6 → s1_desc_l6.npy  shape=(493, 196, 768)  size=148.4MB
  [WRITE]  ISMN_SNOTEL_DillsCamp                     s1_desc/l9 → s1_desc_l9.npy  shape=(493, 196, 768)  size=148.4MB
  [WRITE]  ISMN_SNOTEL_DisasterPeak                  s2/l3 → s2_l3.npy  shape=(368, 196, 768)  size=110.8MB
  [WRITE]  ISMN_SNOTEL_DisasterPeak                  s2/l6 → s2_l6.npy  shape=(368, 196, 768)  size=110.8MB
  [WRITE]  ISMN_SNOTEL_DisasterPeak                  s2/l9 → s2_l9.npy  shape=(368, 196, 768)  size=110.8MB
  [WRITE]  ISMN_SNOTEL_DisasterPeak                  s1_asc/l3 → s1_asc_l3.npy  shape=(509, 196, 768)  size=153.2MB
  [WRITE]  ISMN_SNOTEL_DisasterPeak                  s1_asc/l6 → s1_asc_l6.npy  shape=(509, 196, 768)  size=153.2MB
  [WRITE]  ISMN_SNOTEL_DisasterPeak                  s1_asc/l9 → s1_asc_l9.npy  shape=(509, 196, 768)  size=153.2MB
  [WRITE]  ISMN_SNOTEL_DisasterPeak                  s1_desc/l3 → s1_desc_l3.npy  shape=(258, 196, 768)  size=77.7MB
  [WRITE]  ISMN_SNOTEL_DisasterPeak                  s1_desc/l6 → s1_desc_l6.npy  shape=(258, 196, 768)  size=77.7MB
  [WRITE]  ISMN_SNOTEL_DisasterPeak                  s1_desc/l9 → s1_desc_l9.npy  shape=(258, 196, 768)  size=77.7MB
  [WRITE]  ISMN_SNOTEL_DonkeyReservoir               s2/l3 → s2_l3.npy  shape=(331, 196, 768)  size=99.6MB
  [WRITE]  ISMN_SNOTEL_DonkeyReservoir               s2/l6 → s2_l6.npy  shape=(331, 196, 768)  size=99.6MB
  [WRITE]  ISMN_SNOTEL_DonkeyReservoir               s2/l9 → s2_l9.npy  shape=(331, 196, 768)  size=99.6MB
  [WRITE]  ISMN_SNOTEL_DonkeyReservoir               s1_asc/l3 → s1_asc_l3.npy  shape=(297, 196, 768)  size=89.4MB
  [WRITE]  ISMN_SNOTEL_DonkeyReservoir               s1_asc/l6 → s1_asc_l6.npy  shape=(297, 196, 768)  size=89.4MB
  [WRITE]  ISMN_SNOTEL_DonkeyReservoir               s1_asc/l9 → s1_asc_l9.npy  shape=(297, 196, 768)  size=89.4MB
  [WRITE]  ISMN_SNOTEL_DonkeyReservoir               s1_desc/l3 → s1_desc_l3.npy  shape=(493, 196, 768)  size=148.4MB
  [WRITE]  ISMN_SNOTEL_DonkeyReservoir               s1_desc/l6 → s1_desc_l6.npy  shape=(493, 196, 768)  size=148.4MB
  [WRITE]  ISMN_SNOTEL_DonkeyReservoir               s1_desc/l9 → s1_desc_l9.npy  shape=(493, 196, 768)  size=148.4MB
  [WRITE]  ISMN_SNOTEL_PoleCanyon                    s2/l3 → s2_l3.npy  shape=(338, 196, 768)  size=101.8MB
  [WRITE]  ISMN_SNOTEL_PoleCanyon                    s2/l6 → s2_l6.npy  shape=(338, 196, 768)  size=101.8MB
  [WRITE]  ISMN_SNOTEL_PoleCanyon                    s2/l9 → s2_l9.npy  shape=(338, 196, 768)  size=101.8MB
  [WRITE]  ISMN_SNOTEL_PoleCanyon                    s1_asc/l3 → s1_asc_l3.npy  shape=(96, 196, 768)  size=28.9MB
  [WRITE]  ISMN_SNOTEL_PoleCanyon                    s1_asc/l6 → s1_asc_l6.npy  shape=(96, 196, 768)  size=28.9MB
  [WRITE]  ISMN_SNOTEL_PoleCanyon                    s1_asc/l9 → s1_asc_l9.npy  shape=(96, 196, 768)  size=28.9MB
  [WRITE]  ISMN_SNOTEL_PoleCanyon                    s1_desc/l3 → s1_desc_l3.npy  shape=(464, 196, 768)  size=139.7MB
  [WRITE]  ISMN_SNOTEL_PoleCanyon                    s1_desc/l6 → s1_desc_l6.npy  shape=(464, 196, 768)  size=139.7MB
  [WRITE]  ISMN_SNOTEL_PoleCanyon                    s1_desc/l9 → s1_desc_l9.npy  shape=(464, 196, 768)  size=139.7MB
  [WRITE]  ISMN_SNOTEL_PoleCreekR.S.                 s2/l3 → s2_l3.npy  shape=(88, 196, 768)  size=26.5MB
  [WRITE]  ISMN_SNOTEL_PoleCreekR.S.                 s2/l6 → s2_l6.npy  shape=(88, 196, 768)  size=26.5MB
  [WRITE]  ISMN_SNOTEL_PoleCreekR.S.                 s2/l9 → s2_l9.npy  shape=(88, 196, 768)  size=26.5MB
  [WRITE]  ISMN_SNOTEL_PoleCreekR.S.                 s1_asc/l3 → s1_asc_l3.npy  shape=(11, 196, 768)  size=3.3MB
  [WRITE]  ISMN_SNOTEL_PoleCreekR.S.                 s1_asc/l6 → s1_asc_l6.npy  shape=(11, 196, 768)  size=3.3MB
  [WRITE]  ISMN_SNOTEL_PoleCreekR.S.                 s1_asc/l9 → s1_asc_l9.npy  shape=(11, 196, 768)  size=3.3MB
  [WRITE]  ISMN_SNOTEL_PoleCreekR.S.                 s1_desc/l3 → s1_desc_l3.npy  shape=(81, 196, 768)  size=24.4MB
  [WRITE]  ISMN_SNOTEL_PoleCreekR.S.                 s1_desc/l6 → s1_desc_l6.npy  shape=(81, 196, 768)  size=24.4MB
  [WRITE]  ISMN_SNOTEL_PoleCreekR.S.                 s1_desc/l9 → s1_desc_l9.npy  shape=(81, 196, 768)  size=24.4MB
  [WRITE]  ISMN_SNOTEL_PorphyryCreek                 s2/l3 → s2_l3.npy  shape=(177, 196, 768)  size=53.3MB
  [WRITE]  ISMN_SNOTEL_PorphyryCreek                 s2/l6 → s2_l6.npy  shape=(177, 196, 768)  size=53.3MB
  [WRITE]  ISMN_SNOTEL_PorphyryCreek                 s2/l9 → s2_l9.npy  shape=(177, 196, 768)  size=53.3MB
  [WRITE]  ISMN_SNOTEL_PorphyryCreek                 s1_asc/l3 → s1_asc_l3.npy  shape=(125, 196, 768)  size=37.6MB
  [WRITE]  ISMN_SNOTEL_PorphyryCreek                 s1_asc/l6 → s1_asc_l6.npy  shape=(125, 196, 768)  size=37.6MB
  [WRITE]  ISMN_SNOTEL_PorphyryCreek                 s1_asc/l9 → s1_asc_l9.npy  shape=(125, 196, 768)  size=37.6MB
  [WRITE]  ISMN_SNOTEL_PorphyryCreek                 s1_desc/l3 → s1_desc_l3.npy  shape=(164, 196, 768)  size=49.4MB
  [WRITE]  ISMN_SNOTEL_PorphyryCreek                 s1_desc/l6 → s1_desc_l6.npy  shape=(164, 196, 768)  size=49.4MB
  [WRITE]  ISMN_SNOTEL_PorphyryCreek                 s1_desc/l9 → s1_desc_l9.npy  shape=(164, 196, 768)  size=49.4MB
  [WRITE]  ISMN_SNOTEL_PortGraham                    s2/l3 → s2_l3.npy  shape=(182, 196, 768)  size=54.8MB
  [WRITE]  ISMN_SNOTEL_PortGraham                    s2/l6 → s2_l6.npy  shape=(182, 196, 768)  size=54.8MB
  [WRITE]  ISMN_SNOTEL_PortGraham                    s2/l9 → s2_l9.npy  shape=(182, 196, 768)  size=54.8MB
  [WRITE]  ISMN_SNOTEL_PortGraham                    s1_asc/l3 → s1_asc_l3.npy  shape=(115, 196, 768)  size=34.6MB
  [WRITE]  ISMN_SNOTEL_PortGraham                    s1_asc/l6 → s1_asc_l6.npy  shape=(115, 196, 768)  size=34.6MB
  [WRITE]  ISMN_SNOTEL_PortGraham                    s1_asc/l9 → s1_asc_l9.npy  shape=(115, 196, 768)  size=34.6MB
  [WRITE]  ISMN_SNOTEL_PortGraham                    s1_desc/l3 → s1_desc_l3.npy  shape=(124, 196, 768)  size=37.3MB
  [WRITE]  ISMN_SNOTEL_PortGraham                    s1_desc/l6 → s1_desc_l6.npy  shape=(124, 196, 768)  size=37.3MB
  [WRITE]  ISMN_SNOTEL_PortGraham                    s1_desc/l9 → s1_desc_l9.npy  shape=(124, 196, 768)  size=37.3MB
  [WRITE]  ISMN_SNOTEL_HawleyLake                    s2/l3 → s2_l3.npy  shape=(242, 196, 768)  size=72.9MB
  [WRITE]  ISMN_SNOTEL_HawleyLake                    s2/l6 → s2_l6.npy  shape=(242, 196, 768)  size=72.9MB
  [WRITE]  ISMN_SNOTEL_HawleyLake                    s2/l9 → s2_l9.npy  shape=(242, 196, 768)  size=72.9MB
  [WRITE]  ISMN_SNOTEL_HawleyLake                    s1_asc/l3 → s1_asc_l3.npy  shape=(119, 196, 768)  size=35.8MB
  [WRITE]  ISMN_SNOTEL_HawleyLake                    s1_asc/l6 → s1_asc_l6.npy  shape=(119, 196, 768)  size=35.8MB
  [WRITE]  ISMN_SNOTEL_HawleyLake                    s1_asc/l9 → s1_asc_l9.npy  shape=(119, 196, 768)  size=35.8MB
  [WRITE]  ISMN_SNOTEL_HawleyLake                    s1_desc/l3 → s1_desc_l3.npy  shape=(184, 196, 768)  size=55.4MB
  [WRITE]  ISMN_SNOTEL_HawleyLake                    s1_desc/l6 → s1_desc_l6.npy  shape=(184, 196, 768)  size=55.4MB
  [WRITE]  ISMN_SNOTEL_HawleyLake                    s1_desc/l9 → s1_desc_l9.npy  shape=(184, 196, 768)  size=55.4MB
  [WRITE]  ISMN_SNOTEL_HaydenFork                    s2/l3 → s2_l3.npy  shape=(276, 196, 768)  size=83.1MB
  [WRITE]  ISMN_SNOTEL_HaydenFork                    s2/l6 → s2_l6.npy  shape=(276, 196, 768)  size=83.1MB
  [WRITE]  ISMN_SNOTEL_HaydenFork                    s2/l9 → s2_l9.npy  shape=(276, 196, 768)  size=83.1MB
  [WRITE]  ISMN_SNOTEL_HaydenFork                    s1_asc/l3 → s1_asc_l3.npy  shape=(141, 196, 768)  size=42.4MB
  [WRITE]  ISMN_SNOTEL_HaydenFork                    s1_asc/l6 → s1_asc_l6.npy  shape=(141, 196, 768)  size=42.4MB
  [WRITE]  ISMN_SNOTEL_HaydenFork                    s1_asc/l9 → s1_asc_l9.npy  shape=(141, 196, 768)  size=42.4MB
  [WRITE]  ISMN_SNOTEL_HaydenFork                    s1_desc/l3 → s1_desc_l3.npy  shape=(491, 196, 768)  size=147.8MB
  [WRITE]  ISMN_SNOTEL_HaydenFork                    s1_desc/l6 → s1_desc_l6.npy  shape=(491, 196, 768)  size=147.8MB
  [WRITE]  ISMN_SNOTEL_HaydenFork                    s1_desc/l9 → s1_desc_l9.npy  shape=(491, 196, 768)  size=147.8MB
  [WRITE]  ISMN_SNOTEL_HeavenlyValley                s2/l3 → s2_l3.npy  shape=(514, 196, 768)  size=154.7MB
  [WRITE]  ISMN_SNOTEL_HeavenlyValley                s2/l6 → s2_l6.npy  shape=(514, 196, 768)  size=154.7MB
  [WRITE]  ISMN_SNOTEL_HeavenlyValley                s2/l9 → s2_l9.npy  shape=(514, 196, 768)  size=154.7MB
  [WRITE]  ISMN_SNOTEL_HeavenlyValley                s1_asc/l3 → s1_asc_l3.npy  shape=(667, 196, 768)  size=200.8MB
  [WRITE]  ISMN_SNOTEL_HeavenlyValley                s1_asc/l6 → s1_asc_l6.npy  shape=(667, 196, 768)  size=200.8MB
  [WRITE]  ISMN_SNOTEL_HeavenlyValley                s1_asc/l9 → s1_asc_l9.npy  shape=(667, 196, 768)  size=200.8MB
  [WRITE]  ISMN_SNOTEL_HeavenlyValley                s1_desc/l3 → s1_desc_l3.npy  shape=(638, 196, 768)  size=192.1MB
  [WRITE]  ISMN_SNOTEL_HeavenlyValley                s1_desc/l6 → s1_desc_l6.npy  shape=(638, 196, 768)  size=192.1MB
  [WRITE]  ISMN_SNOTEL_HeavenlyValley                s1_desc/l9 → s1_desc_l9.npy  shape=(638, 196, 768)  size=192.1MB
  [WRITE]  ISMN_SNOTEL_Hewinta                       s2/l3 → s2_l3.npy  shape=(257, 196, 768)  size=77.4MB
  [WRITE]  ISMN_SNOTEL_Hewinta                       s2/l6 → s2_l6.npy  shape=(257, 196, 768)  size=77.4MB
  [WRITE]  ISMN_SNOTEL_Hewinta                       s2/l9 → s2_l9.npy  shape=(257, 196, 768)  size=77.4MB
  [WRITE]  ISMN_SNOTEL_Hewinta                       s1_asc/l3 → s1_asc_l3.npy  shape=(136, 196, 768)  size=40.9MB
  [WRITE]  ISMN_SNOTEL_Hewinta                       s1_asc/l6 → s1_asc_l6.npy  shape=(136, 196, 768)  size=40.9MB
  [WRITE]  ISMN_SNOTEL_Hewinta                       s1_asc/l9 → s1_asc_l9.npy  shape=(136, 196, 768)  size=40.9MB
  [WRITE]  ISMN_SNOTEL_Hewinta                       s1_desc/l3 → s1_desc_l3.npy  shape=(228, 196, 768)  size=68.6MB
  [WRITE]  ISMN_SNOTEL_Hewinta                       s1_desc/l6 → s1_desc_l6.npy  shape=(228, 196, 768)  size=68.6MB
  [WRITE]  ISMN_SNOTEL_Hewinta                       s1_desc/l9 → s1_desc_l9.npy  shape=(228, 196, 768)  size=68.6MB
  [WRITE]  ISMN_SNOTEL_KlondikeNarrows               s2/l3 → s2_l3.npy  shape=(613, 196, 768)  size=184.5MB
  [WRITE]  ISMN_SNOTEL_KlondikeNarrows               s2/l6 → s2_l6.npy  shape=(613, 196, 768)  size=184.5MB
  [WRITE]  ISMN_SNOTEL_KlondikeNarrows               s2/l9 → s2_l9.npy  shape=(613, 196, 768)  size=184.5MB
  [WRITE]  ISMN_SNOTEL_KlondikeNarrows               s1_asc/l3 → s1_asc_l3.npy  shape=(295, 196, 768)  size=88.8MB
  [WRITE]  ISMN_SNOTEL_KlondikeNarrows               s1_asc/l6 → s1_asc_l6.npy  shape=(295, 196, 768)  size=88.8MB
  [WRITE]  ISMN_SNOTEL_KlondikeNarrows               s1_asc/l9 → s1_asc_l9.npy  shape=(295, 196, 768)  size=88.8MB
  [WRITE]  ISMN_SNOTEL_KlondikeNarrows               s1_desc/l3 → s1_desc_l3.npy  shape=(258, 196, 768)  size=77.7MB
  [WRITE]  ISMN_SNOTEL_KlondikeNarrows               s1_desc/l6 → s1_desc_l6.npy  shape=(258, 196, 768)  size=77.7MB
  [WRITE]  ISMN_SNOTEL_KlondikeNarrows               s1_desc/l9 → s1_desc_l9.npy  shape=(258, 196, 768)  size=77.7MB
  [WRITE]  ISMN_SNOTEL_Kolob                         s2/l3 → s2_l3.npy  shape=(749, 196, 768)  size=225.5MB
  [WRITE]  ISMN_SNOTEL_Kolob                         s2/l6 → s2_l6.npy  shape=(749, 196, 768)  size=225.5MB
  [WRITE]  ISMN_SNOTEL_Kolob                         s2/l9 → s2_l9.npy  shape=(749, 196, 768)  size=225.5MB
  [WRITE]  ISMN_SNOTEL_Kolob                         s1_asc/l3 → s1_asc_l3.npy  shape=(250, 196, 768)  size=75.3MB
  [WRITE]  ISMN_SNOTEL_Kolob                         s1_asc/l6 → s1_asc_l6.npy  shape=(250, 196, 768)  size=75.3MB
  [WRITE]  ISMN_SNOTEL_Kolob                         s1_asc/l9 → s1_asc_l9.npy  shape=(250, 196, 768)  size=75.3MB
  [WRITE]  ISMN_SNOTEL_Kolob                         s1_desc/l3 → s1_desc_l3.npy  shape=(257, 196, 768)  size=77.4MB
  [WRITE]  ISMN_SNOTEL_Kolob                         s1_desc/l6 → s1_desc_l6.npy  shape=(257, 196, 768)  size=77.4MB
  [WRITE]  ISMN_SNOTEL_Kolob                         s1_desc/l9 → s1_desc_l9.npy  shape=(257, 196, 768)  size=77.4MB
  [WRITE]  ISMN_SNOTEL_Lakefork#1                    s2/l3 → s2_l3.npy  shape=(325, 196, 768)  size=97.8MB
  [WRITE]  ISMN_SNOTEL_Lakefork#1                    s2/l6 → s2_l6.npy  shape=(325, 196, 768)  size=97.8MB
  [WRITE]  ISMN_SNOTEL_Lakefork#1                    s2/l9 → s2_l9.npy  shape=(325, 196, 768)  size=97.8MB
  [WRITE]  ISMN_SNOTEL_Lakefork#1                    s1_asc/l3 → s1_asc_l3.npy  shape=(141, 196, 768)  size=42.4MB
  [WRITE]  ISMN_SNOTEL_Lakefork#1                    s1_asc/l6 → s1_asc_l6.npy  shape=(141, 196, 768)  size=42.4MB
  [WRITE]  ISMN_SNOTEL_Lakefork#1                    s1_asc/l9 → s1_asc_l9.npy  shape=(141, 196, 768)  size=42.4MB
  [WRITE]  ISMN_SNOTEL_Lakefork#1                    s1_desc/l3 → s1_desc_l3.npy  shape=(234, 196, 768)  size=70.4MB
  [WRITE]  ISMN_SNOTEL_Lakefork#1                    s1_desc/l6 → s1_desc_l6.npy  shape=(234, 196, 768)  size=70.4MB
  [WRITE]  ISMN_SNOTEL_Lakefork#1                    s1_desc/l9 → s1_desc_l9.npy  shape=(234, 196, 768)  size=70.4MB
  [WRITE]  ISMN_SNOTEL_LakeforkBasin                 s2/l3 → s2_l3.npy  shape=(187, 196, 768)  size=56.3MB
  [WRITE]  ISMN_SNOTEL_LakeforkBasin                 s2/l6 → s2_l6.npy  shape=(187, 196, 768)  size=56.3MB
  [WRITE]  ISMN_SNOTEL_LakeforkBasin                 s2/l9 → s2_l9.npy  shape=(187, 196, 768)  size=56.3MB
  [WRITE]  ISMN_SNOTEL_LakeforkBasin                 s1_asc/l3 → s1_asc_l3.npy  shape=(60, 196, 768)  size=18.1MB
  [WRITE]  ISMN_SNOTEL_LakeforkBasin                 s1_asc/l6 → s1_asc_l6.npy  shape=(60, 196, 768)  size=18.1MB
  [WRITE]  ISMN_SNOTEL_LakeforkBasin                 s1_asc/l9 → s1_asc_l9.npy  shape=(60, 196, 768)  size=18.1MB
  [WRITE]  ISMN_SNOTEL_LakeforkBasin                 s1_desc/l3 → s1_desc_l3.npy  shape=(156, 196, 768)  size=47.0MB
  [WRITE]  ISMN_SNOTEL_LakeforkBasin                 s1_desc/l6 → s1_desc_l6.npy  shape=(156, 196, 768)  size=47.0MB
  [WRITE]  ISMN_SNOTEL_LakeforkBasin                 s1_desc/l9 → s1_desc_l9.npy  shape=(156, 196, 768)  size=47.0MB
  [WRITE]  ISMN_SNOTEL_MarletteLake                  s2/l3 → s2_l3.npy  shape=(303, 196, 768)  size=91.2MB
  [WRITE]  ISMN_SNOTEL_MarletteLake                  s2/l6 → s2_l6.npy  shape=(303, 196, 768)  size=91.2MB
  [WRITE]  ISMN_SNOTEL_MarletteLake                  s2/l9 → s2_l9.npy  shape=(303, 196, 768)  size=91.2MB
  [WRITE]  ISMN_SNOTEL_MarletteLake                  s1_asc/l3 → s1_asc_l3.npy  shape=(732, 196, 768)  size=220.4MB
  [WRITE]  ISMN_SNOTEL_MarletteLake                  s1_asc/l6 → s1_asc_l6.npy  shape=(732, 196, 768)  size=220.4MB
  [WRITE]  ISMN_SNOTEL_MarletteLake                  s1_asc/l9 → s1_asc_l9.npy  shape=(732, 196, 768)  size=220.4MB
  [WRITE]  ISMN_SNOTEL_MarletteLake                  s1_desc/l3 → s1_desc_l3.npy  shape=(703, 196, 768)  size=211.6MB
  [WRITE]  ISMN_SNOTEL_MarletteLake                  s1_desc/l6 → s1_desc_l6.npy  shape=(703, 196, 768)  size=211.6MB
  [WRITE]  ISMN_SNOTEL_MarletteLake                  s1_desc/l9 → s1_desc_l9.npy  shape=(703, 196, 768)  size=211.6MB
  [WRITE]  ISMN_SNOTEL_MayCreek                      s2/l3 → s2_l3.npy  shape=(120, 196, 768)  size=36.1MB
  [WRITE]  ISMN_SNOTEL_MayCreek                      s2/l6 → s2_l6.npy  shape=(120, 196, 768)  size=36.1MB
  [WRITE]  ISMN_SNOTEL_MayCreek                      s2/l9 → s2_l9.npy  shape=(120, 196, 768)  size=36.1MB
  [WRITE]  ISMN_SNOTEL_MayCreek                      s1_asc/l3 → s1_asc_l3.npy  shape=(95, 196, 768)  size=28.6MB
  [WRITE]  ISMN_SNOTEL_MayCreek                      s1_asc/l6 → s1_asc_l6.npy  shape=(95, 196, 768)  size=28.6MB
  [WRITE]  ISMN_SNOTEL_MayCreek                      s1_asc/l9 → s1_asc_l9.npy  shape=(95, 196, 768)  size=28.6MB
  [WRITE]  ISMN_SNOTEL_MayCreek                      s1_desc/l3 → s1_desc_l3.npy  shape=(375, 196, 768)  size=112.9MB
  [WRITE]  ISMN_SNOTEL_MayCreek                      s1_desc/l6 → s1_desc_l6.npy  shape=(375, 196, 768)  size=112.9MB
  [WRITE]  ISMN_SNOTEL_MayCreek                      s1_desc/l9 → s1_desc_l9.npy  shape=(375, 196, 768)  size=112.9MB
  [WRITE]  ISMN_SNOTEL_McGrath                       s2/l3 → s2_l3.npy  shape=(120, 196, 768)  size=36.1MB
  [WRITE]  ISMN_SNOTEL_McGrath                       s2/l6 → s2_l6.npy  shape=(120, 196, 768)  size=36.1MB
  [WRITE]  ISMN_SNOTEL_McGrath                       s2/l9 → s2_l9.npy  shape=(120, 196, 768)  size=36.1MB
  [WRITE]  ISMN_SNOTEL_McGrath                       s1_asc/l3 → s1_asc_l3.npy  shape=(62, 196, 768)  size=18.7MB
  [WRITE]  ISMN_SNOTEL_McGrath                       s1_asc/l6 → s1_asc_l6.npy  shape=(62, 196, 768)  size=18.7MB
  [WRITE]  ISMN_SNOTEL_McGrath                       s1_asc/l9 → s1_asc_l9.npy  shape=(62, 196, 768)  size=18.7MB
  [WRITE]  ISMN_SNOTEL_McGrath                       s1_desc/l3 → s1_desc_l3.npy  shape=(149, 196, 768)  size=44.9MB
  [WRITE]  ISMN_SNOTEL_McGrath                       s1_desc/l6 → s1_desc_l6.npy  shape=(149, 196, 768)  size=44.9MB
  [WRITE]  ISMN_SNOTEL_McGrath                       s1_desc/l9 → s1_desc_l9.npy  shape=(149, 196, 768)  size=44.9MB
  [WRITE]  ISMN_SNOTEL_McneilRiverSGS                s2/l3 → s2_l3.npy  shape=(75, 196, 768)  size=22.6MB
  [WRITE]  ISMN_SNOTEL_McneilRiverSGS                s2/l6 → s2_l6.npy  shape=(75, 196, 768)  size=22.6MB
  [WRITE]  ISMN_SNOTEL_McneilRiverSGS                s2/l9 → s2_l9.npy  shape=(75, 196, 768)  size=22.6MB
  [WRITE]  ISMN_SNOTEL_McneilRiverSGS                s1_asc/l3 → s1_asc_l3.npy  shape=(53, 196, 768)  size=16.0MB
  [WRITE]  ISMN_SNOTEL_McneilRiverSGS                s1_asc/l6 → s1_asc_l6.npy  shape=(53, 196, 768)  size=16.0MB
  [WRITE]  ISMN_SNOTEL_McneilRiverSGS                s1_asc/l9 → s1_asc_l9.npy  shape=(53, 196, 768)  size=16.0MB
  [WRITE]  ISMN_SNOTEL_McneilRiverSGS                s1_desc/l3 → s1_desc_l3.npy  shape=(65, 196, 768)  size=19.6MB
  [WRITE]  ISMN_SNOTEL_McneilRiverSGS                s1_desc/l6 → s1_desc_l6.npy  shape=(65, 196, 768)  size=19.6MB
  [WRITE]  ISMN_SNOTEL_McneilRiverSGS                s1_desc/l9 → s1_desc_l9.npy  shape=(65, 196, 768)  size=19.6MB
  [WRITE]  ISMN_SNOTEL_LittleBear                    s2/l3 → s2_l3.npy  shape=(553, 196, 768)  size=166.5MB
  [WRITE]  ISMN_SNOTEL_LittleBear                    s2/l6 → s2_l6.npy  shape=(553, 196, 768)  size=166.5MB
  [WRITE]  ISMN_SNOTEL_LittleBear                    s2/l9 → s2_l9.npy  shape=(553, 196, 768)  size=166.5MB
  [WRITE]  ISMN_SNOTEL_LittleBear                    s1_asc/l3 → s1_asc_l3.npy  shape=(300, 196, 768)  size=90.3MB
  [WRITE]  ISMN_SNOTEL_LittleBear                    s1_asc/l6 → s1_asc_l6.npy  shape=(300, 196, 768)  size=90.3MB
  [WRITE]  ISMN_SNOTEL_LittleBear                    s1_asc/l9 → s1_asc_l9.npy  shape=(300, 196, 768)  size=90.3MB
  [WRITE]  ISMN_SNOTEL_LittleBear                    s1_desc/l3 → s1_desc_l3.npy  shape=(257, 196, 768)  size=77.4MB
  [WRITE]  ISMN_SNOTEL_LittleBear                    s1_desc/l6 → s1_desc_l6.npy  shape=(257, 196, 768)  size=77.4MB
  [WRITE]  ISMN_SNOTEL_LittleBear                    s1_desc/l9 → s1_desc_l9.npy  shape=(257, 196, 768)  size=77.4MB
  [WRITE]  ISMN_SNOTEL_LittleChenaRidge              s2/l3 → s2_l3.npy  shape=(84, 196, 768)  size=25.3MB
  [WRITE]  ISMN_SNOTEL_LittleChenaRidge              s2/l6 → s2_l6.npy  shape=(84, 196, 768)  size=25.3MB
  [WRITE]  ISMN_SNOTEL_LittleChenaRidge              s2/l9 → s2_l9.npy  shape=(84, 196, 768)  size=25.3MB
  [WRITE]  ISMN_SNOTEL_LittleChenaRidge              s1_asc/l3 → s1_asc_l3.npy  shape=(72, 196, 768)  size=21.7MB
  [WRITE]  ISMN_SNOTEL_LittleChenaRidge              s1_asc/l6 → s1_asc_l6.npy  shape=(72, 196, 768)  size=21.7MB
  [WRITE]  ISMN_SNOTEL_LittleChenaRidge              s1_asc/l9 → s1_asc_l9.npy  shape=(72, 196, 768)  size=21.7MB
  [WRITE]  ISMN_SNOTEL_LittleChenaRidge              s1_desc/l3 → s1_desc_l3.npy  shape=(59, 196, 768)  size=17.8MB
  [WRITE]  ISMN_SNOTEL_LittleChenaRidge              s1_desc/l6 → s1_desc_l6.npy  shape=(59, 196, 768)  size=17.8MB
  [WRITE]  ISMN_SNOTEL_LittleChenaRidge              s1_desc/l9 → s1_desc_l9.npy  shape=(59, 196, 768)  size=17.8MB
  [WRITE]  ISMN_SNOTEL_LittleGrassy                  s2/l3 → s2_l3.npy  shape=(412, 196, 768)  size=124.0MB
  [WRITE]  ISMN_SNOTEL_LittleGrassy                  s2/l6 → s2_l6.npy  shape=(412, 196, 768)  size=124.0MB
  [WRITE]  ISMN_SNOTEL_LittleGrassy                  s2/l9 → s2_l9.npy  shape=(412, 196, 768)  size=124.0MB
  [WRITE]  ISMN_SNOTEL_LittleGrassy                  s1_asc/l3 → s1_asc_l3.npy  shape=(100, 196, 768)  size=30.1MB
  [WRITE]  ISMN_SNOTEL_LittleGrassy                  s1_asc/l6 → s1_asc_l6.npy  shape=(100, 196, 768)  size=30.1MB
  [WRITE]  ISMN_SNOTEL_LittleGrassy                  s1_asc/l9 → s1_asc_l9.npy  shape=(100, 196, 768)  size=30.1MB
  [WRITE]  ISMN_SNOTEL_LittleGrassy                  s1_desc/l3 → s1_desc_l3.npy  shape=(602, 196, 768)  size=181.2MB
  [WRITE]  ISMN_SNOTEL_LittleGrassy                  s1_desc/l6 → s1_desc_l6.npy  shape=(602, 196, 768)  size=181.2MB
  [WRITE]  ISMN_SNOTEL_LittleGrassy                  s1_desc/l9 → s1_desc_l9.npy  shape=(602, 196, 768)  size=181.2MB
  [WRITE]  ISMN_SNOTEL_LittleSnakeRiver              s2/l3 → s2_l3.npy  shape=(255, 196, 768)  size=76.8MB
  [WRITE]  ISMN_SNOTEL_LittleSnakeRiver              s2/l6 → s2_l6.npy  shape=(255, 196, 768)  size=76.8MB
  [WRITE]  ISMN_SNOTEL_LittleSnakeRiver              s2/l9 → s2_l9.npy  shape=(255, 196, 768)  size=76.8MB
  [WRITE]  ISMN_SNOTEL_LittleSnakeRiver              s1_asc/l3 → s1_asc_l3.npy  shape=(112, 196, 768)  size=33.7MB
  [WRITE]  ISMN_SNOTEL_LittleSnakeRiver              s1_asc/l6 → s1_asc_l6.npy  shape=(112, 196, 768)  size=33.7MB
  [WRITE]  ISMN_SNOTEL_LittleSnakeRiver              s1_asc/l9 → s1_asc_l9.npy  shape=(112, 196, 768)  size=33.7MB
  [WRITE]  ISMN_SNOTEL_LittleSnakeRiver              s1_desc/l3 → s1_desc_l3.npy  shape=(261, 196, 768)  size=78.6MB
  [WRITE]  ISMN_SNOTEL_LittleSnakeRiver              s1_desc/l6 → s1_desc_l6.npy  shape=(261, 196, 768)  size=78.6MB
  [WRITE]  ISMN_SNOTEL_LittleSnakeRiver              s1_desc/l9 → s1_desc_l9.npy  shape=(261, 196, 768)  size=78.6MB
  [WRITE]  ISMN_SMOSMANIA_LezignanCorbieres          s2/l3 → s2_l3.npy  shape=(240, 196, 768)  size=72.3MB
  [WRITE]  ISMN_SMOSMANIA_LezignanCorbieres          s2/l6 → s2_l6.npy  shape=(240, 196, 768)  size=72.3MB
  [WRITE]  ISMN_SMOSMANIA_LezignanCorbieres          s2/l9 → s2_l9.npy  shape=(240, 196, 768)  size=72.3MB
  [WRITE]  ISMN_SMOSMANIA_LezignanCorbieres          s1_asc/l3 → s1_asc_l3.npy  shape=(665, 196, 768)  size=200.2MB
  [WRITE]  ISMN_SMOSMANIA_LezignanCorbieres          s1_asc/l6 → s1_asc_l6.npy  shape=(665, 196, 768)  size=200.2MB
  [WRITE]  ISMN_SMOSMANIA_LezignanCorbieres          s1_asc/l9 → s1_asc_l9.npy  shape=(665, 196, 768)  size=200.2MB
  [WRITE]  ISMN_SMOSMANIA_LezignanCorbieres          s1_desc/l3 → s1_desc_l3.npy  shape=(717, 196, 768)  size=215.9MB
  [WRITE]  ISMN_SMOSMANIA_LezignanCorbieres          s1_desc/l6 → s1_desc_l6.npy  shape=(717, 196, 768)  size=215.9MB
  [WRITE]  ISMN_SMOSMANIA_LezignanCorbieres          s1_desc/l9 → s1_desc_l9.npy  shape=(717, 196, 768)  size=215.9MB
  [WRITE]  ISMN_SMOSMANIA_Mazan-Abbaye               s2/l3 → s2_l3.npy  shape=(125, 196, 768)  size=37.6MB
  [WRITE]  ISMN_SMOSMANIA_Mazan-Abbaye               s2/l6 → s2_l6.npy  shape=(125, 196, 768)  size=37.6MB
  [WRITE]  ISMN_SMOSMANIA_Mazan-Abbaye               s2/l9 → s2_l9.npy  shape=(125, 196, 768)  size=37.6MB
  [WRITE]  ISMN_SMOSMANIA_Mazan-Abbaye               s1_asc/l3 → s1_asc_l3.npy  shape=(560, 196, 768)  size=168.6MB
  [WRITE]  ISMN_SMOSMANIA_Mazan-Abbaye               s1_asc/l6 → s1_asc_l6.npy  shape=(560, 196, 768)  size=168.6MB
  [WRITE]  ISMN_SMOSMANIA_Mazan-Abbaye               s1_asc/l9 → s1_asc_l9.npy  shape=(560, 196, 768)  size=168.6MB
  [WRITE]  ISMN_SMOSMANIA_Mazan-Abbaye               s1_desc/l3 → s1_desc_l3.npy  shape=(280, 196, 768)  size=84.3MB
  [WRITE]  ISMN_SMOSMANIA_Mazan-Abbaye               s1_desc/l6 → s1_desc_l6.npy  shape=(280, 196, 768)  size=84.3MB
  [WRITE]  ISMN_SMOSMANIA_Mazan-Abbaye               s1_desc/l9 → s1_desc_l9.npy  shape=(280, 196, 768)  size=84.3MB
  [WRITE]  ISMN_SMOSMANIA_Mejannes-le-Clap           s2/l3 → s2_l3.npy  shape=(436, 196, 768)  size=131.3MB
  [WRITE]  ISMN_SMOSMANIA_Mejannes-le-Clap           s2/l6 → s2_l6.npy  shape=(436, 196, 768)  size=131.3MB
  [WRITE]  ISMN_SMOSMANIA_Mejannes-le-Clap           s2/l9 → s2_l9.npy  shape=(436, 196, 768)  size=131.3MB
  [WRITE]  ISMN_SMOSMANIA_Mejannes-le-Clap           s1_asc/l3 → s1_asc_l3.npy  shape=(681, 196, 768)  size=205.0MB
  [WRITE]  ISMN_SMOSMANIA_Mejannes-le-Clap           s1_asc/l6 → s1_asc_l6.npy  shape=(681, 196, 768)  size=205.0MB
  [WRITE]  ISMN_SMOSMANIA_Mejannes-le-Clap           s1_asc/l9 → s1_asc_l9.npy  shape=(681, 196, 768)  size=205.0MB
  [WRITE]  ISMN_SMOSMANIA_Mejannes-le-Clap           s1_desc/l3 → s1_desc_l3.npy  shape=(680, 196, 768)  size=204.7MB
  [WRITE]  ISMN_SMOSMANIA_Mejannes-le-Clap           s1_desc/l6 → s1_desc_l6.npy  shape=(680, 196, 768)  size=204.7MB
  [WRITE]  ISMN_SMOSMANIA_Mejannes-le-Clap           s1_desc/l9 → s1_desc_l9.npy  shape=(680, 196, 768)  size=204.7MB
  [WRITE]  ISMN_SMOSMANIA_Montaut                    s2/l3 → s2_l3.npy  shape=(440, 196, 768)  size=132.5MB
  [WRITE]  ISMN_SMOSMANIA_Montaut                    s2/l6 → s2_l6.npy  shape=(440, 196, 768)  size=132.5MB
  [WRITE]  ISMN_SMOSMANIA_Montaut                    s2/l9 → s2_l9.npy  shape=(440, 196, 768)  size=132.5MB
  [WRITE]  ISMN_SMOSMANIA_Montaut                    s1_asc/l3 → s1_asc_l3.npy  shape=(360, 196, 768)  size=108.4MB
  [WRITE]  ISMN_SMOSMANIA_Montaut                    s1_asc/l6 → s1_asc_l6.npy  shape=(360, 196, 768)  size=108.4MB
  [WRITE]  ISMN_SMOSMANIA_Montaut                    s1_asc/l9 → s1_asc_l9.npy  shape=(360, 196, 768)  size=108.4MB
  [WRITE]  ISMN_SMOSMANIA_Montaut                    s1_desc/l3 → s1_desc_l3.npy  shape=(418, 196, 768)  size=125.8MB
  [WRITE]  ISMN_SMOSMANIA_Montaut                    s1_desc/l6 → s1_desc_l6.npy  shape=(418, 196, 768)  size=125.8MB
  [WRITE]  ISMN_SMOSMANIA_Montaut                    s1_desc/l9 → s1_desc_l9.npy  shape=(418, 196, 768)  size=125.8MB
  [WRITE]  ISMN_SNOTEL_LamanceCreek                  s2/l3 → s2_l3.npy  shape=(343, 196, 768)  size=103.3MB
  [WRITE]  ISMN_SNOTEL_LamanceCreek                  s2/l6 → s2_l6.npy  shape=(343, 196, 768)  size=103.3MB
  [WRITE]  ISMN_SNOTEL_LamanceCreek                  s2/l9 → s2_l9.npy  shape=(343, 196, 768)  size=103.3MB
  [WRITE]  ISMN_SNOTEL_LamanceCreek                  s1_asc/l3 → s1_asc_l3.npy  shape=(507, 196, 768)  size=152.6MB
  [WRITE]  ISMN_SNOTEL_LamanceCreek                  s1_asc/l6 → s1_asc_l6.npy  shape=(507, 196, 768)  size=152.6MB
  [WRITE]  ISMN_SNOTEL_LamanceCreek                  s1_asc/l9 → s1_asc_l9.npy  shape=(507, 196, 768)  size=152.6MB
  [WRITE]  ISMN_SNOTEL_LamanceCreek                  s1_desc/l3 → s1_desc_l3.npy  shape=(533, 196, 768)  size=160.5MB
  [WRITE]  ISMN_SNOTEL_LamanceCreek                  s1_desc/l6 → s1_desc_l6.npy  shape=(533, 196, 768)  size=160.5MB
  [WRITE]  ISMN_SNOTEL_LamanceCreek                  s1_desc/l9 → s1_desc_l9.npy  shape=(533, 196, 768)  size=160.5MB
  [WRITE]  ISMN_SNOTEL_Lamoille#3                    s2/l3 → s2_l3.npy  shape=(326, 196, 768)  size=98.1MB
  [WRITE]  ISMN_SNOTEL_Lamoille#3                    s2/l6 → s2_l6.npy  shape=(326, 196, 768)  size=98.1MB
  [WRITE]  ISMN_SNOTEL_Lamoille#3                    s2/l9 → s2_l9.npy  shape=(326, 196, 768)  size=98.1MB
  [WRITE]  ISMN_SNOTEL_Lamoille#3                    s1_asc/l3 → s1_asc_l3.npy  shape=(267, 196, 768)  size=80.4MB
  [WRITE]  ISMN_SNOTEL_Lamoille#3                    s1_asc/l6 → s1_asc_l6.npy  shape=(267, 196, 768)  size=80.4MB
  [WRITE]  ISMN_SNOTEL_Lamoille#3                    s1_asc/l9 → s1_asc_l9.npy  shape=(267, 196, 768)  size=80.4MB
  [WRITE]  ISMN_SNOTEL_Lamoille#3                    s1_desc/l3 → s1_desc_l3.npy  shape=(464, 196, 768)  size=139.7MB
  [WRITE]  ISMN_SNOTEL_Lamoille#3                    s1_desc/l6 → s1_desc_l6.npy  shape=(464, 196, 768)  size=139.7MB
  [WRITE]  ISMN_SNOTEL_Lamoille#3                    s1_desc/l9 → s1_desc_l9.npy  shape=(464, 196, 768)  size=139.7MB
  [WRITE]  ISMN_SNOTEL_LamoilleUpper                 s2/l3 → s2_l3.npy  shape=(146, 196, 768)  size=44.0MB
  [WRITE]  ISMN_SNOTEL_LamoilleUpper                 s2/l6 → s2_l6.npy  shape=(146, 196, 768)  size=44.0MB
  [WRITE]  ISMN_SNOTEL_LamoilleUpper                 s2/l9 → s2_l9.npy  shape=(146, 196, 768)  size=44.0MB
  [WRITE]  ISMN_SNOTEL_LamoilleUpper                 s1_asc/l3 → s1_asc_l3.npy  shape=(41, 196, 768)  size=12.3MB
  [WRITE]  ISMN_SNOTEL_LamoilleUpper                 s1_asc/l6 → s1_asc_l6.npy  shape=(41, 196, 768)  size=12.3MB
  [WRITE]  ISMN_SNOTEL_LamoilleUpper                 s1_asc/l9 → s1_asc_l9.npy  shape=(41, 196, 768)  size=12.3MB
  [WRITE]  ISMN_SNOTEL_LamoilleUpper                 s1_desc/l3 → s1_desc_l3.npy  shape=(191, 196, 768)  size=57.5MB
  [WRITE]  ISMN_SNOTEL_LamoilleUpper                 s1_desc/l6 → s1_desc_l6.npy  shape=(191, 196, 768)  size=57.5MB
  [WRITE]  ISMN_SNOTEL_LamoilleUpper                 s1_desc/l9 → s1_desc_l9.npy  shape=(191, 196, 768)  size=57.5MB
  [WRITE]  ISMN_SNOTEL_LapreleCreek                  s2/l3 → s2_l3.npy  shape=(223, 196, 768)  size=67.1MB
  [WRITE]  ISMN_SNOTEL_LapreleCreek                  s2/l6 → s2_l6.npy  shape=(223, 196, 768)  size=67.1MB
  [WRITE]  ISMN_SNOTEL_LapreleCreek                  s2/l9 → s2_l9.npy  shape=(223, 196, 768)  size=67.1MB
  [WRITE]  ISMN_SNOTEL_LapreleCreek                  s1_asc/l3 → s1_asc_l3.npy  shape=(290, 196, 768)  size=87.3MB
  [WRITE]  ISMN_SNOTEL_LapreleCreek                  s1_asc/l6 → s1_asc_l6.npy  shape=(290, 196, 768)  size=87.3MB
  [WRITE]  ISMN_SNOTEL_LapreleCreek                  s1_asc/l9 → s1_asc_l9.npy  shape=(290, 196, 768)  size=87.3MB
  [WRITE]  ISMN_SNOTEL_LapreleCreek                  s1_desc/l3 → s1_desc_l3.npy  shape=(232, 196, 768)  size=69.8MB
  [WRITE]  ISMN_SNOTEL_LapreleCreek                  s1_desc/l6 → s1_desc_l6.npy  shape=(232, 196, 768)  size=69.8MB
  [WRITE]  ISMN_SNOTEL_LapreleCreek                  s1_desc/l9 → s1_desc_l9.npy  shape=(232, 196, 768)  size=69.8MB
  [WRITE]  ISMN_SNOTEL_HagansMeadow                  s2/l3 → s2_l3.npy  shape=(572, 196, 768)  size=172.2MB
  [WRITE]  ISMN_SNOTEL_HagansMeadow                  s2/l6 → s2_l6.npy  shape=(572, 196, 768)  size=172.2MB
  [WRITE]  ISMN_SNOTEL_HagansMeadow                  s2/l9 → s2_l9.npy  shape=(572, 196, 768)  size=172.2MB
  [WRITE]  ISMN_SNOTEL_HagansMeadow                  s1_asc/l3 → s1_asc_l3.npy  shape=(578, 196, 768)  size=174.0MB
  [WRITE]  ISMN_SNOTEL_HagansMeadow                  s1_asc/l6 → s1_asc_l6.npy  shape=(578, 196, 768)  size=174.0MB
  [WRITE]  ISMN_SNOTEL_HagansMeadow                  s1_asc/l9 → s1_asc_l9.npy  shape=(578, 196, 768)  size=174.0MB
  [WRITE]  ISMN_SNOTEL_HagansMeadow                  s1_desc/l3 → s1_desc_l3.npy  shape=(547, 196, 768)  size=164.7MB
  [WRITE]  ISMN_SNOTEL_HagansMeadow                  s1_desc/l6 → s1_desc_l6.npy  shape=(547, 196, 768)  size=164.7MB
  [WRITE]  ISMN_SNOTEL_HagansMeadow                  s1_desc/l9 → s1_desc_l9.npy  shape=(547, 196, 768)  size=164.7MB
  [WRITE]  ISMN_SNOTEL_HappyJack                     s2/l3 → s2_l3.npy  shape=(514, 196, 768)  size=154.7MB
  [WRITE]  ISMN_SNOTEL_HappyJack                     s2/l6 → s2_l6.npy  shape=(514, 196, 768)  size=154.7MB
  [WRITE]  ISMN_SNOTEL_HappyJack                     s2/l9 → s2_l9.npy  shape=(514, 196, 768)  size=154.7MB
  [WRITE]  ISMN_SNOTEL_HappyJack                     s1_asc/l3 → s1_asc_l3.npy  shape=(132, 196, 768)  size=39.7MB
  [WRITE]  ISMN_SNOTEL_HappyJack                     s1_asc/l6 → s1_asc_l6.npy  shape=(132, 196, 768)  size=39.7MB
  [WRITE]  ISMN_SNOTEL_HappyJack                     s1_asc/l9 → s1_asc_l9.npy  shape=(132, 196, 768)  size=39.7MB
  [WRITE]  ISMN_SNOTEL_HappyJack                     s1_desc/l3 → s1_desc_l3.npy  shape=(160, 196, 768)  size=48.2MB
  [WRITE]  ISMN_SNOTEL_HappyJack                     s1_desc/l6 → s1_desc_l6.npy  shape=(160, 196, 768)  size=48.2MB
  [WRITE]  ISMN_SNOTEL_HappyJack                     s1_desc/l9 → s1_desc_l9.npy  shape=(160, 196, 768)  size=48.2MB
  [WRITE]  ISMN_SNOTEL_Hardscrabble                  s2/l3 → s2_l3.npy  shape=(514, 196, 768)  size=154.7MB
  [WRITE]  ISMN_SNOTEL_Hardscrabble                  s2/l6 → s2_l6.npy  shape=(514, 196, 768)  size=154.7MB
  [WRITE]  ISMN_SNOTEL_Hardscrabble                  s2/l9 → s2_l9.npy  shape=(514, 196, 768)  size=154.7MB
  [WRITE]  ISMN_SNOTEL_Hardscrabble                  s1_asc/l3 → s1_asc_l3.npy  shape=(254, 196, 768)  size=76.5MB
  [WRITE]  ISMN_SNOTEL_Hardscrabble                  s1_asc/l6 → s1_asc_l6.npy  shape=(254, 196, 768)  size=76.5MB
  [WRITE]  ISMN_SNOTEL_Hardscrabble                  s1_asc/l9 → s1_asc_l9.npy  shape=(254, 196, 768)  size=76.5MB
  [WRITE]  ISMN_SNOTEL_Hardscrabble                  s1_desc/l3 → s1_desc_l3.npy  shape=(212, 196, 768)  size=63.8MB
  [WRITE]  ISMN_SNOTEL_Hardscrabble                  s1_desc/l6 → s1_desc_l6.npy  shape=(212, 196, 768)  size=63.8MB
  [WRITE]  ISMN_SNOTEL_Hardscrabble                  s1_desc/l9 → s1_desc_l9.npy  shape=(212, 196, 768)  size=63.8MB
  [WRITE]  ISMN_SNOTEL_HarrisFlat                    s2/l3 → s2_l3.npy  shape=(381, 196, 768)  size=114.7MB
  [WRITE]  ISMN_SNOTEL_HarrisFlat                    s2/l6 → s2_l6.npy  shape=(381, 196, 768)  size=114.7MB
  [WRITE]  ISMN_SNOTEL_HarrisFlat                    s2/l9 → s2_l9.npy  shape=(381, 196, 768)  size=114.7MB
  [WRITE]  ISMN_SNOTEL_HarrisFlat                    s1_asc/l3 → s1_asc_l3.npy  shape=(145, 196, 768)  size=43.7MB
  [WRITE]  ISMN_SNOTEL_HarrisFlat                    s1_asc/l6 → s1_asc_l6.npy  shape=(145, 196, 768)  size=43.7MB
  [WRITE]  ISMN_SNOTEL_HarrisFlat                    s1_asc/l9 → s1_asc_l9.npy  shape=(145, 196, 768)  size=43.7MB
  [WRITE]  ISMN_SNOTEL_HarrisFlat                    s1_desc/l3 → s1_desc_l3.npy  shape=(253, 196, 768)  size=76.2MB
  [WRITE]  ISMN_SNOTEL_HarrisFlat                    s1_desc/l6 → s1_desc_l6.npy  shape=(253, 196, 768)  size=76.2MB
  [WRITE]  ISMN_SNOTEL_HarrisFlat                    s1_desc/l9 → s1_desc_l9.npy  shape=(253, 196, 768)  size=76.2MB
  [WRITE]  ISMN_SNOTEL_LarsenCreek                   s2/l3 → s2_l3.npy  shape=(191, 196, 768)  size=57.5MB
  [WRITE]  ISMN_SNOTEL_LarsenCreek                   s2/l6 → s2_l6.npy  shape=(191, 196, 768)  size=57.5MB
  [WRITE]  ISMN_SNOTEL_LarsenCreek                   s2/l9 → s2_l9.npy  shape=(191, 196, 768)  size=57.5MB
  [WRITE]  ISMN_SNOTEL_LarsenCreek                   s1_asc/l3 → s1_asc_l3.npy  shape=(119, 196, 768)  size=35.8MB
  [WRITE]  ISMN_SNOTEL_LarsenCreek                   s1_asc/l6 → s1_asc_l6.npy  shape=(119, 196, 768)  size=35.8MB
  [WRITE]  ISMN_SNOTEL_LarsenCreek                   s1_asc/l9 → s1_asc_l9.npy  shape=(119, 196, 768)  size=35.8MB
  [WRITE]  ISMN_SNOTEL_LarsenCreek                   s1_desc/l3 → s1_desc_l3.npy  shape=(408, 196, 768)  size=122.8MB
  [WRITE]  ISMN_SNOTEL_LarsenCreek                   s1_desc/l6 → s1_desc_l6.npy  shape=(408, 196, 768)  size=122.8MB
  [WRITE]  ISMN_SNOTEL_LarsenCreek                   s1_desc/l9 → s1_desc_l9.npy  shape=(408, 196, 768)  size=122.8MB
  [WRITE]  ISMN_SNOTEL_LasalMountain                 s2/l3 → s2_l3.npy  shape=(167, 196, 768)  size=50.3MB
  [WRITE]  ISMN_SNOTEL_LasalMountain                 s2/l6 → s2_l6.npy  shape=(167, 196, 768)  size=50.3MB
  [WRITE]  ISMN_SNOTEL_LasalMountain                 s2/l9 → s2_l9.npy  shape=(167, 196, 768)  size=50.3MB
  [WRITE]  ISMN_SNOTEL_LasalMountain                 s1_asc/l3 → s1_asc_l3.npy  shape=(236, 196, 768)  size=71.0MB
  [WRITE]  ISMN_SNOTEL_LasalMountain                 s1_asc/l6 → s1_asc_l6.npy  shape=(236, 196, 768)  size=71.0MB
  [WRITE]  ISMN_SNOTEL_LasalMountain                 s1_asc/l9 → s1_asc_l9.npy  shape=(236, 196, 768)  size=71.0MB
  [WRITE]  ISMN_SNOTEL_LasalMountain                 s1_desc/l3 → s1_desc_l3.npy  shape=(234, 196, 768)  size=70.4MB
  [WRITE]  ISMN_SNOTEL_LasalMountain                 s1_desc/l6 → s1_desc_l6.npy  shape=(234, 196, 768)  size=70.4MB
  [WRITE]  ISMN_SNOTEL_LasalMountain                 s1_desc/l9 → s1_desc_l9.npy  shape=(234, 196, 768)  size=70.4MB
  [WRITE]  ISMN_SNOTEL_LasalMountain-Lower           s2/l3 → s2_l3.npy  shape=(248, 196, 768)  size=74.7MB
  [WRITE]  ISMN_SNOTEL_LasalMountain-Lower           s2/l6 → s2_l6.npy  shape=(248, 196, 768)  size=74.7MB
  [WRITE]  ISMN_SNOTEL_LasalMountain-Lower           s2/l9 → s2_l9.npy  shape=(248, 196, 768)  size=74.7MB
  [WRITE]  ISMN_SNOTEL_LasalMountain-Lower           s1_asc/l3 → s1_asc_l3.npy  shape=(396, 196, 768)  size=119.2MB
  [WRITE]  ISMN_SNOTEL_LasalMountain-Lower           s1_asc/l6 → s1_asc_l6.npy  shape=(396, 196, 768)  size=119.2MB
  [WRITE]  ISMN_SNOTEL_LasalMountain-Lower           s1_asc/l9 → s1_asc_l9.npy  shape=(396, 196, 768)  size=119.2MB
  [WRITE]  ISMN_SNOTEL_LasalMountain-Lower           s1_desc/l3 → s1_desc_l3.npy  shape=(494, 196, 768)  size=148.7MB
  [WRITE]  ISMN_SNOTEL_LasalMountain-Lower           s1_desc/l6 → s1_desc_l6.npy  shape=(494, 196, 768)  size=148.7MB
  [WRITE]  ISMN_SNOTEL_LasalMountain-Lower           s1_desc/l9 → s1_desc_l9.npy  shape=(494, 196, 768)  size=148.7MB
  [WRITE]  ISMN_SNOTEL_LaurelDraw                    s2/l3 → s2_l3.npy  shape=(270, 196, 768)  size=81.3MB
  [WRITE]  ISMN_SNOTEL_LaurelDraw                    s2/l6 → s2_l6.npy  shape=(270, 196, 768)  size=81.3MB
  [WRITE]  ISMN_SNOTEL_LaurelDraw                    s2/l9 → s2_l9.npy  shape=(270, 196, 768)  size=81.3MB
  [WRITE]  ISMN_SNOTEL_LaurelDraw                    s1_asc/l3 → s1_asc_l3.npy  shape=(439, 196, 768)  size=132.2MB
  [WRITE]  ISMN_SNOTEL_LaurelDraw                    s1_asc/l6 → s1_asc_l6.npy  shape=(439, 196, 768)  size=132.2MB
  [WRITE]  ISMN_SNOTEL_LaurelDraw                    s1_asc/l9 → s1_asc_l9.npy  shape=(439, 196, 768)  size=132.2MB
  [WRITE]  ISMN_SNOTEL_LaurelDraw                    s1_desc/l3 → s1_desc_l3.npy  shape=(326, 196, 768)  size=98.1MB
  [WRITE]  ISMN_SNOTEL_LaurelDraw                    s1_desc/l6 → s1_desc_l6.npy  shape=(326, 196, 768)  size=98.1MB
  [WRITE]  ISMN_SNOTEL_LaurelDraw                    s1_desc/l9 → s1_desc_l9.npy  shape=(326, 196, 768)  size=98.1MB
  [WRITE]  ISMN_SNOTEL_KenaiMoosePens                s2/l3 → s2_l3.npy  shape=(282, 196, 768)  size=84.9MB
  [WRITE]  ISMN_SNOTEL_KenaiMoosePens                s2/l6 → s2_l6.npy  shape=(282, 196, 768)  size=84.9MB
  [WRITE]  ISMN_SNOTEL_KenaiMoosePens                s2/l9 → s2_l9.npy  shape=(282, 196, 768)  size=84.9MB
  [WRITE]  ISMN_SNOTEL_KenaiMoosePens                s1_asc/l3 → s1_asc_l3.npy  shape=(130, 196, 768)  size=39.1MB
  [WRITE]  ISMN_SNOTEL_KenaiMoosePens                s1_asc/l6 → s1_asc_l6.npy  shape=(130, 196, 768)  size=39.1MB
  [WRITE]  ISMN_SNOTEL_KenaiMoosePens                s1_asc/l9 → s1_asc_l9.npy  shape=(130, 196, 768)  size=39.1MB
  [WRITE]  ISMN_SNOTEL_KenaiMoosePens                s1_desc/l3 → s1_desc_l3.npy  shape=(233, 196, 768)  size=70.1MB
  [WRITE]  ISMN_SNOTEL_KenaiMoosePens                s1_desc/l6 → s1_desc_l6.npy  shape=(233, 196, 768)  size=70.1MB
  [WRITE]  ISMN_SNOTEL_KenaiMoosePens                s1_desc/l9 → s1_desc_l9.npy  shape=(233, 196, 768)  size=70.1MB
  [WRITE]  ISMN_SNOTEL_KilfoilCreek                  s2/l3 → s2_l3.npy  shape=(569, 196, 768)  size=171.3MB
  [WRITE]  ISMN_SNOTEL_KilfoilCreek                  s2/l6 → s2_l6.npy  shape=(569, 196, 768)  size=171.3MB
  [WRITE]  ISMN_SNOTEL_KilfoilCreek                  s2/l9 → s2_l9.npy  shape=(569, 196, 768)  size=171.3MB
  [WRITE]  ISMN_SNOTEL_KilfoilCreek                  s1_asc/l3 → s1_asc_l3.npy  shape=(256, 196, 768)  size=77.1MB
  [WRITE]  ISMN_SNOTEL_KilfoilCreek                  s1_asc/l6 → s1_asc_l6.npy  shape=(256, 196, 768)  size=77.1MB
  [WRITE]  ISMN_SNOTEL_KilfoilCreek                  s1_asc/l9 → s1_asc_l9.npy  shape=(256, 196, 768)  size=77.1MB
  [WRITE]  ISMN_SNOTEL_KilfoilCreek                  s1_desc/l3 → s1_desc_l3.npy  shape=(446, 196, 768)  size=134.3MB
  [WRITE]  ISMN_SNOTEL_KilfoilCreek                  s1_desc/l6 → s1_desc_l6.npy  shape=(446, 196, 768)  size=134.3MB
  [WRITE]  ISMN_SNOTEL_KilfoilCreek                  s1_desc/l9 → s1_desc_l9.npy  shape=(446, 196, 768)  size=134.3MB
  [WRITE]  ISMN_SNOTEL_KimberlyMine                  s2/l3 → s2_l3.npy  shape=(562, 196, 768)  size=169.2MB
  [WRITE]  ISMN_SNOTEL_KimberlyMine                  s2/l6 → s2_l6.npy  shape=(562, 196, 768)  size=169.2MB
  [WRITE]  ISMN_SNOTEL_KimberlyMine                  s2/l9 → s2_l9.npy  shape=(562, 196, 768)  size=169.2MB
  [WRITE]  ISMN_SNOTEL_KimberlyMine                  s1_asc/l3 → s1_asc_l3.npy  shape=(119, 196, 768)  size=35.8MB
  [WRITE]  ISMN_SNOTEL_KimberlyMine                  s1_asc/l6 → s1_asc_l6.npy  shape=(119, 196, 768)  size=35.8MB
  [WRITE]  ISMN_SNOTEL_KimberlyMine                  s1_asc/l9 → s1_asc_l9.npy  shape=(119, 196, 768)  size=35.8MB
  [WRITE]  ISMN_SNOTEL_KimberlyMine                  s1_desc/l3 → s1_desc_l3.npy  shape=(213, 196, 768)  size=64.1MB
  [WRITE]  ISMN_SNOTEL_KimberlyMine                  s1_desc/l6 → s1_desc_l6.npy  shape=(213, 196, 768)  size=64.1MB
  [WRITE]  ISMN_SNOTEL_KimberlyMine                  s1_desc/l9 → s1_desc_l9.npy  shape=(213, 196, 768)  size=64.1MB
  [WRITE]  ISMN_SNOTEL_KingsCabin                    s2/l3 → s2_l3.npy  shape=(439, 196, 768)  size=132.2MB
  [WRITE]  ISMN_SNOTEL_KingsCabin                    s2/l6 → s2_l6.npy  shape=(439, 196, 768)  size=132.2MB
  [WRITE]  ISMN_SNOTEL_KingsCabin                    s2/l9 → s2_l9.npy  shape=(439, 196, 768)  size=132.2MB
  [WRITE]  ISMN_SNOTEL_KingsCabin                    s1_asc/l3 → s1_asc_l3.npy  shape=(255, 196, 768)  size=76.8MB
  [WRITE]  ISMN_SNOTEL_KingsCabin                    s1_asc/l6 → s1_asc_l6.npy  shape=(255, 196, 768)  size=76.8MB
  [WRITE]  ISMN_SNOTEL_KingsCabin                    s1_asc/l9 → s1_asc_l9.npy  shape=(255, 196, 768)  size=76.8MB
  [WRITE]  ISMN_SNOTEL_KingsCabin                    s1_desc/l3 → s1_desc_l3.npy  shape=(354, 196, 768)  size=106.6MB
  [WRITE]  ISMN_SNOTEL_KingsCabin                    s1_desc/l6 → s1_desc_l6.npy  shape=(354, 196, 768)  size=106.6MB
  [WRITE]  ISMN_SNOTEL_KingsCabin                    s1_desc/l9 → s1_desc_l9.npy  shape=(354, 196, 768)  size=106.6MB
  [WRITE]  ISMN_SNOTEL_IndependenceLake              s2/l3 → s2_l3.npy  shape=(795, 196, 768)  size=239.3MB
  [WRITE]  ISMN_SNOTEL_IndependenceLake              s2/l6 → s2_l6.npy  shape=(795, 196, 768)  size=239.3MB
  [WRITE]  ISMN_SNOTEL_IndependenceLake              s2/l9 → s2_l9.npy  shape=(795, 196, 768)  size=239.3MB
  [WRITE]  ISMN_SNOTEL_IndependenceLake              s1_asc/l3 → s1_asc_l3.npy  shape=(382, 196, 768)  size=115.0MB
  [WRITE]  ISMN_SNOTEL_IndependenceLake              s1_asc/l6 → s1_asc_l6.npy  shape=(382, 196, 768)  size=115.0MB
  [WRITE]  ISMN_SNOTEL_IndependenceLake              s1_asc/l9 → s1_asc_l9.npy  shape=(382, 196, 768)  size=115.0MB
  [WRITE]  ISMN_SNOTEL_IndependenceLake              s1_desc/l3 → s1_desc_l3.npy  shape=(348, 196, 768)  size=104.8MB
  [WRITE]  ISMN_SNOTEL_IndependenceLake              s1_desc/l6 → s1_desc_l6.npy  shape=(348, 196, 768)  size=104.8MB
  [WRITE]  ISMN_SNOTEL_IndependenceLake              s1_desc/l9 → s1_desc_l9.npy  shape=(348, 196, 768)  size=104.8MB
  [WRITE]  ISMN_SNOTEL_IslandPark                    s2/l3 → s2_l3.npy  shape=(463, 196, 768)  size=139.4MB
  [WRITE]  ISMN_SNOTEL_IslandPark                    s2/l6 → s2_l6.npy  shape=(463, 196, 768)  size=139.4MB
  [WRITE]  ISMN_SNOTEL_IslandPark                    s2/l9 → s2_l9.npy  shape=(463, 196, 768)  size=139.4MB
  [WRITE]  ISMN_SNOTEL_IslandPark                    s1_asc/l3 → s1_asc_l3.npy  shape=(115, 196, 768)  size=34.6MB
  [WRITE]  ISMN_SNOTEL_IslandPark                    s1_asc/l6 → s1_asc_l6.npy  shape=(115, 196, 768)  size=34.6MB
  [WRITE]  ISMN_SNOTEL_IslandPark                    s1_asc/l9 → s1_asc_l9.npy  shape=(115, 196, 768)  size=34.6MB
  [WRITE]  ISMN_SNOTEL_IslandPark                    s1_desc/l3 → s1_desc_l3.npy  shape=(226, 196, 768)  size=68.0MB
  [WRITE]  ISMN_SNOTEL_IslandPark                    s1_desc/l6 → s1_desc_l6.npy  shape=(226, 196, 768)  size=68.0MB
  [WRITE]  ISMN_SNOTEL_IslandPark                    s1_desc/l9 → s1_desc_l9.npy  shape=(226, 196, 768)  size=68.0MB
  [WRITE]  ISMN_SNOTEL_JackCreekUpper                s2/l3 → s2_l3.npy  shape=(319, 196, 768)  size=96.0MB
  [WRITE]  ISMN_SNOTEL_JackCreekUpper                s2/l6 → s2_l6.npy  shape=(319, 196, 768)  size=96.0MB
  [WRITE]  ISMN_SNOTEL_JackCreekUpper                s2/l9 → s2_l9.npy  shape=(319, 196, 768)  size=96.0MB
  [WRITE]  ISMN_SNOTEL_JackCreekUpper                s1_asc/l3 → s1_asc_l3.npy  shape=(266, 196, 768)  size=80.1MB
  [WRITE]  ISMN_SNOTEL_JackCreekUpper                s1_asc/l6 → s1_asc_l6.npy  shape=(266, 196, 768)  size=80.1MB
  [WRITE]  ISMN_SNOTEL_JackCreekUpper                s1_asc/l9 → s1_asc_l9.npy  shape=(266, 196, 768)  size=80.1MB
  [WRITE]  ISMN_SNOTEL_JackCreekUpper                s1_desc/l3 → s1_desc_l3.npy  shape=(273, 196, 768)  size=82.2MB
  [WRITE]  ISMN_SNOTEL_JackCreekUpper                s1_desc/l6 → s1_desc_l6.npy  shape=(273, 196, 768)  size=82.2MB
  [WRITE]  ISMN_SNOTEL_JackCreekUpper                s1_desc/l9 → s1_desc_l9.npy  shape=(273, 196, 768)  size=82.2MB
  [WRITE]  ISMN_SNOTEL_JackWadeJct                   s2/l3 → s2_l3.npy  shape=(253, 196, 768)  size=76.2MB
  [WRITE]  ISMN_SNOTEL_JackWadeJct                   s2/l6 → s2_l6.npy  shape=(253, 196, 768)  size=76.2MB
  [WRITE]  ISMN_SNOTEL_JackWadeJct                   s2/l9 → s2_l9.npy  shape=(253, 196, 768)  size=76.2MB
  [WRITE]  ISMN_SNOTEL_JackWadeJct                   s1_asc/l3 → s1_asc_l3.npy  shape=(223, 196, 768)  size=67.1MB
  [WRITE]  ISMN_SNOTEL_JackWadeJct                   s1_asc/l6 → s1_asc_l6.npy  shape=(223, 196, 768)  size=67.1MB
  [WRITE]  ISMN_SNOTEL_JackWadeJct                   s1_asc/l9 → s1_asc_l9.npy  shape=(223, 196, 768)  size=67.1MB
  [WRITE]  ISMN_SNOTEL_JackWadeJct                   s1_desc/l3 → s1_desc_l3.npy  shape=(341, 196, 768)  size=102.7MB
  [WRITE]  ISMN_SNOTEL_JackWadeJct                   s1_desc/l6 → s1_desc_l6.npy  shape=(341, 196, 768)  size=102.7MB
  [WRITE]  ISMN_SNOTEL_JackWadeJct                   s1_desc/l9 → s1_desc_l9.npy  shape=(341, 196, 768)  size=102.7MB
  [WRITE]  ISMN_SNOTEL_LewisPeak                     s2/l3 → s2_l3.npy  shape=(716, 196, 768)  size=215.6MB
  [WRITE]  ISMN_SNOTEL_LewisPeak                     s2/l6 → s2_l6.npy  shape=(716, 196, 768)  size=215.6MB
  [WRITE]  ISMN_SNOTEL_LewisPeak                     s2/l9 → s2_l9.npy  shape=(716, 196, 768)  size=215.6MB
  [WRITE]  ISMN_SNOTEL_LewisPeak                     s1_asc/l3 → s1_asc_l3.npy  shape=(171, 196, 768)  size=51.5MB
  [WRITE]  ISMN_SNOTEL_LewisPeak                     s1_asc/l6 → s1_asc_l6.npy  shape=(171, 196, 768)  size=51.5MB
  [WRITE]  ISMN_SNOTEL_LewisPeak                     s1_asc/l9 → s1_asc_l9.npy  shape=(171, 196, 768)  size=51.5MB
  [WRITE]  ISMN_SNOTEL_LewisPeak                     s1_desc/l3 → s1_desc_l3.npy  shape=(272, 196, 768)  size=81.9MB
  [WRITE]  ISMN_SNOTEL_LewisPeak                     s1_desc/l6 → s1_desc_l6.npy  shape=(272, 196, 768)  size=81.9MB
  [WRITE]  ISMN_SNOTEL_LewisPeak                     s1_desc/l9 → s1_desc_l9.npy  shape=(272, 196, 768)  size=81.9MB
  [WRITE]  ISMN_SNOTEL_LightningRidge                s2/l3 → s2_l3.npy  shape=(295, 196, 768)  size=88.8MB
  [WRITE]  ISMN_SNOTEL_LightningRidge                s2/l6 → s2_l6.npy  shape=(295, 196, 768)  size=88.8MB
  [WRITE]  ISMN_SNOTEL_LightningRidge                s2/l9 → s2_l9.npy  shape=(295, 196, 768)  size=88.8MB
  [WRITE]  ISMN_SNOTEL_LightningRidge                s1_asc/l3 → s1_asc_l3.npy  shape=(64, 196, 768)  size=19.3MB
  [WRITE]  ISMN_SNOTEL_LightningRidge                s1_asc/l6 → s1_asc_l6.npy  shape=(64, 196, 768)  size=19.3MB
  [WRITE]  ISMN_SNOTEL_LightningRidge                s1_asc/l9 → s1_asc_l9.npy  shape=(64, 196, 768)  size=19.3MB
  [WRITE]  ISMN_SNOTEL_LightningRidge                s1_desc/l3 → s1_desc_l3.npy  shape=(250, 196, 768)  size=75.3MB
  [WRITE]  ISMN_SNOTEL_LightningRidge                s1_desc/l6 → s1_desc_l6.npy  shape=(250, 196, 768)  size=75.3MB
  [WRITE]  ISMN_SNOTEL_LightningRidge                s1_desc/l9 → s1_desc_l9.npy  shape=(250, 196, 768)  size=75.3MB
  [WRITE]  ISMN_SNOTEL_LilyLake                      s2/l3 → s2_l3.npy  shape=(264, 196, 768)  size=79.5MB
  [WRITE]  ISMN_SNOTEL_LilyLake                      s2/l6 → s2_l6.npy  shape=(264, 196, 768)  size=79.5MB
  [WRITE]  ISMN_SNOTEL_LilyLake                      s2/l9 → s2_l9.npy  shape=(264, 196, 768)  size=79.5MB
  [WRITE]  ISMN_SNOTEL_LilyLake                      s1_asc/l3 → s1_asc_l3.npy  shape=(141, 196, 768)  size=42.4MB
  [WRITE]  ISMN_SNOTEL_LilyLake                      s1_asc/l6 → s1_asc_l6.npy  shape=(141, 196, 768)  size=42.4MB
  [WRITE]  ISMN_SNOTEL_LilyLake                      s1_asc/l9 → s1_asc_l9.npy  shape=(141, 196, 768)  size=42.4MB
  [WRITE]  ISMN_SNOTEL_LilyLake                      s1_desc/l3 → s1_desc_l3.npy  shape=(491, 196, 768)  size=147.8MB
  [WRITE]  ISMN_SNOTEL_LilyLake                      s1_desc/l6 → s1_desc_l6.npy  shape=(491, 196, 768)  size=147.8MB
  [WRITE]  ISMN_SNOTEL_LilyLake                      s1_desc/l9 → s1_desc_l9.npy  shape=(491, 196, 768)  size=147.8MB
  [WRITE]  ISMN_SNOTEL_LilyPond                      s2/l3 → s2_l3.npy  shape=(337, 196, 768)  size=101.5MB
  [WRITE]  ISMN_SNOTEL_LilyPond                      s2/l6 → s2_l6.npy  shape=(337, 196, 768)  size=101.5MB
  [WRITE]  ISMN_SNOTEL_LilyPond                      s2/l9 → s2_l9.npy  shape=(337, 196, 768)  size=101.5MB
  [WRITE]  ISMN_SNOTEL_LilyPond                      s1_asc/l3 → s1_asc_l3.npy  shape=(442, 196, 768)  size=133.1MB
  [WRITE]  ISMN_SNOTEL_LilyPond                      s1_asc/l6 → s1_asc_l6.npy  shape=(442, 196, 768)  size=133.1MB
  [WRITE]  ISMN_SNOTEL_LilyPond                      s1_asc/l9 → s1_asc_l9.npy  shape=(442, 196, 768)  size=133.1MB
  [WRITE]  ISMN_SNOTEL_LilyPond                      s1_desc/l3 → s1_desc_l3.npy  shape=(246, 196, 768)  size=74.1MB
  [WRITE]  ISMN_SNOTEL_LilyPond                      s1_desc/l6 → s1_desc_l6.npy  shape=(246, 196, 768)  size=74.1MB
  [WRITE]  ISMN_SNOTEL_LilyPond                      s1_desc/l9 → s1_desc_l9.npy  shape=(246, 196, 768)  size=74.1MB
  [WRITE]  ISMN_SNOTEL_RockCreek                     s2/l3 → s2_l3.npy  shape=(259, 196, 768)  size=78.0MB
  [WRITE]  ISMN_SNOTEL_RockCreek                     s2/l6 → s2_l6.npy  shape=(259, 196, 768)  size=78.0MB
  [WRITE]  ISMN_SNOTEL_RockCreek                     s2/l9 → s2_l9.npy  shape=(259, 196, 768)  size=78.0MB
  [WRITE]  ISMN_SNOTEL_RockCreek                     s1_asc/l3 → s1_asc_l3.npy  shape=(119, 196, 768)  size=35.8MB
  [WRITE]  ISMN_SNOTEL_RockCreek                     s1_asc/l6 → s1_asc_l6.npy  shape=(119, 196, 768)  size=35.8MB
  [WRITE]  ISMN_SNOTEL_RockCreek                     s1_asc/l9 → s1_asc_l9.npy  shape=(119, 196, 768)  size=35.8MB
  [WRITE]  ISMN_SNOTEL_RockCreek                     s1_desc/l3 → s1_desc_l3.npy  shape=(210, 196, 768)  size=63.2MB
  [WRITE]  ISMN_SNOTEL_RockCreek                     s1_desc/l6 → s1_desc_l6.npy  shape=(210, 196, 768)  size=63.2MB
  [WRITE]  ISMN_SNOTEL_RockCreek                     s1_desc/l9 → s1_desc_l9.npy  shape=(210, 196, 768)  size=63.2MB
  [WRITE]  ISMN_SNOTEL_RockSprings                   s2/l3 → s2_l3.npy  shape=(245, 196, 768)  size=73.8MB
  [WRITE]  ISMN_SNOTEL_RockSprings                   s2/l6 → s2_l6.npy  shape=(245, 196, 768)  size=73.8MB
  [WRITE]  ISMN_SNOTEL_RockSprings                   s2/l9 → s2_l9.npy  shape=(245, 196, 768)  size=73.8MB
  [WRITE]  ISMN_SNOTEL_RockSprings                   s1_asc/l3 → s1_asc_l3.npy  shape=(135, 196, 768)  size=40.6MB
  [WRITE]  ISMN_SNOTEL_RockSprings                   s1_asc/l6 → s1_asc_l6.npy  shape=(135, 196, 768)  size=40.6MB
  [WRITE]  ISMN_SNOTEL_RockSprings                   s1_asc/l9 → s1_asc_l9.npy  shape=(135, 196, 768)  size=40.6MB
  [WRITE]  ISMN_SNOTEL_RockSprings                   s1_desc/l3 → s1_desc_l3.npy  shape=(197, 196, 768)  size=59.3MB
  [WRITE]  ISMN_SNOTEL_RockSprings                   s1_desc/l6 → s1_desc_l6.npy  shape=(197, 196, 768)  size=59.3MB
  [WRITE]  ISMN_SNOTEL_RockSprings                   s1_desc/l9 → s1_desc_l9.npy  shape=(197, 196, 768)  size=59.3MB
  [WRITE]  ISMN_SNOTEL_RockwoodGS                    s2/l3 → s2_l3.npy  shape=(226, 196, 768)  size=68.0MB
  [WRITE]  ISMN_SNOTEL_RockwoodGS                    s2/l6 → s2_l6.npy  shape=(226, 196, 768)  size=68.0MB
  [WRITE]  ISMN_SNOTEL_RockwoodGS                    s2/l9 → s2_l9.npy  shape=(226, 196, 768)  size=68.0MB
  [WRITE]  ISMN_SNOTEL_RockwoodGS                    s1_asc/l3 → s1_asc_l3.npy  shape=(22, 196, 768)  size=6.6MB
  [WRITE]  ISMN_SNOTEL_RockwoodGS                    s1_asc/l6 → s1_asc_l6.npy  shape=(22, 196, 768)  size=6.6MB
  [WRITE]  ISMN_SNOTEL_RockwoodGS                    s1_asc/l9 → s1_asc_l9.npy  shape=(22, 196, 768)  size=6.6MB
  [WRITE]  ISMN_SNOTEL_RockwoodGS                    s1_desc/l3 → s1_desc_l3.npy  shape=(94, 196, 768)  size=28.3MB
  [WRITE]  ISMN_SNOTEL_RockwoodGS                    s1_desc/l6 → s1_desc_l6.npy  shape=(94, 196, 768)  size=28.3MB
  [WRITE]  ISMN_SNOTEL_RockwoodGS                    s1_desc/l9 → s1_desc_l9.npy  shape=(94, 196, 768)  size=28.3MB
  [WRITE]  ISMN_SNOTEL_RockyBasin-Settleme           s2/l3 → s2_l3.npy  shape=(359, 196, 768)  size=108.1MB
  [WRITE]  ISMN_SNOTEL_RockyBasin-Settleme           s2/l6 → s2_l6.npy  shape=(359, 196, 768)  size=108.1MB
  [WRITE]  ISMN_SNOTEL_RockyBasin-Settleme           s2/l9 → s2_l9.npy  shape=(359, 196, 768)  size=108.1MB
  [WRITE]  ISMN_SNOTEL_RockyBasin-Settleme           s1_asc/l3 → s1_asc_l3.npy  shape=(134, 196, 768)  size=40.3MB
  [WRITE]  ISMN_SNOTEL_RockyBasin-Settleme           s1_asc/l6 → s1_asc_l6.npy  shape=(134, 196, 768)  size=40.3MB
  [WRITE]  ISMN_SNOTEL_RockyBasin-Settleme           s1_asc/l9 → s1_asc_l9.npy  shape=(134, 196, 768)  size=40.3MB
  [WRITE]  ISMN_SNOTEL_RockyBasin-Settleme           s1_desc/l3 → s1_desc_l3.npy  shape=(160, 196, 768)  size=48.2MB
  [WRITE]  ISMN_SNOTEL_RockyBasin-Settleme           s1_desc/l6 → s1_desc_l6.npy  shape=(160, 196, 768)  size=48.2MB
  [WRITE]  ISMN_SNOTEL_RockyBasin-Settleme           s1_desc/l9 → s1_desc_l9.npy  shape=(160, 196, 768)  size=48.2MB
  [WRITE]  ISMN_SNOTEL_PaysonR.S.                    s2/l3 → s2_l3.npy  shape=(327, 196, 768)  size=98.4MB
  [WRITE]  ISMN_SNOTEL_PaysonR.S.                    s2/l6 → s2_l6.npy  shape=(327, 196, 768)  size=98.4MB
  [WRITE]  ISMN_SNOTEL_PaysonR.S.                    s2/l9 → s2_l9.npy  shape=(327, 196, 768)  size=98.4MB
  [WRITE]  ISMN_SNOTEL_PaysonR.S.                    s1_asc/l3 → s1_asc_l3.npy  shape=(297, 196, 768)  size=89.4MB
  [WRITE]  ISMN_SNOTEL_PaysonR.S.                    s1_asc/l6 → s1_asc_l6.npy  shape=(297, 196, 768)  size=89.4MB
  [WRITE]  ISMN_SNOTEL_PaysonR.S.                    s1_asc/l9 → s1_asc_l9.npy  shape=(297, 196, 768)  size=89.4MB
  [WRITE]  ISMN_SNOTEL_PaysonR.S.                    s1_desc/l3 → s1_desc_l3.npy  shape=(493, 196, 768)  size=148.4MB
  [WRITE]  ISMN_SNOTEL_PaysonR.S.                    s1_desc/l6 → s1_desc_l6.npy  shape=(493, 196, 768)  size=148.4MB
  [WRITE]  ISMN_SNOTEL_PaysonR.S.                    s1_desc/l9 → s1_desc_l9.npy  shape=(493, 196, 768)  size=148.4MB
  [WRITE]  ISMN_SNOTEL_PebbleCreek                   s2/l3 → s2_l3.npy  shape=(137, 196, 768)  size=41.2MB
  [WRITE]  ISMN_SNOTEL_PebbleCreek                   s2/l6 → s2_l6.npy  shape=(137, 196, 768)  size=41.2MB
  [WRITE]  ISMN_SNOTEL_PebbleCreek                   s2/l9 → s2_l9.npy  shape=(137, 196, 768)  size=41.2MB
  [WRITE]  ISMN_SNOTEL_PebbleCreek                   s1_asc/l3 → s1_asc_l3.npy  shape=(55, 196, 768)  size=16.6MB
  [WRITE]  ISMN_SNOTEL_PebbleCreek                   s1_asc/l6 → s1_asc_l6.npy  shape=(55, 196, 768)  size=16.6MB
  [WRITE]  ISMN_SNOTEL_PebbleCreek                   s1_asc/l9 → s1_asc_l9.npy  shape=(55, 196, 768)  size=16.6MB
  [WRITE]  ISMN_SNOTEL_PebbleCreek                   s1_desc/l3 → s1_desc_l3.npy  shape=(119, 196, 768)  size=35.8MB
  [WRITE]  ISMN_SNOTEL_PebbleCreek                   s1_desc/l6 → s1_desc_l6.npy  shape=(119, 196, 768)  size=35.8MB
  [WRITE]  ISMN_SNOTEL_PebbleCreek                   s1_desc/l9 → s1_desc_l9.npy  shape=(119, 196, 768)  size=35.8MB
  [WRITE]  ISMN_SNOTEL_PhantomValley                 s2/l3 → s2_l3.npy  shape=(223, 196, 768)  size=67.1MB
  [WRITE]  ISMN_SNOTEL_PhantomValley                 s2/l6 → s2_l6.npy  shape=(223, 196, 768)  size=67.1MB
  [WRITE]  ISMN_SNOTEL_PhantomValley                 s2/l9 → s2_l9.npy  shape=(223, 196, 768)  size=67.1MB
  [WRITE]  ISMN_SNOTEL_PhantomValley                 s1_asc/l3 → s1_asc_l3.npy  shape=(340, 196, 768)  size=102.4MB
  [WRITE]  ISMN_SNOTEL_PhantomValley                 s1_asc/l6 → s1_asc_l6.npy  shape=(340, 196, 768)  size=102.4MB
  [WRITE]  ISMN_SNOTEL_PhantomValley                 s1_asc/l9 → s1_asc_l9.npy  shape=(340, 196, 768)  size=102.4MB
  [WRITE]  ISMN_SNOTEL_PhantomValley                 s1_desc/l3 → s1_desc_l3.npy  shape=(204, 196, 768)  size=61.4MB
  [WRITE]  ISMN_SNOTEL_PhantomValley                 s1_desc/l6 → s1_desc_l6.npy  shape=(204, 196, 768)  size=61.4MB
  [WRITE]  ISMN_SNOTEL_PhantomValley                 s1_desc/l9 → s1_desc_l9.npy  shape=(204, 196, 768)  size=61.4MB
  [WRITE]  ISMN_SNOTEL_PickleKeg                     s2/l3 → s2_l3.npy  shape=(176, 196, 768)  size=53.0MB
  [WRITE]  ISMN_SNOTEL_PickleKeg                     s2/l6 → s2_l6.npy  shape=(176, 196, 768)  size=53.0MB
  [WRITE]  ISMN_SNOTEL_PickleKeg                     s2/l9 → s2_l9.npy  shape=(176, 196, 768)  size=53.0MB
  [WRITE]  ISMN_SNOTEL_PickleKeg                     s1_asc/l3 → s1_asc_l3.npy  shape=(254, 196, 768)  size=76.5MB
  [WRITE]  ISMN_SNOTEL_PickleKeg                     s1_asc/l6 → s1_asc_l6.npy  shape=(254, 196, 768)  size=76.5MB
  [WRITE]  ISMN_SNOTEL_PickleKeg                     s1_asc/l9 → s1_asc_l9.npy  shape=(254, 196, 768)  size=76.5MB
  [WRITE]  ISMN_SNOTEL_PickleKeg                     s1_desc/l3 → s1_desc_l3.npy  shape=(274, 196, 768)  size=82.5MB
  [WRITE]  ISMN_SNOTEL_PickleKeg                     s1_desc/l6 → s1_desc_l6.npy  shape=(274, 196, 768)  size=82.5MB
  [WRITE]  ISMN_SNOTEL_PickleKeg                     s1_desc/l9 → s1_desc_l9.npy  shape=(274, 196, 768)  size=82.5MB
  [WRITE]  ISMN_SNOTEL_MiddleForkCamp                s2/l3 → s2_l3.npy  shape=(159, 196, 768)  size=47.9MB
  [WRITE]  ISMN_SNOTEL_MiddleForkCamp                s2/l6 → s2_l6.npy  shape=(159, 196, 768)  size=47.9MB
  [WRITE]  ISMN_SNOTEL_MiddleForkCamp                s2/l9 → s2_l9.npy  shape=(159, 196, 768)  size=47.9MB
  [WRITE]  ISMN_SNOTEL_MiddleForkCamp                s1_asc/l3 → s1_asc_l3.npy  shape=(111, 196, 768)  size=33.4MB
  [WRITE]  ISMN_SNOTEL_MiddleForkCamp                s1_asc/l6 → s1_asc_l6.npy  shape=(111, 196, 768)  size=33.4MB
  [WRITE]  ISMN_SNOTEL_MiddleForkCamp                s1_asc/l9 → s1_asc_l9.npy  shape=(111, 196, 768)  size=33.4MB
  [WRITE]  ISMN_SNOTEL_MiddleForkCamp                s1_desc/l3 → s1_desc_l3.npy  shape=(134, 196, 768)  size=40.3MB
  [WRITE]  ISMN_SNOTEL_MiddleForkCamp                s1_desc/l6 → s1_desc_l6.npy  shape=(134, 196, 768)  size=40.3MB
  [WRITE]  ISMN_SNOTEL_MiddleForkCamp                s1_desc/l9 → s1_desc_l9.npy  shape=(134, 196, 768)  size=40.3MB
  [WRITE]  ISMN_SNOTEL_MidwayValley                  s2/l3 → s2_l3.npy  shape=(703, 196, 768)  size=211.6MB
  [WRITE]  ISMN_SNOTEL_MidwayValley                  s2/l6 → s2_l6.npy  shape=(703, 196, 768)  size=211.6MB
  [WRITE]  ISMN_SNOTEL_MidwayValley                  s2/l9 → s2_l9.npy  shape=(703, 196, 768)  size=211.6MB
  [WRITE]  ISMN_SNOTEL_MidwayValley                  s1_asc/l3 → s1_asc_l3.npy  shape=(255, 196, 768)  size=76.8MB
  [WRITE]  ISMN_SNOTEL_MidwayValley                  s1_asc/l6 → s1_asc_l6.npy  shape=(255, 196, 768)  size=76.8MB
  [WRITE]  ISMN_SNOTEL_MidwayValley                  s1_asc/l9 → s1_asc_l9.npy  shape=(255, 196, 768)  size=76.8MB
  [WRITE]  ISMN_SNOTEL_MidwayValley                  s1_desc/l3 → s1_desc_l3.npy  shape=(257, 196, 768)  size=77.4MB
  [WRITE]  ISMN_SNOTEL_MidwayValley                  s1_desc/l6 → s1_desc_l6.npy  shape=(257, 196, 768)  size=77.4MB
  [WRITE]  ISMN_SNOTEL_MidwayValley                  s1_desc/l9 → s1_desc_l9.npy  shape=(257, 196, 768)  size=77.4MB
  [WRITE]  ISMN_SNOTEL_Mill-DNorth                   s2/l3 → s2_l3.npy  shape=(341, 196, 768)  size=102.7MB
  [WRITE]  ISMN_SNOTEL_Mill-DNorth                   s2/l6 → s2_l6.npy  shape=(341, 196, 768)  size=102.7MB
  [WRITE]  ISMN_SNOTEL_Mill-DNorth                   s2/l9 → s2_l9.npy  shape=(341, 196, 768)  size=102.7MB
  [WRITE]  ISMN_SNOTEL_Mill-DNorth                   s1_asc/l3 → s1_asc_l3.npy  shape=(253, 196, 768)  size=76.2MB
  [WRITE]  ISMN_SNOTEL_Mill-DNorth                   s1_asc/l6 → s1_asc_l6.npy  shape=(253, 196, 768)  size=76.2MB
  [WRITE]  ISMN_SNOTEL_Mill-DNorth                   s1_asc/l9 → s1_asc_l9.npy  shape=(253, 196, 768)  size=76.2MB
  [WRITE]  ISMN_SNOTEL_Mill-DNorth                   s1_desc/l3 → s1_desc_l3.npy  shape=(279, 196, 768)  size=84.0MB
  [WRITE]  ISMN_SNOTEL_Mill-DNorth                   s1_desc/l6 → s1_desc_l6.npy  shape=(279, 196, 768)  size=84.0MB
  [WRITE]  ISMN_SNOTEL_Mill-DNorth                   s1_desc/l9 → s1_desc_l9.npy  shape=(279, 196, 768)  size=84.0MB
  [WRITE]  ISMN_SNOTEL_MiningFork                    s2/l3 → s2_l3.npy  shape=(588, 196, 768)  size=177.0MB
  [WRITE]  ISMN_SNOTEL_MiningFork                    s2/l6 → s2_l6.npy  shape=(588, 196, 768)  size=177.0MB
  [WRITE]  ISMN_SNOTEL_MiningFork                    s2/l9 → s2_l9.npy  shape=(588, 196, 768)  size=177.0MB
  [WRITE]  ISMN_SNOTEL_MiningFork                    s1_asc/l3 → s1_asc_l3.npy  shape=(156, 196, 768)  size=47.0MB
  [WRITE]  ISMN_SNOTEL_MiningFork                    s1_asc/l6 → s1_asc_l6.npy  shape=(156, 196, 768)  size=47.0MB
  [WRITE]  ISMN_SNOTEL_MiningFork                    s1_asc/l9 → s1_asc_l9.npy  shape=(156, 196, 768)  size=47.0MB
  [WRITE]  ISMN_SNOTEL_MiningFork                    s1_desc/l3 → s1_desc_l3.npy  shape=(257, 196, 768)  size=77.4MB
  [WRITE]  ISMN_SNOTEL_MiningFork                    s1_desc/l6 → s1_desc_l6.npy  shape=(257, 196, 768)  size=77.4MB
  [WRITE]  ISMN_SNOTEL_MiningFork                    s1_desc/l9 → s1_desc_l9.npy  shape=(257, 196, 768)  size=77.4MB
  [WRITE]  ISMN_SNOTEL_LongValleyJct                 s2/l3 → s2_l3.npy  shape=(392, 196, 768)  size=118.0MB
  [WRITE]  ISMN_SNOTEL_LongValleyJct                 s2/l6 → s2_l6.npy  shape=(392, 196, 768)  size=118.0MB
  [WRITE]  ISMN_SNOTEL_LongValleyJct                 s2/l9 → s2_l9.npy  shape=(392, 196, 768)  size=118.0MB
  [WRITE]  ISMN_SNOTEL_LongValleyJct                 s1_asc/l3 → s1_asc_l3.npy  shape=(155, 196, 768)  size=46.7MB
  [WRITE]  ISMN_SNOTEL_LongValleyJct                 s1_asc/l6 → s1_asc_l6.npy  shape=(155, 196, 768)  size=46.7MB
  [WRITE]  ISMN_SNOTEL_LongValleyJct                 s1_asc/l9 → s1_asc_l9.npy  shape=(155, 196, 768)  size=46.7MB
  [WRITE]  ISMN_SNOTEL_LongValleyJct                 s1_desc/l3 → s1_desc_l3.npy  shape=(257, 196, 768)  size=77.4MB
  [WRITE]  ISMN_SNOTEL_LongValleyJct                 s1_desc/l6 → s1_desc_l6.npy  shape=(257, 196, 768)  size=77.4MB
  [WRITE]  ISMN_SNOTEL_LongValleyJct                 s1_desc/l9 → s1_desc_l9.npy  shape=(257, 196, 768)  size=77.4MB
  [WRITE]  ISMN_SNOTEL_Lookout                       s2/l3 → s2_l3.npy  shape=(199, 196, 768)  size=59.9MB
  [WRITE]  ISMN_SNOTEL_Lookout                       s2/l6 → s2_l6.npy  shape=(199, 196, 768)  size=59.9MB
  [WRITE]  ISMN_SNOTEL_Lookout                       s2/l9 → s2_l9.npy  shape=(199, 196, 768)  size=59.9MB
  [WRITE]  ISMN_SNOTEL_Lookout                       s1_asc/l3 → s1_asc_l3.npy  shape=(250, 196, 768)  size=75.3MB
  [WRITE]  ISMN_SNOTEL_Lookout                       s1_asc/l6 → s1_asc_l6.npy  shape=(250, 196, 768)  size=75.3MB
  [WRITE]  ISMN_SNOTEL_Lookout                       s1_asc/l9 → s1_asc_l9.npy  shape=(250, 196, 768)  size=75.3MB
  [WRITE]  ISMN_SNOTEL_Lookout                       s1_desc/l3 → s1_desc_l3.npy  shape=(402, 196, 768)  size=121.0MB
  [WRITE]  ISMN_SNOTEL_Lookout                       s1_desc/l6 → s1_desc_l6.npy  shape=(402, 196, 768)  size=121.0MB
  [WRITE]  ISMN_SNOTEL_Lookout                       s1_desc/l9 → s1_desc_l9.npy  shape=(402, 196, 768)  size=121.0MB
  [WRITE]  ISMN_SNOTEL_LookoutPeak                   s2/l3 → s2_l3.npy  shape=(272, 196, 768)  size=81.9MB
  [WRITE]  ISMN_SNOTEL_LookoutPeak                   s2/l6 → s2_l6.npy  shape=(272, 196, 768)  size=81.9MB
  [WRITE]  ISMN_SNOTEL_LookoutPeak                   s2/l9 → s2_l9.npy  shape=(272, 196, 768)  size=81.9MB
  [WRITE]  ISMN_SNOTEL_LookoutPeak                   s1_asc/l3 → s1_asc_l3.npy  shape=(211, 196, 768)  size=63.5MB
  [WRITE]  ISMN_SNOTEL_LookoutPeak                   s1_asc/l6 → s1_asc_l6.npy  shape=(211, 196, 768)  size=63.5MB
  [WRITE]  ISMN_SNOTEL_LookoutPeak                   s1_asc/l9 → s1_asc_l9.npy  shape=(211, 196, 768)  size=63.5MB
  [WRITE]  ISMN_SNOTEL_LookoutPeak                   s1_desc/l3 → s1_desc_l3.npy  shape=(121, 196, 768)  size=36.4MB
  [WRITE]  ISMN_SNOTEL_LookoutPeak                   s1_desc/l6 → s1_desc_l6.npy  shape=(121, 196, 768)  size=36.4MB
  [WRITE]  ISMN_SNOTEL_LookoutPeak                   s1_desc/l9 → s1_desc_l9.npy  shape=(121, 196, 768)  size=36.4MB
  [WRITE]  ISMN_SNOTEL_LostCreekResv                 s2/l3 → s2_l3.npy  shape=(668, 196, 768)  size=201.1MB
  [WRITE]  ISMN_SNOTEL_LostCreekResv                 s2/l6 → s2_l6.npy  shape=(668, 196, 768)  size=201.1MB
  [WRITE]  ISMN_SNOTEL_LostCreekResv                 s2/l9 → s2_l9.npy  shape=(668, 196, 768)  size=201.1MB
  [WRITE]  ISMN_SNOTEL_LostCreekResv                 s1_asc/l3 → s1_asc_l3.npy  shape=(300, 196, 768)  size=90.3MB
  [WRITE]  ISMN_SNOTEL_LostCreekResv                 s1_asc/l6 → s1_asc_l6.npy  shape=(300, 196, 768)  size=90.3MB
  [WRITE]  ISMN_SNOTEL_LostCreekResv                 s1_asc/l9 → s1_asc_l9.npy  shape=(300, 196, 768)  size=90.3MB
  [WRITE]  ISMN_SNOTEL_LostCreekResv                 s1_desc/l3 → s1_desc_l3.npy  shape=(491, 196, 768)  size=147.8MB
  [WRITE]  ISMN_SNOTEL_LostCreekResv                 s1_desc/l6 → s1_desc_l6.npy  shape=(491, 196, 768)  size=147.8MB
  [WRITE]  ISMN_SNOTEL_LostCreekResv                 s1_desc/l9 → s1_desc_l9.npy  shape=(491, 196, 768)  size=147.8MB
  [WRITE]  ISMN_TxSON_CR1000-6                       s2/l3 → s2_l3.npy  shape=(194, 196, 768)  size=58.4MB
  [WRITE]  ISMN_TxSON_CR1000-6                       s2/l6 → s2_l6.npy  shape=(194, 196, 768)  size=58.4MB
  [WRITE]  ISMN_TxSON_CR1000-6                       s2/l9 → s2_l9.npy  shape=(194, 196, 768)  size=58.4MB
  [WRITE]  ISMN_TxSON_CR1000-6                       s1_asc/l3 → s1_asc_l3.npy  shape=(183, 196, 768)  size=55.1MB
  [WRITE]  ISMN_TxSON_CR1000-6                       s1_asc/l6 → s1_asc_l6.npy  shape=(183, 196, 768)  size=55.1MB
  [WRITE]  ISMN_TxSON_CR1000-6                       s1_asc/l9 → s1_asc_l9.npy  shape=(183, 196, 768)  size=55.1MB
  [WRITE]  ISMN_TxSON_CR1000-6                       s1_desc/l3 → s1_desc_l3.npy  shape=(4, 196, 768)  size=1.2MB
  [WRITE]  ISMN_TxSON_CR1000-6                       s1_desc/l6 → s1_desc_l6.npy  shape=(4, 196, 768)  size=1.2MB
  [WRITE]  ISMN_TxSON_CR1000-6                       s1_desc/l9 → s1_desc_l9.npy  shape=(4, 196, 768)  size=1.2MB
  [WRITE]  ISMN_TxSON_CR200-1                        s2/l3 → s2_l3.npy  shape=(145, 196, 768)  size=43.7MB
  [WRITE]  ISMN_TxSON_CR200-1                        s2/l6 → s2_l6.npy  shape=(145, 196, 768)  size=43.7MB
  [WRITE]  ISMN_TxSON_CR200-1                        s2/l9 → s2_l9.npy  shape=(145, 196, 768)  size=43.7MB
  [WRITE]  ISMN_TxSON_CR200-1                        s1_asc/l3 → s1_asc_l3.npy  shape=(149, 196, 768)  size=44.9MB
  [WRITE]  ISMN_TxSON_CR200-1                        s1_asc/l6 → s1_asc_l6.npy  shape=(149, 196, 768)  size=44.9MB
  [WRITE]  ISMN_TxSON_CR200-1                        s1_asc/l9 → s1_asc_l9.npy  shape=(149, 196, 768)  size=44.9MB
  [WRITE]  ISMN_TxSON_CR200-1                        s1_desc/l3 → s1_desc_l3.npy  shape=(4, 196, 768)  size=1.2MB
  [WRITE]  ISMN_TxSON_CR200-1                        s1_desc/l6 → s1_desc_l6.npy  shape=(4, 196, 768)  size=1.2MB
  [WRITE]  ISMN_TxSON_CR200-1                        s1_desc/l9 → s1_desc_l9.npy  shape=(4, 196, 768)  size=1.2MB
  [WRITE]  ISMN_TxSON_CR200-10                       s2/l3 → s2_l3.npy  shape=(78, 196, 768)  size=23.5MB
  [WRITE]  ISMN_TxSON_CR200-10                       s2/l6 → s2_l6.npy  shape=(78, 196, 768)  size=23.5MB
  [WRITE]  ISMN_TxSON_CR200-10                       s2/l9 → s2_l9.npy  shape=(78, 196, 768)  size=23.5MB
  [WRITE]  ISMN_TxSON_CR200-10                       s1_asc/l3 → s1_asc_l3.npy  shape=(95, 196, 768)  size=28.6MB
  [WRITE]  ISMN_TxSON_CR200-10                       s1_asc/l6 → s1_asc_l6.npy  shape=(95, 196, 768)  size=28.6MB
  [WRITE]  ISMN_TxSON_CR200-10                       s1_asc/l9 → s1_asc_l9.npy  shape=(95, 196, 768)  size=28.6MB
  [WRITE]  ISMN_TxSON_CR200-10                       s1_desc/l3 → s1_desc_l3.npy  shape=(4, 196, 768)  size=1.2MB
  [WRITE]  ISMN_TxSON_CR200-10                       s1_desc/l6 → s1_desc_l6.npy  shape=(4, 196, 768)  size=1.2MB
  [WRITE]  ISMN_TxSON_CR200-10                       s1_desc/l9 → s1_desc_l9.npy  shape=(4, 196, 768)  size=1.2MB
  [WRITE]  ISMN_TxSON_CR200-11                       s2/l3 → s2_l3.npy  shape=(53, 196, 768)  size=16.0MB
  [WRITE]  ISMN_TxSON_CR200-11                       s2/l6 → s2_l6.npy  shape=(53, 196, 768)  size=16.0MB
  [WRITE]  ISMN_TxSON_CR200-11                       s2/l9 → s2_l9.npy  shape=(53, 196, 768)  size=16.0MB
  [WRITE]  ISMN_TxSON_CR200-11                       s1_asc/l3 → s1_asc_l3.npy  shape=(74, 196, 768)  size=22.3MB
  [WRITE]  ISMN_TxSON_CR200-11                       s1_asc/l6 → s1_asc_l6.npy  shape=(74, 196, 768)  size=22.3MB
  [WRITE]  ISMN_TxSON_CR200-11                       s1_asc/l9 → s1_asc_l9.npy  shape=(74, 196, 768)  size=22.3MB
  [WRITE]  ISMN_TxSON_CR200-11                       s1_desc/l3 → s1_desc_l3.npy  shape=(1, 196, 768)  size=0.3MB
  [WRITE]  ISMN_TxSON_CR200-11                       s1_desc/l6 → s1_desc_l6.npy  shape=(1, 196, 768)  size=0.3MB
  [WRITE]  ISMN_TxSON_CR200-11                       s1_desc/l9 → s1_desc_l9.npy  shape=(1, 196, 768)  size=0.3MB
  [WRITE]  ISMN_SNOTEL_MonitorPass                   s2/l3 → s2_l3.npy  shape=(416, 196, 768)  size=125.2MB
  [WRITE]  ISMN_SNOTEL_MonitorPass                   s2/l6 → s2_l6.npy  shape=(416, 196, 768)  size=125.2MB
  [WRITE]  ISMN_SNOTEL_MonitorPass                   s2/l9 → s2_l9.npy  shape=(416, 196, 768)  size=125.2MB
  [WRITE]  ISMN_SNOTEL_MonitorPass                   s1_asc/l3 → s1_asc_l3.npy  shape=(731, 196, 768)  size=220.1MB
  [WRITE]  ISMN_SNOTEL_MonitorPass                   s1_asc/l6 → s1_asc_l6.npy  shape=(731, 196, 768)  size=220.1MB
  [WRITE]  ISMN_SNOTEL_MonitorPass                   s1_asc/l9 → s1_asc_l9.npy  shape=(731, 196, 768)  size=220.1MB
  [WRITE]  ISMN_SNOTEL_MonitorPass                   s1_desc/l3 → s1_desc_l3.npy  shape=(703, 196, 768)  size=211.6MB
  [WRITE]  ISMN_SNOTEL_MonitorPass                   s1_desc/l6 → s1_desc_l6.npy  shape=(703, 196, 768)  size=211.6MB
  [WRITE]  ISMN_SNOTEL_MonitorPass                   s1_desc/l9 → s1_desc_l9.npy  shape=(703, 196, 768)  size=211.6MB
  [WRITE]  ISMN_SNOTEL_MonteCristo                   s2/l3 → s2_l3.npy  shape=(573, 196, 768)  size=172.5MB
  [WRITE]  ISMN_SNOTEL_MonteCristo                   s2/l6 → s2_l6.npy  shape=(573, 196, 768)  size=172.5MB
  [WRITE]  ISMN_SNOTEL_MonteCristo                   s2/l9 → s2_l9.npy  shape=(573, 196, 768)  size=172.5MB
  [WRITE]  ISMN_SNOTEL_MonteCristo                   s1_asc/l3 → s1_asc_l3.npy  shape=(300, 196, 768)  size=90.3MB
  [WRITE]  ISMN_SNOTEL_MonteCristo                   s1_asc/l6 → s1_asc_l6.npy  shape=(300, 196, 768)  size=90.3MB
  [WRITE]  ISMN_SNOTEL_MonteCristo                   s1_asc/l9 → s1_asc_l9.npy  shape=(300, 196, 768)  size=90.3MB
  [WRITE]  ISMN_SNOTEL_MonteCristo                   s1_desc/l3 → s1_desc_l3.npy  shape=(288, 196, 768)  size=86.7MB
  [WRITE]  ISMN_SNOTEL_MonteCristo                   s1_desc/l6 → s1_desc_l6.npy  shape=(288, 196, 768)  size=86.7MB
  [WRITE]  ISMN_SNOTEL_MonteCristo                   s1_desc/l9 → s1_desc_l9.npy  shape=(288, 196, 768)  size=86.7MB
  [WRITE]  ISMN_SNOTEL_MonumentCreek                 s2/l3 → s2_l3.npy  shape=(117, 196, 768)  size=35.2MB
  [WRITE]  ISMN_SNOTEL_MonumentCreek                 s2/l6 → s2_l6.npy  shape=(117, 196, 768)  size=35.2MB
  [WRITE]  ISMN_SNOTEL_MonumentCreek                 s2/l9 → s2_l9.npy  shape=(117, 196, 768)  size=35.2MB
  [WRITE]  ISMN_SNOTEL_MonumentCreek                 s1_asc/l3 → s1_asc_l3.npy  shape=(72, 196, 768)  size=21.7MB
  [WRITE]  ISMN_SNOTEL_MonumentCreek                 s1_asc/l6 → s1_asc_l6.npy  shape=(72, 196, 768)  size=21.7MB
  [WRITE]  ISMN_SNOTEL_MonumentCreek                 s1_asc/l9 → s1_asc_l9.npy  shape=(72, 196, 768)  size=21.7MB
  [WRITE]  ISMN_SNOTEL_MonumentCreek                 s1_desc/l3 → s1_desc_l3.npy  shape=(59, 196, 768)  size=17.8MB
  [WRITE]  ISMN_SNOTEL_MonumentCreek                 s1_desc/l6 → s1_desc_l6.npy  shape=(59, 196, 768)  size=17.8MB
  [WRITE]  ISMN_SNOTEL_MonumentCreek                 s1_desc/l9 → s1_desc_l9.npy  shape=(59, 196, 768)  size=17.8MB
  [WRITE]  ISMN_SNOTEL_MooreCreekBridge              s2/l3 → s2_l3.npy  shape=(129, 196, 768)  size=38.8MB
  [WRITE]  ISMN_SNOTEL_MooreCreekBridge              s2/l6 → s2_l6.npy  shape=(129, 196, 768)  size=38.8MB
  [WRITE]  ISMN_SNOTEL_MooreCreekBridge              s2/l9 → s2_l9.npy  shape=(129, 196, 768)  size=38.8MB
  [WRITE]  ISMN_SNOTEL_MooreCreekBridge              s1_asc/l3 → s1_asc_l3.npy  shape=(104, 196, 768)  size=31.3MB
  [WRITE]  ISMN_SNOTEL_MooreCreekBridge              s1_asc/l6 → s1_asc_l6.npy  shape=(104, 196, 768)  size=31.3MB
  [WRITE]  ISMN_SNOTEL_MooreCreekBridge              s1_asc/l9 → s1_asc_l9.npy  shape=(104, 196, 768)  size=31.3MB
  [WRITE]  ISMN_SNOTEL_MooreCreekBridge              s1_desc/l3 → s1_desc_l3.npy  shape=(117, 196, 768)  size=35.2MB
  [WRITE]  ISMN_SNOTEL_MooreCreekBridge              s1_desc/l6 → s1_desc_l6.npy  shape=(117, 196, 768)  size=35.2MB
  [WRITE]  ISMN_SNOTEL_MooreCreekBridge              s1_desc/l9 → s1_desc_l9.npy  shape=(117, 196, 768)  size=35.2MB
  [WRITE]  ISMN_SNOTEL_EastRimDivide                 s2/l3 → s2_l3.npy  shape=(329, 196, 768)  size=99.0MB
  [WRITE]  ISMN_SNOTEL_EastRimDivide                 s2/l6 → s2_l6.npy  shape=(329, 196, 768)  size=99.0MB
  [WRITE]  ISMN_SNOTEL_EastRimDivide                 s2/l9 → s2_l9.npy  shape=(329, 196, 768)  size=99.0MB
  [WRITE]  ISMN_SNOTEL_EastRimDivide                 s1_asc/l3 → s1_asc_l3.npy  shape=(298, 196, 768)  size=89.7MB
  [WRITE]  ISMN_SNOTEL_EastRimDivide                 s1_asc/l6 → s1_asc_l6.npy  shape=(298, 196, 768)  size=89.7MB
  [WRITE]  ISMN_SNOTEL_EastRimDivide                 s1_asc/l9 → s1_asc_l9.npy  shape=(298, 196, 768)  size=89.7MB
  [WRITE]  ISMN_SNOTEL_EastRimDivide                 s1_desc/l3 → s1_desc_l3.npy  shape=(494, 196, 768)  size=148.7MB
  [WRITE]  ISMN_SNOTEL_EastRimDivide                 s1_desc/l6 → s1_desc_l6.npy  shape=(494, 196, 768)  size=148.7MB
  [WRITE]  ISMN_SNOTEL_EastRimDivide                 s1_desc/l9 → s1_desc_l9.npy  shape=(494, 196, 768)  size=148.7MB
  [WRITE]  ISMN_SNOTEL_EastWillowCreek               s2/l3 → s2_l3.npy  shape=(635, 196, 768)  size=191.2MB
  [WRITE]  ISMN_SNOTEL_EastWillowCreek               s2/l6 → s2_l6.npy  shape=(635, 196, 768)  size=191.2MB
  [WRITE]  ISMN_SNOTEL_EastWillowCreek               s2/l9 → s2_l9.npy  shape=(635, 196, 768)  size=191.2MB
  [WRITE]  ISMN_SNOTEL_EastWillowCreek               s1_asc/l3 → s1_asc_l3.npy  shape=(394, 196, 768)  size=118.6MB
  [WRITE]  ISMN_SNOTEL_EastWillowCreek               s1_asc/l6 → s1_asc_l6.npy  shape=(394, 196, 768)  size=118.6MB
  [WRITE]  ISMN_SNOTEL_EastWillowCreek               s1_asc/l9 → s1_asc_l9.npy  shape=(394, 196, 768)  size=118.6MB
  [WRITE]  ISMN_SNOTEL_EastWillowCreek               s1_desc/l3 → s1_desc_l3.npy  shape=(495, 196, 768)  size=149.0MB
  [WRITE]  ISMN_SNOTEL_EastWillowCreek               s1_desc/l6 → s1_desc_l6.npy  shape=(495, 196, 768)  size=149.0MB
  [WRITE]  ISMN_SNOTEL_EastWillowCreek               s1_desc/l9 → s1_desc_l9.npy  shape=(495, 196, 768)  size=149.0MB
  [WRITE]  ISMN_SNOTEL_EbbettsPass                   s2/l3 → s2_l3.npy  shape=(255, 196, 768)  size=76.8MB
  [WRITE]  ISMN_SNOTEL_EbbettsPass                   s2/l6 → s2_l6.npy  shape=(255, 196, 768)  size=76.8MB
  [WRITE]  ISMN_SNOTEL_EbbettsPass                   s2/l9 → s2_l9.npy  shape=(255, 196, 768)  size=76.8MB
  [WRITE]  ISMN_SNOTEL_EbbettsPass                   s1_asc/l3 → s1_asc_l3.npy  shape=(505, 196, 768)  size=152.0MB
  [WRITE]  ISMN_SNOTEL_EbbettsPass                   s1_asc/l6 → s1_asc_l6.npy  shape=(505, 196, 768)  size=152.0MB
  [WRITE]  ISMN_SNOTEL_EbbettsPass                   s1_asc/l9 → s1_asc_l9.npy  shape=(505, 196, 768)  size=152.0MB
  [WRITE]  ISMN_SNOTEL_EbbettsPass                   s1_desc/l3 → s1_desc_l3.npy  shape=(470, 196, 768)  size=141.5MB
  [WRITE]  ISMN_SNOTEL_EbbettsPass                   s1_desc/l6 → s1_desc_l6.npy  shape=(470, 196, 768)  size=141.5MB
  [WRITE]  ISMN_SNOTEL_EbbettsPass                   s1_desc/l9 → s1_desc_l9.npy  shape=(470, 196, 768)  size=141.5MB
  [WRITE]  ISMN_SNOTEL_EchoPeak                      s2/l3 → s2_l3.npy  shape=(743, 196, 768)  size=223.7MB
  [WRITE]  ISMN_SNOTEL_EchoPeak                      s2/l6 → s2_l6.npy  shape=(743, 196, 768)  size=223.7MB
  [WRITE]  ISMN_SNOTEL_EchoPeak                      s2/l9 → s2_l9.npy  shape=(743, 196, 768)  size=223.7MB
  [WRITE]  ISMN_SNOTEL_EchoPeak                      s1_asc/l3 → s1_asc_l3.npy  shape=(337, 196, 768)  size=101.5MB
  [WRITE]  ISMN_SNOTEL_EchoPeak                      s1_asc/l6 → s1_asc_l6.npy  shape=(337, 196, 768)  size=101.5MB
  [WRITE]  ISMN_SNOTEL_EchoPeak                      s1_asc/l9 → s1_asc_l9.npy  shape=(337, 196, 768)  size=101.5MB
  [WRITE]  ISMN_SNOTEL_EchoPeak                      s1_desc/l3 → s1_desc_l3.npy  shape=(614, 196, 768)  size=184.8MB
  [WRITE]  ISMN_SNOTEL_EchoPeak                      s1_desc/l6 → s1_desc_l6.npy  shape=(614, 196, 768)  size=184.8MB
  [WRITE]  ISMN_SNOTEL_EchoPeak                      s1_desc/l9 → s1_desc_l9.npy  shape=(614, 196, 768)  size=184.8MB
  [WRITE]  ISMN_SNOTEL_NavajoWhiskeyCk               s2/l3 → s2_l3.npy  shape=(307, 196, 768)  size=92.4MB
  [WRITE]  ISMN_SNOTEL_NavajoWhiskeyCk               s2/l6 → s2_l6.npy  shape=(307, 196, 768)  size=92.4MB
  [WRITE]  ISMN_SNOTEL_NavajoWhiskeyCk               s2/l9 → s2_l9.npy  shape=(307, 196, 768)  size=92.4MB
  [WRITE]  ISMN_SNOTEL_NavajoWhiskeyCk               s1_asc/l3 → s1_asc_l3.npy  shape=(262, 196, 768)  size=78.9MB
  [WRITE]  ISMN_SNOTEL_NavajoWhiskeyCk               s1_asc/l6 → s1_asc_l6.npy  shape=(262, 196, 768)  size=78.9MB
  [WRITE]  ISMN_SNOTEL_NavajoWhiskeyCk               s1_asc/l9 → s1_asc_l9.npy  shape=(262, 196, 768)  size=78.9MB
  [WRITE]  ISMN_SNOTEL_NavajoWhiskeyCk               s1_desc/l3 → s1_desc_l3.npy  shape=(235, 196, 768)  size=70.7MB
  [WRITE]  ISMN_SNOTEL_NavajoWhiskeyCk               s1_desc/l6 → s1_desc_l6.npy  shape=(235, 196, 768)  size=70.7MB
  [WRITE]  ISMN_SNOTEL_NavajoWhiskeyCk               s1_desc/l9 → s1_desc_l9.npy  shape=(235, 196, 768)  size=70.7MB
  [WRITE]  ISMN_SNOTEL_NukaGlacier                   s2/l3 → s2_l3.npy  shape=(315, 196, 768)  size=94.8MB
  [WRITE]  ISMN_SNOTEL_NukaGlacier                   s2/l6 → s2_l6.npy  shape=(315, 196, 768)  size=94.8MB
  [WRITE]  ISMN_SNOTEL_NukaGlacier                   s2/l9 → s2_l9.npy  shape=(315, 196, 768)  size=94.8MB
  [WRITE]  ISMN_SNOTEL_NukaGlacier                   s1_asc/l3 → s1_asc_l3.npy  shape=(141, 196, 768)  size=42.4MB
  [WRITE]  ISMN_SNOTEL_NukaGlacier                   s1_asc/l6 → s1_asc_l6.npy  shape=(141, 196, 768)  size=42.4MB
  [WRITE]  ISMN_SNOTEL_NukaGlacier                   s1_asc/l9 → s1_asc_l9.npy  shape=(141, 196, 768)  size=42.4MB
  [WRITE]  ISMN_SNOTEL_NukaGlacier                   s1_desc/l3 → s1_desc_l3.npy  shape=(216, 196, 768)  size=65.0MB
  [WRITE]  ISMN_SNOTEL_NukaGlacier                   s1_desc/l6 → s1_desc_l6.npy  shape=(216, 196, 768)  size=65.0MB
  [WRITE]  ISMN_SNOTEL_NukaGlacier                   s1_desc/l9 → s1_desc_l9.npy  shape=(216, 196, 768)  size=65.0MB
  [WRITE]  ISMN_SNOTEL_ONeilCreek                    s2/l3 → s2_l3.npy  shape=(262, 196, 768)  size=78.9MB
  [WRITE]  ISMN_SNOTEL_ONeilCreek                    s2/l6 → s2_l6.npy  shape=(262, 196, 768)  size=78.9MB
  [WRITE]  ISMN_SNOTEL_ONeilCreek                    s2/l9 → s2_l9.npy  shape=(262, 196, 768)  size=78.9MB
  [WRITE]  ISMN_SNOTEL_ONeilCreek                    s1_asc/l3 → s1_asc_l3.npy  shape=(218, 196, 768)  size=65.6MB
  [WRITE]  ISMN_SNOTEL_ONeilCreek                    s1_asc/l6 → s1_asc_l6.npy  shape=(218, 196, 768)  size=65.6MB
  [WRITE]  ISMN_SNOTEL_ONeilCreek                    s1_asc/l9 → s1_asc_l9.npy  shape=(218, 196, 768)  size=65.6MB
  [WRITE]  ISMN_SNOTEL_ONeilCreek                    s1_desc/l3 → s1_desc_l3.npy  shape=(353, 196, 768)  size=106.3MB
  [WRITE]  ISMN_SNOTEL_ONeilCreek                    s1_desc/l6 → s1_desc_l6.npy  shape=(353, 196, 768)  size=106.3MB
  [WRITE]  ISMN_SNOTEL_ONeilCreek                    s1_desc/l9 → s1_desc_l9.npy  shape=(353, 196, 768)  size=106.3MB
  [WRITE]  ISMN_SNOTEL_OakCreek                      s2/l3 → s2_l3.npy  shape=(674, 196, 768)  size=202.9MB
  [WRITE]  ISMN_SNOTEL_OakCreek                      s2/l6 → s2_l6.npy  shape=(674, 196, 768)  size=202.9MB
  [WRITE]  ISMN_SNOTEL_OakCreek                      s2/l9 → s2_l9.npy  shape=(674, 196, 768)  size=202.9MB
  [WRITE]  ISMN_SNOTEL_OakCreek                      s1_asc/l3 → s1_asc_l3.npy  shape=(156, 196, 768)  size=47.0MB
  [WRITE]  ISMN_SNOTEL_OakCreek                      s1_asc/l6 → s1_asc_l6.npy  shape=(156, 196, 768)  size=47.0MB
  [WRITE]  ISMN_SNOTEL_OakCreek                      s1_asc/l9 → s1_asc_l9.npy  shape=(156, 196, 768)  size=47.0MB
  [WRITE]  ISMN_SNOTEL_OakCreek                      s1_desc/l3 → s1_desc_l3.npy  shape=(258, 196, 768)  size=77.7MB
  [WRITE]  ISMN_SNOTEL_OakCreek                      s1_desc/l6 → s1_desc_l6.npy  shape=(258, 196, 768)  size=77.7MB
  [WRITE]  ISMN_SNOTEL_OakCreek                      s1_desc/l9 → s1_desc_l9.npy  shape=(258, 196, 768)  size=77.7MB
  [WRITE]  ISMN_SNOTEL_HuntingtonHorse               s2/l3 → s2_l3.npy  shape=(338, 196, 768)  size=101.8MB
  [WRITE]  ISMN_SNOTEL_HuntingtonHorse               s2/l6 → s2_l6.npy  shape=(338, 196, 768)  size=101.8MB
  [WRITE]  ISMN_SNOTEL_HuntingtonHorse               s2/l9 → s2_l9.npy  shape=(338, 196, 768)  size=101.8MB
  [WRITE]  ISMN_SNOTEL_HuntingtonHorse               s1_asc/l3 → s1_asc_l3.npy  shape=(298, 196, 768)  size=89.7MB
  [WRITE]  ISMN_SNOTEL_HuntingtonHorse               s1_asc/l6 → s1_asc_l6.npy  shape=(298, 196, 768)  size=89.7MB
  [WRITE]  ISMN_SNOTEL_HuntingtonHorse               s1_asc/l9 → s1_asc_l9.npy  shape=(298, 196, 768)  size=89.7MB
  [WRITE]  ISMN_SNOTEL_HuntingtonHorse               s1_desc/l3 → s1_desc_l3.npy  shape=(493, 196, 768)  size=148.4MB
  [WRITE]  ISMN_SNOTEL_HuntingtonHorse               s1_desc/l6 → s1_desc_l6.npy  shape=(493, 196, 768)  size=148.4MB
  [WRITE]  ISMN_SNOTEL_HuntingtonHorse               s1_desc/l9 → s1_desc_l9.npy  shape=(493, 196, 768)  size=148.4MB
  [WRITE]  ISMN_SNOTEL_ImnaviatCreek                 s2/l3 → s2_l3.npy  shape=(252, 196, 768)  size=75.9MB
  [WRITE]  ISMN_SNOTEL_ImnaviatCreek                 s2/l6 → s2_l6.npy  shape=(252, 196, 768)  size=75.9MB
  [WRITE]  ISMN_SNOTEL_ImnaviatCreek                 s2/l9 → s2_l9.npy  shape=(252, 196, 768)  size=75.9MB
  [WRITE]  ISMN_SNOTEL_ImnaviatCreek                 s1_asc/l3 → s1_asc_l3.npy  shape=(153, 196, 768)  size=46.1MB
  [WRITE]  ISMN_SNOTEL_ImnaviatCreek                 s1_asc/l6 → s1_asc_l6.npy  shape=(153, 196, 768)  size=46.1MB
  [WRITE]  ISMN_SNOTEL_ImnaviatCreek                 s1_asc/l9 → s1_asc_l9.npy  shape=(153, 196, 768)  size=46.1MB
  [WRITE]  ISMN_SNOTEL_ImnaviatCreek                 s1_desc/l3 → s1_desc_l3.npy  shape=(360, 196, 768)  size=108.4MB
  [WRITE]  ISMN_SNOTEL_ImnaviatCreek                 s1_desc/l6 → s1_desc_l6.npy  shape=(360, 196, 768)  size=108.4MB
  [WRITE]  ISMN_SNOTEL_ImnaviatCreek                 s1_desc/l9 → s1_desc_l9.npy  shape=(360, 196, 768)  size=108.4MB
  [WRITE]  ISMN_SNOTEL_IndependenceCamp              s2/l3 → s2_l3.npy  shape=(829, 196, 768)  size=249.6MB
  [WRITE]  ISMN_SNOTEL_IndependenceCamp              s2/l6 → s2_l6.npy  shape=(829, 196, 768)  size=249.6MB
  [WRITE]  ISMN_SNOTEL_IndependenceCamp              s2/l9 → s2_l9.npy  shape=(829, 196, 768)  size=249.6MB
  [WRITE]  ISMN_SNOTEL_IndependenceCamp              s1_asc/l3 → s1_asc_l3.npy  shape=(382, 196, 768)  size=115.0MB
  [WRITE]  ISMN_SNOTEL_IndependenceCamp              s1_asc/l6 → s1_asc_l6.npy  shape=(382, 196, 768)  size=115.0MB
  [WRITE]  ISMN_SNOTEL_IndependenceCamp              s1_asc/l9 → s1_asc_l9.npy  shape=(382, 196, 768)  size=115.0MB
  [WRITE]  ISMN_SNOTEL_IndependenceCamp              s1_desc/l3 → s1_desc_l3.npy  shape=(348, 196, 768)  size=104.8MB
  [WRITE]  ISMN_SNOTEL_IndependenceCamp              s1_desc/l6 → s1_desc_l6.npy  shape=(348, 196, 768)  size=104.8MB
  [WRITE]  ISMN_SNOTEL_IndependenceCamp              s1_desc/l9 → s1_desc_l9.npy  shape=(348, 196, 768)  size=104.8MB
  [WRITE]  ISMN_SNOTEL_IndependenceCreek             s2/l3 → s2_l3.npy  shape=(808, 196, 768)  size=243.3MB
  [WRITE]  ISMN_SNOTEL_IndependenceCreek             s2/l6 → s2_l6.npy  shape=(808, 196, 768)  size=243.3MB
  [WRITE]  ISMN_SNOTEL_IndependenceCreek             s2/l9 → s2_l9.npy  shape=(808, 196, 768)  size=243.3MB
  [WRITE]  ISMN_SNOTEL_IndependenceCreek             s1_asc/l3 → s1_asc_l3.npy  shape=(382, 196, 768)  size=115.0MB
  [WRITE]  ISMN_SNOTEL_IndependenceCreek             s1_asc/l6 → s1_asc_l6.npy  shape=(382, 196, 768)  size=115.0MB
  [WRITE]  ISMN_SNOTEL_IndependenceCreek             s1_asc/l9 → s1_asc_l9.npy  shape=(382, 196, 768)  size=115.0MB
  [WRITE]  ISMN_SNOTEL_IndependenceCreek             s1_desc/l3 → s1_desc_l3.npy  shape=(348, 196, 768)  size=104.8MB
  [WRITE]  ISMN_SNOTEL_IndependenceCreek             s1_desc/l6 → s1_desc_l6.npy  shape=(348, 196, 768)  size=104.8MB
  [WRITE]  ISMN_SNOTEL_IndependenceCreek             s1_desc/l9 → s1_desc_l9.npy  shape=(348, 196, 768)  size=104.8MB
  [WRITE]  ISMN_SNOTEL_WilsonCreek                   s2/l3 → s2_l3.npy  shape=(124, 196, 768)  size=37.3MB
  [WRITE]  ISMN_SNOTEL_WilsonCreek                   s2/l6 → s2_l6.npy  shape=(124, 196, 768)  size=37.3MB
  [WRITE]  ISMN_SNOTEL_WilsonCreek                   s2/l9 → s2_l9.npy  shape=(124, 196, 768)  size=37.3MB
  [WRITE]  ISMN_SNOTEL_WilsonCreek                   s1_asc/l3 → s1_asc_l3.npy  shape=(70, 196, 768)  size=21.1MB
  [WRITE]  ISMN_SNOTEL_WilsonCreek                   s1_asc/l6 → s1_asc_l6.npy  shape=(70, 196, 768)  size=21.1MB
  [WRITE]  ISMN_SNOTEL_WilsonCreek                   s1_asc/l9 → s1_asc_l9.npy  shape=(70, 196, 768)  size=21.1MB
  [WRITE]  ISMN_SNOTEL_WilsonCreek                   s1_desc/l3 → s1_desc_l3.npy  shape=(142, 196, 768)  size=42.7MB
  [WRITE]  ISMN_SNOTEL_WilsonCreek                   s1_desc/l6 → s1_desc_l6.npy  shape=(142, 196, 768)  size=42.7MB
  [WRITE]  ISMN_SNOTEL_WilsonCreek                   s1_desc/l9 → s1_desc_l9.npy  shape=(142, 196, 768)  size=42.7MB
  [WRITE]  ISMN_SNOTEL_WindyPeak                     s2/l3 → s2_l3.npy  shape=(109, 196, 768)  size=32.8MB
  [WRITE]  ISMN_SNOTEL_WindyPeak                     s2/l6 → s2_l6.npy  shape=(109, 196, 768)  size=32.8MB
  [WRITE]  ISMN_SNOTEL_WindyPeak                     s2/l9 → s2_l9.npy  shape=(109, 196, 768)  size=32.8MB
  [WRITE]  ISMN_SNOTEL_WindyPeak                     s1_asc/l3 → s1_asc_l3.npy  shape=(162, 196, 768)  size=48.8MB
  [WRITE]  ISMN_SNOTEL_WindyPeak                     s1_asc/l6 → s1_asc_l6.npy  shape=(162, 196, 768)  size=48.8MB
  [WRITE]  ISMN_SNOTEL_WindyPeak                     s1_asc/l9 → s1_asc_l9.npy  shape=(162, 196, 768)  size=48.8MB
  [WRITE]  ISMN_SNOTEL_WindyPeak                     s1_desc/l3 → s1_desc_l3.npy  shape=(68, 196, 768)  size=20.5MB
  [WRITE]  ISMN_SNOTEL_WindyPeak                     s1_desc/l6 → s1_desc_l6.npy  shape=(68, 196, 768)  size=20.5MB
  [WRITE]  ISMN_SNOTEL_WindyPeak                     s1_desc/l9 → s1_desc_l9.npy  shape=(68, 196, 768)  size=20.5MB
  [WRITE]  ISMN_SNOTEL_WolfCreekPeak                 s2/l3 → s2_l3.npy  shape=(199, 196, 768)  size=59.9MB
  [WRITE]  ISMN_SNOTEL_WolfCreekPeak                 s2/l6 → s2_l6.npy  shape=(199, 196, 768)  size=59.9MB
  [WRITE]  ISMN_SNOTEL_WolfCreekPeak                 s2/l9 → s2_l9.npy  shape=(199, 196, 768)  size=59.9MB
  [WRITE]  ISMN_SNOTEL_WolfCreekPeak                 s1_asc/l3 → s1_asc_l3.npy  shape=(57, 196, 768)  size=17.2MB
  [WRITE]  ISMN_SNOTEL_WolfCreekPeak                 s1_asc/l6 → s1_asc_l6.npy  shape=(57, 196, 768)  size=17.2MB
  [WRITE]  ISMN_SNOTEL_WolfCreekPeak                 s1_asc/l9 → s1_asc_l9.npy  shape=(57, 196, 768)  size=17.2MB
  [WRITE]  ISMN_SNOTEL_WolfCreekPeak                 s1_desc/l3 → s1_desc_l3.npy  shape=(196, 196, 768)  size=59.0MB
  [WRITE]  ISMN_SNOTEL_WolfCreekPeak                 s1_desc/l6 → s1_desc_l6.npy  shape=(196, 196, 768)  size=59.0MB
  [WRITE]  ISMN_SNOTEL_WolfCreekPeak                 s1_desc/l9 → s1_desc_l9.npy  shape=(196, 196, 768)  size=59.0MB
  [WRITE]  ISMN_SNOTEL_WolfCreekSummit               s2/l3 → s2_l3.npy  shape=(190, 196, 768)  size=57.2MB
  [WRITE]  ISMN_SNOTEL_WolfCreekSummit               s2/l6 → s2_l6.npy  shape=(190, 196, 768)  size=57.2MB
  [WRITE]  ISMN_SNOTEL_WolfCreekSummit               s2/l9 → s2_l9.npy  shape=(190, 196, 768)  size=57.2MB
  [WRITE]  ISMN_SNOTEL_WolfCreekSummit               s1_asc/l3 → s1_asc_l3.npy  shape=(267, 196, 768)  size=80.4MB
  [WRITE]  ISMN_SNOTEL_WolfCreekSummit               s1_asc/l6 → s1_asc_l6.npy  shape=(267, 196, 768)  size=80.4MB
  [WRITE]  ISMN_SNOTEL_WolfCreekSummit               s1_asc/l9 → s1_asc_l9.npy  shape=(267, 196, 768)  size=80.4MB
  [WRITE]  ISMN_SNOTEL_WolfCreekSummit               s1_desc/l3 → s1_desc_l3.npy  shape=(157, 196, 768)  size=47.3MB
  [WRITE]  ISMN_SNOTEL_WolfCreekSummit               s1_desc/l6 → s1_desc_l6.npy  shape=(157, 196, 768)  size=47.3MB
  [WRITE]  ISMN_SNOTEL_WolfCreekSummit               s1_desc/l9 → s1_desc_l9.npy  shape=(157, 196, 768)  size=47.3MB
  [WRITE]  ISMN_SNOTEL_SummitRanch                   s2/l3 → s2_l3.npy  shape=(173, 196, 768)  size=52.1MB
  [WRITE]  ISMN_SNOTEL_SummitRanch                   s2/l6 → s2_l6.npy  shape=(173, 196, 768)  size=52.1MB
  [WRITE]  ISMN_SNOTEL_SummitRanch                   s2/l9 → s2_l9.npy  shape=(173, 196, 768)  size=52.1MB
  [WRITE]  ISMN_SNOTEL_SummitRanch                   s1_asc/l3 → s1_asc_l3.npy  shape=(113, 196, 768)  size=34.0MB
  [WRITE]  ISMN_SNOTEL_SummitRanch                   s1_asc/l6 → s1_asc_l6.npy  shape=(113, 196, 768)  size=34.0MB
  [WRITE]  ISMN_SNOTEL_SummitRanch                   s1_asc/l9 → s1_asc_l9.npy  shape=(113, 196, 768)  size=34.0MB
  [WRITE]  ISMN_SNOTEL_SummitRanch                   s1_desc/l3 → s1_desc_l3.npy  shape=(136, 196, 768)  size=40.9MB
  [WRITE]  ISMN_SNOTEL_SummitRanch                   s1_desc/l6 → s1_desc_l6.npy  shape=(136, 196, 768)  size=40.9MB
  [WRITE]  ISMN_SNOTEL_SummitRanch                   s1_desc/l9 → s1_desc_l9.npy  shape=(136, 196, 768)  size=40.9MB
  [WRITE]  ISMN_SNOTEL_SunflowerFlat                 s2/l3 → s2_l3.npy  shape=(308, 196, 768)  size=92.7MB
  [WRITE]  ISMN_SNOTEL_SunflowerFlat                 s2/l6 → s2_l6.npy  shape=(308, 196, 768)  size=92.7MB
  [WRITE]  ISMN_SNOTEL_SunflowerFlat                 s2/l9 → s2_l9.npy  shape=(308, 196, 768)  size=92.7MB
  [WRITE]  ISMN_SNOTEL_SunflowerFlat                 s1_asc/l3 → s1_asc_l3.npy  shape=(291, 196, 768)  size=87.6MB
  [WRITE]  ISMN_SNOTEL_SunflowerFlat                 s1_asc/l6 → s1_asc_l6.npy  shape=(291, 196, 768)  size=87.6MB
  [WRITE]  ISMN_SNOTEL_SunflowerFlat                 s1_asc/l9 → s1_asc_l9.npy  shape=(291, 196, 768)  size=87.6MB
  [WRITE]  ISMN_SNOTEL_SunflowerFlat                 s1_desc/l3 → s1_desc_l3.npy  shape=(231, 196, 768)  size=69.5MB
  [WRITE]  ISMN_SNOTEL_SunflowerFlat                 s1_desc/l6 → s1_desc_l6.npy  shape=(231, 196, 768)  size=69.5MB
  [WRITE]  ISMN_SNOTEL_SunflowerFlat                 s1_desc/l9 → s1_desc_l9.npy  shape=(231, 196, 768)  size=69.5MB
  [WRITE]  ISMN_SNOTEL_Sunset                        s2/l3 → s2_l3.npy  shape=(92, 196, 768)  size=27.7MB
  [WRITE]  ISMN_SNOTEL_Sunset                        s2/l6 → s2_l6.npy  shape=(92, 196, 768)  size=27.7MB
  [WRITE]  ISMN_SNOTEL_Sunset                        s2/l9 → s2_l9.npy  shape=(92, 196, 768)  size=27.7MB
  [WRITE]  ISMN_SNOTEL_Sunset                        s1_asc/l3 → s1_asc_l3.npy  shape=(187, 196, 768)  size=56.3MB
  [WRITE]  ISMN_SNOTEL_Sunset                        s1_asc/l6 → s1_asc_l6.npy  shape=(187, 196, 768)  size=56.3MB
  [WRITE]  ISMN_SNOTEL_Sunset                        s1_asc/l9 → s1_asc_l9.npy  shape=(187, 196, 768)  size=56.3MB
  [WRITE]  ISMN_SNOTEL_Sunset                        s1_desc/l3 → s1_desc_l3.npy  shape=(264, 196, 768)  size=79.5MB
  [WRITE]  ISMN_SNOTEL_Sunset                        s1_desc/l6 → s1_desc_l6.npy  shape=(264, 196, 768)  size=79.5MB
  [WRITE]  ISMN_SNOTEL_Sunset                        s1_desc/l9 → s1_desc_l9.npy  shape=(264, 196, 768)  size=79.5MB
  [WRITE]  ISMN_SNOTEL_SusitnaValleyHigh             s2/l3 → s2_l3.npy  shape=(107, 196, 768)  size=32.2MB
  [WRITE]  ISMN_SNOTEL_SusitnaValleyHigh             s2/l6 → s2_l6.npy  shape=(107, 196, 768)  size=32.2MB
  [WRITE]  ISMN_SNOTEL_SusitnaValleyHigh             s2/l9 → s2_l9.npy  shape=(107, 196, 768)  size=32.2MB
  [WRITE]  ISMN_SNOTEL_SusitnaValleyHigh             s1_asc/l3 → s1_asc_l3.npy  shape=(105, 196, 768)  size=31.6MB
  [WRITE]  ISMN_SNOTEL_SusitnaValleyHigh             s1_asc/l6 → s1_asc_l6.npy  shape=(105, 196, 768)  size=31.6MB
  [WRITE]  ISMN_SNOTEL_SusitnaValleyHigh             s1_asc/l9 → s1_asc_l9.npy  shape=(105, 196, 768)  size=31.6MB
  [WRITE]  ISMN_SNOTEL_SusitnaValleyHigh             s1_desc/l3 → s1_desc_l3.npy  shape=(189, 196, 768)  size=56.9MB
  [WRITE]  ISMN_SNOTEL_SusitnaValleyHigh             s1_desc/l6 → s1_desc_l6.npy  shape=(189, 196, 768)  size=56.9MB
  [WRITE]  ISMN_SNOTEL_SusitnaValleyHigh             s1_desc/l9 → s1_desc_l9.npy  shape=(189, 196, 768)  size=56.9MB
  [WRITE]  ISMN_SMOSMANIA_Mouthoumet                 s2/l3 → s2_l3.npy  shape=(446, 196, 768)  size=134.3MB
  [WRITE]  ISMN_SMOSMANIA_Mouthoumet                 s2/l6 → s2_l6.npy  shape=(446, 196, 768)  size=134.3MB
  [WRITE]  ISMN_SMOSMANIA_Mouthoumet                 s2/l9 → s2_l9.npy  shape=(446, 196, 768)  size=134.3MB
  [WRITE]  ISMN_SMOSMANIA_Mouthoumet                 s1_asc/l3 → s1_asc_l3.npy  shape=(784, 196, 768)  size=236.0MB
  [WRITE]  ISMN_SMOSMANIA_Mouthoumet                 s1_asc/l6 → s1_asc_l6.npy  shape=(784, 196, 768)  size=236.0MB
  [WRITE]  ISMN_SMOSMANIA_Mouthoumet                 s1_asc/l9 → s1_asc_l9.npy  shape=(784, 196, 768)  size=236.0MB
  [WRITE]  ISMN_SMOSMANIA_Mouthoumet                 s1_desc/l3 → s1_desc_l3.npy  shape=(832, 196, 768)  size=250.5MB
  [WRITE]  ISMN_SMOSMANIA_Mouthoumet                 s1_desc/l6 → s1_desc_l6.npy  shape=(832, 196, 768)  size=250.5MB
  [WRITE]  ISMN_SMOSMANIA_Mouthoumet                 s1_desc/l9 → s1_desc_l9.npy  shape=(832, 196, 768)  size=250.5MB
  [WRITE]  ISMN_SMOSMANIA_Narbonne                   s2/l3 → s2_l3.npy  shape=(240, 196, 768)  size=72.3MB
  [WRITE]  ISMN_SMOSMANIA_Narbonne                   s2/l6 → s2_l6.npy  shape=(240, 196, 768)  size=72.3MB
  [WRITE]  ISMN_SMOSMANIA_Narbonne                   s2/l9 → s2_l9.npy  shape=(240, 196, 768)  size=72.3MB
  [WRITE]  ISMN_SMOSMANIA_Narbonne                   s1_asc/l3 → s1_asc_l3.npy  shape=(635, 196, 768)  size=191.2MB
  [WRITE]  ISMN_SMOSMANIA_Narbonne                   s1_asc/l6 → s1_asc_l6.npy  shape=(635, 196, 768)  size=191.2MB
  [WRITE]  ISMN_SMOSMANIA_Narbonne                   s1_asc/l9 → s1_asc_l9.npy  shape=(635, 196, 768)  size=191.2MB
  [WRITE]  ISMN_SMOSMANIA_Narbonne                   s1_desc/l3 → s1_desc_l3.npy  shape=(685, 196, 768)  size=206.2MB
  [WRITE]  ISMN_SMOSMANIA_Narbonne                   s1_desc/l6 → s1_desc_l6.npy  shape=(685, 196, 768)  size=206.2MB
  [WRITE]  ISMN_SMOSMANIA_Narbonne                   s1_desc/l9 → s1_desc_l9.npy  shape=(685, 196, 768)  size=206.2MB
  [WRITE]  ISMN_SMOSMANIA_PeyrusseGrande             s2/l3 → s2_l3.npy  shape=(407, 196, 768)  size=122.5MB
  [WRITE]  ISMN_SMOSMANIA_PeyrusseGrande             s2/l6 → s2_l6.npy  shape=(407, 196, 768)  size=122.5MB
  [WRITE]  ISMN_SMOSMANIA_PeyrusseGrande             s2/l9 → s2_l9.npy  shape=(407, 196, 768)  size=122.5MB
  [WRITE]  ISMN_SMOSMANIA_PeyrusseGrande             s1_asc/l3 → s1_asc_l3.npy  shape=(769, 196, 768)  size=231.5MB
  [WRITE]  ISMN_SMOSMANIA_PeyrusseGrande             s1_asc/l6 → s1_asc_l6.npy  shape=(769, 196, 768)  size=231.5MB
  [WRITE]  ISMN_SMOSMANIA_PeyrusseGrande             s1_asc/l9 → s1_asc_l9.npy  shape=(769, 196, 768)  size=231.5MB
  [WRITE]  ISMN_SMOSMANIA_PeyrusseGrande             s1_desc/l3 → s1_desc_l3.npy  shape=(835, 196, 768)  size=251.4MB
  [WRITE]  ISMN_SMOSMANIA_PeyrusseGrande             s1_desc/l6 → s1_desc_l6.npy  shape=(835, 196, 768)  size=251.4MB
  [WRITE]  ISMN_SMOSMANIA_PeyrusseGrande             s1_desc/l9 → s1_desc_l9.npy  shape=(835, 196, 768)  size=251.4MB
  [WRITE]  ISMN_SMOSMANIA_Pezenas                    s2/l3 → s2_l3.npy  shape=(227, 196, 768)  size=68.3MB
  [WRITE]  ISMN_SMOSMANIA_Pezenas                    s2/l6 → s2_l6.npy  shape=(227, 196, 768)  size=68.3MB
  [WRITE]  ISMN_SMOSMANIA_Pezenas                    s2/l9 → s2_l9.npy  shape=(227, 196, 768)  size=68.3MB
  [WRITE]  ISMN_SMOSMANIA_Pezenas                    s1_asc/l3 → s1_asc_l3.npy  shape=(366, 196, 768)  size=110.2MB
  [WRITE]  ISMN_SMOSMANIA_Pezenas                    s1_asc/l6 → s1_asc_l6.npy  shape=(366, 196, 768)  size=110.2MB
  [WRITE]  ISMN_SMOSMANIA_Pezenas                    s1_asc/l9 → s1_asc_l9.npy  shape=(366, 196, 768)  size=110.2MB
  [WRITE]  ISMN_SMOSMANIA_Pezenas                    s1_desc/l3 → s1_desc_l3.npy  shape=(361, 196, 768)  size=108.7MB
  [WRITE]  ISMN_SMOSMANIA_Pezenas                    s1_desc/l6 → s1_desc_l6.npy  shape=(361, 196, 768)  size=108.7MB
  [WRITE]  ISMN_SMOSMANIA_Pezenas                    s1_desc/l9 → s1_desc_l9.npy  shape=(361, 196, 768)  size=108.7MB
  [WRITE]  ISMN_SNOTEL_Sheldon                       s2/l3 → s2_l3.npy  shape=(471, 196, 768)  size=141.8MB
  [WRITE]  ISMN_SNOTEL_Sheldon                       s2/l6 → s2_l6.npy  shape=(471, 196, 768)  size=141.8MB
  [WRITE]  ISMN_SNOTEL_Sheldon                       s2/l9 → s2_l9.npy  shape=(471, 196, 768)  size=141.8MB
  [WRITE]  ISMN_SNOTEL_Sheldon                       s1_asc/l3 → s1_asc_l3.npy  shape=(251, 196, 768)  size=75.6MB
  [WRITE]  ISMN_SNOTEL_Sheldon                       s1_asc/l6 → s1_asc_l6.npy  shape=(251, 196, 768)  size=75.6MB
  [WRITE]  ISMN_SNOTEL_Sheldon                       s1_asc/l9 → s1_asc_l9.npy  shape=(251, 196, 768)  size=75.6MB
  [WRITE]  ISMN_SNOTEL_Sheldon                       s1_desc/l3 → s1_desc_l3.npy  shape=(370, 196, 768)  size=111.4MB
  [WRITE]  ISMN_SNOTEL_Sheldon                       s1_desc/l6 → s1_desc_l6.npy  shape=(370, 196, 768)  size=111.4MB
  [WRITE]  ISMN_SNOTEL_Sheldon                       s1_desc/l9 → s1_desc_l9.npy  shape=(370, 196, 768)  size=111.4MB
  [WRITE]  ISMN_SNOTEL_Sherwin                       s2/l3 → s2_l3.npy  shape=(131, 196, 768)  size=39.4MB
  [WRITE]  ISMN_SNOTEL_Sherwin                       s2/l6 → s2_l6.npy  shape=(131, 196, 768)  size=39.4MB
  [WRITE]  ISMN_SNOTEL_Sherwin                       s2/l9 → s2_l9.npy  shape=(131, 196, 768)  size=39.4MB
  [WRITE]  ISMN_SNOTEL_Sherwin                       s1_asc/l3 → s1_asc_l3.npy  shape=(56, 196, 768)  size=16.9MB
  [WRITE]  ISMN_SNOTEL_Sherwin                       s1_asc/l6 → s1_asc_l6.npy  shape=(56, 196, 768)  size=16.9MB
  [WRITE]  ISMN_SNOTEL_Sherwin                       s1_asc/l9 → s1_asc_l9.npy  shape=(56, 196, 768)  size=16.9MB
  [WRITE]  ISMN_SNOTEL_Sherwin                       s1_desc/l3 → s1_desc_l3.npy  shape=(171, 196, 768)  size=51.5MB
  [WRITE]  ISMN_SNOTEL_Sherwin                       s1_desc/l6 → s1_desc_l6.npy  shape=(171, 196, 768)  size=51.5MB
  [WRITE]  ISMN_SNOTEL_Sherwin                       s1_desc/l9 → s1_desc_l9.npy  shape=(171, 196, 768)  size=51.5MB
  [WRITE]  ISMN_SNOTEL_Shuree                        s2/l3 → s2_l3.npy  shape=(277, 196, 768)  size=83.4MB
  [WRITE]  ISMN_SNOTEL_Shuree                        s2/l6 → s2_l6.npy  shape=(277, 196, 768)  size=83.4MB
  [WRITE]  ISMN_SNOTEL_Shuree                        s2/l9 → s2_l9.npy  shape=(277, 196, 768)  size=83.4MB
  [WRITE]  ISMN_SNOTEL_Shuree                        s1_asc/l3 → s1_asc_l3.npy  shape=(177, 196, 768)  size=53.3MB
  [WRITE]  ISMN_SNOTEL_Shuree                        s1_asc/l6 → s1_asc_l6.npy  shape=(177, 196, 768)  size=53.3MB
  [WRITE]  ISMN_SNOTEL_Shuree                        s1_asc/l9 → s1_asc_l9.npy  shape=(177, 196, 768)  size=53.3MB
  [WRITE]  ISMN_SNOTEL_Shuree                        s1_desc/l3 → s1_desc_l3.npy  shape=(187, 196, 768)  size=56.3MB
  [WRITE]  ISMN_SNOTEL_Shuree                        s1_desc/l6 → s1_desc_l6.npy  shape=(187, 196, 768)  size=56.3MB
  [WRITE]  ISMN_SNOTEL_Shuree                        s1_desc/l9 → s1_desc_l9.npy  shape=(187, 196, 768)  size=56.3MB
  [WRITE]  ISMN_SNOTEL_Silvies                       s2/l3 → s2_l3.npy  shape=(240, 196, 768)  size=72.3MB
  [WRITE]  ISMN_SNOTEL_Silvies                       s2/l6 → s2_l6.npy  shape=(240, 196, 768)  size=72.3MB
  [WRITE]  ISMN_SNOTEL_Silvies                       s2/l9 → s2_l9.npy  shape=(240, 196, 768)  size=72.3MB
  [WRITE]  ISMN_SNOTEL_Silvies                       s1_asc/l3 → s1_asc_l3.npy  shape=(130, 196, 768)  size=39.1MB
  [WRITE]  ISMN_SNOTEL_Silvies                       s1_asc/l6 → s1_asc_l6.npy  shape=(130, 196, 768)  size=39.1MB
  [WRITE]  ISMN_SNOTEL_Silvies                       s1_asc/l9 → s1_asc_l9.npy  shape=(130, 196, 768)  size=39.1MB
  [WRITE]  ISMN_SNOTEL_Silvies                       s1_desc/l3 → s1_desc_l3.npy  shape=(178, 196, 768)  size=53.6MB
  [WRITE]  ISMN_SNOTEL_Silvies                       s1_desc/l6 → s1_desc_l6.npy  shape=(178, 196, 768)  size=53.6MB
  [WRITE]  ISMN_SNOTEL_Silvies                       s1_desc/l9 → s1_desc_l9.npy  shape=(178, 196, 768)  size=53.6MB
  [WRITE]  ISMN_USCRN_Crossville-7-NW                s2/l3 → s2_l3.npy  shape=(20, 196, 768)  size=6.0MB
  [WRITE]  ISMN_USCRN_Crossville-7-NW                s2/l6 → s2_l6.npy  shape=(20, 196, 768)  size=6.0MB
  [WRITE]  ISMN_USCRN_Crossville-7-NW                s2/l9 → s2_l9.npy  shape=(20, 196, 768)  size=6.0MB
  [WRITE]  ISMN_USCRN_Crossville-7-NW                s1_asc/l3 → s1_asc_l3.npy  shape=(31, 196, 768)  size=9.3MB
  [WRITE]  ISMN_USCRN_Crossville-7-NW                s1_asc/l6 → s1_asc_l6.npy  shape=(31, 196, 768)  size=9.3MB
  [WRITE]  ISMN_USCRN_Crossville-7-NW                s1_asc/l9 → s1_asc_l9.npy  shape=(31, 196, 768)  size=9.3MB
  [WRITE]  ISMN_USCRN_Crossville-7-NW                s1_desc/l3 → s1_desc_l3.npy  shape=(2, 196, 768)  size=0.6MB
  [WRITE]  ISMN_USCRN_Crossville-7-NW                s1_desc/l6 → s1_desc_l6.npy  shape=(2, 196, 768)  size=0.6MB
  [WRITE]  ISMN_USCRN_Crossville-7-NW                s1_desc/l9 → s1_desc_l9.npy  shape=(2, 196, 768)  size=0.6MB
  [WRITE]  ISMN_USCRN_Durham-11-W                    s2/l3 → s2_l3.npy  shape=(116, 196, 768)  size=34.9MB
  [WRITE]  ISMN_USCRN_Durham-11-W                    s2/l6 → s2_l6.npy  shape=(116, 196, 768)  size=34.9MB
  [WRITE]  ISMN_USCRN_Durham-11-W                    s2/l9 → s2_l9.npy  shape=(116, 196, 768)  size=34.9MB
  [WRITE]  ISMN_USCRN_Durham-11-W                    s1_asc/l3 → s1_asc_l3.npy  shape=(142, 196, 768)  size=42.7MB
  [WRITE]  ISMN_USCRN_Durham-11-W                    s1_asc/l6 → s1_asc_l6.npy  shape=(142, 196, 768)  size=42.7MB
  [WRITE]  ISMN_USCRN_Durham-11-W                    s1_asc/l9 → s1_asc_l9.npy  shape=(142, 196, 768)  size=42.7MB
  [WRITE]  ISMN_USCRN_Durham-11-W                    s1_desc/l3 → s1_desc_l3.npy  shape=(7, 196, 768)  size=2.1MB
  [WRITE]  ISMN_USCRN_Durham-11-W                    s1_desc/l6 → s1_desc_l6.npy  shape=(7, 196, 768)  size=2.1MB
  [WRITE]  ISMN_USCRN_Durham-11-W                    s1_desc/l9 → s1_desc_l9.npy  shape=(7, 196, 768)  size=2.1MB
  [WRITE]  ISMN_USCRN_Durham-2-N                     s2/l3 → s2_l3.npy  shape=(40, 196, 768)  size=12.0MB
  [WRITE]  ISMN_USCRN_Durham-2-N                     s2/l6 → s2_l6.npy  shape=(40, 196, 768)  size=12.0MB
  [WRITE]  ISMN_USCRN_Durham-2-N                     s2/l9 → s2_l9.npy  shape=(40, 196, 768)  size=12.0MB
  [WRITE]  ISMN_USCRN_Durham-2-N                     s1_asc/l3 → s1_asc_l3.npy  shape=(83, 196, 768)  size=25.0MB
  [WRITE]  ISMN_USCRN_Durham-2-N                     s1_asc/l6 → s1_asc_l6.npy  shape=(83, 196, 768)  size=25.0MB
  [WRITE]  ISMN_USCRN_Durham-2-N                     s1_asc/l9 → s1_asc_l9.npy  shape=(83, 196, 768)  size=25.0MB
  [WRITE]  ISMN_USCRN_Durham-2-N                     s1_desc/l3 → s1_desc_l3.npy  shape=(40, 196, 768)  size=12.0MB
  [WRITE]  ISMN_USCRN_Durham-2-N                     s1_desc/l6 → s1_desc_l6.npy  shape=(40, 196, 768)  size=12.0MB
  [WRITE]  ISMN_USCRN_Durham-2-N                     s1_desc/l9 → s1_desc_l9.npy  shape=(40, 196, 768)  size=12.0MB
  [WRITE]  ISMN_USCRN_Elgin-5-S                      s2/l3 → s2_l3.npy  shape=(187, 196, 768)  size=56.3MB
  [WRITE]  ISMN_USCRN_Elgin-5-S                      s2/l6 → s2_l6.npy  shape=(187, 196, 768)  size=56.3MB
  [WRITE]  ISMN_USCRN_Elgin-5-S                      s2/l9 → s2_l9.npy  shape=(187, 196, 768)  size=56.3MB
  [WRITE]  ISMN_USCRN_Elgin-5-S                      s1_asc/l3 → s1_asc_l3.npy  shape=(110, 196, 768)  size=33.1MB
  [WRITE]  ISMN_USCRN_Elgin-5-S                      s1_asc/l6 → s1_asc_l6.npy  shape=(110, 196, 768)  size=33.1MB
  [WRITE]  ISMN_USCRN_Elgin-5-S                      s1_asc/l9 → s1_asc_l9.npy  shape=(110, 196, 768)  size=33.1MB
  [WRITE]  ISMN_USCRN_Elgin-5-S                      s1_desc/l3 → s1_desc_l3.npy  shape=(127, 196, 768)  size=38.2MB
  [WRITE]  ISMN_USCRN_Elgin-5-S                      s1_desc/l6 → s1_desc_l6.npy  shape=(127, 196, 768)  size=38.2MB
  [WRITE]  ISMN_USCRN_Elgin-5-S                      s1_desc/l9 → s1_desc_l9.npy  shape=(127, 196, 768)  size=38.2MB
  [WRITE]  ISMN_TxSON_CR200-2                        s2/l3 → s2_l3.npy  shape=(180, 196, 768)  size=54.2MB
  [WRITE]  ISMN_TxSON_CR200-2                        s2/l6 → s2_l6.npy  shape=(180, 196, 768)  size=54.2MB
  [WRITE]  ISMN_TxSON_CR200-2                        s2/l9 → s2_l9.npy  shape=(180, 196, 768)  size=54.2MB
  [WRITE]  ISMN_TxSON_CR200-2                        s1_asc/l3 → s1_asc_l3.npy  shape=(184, 196, 768)  size=55.4MB
  [WRITE]  ISMN_TxSON_CR200-2                        s1_asc/l6 → s1_asc_l6.npy  shape=(184, 196, 768)  size=55.4MB
  [WRITE]  ISMN_TxSON_CR200-2                        s1_asc/l9 → s1_asc_l9.npy  shape=(184, 196, 768)  size=55.4MB
  [WRITE]  ISMN_TxSON_CR200-2                        s1_desc/l3 → s1_desc_l3.npy  shape=(4, 196, 768)  size=1.2MB
  [WRITE]  ISMN_TxSON_CR200-2                        s1_desc/l6 → s1_desc_l6.npy  shape=(4, 196, 768)  size=1.2MB
  [WRITE]  ISMN_TxSON_CR200-2                        s1_desc/l9 → s1_desc_l9.npy  shape=(4, 196, 768)  size=1.2MB
  [WRITE]  ISMN_TxSON_CR200-21                       s2/l3 → s2_l3.npy  shape=(199, 196, 768)  size=59.9MB
  [WRITE]  ISMN_TxSON_CR200-21                       s2/l6 → s2_l6.npy  shape=(199, 196, 768)  size=59.9MB
  [WRITE]  ISMN_TxSON_CR200-21                       s2/l9 → s2_l9.npy  shape=(199, 196, 768)  size=59.9MB
  [WRITE]  ISMN_TxSON_CR200-21                       s1_asc/l3 → s1_asc_l3.npy  shape=(177, 196, 768)  size=53.3MB
  [WRITE]  ISMN_TxSON_CR200-21                       s1_asc/l6 → s1_asc_l6.npy  shape=(177, 196, 768)  size=53.3MB
  [WRITE]  ISMN_TxSON_CR200-21                       s1_asc/l9 → s1_asc_l9.npy  shape=(177, 196, 768)  size=53.3MB
  [WRITE]  ISMN_TxSON_CR200-21                       s1_desc/l3 → s1_desc_l3.npy  shape=(4, 196, 768)  size=1.2MB
  [WRITE]  ISMN_TxSON_CR200-21                       s1_desc/l6 → s1_desc_l6.npy  shape=(4, 196, 768)  size=1.2MB
  [WRITE]  ISMN_TxSON_CR200-21                       s1_desc/l9 → s1_desc_l9.npy  shape=(4, 196, 768)  size=1.2MB
  [WRITE]  ISMN_TxSON_CR200-22                       s2/l3 → s2_l3.npy  shape=(57, 196, 768)  size=17.2MB
  [WRITE]  ISMN_TxSON_CR200-22                       s2/l6 → s2_l6.npy  shape=(57, 196, 768)  size=17.2MB
  [WRITE]  ISMN_TxSON_CR200-22                       s2/l9 → s2_l9.npy  shape=(57, 196, 768)  size=17.2MB
  [WRITE]  ISMN_TxSON_CR200-22                       s1_asc/l3 → s1_asc_l3.npy  shape=(70, 196, 768)  size=21.1MB
  [WRITE]  ISMN_TxSON_CR200-22                       s1_asc/l6 → s1_asc_l6.npy  shape=(70, 196, 768)  size=21.1MB
  [WRITE]  ISMN_TxSON_CR200-22                       s1_asc/l9 → s1_asc_l9.npy  shape=(70, 196, 768)  size=21.1MB
  [WRITE]  ISMN_TxSON_CR200-22                       s1_desc/l3 → s1_desc_l3.npy  shape=(1, 196, 768)  size=0.3MB
  [WRITE]  ISMN_TxSON_CR200-22                       s1_desc/l6 → s1_desc_l6.npy  shape=(1, 196, 768)  size=0.3MB
  [WRITE]  ISMN_TxSON_CR200-22                       s1_desc/l9 → s1_desc_l9.npy  shape=(1, 196, 768)  size=0.3MB
  [WRITE]  ISMN_TxSON_CR200-23                       s2/l3 → s2_l3.npy  shape=(195, 196, 768)  size=58.7MB
  [WRITE]  ISMN_TxSON_CR200-23                       s2/l6 → s2_l6.npy  shape=(195, 196, 768)  size=58.7MB
  [WRITE]  ISMN_TxSON_CR200-23                       s2/l9 → s2_l9.npy  shape=(195, 196, 768)  size=58.7MB
  [WRITE]  ISMN_TxSON_CR200-23                       s1_asc/l3 → s1_asc_l3.npy  shape=(184, 196, 768)  size=55.4MB
  [WRITE]  ISMN_TxSON_CR200-23                       s1_asc/l6 → s1_asc_l6.npy  shape=(184, 196, 768)  size=55.4MB
  [WRITE]  ISMN_TxSON_CR200-23                       s1_asc/l9 → s1_asc_l9.npy  shape=(184, 196, 768)  size=55.4MB
  [WRITE]  ISMN_TxSON_CR200-23                       s1_desc/l3 → s1_desc_l3.npy  shape=(4, 196, 768)  size=1.2MB
  [WRITE]  ISMN_TxSON_CR200-23                       s1_desc/l6 → s1_desc_l6.npy  shape=(4, 196, 768)  size=1.2MB
  [WRITE]  ISMN_TxSON_CR200-23                       s1_desc/l9 → s1_desc_l9.npy  shape=(4, 196, 768)  size=1.2MB
  [WRITE]  ISMN_USCRN_Austin-33-NW                   s2/l3 → s2_l3.npy  shape=(133, 196, 768)  size=40.0MB
  [WRITE]  ISMN_USCRN_Austin-33-NW                   s2/l6 → s2_l6.npy  shape=(133, 196, 768)  size=40.0MB
  [WRITE]  ISMN_USCRN_Austin-33-NW                   s2/l9 → s2_l9.npy  shape=(133, 196, 768)  size=40.0MB
  [WRITE]  ISMN_USCRN_Austin-33-NW                   s1_asc/l3 → s1_asc_l3.npy  shape=(152, 196, 768)  size=45.8MB
  [WRITE]  ISMN_USCRN_Austin-33-NW                   s1_asc/l6 → s1_asc_l6.npy  shape=(152, 196, 768)  size=45.8MB
  [WRITE]  ISMN_USCRN_Austin-33-NW                   s1_asc/l9 → s1_asc_l9.npy  shape=(152, 196, 768)  size=45.8MB
  [WRITE]  ISMN_USCRN_Austin-33-NW                   s1_desc/l3 → s1_desc_l3.npy  shape=(4, 196, 768)  size=1.2MB
  [WRITE]  ISMN_USCRN_Austin-33-NW                   s1_desc/l6 → s1_desc_l6.npy  shape=(4, 196, 768)  size=1.2MB
  [WRITE]  ISMN_USCRN_Austin-33-NW                   s1_desc/l9 → s1_desc_l9.npy  shape=(4, 196, 768)  size=1.2MB
  [WRITE]  ISMN_USCRN_Baker-5-W                      s2/l3 → s2_l3.npy  shape=(121, 196, 768)  size=36.4MB
  [WRITE]  ISMN_USCRN_Baker-5-W                      s2/l6 → s2_l6.npy  shape=(121, 196, 768)  size=36.4MB
  [WRITE]  ISMN_USCRN_Baker-5-W                      s2/l9 → s2_l9.npy  shape=(121, 196, 768)  size=36.4MB
  [WRITE]  ISMN_USCRN_Baker-5-W                      s1_asc/l3 → s1_asc_l3.npy  shape=(22, 196, 768)  size=6.6MB
  [WRITE]  ISMN_USCRN_Baker-5-W                      s1_asc/l6 → s1_asc_l6.npy  shape=(22, 196, 768)  size=6.6MB
  [WRITE]  ISMN_USCRN_Baker-5-W                      s1_asc/l9 → s1_asc_l9.npy  shape=(22, 196, 768)  size=6.6MB
  [WRITE]  ISMN_USCRN_Baker-5-W                      s1_desc/l3 → s1_desc_l3.npy  shape=(6, 196, 768)  size=1.8MB
  [WRITE]  ISMN_USCRN_Baker-5-W                      s1_desc/l6 → s1_desc_l6.npy  shape=(6, 196, 768)  size=1.8MB
  [WRITE]  ISMN_USCRN_Baker-5-W                      s1_desc/l9 → s1_desc_l9.npy  shape=(6, 196, 768)  size=1.8MB
  [WRITE]  ISMN_USCRN_Batesville-8-WNW               s2/l3 → s2_l3.npy  shape=(111, 196, 768)  size=33.4MB
  [WRITE]  ISMN_USCRN_Batesville-8-WNW               s2/l6 → s2_l6.npy  shape=(111, 196, 768)  size=33.4MB
  [WRITE]  ISMN_USCRN_Batesville-8-WNW               s2/l9 → s2_l9.npy  shape=(111, 196, 768)  size=33.4MB
  [WRITE]  ISMN_USCRN_Batesville-8-WNW               s1_asc/l3 → s1_asc_l3.npy  shape=(308, 196, 768)  size=92.7MB
  [WRITE]  ISMN_USCRN_Batesville-8-WNW               s1_asc/l6 → s1_asc_l6.npy  shape=(308, 196, 768)  size=92.7MB
  [WRITE]  ISMN_USCRN_Batesville-8-WNW               s1_asc/l9 → s1_asc_l9.npy  shape=(308, 196, 768)  size=92.7MB
  [WRITE]  ISMN_USCRN_Batesville-8-WNW               s1_desc/l3 → s1_desc_l3.npy  shape=(9, 196, 768)  size=2.7MB
  [WRITE]  ISMN_USCRN_Batesville-8-WNW               s1_desc/l6 → s1_desc_l6.npy  shape=(9, 196, 768)  size=2.7MB
  [WRITE]  ISMN_USCRN_Batesville-8-WNW               s1_desc/l9 → s1_desc_l9.npy  shape=(9, 196, 768)  size=2.7MB
  [WRITE]  ISMN_USCRN_Bedford-5-WNW                  s2/l3 → s2_l3.npy  shape=(96, 196, 768)  size=28.9MB
  [WRITE]  ISMN_USCRN_Bedford-5-WNW                  s2/l6 → s2_l6.npy  shape=(96, 196, 768)  size=28.9MB
  [WRITE]  ISMN_USCRN_Bedford-5-WNW                  s2/l9 → s2_l9.npy  shape=(96, 196, 768)  size=28.9MB
  [WRITE]  ISMN_USCRN_Bedford-5-WNW                  s1_asc/l3 → s1_asc_l3.npy  shape=(213, 196, 768)  size=64.1MB
  [WRITE]  ISMN_USCRN_Bedford-5-WNW                  s1_asc/l6 → s1_asc_l6.npy  shape=(213, 196, 768)  size=64.1MB
  [WRITE]  ISMN_USCRN_Bedford-5-WNW                  s1_asc/l9 → s1_asc_l9.npy  shape=(213, 196, 768)  size=64.1MB
  [WRITE]  ISMN_SNOTEL_HoosierPass                   s2/l3 → s2_l3.npy  shape=(226, 196, 768)  size=68.0MB
  [WRITE]  ISMN_SNOTEL_HoosierPass                   s2/l6 → s2_l6.npy  shape=(226, 196, 768)  size=68.0MB
  [WRITE]  ISMN_SNOTEL_HoosierPass                   s2/l9 → s2_l9.npy  shape=(226, 196, 768)  size=68.0MB
  [WRITE]  ISMN_SNOTEL_HoosierPass                   s1_asc/l3 → s1_asc_l3.npy  shape=(140, 196, 768)  size=42.1MB
  [WRITE]  ISMN_SNOTEL_HoosierPass                   s1_asc/l6 → s1_asc_l6.npy  shape=(140, 196, 768)  size=42.1MB
  [WRITE]  ISMN_SNOTEL_HoosierPass                   s1_asc/l9 → s1_asc_l9.npy  shape=(140, 196, 768)  size=42.1MB
  [WRITE]  ISMN_SNOTEL_HoosierPass                   s1_desc/l3 → s1_desc_l3.npy  shape=(180, 196, 768)  size=54.2MB
  [WRITE]  ISMN_SNOTEL_HoosierPass                   s1_desc/l6 → s1_desc_l6.npy  shape=(180, 196, 768)  size=54.2MB
  [WRITE]  ISMN_SNOTEL_HoosierPass                   s1_desc/l9 → s1_desc_l9.npy  shape=(180, 196, 768)  size=54.2MB
  [WRITE]  ISMN_SNOTEL_Hopewell                      s2/l3 → s2_l3.npy  shape=(361, 196, 768)  size=108.7MB
  [WRITE]  ISMN_SNOTEL_Hopewell                      s2/l6 → s2_l6.npy  shape=(361, 196, 768)  size=108.7MB
  [WRITE]  ISMN_SNOTEL_Hopewell                      s2/l9 → s2_l9.npy  shape=(361, 196, 768)  size=108.7MB
  [WRITE]  ISMN_SNOTEL_Hopewell                      s1_asc/l3 → s1_asc_l3.npy  shape=(226, 196, 768)  size=68.0MB
  [WRITE]  ISMN_SNOTEL_Hopewell                      s1_asc/l6 → s1_asc_l6.npy  shape=(226, 196, 768)  size=68.0MB
  [WRITE]  ISMN_SNOTEL_Hopewell                      s1_asc/l9 → s1_asc_l9.npy  shape=(226, 196, 768)  size=68.0MB
  [WRITE]  ISMN_SNOTEL_Hopewell                      s1_desc/l3 → s1_desc_l3.npy  shape=(516, 196, 768)  size=155.3MB
  [WRITE]  ISMN_SNOTEL_Hopewell                      s1_desc/l6 → s1_desc_l6.npy  shape=(516, 196, 768)  size=155.3MB
  [WRITE]  ISMN_SNOTEL_Hopewell                      s1_desc/l9 → s1_desc_l9.npy  shape=(516, 196, 768)  size=155.3MB
  [WRITE]  ISMN_SNOTEL_HorseMeadow                   s2/l3 → s2_l3.npy  shape=(812, 196, 768)  size=244.5MB
  [WRITE]  ISMN_SNOTEL_HorseMeadow                   s2/l6 → s2_l6.npy  shape=(812, 196, 768)  size=244.5MB
  [WRITE]  ISMN_SNOTEL_HorseMeadow                   s2/l9 → s2_l9.npy  shape=(812, 196, 768)  size=244.5MB
  [WRITE]  ISMN_SNOTEL_HorseMeadow                   s1_asc/l3 → s1_asc_l3.npy  shape=(733, 196, 768)  size=220.7MB
  [WRITE]  ISMN_SNOTEL_HorseMeadow                   s1_asc/l6 → s1_asc_l6.npy  shape=(733, 196, 768)  size=220.7MB
  [WRITE]  ISMN_SNOTEL_HorseMeadow                   s1_asc/l9 → s1_asc_l9.npy  shape=(733, 196, 768)  size=220.7MB
  [WRITE]  ISMN_SNOTEL_HorseMeadow                   s1_desc/l3 → s1_desc_l3.npy  shape=(702, 196, 768)  size=211.3MB
  [WRITE]  ISMN_SNOTEL_HorseMeadow                   s1_desc/l6 → s1_desc_l6.npy  shape=(702, 196, 768)  size=211.3MB
  [WRITE]  ISMN_SNOTEL_HorseMeadow                   s1_desc/l9 → s1_desc_l9.npy  shape=(702, 196, 768)  size=211.3MB
  [WRITE]  ISMN_SNOTEL_HorseRidge                    s2/l3 → s2_l3.npy  shape=(486, 196, 768)  size=146.3MB
  [WRITE]  ISMN_SNOTEL_HorseRidge                    s2/l6 → s2_l6.npy  shape=(486, 196, 768)  size=146.3MB
  [WRITE]  ISMN_SNOTEL_HorseRidge                    s2/l9 → s2_l9.npy  shape=(486, 196, 768)  size=146.3MB
  [WRITE]  ISMN_SNOTEL_HorseRidge                    s1_asc/l3 → s1_asc_l3.npy  shape=(300, 196, 768)  size=90.3MB
  [WRITE]  ISMN_SNOTEL_HorseRidge                    s1_asc/l6 → s1_asc_l6.npy  shape=(300, 196, 768)  size=90.3MB
  [WRITE]  ISMN_SNOTEL_HorseRidge                    s1_asc/l9 → s1_asc_l9.npy  shape=(300, 196, 768)  size=90.3MB
  [WRITE]  ISMN_SNOTEL_HorseRidge                    s1_desc/l3 → s1_desc_l3.npy  shape=(491, 196, 768)  size=147.8MB
  [WRITE]  ISMN_SNOTEL_HorseRidge                    s1_desc/l6 → s1_desc_l6.npy  shape=(491, 196, 768)  size=147.8MB
  [WRITE]  ISMN_SNOTEL_HorseRidge                    s1_desc/l9 → s1_desc_l9.npy  shape=(491, 196, 768)  size=147.8MB
  [WRITE]  ISMN_SNOTEL_PalisadesTahoe                s2/l3 → s2_l3.npy  shape=(818, 196, 768)  size=246.3MB
  [WRITE]  ISMN_SNOTEL_PalisadesTahoe                s2/l6 → s2_l6.npy  shape=(818, 196, 768)  size=246.3MB
  [WRITE]  ISMN_SNOTEL_PalisadesTahoe                s2/l9 → s2_l9.npy  shape=(818, 196, 768)  size=246.3MB
  [WRITE]  ISMN_SNOTEL_PalisadesTahoe                s1_asc/l3 → s1_asc_l3.npy  shape=(384, 196, 768)  size=115.6MB
  [WRITE]  ISMN_SNOTEL_PalisadesTahoe                s1_asc/l6 → s1_asc_l6.npy  shape=(384, 196, 768)  size=115.6MB
  [WRITE]  ISMN_SNOTEL_PalisadesTahoe                s1_asc/l9 → s1_asc_l9.npy  shape=(384, 196, 768)  size=115.6MB
  [WRITE]  ISMN_SNOTEL_PalisadesTahoe                s1_desc/l3 → s1_desc_l3.npy  shape=(348, 196, 768)  size=104.8MB
  [WRITE]  ISMN_SNOTEL_PalisadesTahoe                s1_desc/l6 → s1_desc_l6.npy  shape=(348, 196, 768)  size=104.8MB
  [WRITE]  ISMN_SNOTEL_PalisadesTahoe                s1_desc/l9 → s1_desc_l9.npy  shape=(348, 196, 768)  size=104.8MB
  [WRITE]  ISMN_SNOTEL_Palo                          s2/l3 → s2_l3.npy  shape=(247, 196, 768)  size=74.4MB
  [WRITE]  ISMN_SNOTEL_Palo                          s2/l6 → s2_l6.npy  shape=(247, 196, 768)  size=74.4MB
  [WRITE]  ISMN_SNOTEL_Palo                          s2/l9 → s2_l9.npy  shape=(247, 196, 768)  size=74.4MB
  [WRITE]  ISMN_SNOTEL_Palo                          s1_asc/l3 → s1_asc_l3.npy  shape=(145, 196, 768)  size=43.7MB
  [WRITE]  ISMN_SNOTEL_Palo                          s1_asc/l6 → s1_asc_l6.npy  shape=(145, 196, 768)  size=43.7MB
  [WRITE]  ISMN_SNOTEL_Palo                          s1_asc/l9 → s1_asc_l9.npy  shape=(145, 196, 768)  size=43.7MB
  [WRITE]  ISMN_SNOTEL_Palo                          s1_desc/l3 → s1_desc_l3.npy  shape=(180, 196, 768)  size=54.2MB
  [WRITE]  ISMN_SNOTEL_Palo                          s1_desc/l6 → s1_desc_l6.npy  shape=(180, 196, 768)  size=54.2MB
  [WRITE]  ISMN_SNOTEL_Palo                          s1_desc/l9 → s1_desc_l9.npy  shape=(180, 196, 768)  size=54.2MB
  [WRITE]  ISMN_SNOTEL_PanguitchLakeRS               s2/l3 → s2_l3.npy  shape=(701, 196, 768)  size=211.0MB
  [WRITE]  ISMN_SNOTEL_PanguitchLakeRS               s2/l6 → s2_l6.npy  shape=(701, 196, 768)  size=211.0MB
  [WRITE]  ISMN_SNOTEL_PanguitchLakeRS               s2/l9 → s2_l9.npy  shape=(701, 196, 768)  size=211.0MB
  [WRITE]  ISMN_SNOTEL_PanguitchLakeRS               s1_asc/l3 → s1_asc_l3.npy  shape=(155, 196, 768)  size=46.7MB
  [WRITE]  ISMN_SNOTEL_PanguitchLakeRS               s1_asc/l6 → s1_asc_l6.npy  shape=(155, 196, 768)  size=46.7MB
  [WRITE]  ISMN_SNOTEL_PanguitchLakeRS               s1_asc/l9 → s1_asc_l9.npy  shape=(155, 196, 768)  size=46.7MB
  [WRITE]  ISMN_SNOTEL_PanguitchLakeRS               s1_desc/l3 → s1_desc_l3.npy  shape=(259, 196, 768)  size=78.0MB
  [WRITE]  ISMN_SNOTEL_PanguitchLakeRS               s1_desc/l6 → s1_desc_l6.npy  shape=(259, 196, 768)  size=78.0MB
  [WRITE]  ISMN_SNOTEL_PanguitchLakeRS               s1_desc/l9 → s1_desc_l9.npy  shape=(259, 196, 768)  size=78.0MB
  [WRITE]  ISMN_SNOTEL_ParkCone                      s2/l3 → s2_l3.npy  shape=(156, 196, 768)  size=47.0MB
  [WRITE]  ISMN_SNOTEL_ParkCone                      s2/l6 → s2_l6.npy  shape=(156, 196, 768)  size=47.0MB
  [WRITE]  ISMN_SNOTEL_ParkCone                      s2/l9 → s2_l9.npy  shape=(156, 196, 768)  size=47.0MB
  [WRITE]  ISMN_SNOTEL_ParkCone                      s1_asc/l3 → s1_asc_l3.npy  shape=(100, 196, 768)  size=30.1MB
  [WRITE]  ISMN_SNOTEL_ParkCone                      s1_asc/l6 → s1_asc_l6.npy  shape=(100, 196, 768)  size=30.1MB
  [WRITE]  ISMN_SNOTEL_ParkCone                      s1_asc/l9 → s1_asc_l9.npy  shape=(100, 196, 768)  size=30.1MB
  [WRITE]  ISMN_SNOTEL_ParkCone                      s1_desc/l3 → s1_desc_l3.npy  shape=(117, 196, 768)  size=35.2MB
  [WRITE]  ISMN_SNOTEL_ParkCone                      s1_desc/l6 → s1_desc_l6.npy  shape=(117, 196, 768)  size=35.2MB
  [WRITE]  ISMN_SNOTEL_ParkCone                      s1_desc/l9 → s1_desc_l9.npy  shape=(117, 196, 768)  size=35.2MB
  [WRITE]  ISMN_SNOTEL_MormonMountain                s2/l3 → s2_l3.npy  shape=(487, 196, 768)  size=146.6MB
  [WRITE]  ISMN_SNOTEL_MormonMountain                s2/l6 → s2_l6.npy  shape=(487, 196, 768)  size=146.6MB
  [WRITE]  ISMN_SNOTEL_MormonMountain                s2/l9 → s2_l9.npy  shape=(487, 196, 768)  size=146.6MB
  [WRITE]  ISMN_SNOTEL_MormonMountain                s1_asc/l3 → s1_asc_l3.npy  shape=(133, 196, 768)  size=40.0MB
  [WRITE]  ISMN_SNOTEL_MormonMountain                s1_asc/l6 → s1_asc_l6.npy  shape=(133, 196, 768)  size=40.0MB
  [WRITE]  ISMN_SNOTEL_MormonMountain                s1_asc/l9 → s1_asc_l9.npy  shape=(133, 196, 768)  size=40.0MB
  [WRITE]  ISMN_SNOTEL_MormonMountain                s1_desc/l3 → s1_desc_l3.npy  shape=(143, 196, 768)  size=43.1MB
  [WRITE]  ISMN_SNOTEL_MormonMountain                s1_desc/l6 → s1_desc_l6.npy  shape=(143, 196, 768)  size=43.1MB
  [WRITE]  ISMN_SNOTEL_MormonMountain                s1_desc/l9 → s1_desc_l9.npy  shape=(143, 196, 768)  size=43.1MB
  [WRITE]  ISMN_SNOTEL_MormonMtnSummit               s2/l3 → s2_l3.npy  shape=(689, 196, 768)  size=207.4MB
  [WRITE]  ISMN_SNOTEL_MormonMtnSummit               s2/l6 → s2_l6.npy  shape=(689, 196, 768)  size=207.4MB
  [WRITE]  ISMN_SNOTEL_MormonMtnSummit               s2/l9 → s2_l9.npy  shape=(689, 196, 768)  size=207.4MB
  [WRITE]  ISMN_SNOTEL_MormonMtnSummit               s1_asc/l3 → s1_asc_l3.npy  shape=(133, 196, 768)  size=40.0MB
  [WRITE]  ISMN_SNOTEL_MormonMtnSummit               s1_asc/l6 → s1_asc_l6.npy  shape=(133, 196, 768)  size=40.0MB
  [WRITE]  ISMN_SNOTEL_MormonMtnSummit               s1_asc/l9 → s1_asc_l9.npy  shape=(133, 196, 768)  size=40.0MB
  [WRITE]  ISMN_SNOTEL_MormonMtnSummit               s1_desc/l3 → s1_desc_l3.npy  shape=(212, 196, 768)  size=63.8MB
  [WRITE]  ISMN_SNOTEL_MormonMtnSummit               s1_desc/l6 → s1_desc_l6.npy  shape=(212, 196, 768)  size=63.8MB
  [WRITE]  ISMN_SNOTEL_MormonMtnSummit               s1_desc/l9 → s1_desc_l9.npy  shape=(212, 196, 768)  size=63.8MB
  [WRITE]  ISMN_SNOTEL_MosbyMtn.                     s2/l3 → s2_l3.npy  shape=(654, 196, 768)  size=196.9MB
  [WRITE]  ISMN_SNOTEL_MosbyMtn.                     s2/l6 → s2_l6.npy  shape=(654, 196, 768)  size=196.9MB
  [WRITE]  ISMN_SNOTEL_MosbyMtn.                     s2/l9 → s2_l9.npy  shape=(654, 196, 768)  size=196.9MB
  [WRITE]  ISMN_SNOTEL_MosbyMtn.                     s1_asc/l3 → s1_asc_l3.npy  shape=(361, 196, 768)  size=108.7MB
  [WRITE]  ISMN_SNOTEL_MosbyMtn.                     s1_asc/l6 → s1_asc_l6.npy  shape=(361, 196, 768)  size=108.7MB
  [WRITE]  ISMN_SNOTEL_MosbyMtn.                     s1_asc/l9 → s1_asc_l9.npy  shape=(361, 196, 768)  size=108.7MB
  [WRITE]  ISMN_SNOTEL_MosbyMtn.                     s1_desc/l3 → s1_desc_l3.npy  shape=(226, 196, 768)  size=68.0MB
  [WRITE]  ISMN_SNOTEL_MosbyMtn.                     s1_desc/l6 → s1_desc_l6.npy  shape=(226, 196, 768)  size=68.0MB
  [WRITE]  ISMN_SNOTEL_MosbyMtn.                     s1_desc/l9 → s1_desc_l9.npy  shape=(226, 196, 768)  size=68.0MB
  [WRITE]  ISMN_SNOTEL_MoscowMountain                s2/l3 → s2_l3.npy  shape=(451, 196, 768)  size=135.8MB
  [WRITE]  ISMN_SNOTEL_MoscowMountain                s2/l6 → s2_l6.npy  shape=(451, 196, 768)  size=135.8MB
  [WRITE]  ISMN_SNOTEL_MoscowMountain                s2/l9 → s2_l9.npy  shape=(451, 196, 768)  size=135.8MB
  [WRITE]  ISMN_SNOTEL_MoscowMountain                s1_asc/l3 → s1_asc_l3.npy  shape=(262, 196, 768)  size=78.9MB
  [WRITE]  ISMN_SNOTEL_MoscowMountain                s1_asc/l6 → s1_asc_l6.npy  shape=(262, 196, 768)  size=78.9MB
  [WRITE]  ISMN_SNOTEL_MoscowMountain                s1_asc/l9 → s1_asc_l9.npy  shape=(262, 196, 768)  size=78.9MB
  [WRITE]  ISMN_SNOTEL_MoscowMountain                s1_desc/l3 → s1_desc_l3.npy  shape=(258, 196, 768)  size=77.7MB
  [WRITE]  ISMN_SNOTEL_MoscowMountain                s1_desc/l6 → s1_desc_l6.npy  shape=(258, 196, 768)  size=77.7MB
  [WRITE]  ISMN_SNOTEL_MoscowMountain                s1_desc/l9 → s1_desc_l9.npy  shape=(258, 196, 768)  size=77.7MB
  [WRITE]  ISMN_TxSON_CR200-16                       s2/l3 → s2_l3.npy  shape=(167, 196, 768)  size=50.3MB
  [WRITE]  ISMN_TxSON_CR200-16                       s2/l6 → s2_l6.npy  shape=(167, 196, 768)  size=50.3MB
  [WRITE]  ISMN_TxSON_CR200-16                       s2/l9 → s2_l9.npy  shape=(167, 196, 768)  size=50.3MB
  [WRITE]  ISMN_TxSON_CR200-16                       s1_asc/l3 → s1_asc_l3.npy  shape=(174, 196, 768)  size=52.4MB
  [WRITE]  ISMN_TxSON_CR200-16                       s1_asc/l6 → s1_asc_l6.npy  shape=(174, 196, 768)  size=52.4MB
  [WRITE]  ISMN_TxSON_CR200-16                       s1_asc/l9 → s1_asc_l9.npy  shape=(174, 196, 768)  size=52.4MB
  [WRITE]  ISMN_TxSON_CR200-16                       s1_desc/l3 → s1_desc_l3.npy  shape=(4, 196, 768)  size=1.2MB
  [WRITE]  ISMN_TxSON_CR200-16                       s1_desc/l6 → s1_desc_l6.npy  shape=(4, 196, 768)  size=1.2MB
  [WRITE]  ISMN_TxSON_CR200-16                       s1_desc/l9 → s1_desc_l9.npy  shape=(4, 196, 768)  size=1.2MB
  [WRITE]  ISMN_TxSON_CR200-17                       s2/l3 → s2_l3.npy  shape=(182, 196, 768)  size=54.8MB
  [WRITE]  ISMN_TxSON_CR200-17                       s2/l6 → s2_l6.npy  shape=(182, 196, 768)  size=54.8MB
  [WRITE]  ISMN_TxSON_CR200-17                       s2/l9 → s2_l9.npy  shape=(182, 196, 768)  size=54.8MB
  [WRITE]  ISMN_TxSON_CR200-17                       s1_asc/l3 → s1_asc_l3.npy  shape=(184, 196, 768)  size=55.4MB
  [WRITE]  ISMN_TxSON_CR200-17                       s1_asc/l6 → s1_asc_l6.npy  shape=(184, 196, 768)  size=55.4MB
  [WRITE]  ISMN_TxSON_CR200-17                       s1_asc/l9 → s1_asc_l9.npy  shape=(184, 196, 768)  size=55.4MB
  [WRITE]  ISMN_TxSON_CR200-17                       s1_desc/l3 → s1_desc_l3.npy  shape=(4, 196, 768)  size=1.2MB
  [WRITE]  ISMN_TxSON_CR200-17                       s1_desc/l6 → s1_desc_l6.npy  shape=(4, 196, 768)  size=1.2MB
  [WRITE]  ISMN_TxSON_CR200-17                       s1_desc/l9 → s1_desc_l9.npy  shape=(4, 196, 768)  size=1.2MB
  [WRITE]  ISMN_TxSON_CR200-18                       s2/l3 → s2_l3.npy  shape=(178, 196, 768)  size=53.6MB
  [WRITE]  ISMN_TxSON_CR200-18                       s2/l6 → s2_l6.npy  shape=(178, 196, 768)  size=53.6MB
  [WRITE]  ISMN_TxSON_CR200-18                       s2/l9 → s2_l9.npy  shape=(178, 196, 768)  size=53.6MB
  [WRITE]  ISMN_TxSON_CR200-18                       s1_asc/l3 → s1_asc_l3.npy  shape=(184, 196, 768)  size=55.4MB
  [WRITE]  ISMN_TxSON_CR200-18                       s1_asc/l6 → s1_asc_l6.npy  shape=(184, 196, 768)  size=55.4MB
  [WRITE]  ISMN_TxSON_CR200-18                       s1_asc/l9 → s1_asc_l9.npy  shape=(184, 196, 768)  size=55.4MB
  [WRITE]  ISMN_TxSON_CR200-18                       s1_desc/l3 → s1_desc_l3.npy  shape=(4, 196, 768)  size=1.2MB
  [WRITE]  ISMN_TxSON_CR200-18                       s1_desc/l6 → s1_desc_l6.npy  shape=(4, 196, 768)  size=1.2MB
  [WRITE]  ISMN_TxSON_CR200-18                       s1_desc/l9 → s1_desc_l9.npy  shape=(4, 196, 768)  size=1.2MB
  [WRITE]  ISMN_TxSON_CR200-19                       s2/l3 → s2_l3.npy  shape=(130, 196, 768)  size=39.1MB
  [WRITE]  ISMN_TxSON_CR200-19                       s2/l6 → s2_l6.npy  shape=(130, 196, 768)  size=39.1MB
  [WRITE]  ISMN_TxSON_CR200-19                       s2/l9 → s2_l9.npy  shape=(130, 196, 768)  size=39.1MB
  [WRITE]  ISMN_TxSON_CR200-19                       s1_asc/l3 → s1_asc_l3.npy  shape=(125, 196, 768)  size=37.6MB
  [WRITE]  ISMN_TxSON_CR200-19                       s1_asc/l6 → s1_asc_l6.npy  shape=(125, 196, 768)  size=37.6MB
  [WRITE]  ISMN_TxSON_CR200-19                       s1_asc/l9 → s1_asc_l9.npy  shape=(125, 196, 768)  size=37.6MB
  [WRITE]  ISMN_TxSON_CR200-19                       s1_desc/l3 → s1_desc_l3.npy  shape=(4, 196, 768)  size=1.2MB
  [WRITE]  ISMN_TxSON_CR200-19                       s1_desc/l6 → s1_desc_l6.npy  shape=(4, 196, 768)  size=1.2MB
  [WRITE]  ISMN_TxSON_CR200-19                       s1_desc/l9 → s1_desc_l9.npy  shape=(4, 196, 768)  size=1.2MB
  [WRITE]  ISMN_TxSON_CR200-6                        s2/l3 → s2_l3.npy  shape=(187, 196, 768)  size=56.3MB
  [WRITE]  ISMN_TxSON_CR200-6                        s2/l6 → s2_l6.npy  shape=(187, 196, 768)  size=56.3MB
  [WRITE]  ISMN_TxSON_CR200-6                        s2/l9 → s2_l9.npy  shape=(187, 196, 768)  size=56.3MB
  [WRITE]  ISMN_TxSON_CR200-6                        s1_asc/l3 → s1_asc_l3.npy  shape=(184, 196, 768)  size=55.4MB
  [WRITE]  ISMN_TxSON_CR200-6                        s1_asc/l6 → s1_asc_l6.npy  shape=(184, 196, 768)  size=55.4MB
  [WRITE]  ISMN_TxSON_CR200-6                        s1_asc/l9 → s1_asc_l9.npy  shape=(184, 196, 768)  size=55.4MB
  [WRITE]  ISMN_TxSON_CR200-6                        s1_desc/l3 → s1_desc_l3.npy  shape=(4, 196, 768)  size=1.2MB
  [WRITE]  ISMN_TxSON_CR200-6                        s1_desc/l6 → s1_desc_l6.npy  shape=(4, 196, 768)  size=1.2MB
  [WRITE]  ISMN_TxSON_CR200-6                        s1_desc/l9 → s1_desc_l9.npy  shape=(4, 196, 768)  size=1.2MB
  [WRITE]  ISMN_TxSON_CR200-7                        s2/l3 → s2_l3.npy  shape=(87, 196, 768)  size=26.2MB
  [WRITE]  ISMN_TxSON_CR200-7                        s2/l6 → s2_l6.npy  shape=(87, 196, 768)  size=26.2MB
  [WRITE]  ISMN_TxSON_CR200-7                        s2/l9 → s2_l9.npy  shape=(87, 196, 768)  size=26.2MB
  [WRITE]  ISMN_TxSON_CR200-7                        s1_asc/l3 → s1_asc_l3.npy  shape=(96, 196, 768)  size=28.9MB
  [WRITE]  ISMN_TxSON_CR200-7                        s1_asc/l6 → s1_asc_l6.npy  shape=(96, 196, 768)  size=28.9MB
  [WRITE]  ISMN_TxSON_CR200-7                        s1_asc/l9 → s1_asc_l9.npy  shape=(96, 196, 768)  size=28.9MB
  [WRITE]  ISMN_TxSON_CR200-7                        s1_desc/l3 → s1_desc_l3.npy  shape=(4, 196, 768)  size=1.2MB
  [WRITE]  ISMN_TxSON_CR200-7                        s1_desc/l6 → s1_desc_l6.npy  shape=(4, 196, 768)  size=1.2MB
  [WRITE]  ISMN_TxSON_CR200-7                        s1_desc/l9 → s1_desc_l9.npy  shape=(4, 196, 768)  size=1.2MB
  [WRITE]  ISMN_TxSON_CR200-8                        s2/l3 → s2_l3.npy  shape=(181, 196, 768)  size=54.5MB
  [WRITE]  ISMN_TxSON_CR200-8                        s2/l6 → s2_l6.npy  shape=(181, 196, 768)  size=54.5MB
  [WRITE]  ISMN_TxSON_CR200-8                        s2/l9 → s2_l9.npy  shape=(181, 196, 768)  size=54.5MB
  [WRITE]  ISMN_TxSON_CR200-8                        s1_asc/l3 → s1_asc_l3.npy  shape=(184, 196, 768)  size=55.4MB
  [WRITE]  ISMN_TxSON_CR200-8                        s1_asc/l6 → s1_asc_l6.npy  shape=(184, 196, 768)  size=55.4MB
  [WRITE]  ISMN_TxSON_CR200-8                        s1_asc/l9 → s1_asc_l9.npy  shape=(184, 196, 768)  size=55.4MB
  [WRITE]  ISMN_TxSON_CR200-8                        s1_desc/l3 → s1_desc_l3.npy  shape=(4, 196, 768)  size=1.2MB
  [WRITE]  ISMN_TxSON_CR200-8                        s1_desc/l6 → s1_desc_l6.npy  shape=(4, 196, 768)  size=1.2MB
  [WRITE]  ISMN_TxSON_CR200-8                        s1_desc/l9 → s1_desc_l9.npy  shape=(4, 196, 768)  size=1.2MB
  [WRITE]  ISMN_TxSON_CR200-9                        s2/l3 → s2_l3.npy  shape=(199, 196, 768)  size=59.9MB
  [WRITE]  ISMN_TxSON_CR200-9                        s2/l6 → s2_l6.npy  shape=(199, 196, 768)  size=59.9MB
  [WRITE]  ISMN_TxSON_CR200-9                        s2/l9 → s2_l9.npy  shape=(199, 196, 768)  size=59.9MB
  [WRITE]  ISMN_TxSON_CR200-9                        s1_asc/l3 → s1_asc_l3.npy  shape=(183, 196, 768)  size=55.1MB
  [WRITE]  ISMN_TxSON_CR200-9                        s1_asc/l6 → s1_asc_l6.npy  shape=(183, 196, 768)  size=55.1MB
  [WRITE]  ISMN_TxSON_CR200-9                        s1_asc/l9 → s1_asc_l9.npy  shape=(183, 196, 768)  size=55.1MB
  [WRITE]  ISMN_TxSON_CR200-9                        s1_desc/l3 → s1_desc_l3.npy  shape=(4, 196, 768)  size=1.2MB
  [WRITE]  ISMN_TxSON_CR200-9                        s1_desc/l6 → s1_desc_l6.npy  shape=(4, 196, 768)  size=1.2MB
  [WRITE]  ISMN_TxSON_CR200-9                        s1_desc/l9 → s1_desc_l9.npy  shape=(4, 196, 768)  size=1.2MB
  [WRITE]  ISMN_TxSON_CR1000-2                       s2/l3 → s2_l3.npy  shape=(132, 196, 768)  size=39.7MB
  [WRITE]  ISMN_TxSON_CR1000-2                       s2/l6 → s2_l6.npy  shape=(132, 196, 768)  size=39.7MB
  [WRITE]  ISMN_TxSON_CR1000-2                       s2/l9 → s2_l9.npy  shape=(132, 196, 768)  size=39.7MB
  [WRITE]  ISMN_TxSON_CR1000-2                       s1_asc/l3 → s1_asc_l3.npy  shape=(141, 196, 768)  size=42.4MB
  [WRITE]  ISMN_TxSON_CR1000-2                       s1_asc/l6 → s1_asc_l6.npy  shape=(141, 196, 768)  size=42.4MB
  [WRITE]  ISMN_TxSON_CR1000-2                       s1_asc/l9 → s1_asc_l9.npy  shape=(141, 196, 768)  size=42.4MB
  [WRITE]  ISMN_TxSON_CR1000-2                       s1_desc/l3 → s1_desc_l3.npy  shape=(4, 196, 768)  size=1.2MB
  [WRITE]  ISMN_TxSON_CR1000-2                       s1_desc/l6 → s1_desc_l6.npy  shape=(4, 196, 768)  size=1.2MB
  [WRITE]  ISMN_TxSON_CR1000-2                       s1_desc/l9 → s1_desc_l9.npy  shape=(4, 196, 768)  size=1.2MB
  [WRITE]  ISMN_TxSON_CR1000-3                       s2/l3 → s2_l3.npy  shape=(184, 196, 768)  size=55.4MB
  [WRITE]  ISMN_TxSON_CR1000-3                       s2/l6 → s2_l6.npy  shape=(184, 196, 768)  size=55.4MB
  [WRITE]  ISMN_TxSON_CR1000-3                       s2/l9 → s2_l9.npy  shape=(184, 196, 768)  size=55.4MB
  [WRITE]  ISMN_TxSON_CR1000-3                       s1_asc/l3 → s1_asc_l3.npy  shape=(184, 196, 768)  size=55.4MB
  [WRITE]  ISMN_TxSON_CR1000-3                       s1_asc/l6 → s1_asc_l6.npy  shape=(184, 196, 768)  size=55.4MB
  [WRITE]  ISMN_TxSON_CR1000-3                       s1_asc/l9 → s1_asc_l9.npy  shape=(184, 196, 768)  size=55.4MB
  [WRITE]  ISMN_TxSON_CR1000-3                       s1_desc/l3 → s1_desc_l3.npy  shape=(4, 196, 768)  size=1.2MB
  [WRITE]  ISMN_TxSON_CR1000-3                       s1_desc/l6 → s1_desc_l6.npy  shape=(4, 196, 768)  size=1.2MB
  [WRITE]  ISMN_TxSON_CR1000-3                       s1_desc/l9 → s1_desc_l9.npy  shape=(4, 196, 768)  size=1.2MB
  [WRITE]  ISMN_TxSON_CR1000-4                       s2/l3 → s2_l3.npy  shape=(201, 196, 768)  size=60.5MB
  [WRITE]  ISMN_TxSON_CR1000-4                       s2/l6 → s2_l6.npy  shape=(201, 196, 768)  size=60.5MB
  [WRITE]  ISMN_TxSON_CR1000-4                       s2/l9 → s2_l9.npy  shape=(201, 196, 768)  size=60.5MB
  [WRITE]  ISMN_TxSON_CR1000-4                       s1_asc/l3 → s1_asc_l3.npy  shape=(351, 196, 768)  size=105.7MB
  [WRITE]  ISMN_TxSON_CR1000-4                       s1_asc/l6 → s1_asc_l6.npy  shape=(351, 196, 768)  size=105.7MB
  [WRITE]  ISMN_TxSON_CR1000-4                       s1_asc/l9 → s1_asc_l9.npy  shape=(351, 196, 768)  size=105.7MB
  [WRITE]  ISMN_TxSON_CR1000-4                       s1_desc/l3 → s1_desc_l3.npy  shape=(4, 196, 768)  size=1.2MB
  [WRITE]  ISMN_TxSON_CR1000-4                       s1_desc/l6 → s1_desc_l6.npy  shape=(4, 196, 768)  size=1.2MB
  [WRITE]  ISMN_TxSON_CR1000-4                       s1_desc/l9 → s1_desc_l9.npy  shape=(4, 196, 768)  size=1.2MB
  [WRITE]  ISMN_TxSON_CR1000-5                       s2/l3 → s2_l3.npy  shape=(190, 196, 768)  size=57.2MB
  [WRITE]  ISMN_TxSON_CR1000-5                       s2/l6 → s2_l6.npy  shape=(190, 196, 768)  size=57.2MB
  [WRITE]  ISMN_TxSON_CR1000-5                       s2/l9 → s2_l9.npy  shape=(190, 196, 768)  size=57.2MB
  [WRITE]  ISMN_TxSON_CR1000-5                       s1_asc/l3 → s1_asc_l3.npy  shape=(184, 196, 768)  size=55.4MB
  [WRITE]  ISMN_TxSON_CR1000-5                       s1_asc/l6 → s1_asc_l6.npy  shape=(184, 196, 768)  size=55.4MB
  [WRITE]  ISMN_TxSON_CR1000-5                       s1_asc/l9 → s1_asc_l9.npy  shape=(184, 196, 768)  size=55.4MB
  [WRITE]  ISMN_TxSON_CR1000-5                       s1_desc/l3 → s1_desc_l3.npy  shape=(4, 196, 768)  size=1.2MB
  [WRITE]  ISMN_TxSON_CR1000-5                       s1_desc/l6 → s1_desc_l6.npy  shape=(4, 196, 768)  size=1.2MB
  [WRITE]  ISMN_TxSON_CR1000-5                       s1_desc/l9 → s1_desc_l9.npy  shape=(4, 196, 768)  size=1.2MB
  [WRITE]  ISMN_SNOTEL_SeventysixCreek               s2/l3 → s2_l3.npy  shape=(196, 196, 768)  size=59.0MB
  [WRITE]  ISMN_SNOTEL_SeventysixCreek               s2/l6 → s2_l6.npy  shape=(196, 196, 768)  size=59.0MB
  [WRITE]  ISMN_SNOTEL_SeventysixCreek               s2/l9 → s2_l9.npy  shape=(196, 196, 768)  size=59.0MB
  [WRITE]  ISMN_SNOTEL_SeventysixCreek               s1_asc/l3 → s1_asc_l3.npy  shape=(187, 196, 768)  size=56.3MB
  [WRITE]  ISMN_SNOTEL_SeventysixCreek               s1_asc/l6 → s1_asc_l6.npy  shape=(187, 196, 768)  size=56.3MB
  [WRITE]  ISMN_SNOTEL_SeventysixCreek               s1_asc/l9 → s1_asc_l9.npy  shape=(187, 196, 768)  size=56.3MB
  [WRITE]  ISMN_SNOTEL_SeventysixCreek               s1_desc/l3 → s1_desc_l3.npy  shape=(337, 196, 768)  size=101.5MB
  [WRITE]  ISMN_SNOTEL_SeventysixCreek               s1_desc/l6 → s1_desc_l6.npy  shape=(337, 196, 768)  size=101.5MB
  [WRITE]  ISMN_SNOTEL_SeventysixCreek               s1_desc/l9 → s1_desc_l9.npy  shape=(337, 196, 768)  size=101.5MB
  [WRITE]  ISMN_SNOTEL_ShanghiSummit                 s2/l3 → s2_l3.npy  shape=(156, 196, 768)  size=47.0MB
  [WRITE]  ISMN_SNOTEL_ShanghiSummit                 s2/l6 → s2_l6.npy  shape=(156, 196, 768)  size=47.0MB
  [WRITE]  ISMN_SNOTEL_ShanghiSummit                 s2/l9 → s2_l9.npy  shape=(156, 196, 768)  size=47.0MB
  [WRITE]  ISMN_SNOTEL_ShanghiSummit                 s1_asc/l3 → s1_asc_l3.npy  shape=(173, 196, 768)  size=52.1MB
  [WRITE]  ISMN_SNOTEL_ShanghiSummit                 s1_asc/l6 → s1_asc_l6.npy  shape=(173, 196, 768)  size=52.1MB
  [WRITE]  ISMN_SNOTEL_ShanghiSummit                 s1_asc/l9 → s1_asc_l9.npy  shape=(173, 196, 768)  size=52.1MB
  [WRITE]  ISMN_SNOTEL_ShanghiSummit                 s1_desc/l3 → s1_desc_l3.npy  shape=(207, 196, 768)  size=62.3MB
  [WRITE]  ISMN_SNOTEL_ShanghiSummit                 s1_desc/l6 → s1_desc_l6.npy  shape=(207, 196, 768)  size=62.3MB
  [WRITE]  ISMN_SNOTEL_ShanghiSummit                 s1_desc/l9 → s1_desc_l9.npy  shape=(207, 196, 768)  size=62.3MB
  [WRITE]  ISMN_SNOTEL_Sharkstooth                   s2/l3 → s2_l3.npy  shape=(235, 196, 768)  size=70.7MB
  [WRITE]  ISMN_SNOTEL_Sharkstooth                   s2/l6 → s2_l6.npy  shape=(235, 196, 768)  size=70.7MB
  [WRITE]  ISMN_SNOTEL_Sharkstooth                   s2/l9 → s2_l9.npy  shape=(235, 196, 768)  size=70.7MB
  [WRITE]  ISMN_SNOTEL_Sharkstooth                   s1_asc/l3 → s1_asc_l3.npy  shape=(103, 196, 768)  size=31.0MB
  [WRITE]  ISMN_SNOTEL_Sharkstooth                   s1_asc/l6 → s1_asc_l6.npy  shape=(103, 196, 768)  size=31.0MB
  [WRITE]  ISMN_SNOTEL_Sharkstooth                   s1_asc/l9 → s1_asc_l9.npy  shape=(103, 196, 768)  size=31.0MB
  [WRITE]  ISMN_SNOTEL_Sharkstooth                   s1_desc/l3 → s1_desc_l3.npy  shape=(207, 196, 768)  size=62.3MB
  [WRITE]  ISMN_SNOTEL_Sharkstooth                   s1_desc/l6 → s1_desc_l6.npy  shape=(207, 196, 768)  size=62.3MB
  [WRITE]  ISMN_SNOTEL_Sharkstooth                   s1_desc/l9 → s1_desc_l9.npy  shape=(207, 196, 768)  size=62.3MB
  [WRITE]  ISMN_SNOTEL_SheepMtn.                     s2/l3 → s2_l3.npy  shape=(576, 196, 768)  size=173.4MB
  [WRITE]  ISMN_SNOTEL_SheepMtn.                     s2/l6 → s2_l6.npy  shape=(576, 196, 768)  size=173.4MB
  [WRITE]  ISMN_SNOTEL_SheepMtn.                     s2/l9 → s2_l9.npy  shape=(576, 196, 768)  size=173.4MB
  [WRITE]  ISMN_SNOTEL_SheepMtn.                     s1_asc/l3 → s1_asc_l3.npy  shape=(139, 196, 768)  size=41.8MB
  [WRITE]  ISMN_SNOTEL_SheepMtn.                     s1_asc/l6 → s1_asc_l6.npy  shape=(139, 196, 768)  size=41.8MB
  [WRITE]  ISMN_SNOTEL_SheepMtn.                     s1_asc/l9 → s1_asc_l9.npy  shape=(139, 196, 768)  size=41.8MB
  [WRITE]  ISMN_SNOTEL_SheepMtn.                     s1_desc/l3 → s1_desc_l3.npy  shape=(259, 196, 768)  size=78.0MB
  [WRITE]  ISMN_SNOTEL_SheepMtn.                     s1_desc/l6 → s1_desc_l6.npy  shape=(259, 196, 768)  size=78.0MB
  [WRITE]  ISMN_SNOTEL_SheepMtn.                     s1_desc/l9 → s1_desc_l9.npy  shape=(259, 196, 768)  size=78.0MB
  [WRITE]  ISMN_TxSON_CR200-12                       s2/l3 → s2_l3.npy  shape=(184, 196, 768)  size=55.4MB
  [WRITE]  ISMN_TxSON_CR200-12                       s2/l6 → s2_l6.npy  shape=(184, 196, 768)  size=55.4MB
  [WRITE]  ISMN_TxSON_CR200-12                       s2/l9 → s2_l9.npy  shape=(184, 196, 768)  size=55.4MB
  [WRITE]  ISMN_TxSON_CR200-12                       s1_asc/l3 → s1_asc_l3.npy  shape=(184, 196, 768)  size=55.4MB
  [WRITE]  ISMN_TxSON_CR200-12                       s1_asc/l6 → s1_asc_l6.npy  shape=(184, 196, 768)  size=55.4MB
  [WRITE]  ISMN_TxSON_CR200-12                       s1_asc/l9 → s1_asc_l9.npy  shape=(184, 196, 768)  size=55.4MB
  [WRITE]  ISMN_TxSON_CR200-12                       s1_desc/l3 → s1_desc_l3.npy  shape=(4, 196, 768)  size=1.2MB
  [WRITE]  ISMN_TxSON_CR200-12                       s1_desc/l6 → s1_desc_l6.npy  shape=(4, 196, 768)  size=1.2MB
  [WRITE]  ISMN_TxSON_CR200-12                       s1_desc/l9 → s1_desc_l9.npy  shape=(4, 196, 768)  size=1.2MB
  [WRITE]  ISMN_TxSON_CR200-13                       s2/l3 → s2_l3.npy  shape=(195, 196, 768)  size=58.7MB
  [WRITE]  ISMN_TxSON_CR200-13                       s2/l6 → s2_l6.npy  shape=(195, 196, 768)  size=58.7MB
  [WRITE]  ISMN_TxSON_CR200-13                       s2/l9 → s2_l9.npy  shape=(195, 196, 768)  size=58.7MB
  [WRITE]  ISMN_TxSON_CR200-13                       s1_asc/l3 → s1_asc_l3.npy  shape=(183, 196, 768)  size=55.1MB
  [WRITE]  ISMN_TxSON_CR200-13                       s1_asc/l6 → s1_asc_l6.npy  shape=(183, 196, 768)  size=55.1MB
  [WRITE]  ISMN_TxSON_CR200-13                       s1_asc/l9 → s1_asc_l9.npy  shape=(183, 196, 768)  size=55.1MB
  [WRITE]  ISMN_TxSON_CR200-13                       s1_desc/l3 → s1_desc_l3.npy  shape=(4, 196, 768)  size=1.2MB
  [WRITE]  ISMN_TxSON_CR200-13                       s1_desc/l6 → s1_desc_l6.npy  shape=(4, 196, 768)  size=1.2MB
  [WRITE]  ISMN_TxSON_CR200-13                       s1_desc/l9 → s1_desc_l9.npy  shape=(4, 196, 768)  size=1.2MB
  [WRITE]  ISMN_TxSON_CR200-14                       s2/l3 → s2_l3.npy  shape=(193, 196, 768)  size=58.1MB
  [WRITE]  ISMN_TxSON_CR200-14                       s2/l6 → s2_l6.npy  shape=(193, 196, 768)  size=58.1MB
  [WRITE]  ISMN_TxSON_CR200-14                       s2/l9 → s2_l9.npy  shape=(193, 196, 768)  size=58.1MB
  [WRITE]  ISMN_TxSON_CR200-14                       s1_asc/l3 → s1_asc_l3.npy  shape=(182, 196, 768)  size=54.8MB
  [WRITE]  ISMN_TxSON_CR200-14                       s1_asc/l6 → s1_asc_l6.npy  shape=(182, 196, 768)  size=54.8MB
  [WRITE]  ISMN_TxSON_CR200-14                       s1_asc/l9 → s1_asc_l9.npy  shape=(182, 196, 768)  size=54.8MB
  [WRITE]  ISMN_TxSON_CR200-14                       s1_desc/l3 → s1_desc_l3.npy  shape=(4, 196, 768)  size=1.2MB
  [WRITE]  ISMN_TxSON_CR200-14                       s1_desc/l6 → s1_desc_l6.npy  shape=(4, 196, 768)  size=1.2MB
  [WRITE]  ISMN_TxSON_CR200-14                       s1_desc/l9 → s1_desc_l9.npy  shape=(4, 196, 768)  size=1.2MB
  [WRITE]  ISMN_TxSON_CR200-15                       s2/l3 → s2_l3.npy  shape=(186, 196, 768)  size=56.0MB
  [WRITE]  ISMN_TxSON_CR200-15                       s2/l6 → s2_l6.npy  shape=(186, 196, 768)  size=56.0MB
  [WRITE]  ISMN_TxSON_CR200-15                       s2/l9 → s2_l9.npy  shape=(186, 196, 768)  size=56.0MB
  [WRITE]  ISMN_TxSON_CR200-15                       s1_asc/l3 → s1_asc_l3.npy  shape=(184, 196, 768)  size=55.4MB
  [WRITE]  ISMN_TxSON_CR200-15                       s1_asc/l6 → s1_asc_l6.npy  shape=(184, 196, 768)  size=55.4MB
  [WRITE]  ISMN_TxSON_CR200-15                       s1_asc/l9 → s1_asc_l9.npy  shape=(184, 196, 768)  size=55.4MB
  [WRITE]  ISMN_TxSON_CR200-15                       s1_desc/l3 → s1_desc_l3.npy  shape=(4, 196, 768)  size=1.2MB
  [WRITE]  ISMN_TxSON_CR200-15                       s1_desc/l6 → s1_desc_l6.npy  shape=(4, 196, 768)  size=1.2MB
  [WRITE]  ISMN_TxSON_CR200-15                       s1_desc/l9 → s1_desc_l9.npy  shape=(4, 196, 768)  size=1.2MB
  [WRITE]  ISMN_USCRN_Bowling-Green-21-NNE           s2/l3 → s2_l3.npy  shape=(51, 196, 768)  size=15.4MB
  [WRITE]  ISMN_USCRN_Bowling-Green-21-NNE           s2/l6 → s2_l6.npy  shape=(51, 196, 768)  size=15.4MB
  [WRITE]  ISMN_USCRN_Bowling-Green-21-NNE           s2/l9 → s2_l9.npy  shape=(51, 196, 768)  size=15.4MB
  [WRITE]  ISMN_USCRN_Bowling-Green-21-NNE           s1_asc/l3 → s1_asc_l3.npy  shape=(171, 196, 768)  size=51.5MB
  [WRITE]  ISMN_USCRN_Bowling-Green-21-NNE           s1_asc/l6 → s1_asc_l6.npy  shape=(171, 196, 768)  size=51.5MB
  [WRITE]  ISMN_USCRN_Bowling-Green-21-NNE           s1_asc/l9 → s1_asc_l9.npy  shape=(171, 196, 768)  size=51.5MB
  [WRITE]  ISMN_USCRN_Bowling-Green-21-NNE           s1_desc/l3 → s1_desc_l3.npy  shape=(1, 196, 768)  size=0.3MB
  [WRITE]  ISMN_USCRN_Bowling-Green-21-NNE           s1_desc/l6 → s1_desc_l6.npy  shape=(1, 196, 768)  size=0.3MB
  [WRITE]  ISMN_USCRN_Bowling-Green-21-NNE           s1_desc/l9 → s1_desc_l9.npy  shape=(1, 196, 768)  size=0.3MB
  [WRITE]  ISMN_USCRN_Bronte-11-NNE                  s2/l3 → s2_l3.npy  shape=(155, 196, 768)  size=46.7MB
  [WRITE]  ISMN_USCRN_Bronte-11-NNE                  s2/l6 → s2_l6.npy  shape=(155, 196, 768)  size=46.7MB
  [WRITE]  ISMN_USCRN_Bronte-11-NNE                  s2/l9 → s2_l9.npy  shape=(155, 196, 768)  size=46.7MB
  [WRITE]  ISMN_USCRN_Bronte-11-NNE                  s1_asc/l3 → s1_asc_l3.npy  shape=(122, 196, 768)  size=36.7MB
  [WRITE]  ISMN_USCRN_Bronte-11-NNE                  s1_asc/l6 → s1_asc_l6.npy  shape=(122, 196, 768)  size=36.7MB
  [WRITE]  ISMN_USCRN_Bronte-11-NNE                  s1_asc/l9 → s1_asc_l9.npy  shape=(122, 196, 768)  size=36.7MB
  [WRITE]  ISMN_USCRN_Brunswick-23-S                 s2/l3 → s2_l3.npy  shape=(67, 196, 768)  size=20.2MB
  [WRITE]  ISMN_USCRN_Brunswick-23-S                 s2/l6 → s2_l6.npy  shape=(67, 196, 768)  size=20.2MB
  [WRITE]  ISMN_USCRN_Brunswick-23-S                 s2/l9 → s2_l9.npy  shape=(67, 196, 768)  size=20.2MB
  [WRITE]  ISMN_USCRN_Brunswick-23-S                 s1_asc/l3 → s1_asc_l3.npy  shape=(70, 196, 768)  size=21.1MB
  [WRITE]  ISMN_USCRN_Brunswick-23-S                 s1_asc/l6 → s1_asc_l6.npy  shape=(70, 196, 768)  size=21.1MB
  [WRITE]  ISMN_USCRN_Brunswick-23-S                 s1_asc/l9 → s1_asc_l9.npy  shape=(70, 196, 768)  size=21.1MB
  [WRITE]  ISMN_USCRN_Brunswick-23-S                 s1_desc/l3 → s1_desc_l3.npy  shape=(6, 196, 768)  size=1.8MB
  [WRITE]  ISMN_USCRN_Brunswick-23-S                 s1_desc/l6 → s1_desc_l6.npy  shape=(6, 196, 768)  size=1.8MB
  [WRITE]  ISMN_USCRN_Brunswick-23-S                 s1_desc/l9 → s1_desc_l9.npy  shape=(6, 196, 768)  size=1.8MB
  [WRITE]  ISMN_USCRN_Cape-Charles-5-ENE             s2/l3 → s2_l3.npy  shape=(157, 196, 768)  size=47.3MB
  [WRITE]  ISMN_USCRN_Cape-Charles-5-ENE             s2/l6 → s2_l6.npy  shape=(157, 196, 768)  size=47.3MB
  [WRITE]  ISMN_USCRN_Cape-Charles-5-ENE             s2/l9 → s2_l9.npy  shape=(157, 196, 768)  size=47.3MB
  [WRITE]  ISMN_USCRN_Cape-Charles-5-ENE             s1_asc/l3 → s1_asc_l3.npy  shape=(297, 196, 768)  size=89.4MB
  [WRITE]  ISMN_USCRN_Cape-Charles-5-ENE             s1_asc/l6 → s1_asc_l6.npy  shape=(297, 196, 768)  size=89.4MB
  [WRITE]  ISMN_USCRN_Cape-Charles-5-ENE             s1_asc/l9 → s1_asc_l9.npy  shape=(297, 196, 768)  size=89.4MB
  [WRITE]  ISMN_USCRN_Cape-Charles-5-ENE             s1_desc/l3 → s1_desc_l3.npy  shape=(2, 196, 768)  size=0.6MB
  [WRITE]  ISMN_USCRN_Cape-Charles-5-ENE             s1_desc/l6 → s1_desc_l6.npy  shape=(2, 196, 768)  size=0.6MB
  [WRITE]  ISMN_USCRN_Cape-Charles-5-ENE             s1_desc/l9 → s1_desc_l9.npy  shape=(2, 196, 768)  size=0.6MB
  [WRITE]  ISMN_TxSON_LCRA-5                         s2/l3 → s2_l3.npy  shape=(149, 196, 768)  size=44.9MB
  [WRITE]  ISMN_TxSON_LCRA-5                         s2/l6 → s2_l6.npy  shape=(149, 196, 768)  size=44.9MB
  [WRITE]  ISMN_TxSON_LCRA-5                         s2/l9 → s2_l9.npy  shape=(149, 196, 768)  size=44.9MB
  [WRITE]  ISMN_TxSON_LCRA-5                         s1_asc/l3 → s1_asc_l3.npy  shape=(153, 196, 768)  size=46.1MB
  [WRITE]  ISMN_TxSON_LCRA-5                         s1_asc/l6 → s1_asc_l6.npy  shape=(153, 196, 768)  size=46.1MB
  [WRITE]  ISMN_TxSON_LCRA-5                         s1_asc/l9 → s1_asc_l9.npy  shape=(153, 196, 768)  size=46.1MB
  [WRITE]  ISMN_TxSON_LCRA-5                         s1_desc/l3 → s1_desc_l3.npy  shape=(4, 196, 768)  size=1.2MB
  [WRITE]  ISMN_TxSON_LCRA-5                         s1_desc/l6 → s1_desc_l6.npy  shape=(4, 196, 768)  size=1.2MB
  [WRITE]  ISMN_TxSON_LCRA-5                         s1_desc/l9 → s1_desc_l9.npy  shape=(4, 196, 768)  size=1.2MB
  [WRITE]  ISMN_TxSON_LCRA-6                         s2/l3 → s2_l3.npy  shape=(158, 196, 768)  size=47.6MB
  [WRITE]  ISMN_TxSON_LCRA-6                         s2/l6 → s2_l6.npy  shape=(158, 196, 768)  size=47.6MB
  [WRITE]  ISMN_TxSON_LCRA-6                         s2/l9 → s2_l9.npy  shape=(158, 196, 768)  size=47.6MB
  [WRITE]  ISMN_TxSON_LCRA-6                         s1_asc/l3 → s1_asc_l3.npy  shape=(164, 196, 768)  size=49.4MB
  [WRITE]  ISMN_TxSON_LCRA-6                         s1_asc/l6 → s1_asc_l6.npy  shape=(164, 196, 768)  size=49.4MB
  [WRITE]  ISMN_TxSON_LCRA-6                         s1_asc/l9 → s1_asc_l9.npy  shape=(164, 196, 768)  size=49.4MB
  [WRITE]  ISMN_TxSON_LCRA-6                         s1_desc/l3 → s1_desc_l3.npy  shape=(4, 196, 768)  size=1.2MB
  [WRITE]  ISMN_TxSON_LCRA-6                         s1_desc/l6 → s1_desc_l6.npy  shape=(4, 196, 768)  size=1.2MB
  [WRITE]  ISMN_TxSON_LCRA-6                         s1_desc/l9 → s1_desc_l9.npy  shape=(4, 196, 768)  size=1.2MB
  [WRITE]  ISMN_TxSON_LCRA-7                         s2/l3 → s2_l3.npy  shape=(148, 196, 768)  size=44.6MB
  [WRITE]  ISMN_TxSON_LCRA-7                         s2/l6 → s2_l6.npy  shape=(148, 196, 768)  size=44.6MB
  [WRITE]  ISMN_TxSON_LCRA-7                         s2/l9 → s2_l9.npy  shape=(148, 196, 768)  size=44.6MB
  [WRITE]  ISMN_TxSON_LCRA-7                         s1_asc/l3 → s1_asc_l3.npy  shape=(311, 196, 768)  size=93.6MB
  [WRITE]  ISMN_TxSON_LCRA-7                         s1_asc/l6 → s1_asc_l6.npy  shape=(311, 196, 768)  size=93.6MB
  [WRITE]  ISMN_TxSON_LCRA-7                         s1_asc/l9 → s1_asc_l9.npy  shape=(311, 196, 768)  size=93.6MB
  [WRITE]  ISMN_TxSON_LCRA-7                         s1_desc/l3 → s1_desc_l3.npy  shape=(4, 196, 768)  size=1.2MB
  [WRITE]  ISMN_TxSON_LCRA-7                         s1_desc/l6 → s1_desc_l6.npy  shape=(4, 196, 768)  size=1.2MB
  [WRITE]  ISMN_TxSON_LCRA-7                         s1_desc/l9 → s1_desc_l9.npy  shape=(4, 196, 768)  size=1.2MB
  [WRITE]  ISMN_USCRN_Asheville-13-S                 s2/l3 → s2_l3.npy  shape=(134, 196, 768)  size=40.3MB
  [WRITE]  ISMN_USCRN_Asheville-13-S                 s2/l6 → s2_l6.npy  shape=(134, 196, 768)  size=40.3MB
  [WRITE]  ISMN_USCRN_Asheville-13-S                 s2/l9 → s2_l9.npy  shape=(134, 196, 768)  size=40.3MB
  [WRITE]  ISMN_USCRN_Asheville-13-S                 s1_asc/l3 → s1_asc_l3.npy  shape=(131, 196, 768)  size=39.4MB
  [WRITE]  ISMN_USCRN_Asheville-13-S                 s1_asc/l6 → s1_asc_l6.npy  shape=(131, 196, 768)  size=39.4MB
  [WRITE]  ISMN_USCRN_Asheville-13-S                 s1_asc/l9 → s1_asc_l9.npy  shape=(131, 196, 768)  size=39.4MB
  [WRITE]  ISMN_USCRN_Asheville-13-S                 s1_desc/l3 → s1_desc_l3.npy  shape=(1, 196, 768)  size=0.3MB
  [WRITE]  ISMN_USCRN_Asheville-13-S                 s1_desc/l6 → s1_desc_l6.npy  shape=(1, 196, 768)  size=0.3MB
  [WRITE]  ISMN_USCRN_Asheville-13-S                 s1_desc/l9 → s1_desc_l9.npy  shape=(1, 196, 768)  size=0.3MB
  [WRITE]  ISMN_TxSON_CR200-29                       s2/l3 → s2_l3.npy  shape=(176, 196, 768)  size=53.0MB
  [WRITE]  ISMN_TxSON_CR200-29                       s2/l6 → s2_l6.npy  shape=(176, 196, 768)  size=53.0MB
  [WRITE]  ISMN_TxSON_CR200-29                       s2/l9 → s2_l9.npy  shape=(176, 196, 768)  size=53.0MB
  [WRITE]  ISMN_TxSON_CR200-29                       s1_asc/l3 → s1_asc_l3.npy  shape=(173, 196, 768)  size=52.1MB
  [WRITE]  ISMN_TxSON_CR200-29                       s1_asc/l6 → s1_asc_l6.npy  shape=(173, 196, 768)  size=52.1MB
  [WRITE]  ISMN_TxSON_CR200-29                       s1_asc/l9 → s1_asc_l9.npy  shape=(173, 196, 768)  size=52.1MB
  [WRITE]  ISMN_TxSON_CR200-29                       s1_desc/l3 → s1_desc_l3.npy  shape=(4, 196, 768)  size=1.2MB
  [WRITE]  ISMN_TxSON_CR200-29                       s1_desc/l6 → s1_desc_l6.npy  shape=(4, 196, 768)  size=1.2MB
  [WRITE]  ISMN_TxSON_CR200-29                       s1_desc/l9 → s1_desc_l9.npy  shape=(4, 196, 768)  size=1.2MB
  [WRITE]  ISMN_TxSON_CR200-3                        s2/l3 → s2_l3.npy  shape=(199, 196, 768)  size=59.9MB
  [WRITE]  ISMN_TxSON_CR200-3                        s2/l6 → s2_l6.npy  shape=(199, 196, 768)  size=59.9MB
  [WRITE]  ISMN_TxSON_CR200-3                        s2/l9 → s2_l9.npy  shape=(199, 196, 768)  size=59.9MB
  [WRITE]  ISMN_TxSON_CR200-3                        s1_asc/l3 → s1_asc_l3.npy  shape=(177, 196, 768)  size=53.3MB
  [WRITE]  ISMN_TxSON_CR200-3                        s1_asc/l6 → s1_asc_l6.npy  shape=(177, 196, 768)  size=53.3MB
  [WRITE]  ISMN_TxSON_CR200-3                        s1_asc/l9 → s1_asc_l9.npy  shape=(177, 196, 768)  size=53.3MB
  [WRITE]  ISMN_TxSON_CR200-3                        s1_desc/l3 → s1_desc_l3.npy  shape=(4, 196, 768)  size=1.2MB
  [WRITE]  ISMN_TxSON_CR200-3                        s1_desc/l6 → s1_desc_l6.npy  shape=(4, 196, 768)  size=1.2MB
  [WRITE]  ISMN_TxSON_CR200-3                        s1_desc/l9 → s1_desc_l9.npy  shape=(4, 196, 768)  size=1.2MB
  [WRITE]  ISMN_TxSON_CR200-4                        s2/l3 → s2_l3.npy  shape=(186, 196, 768)  size=56.0MB
  [WRITE]  ISMN_TxSON_CR200-4                        s2/l6 → s2_l6.npy  shape=(186, 196, 768)  size=56.0MB
  [WRITE]  ISMN_TxSON_CR200-4                        s2/l9 → s2_l9.npy  shape=(186, 196, 768)  size=56.0MB
  [WRITE]  ISMN_TxSON_CR200-4                        s1_asc/l3 → s1_asc_l3.npy  shape=(159, 196, 768)  size=47.9MB
  [WRITE]  ISMN_TxSON_CR200-4                        s1_asc/l6 → s1_asc_l6.npy  shape=(159, 196, 768)  size=47.9MB
  [WRITE]  ISMN_TxSON_CR200-4                        s1_asc/l9 → s1_asc_l9.npy  shape=(159, 196, 768)  size=47.9MB
  [WRITE]  ISMN_TxSON_CR200-4                        s1_desc/l3 → s1_desc_l3.npy  shape=(4, 196, 768)  size=1.2MB
  [WRITE]  ISMN_TxSON_CR200-4                        s1_desc/l6 → s1_desc_l6.npy  shape=(4, 196, 768)  size=1.2MB
  [WRITE]  ISMN_TxSON_CR200-4                        s1_desc/l9 → s1_desc_l9.npy  shape=(4, 196, 768)  size=1.2MB
  [WRITE]  ISMN_TxSON_CR200-5                        s2/l3 → s2_l3.npy  shape=(175, 196, 768)  size=52.7MB
  [WRITE]  ISMN_TxSON_CR200-5                        s2/l6 → s2_l6.npy  shape=(175, 196, 768)  size=52.7MB
  [WRITE]  ISMN_TxSON_CR200-5                        s2/l9 → s2_l9.npy  shape=(175, 196, 768)  size=52.7MB
  [WRITE]  ISMN_TxSON_CR200-5                        s1_asc/l3 → s1_asc_l3.npy  shape=(182, 196, 768)  size=54.8MB
  [WRITE]  ISMN_TxSON_CR200-5                        s1_asc/l6 → s1_asc_l6.npy  shape=(182, 196, 768)  size=54.8MB
  [WRITE]  ISMN_TxSON_CR200-5                        s1_asc/l9 → s1_asc_l9.npy  shape=(182, 196, 768)  size=54.8MB
  [WRITE]  ISMN_TxSON_CR200-5                        s1_desc/l3 → s1_desc_l3.npy  shape=(4, 196, 768)  size=1.2MB
  [WRITE]  ISMN_TxSON_CR200-5                        s1_desc/l6 → s1_desc_l6.npy  shape=(4, 196, 768)  size=1.2MB
  [WRITE]  ISMN_TxSON_CR200-5                        s1_desc/l9 → s1_desc_l9.npy  shape=(4, 196, 768)  size=1.2MB
  [WRITE]  ISMN_SNOTEL_PorterCanyon                  s2/l3 → s2_l3.npy  shape=(718, 196, 768)  size=216.2MB
  [WRITE]  ISMN_SNOTEL_PorterCanyon                  s2/l6 → s2_l6.npy  shape=(718, 196, 768)  size=216.2MB
  [WRITE]  ISMN_SNOTEL_PorterCanyon                  s2/l9 → s2_l9.npy  shape=(718, 196, 768)  size=216.2MB
  [WRITE]  ISMN_SNOTEL_PorterCanyon                  s1_asc/l3 → s1_asc_l3.npy  shape=(498, 196, 768)  size=149.9MB
  [WRITE]  ISMN_SNOTEL_PorterCanyon                  s1_asc/l6 → s1_asc_l6.npy  shape=(498, 196, 768)  size=149.9MB
  [WRITE]  ISMN_SNOTEL_PorterCanyon                  s1_asc/l9 → s1_asc_l9.npy  shape=(498, 196, 768)  size=149.9MB
  [WRITE]  ISMN_SNOTEL_PorterCanyon                  s1_desc/l3 → s1_desc_l3.npy  shape=(711, 196, 768)  size=214.1MB
  [WRITE]  ISMN_SNOTEL_PorterCanyon                  s1_desc/l6 → s1_desc_l6.npy  shape=(711, 196, 768)  size=214.1MB
  [WRITE]  ISMN_SNOTEL_PorterCanyon                  s1_desc/l9 → s1_desc_l9.npy  shape=(711, 196, 768)  size=214.1MB
  [WRITE]  ISMN_SNOTEL_PowderMountain                s2/l3 → s2_l3.npy  shape=(250, 196, 768)  size=75.3MB
  [WRITE]  ISMN_SNOTEL_PowderMountain                s2/l6 → s2_l6.npy  shape=(250, 196, 768)  size=75.3MB
  [WRITE]  ISMN_SNOTEL_PowderMountain                s2/l9 → s2_l9.npy  shape=(250, 196, 768)  size=75.3MB
  [WRITE]  ISMN_SNOTEL_PowderMountain                s1_asc/l3 → s1_asc_l3.npy  shape=(44, 196, 768)  size=13.2MB
  [WRITE]  ISMN_SNOTEL_PowderMountain                s1_asc/l6 → s1_asc_l6.npy  shape=(44, 196, 768)  size=13.2MB
  [WRITE]  ISMN_SNOTEL_PowderMountain                s1_asc/l9 → s1_asc_l9.npy  shape=(44, 196, 768)  size=13.2MB
  [WRITE]  ISMN_SNOTEL_PowderMountain                s1_desc/l3 → s1_desc_l3.npy  shape=(98, 196, 768)  size=29.5MB
  [WRITE]  ISMN_SNOTEL_PowderMountain                s1_desc/l6 → s1_desc_l6.npy  shape=(98, 196, 768)  size=29.5MB
  [WRITE]  ISMN_SNOTEL_PowderMountain                s1_desc/l9 → s1_desc_l9.npy  shape=(98, 196, 768)  size=29.5MB
  [WRITE]  ISMN_SNOTEL_QuartzMountain                s2/l3 → s2_l3.npy  shape=(134, 196, 768)  size=40.3MB
  [WRITE]  ISMN_SNOTEL_QuartzMountain                s2/l6 → s2_l6.npy  shape=(134, 196, 768)  size=40.3MB
  [WRITE]  ISMN_SNOTEL_QuartzMountain                s2/l9 → s2_l9.npy  shape=(134, 196, 768)  size=40.3MB
  [WRITE]  ISMN_SNOTEL_QuartzMountain                s1_asc/l3 → s1_asc_l3.npy  shape=(232, 196, 768)  size=69.8MB
  [WRITE]  ISMN_SNOTEL_QuartzMountain                s1_asc/l6 → s1_asc_l6.npy  shape=(232, 196, 768)  size=69.8MB
  [WRITE]  ISMN_SNOTEL_QuartzMountain                s1_asc/l9 → s1_asc_l9.npy  shape=(232, 196, 768)  size=69.8MB
  [WRITE]  ISMN_SNOTEL_QuartzMountain                s1_desc/l3 → s1_desc_l3.npy  shape=(185, 196, 768)  size=55.7MB
  [WRITE]  ISMN_SNOTEL_QuartzMountain                s1_desc/l6 → s1_desc_l6.npy  shape=(185, 196, 768)  size=55.7MB
  [WRITE]  ISMN_SNOTEL_QuartzMountain                s1_desc/l9 → s1_desc_l9.npy  shape=(185, 196, 768)  size=55.7MB
  [WRITE]  ISMN_SNOTEL_QuartzPeak                    s2/l3 → s2_l3.npy  shape=(288, 196, 768)  size=86.7MB
  [WRITE]  ISMN_SNOTEL_QuartzPeak                    s2/l6 → s2_l6.npy  shape=(288, 196, 768)  size=86.7MB
  [WRITE]  ISMN_SNOTEL_QuartzPeak                    s2/l9 → s2_l9.npy  shape=(288, 196, 768)  size=86.7MB
  [WRITE]  ISMN_SNOTEL_QuartzPeak                    s1_asc/l3 → s1_asc_l3.npy  shape=(173, 196, 768)  size=52.1MB
  [WRITE]  ISMN_SNOTEL_QuartzPeak                    s1_asc/l6 → s1_asc_l6.npy  shape=(173, 196, 768)  size=52.1MB
  [WRITE]  ISMN_SNOTEL_QuartzPeak                    s1_asc/l9 → s1_asc_l9.npy  shape=(173, 196, 768)  size=52.1MB
  [WRITE]  ISMN_SNOTEL_QuartzPeak                    s1_desc/l3 → s1_desc_l3.npy  shape=(251, 196, 768)  size=75.6MB
  [WRITE]  ISMN_SNOTEL_QuartzPeak                    s1_desc/l6 → s1_desc_l6.npy  shape=(251, 196, 768)  size=75.6MB
  [WRITE]  ISMN_SNOTEL_QuartzPeak                    s1_desc/l9 → s1_desc_l9.npy  shape=(251, 196, 768)  size=75.6MB
  [WRITE]  ISMN_SNOTEL_ParkReservoir                 s2/l3 → s2_l3.npy  shape=(293, 196, 768)  size=88.2MB
  [WRITE]  ISMN_SNOTEL_ParkReservoir                 s2/l6 → s2_l6.npy  shape=(293, 196, 768)  size=88.2MB
  [WRITE]  ISMN_SNOTEL_ParkReservoir                 s2/l9 → s2_l9.npy  shape=(293, 196, 768)  size=88.2MB
  [WRITE]  ISMN_SNOTEL_ParkReservoir                 s1_asc/l3 → s1_asc_l3.npy  shape=(131, 196, 768)  size=39.4MB
  [WRITE]  ISMN_SNOTEL_ParkReservoir                 s1_asc/l6 → s1_asc_l6.npy  shape=(131, 196, 768)  size=39.4MB
  [WRITE]  ISMN_SNOTEL_ParkReservoir                 s1_asc/l9 → s1_asc_l9.npy  shape=(131, 196, 768)  size=39.4MB
  [WRITE]  ISMN_SNOTEL_ParkReservoir                 s1_desc/l3 → s1_desc_l3.npy  shape=(196, 196, 768)  size=59.0MB
  [WRITE]  ISMN_SNOTEL_ParkReservoir                 s1_desc/l6 → s1_desc_l6.npy  shape=(196, 196, 768)  size=59.0MB
  [WRITE]  ISMN_SNOTEL_ParkReservoir                 s1_desc/l9 → s1_desc_l9.npy  shape=(196, 196, 768)  size=59.0MB
  [WRITE]  ISMN_SNOTEL_ParleysSummit                 s2/l3 → s2_l3.npy  shape=(435, 196, 768)  size=131.0MB
  [WRITE]  ISMN_SNOTEL_ParleysSummit                 s2/l6 → s2_l6.npy  shape=(435, 196, 768)  size=131.0MB
  [WRITE]  ISMN_SNOTEL_ParleysSummit                 s2/l9 → s2_l9.npy  shape=(435, 196, 768)  size=131.0MB
  [WRITE]  ISMN_SNOTEL_ParleysSummit                 s1_asc/l3 → s1_asc_l3.npy  shape=(297, 196, 768)  size=89.4MB
  [WRITE]  ISMN_SNOTEL_ParleysSummit                 s1_asc/l6 → s1_asc_l6.npy  shape=(297, 196, 768)  size=89.4MB
  [WRITE]  ISMN_SNOTEL_ParleysSummit                 s1_asc/l9 → s1_asc_l9.npy  shape=(297, 196, 768)  size=89.4MB
  [WRITE]  ISMN_SNOTEL_ParleysSummit                 s1_desc/l3 → s1_desc_l3.npy  shape=(491, 196, 768)  size=147.8MB
  [WRITE]  ISMN_SNOTEL_ParleysSummit                 s1_desc/l6 → s1_desc_l6.npy  shape=(491, 196, 768)  size=147.8MB
  [WRITE]  ISMN_SNOTEL_ParleysSummit                 s1_desc/l9 → s1_desc_l9.npy  shape=(491, 196, 768)  size=147.8MB
  [WRITE]  ISMN_SNOTEL_ParleysUpper                  s2/l3 → s2_l3.npy  shape=(144, 196, 768)  size=43.4MB
  [WRITE]  ISMN_SNOTEL_ParleysUpper                  s2/l6 → s2_l6.npy  shape=(144, 196, 768)  size=43.4MB
  [WRITE]  ISMN_SNOTEL_ParleysUpper                  s2/l9 → s2_l9.npy  shape=(144, 196, 768)  size=43.4MB
  [WRITE]  ISMN_SNOTEL_ParleysUpper                  s1_asc/l3 → s1_asc_l3.npy  shape=(179, 196, 768)  size=53.9MB
  [WRITE]  ISMN_SNOTEL_ParleysUpper                  s1_asc/l6 → s1_asc_l6.npy  shape=(179, 196, 768)  size=53.9MB
  [WRITE]  ISMN_SNOTEL_ParleysUpper                  s1_asc/l9 → s1_asc_l9.npy  shape=(179, 196, 768)  size=53.9MB
  [WRITE]  ISMN_SNOTEL_ParleysUpper                  s1_desc/l3 → s1_desc_l3.npy  shape=(367, 196, 768)  size=110.5MB
  [WRITE]  ISMN_SNOTEL_ParleysUpper                  s1_desc/l6 → s1_desc_l6.npy  shape=(367, 196, 768)  size=110.5MB
  [WRITE]  ISMN_SNOTEL_ParleysUpper                  s1_desc/l9 → s1_desc_l9.npy  shape=(367, 196, 768)  size=110.5MB
  [WRITE]  ISMN_SNOTEL_ParrishCreek                  s2/l3 → s2_l3.npy  shape=(651, 196, 768)  size=196.0MB
  [WRITE]  ISMN_SNOTEL_ParrishCreek                  s2/l6 → s2_l6.npy  shape=(651, 196, 768)  size=196.0MB
  [WRITE]  ISMN_SNOTEL_ParrishCreek                  s2/l9 → s2_l9.npy  shape=(651, 196, 768)  size=196.0MB
  [WRITE]  ISMN_SNOTEL_ParrishCreek                  s1_asc/l3 → s1_asc_l3.npy  shape=(298, 196, 768)  size=89.7MB
  [WRITE]  ISMN_SNOTEL_ParrishCreek                  s1_asc/l6 → s1_asc_l6.npy  shape=(298, 196, 768)  size=89.7MB
  [WRITE]  ISMN_SNOTEL_ParrishCreek                  s1_asc/l9 → s1_asc_l9.npy  shape=(298, 196, 768)  size=89.7MB
  [WRITE]  ISMN_SNOTEL_ParrishCreek                  s1_desc/l3 → s1_desc_l3.npy  shape=(257, 196, 768)  size=77.4MB
  [WRITE]  ISMN_SNOTEL_ParrishCreek                  s1_desc/l6 → s1_desc_l6.npy  shape=(257, 196, 768)  size=77.4MB
  [WRITE]  ISMN_SNOTEL_ParrishCreek                  s1_desc/l9 → s1_desc_l9.npy  shape=(257, 196, 768)  size=77.4MB
  [WRITE]  ISMN_TxSON_CR200-24                       s2/l3 → s2_l3.npy  shape=(180, 196, 768)  size=54.2MB
  [WRITE]  ISMN_TxSON_CR200-24                       s2/l6 → s2_l6.npy  shape=(180, 196, 768)  size=54.2MB
  [WRITE]  ISMN_TxSON_CR200-24                       s2/l9 → s2_l9.npy  shape=(180, 196, 768)  size=54.2MB
  [WRITE]  ISMN_TxSON_CR200-24                       s1_asc/l3 → s1_asc_l3.npy  shape=(184, 196, 768)  size=55.4MB
  [WRITE]  ISMN_TxSON_CR200-24                       s1_asc/l6 → s1_asc_l6.npy  shape=(184, 196, 768)  size=55.4MB
  [WRITE]  ISMN_TxSON_CR200-24                       s1_asc/l9 → s1_asc_l9.npy  shape=(184, 196, 768)  size=55.4MB
  [WRITE]  ISMN_TxSON_CR200-24                       s1_desc/l3 → s1_desc_l3.npy  shape=(4, 196, 768)  size=1.2MB
  [WRITE]  ISMN_TxSON_CR200-24                       s1_desc/l6 → s1_desc_l6.npy  shape=(4, 196, 768)  size=1.2MB
  [WRITE]  ISMN_TxSON_CR200-24                       s1_desc/l9 → s1_desc_l9.npy  shape=(4, 196, 768)  size=1.2MB
  [WRITE]  ISMN_TxSON_CR200-25                       s2/l3 → s2_l3.npy  shape=(182, 196, 768)  size=54.8MB
  [WRITE]  ISMN_TxSON_CR200-25                       s2/l6 → s2_l6.npy  shape=(182, 196, 768)  size=54.8MB
  [WRITE]  ISMN_TxSON_CR200-25                       s2/l9 → s2_l9.npy  shape=(182, 196, 768)  size=54.8MB
  [WRITE]  ISMN_TxSON_CR200-25                       s1_asc/l3 → s1_asc_l3.npy  shape=(184, 196, 768)  size=55.4MB
  [WRITE]  ISMN_TxSON_CR200-25                       s1_asc/l6 → s1_asc_l6.npy  shape=(184, 196, 768)  size=55.4MB
  [WRITE]  ISMN_TxSON_CR200-25                       s1_asc/l9 → s1_asc_l9.npy  shape=(184, 196, 768)  size=55.4MB
  [WRITE]  ISMN_TxSON_CR200-25                       s1_desc/l3 → s1_desc_l3.npy  shape=(4, 196, 768)  size=1.2MB
  [WRITE]  ISMN_TxSON_CR200-25                       s1_desc/l6 → s1_desc_l6.npy  shape=(4, 196, 768)  size=1.2MB
  [WRITE]  ISMN_TxSON_CR200-25                       s1_desc/l9 → s1_desc_l9.npy  shape=(4, 196, 768)  size=1.2MB
  [WRITE]  ISMN_TxSON_CR200-26                       s2/l3 → s2_l3.npy  shape=(193, 196, 768)  size=58.1MB
  [WRITE]  ISMN_TxSON_CR200-26                       s2/l6 → s2_l6.npy  shape=(193, 196, 768)  size=58.1MB
  [WRITE]  ISMN_TxSON_CR200-26                       s2/l9 → s2_l9.npy  shape=(193, 196, 768)  size=58.1MB
  [WRITE]  ISMN_TxSON_CR200-26                       s1_asc/l3 → s1_asc_l3.npy  shape=(177, 196, 768)  size=53.3MB
  [WRITE]  ISMN_TxSON_CR200-26                       s1_asc/l6 → s1_asc_l6.npy  shape=(177, 196, 768)  size=53.3MB
  [WRITE]  ISMN_TxSON_CR200-26                       s1_asc/l9 → s1_asc_l9.npy  shape=(177, 196, 768)  size=53.3MB
  [WRITE]  ISMN_TxSON_CR200-26                       s1_desc/l3 → s1_desc_l3.npy  shape=(4, 196, 768)  size=1.2MB
  [WRITE]  ISMN_TxSON_CR200-26                       s1_desc/l6 → s1_desc_l6.npy  shape=(4, 196, 768)  size=1.2MB
  [WRITE]  ISMN_TxSON_CR200-26                       s1_desc/l9 → s1_desc_l9.npy  shape=(4, 196, 768)  size=1.2MB
  [WRITE]  ISMN_TxSON_CR200-28                       s2/l3 → s2_l3.npy  shape=(194, 196, 768)  size=58.4MB
  [WRITE]  ISMN_TxSON_CR200-28                       s2/l6 → s2_l6.npy  shape=(194, 196, 768)  size=58.4MB
  [WRITE]  ISMN_TxSON_CR200-28                       s2/l9 → s2_l9.npy  shape=(194, 196, 768)  size=58.4MB
  [WRITE]  ISMN_TxSON_CR200-28                       s1_asc/l3 → s1_asc_l3.npy  shape=(183, 196, 768)  size=55.1MB
  [WRITE]  ISMN_TxSON_CR200-28                       s1_asc/l6 → s1_asc_l6.npy  shape=(183, 196, 768)  size=55.1MB
  [WRITE]  ISMN_TxSON_CR200-28                       s1_asc/l9 → s1_asc_l9.npy  shape=(183, 196, 768)  size=55.1MB
  [WRITE]  ISMN_TxSON_CR200-28                       s1_desc/l3 → s1_desc_l3.npy  shape=(4, 196, 768)  size=1.2MB
  [WRITE]  ISMN_TxSON_CR200-28                       s1_desc/l6 → s1_desc_l6.npy  shape=(4, 196, 768)  size=1.2MB
  [WRITE]  ISMN_TxSON_CR200-28                       s1_desc/l9 → s1_desc_l9.npy  shape=(4, 196, 768)  size=1.2MB
  [WRITE]  ISMN_SNOTEL_PierceR.S.                    s2/l3 → s2_l3.npy  shape=(237, 196, 768)  size=71.4MB
  [WRITE]  ISMN_SNOTEL_PierceR.S.                    s2/l6 → s2_l6.npy  shape=(237, 196, 768)  size=71.4MB
  [WRITE]  ISMN_SNOTEL_PierceR.S.                    s2/l9 → s2_l9.npy  shape=(237, 196, 768)  size=71.4MB
  [WRITE]  ISMN_SNOTEL_PierceR.S.                    s1_asc/l3 → s1_asc_l3.npy  shape=(250, 196, 768)  size=75.3MB
  [WRITE]  ISMN_SNOTEL_PierceR.S.                    s1_asc/l6 → s1_asc_l6.npy  shape=(250, 196, 768)  size=75.3MB
  [WRITE]  ISMN_SNOTEL_PierceR.S.                    s1_asc/l9 → s1_asc_l9.npy  shape=(250, 196, 768)  size=75.3MB
  [WRITE]  ISMN_SNOTEL_PierceR.S.                    s1_desc/l3 → s1_desc_l3.npy  shape=(288, 196, 768)  size=86.7MB
  [WRITE]  ISMN_SNOTEL_PierceR.S.                    s1_desc/l6 → s1_desc_l6.npy  shape=(288, 196, 768)  size=86.7MB
  [WRITE]  ISMN_SNOTEL_PierceR.S.                    s1_desc/l9 → s1_desc_l9.npy  shape=(288, 196, 768)  size=86.7MB
  [WRITE]  ISMN_SNOTEL_PineCreek                     s2/l3 → s2_l3.npy  shape=(640, 196, 768)  size=192.7MB
  [WRITE]  ISMN_SNOTEL_PineCreek                     s2/l6 → s2_l6.npy  shape=(640, 196, 768)  size=192.7MB
  [WRITE]  ISMN_SNOTEL_PineCreek                     s2/l9 → s2_l9.npy  shape=(640, 196, 768)  size=192.7MB
  [WRITE]  ISMN_SNOTEL_PineCreek                     s1_asc/l3 → s1_asc_l3.npy  shape=(156, 196, 768)  size=47.0MB
  [WRITE]  ISMN_SNOTEL_PineCreek                     s1_asc/l6 → s1_asc_l6.npy  shape=(156, 196, 768)  size=47.0MB
  [WRITE]  ISMN_SNOTEL_PineCreek                     s1_asc/l9 → s1_asc_l9.npy  shape=(156, 196, 768)  size=47.0MB
  [WRITE]  ISMN_SNOTEL_PineCreek                     s1_desc/l3 → s1_desc_l3.npy  shape=(259, 196, 768)  size=78.0MB
  [WRITE]  ISMN_SNOTEL_PineCreek                     s1_desc/l6 → s1_desc_l6.npy  shape=(259, 196, 768)  size=78.0MB
  [WRITE]  ISMN_SNOTEL_PineCreek                     s1_desc/l9 → s1_desc_l9.npy  shape=(259, 196, 768)  size=78.0MB
  [WRITE]  ISMN_SNOTEL_PocketCreek                   s2/l3 → s2_l3.npy  shape=(392, 196, 768)  size=118.0MB
  [WRITE]  ISMN_SNOTEL_PocketCreek                   s2/l6 → s2_l6.npy  shape=(392, 196, 768)  size=118.0MB
  [WRITE]  ISMN_SNOTEL_PocketCreek                   s2/l9 → s2_l9.npy  shape=(392, 196, 768)  size=118.0MB
  [WRITE]  ISMN_SNOTEL_PocketCreek                   s1_asc/l3 → s1_asc_l3.npy  shape=(121, 196, 768)  size=36.4MB
  [WRITE]  ISMN_SNOTEL_PocketCreek                   s1_asc/l6 → s1_asc_l6.npy  shape=(121, 196, 768)  size=36.4MB
  [WRITE]  ISMN_SNOTEL_PocketCreek                   s1_asc/l9 → s1_asc_l9.npy  shape=(121, 196, 768)  size=36.4MB
  [WRITE]  ISMN_SNOTEL_PocketCreek                   s1_desc/l3 → s1_desc_l3.npy  shape=(160, 196, 768)  size=48.2MB
  [WRITE]  ISMN_SNOTEL_PocketCreek                   s1_desc/l6 → s1_desc_l6.npy  shape=(160, 196, 768)  size=48.2MB
  [WRITE]  ISMN_SNOTEL_PocketCreek                   s1_desc/l9 → s1_desc_l9.npy  shape=(160, 196, 768)  size=48.2MB
  [WRITE]  ISMN_SNOTEL_PoisonFlat                    s2/l3 → s2_l3.npy  shape=(249, 196, 768)  size=75.0MB
  [WRITE]  ISMN_SNOTEL_PoisonFlat                    s2/l6 → s2_l6.npy  shape=(249, 196, 768)  size=75.0MB
  [WRITE]  ISMN_SNOTEL_PoisonFlat                    s2/l9 → s2_l9.npy  shape=(249, 196, 768)  size=75.0MB
  [WRITE]  ISMN_SNOTEL_PoisonFlat                    s1_asc/l3 → s1_asc_l3.npy  shape=(501, 196, 768)  size=150.8MB
  [WRITE]  ISMN_SNOTEL_PoisonFlat                    s1_asc/l6 → s1_asc_l6.npy  shape=(501, 196, 768)  size=150.8MB
  [WRITE]  ISMN_SNOTEL_PoisonFlat                    s1_asc/l9 → s1_asc_l9.npy  shape=(501, 196, 768)  size=150.8MB
  [WRITE]  ISMN_SNOTEL_PoisonFlat                    s1_desc/l3 → s1_desc_l3.npy  shape=(465, 196, 768)  size=140.0MB
  [WRITE]  ISMN_SNOTEL_PoisonFlat                    s1_desc/l6 → s1_desc_l6.npy  shape=(465, 196, 768)  size=140.0MB
  [WRITE]  ISMN_SNOTEL_PoisonFlat                    s1_desc/l9 → s1_desc_l9.npy  shape=(465, 196, 768)  size=140.0MB
  [WRITE]  ISMN_SNOTEL_StateLine                     s2/l3 → s2_l3.npy  shape=(152, 196, 768)  size=45.8MB
  [WRITE]  ISMN_SNOTEL_StateLine                     s2/l6 → s2_l6.npy  shape=(152, 196, 768)  size=45.8MB
  [WRITE]  ISMN_SNOTEL_StateLine                     s2/l9 → s2_l9.npy  shape=(152, 196, 768)  size=45.8MB
  [WRITE]  ISMN_SNOTEL_StateLine                     s1_asc/l3 → s1_asc_l3.npy  shape=(237, 196, 768)  size=71.4MB
  [WRITE]  ISMN_SNOTEL_StateLine                     s1_asc/l6 → s1_asc_l6.npy  shape=(237, 196, 768)  size=71.4MB
  [WRITE]  ISMN_SNOTEL_StateLine                     s1_asc/l9 → s1_asc_l9.npy  shape=(237, 196, 768)  size=71.4MB
  [WRITE]  ISMN_SNOTEL_StateLine                     s1_desc/l3 → s1_desc_l3.npy  shape=(214, 196, 768)  size=64.4MB
  [WRITE]  ISMN_SNOTEL_StateLine                     s1_desc/l6 → s1_desc_l6.npy  shape=(214, 196, 768)  size=64.4MB
  [WRITE]  ISMN_SNOTEL_StateLine                     s1_desc/l9 → s1_desc_l9.npy  shape=(214, 196, 768)  size=64.4MB
  [WRITE]  ISMN_SNOTEL_SteelCreekPark                s2/l3 → s2_l3.npy  shape=(277, 196, 768)  size=83.4MB
  [WRITE]  ISMN_SNOTEL_SteelCreekPark                s2/l6 → s2_l6.npy  shape=(277, 196, 768)  size=83.4MB
  [WRITE]  ISMN_SNOTEL_SteelCreekPark                s2/l9 → s2_l9.npy  shape=(277, 196, 768)  size=83.4MB
  [WRITE]  ISMN_SNOTEL_SteelCreekPark                s1_asc/l3 → s1_asc_l3.npy  shape=(141, 196, 768)  size=42.4MB
  [WRITE]  ISMN_SNOTEL_SteelCreekPark                s1_asc/l6 → s1_asc_l6.npy  shape=(141, 196, 768)  size=42.4MB
  [WRITE]  ISMN_SNOTEL_SteelCreekPark                s1_asc/l9 → s1_asc_l9.npy  shape=(141, 196, 768)  size=42.4MB
  [WRITE]  ISMN_SNOTEL_SteelCreekPark                s1_desc/l3 → s1_desc_l3.npy  shape=(234, 196, 768)  size=70.4MB
  [WRITE]  ISMN_SNOTEL_SteelCreekPark                s1_desc/l6 → s1_desc_l6.npy  shape=(234, 196, 768)  size=70.4MB
  [WRITE]  ISMN_SNOTEL_SteelCreekPark                s1_desc/l9 → s1_desc_l9.npy  shape=(234, 196, 768)  size=70.4MB
  [WRITE]  ISMN_SNOTEL_StickneyMill                  s2/l3 → s2_l3.npy  shape=(320, 196, 768)  size=96.3MB
  [WRITE]  ISMN_SNOTEL_StickneyMill                  s2/l6 → s2_l6.npy  shape=(320, 196, 768)  size=96.3MB
  [WRITE]  ISMN_SNOTEL_StickneyMill                  s2/l9 → s2_l9.npy  shape=(320, 196, 768)  size=96.3MB
  [WRITE]  ISMN_SNOTEL_StickneyMill                  s1_asc/l3 → s1_asc_l3.npy  shape=(424, 196, 768)  size=127.6MB
  [WRITE]  ISMN_SNOTEL_StickneyMill                  s1_asc/l6 → s1_asc_l6.npy  shape=(424, 196, 768)  size=127.6MB
  [WRITE]  ISMN_SNOTEL_StickneyMill                  s1_asc/l9 → s1_asc_l9.npy  shape=(424, 196, 768)  size=127.6MB
  [WRITE]  ISMN_SNOTEL_StickneyMill                  s1_desc/l3 → s1_desc_l3.npy  shape=(372, 196, 768)  size=112.0MB
  [WRITE]  ISMN_SNOTEL_StickneyMill                  s1_desc/l6 → s1_desc_l6.npy  shape=(372, 196, 768)  size=112.0MB
  [WRITE]  ISMN_SNOTEL_StickneyMill                  s1_desc/l9 → s1_desc_l9.npy  shape=(372, 196, 768)  size=112.0MB
  [WRITE]  ISMN_SNOTEL_StillwaterCreek               s2/l3 → s2_l3.npy  shape=(192, 196, 768)  size=57.8MB
  [WRITE]  ISMN_SNOTEL_StillwaterCreek               s2/l6 → s2_l6.npy  shape=(192, 196, 768)  size=57.8MB
  [WRITE]  ISMN_SNOTEL_StillwaterCreek               s2/l9 → s2_l9.npy  shape=(192, 196, 768)  size=57.8MB
  [WRITE]  ISMN_SNOTEL_StillwaterCreek               s1_asc/l3 → s1_asc_l3.npy  shape=(137, 196, 768)  size=41.2MB
  [WRITE]  ISMN_SNOTEL_StillwaterCreek               s1_asc/l6 → s1_asc_l6.npy  shape=(137, 196, 768)  size=41.2MB
  [WRITE]  ISMN_SNOTEL_StillwaterCreek               s1_asc/l9 → s1_asc_l9.npy  shape=(137, 196, 768)  size=41.2MB
  [WRITE]  ISMN_SNOTEL_StillwaterCreek               s1_desc/l3 → s1_desc_l3.npy  shape=(148, 196, 768)  size=44.6MB
  [WRITE]  ISMN_SNOTEL_StillwaterCreek               s1_desc/l6 → s1_desc_l6.npy  shape=(148, 196, 768)  size=44.6MB
  [WRITE]  ISMN_SNOTEL_StillwaterCreek               s1_desc/l9 → s1_desc_l9.npy  shape=(148, 196, 768)  size=44.6MB
  [WRITE]  ISMN_TxSON_LCRA-1                         s2/l3 → s2_l3.npy  shape=(180, 196, 768)  size=54.2MB
  [WRITE]  ISMN_TxSON_LCRA-1                         s2/l6 → s2_l6.npy  shape=(180, 196, 768)  size=54.2MB
  [WRITE]  ISMN_TxSON_LCRA-1                         s2/l9 → s2_l9.npy  shape=(180, 196, 768)  size=54.2MB
  [WRITE]  ISMN_TxSON_LCRA-1                         s1_asc/l3 → s1_asc_l3.npy  shape=(183, 196, 768)  size=55.1MB
  [WRITE]  ISMN_TxSON_LCRA-1                         s1_asc/l6 → s1_asc_l6.npy  shape=(183, 196, 768)  size=55.1MB
  [WRITE]  ISMN_TxSON_LCRA-1                         s1_asc/l9 → s1_asc_l9.npy  shape=(183, 196, 768)  size=55.1MB
  [WRITE]  ISMN_TxSON_LCRA-1                         s1_desc/l3 → s1_desc_l3.npy  shape=(4, 196, 768)  size=1.2MB
  [WRITE]  ISMN_TxSON_LCRA-1                         s1_desc/l6 → s1_desc_l6.npy  shape=(4, 196, 768)  size=1.2MB
  [WRITE]  ISMN_TxSON_LCRA-1                         s1_desc/l9 → s1_desc_l9.npy  shape=(4, 196, 768)  size=1.2MB
  [WRITE]  ISMN_TxSON_LCRA-2                         s2/l3 → s2_l3.npy  shape=(191, 196, 768)  size=57.5MB
  [WRITE]  ISMN_TxSON_LCRA-2                         s2/l6 → s2_l6.npy  shape=(191, 196, 768)  size=57.5MB
  [WRITE]  ISMN_TxSON_LCRA-2                         s2/l9 → s2_l9.npy  shape=(191, 196, 768)  size=57.5MB
  [WRITE]  ISMN_TxSON_LCRA-2                         s1_asc/l3 → s1_asc_l3.npy  shape=(177, 196, 768)  size=53.3MB
  [WRITE]  ISMN_TxSON_LCRA-2                         s1_asc/l6 → s1_asc_l6.npy  shape=(177, 196, 768)  size=53.3MB
  [WRITE]  ISMN_TxSON_LCRA-2                         s1_asc/l9 → s1_asc_l9.npy  shape=(177, 196, 768)  size=53.3MB
  [WRITE]  ISMN_TxSON_LCRA-2                         s1_desc/l3 → s1_desc_l3.npy  shape=(4, 196, 768)  size=1.2MB
  [WRITE]  ISMN_TxSON_LCRA-2                         s1_desc/l6 → s1_desc_l6.npy  shape=(4, 196, 768)  size=1.2MB
  [WRITE]  ISMN_TxSON_LCRA-2                         s1_desc/l9 → s1_desc_l9.npy  shape=(4, 196, 768)  size=1.2MB
  [WRITE]  ISMN_TxSON_LCRA-3                         s2/l3 → s2_l3.npy  shape=(192, 196, 768)  size=57.8MB
  [WRITE]  ISMN_TxSON_LCRA-3                         s2/l6 → s2_l6.npy  shape=(192, 196, 768)  size=57.8MB
  [WRITE]  ISMN_TxSON_LCRA-3                         s2/l9 → s2_l9.npy  shape=(192, 196, 768)  size=57.8MB
  [WRITE]  ISMN_TxSON_LCRA-3                         s1_asc/l3 → s1_asc_l3.npy  shape=(184, 196, 768)  size=55.4MB
  [WRITE]  ISMN_TxSON_LCRA-3                         s1_asc/l6 → s1_asc_l6.npy  shape=(184, 196, 768)  size=55.4MB
  [WRITE]  ISMN_TxSON_LCRA-3                         s1_asc/l9 → s1_asc_l9.npy  shape=(184, 196, 768)  size=55.4MB
  [WRITE]  ISMN_TxSON_LCRA-3                         s1_desc/l3 → s1_desc_l3.npy  shape=(4, 196, 768)  size=1.2MB
  [WRITE]  ISMN_TxSON_LCRA-3                         s1_desc/l6 → s1_desc_l6.npy  shape=(4, 196, 768)  size=1.2MB
  [WRITE]  ISMN_TxSON_LCRA-3                         s1_desc/l9 → s1_desc_l9.npy  shape=(4, 196, 768)  size=1.2MB
  [WRITE]  ISMN_TxSON_LCRA-4                         s2/l3 → s2_l3.npy  shape=(194, 196, 768)  size=58.4MB
  [WRITE]  ISMN_TxSON_LCRA-4                         s2/l6 → s2_l6.npy  shape=(194, 196, 768)  size=58.4MB
  [WRITE]  ISMN_TxSON_LCRA-4                         s2/l9 → s2_l9.npy  shape=(194, 196, 768)  size=58.4MB
  [WRITE]  ISMN_TxSON_LCRA-4                         s1_asc/l3 → s1_asc_l3.npy  shape=(183, 196, 768)  size=55.1MB
  [WRITE]  ISMN_TxSON_LCRA-4                         s1_asc/l6 → s1_asc_l6.npy  shape=(183, 196, 768)  size=55.1MB
  [WRITE]  ISMN_TxSON_LCRA-4                         s1_asc/l9 → s1_asc_l9.npy  shape=(183, 196, 768)  size=55.1MB
  [WRITE]  ISMN_TxSON_LCRA-4                         s1_desc/l3 → s1_desc_l3.npy  shape=(4, 196, 768)  size=1.2MB
  [WRITE]  ISMN_TxSON_LCRA-4                         s1_desc/l6 → s1_desc_l6.npy  shape=(4, 196, 768)  size=1.2MB
  [WRITE]  ISMN_TxSON_LCRA-4                         s1_desc/l9 → s1_desc_l9.npy  shape=(4, 196, 768)  size=1.2MB
  [WRITE]  ISMN_SNOTEL_ReddenMineLwr                 s2/l3 → s2_l3.npy  shape=(275, 196, 768)  size=82.8MB
  [WRITE]  ISMN_SNOTEL_ReddenMineLwr                 s2/l6 → s2_l6.npy  shape=(275, 196, 768)  size=82.8MB
  [WRITE]  ISMN_SNOTEL_ReddenMineLwr                 s2/l9 → s2_l9.npy  shape=(275, 196, 768)  size=82.8MB
  [WRITE]  ISMN_SNOTEL_ReddenMineLwr                 s1_asc/l3 → s1_asc_l3.npy  shape=(130, 196, 768)  size=39.1MB
  [WRITE]  ISMN_SNOTEL_ReddenMineLwr                 s1_asc/l6 → s1_asc_l6.npy  shape=(130, 196, 768)  size=39.1MB
  [WRITE]  ISMN_SNOTEL_ReddenMineLwr                 s1_asc/l9 → s1_asc_l9.npy  shape=(130, 196, 768)  size=39.1MB
  [WRITE]  ISMN_SNOTEL_ReddenMineLwr                 s1_desc/l3 → s1_desc_l3.npy  shape=(446, 196, 768)  size=134.3MB
  [WRITE]  ISMN_SNOTEL_ReddenMineLwr                 s1_desc/l6 → s1_desc_l6.npy  shape=(446, 196, 768)  size=134.3MB
  [WRITE]  ISMN_SNOTEL_ReddenMineLwr                 s1_desc/l9 → s1_desc_l9.npy  shape=(446, 196, 768)  size=134.3MB
  [WRITE]  ISMN_SNOTEL_ReesFlat                      s2/l3 → s2_l3.npy  shape=(338, 196, 768)  size=101.8MB
  [WRITE]  ISMN_SNOTEL_ReesFlat                      s2/l6 → s2_l6.npy  shape=(338, 196, 768)  size=101.8MB
  [WRITE]  ISMN_SNOTEL_ReesFlat                      s2/l9 → s2_l9.npy  shape=(338, 196, 768)  size=101.8MB
  [WRITE]  ISMN_SNOTEL_ReesFlat                      s1_asc/l3 → s1_asc_l3.npy  shape=(292, 196, 768)  size=87.9MB
  [WRITE]  ISMN_SNOTEL_ReesFlat                      s1_asc/l6 → s1_asc_l6.npy  shape=(292, 196, 768)  size=87.9MB
  [WRITE]  ISMN_SNOTEL_ReesFlat                      s1_asc/l9 → s1_asc_l9.npy  shape=(292, 196, 768)  size=87.9MB
  [WRITE]  ISMN_SNOTEL_ReesFlat                      s1_desc/l3 → s1_desc_l3.npy  shape=(487, 196, 768)  size=146.6MB
  [WRITE]  ISMN_SNOTEL_ReesFlat                      s1_desc/l6 → s1_desc_l6.npy  shape=(487, 196, 768)  size=146.6MB
  [WRITE]  ISMN_SNOTEL_ReesFlat                      s1_desc/l9 → s1_desc_l9.npy  shape=(487, 196, 768)  size=146.6MB
  [WRITE]  ISMN_SNOTEL_ReynoldsCreek                 s2/l3 → s2_l3.npy  shape=(89, 196, 768)  size=26.8MB
  [WRITE]  ISMN_SNOTEL_ReynoldsCreek                 s2/l6 → s2_l6.npy  shape=(89, 196, 768)  size=26.8MB
  [WRITE]  ISMN_SNOTEL_ReynoldsCreek                 s2/l9 → s2_l9.npy  shape=(89, 196, 768)  size=26.8MB
  [WRITE]  ISMN_SNOTEL_ReynoldsCreek                 s1_asc/l3 → s1_asc_l3.npy  shape=(91, 196, 768)  size=27.4MB
  [WRITE]  ISMN_SNOTEL_ReynoldsCreek                 s1_asc/l6 → s1_asc_l6.npy  shape=(91, 196, 768)  size=27.4MB
  [WRITE]  ISMN_SNOTEL_ReynoldsCreek                 s1_asc/l9 → s1_asc_l9.npy  shape=(91, 196, 768)  size=27.4MB
  [WRITE]  ISMN_SNOTEL_ReynoldsCreek                 s1_desc/l3 → s1_desc_l3.npy  shape=(152, 196, 768)  size=45.8MB
  [WRITE]  ISMN_SNOTEL_ReynoldsCreek                 s1_desc/l6 → s1_desc_l6.npy  shape=(152, 196, 768)  size=45.8MB
  [WRITE]  ISMN_SNOTEL_ReynoldsCreek                 s1_desc/l9 → s1_desc_l9.npy  shape=(152, 196, 768)  size=45.8MB
  [WRITE]  ISMN_SNOTEL_RioSantaBarbara               s2/l3 → s2_l3.npy  shape=(635, 196, 768)  size=191.2MB
  [WRITE]  ISMN_SNOTEL_RioSantaBarbara               s2/l6 → s2_l6.npy  shape=(635, 196, 768)  size=191.2MB
  [WRITE]  ISMN_SNOTEL_RioSantaBarbara               s2/l9 → s2_l9.npy  shape=(635, 196, 768)  size=191.2MB
  [WRITE]  ISMN_SNOTEL_RioSantaBarbara               s1_asc/l3 → s1_asc_l3.npy  shape=(207, 196, 768)  size=62.3MB
  [WRITE]  ISMN_SNOTEL_RioSantaBarbara               s1_asc/l6 → s1_asc_l6.npy  shape=(207, 196, 768)  size=62.3MB
  [WRITE]  ISMN_SNOTEL_RioSantaBarbara               s1_asc/l9 → s1_asc_l9.npy  shape=(207, 196, 768)  size=62.3MB
  [WRITE]  ISMN_SNOTEL_RioSantaBarbara               s1_desc/l3 → s1_desc_l3.npy  shape=(236, 196, 768)  size=71.0MB
  [WRITE]  ISMN_SNOTEL_RioSantaBarbara               s1_desc/l6 → s1_desc_l6.npy  shape=(236, 196, 768)  size=71.0MB
  [WRITE]  ISMN_SNOTEL_RioSantaBarbara               s1_desc/l9 → s1_desc_l9.npy  shape=(236, 196, 768)  size=71.0MB
  [WRITE]  ISMN_USCRN_Goodwell-2-E                   s2/l3 → s2_l3.npy  shape=(109, 196, 768)  size=32.8MB
  [WRITE]  ISMN_USCRN_Goodwell-2-E                   s2/l6 → s2_l6.npy  shape=(109, 196, 768)  size=32.8MB
  [WRITE]  ISMN_USCRN_Goodwell-2-E                   s2/l9 → s2_l9.npy  shape=(109, 196, 768)  size=32.8MB
  [WRITE]  ISMN_USCRN_Goodwell-2-E                   s1_desc/l3 → s1_desc_l3.npy  shape=(77, 196, 768)  size=23.2MB
  [WRITE]  ISMN_USCRN_Goodwell-2-E                   s1_desc/l6 → s1_desc_l6.npy  shape=(77, 196, 768)  size=23.2MB
  [WRITE]  ISMN_USCRN_Goodwell-2-E                   s1_desc/l9 → s1_desc_l9.npy  shape=(77, 196, 768)  size=23.2MB
  [WRITE]  ISMN_USCRN_Goodwell-2-SE                  s2/l3 → s2_l3.npy  shape=(184, 196, 768)  size=55.4MB
  [WRITE]  ISMN_USCRN_Goodwell-2-SE                  s2/l6 → s2_l6.npy  shape=(184, 196, 768)  size=55.4MB
  [WRITE]  ISMN_USCRN_Goodwell-2-SE                  s2/l9 → s2_l9.npy  shape=(184, 196, 768)  size=55.4MB
  [WRITE]  ISMN_USCRN_Goodwell-2-SE                  s1_asc/l3 → s1_asc_l3.npy  shape=(21, 196, 768)  size=6.3MB
  [WRITE]  ISMN_USCRN_Goodwell-2-SE                  s1_asc/l6 → s1_asc_l6.npy  shape=(21, 196, 768)  size=6.3MB
  [WRITE]  ISMN_USCRN_Goodwell-2-SE                  s1_asc/l9 → s1_asc_l9.npy  shape=(21, 196, 768)  size=6.3MB
  [WRITE]  ISMN_USCRN_Goodwell-2-SE                  s1_desc/l3 → s1_desc_l3.npy  shape=(123, 196, 768)  size=37.0MB
  [WRITE]  ISMN_USCRN_Goodwell-2-SE                  s1_desc/l6 → s1_desc_l6.npy  shape=(123, 196, 768)  size=37.0MB
  [WRITE]  ISMN_USCRN_Goodwell-2-SE                  s1_desc/l9 → s1_desc_l9.npy  shape=(123, 196, 768)  size=37.0MB
  [WRITE]  ISMN_USCRN_John-Day-35-WNW                s2/l3 → s2_l3.npy  shape=(179, 196, 768)  size=53.9MB
  [WRITE]  ISMN_USCRN_John-Day-35-WNW                s2/l6 → s2_l6.npy  shape=(179, 196, 768)  size=53.9MB
  [WRITE]  ISMN_USCRN_John-Day-35-WNW                s2/l9 → s2_l9.npy  shape=(179, 196, 768)  size=53.9MB
  [WRITE]  ISMN_USCRN_John-Day-35-WNW                s1_asc/l3 → s1_asc_l3.npy  shape=(124, 196, 768)  size=37.3MB
  [WRITE]  ISMN_USCRN_John-Day-35-WNW                s1_asc/l6 → s1_asc_l6.npy  shape=(124, 196, 768)  size=37.3MB
  [WRITE]  ISMN_USCRN_John-Day-35-WNW                s1_asc/l9 → s1_asc_l9.npy  shape=(124, 196, 768)  size=37.3MB
  [WRITE]  ISMN_USCRN_John-Day-35-WNW                s1_desc/l3 → s1_desc_l3.npy  shape=(139, 196, 768)  size=41.8MB
  [WRITE]  ISMN_USCRN_John-Day-35-WNW                s1_desc/l6 → s1_desc_l6.npy  shape=(139, 196, 768)  size=41.8MB
  [WRITE]  ISMN_USCRN_John-Day-35-WNW                s1_desc/l9 → s1_desc_l9.npy  shape=(139, 196, 768)  size=41.8MB
  [WRITE]  ISMN_USCRN_Joplin-24-N                    s2/l3 → s2_l3.npy  shape=(102, 196, 768)  size=30.7MB
  [WRITE]  ISMN_USCRN_Joplin-24-N                    s2/l6 → s2_l6.npy  shape=(102, 196, 768)  size=30.7MB
  [WRITE]  ISMN_USCRN_Joplin-24-N                    s2/l9 → s2_l9.npy  shape=(102, 196, 768)  size=30.7MB
  [WRITE]  ISMN_USCRN_Joplin-24-N                    s1_asc/l3 → s1_asc_l3.npy  shape=(222, 196, 768)  size=66.8MB
  [WRITE]  ISMN_USCRN_Joplin-24-N                    s1_asc/l6 → s1_asc_l6.npy  shape=(222, 196, 768)  size=66.8MB
  [WRITE]  ISMN_USCRN_Joplin-24-N                    s1_asc/l9 → s1_asc_l9.npy  shape=(222, 196, 768)  size=66.8MB
  [WRITE]  ISMN_USCRN_Joplin-24-N                    s1_desc/l3 → s1_desc_l3.npy  shape=(1, 196, 768)  size=0.3MB
  [WRITE]  ISMN_USCRN_Joplin-24-N                    s1_desc/l6 → s1_desc_l6.npy  shape=(1, 196, 768)  size=0.3MB
  [WRITE]  ISMN_USCRN_Joplin-24-N                    s1_desc/l9 → s1_desc_l9.npy  shape=(1, 196, 768)  size=0.3MB
  [WRITE]  ISMN_SNOTEL_Tok                           s2/l3 → s2_l3.npy  shape=(130, 196, 768)  size=39.1MB
  [WRITE]  ISMN_SNOTEL_Tok                           s2/l6 → s2_l6.npy  shape=(130, 196, 768)  size=39.1MB
  [WRITE]  ISMN_SNOTEL_Tok                           s2/l9 → s2_l9.npy  shape=(130, 196, 768)  size=39.1MB
  [WRITE]  ISMN_SNOTEL_Tok                           s1_asc/l3 → s1_asc_l3.npy  shape=(20, 196, 768)  size=6.0MB
  [WRITE]  ISMN_SNOTEL_Tok                           s1_asc/l6 → s1_asc_l6.npy  shape=(20, 196, 768)  size=6.0MB
  [WRITE]  ISMN_SNOTEL_Tok                           s1_asc/l9 → s1_asc_l9.npy  shape=(20, 196, 768)  size=6.0MB
  [WRITE]  ISMN_SNOTEL_Tok                           s1_desc/l3 → s1_desc_l3.npy  shape=(114, 196, 768)  size=34.3MB
  [WRITE]  ISMN_SNOTEL_Tok                           s1_desc/l6 → s1_desc_l6.npy  shape=(114, 196, 768)  size=34.3MB
  [WRITE]  ISMN_SNOTEL_Tok                           s1_desc/l9 → s1_desc_l9.npy  shape=(114, 196, 768)  size=34.3MB
  [WRITE]  ISMN_SNOTEL_TokositnaValley               s2/l3 → s2_l3.npy  shape=(313, 196, 768)  size=94.2MB
  [WRITE]  ISMN_SNOTEL_TokositnaValley               s2/l6 → s2_l6.npy  shape=(313, 196, 768)  size=94.2MB
  [WRITE]  ISMN_SNOTEL_TokositnaValley               s2/l9 → s2_l9.npy  shape=(313, 196, 768)  size=94.2MB
  [WRITE]  ISMN_SNOTEL_TokositnaValley               s1_asc/l3 → s1_asc_l3.npy  shape=(121, 196, 768)  size=36.4MB
  [WRITE]  ISMN_SNOTEL_TokositnaValley               s1_asc/l6 → s1_asc_l6.npy  shape=(121, 196, 768)  size=36.4MB
  [WRITE]  ISMN_SNOTEL_TokositnaValley               s1_asc/l9 → s1_asc_l9.npy  shape=(121, 196, 768)  size=36.4MB
  [WRITE]  ISMN_SNOTEL_TokositnaValley               s1_desc/l3 → s1_desc_l3.npy  shape=(238, 196, 768)  size=71.7MB
  [WRITE]  ISMN_SNOTEL_TokositnaValley               s1_desc/l6 → s1_desc_l6.npy  shape=(238, 196, 768)  size=71.7MB
  [WRITE]  ISMN_SNOTEL_TokositnaValley               s1_desc/l9 → s1_desc_l9.npy  shape=(238, 196, 768)  size=71.7MB
  [WRITE]  ISMN_SNOTEL_TonyGroveLake                 s2/l3 → s2_l3.npy  shape=(621, 196, 768)  size=187.0MB
  [WRITE]  ISMN_SNOTEL_TonyGroveLake                 s2/l6 → s2_l6.npy  shape=(621, 196, 768)  size=187.0MB
  [WRITE]  ISMN_SNOTEL_TonyGroveLake                 s2/l9 → s2_l9.npy  shape=(621, 196, 768)  size=187.0MB
  [WRITE]  ISMN_SNOTEL_TonyGroveLake                 s1_asc/l3 → s1_asc_l3.npy  shape=(295, 196, 768)  size=88.8MB
  [WRITE]  ISMN_SNOTEL_TonyGroveLake                 s1_asc/l6 → s1_asc_l6.npy  shape=(295, 196, 768)  size=88.8MB
  [WRITE]  ISMN_SNOTEL_TonyGroveLake                 s1_asc/l9 → s1_asc_l9.npy  shape=(295, 196, 768)  size=88.8MB
  [WRITE]  ISMN_SNOTEL_TonyGroveLake                 s1_desc/l3 → s1_desc_l3.npy  shape=(258, 196, 768)  size=77.7MB
  [WRITE]  ISMN_SNOTEL_TonyGroveLake                 s1_desc/l6 → s1_desc_l6.npy  shape=(258, 196, 768)  size=77.7MB
  [WRITE]  ISMN_SNOTEL_TonyGroveLake                 s1_desc/l9 → s1_desc_l9.npy  shape=(258, 196, 768)  size=77.7MB
  [WRITE]  ISMN_SNOTEL_TonyGroveRS                   s2/l3 → s2_l3.npy  shape=(202, 196, 768)  size=60.8MB
  [WRITE]  ISMN_SNOTEL_TonyGroveRS                   s2/l6 → s2_l6.npy  shape=(202, 196, 768)  size=60.8MB
  [WRITE]  ISMN_SNOTEL_TonyGroveRS                   s2/l9 → s2_l9.npy  shape=(202, 196, 768)  size=60.8MB
  [WRITE]  ISMN_SNOTEL_TonyGroveRS                   s1_asc/l3 → s1_asc_l3.npy  shape=(162, 196, 768)  size=48.8MB
  [WRITE]  ISMN_SNOTEL_TonyGroveRS                   s1_asc/l6 → s1_asc_l6.npy  shape=(162, 196, 768)  size=48.8MB
  [WRITE]  ISMN_SNOTEL_TonyGroveRS                   s1_asc/l9 → s1_asc_l9.npy  shape=(162, 196, 768)  size=48.8MB
  [WRITE]  ISMN_SNOTEL_TonyGroveRS                   s1_desc/l3 → s1_desc_l3.npy  shape=(99, 196, 768)  size=29.8MB
  [WRITE]  ISMN_SNOTEL_TonyGroveRS                   s1_desc/l6 → s1_desc_l6.npy  shape=(99, 196, 768)  size=29.8MB
  [WRITE]  ISMN_SNOTEL_TonyGroveRS                   s1_desc/l9 → s1_desc_l9.npy  shape=(99, 196, 768)  size=29.8MB
  [WRITE]  ISMN_SNOTEL_LeavittLake                   s2/l3 → s2_l3.npy  shape=(433, 196, 768)  size=130.4MB
  [WRITE]  ISMN_SNOTEL_LeavittLake                   s2/l6 → s2_l6.npy  shape=(433, 196, 768)  size=130.4MB
  [WRITE]  ISMN_SNOTEL_LeavittLake                   s2/l9 → s2_l9.npy  shape=(433, 196, 768)  size=130.4MB
  [WRITE]  ISMN_SNOTEL_LeavittLake                   s1_asc/l3 → s1_asc_l3.npy  shape=(734, 196, 768)  size=221.0MB
  [WRITE]  ISMN_SNOTEL_LeavittLake                   s1_asc/l6 → s1_asc_l6.npy  shape=(734, 196, 768)  size=221.0MB
  [WRITE]  ISMN_SNOTEL_LeavittLake                   s1_asc/l9 → s1_asc_l9.npy  shape=(734, 196, 768)  size=221.0MB
  [WRITE]  ISMN_SNOTEL_LeavittLake                   s1_desc/l3 → s1_desc_l3.npy  shape=(702, 196, 768)  size=211.3MB
  [WRITE]  ISMN_SNOTEL_LeavittLake                   s1_desc/l6 → s1_desc_l6.npy  shape=(702, 196, 768)  size=211.3MB
  [WRITE]  ISMN_SNOTEL_LeavittLake                   s1_desc/l9 → s1_desc_l9.npy  shape=(702, 196, 768)  size=211.3MB
  [WRITE]  ISMN_SNOTEL_LeavittMeadows                s2/l3 → s2_l3.npy  shape=(193, 196, 768)  size=58.1MB
  [WRITE]  ISMN_SNOTEL_LeavittMeadows                s2/l6 → s2_l6.npy  shape=(193, 196, 768)  size=58.1MB
  [WRITE]  ISMN_SNOTEL_LeavittMeadows                s2/l9 → s2_l9.npy  shape=(193, 196, 768)  size=58.1MB
  [WRITE]  ISMN_SNOTEL_LeavittMeadows                s1_asc/l3 → s1_asc_l3.npy  shape=(387, 196, 768)  size=116.5MB
  [WRITE]  ISMN_SNOTEL_LeavittMeadows                s1_asc/l6 → s1_asc_l6.npy  shape=(387, 196, 768)  size=116.5MB
  [WRITE]  ISMN_SNOTEL_LeavittMeadows                s1_asc/l9 → s1_asc_l9.npy  shape=(387, 196, 768)  size=116.5MB
  [WRITE]  ISMN_SNOTEL_LeavittMeadows                s1_desc/l3 → s1_desc_l3.npy  shape=(344, 196, 768)  size=103.6MB
  [WRITE]  ISMN_SNOTEL_LeavittMeadows                s1_desc/l6 → s1_desc_l6.npy  shape=(344, 196, 768)  size=103.6MB
  [WRITE]  ISMN_SNOTEL_LeavittMeadows                s1_desc/l9 → s1_desc_l9.npy  shape=(344, 196, 768)  size=103.6MB
  [WRITE]  ISMN_SNOTEL_LeeCanyon                     s2/l3 → s2_l3.npy  shape=(803, 196, 768)  size=241.7MB
  [WRITE]  ISMN_SNOTEL_LeeCanyon                     s2/l6 → s2_l6.npy  shape=(803, 196, 768)  size=241.7MB
  [WRITE]  ISMN_SNOTEL_LeeCanyon                     s2/l9 → s2_l9.npy  shape=(803, 196, 768)  size=241.7MB
  [WRITE]  ISMN_SNOTEL_LeeCanyon                     s1_asc/l3 → s1_asc_l3.npy  shape=(171, 196, 768)  size=51.5MB
  [WRITE]  ISMN_SNOTEL_LeeCanyon                     s1_asc/l6 → s1_asc_l6.npy  shape=(171, 196, 768)  size=51.5MB
  [WRITE]  ISMN_SNOTEL_LeeCanyon                     s1_asc/l9 → s1_asc_l9.npy  shape=(171, 196, 768)  size=51.5MB
  [WRITE]  ISMN_SNOTEL_LeeCanyon                     s1_desc/l3 → s1_desc_l3.npy  shape=(342, 196, 768)  size=103.0MB
  [WRITE]  ISMN_SNOTEL_LeeCanyon                     s1_desc/l6 → s1_desc_l6.npy  shape=(342, 196, 768)  size=103.0MB
  [WRITE]  ISMN_SNOTEL_LeeCanyon                     s1_desc/l9 → s1_desc_l9.npy  shape=(342, 196, 768)  size=103.0MB
  [WRITE]  ISMN_SNOTEL_LewisLakeDivide               s2/l3 → s2_l3.npy  shape=(254, 196, 768)  size=76.5MB
  [WRITE]  ISMN_SNOTEL_LewisLakeDivide               s2/l6 → s2_l6.npy  shape=(254, 196, 768)  size=76.5MB
  [WRITE]  ISMN_SNOTEL_LewisLakeDivide               s2/l9 → s2_l9.npy  shape=(254, 196, 768)  size=76.5MB
  [WRITE]  ISMN_SNOTEL_LewisLakeDivide               s1_asc/l3 → s1_asc_l3.npy  shape=(233, 196, 768)  size=70.1MB
  [WRITE]  ISMN_SNOTEL_LewisLakeDivide               s1_asc/l6 → s1_asc_l6.npy  shape=(233, 196, 768)  size=70.1MB
  [WRITE]  ISMN_SNOTEL_LewisLakeDivide               s1_asc/l9 → s1_asc_l9.npy  shape=(233, 196, 768)  size=70.1MB
  [WRITE]  ISMN_SNOTEL_LewisLakeDivide               s1_desc/l3 → s1_desc_l3.npy  shape=(244, 196, 768)  size=73.5MB
  [WRITE]  ISMN_SNOTEL_LewisLakeDivide               s1_desc/l6 → s1_desc_l6.npy  shape=(244, 196, 768)  size=73.5MB
  [WRITE]  ISMN_SNOTEL_LewisLakeDivide               s1_desc/l9 → s1_desc_l9.npy  shape=(244, 196, 768)  size=73.5MB
  [WRITE]  ISMN_SNOTEL_UpperNomeCreek                s2/l3 → s2_l3.npy  shape=(119, 196, 768)  size=35.8MB
  [WRITE]  ISMN_SNOTEL_UpperNomeCreek                s2/l6 → s2_l6.npy  shape=(119, 196, 768)  size=35.8MB
  [WRITE]  ISMN_SNOTEL_UpperNomeCreek                s2/l9 → s2_l9.npy  shape=(119, 196, 768)  size=35.8MB
  [WRITE]  ISMN_SNOTEL_UpperNomeCreek                s1_asc/l3 → s1_asc_l3.npy  shape=(103, 196, 768)  size=31.0MB
  [WRITE]  ISMN_SNOTEL_UpperNomeCreek                s1_asc/l6 → s1_asc_l6.npy  shape=(103, 196, 768)  size=31.0MB
  [WRITE]  ISMN_SNOTEL_UpperNomeCreek                s1_asc/l9 → s1_asc_l9.npy  shape=(103, 196, 768)  size=31.0MB
  [WRITE]  ISMN_SNOTEL_UpperNomeCreek                s1_desc/l3 → s1_desc_l3.npy  shape=(89, 196, 768)  size=26.8MB
  [WRITE]  ISMN_SNOTEL_UpperNomeCreek                s1_desc/l6 → s1_desc_l6.npy  shape=(89, 196, 768)  size=26.8MB
  [WRITE]  ISMN_SNOTEL_UpperNomeCreek                s1_desc/l9 → s1_desc_l9.npy  shape=(89, 196, 768)  size=26.8MB
  [WRITE]  ISMN_SNOTEL_UpperRioGrande                s2/l3 → s2_l3.npy  shape=(231, 196, 768)  size=69.5MB
  [WRITE]  ISMN_SNOTEL_UpperRioGrande                s2/l6 → s2_l6.npy  shape=(231, 196, 768)  size=69.5MB
  [WRITE]  ISMN_SNOTEL_UpperRioGrande                s2/l9 → s2_l9.npy  shape=(231, 196, 768)  size=69.5MB
  [WRITE]  ISMN_SNOTEL_UpperRioGrande                s1_asc/l3 → s1_asc_l3.npy  shape=(299, 196, 768)  size=90.0MB
  [WRITE]  ISMN_SNOTEL_UpperRioGrande                s1_asc/l6 → s1_asc_l6.npy  shape=(299, 196, 768)  size=90.0MB
  [WRITE]  ISMN_SNOTEL_UpperRioGrande                s1_asc/l9 → s1_asc_l9.npy  shape=(299, 196, 768)  size=90.0MB
  [WRITE]  ISMN_SNOTEL_UpperRioGrande                s1_desc/l3 → s1_desc_l3.npy  shape=(185, 196, 768)  size=55.7MB
  [WRITE]  ISMN_SNOTEL_UpperRioGrande                s1_desc/l6 → s1_desc_l6.npy  shape=(185, 196, 768)  size=55.7MB
  [WRITE]  ISMN_SNOTEL_UpperRioGrande                s1_desc/l9 → s1_desc_l9.npy  shape=(185, 196, 768)  size=55.7MB
  [WRITE]  ISMN_SNOTEL_UpperSanJuan                  s2/l3 → s2_l3.npy  shape=(243, 196, 768)  size=73.2MB
  [WRITE]  ISMN_SNOTEL_UpperSanJuan                  s2/l6 → s2_l6.npy  shape=(243, 196, 768)  size=73.2MB
  [WRITE]  ISMN_SNOTEL_UpperSanJuan                  s2/l9 → s2_l9.npy  shape=(243, 196, 768)  size=73.2MB
  [WRITE]  ISMN_SNOTEL_UpperSanJuan                  s1_asc/l3 → s1_asc_l3.npy  shape=(322, 196, 768)  size=96.9MB
  [WRITE]  ISMN_SNOTEL_UpperSanJuan                  s1_asc/l6 → s1_asc_l6.npy  shape=(322, 196, 768)  size=96.9MB
  [WRITE]  ISMN_SNOTEL_UpperSanJuan                  s1_asc/l9 → s1_asc_l9.npy  shape=(322, 196, 768)  size=96.9MB
  [WRITE]  ISMN_SNOTEL_UpperSanJuan                  s1_desc/l3 → s1_desc_l3.npy  shape=(192, 196, 768)  size=57.8MB
  [WRITE]  ISMN_SNOTEL_UpperSanJuan                  s1_desc/l6 → s1_desc_l6.npy  shape=(192, 196, 768)  size=57.8MB
  [WRITE]  ISMN_SNOTEL_UpperSanJuan                  s1_desc/l9 → s1_desc_l9.npy  shape=(192, 196, 768)  size=57.8MB
  [WRITE]  ISMN_SNOTEL_UpperTaylor                   s2/l3 → s2_l3.npy  shape=(328, 196, 768)  size=98.7MB
  [WRITE]  ISMN_SNOTEL_UpperTaylor                   s2/l6 → s2_l6.npy  shape=(328, 196, 768)  size=98.7MB
  [WRITE]  ISMN_SNOTEL_UpperTaylor                   s2/l9 → s2_l9.npy  shape=(328, 196, 768)  size=98.7MB
  [WRITE]  ISMN_SNOTEL_UpperTaylor                   s1_asc/l3 → s1_asc_l3.npy  shape=(228, 196, 768)  size=68.6MB
  [WRITE]  ISMN_SNOTEL_UpperTaylor                   s1_asc/l6 → s1_asc_l6.npy  shape=(228, 196, 768)  size=68.6MB
  [WRITE]  ISMN_SNOTEL_UpperTaylor                   s1_asc/l9 → s1_asc_l9.npy  shape=(228, 196, 768)  size=68.6MB
  [WRITE]  ISMN_SNOTEL_UpperTaylor                   s1_desc/l3 → s1_desc_l3.npy  shape=(262, 196, 768)  size=78.9MB
  [WRITE]  ISMN_SNOTEL_UpperTaylor                   s1_desc/l6 → s1_desc_l6.npy  shape=(262, 196, 768)  size=78.9MB
  [WRITE]  ISMN_SNOTEL_UpperTaylor                   s1_desc/l9 → s1_desc_l9.npy  shape=(262, 196, 768)  size=78.9MB
  [WRITE]  ISMN_SNOTEL_Quemazon                      s2/l3 → s2_l3.npy  shape=(482, 196, 768)  size=145.1MB
  [WRITE]  ISMN_SNOTEL_Quemazon                      s2/l6 → s2_l6.npy  shape=(482, 196, 768)  size=145.1MB
  [WRITE]  ISMN_SNOTEL_Quemazon                      s2/l9 → s2_l9.npy  shape=(482, 196, 768)  size=145.1MB
  [WRITE]  ISMN_SNOTEL_Quemazon                      s1_asc/l3 → s1_asc_l3.npy  shape=(269, 196, 768)  size=81.0MB
  [WRITE]  ISMN_SNOTEL_Quemazon                      s1_asc/l6 → s1_asc_l6.npy  shape=(269, 196, 768)  size=81.0MB
  [WRITE]  ISMN_SNOTEL_Quemazon                      s1_asc/l9 → s1_asc_l9.npy  shape=(269, 196, 768)  size=81.0MB
  [WRITE]  ISMN_SNOTEL_Quemazon                      s1_desc/l3 → s1_desc_l3.npy  shape=(398, 196, 768)  size=119.8MB
  [WRITE]  ISMN_SNOTEL_Quemazon                      s1_desc/l6 → s1_desc_l6.npy  shape=(398, 196, 768)  size=119.8MB
  [WRITE]  ISMN_SNOTEL_Quemazon                      s1_desc/l9 → s1_desc_l9.npy  shape=(398, 196, 768)  size=119.8MB
  [WRITE]  ISMN_SNOTEL_RaggedMountain                s2/l3 → s2_l3.npy  shape=(343, 196, 768)  size=103.3MB
  [WRITE]  ISMN_SNOTEL_RaggedMountain                s2/l6 → s2_l6.npy  shape=(343, 196, 768)  size=103.3MB
  [WRITE]  ISMN_SNOTEL_RaggedMountain                s2/l9 → s2_l9.npy  shape=(343, 196, 768)  size=103.3MB
  [WRITE]  ISMN_SNOTEL_RaggedMountain                s1_asc/l3 → s1_asc_l3.npy  shape=(221, 196, 768)  size=66.5MB
  [WRITE]  ISMN_SNOTEL_RaggedMountain                s1_asc/l6 → s1_asc_l6.npy  shape=(221, 196, 768)  size=66.5MB
  [WRITE]  ISMN_SNOTEL_RaggedMountain                s1_asc/l9 → s1_asc_l9.npy  shape=(221, 196, 768)  size=66.5MB
  [WRITE]  ISMN_SNOTEL_RaggedMountain                s1_desc/l3 → s1_desc_l3.npy  shape=(372, 196, 768)  size=112.0MB
  [WRITE]  ISMN_SNOTEL_RaggedMountain                s1_desc/l6 → s1_desc_l6.npy  shape=(372, 196, 768)  size=112.0MB
  [WRITE]  ISMN_SNOTEL_RaggedMountain                s1_desc/l9 → s1_desc_l9.npy  shape=(372, 196, 768)  size=112.0MB
  [WRITE]  ISMN_SNOTEL_RainbowCanyon                 s2/l3 → s2_l3.npy  shape=(836, 196, 768)  size=251.7MB
  [WRITE]  ISMN_SNOTEL_RainbowCanyon                 s2/l6 → s2_l6.npy  shape=(836, 196, 768)  size=251.7MB
  [WRITE]  ISMN_SNOTEL_RainbowCanyon                 s2/l9 → s2_l9.npy  shape=(836, 196, 768)  size=251.7MB
  [WRITE]  ISMN_SNOTEL_RainbowCanyon                 s1_asc/l3 → s1_asc_l3.npy  shape=(171, 196, 768)  size=51.5MB
  [WRITE]  ISMN_SNOTEL_RainbowCanyon                 s1_asc/l6 → s1_asc_l6.npy  shape=(171, 196, 768)  size=51.5MB
  [WRITE]  ISMN_SNOTEL_RainbowCanyon                 s1_asc/l9 → s1_asc_l9.npy  shape=(171, 196, 768)  size=51.5MB
  [WRITE]  ISMN_SNOTEL_RainbowCanyon                 s1_desc/l3 → s1_desc_l3.npy  shape=(342, 196, 768)  size=103.0MB
  [WRITE]  ISMN_SNOTEL_RainbowCanyon                 s1_desc/l6 → s1_desc_l6.npy  shape=(342, 196, 768)  size=103.0MB
  [WRITE]  ISMN_SNOTEL_RainbowCanyon                 s1_desc/l9 → s1_desc_l9.npy  shape=(342, 196, 768)  size=103.0MB
  [WRITE]  ISMN_SNOTEL_RainyPass                     s2/l3 → s2_l3.npy  shape=(127, 196, 768)  size=38.2MB
  [WRITE]  ISMN_SNOTEL_RainyPass                     s2/l6 → s2_l6.npy  shape=(127, 196, 768)  size=38.2MB
  [WRITE]  ISMN_SNOTEL_RainyPass                     s2/l9 → s2_l9.npy  shape=(127, 196, 768)  size=38.2MB
  [WRITE]  ISMN_SNOTEL_RainyPass                     s1_asc/l3 → s1_asc_l3.npy  shape=(141, 196, 768)  size=42.4MB
  [WRITE]  ISMN_SNOTEL_RainyPass                     s1_asc/l6 → s1_asc_l6.npy  shape=(141, 196, 768)  size=42.4MB
  [WRITE]  ISMN_SNOTEL_RainyPass                     s1_asc/l9 → s1_asc_l9.npy  shape=(141, 196, 768)  size=42.4MB
  [WRITE]  ISMN_SNOTEL_RainyPass                     s1_desc/l3 → s1_desc_l3.npy  shape=(129, 196, 768)  size=38.8MB
  [WRITE]  ISMN_SNOTEL_RainyPass                     s1_desc/l6 → s1_desc_l6.npy  shape=(129, 196, 768)  size=38.8MB
  [WRITE]  ISMN_SNOTEL_RainyPass                     s1_desc/l9 → s1_desc_l9.npy  shape=(129, 196, 768)  size=38.8MB
  [WRITE]  ISMN_SNOTEL_TaosPowderhorn                s2/l3 → s2_l3.npy  shape=(678, 196, 768)  size=204.1MB
  [WRITE]  ISMN_SNOTEL_TaosPowderhorn                s2/l6 → s2_l6.npy  shape=(678, 196, 768)  size=204.1MB
  [WRITE]  ISMN_SNOTEL_TaosPowderhorn                s2/l9 → s2_l9.npy  shape=(678, 196, 768)  size=204.1MB
  [WRITE]  ISMN_SNOTEL_TaosPowderhorn                s1_asc/l3 → s1_asc_l3.npy  shape=(225, 196, 768)  size=67.7MB
  [WRITE]  ISMN_SNOTEL_TaosPowderhorn                s1_asc/l6 → s1_asc_l6.npy  shape=(225, 196, 768)  size=67.7MB
  [WRITE]  ISMN_SNOTEL_TaosPowderhorn                s1_asc/l9 → s1_asc_l9.npy  shape=(225, 196, 768)  size=67.7MB
  [WRITE]  ISMN_SNOTEL_TaosPowderhorn                s1_desc/l3 → s1_desc_l3.npy  shape=(254, 196, 768)  size=76.5MB
  [WRITE]  ISMN_SNOTEL_TaosPowderhorn                s1_desc/l6 → s1_desc_l6.npy  shape=(254, 196, 768)  size=76.5MB
  [WRITE]  ISMN_SNOTEL_TaosPowderhorn                s1_desc/l9 → s1_desc_l9.npy  shape=(254, 196, 768)  size=76.5MB
  [WRITE]  ISMN_SNOTEL_TaosPueblo                    s2/l3 → s2_l3.npy  shape=(125, 196, 768)  size=37.6MB
  [WRITE]  ISMN_SNOTEL_TaosPueblo                    s2/l6 → s2_l6.npy  shape=(125, 196, 768)  size=37.6MB
  [WRITE]  ISMN_SNOTEL_TaosPueblo                    s2/l9 → s2_l9.npy  shape=(125, 196, 768)  size=37.6MB
  [WRITE]  ISMN_SNOTEL_TaosPueblo                    s1_asc/l3 → s1_asc_l3.npy  shape=(83, 196, 768)  size=25.0MB
  [WRITE]  ISMN_SNOTEL_TaosPueblo                    s1_asc/l6 → s1_asc_l6.npy  shape=(83, 196, 768)  size=25.0MB
  [WRITE]  ISMN_SNOTEL_TaosPueblo                    s1_asc/l9 → s1_asc_l9.npy  shape=(83, 196, 768)  size=25.0MB
  [WRITE]  ISMN_SNOTEL_TaosPueblo                    s1_desc/l3 → s1_desc_l3.npy  shape=(98, 196, 768)  size=29.5MB
  [WRITE]  ISMN_SNOTEL_TaosPueblo                    s1_desc/l6 → s1_desc_l6.npy  shape=(98, 196, 768)  size=29.5MB
  [WRITE]  ISMN_SNOTEL_TaosPueblo                    s1_desc/l9 → s1_desc_l9.npy  shape=(98, 196, 768)  size=29.5MB
  [WRITE]  ISMN_SNOTEL_TaylorCanyon                  s2/l3 → s2_l3.npy  shape=(149, 196, 768)  size=44.9MB
  [WRITE]  ISMN_SNOTEL_TaylorCanyon                  s2/l6 → s2_l6.npy  shape=(149, 196, 768)  size=44.9MB
  [WRITE]  ISMN_SNOTEL_TaylorCanyon                  s2/l9 → s2_l9.npy  shape=(149, 196, 768)  size=44.9MB
  [WRITE]  ISMN_SNOTEL_TaylorCanyon                  s1_asc/l3 → s1_asc_l3.npy  shape=(141, 196, 768)  size=42.4MB
  [WRITE]  ISMN_SNOTEL_TaylorCanyon                  s1_asc/l6 → s1_asc_l6.npy  shape=(141, 196, 768)  size=42.4MB
  [WRITE]  ISMN_SNOTEL_TaylorCanyon                  s1_asc/l9 → s1_asc_l9.npy  shape=(141, 196, 768)  size=42.4MB
  [WRITE]  ISMN_SNOTEL_TaylorCanyon                  s1_desc/l3 → s1_desc_l3.npy  shape=(128, 196, 768)  size=38.5MB
  [WRITE]  ISMN_SNOTEL_TaylorCanyon                  s1_desc/l6 → s1_desc_l6.npy  shape=(128, 196, 768)  size=38.5MB
  [WRITE]  ISMN_SNOTEL_TaylorCanyon                  s1_desc/l9 → s1_desc_l9.npy  shape=(128, 196, 768)  size=38.5MB
  [WRITE]  ISMN_SNOTEL_TelaquanaLake                 s2/l3 → s2_l3.npy  shape=(420, 196, 768)  size=126.4MB
  [WRITE]  ISMN_SNOTEL_TelaquanaLake                 s2/l6 → s2_l6.npy  shape=(420, 196, 768)  size=126.4MB
  [WRITE]  ISMN_SNOTEL_TelaquanaLake                 s2/l9 → s2_l9.npy  shape=(420, 196, 768)  size=126.4MB
  [WRITE]  ISMN_SNOTEL_TelaquanaLake                 s1_asc/l3 → s1_asc_l3.npy  shape=(138, 196, 768)  size=41.5MB
  [WRITE]  ISMN_SNOTEL_TelaquanaLake                 s1_asc/l6 → s1_asc_l6.npy  shape=(138, 196, 768)  size=41.5MB
  [WRITE]  ISMN_SNOTEL_TelaquanaLake                 s1_asc/l9 → s1_asc_l9.npy  shape=(138, 196, 768)  size=41.5MB
  [WRITE]  ISMN_SNOTEL_TelaquanaLake                 s1_desc/l3 → s1_desc_l3.npy  shape=(426, 196, 768)  size=128.2MB
  [WRITE]  ISMN_SNOTEL_TelaquanaLake                 s1_desc/l6 → s1_desc_l6.npy  shape=(426, 196, 768)  size=128.2MB
  [WRITE]  ISMN_SNOTEL_TelaquanaLake                 s1_desc/l9 → s1_desc_l9.npy  shape=(426, 196, 768)  size=128.2MB
  [WRITE]  ISMN_SNOTEL_Sawtooth                      s2/l3 → s2_l3.npy  shape=(151, 196, 768)  size=45.5MB
  [WRITE]  ISMN_SNOTEL_Sawtooth                      s2/l6 → s2_l6.npy  shape=(151, 196, 768)  size=45.5MB
  [WRITE]  ISMN_SNOTEL_Sawtooth                      s2/l9 → s2_l9.npy  shape=(151, 196, 768)  size=45.5MB
  [WRITE]  ISMN_SNOTEL_Sawtooth                      s1_asc/l3 → s1_asc_l3.npy  shape=(200, 196, 768)  size=60.2MB
  [WRITE]  ISMN_SNOTEL_Sawtooth                      s1_asc/l6 → s1_asc_l6.npy  shape=(200, 196, 768)  size=60.2MB
  [WRITE]  ISMN_SNOTEL_Sawtooth                      s1_asc/l9 → s1_asc_l9.npy  shape=(200, 196, 768)  size=60.2MB
  [WRITE]  ISMN_SNOTEL_Sawtooth                      s1_desc/l3 → s1_desc_l3.npy  shape=(249, 196, 768)  size=75.0MB
  [WRITE]  ISMN_SNOTEL_Sawtooth                      s1_desc/l6 → s1_desc_l6.npy  shape=(249, 196, 768)  size=75.0MB
  [WRITE]  ISMN_SNOTEL_Sawtooth                      s1_desc/l9 → s1_desc_l9.npy  shape=(249, 196, 768)  size=75.0MB
  [WRITE]  ISMN_SNOTEL_SchofieldPass                 s2/l3 → s2_l3.npy  shape=(312, 196, 768)  size=93.9MB
  [WRITE]  ISMN_SNOTEL_SchofieldPass                 s2/l6 → s2_l6.npy  shape=(312, 196, 768)  size=93.9MB
  [WRITE]  ISMN_SNOTEL_SchofieldPass                 s2/l9 → s2_l9.npy  shape=(312, 196, 768)  size=93.9MB
  [WRITE]  ISMN_SNOTEL_SchofieldPass                 s1_asc/l3 → s1_asc_l3.npy  shape=(482, 196, 768)  size=145.1MB
  [WRITE]  ISMN_SNOTEL_SchofieldPass                 s1_asc/l6 → s1_asc_l6.npy  shape=(482, 196, 768)  size=145.1MB
  [WRITE]  ISMN_SNOTEL_SchofieldPass                 s1_asc/l9 → s1_asc_l9.npy  shape=(482, 196, 768)  size=145.1MB
  [WRITE]  ISMN_SNOTEL_SchofieldPass                 s1_desc/l3 → s1_desc_l3.npy  shape=(522, 196, 768)  size=157.2MB
  [WRITE]  ISMN_SNOTEL_SchofieldPass                 s1_desc/l6 → s1_desc_l6.npy  shape=(522, 196, 768)  size=157.2MB
  [WRITE]  ISMN_SNOTEL_SchofieldPass                 s1_desc/l9 → s1_desc_l9.npy  shape=(522, 196, 768)  size=157.2MB
  [WRITE]  ISMN_SNOTEL_SeeleyCreek                   s2/l3 → s2_l3.npy  shape=(330, 196, 768)  size=99.3MB
  [WRITE]  ISMN_SNOTEL_SeeleyCreek                   s2/l6 → s2_l6.npy  shape=(330, 196, 768)  size=99.3MB
  [WRITE]  ISMN_SNOTEL_SeeleyCreek                   s2/l9 → s2_l9.npy  shape=(330, 196, 768)  size=99.3MB
  [WRITE]  ISMN_SNOTEL_SeeleyCreek                   s1_asc/l3 → s1_asc_l3.npy  shape=(285, 196, 768)  size=85.8MB
  [WRITE]  ISMN_SNOTEL_SeeleyCreek                   s1_asc/l6 → s1_asc_l6.npy  shape=(285, 196, 768)  size=85.8MB
  [WRITE]  ISMN_SNOTEL_SeeleyCreek                   s1_asc/l9 → s1_asc_l9.npy  shape=(285, 196, 768)  size=85.8MB
  [WRITE]  ISMN_SNOTEL_SeeleyCreek                   s1_desc/l3 → s1_desc_l3.npy  shape=(480, 196, 768)  size=144.5MB
  [WRITE]  ISMN_SNOTEL_SeeleyCreek                   s1_desc/l6 → s1_desc_l6.npy  shape=(480, 196, 768)  size=144.5MB
  [WRITE]  ISMN_SNOTEL_SeeleyCreek                   s1_desc/l9 → s1_desc_l9.npy  shape=(480, 196, 768)  size=144.5MB
  [WRITE]  ISMN_SNOTEL_SenoritaDivide#2              s2/l3 → s2_l3.npy  shape=(163, 196, 768)  size=49.1MB
  [WRITE]  ISMN_SNOTEL_SenoritaDivide#2              s2/l6 → s2_l6.npy  shape=(163, 196, 768)  size=49.1MB
  [WRITE]  ISMN_SNOTEL_SenoritaDivide#2              s2/l9 → s2_l9.npy  shape=(163, 196, 768)  size=49.1MB
  [WRITE]  ISMN_SNOTEL_SenoritaDivide#2              s1_asc/l3 → s1_asc_l3.npy  shape=(123, 196, 768)  size=37.0MB
  [WRITE]  ISMN_SNOTEL_SenoritaDivide#2              s1_asc/l6 → s1_asc_l6.npy  shape=(123, 196, 768)  size=37.0MB
  [WRITE]  ISMN_SNOTEL_SenoritaDivide#2              s1_asc/l9 → s1_asc_l9.npy  shape=(123, 196, 768)  size=37.0MB
  [WRITE]  ISMN_SNOTEL_SenoritaDivide#2              s1_desc/l3 → s1_desc_l3.npy  shape=(116, 196, 768)  size=34.9MB
  [WRITE]  ISMN_SNOTEL_SenoritaDivide#2              s1_desc/l6 → s1_desc_l6.npy  shape=(116, 196, 768)  size=34.9MB
  [WRITE]  ISMN_SNOTEL_SenoritaDivide#2              s1_desc/l9 → s1_desc_l9.npy  shape=(116, 196, 768)  size=34.9MB
  [WRITE]  ISMN_USCRN_Charlottesville-2-SSE          s2/l3 → s2_l3.npy  shape=(102, 196, 768)  size=30.7MB
  [WRITE]  ISMN_USCRN_Charlottesville-2-SSE          s2/l6 → s2_l6.npy  shape=(102, 196, 768)  size=30.7MB
  [WRITE]  ISMN_USCRN_Charlottesville-2-SSE          s2/l9 → s2_l9.npy  shape=(102, 196, 768)  size=30.7MB
  [WRITE]  ISMN_USCRN_Charlottesville-2-SSE          s1_asc/l3 → s1_asc_l3.npy  shape=(294, 196, 768)  size=88.5MB
  [WRITE]  ISMN_USCRN_Charlottesville-2-SSE          s1_asc/l6 → s1_asc_l6.npy  shape=(294, 196, 768)  size=88.5MB
  [WRITE]  ISMN_USCRN_Charlottesville-2-SSE          s1_asc/l9 → s1_asc_l9.npy  shape=(294, 196, 768)  size=88.5MB
  [WRITE]  ISMN_USCRN_Charlottesville-2-SSE          s1_desc/l3 → s1_desc_l3.npy  shape=(3, 196, 768)  size=0.9MB
  [WRITE]  ISMN_USCRN_Charlottesville-2-SSE          s1_desc/l6 → s1_desc_l6.npy  shape=(3, 196, 768)  size=0.9MB
  [WRITE]  ISMN_USCRN_Charlottesville-2-SSE          s1_desc/l9 → s1_desc_l9.npy  shape=(3, 196, 768)  size=0.9MB
  [WRITE]  ISMN_USCRN_Chatham-1-SE                   s2/l3 → s2_l3.npy  shape=(190, 196, 768)  size=57.2MB
  [WRITE]  ISMN_USCRN_Chatham-1-SE                   s2/l6 → s2_l6.npy  shape=(190, 196, 768)  size=57.2MB
  [WRITE]  ISMN_USCRN_Chatham-1-SE                   s2/l9 → s2_l9.npy  shape=(190, 196, 768)  size=57.2MB
  [WRITE]  ISMN_USCRN_Chatham-1-SE                   s1_asc/l3 → s1_asc_l3.npy  shape=(275, 196, 768)  size=82.8MB
  [WRITE]  ISMN_USCRN_Chatham-1-SE                   s1_asc/l6 → s1_asc_l6.npy  shape=(275, 196, 768)  size=82.8MB
  [WRITE]  ISMN_USCRN_Chatham-1-SE                   s1_asc/l9 → s1_asc_l9.npy  shape=(275, 196, 768)  size=82.8MB
  [WRITE]  ISMN_USCRN_Cortez-8-SE                    s2/l3 → s2_l3.npy  shape=(61, 196, 768)  size=18.4MB
  [WRITE]  ISMN_USCRN_Cortez-8-SE                    s2/l6 → s2_l6.npy  shape=(61, 196, 768)  size=18.4MB
  [WRITE]  ISMN_USCRN_Cortez-8-SE                    s2/l9 → s2_l9.npy  shape=(61, 196, 768)  size=18.4MB
  [WRITE]  ISMN_USCRN_Cortez-8-SE                    s1_asc/l3 → s1_asc_l3.npy  shape=(70, 196, 768)  size=21.1MB
  [WRITE]  ISMN_USCRN_Cortez-8-SE                    s1_asc/l6 → s1_asc_l6.npy  shape=(70, 196, 768)  size=21.1MB
  [WRITE]  ISMN_USCRN_Cortez-8-SE                    s1_asc/l9 → s1_asc_l9.npy  shape=(70, 196, 768)  size=21.1MB
  [WRITE]  ISMN_USCRN_Cortez-8-SE                    s1_desc/l3 → s1_desc_l3.npy  shape=(28, 196, 768)  size=8.4MB
  [WRITE]  ISMN_USCRN_Cortez-8-SE                    s1_desc/l6 → s1_desc_l6.npy  shape=(28, 196, 768)  size=8.4MB
  [WRITE]  ISMN_USCRN_Cortez-8-SE                    s1_desc/l9 → s1_desc_l9.npy  shape=(28, 196, 768)  size=8.4MB
  [WRITE]  ISMN_USCRN_Corvallis-10-SSW               s2/l3 → s2_l3.npy  shape=(256, 196, 768)  size=77.1MB
  [WRITE]  ISMN_USCRN_Corvallis-10-SSW               s2/l6 → s2_l6.npy  shape=(256, 196, 768)  size=77.1MB
  [WRITE]  ISMN_USCRN_Corvallis-10-SSW               s2/l9 → s2_l9.npy  shape=(256, 196, 768)  size=77.1MB
  [WRITE]  ISMN_USCRN_Corvallis-10-SSW               s1_asc/l3 → s1_asc_l3.npy  shape=(243, 196, 768)  size=73.2MB
  [WRITE]  ISMN_USCRN_Corvallis-10-SSW               s1_asc/l6 → s1_asc_l6.npy  shape=(243, 196, 768)  size=73.2MB
  [WRITE]  ISMN_USCRN_Corvallis-10-SSW               s1_asc/l9 → s1_asc_l9.npy  shape=(243, 196, 768)  size=73.2MB
  [WRITE]  ISMN_USCRN_Corvallis-10-SSW               s1_desc/l3 → s1_desc_l3.npy  shape=(149, 196, 768)  size=44.9MB
  [WRITE]  ISMN_USCRN_Corvallis-10-SSW               s1_desc/l6 → s1_desc_l6.npy  shape=(149, 196, 768)  size=44.9MB
  [WRITE]  ISMN_USCRN_Corvallis-10-SSW               s1_desc/l9 → s1_desc_l9.npy  shape=(149, 196, 768)  size=44.9MB
  [WRITE]  ISMN_SNOTEL_MtPennell                     s2/l3 → s2_l3.npy  shape=(751, 196, 768)  size=226.1MB
  [WRITE]  ISMN_SNOTEL_MtPennell                     s2/l6 → s2_l6.npy  shape=(751, 196, 768)  size=226.1MB
  [WRITE]  ISMN_SNOTEL_MtPennell                     s2/l9 → s2_l9.npy  shape=(751, 196, 768)  size=226.1MB
  [WRITE]  ISMN_SNOTEL_MtPennell                     s1_asc/l3 → s1_asc_l3.npy  shape=(298, 196, 768)  size=89.7MB
  [WRITE]  ISMN_SNOTEL_MtPennell                     s1_asc/l6 → s1_asc_l6.npy  shape=(298, 196, 768)  size=89.7MB
  [WRITE]  ISMN_SNOTEL_MtPennell                     s1_asc/l9 → s1_asc_l9.npy  shape=(298, 196, 768)  size=89.7MB
  [WRITE]  ISMN_SNOTEL_MtPennell                     s1_desc/l3 → s1_desc_l3.npy  shape=(234, 196, 768)  size=70.4MB
  [WRITE]  ISMN_SNOTEL_MtPennell                     s1_desc/l6 → s1_desc_l6.npy  shape=(234, 196, 768)  size=70.4MB
  [WRITE]  ISMN_SNOTEL_MtPennell                     s1_desc/l9 → s1_desc_l9.npy  shape=(234, 196, 768)  size=70.4MB
  [WRITE]  ISMN_SNOTEL_MtRoseSkiArea                 s2/l3 → s2_l3.npy  shape=(819, 196, 768)  size=246.6MB
  [WRITE]  ISMN_SNOTEL_MtRoseSkiArea                 s2/l6 → s2_l6.npy  shape=(819, 196, 768)  size=246.6MB
  [WRITE]  ISMN_SNOTEL_MtRoseSkiArea                 s2/l9 → s2_l9.npy  shape=(819, 196, 768)  size=246.6MB
  [WRITE]  ISMN_SNOTEL_MtRoseSkiArea                 s1_asc/l3 → s1_asc_l3.npy  shape=(725, 196, 768)  size=218.3MB
  [WRITE]  ISMN_SNOTEL_MtRoseSkiArea                 s1_asc/l6 → s1_asc_l6.npy  shape=(725, 196, 768)  size=218.3MB
  [WRITE]  ISMN_SNOTEL_MtRoseSkiArea                 s1_asc/l9 → s1_asc_l9.npy  shape=(725, 196, 768)  size=218.3MB
  [WRITE]  ISMN_SNOTEL_MtRoseSkiArea                 s1_desc/l3 → s1_desc_l3.npy  shape=(703, 196, 768)  size=211.6MB
  [WRITE]  ISMN_SNOTEL_MtRoseSkiArea                 s1_desc/l6 → s1_desc_l6.npy  shape=(703, 196, 768)  size=211.6MB
  [WRITE]  ISMN_SNOTEL_MtRoseSkiArea                 s1_desc/l9 → s1_desc_l9.npy  shape=(703, 196, 768)  size=211.6MB
  [WRITE]  ISMN_SNOTEL_MudFlat                       s2/l3 → s2_l3.npy  shape=(89, 196, 768)  size=26.8MB
  [WRITE]  ISMN_SNOTEL_MudFlat                       s2/l6 → s2_l6.npy  shape=(89, 196, 768)  size=26.8MB
  [WRITE]  ISMN_SNOTEL_MudFlat                       s2/l9 → s2_l9.npy  shape=(89, 196, 768)  size=26.8MB
  [WRITE]  ISMN_SNOTEL_MudFlat                       s1_asc/l3 → s1_asc_l3.npy  shape=(49, 196, 768)  size=14.8MB
  [WRITE]  ISMN_SNOTEL_MudFlat                       s1_asc/l6 → s1_asc_l6.npy  shape=(49, 196, 768)  size=14.8MB
  [WRITE]  ISMN_SNOTEL_MudFlat                       s1_asc/l9 → s1_asc_l9.npy  shape=(49, 196, 768)  size=14.8MB
  [WRITE]  ISMN_SNOTEL_MudFlat                       s1_desc/l3 → s1_desc_l3.npy  shape=(73, 196, 768)  size=22.0MB
  [WRITE]  ISMN_SNOTEL_MudFlat                       s1_desc/l6 → s1_desc_l6.npy  shape=(73, 196, 768)  size=22.0MB
  [WRITE]  ISMN_SNOTEL_MudFlat                       s1_desc/l9 → s1_desc_l9.npy  shape=(73, 196, 768)  size=22.0MB
  [WRITE]  ISMN_SNOTEL_MyrtleCreek                   s2/l3 → s2_l3.npy  shape=(379, 196, 768)  size=114.1MB
  [WRITE]  ISMN_SNOTEL_MyrtleCreek                   s2/l6 → s2_l6.npy  shape=(379, 196, 768)  size=114.1MB
  [WRITE]  ISMN_SNOTEL_MyrtleCreek                   s2/l9 → s2_l9.npy  shape=(379, 196, 768)  size=114.1MB
  [WRITE]  ISMN_SNOTEL_MyrtleCreek                   s1_asc/l3 → s1_asc_l3.npy  shape=(96, 196, 768)  size=28.9MB
  [WRITE]  ISMN_SNOTEL_MyrtleCreek                   s1_asc/l6 → s1_asc_l6.npy  shape=(96, 196, 768)  size=28.9MB
  [WRITE]  ISMN_SNOTEL_MyrtleCreek                   s1_asc/l9 → s1_asc_l9.npy  shape=(96, 196, 768)  size=28.9MB
  [WRITE]  ISMN_SNOTEL_MyrtleCreek                   s1_desc/l3 → s1_desc_l3.npy  shape=(352, 196, 768)  size=106.0MB
  [WRITE]  ISMN_SNOTEL_MyrtleCreek                   s1_desc/l6 → s1_desc_l6.npy  shape=(352, 196, 768)  size=106.0MB
  [WRITE]  ISMN_SNOTEL_MyrtleCreek                   s1_desc/l9 → s1_desc_l9.npy  shape=(352, 196, 768)  size=106.0MB
  [WRITE]  ISMN_SNOTEL_Widtsoe#3                     s2/l3 → s2_l3.npy  shape=(350, 196, 768)  size=105.4MB
  [WRITE]  ISMN_SNOTEL_Widtsoe#3                     s2/l6 → s2_l6.npy  shape=(350, 196, 768)  size=105.4MB
  [WRITE]  ISMN_SNOTEL_Widtsoe#3                     s2/l9 → s2_l9.npy  shape=(350, 196, 768)  size=105.4MB
  [WRITE]  ISMN_SNOTEL_Widtsoe#3                     s1_asc/l3 → s1_asc_l3.npy  shape=(155, 196, 768)  size=46.7MB
  [WRITE]  ISMN_SNOTEL_Widtsoe#3                     s1_asc/l6 → s1_asc_l6.npy  shape=(155, 196, 768)  size=46.7MB
  [WRITE]  ISMN_SNOTEL_Widtsoe#3                     s1_asc/l9 → s1_asc_l9.npy  shape=(155, 196, 768)  size=46.7MB
  [WRITE]  ISMN_SNOTEL_Widtsoe#3                     s1_desc/l3 → s1_desc_l3.npy  shape=(493, 196, 768)  size=148.4MB
  [WRITE]  ISMN_SNOTEL_Widtsoe#3                     s1_desc/l6 → s1_desc_l6.npy  shape=(493, 196, 768)  size=148.4MB
  [WRITE]  ISMN_SNOTEL_Widtsoe#3                     s1_desc/l9 → s1_desc_l9.npy  shape=(493, 196, 768)  size=148.4MB
  [WRITE]  ISMN_SNOTEL_WilburBench                   s2/l3 → s2_l3.npy  shape=(319, 196, 768)  size=96.0MB
  [WRITE]  ISMN_SNOTEL_WilburBench                   s2/l6 → s2_l6.npy  shape=(319, 196, 768)  size=96.0MB
  [WRITE]  ISMN_SNOTEL_WilburBench                   s2/l9 → s2_l9.npy  shape=(319, 196, 768)  size=96.0MB
  [WRITE]  ISMN_SNOTEL_WilburBench                   s1_asc/l3 → s1_asc_l3.npy  shape=(141, 196, 768)  size=42.4MB
  [WRITE]  ISMN_SNOTEL_WilburBench                   s1_asc/l6 → s1_asc_l6.npy  shape=(141, 196, 768)  size=42.4MB
  [WRITE]  ISMN_SNOTEL_WilburBench                   s1_asc/l9 → s1_asc_l9.npy  shape=(141, 196, 768)  size=42.4MB
  [WRITE]  ISMN_SNOTEL_WilburBench                   s1_desc/l3 → s1_desc_l3.npy  shape=(235, 196, 768)  size=70.7MB
  [WRITE]  ISMN_SNOTEL_WilburBench                   s1_desc/l6 → s1_desc_l6.npy  shape=(235, 196, 768)  size=70.7MB
  [WRITE]  ISMN_SNOTEL_WilburBench                   s1_desc/l9 → s1_desc_l9.npy  shape=(235, 196, 768)  size=70.7MB
  [WRITE]  ISMN_SNOTEL_WildBasin                     s2/l3 → s2_l3.npy  shape=(183, 196, 768)  size=55.1MB
  [WRITE]  ISMN_SNOTEL_WildBasin                     s2/l6 → s2_l6.npy  shape=(183, 196, 768)  size=55.1MB
  [WRITE]  ISMN_SNOTEL_WildBasin                     s2/l9 → s2_l9.npy  shape=(183, 196, 768)  size=55.1MB
  [WRITE]  ISMN_SNOTEL_WildBasin                     s1_asc/l3 → s1_asc_l3.npy  shape=(256, 196, 768)  size=77.1MB
  [WRITE]  ISMN_SNOTEL_WildBasin                     s1_asc/l6 → s1_asc_l6.npy  shape=(256, 196, 768)  size=77.1MB
  [WRITE]  ISMN_SNOTEL_WildBasin                     s1_asc/l9 → s1_asc_l9.npy  shape=(256, 196, 768)  size=77.1MB
  [WRITE]  ISMN_SNOTEL_WildBasin                     s1_desc/l3 → s1_desc_l3.npy  shape=(165, 196, 768)  size=49.7MB
  [WRITE]  ISMN_SNOTEL_WildBasin                     s1_desc/l6 → s1_desc_l6.npy  shape=(165, 196, 768)  size=49.7MB
  [WRITE]  ISMN_SNOTEL_WildBasin                     s1_desc/l9 → s1_desc_l9.npy  shape=(165, 196, 768)  size=49.7MB
  [WRITE]  ISMN_SNOTEL_WildhorseDivide               s2/l3 → s2_l3.npy  shape=(97, 196, 768)  size=29.2MB
  [WRITE]  ISMN_SNOTEL_WildhorseDivide               s2/l6 → s2_l6.npy  shape=(97, 196, 768)  size=29.2MB
  [WRITE]  ISMN_SNOTEL_WildhorseDivide               s2/l9 → s2_l9.npy  shape=(97, 196, 768)  size=29.2MB
  [WRITE]  ISMN_SNOTEL_WildhorseDivide               s1_asc/l3 → s1_asc_l3.npy  shape=(172, 196, 768)  size=51.8MB
  [WRITE]  ISMN_SNOTEL_WildhorseDivide               s1_asc/l6 → s1_asc_l6.npy  shape=(172, 196, 768)  size=51.8MB
  [WRITE]  ISMN_SNOTEL_WildhorseDivide               s1_asc/l9 → s1_asc_l9.npy  shape=(172, 196, 768)  size=51.8MB
  [WRITE]  ISMN_SNOTEL_WildhorseDivide               s1_desc/l3 → s1_desc_l3.npy  shape=(109, 196, 768)  size=32.8MB
  [WRITE]  ISMN_SNOTEL_WildhorseDivide               s1_desc/l6 → s1_desc_l6.npy  shape=(109, 196, 768)  size=32.8MB
  [WRITE]  ISMN_SNOTEL_WildhorseDivide               s1_desc/l9 → s1_desc_l9.npy  shape=(109, 196, 768)  size=32.8MB
  [WRITE]  ISMN_SNOTEL_Touchet                       s2/l3 → s2_l3.npy  shape=(206, 196, 768)  size=62.0MB
  [WRITE]  ISMN_SNOTEL_Touchet                       s2/l6 → s2_l6.npy  shape=(206, 196, 768)  size=62.0MB
  [WRITE]  ISMN_SNOTEL_Touchet                       s2/l9 → s2_l9.npy  shape=(206, 196, 768)  size=62.0MB
  [WRITE]  ISMN_SNOTEL_Touchet                       s1_asc/l3 → s1_asc_l3.npy  shape=(111, 196, 768)  size=33.4MB
  [WRITE]  ISMN_SNOTEL_Touchet                       s1_asc/l6 → s1_asc_l6.npy  shape=(111, 196, 768)  size=33.4MB
  [WRITE]  ISMN_SNOTEL_Touchet                       s1_asc/l9 → s1_asc_l9.npy  shape=(111, 196, 768)  size=33.4MB
  [WRITE]  ISMN_SNOTEL_Touchet                       s1_desc/l3 → s1_desc_l3.npy  shape=(222, 196, 768)  size=66.8MB
  [WRITE]  ISMN_SNOTEL_Touchet                       s1_desc/l6 → s1_desc_l6.npy  shape=(222, 196, 768)  size=66.8MB
  [WRITE]  ISMN_SNOTEL_Touchet                       s1_desc/l9 → s1_desc_l9.npy  shape=(222, 196, 768)  size=66.8MB
  [WRITE]  ISMN_SNOTEL_TresRitos                     s2/l3 → s2_l3.npy  shape=(381, 196, 768)  size=114.7MB
  [WRITE]  ISMN_SNOTEL_TresRitos                     s2/l6 → s2_l6.npy  shape=(381, 196, 768)  size=114.7MB
  [WRITE]  ISMN_SNOTEL_TresRitos                     s2/l9 → s2_l9.npy  shape=(381, 196, 768)  size=114.7MB
  [WRITE]  ISMN_SNOTEL_TresRitos                     s1_asc/l3 → s1_asc_l3.npy  shape=(226, 196, 768)  size=68.0MB
  [WRITE]  ISMN_SNOTEL_TresRitos                     s1_asc/l6 → s1_asc_l6.npy  shape=(226, 196, 768)  size=68.0MB
  [WRITE]  ISMN_SNOTEL_TresRitos                     s1_asc/l9 → s1_asc_l9.npy  shape=(226, 196, 768)  size=68.0MB
  [WRITE]  ISMN_SNOTEL_TresRitos                     s1_desc/l3 → s1_desc_l3.npy  shape=(254, 196, 768)  size=76.5MB
  [WRITE]  ISMN_SNOTEL_TresRitos                     s1_desc/l6 → s1_desc_l6.npy  shape=(254, 196, 768)  size=76.5MB
  [WRITE]  ISMN_SNOTEL_TresRitos                     s1_desc/l9 → s1_desc_l9.npy  shape=(254, 196, 768)  size=76.5MB
  [WRITE]  ISMN_SNOTEL_TrialLake                     s2/l3 → s2_l3.npy  shape=(196, 196, 768)  size=59.0MB
  [WRITE]  ISMN_SNOTEL_TrialLake                     s2/l6 → s2_l6.npy  shape=(196, 196, 768)  size=59.0MB
  [WRITE]  ISMN_SNOTEL_TrialLake                     s2/l9 → s2_l9.npy  shape=(196, 196, 768)  size=59.0MB
  [WRITE]  ISMN_SNOTEL_TrialLake                     s1_asc/l3 → s1_asc_l3.npy  shape=(119, 196, 768)  size=35.8MB
  [WRITE]  ISMN_SNOTEL_TrialLake                     s1_asc/l6 → s1_asc_l6.npy  shape=(119, 196, 768)  size=35.8MB
  [WRITE]  ISMN_SNOTEL_TrialLake                     s1_asc/l9 → s1_asc_l9.npy  shape=(119, 196, 768)  size=35.8MB
  [WRITE]  ISMN_SNOTEL_TrialLake                     s1_desc/l3 → s1_desc_l3.npy  shape=(329, 196, 768)  size=99.0MB
  [WRITE]  ISMN_SNOTEL_TrialLake                     s1_desc/l6 → s1_desc_l6.npy  shape=(329, 196, 768)  size=99.0MB
  [WRITE]  ISMN_SNOTEL_TrialLake                     s1_desc/l9 → s1_desc_l9.npy  shape=(329, 196, 768)  size=99.0MB
  [WRITE]  ISMN_SNOTEL_TriplePeak                    s2/l3 → s2_l3.npy  shape=(255, 196, 768)  size=76.8MB
  [WRITE]  ISMN_SNOTEL_TriplePeak                    s2/l6 → s2_l6.npy  shape=(255, 196, 768)  size=76.8MB
  [WRITE]  ISMN_SNOTEL_TriplePeak                    s2/l9 → s2_l9.npy  shape=(255, 196, 768)  size=76.8MB
  [WRITE]  ISMN_SNOTEL_TriplePeak                    s1_asc/l3 → s1_asc_l3.npy  shape=(250, 196, 768)  size=75.3MB
  [WRITE]  ISMN_SNOTEL_TriplePeak                    s1_asc/l6 → s1_asc_l6.npy  shape=(250, 196, 768)  size=75.3MB
  [WRITE]  ISMN_SNOTEL_TriplePeak                    s1_asc/l9 → s1_asc_l9.npy  shape=(250, 196, 768)  size=75.3MB
  [WRITE]  ISMN_SNOTEL_TriplePeak                    s1_desc/l3 → s1_desc_l3.npy  shape=(446, 196, 768)  size=134.3MB
  [WRITE]  ISMN_SNOTEL_TriplePeak                    s1_desc/l6 → s1_desc_l6.npy  shape=(446, 196, 768)  size=134.3MB
  [WRITE]  ISMN_SNOTEL_TriplePeak                    s1_desc/l9 → s1_desc_l9.npy  shape=(446, 196, 768)  size=134.3MB
  [WRITE]  ISMN_SNOTEL_Timberline                    s2/l3 → s2_l3.npy  shape=(346, 196, 768)  size=104.2MB
  [WRITE]  ISMN_SNOTEL_Timberline                    s2/l6 → s2_l6.npy  shape=(346, 196, 768)  size=104.2MB
  [WRITE]  ISMN_SNOTEL_Timberline                    s2/l9 → s2_l9.npy  shape=(346, 196, 768)  size=104.2MB
  [WRITE]  ISMN_SNOTEL_Timberline                    s1_asc/l3 → s1_asc_l3.npy  shape=(142, 196, 768)  size=42.7MB
  [WRITE]  ISMN_SNOTEL_Timberline                    s1_asc/l6 → s1_asc_l6.npy  shape=(142, 196, 768)  size=42.7MB
  [WRITE]  ISMN_SNOTEL_Timberline                    s1_asc/l9 → s1_asc_l9.npy  shape=(142, 196, 768)  size=42.7MB
  [WRITE]  ISMN_SNOTEL_Timberline                    s1_desc/l3 → s1_desc_l3.npy  shape=(235, 196, 768)  size=70.7MB
  [WRITE]  ISMN_SNOTEL_Timberline                    s1_desc/l6 → s1_desc_l6.npy  shape=(235, 196, 768)  size=70.7MB
  [WRITE]  ISMN_SNOTEL_Timberline                    s1_desc/l9 → s1_desc_l9.npy  shape=(235, 196, 768)  size=70.7MB
  [WRITE]  ISMN_SNOTEL_TimpanogosDivide              s2/l3 → s2_l3.npy  shape=(329, 196, 768)  size=99.0MB
  [WRITE]  ISMN_SNOTEL_TimpanogosDivide              s2/l6 → s2_l6.npy  shape=(329, 196, 768)  size=99.0MB
  [WRITE]  ISMN_SNOTEL_TimpanogosDivide              s2/l9 → s2_l9.npy  shape=(329, 196, 768)  size=99.0MB
  [WRITE]  ISMN_SNOTEL_TimpanogosDivide              s1_asc/l3 → s1_asc_l3.npy  shape=(296, 196, 768)  size=89.1MB
  [WRITE]  ISMN_SNOTEL_TimpanogosDivide              s1_asc/l6 → s1_asc_l6.npy  shape=(296, 196, 768)  size=89.1MB
  [WRITE]  ISMN_SNOTEL_TimpanogosDivide              s1_asc/l9 → s1_asc_l9.npy  shape=(296, 196, 768)  size=89.1MB
  [WRITE]  ISMN_SNOTEL_TimpanogosDivide              s1_desc/l3 → s1_desc_l3.npy  shape=(492, 196, 768)  size=148.1MB
  [WRITE]  ISMN_SNOTEL_TimpanogosDivide              s1_desc/l6 → s1_desc_l6.npy  shape=(492, 196, 768)  size=148.1MB
  [WRITE]  ISMN_SNOTEL_TimpanogosDivide              s1_desc/l9 → s1_desc_l9.npy  shape=(492, 196, 768)  size=148.1MB
  [WRITE]  ISMN_SNOTEL_Tipton                        s2/l3 → s2_l3.npy  shape=(239, 196, 768)  size=72.0MB
  [WRITE]  ISMN_SNOTEL_Tipton                        s2/l6 → s2_l6.npy  shape=(239, 196, 768)  size=72.0MB
  [WRITE]  ISMN_SNOTEL_Tipton                        s2/l9 → s2_l9.npy  shape=(239, 196, 768)  size=72.0MB
  [WRITE]  ISMN_SNOTEL_Tipton                        s1_asc/l3 → s1_asc_l3.npy  shape=(64, 196, 768)  size=19.3MB
  [WRITE]  ISMN_SNOTEL_Tipton                        s1_asc/l6 → s1_asc_l6.npy  shape=(64, 196, 768)  size=19.3MB
  [WRITE]  ISMN_SNOTEL_Tipton                        s1_asc/l9 → s1_asc_l9.npy  shape=(64, 196, 768)  size=19.3MB
  [WRITE]  ISMN_SNOTEL_Tipton                        s1_desc/l3 → s1_desc_l3.npy  shape=(193, 196, 768)  size=58.1MB
  [WRITE]  ISMN_SNOTEL_Tipton                        s1_desc/l6 → s1_desc_l6.npy  shape=(193, 196, 768)  size=58.1MB
  [WRITE]  ISMN_SNOTEL_Tipton                        s1_desc/l9 → s1_desc_l9.npy  shape=(193, 196, 768)  size=58.1MB
  [WRITE]  ISMN_SNOTEL_ToeJam                        s2/l3 → s2_l3.npy  shape=(337, 196, 768)  size=101.5MB
  [WRITE]  ISMN_SNOTEL_ToeJam                        s2/l6 → s2_l6.npy  shape=(337, 196, 768)  size=101.5MB
  [WRITE]  ISMN_SNOTEL_ToeJam                        s2/l9 → s2_l9.npy  shape=(337, 196, 768)  size=101.5MB
  [WRITE]  ISMN_SNOTEL_ToeJam                        s1_asc/l3 → s1_asc_l3.npy  shape=(226, 196, 768)  size=68.0MB
  [WRITE]  ISMN_SNOTEL_ToeJam                        s1_asc/l6 → s1_asc_l6.npy  shape=(226, 196, 768)  size=68.0MB
  [WRITE]  ISMN_SNOTEL_ToeJam                        s1_asc/l9 → s1_asc_l9.npy  shape=(226, 196, 768)  size=68.0MB
  [WRITE]  ISMN_SNOTEL_ToeJam                        s1_desc/l3 → s1_desc_l3.npy  shape=(233, 196, 768)  size=70.1MB
  [WRITE]  ISMN_SNOTEL_ToeJam                        s1_desc/l6 → s1_desc_l6.npy  shape=(233, 196, 768)  size=70.1MB
  [WRITE]  ISMN_SNOTEL_ToeJam                        s1_desc/l9 → s1_desc_l9.npy  shape=(233, 196, 768)  size=70.1MB
  [WRITE]  ISMN_USCRN_Elkins-21-ENE                  s2/l3 → s2_l3.npy  shape=(122, 196, 768)  size=36.7MB
  [WRITE]  ISMN_USCRN_Elkins-21-ENE                  s2/l6 → s2_l6.npy  shape=(122, 196, 768)  size=36.7MB
  [WRITE]  ISMN_USCRN_Elkins-21-ENE                  s2/l9 → s2_l9.npy  shape=(122, 196, 768)  size=36.7MB
  [WRITE]  ISMN_USCRN_Elkins-21-ENE                  s1_asc/l3 → s1_asc_l3.npy  shape=(120, 196, 768)  size=36.1MB
  [WRITE]  ISMN_USCRN_Elkins-21-ENE                  s1_asc/l6 → s1_asc_l6.npy  shape=(120, 196, 768)  size=36.1MB
  [WRITE]  ISMN_USCRN_Elkins-21-ENE                  s1_asc/l9 → s1_asc_l9.npy  shape=(120, 196, 768)  size=36.1MB
  [WRITE]  ISMN_USCRN_Everglades-City-5-NE           s2/l3 → s2_l3.npy  shape=(165, 196, 768)  size=49.7MB
  [WRITE]  ISMN_USCRN_Everglades-City-5-NE           s2/l6 → s2_l6.npy  shape=(165, 196, 768)  size=49.7MB
  [WRITE]  ISMN_USCRN_Everglades-City-5-NE           s2/l9 → s2_l9.npy  shape=(165, 196, 768)  size=49.7MB
  [WRITE]  ISMN_USCRN_Everglades-City-5-NE           s1_asc/l3 → s1_asc_l3.npy  shape=(96, 196, 768)  size=28.9MB
  [WRITE]  ISMN_USCRN_Everglades-City-5-NE           s1_asc/l6 → s1_asc_l6.npy  shape=(96, 196, 768)  size=28.9MB
  [WRITE]  ISMN_USCRN_Everglades-City-5-NE           s1_asc/l9 → s1_asc_l9.npy  shape=(96, 196, 768)  size=28.9MB
  [WRITE]  ISMN_USCRN_Everglades-City-5-NE           s1_desc/l3 → s1_desc_l3.npy  shape=(9, 196, 768)  size=2.7MB
  [WRITE]  ISMN_USCRN_Everglades-City-5-NE           s1_desc/l6 → s1_desc_l6.npy  shape=(9, 196, 768)  size=2.7MB
  [WRITE]  ISMN_USCRN_Everglades-City-5-NE           s1_desc/l9 → s1_desc_l9.npy  shape=(9, 196, 768)  size=2.7MB
  [WRITE]  ISMN_USCRN_Fallbrook-5-NE                 s2/l3 → s2_l3.npy  shape=(355, 196, 768)  size=106.9MB
  [WRITE]  ISMN_USCRN_Fallbrook-5-NE                 s2/l6 → s2_l6.npy  shape=(355, 196, 768)  size=106.9MB
  [WRITE]  ISMN_USCRN_Fallbrook-5-NE                 s2/l9 → s2_l9.npy  shape=(355, 196, 768)  size=106.9MB
  [WRITE]  ISMN_USCRN_Fallbrook-5-NE                 s1_asc/l3 → s1_asc_l3.npy  shape=(219, 196, 768)  size=65.9MB
  [WRITE]  ISMN_USCRN_Fallbrook-5-NE                 s1_asc/l6 → s1_asc_l6.npy  shape=(219, 196, 768)  size=65.9MB
  [WRITE]  ISMN_USCRN_Fallbrook-5-NE                 s1_asc/l9 → s1_asc_l9.npy  shape=(219, 196, 768)  size=65.9MB
  [WRITE]  ISMN_USCRN_Fallbrook-5-NE                 s1_desc/l3 → s1_desc_l3.npy  shape=(423, 196, 768)  size=127.3MB
  [WRITE]  ISMN_USCRN_Fallbrook-5-NE                 s1_desc/l6 → s1_desc_l6.npy  shape=(423, 196, 768)  size=127.3MB
  [WRITE]  ISMN_USCRN_Fallbrook-5-NE                 s1_desc/l9 → s1_desc_l9.npy  shape=(423, 196, 768)  size=127.3MB
  [WRITE]  ISMN_USCRN_Gadsden-19-N                   s2/l3 → s2_l3.npy  shape=(120, 196, 768)  size=36.1MB
  [WRITE]  ISMN_USCRN_Gadsden-19-N                   s2/l6 → s2_l6.npy  shape=(120, 196, 768)  size=36.1MB
  [WRITE]  ISMN_USCRN_Gadsden-19-N                   s2/l9 → s2_l9.npy  shape=(120, 196, 768)  size=36.1MB
  [WRITE]  ISMN_USCRN_Gadsden-19-N                   s1_asc/l3 → s1_asc_l3.npy  shape=(286, 196, 768)  size=86.1MB
  [WRITE]  ISMN_USCRN_Gadsden-19-N                   s1_asc/l6 → s1_asc_l6.npy  shape=(286, 196, 768)  size=86.1MB
  [WRITE]  ISMN_USCRN_Gadsden-19-N                   s1_asc/l9 → s1_asc_l9.npy  shape=(286, 196, 768)  size=86.1MB
  [WRITE]  ISMN_USCRN_Gadsden-19-N                   s1_desc/l3 → s1_desc_l3.npy  shape=(5, 196, 768)  size=1.5MB
  [WRITE]  ISMN_USCRN_Gadsden-19-N                   s1_desc/l6 → s1_desc_l6.npy  shape=(5, 196, 768)  size=1.5MB
  [WRITE]  ISMN_USCRN_Gadsden-19-N                   s1_desc/l9 → s1_desc_l9.npy  shape=(5, 196, 768)  size=1.5MB
  [WRITE]  ISMN_SNOTEL_RoughAndTumble                s2/l3 → s2_l3.npy  shape=(166, 196, 768)  size=50.0MB
  [WRITE]  ISMN_SNOTEL_RoughAndTumble                s2/l6 → s2_l6.npy  shape=(166, 196, 768)  size=50.0MB
  [WRITE]  ISMN_SNOTEL_RoughAndTumble                s2/l9 → s2_l9.npy  shape=(166, 196, 768)  size=50.0MB
  [WRITE]  ISMN_SNOTEL_RoughAndTumble                s1_asc/l3 → s1_asc_l3.npy  shape=(113, 196, 768)  size=34.0MB
  [WRITE]  ISMN_SNOTEL_RoughAndTumble                s1_asc/l6 → s1_asc_l6.npy  shape=(113, 196, 768)  size=34.0MB
  [WRITE]  ISMN_SNOTEL_RoughAndTumble                s1_asc/l9 → s1_asc_l9.npy  shape=(113, 196, 768)  size=34.0MB
  [WRITE]  ISMN_SNOTEL_RoughAndTumble                s1_desc/l3 → s1_desc_l3.npy  shape=(136, 196, 768)  size=40.9MB
  [WRITE]  ISMN_SNOTEL_RoughAndTumble                s1_desc/l6 → s1_desc_l6.npy  shape=(136, 196, 768)  size=40.9MB
  [WRITE]  ISMN_SNOTEL_RoughAndTumble                s1_desc/l9 → s1_desc_l9.npy  shape=(136, 196, 768)  size=40.9MB
  [WRITE]  ISMN_SNOTEL_Rubicon#2                     s2/l3 → s2_l3.npy  shape=(756, 196, 768)  size=227.6MB
  [WRITE]  ISMN_SNOTEL_Rubicon#2                     s2/l6 → s2_l6.npy  shape=(756, 196, 768)  size=227.6MB
  [WRITE]  ISMN_SNOTEL_Rubicon#2                     s2/l9 → s2_l9.npy  shape=(756, 196, 768)  size=227.6MB
  [WRITE]  ISMN_SNOTEL_Rubicon#2                     s1_asc/l3 → s1_asc_l3.npy  shape=(385, 196, 768)  size=115.9MB
  [WRITE]  ISMN_SNOTEL_Rubicon#2                     s1_asc/l6 → s1_asc_l6.npy  shape=(385, 196, 768)  size=115.9MB
  [WRITE]  ISMN_SNOTEL_Rubicon#2                     s1_asc/l9 → s1_asc_l9.npy  shape=(385, 196, 768)  size=115.9MB
  [WRITE]  ISMN_SNOTEL_Rubicon#2                     s1_desc/l3 → s1_desc_l3.npy  shape=(704, 196, 768)  size=211.9MB
  [WRITE]  ISMN_SNOTEL_Rubicon#2                     s1_desc/l6 → s1_desc_l6.npy  shape=(704, 196, 768)  size=211.9MB
  [WRITE]  ISMN_SNOTEL_Rubicon#2                     s1_desc/l9 → s1_desc_l9.npy  shape=(704, 196, 768)  size=211.9MB
  [WRITE]  ISMN_SNOTEL_SageCreekBasin                s2/l3 → s2_l3.npy  shape=(205, 196, 768)  size=61.7MB
  [WRITE]  ISMN_SNOTEL_SageCreekBasin                s2/l6 → s2_l6.npy  shape=(205, 196, 768)  size=61.7MB
  [WRITE]  ISMN_SNOTEL_SageCreekBasin                s2/l9 → s2_l9.npy  shape=(205, 196, 768)  size=61.7MB
  [WRITE]  ISMN_SNOTEL_SageCreekBasin                s1_asc/l3 → s1_asc_l3.npy  shape=(75, 196, 768)  size=22.6MB
  [WRITE]  ISMN_SNOTEL_SageCreekBasin                s1_asc/l6 → s1_asc_l6.npy  shape=(75, 196, 768)  size=22.6MB
  [WRITE]  ISMN_SNOTEL_SageCreekBasin                s1_asc/l9 → s1_asc_l9.npy  shape=(75, 196, 768)  size=22.6MB
  [WRITE]  ISMN_SNOTEL_SageCreekBasin                s1_desc/l3 → s1_desc_l3.npy  shape=(195, 196, 768)  size=58.7MB
  [WRITE]  ISMN_SNOTEL_SageCreekBasin                s1_desc/l6 → s1_desc_l6.npy  shape=(195, 196, 768)  size=58.7MB
  [WRITE]  ISMN_SNOTEL_SageCreekBasin                s1_desc/l9 → s1_desc_l9.npy  shape=(195, 196, 768)  size=58.7MB
  [WRITE]  ISMN_SNOTEL_SaltRiverSummit               s2/l3 → s2_l3.npy  shape=(530, 196, 768)  size=159.6MB
  [WRITE]  ISMN_SNOTEL_SaltRiverSummit               s2/l6 → s2_l6.npy  shape=(530, 196, 768)  size=159.6MB
  [WRITE]  ISMN_SNOTEL_SaltRiverSummit               s2/l9 → s2_l9.npy  shape=(530, 196, 768)  size=159.6MB
  [WRITE]  ISMN_SNOTEL_SaltRiverSummit               s1_asc/l3 → s1_asc_l3.npy  shape=(139, 196, 768)  size=41.8MB
  [WRITE]  ISMN_SNOTEL_SaltRiverSummit               s1_asc/l6 → s1_asc_l6.npy  shape=(139, 196, 768)  size=41.8MB
  [WRITE]  ISMN_SNOTEL_SaltRiverSummit               s1_asc/l9 → s1_asc_l9.npy  shape=(139, 196, 768)  size=41.8MB
  [WRITE]  ISMN_SNOTEL_SaltRiverSummit               s1_desc/l3 → s1_desc_l3.npy  shape=(494, 196, 768)  size=148.7MB
  [WRITE]  ISMN_SNOTEL_SaltRiverSummit               s1_desc/l6 → s1_desc_l6.npy  shape=(494, 196, 768)  size=148.7MB
  [WRITE]  ISMN_SNOTEL_SaltRiverSummit               s1_desc/l9 → s1_desc_l9.npy  shape=(494, 196, 768)  size=148.7MB
  [WRITE]  ISMN_SNOTEL_Slumgullion                   s2/l3 → s2_l3.npy  shape=(322, 196, 768)  size=96.9MB
  [WRITE]  ISMN_SNOTEL_Slumgullion                   s2/l6 → s2_l6.npy  shape=(322, 196, 768)  size=96.9MB
  [WRITE]  ISMN_SNOTEL_Slumgullion                   s2/l9 → s2_l9.npy  shape=(322, 196, 768)  size=96.9MB
  [WRITE]  ISMN_SNOTEL_Slumgullion                   s1_asc/l3 → s1_asc_l3.npy  shape=(345, 196, 768)  size=103.9MB
  [WRITE]  ISMN_SNOTEL_Slumgullion                   s1_asc/l6 → s1_asc_l6.npy  shape=(345, 196, 768)  size=103.9MB
  [WRITE]  ISMN_SNOTEL_Slumgullion                   s1_asc/l9 → s1_asc_l9.npy  shape=(345, 196, 768)  size=103.9MB
  [WRITE]  ISMN_SNOTEL_Slumgullion                   s1_desc/l3 → s1_desc_l3.npy  shape=(241, 196, 768)  size=72.6MB
  [WRITE]  ISMN_SNOTEL_Slumgullion                   s1_desc/l6 → s1_desc_l6.npy  shape=(241, 196, 768)  size=72.6MB
  [WRITE]  ISMN_SNOTEL_Slumgullion                   s1_desc/l9 → s1_desc_l9.npy  shape=(241, 196, 768)  size=72.6MB
  [WRITE]  ISMN_SNOTEL_SmithMorehouse                s2/l3 → s2_l3.npy  shape=(199, 196, 768)  size=59.9MB
  [WRITE]  ISMN_SNOTEL_SmithMorehouse                s2/l6 → s2_l6.npy  shape=(199, 196, 768)  size=59.9MB
  [WRITE]  ISMN_SNOTEL_SmithMorehouse                s2/l9 → s2_l9.npy  shape=(199, 196, 768)  size=59.9MB
  [WRITE]  ISMN_SNOTEL_SmithMorehouse                s1_asc/l3 → s1_asc_l3.npy  shape=(119, 196, 768)  size=35.8MB
  [WRITE]  ISMN_SNOTEL_SmithMorehouse                s1_asc/l6 → s1_asc_l6.npy  shape=(119, 196, 768)  size=35.8MB
  [WRITE]  ISMN_SNOTEL_SmithMorehouse                s1_asc/l9 → s1_asc_l9.npy  shape=(119, 196, 768)  size=35.8MB
  [WRITE]  ISMN_SNOTEL_SmithMorehouse                s1_desc/l3 → s1_desc_l3.npy  shape=(323, 196, 768)  size=97.2MB
  [WRITE]  ISMN_SNOTEL_SmithMorehouse                s1_desc/l6 → s1_desc_l6.npy  shape=(323, 196, 768)  size=97.2MB
  [WRITE]  ISMN_SNOTEL_SmithMorehouse                s1_desc/l9 → s1_desc_l9.npy  shape=(323, 196, 768)  size=97.2MB
  [WRITE]  ISMN_SNOTEL_SnakeRiverStation             s2/l3 → s2_l3.npy  shape=(483, 196, 768)  size=145.4MB
  [WRITE]  ISMN_SNOTEL_SnakeRiverStation             s2/l6 → s2_l6.npy  shape=(483, 196, 768)  size=145.4MB
  [WRITE]  ISMN_SNOTEL_SnakeRiverStation             s2/l9 → s2_l9.npy  shape=(483, 196, 768)  size=145.4MB
  [WRITE]  ISMN_SNOTEL_SnakeRiverStation             s1_asc/l3 → s1_asc_l3.npy  shape=(296, 196, 768)  size=89.1MB
  [WRITE]  ISMN_SNOTEL_SnakeRiverStation             s1_asc/l6 → s1_asc_l6.npy  shape=(296, 196, 768)  size=89.1MB
  [WRITE]  ISMN_SNOTEL_SnakeRiverStation             s1_asc/l9 → s1_asc_l9.npy  shape=(296, 196, 768)  size=89.1MB
  [WRITE]  ISMN_SNOTEL_SnakeRiverStation             s1_desc/l3 → s1_desc_l3.npy  shape=(494, 196, 768)  size=148.7MB
  [WRITE]  ISMN_SNOTEL_SnakeRiverStation             s1_desc/l6 → s1_desc_l6.npy  shape=(494, 196, 768)  size=148.7MB
  [WRITE]  ISMN_SNOTEL_SnakeRiverStation             s1_desc/l9 → s1_desc_l9.npy  shape=(494, 196, 768)  size=148.7MB
  [WRITE]  ISMN_SNOTEL_Snowbird                      s2/l3 → s2_l3.npy  shape=(467, 196, 768)  size=140.6MB
  [WRITE]  ISMN_SNOTEL_Snowbird                      s2/l6 → s2_l6.npy  shape=(467, 196, 768)  size=140.6MB
  [WRITE]  ISMN_SNOTEL_Snowbird                      s2/l9 → s2_l9.npy  shape=(467, 196, 768)  size=140.6MB
  [WRITE]  ISMN_SNOTEL_Snowbird                      s1_asc/l3 → s1_asc_l3.npy  shape=(186, 196, 768)  size=56.0MB
  [WRITE]  ISMN_SNOTEL_Snowbird                      s1_asc/l6 → s1_asc_l6.npy  shape=(186, 196, 768)  size=56.0MB
  [WRITE]  ISMN_SNOTEL_Snowbird                      s1_asc/l9 → s1_asc_l9.npy  shape=(186, 196, 768)  size=56.0MB
  [WRITE]  ISMN_SNOTEL_Snowbird                      s1_desc/l3 → s1_desc_l3.npy  shape=(374, 196, 768)  size=112.6MB
  [WRITE]  ISMN_SNOTEL_Snowbird                      s1_desc/l6 → s1_desc_l6.npy  shape=(374, 196, 768)  size=112.6MB
  [WRITE]  ISMN_SNOTEL_Snowbird                      s1_desc/l9 → s1_desc_l9.npy  shape=(374, 196, 768)  size=112.6MB
  [WRITE]  ISMN_SNOTEL_Trough                        s2/l3 → s2_l3.npy  shape=(230, 196, 768)  size=69.2MB
  [WRITE]  ISMN_SNOTEL_Trough                        s2/l6 → s2_l6.npy  shape=(230, 196, 768)  size=69.2MB
  [WRITE]  ISMN_SNOTEL_Trough                        s2/l9 → s2_l9.npy  shape=(230, 196, 768)  size=69.2MB
  [WRITE]  ISMN_SNOTEL_Trough                        s1_asc/l3 → s1_asc_l3.npy  shape=(96, 196, 768)  size=28.9MB
  [WRITE]  ISMN_SNOTEL_Trough                        s1_asc/l6 → s1_asc_l6.npy  shape=(96, 196, 768)  size=28.9MB
  [WRITE]  ISMN_SNOTEL_Trough                        s1_asc/l9 → s1_asc_l9.npy  shape=(96, 196, 768)  size=28.9MB
  [WRITE]  ISMN_SNOTEL_Trough                        s1_desc/l3 → s1_desc_l3.npy  shape=(137, 196, 768)  size=41.2MB
  [WRITE]  ISMN_SNOTEL_Trough                        s1_desc/l6 → s1_desc_l6.npy  shape=(137, 196, 768)  size=41.2MB
  [WRITE]  ISMN_SNOTEL_Trough                        s1_desc/l9 → s1_desc_l9.npy  shape=(137, 196, 768)  size=41.2MB
  [WRITE]  ISMN_SNOTEL_TroutCreek                    s2/l3 → s2_l3.npy  shape=(603, 196, 768)  size=181.5MB
  [WRITE]  ISMN_SNOTEL_TroutCreek                    s2/l6 → s2_l6.npy  shape=(603, 196, 768)  size=181.5MB
  [WRITE]  ISMN_SNOTEL_TroutCreek                    s2/l9 → s2_l9.npy  shape=(603, 196, 768)  size=181.5MB
  [WRITE]  ISMN_SNOTEL_TroutCreek                    s1_asc/l3 → s1_asc_l3.npy  shape=(303, 196, 768)  size=91.2MB
  [WRITE]  ISMN_SNOTEL_TroutCreek                    s1_asc/l6 → s1_asc_l6.npy  shape=(303, 196, 768)  size=91.2MB
  [WRITE]  ISMN_SNOTEL_TroutCreek                    s1_asc/l9 → s1_asc_l9.npy  shape=(303, 196, 768)  size=91.2MB
  [WRITE]  ISMN_SNOTEL_TroutCreek                    s1_desc/l3 → s1_desc_l3.npy  shape=(234, 196, 768)  size=70.4MB
  [WRITE]  ISMN_SNOTEL_TroutCreek                    s1_desc/l6 → s1_desc_l6.npy  shape=(234, 196, 768)  size=70.4MB
  [WRITE]  ISMN_SNOTEL_TroutCreek                    s1_desc/l9 → s1_desc_l9.npy  shape=(234, 196, 768)  size=70.4MB
  [WRITE]  ISMN_SNOTEL_Truckee#2                     s2/l3 → s2_l3.npy  shape=(716, 196, 768)  size=215.6MB
  [WRITE]  ISMN_SNOTEL_Truckee#2                     s2/l6 → s2_l6.npy  shape=(716, 196, 768)  size=215.6MB
  [WRITE]  ISMN_SNOTEL_Truckee#2                     s2/l9 → s2_l9.npy  shape=(716, 196, 768)  size=215.6MB
  [WRITE]  ISMN_SNOTEL_Truckee#2                     s1_asc/l3 → s1_asc_l3.npy  shape=(336, 196, 768)  size=101.2MB
  [WRITE]  ISMN_SNOTEL_Truckee#2                     s1_asc/l6 → s1_asc_l6.npy  shape=(336, 196, 768)  size=101.2MB
  [WRITE]  ISMN_SNOTEL_Truckee#2                     s1_asc/l9 → s1_asc_l9.npy  shape=(336, 196, 768)  size=101.2MB
  [WRITE]  ISMN_SNOTEL_Truckee#2                     s1_desc/l3 → s1_desc_l3.npy  shape=(303, 196, 768)  size=91.2MB
  [WRITE]  ISMN_SNOTEL_Truckee#2                     s1_desc/l6 → s1_desc_l6.npy  shape=(303, 196, 768)  size=91.2MB
  [WRITE]  ISMN_SNOTEL_Truckee#2                     s1_desc/l9 → s1_desc_l9.npy  shape=(303, 196, 768)  size=91.2MB
  [WRITE]  ISMN_SNOTEL_UpperJoesValley               s2/l3 → s2_l3.npy  shape=(104, 196, 768)  size=31.3MB
  [WRITE]  ISMN_SNOTEL_UpperJoesValley               s2/l6 → s2_l6.npy  shape=(104, 196, 768)  size=31.3MB
  [WRITE]  ISMN_SNOTEL_UpperJoesValley               s2/l9 → s2_l9.npy  shape=(104, 196, 768)  size=31.3MB
  [WRITE]  ISMN_SNOTEL_UpperJoesValley               s1_asc/l3 → s1_asc_l3.npy  shape=(166, 196, 768)  size=50.0MB
  [WRITE]  ISMN_SNOTEL_UpperJoesValley               s1_asc/l6 → s1_asc_l6.npy  shape=(166, 196, 768)  size=50.0MB
  [WRITE]  ISMN_SNOTEL_UpperJoesValley               s1_asc/l9 → s1_asc_l9.npy  shape=(166, 196, 768)  size=50.0MB
  [WRITE]  ISMN_SNOTEL_UpperJoesValley               s1_desc/l3 → s1_desc_l3.npy  shape=(175, 196, 768)  size=52.7MB
  [WRITE]  ISMN_SNOTEL_UpperJoesValley               s1_desc/l6 → s1_desc_l6.npy  shape=(175, 196, 768)  size=52.7MB
  [WRITE]  ISMN_SNOTEL_UpperJoesValley               s1_desc/l9 → s1_desc_l9.npy  shape=(175, 196, 768)  size=52.7MB
  [WRITE]  ISMN_SNOTEL_WebsterFlat                   s2/l3 → s2_l3.npy  shape=(697, 196, 768)  size=209.8MB
  [WRITE]  ISMN_SNOTEL_WebsterFlat                   s2/l6 → s2_l6.npy  shape=(697, 196, 768)  size=209.8MB
  [WRITE]  ISMN_SNOTEL_WebsterFlat                   s2/l9 → s2_l9.npy  shape=(697, 196, 768)  size=209.8MB
  [WRITE]  ISMN_SNOTEL_WebsterFlat                   s1_asc/l3 → s1_asc_l3.npy  shape=(255, 196, 768)  size=76.8MB
  [WRITE]  ISMN_SNOTEL_WebsterFlat                   s1_asc/l6 → s1_asc_l6.npy  shape=(255, 196, 768)  size=76.8MB
  [WRITE]  ISMN_SNOTEL_WebsterFlat                   s1_asc/l9 → s1_asc_l9.npy  shape=(255, 196, 768)  size=76.8MB
  [WRITE]  ISMN_SNOTEL_WebsterFlat                   s1_desc/l3 → s1_desc_l3.npy  shape=(257, 196, 768)  size=77.4MB
  [WRITE]  ISMN_SNOTEL_WebsterFlat                   s1_desc/l6 → s1_desc_l6.npy  shape=(257, 196, 768)  size=77.4MB
  [WRITE]  ISMN_SNOTEL_WebsterFlat                   s1_desc/l9 → s1_desc_l9.npy  shape=(257, 196, 768)  size=77.4MB
  [WRITE]  ISMN_SNOTEL_WesnerSprings                 s2/l3 → s2_l3.npy  shape=(158, 196, 768)  size=47.6MB
  [WRITE]  ISMN_SNOTEL_WesnerSprings                 s2/l6 → s2_l6.npy  shape=(158, 196, 768)  size=47.6MB
  [WRITE]  ISMN_SNOTEL_WesnerSprings                 s2/l9 → s2_l9.npy  shape=(158, 196, 768)  size=47.6MB
  [WRITE]  ISMN_SNOTEL_WesnerSprings                 s1_asc/l3 → s1_asc_l3.npy  shape=(89, 196, 768)  size=26.8MB
  [WRITE]  ISMN_SNOTEL_WesnerSprings                 s1_asc/l6 → s1_asc_l6.npy  shape=(89, 196, 768)  size=26.8MB
  [WRITE]  ISMN_SNOTEL_WesnerSprings                 s1_asc/l9 → s1_asc_l9.npy  shape=(89, 196, 768)  size=26.8MB
  [WRITE]  ISMN_SNOTEL_WesnerSprings                 s1_desc/l3 → s1_desc_l3.npy  shape=(116, 196, 768)  size=34.9MB
  [WRITE]  ISMN_SNOTEL_WesnerSprings                 s1_desc/l6 → s1_desc_l6.npy  shape=(116, 196, 768)  size=34.9MB
  [WRITE]  ISMN_SNOTEL_WesnerSprings                 s1_desc/l9 → s1_desc_l9.npy  shape=(116, 196, 768)  size=34.9MB
  [WRITE]  ISMN_SNOTEL_WheelerPeak                   s2/l3 → s2_l3.npy  shape=(292, 196, 768)  size=87.9MB
  [WRITE]  ISMN_SNOTEL_WheelerPeak                   s2/l6 → s2_l6.npy  shape=(292, 196, 768)  size=87.9MB
  [WRITE]  ISMN_SNOTEL_WheelerPeak                   s2/l9 → s2_l9.npy  shape=(292, 196, 768)  size=87.9MB
  [WRITE]  ISMN_SNOTEL_WheelerPeak                   s1_asc/l3 → s1_asc_l3.npy  shape=(88, 196, 768)  size=26.5MB
  [WRITE]  ISMN_SNOTEL_WheelerPeak                   s1_asc/l6 → s1_asc_l6.npy  shape=(88, 196, 768)  size=26.5MB
  [WRITE]  ISMN_SNOTEL_WheelerPeak                   s1_asc/l9 → s1_asc_l9.npy  shape=(88, 196, 768)  size=26.5MB
  [WRITE]  ISMN_SNOTEL_WheelerPeak                   s1_desc/l3 → s1_desc_l3.npy  shape=(299, 196, 768)  size=90.0MB
  [WRITE]  ISMN_SNOTEL_WheelerPeak                   s1_desc/l6 → s1_desc_l6.npy  shape=(299, 196, 768)  size=90.0MB
  [WRITE]  ISMN_SNOTEL_WheelerPeak                   s1_desc/l9 → s1_desc_l9.npy  shape=(299, 196, 768)  size=90.0MB
  [WRITE]  ISMN_SNOTEL_WhiteRiver#1                  s2/l3 → s2_l3.npy  shape=(317, 196, 768)  size=95.4MB
  [WRITE]  ISMN_SNOTEL_WhiteRiver#1                  s2/l6 → s2_l6.npy  shape=(317, 196, 768)  size=95.4MB
  [WRITE]  ISMN_SNOTEL_WhiteRiver#1                  s2/l9 → s2_l9.npy  shape=(317, 196, 768)  size=95.4MB
  [WRITE]  ISMN_SNOTEL_WhiteRiver#1                  s1_asc/l3 → s1_asc_l3.npy  shape=(141, 196, 768)  size=42.4MB
  [WRITE]  ISMN_SNOTEL_WhiteRiver#1                  s1_asc/l6 → s1_asc_l6.npy  shape=(141, 196, 768)  size=42.4MB
  [WRITE]  ISMN_SNOTEL_WhiteRiver#1                  s1_asc/l9 → s1_asc_l9.npy  shape=(141, 196, 768)  size=42.4MB
  [WRITE]  ISMN_SNOTEL_WhiteRiver#1                  s1_desc/l3 → s1_desc_l3.npy  shape=(493, 196, 768)  size=148.4MB
  [WRITE]  ISMN_SNOTEL_WhiteRiver#1                  s1_desc/l6 → s1_desc_l6.npy  shape=(493, 196, 768)  size=148.4MB
  [WRITE]  ISMN_SNOTEL_WhiteRiver#1                  s1_desc/l9 → s1_desc_l9.npy  shape=(493, 196, 768)  size=148.4MB
  [WRITE]  ISMN_SNOTEL_SandstoneRS                   s2/l3 → s2_l3.npy  shape=(563, 196, 768)  size=169.5MB
  [WRITE]  ISMN_SNOTEL_SandstoneRS                   s2/l6 → s2_l6.npy  shape=(563, 196, 768)  size=169.5MB
  [WRITE]  ISMN_SNOTEL_SandstoneRS                   s2/l9 → s2_l9.npy  shape=(563, 196, 768)  size=169.5MB
  [WRITE]  ISMN_SNOTEL_SandstoneRS                   s1_asc/l3 → s1_asc_l3.npy  shape=(210, 196, 768)  size=63.2MB
  [WRITE]  ISMN_SNOTEL_SandstoneRS                   s1_asc/l6 → s1_asc_l6.npy  shape=(210, 196, 768)  size=63.2MB
  [WRITE]  ISMN_SNOTEL_SandstoneRS                   s1_asc/l9 → s1_asc_l9.npy  shape=(210, 196, 768)  size=63.2MB
  [WRITE]  ISMN_SNOTEL_SandstoneRS                   s1_desc/l3 → s1_desc_l3.npy  shape=(490, 196, 768)  size=147.5MB
  [WRITE]  ISMN_SNOTEL_SandstoneRS                   s1_desc/l6 → s1_desc_l6.npy  shape=(490, 196, 768)  size=147.5MB
  [WRITE]  ISMN_SNOTEL_SandstoneRS                   s1_desc/l9 → s1_desc_l9.npy  shape=(490, 196, 768)  size=147.5MB
  [WRITE]  ISMN_SNOTEL_SantaFe                       s2/l3 → s2_l3.npy  shape=(649, 196, 768)  size=195.4MB
  [WRITE]  ISMN_SNOTEL_SantaFe                       s2/l6 → s2_l6.npy  shape=(649, 196, 768)  size=195.4MB
  [WRITE]  ISMN_SNOTEL_SantaFe                       s2/l9 → s2_l9.npy  shape=(649, 196, 768)  size=195.4MB
  [WRITE]  ISMN_SNOTEL_SantaFe                       s1_asc/l3 → s1_asc_l3.npy  shape=(226, 196, 768)  size=68.0MB
  [WRITE]  ISMN_SNOTEL_SantaFe                       s1_asc/l6 → s1_asc_l6.npy  shape=(226, 196, 768)  size=68.0MB
  [WRITE]  ISMN_SNOTEL_SantaFe                       s1_asc/l9 → s1_asc_l9.npy  shape=(226, 196, 768)  size=68.0MB
  [WRITE]  ISMN_SNOTEL_SantaFe                       s1_desc/l3 → s1_desc_l3.npy  shape=(515, 196, 768)  size=155.0MB
  [WRITE]  ISMN_SNOTEL_SantaFe                       s1_desc/l6 → s1_desc_l6.npy  shape=(515, 196, 768)  size=155.0MB
  [WRITE]  ISMN_SNOTEL_SantaFe                       s1_desc/l9 → s1_desc_l9.npy  shape=(515, 196, 768)  size=155.0MB
  [WRITE]  ISMN_SNOTEL_SantaquinMeadows              s2/l3 → s2_l3.npy  shape=(234, 196, 768)  size=70.4MB
  [WRITE]  ISMN_SNOTEL_SantaquinMeadows              s2/l6 → s2_l6.npy  shape=(234, 196, 768)  size=70.4MB
  [WRITE]  ISMN_SNOTEL_SantaquinMeadows              s2/l9 → s2_l9.npy  shape=(234, 196, 768)  size=70.4MB
  [WRITE]  ISMN_SNOTEL_SantaquinMeadows              s1_asc/l3 → s1_asc_l3.npy  shape=(248, 196, 768)  size=74.7MB
  [WRITE]  ISMN_SNOTEL_SantaquinMeadows              s1_asc/l6 → s1_asc_l6.npy  shape=(248, 196, 768)  size=74.7MB
  [WRITE]  ISMN_SNOTEL_SantaquinMeadows              s1_asc/l9 → s1_asc_l9.npy  shape=(248, 196, 768)  size=74.7MB
  [WRITE]  ISMN_SNOTEL_SantaquinMeadows              s1_desc/l3 → s1_desc_l3.npy  shape=(382, 196, 768)  size=115.0MB
  [WRITE]  ISMN_SNOTEL_SantaquinMeadows              s1_desc/l6 → s1_desc_l6.npy  shape=(382, 196, 768)  size=115.0MB
  [WRITE]  ISMN_SNOTEL_SantaquinMeadows              s1_desc/l9 → s1_desc_l9.npy  shape=(382, 196, 768)  size=115.0MB
  [WRITE]  ISMN_SNOTEL_SavagePass                    s2/l3 → s2_l3.npy  shape=(309, 196, 768)  size=93.0MB
  [WRITE]  ISMN_SNOTEL_SavagePass                    s2/l6 → s2_l6.npy  shape=(309, 196, 768)  size=93.0MB
  [WRITE]  ISMN_SNOTEL_SavagePass                    s2/l9 → s2_l9.npy  shape=(309, 196, 768)  size=93.0MB
  [WRITE]  ISMN_SNOTEL_SavagePass                    s1_asc/l3 → s1_asc_l3.npy  shape=(207, 196, 768)  size=62.3MB
  [WRITE]  ISMN_SNOTEL_SavagePass                    s1_asc/l6 → s1_asc_l6.npy  shape=(207, 196, 768)  size=62.3MB
  [WRITE]  ISMN_SNOTEL_SavagePass                    s1_asc/l9 → s1_asc_l9.npy  shape=(207, 196, 768)  size=62.3MB
  [WRITE]  ISMN_SNOTEL_SavagePass                    s1_desc/l3 → s1_desc_l3.npy  shape=(22, 196, 768)  size=6.6MB
  [WRITE]  ISMN_SNOTEL_SavagePass                    s1_desc/l6 → s1_desc_l6.npy  shape=(22, 196, 768)  size=6.6MB
  [WRITE]  ISMN_SNOTEL_SavagePass                    s1_desc/l9 → s1_desc_l9.npy  shape=(22, 196, 768)  size=6.6MB
  [WRITE]  ISMN_SNOTEL_TempleFork                    s2/l3 → s2_l3.npy  shape=(487, 196, 768)  size=146.6MB
  [WRITE]  ISMN_SNOTEL_TempleFork                    s2/l6 → s2_l6.npy  shape=(487, 196, 768)  size=146.6MB
  [WRITE]  ISMN_SNOTEL_TempleFork                    s2/l9 → s2_l9.npy  shape=(487, 196, 768)  size=146.6MB
  [WRITE]  ISMN_SNOTEL_TempleFork                    s1_asc/l3 → s1_asc_l3.npy  shape=(213, 196, 768)  size=64.1MB
  [WRITE]  ISMN_SNOTEL_TempleFork                    s1_asc/l6 → s1_asc_l6.npy  shape=(213, 196, 768)  size=64.1MB
  [WRITE]  ISMN_SNOTEL_TempleFork                    s1_asc/l9 → s1_asc_l9.npy  shape=(213, 196, 768)  size=64.1MB
  [WRITE]  ISMN_SNOTEL_TempleFork                    s1_desc/l3 → s1_desc_l3.npy  shape=(210, 196, 768)  size=63.2MB
  [WRITE]  ISMN_SNOTEL_TempleFork                    s1_desc/l6 → s1_desc_l6.npy  shape=(210, 196, 768)  size=63.2MB
  [WRITE]  ISMN_SNOTEL_TempleFork                    s1_desc/l9 → s1_desc_l9.npy  shape=(210, 196, 768)  size=63.2MB
  [WRITE]  ISMN_SNOTEL_ThaynesCanyon                 s2/l3 → s2_l3.npy  shape=(101, 196, 768)  size=30.4MB
  [WRITE]  ISMN_SNOTEL_ThaynesCanyon                 s2/l6 → s2_l6.npy  shape=(101, 196, 768)  size=30.4MB
  [WRITE]  ISMN_SNOTEL_ThaynesCanyon                 s2/l9 → s2_l9.npy  shape=(101, 196, 768)  size=30.4MB
  [WRITE]  ISMN_SNOTEL_ThaynesCanyon                 s1_asc/l3 → s1_asc_l3.npy  shape=(142, 196, 768)  size=42.7MB
  [WRITE]  ISMN_SNOTEL_ThaynesCanyon                 s1_asc/l6 → s1_asc_l6.npy  shape=(142, 196, 768)  size=42.7MB
  [WRITE]  ISMN_SNOTEL_ThaynesCanyon                 s1_asc/l9 → s1_asc_l9.npy  shape=(142, 196, 768)  size=42.7MB
  [WRITE]  ISMN_SNOTEL_ThaynesCanyon                 s1_desc/l3 → s1_desc_l3.npy  shape=(151, 196, 768)  size=45.5MB
  [WRITE]  ISMN_SNOTEL_ThaynesCanyon                 s1_desc/l6 → s1_desc_l6.npy  shape=(151, 196, 768)  size=45.5MB
  [WRITE]  ISMN_SNOTEL_ThaynesCanyon                 s1_desc/l9 → s1_desc_l9.npy  shape=(151, 196, 768)  size=45.5MB
  [WRITE]  ISMN_SNOTEL_ThistleFlat                   s2/l3 → s2_l3.npy  shape=(315, 196, 768)  size=94.8MB
  [WRITE]  ISMN_SNOTEL_ThistleFlat                   s2/l6 → s2_l6.npy  shape=(315, 196, 768)  size=94.8MB
  [WRITE]  ISMN_SNOTEL_ThistleFlat                   s2/l9 → s2_l9.npy  shape=(315, 196, 768)  size=94.8MB
  [WRITE]  ISMN_SNOTEL_ThistleFlat                   s1_asc/l3 → s1_asc_l3.npy  shape=(297, 196, 768)  size=89.4MB
  [WRITE]  ISMN_SNOTEL_ThistleFlat                   s1_asc/l6 → s1_asc_l6.npy  shape=(297, 196, 768)  size=89.4MB
  [WRITE]  ISMN_SNOTEL_ThistleFlat                   s1_asc/l9 → s1_asc_l9.npy  shape=(297, 196, 768)  size=89.4MB
  [WRITE]  ISMN_SNOTEL_ThistleFlat                   s1_desc/l3 → s1_desc_l3.npy  shape=(493, 196, 768)  size=148.4MB
  [WRITE]  ISMN_SNOTEL_ThistleFlat                   s1_desc/l6 → s1_desc_l6.npy  shape=(493, 196, 768)  size=148.4MB
  [WRITE]  ISMN_SNOTEL_ThistleFlat                   s1_desc/l9 → s1_desc_l9.npy  shape=(493, 196, 768)  size=148.4MB
  [WRITE]  ISMN_SNOTEL_ThumbDivide                   s2/l3 → s2_l3.npy  shape=(426, 196, 768)  size=128.2MB
  [WRITE]  ISMN_SNOTEL_ThumbDivide                   s2/l6 → s2_l6.npy  shape=(426, 196, 768)  size=128.2MB
  [WRITE]  ISMN_SNOTEL_ThumbDivide                   s2/l9 → s2_l9.npy  shape=(426, 196, 768)  size=128.2MB
  [WRITE]  ISMN_SNOTEL_ThumbDivide                   s1_asc/l3 → s1_asc_l3.npy  shape=(256, 196, 768)  size=77.1MB
  [WRITE]  ISMN_SNOTEL_ThumbDivide                   s1_asc/l6 → s1_asc_l6.npy  shape=(256, 196, 768)  size=77.1MB
  [WRITE]  ISMN_SNOTEL_ThumbDivide                   s1_asc/l9 → s1_asc_l9.npy  shape=(256, 196, 768)  size=77.1MB
  [WRITE]  ISMN_SNOTEL_ThumbDivide                   s1_desc/l3 → s1_desc_l3.npy  shape=(453, 196, 768)  size=136.4MB
  [WRITE]  ISMN_SNOTEL_ThumbDivide                   s1_desc/l6 → s1_desc_l6.npy  shape=(453, 196, 768)  size=136.4MB
  [WRITE]  ISMN_SNOTEL_ThumbDivide                   s1_desc/l9 → s1_desc_l9.npy  shape=(453, 196, 768)  size=136.4MB
  [WRITE]  ISMN_TWENTE_ITCSM-15b                     s2/l3 → s2_l3.npy  shape=(94, 196, 768)  size=28.3MB
  [WRITE]  ISMN_TWENTE_ITCSM-15b                     s2/l6 → s2_l6.npy  shape=(94, 196, 768)  size=28.3MB
  [WRITE]  ISMN_TWENTE_ITCSM-15b                     s2/l9 → s2_l9.npy  shape=(94, 196, 768)  size=28.3MB
  [WRITE]  ISMN_TWENTE_ITCSM-15b                     s1_asc/l3 → s1_asc_l3.npy  shape=(316, 196, 768)  size=95.1MB
  [WRITE]  ISMN_TWENTE_ITCSM-15b                     s1_asc/l6 → s1_asc_l6.npy  shape=(316, 196, 768)  size=95.1MB
  [WRITE]  ISMN_TWENTE_ITCSM-15b                     s1_asc/l9 → s1_asc_l9.npy  shape=(316, 196, 768)  size=95.1MB
  [WRITE]  ISMN_TWENTE_ITCSM-15b                     s1_desc/l3 → s1_desc_l3.npy  shape=(317, 196, 768)  size=95.4MB
  [WRITE]  ISMN_TWENTE_ITCSM-15b                     s1_desc/l6 → s1_desc_l6.npy  shape=(317, 196, 768)  size=95.4MB
  [WRITE]  ISMN_TWENTE_ITCSM-15b                     s1_desc/l9 → s1_desc_l9.npy  shape=(317, 196, 768)  size=95.4MB
  [WRITE]  ISMN_TWENTE_ITCSM-16b                     s2/l3 → s2_l3.npy  shape=(112, 196, 768)  size=33.7MB
  [WRITE]  ISMN_TWENTE_ITCSM-16b                     s2/l6 → s2_l6.npy  shape=(112, 196, 768)  size=33.7MB
  [WRITE]  ISMN_TWENTE_ITCSM-16b                     s2/l9 → s2_l9.npy  shape=(112, 196, 768)  size=33.7MB
  [WRITE]  ISMN_TWENTE_ITCSM-16b                     s1_asc/l3 → s1_asc_l3.npy  shape=(399, 196, 768)  size=120.1MB
  [WRITE]  ISMN_TWENTE_ITCSM-16b                     s1_asc/l6 → s1_asc_l6.npy  shape=(399, 196, 768)  size=120.1MB
  [WRITE]  ISMN_TWENTE_ITCSM-16b                     s1_asc/l9 → s1_asc_l9.npy  shape=(399, 196, 768)  size=120.1MB
  [WRITE]  ISMN_TWENTE_ITCSM-16b                     s1_desc/l3 → s1_desc_l3.npy  shape=(403, 196, 768)  size=121.3MB
  [WRITE]  ISMN_TWENTE_ITCSM-16b                     s1_desc/l6 → s1_desc_l6.npy  shape=(403, 196, 768)  size=121.3MB
  [WRITE]  ISMN_TWENTE_ITCSM-16b                     s1_desc/l9 → s1_desc_l9.npy  shape=(403, 196, 768)  size=121.3MB
  [WRITE]  ISMN_TWENTE_ITCSM-17c                     s2/l3 → s2_l3.npy  shape=(118, 196, 768)  size=35.5MB
  [WRITE]  ISMN_TWENTE_ITCSM-17c                     s2/l6 → s2_l6.npy  shape=(118, 196, 768)  size=35.5MB
  [WRITE]  ISMN_TWENTE_ITCSM-17c                     s2/l9 → s2_l9.npy  shape=(118, 196, 768)  size=35.5MB
  [WRITE]  ISMN_TWENTE_ITCSM-17c                     s1_asc/l3 → s1_asc_l3.npy  shape=(420, 196, 768)  size=126.4MB
  [WRITE]  ISMN_TWENTE_ITCSM-17c                     s1_asc/l6 → s1_asc_l6.npy  shape=(420, 196, 768)  size=126.4MB
  [WRITE]  ISMN_TWENTE_ITCSM-17c                     s1_asc/l9 → s1_asc_l9.npy  shape=(420, 196, 768)  size=126.4MB
  [WRITE]  ISMN_TWENTE_ITCSM-17c                     s1_desc/l3 → s1_desc_l3.npy  shape=(422, 196, 768)  size=127.0MB
  [WRITE]  ISMN_TWENTE_ITCSM-17c                     s1_desc/l6 → s1_desc_l6.npy  shape=(422, 196, 768)  size=127.0MB
  [WRITE]  ISMN_TWENTE_ITCSM-17c                     s1_desc/l9 → s1_desc_l9.npy  shape=(422, 196, 768)  size=127.0MB
  [WRITE]  ISMN_TxSON_CR1000-1                       s2/l3 → s2_l3.npy  shape=(139, 196, 768)  size=41.8MB
  [WRITE]  ISMN_TxSON_CR1000-1                       s2/l6 → s2_l6.npy  shape=(139, 196, 768)  size=41.8MB
  [WRITE]  ISMN_TxSON_CR1000-1                       s2/l9 → s2_l9.npy  shape=(139, 196, 768)  size=41.8MB
  [WRITE]  ISMN_TxSON_CR1000-1                       s1_asc/l3 → s1_asc_l3.npy  shape=(114, 196, 768)  size=34.3MB
  [WRITE]  ISMN_TxSON_CR1000-1                       s1_asc/l6 → s1_asc_l6.npy  shape=(114, 196, 768)  size=34.3MB
  [WRITE]  ISMN_TxSON_CR1000-1                       s1_asc/l9 → s1_asc_l9.npy  shape=(114, 196, 768)  size=34.3MB
  [WRITE]  ISMN_TxSON_CR1000-1                       s1_desc/l3 → s1_desc_l3.npy  shape=(3, 196, 768)  size=0.9MB
  [WRITE]  ISMN_TxSON_CR1000-1                       s1_desc/l6 → s1_desc_l6.npy  shape=(3, 196, 768)  size=0.9MB
  [WRITE]  ISMN_TxSON_CR1000-1                       s1_desc/l9 → s1_desc_l9.npy  shape=(3, 196, 768)  size=0.9MB
  [WRITE]  ISMN_SNOTEL_SuuRanch                      s2/l3 → s2_l3.npy  shape=(188, 196, 768)  size=56.6MB
  [WRITE]  ISMN_SNOTEL_SuuRanch                      s2/l6 → s2_l6.npy  shape=(188, 196, 768)  size=56.6MB
  [WRITE]  ISMN_SNOTEL_SuuRanch                      s2/l9 → s2_l9.npy  shape=(188, 196, 768)  size=56.6MB
  [WRITE]  ISMN_SNOTEL_SuuRanch                      s1_asc/l3 → s1_asc_l3.npy  shape=(255, 196, 768)  size=76.8MB
  [WRITE]  ISMN_SNOTEL_SuuRanch                      s1_asc/l6 → s1_asc_l6.npy  shape=(255, 196, 768)  size=76.8MB
  [WRITE]  ISMN_SNOTEL_SuuRanch                      s1_asc/l9 → s1_asc_l9.npy  shape=(255, 196, 768)  size=76.8MB
  [WRITE]  ISMN_SNOTEL_SuuRanch                      s1_desc/l3 → s1_desc_l3.npy  shape=(257, 196, 768)  size=77.4MB
  [WRITE]  ISMN_SNOTEL_SuuRanch                      s1_desc/l6 → s1_desc_l6.npy  shape=(257, 196, 768)  size=77.4MB
  [WRITE]  ISMN_SNOTEL_SuuRanch                      s1_desc/l9 → s1_desc_l9.npy  shape=(257, 196, 768)  size=77.4MB
  [WRITE]  ISMN_SNOTEL_SwedePeak                     s2/l3 → s2_l3.npy  shape=(108, 196, 768)  size=32.5MB
  [WRITE]  ISMN_SNOTEL_SwedePeak                     s2/l6 → s2_l6.npy  shape=(108, 196, 768)  size=32.5MB
  [WRITE]  ISMN_SNOTEL_SwedePeak                     s2/l9 → s2_l9.npy  shape=(108, 196, 768)  size=32.5MB
  [WRITE]  ISMN_SNOTEL_SwedePeak                     s1_asc/l3 → s1_asc_l3.npy  shape=(251, 196, 768)  size=75.6MB
  [WRITE]  ISMN_SNOTEL_SwedePeak                     s1_asc/l6 → s1_asc_l6.npy  shape=(251, 196, 768)  size=75.6MB
  [WRITE]  ISMN_SNOTEL_SwedePeak                     s1_asc/l9 → s1_asc_l9.npy  shape=(251, 196, 768)  size=75.6MB
  [WRITE]  ISMN_SNOTEL_SwedePeak                     s1_desc/l3 → s1_desc_l3.npy  shape=(114, 196, 768)  size=34.3MB
  [WRITE]  ISMN_SNOTEL_SwedePeak                     s1_desc/l6 → s1_desc_l6.npy  shape=(114, 196, 768)  size=34.3MB
  [WRITE]  ISMN_SNOTEL_SwedePeak                     s1_desc/l9 → s1_desc_l9.npy  shape=(114, 196, 768)  size=34.3MB
  [WRITE]  ISMN_SNOTEL_TahoeCityCross                s2/l3 → s2_l3.npy  shape=(823, 196, 768)  size=247.8MB
  [WRITE]  ISMN_SNOTEL_TahoeCityCross                s2/l6 → s2_l6.npy  shape=(823, 196, 768)  size=247.8MB
  [WRITE]  ISMN_SNOTEL_TahoeCityCross                s2/l9 → s2_l9.npy  shape=(823, 196, 768)  size=247.8MB
  [WRITE]  ISMN_SNOTEL_TahoeCityCross                s1_asc/l3 → s1_asc_l3.npy  shape=(384, 196, 768)  size=115.6MB
  [WRITE]  ISMN_SNOTEL_TahoeCityCross                s1_asc/l6 → s1_asc_l6.npy  shape=(384, 196, 768)  size=115.6MB
  [WRITE]  ISMN_SNOTEL_TahoeCityCross                s1_asc/l9 → s1_asc_l9.npy  shape=(384, 196, 768)  size=115.6MB
  [WRITE]  ISMN_SNOTEL_TahoeCityCross                s1_desc/l3 → s1_desc_l3.npy  shape=(703, 196, 768)  size=211.6MB
  [WRITE]  ISMN_SNOTEL_TahoeCityCross                s1_desc/l6 → s1_desc_l6.npy  shape=(703, 196, 768)  size=211.6MB
  [WRITE]  ISMN_SNOTEL_TahoeCityCross                s1_desc/l9 → s1_desc_l9.npy  shape=(703, 196, 768)  size=211.6MB
  [WRITE]  ISMN_SNOTEL_TakkaWiiya                    s2/l3 → s2_l3.npy  shape=(240, 196, 768)  size=72.3MB
  [WRITE]  ISMN_SNOTEL_TakkaWiiya                    s2/l6 → s2_l6.npy  shape=(240, 196, 768)  size=72.3MB
  [WRITE]  ISMN_SNOTEL_TakkaWiiya                    s2/l9 → s2_l9.npy  shape=(240, 196, 768)  size=72.3MB
  [WRITE]  ISMN_SNOTEL_TakkaWiiya                    s1_asc/l3 → s1_asc_l3.npy  shape=(207, 196, 768)  size=62.3MB
  [WRITE]  ISMN_SNOTEL_TakkaWiiya                    s1_asc/l6 → s1_asc_l6.npy  shape=(207, 196, 768)  size=62.3MB
  [WRITE]  ISMN_SNOTEL_TakkaWiiya                    s1_asc/l9 → s1_asc_l9.npy  shape=(207, 196, 768)  size=62.3MB
  [WRITE]  ISMN_SNOTEL_TakkaWiiya                    s1_desc/l3 → s1_desc_l3.npy  shape=(72, 196, 768)  size=21.7MB
  [WRITE]  ISMN_SNOTEL_TakkaWiiya                    s1_desc/l6 → s1_desc_l6.npy  shape=(72, 196, 768)  size=21.7MB
  [WRITE]  ISMN_SNOTEL_TakkaWiiya                    s1_desc/l9 → s1_desc_l9.npy  shape=(72, 196, 768)  size=21.7MB
  [WRITE]  ISMN_SNOTEL_UpperTsainaRiver              s2/l3 → s2_l3.npy  shape=(279, 196, 768)  size=84.0MB
  [WRITE]  ISMN_SNOTEL_UpperTsainaRiver              s2/l6 → s2_l6.npy  shape=(279, 196, 768)  size=84.0MB
  [WRITE]  ISMN_SNOTEL_UpperTsainaRiver              s2/l9 → s2_l9.npy  shape=(279, 196, 768)  size=84.0MB
  [WRITE]  ISMN_SNOTEL_UpperTsainaRiver              s1_asc/l3 → s1_asc_l3.npy  shape=(124, 196, 768)  size=37.3MB
  [WRITE]  ISMN_SNOTEL_UpperTsainaRiver              s1_asc/l6 → s1_asc_l6.npy  shape=(124, 196, 768)  size=37.3MB
  [WRITE]  ISMN_SNOTEL_UpperTsainaRiver              s1_asc/l9 → s1_asc_l9.npy  shape=(124, 196, 768)  size=37.3MB
  [WRITE]  ISMN_SNOTEL_UpperTsainaRiver              s1_desc/l3 → s1_desc_l3.npy  shape=(179, 196, 768)  size=53.9MB
  [WRITE]  ISMN_SNOTEL_UpperTsainaRiver              s1_desc/l6 → s1_desc_l6.npy  shape=(179, 196, 768)  size=53.9MB
  [WRITE]  ISMN_SNOTEL_UpperTsainaRiver              s1_desc/l9 → s1_desc_l9.npy  shape=(179, 196, 768)  size=53.9MB
  [WRITE]  ISMN_SNOTEL_UsuDocDaniel                  s2/l3 → s2_l3.npy  shape=(564, 196, 768)  size=169.8MB
  [WRITE]  ISMN_SNOTEL_UsuDocDaniel                  s2/l6 → s2_l6.npy  shape=(564, 196, 768)  size=169.8MB
  [WRITE]  ISMN_SNOTEL_UsuDocDaniel                  s2/l9 → s2_l9.npy  shape=(564, 196, 768)  size=169.8MB
  [WRITE]  ISMN_SNOTEL_UsuDocDaniel                  s1_asc/l3 → s1_asc_l3.npy  shape=(294, 196, 768)  size=88.5MB
  [WRITE]  ISMN_SNOTEL_UsuDocDaniel                  s1_asc/l6 → s1_asc_l6.npy  shape=(294, 196, 768)  size=88.5MB
  [WRITE]  ISMN_SNOTEL_UsuDocDaniel                  s1_asc/l9 → s1_asc_l9.npy  shape=(294, 196, 768)  size=88.5MB
  [WRITE]  ISMN_SNOTEL_UsuDocDaniel                  s1_desc/l3 → s1_desc_l3.npy  shape=(258, 196, 768)  size=77.7MB
  [WRITE]  ISMN_SNOTEL_UsuDocDaniel                  s1_desc/l6 → s1_desc_l6.npy  shape=(258, 196, 768)  size=77.7MB
  [WRITE]  ISMN_SNOTEL_UsuDocDaniel                  s1_desc/l9 → s1_desc_l9.npy  shape=(258, 196, 768)  size=77.7MB
  [WRITE]  ISMN_SNOTEL_VacarroSprings                s2/l3 → s2_l3.npy  shape=(326, 196, 768)  size=98.1MB
  [WRITE]  ISMN_SNOTEL_VacarroSprings                s2/l6 → s2_l6.npy  shape=(326, 196, 768)  size=98.1MB
  [WRITE]  ISMN_SNOTEL_VacarroSprings                s2/l9 → s2_l9.npy  shape=(326, 196, 768)  size=98.1MB
  [WRITE]  ISMN_SNOTEL_VacarroSprings                s1_asc/l3 → s1_asc_l3.npy  shape=(266, 196, 768)  size=80.1MB
  [WRITE]  ISMN_SNOTEL_VacarroSprings                s1_asc/l6 → s1_asc_l6.npy  shape=(266, 196, 768)  size=80.1MB
  [WRITE]  ISMN_SNOTEL_VacarroSprings                s1_asc/l9 → s1_asc_l9.npy  shape=(266, 196, 768)  size=80.1MB
  [WRITE]  ISMN_SNOTEL_VacarroSprings                s1_desc/l3 → s1_desc_l3.npy  shape=(391, 196, 768)  size=117.7MB
  [WRITE]  ISMN_SNOTEL_VacarroSprings                s1_desc/l6 → s1_desc_l6.npy  shape=(391, 196, 768)  size=117.7MB
  [WRITE]  ISMN_SNOTEL_VacarroSprings                s1_desc/l9 → s1_desc_l9.npy  shape=(391, 196, 768)  size=117.7MB
  [WRITE]  ISMN_SNOTEL_VacasLocas                    s2/l3 → s2_l3.npy  shape=(224, 196, 768)  size=67.4MB
  [WRITE]  ISMN_SNOTEL_VacasLocas                    s2/l6 → s2_l6.npy  shape=(224, 196, 768)  size=67.4MB
  [WRITE]  ISMN_SNOTEL_VacasLocas                    s2/l9 → s2_l9.npy  shape=(224, 196, 768)  size=67.4MB
  [WRITE]  ISMN_SNOTEL_VacasLocas                    s1_asc/l3 → s1_asc_l3.npy  shape=(293, 196, 768)  size=88.2MB
  [WRITE]  ISMN_SNOTEL_VacasLocas                    s1_asc/l6 → s1_asc_l6.npy  shape=(293, 196, 768)  size=88.2MB
  [WRITE]  ISMN_SNOTEL_VacasLocas                    s1_asc/l9 → s1_asc_l9.npy  shape=(293, 196, 768)  size=88.2MB
  [WRITE]  ISMN_SNOTEL_VacasLocas                    s1_desc/l3 → s1_desc_l3.npy  shape=(191, 196, 768)  size=57.5MB
  [WRITE]  ISMN_SNOTEL_VacasLocas                    s1_desc/l6 → s1_desc_l6.npy  shape=(191, 196, 768)  size=57.5MB
  [WRITE]  ISMN_SNOTEL_VacasLocas                    s1_desc/l9 → s1_desc_l9.npy  shape=(191, 196, 768)  size=57.5MB
  [WRITE]  ISMN_SNOTEL_SouthMtn.                     s2/l3 → s2_l3.npy  shape=(599, 196, 768)  size=180.3MB
  [WRITE]  ISMN_SNOTEL_SouthMtn.                     s2/l6 → s2_l6.npy  shape=(599, 196, 768)  size=180.3MB
  [WRITE]  ISMN_SNOTEL_SouthMtn.                     s2/l9 → s2_l9.npy  shape=(599, 196, 768)  size=180.3MB
  [WRITE]  ISMN_SNOTEL_SouthMtn.                     s1_asc/l3 → s1_asc_l3.npy  shape=(171, 196, 768)  size=51.5MB
  [WRITE]  ISMN_SNOTEL_SouthMtn.                     s1_asc/l6 → s1_asc_l6.npy  shape=(171, 196, 768)  size=51.5MB
  [WRITE]  ISMN_SNOTEL_SouthMtn.                     s1_asc/l9 → s1_asc_l9.npy  shape=(171, 196, 768)  size=51.5MB
  [WRITE]  ISMN_SNOTEL_SouthMtn.                     s1_desc/l3 → s1_desc_l3.npy  shape=(583, 196, 768)  size=175.5MB
  [WRITE]  ISMN_SNOTEL_SouthMtn.                     s1_desc/l6 → s1_desc_l6.npy  shape=(583, 196, 768)  size=175.5MB
  [WRITE]  ISMN_SNOTEL_SouthMtn.                     s1_desc/l9 → s1_desc_l9.npy  shape=(583, 196, 768)  size=175.5MB
  [WRITE]  ISMN_SNOTEL_SpiritLk                      s2/l3 → s2_l3.npy  shape=(495, 196, 768)  size=149.0MB
  [WRITE]  ISMN_SNOTEL_SpiritLk                      s2/l6 → s2_l6.npy  shape=(495, 196, 768)  size=149.0MB
  [WRITE]  ISMN_SNOTEL_SpiritLk                      s2/l9 → s2_l9.npy  shape=(495, 196, 768)  size=149.0MB
  [WRITE]  ISMN_SNOTEL_SpiritLk                      s1_asc/l3 → s1_asc_l3.npy  shape=(150, 196, 768)  size=45.2MB
  [WRITE]  ISMN_SNOTEL_SpiritLk                      s1_asc/l6 → s1_asc_l6.npy  shape=(150, 196, 768)  size=45.2MB
  [WRITE]  ISMN_SNOTEL_SpiritLk                      s1_asc/l9 → s1_asc_l9.npy  shape=(150, 196, 768)  size=45.2MB
  [WRITE]  ISMN_SNOTEL_SpiritLk                      s1_desc/l3 → s1_desc_l3.npy  shape=(205, 196, 768)  size=61.7MB
  [WRITE]  ISMN_SNOTEL_SpiritLk                      s1_desc/l6 → s1_desc_l6.npy  shape=(205, 196, 768)  size=61.7MB
  [WRITE]  ISMN_SNOTEL_SpiritLk                      s1_desc/l9 → s1_desc_l9.npy  shape=(205, 196, 768)  size=61.7MB
  [WRITE]  ISMN_SNOTEL_SprattCreek                   s2/l3 → s2_l3.npy  shape=(382, 196, 768)  size=115.0MB
  [WRITE]  ISMN_SNOTEL_SprattCreek                   s2/l6 → s2_l6.npy  shape=(382, 196, 768)  size=115.0MB
  [WRITE]  ISMN_SNOTEL_SprattCreek                   s2/l9 → s2_l9.npy  shape=(382, 196, 768)  size=115.0MB
  [WRITE]  ISMN_SNOTEL_SprattCreek                   s1_asc/l3 → s1_asc_l3.npy  shape=(405, 196, 768)  size=121.9MB
  [WRITE]  ISMN_SNOTEL_SprattCreek                   s1_asc/l6 → s1_asc_l6.npy  shape=(405, 196, 768)  size=121.9MB
  [WRITE]  ISMN_SNOTEL_SprattCreek                   s1_asc/l9 → s1_asc_l9.npy  shape=(405, 196, 768)  size=121.9MB
  [WRITE]  ISMN_SNOTEL_SprattCreek                   s1_desc/l3 → s1_desc_l3.npy  shape=(379, 196, 768)  size=114.1MB
  [WRITE]  ISMN_SNOTEL_SprattCreek                   s1_desc/l6 → s1_desc_l6.npy  shape=(379, 196, 768)  size=114.1MB
  [WRITE]  ISMN_SNOTEL_SprattCreek                   s1_desc/l9 → s1_desc_l9.npy  shape=(379, 196, 768)  size=114.1MB
  [WRITE]  ISMN_SNOTEL_SpringCreek                   s2/l3 → s2_l3.npy  shape=(217, 196, 768)  size=65.3MB
  [WRITE]  ISMN_SNOTEL_SpringCreek                   s2/l6 → s2_l6.npy  shape=(217, 196, 768)  size=65.3MB
  [WRITE]  ISMN_SNOTEL_SpringCreek                   s2/l9 → s2_l9.npy  shape=(217, 196, 768)  size=65.3MB
  [WRITE]  ISMN_SNOTEL_SpringCreek                   s1_asc/l3 → s1_asc_l3.npy  shape=(69, 196, 768)  size=20.8MB
  [WRITE]  ISMN_SNOTEL_SpringCreek                   s1_asc/l6 → s1_asc_l6.npy  shape=(69, 196, 768)  size=20.8MB
  [WRITE]  ISMN_SNOTEL_SpringCreek                   s1_asc/l9 → s1_asc_l9.npy  shape=(69, 196, 768)  size=20.8MB
  [WRITE]  ISMN_SNOTEL_SpringCreek                   s1_desc/l3 → s1_desc_l3.npy  shape=(309, 196, 768)  size=93.0MB
  [WRITE]  ISMN_SNOTEL_SpringCreek                   s1_desc/l6 → s1_desc_l6.npy  shape=(309, 196, 768)  size=93.0MB
  [WRITE]  ISMN_SNOTEL_SpringCreek                   s1_desc/l9 → s1_desc_l9.npy  shape=(309, 196, 768)  size=93.0MB
  [WRITE]  ISMN_SNOTEL_LittleValley                  s2/l3 → s2_l3.npy  shape=(752, 196, 768)  size=226.4MB
  [WRITE]  ISMN_SNOTEL_LittleValley                  s2/l6 → s2_l6.npy  shape=(752, 196, 768)  size=226.4MB
  [WRITE]  ISMN_SNOTEL_LittleValley                  s2/l9 → s2_l9.npy  shape=(752, 196, 768)  size=226.4MB
  [WRITE]  ISMN_SNOTEL_LittleValley                  s1_asc/l3 → s1_asc_l3.npy  shape=(732, 196, 768)  size=220.4MB
  [WRITE]  ISMN_SNOTEL_LittleValley                  s1_asc/l6 → s1_asc_l6.npy  shape=(732, 196, 768)  size=220.4MB
  [WRITE]  ISMN_SNOTEL_LittleValley                  s1_asc/l9 → s1_asc_l9.npy  shape=(732, 196, 768)  size=220.4MB
  [WRITE]  ISMN_SNOTEL_LittleValley                  s1_desc/l3 → s1_desc_l3.npy  shape=(703, 196, 768)  size=211.6MB
  [WRITE]  ISMN_SNOTEL_LittleValley                  s1_desc/l6 → s1_desc_l6.npy  shape=(703, 196, 768)  size=211.6MB
  [WRITE]  ISMN_SNOTEL_LittleValley                  s1_desc/l9 → s1_desc_l9.npy  shape=(703, 196, 768)  size=211.6MB
  [WRITE]  ISMN_SNOTEL_LizardHeadPass                s2/l3 → s2_l3.npy  shape=(642, 196, 768)  size=193.3MB
  [WRITE]  ISMN_SNOTEL_LizardHeadPass                s2/l6 → s2_l6.npy  shape=(642, 196, 768)  size=193.3MB
  [WRITE]  ISMN_SNOTEL_LizardHeadPass                s2/l9 → s2_l9.npy  shape=(642, 196, 768)  size=193.3MB
  [WRITE]  ISMN_SNOTEL_LizardHeadPass                s1_asc/l3 → s1_asc_l3.npy  shape=(255, 196, 768)  size=76.8MB
  [WRITE]  ISMN_SNOTEL_LizardHeadPass                s1_asc/l6 → s1_asc_l6.npy  shape=(255, 196, 768)  size=76.8MB
  [WRITE]  ISMN_SNOTEL_LizardHeadPass                s1_asc/l9 → s1_asc_l9.npy  shape=(255, 196, 768)  size=76.8MB
  [WRITE]  ISMN_SNOTEL_LizardHeadPass                s1_desc/l3 → s1_desc_l3.npy  shape=(521, 196, 768)  size=156.9MB
  [WRITE]  ISMN_SNOTEL_LizardHeadPass                s1_desc/l6 → s1_desc_l6.npy  shape=(521, 196, 768)  size=156.9MB
  [WRITE]  ISMN_SNOTEL_LizardHeadPass                s1_desc/l9 → s1_desc_l9.npy  shape=(521, 196, 768)  size=156.9MB
  [WRITE]  ISMN_SNOTEL_LobdellLake                   s2/l3 → s2_l3.npy  shape=(425, 196, 768)  size=127.9MB
  [WRITE]  ISMN_SNOTEL_LobdellLake                   s2/l6 → s2_l6.npy  shape=(425, 196, 768)  size=127.9MB
  [WRITE]  ISMN_SNOTEL_LobdellLake                   s2/l9 → s2_l9.npy  shape=(425, 196, 768)  size=127.9MB
  [WRITE]  ISMN_SNOTEL_LobdellLake                   s1_asc/l3 → s1_asc_l3.npy  shape=(747, 196, 768)  size=224.9MB
  [WRITE]  ISMN_SNOTEL_LobdellLake                   s1_asc/l6 → s1_asc_l6.npy  shape=(747, 196, 768)  size=224.9MB
  [WRITE]  ISMN_SNOTEL_LobdellLake                   s1_asc/l9 → s1_asc_l9.npy  shape=(747, 196, 768)  size=224.9MB
  [WRITE]  ISMN_SNOTEL_LobdellLake                   s1_desc/l3 → s1_desc_l3.npy  shape=(356, 196, 768)  size=107.2MB
  [WRITE]  ISMN_SNOTEL_LobdellLake                   s1_desc/l6 → s1_desc_l6.npy  shape=(356, 196, 768)  size=107.2MB
  [WRITE]  ISMN_SNOTEL_LobdellLake                   s1_desc/l9 → s1_desc_l9.npy  shape=(356, 196, 768)  size=107.2MB
  [WRITE]  ISMN_SNOTEL_LoneCone                      s2/l3 → s2_l3.npy  shape=(401, 196, 768)  size=120.7MB
  [WRITE]  ISMN_SNOTEL_LoneCone                      s2/l6 → s2_l6.npy  shape=(401, 196, 768)  size=120.7MB
  [WRITE]  ISMN_SNOTEL_LoneCone                      s2/l9 → s2_l9.npy  shape=(401, 196, 768)  size=120.7MB
  [WRITE]  ISMN_SNOTEL_LoneCone                      s1_asc/l3 → s1_asc_l3.npy  shape=(144, 196, 768)  size=43.4MB
  [WRITE]  ISMN_SNOTEL_LoneCone                      s1_asc/l6 → s1_asc_l6.npy  shape=(144, 196, 768)  size=43.4MB
  [WRITE]  ISMN_SNOTEL_LoneCone                      s1_asc/l9 → s1_asc_l9.npy  shape=(144, 196, 768)  size=43.4MB
  [WRITE]  ISMN_SNOTEL_LoneCone                      s1_desc/l3 → s1_desc_l3.npy  shape=(157, 196, 768)  size=47.3MB
  [WRITE]  ISMN_SNOTEL_LoneCone                      s1_desc/l6 → s1_desc_l6.npy  shape=(157, 196, 768)  size=47.3MB
  [WRITE]  ISMN_SNOTEL_LoneCone                      s1_desc/l9 → s1_desc_l9.npy  shape=(157, 196, 768)  size=47.3MB
  [WRITE]  ISMN_USCRN_Newton-5-ENE                   s2/l3 → s2_l3.npy  shape=(108, 196, 768)  size=32.5MB
  [WRITE]  ISMN_USCRN_Newton-5-ENE                   s2/l6 → s2_l6.npy  shape=(108, 196, 768)  size=32.5MB
  [WRITE]  ISMN_USCRN_Newton-5-ENE                   s2/l9 → s2_l9.npy  shape=(108, 196, 768)  size=32.5MB
  [WRITE]  ISMN_USCRN_Newton-5-ENE                   s1_asc/l3 → s1_asc_l3.npy  shape=(283, 196, 768)  size=85.2MB
  [WRITE]  ISMN_USCRN_Newton-5-ENE                   s1_asc/l6 → s1_asc_l6.npy  shape=(283, 196, 768)  size=85.2MB
  [WRITE]  ISMN_USCRN_Newton-5-ENE                   s1_asc/l9 → s1_asc_l9.npy  shape=(283, 196, 768)  size=85.2MB
  [WRITE]  ISMN_USCRN_Newton-5-ENE                   s1_desc/l3 → s1_desc_l3.npy  shape=(5, 196, 768)  size=1.5MB
  [WRITE]  ISMN_USCRN_Newton-5-ENE                   s1_desc/l6 → s1_desc_l6.npy  shape=(5, 196, 768)  size=1.5MB
  [WRITE]  ISMN_USCRN_Newton-5-ENE                   s1_desc/l9 → s1_desc_l9.npy  shape=(5, 196, 768)  size=1.5MB
  [WRITE]  ISMN_USCRN_Newton-8-W                     s2/l3 → s2_l3.npy  shape=(74, 196, 768)  size=22.3MB
  [WRITE]  ISMN_USCRN_Newton-8-W                     s2/l6 → s2_l6.npy  shape=(74, 196, 768)  size=22.3MB
  [WRITE]  ISMN_USCRN_Newton-8-W                     s2/l9 → s2_l9.npy  shape=(74, 196, 768)  size=22.3MB
  [WRITE]  ISMN_USCRN_Newton-8-W                     s1_asc/l3 → s1_asc_l3.npy  shape=(65, 196, 768)  size=19.6MB
  [WRITE]  ISMN_USCRN_Newton-8-W                     s1_asc/l6 → s1_asc_l6.npy  shape=(65, 196, 768)  size=19.6MB
  [WRITE]  ISMN_USCRN_Newton-8-W                     s1_asc/l9 → s1_asc_l9.npy  shape=(65, 196, 768)  size=19.6MB
  [WRITE]  ISMN_USCRN_Newton-8-W                     s1_desc/l3 → s1_desc_l3.npy  shape=(5, 196, 768)  size=1.5MB
  [WRITE]  ISMN_USCRN_Newton-8-W                     s1_desc/l6 → s1_desc_l6.npy  shape=(5, 196, 768)  size=1.5MB
  [WRITE]  ISMN_USCRN_Newton-8-W                     s1_desc/l9 → s1_desc_l9.npy  shape=(5, 196, 768)  size=1.5MB
  [WRITE]  ISMN_USCRN_Panther-Junction-2-N           s2/l3 → s2_l3.npy  shape=(205, 196, 768)  size=61.7MB
  [WRITE]  ISMN_USCRN_Panther-Junction-2-N           s2/l6 → s2_l6.npy  shape=(205, 196, 768)  size=61.7MB
  [WRITE]  ISMN_USCRN_Panther-Junction-2-N           s2/l9 → s2_l9.npy  shape=(205, 196, 768)  size=61.7MB
  [WRITE]  ISMN_USCRN_Panther-Junction-2-N           s1_asc/l3 → s1_asc_l3.npy  shape=(513, 196, 768)  size=154.4MB
  [WRITE]  ISMN_USCRN_Panther-Junction-2-N           s1_asc/l6 → s1_asc_l6.npy  shape=(513, 196, 768)  size=154.4MB
  [WRITE]  ISMN_USCRN_Panther-Junction-2-N           s1_asc/l9 → s1_asc_l9.npy  shape=(513, 196, 768)  size=154.4MB
  [WRITE]  ISMN_USCRN_Panther-Junction-2-N           s1_desc/l3 → s1_desc_l3.npy  shape=(265, 196, 768)  size=79.8MB
  [WRITE]  ISMN_USCRN_Panther-Junction-2-N           s1_desc/l6 → s1_desc_l6.npy  shape=(265, 196, 768)  size=79.8MB
  [WRITE]  ISMN_USCRN_Panther-Junction-2-N           s1_desc/l9 → s1_desc_l9.npy  shape=(265, 196, 768)  size=79.8MB
  [WRITE]  ISMN_USCRN_Quinault-4-NE                  s2/l3 → s2_l3.npy  shape=(89, 196, 768)  size=26.8MB
  [WRITE]  ISMN_USCRN_Quinault-4-NE                  s2/l6 → s2_l6.npy  shape=(89, 196, 768)  size=26.8MB
  [WRITE]  ISMN_USCRN_Quinault-4-NE                  s2/l9 → s2_l9.npy  shape=(89, 196, 768)  size=26.8MB
  [WRITE]  ISMN_USCRN_Quinault-4-NE                  s1_asc/l3 → s1_asc_l3.npy  shape=(228, 196, 768)  size=68.6MB
  [WRITE]  ISMN_USCRN_Quinault-4-NE                  s1_asc/l6 → s1_asc_l6.npy  shape=(228, 196, 768)  size=68.6MB
  [WRITE]  ISMN_USCRN_Quinault-4-NE                  s1_asc/l9 → s1_asc_l9.npy  shape=(228, 196, 768)  size=68.6MB
  [WRITE]  ISMN_USCRN_Quinault-4-NE                  s1_desc/l3 → s1_desc_l3.npy  shape=(256, 196, 768)  size=77.1MB
  [WRITE]  ISMN_USCRN_Quinault-4-NE                  s1_desc/l6 → s1_desc_l6.npy  shape=(256, 196, 768)  size=77.1MB
  [WRITE]  ISMN_USCRN_Quinault-4-NE                  s1_desc/l9 → s1_desc_l9.npy  shape=(256, 196, 768)  size=77.1MB
  [WRITE]  ISMN_USCRN_Lafayette-13-SE                s2/l3 → s2_l3.npy  shape=(136, 196, 768)  size=40.9MB
  [WRITE]  ISMN_USCRN_Lafayette-13-SE                s2/l6 → s2_l6.npy  shape=(136, 196, 768)  size=40.9MB
  [WRITE]  ISMN_USCRN_Lafayette-13-SE                s2/l9 → s2_l9.npy  shape=(136, 196, 768)  size=40.9MB
  [WRITE]  ISMN_USCRN_Lafayette-13-SE                s1_asc/l3 → s1_asc_l3.npy  shape=(161, 196, 768)  size=48.5MB
  [WRITE]  ISMN_USCRN_Lafayette-13-SE                s1_asc/l6 → s1_asc_l6.npy  shape=(161, 196, 768)  size=48.5MB
  [WRITE]  ISMN_USCRN_Lafayette-13-SE                s1_asc/l9 → s1_asc_l9.npy  shape=(161, 196, 768)  size=48.5MB
  [WRITE]  ISMN_USCRN_Lafayette-13-SE                s1_desc/l3 → s1_desc_l3.npy  shape=(5, 196, 768)  size=1.5MB
  [WRITE]  ISMN_USCRN_Lafayette-13-SE                s1_desc/l6 → s1_desc_l6.npy  shape=(5, 196, 768)  size=1.5MB
  [WRITE]  ISMN_USCRN_Lafayette-13-SE                s1_desc/l9 → s1_desc_l9.npy  shape=(5, 196, 768)  size=1.5MB
  [WRITE]  ISMN_USCRN_Las-Cruces-20-N                s2/l3 → s2_l3.npy  shape=(479, 196, 768)  size=144.2MB
  [WRITE]  ISMN_USCRN_Las-Cruces-20-N                s2/l6 → s2_l6.npy  shape=(479, 196, 768)  size=144.2MB
  [WRITE]  ISMN_USCRN_Las-Cruces-20-N                s2/l9 → s2_l9.npy  shape=(479, 196, 768)  size=144.2MB
  [WRITE]  ISMN_USCRN_Las-Cruces-20-N                s1_asc/l3 → s1_asc_l3.npy  shape=(141, 196, 768)  size=42.4MB
  [WRITE]  ISMN_USCRN_Las-Cruces-20-N                s1_asc/l6 → s1_asc_l6.npy  shape=(141, 196, 768)  size=42.4MB
  [WRITE]  ISMN_USCRN_Las-Cruces-20-N                s1_asc/l9 → s1_asc_l9.npy  shape=(141, 196, 768)  size=42.4MB
  [WRITE]  ISMN_USCRN_Las-Cruces-20-N                s1_desc/l3 → s1_desc_l3.npy  shape=(280, 196, 768)  size=84.3MB
  [WRITE]  ISMN_USCRN_Las-Cruces-20-N                s1_desc/l6 → s1_desc_l6.npy  shape=(280, 196, 768)  size=84.3MB
  [WRITE]  ISMN_USCRN_Las-Cruces-20-N                s1_desc/l9 → s1_desc_l9.npy  shape=(280, 196, 768)  size=84.3MB
  [WRITE]  ISMN_USCRN_Los-Alamos-13-W                s2/l3 → s2_l3.npy  shape=(142, 196, 768)  size=42.7MB
  [WRITE]  ISMN_USCRN_Los-Alamos-13-W                s2/l6 → s2_l6.npy  shape=(142, 196, 768)  size=42.7MB
  [WRITE]  ISMN_USCRN_Los-Alamos-13-W                s2/l9 → s2_l9.npy  shape=(142, 196, 768)  size=42.7MB
  [WRITE]  ISMN_USCRN_Los-Alamos-13-W                s1_asc/l3 → s1_asc_l3.npy  shape=(205, 196, 768)  size=61.7MB
  [WRITE]  ISMN_USCRN_Los-Alamos-13-W                s1_asc/l6 → s1_asc_l6.npy  shape=(205, 196, 768)  size=61.7MB
  [WRITE]  ISMN_USCRN_Los-Alamos-13-W                s1_asc/l9 → s1_asc_l9.npy  shape=(205, 196, 768)  size=61.7MB
  [WRITE]  ISMN_USCRN_Los-Alamos-13-W                s1_desc/l3 → s1_desc_l3.npy  shape=(116, 196, 768)  size=34.9MB
  [WRITE]  ISMN_USCRN_Los-Alamos-13-W                s1_desc/l6 → s1_desc_l6.npy  shape=(116, 196, 768)  size=34.9MB
  [WRITE]  ISMN_USCRN_Los-Alamos-13-W                s1_desc/l9 → s1_desc_l9.npy  shape=(116, 196, 768)  size=34.9MB
  [WRITE]  ISMN_USCRN_McClellanville-7-NE            s2/l3 → s2_l3.npy  shape=(260, 196, 768)  size=78.3MB
  [WRITE]  ISMN_USCRN_McClellanville-7-NE            s2/l6 → s2_l6.npy  shape=(260, 196, 768)  size=78.3MB
  [WRITE]  ISMN_USCRN_McClellanville-7-NE            s2/l9 → s2_l9.npy  shape=(260, 196, 768)  size=78.3MB
  [WRITE]  ISMN_USCRN_McClellanville-7-NE            s1_asc/l3 → s1_asc_l3.npy  shape=(305, 196, 768)  size=91.8MB
  [WRITE]  ISMN_USCRN_McClellanville-7-NE            s1_asc/l6 → s1_asc_l6.npy  shape=(305, 196, 768)  size=91.8MB
  [WRITE]  ISMN_USCRN_McClellanville-7-NE            s1_asc/l9 → s1_asc_l9.npy  shape=(305, 196, 768)  size=91.8MB
  [WRITE]  ISMN_USCRN_McClellanville-7-NE            s1_desc/l3 → s1_desc_l3.npy  shape=(5, 196, 768)  size=1.5MB
  [WRITE]  ISMN_USCRN_McClellanville-7-NE            s1_desc/l6 → s1_desc_l6.npy  shape=(5, 196, 768)  size=1.5MB
  [WRITE]  ISMN_USCRN_McClellanville-7-NE            s1_desc/l9 → s1_desc_l9.npy  shape=(5, 196, 768)  size=1.5MB
  [WRITE]  ISMN_USCRN_Salem-10-W                     s2/l3 → s2_l3.npy  shape=(97, 196, 768)  size=29.2MB
  [WRITE]  ISMN_USCRN_Salem-10-W                     s2/l6 → s2_l6.npy  shape=(97, 196, 768)  size=29.2MB
  [WRITE]  ISMN_USCRN_Salem-10-W                     s2/l9 → s2_l9.npy  shape=(97, 196, 768)  size=29.2MB
  [WRITE]  ISMN_USCRN_Salem-10-W                     s1_asc/l3 → s1_asc_l3.npy  shape=(123, 196, 768)  size=37.0MB
  [WRITE]  ISMN_USCRN_Salem-10-W                     s1_asc/l6 → s1_asc_l6.npy  shape=(123, 196, 768)  size=37.0MB
  [WRITE]  ISMN_USCRN_Salem-10-W                     s1_asc/l9 → s1_asc_l9.npy  shape=(123, 196, 768)  size=37.0MB
  [WRITE]  ISMN_USCRN_Salem-10-W                     s1_desc/l3 → s1_desc_l3.npy  shape=(2, 196, 768)  size=0.6MB
  [WRITE]  ISMN_USCRN_Salem-10-W                     s1_desc/l6 → s1_desc_l6.npy  shape=(2, 196, 768)  size=0.6MB
  [WRITE]  ISMN_USCRN_Salem-10-W                     s1_desc/l9 → s1_desc_l9.npy  shape=(2, 196, 768)  size=0.6MB
  [WRITE]  ISMN_USCRN_Santa-Barbara-11-W             s2/l3 → s2_l3.npy  shape=(201, 196, 768)  size=60.5MB
  [WRITE]  ISMN_USCRN_Santa-Barbara-11-W             s2/l6 → s2_l6.npy  shape=(201, 196, 768)  size=60.5MB
  [WRITE]  ISMN_USCRN_Santa-Barbara-11-W             s2/l9 → s2_l9.npy  shape=(201, 196, 768)  size=60.5MB
  [WRITE]  ISMN_USCRN_Santa-Barbara-11-W             s1_asc/l3 → s1_asc_l3.npy  shape=(226, 196, 768)  size=68.0MB
  [WRITE]  ISMN_USCRN_Santa-Barbara-11-W             s1_asc/l6 → s1_asc_l6.npy  shape=(226, 196, 768)  size=68.0MB
  [WRITE]  ISMN_USCRN_Santa-Barbara-11-W             s1_asc/l9 → s1_asc_l9.npy  shape=(226, 196, 768)  size=68.0MB
  [WRITE]  ISMN_USCRN_Santa-Barbara-11-W             s1_desc/l3 → s1_desc_l3.npy  shape=(207, 196, 768)  size=62.3MB
  [WRITE]  ISMN_USCRN_Santa-Barbara-11-W             s1_desc/l6 → s1_desc_l6.npy  shape=(207, 196, 768)  size=62.3MB
  [WRITE]  ISMN_USCRN_Santa-Barbara-11-W             s1_desc/l9 → s1_desc_l9.npy  shape=(207, 196, 768)  size=62.3MB
  [WRITE]  ISMN_USCRN_Socorro-20-N                   s2/l3 → s2_l3.npy  shape=(216, 196, 768)  size=65.0MB
  [WRITE]  ISMN_USCRN_Socorro-20-N                   s2/l6 → s2_l6.npy  shape=(216, 196, 768)  size=65.0MB
  [WRITE]  ISMN_USCRN_Socorro-20-N                   s2/l9 → s2_l9.npy  shape=(216, 196, 768)  size=65.0MB
  [WRITE]  ISMN_USCRN_Socorro-20-N                   s1_asc/l3 → s1_asc_l3.npy  shape=(141, 196, 768)  size=42.4MB
  [WRITE]  ISMN_USCRN_Socorro-20-N                   s1_asc/l6 → s1_asc_l6.npy  shape=(141, 196, 768)  size=42.4MB
  [WRITE]  ISMN_USCRN_Socorro-20-N                   s1_asc/l9 → s1_asc_l9.npy  shape=(141, 196, 768)  size=42.4MB
  [WRITE]  ISMN_USCRN_Socorro-20-N                   s1_desc/l3 → s1_desc_l3.npy  shape=(144, 196, 768)  size=43.4MB
  [WRITE]  ISMN_USCRN_Socorro-20-N                   s1_desc/l6 → s1_desc_l6.npy  shape=(144, 196, 768)  size=43.4MB
  [WRITE]  ISMN_USCRN_Socorro-20-N                   s1_desc/l9 → s1_desc_l9.npy  shape=(144, 196, 768)  size=43.4MB
  [WRITE]  ISMN_USCRN_Spokane-17-SSW                 s2/l3 → s2_l3.npy  shape=(245, 196, 768)  size=73.8MB
  [WRITE]  ISMN_USCRN_Spokane-17-SSW                 s2/l6 → s2_l6.npy  shape=(245, 196, 768)  size=73.8MB
  [WRITE]  ISMN_USCRN_Spokane-17-SSW                 s2/l9 → s2_l9.npy  shape=(245, 196, 768)  size=73.8MB
  [WRITE]  ISMN_USCRN_Spokane-17-SSW                 s1_asc/l3 → s1_asc_l3.npy  shape=(201, 196, 768)  size=60.5MB
  [WRITE]  ISMN_USCRN_Spokane-17-SSW                 s1_asc/l6 → s1_asc_l6.npy  shape=(201, 196, 768)  size=60.5MB
  [WRITE]  ISMN_USCRN_Spokane-17-SSW                 s1_asc/l9 → s1_asc_l9.npy  shape=(201, 196, 768)  size=60.5MB
  [WRITE]  ISMN_USCRN_Spokane-17-SSW                 s1_desc/l3 → s1_desc_l3.npy  shape=(275, 196, 768)  size=82.8MB
  [WRITE]  ISMN_USCRN_Spokane-17-SSW                 s1_desc/l6 → s1_desc_l6.npy  shape=(275, 196, 768)  size=82.8MB
  [WRITE]  ISMN_USCRN_Spokane-17-SSW                 s1_desc/l9 → s1_desc_l9.npy  shape=(275, 196, 768)  size=82.8MB
  [WRITE]  ISMN_USCRN_Mercury-3-SSW                  s2/l3 → s2_l3.npy  shape=(498, 196, 768)  size=149.9MB
  [WRITE]  ISMN_USCRN_Mercury-3-SSW                  s2/l6 → s2_l6.npy  shape=(498, 196, 768)  size=149.9MB
  [WRITE]  ISMN_USCRN_Mercury-3-SSW                  s2/l9 → s2_l9.npy  shape=(498, 196, 768)  size=149.9MB
  [WRITE]  ISMN_USCRN_Mercury-3-SSW                  s1_asc/l3 → s1_asc_l3.npy  shape=(144, 196, 768)  size=43.4MB
  [WRITE]  ISMN_USCRN_Mercury-3-SSW                  s1_asc/l6 → s1_asc_l6.npy  shape=(144, 196, 768)  size=43.4MB
  [WRITE]  ISMN_USCRN_Mercury-3-SSW                  s1_asc/l9 → s1_asc_l9.npy  shape=(144, 196, 768)  size=43.4MB
  [WRITE]  ISMN_USCRN_Mercury-3-SSW                  s1_desc/l3 → s1_desc_l3.npy  shape=(405, 196, 768)  size=121.9MB
  [WRITE]  ISMN_USCRN_Mercury-3-SSW                  s1_desc/l6 → s1_desc_l6.npy  shape=(405, 196, 768)  size=121.9MB
  [WRITE]  ISMN_USCRN_Mercury-3-SSW                  s1_desc/l9 → s1_desc_l9.npy  shape=(405, 196, 768)  size=121.9MB
  [WRITE]  ISMN_USCRN_Monahans-6-ENE                 s2/l3 → s2_l3.npy  shape=(221, 196, 768)  size=66.5MB
  [WRITE]  ISMN_USCRN_Monahans-6-ENE                 s2/l6 → s2_l6.npy  shape=(221, 196, 768)  size=66.5MB
  [WRITE]  ISMN_USCRN_Monahans-6-ENE                 s2/l9 → s2_l9.npy  shape=(221, 196, 768)  size=66.5MB
  [WRITE]  ISMN_USCRN_Monahans-6-ENE                 s1_asc/l3 → s1_asc_l3.npy  shape=(132, 196, 768)  size=39.7MB
  [WRITE]  ISMN_USCRN_Monahans-6-ENE                 s1_asc/l6 → s1_asc_l6.npy  shape=(132, 196, 768)  size=39.7MB
  [WRITE]  ISMN_USCRN_Monahans-6-ENE                 s1_asc/l9 → s1_asc_l9.npy  shape=(132, 196, 768)  size=39.7MB
  [WRITE]  ISMN_USCRN_Monahans-6-ENE                 s1_desc/l3 → s1_desc_l3.npy  shape=(123, 196, 768)  size=37.0MB
  [WRITE]  ISMN_USCRN_Monahans-6-ENE                 s1_desc/l6 → s1_desc_l6.npy  shape=(123, 196, 768)  size=37.0MB
  [WRITE]  ISMN_USCRN_Monahans-6-ENE                 s1_desc/l9 → s1_desc_l9.npy  shape=(123, 196, 768)  size=37.0MB
  [WRITE]  ISMN_USCRN_Monroe-26-N                    s2/l3 → s2_l3.npy  shape=(83, 196, 768)  size=25.0MB
  [WRITE]  ISMN_USCRN_Monroe-26-N                    s2/l6 → s2_l6.npy  shape=(83, 196, 768)  size=25.0MB
  [WRITE]  ISMN_USCRN_Monroe-26-N                    s2/l9 → s2_l9.npy  shape=(83, 196, 768)  size=25.0MB
  [WRITE]  ISMN_USCRN_Monroe-26-N                    s1_asc/l3 → s1_asc_l3.npy  shape=(71, 196, 768)  size=21.4MB
  [WRITE]  ISMN_USCRN_Monroe-26-N                    s1_asc/l6 → s1_asc_l6.npy  shape=(71, 196, 768)  size=21.4MB
  [WRITE]  ISMN_USCRN_Monroe-26-N                    s1_asc/l9 → s1_asc_l9.npy  shape=(71, 196, 768)  size=21.4MB
  [WRITE]  ISMN_USCRN_Monroe-26-N                    s1_desc/l3 → s1_desc_l3.npy  shape=(4, 196, 768)  size=1.2MB
  [WRITE]  ISMN_USCRN_Monroe-26-N                    s1_desc/l6 → s1_desc_l6.npy  shape=(4, 196, 768)  size=1.2MB
  [WRITE]  ISMN_USCRN_Monroe-26-N                    s1_desc/l9 → s1_desc_l9.npy  shape=(4, 196, 768)  size=1.2MB
  [WRITE]  ISMN_USCRN_Muleshoe-19-S                  s2/l3 → s2_l3.npy  shape=(193, 196, 768)  size=58.1MB
  [WRITE]  ISMN_USCRN_Muleshoe-19-S                  s2/l6 → s2_l6.npy  shape=(193, 196, 768)  size=58.1MB
  [WRITE]  ISMN_USCRN_Muleshoe-19-S                  s2/l9 → s2_l9.npy  shape=(193, 196, 768)  size=58.1MB
  [WRITE]  ISMN_USCRN_Muleshoe-19-S                  s1_asc/l3 → s1_asc_l3.npy  shape=(125, 196, 768)  size=37.6MB
  [WRITE]  ISMN_USCRN_Muleshoe-19-S                  s1_asc/l6 → s1_asc_l6.npy  shape=(125, 196, 768)  size=37.6MB
  [WRITE]  ISMN_USCRN_Muleshoe-19-S                  s1_asc/l9 → s1_asc_l9.npy  shape=(125, 196, 768)  size=37.6MB
  [WRITE]  ISMN_USCRN_Muleshoe-19-S                  s1_desc/l3 → s1_desc_l3.npy  shape=(121, 196, 768)  size=36.4MB
  [WRITE]  ISMN_USCRN_Muleshoe-19-S                  s1_desc/l6 → s1_desc_l6.npy  shape=(121, 196, 768)  size=36.4MB
  [WRITE]  ISMN_USCRN_Muleshoe-19-S                  s1_desc/l9 → s1_desc_l9.npy  shape=(121, 196, 768)  size=36.4MB
  [WRITE]  ISMN_iRON_NorthstarTransitionZone         s2/l3 → s2_l3.npy  shape=(234, 196, 768)  size=70.4MB
  [WRITE]  ISMN_iRON_NorthstarTransitionZone         s2/l6 → s2_l6.npy  shape=(234, 196, 768)  size=70.4MB
  [WRITE]  ISMN_iRON_NorthstarTransitionZone         s2/l9 → s2_l9.npy  shape=(234, 196, 768)  size=70.4MB
  [WRITE]  ISMN_iRON_NorthstarTransitionZone         s1_asc/l3 → s1_asc_l3.npy  shape=(146, 196, 768)  size=44.0MB
  [WRITE]  ISMN_iRON_NorthstarTransitionZone         s1_asc/l6 → s1_asc_l6.npy  shape=(146, 196, 768)  size=44.0MB
  [WRITE]  ISMN_iRON_NorthstarTransitionZone         s1_asc/l9 → s1_asc_l9.npy  shape=(146, 196, 768)  size=44.0MB
  [WRITE]  ISMN_iRON_NorthstarTransitionZone         s1_desc/l3 → s1_desc_l3.npy  shape=(156, 196, 768)  size=47.0MB
  [WRITE]  ISMN_iRON_NorthstarTransitionZone         s1_desc/l6 → s1_desc_l6.npy  shape=(156, 196, 768)  size=47.0MB
  [WRITE]  ISMN_iRON_NorthstarTransitionZone         s1_desc/l9 → s1_desc_l9.npy  shape=(156, 196, 768)  size=47.0MB
  [WRITE]  ISMN_iRON_SkyMountain                     s2/l3 → s2_l3.npy  shape=(188, 196, 768)  size=56.6MB
  [WRITE]  ISMN_iRON_SkyMountain                     s2/l6 → s2_l6.npy  shape=(188, 196, 768)  size=56.6MB
  [WRITE]  ISMN_iRON_SkyMountain                     s2/l9 → s2_l9.npy  shape=(188, 196, 768)  size=56.6MB
  [WRITE]  ISMN_iRON_SkyMountain                     s1_asc/l3 → s1_asc_l3.npy  shape=(269, 196, 768)  size=81.0MB
  [WRITE]  ISMN_iRON_SkyMountain                     s1_asc/l6 → s1_asc_l6.npy  shape=(269, 196, 768)  size=81.0MB
  [WRITE]  ISMN_iRON_SkyMountain                     s1_asc/l9 → s1_asc_l9.npy  shape=(269, 196, 768)  size=81.0MB
  [WRITE]  ISMN_iRON_SkyMountain                     s1_desc/l3 → s1_desc_l3.npy  shape=(162, 196, 768)  size=48.8MB
  [WRITE]  ISMN_iRON_SkyMountain                     s1_desc/l6 → s1_desc_l6.npy  shape=(162, 196, 768)  size=48.8MB
  [WRITE]  ISMN_iRON_SkyMountain                     s1_desc/l9 → s1_desc_l9.npy  shape=(162, 196, 768)  size=48.8MB
  [WRITE]  AmeriFlux_CA-TP1                          s2/l3 → s2_l3.npy  shape=(116, 196, 768)  size=34.9MB
  [WRITE]  AmeriFlux_CA-TP1                          s2/l6 → s2_l6.npy  shape=(116, 196, 768)  size=34.9MB
  [WRITE]  AmeriFlux_CA-TP1                          s2/l9 → s2_l9.npy  shape=(116, 196, 768)  size=34.9MB
  [WRITE]  AmeriFlux_CA-TP1                          s1_asc/l3 → s1_asc_l3.npy  shape=(122, 196, 768)  size=36.7MB
  [WRITE]  AmeriFlux_CA-TP1                          s1_asc/l6 → s1_asc_l6.npy  shape=(122, 196, 768)  size=36.7MB
  [WRITE]  AmeriFlux_CA-TP1                          s1_asc/l9 → s1_asc_l9.npy  shape=(122, 196, 768)  size=36.7MB
  [WRITE]  AmeriFlux_CA-TP3                          s2/l3 → s2_l3.npy  shape=(121, 196, 768)  size=36.4MB
  [WRITE]  AmeriFlux_CA-TP3                          s2/l6 → s2_l6.npy  shape=(121, 196, 768)  size=36.4MB
  [WRITE]  AmeriFlux_CA-TP3                          s2/l9 → s2_l9.npy  shape=(121, 196, 768)  size=36.4MB
  [WRITE]  AmeriFlux_CA-TP3                          s1_asc/l3 → s1_asc_l3.npy  shape=(144, 196, 768)  size=43.4MB
  [WRITE]  AmeriFlux_CA-TP3                          s1_asc/l6 → s1_asc_l6.npy  shape=(144, 196, 768)  size=43.4MB
  [WRITE]  AmeriFlux_CA-TP3                          s1_asc/l9 → s1_asc_l9.npy  shape=(144, 196, 768)  size=43.4MB
  [WRITE]  ISMN_SOILSCAPE_Lucky-Hills-1506           s2/l3 → s2_l3.npy  shape=(378, 196, 768)  size=113.8MB
  [WRITE]  ISMN_SOILSCAPE_Lucky-Hills-1506           s2/l6 → s2_l6.npy  shape=(378, 196, 768)  size=113.8MB
  [WRITE]  ISMN_SOILSCAPE_Lucky-Hills-1506           s2/l9 → s2_l9.npy  shape=(378, 196, 768)  size=113.8MB
  [WRITE]  ISMN_SOILSCAPE_Lucky-Hills-1506           s1_asc/l3 → s1_asc_l3.npy  shape=(138, 196, 768)  size=41.5MB
  [WRITE]  ISMN_SOILSCAPE_Lucky-Hills-1506           s1_asc/l6 → s1_asc_l6.npy  shape=(138, 196, 768)  size=41.5MB
  [WRITE]  ISMN_SOILSCAPE_Lucky-Hills-1506           s1_asc/l9 → s1_asc_l9.npy  shape=(138, 196, 768)  size=41.5MB
  [WRITE]  ISMN_SOILSCAPE_Lucky-Hills-1506           s1_desc/l3 → s1_desc_l3.npy  shape=(96, 196, 768)  size=28.9MB
  [WRITE]  ISMN_SOILSCAPE_Lucky-Hills-1506           s1_desc/l6 → s1_desc_l6.npy  shape=(96, 196, 768)  size=28.9MB
  [WRITE]  ISMN_SOILSCAPE_Lucky-Hills-1506           s1_desc/l9 → s1_desc_l9.npy  shape=(96, 196, 768)  size=28.9MB
  [WRITE]  ISMN_STEMS_CarpenetopermanentGrassCoverN  s2/l3 → s2_l3.npy  shape=(124, 196, 768)  size=37.3MB
  [WRITE]  ISMN_STEMS_CarpenetopermanentGrassCoverN  s2/l6 → s2_l6.npy  shape=(124, 196, 768)  size=37.3MB
  [WRITE]  ISMN_STEMS_CarpenetopermanentGrassCoverN  s2/l9 → s2_l9.npy  shape=(124, 196, 768)  size=37.3MB
  [WRITE]  ISMN_STEMS_CarpenetopermanentGrassCoverN  s1_asc/l3 → s1_asc_l3.npy  shape=(424, 196, 768)  size=127.6MB
  [WRITE]  ISMN_STEMS_CarpenetopermanentGrassCoverN  s1_asc/l6 → s1_asc_l6.npy  shape=(424, 196, 768)  size=127.6MB
  [WRITE]  ISMN_STEMS_CarpenetopermanentGrassCoverN  s1_asc/l9 → s1_asc_l9.npy  shape=(424, 196, 768)  size=127.6MB
  [WRITE]  ISMN_STEMS_CarpenetopermanentGrassCoverN  s1_desc/l3 → s1_desc_l3.npy  shape=(394, 196, 768)  size=118.6MB
  [WRITE]  ISMN_STEMS_CarpenetopermanentGrassCoverN  s1_desc/l6 → s1_desc_l6.npy  shape=(394, 196, 768)  size=118.6MB
  [WRITE]  ISMN_STEMS_CarpenetopermanentGrassCoverN  s1_desc/l9 → s1_desc_l9.npy  shape=(394, 196, 768)  size=118.6MB
  [WRITE]  ISMN_STEMS_CarpenetopermanentGrassCoverT  s2/l3 → s2_l3.npy  shape=(124, 196, 768)  size=37.3MB
  [WRITE]  ISMN_STEMS_CarpenetopermanentGrassCoverT  s2/l6 → s2_l6.npy  shape=(124, 196, 768)  size=37.3MB
  [WRITE]  ISMN_STEMS_CarpenetopermanentGrassCoverT  s2/l9 → s2_l9.npy  shape=(124, 196, 768)  size=37.3MB
  [WRITE]  ISMN_STEMS_CarpenetopermanentGrassCoverT  s1_asc/l3 → s1_asc_l3.npy  shape=(424, 196, 768)  size=127.6MB
  [WRITE]  ISMN_STEMS_CarpenetopermanentGrassCoverT  s1_asc/l6 → s1_asc_l6.npy  shape=(424, 196, 768)  size=127.6MB
  [WRITE]  ISMN_STEMS_CarpenetopermanentGrassCoverT  s1_asc/l9 → s1_asc_l9.npy  shape=(424, 196, 768)  size=127.6MB
  [WRITE]  ISMN_STEMS_CarpenetopermanentGrassCoverT  s1_desc/l3 → s1_desc_l3.npy  shape=(394, 196, 768)  size=118.6MB
  [WRITE]  ISMN_STEMS_CarpenetopermanentGrassCoverT  s1_desc/l6 → s1_desc_l6.npy  shape=(394, 196, 768)  size=118.6MB
  [WRITE]  ISMN_STEMS_CarpenetopermanentGrassCoverT  s1_desc/l9 → s1_desc_l9.npy  shape=(394, 196, 768)  size=118.6MB
  [WRITE]  ISMN_TERENO_Gevenich                      s2/l3 → s2_l3.npy  shape=(98, 196, 768)  size=29.5MB
  [WRITE]  ISMN_TERENO_Gevenich                      s2/l6 → s2_l6.npy  shape=(98, 196, 768)  size=29.5MB
  [WRITE]  ISMN_TERENO_Gevenich                      s2/l9 → s2_l9.npy  shape=(98, 196, 768)  size=29.5MB
  [WRITE]  ISMN_TERENO_Gevenich                      s1_asc/l3 → s1_asc_l3.npy  shape=(400, 196, 768)  size=120.4MB
  [WRITE]  ISMN_TERENO_Gevenich                      s1_asc/l6 → s1_asc_l6.npy  shape=(400, 196, 768)  size=120.4MB
  [WRITE]  ISMN_TERENO_Gevenich                      s1_asc/l9 → s1_asc_l9.npy  shape=(400, 196, 768)  size=120.4MB
  [WRITE]  ISMN_TERENO_Gevenich                      s1_desc/l3 → s1_desc_l3.npy  shape=(401, 196, 768)  size=120.7MB
  [WRITE]  ISMN_TERENO_Gevenich                      s1_desc/l6 → s1_desc_l6.npy  shape=(401, 196, 768)  size=120.7MB
  [WRITE]  ISMN_TERENO_Gevenich                      s1_desc/l9 → s1_desc_l9.npy  shape=(401, 196, 768)  size=120.7MB
  [WRITE]  ISMN_USCRN_Stillwater-2-W                 s2/l3 → s2_l3.npy  shape=(168, 196, 768)  size=50.6MB
  [WRITE]  ISMN_USCRN_Stillwater-2-W                 s2/l6 → s2_l6.npy  shape=(168, 196, 768)  size=50.6MB
  [WRITE]  ISMN_USCRN_Stillwater-2-W                 s2/l9 → s2_l9.npy  shape=(168, 196, 768)  size=50.6MB
  [WRITE]  ISMN_USCRN_Stillwater-2-W                 s1_asc/l3 → s1_asc_l3.npy  shape=(254, 196, 768)  size=76.5MB
  [WRITE]  ISMN_USCRN_Stillwater-2-W                 s1_asc/l6 → s1_asc_l6.npy  shape=(254, 196, 768)  size=76.5MB
  [WRITE]  ISMN_USCRN_Stillwater-2-W                 s1_asc/l9 → s1_asc_l9.npy  shape=(254, 196, 768)  size=76.5MB
  [WRITE]  ISMN_USCRN_Stillwater-5-WNW               s2/l3 → s2_l3.npy  shape=(136, 196, 768)  size=40.9MB
  [WRITE]  ISMN_USCRN_Stillwater-5-WNW               s2/l6 → s2_l6.npy  shape=(136, 196, 768)  size=40.9MB
  [WRITE]  ISMN_USCRN_Stillwater-5-WNW               s2/l9 → s2_l9.npy  shape=(136, 196, 768)  size=40.9MB
  [WRITE]  ISMN_USCRN_Stillwater-5-WNW               s1_asc/l3 → s1_asc_l3.npy  shape=(200, 196, 768)  size=60.2MB
  [WRITE]  ISMN_USCRN_Stillwater-5-WNW               s1_asc/l6 → s1_asc_l6.npy  shape=(200, 196, 768)  size=60.2MB
  [WRITE]  ISMN_USCRN_Stillwater-5-WNW               s1_asc/l9 → s1_asc_l9.npy  shape=(200, 196, 768)  size=60.2MB
  [WRITE]  ISMN_USCRN_Stovepipe-Wells-1-SW           s2/l3 → s2_l3.npy  shape=(249, 196, 768)  size=75.0MB
  [WRITE]  ISMN_USCRN_Stovepipe-Wells-1-SW           s2/l6 → s2_l6.npy  shape=(249, 196, 768)  size=75.0MB
  [WRITE]  ISMN_USCRN_Stovepipe-Wells-1-SW           s2/l9 → s2_l9.npy  shape=(249, 196, 768)  size=75.0MB
  [WRITE]  ISMN_USCRN_Stovepipe-Wells-1-SW           s1_asc/l3 → s1_asc_l3.npy  shape=(352, 196, 768)  size=106.0MB
  [WRITE]  ISMN_USCRN_Stovepipe-Wells-1-SW           s1_asc/l6 → s1_asc_l6.npy  shape=(352, 196, 768)  size=106.0MB
  [WRITE]  ISMN_USCRN_Stovepipe-Wells-1-SW           s1_asc/l9 → s1_asc_l9.npy  shape=(352, 196, 768)  size=106.0MB
  [WRITE]  ISMN_USCRN_Stovepipe-Wells-1-SW           s1_desc/l3 → s1_desc_l3.npy  shape=(211, 196, 768)  size=63.5MB
  [WRITE]  ISMN_USCRN_Stovepipe-Wells-1-SW           s1_desc/l6 → s1_desc_l6.npy  shape=(211, 196, 768)  size=63.5MB
  [WRITE]  ISMN_USCRN_Stovepipe-Wells-1-SW           s1_desc/l9 → s1_desc_l9.npy  shape=(211, 196, 768)  size=63.5MB
  [WRITE]  ISMN_USCRN_Tucson-11-W                    s2/l3 → s2_l3.npy  shape=(264, 196, 768)  size=79.5MB
  [WRITE]  ISMN_USCRN_Tucson-11-W                    s2/l6 → s2_l6.npy  shape=(264, 196, 768)  size=79.5MB
  [WRITE]  ISMN_USCRN_Tucson-11-W                    s2/l9 → s2_l9.npy  shape=(264, 196, 768)  size=79.5MB
  [WRITE]  ISMN_USCRN_Tucson-11-W                    s1_asc/l3 → s1_asc_l3.npy  shape=(129, 196, 768)  size=38.8MB
  [WRITE]  ISMN_USCRN_Tucson-11-W                    s1_asc/l6 → s1_asc_l6.npy  shape=(129, 196, 768)  size=38.8MB
  [WRITE]  ISMN_USCRN_Tucson-11-W                    s1_asc/l9 → s1_asc_l9.npy  shape=(129, 196, 768)  size=38.8MB
  [WRITE]  ISMN_USCRN_Tucson-11-W                    s1_desc/l3 → s1_desc_l3.npy  shape=(284, 196, 768)  size=85.5MB
  [WRITE]  ISMN_USCRN_Tucson-11-W                    s1_desc/l6 → s1_desc_l6.npy  shape=(284, 196, 768)  size=85.5MB
  [WRITE]  ISMN_USCRN_Tucson-11-W                    s1_desc/l9 → s1_desc_l9.npy  shape=(284, 196, 768)  size=85.5MB
  [WRITE]  ISMN_SNOTEL_SomsenRanch                   s2/l3 → s2_l3.npy  shape=(555, 196, 768)  size=167.1MB
  [WRITE]  ISMN_SNOTEL_SomsenRanch                   s2/l6 → s2_l6.npy  shape=(555, 196, 768)  size=167.1MB
  [WRITE]  ISMN_SNOTEL_SomsenRanch                   s2/l9 → s2_l9.npy  shape=(555, 196, 768)  size=167.1MB
  [WRITE]  ISMN_SNOTEL_SomsenRanch                   s1_asc/l3 → s1_asc_l3.npy  shape=(139, 196, 768)  size=41.8MB
  [WRITE]  ISMN_SNOTEL_SomsenRanch                   s1_asc/l6 → s1_asc_l6.npy  shape=(139, 196, 768)  size=41.8MB
  [WRITE]  ISMN_SNOTEL_SomsenRanch                   s1_asc/l9 → s1_asc_l9.npy  shape=(139, 196, 768)  size=41.8MB
  [WRITE]  ISMN_SNOTEL_SomsenRanch                   s1_desc/l3 → s1_desc_l3.npy  shape=(259, 196, 768)  size=78.0MB
  [WRITE]  ISMN_SNOTEL_SomsenRanch                   s1_desc/l6 → s1_desc_l6.npy  shape=(259, 196, 768)  size=78.0MB
  [WRITE]  ISMN_SNOTEL_SomsenRanch                   s1_desc/l9 → s1_desc_l9.npy  shape=(259, 196, 768)  size=78.0MB
  [WRITE]  ISMN_SNOTEL_SonoraPass                    s2/l3 → s2_l3.npy  shape=(299, 196, 768)  size=90.0MB
  [WRITE]  ISMN_SNOTEL_SonoraPass                    s2/l6 → s2_l6.npy  shape=(299, 196, 768)  size=90.0MB
  [WRITE]  ISMN_SNOTEL_SonoraPass                    s2/l9 → s2_l9.npy  shape=(299, 196, 768)  size=90.0MB
  [WRITE]  ISMN_SNOTEL_SonoraPass                    s1_asc/l3 → s1_asc_l3.npy  shape=(457, 196, 768)  size=137.6MB
  [WRITE]  ISMN_SNOTEL_SonoraPass                    s1_asc/l6 → s1_asc_l6.npy  shape=(457, 196, 768)  size=137.6MB
  [WRITE]  ISMN_SNOTEL_SonoraPass                    s1_asc/l9 → s1_asc_l9.npy  shape=(457, 196, 768)  size=137.6MB
  [WRITE]  ISMN_SNOTEL_SonoraPass                    s1_desc/l3 → s1_desc_l3.npy  shape=(518, 196, 768)  size=155.9MB
  [WRITE]  ISMN_SNOTEL_SonoraPass                    s1_desc/l6 → s1_desc_l6.npy  shape=(518, 196, 768)  size=155.9MB
  [WRITE]  ISMN_SNOTEL_SonoraPass                    s1_desc/l9 → s1_desc_l9.npy  shape=(518, 196, 768)  size=155.9MB
  [WRITE]  ISMN_SNOTEL_SourdoughGulch                s2/l3 → s2_l3.npy  shape=(510, 196, 768)  size=153.5MB
  [WRITE]  ISMN_SNOTEL_SourdoughGulch                s2/l6 → s2_l6.npy  shape=(510, 196, 768)  size=153.5MB
  [WRITE]  ISMN_SNOTEL_SourdoughGulch                s2/l9 → s2_l9.npy  shape=(510, 196, 768)  size=153.5MB
  [WRITE]  ISMN_SNOTEL_SourdoughGulch                s1_asc/l3 → s1_asc_l3.npy  shape=(232, 196, 768)  size=69.8MB
  [WRITE]  ISMN_SNOTEL_SourdoughGulch                s1_asc/l6 → s1_asc_l6.npy  shape=(232, 196, 768)  size=69.8MB
  [WRITE]  ISMN_SNOTEL_SourdoughGulch                s1_asc/l9 → s1_asc_l9.npy  shape=(232, 196, 768)  size=69.8MB
  [WRITE]  ISMN_SNOTEL_SourdoughGulch                s1_desc/l3 → s1_desc_l3.npy  shape=(243, 196, 768)  size=73.2MB
  [WRITE]  ISMN_SNOTEL_SourdoughGulch                s1_desc/l6 → s1_desc_l6.npy  shape=(243, 196, 768)  size=73.2MB
  [WRITE]  ISMN_SNOTEL_SourdoughGulch                s1_desc/l9 → s1_desc_l9.npy  shape=(243, 196, 768)  size=73.2MB
  [WRITE]  ISMN_SNOTEL_SouthBrushCreek               s2/l3 → s2_l3.npy  shape=(530, 196, 768)  size=159.6MB
  [WRITE]  ISMN_SNOTEL_SouthBrushCreek               s2/l6 → s2_l6.npy  shape=(530, 196, 768)  size=159.6MB
  [WRITE]  ISMN_SNOTEL_SouthBrushCreek               s2/l9 → s2_l9.npy  shape=(530, 196, 768)  size=159.6MB
  [WRITE]  ISMN_SNOTEL_SouthBrushCreek               s1_asc/l3 → s1_asc_l3.npy  shape=(210, 196, 768)  size=63.2MB
  [WRITE]  ISMN_SNOTEL_SouthBrushCreek               s1_asc/l6 → s1_asc_l6.npy  shape=(210, 196, 768)  size=63.2MB
  [WRITE]  ISMN_SNOTEL_SouthBrushCreek               s1_asc/l9 → s1_asc_l9.npy  shape=(210, 196, 768)  size=63.2MB
  [WRITE]  ISMN_SNOTEL_SouthBrushCreek               s1_desc/l3 → s1_desc_l3.npy  shape=(490, 196, 768)  size=147.5MB
  [WRITE]  ISMN_SNOTEL_SouthBrushCreek               s1_desc/l6 → s1_desc_l6.npy  shape=(490, 196, 768)  size=147.5MB
  [WRITE]  ISMN_SNOTEL_SouthBrushCreek               s1_desc/l9 → s1_desc_l9.npy  shape=(490, 196, 768)  size=147.5MB
  [WRITE]  AmeriFlux_CA-TPD                          s2/l3 → s2_l3.npy  shape=(145, 196, 768)  size=43.7MB
  [WRITE]  AmeriFlux_CA-TPD                          s2/l6 → s2_l6.npy  shape=(145, 196, 768)  size=43.7MB
  [WRITE]  AmeriFlux_CA-TPD                          s2/l9 → s2_l9.npy  shape=(145, 196, 768)  size=43.7MB
  [WRITE]  AmeriFlux_CA-TPD                          s1_asc/l3 → s1_asc_l3.npy  shape=(194, 196, 768)  size=58.4MB
  [WRITE]  AmeriFlux_CA-TPD                          s1_asc/l6 → s1_asc_l6.npy  shape=(194, 196, 768)  size=58.4MB
  [WRITE]  AmeriFlux_CA-TPD                          s1_asc/l9 → s1_asc_l9.npy  shape=(194, 196, 768)  size=58.4MB
  [WRITE]  AmeriFlux_US-ARM                          s2/l3 → s2_l3.npy  shape=(214, 196, 768)  size=64.4MB
  [WRITE]  AmeriFlux_US-ARM                          s2/l6 → s2_l6.npy  shape=(214, 196, 768)  size=64.4MB
  [WRITE]  AmeriFlux_US-ARM                          s2/l9 → s2_l9.npy  shape=(214, 196, 768)  size=64.4MB
  [WRITE]  AmeriFlux_US-ARM                          s1_asc/l3 → s1_asc_l3.npy  shape=(278, 196, 768)  size=83.7MB
  [WRITE]  AmeriFlux_US-ARM                          s1_asc/l6 → s1_asc_l6.npy  shape=(278, 196, 768)  size=83.7MB
  [WRITE]  AmeriFlux_US-ARM                          s1_asc/l9 → s1_asc_l9.npy  shape=(278, 196, 768)  size=83.7MB
  [WRITE]  AmeriFlux_US-Me6                          s2/l3 → s2_l3.npy  shape=(162, 196, 768)  size=48.8MB
  [WRITE]  AmeriFlux_US-Me6                          s2/l6 → s2_l6.npy  shape=(162, 196, 768)  size=48.8MB
  [WRITE]  AmeriFlux_US-Me6                          s2/l9 → s2_l9.npy  shape=(162, 196, 768)  size=48.8MB
  [WRITE]  AmeriFlux_US-Me6                          s1_asc/l3 → s1_asc_l3.npy  shape=(127, 196, 768)  size=38.2MB
  [WRITE]  AmeriFlux_US-Me6                          s1_asc/l6 → s1_asc_l6.npy  shape=(127, 196, 768)  size=38.2MB
  [WRITE]  AmeriFlux_US-Me6                          s1_asc/l9 → s1_asc_l9.npy  shape=(127, 196, 768)  size=38.2MB
  [WRITE]  AmeriFlux_US-Me6                          s1_desc/l3 → s1_desc_l3.npy  shape=(132, 196, 768)  size=39.7MB
  [WRITE]  AmeriFlux_US-Me6                          s1_desc/l6 → s1_desc_l6.npy  shape=(132, 196, 768)  size=39.7MB
  [WRITE]  AmeriFlux_US-Me6                          s1_desc/l9 → s1_desc_l9.npy  shape=(132, 196, 768)  size=39.7MB
  [WRITE]  AmeriFlux_US-SRG                          s2/l3 → s2_l3.npy  shape=(309, 196, 768)  size=93.0MB
  [WRITE]  AmeriFlux_US-SRG                          s2/l6 → s2_l6.npy  shape=(309, 196, 768)  size=93.0MB
  [WRITE]  AmeriFlux_US-SRG                          s2/l9 → s2_l9.npy  shape=(309, 196, 768)  size=93.0MB
  [WRITE]  AmeriFlux_US-SRG                          s1_asc/l3 → s1_asc_l3.npy  shape=(164, 196, 768)  size=49.4MB
  [WRITE]  AmeriFlux_US-SRG                          s1_asc/l6 → s1_asc_l6.npy  shape=(164, 196, 768)  size=49.4MB
  [WRITE]  AmeriFlux_US-SRG                          s1_asc/l9 → s1_asc_l9.npy  shape=(164, 196, 768)  size=49.4MB
  [WRITE]  AmeriFlux_US-SRG                          s1_desc/l3 → s1_desc_l3.npy  shape=(359, 196, 768)  size=108.1MB
  [WRITE]  AmeriFlux_US-SRG                          s1_desc/l6 → s1_desc_l6.npy  shape=(359, 196, 768)  size=108.1MB
  [WRITE]  AmeriFlux_US-SRG                          s1_desc/l9 → s1_desc_l9.npy  shape=(359, 196, 768)  size=108.1MB
  [WRITE]  AmeriFlux_US-SRM                          s2/l3 → s2_l3.npy  shape=(181, 196, 768)  size=54.5MB
  [WRITE]  AmeriFlux_US-SRM                          s2/l6 → s2_l6.npy  shape=(181, 196, 768)  size=54.5MB
  [WRITE]  AmeriFlux_US-SRM                          s2/l9 → s2_l9.npy  shape=(181, 196, 768)  size=54.5MB
  [WRITE]  AmeriFlux_US-SRM                          s1_asc/l3 → s1_asc_l3.npy  shape=(95, 196, 768)  size=28.6MB
  [WRITE]  AmeriFlux_US-SRM                          s1_asc/l6 → s1_asc_l6.npy  shape=(95, 196, 768)  size=28.6MB
  [WRITE]  AmeriFlux_US-SRM                          s1_asc/l9 → s1_asc_l9.npy  shape=(95, 196, 768)  size=28.6MB
  [WRITE]  AmeriFlux_US-SRM                          s1_desc/l3 → s1_desc_l3.npy  shape=(224, 196, 768)  size=67.4MB
  [WRITE]  AmeriFlux_US-SRM                          s1_desc/l6 → s1_desc_l6.npy  shape=(224, 196, 768)  size=67.4MB
  [WRITE]  AmeriFlux_US-SRM                          s1_desc/l9 → s1_desc_l9.npy  shape=(224, 196, 768)  size=67.4MB
  [WRITE]  AmeriFlux_US-Ton                          s2/l3 → s2_l3.npy  shape=(147, 196, 768)  size=44.3MB
  [WRITE]  AmeriFlux_US-Ton                          s2/l6 → s2_l6.npy  shape=(147, 196, 768)  size=44.3MB
  [WRITE]  AmeriFlux_US-Ton                          s2/l9 → s2_l9.npy  shape=(147, 196, 768)  size=44.3MB
  [WRITE]  AmeriFlux_US-Ton                          s1_asc/l3 → s1_asc_l3.npy  shape=(180, 196, 768)  size=54.2MB
  [WRITE]  AmeriFlux_US-Ton                          s1_asc/l6 → s1_asc_l6.npy  shape=(180, 196, 768)  size=54.2MB
  [WRITE]  AmeriFlux_US-Ton                          s1_asc/l9 → s1_asc_l9.npy  shape=(180, 196, 768)  size=54.2MB
  [WRITE]  AmeriFlux_US-Ton                          s1_desc/l3 → s1_desc_l3.npy  shape=(152, 196, 768)  size=45.8MB
  [WRITE]  AmeriFlux_US-Ton                          s1_desc/l6 → s1_desc_l6.npy  shape=(152, 196, 768)  size=45.8MB
  [WRITE]  AmeriFlux_US-Ton                          s1_desc/l9 → s1_desc_l9.npy  shape=(152, 196, 768)  size=45.8MB
  [WRITE]  AmeriFlux_US-UMd                          s2/l3 → s2_l3.npy  shape=(249, 196, 768)  size=75.0MB
  [WRITE]  AmeriFlux_US-UMd                          s2/l6 → s2_l6.npy  shape=(249, 196, 768)  size=75.0MB
  [WRITE]  AmeriFlux_US-UMd                          s2/l9 → s2_l9.npy  shape=(249, 196, 768)  size=75.0MB
  [WRITE]  AmeriFlux_US-UMd                          s1_asc/l3 → s1_asc_l3.npy  shape=(319, 196, 768)  size=96.0MB
  [WRITE]  AmeriFlux_US-UMd                          s1_asc/l6 → s1_asc_l6.npy  shape=(319, 196, 768)  size=96.0MB
  [WRITE]  AmeriFlux_US-UMd                          s1_asc/l9 → s1_asc_l9.npy  shape=(319, 196, 768)  size=96.0MB
  [WRITE]  AmeriFlux_US-Var                          s2/l3 → s2_l3.npy  shape=(170, 196, 768)  size=51.2MB
  [WRITE]  AmeriFlux_US-Var                          s2/l6 → s2_l6.npy  shape=(170, 196, 768)  size=51.2MB
  [WRITE]  AmeriFlux_US-Var                          s2/l9 → s2_l9.npy  shape=(170, 196, 768)  size=51.2MB
  [WRITE]  AmeriFlux_US-Var                          s1_asc/l3 → s1_asc_l3.npy  shape=(205, 196, 768)  size=61.7MB
  [WRITE]  AmeriFlux_US-Var                          s1_asc/l6 → s1_asc_l6.npy  shape=(205, 196, 768)  size=61.7MB
  [WRITE]  AmeriFlux_US-Var                          s1_asc/l9 → s1_asc_l9.npy  shape=(205, 196, 768)  size=61.7MB
  [WRITE]  AmeriFlux_US-Var                          s1_desc/l3 → s1_desc_l3.npy  shape=(173, 196, 768)  size=52.1MB
  [WRITE]  AmeriFlux_US-Var                          s1_desc/l6 → s1_desc_l6.npy  shape=(173, 196, 768)  size=52.1MB
  [WRITE]  AmeriFlux_US-Var                          s1_desc/l9 → s1_desc_l9.npy  shape=(173, 196, 768)  size=52.1MB
  [WRITE]  ISMN_SNOTEL_VernonCreek                   s2/l3 → s2_l3.npy  shape=(610, 196, 768)  size=183.6MB
  [WRITE]  ISMN_SNOTEL_VernonCreek                   s2/l6 → s2_l6.npy  shape=(610, 196, 768)  size=183.6MB
  [WRITE]  ISMN_SNOTEL_VernonCreek                   s2/l9 → s2_l9.npy  shape=(610, 196, 768)  size=183.6MB
  [WRITE]  ISMN_SNOTEL_VernonCreek                   s1_asc/l3 → s1_asc_l3.npy  shape=(156, 196, 768)  size=47.0MB
  [WRITE]  ISMN_SNOTEL_VernonCreek                   s1_asc/l6 → s1_asc_l6.npy  shape=(156, 196, 768)  size=47.0MB
  [WRITE]  ISMN_SNOTEL_VernonCreek                   s1_asc/l9 → s1_asc_l9.npy  shape=(156, 196, 768)  size=47.0MB
  [WRITE]  ISMN_SNOTEL_VernonCreek                   s1_desc/l3 → s1_desc_l3.npy  shape=(258, 196, 768)  size=77.7MB
  [WRITE]  ISMN_SNOTEL_VernonCreek                   s1_desc/l6 → s1_desc_l6.npy  shape=(258, 196, 768)  size=77.7MB
  [WRITE]  ISMN_SNOTEL_VernonCreek                   s1_desc/l9 → s1_desc_l9.npy  shape=(258, 196, 768)  size=77.7MB
  [WRITE]  ISMN_SNOTEL_VirginiaLakesRidge            s2/l3 → s2_l3.npy  shape=(429, 196, 768)  size=129.2MB
  [WRITE]  ISMN_SNOTEL_VirginiaLakesRidge            s2/l6 → s2_l6.npy  shape=(429, 196, 768)  size=129.2MB
  [WRITE]  ISMN_SNOTEL_VirginiaLakesRidge            s2/l9 → s2_l9.npy  shape=(429, 196, 768)  size=129.2MB
  [WRITE]  ISMN_SNOTEL_VirginiaLakesRidge            s1_asc/l3 → s1_asc_l3.npy  shape=(741, 196, 768)  size=223.1MB
  [WRITE]  ISMN_SNOTEL_VirginiaLakesRidge            s1_asc/l6 → s1_asc_l6.npy  shape=(741, 196, 768)  size=223.1MB
  [WRITE]  ISMN_SNOTEL_VirginiaLakesRidge            s1_asc/l9 → s1_asc_l9.npy  shape=(741, 196, 768)  size=223.1MB
  [WRITE]  ISMN_SNOTEL_VirginiaLakesRidge            s1_desc/l3 → s1_desc_l3.npy  shape=(356, 196, 768)  size=107.2MB
  [WRITE]  ISMN_SNOTEL_VirginiaLakesRidge            s1_desc/l6 → s1_desc_l6.npy  shape=(356, 196, 768)  size=107.2MB
  [WRITE]  ISMN_SNOTEL_VirginiaLakesRidge            s1_desc/l9 → s1_desc_l9.npy  shape=(356, 196, 768)  size=107.2MB
  [WRITE]  ISMN_SNOTEL_WardCreek#3                   s2/l3 → s2_l3.npy  shape=(483, 196, 768)  size=145.4MB
  [WRITE]  ISMN_SNOTEL_WardCreek#3                   s2/l6 → s2_l6.npy  shape=(483, 196, 768)  size=145.4MB
  [WRITE]  ISMN_SNOTEL_WardCreek#3                   s2/l9 → s2_l9.npy  shape=(483, 196, 768)  size=145.4MB
  [WRITE]  ISMN_SNOTEL_WardCreek#3                   s1_asc/l3 → s1_asc_l3.npy  shape=(376, 196, 768)  size=113.2MB
  [WRITE]  ISMN_SNOTEL_WardCreek#3                   s1_asc/l6 → s1_asc_l6.npy  shape=(376, 196, 768)  size=113.2MB
  [WRITE]  ISMN_SNOTEL_WardCreek#3                   s1_asc/l9 → s1_asc_l9.npy  shape=(376, 196, 768)  size=113.2MB
  [WRITE]  ISMN_SNOTEL_WardCreek#3                   s1_desc/l3 → s1_desc_l3.npy  shape=(342, 196, 768)  size=103.0MB
  [WRITE]  ISMN_SNOTEL_WardCreek#3                   s1_desc/l6 → s1_desc_l6.npy  shape=(342, 196, 768)  size=103.0MB
  [WRITE]  ISMN_SNOTEL_WardCreek#3                   s1_desc/l9 → s1_desc_l9.npy  shape=(342, 196, 768)  size=103.0MB
  [WRITE]  ISMN_SNOTEL_WardMountain                  s2/l3 → s2_l3.npy  shape=(354, 196, 768)  size=106.6MB
  [WRITE]  ISMN_SNOTEL_WardMountain                  s2/l6 → s2_l6.npy  shape=(354, 196, 768)  size=106.6MB
  [WRITE]  ISMN_SNOTEL_WardMountain                  s2/l9 → s2_l9.npy  shape=(354, 196, 768)  size=106.6MB
  [WRITE]  ISMN_SNOTEL_WardMountain                  s1_asc/l3 → s1_asc_l3.npy  shape=(64, 196, 768)  size=19.3MB
  [WRITE]  ISMN_SNOTEL_WardMountain                  s1_asc/l6 → s1_asc_l6.npy  shape=(64, 196, 768)  size=19.3MB
  [WRITE]  ISMN_SNOTEL_WardMountain                  s1_asc/l9 → s1_asc_l9.npy  shape=(64, 196, 768)  size=19.3MB
  [WRITE]  ISMN_SNOTEL_WardMountain                  s1_desc/l3 → s1_desc_l3.npy  shape=(6, 196, 768)  size=1.8MB
  [WRITE]  ISMN_SNOTEL_WardMountain                  s1_desc/l6 → s1_desc_l6.npy  shape=(6, 196, 768)  size=1.8MB
  [WRITE]  ISMN_SNOTEL_WardMountain                  s1_desc/l9 → s1_desc_l9.npy  shape=(6, 196, 768)  size=1.8MB
  [WRITE]  ISMN_WATERLINE_Kerasia                    s2/l3 → s2_l3.npy  shape=(113, 196, 768)  size=34.0MB
  [WRITE]  ISMN_WATERLINE_Kerasia                    s2/l6 → s2_l6.npy  shape=(113, 196, 768)  size=34.0MB
  [WRITE]  ISMN_WATERLINE_Kerasia                    s2/l9 → s2_l9.npy  shape=(113, 196, 768)  size=34.0MB
  [WRITE]  ISMN_WATERLINE_Kerasia                    s1_asc/l3 → s1_asc_l3.npy  shape=(105, 196, 768)  size=31.6MB
  [WRITE]  ISMN_WATERLINE_Kerasia                    s1_asc/l6 → s1_asc_l6.npy  shape=(105, 196, 768)  size=31.6MB
  [WRITE]  ISMN_WATERLINE_Kerasia                    s1_asc/l9 → s1_asc_l9.npy  shape=(105, 196, 768)  size=31.6MB
  [WRITE]  ISMN_WATERLINE_Kerasia                    s1_desc/l3 → s1_desc_l3.npy  shape=(119, 196, 768)  size=35.8MB
  [WRITE]  ISMN_WATERLINE_Kerasia                    s1_desc/l6 → s1_desc_l6.npy  shape=(119, 196, 768)  size=35.8MB
  [WRITE]  ISMN_WATERLINE_Kerasia                    s1_desc/l9 → s1_desc_l9.npy  shape=(119, 196, 768)  size=35.8MB
  [WRITE]  ISMN_WATERLINE_Komotini                   s2/l3 → s2_l3.npy  shape=(129, 196, 768)  size=38.8MB
  [WRITE]  ISMN_WATERLINE_Komotini                   s2/l6 → s2_l6.npy  shape=(129, 196, 768)  size=38.8MB
  [WRITE]  ISMN_WATERLINE_Komotini                   s2/l9 → s2_l9.npy  shape=(129, 196, 768)  size=38.8MB
  [WRITE]  ISMN_WATERLINE_Komotini                   s1_asc/l3 → s1_asc_l3.npy  shape=(96, 196, 768)  size=28.9MB
  [WRITE]  ISMN_WATERLINE_Komotini                   s1_asc/l6 → s1_asc_l6.npy  shape=(96, 196, 768)  size=28.9MB
  [WRITE]  ISMN_WATERLINE_Komotini                   s1_asc/l9 → s1_asc_l9.npy  shape=(96, 196, 768)  size=28.9MB
  [WRITE]  ISMN_WATERLINE_Komotini                   s1_desc/l3 → s1_desc_l3.npy  shape=(104, 196, 768)  size=31.3MB
  [WRITE]  ISMN_WATERLINE_Komotini                   s1_desc/l6 → s1_desc_l6.npy  shape=(104, 196, 768)  size=31.3MB
  [WRITE]  ISMN_WATERLINE_Komotini                   s1_desc/l9 → s1_desc_l9.npy  shape=(104, 196, 768)  size=31.3MB
  [WRITE]  ISMN_WATERLINE_Nymfaia                    s2/l3 → s2_l3.npy  shape=(112, 196, 768)  size=33.7MB
  [WRITE]  ISMN_WATERLINE_Nymfaia                    s2/l6 → s2_l6.npy  shape=(112, 196, 768)  size=33.7MB
  [WRITE]  ISMN_WATERLINE_Nymfaia                    s2/l9 → s2_l9.npy  shape=(112, 196, 768)  size=33.7MB
  [WRITE]  ISMN_WATERLINE_Nymfaia                    s1_asc/l3 → s1_asc_l3.npy  shape=(111, 196, 768)  size=33.4MB
  [WRITE]  ISMN_WATERLINE_Nymfaia                    s1_asc/l6 → s1_asc_l6.npy  shape=(111, 196, 768)  size=33.4MB
  [WRITE]  ISMN_WATERLINE_Nymfaia                    s1_asc/l9 → s1_asc_l9.npy  shape=(111, 196, 768)  size=33.4MB
  [WRITE]  ISMN_WATERLINE_Nymfaia                    s1_desc/l3 → s1_desc_l3.npy  shape=(119, 196, 768)  size=35.8MB
  [WRITE]  ISMN_WATERLINE_Nymfaia                    s1_desc/l6 → s1_desc_l6.npy  shape=(119, 196, 768)  size=35.8MB
  [WRITE]  ISMN_WATERLINE_Nymfaia                    s1_desc/l9 → s1_desc_l9.npy  shape=(119, 196, 768)  size=35.8MB
  [WRITE]  ISMN_XMS-CAT_BatlliudeSort                s2/l3 → s2_l3.npy  shape=(370, 196, 768)  size=111.4MB
  [WRITE]  ISMN_XMS-CAT_BatlliudeSort                s2/l6 → s2_l6.npy  shape=(370, 196, 768)  size=111.4MB
  [WRITE]  ISMN_XMS-CAT_BatlliudeSort                s2/l9 → s2_l9.npy  shape=(370, 196, 768)  size=111.4MB
  [WRITE]  ISMN_XMS-CAT_BatlliudeSort                s1_asc/l3 → s1_asc_l3.npy  shape=(837, 196, 768)  size=252.0MB
  [WRITE]  ISMN_XMS-CAT_BatlliudeSort                s1_asc/l6 → s1_asc_l6.npy  shape=(837, 196, 768)  size=252.0MB
  [WRITE]  ISMN_XMS-CAT_BatlliudeSort                s1_asc/l9 → s1_asc_l9.npy  shape=(837, 196, 768)  size=252.0MB
  [WRITE]  ISMN_XMS-CAT_BatlliudeSort                s1_desc/l3 → s1_desc_l3.npy  shape=(450, 196, 768)  size=135.5MB
  [WRITE]  ISMN_XMS-CAT_BatlliudeSort                s1_desc/l6 → s1_desc_l6.npy  shape=(450, 196, 768)  size=135.5MB
  [WRITE]  ISMN_XMS-CAT_BatlliudeSort                s1_desc/l9 → s1_desc_l9.npy  shape=(450, 196, 768)  size=135.5MB
  [WRITE]  ISMN_USCRN_Versailles-3-NNW               s2/l3 → s2_l3.npy  shape=(159, 196, 768)  size=47.9MB
  [WRITE]  ISMN_USCRN_Versailles-3-NNW               s2/l6 → s2_l6.npy  shape=(159, 196, 768)  size=47.9MB
  [WRITE]  ISMN_USCRN_Versailles-3-NNW               s2/l9 → s2_l9.npy  shape=(159, 196, 768)  size=47.9MB
  [WRITE]  ISMN_USCRN_Versailles-3-NNW               s1_asc/l3 → s1_asc_l3.npy  shape=(296, 196, 768)  size=89.1MB
  [WRITE]  ISMN_USCRN_Versailles-3-NNW               s1_asc/l6 → s1_asc_l6.npy  shape=(296, 196, 768)  size=89.1MB
  [WRITE]  ISMN_USCRN_Versailles-3-NNW               s1_asc/l9 → s1_asc_l9.npy  shape=(296, 196, 768)  size=89.1MB
  [WRITE]  ISMN_USCRN_Versailles-3-NNW               s1_desc/l3 → s1_desc_l3.npy  shape=(2, 196, 768)  size=0.6MB
  [WRITE]  ISMN_USCRN_Versailles-3-NNW               s1_desc/l6 → s1_desc_l6.npy  shape=(2, 196, 768)  size=0.6MB
  [WRITE]  ISMN_USCRN_Versailles-3-NNW               s1_desc/l9 → s1_desc_l9.npy  shape=(2, 196, 768)  size=0.6MB
  [WRITE]  ISMN_USCRN_Watkinsville-5-SSE             s2/l3 → s2_l3.npy  shape=(142, 196, 768)  size=42.7MB
  [WRITE]  ISMN_USCRN_Watkinsville-5-SSE             s2/l6 → s2_l6.npy  shape=(142, 196, 768)  size=42.7MB
  [WRITE]  ISMN_USCRN_Watkinsville-5-SSE             s2/l9 → s2_l9.npy  shape=(142, 196, 768)  size=42.7MB
  [WRITE]  ISMN_USCRN_Watkinsville-5-SSE             s1_asc/l3 → s1_asc_l3.npy  shape=(287, 196, 768)  size=86.4MB
  [WRITE]  ISMN_USCRN_Watkinsville-5-SSE             s1_asc/l6 → s1_asc_l6.npy  shape=(287, 196, 768)  size=86.4MB
  [WRITE]  ISMN_USCRN_Watkinsville-5-SSE             s1_asc/l9 → s1_asc_l9.npy  shape=(287, 196, 768)  size=86.4MB
  [WRITE]  ISMN_USCRN_Watkinsville-5-SSE             s1_desc/l3 → s1_desc_l3.npy  shape=(2, 196, 768)  size=0.6MB
  [WRITE]  ISMN_USCRN_Watkinsville-5-SSE             s1_desc/l6 → s1_desc_l6.npy  shape=(2, 196, 768)  size=0.6MB
  [WRITE]  ISMN_USCRN_Watkinsville-5-SSE             s1_desc/l9 → s1_desc_l9.npy  shape=(2, 196, 768)  size=0.6MB
  [WRITE]  ISMN_USCRN_Yosemite-Village-12-W          s2/l3 → s2_l3.npy  shape=(159, 196, 768)  size=47.9MB
  [WRITE]  ISMN_USCRN_Yosemite-Village-12-W          s2/l6 → s2_l6.npy  shape=(159, 196, 768)  size=47.9MB
  [WRITE]  ISMN_USCRN_Yosemite-Village-12-W          s2/l9 → s2_l9.npy  shape=(159, 196, 768)  size=47.9MB
  [WRITE]  ISMN_USCRN_Yosemite-Village-12-W          s1_asc/l3 → s1_asc_l3.npy  shape=(189, 196, 768)  size=56.9MB
  [WRITE]  ISMN_USCRN_Yosemite-Village-12-W          s1_asc/l6 → s1_asc_l6.npy  shape=(189, 196, 768)  size=56.9MB
  [WRITE]  ISMN_USCRN_Yosemite-Village-12-W          s1_asc/l9 → s1_asc_l9.npy  shape=(189, 196, 768)  size=56.9MB
  [WRITE]  ISMN_USCRN_Yosemite-Village-12-W          s1_desc/l3 → s1_desc_l3.npy  shape=(330, 196, 768)  size=99.3MB
  [WRITE]  ISMN_USCRN_Yosemite-Village-12-W          s1_desc/l6 → s1_desc_l6.npy  shape=(330, 196, 768)  size=99.3MB
  [WRITE]  ISMN_USCRN_Yosemite-Village-12-W          s1_desc/l9 → s1_desc_l9.npy  shape=(330, 196, 768)  size=99.3MB
  [WRITE]  ISMN_USCRN_Yuma-27-ENE                    s2/l3 → s2_l3.npy  shape=(563, 196, 768)  size=169.5MB
  [WRITE]  ISMN_USCRN_Yuma-27-ENE                    s2/l6 → s2_l6.npy  shape=(563, 196, 768)  size=169.5MB
  [WRITE]  ISMN_USCRN_Yuma-27-ENE                    s2/l9 → s2_l9.npy  shape=(563, 196, 768)  size=169.5MB
  [WRITE]  ISMN_USCRN_Yuma-27-ENE                    s1_asc/l3 → s1_asc_l3.npy  shape=(250, 196, 768)  size=75.3MB
  [WRITE]  ISMN_USCRN_Yuma-27-ENE                    s1_asc/l6 → s1_asc_l6.npy  shape=(250, 196, 768)  size=75.3MB
  [WRITE]  ISMN_USCRN_Yuma-27-ENE                    s1_asc/l9 → s1_asc_l9.npy  shape=(250, 196, 768)  size=75.3MB
  [WRITE]  ISMN_USCRN_Yuma-27-ENE                    s1_desc/l3 → s1_desc_l3.npy  shape=(139, 196, 768)  size=41.8MB
  [WRITE]  ISMN_USCRN_Yuma-27-ENE                    s1_desc/l6 → s1_desc_l6.npy  shape=(139, 196, 768)  size=41.8MB
  [WRITE]  ISMN_USCRN_Yuma-27-ENE                    s1_desc/l9 → s1_desc_l9.npy  shape=(139, 196, 768)  size=41.8MB
  [WRITE]  ISMN_TERENO_Merzenhausen                  s2/l3 → s2_l3.npy  shape=(56, 196, 768)  size=16.9MB
  [WRITE]  ISMN_TERENO_Merzenhausen                  s2/l6 → s2_l6.npy  shape=(56, 196, 768)  size=16.9MB
  [WRITE]  ISMN_TERENO_Merzenhausen                  s2/l9 → s2_l9.npy  shape=(56, 196, 768)  size=16.9MB
  [WRITE]  ISMN_TERENO_Merzenhausen                  s1_asc/l3 → s1_asc_l3.npy  shape=(442, 196, 768)  size=133.1MB
  [WRITE]  ISMN_TERENO_Merzenhausen                  s1_asc/l6 → s1_asc_l6.npy  shape=(442, 196, 768)  size=133.1MB
  [WRITE]  ISMN_TERENO_Merzenhausen                  s1_asc/l9 → s1_asc_l9.npy  shape=(442, 196, 768)  size=133.1MB
  [WRITE]  ISMN_TERENO_Merzenhausen                  s1_desc/l3 → s1_desc_l3.npy  shape=(440, 196, 768)  size=132.5MB
  [WRITE]  ISMN_TERENO_Merzenhausen                  s1_desc/l6 → s1_desc_l6.npy  shape=(440, 196, 768)  size=132.5MB
  [WRITE]  ISMN_TERENO_Merzenhausen                  s1_desc/l9 → s1_desc_l9.npy  shape=(440, 196, 768)  size=132.5MB
  [WRITE]  ISMN_TERENO_Schoeneseiffen                s2/l3 → s2_l3.npy  shape=(51, 196, 768)  size=15.4MB
  [WRITE]  ISMN_TERENO_Schoeneseiffen                s2/l6 → s2_l6.npy  shape=(51, 196, 768)  size=15.4MB
  [WRITE]  ISMN_TERENO_Schoeneseiffen                s2/l9 → s2_l9.npy  shape=(51, 196, 768)  size=15.4MB
  [WRITE]  ISMN_TERENO_Schoeneseiffen                s1_asc/l3 → s1_asc_l3.npy  shape=(224, 196, 768)  size=67.4MB
  [WRITE]  ISMN_TERENO_Schoeneseiffen                s1_asc/l6 → s1_asc_l6.npy  shape=(224, 196, 768)  size=67.4MB
  [WRITE]  ISMN_TERENO_Schoeneseiffen                s1_asc/l9 → s1_asc_l9.npy  shape=(224, 196, 768)  size=67.4MB
  [WRITE]  ISMN_TERENO_Schoeneseiffen                s1_desc/l3 → s1_desc_l3.npy  shape=(441, 196, 768)  size=132.8MB
  [WRITE]  ISMN_TERENO_Schoeneseiffen                s1_desc/l6 → s1_desc_l6.npy  shape=(441, 196, 768)  size=132.8MB
  [WRITE]  ISMN_TERENO_Schoeneseiffen                s1_desc/l9 → s1_desc_l9.npy  shape=(441, 196, 768)  size=132.8MB
  [WRITE]  ISMN_TERENO_Selhausen                     s2/l3 → s2_l3.npy  shape=(125, 196, 768)  size=37.6MB
  [WRITE]  ISMN_TERENO_Selhausen                     s2/l6 → s2_l6.npy  shape=(125, 196, 768)  size=37.6MB
  [WRITE]  ISMN_TERENO_Selhausen                     s2/l9 → s2_l9.npy  shape=(125, 196, 768)  size=37.6MB
  [WRITE]  ISMN_TERENO_Selhausen                     s1_asc/l3 → s1_asc_l3.npy  shape=(739, 196, 768)  size=222.5MB
  [WRITE]  ISMN_TERENO_Selhausen                     s1_asc/l6 → s1_asc_l6.npy  shape=(739, 196, 768)  size=222.5MB
  [WRITE]  ISMN_TERENO_Selhausen                     s1_asc/l9 → s1_asc_l9.npy  shape=(739, 196, 768)  size=222.5MB
  [WRITE]  ISMN_TERENO_Selhausen                     s1_desc/l3 → s1_desc_l3.npy  shape=(741, 196, 768)  size=223.1MB
  [WRITE]  ISMN_TERENO_Selhausen                     s1_desc/l6 → s1_desc_l6.npy  shape=(741, 196, 768)  size=223.1MB
  [WRITE]  ISMN_TERENO_Selhausen                     s1_desc/l9 → s1_desc_l9.npy  shape=(741, 196, 768)  size=223.1MB
  [WRITE]  ISMN_TWENTE_Hupsel                        s2/l3 → s2_l3.npy  shape=(117, 196, 768)  size=35.2MB
  [WRITE]  ISMN_TWENTE_Hupsel                        s2/l6 → s2_l6.npy  shape=(117, 196, 768)  size=35.2MB
  [WRITE]  ISMN_TWENTE_Hupsel                        s2/l9 → s2_l9.npy  shape=(117, 196, 768)  size=35.2MB
  [WRITE]  ISMN_TWENTE_Hupsel                        s1_asc/l3 → s1_asc_l3.npy  shape=(346, 196, 768)  size=104.2MB
  [WRITE]  ISMN_TWENTE_Hupsel                        s1_asc/l6 → s1_asc_l6.npy  shape=(346, 196, 768)  size=104.2MB
  [WRITE]  ISMN_TWENTE_Hupsel                        s1_asc/l9 → s1_asc_l9.npy  shape=(346, 196, 768)  size=104.2MB
  [WRITE]  ISMN_TWENTE_Hupsel                        s1_desc/l3 → s1_desc_l3.npy  shape=(361, 196, 768)  size=108.7MB
  [WRITE]  ISMN_TWENTE_Hupsel                        s1_desc/l6 → s1_desc_l6.npy  shape=(361, 196, 768)  size=108.7MB
  [WRITE]  ISMN_TWENTE_Hupsel                        s1_desc/l9 → s1_desc_l9.npy  shape=(361, 196, 768)  size=108.7MB
  [WRITE]  ISMN_SNOTEL_WrigleyCreek                  s2/l3 → s2_l3.npy  shape=(339, 196, 768)  size=102.1MB
  [WRITE]  ISMN_SNOTEL_WrigleyCreek                  s2/l6 → s2_l6.npy  shape=(339, 196, 768)  size=102.1MB
  [WRITE]  ISMN_SNOTEL_WrigleyCreek                  s2/l9 → s2_l9.npy  shape=(339, 196, 768)  size=102.1MB
  [WRITE]  ISMN_SNOTEL_WrigleyCreek                  s1_asc/l3 → s1_asc_l3.npy  shape=(297, 196, 768)  size=89.4MB
  [WRITE]  ISMN_SNOTEL_WrigleyCreek                  s1_asc/l6 → s1_asc_l6.npy  shape=(297, 196, 768)  size=89.4MB
  [WRITE]  ISMN_SNOTEL_WrigleyCreek                  s1_asc/l9 → s1_asc_l9.npy  shape=(297, 196, 768)  size=89.4MB
  [WRITE]  ISMN_SNOTEL_WrigleyCreek                  s1_desc/l3 → s1_desc_l3.npy  shape=(493, 196, 768)  size=148.4MB
  [WRITE]  ISMN_SNOTEL_WrigleyCreek                  s1_desc/l6 → s1_desc_l6.npy  shape=(493, 196, 768)  size=148.4MB
  [WRITE]  ISMN_SNOTEL_WrigleyCreek                  s1_desc/l9 → s1_desc_l9.npy  shape=(493, 196, 768)  size=148.4MB
  [WRITE]  ISMN_SNOTEL_YankeeReservoir               s2/l3 → s2_l3.npy  shape=(703, 196, 768)  size=211.6MB
  [WRITE]  ISMN_SNOTEL_YankeeReservoir               s2/l6 → s2_l6.npy  shape=(703, 196, 768)  size=211.6MB
  [WRITE]  ISMN_SNOTEL_YankeeReservoir               s2/l9 → s2_l9.npy  shape=(703, 196, 768)  size=211.6MB
  [WRITE]  ISMN_SNOTEL_YankeeReservoir               s1_asc/l3 → s1_asc_l3.npy  shape=(255, 196, 768)  size=76.8MB
  [WRITE]  ISMN_SNOTEL_YankeeReservoir               s1_asc/l6 → s1_asc_l6.npy  shape=(255, 196, 768)  size=76.8MB
  [WRITE]  ISMN_SNOTEL_YankeeReservoir               s1_asc/l9 → s1_asc_l9.npy  shape=(255, 196, 768)  size=76.8MB
  [WRITE]  ISMN_SNOTEL_YankeeReservoir               s1_desc/l3 → s1_desc_l3.npy  shape=(259, 196, 768)  size=78.0MB
  [WRITE]  ISMN_SNOTEL_YankeeReservoir               s1_desc/l6 → s1_desc_l6.npy  shape=(259, 196, 768)  size=78.0MB
  [WRITE]  ISMN_SNOTEL_YankeeReservoir               s1_desc/l9 → s1_desc_l9.npy  shape=(259, 196, 768)  size=78.0MB
  [WRITE]  ISMN_SNOTEL_Zirkel                        s2/l3 → s2_l3.npy  shape=(555, 196, 768)  size=167.1MB
  [WRITE]  ISMN_SNOTEL_Zirkel                        s2/l6 → s2_l6.npy  shape=(555, 196, 768)  size=167.1MB
  [WRITE]  ISMN_SNOTEL_Zirkel                        s2/l9 → s2_l9.npy  shape=(555, 196, 768)  size=167.1MB
  [WRITE]  ISMN_SNOTEL_Zirkel                        s1_asc/l3 → s1_asc_l3.npy  shape=(200, 196, 768)  size=60.2MB
  [WRITE]  ISMN_SNOTEL_Zirkel                        s1_asc/l6 → s1_asc_l6.npy  shape=(200, 196, 768)  size=60.2MB
  [WRITE]  ISMN_SNOTEL_Zirkel                        s1_asc/l9 → s1_asc_l9.npy  shape=(200, 196, 768)  size=60.2MB
  [WRITE]  ISMN_SNOTEL_Zirkel                        s1_desc/l3 → s1_desc_l3.npy  shape=(476, 196, 768)  size=143.3MB
  [WRITE]  ISMN_SNOTEL_Zirkel                        s1_desc/l6 → s1_desc_l6.npy  shape=(476, 196, 768)  size=143.3MB
  [WRITE]  ISMN_SNOTEL_Zirkel                        s1_desc/l9 → s1_desc_l9.npy  shape=(476, 196, 768)  size=143.3MB
  [WRITE]  ISMN_SOILSCAPE_Lucky-Hills-1503           s2/l3 → s2_l3.npy  shape=(370, 196, 768)  size=111.4MB
  [WRITE]  ISMN_SOILSCAPE_Lucky-Hills-1503           s2/l6 → s2_l6.npy  shape=(370, 196, 768)  size=111.4MB
  [WRITE]  ISMN_SOILSCAPE_Lucky-Hills-1503           s2/l9 → s2_l9.npy  shape=(370, 196, 768)  size=111.4MB
  [WRITE]  ISMN_SOILSCAPE_Lucky-Hills-1503           s1_asc/l3 → s1_asc_l3.npy  shape=(131, 196, 768)  size=39.4MB
  [WRITE]  ISMN_SOILSCAPE_Lucky-Hills-1503           s1_asc/l6 → s1_asc_l6.npy  shape=(131, 196, 768)  size=39.4MB
  [WRITE]  ISMN_SOILSCAPE_Lucky-Hills-1503           s1_asc/l9 → s1_asc_l9.npy  shape=(131, 196, 768)  size=39.4MB
  [WRITE]  ISMN_SOILSCAPE_Lucky-Hills-1503           s1_desc/l3 → s1_desc_l3.npy  shape=(93, 196, 768)  size=28.0MB
  [WRITE]  ISMN_SOILSCAPE_Lucky-Hills-1503           s1_desc/l6 → s1_desc_l6.npy  shape=(93, 196, 768)  size=28.0MB
  [WRITE]  ISMN_SOILSCAPE_Lucky-Hills-1503           s1_desc/l9 → s1_desc_l9.npy  shape=(93, 196, 768)  size=28.0MB
  [WRITE]  ISMN_SNOTEL_StrawberryDivide              s2/l3 → s2_l3.npy  shape=(338, 196, 768)  size=101.8MB
  [WRITE]  ISMN_SNOTEL_StrawberryDivide              s2/l6 → s2_l6.npy  shape=(338, 196, 768)  size=101.8MB
  [WRITE]  ISMN_SNOTEL_StrawberryDivide              s2/l9 → s2_l9.npy  shape=(338, 196, 768)  size=101.8MB
  [WRITE]  ISMN_SNOTEL_StrawberryDivide              s1_asc/l3 → s1_asc_l3.npy  shape=(291, 196, 768)  size=87.6MB
  [WRITE]  ISMN_SNOTEL_StrawberryDivide              s1_asc/l6 → s1_asc_l6.npy  shape=(291, 196, 768)  size=87.6MB
  [WRITE]  ISMN_SNOTEL_StrawberryDivide              s1_asc/l9 → s1_asc_l9.npy  shape=(291, 196, 768)  size=87.6MB
  [WRITE]  ISMN_SNOTEL_StrawberryDivide              s1_desc/l3 → s1_desc_l3.npy  shape=(492, 196, 768)  size=148.1MB
  [WRITE]  ISMN_SNOTEL_StrawberryDivide              s1_desc/l6 → s1_desc_l6.npy  shape=(492, 196, 768)  size=148.1MB
  [WRITE]  ISMN_SNOTEL_StrawberryDivide              s1_desc/l9 → s1_desc_l9.npy  shape=(492, 196, 768)  size=148.1MB
  [WRITE]  ISMN_SNOTEL_SummitCreek                   s2/l3 → s2_l3.npy  shape=(139, 196, 768)  size=41.8MB
  [WRITE]  ISMN_SNOTEL_SummitCreek                   s2/l6 → s2_l6.npy  shape=(139, 196, 768)  size=41.8MB
  [WRITE]  ISMN_SNOTEL_SummitCreek                   s2/l9 → s2_l9.npy  shape=(139, 196, 768)  size=41.8MB
  [WRITE]  ISMN_SNOTEL_SummitCreek                   s1_asc/l3 → s1_asc_l3.npy  shape=(105, 196, 768)  size=31.6MB
  [WRITE]  ISMN_SNOTEL_SummitCreek                   s1_asc/l6 → s1_asc_l6.npy  shape=(105, 196, 768)  size=31.6MB
  [WRITE]  ISMN_SNOTEL_SummitCreek                   s1_asc/l9 → s1_asc_l9.npy  shape=(105, 196, 768)  size=31.6MB
  [WRITE]  ISMN_SNOTEL_SummitCreek                   s1_desc/l3 → s1_desc_l3.npy  shape=(197, 196, 768)  size=59.3MB
  [WRITE]  ISMN_SNOTEL_SummitCreek                   s1_desc/l6 → s1_desc_l6.npy  shape=(197, 196, 768)  size=59.3MB
  [WRITE]  ISMN_SNOTEL_SummitCreek                   s1_desc/l9 → s1_desc_l9.npy  shape=(197, 196, 768)  size=59.3MB
  [WRITE]  ISMN_SNOTEL_SummitLk                      s2/l3 → s2_l3.npy  shape=(602, 196, 768)  size=181.2MB
  [WRITE]  ISMN_SNOTEL_SummitLk                      s2/l6 → s2_l6.npy  shape=(602, 196, 768)  size=181.2MB
  [WRITE]  ISMN_SNOTEL_SummitLk                      s2/l9 → s2_l9.npy  shape=(602, 196, 768)  size=181.2MB
  [WRITE]  ISMN_SNOTEL_SummitLk                      s1_asc/l3 → s1_asc_l3.npy  shape=(292, 196, 768)  size=87.9MB
  [WRITE]  ISMN_SNOTEL_SummitLk                      s1_asc/l6 → s1_asc_l6.npy  shape=(292, 196, 768)  size=87.9MB
  [WRITE]  ISMN_SNOTEL_SummitLk                      s1_asc/l9 → s1_asc_l9.npy  shape=(292, 196, 768)  size=87.9MB
  [WRITE]  ISMN_SNOTEL_SummitLk                      s1_desc/l3 → s1_desc_l3.npy  shape=(426, 196, 768)  size=128.2MB
  [WRITE]  ISMN_SNOTEL_SummitLk                      s1_desc/l6 → s1_desc_l6.npy  shape=(426, 196, 768)  size=128.2MB
  [WRITE]  ISMN_SNOTEL_SummitLk                      s1_desc/l9 → s1_desc_l9.npy  shape=(426, 196, 768)  size=128.2MB
  [WRITE]  ISMN_SNOTEL_SummitMeadow                  s2/l3 → s2_l3.npy  shape=(432, 196, 768)  size=130.1MB
  [WRITE]  ISMN_SNOTEL_SummitMeadow                  s2/l6 → s2_l6.npy  shape=(432, 196, 768)  size=130.1MB
  [WRITE]  ISMN_SNOTEL_SummitMeadow                  s2/l9 → s2_l9.npy  shape=(432, 196, 768)  size=130.1MB
  [WRITE]  ISMN_SNOTEL_SummitMeadow                  s1_asc/l3 → s1_asc_l3.npy  shape=(735, 196, 768)  size=221.3MB
  [WRITE]  ISMN_SNOTEL_SummitMeadow                  s1_asc/l6 → s1_asc_l6.npy  shape=(735, 196, 768)  size=221.3MB
  [WRITE]  ISMN_SNOTEL_SummitMeadow                  s1_asc/l9 → s1_asc_l9.npy  shape=(735, 196, 768)  size=221.3MB
  [WRITE]  ISMN_SNOTEL_SummitMeadow                  s1_desc/l3 → s1_desc_l3.npy  shape=(691, 196, 768)  size=208.0MB
  [WRITE]  ISMN_SNOTEL_SummitMeadow                  s1_desc/l6 → s1_desc_l6.npy  shape=(691, 196, 768)  size=208.0MB
  [WRITE]  ISMN_SNOTEL_SummitMeadow                  s1_desc/l9 → s1_desc_l9.npy  shape=(691, 196, 768)  size=208.0MB
  [WRITE]  ICOS_FR-Hes                               s2/l3 → s2_l3.npy  shape=(169, 196, 768)  size=50.9MB
  [WRITE]  ICOS_FR-Hes                               s2/l6 → s2_l6.npy  shape=(169, 196, 768)  size=50.9MB
  [WRITE]  ICOS_FR-Hes                               s2/l9 → s2_l9.npy  shape=(169, 196, 768)  size=50.9MB
  [WRITE]  ICOS_FR-Hes                               s1_asc/l3 → s1_asc_l3.npy  shape=(334, 196, 768)  size=100.6MB
  [WRITE]  ICOS_FR-Hes                               s1_asc/l6 → s1_asc_l6.npy  shape=(334, 196, 768)  size=100.6MB
  [WRITE]  ICOS_FR-Hes                               s1_asc/l9 → s1_asc_l9.npy  shape=(334, 196, 768)  size=100.6MB
  [WRITE]  ICOS_FR-Hes                               s1_desc/l3 → s1_desc_l3.npy  shape=(232, 196, 768)  size=69.8MB
  [WRITE]  ICOS_FR-Hes                               s1_desc/l6 → s1_desc_l6.npy  shape=(232, 196, 768)  size=69.8MB
  [WRITE]  ICOS_FR-Hes                               s1_desc/l9 → s1_desc_l9.npy  shape=(232, 196, 768)  size=69.8MB
  [WRITE]  ICOS_FR-Mej                               s2/l3 → s2_l3.npy  shape=(186, 196, 768)  size=56.0MB
  [WRITE]  ICOS_FR-Mej                               s2/l6 → s2_l6.npy  shape=(186, 196, 768)  size=56.0MB
  [WRITE]  ICOS_FR-Mej                               s2/l9 → s2_l9.npy  shape=(186, 196, 768)  size=56.0MB
  [WRITE]  ICOS_FR-Mej                               s1_asc/l3 → s1_asc_l3.npy  shape=(225, 196, 768)  size=67.7MB
  [WRITE]  ICOS_FR-Mej                               s1_asc/l6 → s1_asc_l6.npy  shape=(225, 196, 768)  size=67.7MB
  [WRITE]  ICOS_FR-Mej                               s1_asc/l9 → s1_asc_l9.npy  shape=(225, 196, 768)  size=67.7MB
  [WRITE]  ICOS_FR-Mej                               s1_desc/l3 → s1_desc_l3.npy  shape=(433, 196, 768)  size=130.4MB
  [WRITE]  ICOS_FR-Mej                               s1_desc/l6 → s1_desc_l6.npy  shape=(433, 196, 768)  size=130.4MB
  [WRITE]  ICOS_FR-Mej                               s1_desc/l9 → s1_desc_l9.npy  shape=(433, 196, 768)  size=130.4MB
  [WRITE]  ICOS_FR-Pue                               s2/l3 → s2_l3.npy  shape=(101, 196, 768)  size=30.4MB
  [WRITE]  ICOS_FR-Pue                               s2/l6 → s2_l6.npy  shape=(101, 196, 768)  size=30.4MB
  [WRITE]  ICOS_FR-Pue                               s2/l9 → s2_l9.npy  shape=(101, 196, 768)  size=30.4MB
  [WRITE]  ICOS_FR-Pue                               s1_asc/l3 → s1_asc_l3.npy  shape=(95, 196, 768)  size=28.6MB
  [WRITE]  ICOS_FR-Pue                               s1_asc/l6 → s1_asc_l6.npy  shape=(95, 196, 768)  size=28.6MB
  [WRITE]  ICOS_FR-Pue                               s1_asc/l9 → s1_asc_l9.npy  shape=(95, 196, 768)  size=28.6MB
  [WRITE]  ICOS_FR-Pue                               s1_desc/l3 → s1_desc_l3.npy  shape=(92, 196, 768)  size=27.7MB
  [WRITE]  ICOS_FR-Pue                               s1_desc/l6 → s1_desc_l6.npy  shape=(92, 196, 768)  size=27.7MB
  [WRITE]  ICOS_FR-Pue                               s1_desc/l9 → s1_desc_l9.npy  shape=(92, 196, 768)  size=27.7MB
  [WRITE]  ICOS_FR-Tou                               s2/l3 → s2_l3.npy  shape=(186, 196, 768)  size=56.0MB
  [WRITE]  ICOS_FR-Tou                               s2/l6 → s2_l6.npy  shape=(186, 196, 768)  size=56.0MB
  [WRITE]  ICOS_FR-Tou                               s2/l9 → s2_l9.npy  shape=(186, 196, 768)  size=56.0MB
  [WRITE]  ICOS_FR-Tou                               s1_asc/l3 → s1_asc_l3.npy  shape=(260, 196, 768)  size=78.3MB
  [WRITE]  ICOS_FR-Tou                               s1_asc/l6 → s1_asc_l6.npy  shape=(260, 196, 768)  size=78.3MB
  [WRITE]  ICOS_FR-Tou                               s1_asc/l9 → s1_asc_l9.npy  shape=(260, 196, 768)  size=78.3MB
  [WRITE]  ICOS_FR-Tou                               s1_desc/l3 → s1_desc_l3.npy  shape=(321, 196, 768)  size=96.6MB
  [WRITE]  ICOS_FR-Tou                               s1_desc/l6 → s1_desc_l6.npy  shape=(321, 196, 768)  size=96.6MB
  [WRITE]  ICOS_FR-Tou                               s1_desc/l9 → s1_desc_l9.npy  shape=(321, 196, 768)  size=96.6MB
  [WRITE]  ISMN_TWENTE_ITCSM-07b                     s2/l3 → s2_l3.npy  shape=(79, 196, 768)  size=23.8MB
  [WRITE]  ISMN_TWENTE_ITCSM-07b                     s2/l6 → s2_l6.npy  shape=(79, 196, 768)  size=23.8MB
  [WRITE]  ISMN_TWENTE_ITCSM-07b                     s2/l9 → s2_l9.npy  shape=(79, 196, 768)  size=23.8MB
  [WRITE]  ISMN_TWENTE_ITCSM-07b                     s1_asc/l3 → s1_asc_l3.npy  shape=(527, 196, 768)  size=158.7MB
  [WRITE]  ISMN_TWENTE_ITCSM-07b                     s1_asc/l6 → s1_asc_l6.npy  shape=(527, 196, 768)  size=158.7MB
  [WRITE]  ISMN_TWENTE_ITCSM-07b                     s1_asc/l9 → s1_asc_l9.npy  shape=(527, 196, 768)  size=158.7MB
  [WRITE]  ISMN_TWENTE_ITCSM-07b                     s1_desc/l3 → s1_desc_l3.npy  shape=(542, 196, 768)  size=163.2MB
  [WRITE]  ISMN_TWENTE_ITCSM-07b                     s1_desc/l6 → s1_desc_l6.npy  shape=(542, 196, 768)  size=163.2MB
  [WRITE]  ISMN_TWENTE_ITCSM-07b                     s1_desc/l9 → s1_desc_l9.npy  shape=(542, 196, 768)  size=163.2MB
  [WRITE]  ISMN_TWENTE_ITCSM-08b                     s2/l3 → s2_l3.npy  shape=(125, 196, 768)  size=37.6MB
  [WRITE]  ISMN_TWENTE_ITCSM-08b                     s2/l6 → s2_l6.npy  shape=(125, 196, 768)  size=37.6MB
  [WRITE]  ISMN_TWENTE_ITCSM-08b                     s2/l9 → s2_l9.npy  shape=(125, 196, 768)  size=37.6MB
  [WRITE]  ISMN_TWENTE_ITCSM-08b                     s1_asc/l3 → s1_asc_l3.npy  shape=(527, 196, 768)  size=158.7MB
  [WRITE]  ISMN_TWENTE_ITCSM-08b                     s1_asc/l6 → s1_asc_l6.npy  shape=(527, 196, 768)  size=158.7MB
  [WRITE]  ISMN_TWENTE_ITCSM-08b                     s1_asc/l9 → s1_asc_l9.npy  shape=(527, 196, 768)  size=158.7MB
  [WRITE]  ISMN_TWENTE_ITCSM-08b                     s1_desc/l3 → s1_desc_l3.npy  shape=(542, 196, 768)  size=163.2MB
  [WRITE]  ISMN_TWENTE_ITCSM-08b                     s1_desc/l6 → s1_desc_l6.npy  shape=(542, 196, 768)  size=163.2MB
  [WRITE]  ISMN_TWENTE_ITCSM-08b                     s1_desc/l9 → s1_desc_l9.npy  shape=(542, 196, 768)  size=163.2MB
  [WRITE]  ISMN_TWENTE_ITCSM-09                      s2/l3 → s2_l3.npy  shape=(86, 196, 768)  size=25.9MB
  [WRITE]  ISMN_TWENTE_ITCSM-09                      s2/l6 → s2_l6.npy  shape=(86, 196, 768)  size=25.9MB
  [WRITE]  ISMN_TWENTE_ITCSM-09                      s2/l9 → s2_l9.npy  shape=(86, 196, 768)  size=25.9MB
  [WRITE]  ISMN_TWENTE_ITCSM-09                      s1_asc/l3 → s1_asc_l3.npy  shape=(527, 196, 768)  size=158.7MB
  [WRITE]  ISMN_TWENTE_ITCSM-09                      s1_asc/l6 → s1_asc_l6.npy  shape=(527, 196, 768)  size=158.7MB
  [WRITE]  ISMN_TWENTE_ITCSM-09                      s1_asc/l9 → s1_asc_l9.npy  shape=(527, 196, 768)  size=158.7MB
  [WRITE]  ISMN_TWENTE_ITCSM-09                      s1_desc/l3 → s1_desc_l3.npy  shape=(543, 196, 768)  size=163.5MB
  [WRITE]  ISMN_TWENTE_ITCSM-09                      s1_desc/l6 → s1_desc_l6.npy  shape=(543, 196, 768)  size=163.5MB
  [WRITE]  ISMN_TWENTE_ITCSM-09                      s1_desc/l9 → s1_desc_l9.npy  shape=(543, 196, 768)  size=163.5MB
  [WRITE]  ISMN_TWENTE_ITCSM-13                      s2/l3 → s2_l3.npy  shape=(157, 196, 768)  size=47.3MB
  [WRITE]  ISMN_TWENTE_ITCSM-13                      s2/l6 → s2_l6.npy  shape=(157, 196, 768)  size=47.3MB
  [WRITE]  ISMN_TWENTE_ITCSM-13                      s2/l9 → s2_l9.npy  shape=(157, 196, 768)  size=47.3MB
  [WRITE]  ISMN_TWENTE_ITCSM-13                      s1_asc/l3 → s1_asc_l3.npy  shape=(527, 196, 768)  size=158.7MB
  [WRITE]  ISMN_TWENTE_ITCSM-13                      s1_asc/l6 → s1_asc_l6.npy  shape=(527, 196, 768)  size=158.7MB
  [WRITE]  ISMN_TWENTE_ITCSM-13                      s1_asc/l9 → s1_asc_l9.npy  shape=(527, 196, 768)  size=158.7MB
  [WRITE]  ISMN_TWENTE_ITCSM-13                      s1_desc/l3 → s1_desc_l3.npy  shape=(527, 196, 768)  size=158.7MB
  [WRITE]  ISMN_TWENTE_ITCSM-13                      s1_desc/l6 → s1_desc_l6.npy  shape=(527, 196, 768)  size=158.7MB
  [WRITE]  ISMN_TWENTE_ITCSM-13                      s1_desc/l9 → s1_desc_l9.npy  shape=(527, 196, 768)  size=158.7MB
  [WRITE]  ICOS_SE-Nor                               s2/l3 → s2_l3.npy  shape=(227, 196, 768)  size=68.3MB
  [WRITE]  ICOS_SE-Nor                               s2/l6 → s2_l6.npy  shape=(227, 196, 768)  size=68.3MB
  [WRITE]  ICOS_SE-Nor                               s2/l9 → s2_l9.npy  shape=(227, 196, 768)  size=68.3MB
  [WRITE]  ICOS_SE-Nor                               s1_asc/l3 → s1_asc_l3.npy  shape=(714, 196, 768)  size=215.0MB
  [WRITE]  ICOS_SE-Nor                               s1_asc/l6 → s1_asc_l6.npy  shape=(714, 196, 768)  size=215.0MB
  [WRITE]  ICOS_SE-Nor                               s1_asc/l9 → s1_asc_l9.npy  shape=(714, 196, 768)  size=215.0MB
  [WRITE]  ICOS_SE-Nor                               s1_desc/l3 → s1_desc_l3.npy  shape=(476, 196, 768)  size=143.3MB
  [WRITE]  ICOS_SE-Nor                               s1_desc/l6 → s1_desc_l6.npy  shape=(476, 196, 768)  size=143.3MB
  [WRITE]  ICOS_SE-Nor                               s1_desc/l9 → s1_desc_l9.npy  shape=(476, 196, 768)  size=143.3MB
  [WRITE]  ICOS_SE-Svb                               s2/l3 → s2_l3.npy  shape=(131, 196, 768)  size=39.4MB
  [WRITE]  ICOS_SE-Svb                               s2/l6 → s2_l6.npy  shape=(131, 196, 768)  size=39.4MB
  [WRITE]  ICOS_SE-Svb                               s2/l9 → s2_l9.npy  shape=(131, 196, 768)  size=39.4MB
  [WRITE]  ICOS_SE-Svb                               s1_asc/l3 → s1_asc_l3.npy  shape=(905, 196, 768)  size=272.5MB
  [WRITE]  ICOS_SE-Svb                               s1_asc/l6 → s1_asc_l6.npy  shape=(905, 196, 768)  size=272.5MB
  [WRITE]  ICOS_SE-Svb                               s1_asc/l9 → s1_asc_l9.npy  shape=(905, 196, 768)  size=272.5MB
  [WRITE]  ICOS_SE-Svb                               s1_desc/l3 → s1_desc_l3.npy  shape=(607, 196, 768)  size=182.7MB
  [WRITE]  ICOS_SE-Svb                               s1_desc/l6 → s1_desc_l6.npy  shape=(607, 196, 768)  size=182.7MB
  [WRITE]  ICOS_SE-Svb                               s1_desc/l9 → s1_desc_l9.npy  shape=(607, 196, 768)  size=182.7MB
  [WRITE]  ICOS_CZ-Lnz                               s2/l3 → s2_l3.npy  shape=(185, 196, 768)  size=55.7MB
  [WRITE]  ICOS_CZ-Lnz                               s2/l6 → s2_l6.npy  shape=(185, 196, 768)  size=55.7MB
  [WRITE]  ICOS_CZ-Lnz                               s2/l9 → s2_l9.npy  shape=(185, 196, 768)  size=55.7MB
  [WRITE]  ICOS_CZ-Lnz                               s1_asc/l3 → s1_asc_l3.npy  shape=(238, 196, 768)  size=71.7MB
  [WRITE]  ICOS_CZ-Lnz                               s1_asc/l6 → s1_asc_l6.npy  shape=(238, 196, 768)  size=71.7MB
  [WRITE]  ICOS_CZ-Lnz                               s1_asc/l9 → s1_asc_l9.npy  shape=(238, 196, 768)  size=71.7MB
  [WRITE]  ICOS_CZ-Lnz                               s1_desc/l3 → s1_desc_l3.npy  shape=(467, 196, 768)  size=140.6MB
  [WRITE]  ICOS_CZ-Lnz                               s1_desc/l6 → s1_desc_l6.npy  shape=(467, 196, 768)  size=140.6MB
  [WRITE]  ICOS_CZ-Lnz                               s1_desc/l9 → s1_desc_l9.npy  shape=(467, 196, 768)  size=140.6MB
  [WRITE]  ICOS_DE-Geb                               s2/l3 → s2_l3.npy  shape=(108, 196, 768)  size=32.5MB
  [WRITE]  ICOS_DE-Geb                               s2/l6 → s2_l6.npy  shape=(108, 196, 768)  size=32.5MB
  [WRITE]  ICOS_DE-Geb                               s2/l9 → s2_l9.npy  shape=(108, 196, 768)  size=32.5MB
  [WRITE]  ICOS_DE-Geb                               s1_asc/l3 → s1_asc_l3.npy  shape=(350, 196, 768)  size=105.4MB
  [WRITE]  ICOS_DE-Geb                               s1_asc/l6 → s1_asc_l6.npy  shape=(350, 196, 768)  size=105.4MB
  [WRITE]  ICOS_DE-Geb                               s1_asc/l9 → s1_asc_l9.npy  shape=(350, 196, 768)  size=105.4MB
  [WRITE]  ICOS_DE-Geb                               s1_desc/l3 → s1_desc_l3.npy  shape=(350, 196, 768)  size=105.4MB
  [WRITE]  ICOS_DE-Geb                               s1_desc/l6 → s1_desc_l6.npy  shape=(350, 196, 768)  size=105.4MB
  [WRITE]  ICOS_DE-Geb                               s1_desc/l9 → s1_desc_l9.npy  shape=(350, 196, 768)  size=105.4MB
  [WRITE]  ICOS_DE-Gri                               s2/l3 → s2_l3.npy  shape=(116, 196, 768)  size=34.9MB
  [WRITE]  ICOS_DE-Gri                               s2/l6 → s2_l6.npy  shape=(116, 196, 768)  size=34.9MB
  [WRITE]  ICOS_DE-Gri                               s2/l9 → s2_l9.npy  shape=(116, 196, 768)  size=34.9MB
  [WRITE]  ICOS_DE-Gri                               s1_asc/l3 → s1_asc_l3.npy  shape=(302, 196, 768)  size=90.9MB
  [WRITE]  ICOS_DE-Gri                               s1_asc/l6 → s1_asc_l6.npy  shape=(302, 196, 768)  size=90.9MB
  [WRITE]  ICOS_DE-Gri                               s1_asc/l9 → s1_asc_l9.npy  shape=(302, 196, 768)  size=90.9MB
  [WRITE]  ICOS_DE-Gri                               s1_desc/l3 → s1_desc_l3.npy  shape=(288, 196, 768)  size=86.7MB
  [WRITE]  ICOS_DE-Gri                               s1_desc/l6 → s1_desc_l6.npy  shape=(288, 196, 768)  size=86.7MB
  [WRITE]  ICOS_DE-Gri                               s1_desc/l9 → s1_desc_l9.npy  shape=(288, 196, 768)  size=86.7MB
  [WRITE]  ICOS_DE-Har                               s2/l3 → s2_l3.npy  shape=(69, 196, 768)  size=20.8MB
  [WRITE]  ICOS_DE-Har                               s2/l6 → s2_l6.npy  shape=(69, 196, 768)  size=20.8MB
  [WRITE]  ICOS_DE-Har                               s2/l9 → s2_l9.npy  shape=(69, 196, 768)  size=20.8MB
  [WRITE]  ICOS_DE-Har                               s1_asc/l3 → s1_asc_l3.npy  shape=(225, 196, 768)  size=67.7MB
  [WRITE]  ICOS_DE-Har                               s1_asc/l6 → s1_asc_l6.npy  shape=(225, 196, 768)  size=67.7MB
  [WRITE]  ICOS_DE-Har                               s1_asc/l9 → s1_asc_l9.npy  shape=(225, 196, 768)  size=67.7MB
  [WRITE]  ICOS_DE-Har                               s1_desc/l3 → s1_desc_l3.npy  shape=(228, 196, 768)  size=68.6MB
  [WRITE]  ICOS_DE-Har                               s1_desc/l6 → s1_desc_l6.npy  shape=(228, 196, 768)  size=68.6MB
  [WRITE]  ICOS_DE-Har                               s1_desc/l9 → s1_desc_l9.npy  shape=(228, 196, 768)  size=68.6MB
  [WRITE]  ISMN_XMS-CAT_SerradeCostaAmpla            s2/l3 → s2_l3.npy  shape=(239, 196, 768)  size=72.0MB
  [WRITE]  ISMN_XMS-CAT_SerradeCostaAmpla            s2/l6 → s2_l6.npy  shape=(239, 196, 768)  size=72.0MB
  [WRITE]  ISMN_XMS-CAT_SerradeCostaAmpla            s2/l9 → s2_l9.npy  shape=(239, 196, 768)  size=72.0MB
  [WRITE]  ISMN_XMS-CAT_SerradeCostaAmpla            s1_asc/l3 → s1_asc_l3.npy  shape=(582, 196, 768)  size=175.2MB
  [WRITE]  ISMN_XMS-CAT_SerradeCostaAmpla            s1_asc/l6 → s1_asc_l6.npy  shape=(582, 196, 768)  size=175.2MB
  [WRITE]  ISMN_XMS-CAT_SerradeCostaAmpla            s1_asc/l9 → s1_asc_l9.npy  shape=(582, 196, 768)  size=175.2MB
  [WRITE]  ISMN_XMS-CAT_SerradeCostaAmpla            s1_desc/l3 → s1_desc_l3.npy  shape=(323, 196, 768)  size=97.2MB
  [WRITE]  ISMN_XMS-CAT_SerradeCostaAmpla            s1_desc/l6 → s1_desc_l6.npy  shape=(323, 196, 768)  size=97.2MB
  [WRITE]  ISMN_XMS-CAT_SerradeCostaAmpla            s1_desc/l9 → s1_desc_l9.npy  shape=(323, 196, 768)  size=97.2MB
  [WRITE]  ISMN_iRON_BrushCreek                      s2/l3 → s2_l3.npy  shape=(197, 196, 768)  size=59.3MB
  [WRITE]  ISMN_iRON_BrushCreek                      s2/l6 → s2_l6.npy  shape=(197, 196, 768)  size=59.3MB
  [WRITE]  ISMN_iRON_BrushCreek                      s2/l9 → s2_l9.npy  shape=(197, 196, 768)  size=59.3MB
  [WRITE]  ISMN_iRON_BrushCreek                      s1_asc/l3 → s1_asc_l3.npy  shape=(269, 196, 768)  size=81.0MB
  [WRITE]  ISMN_iRON_BrushCreek                      s1_asc/l6 → s1_asc_l6.npy  shape=(269, 196, 768)  size=81.0MB
  [WRITE]  ISMN_iRON_BrushCreek                      s1_asc/l9 → s1_asc_l9.npy  shape=(269, 196, 768)  size=81.0MB
  [WRITE]  ISMN_iRON_BrushCreek                      s1_desc/l3 → s1_desc_l3.npy  shape=(162, 196, 768)  size=48.8MB
  [WRITE]  ISMN_iRON_BrushCreek                      s1_desc/l6 → s1_desc_l6.npy  shape=(162, 196, 768)  size=48.8MB
  [WRITE]  ISMN_iRON_BrushCreek                      s1_desc/l9 → s1_desc_l9.npy  shape=(162, 196, 768)  size=48.8MB
  [WRITE]  ISMN_iRON_GlenwoodSprings                 s2/l3 → s2_l3.npy  shape=(364, 196, 768)  size=109.6MB
  [WRITE]  ISMN_iRON_GlenwoodSprings                 s2/l6 → s2_l6.npy  shape=(364, 196, 768)  size=109.6MB
  [WRITE]  ISMN_iRON_GlenwoodSprings                 s2/l9 → s2_l9.npy  shape=(364, 196, 768)  size=109.6MB
  [WRITE]  ISMN_iRON_GlenwoodSprings                 s1_asc/l3 → s1_asc_l3.npy  shape=(266, 196, 768)  size=80.1MB
  [WRITE]  ISMN_iRON_GlenwoodSprings                 s1_asc/l6 → s1_asc_l6.npy  shape=(266, 196, 768)  size=80.1MB
  [WRITE]  ISMN_iRON_GlenwoodSprings                 s1_asc/l9 → s1_asc_l9.npy  shape=(266, 196, 768)  size=80.1MB
  [WRITE]  ISMN_iRON_GlenwoodSprings                 s1_desc/l3 → s1_desc_l3.npy  shape=(316, 196, 768)  size=95.1MB
  [WRITE]  ISMN_iRON_GlenwoodSprings                 s1_desc/l6 → s1_desc_l6.npy  shape=(316, 196, 768)  size=95.1MB
  [WRITE]  ISMN_iRON_GlenwoodSprings                 s1_desc/l9 → s1_desc_l9.npy  shape=(316, 196, 768)  size=95.1MB
  [WRITE]  ISMN_iRON_NorthstarAspenGrove             s2/l3 → s2_l3.npy  shape=(161, 196, 768)  size=48.5MB
  [WRITE]  ISMN_iRON_NorthstarAspenGrove             s2/l6 → s2_l6.npy  shape=(161, 196, 768)  size=48.5MB
  [WRITE]  ISMN_iRON_NorthstarAspenGrove             s2/l9 → s2_l9.npy  shape=(161, 196, 768)  size=48.5MB
  [WRITE]  ISMN_iRON_NorthstarAspenGrove             s1_asc/l3 → s1_asc_l3.npy  shape=(136, 196, 768)  size=40.9MB
  [WRITE]  ISMN_iRON_NorthstarAspenGrove             s1_asc/l6 → s1_asc_l6.npy  shape=(136, 196, 768)  size=40.9MB
  [WRITE]  ISMN_iRON_NorthstarAspenGrove             s1_asc/l9 → s1_asc_l9.npy  shape=(136, 196, 768)  size=40.9MB
  [WRITE]  ISMN_iRON_NorthstarAspenGrove             s1_desc/l3 → s1_desc_l3.npy  shape=(134, 196, 768)  size=40.3MB
  [WRITE]  ISMN_iRON_NorthstarAspenGrove             s1_desc/l6 → s1_desc_l6.npy  shape=(134, 196, 768)  size=40.3MB
  [WRITE]  ISMN_iRON_NorthstarAspenGrove             s1_desc/l9 → s1_desc_l9.npy  shape=(134, 196, 768)  size=40.3MB
  [WRITE]  ISMN_XMS-CAT_BordaColl                    s2/l3 → s2_l3.npy  shape=(354, 196, 768)  size=106.6MB
  [WRITE]  ISMN_XMS-CAT_BordaColl                    s2/l6 → s2_l6.npy  shape=(354, 196, 768)  size=106.6MB
  [WRITE]  ISMN_XMS-CAT_BordaColl                    s2/l9 → s2_l9.npy  shape=(354, 196, 768)  size=106.6MB
  [WRITE]  ISMN_XMS-CAT_BordaColl                    s1_asc/l3 → s1_asc_l3.npy  shape=(279, 196, 768)  size=84.0MB
  [WRITE]  ISMN_XMS-CAT_BordaColl                    s1_asc/l6 → s1_asc_l6.npy  shape=(279, 196, 768)  size=84.0MB
  [WRITE]  ISMN_XMS-CAT_BordaColl                    s1_asc/l9 → s1_asc_l9.npy  shape=(279, 196, 768)  size=84.0MB
  [WRITE]  ISMN_XMS-CAT_BordaColl                    s1_desc/l3 → s1_desc_l3.npy  shape=(140, 196, 768)  size=42.1MB
  [WRITE]  ISMN_XMS-CAT_BordaColl                    s1_desc/l6 → s1_desc_l6.npy  shape=(140, 196, 768)  size=42.1MB
  [WRITE]  ISMN_XMS-CAT_BordaColl                    s1_desc/l9 → s1_desc_l9.npy  shape=(140, 196, 768)  size=42.1MB
  [WRITE]  ISMN_XMS-CAT_CamidelsNerets               s2/l3 → s2_l3.npy  shape=(358, 196, 768)  size=107.8MB
  [WRITE]  ISMN_XMS-CAT_CamidelsNerets               s2/l6 → s2_l6.npy  shape=(358, 196, 768)  size=107.8MB
  [WRITE]  ISMN_XMS-CAT_CamidelsNerets               s2/l9 → s2_l9.npy  shape=(358, 196, 768)  size=107.8MB
  [WRITE]  ISMN_XMS-CAT_CamidelsNerets               s1_asc/l3 → s1_asc_l3.npy  shape=(767, 196, 768)  size=230.9MB
  [WRITE]  ISMN_XMS-CAT_CamidelsNerets               s1_asc/l6 → s1_asc_l6.npy  shape=(767, 196, 768)  size=230.9MB
  [WRITE]  ISMN_XMS-CAT_CamidelsNerets               s1_asc/l9 → s1_asc_l9.npy  shape=(767, 196, 768)  size=230.9MB
  [WRITE]  ISMN_XMS-CAT_CamidelsNerets               s1_desc/l3 → s1_desc_l3.npy  shape=(411, 196, 768)  size=123.7MB
  [WRITE]  ISMN_XMS-CAT_CamidelsNerets               s1_desc/l6 → s1_desc_l6.npy  shape=(411, 196, 768)  size=123.7MB
  [WRITE]  ISMN_XMS-CAT_CamidelsNerets               s1_desc/l9 → s1_desc_l9.npy  shape=(411, 196, 768)  size=123.7MB
  [WRITE]  ISMN_XMS-CAT_Clarella                     s2/l3 → s2_l3.npy  shape=(206, 196, 768)  size=62.0MB
  [WRITE]  ISMN_XMS-CAT_Clarella                     s2/l6 → s2_l6.npy  shape=(206, 196, 768)  size=62.0MB
  [WRITE]  ISMN_XMS-CAT_Clarella                     s2/l9 → s2_l9.npy  shape=(206, 196, 768)  size=62.0MB
  [WRITE]  ISMN_XMS-CAT_Clarella                     s1_asc/l3 → s1_asc_l3.npy  shape=(141, 196, 768)  size=42.4MB
  [WRITE]  ISMN_XMS-CAT_Clarella                     s1_asc/l6 → s1_asc_l6.npy  shape=(141, 196, 768)  size=42.4MB
  [WRITE]  ISMN_XMS-CAT_Clarella                     s1_asc/l9 → s1_asc_l9.npy  shape=(141, 196, 768)  size=42.4MB
  [WRITE]  ISMN_XMS-CAT_Clarella                     s1_desc/l3 → s1_desc_l3.npy  shape=(280, 196, 768)  size=84.3MB
  [WRITE]  ISMN_XMS-CAT_Clarella                     s1_desc/l6 → s1_desc_l6.npy  shape=(280, 196, 768)  size=84.3MB
  [WRITE]  ISMN_XMS-CAT_Clarella                     s1_desc/l9 → s1_desc_l9.npy  shape=(280, 196, 768)  size=84.3MB
  [WRITE]  ISMN_XMS-CAT_ClotdelesPeresII             s2/l3 → s2_l3.npy  shape=(203, 196, 768)  size=61.1MB
  [WRITE]  ISMN_XMS-CAT_ClotdelesPeresII             s2/l6 → s2_l6.npy  shape=(203, 196, 768)  size=61.1MB
  [WRITE]  ISMN_XMS-CAT_ClotdelesPeresII             s2/l9 → s2_l9.npy  shape=(203, 196, 768)  size=61.1MB
  [WRITE]  ISMN_XMS-CAT_ClotdelesPeresII             s1_asc/l3 → s1_asc_l3.npy  shape=(369, 196, 768)  size=111.1MB
  [WRITE]  ISMN_XMS-CAT_ClotdelesPeresII             s1_asc/l6 → s1_asc_l6.npy  shape=(369, 196, 768)  size=111.1MB
  [WRITE]  ISMN_XMS-CAT_ClotdelesPeresII             s1_asc/l9 → s1_asc_l9.npy  shape=(369, 196, 768)  size=111.1MB
  [WRITE]  ISMN_XMS-CAT_ClotdelesPeresII             s1_desc/l3 → s1_desc_l3.npy  shape=(184, 196, 768)  size=55.4MB
  [WRITE]  ISMN_XMS-CAT_ClotdelesPeresII             s1_desc/l6 → s1_desc_l6.npy  shape=(184, 196, 768)  size=55.4MB
  [WRITE]  ISMN_XMS-CAT_ClotdelesPeresII             s1_desc/l9 → s1_desc_l9.npy  shape=(184, 196, 768)  size=55.4MB
  [WRITE]  ISMN_XMS-CAT_ColldePaller                 s2/l3 → s2_l3.npy  shape=(509, 196, 768)  size=153.2MB
  [WRITE]  ISMN_XMS-CAT_ColldePaller                 s2/l6 → s2_l6.npy  shape=(509, 196, 768)  size=153.2MB
  [WRITE]  ISMN_XMS-CAT_ColldePaller                 s2/l9 → s2_l9.npy  shape=(509, 196, 768)  size=153.2MB
  [WRITE]  ISMN_XMS-CAT_ColldePaller                 s1_asc/l3 → s1_asc_l3.npy  shape=(573, 196, 768)  size=172.5MB
  [WRITE]  ISMN_XMS-CAT_ColldePaller                 s1_asc/l6 → s1_asc_l6.npy  shape=(573, 196, 768)  size=172.5MB
  [WRITE]  ISMN_XMS-CAT_ColldePaller                 s1_asc/l9 → s1_asc_l9.npy  shape=(573, 196, 768)  size=172.5MB
  [WRITE]  ISMN_XMS-CAT_ColldePaller                 s1_desc/l3 → s1_desc_l3.npy  shape=(303, 196, 768)  size=91.2MB
  [WRITE]  ISMN_XMS-CAT_ColldePaller                 s1_desc/l6 → s1_desc_l6.npy  shape=(303, 196, 768)  size=91.2MB
  [WRITE]  ISMN_XMS-CAT_ColldePaller                 s1_desc/l9 → s1_desc_l9.npy  shape=(303, 196, 768)  size=91.2MB
  [WRITE]  ISMN_XMS-CAT_ElBoixer                     s2/l3 → s2_l3.npy  shape=(250, 196, 768)  size=75.3MB
  [WRITE]  ISMN_XMS-CAT_ElBoixer                     s2/l6 → s2_l6.npy  shape=(250, 196, 768)  size=75.3MB
  [WRITE]  ISMN_XMS-CAT_ElBoixer                     s2/l9 → s2_l9.npy  shape=(250, 196, 768)  size=75.3MB
  [WRITE]  ISMN_XMS-CAT_ElBoixer                     s1_asc/l3 → s1_asc_l3.npy  shape=(573, 196, 768)  size=172.5MB
  [WRITE]  ISMN_XMS-CAT_ElBoixer                     s1_asc/l6 → s1_asc_l6.npy  shape=(573, 196, 768)  size=172.5MB
  [WRITE]  ISMN_XMS-CAT_ElBoixer                     s1_asc/l9 → s1_asc_l9.npy  shape=(573, 196, 768)  size=172.5MB
  [WRITE]  ISMN_XMS-CAT_ElBoixer                     s1_desc/l3 → s1_desc_l3.npy  shape=(306, 196, 768)  size=92.1MB
  [WRITE]  ISMN_XMS-CAT_ElBoixer                     s1_desc/l6 → s1_desc_l6.npy  shape=(306, 196, 768)  size=92.1MB
  [WRITE]  ISMN_XMS-CAT_ElBoixer                     s1_desc/l9 → s1_desc_l9.npy  shape=(306, 196, 768)  size=92.1MB
  [WRITE]  ISMN_XMS-CAT_ElMiracle                    s2/l3 → s2_l3.npy  shape=(329, 196, 768)  size=99.0MB
  [WRITE]  ISMN_XMS-CAT_ElMiracle                    s2/l6 → s2_l6.npy  shape=(329, 196, 768)  size=99.0MB
  [WRITE]  ISMN_XMS-CAT_ElMiracle                    s2/l9 → s2_l9.npy  shape=(329, 196, 768)  size=99.0MB
  [WRITE]  ISMN_XMS-CAT_ElMiracle                    s1_asc/l3 → s1_asc_l3.npy  shape=(307, 196, 768)  size=92.4MB
  [WRITE]  ISMN_XMS-CAT_ElMiracle                    s1_asc/l6 → s1_asc_l6.npy  shape=(307, 196, 768)  size=92.4MB
  [WRITE]  ISMN_XMS-CAT_ElMiracle                    s1_asc/l9 → s1_asc_l9.npy  shape=(307, 196, 768)  size=92.4MB
  [WRITE]  ISMN_XMS-CAT_ElMiracle                    s1_desc/l3 → s1_desc_l3.npy  shape=(158, 196, 768)  size=47.6MB
  [WRITE]  ISMN_XMS-CAT_ElMiracle                    s1_desc/l6 → s1_desc_l6.npy  shape=(158, 196, 768)  size=47.6MB
  [WRITE]  ISMN_XMS-CAT_ElMiracle                    s1_desc/l9 → s1_desc_l9.npy  shape=(158, 196, 768)  size=47.6MB
  [WRITE]  ISMN_XMS-CAT_LaCultiadAreu                s2/l3 → s2_l3.npy  shape=(438, 196, 768)  size=131.9MB
  [WRITE]  ISMN_XMS-CAT_LaCultiadAreu                s2/l6 → s2_l6.npy  shape=(438, 196, 768)  size=131.9MB
  [WRITE]  ISMN_XMS-CAT_LaCultiadAreu                s2/l9 → s2_l9.npy  shape=(438, 196, 768)  size=131.9MB
  [WRITE]  ISMN_XMS-CAT_LaCultiadAreu                s1_asc/l3 → s1_asc_l3.npy  shape=(487, 196, 768)  size=146.6MB
  [WRITE]  ISMN_XMS-CAT_LaCultiadAreu                s1_asc/l6 → s1_asc_l6.npy  shape=(487, 196, 768)  size=146.6MB
  [WRITE]  ISMN_XMS-CAT_LaCultiadAreu                s1_asc/l9 → s1_asc_l9.npy  shape=(487, 196, 768)  size=146.6MB
  [WRITE]  ISMN_XMS-CAT_LaCultiadAreu                s1_desc/l3 → s1_desc_l3.npy  shape=(246, 196, 768)  size=74.1MB
  [WRITE]  ISMN_XMS-CAT_LaCultiadAreu                s1_desc/l6 → s1_desc_l6.npy  shape=(246, 196, 768)  size=74.1MB
  [WRITE]  ISMN_XMS-CAT_LaCultiadAreu                s1_desc/l9 → s1_desc_l9.npy  shape=(246, 196, 768)  size=74.1MB
  [WRITE]  AmeriFlux_US-Whs                          s2/l3 → s2_l3.npy  shape=(354, 196, 768)  size=106.6MB
  [WRITE]  AmeriFlux_US-Whs                          s2/l6 → s2_l6.npy  shape=(354, 196, 768)  size=106.6MB
  [WRITE]  AmeriFlux_US-Whs                          s2/l9 → s2_l9.npy  shape=(354, 196, 768)  size=106.6MB
  [WRITE]  AmeriFlux_US-Whs                          s1_asc/l3 → s1_asc_l3.npy  shape=(191, 196, 768)  size=57.5MB
  [WRITE]  AmeriFlux_US-Whs                          s1_asc/l6 → s1_asc_l6.npy  shape=(191, 196, 768)  size=57.5MB
  [WRITE]  AmeriFlux_US-Whs                          s1_asc/l9 → s1_asc_l9.npy  shape=(191, 196, 768)  size=57.5MB
  [WRITE]  AmeriFlux_US-Whs                          s1_desc/l3 → s1_desc_l3.npy  shape=(115, 196, 768)  size=34.6MB
  [WRITE]  AmeriFlux_US-Whs                          s1_desc/l6 → s1_desc_l6.npy  shape=(115, 196, 768)  size=34.6MB
  [WRITE]  AmeriFlux_US-Whs                          s1_desc/l9 → s1_desc_l9.npy  shape=(115, 196, 768)  size=34.6MB
  [WRITE]  AmeriFlux_US-Wkg                          s2/l3 → s2_l3.npy  shape=(728, 196, 768)  size=219.2MB
  [WRITE]  AmeriFlux_US-Wkg                          s2/l6 → s2_l6.npy  shape=(728, 196, 768)  size=219.2MB
  [WRITE]  AmeriFlux_US-Wkg                          s2/l9 → s2_l9.npy  shape=(728, 196, 768)  size=219.2MB
  [WRITE]  AmeriFlux_US-Wkg                          s1_asc/l3 → s1_asc_l3.npy  shape=(322, 196, 768)  size=96.9MB
  [WRITE]  AmeriFlux_US-Wkg                          s1_asc/l6 → s1_asc_l6.npy  shape=(322, 196, 768)  size=96.9MB
  [WRITE]  AmeriFlux_US-Wkg                          s1_asc/l9 → s1_asc_l9.npy  shape=(322, 196, 768)  size=96.9MB
  [WRITE]  AmeriFlux_US-Wkg                          s1_desc/l3 → s1_desc_l3.npy  shape=(229, 196, 768)  size=68.9MB
  [WRITE]  AmeriFlux_US-Wkg                          s1_desc/l6 → s1_desc_l6.npy  shape=(229, 196, 768)  size=68.9MB
  [WRITE]  AmeriFlux_US-Wkg                          s1_desc/l9 → s1_desc_l9.npy  shape=(229, 196, 768)  size=68.9MB
  [WRITE]  ICOS_BE-Bra                               s2/l3 → s2_l3.npy  shape=(153, 196, 768)  size=46.1MB
  [WRITE]  ICOS_BE-Bra                               s2/l6 → s2_l6.npy  shape=(153, 196, 768)  size=46.1MB
  [WRITE]  ICOS_BE-Bra                               s2/l9 → s2_l9.npy  shape=(153, 196, 768)  size=46.1MB
  [WRITE]  ICOS_BE-Bra                               s1_asc/l3 → s1_asc_l3.npy  shape=(401, 196, 768)  size=120.7MB
  [WRITE]  ICOS_BE-Bra                               s1_asc/l6 → s1_asc_l6.npy  shape=(401, 196, 768)  size=120.7MB
  [WRITE]  ICOS_BE-Bra                               s1_asc/l9 → s1_asc_l9.npy  shape=(401, 196, 768)  size=120.7MB
  [WRITE]  ICOS_BE-Bra                               s1_desc/l3 → s1_desc_l3.npy  shape=(410, 196, 768)  size=123.4MB
  [WRITE]  ICOS_BE-Bra                               s1_desc/l6 → s1_desc_l6.npy  shape=(410, 196, 768)  size=123.4MB
  [WRITE]  ICOS_BE-Bra                               s1_desc/l9 → s1_desc_l9.npy  shape=(410, 196, 768)  size=123.4MB
  [WRITE]  ICOS_BE-Lon                               s2/l3 → s2_l3.npy  shape=(226, 196, 768)  size=68.0MB
  [WRITE]  ICOS_BE-Lon                               s2/l6 → s2_l6.npy  shape=(226, 196, 768)  size=68.0MB
  [WRITE]  ICOS_BE-Lon                               s2/l9 → s2_l9.npy  shape=(226, 196, 768)  size=68.0MB
  [WRITE]  ICOS_BE-Lon                               s1_asc/l3 → s1_asc_l3.npy  shape=(559, 196, 768)  size=168.3MB
  [WRITE]  ICOS_BE-Lon                               s1_asc/l6 → s1_asc_l6.npy  shape=(559, 196, 768)  size=168.3MB
  [WRITE]  ICOS_BE-Lon                               s1_asc/l9 → s1_asc_l9.npy  shape=(559, 196, 768)  size=168.3MB
  [WRITE]  ICOS_BE-Lon                               s1_desc/l3 → s1_desc_l3.npy  shape=(565, 196, 768)  size=170.1MB
  [WRITE]  ICOS_BE-Lon                               s1_desc/l6 → s1_desc_l6.npy  shape=(565, 196, 768)  size=170.1MB
  [WRITE]  ICOS_BE-Lon                               s1_desc/l9 → s1_desc_l9.npy  shape=(565, 196, 768)  size=170.1MB
  [WRITE]  ICOS_DK-Sor                               s2/l3 → s2_l3.npy  shape=(93, 196, 768)  size=28.0MB
  [WRITE]  ICOS_DK-Sor                               s2/l6 → s2_l6.npy  shape=(93, 196, 768)  size=28.0MB
  [WRITE]  ICOS_DK-Sor                               s2/l9 → s2_l9.npy  shape=(93, 196, 768)  size=28.0MB
  [WRITE]  ICOS_DK-Sor                               s1_asc/l3 → s1_asc_l3.npy  shape=(181, 196, 768)  size=54.5MB
  [WRITE]  ICOS_DK-Sor                               s1_asc/l6 → s1_asc_l6.npy  shape=(181, 196, 768)  size=54.5MB
  [WRITE]  ICOS_DK-Sor                               s1_asc/l9 → s1_asc_l9.npy  shape=(181, 196, 768)  size=54.5MB
  [WRITE]  ICOS_DK-Sor                               s1_desc/l3 → s1_desc_l3.npy  shape=(185, 196, 768)  size=55.7MB
  [WRITE]  ICOS_DK-Sor                               s1_desc/l6 → s1_desc_l6.npy  shape=(185, 196, 768)  size=55.7MB
  [WRITE]  ICOS_DK-Sor                               s1_desc/l9 → s1_desc_l9.npy  shape=(185, 196, 768)  size=55.7MB
  [WRITE]  ICOS_FI-Hyy                               s2/l3 → s2_l3.npy  shape=(180, 196, 768)  size=54.2MB
  [WRITE]  ICOS_FI-Hyy                               s2/l6 → s2_l6.npy  shape=(180, 196, 768)  size=54.2MB
  [WRITE]  ICOS_FI-Hyy                               s2/l9 → s2_l9.npy  shape=(180, 196, 768)  size=54.2MB
  [WRITE]  ICOS_FI-Hyy                               s1_asc/l3 → s1_asc_l3.npy  shape=(450, 196, 768)  size=135.5MB
  [WRITE]  ICOS_FI-Hyy                               s1_asc/l6 → s1_asc_l6.npy  shape=(450, 196, 768)  size=135.5MB
  [WRITE]  ICOS_FI-Hyy                               s1_asc/l9 → s1_asc_l9.npy  shape=(450, 196, 768)  size=135.5MB
  [WRITE]  ICOS_FI-Hyy                               s1_desc/l3 → s1_desc_l3.npy  shape=(233, 196, 768)  size=70.1MB
  [WRITE]  ICOS_FI-Hyy                               s1_desc/l6 → s1_desc_l6.npy  shape=(233, 196, 768)  size=70.1MB
  [WRITE]  ICOS_FI-Hyy                               s1_desc/l9 → s1_desc_l9.npy  shape=(233, 196, 768)  size=70.1MB
  [WRITE]  ICOS_FI-Ken                               s2/l3 → s2_l3.npy  shape=(258, 196, 768)  size=77.7MB
  [WRITE]  ICOS_FI-Ken                               s2/l6 → s2_l6.npy  shape=(258, 196, 768)  size=77.7MB
  [WRITE]  ICOS_FI-Ken                               s2/l9 → s2_l9.npy  shape=(258, 196, 768)  size=77.7MB
  [WRITE]  ICOS_FI-Ken                               s1_asc/l3 → s1_asc_l3.npy  shape=(958, 196, 768)  size=288.4MB
  [WRITE]  ICOS_FI-Ken                               s1_asc/l6 → s1_asc_l6.npy  shape=(958, 196, 768)  size=288.4MB
  [WRITE]  ICOS_FI-Ken                               s1_asc/l9 → s1_asc_l9.npy  shape=(958, 196, 768)  size=288.4MB
  [WRITE]  ICOS_FI-Ken                               s1_desc/l3 → s1_desc_l3.npy  shape=(956, 196, 768)  size=287.8MB
  [WRITE]  ICOS_FI-Ken                               s1_desc/l6 → s1_desc_l6.npy  shape=(956, 196, 768)  size=287.8MB
  [WRITE]  ICOS_FI-Ken                               s1_desc/l9 → s1_desc_l9.npy  shape=(956, 196, 768)  size=287.8MB
  [WRITE]  ICOS_FI-Sii                               s2/l3 → s2_l3.npy  shape=(247, 196, 768)  size=74.4MB
  [WRITE]  ICOS_FI-Sii                               s2/l6 → s2_l6.npy  shape=(247, 196, 768)  size=74.4MB
  [WRITE]  ICOS_FI-Sii                               s2/l9 → s2_l9.npy  shape=(247, 196, 768)  size=74.4MB
  [WRITE]  ICOS_FI-Sii                               s1_asc/l3 → s1_asc_l3.npy  shape=(588, 196, 768)  size=177.0MB
  [WRITE]  ICOS_FI-Sii                               s1_asc/l6 → s1_asc_l6.npy  shape=(588, 196, 768)  size=177.0MB
  [WRITE]  ICOS_FI-Sii                               s1_asc/l9 → s1_asc_l9.npy  shape=(588, 196, 768)  size=177.0MB
  [WRITE]  ICOS_FI-Sii                               s1_desc/l3 → s1_desc_l3.npy  shape=(310, 196, 768)  size=93.3MB
  [WRITE]  ICOS_FI-Sii                               s1_desc/l6 → s1_desc_l6.npy  shape=(310, 196, 768)  size=93.3MB
  [WRITE]  ICOS_FI-Sii                               s1_desc/l9 → s1_desc_l9.npy  shape=(310, 196, 768)  size=93.3MB
  [WRITE]  ICOS_BE-Maa                               s2/l3 → s2_l3.npy  shape=(183, 196, 768)  size=55.1MB
  [WRITE]  ICOS_BE-Maa                               s2/l6 → s2_l6.npy  shape=(183, 196, 768)  size=55.1MB
  [WRITE]  ICOS_BE-Maa                               s2/l9 → s2_l9.npy  shape=(183, 196, 768)  size=55.1MB
  [WRITE]  ICOS_BE-Maa                               s1_asc/l3 → s1_asc_l3.npy  shape=(439, 196, 768)  size=132.2MB
  [WRITE]  ICOS_BE-Maa                               s1_asc/l6 → s1_asc_l6.npy  shape=(439, 196, 768)  size=132.2MB
  [WRITE]  ICOS_BE-Maa                               s1_asc/l9 → s1_asc_l9.npy  shape=(439, 196, 768)  size=132.2MB
  [WRITE]  ICOS_BE-Maa                               s1_desc/l3 → s1_desc_l3.npy  shape=(223, 196, 768)  size=67.1MB
  [WRITE]  ICOS_BE-Maa                               s1_desc/l6 → s1_desc_l6.npy  shape=(223, 196, 768)  size=67.1MB
  [WRITE]  ICOS_BE-Maa                               s1_desc/l9 → s1_desc_l9.npy  shape=(223, 196, 768)  size=67.1MB
  [WRITE]  ICOS_BE-Vie                               s2/l3 → s2_l3.npy  shape=(117, 196, 768)  size=35.2MB
  [WRITE]  ICOS_BE-Vie                               s2/l6 → s2_l6.npy  shape=(117, 196, 768)  size=35.2MB
  [WRITE]  ICOS_BE-Vie                               s2/l9 → s2_l9.npy  shape=(117, 196, 768)  size=35.2MB
  [WRITE]  ICOS_BE-Vie                               s1_asc/l3 → s1_asc_l3.npy  shape=(282, 196, 768)  size=84.9MB
  [WRITE]  ICOS_BE-Vie                               s1_asc/l6 → s1_asc_l6.npy  shape=(282, 196, 768)  size=84.9MB
  [WRITE]  ICOS_BE-Vie                               s1_asc/l9 → s1_asc_l9.npy  shape=(282, 196, 768)  size=84.9MB
  [WRITE]  ICOS_BE-Vie                               s1_desc/l3 → s1_desc_l3.npy  shape=(585, 196, 768)  size=176.1MB
  [WRITE]  ICOS_BE-Vie                               s1_desc/l6 → s1_desc_l6.npy  shape=(585, 196, 768)  size=176.1MB
  [WRITE]  ICOS_BE-Vie                               s1_desc/l9 → s1_desc_l9.npy  shape=(585, 196, 768)  size=176.1MB
  [WRITE]  ICOS_CH-Dav                               s2/l3 → s2_l3.npy  shape=(239, 196, 768)  size=72.0MB
  [WRITE]  ICOS_CH-Dav                               s2/l6 → s2_l6.npy  shape=(239, 196, 768)  size=72.0MB
  [WRITE]  ICOS_CH-Dav                               s2/l9 → s2_l9.npy  shape=(239, 196, 768)  size=72.0MB
  [WRITE]  ICOS_CH-Dav                               s1_asc/l3 → s1_asc_l3.npy  shape=(727, 196, 768)  size=218.9MB
  [WRITE]  ICOS_CH-Dav                               s1_asc/l6 → s1_asc_l6.npy  shape=(727, 196, 768)  size=218.9MB
  [WRITE]  ICOS_CH-Dav                               s1_asc/l9 → s1_asc_l9.npy  shape=(727, 196, 768)  size=218.9MB
  [WRITE]  ICOS_CH-Dav                               s1_desc/l3 → s1_desc_l3.npy  shape=(749, 196, 768)  size=225.5MB
  [WRITE]  ICOS_CH-Dav                               s1_desc/l6 → s1_desc_l6.npy  shape=(749, 196, 768)  size=225.5MB
  [WRITE]  ICOS_CH-Dav                               s1_desc/l9 → s1_desc_l9.npy  shape=(749, 196, 768)  size=225.5MB
  [WRITE]  ICOS_CZ-BK1                               s2/l3 → s2_l3.npy  shape=(59, 196, 768)  size=17.8MB
  [WRITE]  ICOS_CZ-BK1                               s2/l6 → s2_l6.npy  shape=(59, 196, 768)  size=17.8MB
  [WRITE]  ICOS_CZ-BK1                               s2/l9 → s2_l9.npy  shape=(59, 196, 768)  size=17.8MB
  [WRITE]  ICOS_CZ-BK1                               s1_asc/l3 → s1_asc_l3.npy  shape=(238, 196, 768)  size=71.7MB
  [WRITE]  ICOS_CZ-BK1                               s1_asc/l6 → s1_asc_l6.npy  shape=(238, 196, 768)  size=71.7MB
  [WRITE]  ICOS_CZ-BK1                               s1_asc/l9 → s1_asc_l9.npy  shape=(238, 196, 768)  size=71.7MB
  [WRITE]  ICOS_CZ-BK1                               s1_desc/l3 → s1_desc_l3.npy  shape=(462, 196, 768)  size=139.1MB
  [WRITE]  ICOS_CZ-BK1                               s1_desc/l6 → s1_desc_l6.npy  shape=(462, 196, 768)  size=139.1MB
  [WRITE]  ICOS_CZ-BK1                               s1_desc/l9 → s1_desc_l9.npy  shape=(462, 196, 768)  size=139.1MB
  [WRITE]  ICOS_DE-HoH                               s2/l3 → s2_l3.npy  shape=(258, 196, 768)  size=77.7MB
  [WRITE]  ICOS_DE-HoH                               s2/l6 → s2_l6.npy  shape=(258, 196, 768)  size=77.7MB
  [WRITE]  ICOS_DE-HoH                               s2/l9 → s2_l9.npy  shape=(258, 196, 768)  size=77.7MB
  [WRITE]  ICOS_DE-HoH                               s1_asc/l3 → s1_asc_l3.npy  shape=(751, 196, 768)  size=226.1MB
  [WRITE]  ICOS_DE-HoH                               s1_asc/l6 → s1_asc_l6.npy  shape=(751, 196, 768)  size=226.1MB
  [WRITE]  ICOS_DE-HoH                               s1_asc/l9 → s1_asc_l9.npy  shape=(751, 196, 768)  size=226.1MB
  [WRITE]  ICOS_DE-HoH                               s1_desc/l3 → s1_desc_l3.npy  shape=(769, 196, 768)  size=231.5MB
  [WRITE]  ICOS_DE-HoH                               s1_desc/l6 → s1_desc_l6.npy  shape=(769, 196, 768)  size=231.5MB
  [WRITE]  ICOS_DE-HoH                               s1_desc/l9 → s1_desc_l9.npy  shape=(769, 196, 768)  size=231.5MB
  [WRITE]  ICOS_DE-RuR                               s2/l3 → s2_l3.npy  shape=(121, 196, 768)  size=36.4MB
  [WRITE]  ICOS_DE-RuR                               s2/l6 → s2_l6.npy  shape=(121, 196, 768)  size=36.4MB
  [WRITE]  ICOS_DE-RuR                               s2/l9 → s2_l9.npy  shape=(121, 196, 768)  size=36.4MB
  [WRITE]  ICOS_DE-RuR                               s1_asc/l3 → s1_asc_l3.npy  shape=(377, 196, 768)  size=113.5MB
  [WRITE]  ICOS_DE-RuR                               s1_asc/l6 → s1_asc_l6.npy  shape=(377, 196, 768)  size=113.5MB
  [WRITE]  ICOS_DE-RuR                               s1_asc/l9 → s1_asc_l9.npy  shape=(377, 196, 768)  size=113.5MB
  [WRITE]  ICOS_DE-RuR                               s1_desc/l3 → s1_desc_l3.npy  shape=(759, 196, 768)  size=228.5MB
  [WRITE]  ICOS_DE-RuR                               s1_desc/l6 → s1_desc_l6.npy  shape=(759, 196, 768)  size=228.5MB
  [WRITE]  ICOS_DE-RuR                               s1_desc/l9 → s1_desc_l9.npy  shape=(759, 196, 768)  size=228.5MB
  [WRITE]  ICOS_DE-RuS                               s2/l3 → s2_l3.npy  shape=(100, 196, 768)  size=30.1MB
  [WRITE]  ICOS_DE-RuS                               s2/l6 → s2_l6.npy  shape=(100, 196, 768)  size=30.1MB
  [WRITE]  ICOS_DE-RuS                               s2/l9 → s2_l9.npy  shape=(100, 196, 768)  size=30.1MB
  [WRITE]  ICOS_DE-RuS                               s1_asc/l3 → s1_asc_l3.npy  shape=(478, 196, 768)  size=143.9MB
  [WRITE]  ICOS_DE-RuS                               s1_asc/l6 → s1_asc_l6.npy  shape=(478, 196, 768)  size=143.9MB
  [WRITE]  ICOS_DE-RuS                               s1_asc/l9 → s1_asc_l9.npy  shape=(478, 196, 768)  size=143.9MB
  [WRITE]  ICOS_DE-RuS                               s1_desc/l3 → s1_desc_l3.npy  shape=(490, 196, 768)  size=147.5MB
  [WRITE]  ICOS_DE-RuS                               s1_desc/l6 → s1_desc_l6.npy  shape=(490, 196, 768)  size=147.5MB
  [WRITE]  ICOS_DE-RuS                               s1_desc/l9 → s1_desc_l9.npy  shape=(490, 196, 768)  size=147.5MB
  [WRITE]  ICOS_DE-RuW                               s2/l3 → s2_l3.npy  shape=(84, 196, 768)  size=25.3MB
  [WRITE]  ICOS_DE-RuW                               s2/l6 → s2_l6.npy  shape=(84, 196, 768)  size=25.3MB
  [WRITE]  ICOS_DE-RuW                               s2/l9 → s2_l9.npy  shape=(84, 196, 768)  size=25.3MB
  [WRITE]  ICOS_DE-RuW                               s1_asc/l3 → s1_asc_l3.npy  shape=(271, 196, 768)  size=81.6MB
  [WRITE]  ICOS_DE-RuW                               s1_asc/l6 → s1_asc_l6.npy  shape=(271, 196, 768)  size=81.6MB
  [WRITE]  ICOS_DE-RuW                               s1_asc/l9 → s1_asc_l9.npy  shape=(271, 196, 768)  size=81.6MB
  [WRITE]  ICOS_DE-RuW                               s1_desc/l3 → s1_desc_l3.npy  shape=(551, 196, 768)  size=165.9MB
  [WRITE]  ICOS_DE-RuW                               s1_desc/l6 → s1_desc_l6.npy  shape=(551, 196, 768)  size=165.9MB
  [WRITE]  ICOS_DE-RuW                               s1_desc/l9 → s1_desc_l9.npy  shape=(551, 196, 768)  size=165.9MB
  [WRITE]  ICOS_GF-Guy                               s2/l3 → s2_l3.npy  shape=(20, 196, 768)  size=6.0MB
  [WRITE]  ICOS_GF-Guy                               s2/l6 → s2_l6.npy  shape=(20, 196, 768)  size=6.0MB
  [WRITE]  ICOS_GF-Guy                               s2/l9 → s2_l9.npy  shape=(20, 196, 768)  size=6.0MB
  [WRITE]  ICOS_GF-Guy                               s1_asc/l3 → s1_asc_l3.npy  shape=(599, 196, 768)  size=180.3MB
  [WRITE]  ICOS_GF-Guy                               s1_asc/l6 → s1_asc_l6.npy  shape=(599, 196, 768)  size=180.3MB
  [WRITE]  ICOS_GF-Guy                               s1_asc/l9 → s1_asc_l9.npy  shape=(599, 196, 768)  size=180.3MB
  [WRITE]  ICOS_GF-Guy                               s1_desc/l3 → s1_desc_l3.npy  shape=(163, 196, 768)  size=49.1MB
  [WRITE]  ICOS_GF-Guy                               s1_desc/l6 → s1_desc_l6.npy  shape=(163, 196, 768)  size=49.1MB
  [WRITE]  ICOS_GF-Guy                               s1_desc/l9 → s1_desc_l9.npy  shape=(163, 196, 768)  size=49.1MB
  [WRITE]  ICOS_IT-BFt                               s2/l3 → s2_l3.npy  shape=(420, 196, 768)  size=126.4MB
  [WRITE]  ICOS_IT-BFt                               s2/l6 → s2_l6.npy  shape=(420, 196, 768)  size=126.4MB
  [WRITE]  ICOS_IT-BFt                               s2/l9 → s2_l9.npy  shape=(420, 196, 768)  size=126.4MB
  [WRITE]  ICOS_IT-BFt                               s1_asc/l3 → s1_asc_l3.npy  shape=(514, 196, 768)  size=154.7MB
  [WRITE]  ICOS_IT-BFt                               s1_asc/l6 → s1_asc_l6.npy  shape=(514, 196, 768)  size=154.7MB
  [WRITE]  ICOS_IT-BFt                               s1_asc/l9 → s1_asc_l9.npy  shape=(514, 196, 768)  size=154.7MB
  [WRITE]  ICOS_IT-BFt                               s1_desc/l3 → s1_desc_l3.npy  shape=(528, 196, 768)  size=159.0MB
  [WRITE]  ICOS_IT-BFt                               s1_desc/l6 → s1_desc_l6.npy  shape=(528, 196, 768)  size=159.0MB
  [WRITE]  ICOS_IT-BFt                               s1_desc/l9 → s1_desc_l9.npy  shape=(528, 196, 768)  size=159.0MB
  [WRITE]  ICOS_IT-Lsn                               s2/l3 → s2_l3.npy  shape=(393, 196, 768)  size=118.3MB
  [WRITE]  ICOS_IT-Lsn                               s2/l6 → s2_l6.npy  shape=(393, 196, 768)  size=118.3MB
  [WRITE]  ICOS_IT-Lsn                               s2/l9 → s2_l9.npy  shape=(393, 196, 768)  size=118.3MB
  [WRITE]  ICOS_IT-Lsn                               s1_asc/l3 → s1_asc_l3.npy  shape=(641, 196, 768)  size=193.0MB
  [WRITE]  ICOS_IT-Lsn                               s1_asc/l6 → s1_asc_l6.npy  shape=(641, 196, 768)  size=193.0MB
  [WRITE]  ICOS_IT-Lsn                               s1_asc/l9 → s1_asc_l9.npy  shape=(641, 196, 768)  size=193.0MB
  [WRITE]  ICOS_IT-Lsn                               s1_desc/l3 → s1_desc_l3.npy  shape=(323, 196, 768)  size=97.2MB
  [WRITE]  ICOS_IT-Lsn                               s1_desc/l6 → s1_desc_l6.npy  shape=(323, 196, 768)  size=97.2MB
  [WRITE]  ICOS_IT-Lsn                               s1_desc/l9 → s1_desc_l9.npy  shape=(323, 196, 768)  size=97.2MB
  [WRITE]  ICOS_IT-SR2                               s2/l3 → s2_l3.npy  shape=(223, 196, 768)  size=67.1MB
  [WRITE]  ICOS_IT-SR2                               s2/l6 → s2_l6.npy  shape=(223, 196, 768)  size=67.1MB
  [WRITE]  ICOS_IT-SR2                               s2/l9 → s2_l9.npy  shape=(223, 196, 768)  size=67.1MB
  [WRITE]  ICOS_IT-SR2                               s1_asc/l3 → s1_asc_l3.npy  shape=(187, 196, 768)  size=56.3MB
  [WRITE]  ICOS_IT-SR2                               s1_asc/l6 → s1_asc_l6.npy  shape=(187, 196, 768)  size=56.3MB
  [WRITE]  ICOS_IT-SR2                               s1_asc/l9 → s1_asc_l9.npy  shape=(187, 196, 768)  size=56.3MB
  [WRITE]  ICOS_IT-SR2                               s1_desc/l3 → s1_desc_l3.npy  shape=(193, 196, 768)  size=58.1MB
  [WRITE]  ICOS_IT-SR2                               s1_desc/l6 → s1_desc_l6.npy  shape=(193, 196, 768)  size=58.1MB
  [WRITE]  ICOS_IT-SR2                               s1_desc/l9 → s1_desc_l9.npy  shape=(193, 196, 768)  size=58.1MB
  [WRITE]  ICOS_FI-Var                               s2/l3 → s2_l3.npy  shape=(172, 196, 768)  size=51.8MB
  [WRITE]  ICOS_FI-Var                               s2/l6 → s2_l6.npy  shape=(172, 196, 768)  size=51.8MB
  [WRITE]  ICOS_FI-Var                               s2/l9 → s2_l9.npy  shape=(172, 196, 768)  size=51.8MB
  [WRITE]  ICOS_FI-Var                               s1_asc/l3 → s1_asc_l3.npy  shape=(568, 196, 768)  size=171.0MB
  [WRITE]  ICOS_FI-Var                               s1_asc/l6 → s1_asc_l6.npy  shape=(568, 196, 768)  size=171.0MB
  [WRITE]  ICOS_FI-Var                               s1_asc/l9 → s1_asc_l9.npy  shape=(568, 196, 768)  size=171.0MB
  [WRITE]  ICOS_FI-Var                               s1_desc/l3 → s1_desc_l3.npy  shape=(546, 196, 768)  size=164.4MB
  [WRITE]  ICOS_FI-Var                               s1_desc/l6 → s1_desc_l6.npy  shape=(546, 196, 768)  size=164.4MB
  [WRITE]  ICOS_FI-Var                               s1_desc/l9 → s1_desc_l9.npy  shape=(546, 196, 768)  size=164.4MB
  [WRITE]  ICOS_FR-Bil                               s2/l3 → s2_l3.npy  shape=(180, 196, 768)  size=54.2MB
  [WRITE]  ICOS_FR-Bil                               s2/l6 → s2_l6.npy  shape=(180, 196, 768)  size=54.2MB
  [WRITE]  ICOS_FR-Bil                               s2/l9 → s2_l9.npy  shape=(180, 196, 768)  size=54.2MB
  [WRITE]  ICOS_FR-Bil                               s1_asc/l3 → s1_asc_l3.npy  shape=(372, 196, 768)  size=112.0MB
  [WRITE]  ICOS_FR-Bil                               s1_asc/l6 → s1_asc_l6.npy  shape=(372, 196, 768)  size=112.0MB
  [WRITE]  ICOS_FR-Bil                               s1_asc/l9 → s1_asc_l9.npy  shape=(372, 196, 768)  size=112.0MB
  [WRITE]  ICOS_FR-Bil                               s1_desc/l3 → s1_desc_l3.npy  shape=(758, 196, 768)  size=228.2MB
  [WRITE]  ICOS_FR-Bil                               s1_desc/l6 → s1_desc_l6.npy  shape=(758, 196, 768)  size=228.2MB
  [WRITE]  ICOS_FR-Bil                               s1_desc/l9 → s1_desc_l9.npy  shape=(758, 196, 768)  size=228.2MB
  [WRITE]  ICOS_FR-CLt                               s2/l3 → s2_l3.npy  shape=(241, 196, 768)  size=72.6MB
  [WRITE]  ICOS_FR-CLt                               s2/l6 → s2_l6.npy  shape=(241, 196, 768)  size=72.6MB
  [WRITE]  ICOS_FR-CLt                               s2/l9 → s2_l9.npy  shape=(241, 196, 768)  size=72.6MB
  [WRITE]  ICOS_FR-CLt                               s1_asc/l3 → s1_asc_l3.npy  shape=(478, 196, 768)  size=143.9MB
  [WRITE]  ICOS_FR-CLt                               s1_asc/l6 → s1_asc_l6.npy  shape=(478, 196, 768)  size=143.9MB
  [WRITE]  ICOS_FR-CLt                               s1_asc/l9 → s1_asc_l9.npy  shape=(478, 196, 768)  size=143.9MB
  [WRITE]  ICOS_FR-CLt                               s1_desc/l3 → s1_desc_l3.npy  shape=(265, 196, 768)  size=79.8MB
  [WRITE]  ICOS_FR-CLt                               s1_desc/l6 → s1_desc_l6.npy  shape=(265, 196, 768)  size=79.8MB
  [WRITE]  ICOS_FR-CLt                               s1_desc/l9 → s1_desc_l9.npy  shape=(265, 196, 768)  size=79.8MB
  [WRITE]  ICOS_FR-Gri                               s2/l3 → s2_l3.npy  shape=(133, 196, 768)  size=40.0MB
  [WRITE]  ICOS_FR-Gri                               s2/l6 → s2_l6.npy  shape=(133, 196, 768)  size=40.0MB
  [WRITE]  ICOS_FR-Gri                               s2/l9 → s2_l9.npy  shape=(133, 196, 768)  size=40.0MB
  [WRITE]  ICOS_FR-Gri                               s1_asc/l3 → s1_asc_l3.npy  shape=(356, 196, 768)  size=107.2MB
  [WRITE]  ICOS_FR-Gri                               s1_asc/l6 → s1_asc_l6.npy  shape=(356, 196, 768)  size=107.2MB
  [WRITE]  ICOS_FR-Gri                               s1_asc/l9 → s1_asc_l9.npy  shape=(356, 196, 768)  size=107.2MB
  [WRITE]  ICOS_FR-Gri                               s1_desc/l3 → s1_desc_l3.npy  shape=(409, 196, 768)  size=123.1MB
  [WRITE]  ICOS_FR-Gri                               s1_desc/l6 → s1_desc_l6.npy  shape=(409, 196, 768)  size=123.1MB
  [WRITE]  ICOS_FR-Gri                               s1_desc/l9 → s1_desc_l9.npy  shape=(409, 196, 768)  size=123.1MB
  [WRITE]  ISMN_XMS-CAT_Llivia                       s2/l3 → s2_l3.npy  shape=(351, 196, 768)  size=105.7MB
  [WRITE]  ISMN_XMS-CAT_Llivia                       s2/l6 → s2_l6.npy  shape=(351, 196, 768)  size=105.7MB
  [WRITE]  ISMN_XMS-CAT_Llivia                       s2/l9 → s2_l9.npy  shape=(351, 196, 768)  size=105.7MB
  [WRITE]  ISMN_XMS-CAT_Llivia                       s1_asc/l3 → s1_asc_l3.npy  shape=(165, 196, 768)  size=49.7MB
  [WRITE]  ISMN_XMS-CAT_Llivia                       s1_asc/l6 → s1_asc_l6.npy  shape=(165, 196, 768)  size=49.7MB
  [WRITE]  ISMN_XMS-CAT_Llivia                       s1_asc/l9 → s1_asc_l9.npy  shape=(165, 196, 768)  size=49.7MB
  [WRITE]  ISMN_XMS-CAT_Llivia                       s1_desc/l3 → s1_desc_l3.npy  shape=(331, 196, 768)  size=99.6MB
  [WRITE]  ISMN_XMS-CAT_Llivia                       s1_desc/l6 → s1_desc_l6.npy  shape=(331, 196, 768)  size=99.6MB
  [WRITE]  ISMN_XMS-CAT_Llivia                       s1_desc/l9 → s1_desc_l9.npy  shape=(331, 196, 768)  size=99.6MB
  [WRITE]  ISMN_XMS-CAT_LosCoscolls                  s2/l3 → s2_l3.npy  shape=(336, 196, 768)  size=101.2MB
  [WRITE]  ISMN_XMS-CAT_LosCoscolls                  s2/l6 → s2_l6.npy  shape=(336, 196, 768)  size=101.2MB
  [WRITE]  ISMN_XMS-CAT_LosCoscolls                  s2/l9 → s2_l9.npy  shape=(336, 196, 768)  size=101.2MB
  [WRITE]  ISMN_XMS-CAT_LosCoscolls                  s1_asc/l3 → s1_asc_l3.npy  shape=(698, 196, 768)  size=210.1MB
  [WRITE]  ISMN_XMS-CAT_LosCoscolls                  s1_asc/l6 → s1_asc_l6.npy  shape=(698, 196, 768)  size=210.1MB
  [WRITE]  ISMN_XMS-CAT_LosCoscolls                  s1_asc/l9 → s1_asc_l9.npy  shape=(698, 196, 768)  size=210.1MB
  [WRITE]  ISMN_XMS-CAT_LosCoscolls                  s1_desc/l3 → s1_desc_l3.npy  shape=(377, 196, 768)  size=113.5MB
  [WRITE]  ISMN_XMS-CAT_LosCoscolls                  s1_desc/l6 → s1_desc_l6.npy  shape=(377, 196, 768)  size=113.5MB
  [WRITE]  ISMN_XMS-CAT_LosCoscolls                  s1_desc/l9 → s1_desc_l9.npy  shape=(377, 196, 768)  size=113.5MB
  [WRITE]  ISMN_XMS-CAT_Pessonada                    s2/l3 → s2_l3.npy  shape=(379, 196, 768)  size=114.1MB
  [WRITE]  ISMN_XMS-CAT_Pessonada                    s2/l6 → s2_l6.npy  shape=(379, 196, 768)  size=114.1MB
  [WRITE]  ISMN_XMS-CAT_Pessonada                    s2/l9 → s2_l9.npy  shape=(379, 196, 768)  size=114.1MB
  [WRITE]  ISMN_XMS-CAT_Pessonada                    s1_asc/l3 → s1_asc_l3.npy  shape=(766, 196, 768)  size=230.6MB
  [WRITE]  ISMN_XMS-CAT_Pessonada                    s1_asc/l6 → s1_asc_l6.npy  shape=(766, 196, 768)  size=230.6MB
  [WRITE]  ISMN_XMS-CAT_Pessonada                    s1_asc/l9 → s1_asc_l9.npy  shape=(766, 196, 768)  size=230.6MB
  [WRITE]  ISMN_XMS-CAT_Pessonada                    s1_desc/l3 → s1_desc_l3.npy  shape=(412, 196, 768)  size=124.0MB
  [WRITE]  ISMN_XMS-CAT_Pessonada                    s1_desc/l6 → s1_desc_l6.npy  shape=(412, 196, 768)  size=124.0MB
  [WRITE]  ISMN_XMS-CAT_Pessonada                    s1_desc/l9 → s1_desc_l9.npy  shape=(412, 196, 768)  size=124.0MB
  [WRITE]  ISMN_XMS-CAT_RiberadeSio                  s2/l3 → s2_l3.npy  shape=(239, 196, 768)  size=72.0MB
  [WRITE]  ISMN_XMS-CAT_RiberadeSio                  s2/l6 → s2_l6.npy  shape=(239, 196, 768)  size=72.0MB
  [WRITE]  ISMN_XMS-CAT_RiberadeSio                  s2/l9 → s2_l9.npy  shape=(239, 196, 768)  size=72.0MB
  [WRITE]  ISMN_XMS-CAT_RiberadeSio                  s1_asc/l3 → s1_asc_l3.npy  shape=(487, 196, 768)  size=146.6MB
  [WRITE]  ISMN_XMS-CAT_RiberadeSio                  s1_asc/l6 → s1_asc_l6.npy  shape=(487, 196, 768)  size=146.6MB
  [WRITE]  ISMN_XMS-CAT_RiberadeSio                  s1_asc/l9 → s1_asc_l9.npy  shape=(487, 196, 768)  size=146.6MB
  [WRITE]  ISMN_XMS-CAT_RiberadeSio                  s1_desc/l3 → s1_desc_l3.npy  shape=(242, 196, 768)  size=72.9MB
  [WRITE]  ISMN_XMS-CAT_RiberadeSio                  s1_desc/l6 → s1_desc_l6.npy  shape=(242, 196, 768)  size=72.9MB
  [WRITE]  ISMN_XMS-CAT_RiberadeSio                  s1_desc/l9 → s1_desc_l9.npy  shape=(242, 196, 768)  size=72.9MB
  [WRITE]  ICOS_IT-Tor                               s2/l3 → s2_l3.npy  shape=(269, 196, 768)  size=81.0MB
  [WRITE]  ICOS_IT-Tor                               s2/l6 → s2_l6.npy  shape=(269, 196, 768)  size=81.0MB
  [WRITE]  ICOS_IT-Tor                               s2/l9 → s2_l9.npy  shape=(269, 196, 768)  size=81.0MB
  [WRITE]  ICOS_IT-Tor                               s1_asc/l3 → s1_asc_l3.npy  shape=(158, 196, 768)  size=47.6MB
  [WRITE]  ICOS_IT-Tor                               s1_asc/l6 → s1_asc_l6.npy  shape=(158, 196, 768)  size=47.6MB
  [WRITE]  ICOS_IT-Tor                               s1_asc/l9 → s1_asc_l9.npy  shape=(158, 196, 768)  size=47.6MB
  [WRITE]  ICOS_IT-Tor                               s1_desc/l3 → s1_desc_l3.npy  shape=(323, 196, 768)  size=97.2MB
  [WRITE]  ICOS_IT-Tor                               s1_desc/l6 → s1_desc_l6.npy  shape=(323, 196, 768)  size=97.2MB
  [WRITE]  ICOS_IT-Tor                               s1_desc/l9 → s1_desc_l9.npy  shape=(323, 196, 768)  size=97.2MB
  [WRITE]  ICOS_IT-TrF                               s2/l3 → s2_l3.npy  shape=(412, 196, 768)  size=124.0MB
  [WRITE]  ICOS_IT-TrF                               s2/l6 → s2_l6.npy  shape=(412, 196, 768)  size=124.0MB
  [WRITE]  ICOS_IT-TrF                               s2/l9 → s2_l9.npy  shape=(412, 196, 768)  size=124.0MB
  [WRITE]  ICOS_IT-TrF                               s1_asc/l3 → s1_asc_l3.npy  shape=(367, 196, 768)  size=110.5MB
  [WRITE]  ICOS_IT-TrF                               s1_asc/l6 → s1_asc_l6.npy  shape=(367, 196, 768)  size=110.5MB
  [WRITE]  ICOS_IT-TrF                               s1_asc/l9 → s1_asc_l9.npy  shape=(367, 196, 768)  size=110.5MB
  [WRITE]  ICOS_IT-TrF                               s1_desc/l3 → s1_desc_l3.npy  shape=(752, 196, 768)  size=226.4MB
  [WRITE]  ICOS_IT-TrF                               s1_desc/l6 → s1_desc_l6.npy  shape=(752, 196, 768)  size=226.4MB
  [WRITE]  ICOS_IT-TrF                               s1_desc/l9 → s1_desc_l9.npy  shape=(752, 196, 768)  size=226.4MB
  [WRITE]  ICOS_SE-Deg                               s2/l3 → s2_l3.npy  shape=(244, 196, 768)  size=73.5MB
  [WRITE]  ICOS_SE-Deg                               s2/l6 → s2_l6.npy  shape=(244, 196, 768)  size=73.5MB
  [WRITE]  ICOS_SE-Deg                               s2/l9 → s2_l9.npy  shape=(244, 196, 768)  size=73.5MB
  [WRITE]  ICOS_SE-Deg                               s1_asc/l3 → s1_asc_l3.npy  shape=(903, 196, 768)  size=271.9MB
  [WRITE]  ICOS_SE-Deg                               s1_asc/l6 → s1_asc_l6.npy  shape=(903, 196, 768)  size=271.9MB
  [WRITE]  ICOS_SE-Deg                               s1_asc/l9 → s1_asc_l9.npy  shape=(903, 196, 768)  size=271.9MB
  [WRITE]  ICOS_SE-Deg                               s1_desc/l3 → s1_desc_l3.npy  shape=(602, 196, 768)  size=181.2MB
  [WRITE]  ICOS_SE-Deg                               s1_desc/l6 → s1_desc_l6.npy  shape=(602, 196, 768)  size=181.2MB
  [WRITE]  ICOS_SE-Deg                               s1_desc/l9 → s1_desc_l9.npy  shape=(602, 196, 768)  size=181.2MB
  [WRITE]  ICOS_SE-Htm                               s2/l3 → s2_l3.npy  shape=(172, 196, 768)  size=51.8MB
  [WRITE]  ICOS_SE-Htm                               s2/l6 → s2_l6.npy  shape=(172, 196, 768)  size=51.8MB
  [WRITE]  ICOS_SE-Htm                               s2/l9 → s2_l9.npy  shape=(172, 196, 768)  size=51.8MB
  [WRITE]  ICOS_SE-Htm                               s1_asc/l3 → s1_asc_l3.npy  shape=(764, 196, 768)  size=230.0MB
  [WRITE]  ICOS_SE-Htm                               s1_asc/l6 → s1_asc_l6.npy  shape=(764, 196, 768)  size=230.0MB
  [WRITE]  ICOS_SE-Htm                               s1_asc/l9 → s1_asc_l9.npy  shape=(764, 196, 768)  size=230.0MB
  [WRITE]  ICOS_SE-Htm                               s1_desc/l3 → s1_desc_l3.npy  shape=(626, 196, 768)  size=188.5MB
  [WRITE]  ICOS_SE-Htm                               s1_desc/l6 → s1_desc_l6.npy  shape=(626, 196, 768)  size=188.5MB
  [WRITE]  ICOS_SE-Htm                               s1_desc/l9 → s1_desc_l9.npy  shape=(626, 196, 768)  size=188.5MB

Done: 7818 written, 0 skipped, 0 errors
