Job ID : 23439114
Node   : tcn206
Output : /gpfs/work3/0/prjs1968/data/zarr/
Stations : 993
Execute  : True
Workers  : 64
Output   : /gpfs/work3/0/prjs1968/data/zarr
[   1/993] SKIP ISMN_AMMA-CATCH_Banizoumbou
[   2/993] OK   ISMN_AMMA-CATCH_Tondikiboro (200 MB)
[   3/993] OK   ISMN_COSMOS_KLEE (103 MB)
[   4/993] OK   ISMN_Berlin_PSA4Heerstrasse (166 MB)
[   5/993] OK   ISMN_ARM_Lamont-CF2 (339 MB)
[   6/993] OK   ISMN_Berlin_PSA18Pfaueninsel (624 MB)
[   7/993] OK   ISMN_COSMOS-UK_Waddesdon (604 MB)
[   8/993] OK   ISMN_COSMOS-UK_Redmere (644 MB)
[   9/993] OK   ISMN_COSMOS-UK_PortonDown (716 MB)
[  10/993] OK   ISMN_Berlin_PSA16krugwiesen (610 MB)
[  11/993] OK   ISMN_COSMOS-UK_Elmsett (942 MB)
[  12/993] OK   ISMN_COSMOS-UK_Cochno (815 MB)
[  13/993] OK   ISMN_COSMOS-UK_Balruddery (775 MB)
[  14/993] OK   ISMN_COSMOS-UK_Fivemiletown (869 MB)
[  15/993] OK   ISMN_COSMOS-UK_Heytesbury (831 MB)
[  16/993] OK   ISMN_COSMOS-UK_HollinHill (854 MB)
[  17/993] OK   ISMN_CW3E_FeatherRiverCollege (632 MB)
[  18/993] OK   ISMN_Berlin_PSA17suedpark (621 MB)
[  19/993] OK   ISMN_ARM_Anthony (634 MB)
[  20/993] OK   ISMN_Berlin_PflABerlin12Schi (612 MB)
[  21/993] OK   ISMN_COSMOS-UK_Rothamsted (886 MB)
[  22/993] OK   ISMN_COSMOS-UK_ChimneyMeadows (941 MB)
[  23/993] OK   ISMN_Berlin_PflABerlin13Marz (642 MB)
[  24/993] OK   ISMN_Berlin_PSA15bucherchaus (632 MB)
[  25/993] OK   ISMN_COSMOS-UK_BickleyHall (792 MB)
[  26/993] OK   ISMN_Berlin_PSA14wiltinger (633 MB)
[  27/993] OK   ISMN_Berlin_PflABerlin11Humb (644 MB)
[  28/993] OK   ISMN_ARM_Tryon (604 MB)
[  29/993] OK   ISMN_COSMOS-UK_HartwoodHome (872 MB)
[  30/993] OK   ISMN_ARM_Omega (737 MB)
[  31/993] OK   ISMN_COSMOS-UK_CwmGarw (813 MB)
[  32/993] OK   ISMN_COSMOS-UK_LullingtonHeath (942 MB)
[  33/993] OK   ISMN_COSMOS-UK_Euston (915 MB)
[  34/993] OK   ISMN_COSMOS-UK_HolmeLacy (965 MB)
[  35/993] OK   ISMN_FLUXNET-AMERIFLUX_BouldinIslandAlfalfa (444 MB)
[  36/993] OK   ISMN_Berlin_PSA1BerlinerStr (706 MB)
[  37/993] OK   ISMN_COSMOS-UK_Loddington (891 MB)
[  38/993] OK   ISMN_ARM_Byron (835 MB)
[  39/993] OK   ISMN_LAB-net_OromoCalibrationSite (68 MB)
[  40/993] OK   ISMN_ARM_Ashton (584 MB)
[  41/993] OK   ISMN_ARM_Lamont-CF1 (768 MB)
[  42/993] OK   ISMN_ARM_MapleCity (522 MB)
[  43/993] OK   ISMN_CW3E_BoyesCreekCanyon (490 MB)
[  44/993] OK   ISMN_COSMOS-UK_MoretonMorrell (1039 MB)
[  45/993] OK   ISMN_Berlin_PSA7Ruebezahl (908 MB)
[  46/993] OK   ISMN_FMI_SOD012 (481 MB)
[  47/993] OK   ISMN_COSMOS-UK_SpenFarm (1137 MB)
[  48/993] OK   ISMN_COSMOS-UK_Stoughton (1427 MB)
[  49/993] OK   ISMN_Berlin_PSA2Tiergarten (1130 MB)
[  50/993] OK   ISMN_NGARI_ALI02 (131 MB)
[  51/993] OK   ISMN_NGARI_ALI01 (178 MB)
[  52/993] OK   ISMN_CW3E_SkylineHarvest (779 MB)
[  53/993] OK   ISMN_COSMOS-UK_Sheepdrove (1365 MB)
[  54/993] OK   ISMN_NAQU_NQNorth (163 MB)
[  55/993] OK   ISMN_Berlin_DWDBerlin-Spaeth (860 MB)
[  56/993] OK   ISMN_ARM_Ringwood (931 MB)
[  57/993] OK   ISMN_Berlin_PSA6Plaenterwald (1105 MB)
[  58/993] OK   ISMN_NGARI_SQ19 (212 MB)
[  59/993] OK   ISMN_NGARI_ALI03 (176 MB)
[  60/993] OK   ISMN_COSMOS-UK_Redhill (1570 MB)
[  61/993] OK   ISMN_FMI_SOD071 (558 MB)
[  62/993] OK   ISMN_COSMOS-UK_Writtle (1509 MB)
[  63/993] OK   ISMN_Berlin_DWDBerlinTempel (698 MB)
[  64/993] OK   ISMN_COSMOS-UK_BunnyPark (1737 MB)
[  65/993] OK   ISMN_FMI_SAA112 (850 MB)
[  66/993] OK   ISMN_NGARI_SQ20 (198 MB)
[  67/993] OK   ISMN_FLUXNET-AMERIFLUX_VairaRanch (367 MB)
[  68/993] OK   ISMN_HOBE_2.11 (709 MB)
[  69/993] OK   ISMN_COSMOS-UK_Morley (1685 MB)
[  70/993] OK   ISMN_FLUXNET-AMERIFLUX_TonziRanch (359 MB)
[  71/993] OK   ISMN_NAQU_NQMS (176 MB)
[  72/993] OK   ISMN_ARM_Waukomis (906 MB)
[  73/993] OK   ISMN_COSMOS-UK_Fincham (1510 MB)
[  74/993] OK   ISMN_FR_Aqui_fraye (662 MB)
[  75/993] OK   ISMN_FMI_SOD072 (1027 MB)
[  76/993] OK   ISMN_NAQU_NQKema (169 MB)
[  77/993] OK   ISMN_FMI_SOD013 (1159 MB)
[  78/993] OK   ISMN_REMEDHUS_Guarrati (416 MB)
[  79/993] OK   ISMN_NGARI_SQ21 (212 MB)
[  80/993] OK   ISMN_ARM_Newkirk (753 MB)
[  81/993] OK   ISMN_HOBE_3.06 (754 MB)
[  82/993] OK   ISMN_FMI_SOD130 (985 MB)
[  83/993] OK   ISMN_ARM_Marshall (604 MB)
[  84/993] OK   ISMN_FMI_SAA120 (1152 MB)
[  85/993] OK   ISMN_ARM_Tyro (925 MB)
[  86/993] OK   ISMN_LABFLUX_Bussolenobosco (689 MB)
[  87/993] OK   ISMN_FR_Aqui_hillan2 (789 MB)
[  88/993] OK   ISMN_REMEDHUS_Canizal (495 MB)
[  89/993] OK   ISMN_HOBE_2.01 (741 MB)
[  90/993] OK   ISMN_FMI_SOD073 (1026 MB)
[  91/993] OK   ISMN_REMEDHUS_ElTomillar (451 MB)
[  92/993] OK   ISMN_ARM_Pawhuska (1016 MB)
[  93/993] OK   ISMN_COSMOS-UK_AliceHolt (1670 MB)
[  94/993] OK   ISMN_MOL-RAO_Falkenberg (925 MB)
[  95/993] OK   ISMN_FMI_SOD102 (1408 MB)
[  96/993] OK   ISMN_CW3E_BrownsValleySchool (999 MB)
[  97/993] OK   ISMN_CW3E_NorthCowMountain (1406 MB)
[  98/993] OK   ISMN_HOBE_1.07 (750 MB)
[  99/993] OK   ISMN_CW3E_PotterValleyNorth (771 MB)
[ 100/993] OK   ISMN_CW3E_YucaipaValley (539 MB)
[ 101/993] OK   ISMN_REMEDHUS_ConcejodelMonte (611 MB)
[ 102/993] OK   ISMN_REMEDHUS_LaCruzdeElias (1012 MB)
[ 103/993] OK   ISMN_FMI_SOD140 (1042 MB)
[ 104/993] OK   ISMN_REMEDHUS_Zamarron (765 MB)
[ 105/993] OK   ISMN_ARM_Morrison (775 MB)
[ 106/993] OK   ISMN_LABFLUX_Nivolet (893 MB)
[ 107/993] OK   ISMN_FMI_SOD011 (1686 MB)
[ 108/993] OK   ISMN_SCAN_BraggFarm (181 MB)
[ 109/993] OK   ISMN_ARM_Medford (1135 MB)
[ 110/993] OK   ISMN_SCAN_CarverFarm (199 MB)
[ 111/993] OK   ISMN_REMEDHUS_Carretoro (1049 MB)
[ 112/993] OK   ISMN_FR_Aqui_parcmeteo (996 MB)
[ 113/993] OK   ISMN_REMEDHUS_LasBrozas (1112 MB)
[ 114/993] OK   ISMN_REMEDHUS_LasVacas (786 MB)
[ 115/993] OK   ISMN_FMI_SOD083 (1106 MB)
[ 116/993] OK   ISMN_FMI_SOD103 (1408 MB)
[ 117/993] OK   ISMN_FMI_SOD081 (1689 MB)
[ 118/993] OK   ISMN_CW3E_Deerwood (1054 MB)
[ 119/993] OK   ISMN_SCAN_Alcalde (243 MB)
[ 120/993] OK   ISMN_FMI_SOD101 (1408 MB)
[ 121/993] OK   ISMN_SCAN_AllenFarms (315 MB)
[ 122/993] OK   ISMN_RSMN_SatuMare (975 MB)
[ 123/993] OK   ISMN_ROMPS_Maidanak (1010 MB)
[ 124/993] OK   ISMN_REMEDHUS_Paredinas (966 MB)
[ 125/993] OK   ISMN_REMEDHUS_LasEritas (1222 MB)
[ 126/993] OK   ISMN_ROMPS_AbramovGlacier (1035 MB)
[ 127/993] OK   ISMN_REMEDHUS_LasArenas (838 MB)
[ 128/993] OK   ISMN_REMEDHUS_LlanosdelaBoveda (1092 MB)
[ 129/993] OK   ISMN_RSMN_Alexandria (905 MB)
[ 130/993] OK   ISMN_RSMN_SannicolauMare (916 MB)
[ 131/993] OK   ISMN_SCAN_EvergladesARS (199 MB)
[ 132/993] OK   ISMN_RSMN_Slatina (534 MB)
[ 133/993] OK   ISMN_RSMN_Banloc (1306 MB)
[ 134/993] OK   ISMN_SCAN_Abrams (503 MB)
[ 135/993] OK   ISMN_REMEDHUS_Granja-g (1428 MB)
[ 136/993] OK   ISMN_REMEDHUS_CasaPeriles (1700 MB)
[ 137/993] OK   ISMN_SCAN_Geneva#1 (256 MB)
[ 138/993] OK   ISMN_REMEDHUS_LasVictorias (1694 MB)
[ 139/993] OK   ISMN_SCAN_Dexter (377 MB)
[ 140/993] OK   ISMN_SCAN_EagleLake (421 MB)
[ 141/993] OK   ISMN_SCAN_Fortuna (193 MB)
[ 142/993] OK   ISMN_ROMPS_GolubinGlacier (1112 MB)
[ 143/993] OK   ISMN_RSMN_RosioriideVede (976 MB)
[ 144/993] OK   ISMN_SCAN_CentraliaLake (341 MB)
[ 145/993] OK   ISMN_FMI_SAA111 (1680 MB)
[ 146/993] OK   ISMN_SCAN_Combate (474 MB)
[ 147/993] OK   ISMN_REMEDHUS_LasTresRayas (1529 MB)
[ 148/993] OK   ISMN_RSMN_Oradea (972 MB)
[ 149/993] OK   ISMN_SCAN_Circleville (604 MB)
[ 150/993] OK   ISMN_RSMN_Dumbraveni (1018 MB)
[ 151/993] OK   ISMN_SCAN_KnoxCity (132 MB)
[ 152/993] OK   ISMN_SCAN_Eastland (680 MB)
[ 153/993] OK   ISMN_ROMPS_Baytik (925 MB)
[ 154/993] OK   ISMN_SCAN_Bushland#1 (704 MB)
[ 155/993] OK   ISMN_SCAN_AAMU-JTG (591 MB)
[ 156/993] OK   ISMN_SCAN_AdamsRanch#1 (1031 MB)
[ 157/993] OK   ISMN_SCAN_FortAssiniboine#1 (425 MB)
[ 158/993] OK   ISMN_SCAN_GlacialRidge (329 MB)
[ 159/993] OK   ISMN_COSMOS-UK_Cardington (1242 MB)
[ 160/993] OK   ISMN_RSMN_Iasi (986 MB)
[ 161/993] OK   ISMN_SCAN_Lehman (358 MB)
[ 162/993] OK   ISMN_SCAN_ConradAgRc (640 MB)
[ 163/993] OK   ISMN_SCAN_AshValley (495 MB)
[ 164/993] ERR  ISMN_SCAN_IsbellFarms: [Errno 122] Disk quota exceeded: '/gpfs/work3/0/prjs1968/data/zarr/sm_only/ISMN_SCAN_IsbellFarms/s1_asc/l12/260.0.0.1b2466163c4e4771ae446e56371c60a6.partial'
[ 165/993] ERR  ISMN_SCAN_Levelland: [Errno 122] Disk quota exceeded: '/gpfs/work3/0/prjs1968/data/zarr/sm_only/ISMN_SCAN_Levelland/s1_asc/dates/.zarray.47edcdc54c5f4d2f85cce4f84a08ccf5.partial'
[ 166/993] ERR  ISMN_SCAN_FortReno#1: 's1_asc/dates/.zarray'
[ 167/993] ERR  ISMN_SCAN_JornadaExpRange: 's2/l3/.zarray'
[ 168/993] ERR  ISMN_ROMPS_Maydantal: [Errno 122] Disk quota exceeded: '/gpfs/work3/0/prjs1968/data/zarr/sm_only/ISMN_ROMPS_Maydantal/s1_asc/l3/400.0.0.6667daa261e2405fbac327440b418469.partial'
[ 169/993] ERR  ISMN_SCAN_LyeBrook: 's2/.zgroup'
[ 170/993] ERR  ISMN_SCAN_Ames: 's1_asc/dates/.zarray'
[ 171/993] ERR  ISMN_SCAN_MaricaoForest: [Errno 122] Disk quota exceeded: '/gpfs/work3/0/prjs1968/data/zarr/sm_only/ISMN_SCAN_MaricaoForest'
[ 172/993] ERR  ISMN_SCAN_KoptisFarms: 's2/l3/.zarray'
[ 173/993] ERR  ISMN_SCAN_CrescentLake#1: [Errno 122] Disk quota exceeded: '/gpfs/work3/0/prjs1968/data/zarr/sm_only/ISMN_SCAN_CrescentLake#1/s1_asc/l6/177.0.0.e1c4011b20c9442fae1e82430a61f2d0.partial'
[ 174/993] ERR  ISMN_SCAN_Ephraim: 's1_asc/dates/.zarray'
[ 175/993] ERR  ISMN_SCAN_FrenchGulch: [Errno 122] Disk quota exceeded: '/gpfs/work3/0/prjs1968/data/zarr/sm_only/ISMN_SCAN_FrenchGulch/s2/l3/217.0.0.0e0f1a820a984dadb38757463fd4596f.partial'
[ 176/993] ERR  ISMN_SCAN_ElsberryPMC: [Errno 122] Disk quota exceeded: '/gpfs/work3/0/prjs1968/data/zarr/sm_only/ISMN_SCAN_ElsberryPMC/s1_asc/l9/383.0.0.f73937cf3a3e42988dc8896154b7ad51.partial'
[ 177/993] ERR  ISMN_SCAN_Cullman-NAHRC: 'sif/date_ints/.zarray'
[ 178/993] ERR  ISMN_SCAN_LosLunasPMC: [Errno 122] Disk quota exceeded: '/gpfs/work3/0/prjs1968/data/zarr/sm_only/ISMN_SCAN_LosLunasPMC/s2/l9/93.0.0.d6734286bc824fe4b8ff6d6c451d6df6.partial'
[ 179/993] ERR  ISMN_REMEDHUS_ElCoto: [Errno 122] Disk quota exceeded: '/gpfs/work3/0/prjs1968/data/zarr/sm_only/ISMN_REMEDHUS_ElCoto/s1_asc/l6/159.0.0.d3136731069343f6b28a3a23bb524f2e.partial'
[ 180/993] ERR  ISMN_ROMPS_Kokomeren: [Errno 122] Disk quota exceeded: '/gpfs/work3/0/prjs1968/data/zarr/sm_only/ISMN_ROMPS_Kokomeren/s1_desc/dates/.zarray.a144be3b58554dde9192394cca396a93.partial'
[ 181/993] ERR  ISMN_SCAN_CacheJunction: [Errno 122] Disk quota exceeded: '/gpfs/work3/0/prjs1968/data/zarr/sm_only/ISMN_SCAN_CacheJunction/s1_desc/l12/209.0.0.594ed3536f324e30b7b78158b7e8c2ca.partial'
[ 182/993] ERR  ISMN_RSMN_Tecuci: [Errno 122] Disk quota exceeded: '/gpfs/work3/0/prjs1968/data/zarr/sm_only/ISMN_RSMN_Tecuci/s1_desc/l12/634.0.0.d7640204b5e14aac9409817ecd0a659f.partial'
[ 183/993] ERR  ISMN_SCAN_HubbardBrook: 's1_asc/.zgroup'
[ 184/993] ERR  ISMN_SCAN_ErosDataCenter: 'cm/.zgroup'
[ 185/993] ERR  ISMN_SCAN_ChickenRidge: 's1_asc/l9/.zarray'
[ 186/993] ERR  ISMN_RSMN_Cotnari: [Errno 122] Disk quota exceeded: '/gpfs/work3/0/prjs1968/data/zarr/sm_only/ISMN_RSMN_Cotnari/s1_desc/l3/115.0.0.02f253163add48318eb05efaeeab6c5d.partial'
[ 187/993] ERR  ISMN_SCAN_MarbleCreek: 's2/.zgroup'
[ 188/993] ERR  ISMN_SCAN_MammothCave: [Errno 122] Disk quota exceeded: '/gpfs/work3/0/prjs1968/data/zarr/sm_only/ISMN_SCAN_MammothCave/s2/l6/49.0.0.d98f8d966ee84098abaa0083f6155705.partial'
[ 189/993] ERR  ISMN_SCAN_BuffaloJump: [Errno 122] Disk quota exceeded: '/gpfs/work3/0/prjs1968/data/zarr/sm_only/ISMN_SCAN_BuffaloJump/s1_asc/l6/106.0.0.2a92326e2aaf40e49589049aed18a95a.partial'
[ 190/993] ERR  ISMN_SCAN_BlueCreek: [Errno 122] Disk quota exceeded: '/gpfs/work3/0/prjs1968/data/zarr/sm_only/ISMN_SCAN_BlueCreek/s1_desc/l9/14.0.0.f18f027efc7640d1980e2baba48c89ee.partial'
[ 191/993] ERR  ISMN_SCAN_Holden: [Errno 122] Disk quota exceeded: '/gpfs/work3/0/prjs1968/data/zarr/sm_only/ISMN_SCAN_Holden/s2/l6/138.0.0.645c0e09d09f462496e0ce32980762d1.partial'
[ 192/993] ERR  ISMN_SCAN_LovellSummit: [Errno 122] Disk quota exceeded: '/gpfs/work3/0/prjs1968/data/zarr/sm_only/ISMN_SCAN_LovellSummit/s2/l9/47.0.0.81ea963bf56d41f29263fed341ebbcf0.partial'
[ 193/993] ERR  ISMN_SCAN_DoeRidge: [Errno 122] Disk quota exceeded: '/gpfs/work3/0/prjs1968/data/zarr/sm_only/ISMN_SCAN_DoeRidge/s2/l6/405.0.0.15bd5dcc9e0f4e4d895a4742acf310fd.partial'
[ 194/993] ERR  ISMN_RSMN_Darabani: [Errno 122] Disk quota exceeded: '/gpfs/work3/0/prjs1968/data/zarr/sm_only/ISMN_RSMN_Darabani/s1_desc/l6/461.0.0.ffd2f2585f4f4a56884a901df38f1ed8.partial'
[ 195/993] ERR  ISMN_SCAN_AlkaliMesa: 's1_desc/l9/.zarray'
[ 196/993] ERR  ISMN_SCAN_HalsCanyon: 's1_desc/l9/.zarray'
[ 197/993] ERR  ISMN_SCAN_LTSP: [Errno 122] Disk quota exceeded: '/gpfs/work3/0/prjs1968/data/zarr/sm_only/ISMN_SCAN_LTSP/s2/l3/87.0.0.248a7cbe957b4cd3ab3199cd0adad492.partial'
[ 198/993] ERR  ISMN_SCAN_GoodwinCkTimber: [Errno 122] Disk quota exceeded: '/gpfs/work3/0/prjs1968/data/zarr/sm_only/ISMN_SCAN_GoodwinCkTimber/s2/l6/207.0.0.3547be3900e648a4895d2587bea2185c.partial'
[ 199/993] ERR  ISMN_SCAN_Buckhorn: [Errno 122] Disk quota exceeded: '/gpfs/work3/0/prjs1968/data/zarr/sm_only/ISMN_SCAN_Buckhorn/s1_asc/l6/316.0.0.8b43f8483fea4b7c834a63d2d6a72766.partial'
[ 200/993] ERR  ISMN_RSMN_Bacles: [Errno 122] Disk quota exceeded: '/gpfs/work3/0/prjs1968/data/zarr/sm_only/ISMN_RSMN_Bacles/s1_desc/l12/192.0.0.6f4109ee80ba41248bdeafd7351ec677.partial'
[ 201/993] ERR  ISMN_SCAN_EastviewFarm: 's1_asc/dates/.zarray'
[ 202/993] ERR  ISMN_RSMN_Calarasi: [Errno 122] Disk quota exceeded: '/gpfs/work3/0/prjs1968/data/zarr/sm_only/ISMN_RSMN_Calarasi/s1_asc/l12/401.0.0.5902e285012d4a30835083bf76e4add1.partial'
[ 203/993] ERR  ISMN_SCAN_CaveValley: [Errno 122] Disk quota exceeded: '/gpfs/work3/0/prjs1968/data/zarr/sm_only/ISMN_SCAN_CaveValley/s2/l3/90.0.0.edb03ac4a82c4e388484f88180179464.partial'
[ 204/993] ERR  ISMN_SCAN_BodieHills: [Errno 122] Disk quota exceeded: '/gpfs/work3/0/prjs1968/data/zarr/sm_only/ISMN_SCAN_BodieHills/s1_asc/l3/262.0.0.28bf27f1a5fb464e9f50302cc55bb2af.partial'
[ 205/993] ERR  ISMN_SCAN_HarmsWay: [Errno 122] Disk quota exceeded: '/gpfs/work3/0/prjs1968/data/zarr/sm_only/ISMN_SCAN_HarmsWay/s2/l3/8.0.0.9b9691a3797244858c5c4987fba5117a.partial'
[ 206/993] ERR  ISMN_SCAN_LittleRiver: [Errno 122] Disk quota exceeded: '/gpfs/work3/0/prjs1968/data/zarr/sm_only/ISMN_SCAN_LittleRiver/s2/l6/11.0.0.50d113c161854f478b5846ddac84d84d.partial'
[ 207/993] ERR  ISMN_SCAN_DeepSprings: [Errno 122] Disk quota exceeded: '/gpfs/work3/0/prjs1968/data/zarr/sm_only/ISMN_SCAN_DeepSprings/s2/l3/601.0.0.6720061759f64687adc9a0dd5f862733.partial'
[ 208/993] ERR  ISMN_SCAN_MahantangoCk: 's2/l9/.zarray'
[ 209/993] ERR  ISMN_SCAN_Lind#1: [Errno 122] Disk quota exceeded: '/gpfs/work3/0/prjs1968/data/zarr/sm_only/ISMN_SCAN_Lind#1/s2/l6/138.0.0.3bf989ae800f428ca7f0fae7f98f37bf.partial'
[ 210/993] ERR  ISMN_SCAN_GrouseCreek: [Errno 122] Disk quota exceeded: '/gpfs/work3/0/prjs1968/data/zarr/sm_only/ISMN_SCAN_GrouseCreek/s2/l6/162.0.0.17e5adf6e2614db6b35eff91f034a604.partial'
[ 211/993] ERR  ISMN_SCAN_Manderfield: 's2/.zgroup'
[ 212/993] ERR  ISMN_SCAN_JohnsonFarm: [Errno 122] Disk quota exceeded: '/gpfs/work3/0/prjs1968/data/zarr/sm_only/ISMN_SCAN_JohnsonFarm/s2/l6/448.0.0.186c1c1099514140bc23dd072f4ca87c.partial'
[ 213/993] ERR  ISMN_SCAN_GreenRiver: 's2/l6/.zarray'
[ 214/993] ERR  ISMN_SCAN_LovelockNNR: [Errno 122] Disk quota exceeded: '/gpfs/work3/0/prjs1968/data/zarr/sm_only/ISMN_SCAN_LovelockNNR/s2/l6/37.0.0.a768989f04ef44d68bb9b0a492f29960.partial'
[ 215/993] ERR  ISMN_SCAN_Crossroads: [Errno 122] Disk quota exceeded: '/gpfs/work3/0/prjs1968/data/zarr/sm_only/ISMN_SCAN_Crossroads/s2/l3/393.0.0.361490e03a2046489e3cfa01cfd29a4e.partial'
[ 216/993] ERR  ISMN_SCAN_Jordan: [Errno 122] Disk quota exceeded: '/gpfs/work3/0/prjs1968/data/zarr/sm_only/ISMN_SCAN_Jordan/s2/l6/117.0.0.50338f118b0e4164bd425249298e61ab.partial'
[ 217/993] ERR  ISMN_SCAN_JournaganRanch: 's1_asc/l9/.zarray'
[ 218/993] ERR  ISMN_SCAN_Mandan#1: 's2/.zgroup'
[ 219/993] ERR  ISMN_SCAN_Goshute: [Errno 122] Disk quota exceeded: '/gpfs/work3/0/prjs1968/data/zarr/sm_only/ISMN_SCAN_Goshute/s2/l3/39.0.0.59c3d77d19e648eb8f03811efad8e0b3.partial'
[ 220/993] ERR  ISMN_SCAN_Charkiln: [Errno 122] Disk quota exceeded: '/gpfs/work3/0/prjs1968/data/zarr/sm_only/ISMN_SCAN_Charkiln/s2/l3/121.0.0.3791e7ea3d094a11a25eb5a07303e3e7.partial'
[ 221/993] ERR  ISMN_SCAN_Grantsville: [Errno 122] Disk quota exceeded: '/gpfs/work3/0/prjs1968/data/zarr/sm_only/ISMN_SCAN_Grantsville/s2/l3/139.0.0.43acc44e92124521b2004b5142f2177c.partial'
[ 222/993] ERR  ISMN_SCAN_Hodges: [Errno 122] Disk quota exceeded: '/gpfs/work3/0/prjs1968/data/zarr/sm_only/ISMN_SCAN_Hodges/s2/l6/223.0.0.f8e64b35d1484bc09da47f92b4908931.partial'
[ 223/993] ERR  ISMN_SCAN_CPER: [Errno 122] Disk quota exceeded: '/gpfs/work3/0/prjs1968/data/zarr/sm_only/ISMN_SCAN_CPER/s2/l3/55.0.0.a88cce6719e5457c92f1f5f4ab05f3e8.partial'
[ 224/993] ERR  ISMN_SCAN_Enterprise: [Errno 122] Disk quota exceeded: '/gpfs/work3/0/prjs1968/data/zarr/sm_only/ISMN_SCAN_Enterprise/s1_desc/l6/411.0.0.4abf575afaec484497446df6f3f543f7.partial'
[ 225/993] ERR  ISMN_HOBE_1.05: [Errno 122] Disk quota exceeded: '/gpfs/work3/0/prjs1968/data/zarr/sm_only/ISMN_HOBE_1.05/s1_desc/l3/106.0.0.0b40353c20af487cb6b9c5d38649af94.partial'
[ 226/993] ERR  ISMN_SCAN_LittleRedFox: [Errno 122] Disk quota exceeded: '/gpfs/work3/0/prjs1968/data/zarr/sm_only/ISMN_SCAN_LittleRedFox/s2/l9/159.0.0.58007edf3d8841299cfda48e1e9ce496.partial'
[ 227/993] ERR  ISMN_RSMN_Barlad: [Errno 122] Disk quota exceeded: '/gpfs/work3/0/prjs1968/data/zarr/sm_only/ISMN_RSMN_Barlad/s1_desc/l3/182.0.0.229ce74f83c746ceab811bbc34bf7dcd.partial'
[ 228/993] ERR  ISMN_SCAN_KyleCanyon: [Errno 122] Disk quota exceeded: '/gpfs/work3/0/prjs1968/data/zarr/sm_only/ISMN_SCAN_KyleCanyon/s2/l6/55.0.0.1f260ed5bbb448909d7150a5b53e0bbc.partial'
[ 229/993] ERR  ISMN_SCAN_Mason#1: [Errno 122] Disk quota exceeded: '/gpfs/work3/0/prjs1968/data/zarr/sm_only/ISMN_SCAN_Mason#1'
[ 230/993] ERR  ISMN_SCAN_Mayday: [Errno 122] Disk quota exceeded: '/gpfs/work3/0/prjs1968/data/zarr/sm_only/ISMN_SCAN_Mayday'
[ 231/993] ERR  ISMN_SCAN_Milford: [Errno 122] Disk quota exceeded: '/gpfs/work3/0/prjs1968/data/zarr/sm_only/ISMN_SCAN_Milford'
[ 232/993] ERR  ISMN_SCAN_TableMountain: [Errno 122] Disk quota exceeded: '/gpfs/work3/0/prjs1968/data/zarr/sm_only/ISMN_SCAN_TableMountain'
[ 233/993] ERR  ISMN_SCAN_MccrackenMesa: [Errno 122] Disk quota exceeded: '/gpfs/work3/0/prjs1968/data/zarr/sm_only/ISMN_SCAN_MccrackenMesa'
[ 234/993] ERR  ISMN_SCAN_McAllisterFarm: [Errno 122] Disk quota exceeded: '/gpfs/work3/0/prjs1968/data/zarr/sm_only/ISMN_SCAN_McAllisterFarm'
[ 235/993] ERR  ISMN_SCAN_Moccasin: [Errno 122] Disk quota exceeded: '/gpfs/work3/0/prjs1968/data/zarr/sm_only/ISMN_SCAN_Moccasin'
[ 236/993] ERR  ISMN_SCAN_MtVernon: [Errno 122] Disk quota exceeded: '/gpfs/work3/0/prjs1968/data/zarr/sm_only/ISMN_SCAN_MtVernon'
[ 237/993] ERR  ISMN_SCAN_MorrisFarms: [Errno 122] Disk quota exceeded: '/gpfs/work3/0/prjs1968/data/zarr/sm_only/ISMN_SCAN_MorrisFarms'
[ 238/993] ERR  ISMN_SCAN_UapbPointRemove: [Errno 122] Disk quota exceeded: '/gpfs/work3/0/prjs1968/data/zarr/sm_only/ISMN_SCAN_UapbPointRemove'
[ 239/993] ERR  ISMN_SCAN_PineNut: [Errno 122] Disk quota exceeded: '/gpfs/work3/0/prjs1968/data/zarr/sm_only/ISMN_SCAN_PineNut'
[ 240/993] ERR  ISMN_SCAN_StanleyFarm: [Errno 122] Disk quota exceeded: '/gpfs/work3/0/prjs1968/data/zarr/sm_only/ISMN_SCAN_StanleyFarm'
[ 241/993] ERR  ISMN_SCAN_PrairieView#1: [Errno 122] Disk quota exceeded: '/gpfs/work3/0/prjs1968/data/zarr/sm_only/ISMN_SCAN_PrairieView#1'
[ 242/993] ERR  ISMN_SCAN_PerdidoRivFarms: [Errno 122] Disk quota exceeded: '/gpfs/work3/0/prjs1968/data/zarr/sm_only/ISMN_SCAN_PerdidoRivFarms'
[ 243/993] ERR  ISMN_SCAN_ParkValley: [Errno 122] Disk quota exceeded: '/gpfs/work3/0/prjs1968/data/zarr/sm_only/ISMN_SCAN_ParkValley'
[ 244/993] ERR  ISMN_SCAN_ReeseCenter: [Errno 122] Disk quota exceeded: '/gpfs/work3/0/prjs1968/data/zarr/sm_only/ISMN_SCAN_ReeseCenter'
[ 245/993] ERR  ISMN_SCAN_SudduthFarms: [Errno 122] Disk quota exceeded: '/gpfs/work3/0/prjs1968/data/zarr/sm_only/ISMN_SCAN_SudduthFarms'
[ 246/993] ERR  ISMN_SCAN_MonoclineRidge: [Errno 122] Disk quota exceeded: '/gpfs/work3/0/prjs1968/data/zarr/sm_only/ISMN_SCAN_MonoclineRidge'
[ 247/993] ERR  ISMN_SCAN_Onward: [Errno 122] Disk quota exceeded: '/gpfs/work3/0/prjs1968/data/zarr/sm_only/ISMN_SCAN_Onward'
[ 248/993] ERR  ISMN_SCAN_OrchardRangeSite: [Errno 122] Disk quota exceeded: '/gpfs/work3/0/prjs1968/data/zarr/sm_only/ISMN_SCAN_OrchardRangeSite'
[ 249/993] ERR  ISMN_SCAN_SilverCity: [Errno 122] Disk quota exceeded: '/gpfs/work3/0/prjs1968/data/zarr/sm_only/ISMN_SCAN_SilverCity'
[ 250/993] ERR  ISMN_SCAN_Stubblefield: [Errno 122] Disk quota exceeded: '/gpfs/work3/0/prjs1968/data/zarr/sm_only/ISMN_SCAN_Stubblefield'
[ 251/993] ERR  ISMN_SCAN_Princeton#1: [Errno 122] Disk quota exceeded: '/gpfs/work3/0/prjs1968/data/zarr/sm_only/ISMN_SCAN_Princeton#1'
[ 252/993] ERR  ISMN_SCAN_Nephi: [Errno 122] Disk quota exceeded: '/gpfs/work3/0/prjs1968/data/zarr/sm_only/ISMN_SCAN_Nephi'
[ 253/993] ERR  ISMN_SCAN_Torrington#1: [Errno 122] Disk quota exceeded: '/gpfs/work3/0/prjs1968/data/zarr/sm_only/ISMN_SCAN_Torrington#1'
[ 254/993] ERR  ISMN_SCAN_RiverRoadFarms: [Errno 122] Disk quota exceeded: '/gpfs/work3/0/prjs1968/data/zarr/sm_only/ISMN_SCAN_RiverRoadFarms'
[ 255/993] ERR  ISMN_SCAN_Scott: [Errno 122] Disk quota exceeded: '/gpfs/work3/0/prjs1968/data/zarr/sm_only/ISMN_SCAN_Scott'
[ 256/993] ERR  ISMN_SCAN_PowderMill: [Errno 122] Disk quota exceeded: '/gpfs/work3/0/prjs1968/data/zarr/sm_only/ISMN_SCAN_PowderMill'
[ 257/993] ERR  ISMN_SCAN_Stephenville: [Errno 122] Disk quota exceeded: '/gpfs/work3/0/prjs1968/data/zarr/sm_only/ISMN_SCAN_Stephenville'
[ 258/993] ERR  ISMN_SCAN_PeeDee: [Errno 122] Disk quota exceeded: '/gpfs/work3/0/prjs1968/data/zarr/sm_only/ISMN_SCAN_PeeDee'
[ 259/993] ERR  ISMN_SCAN_Spickard: [Errno 122] Disk quota exceeded: '/gpfs/work3/0/prjs1968/data/zarr/sm_only/ISMN_SCAN_Spickard'
[ 260/993] ERR  ISMN_SCAN_NPiedmontArec: [Errno 122] Disk quota exceeded: '/gpfs/work3/0/prjs1968/data/zarr/sm_only/ISMN_SCAN_NPiedmontArec'
[ 261/993] ERR  ISMN_SCAN_SunleafNursery: [Errno 122] Disk quota exceeded: '/gpfs/work3/0/prjs1968/data/zarr/sm_only/ISMN_SCAN_SunleafNursery'
[ 262/993] ERR  ISMN_SCAN_Starkville: [Errno 122] Disk quota exceeded: '/gpfs/work3/0/prjs1968/data/zarr/sm_only/ISMN_SCAN_Starkville'
[ 263/993] ERR  ISMN_SCAN_Morgan: [Errno 122] Disk quota exceeded: '/gpfs/work3/0/prjs1968/data/zarr/sm_only/ISMN_SCAN_Morgan'
[ 264/993] ERR  ISMN_SCAN_SellersLake#1: [Errno 122] Disk quota exceeded: '/gpfs/work3/0/prjs1968/data/zarr/sm_only/ISMN_SCAN_SellersLake#1'
[ 265/993] ERR  ISMN_SCAN_Sevilleta: [Errno 122] Disk quota exceeded: '/gpfs/work3/0/prjs1968/data/zarr/sm_only/ISMN_SCAN_Sevilleta'
[ 266/993] ERR  ISMN_SCAN_ReynoldsHomestead: [Errno 122] Disk quota exceeded: '/gpfs/work3/0/prjs1968/data/zarr/sm_only/ISMN_SCAN_ReynoldsHomestead'
[ 267/993] ERR  ISMN_SCAN_SanAngelo: [Errno 122] Disk quota exceeded: '/gpfs/work3/0/prjs1968/data/zarr/sm_only/ISMN_SCAN_SanAngelo'
[ 268/993] ERR  ISMN_SCAN_ShagbarkHills: [Errno 122] Disk quota exceeded: '/gpfs/work3/0/prjs1968/data/zarr/sm_only/ISMN_SCAN_ShagbarkHills'
[ 269/993] ERR  ISMN_SCAN_Perthshire: [Errno 122] Disk quota exceeded: '/gpfs/work3/0/prjs1968/data/zarr/sm_only/ISMN_SCAN_Perthshire'
[ 270/993] ERR  ISMN_SCAN_MountainHome: [Errno 122] Disk quota exceeded: '/gpfs/work3/0/prjs1968/data/zarr/sm_only/ISMN_SCAN_MountainHome'
[ 271/993] ERR  ISMN_SCAN_TwinPinesConservationArea: [Errno 122] Disk quota exceeded: '/gpfs/work3/0/prjs1968/data/zarr/sm_only/ISMN_SCAN_TwinPinesConservationArea'
[ 272/993] ERR  ISMN_SCAN_RockSpringsPa: [Errno 122] Disk quota exceeded: '/gpfs/work3/0/prjs1968/data/zarr/sm_only/ISMN_SCAN_RockSpringsPa'
[ 273/993] ERR  ISMN_SCAN_TncFortBayou: [Errno 122] Disk quota exceeded: '/gpfs/work3/0/prjs1968/data/zarr/sm_only/ISMN_SCAN_TncFortBayou'
[ 274/993] ERR  ISMN_SCAN_RogersFarm#1: [Errno 122] Disk quota exceeded: '/gpfs/work3/0/prjs1968/data/zarr/sm_only/ISMN_SCAN_RogersFarm#1'
[ 275/993] ERR  ISMN_SCAN_TidewaterArec: [Errno 122] Disk quota exceeded: '/gpfs/work3/0/prjs1968/data/zarr/sm_only/ISMN_SCAN_TidewaterArec'
[ 276/993] ERR  ISMN_SCAN_Uapb-Earle: [Errno 122] Disk quota exceeded: '/gpfs/work3/0/prjs1968/data/zarr/sm_only/ISMN_SCAN_Uapb-Earle'
[ 277/993] ERR  ISMN_SCAN_Price: [Errno 122] Disk quota exceeded: '/gpfs/work3/0/prjs1968/data/zarr/sm_only/ISMN_SCAN_Price'
[ 278/993] ERR  ISMN_SCAN_TroughSprings: [Errno 122] Disk quota exceeded: '/gpfs/work3/0/prjs1968/data/zarr/sm_only/ISMN_SCAN_TroughSprings'
[ 279/993] ERR  ISMN_SCAN_SandyRidge: [Errno 122] Disk quota exceeded: '/gpfs/work3/0/prjs1968/data/zarr/sm_only/ISMN_SCAN_SandyRidge'
[ 280/993] ERR  ISMN_SCAN_NorthIssaquena: [Errno 122] Disk quota exceeded: '/gpfs/work3/0/prjs1968/data/zarr/sm_only/ISMN_SCAN_NorthIssaquena'
[ 281/993] ERR  ISMN_SCAN_Panguitch: [Errno 122] Disk quota exceeded: '/gpfs/work3/0/prjs1968/data/zarr/sm_only/ISMN_SCAN_Panguitch'
[ 282/993] ERR  ISMN_SCAN_TuleValley: [Errno 122] Disk quota exceeded: '/gpfs/work3/0/prjs1968/data/zarr/sm_only/ISMN_SCAN_TuleValley'
[ 283/993] ERR  ISMN_SCAN_Sidney: [Errno 122] Disk quota exceeded: '/gpfs/work3/0/prjs1968/data/zarr/sm_only/ISMN_SCAN_Sidney'
[ 284/993] ERR  ISMN_SCAN_SplitMountain: [Errno 122] Disk quota exceeded: '/gpfs/work3/0/prjs1968/data/zarr/sm_only/ISMN_SCAN_SplitMountain'
[ 285/993] ERR  ISMN_SCAN_PowellGardens: [Errno 122] Disk quota exceeded: '/gpfs/work3/0/prjs1968/data/zarr/sm_only/ISMN_SCAN_PowellGardens'
[ 286/993] ERR  ISMN_SCAN_UWPlatteville: [Errno 122] Disk quota exceeded: '/gpfs/work3/0/prjs1968/data/zarr/sm_only/ISMN_SCAN_UWPlatteville'
[ 287/993] ERR  ISMN_SCAN_Tunica: [Errno 122] Disk quota exceeded: '/gpfs/work3/0/prjs1968/data/zarr/sm_only/ISMN_SCAN_Tunica'
[ 288/993] ERR  ISMN_SCAN_Shenandoah: [Errno 122] Disk quota exceeded: '/gpfs/work3/0/prjs1968/data/zarr/sm_only/ISMN_SCAN_Shenandoah'
[ 289/993] ERR  ISMN_SCAN_Phillipsburg: [Errno 122] Disk quota exceeded: '/gpfs/work3/0/prjs1968/data/zarr/sm_only/ISMN_SCAN_Phillipsburg'
[ 290/993] ERR  ISMN_SCAN_Nunn#1: [Errno 122] Disk quota exceeded: '/gpfs/work3/0/prjs1968/data/zarr/sm_only/ISMN_SCAN_Nunn#1'
[ 291/993] ERR  ISMN_SCAN_SinkinForest: [Errno 122] Disk quota exceeded: '/gpfs/work3/0/prjs1968/data/zarr/sm_only/ISMN_SCAN_SinkinForest'
[ 292/993] ERR  ISMN_SCAN_Nacogdoches: [Errno 122] Disk quota exceeded: '/gpfs/work3/0/prjs1968/data/zarr/sm_only/ISMN_SCAN_Nacogdoches'
[ 293/993] ERR  ISMN_SCAN_UapbDewitt: [Errno 122] Disk quota exceeded: '/gpfs/work3/0/prjs1968/data/zarr/sm_only/ISMN_SCAN_UapbDewitt'
[ 294/993] ERR  ISMN_SCAN_Selma: [Errno 122] Disk quota exceeded: '/gpfs/work3/0/prjs1968/data/zarr/sm_only/ISMN_SCAN_Selma'
[ 295/993] ERR  ISMN_SCAN_UapbCampus-PB: [Errno 122] Disk quota exceeded: '/gpfs/work3/0/prjs1968/data/zarr/sm_only/ISMN_SCAN_UapbCampus-PB'
[ 296/993] ERR  ISMN_SCAN_Vermillion: [Errno 122] Disk quota exceeded: '/gpfs/work3/0/prjs1968/data/zarr/sm_only/ISMN_SCAN_Vermillion'
[ 297/993] ERR  ISMN_SCAN_Uvalde: [Errno 122] Disk quota exceeded: '/gpfs/work3/0/prjs1968/data/zarr/sm_only/ISMN_SCAN_Uvalde'
[ 298/993] ERR  ISMN_SNOTEL_BenLomondPeak: [Errno 122] Disk quota exceeded: '/gpfs/work3/0/prjs1968/data/zarr/sm_only/ISMN_SNOTEL_BenLomondPeak'
[ 299/993] ERR  ISMN_SCAN_Vallecitos: [Errno 122] Disk quota exceeded: '/gpfs/work3/0/prjs1968/data/zarr/sm_only/ISMN_SCAN_Vallecitos'
[ 300/993] ERR  ISMN_SMOSMANIA_Berzeme: [Errno 122] Disk quota exceeded: '/gpfs/work3/0/prjs1968/data/zarr/sm_only/ISMN_SMOSMANIA_Berzeme'
[ 301/993] ERR  ISMN_SCAN_WillowWells: [Errno 122] Disk quota exceeded: '/gpfs/work3/0/prjs1968/data/zarr/sm_only/ISMN_SCAN_WillowWells'
[ 302/993] ERR  ISMN_SCAN_Violett: [Errno 122] Disk quota exceeded: '/gpfs/work3/0/prjs1968/data/zarr/sm_only/ISMN_SCAN_Violett'
[ 303/993] ERR  ISMN_SMOSMANIA_SaintFelixdeLauragais: [Errno 122] Disk quota exceeded: '/gpfs/work3/0/prjs1968/data/zarr/sm_only/ISMN_SMOSMANIA_SaintFelixdeLauragais'
[ 304/993] ERR  ISMN_SMOSMANIA_LaGrandCombe: [Errno 122] Disk quota exceeded: '/gpfs/work3/0/prjs1968/data/zarr/sm_only/ISMN_SMOSMANIA_LaGrandCombe'
[ 305/993] ERR  ISMN_SNOTEL_ArapahoRidge: [Errno 122] Disk quota exceeded: '/gpfs/work3/0/prjs1968/data/zarr/sm_only/ISMN_SNOTEL_ArapahoRidge'
[ 306/993] ERR  ISMN_SNOTEL_AmericanCreek: [Errno 122] Disk quota exceeded: '/gpfs/work3/0/prjs1968/data/zarr/sm_only/ISMN_SNOTEL_AmericanCreek'
[ 307/993] ERR  ISMN_SMOSMANIA_Pezenas: [Errno 122] Disk quota exceeded: '/gpfs/work3/0/prjs1968/data/zarr/sm_only/ISMN_SMOSMANIA_Pezenas'
[ 308/993] ERR  ISMN_SMOSMANIA_Mazan-Abbaye: [Errno 122] Disk quota exceeded: '/gpfs/work3/0/prjs1968/data/zarr/sm_only/ISMN_SMOSMANIA_Mazan-Abbaye'
[ 309/993] ERR  ISMN_SNOTEL_BannerSummit: [Errno 122] Disk quota exceeded: '/gpfs/work3/0/prjs1968/data/zarr/sm_only/ISMN_SNOTEL_BannerSummit'
[ 310/993] ERR  ISMN_SMOSMANIA_Mouthoumet: [Errno 122] Disk quota exceeded: '/gpfs/work3/0/prjs1968/data/zarr/sm_only/ISMN_SMOSMANIA_Mouthoumet'
[ 311/993] ERR  ISMN_SNOTEL_BigBend: [Errno 122] Disk quota exceeded: '/gpfs/work3/0/prjs1968/data/zarr/sm_only/ISMN_SNOTEL_BigBend'
[ 312/993] ERR  ISMN_SCAN_YoumansFarm: [Errno 122] Disk quota exceeded: '/gpfs/work3/0/prjs1968/data/zarr/sm_only/ISMN_SCAN_YoumansFarm'
[ 313/993] ERR  ISMN_SNOTEL_Baldy: [Errno 122] Disk quota exceeded: '/gpfs/work3/0/prjs1968/data/zarr/sm_only/ISMN_SNOTEL_Baldy'
[ 314/993] ERR  ISMN_SNOTEL_BearCreek: [Errno 122] Disk quota exceeded: '/gpfs/work3/0/prjs1968/data/zarr/sm_only/ISMN_SNOTEL_BearCreek'
[ 315/993] ERR  ISMN_SCAN_Watkinsville#1: [Errno 122] Disk quota exceeded: '/gpfs/work3/0/prjs1968/data/zarr/sm_only/ISMN_SCAN_Watkinsville#1'
[ 316/993] ERR  ISMN_SNOTEL_BeaverDams: [Errno 122] Disk quota exceeded: '/gpfs/work3/0/prjs1968/data/zarr/sm_only/ISMN_SNOTEL_BeaverDams'
[ 317/993] ERR  ISMN_SNOTEL_AnchorRiverDivide: [Errno 122] Disk quota exceeded: '/gpfs/work3/0/prjs1968/data/zarr/sm_only/ISMN_SNOTEL_AnchorRiverDivide'
[ 318/993] ERR  ISMN_SCAN_Wtars: [Errno 122] Disk quota exceeded: '/gpfs/work3/0/prjs1968/data/zarr/sm_only/ISMN_SCAN_Wtars'
[ 319/993] ERR  ISMN_SMOSMANIA_PeyrusseGrande: [Errno 122] Disk quota exceeded: '/gpfs/work3/0/prjs1968/data/zarr/sm_only/ISMN_SMOSMANIA_PeyrusseGrande'
[ 320/993] ERR  ISMN_SMOSMANIA_Prades-le-Lez: [Errno 122] Disk quota exceeded: '/gpfs/work3/0/prjs1968/data/zarr/sm_only/ISMN_SMOSMANIA_Prades-le-Lez'
[ 321/993] ERR  ISMN_SNOTEL_AtlantaSummit: [Errno 122] Disk quota exceeded: '/gpfs/work3/0/prjs1968/data/zarr/sm_only/ISMN_SNOTEL_AtlantaSummit'
[ 322/993] ERR  ISMN_SNOTEL_BakerButte: [Errno 122] Disk quota exceeded: '/gpfs/work3/0/prjs1968/data/zarr/sm_only/ISMN_SNOTEL_BakerButte'
[ 323/993] ERR  ISMN_SMOSMANIA_Barnas: [Errno 122] Disk quota exceeded: '/gpfs/work3/0/prjs1968/data/zarr/sm_only/ISMN_SMOSMANIA_Barnas'
[ 324/993] ERR  ISMN_SCAN_Wabeno#1: [Errno 122] Disk quota exceeded: '/gpfs/work3/0/prjs1968/data/zarr/sm_only/ISMN_SCAN_Wabeno#1'
[ 325/993] ERR  ISMN_SNOTEL_BearRiverRS: [Errno 122] Disk quota exceeded: '/gpfs/work3/0/prjs1968/data/zarr/sm_only/ISMN_SNOTEL_BearRiverRS'
[ 326/993] ERR  ISMN_SNOTEL_BevansCabin: [Errno 122] Disk quota exceeded: '/gpfs/work3/0/prjs1968/data/zarr/sm_only/ISMN_SNOTEL_BevansCabin'
[ 327/993] ERR  ISMN_SCAN_WalnutGulch#1: [Errno 122] Disk quota exceeded: '/gpfs/work3/0/prjs1968/data/zarr/sm_only/ISMN_SCAN_WalnutGulch#1'
[ 328/993] ERR  ISMN_SD_DEM_Demokeya: [Errno 122] Disk quota exceeded: '/gpfs/work3/0/prjs1968/data/zarr/sm_only/ISMN_SD_DEM_Demokeya'
[ 329/993] ERR  ISMN_SNOTEL_BarM: [Errno 122] Disk quota exceeded: '/gpfs/work3/0/prjs1968/data/zarr/sm_only/ISMN_SNOTEL_BarM'
[ 330/993] ERR  ISMN_SMOSMANIA_Condom: [Errno 122] Disk quota exceeded: '/gpfs/work3/0/prjs1968/data/zarr/sm_only/ISMN_SMOSMANIA_Condom'
[ 331/993] ERR  ISMN_SNOTEL_BearCanyon: [Errno 122] Disk quota exceeded: '/gpfs/work3/0/prjs1968/data/zarr/sm_only/ISMN_SNOTEL_BearCanyon'
[ 332/993] ERR  ISMN_SMOSMANIA_Villevielle: [Errno 122] Disk quota exceeded: '/gpfs/work3/0/prjs1968/data/zarr/sm_only/ISMN_SMOSMANIA_Villevielle'
[ 333/993] ERR  ISMN_SMOSMANIA_Mejannes-le-Clap: [Errno 122] Disk quota exceeded: '/gpfs/work3/0/prjs1968/data/zarr/sm_only/ISMN_SMOSMANIA_Mejannes-le-Clap'
[ 334/993] ERR  ISMN_SNOTEL_Aniak: [Errno 122] Disk quota exceeded: '/gpfs/work3/0/prjs1968/data/zarr/sm_only/ISMN_SNOTEL_Aniak'
[ 335/993] ERR  ISMN_SMOSMANIA_Sabres: [Errno 122] Disk quota exceeded: '/gpfs/work3/0/prjs1968/data/zarr/sm_only/ISMN_SMOSMANIA_Sabres'
[ 336/993] ERR  ISMN_SMOSMANIA_CabrieresdAvignon: [Errno 122] Disk quota exceeded: '/gpfs/work3/0/prjs1968/data/zarr/sm_only/ISMN_SMOSMANIA_CabrieresdAvignon'
[ 337/993] ERR  ISMN_SNOTEL_BenLomondTrail: [Errno 122] Disk quota exceeded: '/gpfs/work3/0/prjs1968/data/zarr/sm_only/ISMN_SNOTEL_BenLomondTrail'
[ 338/993] ERR  ISMN_SMOSMANIA_Lahas: [Errno 122] Disk quota exceeded: '/gpfs/work3/0/prjs1968/data/zarr/sm_only/ISMN_SMOSMANIA_Lahas'
[ 339/993] ERR  ISMN_SMOSMANIA_LezignanCorbieres: [Errno 122] Disk quota exceeded: '/gpfs/work3/0/prjs1968/data/zarr/sm_only/ISMN_SMOSMANIA_LezignanCorbieres'
[ 340/993] ERR  ISMN_SNOTEL_BakerButteSmt: [Errno 122] Disk quota exceeded: '/gpfs/work3/0/prjs1968/data/zarr/sm_only/ISMN_SNOTEL_BakerButteSmt'
[ 341/993] ERR  ISMN_SNOTEL_BerryCreek: [Errno 122] Disk quota exceeded: '/gpfs/work3/0/prjs1968/data/zarr/sm_only/ISMN_SNOTEL_BerryCreek'
[ 342/993] ERR  ISMN_SNOTEL_BeaverDivide: [Errno 122] Disk quota exceeded: '/gpfs/work3/0/prjs1968/data/zarr/sm_only/ISMN_SNOTEL_BeaverDivide'
[ 343/993] ERR  ISMN_SNOTEL_BigFlat: [Errno 122] Disk quota exceeded: '/gpfs/work3/0/prjs1968/data/zarr/sm_only/ISMN_SNOTEL_BigFlat'
[ 344/993] ERR  ISMN_SNOTEL_AguaCanyon: [Errno 122] Disk quota exceeded: '/gpfs/work3/0/prjs1968/data/zarr/sm_only/ISMN_SNOTEL_AguaCanyon'
[ 345/993] ERR  ISMN_SNOTEL_Atwater: [Errno 122] Disk quota exceeded: '/gpfs/work3/0/prjs1968/data/zarr/sm_only/ISMN_SNOTEL_Atwater'
[ 346/993] ERR  ISMN_SNOTEL_BigCreekSum: [Errno 122] Disk quota exceeded: '/gpfs/work3/0/prjs1968/data/zarr/sm_only/ISMN_SNOTEL_BigCreekSum'
[ 347/993] ERR  ISMN_SCAN_Wakulla#1: [Errno 122] Disk quota exceeded: '/gpfs/work3/0/prjs1968/data/zarr/sm_only/ISMN_SCAN_Wakulla#1'
[ 348/993] ERR  ISMN_SMOSMANIA_Savenes: [Errno 122] Disk quota exceeded: '/gpfs/work3/0/prjs1968/data/zarr/sm_only/ISMN_SMOSMANIA_Savenes'
[ 349/993] ERR  ISMN_SMOSMANIA_Urgons: [Errno 122] Disk quota exceeded: '/gpfs/work3/0/prjs1968/data/zarr/sm_only/ISMN_SMOSMANIA_Urgons'
[ 350/993] ERR  ISMN_SMOSMANIA_Montaut: [Errno 122] Disk quota exceeded: '/gpfs/work3/0/prjs1968/data/zarr/sm_only/ISMN_SMOSMANIA_Montaut'
[ 351/993] ERR  ISMN_SMOSMANIA_CreondArmagnac: [Errno 122] Disk quota exceeded: '/gpfs/work3/0/prjs1968/data/zarr/sm_only/ISMN_SMOSMANIA_CreondArmagnac'
[ 352/993] ERR  ISMN_SMOSMANIA_Narbonne: [Errno 122] Disk quota exceeded: '/gpfs/work3/0/prjs1968/data/zarr/sm_only/ISMN_SMOSMANIA_Narbonne'
[ 353/993] ERR  ISMN_SNOTEL_BerthoudSummit: [Errno 122] Disk quota exceeded: '/gpfs/work3/0/prjs1968/data/zarr/sm_only/ISMN_SNOTEL_BerthoudSummit'
[ 354/993] ERR  ISMN_SCAN_Vernon: [Errno 122] Disk quota exceeded: '/gpfs/work3/0/prjs1968/data/zarr/sm_only/ISMN_SCAN_Vernon'
[ 355/993] ERR  ISMN_SCAN_WestSummit: [Errno 122] Disk quota exceeded: '/gpfs/work3/0/prjs1968/data/zarr/sm_only/ISMN_SCAN_WestSummit'
[ 356/993] ERR  ISMN_SNOTEL_BigMeadow: [Errno 122] Disk quota exceeded: '/gpfs/work3/0/prjs1968/data/zarr/sm_only/ISMN_SNOTEL_BigMeadow'
[ 357/993] ERR  ISMN_SNOTEL_BlackFlat-U.M.Ck: [Errno 122] Disk quota exceeded: '/gpfs/work3/0/prjs1968/data/zarr/sm_only/ISMN_SNOTEL_BlackFlat-U.M.Ck'
[ 358/993] ERR  ISMN_SNOTEL_BlackhallMtn: [Errno 122] Disk quota exceeded: '/gpfs/work3/0/prjs1968/data/zarr/sm_only/ISMN_SNOTEL_BlackhallMtn'
[ 359/993] ERR  ISMN_SNOTEL_BirdCreek: [Errno 122] Disk quota exceeded: '/gpfs/work3/0/prjs1968/data/zarr/sm_only/ISMN_SNOTEL_BirdCreek'
[ 360/993] ERR  ISMN_SNOTEL_BlazedAlder: [Errno 122] Disk quota exceeded: '/gpfs/work3/0/prjs1968/data/zarr/sm_only/ISMN_SNOTEL_BlazedAlder'
[ 361/993] ERR  ISMN_SNOTEL_Chisana: [Errno 122] Disk quota exceeded: '/gpfs/work3/0/prjs1968/data/zarr/sm_only/ISMN_SNOTEL_Chisana'
[ 362/993] ERR  ISMN_SNOTEL_BlacksForkJct: [Errno 122] Disk quota exceeded: '/gpfs/work3/0/prjs1968/data/zarr/sm_only/ISMN_SNOTEL_BlacksForkJct'
[ 363/993] ERR  ISMN_SNOTEL_BigSandyOpening: [Errno 122] Disk quota exceeded: '/gpfs/work3/0/prjs1968/data/zarr/sm_only/ISMN_SNOTEL_BigSandyOpening'
[ 364/993] ERR  ISMN_SNOTEL_DryBreadPond: [Errno 122] Disk quota exceeded: '/gpfs/work3/0/prjs1968/data/zarr/sm_only/ISMN_SNOTEL_DryBreadPond'
[ 365/993] ERR  ISMN_SNOTEL_CampJackson: [Errno 122] Disk quota exceeded: '/gpfs/work3/0/prjs1968/data/zarr/sm_only/ISMN_SNOTEL_CampJackson'
[ 366/993] ERR  ISMN_SNOTEL_CurrantCreek: [Errno 122] Disk quota exceeded: '/gpfs/work3/0/prjs1968/data/zarr/sm_only/ISMN_SNOTEL_CurrantCreek'
[ 367/993] ERR  ISMN_SNOTEL_DisasterPeak: [Errno 122] Disk quota exceeded: '/gpfs/work3/0/prjs1968/data/zarr/sm_only/ISMN_SNOTEL_DisasterPeak'
[ 368/993] ERR  ISMN_SNOTEL_BugLake: [Errno 122] Disk quota exceeded: '/gpfs/work3/0/prjs1968/data/zarr/sm_only/ISMN_SNOTEL_BugLake'
[ 369/993] ERR  ISMN_SNOTEL_CarsonPass: [Errno 122] Disk quota exceeded: '/gpfs/work3/0/prjs1968/data/zarr/sm_only/ISMN_SNOTEL_CarsonPass'
[ 370/993] ERR  ISMN_SNOTEL_BostetterR.S.: [Errno 122] Disk quota exceeded: '/gpfs/work3/0/prjs1968/data/zarr/sm_only/ISMN_SNOTEL_BostetterR.S.'
[ 371/993] ERR  ISMN_SNOTEL_Butte: [Errno 122] Disk quota exceeded: '/gpfs/work3/0/prjs1968/data/zarr/sm_only/ISMN_SNOTEL_Butte'
[ 372/993] ERR  ISMN_SNOTEL_Brighton: [Errno 122] Disk quota exceeded: '/gpfs/work3/0/prjs1968/data/zarr/sm_only/ISMN_SNOTEL_Brighton'
[ 373/993] ERR  ISMN_SNOTEL_CascadeMountain: [Errno 122] Disk quota exceeded: '/gpfs/work3/0/prjs1968/data/zarr/sm_only/ISMN_SNOTEL_CascadeMountain'
[ 374/993] ERR  ISMN_SNOTEL_Chepeta: [Errno 122] Disk quota exceeded: '/gpfs/work3/0/prjs1968/data/zarr/sm_only/ISMN_SNOTEL_Chepeta'
[ 375/993] ERR  ISMN_SNOTEL_BrownDuck: [Errno 122] Disk quota exceeded: '/gpfs/work3/0/prjs1968/data/zarr/sm_only/ISMN_SNOTEL_BrownDuck'
[ 376/993] ERR  ISMN_SNOTEL_BuckPasture: [Errno 122] Disk quota exceeded: '/gpfs/work3/0/prjs1968/data/zarr/sm_only/ISMN_SNOTEL_BuckPasture'
[ 377/993] ERR  ISMN_SNOTEL_ChocolateGulch: [Errno 122] Disk quota exceeded: '/gpfs/work3/0/prjs1968/data/zarr/sm_only/ISMN_SNOTEL_ChocolateGulch'
[ 378/993] ERR  ISMN_SNOTEL_BuckboardFlat: [Errno 122] Disk quota exceeded: '/gpfs/work3/0/prjs1968/data/zarr/sm_only/ISMN_SNOTEL_BuckboardFlat'
[ 379/993] ERR  ISMN_SNOTEL_BrownTop: [Errno 122] Disk quota exceeded: '/gpfs/work3/0/prjs1968/data/zarr/sm_only/ISMN_SNOTEL_BrownTop'
[ 380/993] ERR  ISMN_SNOTEL_CrabCreek: [Errno 122] Disk quota exceeded: '/gpfs/work3/0/prjs1968/data/zarr/sm_only/ISMN_SNOTEL_CrabCreek'
[ 381/993] ERR  ISMN_SNOTEL_BoxSprings: [Errno 122] Disk quota exceeded: '/gpfs/work3/0/prjs1968/data/zarr/sm_only/ISMN_SNOTEL_BoxSprings'
[ 382/993] ERR  ISMN_SNOTEL_Coldfoot: [Errno 122] Disk quota exceeded: '/gpfs/work3/0/prjs1968/data/zarr/sm_only/ISMN_SNOTEL_Coldfoot'
[ 383/993] ERR  ISMN_SNOTEL_CastleValley: [Errno 122] Disk quota exceeded: '/gpfs/work3/0/prjs1968/data/zarr/sm_only/ISMN_SNOTEL_CastleValley'
[ 384/993] ERR  ISMN_SNOTEL_DillsCamp: [Errno 122] Disk quota exceeded: '/gpfs/work3/0/prjs1968/data/zarr/sm_only/ISMN_SNOTEL_DillsCamp'
[ 385/993] ERR  ISMN_SNOTEL_BobsHollow: [Errno 122] Disk quota exceeded: '/gpfs/work3/0/prjs1968/data/zarr/sm_only/ISMN_SNOTEL_BobsHollow'
[ 386/993] ERR  ISMN_SNOTEL_Chalender: [Errno 122] Disk quota exceeded: '/gpfs/work3/0/prjs1968/data/zarr/sm_only/ISMN_SNOTEL_Chalender'
[ 387/993] ERR  ISMN_SNOTEL_CssLab: [Errno 122] Disk quota exceeded: '/gpfs/work3/0/prjs1968/data/zarr/sm_only/ISMN_SNOTEL_CssLab'
[ 388/993] ERR  ISMN_SNOTEL_CaveMountain: [Errno 122] Disk quota exceeded: '/gpfs/work3/0/prjs1968/data/zarr/sm_only/ISMN_SNOTEL_CaveMountain'
[ 389/993] ERR  ISMN_SNOTEL_BristleconeTrail: [Errno 122] Disk quota exceeded: '/gpfs/work3/0/prjs1968/data/zarr/sm_only/ISMN_SNOTEL_BristleconeTrail'
[ 390/993] ERR  ISMN_SNOTEL_DrawCreek: [Errno 122] Disk quota exceeded: '/gpfs/work3/0/prjs1968/data/zarr/sm_only/ISMN_SNOTEL_DrawCreek'
[ 391/993] ERR  ISMN_SNOTEL_Cascade#2: [Errno 122] Disk quota exceeded: '/gpfs/work3/0/prjs1968/data/zarr/sm_only/ISMN_SNOTEL_Cascade#2'
[ 392/993] ERR  ISMN_SNOTEL_Daniels-Strawberry: [Errno 122] Disk quota exceeded: '/gpfs/work3/0/prjs1968/data/zarr/sm_only/ISMN_SNOTEL_Daniels-Strawberry'
[ 393/993] ERR  ISMN_SNOTEL_ClackamasLake: [Errno 122] Disk quota exceeded: '/gpfs/work3/0/prjs1968/data/zarr/sm_only/ISMN_SNOTEL_ClackamasLake'
[ 394/993] ERR  ISMN_SNOTEL_BurroMountain: [Errno 122] Disk quota exceeded: '/gpfs/work3/0/prjs1968/data/zarr/sm_only/ISMN_SNOTEL_BurroMountain'
[ 395/993] ERR  ISMN_SNOTEL_BlueLakes: [Errno 122] Disk quota exceeded: '/gpfs/work3/0/prjs1968/data/zarr/sm_only/ISMN_SNOTEL_BlueLakes'
[ 396/993] ERR  ISMN_SNOTEL_BuckskinJoe: [Errno 122] Disk quota exceeded: '/gpfs/work3/0/prjs1968/data/zarr/sm_only/ISMN_SNOTEL_BuckskinJoe'
[ 397/993] ERR  ISMN_SNOTEL_ClearCreek#2: [Errno 122] Disk quota exceeded: '/gpfs/work3/0/prjs1968/data/zarr/sm_only/ISMN_SNOTEL_ClearCreek#2'
[ 398/993] ERR  ISMN_SNOTEL_CouchSummit: [Errno 122] Disk quota exceeded: '/gpfs/work3/0/prjs1968/data/zarr/sm_only/ISMN_SNOTEL_CouchSummit'
[ 399/993] ERR  ISMN_SNOTEL_ClaytonSprings: [Errno 122] Disk quota exceeded: '/gpfs/work3/0/prjs1968/data/zarr/sm_only/ISMN_SNOTEL_ClaytonSprings'
[ 400/993] ERR  ISMN_SNOTEL_CorralCanyon: [Errno 122] Disk quota exceeded: '/gpfs/work3/0/prjs1968/data/zarr/sm_only/ISMN_SNOTEL_CorralCanyon'
[ 401/993] ERR  ISMN_SNOTEL_BuckskinLower: [Errno 122] Disk quota exceeded: '/gpfs/work3/0/prjs1968/data/zarr/sm_only/ISMN_SNOTEL_BuckskinLower'
[ 402/993] ERR  ISMN_SNOTEL_CrowCreek: [Errno 122] Disk quota exceeded: '/gpfs/work3/0/prjs1968/data/zarr/sm_only/ISMN_SNOTEL_CrowCreek'
[ 403/993] ERR  ISMN_SNOTEL_BuckFlat: [Errno 122] Disk quota exceeded: '/gpfs/work3/0/prjs1968/data/zarr/sm_only/ISMN_SNOTEL_BuckFlat'
[ 404/993] ERR  ISMN_SNOTEL_DorseyBasin: [Errno 122] Disk quota exceeded: '/gpfs/work3/0/prjs1968/data/zarr/sm_only/ISMN_SNOTEL_DorseyBasin'
[ 405/993] ERR  ISMN_SNOTEL_DonkeyReservoir: [Errno 122] Disk quota exceeded: '/gpfs/work3/0/prjs1968/data/zarr/sm_only/ISMN_SNOTEL_DonkeyReservoir'
[ 406/993] ERR  ISMN_SNOTEL_CinnabarPark: [Errno 122] Disk quota exceeded: '/gpfs/work3/0/prjs1968/data/zarr/sm_only/ISMN_SNOTEL_CinnabarPark'
[ 407/993] ERR  ISMN_SNOTEL_BurntMountain: [Errno 122] Disk quota exceeded: '/gpfs/work3/0/prjs1968/data/zarr/sm_only/ISMN_SNOTEL_BurntMountain'
[ 408/993] ERR  ISMN_SNOTEL_ChalkCreek#1: [Errno 122] Disk quota exceeded: '/gpfs/work3/0/prjs1968/data/zarr/sm_only/ISMN_SNOTEL_ChalkCreek#1'
[ 409/993] ERR  ISMN_SNOTEL_BurtsMillerRanch: [Errno 122] Disk quota exceeded: '/gpfs/work3/0/prjs1968/data/zarr/sm_only/ISMN_SNOTEL_BurtsMillerRanch'
[ 410/993] ERR  ISMN_SNOTEL_BogusBasin: [Errno 122] Disk quota exceeded: '/gpfs/work3/0/prjs1968/data/zarr/sm_only/ISMN_SNOTEL_BogusBasin'
[ 411/993] ERR  ISMN_SNOTEL_CraterMeadows: [Errno 122] Disk quota exceeded: '/gpfs/work3/0/prjs1968/data/zarr/sm_only/ISMN_SNOTEL_CraterMeadows'
[ 412/993] ERR  ISMN_SNOTEL_Culebra#2: [Errno 122] Disk quota exceeded: '/gpfs/work3/0/prjs1968/data/zarr/sm_only/ISMN_SNOTEL_Culebra#2'
[ 413/993] ERR  ISMN_SNOTEL_Bourne: [Errno 122] Disk quota exceeded: '/gpfs/work3/0/prjs1968/data/zarr/sm_only/ISMN_SNOTEL_Bourne'
[ 414/993] ERR  ISMN_SNOTEL_ClearCreek#1: [Errno 122] Disk quota exceeded: '/gpfs/work3/0/prjs1968/data/zarr/sm_only/ISMN_SNOTEL_ClearCreek#1'
[ 415/993] ERR  ISMN_SNOTEL_BoxCreek: [Errno 122] Disk quota exceeded: '/gpfs/work3/0/prjs1968/data/zarr/sm_only/ISMN_SNOTEL_BoxCreek'
[ 416/993] ERR  ISMN_SNOTEL_Buckinghorse: [Errno 122] Disk quota exceeded: '/gpfs/work3/0/prjs1968/data/zarr/sm_only/ISMN_SNOTEL_Buckinghorse'
[ 417/993] ERR  ISMN_SNOTEL_BrooklynLake: [Errno 122] Disk quota exceeded: '/gpfs/work3/0/prjs1968/data/zarr/sm_only/ISMN_SNOTEL_BrooklynLake'
[ 418/993] ERR  ISMN_SNOTEL_BrianHead: [Errno 122] Disk quota exceeded: '/gpfs/work3/0/prjs1968/data/zarr/sm_only/ISMN_SNOTEL_BrianHead'
[ 419/993] ERR  ISMN_SNOTEL_ChalkCreek#2: [Errno 122] Disk quota exceeded: '/gpfs/work3/0/prjs1968/data/zarr/sm_only/ISMN_SNOTEL_ChalkCreek#2'
[ 420/993] ERR  ISMN_SNOTEL_EFBlacksForkGS: [Errno 122] Disk quota exceeded: '/gpfs/work3/0/prjs1968/data/zarr/sm_only/ISMN_SNOTEL_EFBlacksForkGS'
[ 421/993] ERR  ISMN_SNOTEL_DryLake: [Errno 122] Disk quota exceeded: '/gpfs/work3/0/prjs1968/data/zarr/sm_only/ISMN_SNOTEL_DryLake'
[ 422/993] ERR  ISMN_SNOTEL_DryCreek: [Errno 122] Disk quota exceeded: '/gpfs/work3/0/prjs1968/data/zarr/sm_only/ISMN_SNOTEL_DryCreek'
[ 423/993] ERR  ISMN_SNOTEL_DryFork: [Errno 122] Disk quota exceeded: '/gpfs/work3/0/prjs1968/data/zarr/sm_only/ISMN_SNOTEL_DryFork'
[ 424/993] ERR  ISMN_SNOTEL_EbbettsPass: [Errno 122] Disk quota exceeded: '/gpfs/work3/0/prjs1968/data/zarr/sm_only/ISMN_SNOTEL_EbbettsPass'
[ 425/993] ERR  ISMN_SNOTEL_EastRimDivide: [Errno 122] Disk quota exceeded: '/gpfs/work3/0/prjs1968/data/zarr/sm_only/ISMN_SNOTEL_EastRimDivide'
[ 426/993] ERR  ISMN_SNOTEL_EagleSummit: [Errno 122] Disk quota exceeded: '/gpfs/work3/0/prjs1968/data/zarr/sm_only/ISMN_SNOTEL_EagleSummit'
[ 427/993] ERR  ISMN_SNOTEL_GreenMountain: [Errno 122] Disk quota exceeded: '/gpfs/work3/0/prjs1968/data/zarr/sm_only/ISMN_SNOTEL_GreenMountain'
[ 428/993] ERR  ISMN_SNOTEL_EastWillowCreek: [Errno 122] Disk quota exceeded: '/gpfs/work3/0/prjs1968/data/zarr/sm_only/ISMN_SNOTEL_EastWillowCreek'
[ 429/993] ERR  ISMN_SNOTEL_EchoPeak: [Errno 122] Disk quota exceeded: '/gpfs/work3/0/prjs1968/data/zarr/sm_only/ISMN_SNOTEL_EchoPeak'
[ 430/993] ERR  ISMN_SNOTEL_GrizzlyPeak: [Errno 122] Disk quota exceeded: '/gpfs/work3/0/prjs1968/data/zarr/sm_only/ISMN_SNOTEL_GrizzlyPeak'
[ 431/993] ERR  ISMN_SNOTEL_HagansMeadow: [Errno 122] Disk quota exceeded: '/gpfs/work3/0/prjs1968/data/zarr/sm_only/ISMN_SNOTEL_HagansMeadow'
[ 432/993] ERR  ISMN_SNOTEL_Farmington: [Errno 122] Disk quota exceeded: '/gpfs/work3/0/prjs1968/data/zarr/sm_only/ISMN_SNOTEL_Farmington'
[ 433/993] ERR  ISMN_SNOTEL_GrandTarghee: [Errno 122] Disk quota exceeded: '/gpfs/work3/0/prjs1968/data/zarr/sm_only/ISMN_SNOTEL_GrandTarghee'
[ 434/993] ERR  ISMN_SNOTEL_GraniteCrk: [Errno 122] Disk quota exceeded: '/gpfs/work3/0/prjs1968/data/zarr/sm_only/ISMN_SNOTEL_GraniteCrk'
[ 435/993] ERR  ISMN_SNOTEL_ExitGlacier: [Errno 122] Disk quota exceeded: '/gpfs/work3/0/prjs1968/data/zarr/sm_only/ISMN_SNOTEL_ExitGlacier'
[ 436/993] ERR  ISMN_SNOTEL_GooseberryRS: [Errno 122] Disk quota exceeded: '/gpfs/work3/0/prjs1968/data/zarr/sm_only/ISMN_SNOTEL_GooseberryRS'
[ 437/993] ERR  ISMN_SNOTEL_FarmingtonLower: [Errno 122] Disk quota exceeded: '/gpfs/work3/0/prjs1968/data/zarr/sm_only/ISMN_SNOTEL_FarmingtonLower'
[ 438/993] ERR  ISMN_SNOTEL_GaritaPeak: [Errno 122] Disk quota exceeded: '/gpfs/work3/0/prjs1968/data/zarr/sm_only/ISMN_SNOTEL_GaritaPeak'
[ 439/993] ERR  ISMN_SNOTEL_GoldAxeCamp: [Errno 122] Disk quota exceeded: '/gpfs/work3/0/prjs1968/data/zarr/sm_only/ISMN_SNOTEL_GoldAxeCamp'
[ 440/993] ERR  ISMN_SNOTEL_GobblersKnob: [Errno 122] Disk quota exceeded: '/gpfs/work3/0/prjs1968/data/zarr/sm_only/ISMN_SNOTEL_GobblersKnob'
[ 441/993] ERR  ISMN_SNOTEL_GBRCMeadows: [Errno 122] Disk quota exceeded: '/gpfs/work3/0/prjs1968/data/zarr/sm_only/ISMN_SNOTEL_GBRCMeadows'
[ 442/993] ERR  ISMN_SNOTEL_FishLakeUtah: [Errno 122] Disk quota exceeded: '/gpfs/work3/0/prjs1968/data/zarr/sm_only/ISMN_SNOTEL_FishLakeUtah'
[ 443/993] ERR  ISMN_SNOTEL_GallegosPeak: [Errno 122] Disk quota exceeded: '/gpfs/work3/0/prjs1968/data/zarr/sm_only/ISMN_SNOTEL_GallegosPeak'
[ 444/993] ERR  ISMN_SNOTEL_Golconda: [Errno 122] Disk quota exceeded: '/gpfs/work3/0/prjs1968/data/zarr/sm_only/ISMN_SNOTEL_Golconda'
[ 445/993] ERR  ISMN_SNOTEL_GoldBasin: [Errno 122] Disk quota exceeded: '/gpfs/work3/0/prjs1968/data/zarr/sm_only/ISMN_SNOTEL_GoldBasin'
[ 446/993] ERR  ISMN_SNOTEL_ForestdaleCreek: [Errno 122] Disk quota exceeded: '/gpfs/work3/0/prjs1968/data/zarr/sm_only/ISMN_SNOTEL_ForestdaleCreek'
[ 447/993] ERR  ISMN_SNOTEL_FryCanyon: [Errno 122] Disk quota exceeded: '/gpfs/work3/0/prjs1968/data/zarr/sm_only/ISMN_SNOTEL_FryCanyon'
[ 448/993] ERR  ISMN_SNOTEL_HeavenlyValley: [Errno 122] Disk quota exceeded: '/gpfs/work3/0/prjs1968/data/zarr/sm_only/ISMN_SNOTEL_HeavenlyValley'
[ 449/993] ERR  ISMN_SNOTEL_GalenaSummit: [Errno 122] Disk quota exceeded: '/gpfs/work3/0/prjs1968/data/zarr/sm_only/ISMN_SNOTEL_GalenaSummit'
[ 450/993] ERR  ISMN_SNOTEL_GulkanaRiver: [Errno 122] Disk quota exceeded: '/gpfs/work3/0/prjs1968/data/zarr/sm_only/ISMN_SNOTEL_GulkanaRiver'
[ 451/993] ERR  ISMN_SNOTEL_GutzPeak: [Errno 122] Disk quota exceeded: '/gpfs/work3/0/prjs1968/data/zarr/sm_only/ISMN_SNOTEL_GutzPeak'
[ 452/993] ERR  ISMN_SNOTEL_FivePointsLake: [Errno 122] Disk quota exceeded: '/gpfs/work3/0/prjs1968/data/zarr/sm_only/ISMN_SNOTEL_FivePointsLake'
[ 453/993] ERR  ISMN_SNOTEL_GardnerPeak: [Errno 122] Disk quota exceeded: '/gpfs/work3/0/prjs1968/data/zarr/sm_only/ISMN_SNOTEL_GardnerPeak'
[ 454/993] ERR  ISMN_SNOTEL_Fifteenmile: [Errno 122] Disk quota exceeded: '/gpfs/work3/0/prjs1968/data/zarr/sm_only/ISMN_SNOTEL_Fifteenmile'
[ 455/993] ERR  ISMN_SNOTEL_HobbleCreek: [Errno 122] Disk quota exceeded: '/gpfs/work3/0/prjs1968/data/zarr/sm_only/ISMN_SNOTEL_HobbleCreek'
[ 456/993] ERR  ISMN_SNOTEL_GranitePeak: [Errno 122] Disk quota exceeded: '/gpfs/work3/0/prjs1968/data/zarr/sm_only/ISMN_SNOTEL_GranitePeak'
[ 457/993] ERR  ISMN_SNOTEL_Giveout: [Errno 122] Disk quota exceeded: '/gpfs/work3/0/prjs1968/data/zarr/sm_only/ISMN_SNOTEL_Giveout'
[ 458/993] ERR  ISMN_SNOTEL_HighLonesome: [Errno 122] Disk quota exceeded: '/gpfs/work3/0/prjs1968/data/zarr/sm_only/ISMN_SNOTEL_HighLonesome'
[ 459/993] ERR  ISMN_SNOTEL_HawleyLake: [Errno 122] Disk quota exceeded: '/gpfs/work3/0/prjs1968/data/zarr/sm_only/ISMN_SNOTEL_HawleyLake'
[ 460/993] ERR  ISMN_SNOTEL_FieldingLake: [Errno 122] Disk quota exceeded: '/gpfs/work3/0/prjs1968/data/zarr/sm_only/ISMN_SNOTEL_FieldingLake'
[ 461/993] ERR  ISMN_SNOTEL_FawnCreek: [Errno 122] Disk quota exceeded: '/gpfs/work3/0/prjs1968/data/zarr/sm_only/ISMN_SNOTEL_FawnCreek'
[ 462/993] ERR  ISMN_SNOTEL_FranklinBasin: [Errno 122] Disk quota exceeded: '/gpfs/work3/0/prjs1968/data/zarr/sm_only/ISMN_SNOTEL_FranklinBasin'
[ 463/993] ERR  ISMN_SNOTEL_FarnsworthLake: [Errno 122] Disk quota exceeded: '/gpfs/work3/0/prjs1968/data/zarr/sm_only/ISMN_SNOTEL_FarnsworthLake'
[ 464/993] ERR  ISMN_SNOTEL_HiltsCreek: [Errno 122] Disk quota exceeded: '/gpfs/work3/0/prjs1968/data/zarr/sm_only/ISMN_SNOTEL_HiltsCreek'
[ 465/993] ERR  ISMN_SNOTEL_GraniteCreek: [Errno 122] Disk quota exceeded: '/gpfs/work3/0/prjs1968/data/zarr/sm_only/ISMN_SNOTEL_GraniteCreek'
[ 466/993] ERR  ISMN_SNOTEL_FredonyerPeak: [Errno 122] Disk quota exceeded: '/gpfs/work3/0/prjs1968/data/zarr/sm_only/ISMN_SNOTEL_FredonyerPeak'
[ 467/993] ERR  ISMN_SNOTEL_GBRCHQ: [Errno 122] Disk quota exceeded: '/gpfs/work3/0/prjs1968/data/zarr/sm_only/ISMN_SNOTEL_GBRCHQ'
[ 468/993] ERR  ISMN_SNOTEL_HappyJack: [Errno 122] Disk quota exceeded: '/gpfs/work3/0/prjs1968/data/zarr/sm_only/ISMN_SNOTEL_HappyJack'
[ 469/993] ERR  ISMN_SNOTEL_HighRidge: [Errno 122] Disk quota exceeded: '/gpfs/work3/0/prjs1968/data/zarr/sm_only/ISMN_SNOTEL_HighRidge'
[ 470/993] ERR  ISMN_SNOTEL_GeorgeCreek: [Errno 122] Disk quota exceeded: '/gpfs/work3/0/prjs1968/data/zarr/sm_only/ISMN_SNOTEL_GeorgeCreek'
[ 471/993] ERR  ISMN_SNOTEL_FallenLeaf: [Errno 122] Disk quota exceeded: '/gpfs/work3/0/prjs1968/data/zarr/sm_only/ISMN_SNOTEL_FallenLeaf'
[ 472/993] ERR  ISMN_SNOTEL_HarrisFlat: [Errno 122] Disk quota exceeded: '/gpfs/work3/0/prjs1968/data/zarr/sm_only/ISMN_SNOTEL_HarrisFlat'
[ 473/993] ERR  ISMN_SNOTEL_Hewinta: [Errno 122] Disk quota exceeded: '/gpfs/work3/0/prjs1968/data/zarr/sm_only/ISMN_SNOTEL_Hewinta'
[ 474/993] ERR  ISMN_SNOTEL_Hardscrabble: [Errno 122] Disk quota exceeded: '/gpfs/work3/0/prjs1968/data/zarr/sm_only/ISMN_SNOTEL_Hardscrabble'
[ 475/993] ERR  ISMN_SNOTEL_Hole-in-Mountain: [Errno 122] Disk quota exceeded: '/gpfs/work3/0/prjs1968/data/zarr/sm_only/ISMN_SNOTEL_Hole-in-Mountain'
[ 476/993] ERR  ISMN_SNOTEL_FremontPass: [Errno 122] Disk quota exceeded: '/gpfs/work3/0/prjs1968/data/zarr/sm_only/ISMN_SNOTEL_FremontPass'
[ 477/993] ERR  ISMN_SNOTEL_GalenaAK: [Errno 122] Disk quota exceeded: '/gpfs/work3/0/prjs1968/data/zarr/sm_only/ISMN_SNOTEL_GalenaAK'
[ 478/993] ERR  ISMN_SNOTEL_GardenCitySummit: [Errno 122] Disk quota exceeded: '/gpfs/work3/0/prjs1968/data/zarr/sm_only/ISMN_SNOTEL_GardenCitySummit'
[ 479/993] ERR  ISMN_SNOTEL_HaydenFork: [Errno 122] Disk quota exceeded: '/gpfs/work3/0/prjs1968/data/zarr/sm_only/ISMN_SNOTEL_HaydenFork'
[ 480/993] ERR  ISMN_SNOTEL_ElkCabin: [Errno 122] Disk quota exceeded: '/gpfs/work3/0/prjs1968/data/zarr/sm_only/ISMN_SNOTEL_ElkCabin'
[ 481/993] ERR  ISMN_SNOTEL_GooseberryRSUp: [Errno 122] Disk quota exceeded: '/gpfs/work3/0/prjs1968/data/zarr/sm_only/ISMN_SNOTEL_GooseberryRSUp'
[ 482/993] ERR  ISMN_SNOTEL_IndependenceCreek: [Errno 122] Disk quota exceeded: '/gpfs/work3/0/prjs1968/data/zarr/sm_only/ISMN_SNOTEL_IndependenceCreek'
[ 483/993] ERR  ISMN_SNOTEL_HorseMeadow: [Errno 122] Disk quota exceeded: '/gpfs/work3/0/prjs1968/data/zarr/sm_only/ISMN_SNOTEL_HorseMeadow'
[ 484/993] ERR  ISMN_SNOTEL_HollandMeadows: [Errno 122] Disk quota exceeded: '/gpfs/work3/0/prjs1968/data/zarr/sm_only/ISMN_SNOTEL_HollandMeadows'
[ 485/993] ERR  ISMN_SNOTEL_Hopewell: [Errno 122] Disk quota exceeded: '/gpfs/work3/0/prjs1968/data/zarr/sm_only/ISMN_SNOTEL_Hopewell'
[ 486/993] ERR  ISMN_SNOTEL_HoosierPass: [Errno 122] Disk quota exceeded: '/gpfs/work3/0/prjs1968/data/zarr/sm_only/ISMN_SNOTEL_HoosierPass'
[ 487/993] ERR  ISMN_SNOTEL_HickersonPark: [Errno 122] Disk quota exceeded: '/gpfs/work3/0/prjs1968/data/zarr/sm_only/ISMN_SNOTEL_HickersonPark'
[ 488/993] ERR  ISMN_SNOTEL_Hole-in-Rock: [Errno 122] Disk quota exceeded: '/gpfs/work3/0/prjs1968/data/zarr/sm_only/ISMN_SNOTEL_Hole-in-Rock'
[ 489/993] ERR  ISMN_SNOTEL_IndependenceLake: [Errno 122] Disk quota exceeded: '/gpfs/work3/0/prjs1968/data/zarr/sm_only/ISMN_SNOTEL_IndependenceLake'
[ 490/993] ERR  ISMN_SNOTEL_IndependenceCamp: [Errno 122] Disk quota exceeded: '/gpfs/work3/0/prjs1968/data/zarr/sm_only/ISMN_SNOTEL_IndependenceCamp'
[ 491/993] ERR  ISMN_SNOTEL_JackCreekUpper: [Errno 122] Disk quota exceeded: '/gpfs/work3/0/prjs1968/data/zarr/sm_only/ISMN_SNOTEL_JackCreekUpper'
[ 492/993] ERR  ISMN_SNOTEL_HuntingtonHorse: [Errno 122] Disk quota exceeded: '/gpfs/work3/0/prjs1968/data/zarr/sm_only/ISMN_SNOTEL_HuntingtonHorse'
[ 493/993] ERR  ISMN_SNOTEL_HorseRidge: [Errno 122] Disk quota exceeded: '/gpfs/work3/0/prjs1968/data/zarr/sm_only/ISMN_SNOTEL_HorseRidge'
[ 494/993] ERR  ISMN_SNOTEL_LightningRidge: [Errno 122] Disk quota exceeded: '/gpfs/work3/0/prjs1968/data/zarr/sm_only/ISMN_SNOTEL_LightningRidge'
[ 495/993] ERR  ISMN_SNOTEL_ImnaviatCreek: [Errno 122] Disk quota exceeded: '/gpfs/work3/0/prjs1968/data/zarr/sm_only/ISMN_SNOTEL_ImnaviatCreek'
[ 496/993] ERR  ISMN_SNOTEL_LongDrawResv: [Errno 122] Disk quota exceeded: '/gpfs/work3/0/prjs1968/data/zarr/sm_only/ISMN_SNOTEL_LongDrawResv'
[ 497/993] ERR  ISMN_SNOTEL_LilyPond: [Errno 122] Disk quota exceeded: '/gpfs/work3/0/prjs1968/data/zarr/sm_only/ISMN_SNOTEL_LilyPond'
[ 498/993] ERR  ISMN_SNOTEL_LeavittLake: [Errno 122] Disk quota exceeded: '/gpfs/work3/0/prjs1968/data/zarr/sm_only/ISMN_SNOTEL_LeavittLake'
[ 499/993] ERR  ISMN_SNOTEL_McneilRiverSGS: [Errno 122] Disk quota exceeded: '/gpfs/work3/0/prjs1968/data/zarr/sm_only/ISMN_SNOTEL_McneilRiverSGS'
[ 500/993] ERR  ISMN_SNOTEL_LobdellLake: [Errno 122] Disk quota exceeded: '/gpfs/work3/0/prjs1968/data/zarr/sm_only/ISMN_SNOTEL_LobdellLake'
[ 501/993] ERR  ISMN_SNOTEL_KellyStation: [Errno 122] Disk quota exceeded: '/gpfs/work3/0/prjs1968/data/zarr/sm_only/ISMN_SNOTEL_KellyStation'
[ 502/993] ERR  ISMN_SNOTEL_Kolob: [Errno 122] Disk quota exceeded: '/gpfs/work3/0/prjs1968/data/zarr/sm_only/ISMN_SNOTEL_Kolob'
[ 503/993] ERR  ISMN_SNOTEL_LongFlat: [Errno 122] Disk quota exceeded: '/gpfs/work3/0/prjs1968/data/zarr/sm_only/ISMN_SNOTEL_LongFlat'
[ 504/993] ERR  ISMN_SNOTEL_LasalMountain: [Errno 122] Disk quota exceeded: '/gpfs/work3/0/prjs1968/data/zarr/sm_only/ISMN_SNOTEL_LasalMountain'
[ 505/993] ERR  ISMN_SNOTEL_LapreleCreek: [Errno 122] Disk quota exceeded: '/gpfs/work3/0/prjs1968/data/zarr/sm_only/ISMN_SNOTEL_LapreleCreek'
[ 506/993] ERR  ISMN_SNOTEL_LonesomeBeaver: [Errno 122] Disk quota exceeded: '/gpfs/work3/0/prjs1968/data/zarr/sm_only/ISMN_SNOTEL_LonesomeBeaver'
[ 507/993] ERR  ISMN_SNOTEL_LeavittMeadows: [Errno 122] Disk quota exceeded: '/gpfs/work3/0/prjs1968/data/zarr/sm_only/ISMN_SNOTEL_LeavittMeadows'
[ 508/993] ERR  ISMN_SNOTEL_JackwhackerGulch: [Errno 122] Disk quota exceeded: '/gpfs/work3/0/prjs1968/data/zarr/sm_only/ISMN_SNOTEL_JackwhackerGulch'
[ 509/993] ERR  ISMN_SNOTEL_LostCreekResv: [Errno 122] Disk quota exceeded: '/gpfs/work3/0/prjs1968/data/zarr/sm_only/ISMN_SNOTEL_LostCreekResv'
[ 510/993] ERR  ISMN_SNOTEL_Lookout: [Errno 122] Disk quota exceeded: '/gpfs/work3/0/prjs1968/data/zarr/sm_only/ISMN_SNOTEL_Lookout'
[ 511/993] ERR  ISMN_SNOTEL_Lamoille#3: [Errno 122] Disk quota exceeded: '/gpfs/work3/0/prjs1968/data/zarr/sm_only/ISMN_SNOTEL_Lamoille#3'
[ 512/993] ERR  ISMN_SNOTEL_LoneCone: [Errno 122] Disk quota exceeded: '/gpfs/work3/0/prjs1968/data/zarr/sm_only/ISMN_SNOTEL_LoneCone'
[ 513/993] ERR  ISMN_SNOTEL_LittleChenaRidge: [Errno 122] Disk quota exceeded: '/gpfs/work3/0/prjs1968/data/zarr/sm_only/ISMN_SNOTEL_LittleChenaRidge'
[ 514/993] ERR  ISMN_SNOTEL_KelleyR.S.: [Errno 122] Disk quota exceeded: '/gpfs/work3/0/prjs1968/data/zarr/sm_only/ISMN_SNOTEL_KelleyR.S.'
[ 515/993] ERR  ISMN_SNOTEL_Kalamazoo: [Errno 122] Disk quota exceeded: '/gpfs/work3/0/prjs1968/data/zarr/sm_only/ISMN_SNOTEL_Kalamazoo'
[ 516/993] ERR  ISMN_SNOTEL_LostDog: [Errno 122] Disk quota exceeded: '/gpfs/work3/0/prjs1968/data/zarr/sm_only/ISMN_SNOTEL_LostDog'
[ 517/993] ERR  ISMN_SNOTEL_LilyLake: [Errno 122] Disk quota exceeded: '/gpfs/work3/0/prjs1968/data/zarr/sm_only/ISMN_SNOTEL_LilyLake'
[ 518/993] ERR  ISMN_SNOTEL_LarsenCreek: [Errno 122] Disk quota exceeded: '/gpfs/work3/0/prjs1968/data/zarr/sm_only/ISMN_SNOTEL_LarsenCreek'
[ 519/993] ERR  ISMN_SNOTEL_JacksonPeak: [Errno 122] Disk quota exceeded: '/gpfs/work3/0/prjs1968/data/zarr/sm_only/ISMN_SNOTEL_JacksonPeak'
[ 520/993] ERR  ISMN_SNOTEL_LittleGrassy: [Errno 122] Disk quota exceeded: '/gpfs/work3/0/prjs1968/data/zarr/sm_only/ISMN_SNOTEL_LittleGrassy'
[ 521/993] ERR  ISMN_SNOTEL_LamanceCreek: [Errno 122] Disk quota exceeded: '/gpfs/work3/0/prjs1968/data/zarr/sm_only/ISMN_SNOTEL_LamanceCreek'
[ 522/993] ERR  ISMN_SNOTEL_LittleBear: [Errno 122] Disk quota exceeded: '/gpfs/work3/0/prjs1968/data/zarr/sm_only/ISMN_SNOTEL_LittleBear'
[ 523/993] ERR  ISMN_SNOTEL_KingsCabin: [Errno 122] Disk quota exceeded: '/gpfs/work3/0/prjs1968/data/zarr/sm_only/ISMN_SNOTEL_KingsCabin'
[ 524/993] ERR  ISMN_SNOTEL_KilfoilCreek: [Errno 122] Disk quota exceeded: '/gpfs/work3/0/prjs1968/data/zarr/sm_only/ISMN_SNOTEL_KilfoilCreek'
[ 525/993] ERR  ISMN_SNOTEL_KlondikeNarrows: [Errno 122] Disk quota exceeded: '/gpfs/work3/0/prjs1968/data/zarr/sm_only/ISMN_SNOTEL_KlondikeNarrows'
[ 526/993] ERR  ISMN_SNOTEL_LeeCanyon: [Errno 122] Disk quota exceeded: '/gpfs/work3/0/prjs1968/data/zarr/sm_only/ISMN_SNOTEL_LeeCanyon'
[ 527/993] ERR  ISMN_SNOTEL_LizardHeadPass: [Errno 122] Disk quota exceeded: '/gpfs/work3/0/prjs1968/data/zarr/sm_only/ISMN_SNOTEL_LizardHeadPass'
[ 528/993] ERR  ISMN_SNOTEL_LittleValley: [Errno 122] Disk quota exceeded: '/gpfs/work3/0/prjs1968/data/zarr/sm_only/ISMN_SNOTEL_LittleValley'
[ 529/993] ERR  ISMN_SNOTEL_LasalMountain-Lower: [Errno 122] Disk quota exceeded: '/gpfs/work3/0/prjs1968/data/zarr/sm_only/ISMN_SNOTEL_LasalMountain-Lower'
[ 530/993] ERR  ISMN_SNOTEL_LewisPeak: [Errno 122] Disk quota exceeded: '/gpfs/work3/0/prjs1968/data/zarr/sm_only/ISMN_SNOTEL_LewisPeak'
[ 531/993] ERR  ISMN_SNOTEL_KenaiMoosePens: [Errno 122] Disk quota exceeded: '/gpfs/work3/0/prjs1968/data/zarr/sm_only/ISMN_SNOTEL_KenaiMoosePens'
[ 532/993] ERR  ISMN_SNOTEL_JackWadeJct: [Errno 122] Disk quota exceeded: '/gpfs/work3/0/prjs1968/data/zarr/sm_only/ISMN_SNOTEL_JackWadeJct'
[ 533/993] ERR  ISMN_SNOTEL_KimberlyMine: [Errno 122] Disk quota exceeded: '/gpfs/work3/0/prjs1968/data/zarr/sm_only/ISMN_SNOTEL_KimberlyMine'
[ 534/993] ERR  ISMN_SNOTEL_LamoilleUpper: [Errno 122] Disk quota exceeded: '/gpfs/work3/0/prjs1968/data/zarr/sm_only/ISMN_SNOTEL_LamoilleUpper'
[ 535/993] ERR  ISMN_SNOTEL_LongValleyJct: [Errno 122] Disk quota exceeded: '/gpfs/work3/0/prjs1968/data/zarr/sm_only/ISMN_SNOTEL_LongValleyJct'
[ 536/993] ERR  ISMN_SNOTEL_JonesPass: [Errno 122] Disk quota exceeded: '/gpfs/work3/0/prjs1968/data/zarr/sm_only/ISMN_SNOTEL_JonesPass'
[ 537/993] ERR  ISMN_SNOTEL_LakeforkBasin: [Errno 122] Disk quota exceeded: '/gpfs/work3/0/prjs1968/data/zarr/sm_only/ISMN_SNOTEL_LakeforkBasin'
[ 538/993] ERR  ISMN_SNOTEL_IslandPark: [Errno 122] Disk quota exceeded: '/gpfs/work3/0/prjs1968/data/zarr/sm_only/ISMN_SNOTEL_IslandPark'
[ 539/993] ERR  ISMN_SNOTEL_LittleSnakeRiver: [Errno 122] Disk quota exceeded: '/gpfs/work3/0/prjs1968/data/zarr/sm_only/ISMN_SNOTEL_LittleSnakeRiver'
[ 540/993] ERR  ISMN_SNOTEL_Lakefork#1: [Errno 122] Disk quota exceeded: '/gpfs/work3/0/prjs1968/data/zarr/sm_only/ISMN_SNOTEL_Lakefork#1'
[ 541/993] ERR  ISMN_SNOTEL_JacksPeak: [Errno 122] Disk quota exceeded: '/gpfs/work3/0/prjs1968/data/zarr/sm_only/ISMN_SNOTEL_JacksPeak'
[ 542/993] ERR  ISMN_SNOTEL_LookoutPeak: [Errno 122] Disk quota exceeded: '/gpfs/work3/0/prjs1968/data/zarr/sm_only/ISMN_SNOTEL_LookoutPeak'
[ 543/993] ERR  ISMN_SNOTEL_LongValley: [Errno 122] Disk quota exceeded: '/gpfs/work3/0/prjs1968/data/zarr/sm_only/ISMN_SNOTEL_LongValley'
[ 544/993] ERR  ISMN_SNOTEL_LaurelDraw: [Errno 122] Disk quota exceeded: '/gpfs/work3/0/prjs1968/data/zarr/sm_only/ISMN_SNOTEL_LaurelDraw'
[ 545/993] ERR  ISMN_SNOTEL_JonesCorral: [Errno 122] Disk quota exceeded: '/gpfs/work3/0/prjs1968/data/zarr/sm_only/ISMN_SNOTEL_JonesCorral'
[ 546/993] ERR  ISMN_SNOTEL_LouisMeadow: [Errno 122] Disk quota exceeded: '/gpfs/work3/0/prjs1968/data/zarr/sm_only/ISMN_SNOTEL_LouisMeadow'
[ 547/993] ERR  ISMN_SNOTEL_MagicMountain: [Errno 122] Disk quota exceeded: '/gpfs/work3/0/prjs1968/data/zarr/sm_only/ISMN_SNOTEL_MagicMountain'
[ 548/993] ERR  ISMN_SNOTEL_McGrath: [Errno 122] Disk quota exceeded: '/gpfs/work3/0/prjs1968/data/zarr/sm_only/ISMN_SNOTEL_McGrath'
[ 549/993] ERR  ISMN_SNOTEL_MarletteLake: [Errno 122] Disk quota exceeded: '/gpfs/work3/0/prjs1968/data/zarr/sm_only/ISMN_SNOTEL_MarletteLake'
[ 550/993] ERR  ISMN_SNOTEL_LewisLakeDivide: [Errno 122] Disk quota exceeded: '/gpfs/work3/0/prjs1968/data/zarr/sm_only/ISMN_SNOTEL_LewisLakeDivide'
[ 551/993] ERR  ISMN_SNOTEL_Mammoth-Cottonwood: [Errno 122] Disk quota exceeded: '/gpfs/work3/0/prjs1968/data/zarr/sm_only/ISMN_SNOTEL_Mammoth-Cottonwood'
[ 552/993] ERR  ISMN_SNOTEL_MiddleForkCamp: [Errno 122] Disk quota exceeded: '/gpfs/work3/0/prjs1968/data/zarr/sm_only/ISMN_SNOTEL_MiddleForkCamp'
[ 553/993] ERR  ISMN_SNOTEL_MerchantValley: [Errno 122] Disk quota exceeded: '/gpfs/work3/0/prjs1968/data/zarr/sm_only/ISMN_SNOTEL_MerchantValley'
[ 554/993] ERR  ISMN_SNOTEL_MicaCreek: [Errno 122] Disk quota exceeded: '/gpfs/work3/0/prjs1968/data/zarr/sm_only/ISMN_SNOTEL_MicaCreek'
[ 555/993] ERR  ISMN_SNOTEL_MiningFork: [Errno 122] Disk quota exceeded: '/gpfs/work3/0/prjs1968/data/zarr/sm_only/ISMN_SNOTEL_MiningFork'
[ 556/993] ERR  ISMN_SNOTEL_MayCreek: [Errno 122] Disk quota exceeded: '/gpfs/work3/0/prjs1968/data/zarr/sm_only/ISMN_SNOTEL_MayCreek'
[ 557/993] ERR  ISMN_SNOTEL_MedBow: [Errno 122] Disk quota exceeded: '/gpfs/work3/0/prjs1968/data/zarr/sm_only/ISMN_SNOTEL_MedBow'
[ 558/993] ERR  ISMN_SNOTEL_MidwayValley: [Errno 122] Disk quota exceeded: '/gpfs/work3/0/prjs1968/data/zarr/sm_only/ISMN_SNOTEL_MidwayValley'
[ 559/993] ERR  ISMN_SNOTEL_MichiganCreek: [Errno 122] Disk quota exceeded: '/gpfs/work3/0/prjs1968/data/zarr/sm_only/ISMN_SNOTEL_MichiganCreek'
[ 560/993] ERR  ISMN_SNOTEL_MonitorPass: [Errno 122] Disk quota exceeded: '/gpfs/work3/0/prjs1968/data/zarr/sm_only/ISMN_SNOTEL_MonitorPass'
[ 561/993] ERR  ISMN_SNOTEL_ParleysUpper: [Errno 122] Disk quota exceeded: '/gpfs/work3/0/prjs1968/data/zarr/sm_only/ISMN_SNOTEL_ParleysUpper'
[ 562/993] ERR  ISMN_SNOTEL_ParkReservoir: [Errno 122] Disk quota exceeded: '/gpfs/work3/0/prjs1968/data/zarr/sm_only/ISMN_SNOTEL_ParkReservoir'
[ 563/993] ERR  ISMN_SNOTEL_PalisadesTahoe: [Errno 122] Disk quota exceeded: '/gpfs/work3/0/prjs1968/data/zarr/sm_only/ISMN_SNOTEL_PalisadesTahoe'
[ 564/993] ERR  ISMN_SNOTEL_PebbleCreek: [Errno 122] Disk quota exceeded: '/gpfs/work3/0/prjs1968/data/zarr/sm_only/ISMN_SNOTEL_PebbleCreek'
[ 565/993] ERR  ISMN_SNOTEL_MooreCreekBridge: [Errno 122] Disk quota exceeded: '/gpfs/work3/0/prjs1968/data/zarr/sm_only/ISMN_SNOTEL_MooreCreekBridge'
[ 566/993] ERR  ISMN_SNOTEL_PickleKeg: [Errno 122] Disk quota exceeded: '/gpfs/work3/0/prjs1968/data/zarr/sm_only/ISMN_SNOTEL_PickleKeg'
[ 567/993] ERR  ISMN_SNOTEL_Palo: [Errno 122] Disk quota exceeded: '/gpfs/work3/0/prjs1968/data/zarr/sm_only/ISMN_SNOTEL_Palo'
[ 568/993] ERR  ISMN_SNOTEL_PhantomValley: [Errno 122] Disk quota exceeded: '/gpfs/work3/0/prjs1968/data/zarr/sm_only/ISMN_SNOTEL_PhantomValley'
[ 569/993] ERR  ISMN_SNOTEL_MosbyMtn.: [Errno 122] Disk quota exceeded: '/gpfs/work3/0/prjs1968/data/zarr/sm_only/ISMN_SNOTEL_MosbyMtn.'
[ 570/993] ERR  ISMN_SNOTEL_OakCreek: [Errno 122] Disk quota exceeded: '/gpfs/work3/0/prjs1968/data/zarr/sm_only/ISMN_SNOTEL_OakCreek'
[ 571/993] ERR  ISMN_SNOTEL_MtPennell: [Errno 122] Disk quota exceeded: '/gpfs/work3/0/prjs1968/data/zarr/sm_only/ISMN_SNOTEL_MtPennell'
[ 572/993] ERR  ISMN_SNOTEL_PorphyryCreek: [Errno 122] Disk quota exceeded: '/gpfs/work3/0/prjs1968/data/zarr/sm_only/ISMN_SNOTEL_PorphyryCreek'
[ 573/993] ERR  ISMN_SNOTEL_MonumentCreek: [Errno 122] Disk quota exceeded: '/gpfs/work3/0/prjs1968/data/zarr/sm_only/ISMN_SNOTEL_MonumentCreek'
[ 574/993] ERR  ISMN_SNOTEL_MormonMtnSummit: [Errno 122] Disk quota exceeded: '/gpfs/work3/0/prjs1968/data/zarr/sm_only/ISMN_SNOTEL_MormonMtnSummit'
[ 575/993] ERR  ISMN_SNOTEL_PocketCreek: [Errno 122] Disk quota exceeded: '/gpfs/work3/0/prjs1968/data/zarr/sm_only/ISMN_SNOTEL_PocketCreek'
[ 576/993] ERR  ISMN_SNOTEL_QuartzMountain: [Errno 122] Disk quota exceeded: '/gpfs/work3/0/prjs1968/data/zarr/sm_only/ISMN_SNOTEL_QuartzMountain'
[ 577/993] ERR  ISMN_SNOTEL_PowderMountain: [Errno 122] Disk quota exceeded: '/gpfs/work3/0/prjs1968/data/zarr/sm_only/ISMN_SNOTEL_PowderMountain'
[ 578/993] ERR  ISMN_SNOTEL_MyrtleCreek: [Errno 122] Disk quota exceeded: '/gpfs/work3/0/prjs1968/data/zarr/sm_only/ISMN_SNOTEL_MyrtleCreek'
[ 579/993] ERR  ISMN_SNOTEL_MormonMountain: [Errno 122] Disk quota exceeded: '/gpfs/work3/0/prjs1968/data/zarr/sm_only/ISMN_SNOTEL_MormonMountain'
[ 580/993] ERR  ISMN_SNOTEL_MonteCristo: [Errno 122] Disk quota exceeded: '/gpfs/work3/0/prjs1968/data/zarr/sm_only/ISMN_SNOTEL_MonteCristo'
[ 581/993] ERR  ISMN_SNOTEL_PoisonFlat: [Errno 122] Disk quota exceeded: '/gpfs/work3/0/prjs1968/data/zarr/sm_only/ISMN_SNOTEL_PoisonFlat'
[ 582/993] ERR  ISMN_SNOTEL_MosquitoRidge: [Errno 122] Disk quota exceeded: '/gpfs/work3/0/prjs1968/data/zarr/sm_only/ISMN_SNOTEL_MosquitoRidge'
[ 583/993] ERR  ISMN_SNOTEL_PineCreek: [Errno 122] Disk quota exceeded: '/gpfs/work3/0/prjs1968/data/zarr/sm_only/ISMN_SNOTEL_PineCreek'
[ 584/993] ERR  ISMN_SNOTEL_PoleCanyon: [Errno 122] Disk quota exceeded: '/gpfs/work3/0/prjs1968/data/zarr/sm_only/ISMN_SNOTEL_PoleCanyon'
[ 585/993] ERR  ISMN_SNOTEL_Mill-DNorth: [Errno 122] Disk quota exceeded: '/gpfs/work3/0/prjs1968/data/zarr/sm_only/ISMN_SNOTEL_Mill-DNorth'
[ 586/993] ERR  ISMN_SNOTEL_NukaGlacier: [Errno 122] Disk quota exceeded: '/gpfs/work3/0/prjs1968/data/zarr/sm_only/ISMN_SNOTEL_NukaGlacier'
[ 587/993] ERR  ISMN_SNOTEL_NavajoWhiskeyCk: [Errno 122] Disk quota exceeded: '/gpfs/work3/0/prjs1968/data/zarr/sm_only/ISMN_SNOTEL_NavajoWhiskeyCk'
[ 588/993] ERR  ISMN_SNOTEL_PanguitchLakeRS: [Errno 122] Disk quota exceeded: '/gpfs/work3/0/prjs1968/data/zarr/sm_only/ISMN_SNOTEL_PanguitchLakeRS'
[ 589/993] ERR  ISMN_SNOTEL_ONeilCreek: [Errno 122] Disk quota exceeded: '/gpfs/work3/0/prjs1968/data/zarr/sm_only/ISMN_SNOTEL_ONeilCreek'
[ 590/993] ERR  ISMN_SNOTEL_PierceR.S.: [Errno 122] Disk quota exceeded: '/gpfs/work3/0/prjs1968/data/zarr/sm_only/ISMN_SNOTEL_PierceR.S.'
[ 591/993] ERR  ISMN_SNOTEL_MosesMtn: [Errno 122] Disk quota exceeded: '/gpfs/work3/0/prjs1968/data/zarr/sm_only/ISMN_SNOTEL_MosesMtn'
[ 592/993] ERR  ISMN_SNOTEL_Mt.Ryan: [Errno 122] Disk quota exceeded: '/gpfs/work3/0/prjs1968/data/zarr/sm_only/ISMN_SNOTEL_Mt.Ryan'
[ 593/993] ERR  ISMN_SNOTEL_ParkCone: [Errno 122] Disk quota exceeded: '/gpfs/work3/0/prjs1968/data/zarr/sm_only/ISMN_SNOTEL_ParkCone'
[ 594/993] ERR  ISMN_SNOTEL_MudFlat: [Errno 122] Disk quota exceeded: '/gpfs/work3/0/prjs1968/data/zarr/sm_only/ISMN_SNOTEL_MudFlat'
[ 595/993] ERR  ISMN_SNOTEL_MoscowMountain: [Errno 122] Disk quota exceeded: '/gpfs/work3/0/prjs1968/data/zarr/sm_only/ISMN_SNOTEL_MoscowMountain'
[ 596/993] ERR  ISMN_SNOTEL_PortGraham: [Errno 122] Disk quota exceeded: '/gpfs/work3/0/prjs1968/data/zarr/sm_only/ISMN_SNOTEL_PortGraham'
[ 597/993] ERR  ISMN_SNOTEL_PorterCanyon: [Errno 122] Disk quota exceeded: '/gpfs/work3/0/prjs1968/data/zarr/sm_only/ISMN_SNOTEL_PorterCanyon'
[ 598/993] ERR  ISMN_SNOTEL_ReddenMineLwr: [Errno 122] Disk quota exceeded: '/gpfs/work3/0/prjs1968/data/zarr/sm_only/ISMN_SNOTEL_ReddenMineLwr'
[ 599/993] ERR  ISMN_SNOTEL_RainyPass: [Errno 122] Disk quota exceeded: '/gpfs/work3/0/prjs1968/data/zarr/sm_only/ISMN_SNOTEL_RainyPass'
[ 600/993] ERR  ISMN_SNOTEL_ParrishCreek: [Errno 122] Disk quota exceeded: '/gpfs/work3/0/prjs1968/data/zarr/sm_only/ISMN_SNOTEL_ParrishCreek'
[ 601/993] ERR  ISMN_SNOTEL_MtRoseSkiArea: [Errno 122] Disk quota exceeded: '/gpfs/work3/0/prjs1968/data/zarr/sm_only/ISMN_SNOTEL_MtRoseSkiArea'
[ 602/993] ERR  ISMN_SNOTEL_RainbowCanyon: [Errno 122] Disk quota exceeded: '/gpfs/work3/0/prjs1968/data/zarr/sm_only/ISMN_SNOTEL_RainbowCanyon'
[ 603/993] ERR  ISMN_SNOTEL_PaysonR.S.: [Errno 122] Disk quota exceeded: '/gpfs/work3/0/prjs1968/data/zarr/sm_only/ISMN_SNOTEL_PaysonR.S.'
[ 604/993] ERR  ISMN_SNOTEL_MtBaldy: [Errno 122] Disk quota exceeded: '/gpfs/work3/0/prjs1968/data/zarr/sm_only/ISMN_SNOTEL_MtBaldy'
[ 605/993] ERR  ISMN_SNOTEL_RaggedMountain: [Errno 122] Disk quota exceeded: '/gpfs/work3/0/prjs1968/data/zarr/sm_only/ISMN_SNOTEL_RaggedMountain'
[ 606/993] ERR  ISMN_SNOTEL_ParleysSummit: [Errno 122] Disk quota exceeded: '/gpfs/work3/0/prjs1968/data/zarr/sm_only/ISMN_SNOTEL_ParleysSummit'
[ 607/993] ERR  ISMN_SNOTEL_QuartzPeak: [Errno 122] Disk quota exceeded: '/gpfs/work3/0/prjs1968/data/zarr/sm_only/ISMN_SNOTEL_QuartzPeak'
[ 608/993] ERR  ISMN_SNOTEL_Quemazon: [Errno 122] Disk quota exceeded: '/gpfs/work3/0/prjs1968/data/zarr/sm_only/ISMN_SNOTEL_Quemazon'
[ 609/993] ERR  ISMN_SNOTEL_PoleCreekR.S.: [Errno 122] Disk quota exceeded: '/gpfs/work3/0/prjs1968/data/zarr/sm_only/ISMN_SNOTEL_PoleCreekR.S.'
[ 610/993] ERR  ISMN_SNOTEL_ReynoldsCreek: [Errno 122] Disk quota exceeded: '/gpfs/work3/0/prjs1968/data/zarr/sm_only/ISMN_SNOTEL_ReynoldsCreek'
[ 611/993] ERR  ISMN_SNOTEL_RioSantaBarbara: [Errno 122] Disk quota exceeded: '/gpfs/work3/0/prjs1968/data/zarr/sm_only/ISMN_SNOTEL_RioSantaBarbara'
[ 612/993] ERR  ISMN_SNOTEL_RockCreek: [Errno 122] Disk quota exceeded: '/gpfs/work3/0/prjs1968/data/zarr/sm_only/ISMN_SNOTEL_RockCreek'
[ 613/993] ERR  ISMN_SNOTEL_RockwoodGS: [Errno 122] Disk quota exceeded: '/gpfs/work3/0/prjs1968/data/zarr/sm_only/ISMN_SNOTEL_RockwoodGS'
[ 614/993] ERR  ISMN_SNOTEL_RockSprings: [Errno 122] Disk quota exceeded: '/gpfs/work3/0/prjs1968/data/zarr/sm_only/ISMN_SNOTEL_RockSprings'
[ 615/993] ERR  ISMN_SNOTEL_ReesFlat: [Errno 122] Disk quota exceeded: '/gpfs/work3/0/prjs1968/data/zarr/sm_only/ISMN_SNOTEL_ReesFlat'
[ 616/993] ERR  ISMN_SNOTEL_RoughAndTumble: [Errno 122] Disk quota exceeded: '/gpfs/work3/0/prjs1968/data/zarr/sm_only/ISMN_SNOTEL_RoughAndTumble'
[ 617/993] ERR  ISMN_SNOTEL_Rubicon#2: [Errno 122] Disk quota exceeded: '/gpfs/work3/0/prjs1968/data/zarr/sm_only/ISMN_SNOTEL_Rubicon#2'
[ 618/993] ERR  ISMN_SNOTEL_SandstoneRS: [Errno 122] Disk quota exceeded: '/gpfs/work3/0/prjs1968/data/zarr/sm_only/ISMN_SNOTEL_SandstoneRS'
[ 619/993] ERR  ISMN_SNOTEL_SavagePass: [Errno 122] Disk quota exceeded: '/gpfs/work3/0/prjs1968/data/zarr/sm_only/ISMN_SNOTEL_SavagePass'
[ 620/993] ERR  ISMN_SNOTEL_RockyBasin-Settleme: [Errno 122] Disk quota exceeded: '/gpfs/work3/0/prjs1968/data/zarr/sm_only/ISMN_SNOTEL_RockyBasin-Settleme'
[ 621/993] ERR  ISMN_SNOTEL_SaltRiverSummit: [Errno 122] Disk quota exceeded: '/gpfs/work3/0/prjs1968/data/zarr/sm_only/ISMN_SNOTEL_SaltRiverSummit'
[ 622/993] ERR  ISMN_SNOTEL_SantaquinMeadows: [Errno 122] Disk quota exceeded: '/gpfs/work3/0/prjs1968/data/zarr/sm_only/ISMN_SNOTEL_SantaquinMeadows'
[ 623/993] ERR  ISMN_SNOTEL_SantaFe: [Errno 122] Disk quota exceeded: '/gpfs/work3/0/prjs1968/data/zarr/sm_only/ISMN_SNOTEL_SantaFe'
[ 624/993] ERR  ISMN_SNOTEL_Sharkstooth: [Errno 122] Disk quota exceeded: '/gpfs/work3/0/prjs1968/data/zarr/sm_only/ISMN_SNOTEL_Sharkstooth'
[ 625/993] ERR  ISMN_SNOTEL_SageCreekBasin: [Errno 122] Disk quota exceeded: '/gpfs/work3/0/prjs1968/data/zarr/sm_only/ISMN_SNOTEL_SageCreekBasin'
[ 626/993] ERR  ISMN_SNOTEL_SuuRanch: [Errno 122] Disk quota exceeded: '/gpfs/work3/0/prjs1968/data/zarr/sm_only/ISMN_SNOTEL_SuuRanch'
[ 627/993] ERR  ISMN_SNOTEL_SunflowerFlat: [Errno 122] Disk quota exceeded: '/gpfs/work3/0/prjs1968/data/zarr/sm_only/ISMN_SNOTEL_SunflowerFlat'
[ 628/993] ERR  ISMN_SNOTEL_TaylorCanyon: [Errno 122] Disk quota exceeded: '/gpfs/work3/0/prjs1968/data/zarr/sm_only/ISMN_SNOTEL_TaylorCanyon'
[ 629/993] ERR  ISMN_SNOTEL_SummitMeadow: [Errno 122] Disk quota exceeded: '/gpfs/work3/0/prjs1968/data/zarr/sm_only/ISMN_SNOTEL_SummitMeadow'
[ 630/993] ERR  ISMN_SNOTEL_ThumbDivide: [Errno 122] Disk quota exceeded: '/gpfs/work3/0/prjs1968/data/zarr/sm_only/ISMN_SNOTEL_ThumbDivide'
[ 631/993] ERR  ISMN_SNOTEL_SmithMorehouse: [Errno 122] Disk quota exceeded: '/gpfs/work3/0/prjs1968/data/zarr/sm_only/ISMN_SNOTEL_SmithMorehouse'
[ 632/993] ERR  ISMN_SNOTEL_SnakeRiverStation: [Errno 122] Disk quota exceeded: '/gpfs/work3/0/prjs1968/data/zarr/sm_only/ISMN_SNOTEL_SnakeRiverStation'
[ 633/993] ERR  ISMN_SNOTEL_SprattCreek: [Errno 122] Disk quota exceeded: '/gpfs/work3/0/prjs1968/data/zarr/sm_only/ISMN_SNOTEL_SprattCreek'
[ 634/993] ERR  ISMN_SNOTEL_SeventysixCreek: [Errno 122] Disk quota exceeded: '/gpfs/work3/0/prjs1968/data/zarr/sm_only/ISMN_SNOTEL_SeventysixCreek'
[ 635/993] ERR  ISMN_SNOTEL_SouthMtn.: [Errno 122] Disk quota exceeded: '/gpfs/work3/0/prjs1968/data/zarr/sm_only/ISMN_SNOTEL_SouthMtn.'
[ 636/993] ERR  ISMN_SNOTEL_Shuree: [Errno 122] Disk quota exceeded: '/gpfs/work3/0/prjs1968/data/zarr/sm_only/ISMN_SNOTEL_Shuree'
[ 637/993] ERR  ISMN_SNOTEL_TahoeCityCross: [Errno 122] Disk quota exceeded: '/gpfs/work3/0/prjs1968/data/zarr/sm_only/ISMN_SNOTEL_TahoeCityCross'
[ 638/993] ERR  ISMN_SNOTEL_SouthBrushCreek: [Errno 122] Disk quota exceeded: '/gpfs/work3/0/prjs1968/data/zarr/sm_only/ISMN_SNOTEL_SouthBrushCreek'
[ 639/993] ERR  ISMN_SNOTEL_SomsenRanch: [Errno 122] Disk quota exceeded: '/gpfs/work3/0/prjs1968/data/zarr/sm_only/ISMN_SNOTEL_SomsenRanch'
[ 640/993] ERR  ISMN_SNOTEL_SteelCreekPark: [Errno 122] Disk quota exceeded: '/gpfs/work3/0/prjs1968/data/zarr/sm_only/ISMN_SNOTEL_SteelCreekPark'
[ 641/993] ERR  ISMN_SNOTEL_SummitRanch: [Errno 122] Disk quota exceeded: '/gpfs/work3/0/prjs1968/data/zarr/sm_only/ISMN_SNOTEL_SummitRanch'
[ 642/993] ERR  ISMN_SNOTEL_SenoritaDivide#2: [Errno 122] Disk quota exceeded: '/gpfs/work3/0/prjs1968/data/zarr/sm_only/ISMN_SNOTEL_SenoritaDivide#2'
[ 643/993] ERR  ISMN_SNOTEL_StateLine: [Errno 122] Disk quota exceeded: '/gpfs/work3/0/prjs1968/data/zarr/sm_only/ISMN_SNOTEL_StateLine'
[ 644/993] ERR  ISMN_SNOTEL_SpiritLk: [Errno 122] Disk quota exceeded: '/gpfs/work3/0/prjs1968/data/zarr/sm_only/ISMN_SNOTEL_SpiritLk'
[ 645/993] ERR  ISMN_SNOTEL_SummitCreek: [Errno 122] Disk quota exceeded: '/gpfs/work3/0/prjs1968/data/zarr/sm_only/ISMN_SNOTEL_SummitCreek'
[ 646/993] ERR  ISMN_SNOTEL_Snowbird: [Errno 122] Disk quota exceeded: '/gpfs/work3/0/prjs1968/data/zarr/sm_only/ISMN_SNOTEL_Snowbird'
[ 647/993] ERR  ISMN_SNOTEL_StickneyMill: [Errno 122] Disk quota exceeded: '/gpfs/work3/0/prjs1968/data/zarr/sm_only/ISMN_SNOTEL_StickneyMill'
[ 648/993] ERR  ISMN_SNOTEL_TempleFork: [Errno 122] Disk quota exceeded: '/gpfs/work3/0/prjs1968/data/zarr/sm_only/ISMN_SNOTEL_TempleFork'
[ 649/993] ERR  ISMN_SNOTEL_SummitLk: [Errno 122] Disk quota exceeded: '/gpfs/work3/0/prjs1968/data/zarr/sm_only/ISMN_SNOTEL_SummitLk'
[ 650/993] ERR  ISMN_SNOTEL_Sheldon: [Errno 122] Disk quota exceeded: '/gpfs/work3/0/prjs1968/data/zarr/sm_only/ISMN_SNOTEL_Sheldon'
[ 651/993] ERR  ISMN_SNOTEL_StillwaterCreek: [Errno 122] Disk quota exceeded: '/gpfs/work3/0/prjs1968/data/zarr/sm_only/ISMN_SNOTEL_StillwaterCreek'
[ 652/993] ERR  ISMN_SNOTEL_Slumgullion: [Errno 122] Disk quota exceeded: '/gpfs/work3/0/prjs1968/data/zarr/sm_only/ISMN_SNOTEL_Slumgullion'
[ 653/993] ERR  ISMN_SNOTEL_SchofieldPass: [Errno 122] Disk quota exceeded: '/gpfs/work3/0/prjs1968/data/zarr/sm_only/ISMN_SNOTEL_SchofieldPass'
[ 654/993] ERR  ISMN_SNOTEL_Silvies: [Errno 122] Disk quota exceeded: '/gpfs/work3/0/prjs1968/data/zarr/sm_only/ISMN_SNOTEL_Silvies'
[ 655/993] ERR  ISMN_SNOTEL_SusitnaValleyHigh: [Errno 122] Disk quota exceeded: '/gpfs/work3/0/prjs1968/data/zarr/sm_only/ISMN_SNOTEL_SusitnaValleyHigh'
[ 656/993] ERR  ISMN_SNOTEL_SheepMtn.: [Errno 122] Disk quota exceeded: '/gpfs/work3/0/prjs1968/data/zarr/sm_only/ISMN_SNOTEL_SheepMtn.'
[ 657/993] ERR  ISMN_SNOTEL_TelaquanaLake: [Errno 122] Disk quota exceeded: '/gpfs/work3/0/prjs1968/data/zarr/sm_only/ISMN_SNOTEL_TelaquanaLake'
[ 658/993] ERR  ISMN_SNOTEL_SourdoughGulch: [Errno 122] Disk quota exceeded: '/gpfs/work3/0/prjs1968/data/zarr/sm_only/ISMN_SNOTEL_SourdoughGulch'
[ 659/993] ERR  ISMN_SNOTEL_TaosPowderhorn: [Errno 122] Disk quota exceeded: '/gpfs/work3/0/prjs1968/data/zarr/sm_only/ISMN_SNOTEL_TaosPowderhorn'
[ 660/993] ERR  ISMN_SNOTEL_ThistleFlat: [Errno 122] Disk quota exceeded: '/gpfs/work3/0/prjs1968/data/zarr/sm_only/ISMN_SNOTEL_ThistleFlat'
[ 661/993] ERR  ISMN_SNOTEL_SpringCreek: [Errno 122] Disk quota exceeded: '/gpfs/work3/0/prjs1968/data/zarr/sm_only/ISMN_SNOTEL_SpringCreek'
[ 662/993] ERR  ISMN_SNOTEL_Sunset: [Errno 122] Disk quota exceeded: '/gpfs/work3/0/prjs1968/data/zarr/sm_only/ISMN_SNOTEL_Sunset'
[ 663/993] ERR  ISMN_SNOTEL_StrawberryDivide: [Errno 122] Disk quota exceeded: '/gpfs/work3/0/prjs1968/data/zarr/sm_only/ISMN_SNOTEL_StrawberryDivide'
[ 664/993] ERR  ISMN_SNOTEL_SwedePeak: [Errno 122] Disk quota exceeded: '/gpfs/work3/0/prjs1968/data/zarr/sm_only/ISMN_SNOTEL_SwedePeak'
[ 665/993] ERR  ISMN_SNOTEL_ThaynesCanyon: [Errno 122] Disk quota exceeded: '/gpfs/work3/0/prjs1968/data/zarr/sm_only/ISMN_SNOTEL_ThaynesCanyon'
[ 666/993] ERR  ISMN_SNOTEL_ShanghiSummit: [Errno 122] Disk quota exceeded: '/gpfs/work3/0/prjs1968/data/zarr/sm_only/ISMN_SNOTEL_ShanghiSummit'
[ 667/993] ERR  ISMN_SNOTEL_TaosPueblo: [Errno 122] Disk quota exceeded: '/gpfs/work3/0/prjs1968/data/zarr/sm_only/ISMN_SNOTEL_TaosPueblo'
[ 668/993] ERR  ISMN_SNOTEL_Sherwin: [Errno 122] Disk quota exceeded: '/gpfs/work3/0/prjs1968/data/zarr/sm_only/ISMN_SNOTEL_Sherwin'
[ 669/993] ERR  ISMN_SNOTEL_Sawtooth: [Errno 122] Disk quota exceeded: '/gpfs/work3/0/prjs1968/data/zarr/sm_only/ISMN_SNOTEL_Sawtooth'
[ 670/993] ERR  ISMN_SNOTEL_SonoraPass: [Errno 122] Disk quota exceeded: '/gpfs/work3/0/prjs1968/data/zarr/sm_only/ISMN_SNOTEL_SonoraPass'
[ 671/993] ERR  ISMN_SNOTEL_SeeleyCreek: [Errno 122] Disk quota exceeded: '/gpfs/work3/0/prjs1968/data/zarr/sm_only/ISMN_SNOTEL_SeeleyCreek'
[ 672/993] ERR  ISMN_SNOTEL_TakkaWiiya: [Errno 122] Disk quota exceeded: '/gpfs/work3/0/prjs1968/data/zarr/sm_only/ISMN_SNOTEL_TakkaWiiya'
[ 673/993] ERR  ISMN_SNOTEL_TonyGroveLake: [Errno 122] Disk quota exceeded: '/gpfs/work3/0/prjs1968/data/zarr/sm_only/ISMN_SNOTEL_TonyGroveLake'
[ 674/993] ERR  ISMN_SNOTEL_Timberline: [Errno 122] Disk quota exceeded: '/gpfs/work3/0/prjs1968/data/zarr/sm_only/ISMN_SNOTEL_Timberline'
[ 675/993] ERR  ISMN_SNOTEL_Tipton: [Errno 122] Disk quota exceeded: '/gpfs/work3/0/prjs1968/data/zarr/sm_only/ISMN_SNOTEL_Tipton'
[ 676/993] ERR  ISMN_SNOTEL_TimpanogosDivide: [Errno 122] Disk quota exceeded: '/gpfs/work3/0/prjs1968/data/zarr/sm_only/ISMN_SNOTEL_TimpanogosDivide'
[ 677/993] ERR  ISMN_SNOTEL_TokositnaValley: [Errno 122] Disk quota exceeded: '/gpfs/work3/0/prjs1968/data/zarr/sm_only/ISMN_SNOTEL_TokositnaValley'
[ 678/993] ERR  ISMN_SNOTEL_TonyGroveRS: [Errno 122] Disk quota exceeded: '/gpfs/work3/0/prjs1968/data/zarr/sm_only/ISMN_SNOTEL_TonyGroveRS'
[ 679/993] ERR  ISMN_SNOTEL_Touchet: [Errno 122] Disk quota exceeded: '/gpfs/work3/0/prjs1968/data/zarr/sm_only/ISMN_SNOTEL_Touchet'
[ 680/993] ERR  ISMN_SNOTEL_Tok: [Errno 122] Disk quota exceeded: '/gpfs/work3/0/prjs1968/data/zarr/sm_only/ISMN_SNOTEL_Tok'
[ 681/993] ERR  ISMN_SNOTEL_ToeJam: [Errno 122] Disk quota exceeded: '/gpfs/work3/0/prjs1968/data/zarr/sm_only/ISMN_SNOTEL_ToeJam'
[ 682/993] ERR  ISMN_SNOTEL_TresRitos: [Errno 122] Disk quota exceeded: '/gpfs/work3/0/prjs1968/data/zarr/sm_only/ISMN_SNOTEL_TresRitos'
[ 683/993] ERR  ISMN_SNOTEL_TrialLake: [Errno 122] Disk quota exceeded: '/gpfs/work3/0/prjs1968/data/zarr/sm_only/ISMN_SNOTEL_TrialLake'
[ 684/993] ERR  ISMN_SNOTEL_Truckee#2: [Errno 122] Disk quota exceeded: '/gpfs/work3/0/prjs1968/data/zarr/sm_only/ISMN_SNOTEL_Truckee#2'
[ 685/993] ERR  ISMN_SNOTEL_Trough: [Errno 122] Disk quota exceeded: '/gpfs/work3/0/prjs1968/data/zarr/sm_only/ISMN_SNOTEL_Trough'
[ 686/993] ERR  ISMN_SNOTEL_UpperNomeCreek: [Errno 122] Disk quota exceeded: '/gpfs/work3/0/prjs1968/data/zarr/sm_only/ISMN_SNOTEL_UpperNomeCreek'
[ 687/993] ERR  ISMN_SNOTEL_TriplePeak: [Errno 122] Disk quota exceeded: '/gpfs/work3/0/prjs1968/data/zarr/sm_only/ISMN_SNOTEL_TriplePeak'
[ 688/993] ERR  ISMN_SNOTEL_UpperJoesValley: [Errno 122] Disk quota exceeded: '/gpfs/work3/0/prjs1968/data/zarr/sm_only/ISMN_SNOTEL_UpperJoesValley'
[ 689/993] ERR  ISMN_SNOTEL_TroutCreek: [Errno 122] Disk quota exceeded: '/gpfs/work3/0/prjs1968/data/zarr/sm_only/ISMN_SNOTEL_TroutCreek'
[ 690/993] ERR  ISMN_SNOTEL_WolfCreekPeak: [Errno 122] Disk quota exceeded: '/gpfs/work3/0/prjs1968/data/zarr/sm_only/ISMN_SNOTEL_WolfCreekPeak'
[ 691/993] ERR  ISMN_TxSON_CR1000-2: [Errno 122] Disk quota exceeded: '/gpfs/work3/0/prjs1968/data/zarr/sm_only/ISMN_TxSON_CR1000-2'
[ 692/993] ERR  ISMN_SNOTEL_WebsterFlat: [Errno 122] Disk quota exceeded: '/gpfs/work3/0/prjs1968/data/zarr/sm_only/ISMN_SNOTEL_WebsterFlat'
[ 693/993] ERR  ISMN_SNOTEL_WrigleyCreek: [Errno 122] Disk quota exceeded: '/gpfs/work3/0/prjs1968/data/zarr/sm_only/ISMN_SNOTEL_WrigleyCreek'
[ 694/993] ERR  ISMN_SNOTEL_VernonCreek: [Errno 122] Disk quota exceeded: '/gpfs/work3/0/prjs1968/data/zarr/sm_only/ISMN_SNOTEL_VernonCreek'
[ 695/993] ERR  ISMN_TxSON_CR1000-3: [Errno 122] Disk quota exceeded: '/gpfs/work3/0/prjs1968/data/zarr/sm_only/ISMN_TxSON_CR1000-3'
[ 696/993] ERR  ISMN_SNOTEL_WildhorseDivide: [Errno 122] Disk quota exceeded: '/gpfs/work3/0/prjs1968/data/zarr/sm_only/ISMN_SNOTEL_WildhorseDivide'
[ 697/993] ERR  ISMN_SNOTEL_Widtsoe#3: [Errno 122] Disk quota exceeded: '/gpfs/work3/0/prjs1968/data/zarr/sm_only/ISMN_SNOTEL_Widtsoe#3'
[ 698/993] ERR  ISMN_SNOTEL_Zirkel: [Errno 122] Disk quota exceeded: '/gpfs/work3/0/prjs1968/data/zarr/sm_only/ISMN_SNOTEL_Zirkel'
[ 699/993] ERR  ISMN_SNOTEL_UpperRioGrande: [Errno 122] Disk quota exceeded: '/gpfs/work3/0/prjs1968/data/zarr/sm_only/ISMN_SNOTEL_UpperRioGrande'
[ 700/993] ERR  ISMN_SNOTEL_VacarroSprings: [Errno 122] Disk quota exceeded: '/gpfs/work3/0/prjs1968/data/zarr/sm_only/ISMN_SNOTEL_VacarroSprings'
[ 701/993] ERR  ISMN_TWENTE_ITCSM-13: [Errno 122] Disk quota exceeded: '/gpfs/work3/0/prjs1968/data/zarr/sm_only/ISMN_TWENTE_ITCSM-13'
[ 702/993] ERR  ISMN_TxSON_CR1000-1: [Errno 122] Disk quota exceeded: '/gpfs/work3/0/prjs1968/data/zarr/sm_only/ISMN_TxSON_CR1000-1'
[ 703/993] ERR  ISMN_SNOTEL_WhiteRiver#1: [Errno 122] Disk quota exceeded: '/gpfs/work3/0/prjs1968/data/zarr/sm_only/ISMN_SNOTEL_WhiteRiver#1'
[ 704/993] ERR  ISMN_SNOTEL_UpperSanJuan: [Errno 122] Disk quota exceeded: '/gpfs/work3/0/prjs1968/data/zarr/sm_only/ISMN_SNOTEL_UpperSanJuan'
[ 705/993] ERR  ISMN_SNOTEL_WardCreek#3: [Errno 122] Disk quota exceeded: '/gpfs/work3/0/prjs1968/data/zarr/sm_only/ISMN_SNOTEL_WardCreek#3'
[ 706/993] ERR  ISMN_SNOTEL_WheelerPeak: [Errno 122] Disk quota exceeded: '/gpfs/work3/0/prjs1968/data/zarr/sm_only/ISMN_SNOTEL_WheelerPeak'
[ 707/993] ERR  ISMN_SNOTEL_UsuDocDaniel: [Errno 122] Disk quota exceeded: '/gpfs/work3/0/prjs1968/data/zarr/sm_only/ISMN_SNOTEL_UsuDocDaniel'
[ 708/993] ERR  ISMN_TWENTE_ITCSM-15b: [Errno 122] Disk quota exceeded: '/gpfs/work3/0/prjs1968/data/zarr/sm_only/ISMN_TWENTE_ITCSM-15b'
[ 709/993] ERR  ISMN_SNOTEL_WilburBench: [Errno 122] Disk quota exceeded: '/gpfs/work3/0/prjs1968/data/zarr/sm_only/ISMN_SNOTEL_WilburBench'
[ 710/993] ERR  ISMN_SNOTEL_VirginiaLakesRidge: [Errno 122] Disk quota exceeded: '/gpfs/work3/0/prjs1968/data/zarr/sm_only/ISMN_SNOTEL_VirginiaLakesRidge'
[ 711/993] ERR  ISMN_TWENTE_ITCSM-07b: [Errno 122] Disk quota exceeded: '/gpfs/work3/0/prjs1968/data/zarr/sm_only/ISMN_TWENTE_ITCSM-07b'
[ 712/993] ERR  ISMN_STEMS_CarpenetopermanentGrassCoverTrackposition: [Errno 122] Disk quota exceeded: '/gpfs/work3/0/prjs1968/data/zarr/sm_only/ISMN_STEMS_CarpenetopermanentGrassCoverTrackposition'
[ 713/993] ERR  ISMN_SNOTEL_WolfCreekSummit: [Errno 122] Disk quota exceeded: '/gpfs/work3/0/prjs1968/data/zarr/sm_only/ISMN_SNOTEL_WolfCreekSummit'
[ 714/993] ERR  ISMN_SNOTEL_WardMountain: [Errno 122] Disk quota exceeded: '/gpfs/work3/0/prjs1968/data/zarr/sm_only/ISMN_SNOTEL_WardMountain'
[ 715/993] ERR  ISMN_SNOTEL_UpperTaylor: [Errno 122] Disk quota exceeded: '/gpfs/work3/0/prjs1968/data/zarr/sm_only/ISMN_SNOTEL_UpperTaylor'
[ 716/993] ERR  ISMN_SNOTEL_WilsonCreek: [Errno 122] Disk quota exceeded: '/gpfs/work3/0/prjs1968/data/zarr/sm_only/ISMN_SNOTEL_WilsonCreek'
[ 717/993] ERR  ISMN_STEMS_CarpenetopermanentGrassCoverNoTrackposition: [Errno 122] Disk quota exceeded: '/gpfs/work3/0/prjs1968/data/zarr/sm_only/ISMN_STEMS_CarpenetopermanentGrassCoverNoTrackposition'
[ 718/993] ERR  ISMN_SOILSCAPE_Lucky-Hills-1503: [Errno 122] Disk quota exceeded: '/gpfs/work3/0/prjs1968/data/zarr/sm_only/ISMN_SOILSCAPE_Lucky-Hills-1503'
[ 719/993] ERR  ISMN_SNOTEL_WesnerSprings: [Errno 122] Disk quota exceeded: '/gpfs/work3/0/prjs1968/data/zarr/sm_only/ISMN_SNOTEL_WesnerSprings'
[ 720/993] ERR  ISMN_SOILSCAPE_Lucky-Hills-1506: [Errno 122] Disk quota exceeded: '/gpfs/work3/0/prjs1968/data/zarr/sm_only/ISMN_SOILSCAPE_Lucky-Hills-1506'
[ 721/993] ERR  ISMN_TERENO_Gevenich: [Errno 122] Disk quota exceeded: '/gpfs/work3/0/prjs1968/data/zarr/sm_only/ISMN_TERENO_Gevenich'
[ 722/993] ERR  ISMN_TERENO_Selhausen: [Errno 122] Disk quota exceeded: '/gpfs/work3/0/prjs1968/data/zarr/sm_only/ISMN_TERENO_Selhausen'
[ 723/993] ERR  ISMN_TWENTE_ITCSM-09: [Errno 122] Disk quota exceeded: '/gpfs/work3/0/prjs1968/data/zarr/sm_only/ISMN_TWENTE_ITCSM-09'
[ 724/993] ERR  ISMN_TxSON_CR200-14: [Errno 122] Disk quota exceeded: '/gpfs/work3/0/prjs1968/data/zarr/sm_only/ISMN_TxSON_CR200-14'
[ 725/993] ERR  ISMN_TxSON_CR1000-4: [Errno 122] Disk quota exceeded: '/gpfs/work3/0/prjs1968/data/zarr/sm_only/ISMN_TxSON_CR1000-4'
[ 726/993] ERR  ISMN_TWENTE_ITCSM-08b: [Errno 122] Disk quota exceeded: '/gpfs/work3/0/prjs1968/data/zarr/sm_only/ISMN_TWENTE_ITCSM-08b'
[ 727/993] ERR  ISMN_SNOTEL_WindyPeak: [Errno 122] Disk quota exceeded: '/gpfs/work3/0/prjs1968/data/zarr/sm_only/ISMN_SNOTEL_WindyPeak'
[ 728/993] ERR  ISMN_SNOTEL_WildBasin: [Errno 122] Disk quota exceeded: '/gpfs/work3/0/prjs1968/data/zarr/sm_only/ISMN_SNOTEL_WildBasin'
[ 729/993] ERR  ISMN_TWENTE_ITCSM-16b: [Errno 122] Disk quota exceeded: '/gpfs/work3/0/prjs1968/data/zarr/sm_only/ISMN_TWENTE_ITCSM-16b'
[ 730/993] ERR  ISMN_SNOTEL_YankeeReservoir: [Errno 122] Disk quota exceeded: '/gpfs/work3/0/prjs1968/data/zarr/sm_only/ISMN_SNOTEL_YankeeReservoir'
[ 731/993] ERR  ISMN_TERENO_Merzenhausen: [Errno 122] Disk quota exceeded: '/gpfs/work3/0/prjs1968/data/zarr/sm_only/ISMN_TERENO_Merzenhausen'
[ 732/993] ERR  ISMN_TERENO_Schoeneseiffen: [Errno 122] Disk quota exceeded: '/gpfs/work3/0/prjs1968/data/zarr/sm_only/ISMN_TERENO_Schoeneseiffen'
[ 733/993] ERR  ISMN_TWENTE_Hupsel: [Errno 122] Disk quota exceeded: '/gpfs/work3/0/prjs1968/data/zarr/sm_only/ISMN_TWENTE_Hupsel'
[ 734/993] ERR  ISMN_TWENTE_ITCSM-17c: [Errno 122] Disk quota exceeded: '/gpfs/work3/0/prjs1968/data/zarr/sm_only/ISMN_TWENTE_ITCSM-17c'
[ 735/993] ERR  ISMN_SNOTEL_UpperTsainaRiver: [Errno 122] Disk quota exceeded: '/gpfs/work3/0/prjs1968/data/zarr/sm_only/ISMN_SNOTEL_UpperTsainaRiver'
[ 736/993] ERR  ISMN_SNOTEL_VacasLocas: [Errno 122] Disk quota exceeded: '/gpfs/work3/0/prjs1968/data/zarr/sm_only/ISMN_SNOTEL_VacasLocas'
[ 737/993] ERR  ISMN_TxSON_CR1000-6: [Errno 122] Disk quota exceeded: '/gpfs/work3/0/prjs1968/data/zarr/sm_only/ISMN_TxSON_CR1000-6'
[ 738/993] ERR  ISMN_TxSON_CR200-16: [Errno 122] Disk quota exceeded: '/gpfs/work3/0/prjs1968/data/zarr/sm_only/ISMN_TxSON_CR200-16'
[ 739/993] ERR  ISMN_TxSON_CR200-12: [Errno 122] Disk quota exceeded: '/gpfs/work3/0/prjs1968/data/zarr/sm_only/ISMN_TxSON_CR200-12'
[ 740/993] ERR  ISMN_TxSON_CR1000-5: [Errno 122] Disk quota exceeded: '/gpfs/work3/0/prjs1968/data/zarr/sm_only/ISMN_TxSON_CR1000-5'
[ 741/993] ERR  ISMN_TxSON_CR200-1: [Errno 122] Disk quota exceeded: '/gpfs/work3/0/prjs1968/data/zarr/sm_only/ISMN_TxSON_CR200-1'
[ 742/993] ERR  ISMN_TxSON_CR200-10: [Errno 122] Disk quota exceeded: '/gpfs/work3/0/prjs1968/data/zarr/sm_only/ISMN_TxSON_CR200-10'
[ 743/993] ERR  ISMN_TxSON_CR200-11: [Errno 122] Disk quota exceeded: '/gpfs/work3/0/prjs1968/data/zarr/sm_only/ISMN_TxSON_CR200-11'
[ 744/993] ERR  ISMN_TxSON_CR200-15: [Errno 122] Disk quota exceeded: '/gpfs/work3/0/prjs1968/data/zarr/sm_only/ISMN_TxSON_CR200-15'
[ 745/993] ERR  ISMN_TxSON_CR200-13: [Errno 122] Disk quota exceeded: '/gpfs/work3/0/prjs1968/data/zarr/sm_only/ISMN_TxSON_CR200-13'
[ 746/993] ERR  ISMN_TxSON_CR200-23: [Errno 122] Disk quota exceeded: '/gpfs/work3/0/prjs1968/data/zarr/sm_only/ISMN_TxSON_CR200-23'
[ 747/993] ERR  ISMN_TxSON_CR200-19: [Errno 122] Disk quota exceeded: '/gpfs/work3/0/prjs1968/data/zarr/sm_only/ISMN_TxSON_CR200-19'
[ 748/993] ERR  ISMN_TxSON_CR200-18: [Errno 122] Disk quota exceeded: '/gpfs/work3/0/prjs1968/data/zarr/sm_only/ISMN_TxSON_CR200-18'
[ 749/993] ERR  ISMN_TxSON_CR200-2: [Errno 122] Disk quota exceeded: '/gpfs/work3/0/prjs1968/data/zarr/sm_only/ISMN_TxSON_CR200-2'
[ 750/993] ERR  ISMN_TxSON_CR200-17: [Errno 122] Disk quota exceeded: '/gpfs/work3/0/prjs1968/data/zarr/sm_only/ISMN_TxSON_CR200-17'
[ 751/993] ERR  ISMN_TxSON_CR200-21: [Errno 122] Disk quota exceeded: '/gpfs/work3/0/prjs1968/data/zarr/sm_only/ISMN_TxSON_CR200-21'
[ 752/993] ERR  ISMN_TxSON_CR200-22: [Errno 122] Disk quota exceeded: '/gpfs/work3/0/prjs1968/data/zarr/sm_only/ISMN_TxSON_CR200-22'
[ 753/993] ERR  ISMN_TxSON_CR200-4: [Errno 122] Disk quota exceeded: '/gpfs/work3/0/prjs1968/data/zarr/sm_only/ISMN_TxSON_CR200-4'
[ 754/993] ERR  ISMN_USCRN_Bowling-Green-21-NNE: [Errno 122] Disk quota exceeded: '/gpfs/work3/0/prjs1968/data/zarr/sm_only/ISMN_USCRN_Bowling-Green-21-NNE'
[ 755/993] ERR  ISMN_TxSON_CR200-3: [Errno 122] Disk quota exceeded: '/gpfs/work3/0/prjs1968/data/zarr/sm_only/ISMN_TxSON_CR200-3'
[ 756/993] ERR  ISMN_TxSON_CR200-8: [Errno 122] Disk quota exceeded: '/gpfs/work3/0/prjs1968/data/zarr/sm_only/ISMN_TxSON_CR200-8'
[ 757/993] ERR  ISMN_USCRN_Asheville-13-S: [Errno 122] Disk quota exceeded: '/gpfs/work3/0/prjs1968/data/zarr/sm_only/ISMN_USCRN_Asheville-13-S'
[ 758/993] ERR  ISMN_TxSON_LCRA-5: [Errno 122] Disk quota exceeded: '/gpfs/work3/0/prjs1968/data/zarr/sm_only/ISMN_TxSON_LCRA-5'
[ 759/993] ERR  ISMN_TxSON_LCRA-6: [Errno 122] Disk quota exceeded: '/gpfs/work3/0/prjs1968/data/zarr/sm_only/ISMN_TxSON_LCRA-6'
[ 760/993] ERR  ISMN_USCRN_Everglades-City-5-NE: [Errno 122] Disk quota exceeded: '/gpfs/work3/0/prjs1968/data/zarr/sm_only/ISMN_USCRN_Everglades-City-5-NE'
[ 761/993] ERR  ISMN_USCRN_Cortez-8-SE: [Errno 122] Disk quota exceeded: '/gpfs/work3/0/prjs1968/data/zarr/sm_only/ISMN_USCRN_Cortez-8-SE'
[ 762/993] ERR  ISMN_TxSON_CR200-9: [Errno 122] Disk quota exceeded: '/gpfs/work3/0/prjs1968/data/zarr/sm_only/ISMN_TxSON_CR200-9'
[ 763/993] ERR  ISMN_TxSON_CR200-29: [Errno 122] Disk quota exceeded: '/gpfs/work3/0/prjs1968/data/zarr/sm_only/ISMN_TxSON_CR200-29'
[ 764/993] ERR  ISMN_TxSON_CR200-28: [Errno 122] Disk quota exceeded: '/gpfs/work3/0/prjs1968/data/zarr/sm_only/ISMN_TxSON_CR200-28'
[ 765/993] ERR  ISMN_USCRN_Goodwell-2-SE: [Errno 122] Disk quota exceeded: '/gpfs/work3/0/prjs1968/data/zarr/sm_only/ISMN_USCRN_Goodwell-2-SE'
[ 766/993] ERR  ISMN_TxSON_LCRA-4: [Errno 122] Disk quota exceeded: '/gpfs/work3/0/prjs1968/data/zarr/sm_only/ISMN_TxSON_LCRA-4'
[ 767/993] ERR  ISMN_TxSON_CR200-25: [Errno 122] Disk quota exceeded: '/gpfs/work3/0/prjs1968/data/zarr/sm_only/ISMN_TxSON_CR200-25'
[ 768/993] ERR  ISMN_TxSON_CR200-6: [Errno 122] Disk quota exceeded: '/gpfs/work3/0/prjs1968/data/zarr/sm_only/ISMN_TxSON_CR200-6'
[ 769/993] ERR  ISMN_USCRN_Bronte-11-NNE: [Errno 122] Disk quota exceeded: '/gpfs/work3/0/prjs1968/data/zarr/sm_only/ISMN_USCRN_Bronte-11-NNE'
[ 770/993] ERR  ISMN_USCRN_Elkins-21-ENE: [Errno 122] Disk quota exceeded: '/gpfs/work3/0/prjs1968/data/zarr/sm_only/ISMN_USCRN_Elkins-21-ENE'
[ 771/993] ERR  ISMN_TxSON_LCRA-1: [Errno 122] Disk quota exceeded: '/gpfs/work3/0/prjs1968/data/zarr/sm_only/ISMN_TxSON_LCRA-1'
[ 772/993] ERR  ISMN_TxSON_LCRA-7: [Errno 122] Disk quota exceeded: '/gpfs/work3/0/prjs1968/data/zarr/sm_only/ISMN_TxSON_LCRA-7'
[ 773/993] ERR  ISMN_USCRN_Durham-2-N: [Errno 122] Disk quota exceeded: '/gpfs/work3/0/prjs1968/data/zarr/sm_only/ISMN_USCRN_Durham-2-N'
[ 774/993] ERR  ISMN_TxSON_CR200-7: [Errno 122] Disk quota exceeded: '/gpfs/work3/0/prjs1968/data/zarr/sm_only/ISMN_TxSON_CR200-7'
[ 775/993] ERR  ISMN_USCRN_Batesville-8-WNW: [Errno 122] Disk quota exceeded: '/gpfs/work3/0/prjs1968/data/zarr/sm_only/ISMN_USCRN_Batesville-8-WNW'
[ 776/993] ERR  ISMN_USCRN_Quinault-4-NE: [Errno 122] Disk quota exceeded: '/gpfs/work3/0/prjs1968/data/zarr/sm_only/ISMN_USCRN_Quinault-4-NE'
[ 777/993] ERR  ISMN_USCRN_Gadsden-19-N: [Errno 122] Disk quota exceeded: '/gpfs/work3/0/prjs1968/data/zarr/sm_only/ISMN_USCRN_Gadsden-19-N'
[ 778/993] ERR  ISMN_TxSON_CR200-5: [Errno 122] Disk quota exceeded: '/gpfs/work3/0/prjs1968/data/zarr/sm_only/ISMN_TxSON_CR200-5'
[ 779/993] ERR  ISMN_TxSON_LCRA-2: [Errno 122] Disk quota exceeded: '/gpfs/work3/0/prjs1968/data/zarr/sm_only/ISMN_TxSON_LCRA-2'
[ 780/993] ERR  ISMN_USCRN_Joplin-24-N: [Errno 122] Disk quota exceeded: '/gpfs/work3/0/prjs1968/data/zarr/sm_only/ISMN_USCRN_Joplin-24-N'
[ 781/993] ERR  ISMN_USCRN_John-Day-35-WNW: [Errno 122] Disk quota exceeded: '/gpfs/work3/0/prjs1968/data/zarr/sm_only/ISMN_USCRN_John-Day-35-WNW'
[ 782/993] ERR  ISMN_USCRN_Cape-Charles-5-ENE: [Errno 122] Disk quota exceeded: '/gpfs/work3/0/prjs1968/data/zarr/sm_only/ISMN_USCRN_Cape-Charles-5-ENE'
[ 783/993] ERR  ISMN_TxSON_LCRA-3: [Errno 122] Disk quota exceeded: '/gpfs/work3/0/prjs1968/data/zarr/sm_only/ISMN_TxSON_LCRA-3'
[ 784/993] ERR  ISMN_USCRN_Durham-11-W: [Errno 122] Disk quota exceeded: '/gpfs/work3/0/prjs1968/data/zarr/sm_only/ISMN_USCRN_Durham-11-W'
[ 785/993] ERR  ISMN_USCRN_Charlottesville-2-SSE: [Errno 122] Disk quota exceeded: '/gpfs/work3/0/prjs1968/data/zarr/sm_only/ISMN_USCRN_Charlottesville-2-SSE'
[ 786/993] ERR  ISMN_USCRN_Bedford-5-WNW: [Errno 122] Disk quota exceeded: '/gpfs/work3/0/prjs1968/data/zarr/sm_only/ISMN_USCRN_Bedford-5-WNW'
[ 787/993] ERR  ISMN_USCRN_Baker-5-W: [Errno 122] Disk quota exceeded: '/gpfs/work3/0/prjs1968/data/zarr/sm_only/ISMN_USCRN_Baker-5-W'
[ 788/993] ERR  ISMN_TxSON_CR200-26: [Errno 122] Disk quota exceeded: '/gpfs/work3/0/prjs1968/data/zarr/sm_only/ISMN_TxSON_CR200-26'
[ 789/993] ERR  ISMN_USCRN_Austin-33-NW: [Errno 122] Disk quota exceeded: '/gpfs/work3/0/prjs1968/data/zarr/sm_only/ISMN_USCRN_Austin-33-NW'
[ 790/993] ERR  ISMN_USCRN_Las-Cruces-20-N: [Errno 122] Disk quota exceeded: '/gpfs/work3/0/prjs1968/data/zarr/sm_only/ISMN_USCRN_Las-Cruces-20-N'
[ 791/993] ERR  ISMN_USCRN_Crossville-7-NW: [Errno 122] Disk quota exceeded: '/gpfs/work3/0/prjs1968/data/zarr/sm_only/ISMN_USCRN_Crossville-7-NW'
[ 792/993] ERR  ISMN_USCRN_Goodwell-2-E: [Errno 122] Disk quota exceeded: '/gpfs/work3/0/prjs1968/data/zarr/sm_only/ISMN_USCRN_Goodwell-2-E'
[ 793/993] ERR  ISMN_USCRN_Brunswick-23-S: [Errno 122] Disk quota exceeded: '/gpfs/work3/0/prjs1968/data/zarr/sm_only/ISMN_USCRN_Brunswick-23-S'
[ 794/993] ERR  ISMN_USCRN_Chatham-1-SE: [Errno 122] Disk quota exceeded: '/gpfs/work3/0/prjs1968/data/zarr/sm_only/ISMN_USCRN_Chatham-1-SE'
[ 795/993] ERR  ISMN_USCRN_Los-Alamos-13-W: [Errno 122] Disk quota exceeded: '/gpfs/work3/0/prjs1968/data/zarr/sm_only/ISMN_USCRN_Los-Alamos-13-W'
[ 796/993] ERR  ISMN_TxSON_CR200-24: [Errno 122] Disk quota exceeded: '/gpfs/work3/0/prjs1968/data/zarr/sm_only/ISMN_TxSON_CR200-24'
[ 797/993] ERR  ISMN_USCRN_Lafayette-13-SE: [Errno 122] Disk quota exceeded: '/gpfs/work3/0/prjs1968/data/zarr/sm_only/ISMN_USCRN_Lafayette-13-SE'
[ 798/993] ERR  ISMN_USCRN_Corvallis-10-SSW: [Errno 122] Disk quota exceeded: '/gpfs/work3/0/prjs1968/data/zarr/sm_only/ISMN_USCRN_Corvallis-10-SSW'
[ 799/993] ERR  ISMN_USCRN_Elgin-5-S: [Errno 122] Disk quota exceeded: '/gpfs/work3/0/prjs1968/data/zarr/sm_only/ISMN_USCRN_Elgin-5-S'
[ 800/993] ERR  ISMN_USCRN_Panther-Junction-2-N: [Errno 122] Disk quota exceeded: '/gpfs/work3/0/prjs1968/data/zarr/sm_only/ISMN_USCRN_Panther-Junction-2-N'
[ 801/993] ERR  ISMN_USCRN_Monroe-26-N: [Errno 122] Disk quota exceeded: '/gpfs/work3/0/prjs1968/data/zarr/sm_only/ISMN_USCRN_Monroe-26-N'
[ 802/993] ERR  ISMN_USCRN_Fallbrook-5-NE: [Errno 122] Disk quota exceeded: '/gpfs/work3/0/prjs1968/data/zarr/sm_only/ISMN_USCRN_Fallbrook-5-NE'
[ 803/993] ERR  ISMN_USCRN_Muleshoe-19-S: [Errno 122] Disk quota exceeded: '/gpfs/work3/0/prjs1968/data/zarr/sm_only/ISMN_USCRN_Muleshoe-19-S'
[ 804/993] ERR  ISMN_USCRN_Monahans-6-ENE: [Errno 122] Disk quota exceeded: '/gpfs/work3/0/prjs1968/data/zarr/sm_only/ISMN_USCRN_Monahans-6-ENE'
[ 805/993] ERR  ISMN_USCRN_McClellanville-7-NE: [Errno 122] Disk quota exceeded: '/gpfs/work3/0/prjs1968/data/zarr/sm_only/ISMN_USCRN_McClellanville-7-NE'
[ 806/993] ERR  ISMN_USCRN_Mercury-3-SSW: [Errno 122] Disk quota exceeded: '/gpfs/work3/0/prjs1968/data/zarr/sm_only/ISMN_USCRN_Mercury-3-SSW'
[ 807/993] ERR  ISMN_USCRN_Newton-5-ENE: [Errno 122] Disk quota exceeded: '/gpfs/work3/0/prjs1968/data/zarr/sm_only/ISMN_USCRN_Newton-5-ENE'
[ 808/993] ERR  ICOS_CZ-wet: [Errno 122] Disk quota exceeded: '/gpfs/work3/0/prjs1968/data/zarr/flux_only'
[ 809/993] ERR  ICOS_DE-Kli: [Errno 122] Disk quota exceeded: '/gpfs/work3/0/prjs1968/data/zarr/flux_only'
[ 810/993] ERR  ICOS_ES-Cnd: [Errno 122] Disk quota exceeded: '/gpfs/work3/0/prjs1968/data/zarr/flux_only'
[ 811/993] ERR  ICOS_ES-LMa: [Errno 122] Disk quota exceeded: '/gpfs/work3/0/prjs1968/data/zarr/flux_only'
[ 812/993] ERR  ISMN_USCRN_Socorro-20-N: [Errno 122] Disk quota exceeded: '/gpfs/work3/0/prjs1968/data/zarr/sm_only/ISMN_USCRN_Socorro-20-N'
[ 813/993] ERR  ISMN_USCRN_Spokane-17-SSW: [Errno 122] Disk quota exceeded: '/gpfs/work3/0/prjs1968/data/zarr/sm_only/ISMN_USCRN_Spokane-17-SSW'
[ 814/993] ERR  ISMN_USCRN_Salem-10-W: [Errno 122] Disk quota exceeded: '/gpfs/work3/0/prjs1968/data/zarr/sm_only/ISMN_USCRN_Salem-10-W'
[ 815/993] ERR  ISMN_USCRN_Tucson-11-W: [Errno 122] Disk quota exceeded: '/gpfs/work3/0/prjs1968/data/zarr/sm_only/ISMN_USCRN_Tucson-11-W'
[ 816/993] ERR  ISMN_USCRN_Santa-Barbara-11-W: [Errno 122] Disk quota exceeded: '/gpfs/work3/0/prjs1968/data/zarr/sm_only/ISMN_USCRN_Santa-Barbara-11-W'
[ 817/993] ERR  ISMN_USCRN_Stovepipe-Wells-1-SW: [Errno 122] Disk quota exceeded: '/gpfs/work3/0/prjs1968/data/zarr/sm_only/ISMN_USCRN_Stovepipe-Wells-1-SW'
[ 818/993] ERR  ISMN_USCRN_Stillwater-2-W: [Errno 122] Disk quota exceeded: '/gpfs/work3/0/prjs1968/data/zarr/sm_only/ISMN_USCRN_Stillwater-2-W'
[ 819/993] ERR  ISMN_USCRN_Newton-8-W: [Errno 122] Disk quota exceeded: '/gpfs/work3/0/prjs1968/data/zarr/sm_only/ISMN_USCRN_Newton-8-W'
[ 820/993] ERR  ICOS_FR-FBn: [Errno 122] Disk quota exceeded: '/gpfs/work3/0/prjs1968/data/zarr/flux_only'
[ 821/993] ERR  ICOS_CZ-KrP: [Errno 122] Disk quota exceeded: '/gpfs/work3/0/prjs1968/data/zarr/flux_only'
[ 822/993] ERR  ICOS_CH-Oe2: [Errno 122] Disk quota exceeded: '/gpfs/work3/0/prjs1968/data/zarr/flux_only'
[ 823/993] ERR  ICOS_CH-Fru: [Errno 122] Disk quota exceeded: '/gpfs/work3/0/prjs1968/data/zarr/flux_only'
[ 824/993] ERR  ICOS_CH-Lae: [Errno 122] Disk quota exceeded: '/gpfs/work3/0/prjs1968/data/zarr/flux_only'
[ 825/993] ERR  ICOS_IT-BCi: [Errno 122] Disk quota exceeded: '/gpfs/work3/0/prjs1968/data/zarr/flux_only'
[ 826/993] ERR  ICOS_ES-LM2: [Errno 122] Disk quota exceeded: '/gpfs/work3/0/prjs1968/data/zarr/flux_only'
[ 827/993] ERR  ICOS_CZ-Stn: [Errno 122] Disk quota exceeded: '/gpfs/work3/0/prjs1968/data/zarr/flux_only'
[ 828/993] ERR  ICOS_CH-Cha: [Errno 122] Disk quota exceeded: '/gpfs/work3/0/prjs1968/data/zarr/flux_only'
[ 829/993] ERR  ICOS_FR-Aur: [Errno 122] Disk quota exceeded: '/gpfs/work3/0/prjs1968/data/zarr/flux_only'
[ 830/993] ERR  ICOS_DE-Obe: [Errno 122] Disk quota exceeded: '/gpfs/work3/0/prjs1968/data/zarr/flux_only'
[ 831/993] ERR  ICOS_FR-EM2: [Errno 122] Disk quota exceeded: '/gpfs/work3/0/prjs1968/data/zarr/flux_only'
[ 832/993] ERR  ICOS_ES-LM1: [Errno 122] Disk quota exceeded: '/gpfs/work3/0/prjs1968/data/zarr/flux_only'
[ 833/993] ERR  ICOS_ES-Agu: [Errno 122] Disk quota exceeded: '/gpfs/work3/0/prjs1968/data/zarr/flux_only'
[ 834/993] ERR  ICOS_CZ-RAJ: [Errno 122] Disk quota exceeded: '/gpfs/work3/0/prjs1968/data/zarr/flux_only'
[ 835/993] ERR  ICOS_ES-Abr: [Errno 122] Disk quota exceeded: '/gpfs/work3/0/prjs1968/data/zarr/flux_only'
[ 836/993] ERR  ICOS_IL-Yat: [Errno 122] Disk quota exceeded: '/gpfs/work3/0/prjs1968/data/zarr/flux_only'
[ 837/993] ERR  ICOS_IT-MBo: [Errno 122] Disk quota exceeded: '/gpfs/work3/0/prjs1968/data/zarr/flux_only'
[ 838/993] ERR  ICOS_RU-Fy2: [Errno 122] Disk quota exceeded: '/gpfs/work3/0/prjs1968/data/zarr/flux_only'
[ 839/993] ERR  ICOS_BE-Lon: [Errno 122] Disk quota exceeded: '/gpfs/work3/0/prjs1968/data/zarr/sm_and_flux'
[ 840/993] ERR  ICOS_DE-HoH: [Errno 122] Disk quota exceeded: '/gpfs/work3/0/prjs1968/data/zarr/sm_and_flux'
[ 841/993] ERR  ICOS_IT-Lsn: [Errno 122] Disk quota exceeded: '/gpfs/work3/0/prjs1968/data/zarr/sm_and_flux'
[ 842/993] ERR  ICOS_FR-CLt: [Errno 122] Disk quota exceeded: '/gpfs/work3/0/prjs1968/data/zarr/sm_and_flux'
[ 843/993] ERR  ICOS_DE-RuS: [Errno 122] Disk quota exceeded: '/gpfs/work3/0/prjs1968/data/zarr/sm_and_flux'
[ 844/993] ERR  ICOS_DE-Har: [Errno 122] Disk quota exceeded: '/gpfs/work3/0/prjs1968/data/zarr/sm_and_flux'
[ 845/993] ERR  ICOS_FR-Bil: [Errno 122] Disk quota exceeded: '/gpfs/work3/0/prjs1968/data/zarr/sm_and_flux'
[ 846/993] ERR  ISMN_XMS-CAT_Llivia: [Errno 122] Disk quota exceeded: '/gpfs/work3/0/prjs1968/data/zarr/sm_only/ISMN_XMS-CAT_Llivia'
[ 847/993] ERR  ISMN_USCRN_Stillwater-5-WNW: [Errno 122] Disk quota exceeded: '/gpfs/work3/0/prjs1968/data/zarr/sm_only/ISMN_USCRN_Stillwater-5-WNW'
[ 848/993] ERR  ISMN_USCRN_Watkinsville-5-SSE: [Errno 122] Disk quota exceeded: '/gpfs/work3/0/prjs1968/data/zarr/sm_only/ISMN_USCRN_Watkinsville-5-SSE'
[ 849/993] ERR  ISMN_USCRN_Yuma-27-ENE: [Errno 122] Disk quota exceeded: '/gpfs/work3/0/prjs1968/data/zarr/sm_only/ISMN_USCRN_Yuma-27-ENE'
[ 850/993] ERR  ISMN_USCRN_Versailles-3-NNW: [Errno 122] Disk quota exceeded: '/gpfs/work3/0/prjs1968/data/zarr/sm_only/ISMN_USCRN_Versailles-3-NNW'
[ 851/993] ERR  ISMN_USCRN_Yosemite-Village-12-W: [Errno 122] Disk quota exceeded: '/gpfs/work3/0/prjs1968/data/zarr/sm_only/ISMN_USCRN_Yosemite-Village-12-W'
[ 852/993] ERR  ISMN_WATERLINE_Kerasia: [Errno 122] Disk quota exceeded: '/gpfs/work3/0/prjs1968/data/zarr/sm_only/ISMN_WATERLINE_Kerasia'
[ 853/993] ERR  ISMN_XMS-CAT_ElMiracle: [Errno 122] Disk quota exceeded: '/gpfs/work3/0/prjs1968/data/zarr/sm_only/ISMN_XMS-CAT_ElMiracle'
[ 854/993] ERR  ISMN_XMS-CAT_SerradeCostaAmpla: [Errno 122] Disk quota exceeded: '/gpfs/work3/0/prjs1968/data/zarr/sm_only/ISMN_XMS-CAT_SerradeCostaAmpla'
[ 855/993] ERR  ISMN_XMS-CAT_LosCoscolls: [Errno 122] Disk quota exceeded: '/gpfs/work3/0/prjs1968/data/zarr/sm_only/ISMN_XMS-CAT_LosCoscolls'
[ 856/993] ERR  ISMN_XMS-CAT_Pessonada: [Errno 122] Disk quota exceeded: '/gpfs/work3/0/prjs1968/data/zarr/sm_only/ISMN_XMS-CAT_Pessonada'
[ 857/993] ERR  ISMN_XMS-CAT_BordaColl: [Errno 122] Disk quota exceeded: '/gpfs/work3/0/prjs1968/data/zarr/sm_only/ISMN_XMS-CAT_BordaColl'
[ 858/993] ERR  ISMN_WATERLINE_Komotini: [Errno 122] Disk quota exceeded: '/gpfs/work3/0/prjs1968/data/zarr/sm_only/ISMN_WATERLINE_Komotini'
[ 859/993] ERR  ISMN_XMS-CAT_RiberadeSio: [Errno 122] Disk quota exceeded: '/gpfs/work3/0/prjs1968/data/zarr/sm_only/ISMN_XMS-CAT_RiberadeSio'
[ 860/993] ERR  ISMN_XMS-CAT_LaCultiadAreu: [Errno 122] Disk quota exceeded: '/gpfs/work3/0/prjs1968/data/zarr/sm_only/ISMN_XMS-CAT_LaCultiadAreu'
[ 861/993] ERR  ISMN_iRON_BrushCreek: [Errno 122] Disk quota exceeded: '/gpfs/work3/0/prjs1968/data/zarr/sm_only/ISMN_iRON_BrushCreek'
[ 862/993] ERR  ISMN_iRON_NorthstarTransitionZone: [Errno 122] Disk quota exceeded: '/gpfs/work3/0/prjs1968/data/zarr/sm_only/ISMN_iRON_NorthstarTransitionZone'
[ 863/993] ERR  ISMN_iRON_SkyMountain: [Errno 122] Disk quota exceeded: '/gpfs/work3/0/prjs1968/data/zarr/sm_only/ISMN_iRON_SkyMountain'
[ 864/993] ERR  ISMN_XMS-CAT_ElBoixer: [Errno 122] Disk quota exceeded: '/gpfs/work3/0/prjs1968/data/zarr/sm_only/ISMN_XMS-CAT_ElBoixer'
[ 865/993] ERR  ISMN_XMS-CAT_ClotdelesPeresII: [Errno 122] Disk quota exceeded: '/gpfs/work3/0/prjs1968/data/zarr/sm_only/ISMN_XMS-CAT_ClotdelesPeresII'
[ 866/993] ERR  ISMN_iRON_NorthstarAspenGrove: [Errno 122] Disk quota exceeded: '/gpfs/work3/0/prjs1968/data/zarr/sm_only/ISMN_iRON_NorthstarAspenGrove'
[ 867/993] ERR  ISMN_XMS-CAT_CamidelsNerets: [Errno 122] Disk quota exceeded: '/gpfs/work3/0/prjs1968/data/zarr/sm_only/ISMN_XMS-CAT_CamidelsNerets'
[ 868/993] ERR  ISMN_iRON_GlenwoodSprings: [Errno 122] Disk quota exceeded: '/gpfs/work3/0/prjs1968/data/zarr/sm_only/ISMN_iRON_GlenwoodSprings'
[ 869/993] ERR  ISMN_WATERLINE_Nymfaia: [Errno 122] Disk quota exceeded: '/gpfs/work3/0/prjs1968/data/zarr/sm_only/ISMN_WATERLINE_Nymfaia'
[ 870/993] ERR  ISMN_XMS-CAT_BatlliudeSort: [Errno 122] Disk quota exceeded: '/gpfs/work3/0/prjs1968/data/zarr/sm_only/ISMN_XMS-CAT_BatlliudeSort'
[ 871/993] ERR  ISMN_XMS-CAT_ColldePaller: [Errno 122] Disk quota exceeded: '/gpfs/work3/0/prjs1968/data/zarr/sm_only/ISMN_XMS-CAT_ColldePaller'
[ 872/993] ERR  ISMN_XMS-CAT_Clarella: [Errno 122] Disk quota exceeded: '/gpfs/work3/0/prjs1968/data/zarr/sm_only/ISMN_XMS-CAT_Clarella'
[ 873/993] ERR  ICOS_FR-Hes: [Errno 122] Disk quota exceeded: '/gpfs/work3/0/prjs1968/data/zarr/sm_and_flux'
[ 874/993] ERR  ICOS_DE-RuR: [Errno 122] Disk quota exceeded: '/gpfs/work3/0/prjs1968/data/zarr/sm_and_flux'
[ 875/993] ERR  ICOS_IT-TrF: [Errno 122] Disk quota exceeded: '/gpfs/work3/0/prjs1968/data/zarr/sm_and_flux'
[ 876/993] ERR  ICOS_IT-Tor: [Errno 122] Disk quota exceeded: '/gpfs/work3/0/prjs1968/data/zarr/sm_and_flux'
[ 877/993] ERR  ICOS_FI-Var: [Errno 122] Disk quota exceeded: '/gpfs/work3/0/prjs1968/data/zarr/sm_and_flux'
[ 878/993] ERR  ICOS_FI-Ken: [Errno 122] Disk quota exceeded: '/gpfs/work3/0/prjs1968/data/zarr/sm_and_flux'
[ 879/993] ERR  ICOS_SE-Deg: [Errno 122] Disk quota exceeded: '/gpfs/work3/0/prjs1968/data/zarr/sm_and_flux'
[ 880/993] ERR  ICOS_IT-BFt: [Errno 122] Disk quota exceeded: '/gpfs/work3/0/prjs1968/data/zarr/sm_and_flux'
[ 881/993] ERR  ICOS_FR-Gri: [Errno 122] Disk quota exceeded: '/gpfs/work3/0/prjs1968/data/zarr/sm_and_flux'
[ 882/993] ERR  ICOS_FR-Tou: [Errno 122] Disk quota exceeded: '/gpfs/work3/0/prjs1968/data/zarr/sm_and_flux'
[ 883/993] ERR  ICOS_GF-Guy: [Errno 122] Disk quota exceeded: '/gpfs/work3/0/prjs1968/data/zarr/sm_and_flux'
[ 884/993] ERR  ICOS_SE-Htm: [Errno 122] Disk quota exceeded: '/gpfs/work3/0/prjs1968/data/zarr/sm_and_flux'
[ 885/993] ERR  ICOS_RU-Fyo: [Errno 122] Disk quota exceeded: '/gpfs/work3/0/prjs1968/data/zarr/flux_only'
[ 886/993] ERR  ICOS_UK-AMo: [Errno 122] Disk quota exceeded: '/gpfs/work3/0/prjs1968/data/zarr/flux_only'
[ 887/993] ERR  ICOS_BE-Maa: [Errno 122] Disk quota exceeded: '/gpfs/work3/0/prjs1968/data/zarr/sm_and_flux'
[ 888/993] ERR  ICOS_DE-RuW: [Errno 122] Disk quota exceeded: '/gpfs/work3/0/prjs1968/data/zarr/sm_and_flux'
[ 889/993] ERR  ICOS_CZ-BK1: [Errno 122] Disk quota exceeded: '/gpfs/work3/0/prjs1968/data/zarr/sm_and_flux'
[ 890/993] ERR  ICOS_CH-Dav: [Errno 122] Disk quota exceeded: '/gpfs/work3/0/prjs1968/data/zarr/sm_and_flux'
[ 891/993] ERR  ICOS_BE-Bra: [Errno 122] Disk quota exceeded: '/gpfs/work3/0/prjs1968/data/zarr/sm_and_flux'
[ 892/993] ERR  ICOS_DK-Sor: [Errno 122] Disk quota exceeded: '/gpfs/work3/0/prjs1968/data/zarr/sm_and_flux'
[ 893/993] ERR  ICOS_FI-Sii: [Errno 122] Disk quota exceeded: '/gpfs/work3/0/prjs1968/data/zarr/sm_and_flux'
[ 894/993] ERR  ICOS_FR-Pue: [Errno 122] Disk quota exceeded: '/gpfs/work3/0/prjs1968/data/zarr/sm_and_flux'
[ 895/993] ERR  ICOS_FR-Mej: [Errno 122] Disk quota exceeded: '/gpfs/work3/0/prjs1968/data/zarr/sm_and_flux'
[ 896/993] ERR  ICOS_DE-Geb: [Errno 122] Disk quota exceeded: '/gpfs/work3/0/prjs1968/data/zarr/sm_and_flux'
[ 897/993] ERR  ICOS_FI-Hyy: [Errno 122] Disk quota exceeded: '/gpfs/work3/0/prjs1968/data/zarr/sm_and_flux'
[ 898/993] ERR  ICOS_CZ-Lnz: [Errno 122] Disk quota exceeded: '/gpfs/work3/0/prjs1968/data/zarr/sm_and_flux'
[ 899/993] ERR  ICOS_DE-Gri: [Errno 122] Disk quota exceeded: '/gpfs/work3/0/prjs1968/data/zarr/sm_and_flux'
[ 900/993] ERR  ICOS_IT-SR2: [Errno 122] Disk quota exceeded: '/gpfs/work3/0/prjs1968/data/zarr/sm_and_flux'
[ 901/993] ERR  ICOS_BE-Vie: [Errno 122] Disk quota exceeded: '/gpfs/work3/0/prjs1968/data/zarr/sm_and_flux'
[ 902/993] ERR  ICOS_SE-Nor: [Errno 122] Disk quota exceeded: '/gpfs/work3/0/prjs1968/data/zarr/sm_and_flux'
[ 903/993] ERR  AmeriFlux_US-DFC: [Errno 122] Disk quota exceeded: '/gpfs/work3/0/prjs1968/data/zarr/flux_only'
[ 904/993] ERR  AmeriFlux_US-DS2: [Errno 122] Disk quota exceeded: '/gpfs/work3/0/prjs1968/data/zarr/flux_only'
[ 905/993] ERR  AmeriFlux_US-Me2: [Errno 122] Disk quota exceeded: '/gpfs/work3/0/prjs1968/data/zarr/flux_only'
[ 906/993] ERR  AmeriFlux_US-Kon: [Errno 122] Disk quota exceeded: '/gpfs/work3/0/prjs1968/data/zarr/flux_only'
[ 907/993] ERR  AmeriFlux_US-ICt: [Errno 122] Disk quota exceeded: '/gpfs/work3/0/prjs1968/data/zarr/flux_only'
[ 908/993] ERR  AmeriFlux_US-EvM: [Errno 122] Disk quota exceeded: '/gpfs/work3/0/prjs1968/data/zarr/flux_only'
[ 909/993] ERR  AmeriFlux_US-Rms: [Errno 122] Disk quota exceeded: '/gpfs/work3/0/prjs1968/data/zarr/flux_only'
[ 910/993] ERR  AmeriFlux_US-RGo: [Errno 122] Disk quota exceeded: '/gpfs/work3/0/prjs1968/data/zarr/flux_only'
[ 911/993] ERR  AmeriFlux_CA-DSM: [Errno 122] Disk quota exceeded: '/gpfs/work3/0/prjs1968/data/zarr/flux_only'
[ 912/993] ERR  AmeriFlux_US-GLE: [Errno 122] Disk quota exceeded: '/gpfs/work3/0/prjs1968/data/zarr/flux_only'
[ 913/993] ERR  AmeriFlux_US-HB3: [Errno 122] Disk quota exceeded: '/gpfs/work3/0/prjs1968/data/zarr/flux_only'
[ 914/993] ERR  AmeriFlux_US-Bi2: [Errno 122] Disk quota exceeded: '/gpfs/work3/0/prjs1968/data/zarr/flux_only'
[ 915/993] ERR  AmeriFlux_US-BZo: [Errno 122] Disk quota exceeded: '/gpfs/work3/0/prjs1968/data/zarr/flux_only'
[ 916/993] ERR  AmeriFlux_US-Rls: [Errno 122] Disk quota exceeded: '/gpfs/work3/0/prjs1968/data/zarr/flux_only'
[ 917/993] ERR  AmeriFlux_US-Vcm: [Errno 122] Disk quota exceeded: '/gpfs/work3/0/prjs1968/data/zarr/flux_only'
[ 918/993] ERR  AmeriFlux_US-Wjs: [Errno 122] Disk quota exceeded: '/gpfs/work3/0/prjs1968/data/zarr/flux_only'
[ 919/993] ERR  AmeriFlux_US-xBR: [Errno 122] Disk quota exceeded: '/gpfs/work3/0/prjs1968/data/zarr/flux_only'
[ 920/993] ERR  AmeriFlux_US-Bi1: [Errno 122] Disk quota exceeded: '/gpfs/work3/0/prjs1968/data/zarr/flux_only'
[ 921/993] ERR  AmeriFlux_US-NC3: [Errno 122] Disk quota exceeded: '/gpfs/work3/0/prjs1968/data/zarr/flux_only'
[ 922/993] ERR  AmeriFlux_US-Ro4: [Errno 122] Disk quota exceeded: '/gpfs/work3/0/prjs1968/data/zarr/flux_only'
[ 923/993] ERR  AmeriFlux_US-ONA: [Errno 122] Disk quota exceeded: '/gpfs/work3/0/prjs1968/data/zarr/flux_only'
[ 924/993] ERR  AmeriFlux_US-Ro5: [Errno 122] Disk quota exceeded: '/gpfs/work3/0/prjs1968/data/zarr/flux_only'
[ 925/993] ERR  AmeriFlux_US-MtB: [Errno 122] Disk quota exceeded: '/gpfs/work3/0/prjs1968/data/zarr/flux_only'
[ 926/993] ERR  AmeriFlux_US-Mpj: [Errno 122] Disk quota exceeded: '/gpfs/work3/0/prjs1968/data/zarr/flux_only'
[ 927/993] ERR  AmeriFlux_US-Esm: [Errno 122] Disk quota exceeded: '/gpfs/work3/0/prjs1968/data/zarr/flux_only'
[ 928/993] ERR  AmeriFlux_US-Ses: [Errno 122] Disk quota exceeded: '/gpfs/work3/0/prjs1968/data/zarr/flux_only'
[ 929/993] ERR  AmeriFlux_US-Seg: [Errno 122] Disk quota exceeded: '/gpfs/work3/0/prjs1968/data/zarr/flux_only'
[ 930/993] ERR  AmeriFlux_US-Mo1: [Errno 122] Disk quota exceeded: '/gpfs/work3/0/prjs1968/data/zarr/flux_only'
[ 931/993] ERR  AmeriFlux_US-xCL: [Errno 122] Disk quota exceeded: '/gpfs/work3/0/prjs1968/data/zarr/flux_only'
[ 932/993] ERR  AmeriFlux_US-UMB: [Errno 122] Disk quota exceeded: '/gpfs/work3/0/prjs1968/data/zarr/flux_only'
[ 933/993] ERR  AmeriFlux_CA-Mer: [Errno 122] Disk quota exceeded: '/gpfs/work3/0/prjs1968/data/zarr/flux_only'
[ 934/993] ERR  AmeriFlux_US-Vcp: [Errno 122] Disk quota exceeded: '/gpfs/work3/0/prjs1968/data/zarr/flux_only'
[ 935/993] ERR  AmeriFlux_US-Jo2: [Errno 122] Disk quota exceeded: '/gpfs/work3/0/prjs1968/data/zarr/flux_only'
[ 936/993] ERR  AmeriFlux_US-Ro6: [Errno 122] Disk quota exceeded: '/gpfs/work3/0/prjs1968/data/zarr/flux_only'
[ 937/993] ERR  ICOS_SE-Svb: [Errno 122] Disk quota exceeded: '/gpfs/work3/0/prjs1968/data/zarr/sm_and_flux'
[ 938/993] ERR  AmeriFlux_US-Tw4: [Errno 122] Disk quota exceeded: '/gpfs/work3/0/prjs1968/data/zarr/flux_only'
[ 939/993] ERR  AmeriFlux_US-BZB: [Errno 122] Disk quota exceeded: '/gpfs/work3/0/prjs1968/data/zarr/flux_only'
[ 940/993] ERR  AmeriFlux_US-Sne: [Errno 122] Disk quota exceeded: '/gpfs/work3/0/prjs1968/data/zarr/flux_only'
[ 941/993] ERR  AmeriFlux_US-Dmg: [Errno 122] Disk quota exceeded: '/gpfs/work3/0/prjs1968/data/zarr/flux_only'
[ 942/993] ERR  AmeriFlux_US-Ne1: [Errno 122] Disk quota exceeded: '/gpfs/work3/0/prjs1968/data/zarr/flux_only'
[ 943/993] ERR  AmeriFlux_US-Mo3: [Errno 122] Disk quota exceeded: '/gpfs/work3/0/prjs1968/data/zarr/flux_only'
[ 944/993] ERR  AmeriFlux_US-ICs: [Errno 122] Disk quota exceeded: '/gpfs/work3/0/prjs1968/data/zarr/flux_only'
[ 945/993] ERR  AmeriFlux_US-UC1: [Errno 122] Disk quota exceeded: '/gpfs/work3/0/prjs1968/data/zarr/flux_only'
[ 946/993] ERR  AmeriFlux_CA-DB2: [Errno 122] Disk quota exceeded: '/gpfs/work3/0/prjs1968/data/zarr/flux_only'
[ 947/993] ERR  AmeriFlux_CA-Cbo: [Errno 122] Disk quota exceeded: '/gpfs/work3/0/prjs1968/data/zarr/flux_only'
[ 948/993] ERR  AmeriFlux_US-HB4: [Errno 122] Disk quota exceeded: '/gpfs/work3/0/prjs1968/data/zarr/flux_only'
[ 949/993] ERR  AmeriFlux_US-MN3: [Errno 122] Disk quota exceeded: '/gpfs/work3/0/prjs1968/data/zarr/flux_only'
[ 950/993] ERR  AmeriFlux_US-Rwf: [Errno 122] Disk quota exceeded: '/gpfs/work3/0/prjs1968/data/zarr/flux_only'
[ 951/993] ERR  AmeriFlux_US-Ho2: [Errno 122] Disk quota exceeded: '/gpfs/work3/0/prjs1968/data/zarr/flux_only'
[ 952/993] ERR  AmeriFlux_US-Mo2: [Errno 122] Disk quota exceeded: '/gpfs/work3/0/prjs1968/data/zarr/flux_only'
[ 953/993] ERR  AmeriFlux_US-KFS: [Errno 122] Disk quota exceeded: '/gpfs/work3/0/prjs1968/data/zarr/flux_only'
[ 954/993] ERR  AmeriFlux_US-Hsm: [Errno 122] Disk quota exceeded: '/gpfs/work3/0/prjs1968/data/zarr/flux_only'
[ 955/993] ERR  AmeriFlux_US-KLS: [Errno 122] Disk quota exceeded: '/gpfs/work3/0/prjs1968/data/zarr/flux_only'
[ 956/993] ERR  AmeriFlux_US-Ho1: [Errno 122] Disk quota exceeded: '/gpfs/work3/0/prjs1968/data/zarr/flux_only'
[ 957/993] ERR  AmeriFlux_US-Jo1: [Errno 122] Disk quota exceeded: '/gpfs/work3/0/prjs1968/data/zarr/flux_only'
[ 958/993] ERR  AmeriFlux_US-SHC: [Errno 122] Disk quota exceeded: '/gpfs/work3/0/prjs1968/data/zarr/flux_only'
[ 959/993] ERR  AmeriFlux_US-Ne2: [Errno 122] Disk quota exceeded: '/gpfs/work3/0/prjs1968/data/zarr/flux_only'
[ 960/993] ERR  AmeriFlux_US-HB1: [Errno 122] Disk quota exceeded: '/gpfs/work3/0/prjs1968/data/zarr/flux_only'
[ 961/993] ERR  AmeriFlux_US-MMS: [Errno 122] Disk quota exceeded: '/gpfs/work3/0/prjs1968/data/zarr/flux_only'
[ 962/993] ERR  AmeriFlux_CA-DBB: [Errno 122] Disk quota exceeded: '/gpfs/work3/0/prjs1968/data/zarr/flux_only'
[ 963/993] ERR  AmeriFlux_US-ALQ: [Errno 122] Disk quota exceeded: '/gpfs/work3/0/prjs1968/data/zarr/flux_only'
[ 964/993] ERR  AmeriFlux_US-Rws: [Errno 122] Disk quota exceeded: '/gpfs/work3/0/prjs1968/data/zarr/flux_only'
[ 965/993] ERR  AmeriFlux_US-RGB: [Errno 122] Disk quota exceeded: '/gpfs/work3/0/prjs1968/data/zarr/flux_only'
[ 966/993] ERR  AmeriFlux_US-MN2: [Errno 122] Disk quota exceeded: '/gpfs/work3/0/prjs1968/data/zarr/flux_only'
[ 967/993] ERR  AmeriFlux_US-xCP: [Errno 122] Disk quota exceeded: '/gpfs/work3/0/prjs1968/data/zarr/flux_only'
[ 968/993] ERR  AmeriFlux_US-xDL: [Errno 122] Disk quota exceeded: '/gpfs/work3/0/prjs1968/data/zarr/flux_only'
[ 969/993] ERR  AmeriFlux_US-xJE: [Errno 122] Disk quota exceeded: '/gpfs/work3/0/prjs1968/data/zarr/flux_only'
[ 970/993] ERR  AmeriFlux_US-xJR: [Errno 122] Disk quota exceeded: '/gpfs/work3/0/prjs1968/data/zarr/flux_only'
[ 971/993] ERR  AmeriFlux_US-xKA: [Errno 122] Disk quota exceeded: '/gpfs/work3/0/prjs1968/data/zarr/flux_only'
[ 972/993] ERR  AmeriFlux_US-xNG: [Errno 122] Disk quota exceeded: '/gpfs/work3/0/prjs1968/data/zarr/flux_only'
[ 973/993] ERR  AmeriFlux_US-xRM: [Errno 122] Disk quota exceeded: '/gpfs/work3/0/prjs1968/data/zarr/flux_only'
[ 974/993] ERR  AmeriFlux_US-xSC: [Errno 122] Disk quota exceeded: '/gpfs/work3/0/prjs1968/data/zarr/flux_only'
[ 975/993] ERR  AmeriFlux_US-xUN: [Errno 122] Disk quota exceeded: '/gpfs/work3/0/prjs1968/data/zarr/flux_only'
[ 976/993] ERR  AmeriFlux_US-Me6: [Errno 122] Disk quota exceeded: '/gpfs/work3/0/prjs1968/data/zarr/sm_and_flux'
[ 977/993] ERR  AmeriFlux_US-Whs: [Errno 122] Disk quota exceeded: '/gpfs/work3/0/prjs1968/data/zarr/sm_and_flux'
[ 978/993] ERR  AmeriFlux_US-UMd: [Errno 122] Disk quota exceeded: '/gpfs/work3/0/prjs1968/data/zarr/sm_and_flux'
[ 979/993] ERR  AmeriFlux_CA-TP1: [Errno 122] Disk quota exceeded: '/gpfs/work3/0/prjs1968/data/zarr/sm_and_flux'
[ 980/993] ERR  AmeriFlux_CA-TPD: [Errno 122] Disk quota exceeded: '/gpfs/work3/0/prjs1968/data/zarr/sm_and_flux'
[ 981/993] ERR  AmeriFlux_CA-TP3: [Errno 122] Disk quota exceeded: '/gpfs/work3/0/prjs1968/data/zarr/sm_and_flux'
[ 982/993] ERR  AmeriFlux_US-Var: [Errno 122] Disk quota exceeded: '/gpfs/work3/0/prjs1968/data/zarr/sm_and_flux'
[ 983/993] ERR  AmeriFlux_US-ARM: [Errno 122] Disk quota exceeded: '/gpfs/work3/0/prjs1968/data/zarr/sm_and_flux'
[ 984/993] ERR  AmeriFlux_US-xUK: [Errno 122] Disk quota exceeded: '/gpfs/work3/0/prjs1968/data/zarr/flux_only'
[ 985/993] ERR  AmeriFlux_US-SRM: [Errno 122] Disk quota exceeded: '/gpfs/work3/0/prjs1968/data/zarr/sm_and_flux'
[ 986/993] ERR  AmeriFlux_US-Ton: [Errno 122] Disk quota exceeded: '/gpfs/work3/0/prjs1968/data/zarr/sm_and_flux'
[ 987/993] ERR  AmeriFlux_US-xWD: [Errno 122] Disk quota exceeded: '/gpfs/work3/0/prjs1968/data/zarr/flux_only'
[ 988/993] ERR  AmeriFlux_US-xSE: [Errno 122] Disk quota exceeded: '/gpfs/work3/0/prjs1968/data/zarr/flux_only'
[ 989/993] ERR  AmeriFlux_US-xDJ: [Errno 122] Disk quota exceeded: '/gpfs/work3/0/prjs1968/data/zarr/flux_only'
[ 990/993] ERR  AmeriFlux_US-Wkg: [Errno 122] Disk quota exceeded: '/gpfs/work3/0/prjs1968/data/zarr/sm_and_flux'
[ 991/993] ERR  AmeriFlux_US-SRG: [Errno 122] Disk quota exceeded: '/gpfs/work3/0/prjs1968/data/zarr/sm_and_flux'
[ 992/993] ERR  AmeriFlux_US-xSJ: [Errno 122] Disk quota exceeded: '/gpfs/work3/0/prjs1968/data/zarr/flux_only'
[ 993/993] ERR  AmeriFlux_US-xHA: [Errno 122] Disk quota exceeded: '/gpfs/work3/0/prjs1968/data/zarr/flux_only'

Completed zarr stores: 163 / 993
Done. Zarr stores created:
163
