Job     : 23326823
Node    : tcn186
Started : Mon Jun  1 05:34:52 CEST 2026

2026-06-01 05:34:56 INFO     Stations: 1028 (all from station_splits.csv)
2026-06-01 05:34:56 INFO     S1RTC already done: 1048 stations
2026-06-01 05:34:57 INFO     Stations to process: 1028  (workers=8)
2026-06-01 05:35:22 INFO     [  1/1028] Done  ISMN_AMMA-CATCH_ISMN_AMMA-CATCH_Banizoumbou  S1RTC=84 LULC=done
2026-06-01 05:35:22 INFO     [  2/1028] Done  ISMN_AMMA-CATCH_ISMN_AMMA-CATCH_Tondikiboro  S1RTC=84 LULC=done
2026-06-01 05:35:27 INFO     [  3/1028] Done  ISMN_AMMA-CATCH_ISMN_AMMA-CATCH_Belefoungou-Top  S1RTC=114 LULC=done
2026-06-01 05:35:27 INFO     [  4/1028] Done  ISMN_AMMA-CATCH_ISMN_AMMA-CATCH_Belefoungou-Mid  S1RTC=106 LULC=done
2026-06-01 05:35:59 INFO     [  5/1028] Done  ISMN_ARM_ISMN_ARM_Lamont-CF2  S1RTC=138 LULC=done
2026-06-01 05:36:02 INFO     [  6/1028] Done  ISMN_ARM_ISMN_ARM_Anthony  S1RTC=345 LULC=done
2026-06-01 05:36:09 INFO     [  7/1028] Done  ISMN_ARM_ISMN_ARM_MapleCity  S1RTC=174 LULC=done
2026-06-01 05:36:20 INFO     [  8/1028] Done  ISMN_ARM_ISMN_ARM_Ashton  S1RTC=308 LULC=done
2026-06-01 05:36:35 INFO     [  9/1028] Done  ISMN_ARM_ISMN_ARM_Lamont-CF1  S1RTC=375 LULC=done
2026-06-01 05:36:41 INFO     [ 10/1028] Done  ISMN_ARM_ISMN_ARM_Byron  S1RTC=407 LULC=done
2026-06-01 05:36:45 INFO     [ 11/1028] Done  ISMN_ARM_ISMN_ARM_Marshall  S1RTC=304 LULC=done
2026-06-01 05:37:05 INFO     [ 12/1028] Done  ISMN_ARM_ISMN_ARM_Medford  S1RTC=374 LULC=done
2026-06-01 05:37:38 INFO     [ 13/1028] Done  ISMN_ARM_ISMN_ARM_Newkirk  S1RTC=375 LULC=done
2026-06-01 05:37:42 INFO     [ 14/1028] Done  ISMN_ARM_ISMN_ARM_Morrison  S1RTC=376 LULC=done
2026-06-01 05:37:51 INFO     [ 15/1028] Done  ISMN_ARM_ISMN_ARM_Omega  S1RTC=368 LULC=done
2026-06-01 05:37:53 INFO     [ 16/1028] Done  ISMN_ARM_ISMN_ARM_Tyro  S1RTC=254 LULC=done
2026-06-01 05:38:02 INFO     [ 17/1028] Done  ISMN_ARM_ISMN_ARM_Tryon  S1RTC=309 LULC=done
2026-06-01 05:38:46 INFO     [ 18/1028] Done  ISMN_ARM_ISMN_ARM_Waukomis  S1RTC=376 LULC=done
2026-06-01 05:38:49 INFO     [ 19/1028] Done  ISMN_ARM_ISMN_ARM_Ringwood  S1RTC=510 LULC=done
2026-06-01 05:39:16 INFO     [ 20/1028] Done  ISMN_ARM_ISMN_ARM_Pawhuska  S1RTC=624 LULC=done
2026-06-01 05:39:49 INFO     [ 21/1028] Done  ISMN_Berlin_ISMN_Berlin_PSA14wiltinger  S1RTC=447 LULC=done
2026-06-01 05:39:49 INFO     [ 22/1028] Done  ISMN_Berlin_ISMN_Berlin_PSA15bucherchaus  S1RTC=447 LULC=done
2026-06-01 05:39:54 INFO     [ 23/1028] Done  ISMN_Berlin_ISMN_Berlin_DWDBerlinTempel  S1RTC=596 LULC=done
2026-06-01 05:40:03 INFO     [ 24/1028] Done  ISMN_Berlin_ISMN_Berlin_PSA16krugwiesen  S1RTC=447 LULC=done
2026-06-01 05:40:26 INFO     [ 25/1028] Done  ISMN_Berlin_ISMN_Berlin_DWDBerlin-Spaeth  S1RTC=733 LULC=done
2026-06-01 05:40:50 INFO     [ 26/1028] Done  ISMN_Berlin_ISMN_Berlin_PSA17suedpark  S1RTC=448 LULC=done
2026-06-01 05:40:51 INFO     [ 27/1028] Done  ISMN_Berlin_ISMN_Berlin_PSA18Pfaueninsel  S1RTC=448 LULC=done
2026-06-01 05:41:39 INFO     [ 28/1028] Done  ISMN_Berlin_ISMN_Berlin_PSA1BerlinerStr  S1RTC=519 LULC=done
2026-06-01 05:42:02 INFO     [ 29/1028] Done  ISMN_COSMOS_ISMN_COSMOS_KLEE  S1RTC=83 LULC=done
2026-06-01 05:42:10 INFO     [ 30/1028] Done  ISMN_Berlin_ISMN_Berlin_PSA4Heerstrasse  S1RTC=528 LULC=done
2026-06-01 05:42:30 INFO     [ 31/1028] Done  ISMN_Berlin_ISMN_Berlin_PflABerlin11Humb  S1RTC=547 LULC=done
2026-06-01 05:42:52 INFO     [ 32/1028] Done  ISMN_Berlin_ISMN_Berlin_PflABerlin13Marz  S1RTC=474 LULC=done
2026-06-01 05:42:52 INFO     [ 33/1028] Done  ISMN_Berlin_ISMN_Berlin_PflABerlin12Schi  S1RTC=474 LULC=done
2026-06-01 05:43:15 INFO     [ 34/1028] Done  ISMN_Berlin_ISMN_Berlin_PSA7Ruebezahl  S1RTC=667 LULC=done
2026-06-01 05:43:35 INFO     [ 35/1028] Done  ISMN_Berlin_ISMN_Berlin_PSA6Plaenterwald  S1RTC=824 LULC=done
2026-06-01 05:43:35 INFO     [ 36/1028] Done  ISMN_Berlin_ISMN_Berlin_PSA2Tiergarten  S1RTC=831 LULC=done
2026-06-01 05:45:02 INFO     [ 37/1028] Done  ISMN_COSMOS-UK_ISMN_COSMOS-UK_Balruddery  S1RTC=714 LULC=done
2026-06-01 05:46:55 INFO     [ 38/1028] Done  ISMN_COSMOS-UK_ISMN_COSMOS-UK_ChimneyMeadows  S1RTC=931 LULC=done
2026-06-01 05:47:14 INFO     [ 39/1028] Done  ISMN_COSMOS-UK_ISMN_COSMOS-UK_Cochno  S1RTC=1044 LULC=done
2026-06-01 05:47:29 INFO     [ 40/1028] Done  ISMN_COSMOS-UK_ISMN_COSMOS-UK_Cardington  S1RTC=1238 LULC=done
2026-06-01 05:47:46 INFO     [ 41/1028] Done  ISMN_COSMOS-UK_ISMN_COSMOS-UK_CwmGarw  S1RTC=1051 LULC=done
2026-06-01 05:48:16 INFO     [ 42/1028] Done  ISMN_COSMOS-UK_ISMN_COSMOS-UK_BickleyHall  S1RTC=1423 LULC=done
2026-06-01 05:48:34 INFO     [ 43/1028] Done  ISMN_COSMOS-UK_ISMN_COSMOS-UK_AliceHolt  S1RTC=1635 LULC=done
2026-06-01 05:48:38 INFO     [ 44/1028] Done  ISMN_COSMOS-UK_ISMN_COSMOS-UK_Elmsett  S1RTC=1027 LULC=done
2026-06-01 05:49:23 INFO     [ 45/1028] Done  ISMN_COSMOS-UK_ISMN_COSMOS-UK_BunnyPark  S1RTC=1660 LULC=done
2026-06-01 05:50:26 INFO     GDAL signalled an error: err_no=11, msg='HTTP response code: 404'
2026-06-01 05:50:26 INFO     GDAL signalled an error: err_no=11, msg='HTTP response code: 404'
/gpfs/home5/pkhanal/miniforge3/envs/soilmoisture/lib/python3.10/site-packages/stackstac/rio_reader.py:329: UserWarning: Error opening 'https://sentinel1euwestrtc.blob.core.windows.net/sentinel1-grd-rtc/GRD/2019/1/20/IW/DV/S1B_IW_GRDH_1SDV_20190120T064614_20190120T064639_014574_01B268_155A/measurement/iw-vv.rtc.tiff?st=2026-05-31T03%3A34%3A57Z&se=2026-06-01T04%3A19%3A57Z&sp=rl&sv=2025-07-05&sr=c&skoid=9c8ff44a-6a2c-4dfb-b298-1c9212f64d9a&sktid=72f988bf-86f1-41af-91ab-2d7cd011db47&skt=2026-06-01T02%3A31%3A16Z&ske=2026-06-08T02%3A31%3A16Z&sks=b&skv=2025-07-05&sig=pcp5U9uE9mY7s5kn6RsGDKoWGGFzY8FceMLifXrOVCM%3D': RasterioIOError('HTTP response code: 404')
  warnings.warn(msg)
/gpfs/home5/pkhanal/miniforge3/envs/soilmoisture/lib/python3.10/site-packages/stackstac/rio_reader.py:329: UserWarning: Error opening 'https://sentinel1euwestrtc.blob.core.windows.net/sentinel1-grd-rtc/GRD/2019/1/20/IW/DV/S1B_IW_GRDH_1SDV_20190120T064614_20190120T064639_014574_01B268_155A/measurement/iw-vh.rtc.tiff?st=2026-05-31T03%3A34%3A57Z&se=2026-06-01T04%3A19%3A57Z&sp=rl&sv=2025-07-05&sr=c&skoid=9c8ff44a-6a2c-4dfb-b298-1c9212f64d9a&sktid=72f988bf-86f1-41af-91ab-2d7cd011db47&skt=2026-06-01T02%3A31%3A16Z&ske=2026-06-08T02%3A31%3A16Z&sks=b&skv=2025-07-05&sig=pcp5U9uE9mY7s5kn6RsGDKoWGGFzY8FceMLifXrOVCM%3D': RasterioIOError('HTTP response code: 404')
  warnings.warn(msg)
2026-06-01 05:50:26 INFO     [ 46/1028] Done  ISMN_COSMOS-UK_ISMN_COSMOS-UK_Euston  S1RTC=864 LULC=done
2026-06-01 05:50:54 INFO     [ 47/1028] Done  ISMN_COSMOS-UK_ISMN_COSMOS-UK_Fivemiletown  S1RTC=912 LULC=done
2026-06-01 05:51:39 INFO     [ 48/1028] Done  ISMN_COSMOS-UK_ISMN_COSMOS-UK_HollinHill  S1RTC=1026 LULC=done
2026-06-01 05:52:01 INFO     [ 49/1028] Done  ISMN_COSMOS-UK_ISMN_COSMOS-UK_HolmeLacy  S1RTC=962 LULC=done
2026-06-01 05:52:07 INFO     [ 50/1028] Done  ISMN_COSMOS-UK_ISMN_COSMOS-UK_Heytesbury  S1RTC=1040 LULC=done
2026-06-01 05:52:34 INFO     [ 51/1028] Done  ISMN_COSMOS-UK_ISMN_COSMOS-UK_Loddington  S1RTC=860 LULC=done
2026-06-01 05:52:46 INFO     [ 52/1028] Done  ISMN_COSMOS-UK_ISMN_COSMOS-UK_Fincham  S1RTC=1512 LULC=done
2026-06-01 05:53:23 INFO     [ 53/1028] Done  ISMN_COSMOS-UK_ISMN_COSMOS-UK_HartwoodHome  S1RTC=1409 LULC=done
2026-06-01 05:53:54 INFO     [ 54/1028] Done  ISMN_COSMOS-UK_ISMN_COSMOS-UK_LullingtonHeath  S1RTC=968 LULC=done
2026-06-01 05:54:38 INFO     [ 55/1028] Done  ISMN_COSMOS-UK_ISMN_COSMOS-UK_PortonDown  S1RTC=658 LULC=done
2026-06-01 05:54:57 INFO     [ 56/1028] Done  ISMN_COSMOS-UK_ISMN_COSMOS-UK_MoretonMorrell  S1RTC=992 LULC=done
2026-06-01 05:54:58 INFO     [ 57/1028] Done  ISMN_COSMOS-UK_ISMN_COSMOS-UK_Redmere  S1RTC=628 LULC=done
2026-06-01 05:55:44 INFO     [ 58/1028] Done  ISMN_COSMOS-UK_ISMN_COSMOS-UK_Rothamsted  S1RTC=750 LULC=done
2026-06-01 05:56:52 INFO     [ 59/1028] Done  ISMN_CW3E_ISMN_CW3E_BoyesCreekCanyon  S1RTC=252 LULC=done
2026-06-01 05:57:12 INFO     [ 60/1028] Done  ISMN_COSMOS-UK_ISMN_COSMOS-UK_Waddesdon  S1RTC=542 LULC=done
2026-06-01 05:58:01 INFO     [ 61/1028] Done  ISMN_COSMOS-UK_ISMN_COSMOS-UK_Redhill  S1RTC=1670 LULC=done
2026-06-01 05:58:03 INFO     [ 62/1028] Done  ISMN_COSMOS-UK_ISMN_COSMOS-UK_SpenFarm  S1RTC=1151 LULC=done
2026-06-01 05:58:09 INFO     [ 63/1028] Done  ISMN_COSMOS-UK_ISMN_COSMOS-UK_Morley  S1RTC=1682 LULC=done
2026-06-01 05:59:40 INFO     [ 64/1028] Done  ISMN_CW3E_ISMN_CW3E_Deerwood  S1RTC=548 LULC=done
2026-06-01 05:59:43 INFO     [ 65/1028] Done  ISMN_CW3E_ISMN_CW3E_FeatherRiverCollege  S1RTC=377 LULC=done
2026-06-01 05:59:50 INFO     [ 66/1028] Done  ISMN_COSMOS-UK_ISMN_COSMOS-UK_Sheepdrove  S1RTC=1636 LULC=done
2026-06-01 05:59:56 INFO     [ 67/1028] Done  ISMN_CW3E_ISMN_CW3E_BrownsValleySchool  S1RTC=667 LULC=done
2026-06-01 05:59:59 INFO     [ 68/1028] Done  ISMN_COSMOS-UK_ISMN_COSMOS-UK_Stoughton  S1RTC=1384 LULC=done
2026-06-01 06:00:10 INFO     [ 69/1028] Done  ISMN_CW3E_ISMN_CW3E_PotterValleyNorth  S1RTC=418 LULC=done
2026-06-01 06:00:25 INFO     [ 70/1028] Done  ISMN_COSMOS-UK_ISMN_COSMOS-UK_Writtle  S1RTC=1517 LULC=done
2026-06-01 06:00:30 INFO     [ 71/1028] Done  ISMN_CW3E_ISMN_CW3E_NorthCowMountain  S1RTC=526 LULC=done
2026-06-01 06:00:58 INFO     [ 72/1028] Done  ISMN_FLUXNET-AMERIFLUX_ISMN_FLUXNET-AMERIFLUX_TonziRanch  S1RTC=225 LULC=done
2026-06-01 06:01:02 INFO     [ 73/1028] Done  ISMN_FLUXNET-AMERIFLUX_ISMN_FLUXNET-AMERIFLUX_VairaRanch  S1RTC=294 LULC=done
2026-06-01 06:01:13 INFO     [ 74/1028] Done  ISMN_CW3E_ISMN_CW3E_YucaipaValley  S1RTC=324 LULC=done
2026-06-01 06:01:19 INFO     [ 75/1028] Done  ISMN_FLUXNET-AMERIFLUX_ISMN_FLUXNET-AMERIFLUX_BouldinIslandAlfalfa  S1RTC=387 LULC=done
2026-06-01 06:01:42 INFO     [ 76/1028] Done  ISMN_CW3E_ISMN_CW3E_SkylineHarvest  S1RTC=443 LULC=done
2026-06-01 06:03:32 INFO     [ 77/1028] Done  ISMN_FMI_ISMN_FMI_SAA112  S1RTC=671 LULC=done
2026-06-01 06:04:55 INFO     [ 78/1028] Done  ISMN_FMI_ISMN_FMI_SAA120  S1RTC=1226 LULC=done
2026-06-01 06:05:10 INFO     [ 79/1028] Done  ISMN_FMI_ISMN_FMI_SOD072  S1RTC=774 LULC=done
2026-06-01 06:05:28 INFO     [ 80/1028] Done  ISMN_FMI_ISMN_FMI_SOD013  S1RTC=1146 LULC=done
2026-06-01 06:06:21 INFO     [ 81/1028] Done  ISMN_FMI_ISMN_FMI_SAA111  S1RTC=1354 LULC=done
2026-06-01 06:06:52 INFO     [ 82/1028] Done  ISMN_FMI_ISMN_FMI_SOD012  S1RTC=1326 LULC=done
2026-06-01 06:06:52 INFO     [ 83/1028] Done  ISMN_FMI_ISMN_FMI_SOD011  S1RTC=1326 LULC=done
2026-06-01 06:07:09 INFO     [ 84/1028] Done  ISMN_FMI_ISMN_FMI_SOD073  S1RTC=774 LULC=done
2026-06-01 06:07:29 INFO     [ 85/1028] Done  ISMN_FMI_ISMN_FMI_SOD071  S1RTC=1326 LULC=done
2026-06-01 06:08:36 INFO     [ 86/1028] Done  ISMN_FMI_ISMN_FMI_SODAWS  S1RTC=264 LULC=done
2026-06-01 06:08:43 INFO     [ 87/1028] Done  ISMN_FMI_ISMN_FMI_SOD083  S1RTC=837 LULC=done
2026-06-01 06:10:40 INFO     [ 88/1028] Done  ISMN_FMI_ISMN_FMI_SOD081  S1RTC=1322 LULC=done
2026-06-01 06:10:47 INFO     [ 89/1028] Done  ISMN_FMI_ISMN_FMI_SOD101  S1RTC=1435 LULC=done
2026-06-01 06:10:56 INFO     [ 90/1028] Done  ISMN_FMI_ISMN_FMI_SOD140  S1RTC=994 LULC=done
2026-06-01 06:11:05 INFO     [ 91/1028] Done  ISMN_FR_Aqui_ISMN_FR_Aqui_fraye  S1RTC=650 LULC=done
2026-06-01 06:11:35 INFO     [ 92/1028] Done  ISMN_FR_Aqui_ISMN_FR_Aqui_hillan2  S1RTC=818 LULC=done
2026-06-01 06:11:40 INFO     [ 93/1028] Done  ISMN_FMI_ISMN_FMI_SOD102  S1RTC=1435 LULC=done
2026-06-01 06:12:04 INFO     [ 94/1028] Done  ISMN_FMI_ISMN_FMI_SOD103  S1RTC=1435 LULC=done
2026-06-01 06:12:04 INFO     [ 95/1028] Done  ISMN_FMI_ISMN_FMI_SOD130  S1RTC=1431 LULC=done
2026-06-01 06:12:23 INFO     [ 96/1028] Done  ISMN_LAB-net_ISMN_LAB-net_OromoCalibrationSite  S1RTC=88 LULC=done
2026-06-01 06:13:08 INFO     [ 97/1028] Done  ISMN_HOBE_ISMN_HOBE_2.10  S1RTC=335 LULC=done
2026-06-01 06:13:39 INFO     [ 98/1028] Done  ISMN_HOBE_ISMN_HOBE_1.07  S1RTC=694 LULC=done
2026-06-01 06:14:11 INFO     [ 99/1028] Done  ISMN_HOBE_ISMN_HOBE_1.05  S1RTC=891 LULC=done
2026-06-01 06:14:13 INFO     [100/1028] Done  ISMN_HOBE_ISMN_HOBE_2.01  S1RTC=785 LULC=done
2026-06-01 06:14:20 INFO     [101/1028] Done  ISMN_FR_Aqui_ISMN_FR_Aqui_parcmeteo  S1RTC=993 LULC=done
2026-06-01 06:14:21 INFO     [102/1028] Done  ISMN_HOBE_ISMN_HOBE_2.11  S1RTC=692 LULC=done
2026-06-01 06:14:43 INFO     [103/1028] Done  ISMN_NGARI_ISMN_NGARI_ALI01  S1RTC=84 LULC=done
2026-06-01 06:14:43 INFO     [104/1028] Done  ISMN_NAQU_ISMN_NAQU_NQKema  S1RTC=123 LULC=done
2026-06-01 06:14:45 INFO     [105/1028] Done  ISMN_NAQU_ISMN_NAQU_NQMS  S1RTC=123 LULC=done
2026-06-01 06:14:45 INFO     [106/1028] Done  ISMN_HOBE_ISMN_HOBE_3.06  S1RTC=691 LULC=done
2026-06-01 06:14:50 INFO     [107/1028] Done  ISMN_LABFLUX_ISMN_LABFLUX_Bussolenobosco  S1RTC=582 LULC=done
2026-06-01 06:14:53 INFO     [108/1028] Done  ISMN_NAQU_ISMN_NAQU_NQNorth  S1RTC=123 LULC=done
2026-06-01 06:15:00 INFO     [109/1028] Done  ISMN_NGARI_ISMN_NGARI_ALI02  S1RTC=62 LULC=done
2026-06-01 06:15:05 INFO     [110/1028] Done  ISMN_NGARI_ISMN_NGARI_ALI03  S1RTC=84 LULC=done
2026-06-01 06:15:25 INFO     [111/1028] Done  ISMN_NGARI_ISMN_NGARI_SQ03  S1RTC=144 LULC=done
2026-06-01 06:15:30 INFO     [112/1028] Done  ISMN_NGARI_ISMN_NGARI_SQ07  S1RTC=144 LULC=done
2026-06-01 06:15:32 INFO     [113/1028] Done  ISMN_NGARI_ISMN_NGARI_SQ02  S1RTC=173 LULC=done
2026-06-01 06:15:42 INFO     [114/1028] Done  ISMN_OZNET_ISMN_OZNET_Yamma-Road  S1RTC=34 LULC=done
2026-06-01 06:15:43 INFO     [115/1028] Done  ISMN_NGARI_ISMN_NGARI_SQ19  S1RTC=143 LULC=done
2026-06-01 06:15:50 INFO     [116/1028] Done  ISMN_NGARI_ISMN_NGARI_SQ14  S1RTC=203 LULC=done
2026-06-01 06:15:55 INFO     [117/1028] Done  ISMN_NGARI_ISMN_NGARI_SQ17  S1RTC=202 LULC=done
2026-06-01 06:16:07 INFO     [118/1028] Done  ISMN_NGARI_ISMN_NGARI_SQ20  S1RTC=143 LULC=done
2026-06-01 06:16:09 INFO     [119/1028] Done  ISMN_NGARI_ISMN_NGARI_SQ21  S1RTC=143 LULC=done
2026-06-01 06:16:29 INFO     [120/1028] Done  ISMN_LABFLUX_ISMN_LABFLUX_Nivolet  S1RTC=799 LULC=done
2026-06-01 06:16:58 INFO     [121/1028] Done  ISMN_MOL-RAO_ISMN_MOL-RAO_Falkenberg  S1RTC=815 LULC=done
2026-06-01 06:17:33 INFO     [122/1028] Done  ISMN_REMEDHUS_ISMN_REMEDHUS_ElTomillar  S1RTC=276 LULC=done
2026-06-01 06:17:50 INFO     [123/1028] Done  ISMN_REMEDHUS_ISMN_REMEDHUS_Canizal  S1RTC=527 LULC=done
2026-06-01 06:18:04 INFO     [124/1028] Done  ISMN_REMEDHUS_ISMN_REMEDHUS_ConcejodelMonte  S1RTC=418 LULC=done
2026-06-01 06:18:28 INFO     [125/1028] Done  ISMN_REMEDHUS_ISMN_REMEDHUS_Guarrati  S1RTC=338 LULC=done
2026-06-01 06:19:40 INFO     [126/1028] Done  ISMN_REMEDHUS_ISMN_REMEDHUS_Carretoro  S1RTC=947 LULC=done
2026-06-01 06:19:57 INFO     GDAL signalled an error: err_no=4, msg="`/vsicurl/https://sentinel1euwestrtc.blob.core.windows.net/sentinel1-grd-rtc/GRD/2016/7/25/IW/DV/S1A_IW_GRDH_1SDV_20160725T062550_20160725T062615_012301_013237_A3FD/measurement/iw-vv.rtc.tiff?st=2026-05-31T03%3A34%3A57Z&se=2026-06-01T04%3A19%3A57Z&sp=rl&sv=2025-07-05&sr=c&skoid=9c8ff44a-6a2c-4dfb-b298-1c9212f64d9a&sktid=72f988bf-86f1-41af-91ab-2d7cd011db47&skt=2026-06-01T02%3A31%3A16Z&ske=2026-06-08T02%3A31%3A16Z&sks=b&skv=2025-07-05&sig=pcp5U9uE9mY7s5kn6RsGDKoWGGFzY8FceMLifXrOVCM%3D' not recognized as being in a supported file format."
2026-06-01 06:19:57 INFO     GDAL signalled an error: err_no=4, msg="`/vsicurl/https://sentinel1euwestrtc.blob.core.windows.net/sentinel1-grd-rtc/GRD/2016/7/25/IW/DV/S1A_IW_GRDH_1SDV_20160725T062550_20160725T062615_012301_013237_A3FD/measurement/iw-vh.rtc.tiff?st=2026-05-31T03%3A34%3A57Z&se=2026-06-01T04%3A19%3A57Z&sp=rl&sv=2025-07-05&sr=c&skoid=9c8ff44a-6a2c-4dfb-b298-1c9212f64d9a&sktid=72f988bf-86f1-41af-91ab-2d7cd011db47&skt=2026-06-01T02%3A31%3A16Z&ske=2026-06-08T02%3A31%3A16Z&sks=b&skv=2025-07-05&sig=pcp5U9uE9mY7s5kn6RsGDKoWGGFzY8FceMLifXrOVCM%3D' not recognized as being in a supported file format."
2026-06-01 06:19:57 WARNING    Attempt 1 failed (Error opening 'https://sentinel1euwestrtc.blob.core.windows.net/sentinel1-grd-rtc/GRD/2016/7/25/IW/DV/S1A_IW_GRDH_1SDV_20160725T062550_20160725T062615_012301_013237_A3FD/measurement/iw-vv.rtc.tiff?st=2026-05-31T03%3A34%3A57Z&se=2026-06-01T04%3A19%3A57Z&sp=rl&sv=2025-07-05&sr=c&skoid=9c8ff44a-6a2c-4dfb-b298-1c9212f64d9a&sktid=72f988bf-86f1-41af-91ab-2d7cd011db47&skt=2026-06-01T02%3A31%3A16Z&ske=2026-06-08T02%3A31%3A16Z&sks=b&skv=2025-07-05&sig=pcp5U9uE9mY7s5kn6RsGDKoWGGFzY8FceMLifXrOVCM%3D': RasterioIOError("'/vsicurl/https://sentinel1euwestrtc.blob.core.windows.net/sentinel1-grd-rtc/GRD/2016/7/25/IW/DV/S1A_IW_GRDH_1SDV_20160725T062550_20160725T062615_012301_013237_A3FD/measurement/iw-vv.rtc.tiff?st=2026-05-31T03%3A34%3A57Z&se=2026-06-01T04%3A19%3A57Z&sp=rl&sv=2025-07-05&sr=c&skoid=9c8ff44a-6a2c-4dfb-b298-1c9212f64d9a&sktid=72f988bf-86f1-41af-91ab-2d7cd011db47&skt=2026-06-01T02%3A31%3A16Z&ske=2026-06-08T02%3A31%3A16Z&sks=b&skv=2025-07-05&sig=pcp5U9uE9mY7s5kn6RsGDKoWGGFzY8FceMLifXrOVCM%3D' not recognized as being in a supported file format.")). Retrying in 5s…
2026-06-01 06:19:57 INFO     GDAL signalled an error: err_no=4, msg="`/vsicurl/https://sentinel1euwestrtc.blob.core.windows.net/sentinel1-grd-rtc/GRD/2020/2/17/IW/DV/S1B_IW_GRDH_1SDV_20200217T062530_20200217T062555_020305_026740_0A84/measurement/iw-vv.rtc.tiff?st=2026-05-31T03%3A34%3A57Z&se=2026-06-01T04%3A19%3A57Z&sp=rl&sv=2025-07-05&sr=c&skoid=9c8ff44a-6a2c-4dfb-b298-1c9212f64d9a&sktid=72f988bf-86f1-41af-91ab-2d7cd011db47&skt=2026-06-01T02%3A31%3A16Z&ske=2026-06-08T02%3A31%3A16Z&sks=b&skv=2025-07-05&sig=pcp5U9uE9mY7s5kn6RsGDKoWGGFzY8FceMLifXrOVCM%3D' not recognized as being in a supported file format."
2026-06-01 06:19:57 INFO     GDAL signalled an error: err_no=4, msg="`/vsicurl/https://sentinel1euwestrtc.blob.core.windows.net/sentinel1-grd-rtc/GRD/2020/2/17/IW/DV/S1B_IW_GRDH_1SDV_20200217T062530_20200217T062555_020305_026740_0A84/measurement/iw-vh.rtc.tiff?st=2026-05-31T03%3A34%3A57Z&se=2026-06-01T04%3A19%3A57Z&sp=rl&sv=2025-07-05&sr=c&skoid=9c8ff44a-6a2c-4dfb-b298-1c9212f64d9a&sktid=72f988bf-86f1-41af-91ab-2d7cd011db47&skt=2026-06-01T02%3A31%3A16Z&ske=2026-06-08T02%3A31%3A16Z&sks=b&skv=2025-07-05&sig=pcp5U9uE9mY7s5kn6RsGDKoWGGFzY8FceMLifXrOVCM%3D' not recognized as being in a supported file format."
2026-06-01 06:19:57 WARNING    Attempt 1 failed (Error opening 'https://sentinel1euwestrtc.blob.core.windows.net/sentinel1-grd-rtc/GRD/2020/2/17/IW/DV/S1B_IW_GRDH_1SDV_20200217T062530_20200217T062555_020305_026740_0A84/measurement/iw-vv.rtc.tiff?st=2026-05-31T03%3A34%3A57Z&se=2026-06-01T04%3A19%3A57Z&sp=rl&sv=2025-07-05&sr=c&skoid=9c8ff44a-6a2c-4dfb-b298-1c9212f64d9a&sktid=72f988bf-86f1-41af-91ab-2d7cd011db47&skt=2026-06-01T02%3A31%3A16Z&ske=2026-06-08T02%3A31%3A16Z&sks=b&skv=2025-07-05&sig=pcp5U9uE9mY7s5kn6RsGDKoWGGFzY8FceMLifXrOVCM%3D': RasterioIOError("'/vsicurl/https://sentinel1euwestrtc.blob.core.windows.net/sentinel1-grd-rtc/GRD/2020/2/17/IW/DV/S1B_IW_GRDH_1SDV_20200217T062530_20200217T062555_020305_026740_0A84/measurement/iw-vv.rtc.tiff?st=2026-05-31T03%3A34%3A57Z&se=2026-06-01T04%3A19%3A57Z&sp=rl&sv=2025-07-05&sr=c&skoid=9c8ff44a-6a2c-4dfb-b298-1c9212f64d9a&sktid=72f988bf-86f1-41af-91ab-2d7cd011db47&skt=2026-06-01T02%3A31%3A16Z&ske=2026-06-08T02%3A31%3A16Z&sks=b&skv=2025-07-05&sig=pcp5U9uE9mY7s5kn6RsGDKoWGGFzY8FceMLifXrOVCM%3D' not recognized as being in a supported file format.")). Retrying in 5s…
2026-06-01 06:19:57 INFO     GDAL signalled an error: err_no=4, msg="`/vsicurl/https://sentinel1euwestrtc.blob.core.windows.net/sentinel1-grd-rtc/GRD/2019/7/22/IW/DV/S1B_IW_GRDH_1SDV_20190722T181854_20190722T181919_017250_02071F_1FAE/measurement/iw-vh.rtc.tiff?st=2026-05-31T03%3A34%3A57Z&se=2026-06-01T04%3A19%3A57Z&sp=rl&sv=2025-07-05&sr=c&skoid=9c8ff44a-6a2c-4dfb-b298-1c9212f64d9a&sktid=72f988bf-86f1-41af-91ab-2d7cd011db47&skt=2026-06-01T02%3A31%3A16Z&ske=2026-06-08T02%3A31%3A16Z&sks=b&skv=2025-07-05&sig=pcp5U9uE9mY7s5kn6RsGDKoWGGFzY8FceMLifXrOVCM%3D' not recognized as being in a supported file format."
2026-06-01 06:19:57 INFO     GDAL signalled an error: err_no=4, msg="`/vsicurl/https://sentinel1euwestrtc.blob.core.windows.net/sentinel1-grd-rtc/GRD/2019/7/22/IW/DV/S1B_IW_GRDH_1SDV_20190722T181854_20190722T181919_017250_02071F_1FAE/measurement/iw-vv.rtc.tiff?st=2026-05-31T03%3A34%3A57Z&se=2026-06-01T04%3A19%3A57Z&sp=rl&sv=2025-07-05&sr=c&skoid=9c8ff44a-6a2c-4dfb-b298-1c9212f64d9a&sktid=72f988bf-86f1-41af-91ab-2d7cd011db47&skt=2026-06-01T02%3A31%3A16Z&ske=2026-06-08T02%3A31%3A16Z&sks=b&skv=2025-07-05&sig=pcp5U9uE9mY7s5kn6RsGDKoWGGFzY8FceMLifXrOVCM%3D' not recognized as being in a supported file format."
2026-06-01 06:19:57 WARNING    Attempt 1 failed (Error opening 'https://sentinel1euwestrtc.blob.core.windows.net/sentinel1-grd-rtc/GRD/2019/7/22/IW/DV/S1B_IW_GRDH_1SDV_20190722T181854_20190722T181919_017250_02071F_1FAE/measurement/iw-vh.rtc.tiff?st=2026-05-31T03%3A34%3A57Z&se=2026-06-01T04%3A19%3A57Z&sp=rl&sv=2025-07-05&sr=c&skoid=9c8ff44a-6a2c-4dfb-b298-1c9212f64d9a&sktid=72f988bf-86f1-41af-91ab-2d7cd011db47&skt=2026-06-01T02%3A31%3A16Z&ske=2026-06-08T02%3A31%3A16Z&sks=b&skv=2025-07-05&sig=pcp5U9uE9mY7s5kn6RsGDKoWGGFzY8FceMLifXrOVCM%3D': RasterioIOError("'/vsicurl/https://sentinel1euwestrtc.blob.core.windows.net/sentinel1-grd-rtc/GRD/2019/7/22/IW/DV/S1B_IW_GRDH_1SDV_20190722T181854_20190722T181919_017250_02071F_1FAE/measurement/iw-vh.rtc.tiff?st=2026-05-31T03%3A34%3A57Z&se=2026-06-01T04%3A19%3A57Z&sp=rl&sv=2025-07-05&sr=c&skoid=9c8ff44a-6a2c-4dfb-b298-1c9212f64d9a&sktid=72f988bf-86f1-41af-91ab-2d7cd011db47&skt=2026-06-01T02%3A31%3A16Z&ske=2026-06-08T02%3A31%3A16Z&sks=b&skv=2025-07-05&sig=pcp5U9uE9mY7s5kn6RsGDKoWGGFzY8FceMLifXrOVCM%3D' not recognized as being in a supported file format.")). Retrying in 5s…
2026-06-01 06:19:57 INFO     GDAL signalled an error: err_no=4, msg="`/vsicurl/https://sentinel1euwestrtc.blob.core.windows.net/sentinel1-grd-rtc/GRD/2021/1/24/IW/DV/S1B_IW_GRDH_1SDV_20210124T181901_20210124T181926_025300_030355_0448/measurement/iw-vv.rtc.tiff?st=2026-05-31T03%3A34%3A57Z&se=2026-06-01T04%3A19%3A57Z&sp=rl&sv=2025-07-05&sr=c&skoid=9c8ff44a-6a2c-4dfb-b298-1c9212f64d9a&sktid=72f988bf-86f1-41af-91ab-2d7cd011db47&skt=2026-06-01T02%3A31%3A16Z&ske=2026-06-08T02%3A31%3A16Z&sks=b&skv=2025-07-05&sig=pcp5U9uE9mY7s5kn6RsGDKoWGGFzY8FceMLifXrOVCM%3D' not recognized as being in a supported file format."
2026-06-01 06:19:57 INFO     GDAL signalled an error: err_no=4, msg="`/vsicurl/https://sentinel1euwestrtc.blob.core.windows.net/sentinel1-grd-rtc/GRD/2021/1/24/IW/DV/S1B_IW_GRDH_1SDV_20210124T181901_20210124T181926_025300_030355_0448/measurement/iw-vh.rtc.tiff?st=2026-05-31T03%3A34%3A57Z&se=2026-06-01T04%3A19%3A57Z&sp=rl&sv=2025-07-05&sr=c&skoid=9c8ff44a-6a2c-4dfb-b298-1c9212f64d9a&sktid=72f988bf-86f1-41af-91ab-2d7cd011db47&skt=2026-06-01T02%3A31%3A16Z&ske=2026-06-08T02%3A31%3A16Z&sks=b&skv=2025-07-05&sig=pcp5U9uE9mY7s5kn6RsGDKoWGGFzY8FceMLifXrOVCM%3D' not recognized as being in a supported file format."
2026-06-01 06:19:57 WARNING    Attempt 1 failed (Error opening 'https://sentinel1euwestrtc.blob.core.windows.net/sentinel1-grd-rtc/GRD/2021/1/24/IW/DV/S1B_IW_GRDH_1SDV_20210124T181901_20210124T181926_025300_030355_0448/measurement/iw-vv.rtc.tiff?st=2026-05-31T03%3A34%3A57Z&se=2026-06-01T04%3A19%3A57Z&sp=rl&sv=2025-07-05&sr=c&skoid=9c8ff44a-6a2c-4dfb-b298-1c9212f64d9a&sktid=72f988bf-86f1-41af-91ab-2d7cd011db47&skt=2026-06-01T02%3A31%3A16Z&ske=2026-06-08T02%3A31%3A16Z&sks=b&skv=2025-07-05&sig=pcp5U9uE9mY7s5kn6RsGDKoWGGFzY8FceMLifXrOVCM%3D': RasterioIOError("'/vsicurl/https://sentinel1euwestrtc.blob.core.windows.net/sentinel1-grd-rtc/GRD/2021/1/24/IW/DV/S1B_IW_GRDH_1SDV_20210124T181901_20210124T181926_025300_030355_0448/measurement/iw-vv.rtc.tiff?st=2026-05-31T03%3A34%3A57Z&se=2026-06-01T04%3A19%3A57Z&sp=rl&sv=2025-07-05&sr=c&skoid=9c8ff44a-6a2c-4dfb-b298-1c9212f64d9a&sktid=72f988bf-86f1-41af-91ab-2d7cd011db47&skt=2026-06-01T02%3A31%3A16Z&ske=2026-06-08T02%3A31%3A16Z&sks=b&skv=2025-07-05&sig=pcp5U9uE9mY7s5kn6RsGDKoWGGFzY8FceMLifXrOVCM%3D' not recognized as being in a supported file format.")). Retrying in 5s…
2026-06-01 06:19:57 INFO     GDAL signalled an error: err_no=4, msg="`/vsicurl/https://sentinel1euwestrtc.blob.core.windows.net/sentinel1-grd-rtc/GRD/2018/2/10/IW/DV/S1A_IW_GRDH_1SDV_20180210T181126_20180210T181151_020548_023280_AE57/measurement/iw-vv.rtc.tiff?st=2026-05-31T03%3A34%3A57Z&se=2026-06-01T04%3A19%3A57Z&sp=rl&sv=2025-07-05&sr=c&skoid=9c8ff44a-6a2c-4dfb-b298-1c9212f64d9a&sktid=72f988bf-86f1-41af-91ab-2d7cd011db47&skt=2026-06-01T02%3A31%3A16Z&ske=2026-06-08T02%3A31%3A16Z&sks=b&skv=2025-07-05&sig=pcp5U9uE9mY7s5kn6RsGDKoWGGFzY8FceMLifXrOVCM%3D' not recognized as being in a supported file format."
2026-06-01 06:19:57 INFO     GDAL signalled an error: err_no=4, msg="`/vsicurl/https://sentinel1euwestrtc.blob.core.windows.net/sentinel1-grd-rtc/GRD/2021/1/12/IW/DV/S1A_IW_GRDH_1SDV_20210112T062607_20210112T062632_036101_043B51_726B/measurement/iw-vh.rtc.tiff?st=2026-05-31T03%3A34%3A57Z&se=2026-06-01T04%3A19%3A57Z&sp=rl&sv=2025-07-05&sr=c&skoid=9c8ff44a-6a2c-4dfb-b298-1c9212f64d9a&sktid=72f988bf-86f1-41af-91ab-2d7cd011db47&skt=2026-06-01T02%3A31%3A16Z&ske=2026-06-08T02%3A31%3A16Z&sks=b&skv=2025-07-05&sig=pcp5U9uE9mY7s5kn6RsGDKoWGGFzY8FceMLifXrOVCM%3D' not recognized as being in a supported file format."
2026-06-01 06:19:57 INFO     GDAL signalled an error: err_no=4, msg="`/vsicurl/https://sentinel1euwestrtc.blob.core.windows.net/sentinel1-grd-rtc/GRD/2021/1/12/IW/DV/S1A_IW_GRDH_1SDV_20210112T062607_20210112T062632_036101_043B51_726B/measurement/iw-vv.rtc.tiff?st=2026-05-31T03%3A34%3A57Z&se=2026-06-01T04%3A19%3A57Z&sp=rl&sv=2025-07-05&sr=c&skoid=9c8ff44a-6a2c-4dfb-b298-1c9212f64d9a&sktid=72f988bf-86f1-41af-91ab-2d7cd011db47&skt=2026-06-01T02%3A31%3A16Z&ske=2026-06-08T02%3A31%3A16Z&sks=b&skv=2025-07-05&sig=pcp5U9uE9mY7s5kn6RsGDKoWGGFzY8FceMLifXrOVCM%3D' not recognized as being in a supported file format."
2026-06-01 06:19:57 INFO     GDAL signalled an error: err_no=4, msg="`/vsicurl/https://sentinel1euwestrtc.blob.core.windows.net/sentinel1-grd-rtc/GRD/2018/2/10/IW/DV/S1A_IW_GRDH_1SDV_20180210T181126_20180210T181151_020548_023280_AE57/measurement/iw-vh.rtc.tiff?st=2026-05-31T03%3A34%3A57Z&se=2026-06-01T04%3A19%3A57Z&sp=rl&sv=2025-07-05&sr=c&skoid=9c8ff44a-6a2c-4dfb-b298-1c9212f64d9a&sktid=72f988bf-86f1-41af-91ab-2d7cd011db47&skt=2026-06-01T02%3A31%3A16Z&ske=2026-06-08T02%3A31%3A16Z&sks=b&skv=2025-07-05&sig=pcp5U9uE9mY7s5kn6RsGDKoWGGFzY8FceMLifXrOVCM%3D' not recognized as being in a supported file format."
2026-06-01 06:19:57 WARNING    Attempt 1 failed (Error opening 'https://sentinel1euwestrtc.blob.core.windows.net/sentinel1-grd-rtc/GRD/2018/2/10/IW/DV/S1A_IW_GRDH_1SDV_20180210T181126_20180210T181151_020548_023280_AE57/measurement/iw-vv.rtc.tiff?st=2026-05-31T03%3A34%3A57Z&se=2026-06-01T04%3A19%3A57Z&sp=rl&sv=2025-07-05&sr=c&skoid=9c8ff44a-6a2c-4dfb-b298-1c9212f64d9a&sktid=72f988bf-86f1-41af-91ab-2d7cd011db47&skt=2026-06-01T02%3A31%3A16Z&ske=2026-06-08T02%3A31%3A16Z&sks=b&skv=2025-07-05&sig=pcp5U9uE9mY7s5kn6RsGDKoWGGFzY8FceMLifXrOVCM%3D': RasterioIOError("'/vsicurl/https://sentinel1euwestrtc.blob.core.windows.net/sentinel1-grd-rtc/GRD/2018/2/10/IW/DV/S1A_IW_GRDH_1SDV_20180210T181126_20180210T181151_020548_023280_AE57/measurement/iw-vv.rtc.tiff?st=2026-05-31T03%3A34%3A57Z&se=2026-06-01T04%3A19%3A57Z&sp=rl&sv=2025-07-05&sr=c&skoid=9c8ff44a-6a2c-4dfb-b298-1c9212f64d9a&sktid=72f988bf-86f1-41af-91ab-2d7cd011db47&skt=2026-06-01T02%3A31%3A16Z&ske=2026-06-08T02%3A31%3A16Z&sks=b&skv=2025-07-05&sig=pcp5U9uE9mY7s5kn6RsGDKoWGGFzY8FceMLifXrOVCM%3D' not recognized as being in a supported file format.")). Retrying in 5s…
2026-06-01 06:19:57 WARNING    Attempt 1 failed (Error opening 'https://sentinel1euwestrtc.blob.core.windows.net/sentinel1-grd-rtc/GRD/2021/1/12/IW/DV/S1A_IW_GRDH_1SDV_20210112T062607_20210112T062632_036101_043B51_726B/measurement/iw-vh.rtc.tiff?st=2026-05-31T03%3A34%3A57Z&se=2026-06-01T04%3A19%3A57Z&sp=rl&sv=2025-07-05&sr=c&skoid=9c8ff44a-6a2c-4dfb-b298-1c9212f64d9a&sktid=72f988bf-86f1-41af-91ab-2d7cd011db47&skt=2026-06-01T02%3A31%3A16Z&ske=2026-06-08T02%3A31%3A16Z&sks=b&skv=2025-07-05&sig=pcp5U9uE9mY7s5kn6RsGDKoWGGFzY8FceMLifXrOVCM%3D': RasterioIOError("'/vsicurl/https://sentinel1euwestrtc.blob.core.windows.net/sentinel1-grd-rtc/GRD/2021/1/12/IW/DV/S1A_IW_GRDH_1SDV_20210112T062607_20210112T062632_036101_043B51_726B/measurement/iw-vh.rtc.tiff?st=2026-05-31T03%3A34%3A57Z&se=2026-06-01T04%3A19%3A57Z&sp=rl&sv=2025-07-05&sr=c&skoid=9c8ff44a-6a2c-4dfb-b298-1c9212f64d9a&sktid=72f988bf-86f1-41af-91ab-2d7cd011db47&skt=2026-06-01T02%3A31%3A16Z&ske=2026-06-08T02%3A31%3A16Z&sks=b&skv=2025-07-05&sig=pcp5U9uE9mY7s5kn6RsGDKoWGGFzY8FceMLifXrOVCM%3D' not recognized as being in a supported file format.")). Retrying in 5s…
2026-06-01 06:19:57 INFO     GDAL signalled an error: err_no=4, msg="`/vsicurl/https://sentinel1euwestrtc.blob.core.windows.net/sentinel1-grd-rtc/GRD/2018/10/7/IW/DV/S1A_IW_GRDH_1SDV_20181007T062604_20181007T062629_024026_02A00C_6C79/measurement/iw-vv.rtc.tiff?st=2026-05-31T03%3A34%3A57Z&se=2026-06-01T04%3A19%3A57Z&sp=rl&sv=2025-07-05&sr=c&skoid=9c8ff44a-6a2c-4dfb-b298-1c9212f64d9a&sktid=72f988bf-86f1-41af-91ab-2d7cd011db47&skt=2026-06-01T02%3A31%3A16Z&ske=2026-06-08T02%3A31%3A16Z&sks=b&skv=2025-07-05&sig=pcp5U9uE9mY7s5kn6RsGDKoWGGFzY8FceMLifXrOVCM%3D' not recognized as being in a supported file format."
2026-06-01 06:19:57 INFO     GDAL signalled an error: err_no=4, msg="`/vsicurl/https://sentinel1euwestrtc.blob.core.windows.net/sentinel1-grd-rtc/GRD/2018/10/7/IW/DV/S1A_IW_GRDH_1SDV_20181007T062604_20181007T062629_024026_02A00C_6C79/measurement/iw-vh.rtc.tiff?st=2026-05-31T03%3A34%3A57Z&se=2026-06-01T04%3A19%3A57Z&sp=rl&sv=2025-07-05&sr=c&skoid=9c8ff44a-6a2c-4dfb-b298-1c9212f64d9a&sktid=72f988bf-86f1-41af-91ab-2d7cd011db47&skt=2026-06-01T02%3A31%3A16Z&ske=2026-06-08T02%3A31%3A16Z&sks=b&skv=2025-07-05&sig=pcp5U9uE9mY7s5kn6RsGDKoWGGFzY8FceMLifXrOVCM%3D' not recognized as being in a supported file format."
2026-06-01 06:19:57 WARNING    Attempt 1 failed (Error opening 'https://sentinel1euwestrtc.blob.core.windows.net/sentinel1-grd-rtc/GRD/2018/10/7/IW/DV/S1A_IW_GRDH_1SDV_20181007T062604_20181007T062629_024026_02A00C_6C79/measurement/iw-vv.rtc.tiff?st=2026-05-31T03%3A34%3A57Z&se=2026-06-01T04%3A19%3A57Z&sp=rl&sv=2025-07-05&sr=c&skoid=9c8ff44a-6a2c-4dfb-b298-1c9212f64d9a&sktid=72f988bf-86f1-41af-91ab-2d7cd011db47&skt=2026-06-01T02%3A31%3A16Z&ske=2026-06-08T02%3A31%3A16Z&sks=b&skv=2025-07-05&sig=pcp5U9uE9mY7s5kn6RsGDKoWGGFzY8FceMLifXrOVCM%3D': RasterioIOError("'/vsicurl/https://sentinel1euwestrtc.blob.core.windows.net/sentinel1-grd-rtc/GRD/2018/10/7/IW/DV/S1A_IW_GRDH_1SDV_20181007T062604_20181007T062629_024026_02A00C_6C79/measurement/iw-vv.rtc.tiff?st=2026-05-31T03%3A34%3A57Z&se=2026-06-01T04%3A19%3A57Z&sp=rl&sv=2025-07-05&sr=c&skoid=9c8ff44a-6a2c-4dfb-b298-1c9212f64d9a&sktid=72f988bf-86f1-41af-91ab-2d7cd011db47&skt=2026-06-01T02%3A31%3A16Z&ske=2026-06-08T02%3A31%3A16Z&sks=b&skv=2025-07-05&sig=pcp5U9uE9mY7s5kn6RsGDKoWGGFzY8FceMLifXrOVCM%3D' not recognized as being in a supported file format.")). Retrying in 5s…
2026-06-01 06:20:02 INFO     GDAL signalled an error: err_no=4, msg="`/vsicurl/https://sentinel1euwestrtc.blob.core.windows.net/sentinel1-grd-rtc/GRD/2016/7/25/IW/DV/S1A_IW_GRDH_1SDV_20160725T062550_20160725T062615_012301_013237_A3FD/measurement/iw-vv.rtc.tiff?st=2026-05-31T03%3A34%3A57Z&se=2026-06-01T04%3A19%3A57Z&sp=rl&sv=2025-07-05&sr=c&skoid=9c8ff44a-6a2c-4dfb-b298-1c9212f64d9a&sktid=72f988bf-86f1-41af-91ab-2d7cd011db47&skt=2026-06-01T02%3A31%3A16Z&ske=2026-06-08T02%3A31%3A16Z&sks=b&skv=2025-07-05&sig=pcp5U9uE9mY7s5kn6RsGDKoWGGFzY8FceMLifXrOVCM%3D' not recognized as being in a supported file format."
2026-06-01 06:20:02 INFO     GDAL signalled an error: err_no=4, msg="`/vsicurl/https://sentinel1euwestrtc.blob.core.windows.net/sentinel1-grd-rtc/GRD/2016/7/25/IW/DV/S1A_IW_GRDH_1SDV_20160725T062550_20160725T062615_012301_013237_A3FD/measurement/iw-vh.rtc.tiff?st=2026-05-31T03%3A34%3A57Z&se=2026-06-01T04%3A19%3A57Z&sp=rl&sv=2025-07-05&sr=c&skoid=9c8ff44a-6a2c-4dfb-b298-1c9212f64d9a&sktid=72f988bf-86f1-41af-91ab-2d7cd011db47&skt=2026-06-01T02%3A31%3A16Z&ske=2026-06-08T02%3A31%3A16Z&sks=b&skv=2025-07-05&sig=pcp5U9uE9mY7s5kn6RsGDKoWGGFzY8FceMLifXrOVCM%3D' not recognized as being in a supported file format."
2026-06-01 06:20:02 WARNING    Attempt 2 failed (Error opening 'https://sentinel1euwestrtc.blob.core.windows.net/sentinel1-grd-rtc/GRD/2016/7/25/IW/DV/S1A_IW_GRDH_1SDV_20160725T062550_20160725T062615_012301_013237_A3FD/measurement/iw-vv.rtc.tiff?st=2026-05-31T03%3A34%3A57Z&se=2026-06-01T04%3A19%3A57Z&sp=rl&sv=2025-07-05&sr=c&skoid=9c8ff44a-6a2c-4dfb-b298-1c9212f64d9a&sktid=72f988bf-86f1-41af-91ab-2d7cd011db47&skt=2026-06-01T02%3A31%3A16Z&ske=2026-06-08T02%3A31%3A16Z&sks=b&skv=2025-07-05&sig=pcp5U9uE9mY7s5kn6RsGDKoWGGFzY8FceMLifXrOVCM%3D': RasterioIOError("'/vsicurl/https://sentinel1euwestrtc.blob.core.windows.net/sentinel1-grd-rtc/GRD/2016/7/25/IW/DV/S1A_IW_GRDH_1SDV_20160725T062550_20160725T062615_012301_013237_A3FD/measurement/iw-vv.rtc.tiff?st=2026-05-31T03%3A34%3A57Z&se=2026-06-01T04%3A19%3A57Z&sp=rl&sv=2025-07-05&sr=c&skoid=9c8ff44a-6a2c-4dfb-b298-1c9212f64d9a&sktid=72f988bf-86f1-41af-91ab-2d7cd011db47&skt=2026-06-01T02%3A31%3A16Z&ske=2026-06-08T02%3A31%3A16Z&sks=b&skv=2025-07-05&sig=pcp5U9uE9mY7s5kn6RsGDKoWGGFzY8FceMLifXrOVCM%3D' not recognized as being in a supported file format.")). Retrying in 15s…
2026-06-01 06:20:02 INFO     GDAL signalled an error: err_no=4, msg="`/vsicurl/https://sentinel1euwestrtc.blob.core.windows.net/sentinel1-grd-rtc/GRD/2020/2/17/IW/DV/S1B_IW_GRDH_1SDV_20200217T062530_20200217T062555_020305_026740_0A84/measurement/iw-vv.rtc.tiff?st=2026-05-31T03%3A34%3A57Z&se=2026-06-01T04%3A19%3A57Z&sp=rl&sv=2025-07-05&sr=c&skoid=9c8ff44a-6a2c-4dfb-b298-1c9212f64d9a&sktid=72f988bf-86f1-41af-91ab-2d7cd011db47&skt=2026-06-01T02%3A31%3A16Z&ske=2026-06-08T02%3A31%3A16Z&sks=b&skv=2025-07-05&sig=pcp5U9uE9mY7s5kn6RsGDKoWGGFzY8FceMLifXrOVCM%3D' not recognized as being in a supported file format."
2026-06-01 06:20:02 WARNING    Attempt 2 failed (Error opening 'https://sentinel1euwestrtc.blob.core.windows.net/sentinel1-grd-rtc/GRD/2020/2/17/IW/DV/S1B_IW_GRDH_1SDV_20200217T062530_20200217T062555_020305_026740_0A84/measurement/iw-vv.rtc.tiff?st=2026-05-31T03%3A34%3A57Z&se=2026-06-01T04%3A19%3A57Z&sp=rl&sv=2025-07-05&sr=c&skoid=9c8ff44a-6a2c-4dfb-b298-1c9212f64d9a&sktid=72f988bf-86f1-41af-91ab-2d7cd011db47&skt=2026-06-01T02%3A31%3A16Z&ske=2026-06-08T02%3A31%3A16Z&sks=b&skv=2025-07-05&sig=pcp5U9uE9mY7s5kn6RsGDKoWGGFzY8FceMLifXrOVCM%3D': RasterioIOError("'/vsicurl/https://sentinel1euwestrtc.blob.core.windows.net/sentinel1-grd-rtc/GRD/2020/2/17/IW/DV/S1B_IW_GRDH_1SDV_20200217T062530_20200217T062555_020305_026740_0A84/measurement/iw-vv.rtc.tiff?st=2026-05-31T03%3A34%3A57Z&se=2026-06-01T04%3A19%3A57Z&sp=rl&sv=2025-07-05&sr=c&skoid=9c8ff44a-6a2c-4dfb-b298-1c9212f64d9a&sktid=72f988bf-86f1-41af-91ab-2d7cd011db47&skt=2026-06-01T02%3A31%3A16Z&ske=2026-06-08T02%3A31%3A16Z&sks=b&skv=2025-07-05&sig=pcp5U9uE9mY7s5kn6RsGDKoWGGFzY8FceMLifXrOVCM%3D' not recognized as being in a supported file format.")). Retrying in 15s…
2026-06-01 06:20:02 INFO     GDAL signalled an error: err_no=4, msg="`/vsicurl/https://sentinel1euwestrtc.blob.core.windows.net/sentinel1-grd-rtc/GRD/2020/2/17/IW/DV/S1B_IW_GRDH_1SDV_20200217T062530_20200217T062555_020305_026740_0A84/measurement/iw-vh.rtc.tiff?st=2026-05-31T03%3A34%3A57Z&se=2026-06-01T04%3A19%3A57Z&sp=rl&sv=2025-07-05&sr=c&skoid=9c8ff44a-6a2c-4dfb-b298-1c9212f64d9a&sktid=72f988bf-86f1-41af-91ab-2d7cd011db47&skt=2026-06-01T02%3A31%3A16Z&ske=2026-06-08T02%3A31%3A16Z&sks=b&skv=2025-07-05&sig=pcp5U9uE9mY7s5kn6RsGDKoWGGFzY8FceMLifXrOVCM%3D' not recognized as being in a supported file format."
2026-06-01 06:20:02 INFO     GDAL signalled an error: err_no=4, msg="`/vsicurl/https://sentinel1euwestrtc.blob.core.windows.net/sentinel1-grd-rtc/GRD/2019/7/22/IW/DV/S1B_IW_GRDH_1SDV_20190722T181854_20190722T181919_017250_02071F_1FAE/measurement/iw-vh.rtc.tiff?st=2026-05-31T03%3A34%3A57Z&se=2026-06-01T04%3A19%3A57Z&sp=rl&sv=2025-07-05&sr=c&skoid=9c8ff44a-6a2c-4dfb-b298-1c9212f64d9a&sktid=72f988bf-86f1-41af-91ab-2d7cd011db47&skt=2026-06-01T02%3A31%3A16Z&ske=2026-06-08T02%3A31%3A16Z&sks=b&skv=2025-07-05&sig=pcp5U9uE9mY7s5kn6RsGDKoWGGFzY8FceMLifXrOVCM%3D' not recognized as being in a supported file format."
2026-06-01 06:20:02 WARNING    Attempt 2 failed (Error opening 'https://sentinel1euwestrtc.blob.core.windows.net/sentinel1-grd-rtc/GRD/2019/7/22/IW/DV/S1B_IW_GRDH_1SDV_20190722T181854_20190722T181919_017250_02071F_1FAE/measurement/iw-vh.rtc.tiff?st=2026-05-31T03%3A34%3A57Z&se=2026-06-01T04%3A19%3A57Z&sp=rl&sv=2025-07-05&sr=c&skoid=9c8ff44a-6a2c-4dfb-b298-1c9212f64d9a&sktid=72f988bf-86f1-41af-91ab-2d7cd011db47&skt=2026-06-01T02%3A31%3A16Z&ske=2026-06-08T02%3A31%3A16Z&sks=b&skv=2025-07-05&sig=pcp5U9uE9mY7s5kn6RsGDKoWGGFzY8FceMLifXrOVCM%3D': RasterioIOError("'/vsicurl/https://sentinel1euwestrtc.blob.core.windows.net/sentinel1-grd-rtc/GRD/2019/7/22/IW/DV/S1B_IW_GRDH_1SDV_20190722T181854_20190722T181919_017250_02071F_1FAE/measurement/iw-vh.rtc.tiff?st=2026-05-31T03%3A34%3A57Z&se=2026-06-01T04%3A19%3A57Z&sp=rl&sv=2025-07-05&sr=c&skoid=9c8ff44a-6a2c-4dfb-b298-1c9212f64d9a&sktid=72f988bf-86f1-41af-91ab-2d7cd011db47&skt=2026-06-01T02%3A31%3A16Z&ske=2026-06-08T02%3A31%3A16Z&sks=b&skv=2025-07-05&sig=pcp5U9uE9mY7s5kn6RsGDKoWGGFzY8FceMLifXrOVCM%3D' not recognized as being in a supported file format.")). Retrying in 15s…
2026-06-01 06:20:02 INFO     GDAL signalled an error: err_no=4, msg="`/vsicurl/https://sentinel1euwestrtc.blob.core.windows.net/sentinel1-grd-rtc/GRD/2019/7/22/IW/DV/S1B_IW_GRDH_1SDV_20190722T181854_20190722T181919_017250_02071F_1FAE/measurement/iw-vv.rtc.tiff?st=2026-05-31T03%3A34%3A57Z&se=2026-06-01T04%3A19%3A57Z&sp=rl&sv=2025-07-05&sr=c&skoid=9c8ff44a-6a2c-4dfb-b298-1c9212f64d9a&sktid=72f988bf-86f1-41af-91ab-2d7cd011db47&skt=2026-06-01T02%3A31%3A16Z&ske=2026-06-08T02%3A31%3A16Z&sks=b&skv=2025-07-05&sig=pcp5U9uE9mY7s5kn6RsGDKoWGGFzY8FceMLifXrOVCM%3D' not recognized as being in a supported file format."
2026-06-01 06:20:02 INFO     GDAL signalled an error: err_no=4, msg="`/vsicurl/https://sentinel1euwestrtc.blob.core.windows.net/sentinel1-grd-rtc/GRD/2021/1/24/IW/DV/S1B_IW_GRDH_1SDV_20210124T181901_20210124T181926_025300_030355_0448/measurement/iw-vv.rtc.tiff?st=2026-05-31T03%3A34%3A57Z&se=2026-06-01T04%3A19%3A57Z&sp=rl&sv=2025-07-05&sr=c&skoid=9c8ff44a-6a2c-4dfb-b298-1c9212f64d9a&sktid=72f988bf-86f1-41af-91ab-2d7cd011db47&skt=2026-06-01T02%3A31%3A16Z&ske=2026-06-08T02%3A31%3A16Z&sks=b&skv=2025-07-05&sig=pcp5U9uE9mY7s5kn6RsGDKoWGGFzY8FceMLifXrOVCM%3D' not recognized as being in a supported file format."
2026-06-01 06:20:02 INFO     GDAL signalled an error: err_no=4, msg="`/vsicurl/https://sentinel1euwestrtc.blob.core.windows.net/sentinel1-grd-rtc/GRD/2021/1/24/IW/DV/S1B_IW_GRDH_1SDV_20210124T181901_20210124T181926_025300_030355_0448/measurement/iw-vh.rtc.tiff?st=2026-05-31T03%3A34%3A57Z&se=2026-06-01T04%3A19%3A57Z&sp=rl&sv=2025-07-05&sr=c&skoid=9c8ff44a-6a2c-4dfb-b298-1c9212f64d9a&sktid=72f988bf-86f1-41af-91ab-2d7cd011db47&skt=2026-06-01T02%3A31%3A16Z&ske=2026-06-08T02%3A31%3A16Z&sks=b&skv=2025-07-05&sig=pcp5U9uE9mY7s5kn6RsGDKoWGGFzY8FceMLifXrOVCM%3D' not recognized as being in a supported file format."
2026-06-01 06:20:02 WARNING    Attempt 2 failed (Error opening 'https://sentinel1euwestrtc.blob.core.windows.net/sentinel1-grd-rtc/GRD/2021/1/24/IW/DV/S1B_IW_GRDH_1SDV_20210124T181901_20210124T181926_025300_030355_0448/measurement/iw-vv.rtc.tiff?st=2026-05-31T03%3A34%3A57Z&se=2026-06-01T04%3A19%3A57Z&sp=rl&sv=2025-07-05&sr=c&skoid=9c8ff44a-6a2c-4dfb-b298-1c9212f64d9a&sktid=72f988bf-86f1-41af-91ab-2d7cd011db47&skt=2026-06-01T02%3A31%3A16Z&ske=2026-06-08T02%3A31%3A16Z&sks=b&skv=2025-07-05&sig=pcp5U9uE9mY7s5kn6RsGDKoWGGFzY8FceMLifXrOVCM%3D': RasterioIOError("'/vsicurl/https://sentinel1euwestrtc.blob.core.windows.net/sentinel1-grd-rtc/GRD/2021/1/24/IW/DV/S1B_IW_GRDH_1SDV_20210124T181901_20210124T181926_025300_030355_0448/measurement/iw-vv.rtc.tiff?st=2026-05-31T03%3A34%3A57Z&se=2026-06-01T04%3A19%3A57Z&sp=rl&sv=2025-07-05&sr=c&skoid=9c8ff44a-6a2c-4dfb-b298-1c9212f64d9a&sktid=72f988bf-86f1-41af-91ab-2d7cd011db47&skt=2026-06-01T02%3A31%3A16Z&ske=2026-06-08T02%3A31%3A16Z&sks=b&skv=2025-07-05&sig=pcp5U9uE9mY7s5kn6RsGDKoWGGFzY8FceMLifXrOVCM%3D' not recognized as being in a supported file format.")). Retrying in 15s…
2026-06-01 06:20:02 INFO     GDAL signalled an error: err_no=4, msg="`/vsicurl/https://sentinel1euwestrtc.blob.core.windows.net/sentinel1-grd-rtc/GRD/2018/2/10/IW/DV/S1A_IW_GRDH_1SDV_20180210T181126_20180210T181151_020548_023280_AE57/measurement/iw-vh.rtc.tiff?st=2026-05-31T03%3A34%3A57Z&se=2026-06-01T04%3A19%3A57Z&sp=rl&sv=2025-07-05&sr=c&skoid=9c8ff44a-6a2c-4dfb-b298-1c9212f64d9a&sktid=72f988bf-86f1-41af-91ab-2d7cd011db47&skt=2026-06-01T02%3A31%3A16Z&ske=2026-06-08T02%3A31%3A16Z&sks=b&skv=2025-07-05&sig=pcp5U9uE9mY7s5kn6RsGDKoWGGFzY8FceMLifXrOVCM%3D' not recognized as being in a supported file format."
2026-06-01 06:20:02 INFO     GDAL signalled an error: err_no=4, msg="`/vsicurl/https://sentinel1euwestrtc.blob.core.windows.net/sentinel1-grd-rtc/GRD/2018/2/10/IW/DV/S1A_IW_GRDH_1SDV_20180210T181126_20180210T181151_020548_023280_AE57/measurement/iw-vv.rtc.tiff?st=2026-05-31T03%3A34%3A57Z&se=2026-06-01T04%3A19%3A57Z&sp=rl&sv=2025-07-05&sr=c&skoid=9c8ff44a-6a2c-4dfb-b298-1c9212f64d9a&sktid=72f988bf-86f1-41af-91ab-2d7cd011db47&skt=2026-06-01T02%3A31%3A16Z&ske=2026-06-08T02%3A31%3A16Z&sks=b&skv=2025-07-05&sig=pcp5U9uE9mY7s5kn6RsGDKoWGGFzY8FceMLifXrOVCM%3D' not recognized as being in a supported file format."
2026-06-01 06:20:02 WARNING    Attempt 2 failed (Error opening 'https://sentinel1euwestrtc.blob.core.windows.net/sentinel1-grd-rtc/GRD/2018/2/10/IW/DV/S1A_IW_GRDH_1SDV_20180210T181126_20180210T181151_020548_023280_AE57/measurement/iw-vh.rtc.tiff?st=2026-05-31T03%3A34%3A57Z&se=2026-06-01T04%3A19%3A57Z&sp=rl&sv=2025-07-05&sr=c&skoid=9c8ff44a-6a2c-4dfb-b298-1c9212f64d9a&sktid=72f988bf-86f1-41af-91ab-2d7cd011db47&skt=2026-06-01T02%3A31%3A16Z&ske=2026-06-08T02%3A31%3A16Z&sks=b&skv=2025-07-05&sig=pcp5U9uE9mY7s5kn6RsGDKoWGGFzY8FceMLifXrOVCM%3D': RasterioIOError("'/vsicurl/https://sentinel1euwestrtc.blob.core.windows.net/sentinel1-grd-rtc/GRD/2018/2/10/IW/DV/S1A_IW_GRDH_1SDV_20180210T181126_20180210T181151_020548_023280_AE57/measurement/iw-vh.rtc.tiff?st=2026-05-31T03%3A34%3A57Z&se=2026-06-01T04%3A19%3A57Z&sp=rl&sv=2025-07-05&sr=c&skoid=9c8ff44a-6a2c-4dfb-b298-1c9212f64d9a&sktid=72f988bf-86f1-41af-91ab-2d7cd011db47&skt=2026-06-01T02%3A31%3A16Z&ske=2026-06-08T02%3A31%3A16Z&sks=b&skv=2025-07-05&sig=pcp5U9uE9mY7s5kn6RsGDKoWGGFzY8FceMLifXrOVCM%3D' not recognized as being in a supported file format.")). Retrying in 15s…
2026-06-01 06:20:02 INFO     GDAL signalled an error: err_no=4, msg="`/vsicurl/https://sentinel1euwestrtc.blob.core.windows.net/sentinel1-grd-rtc/GRD/2021/1/12/IW/DV/S1A_IW_GRDH_1SDV_20210112T062607_20210112T062632_036101_043B51_726B/measurement/iw-vv.rtc.tiff?st=2026-05-31T03%3A34%3A57Z&se=2026-06-01T04%3A19%3A57Z&sp=rl&sv=2025-07-05&sr=c&skoid=9c8ff44a-6a2c-4dfb-b298-1c9212f64d9a&sktid=72f988bf-86f1-41af-91ab-2d7cd011db47&skt=2026-06-01T02%3A31%3A16Z&ske=2026-06-08T02%3A31%3A16Z&sks=b&skv=2025-07-05&sig=pcp5U9uE9mY7s5kn6RsGDKoWGGFzY8FceMLifXrOVCM%3D' not recognized as being in a supported file format."
2026-06-01 06:20:02 INFO     GDAL signalled an error: err_no=4, msg="`/vsicurl/https://sentinel1euwestrtc.blob.core.windows.net/sentinel1-grd-rtc/GRD/2021/1/12/IW/DV/S1A_IW_GRDH_1SDV_20210112T062607_20210112T062632_036101_043B51_726B/measurement/iw-vh.rtc.tiff?st=2026-05-31T03%3A34%3A57Z&se=2026-06-01T04%3A19%3A57Z&sp=rl&sv=2025-07-05&sr=c&skoid=9c8ff44a-6a2c-4dfb-b298-1c9212f64d9a&sktid=72f988bf-86f1-41af-91ab-2d7cd011db47&skt=2026-06-01T02%3A31%3A16Z&ske=2026-06-08T02%3A31%3A16Z&sks=b&skv=2025-07-05&sig=pcp5U9uE9mY7s5kn6RsGDKoWGGFzY8FceMLifXrOVCM%3D' not recognized as being in a supported file format."
2026-06-01 06:20:02 WARNING    Attempt 2 failed (Error opening 'https://sentinel1euwestrtc.blob.core.windows.net/sentinel1-grd-rtc/GRD/2021/1/12/IW/DV/S1A_IW_GRDH_1SDV_20210112T062607_20210112T062632_036101_043B51_726B/measurement/iw-vv.rtc.tiff?st=2026-05-31T03%3A34%3A57Z&se=2026-06-01T04%3A19%3A57Z&sp=rl&sv=2025-07-05&sr=c&skoid=9c8ff44a-6a2c-4dfb-b298-1c9212f64d9a&sktid=72f988bf-86f1-41af-91ab-2d7cd011db47&skt=2026-06-01T02%3A31%3A16Z&ske=2026-06-08T02%3A31%3A16Z&sks=b&skv=2025-07-05&sig=pcp5U9uE9mY7s5kn6RsGDKoWGGFzY8FceMLifXrOVCM%3D': RasterioIOError("'/vsicurl/https://sentinel1euwestrtc.blob.core.windows.net/sentinel1-grd-rtc/GRD/2021/1/12/IW/DV/S1A_IW_GRDH_1SDV_20210112T062607_20210112T062632_036101_043B51_726B/measurement/iw-vv.rtc.tiff?st=2026-05-31T03%3A34%3A57Z&se=2026-06-01T04%3A19%3A57Z&sp=rl&sv=2025-07-05&sr=c&skoid=9c8ff44a-6a2c-4dfb-b298-1c9212f64d9a&sktid=72f988bf-86f1-41af-91ab-2d7cd011db47&skt=2026-06-01T02%3A31%3A16Z&ske=2026-06-08T02%3A31%3A16Z&sks=b&skv=2025-07-05&sig=pcp5U9uE9mY7s5kn6RsGDKoWGGFzY8FceMLifXrOVCM%3D' not recognized as being in a supported file format.")). Retrying in 15s…
2026-06-01 06:20:02 INFO     GDAL signalled an error: err_no=4, msg="`/vsicurl/https://sentinel1euwestrtc.blob.core.windows.net/sentinel1-grd-rtc/GRD/2018/10/7/IW/DV/S1A_IW_GRDH_1SDV_20181007T062604_20181007T062629_024026_02A00C_6C79/measurement/iw-vh.rtc.tiff?st=2026-05-31T03%3A34%3A57Z&se=2026-06-01T04%3A19%3A57Z&sp=rl&sv=2025-07-05&sr=c&skoid=9c8ff44a-6a2c-4dfb-b298-1c9212f64d9a&sktid=72f988bf-86f1-41af-91ab-2d7cd011db47&skt=2026-06-01T02%3A31%3A16Z&ske=2026-06-08T02%3A31%3A16Z&sks=b&skv=2025-07-05&sig=pcp5U9uE9mY7s5kn6RsGDKoWGGFzY8FceMLifXrOVCM%3D' not recognized as being in a supported file format."
2026-06-01 06:20:02 INFO     GDAL signalled an error: err_no=4, msg="`/vsicurl/https://sentinel1euwestrtc.blob.core.windows.net/sentinel1-grd-rtc/GRD/2018/10/7/IW/DV/S1A_IW_GRDH_1SDV_20181007T062604_20181007T062629_024026_02A00C_6C79/measurement/iw-vv.rtc.tiff?st=2026-05-31T03%3A34%3A57Z&se=2026-06-01T04%3A19%3A57Z&sp=rl&sv=2025-07-05&sr=c&skoid=9c8ff44a-6a2c-4dfb-b298-1c9212f64d9a&sktid=72f988bf-86f1-41af-91ab-2d7cd011db47&skt=2026-06-01T02%3A31%3A16Z&ske=2026-06-08T02%3A31%3A16Z&sks=b&skv=2025-07-05&sig=pcp5U9uE9mY7s5kn6RsGDKoWGGFzY8FceMLifXrOVCM%3D' not recognized as being in a supported file format."
2026-06-01 06:20:02 WARNING    Attempt 2 failed (Error opening 'https://sentinel1euwestrtc.blob.core.windows.net/sentinel1-grd-rtc/GRD/2018/10/7/IW/DV/S1A_IW_GRDH_1SDV_20181007T062604_20181007T062629_024026_02A00C_6C79/measurement/iw-vh.rtc.tiff?st=2026-05-31T03%3A34%3A57Z&se=2026-06-01T04%3A19%3A57Z&sp=rl&sv=2025-07-05&sr=c&skoid=9c8ff44a-6a2c-4dfb-b298-1c9212f64d9a&sktid=72f988bf-86f1-41af-91ab-2d7cd011db47&skt=2026-06-01T02%3A31%3A16Z&ske=2026-06-08T02%3A31%3A16Z&sks=b&skv=2025-07-05&sig=pcp5U9uE9mY7s5kn6RsGDKoWGGFzY8FceMLifXrOVCM%3D': RasterioIOError("'/vsicurl/https://sentinel1euwestrtc.blob.core.windows.net/sentinel1-grd-rtc/GRD/2018/10/7/IW/DV/S1A_IW_GRDH_1SDV_20181007T062604_20181007T062629_024026_02A00C_6C79/measurement/iw-vh.rtc.tiff?st=2026-05-31T03%3A34%3A57Z&se=2026-06-01T04%3A19%3A57Z&sp=rl&sv=2025-07-05&sr=c&skoid=9c8ff44a-6a2c-4dfb-b298-1c9212f64d9a&sktid=72f988bf-86f1-41af-91ab-2d7cd011db47&skt=2026-06-01T02%3A31%3A16Z&ske=2026-06-08T02%3A31%3A16Z&sks=b&skv=2025-07-05&sig=pcp5U9uE9mY7s5kn6RsGDKoWGGFzY8FceMLifXrOVCM%3D' not recognized as being in a supported file format.")). Retrying in 15s…
2026-06-01 06:20:17 INFO     GDAL signalled an error: err_no=4, msg="`/vsicurl/https://sentinel1euwestrtc.blob.core.windows.net/sentinel1-grd-rtc/GRD/2016/7/25/IW/DV/S1A_IW_GRDH_1SDV_20160725T062550_20160725T062615_012301_013237_A3FD/measurement/iw-vh.rtc.tiff?st=2026-05-31T03%3A34%3A57Z&se=2026-06-01T04%3A19%3A57Z&sp=rl&sv=2025-07-05&sr=c&skoid=9c8ff44a-6a2c-4dfb-b298-1c9212f64d9a&sktid=72f988bf-86f1-41af-91ab-2d7cd011db47&skt=2026-06-01T02%3A31%3A16Z&ske=2026-06-08T02%3A31%3A16Z&sks=b&skv=2025-07-05&sig=pcp5U9uE9mY7s5kn6RsGDKoWGGFzY8FceMLifXrOVCM%3D' not recognized as being in a supported file format."
2026-06-01 06:20:17 INFO     GDAL signalled an error: err_no=4, msg="`/vsicurl/https://sentinel1euwestrtc.blob.core.windows.net/sentinel1-grd-rtc/GRD/2016/7/25/IW/DV/S1A_IW_GRDH_1SDV_20160725T062550_20160725T062615_012301_013237_A3FD/measurement/iw-vv.rtc.tiff?st=2026-05-31T03%3A34%3A57Z&se=2026-06-01T04%3A19%3A57Z&sp=rl&sv=2025-07-05&sr=c&skoid=9c8ff44a-6a2c-4dfb-b298-1c9212f64d9a&sktid=72f988bf-86f1-41af-91ab-2d7cd011db47&skt=2026-06-01T02%3A31%3A16Z&ske=2026-06-08T02%3A31%3A16Z&sks=b&skv=2025-07-05&sig=pcp5U9uE9mY7s5kn6RsGDKoWGGFzY8FceMLifXrOVCM%3D' not recognized as being in a supported file format."
2026-06-01 06:20:17 WARNING    Attempt 3 failed (Error opening 'https://sentinel1euwestrtc.blob.core.windows.net/sentinel1-grd-rtc/GRD/2016/7/25/IW/DV/S1A_IW_GRDH_1SDV_20160725T062550_20160725T062615_012301_013237_A3FD/measurement/iw-vh.rtc.tiff?st=2026-05-31T03%3A34%3A57Z&se=2026-06-01T04%3A19%3A57Z&sp=rl&sv=2025-07-05&sr=c&skoid=9c8ff44a-6a2c-4dfb-b298-1c9212f64d9a&sktid=72f988bf-86f1-41af-91ab-2d7cd011db47&skt=2026-06-01T02%3A31%3A16Z&ske=2026-06-08T02%3A31%3A16Z&sks=b&skv=2025-07-05&sig=pcp5U9uE9mY7s5kn6RsGDKoWGGFzY8FceMLifXrOVCM%3D': RasterioIOError("'/vsicurl/https://sentinel1euwestrtc.blob.core.windows.net/sentinel1-grd-rtc/GRD/2016/7/25/IW/DV/S1A_IW_GRDH_1SDV_20160725T062550_20160725T062615_012301_013237_A3FD/measurement/iw-vh.rtc.tiff?st=2026-05-31T03%3A34%3A57Z&se=2026-06-01T04%3A19%3A57Z&sp=rl&sv=2025-07-05&sr=c&skoid=9c8ff44a-6a2c-4dfb-b298-1c9212f64d9a&sktid=72f988bf-86f1-41af-91ab-2d7cd011db47&skt=2026-06-01T02%3A31%3A16Z&ske=2026-06-08T02%3A31%3A16Z&sks=b&skv=2025-07-05&sig=pcp5U9uE9mY7s5kn6RsGDKoWGGFzY8FceMLifXrOVCM%3D' not recognized as being in a supported file format.")). Retrying in 45s…
2026-06-01 06:20:17 INFO     GDAL signalled an error: err_no=4, msg="`/vsicurl/https://sentinel1euwestrtc.blob.core.windows.net/sentinel1-grd-rtc/GRD/2020/2/17/IW/DV/S1B_IW_GRDH_1SDV_20200217T062530_20200217T062555_020305_026740_0A84/measurement/iw-vv.rtc.tiff?st=2026-05-31T03%3A34%3A57Z&se=2026-06-01T04%3A19%3A57Z&sp=rl&sv=2025-07-05&sr=c&skoid=9c8ff44a-6a2c-4dfb-b298-1c9212f64d9a&sktid=72f988bf-86f1-41af-91ab-2d7cd011db47&skt=2026-06-01T02%3A31%3A16Z&ske=2026-06-08T02%3A31%3A16Z&sks=b&skv=2025-07-05&sig=pcp5U9uE9mY7s5kn6RsGDKoWGGFzY8FceMLifXrOVCM%3D' not recognized as being in a supported file format."
2026-06-01 06:20:17 INFO     GDAL signalled an error: err_no=4, msg="`/vsicurl/https://sentinel1euwestrtc.blob.core.windows.net/sentinel1-grd-rtc/GRD/2020/2/17/IW/DV/S1B_IW_GRDH_1SDV_20200217T062530_20200217T062555_020305_026740_0A84/measurement/iw-vh.rtc.tiff?st=2026-05-31T03%3A34%3A57Z&se=2026-06-01T04%3A19%3A57Z&sp=rl&sv=2025-07-05&sr=c&skoid=9c8ff44a-6a2c-4dfb-b298-1c9212f64d9a&sktid=72f988bf-86f1-41af-91ab-2d7cd011db47&skt=2026-06-01T02%3A31%3A16Z&ske=2026-06-08T02%3A31%3A16Z&sks=b&skv=2025-07-05&sig=pcp5U9uE9mY7s5kn6RsGDKoWGGFzY8FceMLifXrOVCM%3D' not recognized as being in a supported file format."
2026-06-01 06:20:17 WARNING    Attempt 3 failed (Error opening 'https://sentinel1euwestrtc.blob.core.windows.net/sentinel1-grd-rtc/GRD/2020/2/17/IW/DV/S1B_IW_GRDH_1SDV_20200217T062530_20200217T062555_020305_026740_0A84/measurement/iw-vv.rtc.tiff?st=2026-05-31T03%3A34%3A57Z&se=2026-06-01T04%3A19%3A57Z&sp=rl&sv=2025-07-05&sr=c&skoid=9c8ff44a-6a2c-4dfb-b298-1c9212f64d9a&sktid=72f988bf-86f1-41af-91ab-2d7cd011db47&skt=2026-06-01T02%3A31%3A16Z&ske=2026-06-08T02%3A31%3A16Z&sks=b&skv=2025-07-05&sig=pcp5U9uE9mY7s5kn6RsGDKoWGGFzY8FceMLifXrOVCM%3D': RasterioIOError("'/vsicurl/https://sentinel1euwestrtc.blob.core.windows.net/sentinel1-grd-rtc/GRD/2020/2/17/IW/DV/S1B_IW_GRDH_1SDV_20200217T062530_20200217T062555_020305_026740_0A84/measurement/iw-vv.rtc.tiff?st=2026-05-31T03%3A34%3A57Z&se=2026-06-01T04%3A19%3A57Z&sp=rl&sv=2025-07-05&sr=c&skoid=9c8ff44a-6a2c-4dfb-b298-1c9212f64d9a&sktid=72f988bf-86f1-41af-91ab-2d7cd011db47&skt=2026-06-01T02%3A31%3A16Z&ske=2026-06-08T02%3A31%3A16Z&sks=b&skv=2025-07-05&sig=pcp5U9uE9mY7s5kn6RsGDKoWGGFzY8FceMLifXrOVCM%3D' not recognized as being in a supported file format.")). Retrying in 45s…
2026-06-01 06:20:17 INFO     GDAL signalled an error: err_no=4, msg="`/vsicurl/https://sentinel1euwestrtc.blob.core.windows.net/sentinel1-grd-rtc/GRD/2019/7/22/IW/DV/S1B_IW_GRDH_1SDV_20190722T181854_20190722T181919_017250_02071F_1FAE/measurement/iw-vh.rtc.tiff?st=2026-05-31T03%3A34%3A57Z&se=2026-06-01T04%3A19%3A57Z&sp=rl&sv=2025-07-05&sr=c&skoid=9c8ff44a-6a2c-4dfb-b298-1c9212f64d9a&sktid=72f988bf-86f1-41af-91ab-2d7cd011db47&skt=2026-06-01T02%3A31%3A16Z&ske=2026-06-08T02%3A31%3A16Z&sks=b&skv=2025-07-05&sig=pcp5U9uE9mY7s5kn6RsGDKoWGGFzY8FceMLifXrOVCM%3D' not recognized as being in a supported file format."
2026-06-01 06:20:17 WARNING    Attempt 3 failed (Error opening 'https://sentinel1euwestrtc.blob.core.windows.net/sentinel1-grd-rtc/GRD/2019/7/22/IW/DV/S1B_IW_GRDH_1SDV_20190722T181854_20190722T181919_017250_02071F_1FAE/measurement/iw-vh.rtc.tiff?st=2026-05-31T03%3A34%3A57Z&se=2026-06-01T04%3A19%3A57Z&sp=rl&sv=2025-07-05&sr=c&skoid=9c8ff44a-6a2c-4dfb-b298-1c9212f64d9a&sktid=72f988bf-86f1-41af-91ab-2d7cd011db47&skt=2026-06-01T02%3A31%3A16Z&ske=2026-06-08T02%3A31%3A16Z&sks=b&skv=2025-07-05&sig=pcp5U9uE9mY7s5kn6RsGDKoWGGFzY8FceMLifXrOVCM%3D': RasterioIOError("'/vsicurl/https://sentinel1euwestrtc.blob.core.windows.net/sentinel1-grd-rtc/GRD/2019/7/22/IW/DV/S1B_IW_GRDH_1SDV_20190722T181854_20190722T181919_017250_02071F_1FAE/measurement/iw-vh.rtc.tiff?st=2026-05-31T03%3A34%3A57Z&se=2026-06-01T04%3A19%3A57Z&sp=rl&sv=2025-07-05&sr=c&skoid=9c8ff44a-6a2c-4dfb-b298-1c9212f64d9a&sktid=72f988bf-86f1-41af-91ab-2d7cd011db47&skt=2026-06-01T02%3A31%3A16Z&ske=2026-06-08T02%3A31%3A16Z&sks=b&skv=2025-07-05&sig=pcp5U9uE9mY7s5kn6RsGDKoWGGFzY8FceMLifXrOVCM%3D' not recognized as being in a supported file format.")). Retrying in 45s…
2026-06-01 06:20:17 INFO     GDAL signalled an error: err_no=4, msg="`/vsicurl/https://sentinel1euwestrtc.blob.core.windows.net/sentinel1-grd-rtc/GRD/2019/7/22/IW/DV/S1B_IW_GRDH_1SDV_20190722T181854_20190722T181919_017250_02071F_1FAE/measurement/iw-vv.rtc.tiff?st=2026-05-31T03%3A34%3A57Z&se=2026-06-01T04%3A19%3A57Z&sp=rl&sv=2025-07-05&sr=c&skoid=9c8ff44a-6a2c-4dfb-b298-1c9212f64d9a&sktid=72f988bf-86f1-41af-91ab-2d7cd011db47&skt=2026-06-01T02%3A31%3A16Z&ske=2026-06-08T02%3A31%3A16Z&sks=b&skv=2025-07-05&sig=pcp5U9uE9mY7s5kn6RsGDKoWGGFzY8FceMLifXrOVCM%3D' not recognized as being in a supported file format."
2026-06-01 06:20:17 INFO     GDAL signalled an error: err_no=4, msg="`/vsicurl/https://sentinel1euwestrtc.blob.core.windows.net/sentinel1-grd-rtc/GRD/2021/1/24/IW/DV/S1B_IW_GRDH_1SDV_20210124T181901_20210124T181926_025300_030355_0448/measurement/iw-vh.rtc.tiff?st=2026-05-31T03%3A34%3A57Z&se=2026-06-01T04%3A19%3A57Z&sp=rl&sv=2025-07-05&sr=c&skoid=9c8ff44a-6a2c-4dfb-b298-1c9212f64d9a&sktid=72f988bf-86f1-41af-91ab-2d7cd011db47&skt=2026-06-01T02%3A31%3A16Z&ske=2026-06-08T02%3A31%3A16Z&sks=b&skv=2025-07-05&sig=pcp5U9uE9mY7s5kn6RsGDKoWGGFzY8FceMLifXrOVCM%3D' not recognized as being in a supported file format."
2026-06-01 06:20:17 WARNING    Attempt 3 failed (Error opening 'https://sentinel1euwestrtc.blob.core.windows.net/sentinel1-grd-rtc/GRD/2021/1/24/IW/DV/S1B_IW_GRDH_1SDV_20210124T181901_20210124T181926_025300_030355_0448/measurement/iw-vh.rtc.tiff?st=2026-05-31T03%3A34%3A57Z&se=2026-06-01T04%3A19%3A57Z&sp=rl&sv=2025-07-05&sr=c&skoid=9c8ff44a-6a2c-4dfb-b298-1c9212f64d9a&sktid=72f988bf-86f1-41af-91ab-2d7cd011db47&skt=2026-06-01T02%3A31%3A16Z&ske=2026-06-08T02%3A31%3A16Z&sks=b&skv=2025-07-05&sig=pcp5U9uE9mY7s5kn6RsGDKoWGGFzY8FceMLifXrOVCM%3D': RasterioIOError("'/vsicurl/https://sentinel1euwestrtc.blob.core.windows.net/sentinel1-grd-rtc/GRD/2021/1/24/IW/DV/S1B_IW_GRDH_1SDV_20210124T181901_20210124T181926_025300_030355_0448/measurement/iw-vh.rtc.tiff?st=2026-05-31T03%3A34%3A57Z&se=2026-06-01T04%3A19%3A57Z&sp=rl&sv=2025-07-05&sr=c&skoid=9c8ff44a-6a2c-4dfb-b298-1c9212f64d9a&sktid=72f988bf-86f1-41af-91ab-2d7cd011db47&skt=2026-06-01T02%3A31%3A16Z&ske=2026-06-08T02%3A31%3A16Z&sks=b&skv=2025-07-05&sig=pcp5U9uE9mY7s5kn6RsGDKoWGGFzY8FceMLifXrOVCM%3D' not recognized as being in a supported file format.")). Retrying in 45s…
2026-06-01 06:20:17 INFO     GDAL signalled an error: err_no=4, msg="`/vsicurl/https://sentinel1euwestrtc.blob.core.windows.net/sentinel1-grd-rtc/GRD/2021/1/24/IW/DV/S1B_IW_GRDH_1SDV_20210124T181901_20210124T181926_025300_030355_0448/measurement/iw-vv.rtc.tiff?st=2026-05-31T03%3A34%3A57Z&se=2026-06-01T04%3A19%3A57Z&sp=rl&sv=2025-07-05&sr=c&skoid=9c8ff44a-6a2c-4dfb-b298-1c9212f64d9a&sktid=72f988bf-86f1-41af-91ab-2d7cd011db47&skt=2026-06-01T02%3A31%3A16Z&ske=2026-06-08T02%3A31%3A16Z&sks=b&skv=2025-07-05&sig=pcp5U9uE9mY7s5kn6RsGDKoWGGFzY8FceMLifXrOVCM%3D' not recognized as being in a supported file format."
2026-06-01 06:20:17 INFO     GDAL signalled an error: err_no=4, msg="`/vsicurl/https://sentinel1euwestrtc.blob.core.windows.net/sentinel1-grd-rtc/GRD/2021/1/12/IW/DV/S1A_IW_GRDH_1SDV_20210112T062607_20210112T062632_036101_043B51_726B/measurement/iw-vv.rtc.tiff?st=2026-05-31T03%3A34%3A57Z&se=2026-06-01T04%3A19%3A57Z&sp=rl&sv=2025-07-05&sr=c&skoid=9c8ff44a-6a2c-4dfb-b298-1c9212f64d9a&sktid=72f988bf-86f1-41af-91ab-2d7cd011db47&skt=2026-06-01T02%3A31%3A16Z&ske=2026-06-08T02%3A31%3A16Z&sks=b&skv=2025-07-05&sig=pcp5U9uE9mY7s5kn6RsGDKoWGGFzY8FceMLifXrOVCM%3D' not recognized as being in a supported file format."
2026-06-01 06:20:17 INFO     GDAL signalled an error: err_no=4, msg="`/vsicurl/https://sentinel1euwestrtc.blob.core.windows.net/sentinel1-grd-rtc/GRD/2021/1/12/IW/DV/S1A_IW_GRDH_1SDV_20210112T062607_20210112T062632_036101_043B51_726B/measurement/iw-vh.rtc.tiff?st=2026-05-31T03%3A34%3A57Z&se=2026-06-01T04%3A19%3A57Z&sp=rl&sv=2025-07-05&sr=c&skoid=9c8ff44a-6a2c-4dfb-b298-1c9212f64d9a&sktid=72f988bf-86f1-41af-91ab-2d7cd011db47&skt=2026-06-01T02%3A31%3A16Z&ske=2026-06-08T02%3A31%3A16Z&sks=b&skv=2025-07-05&sig=pcp5U9uE9mY7s5kn6RsGDKoWGGFzY8FceMLifXrOVCM%3D' not recognized as being in a supported file format."
2026-06-01 06:20:17 WARNING    Attempt 3 failed (Error opening 'https://sentinel1euwestrtc.blob.core.windows.net/sentinel1-grd-rtc/GRD/2021/1/12/IW/DV/S1A_IW_GRDH_1SDV_20210112T062607_20210112T062632_036101_043B51_726B/measurement/iw-vv.rtc.tiff?st=2026-05-31T03%3A34%3A57Z&se=2026-06-01T04%3A19%3A57Z&sp=rl&sv=2025-07-05&sr=c&skoid=9c8ff44a-6a2c-4dfb-b298-1c9212f64d9a&sktid=72f988bf-86f1-41af-91ab-2d7cd011db47&skt=2026-06-01T02%3A31%3A16Z&ske=2026-06-08T02%3A31%3A16Z&sks=b&skv=2025-07-05&sig=pcp5U9uE9mY7s5kn6RsGDKoWGGFzY8FceMLifXrOVCM%3D': RasterioIOError("'/vsicurl/https://sentinel1euwestrtc.blob.core.windows.net/sentinel1-grd-rtc/GRD/2021/1/12/IW/DV/S1A_IW_GRDH_1SDV_20210112T062607_20210112T062632_036101_043B51_726B/measurement/iw-vv.rtc.tiff?st=2026-05-31T03%3A34%3A57Z&se=2026-06-01T04%3A19%3A57Z&sp=rl&sv=2025-07-05&sr=c&skoid=9c8ff44a-6a2c-4dfb-b298-1c9212f64d9a&sktid=72f988bf-86f1-41af-91ab-2d7cd011db47&skt=2026-06-01T02%3A31%3A16Z&ske=2026-06-08T02%3A31%3A16Z&sks=b&skv=2025-07-05&sig=pcp5U9uE9mY7s5kn6RsGDKoWGGFzY8FceMLifXrOVCM%3D' not recognized as being in a supported file format.")). Retrying in 45s…
2026-06-01 06:20:17 INFO     GDAL signalled an error: err_no=4, msg="`/vsicurl/https://sentinel1euwestrtc.blob.core.windows.net/sentinel1-grd-rtc/GRD/2018/2/10/IW/DV/S1A_IW_GRDH_1SDV_20180210T181126_20180210T181151_020548_023280_AE57/measurement/iw-vh.rtc.tiff?st=2026-05-31T03%3A34%3A57Z&se=2026-06-01T04%3A19%3A57Z&sp=rl&sv=2025-07-05&sr=c&skoid=9c8ff44a-6a2c-4dfb-b298-1c9212f64d9a&sktid=72f988bf-86f1-41af-91ab-2d7cd011db47&skt=2026-06-01T02%3A31%3A16Z&ske=2026-06-08T02%3A31%3A16Z&sks=b&skv=2025-07-05&sig=pcp5U9uE9mY7s5kn6RsGDKoWGGFzY8FceMLifXrOVCM%3D' not recognized as being in a supported file format."
2026-06-01 06:20:17 INFO     GDAL signalled an error: err_no=4, msg="`/vsicurl/https://sentinel1euwestrtc.blob.core.windows.net/sentinel1-grd-rtc/GRD/2018/2/10/IW/DV/S1A_IW_GRDH_1SDV_20180210T181126_20180210T181151_020548_023280_AE57/measurement/iw-vv.rtc.tiff?st=2026-05-31T03%3A34%3A57Z&se=2026-06-01T04%3A19%3A57Z&sp=rl&sv=2025-07-05&sr=c&skoid=9c8ff44a-6a2c-4dfb-b298-1c9212f64d9a&sktid=72f988bf-86f1-41af-91ab-2d7cd011db47&skt=2026-06-01T02%3A31%3A16Z&ske=2026-06-08T02%3A31%3A16Z&sks=b&skv=2025-07-05&sig=pcp5U9uE9mY7s5kn6RsGDKoWGGFzY8FceMLifXrOVCM%3D' not recognized as being in a supported file format."
2026-06-01 06:20:17 WARNING    Attempt 3 failed (Error opening 'https://sentinel1euwestrtc.blob.core.windows.net/sentinel1-grd-rtc/GRD/2018/2/10/IW/DV/S1A_IW_GRDH_1SDV_20180210T181126_20180210T181151_020548_023280_AE57/measurement/iw-vh.rtc.tiff?st=2026-05-31T03%3A34%3A57Z&se=2026-06-01T04%3A19%3A57Z&sp=rl&sv=2025-07-05&sr=c&skoid=9c8ff44a-6a2c-4dfb-b298-1c9212f64d9a&sktid=72f988bf-86f1-41af-91ab-2d7cd011db47&skt=2026-06-01T02%3A31%3A16Z&ske=2026-06-08T02%3A31%3A16Z&sks=b&skv=2025-07-05&sig=pcp5U9uE9mY7s5kn6RsGDKoWGGFzY8FceMLifXrOVCM%3D': RasterioIOError("'/vsicurl/https://sentinel1euwestrtc.blob.core.windows.net/sentinel1-grd-rtc/GRD/2018/2/10/IW/DV/S1A_IW_GRDH_1SDV_20180210T181126_20180210T181151_020548_023280_AE57/measurement/iw-vh.rtc.tiff?st=2026-05-31T03%3A34%3A57Z&se=2026-06-01T04%3A19%3A57Z&sp=rl&sv=2025-07-05&sr=c&skoid=9c8ff44a-6a2c-4dfb-b298-1c9212f64d9a&sktid=72f988bf-86f1-41af-91ab-2d7cd011db47&skt=2026-06-01T02%3A31%3A16Z&ske=2026-06-08T02%3A31%3A16Z&sks=b&skv=2025-07-05&sig=pcp5U9uE9mY7s5kn6RsGDKoWGGFzY8FceMLifXrOVCM%3D' not recognized as being in a supported file format.")). Retrying in 45s…
2026-06-01 06:20:17 INFO     GDAL signalled an error: err_no=4, msg="`/vsicurl/https://sentinel1euwestrtc.blob.core.windows.net/sentinel1-grd-rtc/GRD/2018/10/7/IW/DV/S1A_IW_GRDH_1SDV_20181007T062604_20181007T062629_024026_02A00C_6C79/measurement/iw-vh.rtc.tiff?st=2026-05-31T03%3A34%3A57Z&se=2026-06-01T04%3A19%3A57Z&sp=rl&sv=2025-07-05&sr=c&skoid=9c8ff44a-6a2c-4dfb-b298-1c9212f64d9a&sktid=72f988bf-86f1-41af-91ab-2d7cd011db47&skt=2026-06-01T02%3A31%3A16Z&ske=2026-06-08T02%3A31%3A16Z&sks=b&skv=2025-07-05&sig=pcp5U9uE9mY7s5kn6RsGDKoWGGFzY8FceMLifXrOVCM%3D' not recognized as being in a supported file format."
2026-06-01 06:20:17 INFO     GDAL signalled an error: err_no=4, msg="`/vsicurl/https://sentinel1euwestrtc.blob.core.windows.net/sentinel1-grd-rtc/GRD/2018/10/7/IW/DV/S1A_IW_GRDH_1SDV_20181007T062604_20181007T062629_024026_02A00C_6C79/measurement/iw-vv.rtc.tiff?st=2026-05-31T03%3A34%3A57Z&se=2026-06-01T04%3A19%3A57Z&sp=rl&sv=2025-07-05&sr=c&skoid=9c8ff44a-6a2c-4dfb-b298-1c9212f64d9a&sktid=72f988bf-86f1-41af-91ab-2d7cd011db47&skt=2026-06-01T02%3A31%3A16Z&ske=2026-06-08T02%3A31%3A16Z&sks=b&skv=2025-07-05&sig=pcp5U9uE9mY7s5kn6RsGDKoWGGFzY8FceMLifXrOVCM%3D' not recognized as being in a supported file format."
2026-06-01 06:20:17 WARNING    Attempt 3 failed (Error opening 'https://sentinel1euwestrtc.blob.core.windows.net/sentinel1-grd-rtc/GRD/2018/10/7/IW/DV/S1A_IW_GRDH_1SDV_20181007T062604_20181007T062629_024026_02A00C_6C79/measurement/iw-vh.rtc.tiff?st=2026-05-31T03%3A34%3A57Z&se=2026-06-01T04%3A19%3A57Z&sp=rl&sv=2025-07-05&sr=c&skoid=9c8ff44a-6a2c-4dfb-b298-1c9212f64d9a&sktid=72f988bf-86f1-41af-91ab-2d7cd011db47&skt=2026-06-01T02%3A31%3A16Z&ske=2026-06-08T02%3A31%3A16Z&sks=b&skv=2025-07-05&sig=pcp5U9uE9mY7s5kn6RsGDKoWGGFzY8FceMLifXrOVCM%3D': RasterioIOError("'/vsicurl/https://sentinel1euwestrtc.blob.core.windows.net/sentinel1-grd-rtc/GRD/2018/10/7/IW/DV/S1A_IW_GRDH_1SDV_20181007T062604_20181007T062629_024026_02A00C_6C79/measurement/iw-vh.rtc.tiff?st=2026-05-31T03%3A34%3A57Z&se=2026-06-01T04%3A19%3A57Z&sp=rl&sv=2025-07-05&sr=c&skoid=9c8ff44a-6a2c-4dfb-b298-1c9212f64d9a&sktid=72f988bf-86f1-41af-91ab-2d7cd011db47&skt=2026-06-01T02%3A31%3A16Z&ske=2026-06-08T02%3A31%3A16Z&sks=b&skv=2025-07-05&sig=pcp5U9uE9mY7s5kn6RsGDKoWGGFzY8FceMLifXrOVCM%3D' not recognized as being in a supported file format.")). Retrying in 45s…
2026-06-01 06:21:02 INFO     GDAL signalled an error: err_no=4, msg="`/vsicurl/https://sentinel1euwestrtc.blob.core.windows.net/sentinel1-grd-rtc/GRD/2016/7/25/IW/DV/S1A_IW_GRDH_1SDV_20160725T062550_20160725T062615_012301_013237_A3FD/measurement/iw-vh.rtc.tiff?st=2026-05-31T03%3A34%3A57Z&se=2026-06-01T04%3A19%3A57Z&sp=rl&sv=2025-07-05&sr=c&skoid=9c8ff44a-6a2c-4dfb-b298-1c9212f64d9a&sktid=72f988bf-86f1-41af-91ab-2d7cd011db47&skt=2026-06-01T02%3A31%3A16Z&ske=2026-06-08T02%3A31%3A16Z&sks=b&skv=2025-07-05&sig=pcp5U9uE9mY7s5kn6RsGDKoWGGFzY8FceMLifXrOVCM%3D' not recognized as being in a supported file format."
2026-06-01 06:21:02 INFO     GDAL signalled an error: err_no=4, msg="`/vsicurl/https://sentinel1euwestrtc.blob.core.windows.net/sentinel1-grd-rtc/GRD/2016/7/25/IW/DV/S1A_IW_GRDH_1SDV_20160725T062550_20160725T062615_012301_013237_A3FD/measurement/iw-vv.rtc.tiff?st=2026-05-31T03%3A34%3A57Z&se=2026-06-01T04%3A19%3A57Z&sp=rl&sv=2025-07-05&sr=c&skoid=9c8ff44a-6a2c-4dfb-b298-1c9212f64d9a&sktid=72f988bf-86f1-41af-91ab-2d7cd011db47&skt=2026-06-01T02%3A31%3A16Z&ske=2026-06-08T02%3A31%3A16Z&sks=b&skv=2025-07-05&sig=pcp5U9uE9mY7s5kn6RsGDKoWGGFzY8FceMLifXrOVCM%3D' not recognized as being in a supported file format."
2026-06-01 06:21:02 ERROR      ISMN_REMEDHUS_ISMN_REMEDHUS_ElCoto S1RTC failed: Error opening 'https://sentinel1euwestrtc.blob.core.windows.net/sentinel1-grd-rtc/GRD/2016/7/25/IW/DV/S1A_IW_GRDH_1SDV_20160725T062550_20160725T062615_012301_013237_A3FD/measurement/iw-vh.rtc.tiff?st=2026-05-31T03%3A34%3A57Z&se=2026-06-01T04%3A19%3A57Z&sp=rl&sv=2025-07-05&sr=c&skoid=9c8ff44a-6a2c-4dfb-b298-1c9212f64d9a&sktid=72f988bf-86f1-41af-91ab-2d7cd011db47&skt=2026-06-01T02%3A31%3A16Z&ske=2026-06-08T02%3A31%3A16Z&sks=b&skv=2025-07-05&sig=pcp5U9uE9mY7s5kn6RsGDKoWGGFzY8FceMLifXrOVCM%3D': RasterioIOError("'/vsicurl/https://sentinel1euwestrtc.blob.core.windows.net/sentinel1-grd-rtc/GRD/2016/7/25/IW/DV/S1A_IW_GRDH_1SDV_20160725T062550_20160725T062615_012301_013237_A3FD/measurement/iw-vh.rtc.tiff?st=2026-05-31T03%3A34%3A57Z&se=2026-06-01T04%3A19%3A57Z&sp=rl&sv=2025-07-05&sr=c&skoid=9c8ff44a-6a2c-4dfb-b298-1c9212f64d9a&sktid=72f988bf-86f1-41af-91ab-2d7cd011db47&skt=2026-06-01T02%3A31%3A16Z&ske=2026-06-08T02%3A31%3A16Z&sks=b&skv=2025-07-05&sig=pcp5U9uE9mY7s5kn6RsGDKoWGGFzY8FceMLifXrOVCM%3D' not recognized as being in a supported file format.")
2026-06-01 06:21:02 INFO     GDAL signalled an error: err_no=4, msg="`/vsicurl/https://sentinel1euwestrtc.blob.core.windows.net/sentinel1-grd-rtc/GRD/2020/2/17/IW/DV/S1B_IW_GRDH_1SDV_20200217T062530_20200217T062555_020305_026740_0A84/measurement/iw-vh.rtc.tiff?st=2026-05-31T03%3A34%3A57Z&se=2026-06-01T04%3A19%3A57Z&sp=rl&sv=2025-07-05&sr=c&skoid=9c8ff44a-6a2c-4dfb-b298-1c9212f64d9a&sktid=72f988bf-86f1-41af-91ab-2d7cd011db47&skt=2026-06-01T02%3A31%3A16Z&ske=2026-06-08T02%3A31%3A16Z&sks=b&skv=2025-07-05&sig=pcp5U9uE9mY7s5kn6RsGDKoWGGFzY8FceMLifXrOVCM%3D' not recognized as being in a supported file format."
2026-06-01 06:21:02 INFO     GDAL signalled an error: err_no=4, msg="`/vsicurl/https://sentinel1euwestrtc.blob.core.windows.net/sentinel1-grd-rtc/GRD/2019/7/22/IW/DV/S1B_IW_GRDH_1SDV_20190722T181854_20190722T181919_017250_02071F_1FAE/measurement/iw-vv.rtc.tiff?st=2026-05-31T03%3A34%3A57Z&se=2026-06-01T04%3A19%3A57Z&sp=rl&sv=2025-07-05&sr=c&skoid=9c8ff44a-6a2c-4dfb-b298-1c9212f64d9a&sktid=72f988bf-86f1-41af-91ab-2d7cd011db47&skt=2026-06-01T02%3A31%3A16Z&ske=2026-06-08T02%3A31%3A16Z&sks=b&skv=2025-07-05&sig=pcp5U9uE9mY7s5kn6RsGDKoWGGFzY8FceMLifXrOVCM%3D' not recognized as being in a supported file format."
2026-06-01 06:21:02 INFO     GDAL signalled an error: err_no=4, msg="`/vsicurl/https://sentinel1euwestrtc.blob.core.windows.net/sentinel1-grd-rtc/GRD/2019/7/22/IW/DV/S1B_IW_GRDH_1SDV_20190722T181854_20190722T181919_017250_02071F_1FAE/measurement/iw-vh.rtc.tiff?st=2026-05-31T03%3A34%3A57Z&se=2026-06-01T04%3A19%3A57Z&sp=rl&sv=2025-07-05&sr=c&skoid=9c8ff44a-6a2c-4dfb-b298-1c9212f64d9a&sktid=72f988bf-86f1-41af-91ab-2d7cd011db47&skt=2026-06-01T02%3A31%3A16Z&ske=2026-06-08T02%3A31%3A16Z&sks=b&skv=2025-07-05&sig=pcp5U9uE9mY7s5kn6RsGDKoWGGFzY8FceMLifXrOVCM%3D' not recognized as being in a supported file format."
2026-06-01 06:21:02 INFO     GDAL signalled an error: err_no=4, msg="`/vsicurl/https://sentinel1euwestrtc.blob.core.windows.net/sentinel1-grd-rtc/GRD/2020/2/17/IW/DV/S1B_IW_GRDH_1SDV_20200217T062530_20200217T062555_020305_026740_0A84/measurement/iw-vv.rtc.tiff?st=2026-05-31T03%3A34%3A57Z&se=2026-06-01T04%3A19%3A57Z&sp=rl&sv=2025-07-05&sr=c&skoid=9c8ff44a-6a2c-4dfb-b298-1c9212f64d9a&sktid=72f988bf-86f1-41af-91ab-2d7cd011db47&skt=2026-06-01T02%3A31%3A16Z&ske=2026-06-08T02%3A31%3A16Z&sks=b&skv=2025-07-05&sig=pcp5U9uE9mY7s5kn6RsGDKoWGGFzY8FceMLifXrOVCM%3D' not recognized as being in a supported file format."
2026-06-01 06:21:02 ERROR      ISMN_REMEDHUS_ISMN_REMEDHUS_LasArenas S1RTC failed: Error opening 'https://sentinel1euwestrtc.blob.core.windows.net/sentinel1-grd-rtc/GRD/2020/2/17/IW/DV/S1B_IW_GRDH_1SDV_20200217T062530_20200217T062555_020305_026740_0A84/measurement/iw-vh.rtc.tiff?st=2026-05-31T03%3A34%3A57Z&se=2026-06-01T04%3A19%3A57Z&sp=rl&sv=2025-07-05&sr=c&skoid=9c8ff44a-6a2c-4dfb-b298-1c9212f64d9a&sktid=72f988bf-86f1-41af-91ab-2d7cd011db47&skt=2026-06-01T02%3A31%3A16Z&ske=2026-06-08T02%3A31%3A16Z&sks=b&skv=2025-07-05&sig=pcp5U9uE9mY7s5kn6RsGDKoWGGFzY8FceMLifXrOVCM%3D': RasterioIOError("'/vsicurl/https://sentinel1euwestrtc.blob.core.windows.net/sentinel1-grd-rtc/GRD/2020/2/17/IW/DV/S1B_IW_GRDH_1SDV_20200217T062530_20200217T062555_020305_026740_0A84/measurement/iw-vh.rtc.tiff?st=2026-05-31T03%3A34%3A57Z&se=2026-06-01T04%3A19%3A57Z&sp=rl&sv=2025-07-05&sr=c&skoid=9c8ff44a-6a2c-4dfb-b298-1c9212f64d9a&sktid=72f988bf-86f1-41af-91ab-2d7cd011db47&skt=2026-06-01T02%3A31%3A16Z&ske=2026-06-08T02%3A31%3A16Z&sks=b&skv=2025-07-05&sig=pcp5U9uE9mY7s5kn6RsGDKoWGGFzY8FceMLifXrOVCM%3D' not recognized as being in a supported file format.")
2026-06-01 06:21:02 ERROR      ISMN_REMEDHUS_ISMN_REMEDHUS_Granja-g S1RTC failed: Error opening 'https://sentinel1euwestrtc.blob.core.windows.net/sentinel1-grd-rtc/GRD/2019/7/22/IW/DV/S1B_IW_GRDH_1SDV_20190722T181854_20190722T181919_017250_02071F_1FAE/measurement/iw-vv.rtc.tiff?st=2026-05-31T03%3A34%3A57Z&se=2026-06-01T04%3A19%3A57Z&sp=rl&sv=2025-07-05&sr=c&skoid=9c8ff44a-6a2c-4dfb-b298-1c9212f64d9a&sktid=72f988bf-86f1-41af-91ab-2d7cd011db47&skt=2026-06-01T02%3A31%3A16Z&ske=2026-06-08T02%3A31%3A16Z&sks=b&skv=2025-07-05&sig=pcp5U9uE9mY7s5kn6RsGDKoWGGFzY8FceMLifXrOVCM%3D': RasterioIOError("'/vsicurl/https://sentinel1euwestrtc.blob.core.windows.net/sentinel1-grd-rtc/GRD/2019/7/22/IW/DV/S1B_IW_GRDH_1SDV_20190722T181854_20190722T181919_017250_02071F_1FAE/measurement/iw-vv.rtc.tiff?st=2026-05-31T03%3A34%3A57Z&se=2026-06-01T04%3A19%3A57Z&sp=rl&sv=2025-07-05&sr=c&skoid=9c8ff44a-6a2c-4dfb-b298-1c9212f64d9a&sktid=72f988bf-86f1-41af-91ab-2d7cd011db47&skt=2026-06-01T02%3A31%3A16Z&ske=2026-06-08T02%3A31%3A16Z&sks=b&skv=2025-07-05&sig=pcp5U9uE9mY7s5kn6RsGDKoWGGFzY8FceMLifXrOVCM%3D' not recognized as being in a supported file format.")
2026-06-01 06:21:02 INFO     GDAL signalled an error: err_no=4, msg="`/vsicurl/https://sentinel1euwestrtc.blob.core.windows.net/sentinel1-grd-rtc/GRD/2021/1/24/IW/DV/S1B_IW_GRDH_1SDV_20210124T181901_20210124T181926_025300_030355_0448/measurement/iw-vh.rtc.tiff?st=2026-05-31T03%3A34%3A57Z&se=2026-06-01T04%3A19%3A57Z&sp=rl&sv=2025-07-05&sr=c&skoid=9c8ff44a-6a2c-4dfb-b298-1c9212f64d9a&sktid=72f988bf-86f1-41af-91ab-2d7cd011db47&skt=2026-06-01T02%3A31%3A16Z&ske=2026-06-08T02%3A31%3A16Z&sks=b&skv=2025-07-05&sig=pcp5U9uE9mY7s5kn6RsGDKoWGGFzY8FceMLifXrOVCM%3D' not recognized as being in a supported file format."
2026-06-01 06:21:02 INFO     GDAL signalled an error: err_no=4, msg="`/vsicurl/https://sentinel1euwestrtc.blob.core.windows.net/sentinel1-grd-rtc/GRD/2021/1/24/IW/DV/S1B_IW_GRDH_1SDV_20210124T181901_20210124T181926_025300_030355_0448/measurement/iw-vv.rtc.tiff?st=2026-05-31T03%3A34%3A57Z&se=2026-06-01T04%3A19%3A57Z&sp=rl&sv=2025-07-05&sr=c&skoid=9c8ff44a-6a2c-4dfb-b298-1c9212f64d9a&sktid=72f988bf-86f1-41af-91ab-2d7cd011db47&skt=2026-06-01T02%3A31%3A16Z&ske=2026-06-08T02%3A31%3A16Z&sks=b&skv=2025-07-05&sig=pcp5U9uE9mY7s5kn6RsGDKoWGGFzY8FceMLifXrOVCM%3D' not recognized as being in a supported file format."
2026-06-01 06:21:02 ERROR      ISMN_REMEDHUS_ISMN_REMEDHUS_LasBrozas S1RTC failed: Error opening 'https://sentinel1euwestrtc.blob.core.windows.net/sentinel1-grd-rtc/GRD/2021/1/24/IW/DV/S1B_IW_GRDH_1SDV_20210124T181901_20210124T181926_025300_030355_0448/measurement/iw-vh.rtc.tiff?st=2026-05-31T03%3A34%3A57Z&se=2026-06-01T04%3A19%3A57Z&sp=rl&sv=2025-07-05&sr=c&skoid=9c8ff44a-6a2c-4dfb-b298-1c9212f64d9a&sktid=72f988bf-86f1-41af-91ab-2d7cd011db47&skt=2026-06-01T02%3A31%3A16Z&ske=2026-06-08T02%3A31%3A16Z&sks=b&skv=2025-07-05&sig=pcp5U9uE9mY7s5kn6RsGDKoWGGFzY8FceMLifXrOVCM%3D': RasterioIOError("'/vsicurl/https://sentinel1euwestrtc.blob.core.windows.net/sentinel1-grd-rtc/GRD/2021/1/24/IW/DV/S1B_IW_GRDH_1SDV_20210124T181901_20210124T181926_025300_030355_0448/measurement/iw-vh.rtc.tiff?st=2026-05-31T03%3A34%3A57Z&se=2026-06-01T04%3A19%3A57Z&sp=rl&sv=2025-07-05&sr=c&skoid=9c8ff44a-6a2c-4dfb-b298-1c9212f64d9a&sktid=72f988bf-86f1-41af-91ab-2d7cd011db47&skt=2026-06-01T02%3A31%3A16Z&ske=2026-06-08T02%3A31%3A16Z&sks=b&skv=2025-07-05&sig=pcp5U9uE9mY7s5kn6RsGDKoWGGFzY8FceMLifXrOVCM%3D' not recognized as being in a supported file format.")
2026-06-01 06:21:02 INFO     GDAL signalled an error: err_no=4, msg="`/vsicurl/https://sentinel1euwestrtc.blob.core.windows.net/sentinel1-grd-rtc/GRD/2021/1/12/IW/DV/S1A_IW_GRDH_1SDV_20210112T062607_20210112T062632_036101_043B51_726B/measurement/iw-vv.rtc.tiff?st=2026-05-31T03%3A34%3A57Z&se=2026-06-01T04%3A19%3A57Z&sp=rl&sv=2025-07-05&sr=c&skoid=9c8ff44a-6a2c-4dfb-b298-1c9212f64d9a&sktid=72f988bf-86f1-41af-91ab-2d7cd011db47&skt=2026-06-01T02%3A31%3A16Z&ske=2026-06-08T02%3A31%3A16Z&sks=b&skv=2025-07-05&sig=pcp5U9uE9mY7s5kn6RsGDKoWGGFzY8FceMLifXrOVCM%3D' not recognized as being in a supported file format."
2026-06-01 06:21:02 INFO     GDAL signalled an error: err_no=4, msg="`/vsicurl/https://sentinel1euwestrtc.blob.core.windows.net/sentinel1-grd-rtc/GRD/2021/1/12/IW/DV/S1A_IW_GRDH_1SDV_20210112T062607_20210112T062632_036101_043B51_726B/measurement/iw-vh.rtc.tiff?st=2026-05-31T03%3A34%3A57Z&se=2026-06-01T04%3A19%3A57Z&sp=rl&sv=2025-07-05&sr=c&skoid=9c8ff44a-6a2c-4dfb-b298-1c9212f64d9a&sktid=72f988bf-86f1-41af-91ab-2d7cd011db47&skt=2026-06-01T02%3A31%3A16Z&ske=2026-06-08T02%3A31%3A16Z&sks=b&skv=2025-07-05&sig=pcp5U9uE9mY7s5kn6RsGDKoWGGFzY8FceMLifXrOVCM%3D' not recognized as being in a supported file format."
2026-06-01 06:21:02 ERROR      ISMN_REMEDHUS_ISMN_REMEDHUS_LasEritas S1RTC failed: Error opening 'https://sentinel1euwestrtc.blob.core.windows.net/sentinel1-grd-rtc/GRD/2021/1/12/IW/DV/S1A_IW_GRDH_1SDV_20210112T062607_20210112T062632_036101_043B51_726B/measurement/iw-vv.rtc.tiff?st=2026-05-31T03%3A34%3A57Z&se=2026-06-01T04%3A19%3A57Z&sp=rl&sv=2025-07-05&sr=c&skoid=9c8ff44a-6a2c-4dfb-b298-1c9212f64d9a&sktid=72f988bf-86f1-41af-91ab-2d7cd011db47&skt=2026-06-01T02%3A31%3A16Z&ske=2026-06-08T02%3A31%3A16Z&sks=b&skv=2025-07-05&sig=pcp5U9uE9mY7s5kn6RsGDKoWGGFzY8FceMLifXrOVCM%3D': RasterioIOError("'/vsicurl/https://sentinel1euwestrtc.blob.core.windows.net/sentinel1-grd-rtc/GRD/2021/1/12/IW/DV/S1A_IW_GRDH_1SDV_20210112T062607_20210112T062632_036101_043B51_726B/measurement/iw-vv.rtc.tiff?st=2026-05-31T03%3A34%3A57Z&se=2026-06-01T04%3A19%3A57Z&sp=rl&sv=2025-07-05&sr=c&skoid=9c8ff44a-6a2c-4dfb-b298-1c9212f64d9a&sktid=72f988bf-86f1-41af-91ab-2d7cd011db47&skt=2026-06-01T02%3A31%3A16Z&ske=2026-06-08T02%3A31%3A16Z&sks=b&skv=2025-07-05&sig=pcp5U9uE9mY7s5kn6RsGDKoWGGFzY8FceMLifXrOVCM%3D' not recognized as being in a supported file format.")
2026-06-01 06:21:02 INFO     GDAL signalled an error: err_no=4, msg="`/vsicurl/https://sentinel1euwestrtc.blob.core.windows.net/sentinel1-grd-rtc/GRD/2018/2/10/IW/DV/S1A_IW_GRDH_1SDV_20180210T181126_20180210T181151_020548_023280_AE57/measurement/iw-vh.rtc.tiff?st=2026-05-31T03%3A34%3A57Z&se=2026-06-01T04%3A19%3A57Z&sp=rl&sv=2025-07-05&sr=c&skoid=9c8ff44a-6a2c-4dfb-b298-1c9212f64d9a&sktid=72f988bf-86f1-41af-91ab-2d7cd011db47&skt=2026-06-01T02%3A31%3A16Z&ske=2026-06-08T02%3A31%3A16Z&sks=b&skv=2025-07-05&sig=pcp5U9uE9mY7s5kn6RsGDKoWGGFzY8FceMLifXrOVCM%3D' not recognized as being in a supported file format."
2026-06-01 06:21:02 INFO     GDAL signalled an error: err_no=4, msg="`/vsicurl/https://sentinel1euwestrtc.blob.core.windows.net/sentinel1-grd-rtc/GRD/2018/2/10/IW/DV/S1A_IW_GRDH_1SDV_20180210T181126_20180210T181151_020548_023280_AE57/measurement/iw-vv.rtc.tiff?st=2026-05-31T03%3A34%3A57Z&se=2026-06-01T04%3A19%3A57Z&sp=rl&sv=2025-07-05&sr=c&skoid=9c8ff44a-6a2c-4dfb-b298-1c9212f64d9a&sktid=72f988bf-86f1-41af-91ab-2d7cd011db47&skt=2026-06-01T02%3A31%3A16Z&ske=2026-06-08T02%3A31%3A16Z&sks=b&skv=2025-07-05&sig=pcp5U9uE9mY7s5kn6RsGDKoWGGFzY8FceMLifXrOVCM%3D' not recognized as being in a supported file format."
2026-06-01 06:21:02 ERROR      ISMN_REMEDHUS_ISMN_REMEDHUS_LaCruzdeElias S1RTC failed: Error opening 'https://sentinel1euwestrtc.blob.core.windows.net/sentinel1-grd-rtc/GRD/2018/2/10/IW/DV/S1A_IW_GRDH_1SDV_20180210T181126_20180210T181151_020548_023280_AE57/measurement/iw-vh.rtc.tiff?st=2026-05-31T03%3A34%3A57Z&se=2026-06-01T04%3A19%3A57Z&sp=rl&sv=2025-07-05&sr=c&skoid=9c8ff44a-6a2c-4dfb-b298-1c9212f64d9a&sktid=72f988bf-86f1-41af-91ab-2d7cd011db47&skt=2026-06-01T02%3A31%3A16Z&ske=2026-06-08T02%3A31%3A16Z&sks=b&skv=2025-07-05&sig=pcp5U9uE9mY7s5kn6RsGDKoWGGFzY8FceMLifXrOVCM%3D': RasterioIOError("'/vsicurl/https://sentinel1euwestrtc.blob.core.windows.net/sentinel1-grd-rtc/GRD/2018/2/10/IW/DV/S1A_IW_GRDH_1SDV_20180210T181126_20180210T181151_020548_023280_AE57/measurement/iw-vh.rtc.tiff?st=2026-05-31T03%3A34%3A57Z&se=2026-06-01T04%3A19%3A57Z&sp=rl&sv=2025-07-05&sr=c&skoid=9c8ff44a-6a2c-4dfb-b298-1c9212f64d9a&sktid=72f988bf-86f1-41af-91ab-2d7cd011db47&skt=2026-06-01T02%3A31%3A16Z&ske=2026-06-08T02%3A31%3A16Z&sks=b&skv=2025-07-05&sig=pcp5U9uE9mY7s5kn6RsGDKoWGGFzY8FceMLifXrOVCM%3D' not recognized as being in a supported file format.")
2026-06-01 06:21:02 INFO     GDAL signalled an error: err_no=4, msg="`/vsicurl/https://sentinel1euwestrtc.blob.core.windows.net/sentinel1-grd-rtc/GRD/2018/10/7/IW/DV/S1A_IW_GRDH_1SDV_20181007T062604_20181007T062629_024026_02A00C_6C79/measurement/iw-vv.rtc.tiff?st=2026-05-31T03%3A34%3A57Z&se=2026-06-01T04%3A19%3A57Z&sp=rl&sv=2025-07-05&sr=c&skoid=9c8ff44a-6a2c-4dfb-b298-1c9212f64d9a&sktid=72f988bf-86f1-41af-91ab-2d7cd011db47&skt=2026-06-01T02%3A31%3A16Z&ske=2026-06-08T02%3A31%3A16Z&sks=b&skv=2025-07-05&sig=pcp5U9uE9mY7s5kn6RsGDKoWGGFzY8FceMLifXrOVCM%3D' not recognized as being in a supported file format."
2026-06-01 06:21:02 ERROR      ISMN_REMEDHUS_ISMN_REMEDHUS_CasaPeriles S1RTC failed: Error opening 'https://sentinel1euwestrtc.blob.core.windows.net/sentinel1-grd-rtc/GRD/2018/10/7/IW/DV/S1A_IW_GRDH_1SDV_20181007T062604_20181007T062629_024026_02A00C_6C79/measurement/iw-vv.rtc.tiff?st=2026-05-31T03%3A34%3A57Z&se=2026-06-01T04%3A19%3A57Z&sp=rl&sv=2025-07-05&sr=c&skoid=9c8ff44a-6a2c-4dfb-b298-1c9212f64d9a&sktid=72f988bf-86f1-41af-91ab-2d7cd011db47&skt=2026-06-01T02%3A31%3A16Z&ske=2026-06-08T02%3A31%3A16Z&sks=b&skv=2025-07-05&sig=pcp5U9uE9mY7s5kn6RsGDKoWGGFzY8FceMLifXrOVCM%3D': RasterioIOError("'/vsicurl/https://sentinel1euwestrtc.blob.core.windows.net/sentinel1-grd-rtc/GRD/2018/10/7/IW/DV/S1A_IW_GRDH_1SDV_20181007T062604_20181007T062629_024026_02A00C_6C79/measurement/iw-vv.rtc.tiff?st=2026-05-31T03%3A34%3A57Z&se=2026-06-01T04%3A19%3A57Z&sp=rl&sv=2025-07-05&sr=c&skoid=9c8ff44a-6a2c-4dfb-b298-1c9212f64d9a&sktid=72f988bf-86f1-41af-91ab-2d7cd011db47&skt=2026-06-01T02%3A31%3A16Z&ske=2026-06-08T02%3A31%3A16Z&sks=b&skv=2025-07-05&sig=pcp5U9uE9mY7s5kn6RsGDKoWGGFzY8FceMLifXrOVCM%3D' not recognized as being in a supported file format.")
2026-06-01 06:21:02 INFO     GDAL signalled an error: err_no=4, msg="`/vsicurl/https://sentinel1euwestrtc.blob.core.windows.net/sentinel1-grd-rtc/GRD/2018/10/7/IW/DV/S1A_IW_GRDH_1SDV_20181007T062604_20181007T062629_024026_02A00C_6C79/measurement/iw-vh.rtc.tiff?st=2026-05-31T03%3A34%3A57Z&se=2026-06-01T04%3A19%3A57Z&sp=rl&sv=2025-07-05&sr=c&skoid=9c8ff44a-6a2c-4dfb-b298-1c9212f64d9a&sktid=72f988bf-86f1-41af-91ab-2d7cd011db47&skt=2026-06-01T02%3A31%3A16Z&ske=2026-06-08T02%3A31%3A16Z&sks=b&skv=2025-07-05&sig=pcp5U9uE9mY7s5kn6RsGDKoWGGFzY8FceMLifXrOVCM%3D' not recognized as being in a supported file format."
2026-06-01 06:21:03 INFO     [127/1028] Done  ISMN_REMEDHUS_ISMN_REMEDHUS_LaCruzdeElias  S1RTC= LULC=done
2026-06-01 06:21:03 INFO     [128/1028] Done  ISMN_REMEDHUS_ISMN_REMEDHUS_ElCoto  S1RTC= LULC=done
2026-06-01 06:21:04 INFO     [129/1028] Done  ISMN_REMEDHUS_ISMN_REMEDHUS_LasArenas  S1RTC= LULC=done
2026-06-01 06:21:04 INFO     [130/1028] Done  ISMN_REMEDHUS_ISMN_REMEDHUS_LasBrozas  S1RTC= LULC=done
2026-06-01 06:21:04 INFO     [131/1028] Done  ISMN_REMEDHUS_ISMN_REMEDHUS_LasEritas  S1RTC= LULC=done
2026-06-01 06:21:05 INFO     [132/1028] Done  ISMN_REMEDHUS_ISMN_REMEDHUS_CasaPeriles  S1RTC= LULC=done
2026-06-01 06:21:05 INFO     [133/1028] Done  ISMN_REMEDHUS_ISMN_REMEDHUS_Granja-g  S1RTC= LULC=done
2026-06-01 06:23:40 INFO     [134/1028] Done  ISMN_ROMPS_ISMN_ROMPS_Baytik  S1RTC=516 LULC=done
2026-06-01 06:23:52 INFO     [135/1028] Done  ISMN_REMEDHUS_ISMN_REMEDHUS_Zamarron  S1RTC=666 LULC=done
2026-06-01 06:23:58 INFO     [136/1028] Done  ISMN_ROMPS_ISMN_ROMPS_AbramovGlacier  S1RTC=585 LULC=done
2026-06-01 06:24:41 INFO     [137/1028] Done  ISMN_REMEDHUS_ISMN_REMEDHUS_LasVacas  S1RTC=854 LULC=done
2026-06-01 06:24:53 INFO     [138/1028] Done  ISMN_REMEDHUS_ISMN_REMEDHUS_LasTresRayas  S1RTC=1467 LULC=done
2026-06-01 06:25:05 INFO     [139/1028] Done  ISMN_REMEDHUS_ISMN_REMEDHUS_LlanosdelaBoveda  S1RTC=953 LULC=done
2026-06-01 06:25:50 INFO     [140/1028] Done  ISMN_ROMPS_ISMN_ROMPS_Kokomeren  S1RTC=427 LULC=done
2026-06-01 06:25:55 INFO     [141/1028] Done  ISMN_REMEDHUS_ISMN_REMEDHUS_Paredinas  S1RTC=1087 LULC=done
2026-06-01 06:26:50 INFO     [142/1028] Done  ISMN_ROMPS_ISMN_ROMPS_GolubinGlacier  S1RTC=661 LULC=done
2026-06-01 06:27:10 INFO     [143/1028] Done  ISMN_REMEDHUS_ISMN_REMEDHUS_LasVictorias  S1RTC=1362 LULC=done
2026-06-01 06:27:34 INFO     [144/1028] Done  ISMN_ROMPS_ISMN_ROMPS_Maidanak  S1RTC=739 LULC=done
2026-06-01 06:28:02 INFO     [145/1028] Done  ISMN_RSMN_ISMN_RSMN_Alexandria  S1RTC=708 LULC=done
2026-06-01 06:29:24 INFO     [146/1028] Done  ISMN_ROMPS_ISMN_ROMPS_Maydantal  S1RTC=1055 LULC=done
2026-06-01 06:30:19 INFO     [147/1028] Done  ISMN_RSMN_ISMN_RSMN_Banloc  S1RTC=990 LULC=done
2026-06-01 06:31:06 INFO     [148/1028] Done  ISMN_RSMN_ISMN_RSMN_Calarasi  S1RTC=963 LULC=done
2026-06-01 06:31:10 INFO     [149/1028] Done  ISMN_RSMN_ISMN_RSMN_Bacles  S1RTC=1365 LULC=done
2026-06-01 06:31:16 INFO     [150/1028] Done  ISMN_RSMN_ISMN_RSMN_Barlad  S1RTC=1151 LULC=done
2026-06-01 06:31:37 INFO     [151/1028] Done  ISMN_RSMN_ISMN_RSMN_Dumbraveni  S1RTC=816 LULC=done
2026-06-01 06:32:43 INFO     [152/1028] Done  ISMN_RSMN_ISMN_RSMN_Iasi  S1RTC=726 LULC=done
2026-06-01 06:33:21 INFO     [153/1028] Done  ISMN_RSMN_ISMN_RSMN_Slatina  S1RTC=355 LULC=done
2026-06-01 06:33:26 INFO     [154/1028] Done  ISMN_RSMN_ISMN_RSMN_Oradea  S1RTC=732 LULC=done
2026-06-01 06:33:59 INFO     [155/1028] Done  ISMN_RSMN_ISMN_RSMN_SannicolauMare  S1RTC=627 LULC=done
2026-06-01 06:34:00 INFO     [156/1028] Done  ISMN_RSMN_ISMN_RSMN_Cotnari  S1RTC=1535 LULC=done
2026-06-01 06:34:10 INFO     [157/1028] Done  ISMN_RSMN_ISMN_RSMN_RosioriideVede  S1RTC=665 LULC=done
2026-06-01 06:34:10 INFO     [158/1028] Done  ISMN_RSMN_ISMN_RSMN_Darabani  S1RTC=1506 LULC=done
2026-06-01 06:34:14 INFO     [159/1028] Done  ISMN_SCAN_ISMN_SCAN_AAMU-JTG  S1RTC=193 LULC=done
2026-06-01 06:34:30 INFO     [160/1028] Done  ISMN_SCAN_ISMN_SCAN_Alcalde  S1RTC=110 LULC=done
2026-06-01 06:34:41 INFO     [161/1028] Done  ISMN_RSMN_ISMN_RSMN_SatuMare  S1RTC=760 LULC=done
2026-06-01 06:34:48 INFO     [162/1028] Done  ISMN_SCAN_ISMN_SCAN_AllenFarms  S1RTC=132 LULC=done
2026-06-01 06:34:48 INFO     [163/1028] Done  ISMN_SCAN_ISMN_SCAN_Abrams  S1RTC=275 LULC=done
2026-06-01 06:35:13 INFO     [164/1028] Done  ISMN_SCAN_ISMN_SCAN_BraggFarm  S1RTC=90 LULC=done
2026-06-01 06:35:46 INFO     [165/1028] Done  ISMN_SCAN_ISMN_SCAN_AshValley  S1RTC=273 LULC=done
2026-06-01 06:35:53 INFO     [166/1028] Done  ISMN_SCAN_ISMN_SCAN_Ames  S1RTC=359 LULC=done
2026-06-01 06:36:31 INFO     [167/1028] Done  ISMN_SCAN_ISMN_SCAN_AdamsRanch#1  S1RTC=569 LULC=done
2026-06-01 06:37:38 INFO     [168/1028] Done  ISMN_SCAN_ISMN_SCAN_BlueCreek  S1RTC=675 LULC=done
2026-06-01 06:37:46 INFO     [169/1028] Done  ISMN_SCAN_ISMN_SCAN_Buckhorn  S1RTC=549 LULC=done
2026-06-01 06:37:51 INFO     [170/1028] Done  ISMN_SCAN_ISMN_SCAN_AlkaliMesa  S1RTC=797 LULC=done
2026-06-01 06:37:56 INFO     [171/1028] Done  ISMN_SCAN_ISMN_SCAN_CPER  S1RTC=308 LULC=done
2026-06-01 06:37:57 INFO     [172/1028] Done  ISMN_SCAN_ISMN_SCAN_Bushland#1  S1RTC=443 LULC=done
2026-06-01 06:38:09 INFO     [173/1028] Done  ISMN_SCAN_ISMN_SCAN_CarverFarm  S1RTC=85 LULC=done
2026-06-01 06:38:32 INFO     [174/1028] Done  ISMN_SCAN_ISMN_SCAN_CentraliaLake  S1RTC=128 LULC=done
2026-06-01 06:38:37 INFO     [175/1028] Done  ISMN_SCAN_ISMN_SCAN_BuffaloJump  S1RTC=635 LULC=done
2026-06-01 06:38:54 INFO     [176/1028] Done  ISMN_RSMN_ISMN_RSMN_Tecuci  S1RTC=1397 LULC=done
2026-06-01 06:39:15 INFO     [177/1028] Done  ISMN_SCAN_ISMN_SCAN_CaveValley  S1RTC=308 LULC=done
2026-06-01 06:39:39 INFO     [178/1028] Done  ISMN_SCAN_ISMN_SCAN_Combate  S1RTC=227 LULC=done
2026-06-01 06:39:42 INFO     [179/1028] Done  ISMN_SCAN_ISMN_SCAN_BodieHills  S1RTC=1102 LULC=done
2026-06-01 06:39:50 INFO     [180/1028] Done  ISMN_SCAN_ISMN_SCAN_CacheJunction  S1RTC=463 LULC=done
2026-06-01 06:39:56 INFO     [181/1028] Done  ISMN_SCAN_ISMN_SCAN_Circleville  S1RTC=305 LULC=done
2026-06-01 06:40:23 INFO     [182/1028] Done  ISMN_SCAN_ISMN_SCAN_Charkiln  S1RTC=539 LULC=done
2026-06-01 06:40:40 INFO     [183/1028] Done  ISMN_SCAN_ISMN_SCAN_Cullman-NAHRC  S1RTC=209 LULC=done
2026-06-01 06:40:42 INFO     [184/1028] Done  ISMN_SCAN_ISMN_SCAN_ConradAgRc  S1RTC=389 LULC=done
2026-06-01 06:41:02 INFO     [185/1028] Done  ISMN_SCAN_ISMN_SCAN_Dexter  S1RTC=247 LULC=done
2026-06-01 06:41:02 INFO     [186/1028] Done  ISMN_SCAN_ISMN_SCAN_ChickenRidge  S1RTC=645 LULC=done
2026-06-01 06:41:30 INFO     [187/1028] Done  ISMN_SCAN_ISMN_SCAN_CrescentLake#1  S1RTC=477 LULC=done
2026-06-01 06:41:48 INFO     [188/1028] Done  ISMN_SCAN_ISMN_SCAN_EagleLake  S1RTC=247 LULC=done
2026-06-01 06:41:52 INFO     [189/1028] Done  ISMN_SCAN_ISMN_SCAN_Crossroads  S1RTC=487 LULC=done
2026-06-01 06:42:12 INFO     [190/1028] Done  ISMN_SCAN_ISMN_SCAN_EastviewFarm  S1RTC=275 LULC=done
2026-06-01 06:42:37 INFO     [191/1028] Done  ISMN_SCAN_ISMN_SCAN_Eastland  S1RTC=424 LULC=done
2026-06-01 06:42:41 INFO     [192/1028] Done  ISMN_SCAN_ISMN_SCAN_EvergladesARS  S1RTC=105 LULC=done
2026-06-01 06:42:42 INFO     [193/1028] Done  ISMN_SCAN_ISMN_SCAN_ErosDataCenter  S1RTC=181 LULC=done
2026-06-01 06:43:11 INFO     [194/1028] Done  ISMN_SCAN_ISMN_SCAN_ElsberryPMC  S1RTC=464 LULC=done
2026-06-01 06:43:36 INFO     [195/1028] Done  ISMN_SCAN_ISMN_SCAN_FordDryLake  S1RTC=222 LULC=done
2026-06-01 06:43:44 INFO     [196/1028] Done  ISMN_SCAN_ISMN_SCAN_Fortuna  S1RTC=119 LULC=done
2026-06-01 06:43:54 INFO     [197/1028] Done  ISMN_SCAN_ISMN_SCAN_FortAssiniboine#1  S1RTC=265 LULC=done
2026-06-01 06:44:08 INFO     [198/1028] Done  ISMN_SCAN_ISMN_SCAN_Enterprise  S1RTC=574 LULC=done
2026-06-01 06:44:12 INFO     [199/1028] Done  ISMN_SCAN_ISMN_SCAN_Ephraim  S1RTC=681 LULC=done
2026-06-01 06:44:33 INFO     [200/1028] Done  ISMN_SCAN_ISMN_SCAN_GlacialRidge  S1RTC=136 LULC=done
2026-06-01 06:44:38 INFO     [201/1028] Done  ISMN_SCAN_ISMN_SCAN_Geneva#1  S1RTC=184 LULC=done
2026-06-01 06:44:38 INFO     [202/1028] Done  ISMN_SCAN_ISMN_SCAN_FrenchGulch  S1RTC=230 LULC=done
2026-06-01 06:44:44 INFO     [203/1028] Done  ISMN_SCAN_ISMN_SCAN_DeepSprings  S1RTC=1064 LULC=done
2026-06-01 06:45:00 INFO     [204/1028] Done  ISMN_SCAN_ISMN_SCAN_FortReno#1  S1RTC=491 LULC=done
2026-06-01 06:45:11 INFO     [205/1028] Done  ISMN_SCAN_ISMN_SCAN_DoeRidge  S1RTC=1061 LULC=done
2026-06-01 06:45:17 INFO     [206/1028] Done  ISMN_SCAN_ISMN_SCAN_Grantsville  S1RTC=157 LULC=done
/gpfs/work3/0/prjs1968/soilMoisture/download_s1_lulc_mpc.py:60: RuntimeWarning: invalid value encountered in cast
  raw = np.asarray(arr, dtype=np.int16)
/gpfs/work3/0/prjs1968/soilMoisture/download_s1_lulc_mpc.py:60: RuntimeWarning: invalid value encountered in cast
  raw = np.asarray(arr, dtype=np.int16)
/gpfs/work3/0/prjs1968/soilMoisture/download_s1_lulc_mpc.py:60: RuntimeWarning: invalid value encountered in cast
  raw = np.asarray(arr, dtype=np.int16)
/gpfs/work3/0/prjs1968/soilMoisture/download_s1_lulc_mpc.py:60: RuntimeWarning: invalid value encountered in cast
  raw = np.asarray(arr, dtype=np.int16)
/gpfs/work3/0/prjs1968/soilMoisture/download_s1_lulc_mpc.py:60: RuntimeWarning: invalid value encountered in cast
  raw = np.asarray(arr, dtype=np.int16)
/gpfs/work3/0/prjs1968/soilMoisture/download_s1_lulc_mpc.py:60: RuntimeWarning: invalid value encountered in cast
  raw = np.asarray(arr, dtype=np.int16)
2026-06-01 06:45:39 INFO     [207/1028] Done  ISMN_SCAN_ISMN_SCAN_Goshute  S1RTC=303 LULC=done
2026-06-01 06:45:45 INFO     [208/1028] Done  ISMN_SCAN_ISMN_SCAN_Hodges  S1RTC=119 LULC=done
2026-06-01 06:45:59 INFO     [209/1028] Done  ISMN_SCAN_ISMN_SCAN_Isabela  S1RTC=52 LULC=done
2026-06-01 06:46:02 INFO     [210/1028] Done  ISMN_SCAN_ISMN_SCAN_GreenRiver  S1RTC=292 LULC=done
2026-06-01 06:46:24 INFO     [211/1028] Done  ISMN_SCAN_ISMN_SCAN_GrouseCreek  S1RTC=374 LULC=done
2026-06-01 06:46:37 INFO     [212/1028] Done  ISMN_SCAN_ISMN_SCAN_GoodwinCkTimber  S1RTC=527 LULC=done
2026-06-01 06:47:13 INFO     [213/1028] Done  ISMN_SCAN_ISMN_SCAN_Holden  S1RTC=414 LULC=done
2026-06-01 06:47:14 INFO     [214/1028] Done  ISMN_SCAN_ISMN_SCAN_HalsCanyon  S1RTC=553 LULC=done
2026-06-01 06:47:56 INFO     [215/1028] Done  ISMN_SCAN_ISMN_SCAN_IsbellFarms  S1RTC=427 LULC=done
2026-06-01 06:48:02 INFO     [216/1028] Done  ISMN_SCAN_ISMN_SCAN_JornadaExpRange  S1RTC=317 LULC=done
2026-06-01 06:48:03 INFO     [217/1028] Done  ISMN_SCAN_ISMN_SCAN_JohnsonFarm  S1RTC=437 LULC=done
2026-06-01 06:48:11 INFO     [218/1028] Done  ISMN_SCAN_ISMN_SCAN_JournaganRanch  S1RTC=216 LULC=done
2026-06-01 06:48:24 INFO     [219/1028] Done  ISMN_SCAN_ISMN_SCAN_Ku-Nesa  S1RTC=44 LULC=done
2026-06-01 06:48:29 INFO     [220/1028] Done  ISMN_SCAN_ISMN_SCAN_KnoxCity  S1RTC=119 LULC=done
2026-06-01 06:48:43 INFO     [221/1028] Done  ISMN_SCAN_ISMN_SCAN_HubbardBrook  S1RTC=694 LULC=done
2026-06-01 06:48:52 INFO     [222/1028] Done  ISMN_SCAN_ISMN_SCAN_KoptisFarms  S1RTC=171 LULC=done
2026-06-01 06:49:09 INFO     [223/1028] Done  ISMN_SCAN_ISMN_SCAN_LTSP  S1RTC=87 LULC=done
2026-06-01 06:49:11 INFO     [224/1028] Done  ISMN_SCAN_ISMN_SCAN_HarmsWay  S1RTC=891 LULC=done
2026-06-01 06:49:26 INFO     [225/1028] Done  ISMN_SCAN_ISMN_SCAN_Kainaliu  S1RTC=494 LULC=done
2026-06-01 06:49:43 INFO     [226/1028] Done  ISMN_SCAN_ISMN_SCAN_Lindsay  S1RTC=60 LULC=done
2026-06-01 06:49:47 INFO     [227/1028] Done  ISMN_SCAN_ISMN_SCAN_Lehman  S1RTC=184 LULC=done
2026-06-01 06:49:55 INFO     [228/1028] Done  ISMN_SCAN_ISMN_SCAN_Jordan  S1RTC=780 LULC=done
2026-06-01 06:50:00 INFO     [229/1028] Done  ISMN_SCAN_ISMN_SCAN_KemoleGulch  S1RTC=565 LULC=done
2026-06-01 06:50:02 INFO     [230/1028] Done  ISMN_SCAN_ISMN_SCAN_Livingston-UWA  S1RTC=27 LULC=done
2026-06-01 06:50:11 INFO     [231/1028] Done  ISMN_SCAN_ISMN_SCAN_Levelland  S1RTC=229 LULC=done
2026-06-01 06:50:27 INFO     [232/1028] Done  ISMN_SCAN_ISMN_SCAN_LittleRiver  S1RTC=139 LULC=done
2026-06-01 06:50:28 INFO     [233/1028] Done  ISMN_SCAN_ISMN_SCAN_Kukuihaele  S1RTC=441 LULC=done
2026-06-01 06:50:30 INFO     [234/1028] Done  ISMN_SCAN_ISMN_SCAN_Lind#1  S1RTC=305 LULC=done
2026-06-01 06:50:52 INFO     [235/1028] Done  ISMN_SCAN_ISMN_SCAN_KyleCanyon  S1RTC=513 LULC=done
2026-06-01 06:50:59 INFO     [236/1028] Done  ISMN_SCAN_ISMN_SCAN_MahantangoCk  S1RTC=118 LULC=done
2026-06-01 06:51:18 INFO     [237/1028] Done  ISMN_SCAN_ISMN_SCAN_LovelockNNR  S1RTC=251 LULC=done
2026-06-01 06:51:26 INFO     [238/1028] Done  ISMN_SCAN_ISMN_SCAN_LosLunasPMC  S1RTC=325 LULC=done
2026-06-01 06:51:28 INFO     [239/1028] Done  ISMN_SCAN_ISMN_SCAN_LittleRedFox  S1RTC=381 LULC=done
2026-06-01 06:51:30 INFO     [240/1028] Done  ISMN_SCAN_ISMN_SCAN_MammothCave  S1RTC=219 LULC=done
2026-06-01 06:51:50 INFO     [241/1028] Done  ISMN_SCAN_ISMN_SCAN_MaricaoForest  S1RTC=81 LULC=done
2026-06-01 06:52:15 INFO     [242/1028] Done  ISMN_SCAN_ISMN_SCAN_Mayday  S1RTC=87 LULC=done
2026-06-01 06:52:26 INFO     [243/1028] Done  ISMN_SCAN_ISMN_SCAN_LovellSummit  S1RTC=513 LULC=done
2026-06-01 06:52:30 INFO     [244/1028] Done  ISMN_SCAN_ISMN_SCAN_LyeBrook  S1RTC=446 LULC=done
2026-06-01 06:52:35 INFO     [245/1028] Done  ISMN_SCAN_ISMN_SCAN_Mason#1  S1RTC=231 LULC=done
2026-06-01 06:52:38 INFO     [246/1028] Done  ISMN_SCAN_ISMN_SCAN_ManaHouse  S1RTC=367 LULC=done
2026-06-01 06:53:08 INFO     [247/1028] Done  ISMN_SCAN_ISMN_SCAN_Manderfield  S1RTC=395 LULC=done
2026-06-01 06:53:24 INFO     [248/1028] Done  ISMN_SCAN_ISMN_SCAN_McAllisterFarm  S1RTC=247 LULC=done
2026-06-01 06:53:49 INFO     [249/1028] Done  ISMN_SCAN_ISMN_SCAN_MorrisFarms  S1RTC=91 LULC=done
2026-06-01 06:53:53 INFO     [250/1028] Done  ISMN_SCAN_ISMN_SCAN_MarbleCreek  S1RTC=532 LULC=done
2026-06-01 06:53:55 INFO     [251/1028] Done  ISMN_SCAN_ISMN_SCAN_Mandan#1  S1RTC=658 LULC=done
2026-06-01 06:54:27 INFO     [252/1028] Done  ISMN_SCAN_ISMN_SCAN_MtVernon  S1RTC=125 LULC=done
2026-06-01 06:54:45 INFO     [253/1028] Done  ISMN_SCAN_ISMN_SCAN_Milford  S1RTC=489 LULC=done
2026-06-01 06:54:48 INFO     [254/1028] Done  ISMN_SCAN_ISMN_SCAN_NaknekRiver  S1RTC=8 LULC=done
2026-06-01 06:55:02 INFO     [255/1028] Done  ISMN_SCAN_ISMN_SCAN_Nacogdoches  S1RTC=114 LULC=done
2026-06-01 06:55:03 INFO     [256/1028] Done  ISMN_SCAN_ISMN_SCAN_MccrackenMesa  S1RTC=580 LULC=done
2026-06-01 06:55:12 INFO     [257/1028] Done  ISMN_SCAN_ISMN_SCAN_Moccasin  S1RTC=585 LULC=done
2026-06-01 06:55:26 INFO     [258/1028] Done  ISMN_SCAN_ISMN_SCAN_MountainHome  S1RTC=373 LULC=done
2026-06-01 06:55:40 INFO     [259/1028] Done  ISMN_SCAN_ISMN_SCAN_Morgan  S1RTC=556 LULC=done
2026-06-01 06:55:41 INFO     [260/1028] Done  ISMN_SCAN_ISMN_SCAN_MonoclineRidge  S1RTC=693 LULC=done
2026-06-01 06:55:44 INFO     [261/1028] Done  ISMN_SCAN_ISMN_SCAN_NorthIssaquena  S1RTC=144 LULC=done
2026-06-01 06:56:14 INFO     [262/1028] Done  ISMN_SCAN_ISMN_SCAN_NPiedmontArec  S1RTC=523 LULC=done
2026-06-01 06:56:28 INFO     [263/1028] Done  ISMN_SCAN_ISMN_SCAN_Onward  S1RTC=256 LULC=done
2026-06-01 06:56:38 INFO     [264/1028] Done  ISMN_SCAN_ISMN_SCAN_Nunn#1  S1RTC=337 LULC=done
2026-06-01 06:56:46 INFO     [265/1028] Done  ISMN_SCAN_ISMN_SCAN_PerdidoRivFarms  S1RTC=110 LULC=done
2026-06-01 06:57:00 INFO     [266/1028] Done  ISMN_SCAN_ISMN_SCAN_Panguitch  S1RTC=292 LULC=done
2026-06-01 06:57:02 INFO     [267/1028] Done  ISMN_SCAN_ISMN_SCAN_OrchardRangeSite  S1RTC=362 LULC=done
2026-06-01 06:57:08 INFO     [268/1028] Done  ISMN_SCAN_ISMN_SCAN_ParkValley  S1RTC=321 LULC=done
2026-06-01 06:57:11 INFO     [269/1028] Done  ISMN_SCAN_ISMN_SCAN_Perthshire  S1RTC=148 LULC=done
2026-06-01 06:57:28 INFO     [270/1028] Done  ISMN_SCAN_ISMN_SCAN_PeeDee  S1RTC=395 LULC=done
2026-06-01 06:57:39 INFO     [271/1028] Done  ISMN_SCAN_ISMN_SCAN_PineNut  S1RTC=188 LULC=done
2026-06-01 06:57:41 INFO     [272/1028] Done  ISMN_SCAN_ISMN_SCAN_Princeton#1  S1RTC=45 LULC=done
2026-06-01 06:57:46 INFO     [273/1028] Done  ISMN_SCAN_ISMN_SCAN_PowellGardens  S1RTC=150 LULC=done
2026-06-01 06:57:51 INFO     [274/1028] Done  ISMN_SCAN_ISMN_SCAN_Nephi  S1RTC=700 LULC=done
2026-06-01 06:58:35 INFO     [275/1028] Done  ISMN_SCAN_ISMN_SCAN_RiverRoadFarms  S1RTC=171 LULC=done
2026-06-01 06:58:42 INFO     [276/1028] Done  ISMN_SCAN_ISMN_SCAN_ReynoldsHomestead  S1RTC=231 LULC=done
2026-06-01 06:58:50 INFO     [277/1028] Done  ISMN_SCAN_ISMN_SCAN_ReeseCenter  S1RTC=240 LULC=done
2026-06-01 06:58:53 INFO     [278/1028] Done  ISMN_SCAN_ISMN_SCAN_RockSpringsPa  S1RTC=235 LULC=done
2026-06-01 06:58:59 INFO     [279/1028] Done  ISMN_SCAN_ISMN_SCAN_Price  S1RTC=395 LULC=done
2026-06-01 06:59:11 INFO     [280/1028] Done  ISMN_SCAN_ISMN_SCAN_RogersFarm#1  S1RTC=118 LULC=done
2026-06-01 06:59:13 INFO     [281/1028] Done  ISMN_SCAN_ISMN_SCAN_PowderMill  S1RTC=530 LULC=done
2026-06-01 06:59:23 INFO     [282/1028] Done  ISMN_SCAN_ISMN_SCAN_PrairieView#1  S1RTC=503 LULC=done
2026-06-01 06:59:25 INFO     [283/1028] Done  ISMN_SCAN_ISMN_SCAN_SanAngelo  S1RTC=151 LULC=done
2026-06-01 06:59:27 INFO     [284/1028] Done  ISMN_SCAN_ISMN_SCAN_Phillipsburg  S1RTC=629 LULC=done
2026-06-01 06:59:28 INFO     [285/1028] Done  ISMN_SCAN_ISMN_SCAN_Scott  S1RTC=105 LULC=done
2026-06-01 06:59:29 INFO     [286/1028] Done  ISMN_SCAN_ISMN_SCAN_ShadowMtns  S1RTC=10 LULC=done
2026-06-01 06:59:41 INFO     [287/1028] Done  ISMN_SCAN_ISMN_SCAN_Shenandoah  S1RTC=48 LULC=done
2026-06-01 06:59:53 INFO     [288/1028] Done  ISMN_SCAN_ISMN_SCAN_SellersLake#1  S1RTC=156 LULC=done
2026-06-01 07:00:04 INFO     [289/1028] Done  ISMN_SCAN_ISMN_SCAN_SandyRidge  S1RTC=257 LULC=done
2026-06-01 07:00:08 INFO     [290/1028] Done  ISMN_SCAN_ISMN_SCAN_Selma  S1RTC=193 LULC=done
2026-06-01 07:00:15 INFO     [291/1028] Done  ISMN_SCAN_ISMN_SCAN_Sidney  S1RTC=172 LULC=done
2026-06-01 07:00:18 INFO     [292/1028] Done  ISMN_SCAN_ISMN_SCAN_SandHollow  S1RTC=327 LULC=done
2026-06-01 07:00:19 INFO     [293/1028] Done  ISMN_SCAN_ISMN_SCAN_ShagbarkHills  S1RTC=200 LULC=done
2026-06-01 07:00:25 INFO     [294/1028] Done  ISMN_SCAN_ISMN_SCAN_SilverCity  S1RTC=161 LULC=done
2026-06-01 07:00:27 INFO     [295/1028] Done  ISMN_SCAN_ISMN_SCAN_SinkinForest  S1RTC=86 LULC=done
2026-06-01 07:00:43 INFO     [296/1028] Done  ISMN_SCAN_ISMN_SCAN_Sevilleta  S1RTC=296 LULC=done
2026-06-01 07:00:46 INFO     [297/1028] Done  ISMN_SCAN_ISMN_SCAN_StanleyFarm  S1RTC=102 LULC=done
2026-06-01 07:00:54 INFO     [298/1028] Done  ISMN_SCAN_ISMN_SCAN_Spickard  S1RTC=167 LULC=done
2026-06-01 07:00:58 INFO     [299/1028] Done  ISMN_SCAN_ISMN_SCAN_Stephenville  S1RTC=108 LULC=done
2026-06-01 07:00:59 INFO     [300/1028] Done  ISMN_SCAN_ISMN_SCAN_Starkville  S1RTC=122 LULC=done
2026-06-01 07:01:21 INFO     [301/1028] Done  ISMN_SCAN_ISMN_SCAN_TidewaterArec  S1RTC=79 LULC=done
2026-06-01 07:01:32 INFO     [302/1028] Done  ISMN_SCAN_ISMN_SCAN_Stubblefield  S1RTC=188 LULC=done
2026-06-01 07:01:56 INFO     [303/1028] Done  ISMN_SCAN_ISMN_SCAN_SunleafNursery  S1RTC=226 LULC=done
2026-06-01 07:02:03 INFO     [304/1028] Done  ISMN_SCAN_ISMN_SCAN_SilverSword  S1RTC=466 LULC=done
2026-06-01 07:02:18 INFO     [305/1028] Done  ISMN_SCAN_ISMN_SCAN_TroughSprings  S1RTC=85 LULC=done
2026-06-01 07:02:33 INFO     [306/1028] Done  ISMN_SCAN_ISMN_SCAN_TncFortBayou  S1RTC=259 LULC=done
2026-06-01 07:02:41 INFO     [307/1028] Done  ISMN_SCAN_ISMN_SCAN_Spooky  S1RTC=507 LULC=done
2026-06-01 07:02:48 INFO     [308/1028] Done  ISMN_SCAN_ISMN_SCAN_SudduthFarms  S1RTC=444 LULC=done
2026-06-01 07:02:51 INFO     [309/1028] Done  ISMN_SCAN_ISMN_SCAN_Tunica  S1RTC=117 LULC=done
2026-06-01 07:02:59 INFO     [310/1028] Done  ISMN_SCAN_ISMN_SCAN_TwinPinesConservationArea  S1RTC=97 LULC=done
2026-06-01 07:03:32 INFO     [311/1028] Done  ISMN_SCAN_ISMN_SCAN_TableMountain  S1RTC=579 LULC=done
2026-06-01 07:03:39 INFO     [312/1028] Done  ISMN_SCAN_ISMN_SCAN_UWPlatteville  S1RTC=299 LULC=done
2026-06-01 07:03:39 INFO     [313/1028] Done  ISMN_SCAN_ISMN_SCAN_UapbDewitt  S1RTC=155 LULC=done
2026-06-01 07:03:49 INFO     [314/1028] Done  ISMN_SCAN_ISMN_SCAN_SplitMountain  S1RTC=783 LULC=done
2026-06-01 07:03:54 INFO     [315/1028] Done  ISMN_SCAN_ISMN_SCAN_UapbCampus-PB  S1RTC=237 LULC=done
2026-06-01 07:03:57 INFO     [316/1028] Done  ISMN_SCAN_ISMN_SCAN_Uapb-Earle  S1RTC=240 LULC=done
2026-06-01 07:04:01 INFO     [317/1028] Done  ISMN_SCAN_ISMN_SCAN_UapbPointRemove  S1RTC=115 LULC=done
2026-06-01 07:04:11 INFO     [318/1028] Done  ISMN_SCAN_ISMN_SCAN_Torrington#1  S1RTC=575 LULC=done
2026-06-01 07:04:18 INFO     [319/1028] Done  ISMN_SCAN_ISMN_SCAN_TuleValley  S1RTC=474 LULC=done
2026-06-01 07:04:32 INFO     [320/1028] Done  ISMN_SCAN_ISMN_SCAN_Uvalde  S1RTC=189 LULC=done
2026-06-01 07:04:32 INFO     [321/1028] Done  ISMN_SCAN_ISMN_SCAN_Vernon  S1RTC=138 LULC=done
2026-06-01 07:05:17 INFO     [322/1028] Done  ISMN_SCAN_ISMN_SCAN_Wabeno#1  S1RTC=282 LULC=done
2026-06-01 07:05:26 INFO     [323/1028] Done  ISMN_SCAN_ISMN_SCAN_Wakulla#1  S1RTC=227 LULC=done
2026-06-01 07:05:36 INFO     [324/1028] Done  ISMN_SCAN_ISMN_SCAN_Watkinsville#1  S1RTC=234 LULC=done
2026-06-01 07:05:38 INFO     [325/1028] Done  ISMN_SCAN_ISMN_SCAN_Vallecitos  S1RTC=439 LULC=done
2026-06-01 07:05:46 INFO     [326/1028] Done  ISMN_SCAN_ISMN_SCAN_Wtars  S1RTC=35 LULC=done
2026-06-01 07:05:53 INFO     [327/1028] Done  ISMN_SCAN_ISMN_SCAN_Violett  S1RTC=424 LULC=done
2026-06-01 07:06:17 INFO     [328/1028] Done  ISMN_SD_DEM_ISMN_SD_DEM_Demokeya  S1RTC=113 LULC=done
2026-06-01 07:06:23 INFO     [329/1028] Done  ISMN_SCAN_ISMN_SCAN_WaimeaPlain  S1RTC=475 LULC=done
2026-06-01 07:06:54 INFO     [330/1028] Done  ISMN_SCAN_ISMN_SCAN_WalnutGulch#1  S1RTC=529 LULC=done
2026-06-01 07:06:58 INFO     [331/1028] Done  ISMN_SCAN_ISMN_SCAN_Vermillion  S1RTC=648 LULC=done
2026-06-01 07:07:15 INFO     [332/1028] Done  ISMN_SCAN_ISMN_SCAN_YoumansFarm  S1RTC=345 LULC=done
2026-06-01 07:07:31 INFO     [333/1028] Done  ISMN_SCAN_ISMN_SCAN_WestSummit  S1RTC=471 LULC=done
2026-06-01 07:08:20 INFO     [334/1028] Done  ISMN_SMOSMANIA_ISMN_SMOSMANIA_Barnas  S1RTC=595 LULC=done
2026-06-01 07:08:41 INFO     [335/1028] Done  ISMN_SCAN_ISMN_SCAN_WillowWells  S1RTC=704 LULC=done
2026-06-01 07:10:07 INFO     [336/1028] Done  ISMN_SMOSMANIA_ISMN_SMOSMANIA_CreondArmagnac  S1RTC=788 LULC=done
2026-06-01 07:10:43 INFO     [337/1028] Done  ISMN_SMOSMANIA_ISMN_SMOSMANIA_LaGrandCombe  S1RTC=877 LULC=done
2026-06-01 07:12:05 INFO     [338/1028] Done  ISMN_SMOSMANIA_ISMN_SMOSMANIA_Condom  S1RTC=1353 LULC=done
2026-06-01 07:12:11 INFO     [339/1028] Done  ISMN_SMOSMANIA_ISMN_SMOSMANIA_Berzeme  S1RTC=1550 LULC=done
2026-06-01 07:12:38 INFO     [340/1028] Done  ISMN_SMOSMANIA_ISMN_SMOSMANIA_Mazan-Abbaye  S1RTC=1037 LULC=done
2026-06-01 07:13:14 INFO     [341/1028] Done  ISMN_SMOSMANIA_ISMN_SMOSMANIA_CabrieresdAvignon  S1RTC=1770 LULC=done
2026-06-01 07:13:59 INFO     [342/1028] Done  ISMN_SMOSMANIA_ISMN_SMOSMANIA_Lahas  S1RTC=1632 LULC=done
2026-06-01 07:14:18 INFO     [343/1028] Done  ISMN_SMOSMANIA_ISMN_SMOSMANIA_Montaut  S1RTC=879 LULC=done
2026-06-01 07:14:41 INFO     [344/1028] Done  ISMN_SMOSMANIA_ISMN_SMOSMANIA_LezignanCorbieres  S1RTC=1594 LULC=done
2026-06-01 07:15:38 INFO     [345/1028] Done  ISMN_SMOSMANIA_ISMN_SMOSMANIA_Prades-le-Lez  S1RTC=401 LULC=done
2026-06-01 07:16:19 INFO     [346/1028] Done  ISMN_SMOSMANIA_ISMN_SMOSMANIA_Mejannes-le-Clap  S1RTC=1626 LULC=done
2026-06-01 07:16:49 INFO     [347/1028] Done  ISMN_SMOSMANIA_ISMN_SMOSMANIA_Pezenas  S1RTC=891 LULC=done
2026-06-01 07:18:10 INFO     [348/1028] Done  ISMN_SMOSMANIA_ISMN_SMOSMANIA_Narbonne  S1RTC=1531 LULC=done
2026-06-01 07:18:12 INFO     [349/1028] Done  ISMN_SMOSMANIA_ISMN_SMOSMANIA_SaintFelixdeLauragais  S1RTC=877 LULC=done
2026-06-01 07:18:53 INFO     [350/1028] Done  ISMN_SMOSMANIA_ISMN_SMOSMANIA_Urgons  S1RTC=616 LULC=done
2026-06-01 07:19:29 INFO     [351/1028] Done  ISMN_SNOTEL_ISMN_SNOTEL_AguaCanyon  S1RTC=290 LULC=done
2026-06-01 07:19:32 INFO     [352/1028] Done  ISMN_SMOSMANIA_ISMN_SMOSMANIA_Savenes  S1RTC=1037 LULC=done
2026-06-01 07:19:34 INFO     [353/1028] Done  ISMN_SMOSMANIA_ISMN_SMOSMANIA_Mouthoumet  S1RTC=1842 LULC=done
2026-06-01 07:19:36 INFO     [354/1028] Done  ISMN_SMOSMANIA_ISMN_SMOSMANIA_Sabres  S1RTC=1360 LULC=done
2026-06-01 07:20:04 INFO     [355/1028] Done  ISMN_SMOSMANIA_ISMN_SMOSMANIA_PeyrusseGrande  S1RTC=1815 LULC=done
2026-06-01 07:20:20 INFO     [356/1028] Done  ISMN_SMOSMANIA_ISMN_SMOSMANIA_Villevielle  S1RTC=864 LULC=done
2026-06-01 07:20:23 INFO     [357/1028] Done  ISMN_SNOTEL_ISMN_SNOTEL_AmericanCreek  S1RTC=490 LULC=done
2026-06-01 07:20:28 INFO     [358/1028] Done  ISMN_SNOTEL_ISMN_SNOTEL_Aniak  S1RTC=203 LULC=done
2026-06-01 07:21:05 INFO     [359/1028] Done  ISMN_SNOTEL_ISMN_SNOTEL_Atwater  S1RTC=232 LULC=done
2026-06-01 07:21:11 INFO     [360/1028] Done  ISMN_SNOTEL_ISMN_SNOTEL_AnchorRiverDivide  S1RTC=499 LULC=done
2026-06-01 07:21:17 INFO     [361/1028] Done  ISMN_SNOTEL_ISMN_SNOTEL_Baldy  S1RTC=175 LULC=done
2026-06-01 07:21:31 INFO     [362/1028] Done  ISMN_SNOTEL_ISMN_SNOTEL_ArapahoRidge  S1RTC=455 LULC=done
2026-06-01 07:21:42 INFO     [363/1028] Done  ISMN_SNOTEL_ISMN_SNOTEL_BakerButteSmt  S1RTC=298 LULC=done
2026-06-01 07:21:55 INFO     [364/1028] Done  ISMN_SNOTEL_ISMN_SNOTEL_AtlantaSummit  S1RTC=498 LULC=done
2026-06-01 07:22:05 INFO     [365/1028] Done  ISMN_SNOTEL_ISMN_SNOTEL_BakerButte  S1RTC=378 LULC=done
2026-06-01 07:22:37 INFO     [366/1028] Done  ISMN_SNOTEL_ISMN_SNOTEL_BearCanyon  S1RTC=352 LULC=done
2026-06-01 07:22:54 INFO     [367/1028] Done  ISMN_SNOTEL_ISMN_SNOTEL_BarM  S1RTC=378 LULC=done
2026-06-01 07:23:01 INFO     [368/1028] Done  ISMN_SNOTEL_ISMN_SNOTEL_AtigunPass  S1RTC=726 LULC=done
2026-06-01 07:23:44 INFO     [369/1028] Done  ISMN_SNOTEL_ISMN_SNOTEL_BannerSummit  S1RTC=552 LULC=done
2026-06-01 07:23:45 INFO     [370/1028] Done  ISMN_SNOTEL_ISMN_SNOTEL_BenLomondPeak  S1RTC=261 LULC=done
2026-06-01 07:24:02 INFO     [371/1028] Done  ISMN_SNOTEL_ISMN_SNOTEL_BerryCreek  S1RTC=219 LULC=done
2026-06-01 07:24:06 INFO     [372/1028] Done  ISMN_SNOTEL_ISMN_SNOTEL_BenLomondTrail  S1RTC=279 LULC=done
2026-06-01 07:24:31 INFO     [373/1028] Done  ISMN_SNOTEL_ISMN_SNOTEL_BearRiverRS  S1RTC=632 LULC=done
2026-06-01 07:24:33 INFO     [374/1028] Done  ISMN_SNOTEL_ISMN_SNOTEL_BearCreek  S1RTC=672 LULC=done
2026-06-01 07:24:58 INFO     [375/1028] Done  ISMN_SNOTEL_ISMN_SNOTEL_BeaverDivide  S1RTC=632 LULC=done
2026-06-01 07:25:13 INFO     [376/1028] Done  ISMN_SNOTEL_ISMN_SNOTEL_BevansCabin  S1RTC=300 LULC=done
2026-06-01 07:25:29 INFO     [377/1028] Done  ISMN_SNOTEL_ISMN_SNOTEL_BirdCreek  S1RTC=54 LULC=done
2026-06-01 07:25:30 INFO     [378/1028] Done  ISMN_SNOTEL_ISMN_SNOTEL_BeaverDams  S1RTC=790 LULC=done
2026-06-01 07:25:47 INFO     [379/1028] Done  ISMN_SNOTEL_ISMN_SNOTEL_BerthoudSummit  S1RTC=468 LULC=done
2026-06-01 07:26:02 INFO     [380/1028] Done  ISMN_SNOTEL_ISMN_SNOTEL_BigSandyOpening  S1RTC=237 LULC=done
2026-06-01 07:26:24 INFO     [381/1028] Done  ISMN_SNOTEL_ISMN_SNOTEL_BigFlat  S1RTC=415 LULC=done
2026-06-01 07:27:25 INFO     [382/1028] Done  ISMN_SNOTEL_ISMN_SNOTEL_BlazedAlder  S1RTC=288 LULC=done
2026-06-01 07:27:29 INFO     [383/1028] Done  ISMN_SNOTEL_ISMN_SNOTEL_BlacksForkJct  S1RTC=392 LULC=done
2026-06-01 07:27:29 INFO     [384/1028] Done  ISMN_SNOTEL_ISMN_SNOTEL_BigBend  S1RTC=767 LULC=done
2026-06-01 07:28:01 INFO     [385/1028] Done  ISMN_SNOTEL_ISMN_SNOTEL_BigCreekSum  S1RTC=948 LULC=done
2026-06-01 07:29:00 INFO     [386/1028] Done  ISMN_SNOTEL_ISMN_SNOTEL_BlackhallMtn  S1RTC=752 LULC=done
2026-06-01 07:29:07 INFO     [387/1028] Done  ISMN_SNOTEL_ISMN_SNOTEL_BlackFlat-U.M.Ck  S1RTC=792 LULC=done
2026-06-01 07:29:14 INFO     [388/1028] Done  ISMN_SNOTEL_ISMN_SNOTEL_Bourne  S1RTC=272 LULC=done
2026-06-01 07:29:17 INFO     [389/1028] Done  ISMN_SNOTEL_ISMN_SNOTEL_BobsHollow  S1RTC=413 LULC=done
2026-06-01 07:30:09 INFO     [390/1028] Done  ISMN_SNOTEL_ISMN_SNOTEL_BostetterR.S.  S1RTC=620 LULC=done
2026-06-01 07:30:11 INFO     [391/1028] Done  ISMN_SNOTEL_ISMN_SNOTEL_BigMeadow  S1RTC=1235 LULC=done
2026-06-01 07:30:16 INFO     [392/1028] Done  ISMN_SNOTEL_ISMN_SNOTEL_BoxCreek  S1RTC=271 LULC=done
2026-06-01 07:30:19 INFO     [393/1028] Done  ISMN_SNOTEL_ISMN_SNOTEL_BoxSprings  S1RTC=248 LULC=done
2026-06-01 07:31:01 INFO     [394/1028] Done  ISMN_SNOTEL_ISMN_SNOTEL_BrownDuck  S1RTC=167 LULC=done
2026-06-01 07:31:34 INFO     [395/1028] Done  ISMN_SNOTEL_ISMN_SNOTEL_BrianHead  S1RTC=514 LULC=done
2026-06-01 07:31:39 INFO     [396/1028] Done  ISMN_SNOTEL_ISMN_SNOTEL_BrooklynLake  S1RTC=328 LULC=done
2026-06-01 07:31:46 INFO     [397/1028] Done  ISMN_SNOTEL_ISMN_SNOTEL_BlueLakes  S1RTC=1240 LULC=done
2026-06-01 07:31:52 INFO     [398/1028] Done  ISMN_SNOTEL_ISMN_SNOTEL_BrownTop  S1RTC=335 LULC=done
2026-06-01 07:32:04 INFO     [399/1028] Done  ISMN_SNOTEL_ISMN_SNOTEL_BogusBasin  S1RTC=1024 LULC=done
2026-06-01 07:32:34 INFO     [400/1028] Done  ISMN_SNOTEL_ISMN_SNOTEL_BristleconeTrail  S1RTC=513 LULC=done
2026-06-01 07:32:50 INFO     [401/1028] Done  ISMN_SNOTEL_ISMN_SNOTEL_Brighton  S1RTC=788 LULC=done
2026-06-01 07:33:00 INFO     [402/1028] Done  ISMN_SNOTEL_ISMN_SNOTEL_BuckskinJoe  S1RTC=259 LULC=done
2026-06-01 07:33:38 INFO     [403/1028] Done  ISMN_SNOTEL_ISMN_SNOTEL_BuckPasture  S1RTC=464 LULC=done
2026-06-01 07:33:57 INFO     [404/1028] Done  ISMN_SNOTEL_ISMN_SNOTEL_Buckinghorse  S1RTC=481 LULC=done
2026-06-01 07:34:35 INFO     [405/1028] Done  ISMN_SNOTEL_ISMN_SNOTEL_BuckFlat  S1RTC=790 LULC=done
2026-06-01 07:34:55 INFO     [406/1028] Done  ISMN_SNOTEL_ISMN_SNOTEL_BuckskinLower  S1RTC=651 LULC=done
2026-06-01 07:35:30 INFO     [407/1028] Done  ISMN_SNOTEL_ISMN_SNOTEL_BurntMountain  S1RTC=592 LULC=done
2026-06-01 07:35:35 INFO     [408/1028] Done  ISMN_SNOTEL_ISMN_SNOTEL_BuckboardFlat  S1RTC=891 LULC=done
2026-06-01 07:35:45 INFO     [409/1028] Done  ISMN_SNOTEL_ISMN_SNOTEL_BugLake  S1RTC=659 LULC=done
2026-06-01 07:35:49 INFO     [410/1028] Done  ISMN_SNOTEL_ISMN_SNOTEL_BurroMountain  S1RTC=634 LULC=done
2026-06-01 07:35:53 INFO     [411/1028] Done  ISMN_SNOTEL_ISMN_SNOTEL_BurtsMillerRanch  S1RTC=480 LULC=done
2026-06-01 07:36:50 INFO     [412/1028] Done  ISMN_SNOTEL_ISMN_SNOTEL_CaveMountain  S1RTC=220 LULC=done
2026-06-01 07:36:56 INFO     [413/1028] Done  ISMN_SNOTEL_ISMN_SNOTEL_CampJackson  S1RTC=511 LULC=done
2026-06-01 07:37:10 INFO     [414/1028] Done  ISMN_SNOTEL_ISMN_SNOTEL_Butte  S1RTC=691 LULC=done
2026-06-01 07:37:16 INFO     [415/1028] Done  ISMN_SNOTEL_ISMN_SNOTEL_Cascade#2  S1RTC=390 LULC=done
2026-06-01 07:37:31 INFO     [416/1028] Done  ISMN_SNOTEL_ISMN_SNOTEL_CascadeMountain  S1RTC=419 LULC=done
2026-06-01 07:37:43 INFO     [417/1028] Done  ISMN_SNOTEL_ISMN_SNOTEL_CastleValley  S1RTC=428 LULC=done
2026-06-01 07:37:58 INFO     [418/1028] Done  ISMN_SNOTEL_ISMN_SNOTEL_Chalender  S1RTC=486 LULC=done
2026-06-01 07:38:39 INFO     [419/1028] Done  ISMN_SNOTEL_ISMN_SNOTEL_CinnabarPark  S1RTC=197 LULC=done
2026-06-01 07:38:48 INFO     [420/1028] Done  ISMN_SNOTEL_ISMN_SNOTEL_ChocolateGulch  S1RTC=274 LULC=done
2026-06-01 07:38:49 INFO     [421/1028] Done  ISMN_SNOTEL_ISMN_SNOTEL_CarsonPass  S1RTC=833 LULC=done
2026-06-01 07:38:59 INFO     [422/1028] Done  ISMN_SNOTEL_ISMN_SNOTEL_ChalkCreek#2  S1RTC=464 LULC=done
2026-06-01 07:39:04 INFO     [423/1028] Done  ISMN_SNOTEL_ISMN_SNOTEL_CochetopaPass  S1RTC=11 LULC=done
2026-06-01 07:39:20 INFO     [424/1028] Done  ISMN_SNOTEL_ISMN_SNOTEL_ClackamasLake  S1RTC=300 LULC=done
2026-06-01 07:39:40 INFO     [425/1028] Done  ISMN_SNOTEL_ISMN_SNOTEL_Chepeta  S1RTC=537 LULC=done
2026-06-01 07:39:44 INFO     [426/1028] Done  ISMN_SNOTEL_ISMN_SNOTEL_ChalkCreek#1  S1RTC=751 LULC=done
2026-06-01 07:40:22 INFO     [427/1028] Done  ISMN_SNOTEL_ISMN_SNOTEL_Chisana  S1RTC=698 LULC=done
2026-06-01 07:40:38 INFO     [428/1028] Done  ISMN_SNOTEL_ISMN_SNOTEL_ClaytonSprings  S1RTC=447 LULC=done
2026-06-01 07:40:45 INFO     [429/1028] Done  ISMN_SNOTEL_ISMN_SNOTEL_CraterMeadows  S1RTC=83 LULC=done
2026-06-01 07:41:34 INFO     [430/1028] Done  ISMN_SNOTEL_ISMN_SNOTEL_CouchSummit  S1RTC=454 LULC=done
2026-06-01 07:42:04 INFO     [431/1028] Done  ISMN_SNOTEL_ISMN_SNOTEL_CrabCreek  S1RTC=534 LULC=done
2026-06-01 07:42:20 INFO     [432/1028] Done  ISMN_SNOTEL_ISMN_SNOTEL_ClearCreek#2  S1RTC=790 LULC=done
2026-06-01 07:42:20 INFO     [433/1028] Done  ISMN_SNOTEL_ISMN_SNOTEL_ClearCreek#1  S1RTC=812 LULC=done
2026-06-01 07:42:35 INFO     [434/1028] Done  ISMN_SNOTEL_ISMN_SNOTEL_CorralCanyon  S1RTC=870 LULC=done
2026-06-01 07:43:06 INFO     [435/1028] Done  ISMN_SNOTEL_ISMN_SNOTEL_Coldfoot  S1RTC=828 LULC=done
2026-06-01 07:43:33 INFO     [436/1028] Done  ISMN_SNOTEL_ISMN_SNOTEL_Culebra#2  S1RTC=430 LULC=done
2026-06-01 07:43:55 INFO     [437/1028] Done  ISMN_SNOTEL_ISMN_SNOTEL_CrowCreek  S1RTC=734 LULC=done
2026-06-01 07:43:56 INFO     [438/1028] Done  ISMN_SNOTEL_ISMN_SNOTEL_CssLab  S1RTC=730 LULC=done
2026-06-01 07:44:45 INFO     [439/1028] Done  ISMN_SNOTEL_ISMN_SNOTEL_CurrantCreek  S1RTC=618 LULC=done
2026-06-01 07:45:49 INFO     [440/1028] Done  ISMN_SNOTEL_ISMN_SNOTEL_DillsCamp  S1RTC=790 LULC=done
2026-06-01 07:45:53 INFO     [441/1028] Done  ISMN_SNOTEL_ISMN_SNOTEL_Daniels-Strawberry  S1RTC=789 LULC=done
2026-06-01 07:46:04 INFO     [442/1028] Done  ISMN_SNOTEL_ISMN_SNOTEL_DorseyBasin  S1RTC=560 LULC=done
2026-06-01 07:46:07 INFO     [443/1028] Done  ISMN_SNOTEL_ISMN_SNOTEL_DisasterPeak  S1RTC=769 LULC=done
2026-06-01 07:46:21 INFO     [444/1028] Done  ISMN_SNOTEL_ISMN_SNOTEL_DryCreek  S1RTC=356 LULC=done
2026-06-01 07:46:28 INFO     [445/1028] Done  ISMN_SNOTEL_ISMN_SNOTEL_DrawCreek  S1RTC=563 LULC=done
2026-06-01 07:46:39 INFO     [446/1028] Done  ISMN_SNOTEL_ISMN_SNOTEL_DonkeyReservoir  S1RTC=790 LULC=done
2026-06-01 07:46:42 INFO     [447/1028] Done  ISMN_SNOTEL_ISMN_SNOTEL_DryBreadPond  S1RTC=557 LULC=done
2026-06-01 07:47:23 INFO     [448/1028] Done  ISMN_SNOTEL_ISMN_SNOTEL_EagleSummit  S1RTC=256 LULC=done
2026-06-01 07:47:47 INFO     [449/1028] Done  ISMN_SNOTEL_ISMN_SNOTEL_EFBlacksForkGS  S1RTC=375 LULC=done
2026-06-01 07:47:55 INFO     [450/1028] Done  ISMN_SNOTEL_ISMN_SNOTEL_DryFork  S1RTC=450 LULC=done
2026-06-01 07:48:40 INFO     GDAL signalled an error: err_no=4, msg="`/vsicurl/https://sentinel1euwestrtc.blob.core.windows.net/sentinel1-grd-rtc/GRD/2018/8/25/IW/DV/S1A_IW_GRDH_1SDV_20180825T130917_20180825T130946_023403_028BF2_2F62/measurement/iw-vh.rtc.tiff?st=2026-05-31T05%3A03%3A40Z&se=2026-06-01T05%3A48%3A40Z&sp=rl&sv=2025-07-05&sr=c&skoid=9c8ff44a-6a2c-4dfb-b298-1c9212f64d9a&sktid=72f988bf-86f1-41af-91ab-2d7cd011db47&skt=2026-06-01T02%3A31%3A58Z&ske=2026-06-08T02%3A31%3A58Z&sks=b&skv=2025-07-05&sig=k2hVzZ58IOZbMlqbeTU/tMkwp/lXeq%2Bl6ZBWaPviUUw%3D' not recognized as being in a supported file format."
2026-06-01 07:48:40 INFO     GDAL signalled an error: err_no=4, msg="`/vsicurl/https://sentinel1euwestrtc.blob.core.windows.net/sentinel1-grd-rtc/GRD/2018/8/25/IW/DV/S1A_IW_GRDH_1SDV_20180825T130917_20180825T130946_023403_028BF2_2F62/measurement/iw-vv.rtc.tiff?st=2026-05-31T05%3A03%3A40Z&se=2026-06-01T05%3A48%3A40Z&sp=rl&sv=2025-07-05&sr=c&skoid=9c8ff44a-6a2c-4dfb-b298-1c9212f64d9a&sktid=72f988bf-86f1-41af-91ab-2d7cd011db47&skt=2026-06-01T02%3A31%3A58Z&ske=2026-06-08T02%3A31%3A58Z&sks=b&skv=2025-07-05&sig=k2hVzZ58IOZbMlqbeTU/tMkwp/lXeq%2Bl6ZBWaPviUUw%3D' not recognized as being in a supported file format."
2026-06-01 07:48:40 ERROR      ISMN_SNOTEL_ISMN_SNOTEL_DryLake S1RTC failed: Error opening 'https://sentinel1euwestrtc.blob.core.windows.net/sentinel1-grd-rtc/GRD/2018/8/25/IW/DV/S1A_IW_GRDH_1SDV_20180825T130917_20180825T130946_023403_028BF2_2F62/measurement/iw-vh.rtc.tiff?st=2026-05-31T05%3A03%3A40Z&se=2026-06-01T05%3A48%3A40Z&sp=rl&sv=2025-07-05&sr=c&skoid=9c8ff44a-6a2c-4dfb-b298-1c9212f64d9a&sktid=72f988bf-86f1-41af-91ab-2d7cd011db47&skt=2026-06-01T02%3A31%3A58Z&ske=2026-06-08T02%3A31%3A58Z&sks=b&skv=2025-07-05&sig=k2hVzZ58IOZbMlqbeTU/tMkwp/lXeq%2Bl6ZBWaPviUUw%3D': RasterioIOError("'/vsicurl/https://sentinel1euwestrtc.blob.core.windows.net/sentinel1-grd-rtc/GRD/2018/8/25/IW/DV/S1A_IW_GRDH_1SDV_20180825T130917_20180825T130946_023403_028BF2_2F62/measurement/iw-vh.rtc.tiff?st=2026-05-31T05%3A03%3A40Z&se=2026-06-01T05%3A48%3A40Z&sp=rl&sv=2025-07-05&sr=c&skoid=9c8ff44a-6a2c-4dfb-b298-1c9212f64d9a&sktid=72f988bf-86f1-41af-91ab-2d7cd011db47&skt=2026-06-01T02%3A31%3A58Z&ske=2026-06-08T02%3A31%3A58Z&sks=b&skv=2025-07-05&sig=k2hVzZ58IOZbMlqbeTU/tMkwp/lXeq%2Bl6ZBWaPviUUw%3D' not recognized as being in a supported file format.")
2026-06-01 07:48:40 INFO     GDAL signalled an error: err_no=4, msg="`/vsicurl/https://sentinel1euwestrtc.blob.core.windows.net/sentinel1-grd-rtc/GRD/2021/10/8/IW/DV/S1B_IW_GRDH_1SDV_20211008T135848_20211008T135917_029045_037743_958D/measurement/iw-vv.rtc.tiff?st=2026-05-31T05%3A03%3A40Z&se=2026-06-01T05%3A48%3A40Z&sp=rl&sv=2025-07-05&sr=c&skoid=9c8ff44a-6a2c-4dfb-b298-1c9212f64d9a&sktid=72f988bf-86f1-41af-91ab-2d7cd011db47&skt=2026-06-01T02%3A31%3A58Z&ske=2026-06-08T02%3A31%3A58Z&sks=b&skv=2025-07-05&sig=k2hVzZ58IOZbMlqbeTU/tMkwp/lXeq%2Bl6ZBWaPviUUw%3D' not recognized as being in a supported file format."
2026-06-01 07:48:40 INFO     GDAL signalled an error: err_no=4, msg="`/vsicurl/https://sentinel1euwestrtc.blob.core.windows.net/sentinel1-grd-rtc/GRD/2021/10/8/IW/DV/S1B_IW_GRDH_1SDV_20211008T135848_20211008T135917_029045_037743_958D/measurement/iw-vh.rtc.tiff?st=2026-05-31T05%3A03%3A40Z&se=2026-06-01T05%3A48%3A40Z&sp=rl&sv=2025-07-05&sr=c&skoid=9c8ff44a-6a2c-4dfb-b298-1c9212f64d9a&sktid=72f988bf-86f1-41af-91ab-2d7cd011db47&skt=2026-06-01T02%3A31%3A58Z&ske=2026-06-08T02%3A31%3A58Z&sks=b&skv=2025-07-05&sig=k2hVzZ58IOZbMlqbeTU/tMkwp/lXeq%2Bl6ZBWaPviUUw%3D' not recognized as being in a supported file format."
2026-06-01 07:48:40 WARNING    Attempt 1 failed (Error opening 'https://sentinel1euwestrtc.blob.core.windows.net/sentinel1-grd-rtc/GRD/2021/10/8/IW/DV/S1B_IW_GRDH_1SDV_20211008T135848_20211008T135917_029045_037743_958D/measurement/iw-vv.rtc.tiff?st=2026-05-31T05%3A03%3A40Z&se=2026-06-01T05%3A48%3A40Z&sp=rl&sv=2025-07-05&sr=c&skoid=9c8ff44a-6a2c-4dfb-b298-1c9212f64d9a&sktid=72f988bf-86f1-41af-91ab-2d7cd011db47&skt=2026-06-01T02%3A31%3A58Z&ske=2026-06-08T02%3A31%3A58Z&sks=b&skv=2025-07-05&sig=k2hVzZ58IOZbMlqbeTU/tMkwp/lXeq%2Bl6ZBWaPviUUw%3D': RasterioIOError("'/vsicurl/https://sentinel1euwestrtc.blob.core.windows.net/sentinel1-grd-rtc/GRD/2021/10/8/IW/DV/S1B_IW_GRDH_1SDV_20211008T135848_20211008T135917_029045_037743_958D/measurement/iw-vv.rtc.tiff?st=2026-05-31T05%3A03%3A40Z&se=2026-06-01T05%3A48%3A40Z&sp=rl&sv=2025-07-05&sr=c&skoid=9c8ff44a-6a2c-4dfb-b298-1c9212f64d9a&sktid=72f988bf-86f1-41af-91ab-2d7cd011db47&skt=2026-06-01T02%3A31%3A58Z&ske=2026-06-08T02%3A31%3A58Z&sks=b&skv=2025-07-05&sig=k2hVzZ58IOZbMlqbeTU/tMkwp/lXeq%2Bl6ZBWaPviUUw%3D' not recognized as being in a supported file format.")). Retrying in 5s…
2026-06-01 07:48:40 INFO     GDAL signalled an error: err_no=4, msg="`/vsicurl/https://sentinel1euwestrtc.blob.core.windows.net/sentinel1-grd-rtc/GRD/2020/7/2/IW/DV/S1B_IW_GRDH_1SDV_20200702T140645_20200702T140714_022293_02A4FD_B118/measurement/iw-vv.rtc.tiff?st=2026-05-31T05%3A03%3A40Z&se=2026-06-01T05%3A48%3A40Z&sp=rl&sv=2025-07-05&sr=c&skoid=9c8ff44a-6a2c-4dfb-b298-1c9212f64d9a&sktid=72f988bf-86f1-41af-91ab-2d7cd011db47&skt=2026-06-01T02%3A31%3A58Z&ske=2026-06-08T02%3A31%3A58Z&sks=b&skv=2025-07-05&sig=k2hVzZ58IOZbMlqbeTU/tMkwp/lXeq%2Bl6ZBWaPviUUw%3D' not recognized as being in a supported file format."
2026-06-01 07:48:40 INFO     GDAL signalled an error: err_no=4, msg="`/vsicurl/https://sentinel1euwestrtc.blob.core.windows.net/sentinel1-grd-rtc/GRD/2020/7/2/IW/DV/S1B_IW_GRDH_1SDV_20200702T140645_20200702T140714_022293_02A4FD_B118/measurement/iw-vh.rtc.tiff?st=2026-05-31T05%3A03%3A40Z&se=2026-06-01T05%3A48%3A40Z&sp=rl&sv=2025-07-05&sr=c&skoid=9c8ff44a-6a2c-4dfb-b298-1c9212f64d9a&sktid=72f988bf-86f1-41af-91ab-2d7cd011db47&skt=2026-06-01T02%3A31%3A58Z&ske=2026-06-08T02%3A31%3A58Z&sks=b&skv=2025-07-05&sig=k2hVzZ58IOZbMlqbeTU/tMkwp/lXeq%2Bl6ZBWaPviUUw%3D' not recognized as being in a supported file format."
2026-06-01 07:48:40 WARNING    Attempt 1 failed (Error opening 'https://sentinel1euwestrtc.blob.core.windows.net/sentinel1-grd-rtc/GRD/2020/7/2/IW/DV/S1B_IW_GRDH_1SDV_20200702T140645_20200702T140714_022293_02A4FD_B118/measurement/iw-vv.rtc.tiff?st=2026-05-31T05%3A03%3A40Z&se=2026-06-01T05%3A48%3A40Z&sp=rl&sv=2025-07-05&sr=c&skoid=9c8ff44a-6a2c-4dfb-b298-1c9212f64d9a&sktid=72f988bf-86f1-41af-91ab-2d7cd011db47&skt=2026-06-01T02%3A31%3A58Z&ske=2026-06-08T02%3A31%3A58Z&sks=b&skv=2025-07-05&sig=k2hVzZ58IOZbMlqbeTU/tMkwp/lXeq%2Bl6ZBWaPviUUw%3D': RasterioIOError("'/vsicurl/https://sentinel1euwestrtc.blob.core.windows.net/sentinel1-grd-rtc/GRD/2020/7/2/IW/DV/S1B_IW_GRDH_1SDV_20200702T140645_20200702T140714_022293_02A4FD_B118/measurement/iw-vv.rtc.tiff?st=2026-05-31T05%3A03%3A40Z&se=2026-06-01T05%3A48%3A40Z&sp=rl&sv=2025-07-05&sr=c&skoid=9c8ff44a-6a2c-4dfb-b298-1c9212f64d9a&sktid=72f988bf-86f1-41af-91ab-2d7cd011db47&skt=2026-06-01T02%3A31%3A58Z&ske=2026-06-08T02%3A31%3A58Z&sks=b&skv=2025-07-05&sig=k2hVzZ58IOZbMlqbeTU/tMkwp/lXeq%2Bl6ZBWaPviUUw%3D' not recognized as being in a supported file format.")). Retrying in 5s…
2026-06-01 07:48:40 INFO     GDAL signalled an error: err_no=11, msg='HTTP response code: 403'
2026-06-01 07:48:40 ERROR      ISMN_SNOTEL_ISMN_SNOTEL_ElkCabin S1RTC failed: Error opening 'https://sentinel1euwestrtc.blob.core.windows.net/sentinel1-grd-rtc/GRD/2017/5/14/IW/DV/S1A_IW_GRDH_1SDV_20170514T131019_20170514T131044_016578_01B7F1_E8C3/measurement/iw-vh.rtc.tiff?st=2026-05-31T05%3A03%3A40Z&se=2026-06-01T05%3A48%3A40Z&sp=rl&sv=2025-07-05&sr=c&skoid=9c8ff44a-6a2c-4dfb-b298-1c9212f64d9a&sktid=72f988bf-86f1-41af-91ab-2d7cd011db47&skt=2026-06-01T02%3A31%3A58Z&ske=2026-06-08T02%3A31%3A58Z&sks=b&skv=2025-07-05&sig=k2hVzZ58IOZbMlqbeTU/tMkwp/lXeq%2Bl6ZBWaPviUUw%3D': RasterioIOError('HTTP response code: 403')
2026-06-01 07:48:40 INFO     GDAL signalled an error: err_no=11, msg='HTTP response code: 403'
2026-06-01 07:48:40 INFO     GDAL signalled an error: err_no=4, msg="`/vsicurl/https://sentinel1euwestrtc.blob.core.windows.net/sentinel1-grd-rtc/GRD/2019/12/12/IW/DV/S1B_IW_GRDH_1SDV_20191212T011054_20191212T011119_019325_0247E1_BBB5/measurement/iw-vv.rtc.tiff?st=2026-05-31T05%3A03%3A40Z&se=2026-06-01T05%3A48%3A40Z&sp=rl&sv=2025-07-05&sr=c&skoid=9c8ff44a-6a2c-4dfb-b298-1c9212f64d9a&sktid=72f988bf-86f1-41af-91ab-2d7cd011db47&skt=2026-06-01T02%3A31%3A58Z&ske=2026-06-08T02%3A31%3A58Z&sks=b&skv=2025-07-05&sig=k2hVzZ58IOZbMlqbeTU/tMkwp/lXeq%2Bl6ZBWaPviUUw%3D' not recognized as being in a supported file format."
2026-06-01 07:48:40 INFO     GDAL signalled an error: err_no=4, msg="`/vsicurl/https://sentinel1euwestrtc.blob.core.windows.net/sentinel1-grd-rtc/GRD/2019/12/12/IW/DV/S1B_IW_GRDH_1SDV_20191212T011054_20191212T011119_019325_0247E1_BBB5/measurement/iw-vh.rtc.tiff?st=2026-05-31T05%3A03%3A40Z&se=2026-06-01T05%3A48%3A40Z&sp=rl&sv=2025-07-05&sr=c&skoid=9c8ff44a-6a2c-4dfb-b298-1c9212f64d9a&sktid=72f988bf-86f1-41af-91ab-2d7cd011db47&skt=2026-06-01T02%3A31%3A58Z&ske=2026-06-08T02%3A31%3A58Z&sks=b&skv=2025-07-05&sig=k2hVzZ58IOZbMlqbeTU/tMkwp/lXeq%2Bl6ZBWaPviUUw%3D' not recognized as being in a supported file format."
2026-06-01 07:48:40 WARNING    Attempt 1 failed (Error opening 'https://sentinel1euwestrtc.blob.core.windows.net/sentinel1-grd-rtc/GRD/2019/12/12/IW/DV/S1B_IW_GRDH_1SDV_20191212T011054_20191212T011119_019325_0247E1_BBB5/measurement/iw-vv.rtc.tiff?st=2026-05-31T05%3A03%3A40Z&se=2026-06-01T05%3A48%3A40Z&sp=rl&sv=2025-07-05&sr=c&skoid=9c8ff44a-6a2c-4dfb-b298-1c9212f64d9a&sktid=72f988bf-86f1-41af-91ab-2d7cd011db47&skt=2026-06-01T02%3A31%3A58Z&ske=2026-06-08T02%3A31%3A58Z&sks=b&skv=2025-07-05&sig=k2hVzZ58IOZbMlqbeTU/tMkwp/lXeq%2Bl6ZBWaPviUUw%3D': RasterioIOError("'/vsicurl/https://sentinel1euwestrtc.blob.core.windows.net/sentinel1-grd-rtc/GRD/2019/12/12/IW/DV/S1B_IW_GRDH_1SDV_20191212T011054_20191212T011119_019325_0247E1_BBB5/measurement/iw-vv.rtc.tiff?st=2026-05-31T05%3A03%3A40Z&se=2026-06-01T05%3A48%3A40Z&sp=rl&sv=2025-07-05&sr=c&skoid=9c8ff44a-6a2c-4dfb-b298-1c9212f64d9a&sktid=72f988bf-86f1-41af-91ab-2d7cd011db47&skt=2026-06-01T02%3A31%3A58Z&ske=2026-06-08T02%3A31%3A58Z&sks=b&skv=2025-07-05&sig=k2hVzZ58IOZbMlqbeTU/tMkwp/lXeq%2Bl6ZBWaPviUUw%3D' not recognized as being in a supported file format.")). Retrying in 5s…
2026-06-01 07:48:40 INFO     GDAL signalled an error: err_no=4, msg="`/vsicurl/https://sentinel1euwestrtc.blob.core.windows.net/sentinel1-grd-rtc/GRD/2020/11/17/IW/DV/S1B_IW_GRDH_1SDV_20201117T011759_20201117T011824_024298_02E334_FE06/measurement/iw-vv.rtc.tiff?st=2026-05-31T05%3A03%3A40Z&se=2026-06-01T05%3A48%3A40Z&sp=rl&sv=2025-07-05&sr=c&skoid=9c8ff44a-6a2c-4dfb-b298-1c9212f64d9a&sktid=72f988bf-86f1-41af-91ab-2d7cd011db47&skt=2026-06-01T02%3A31%3A58Z&ske=2026-06-08T02%3A31%3A58Z&sks=b&skv=2025-07-05&sig=k2hVzZ58IOZbMlqbeTU/tMkwp/lXeq%2Bl6ZBWaPviUUw%3D' not recognized as being in a supported file format."
2026-06-01 07:48:40 INFO     GDAL signalled an error: err_no=4, msg="`/vsicurl/https://sentinel1euwestrtc.blob.core.windows.net/sentinel1-grd-rtc/GRD/2020/11/17/IW/DV/S1B_IW_GRDH_1SDV_20201117T011759_20201117T011824_024298_02E334_FE06/measurement/iw-vh.rtc.tiff?st=2026-05-31T05%3A03%3A40Z&se=2026-06-01T05%3A48%3A40Z&sp=rl&sv=2025-07-05&sr=c&skoid=9c8ff44a-6a2c-4dfb-b298-1c9212f64d9a&sktid=72f988bf-86f1-41af-91ab-2d7cd011db47&skt=2026-06-01T02%3A31%3A58Z&ske=2026-06-08T02%3A31%3A58Z&sks=b&skv=2025-07-05&sig=k2hVzZ58IOZbMlqbeTU/tMkwp/lXeq%2Bl6ZBWaPviUUw%3D' not recognized as being in a supported file format."
2026-06-01 07:48:40 WARNING    Attempt 1 failed (Error opening 'https://sentinel1euwestrtc.blob.core.windows.net/sentinel1-grd-rtc/GRD/2020/11/17/IW/DV/S1B_IW_GRDH_1SDV_20201117T011759_20201117T011824_024298_02E334_FE06/measurement/iw-vv.rtc.tiff?st=2026-05-31T05%3A03%3A40Z&se=2026-06-01T05%3A48%3A40Z&sp=rl&sv=2025-07-05&sr=c&skoid=9c8ff44a-6a2c-4dfb-b298-1c9212f64d9a&sktid=72f988bf-86f1-41af-91ab-2d7cd011db47&skt=2026-06-01T02%3A31%3A58Z&ske=2026-06-08T02%3A31%3A58Z&sks=b&skv=2025-07-05&sig=k2hVzZ58IOZbMlqbeTU/tMkwp/lXeq%2Bl6ZBWaPviUUw%3D': RasterioIOError("'/vsicurl/https://sentinel1euwestrtc.blob.core.windows.net/sentinel1-grd-rtc/GRD/2020/11/17/IW/DV/S1B_IW_GRDH_1SDV_20201117T011759_20201117T011824_024298_02E334_FE06/measurement/iw-vv.rtc.tiff?st=2026-05-31T05%3A03%3A40Z&se=2026-06-01T05%3A48%3A40Z&sp=rl&sv=2025-07-05&sr=c&skoid=9c8ff44a-6a2c-4dfb-b298-1c9212f64d9a&sktid=72f988bf-86f1-41af-91ab-2d7cd011db47&skt=2026-06-01T02%3A31%3A58Z&ske=2026-06-08T02%3A31%3A58Z&sks=b&skv=2025-07-05&sig=k2hVzZ58IOZbMlqbeTU/tMkwp/lXeq%2Bl6ZBWaPviUUw%3D' not recognized as being in a supported file format.")). Retrying in 5s…
2026-06-01 07:48:40 INFO     [451/1028] Done  ISMN_SNOTEL_ISMN_SNOTEL_ElkCabin  S1RTC= LULC=done
2026-06-01 07:48:42 INFO     [452/1028] Done  ISMN_SNOTEL_ISMN_SNOTEL_DryLake  S1RTC= LULC=done
2026-06-01 07:48:45 INFO     GDAL signalled an error: err_no=4, msg="`/vsicurl/https://sentinel1euwestrtc.blob.core.windows.net/sentinel1-grd-rtc/GRD/2021/10/8/IW/DV/S1B_IW_GRDH_1SDV_20211008T135848_20211008T135917_029045_037743_958D/measurement/iw-vh.rtc.tiff?st=2026-05-31T05%3A03%3A40Z&se=2026-06-01T05%3A48%3A40Z&sp=rl&sv=2025-07-05&sr=c&skoid=9c8ff44a-6a2c-4dfb-b298-1c9212f64d9a&sktid=72f988bf-86f1-41af-91ab-2d7cd011db47&skt=2026-06-01T02%3A31%3A58Z&ske=2026-06-08T02%3A31%3A58Z&sks=b&skv=2025-07-05&sig=k2hVzZ58IOZbMlqbeTU/tMkwp/lXeq%2Bl6ZBWaPviUUw%3D' not recognized as being in a supported file format."
2026-06-01 07:48:45 INFO     GDAL signalled an error: err_no=4, msg="`/vsicurl/https://sentinel1euwestrtc.blob.core.windows.net/sentinel1-grd-rtc/GRD/2021/10/8/IW/DV/S1B_IW_GRDH_1SDV_20211008T135848_20211008T135917_029045_037743_958D/measurement/iw-vv.rtc.tiff?st=2026-05-31T05%3A03%3A40Z&se=2026-06-01T05%3A48%3A40Z&sp=rl&sv=2025-07-05&sr=c&skoid=9c8ff44a-6a2c-4dfb-b298-1c9212f64d9a&sktid=72f988bf-86f1-41af-91ab-2d7cd011db47&skt=2026-06-01T02%3A31%3A58Z&ske=2026-06-08T02%3A31%3A58Z&sks=b&skv=2025-07-05&sig=k2hVzZ58IOZbMlqbeTU/tMkwp/lXeq%2Bl6ZBWaPviUUw%3D' not recognized as being in a supported file format."
2026-06-01 07:48:45 WARNING    Attempt 2 failed (Error opening 'https://sentinel1euwestrtc.blob.core.windows.net/sentinel1-grd-rtc/GRD/2021/10/8/IW/DV/S1B_IW_GRDH_1SDV_20211008T135848_20211008T135917_029045_037743_958D/measurement/iw-vh.rtc.tiff?st=2026-05-31T05%3A03%3A40Z&se=2026-06-01T05%3A48%3A40Z&sp=rl&sv=2025-07-05&sr=c&skoid=9c8ff44a-6a2c-4dfb-b298-1c9212f64d9a&sktid=72f988bf-86f1-41af-91ab-2d7cd011db47&skt=2026-06-01T02%3A31%3A58Z&ske=2026-06-08T02%3A31%3A58Z&sks=b&skv=2025-07-05&sig=k2hVzZ58IOZbMlqbeTU/tMkwp/lXeq%2Bl6ZBWaPviUUw%3D': RasterioIOError("'/vsicurl/https://sentinel1euwestrtc.blob.core.windows.net/sentinel1-grd-rtc/GRD/2021/10/8/IW/DV/S1B_IW_GRDH_1SDV_20211008T135848_20211008T135917_029045_037743_958D/measurement/iw-vh.rtc.tiff?st=2026-05-31T05%3A03%3A40Z&se=2026-06-01T05%3A48%3A40Z&sp=rl&sv=2025-07-05&sr=c&skoid=9c8ff44a-6a2c-4dfb-b298-1c9212f64d9a&sktid=72f988bf-86f1-41af-91ab-2d7cd011db47&skt=2026-06-01T02%3A31%3A58Z&ske=2026-06-08T02%3A31%3A58Z&sks=b&skv=2025-07-05&sig=k2hVzZ58IOZbMlqbeTU/tMkwp/lXeq%2Bl6ZBWaPviUUw%3D' not recognized as being in a supported file format.")). Retrying in 15s…
2026-06-01 07:48:45 INFO     GDAL signalled an error: err_no=4, msg="`/vsicurl/https://sentinel1euwestrtc.blob.core.windows.net/sentinel1-grd-rtc/GRD/2020/7/2/IW/DV/S1B_IW_GRDH_1SDV_20200702T140645_20200702T140714_022293_02A4FD_B118/measurement/iw-vh.rtc.tiff?st=2026-05-31T05%3A03%3A40Z&se=2026-06-01T05%3A48%3A40Z&sp=rl&sv=2025-07-05&sr=c&skoid=9c8ff44a-6a2c-4dfb-b298-1c9212f64d9a&sktid=72f988bf-86f1-41af-91ab-2d7cd011db47&skt=2026-06-01T02%3A31%3A58Z&ske=2026-06-08T02%3A31%3A58Z&sks=b&skv=2025-07-05&sig=k2hVzZ58IOZbMlqbeTU/tMkwp/lXeq%2Bl6ZBWaPviUUw%3D' not recognized as being in a supported file format."
2026-06-01 07:48:45 INFO     GDAL signalled an error: err_no=4, msg="`/vsicurl/https://sentinel1euwestrtc.blob.core.windows.net/sentinel1-grd-rtc/GRD/2020/7/2/IW/DV/S1B_IW_GRDH_1SDV_20200702T140645_20200702T140714_022293_02A4FD_B118/measurement/iw-vv.rtc.tiff?st=2026-05-31T05%3A03%3A40Z&se=2026-06-01T05%3A48%3A40Z&sp=rl&sv=2025-07-05&sr=c&skoid=9c8ff44a-6a2c-4dfb-b298-1c9212f64d9a&sktid=72f988bf-86f1-41af-91ab-2d7cd011db47&skt=2026-06-01T02%3A31%3A58Z&ske=2026-06-08T02%3A31%3A58Z&sks=b&skv=2025-07-05&sig=k2hVzZ58IOZbMlqbeTU/tMkwp/lXeq%2Bl6ZBWaPviUUw%3D' not recognized as being in a supported file format."
2026-06-01 07:48:45 WARNING    Attempt 2 failed (Error opening 'https://sentinel1euwestrtc.blob.core.windows.net/sentinel1-grd-rtc/GRD/2020/7/2/IW/DV/S1B_IW_GRDH_1SDV_20200702T140645_20200702T140714_022293_02A4FD_B118/measurement/iw-vh.rtc.tiff?st=2026-05-31T05%3A03%3A40Z&se=2026-06-01T05%3A48%3A40Z&sp=rl&sv=2025-07-05&sr=c&skoid=9c8ff44a-6a2c-4dfb-b298-1c9212f64d9a&sktid=72f988bf-86f1-41af-91ab-2d7cd011db47&skt=2026-06-01T02%3A31%3A58Z&ske=2026-06-08T02%3A31%3A58Z&sks=b&skv=2025-07-05&sig=k2hVzZ58IOZbMlqbeTU/tMkwp/lXeq%2Bl6ZBWaPviUUw%3D': RasterioIOError("'/vsicurl/https://sentinel1euwestrtc.blob.core.windows.net/sentinel1-grd-rtc/GRD/2020/7/2/IW/DV/S1B_IW_GRDH_1SDV_20200702T140645_20200702T140714_022293_02A4FD_B118/measurement/iw-vh.rtc.tiff?st=2026-05-31T05%3A03%3A40Z&se=2026-06-01T05%3A48%3A40Z&sp=rl&sv=2025-07-05&sr=c&skoid=9c8ff44a-6a2c-4dfb-b298-1c9212f64d9a&sktid=72f988bf-86f1-41af-91ab-2d7cd011db47&skt=2026-06-01T02%3A31%3A58Z&ske=2026-06-08T02%3A31%3A58Z&sks=b&skv=2025-07-05&sig=k2hVzZ58IOZbMlqbeTU/tMkwp/lXeq%2Bl6ZBWaPviUUw%3D' not recognized as being in a supported file format.")). Retrying in 15s…
2026-06-01 07:48:45 INFO     GDAL signalled an error: err_no=4, msg="`/vsicurl/https://sentinel1euwestrtc.blob.core.windows.net/sentinel1-grd-rtc/GRD/2019/12/12/IW/DV/S1B_IW_GRDH_1SDV_20191212T011054_20191212T011119_019325_0247E1_BBB5/measurement/iw-vh.rtc.tiff?st=2026-05-31T05%3A03%3A40Z&se=2026-06-01T05%3A48%3A40Z&sp=rl&sv=2025-07-05&sr=c&skoid=9c8ff44a-6a2c-4dfb-b298-1c9212f64d9a&sktid=72f988bf-86f1-41af-91ab-2d7cd011db47&skt=2026-06-01T02%3A31%3A58Z&ske=2026-06-08T02%3A31%3A58Z&sks=b&skv=2025-07-05&sig=k2hVzZ58IOZbMlqbeTU/tMkwp/lXeq%2Bl6ZBWaPviUUw%3D' not recognized as being in a supported file format."
2026-06-01 07:48:45 INFO     GDAL signalled an error: err_no=4, msg="`/vsicurl/https://sentinel1euwestrtc.blob.core.windows.net/sentinel1-grd-rtc/GRD/2019/12/12/IW/DV/S1B_IW_GRDH_1SDV_20191212T011054_20191212T011119_019325_0247E1_BBB5/measurement/iw-vv.rtc.tiff?st=2026-05-31T05%3A03%3A40Z&se=2026-06-01T05%3A48%3A40Z&sp=rl&sv=2025-07-05&sr=c&skoid=9c8ff44a-6a2c-4dfb-b298-1c9212f64d9a&sktid=72f988bf-86f1-41af-91ab-2d7cd011db47&skt=2026-06-01T02%3A31%3A58Z&ske=2026-06-08T02%3A31%3A58Z&sks=b&skv=2025-07-05&sig=k2hVzZ58IOZbMlqbeTU/tMkwp/lXeq%2Bl6ZBWaPviUUw%3D' not recognized as being in a supported file format."
2026-06-01 07:48:45 WARNING    Attempt 2 failed (Error opening 'https://sentinel1euwestrtc.blob.core.windows.net/sentinel1-grd-rtc/GRD/2019/12/12/IW/DV/S1B_IW_GRDH_1SDV_20191212T011054_20191212T011119_019325_0247E1_BBB5/measurement/iw-vh.rtc.tiff?st=2026-05-31T05%3A03%3A40Z&se=2026-06-01T05%3A48%3A40Z&sp=rl&sv=2025-07-05&sr=c&skoid=9c8ff44a-6a2c-4dfb-b298-1c9212f64d9a&sktid=72f988bf-86f1-41af-91ab-2d7cd011db47&skt=2026-06-01T02%3A31%3A58Z&ske=2026-06-08T02%3A31%3A58Z&sks=b&skv=2025-07-05&sig=k2hVzZ58IOZbMlqbeTU/tMkwp/lXeq%2Bl6ZBWaPviUUw%3D': RasterioIOError("'/vsicurl/https://sentinel1euwestrtc.blob.core.windows.net/sentinel1-grd-rtc/GRD/2019/12/12/IW/DV/S1B_IW_GRDH_1SDV_20191212T011054_20191212T011119_019325_0247E1_BBB5/measurement/iw-vh.rtc.tiff?st=2026-05-31T05%3A03%3A40Z&se=2026-06-01T05%3A48%3A40Z&sp=rl&sv=2025-07-05&sr=c&skoid=9c8ff44a-6a2c-4dfb-b298-1c9212f64d9a&sktid=72f988bf-86f1-41af-91ab-2d7cd011db47&skt=2026-06-01T02%3A31%3A58Z&ske=2026-06-08T02%3A31%3A58Z&sks=b&skv=2025-07-05&sig=k2hVzZ58IOZbMlqbeTU/tMkwp/lXeq%2Bl6ZBWaPviUUw%3D' not recognized as being in a supported file format.")). Retrying in 15s…
2026-06-01 07:48:45 INFO     GDAL signalled an error: err_no=4, msg="`/vsicurl/https://sentinel1euwestrtc.blob.core.windows.net/sentinel1-grd-rtc/GRD/2020/11/17/IW/DV/S1B_IW_GRDH_1SDV_20201117T011759_20201117T011824_024298_02E334_FE06/measurement/iw-vv.rtc.tiff?st=2026-05-31T05%3A03%3A40Z&se=2026-06-01T05%3A48%3A40Z&sp=rl&sv=2025-07-05&sr=c&skoid=9c8ff44a-6a2c-4dfb-b298-1c9212f64d9a&sktid=72f988bf-86f1-41af-91ab-2d7cd011db47&skt=2026-06-01T02%3A31%3A58Z&ske=2026-06-08T02%3A31%3A58Z&sks=b&skv=2025-07-05&sig=k2hVzZ58IOZbMlqbeTU/tMkwp/lXeq%2Bl6ZBWaPviUUw%3D' not recognized as being in a supported file format."
2026-06-01 07:48:45 INFO     GDAL signalled an error: err_no=4, msg="`/vsicurl/https://sentinel1euwestrtc.blob.core.windows.net/sentinel1-grd-rtc/GRD/2020/11/17/IW/DV/S1B_IW_GRDH_1SDV_20201117T011759_20201117T011824_024298_02E334_FE06/measurement/iw-vh.rtc.tiff?st=2026-05-31T05%3A03%3A40Z&se=2026-06-01T05%3A48%3A40Z&sp=rl&sv=2025-07-05&sr=c&skoid=9c8ff44a-6a2c-4dfb-b298-1c9212f64d9a&sktid=72f988bf-86f1-41af-91ab-2d7cd011db47&skt=2026-06-01T02%3A31%3A58Z&ske=2026-06-08T02%3A31%3A58Z&sks=b&skv=2025-07-05&sig=k2hVzZ58IOZbMlqbeTU/tMkwp/lXeq%2Bl6ZBWaPviUUw%3D' not recognized as being in a supported file format."
2026-06-01 07:48:45 WARNING    Attempt 2 failed (Error opening 'https://sentinel1euwestrtc.blob.core.windows.net/sentinel1-grd-rtc/GRD/2020/11/17/IW/DV/S1B_IW_GRDH_1SDV_20201117T011759_20201117T011824_024298_02E334_FE06/measurement/iw-vv.rtc.tiff?st=2026-05-31T05%3A03%3A40Z&se=2026-06-01T05%3A48%3A40Z&sp=rl&sv=2025-07-05&sr=c&skoid=9c8ff44a-6a2c-4dfb-b298-1c9212f64d9a&sktid=72f988bf-86f1-41af-91ab-2d7cd011db47&skt=2026-06-01T02%3A31%3A58Z&ske=2026-06-08T02%3A31%3A58Z&sks=b&skv=2025-07-05&sig=k2hVzZ58IOZbMlqbeTU/tMkwp/lXeq%2Bl6ZBWaPviUUw%3D': RasterioIOError("'/vsicurl/https://sentinel1euwestrtc.blob.core.windows.net/sentinel1-grd-rtc/GRD/2020/11/17/IW/DV/S1B_IW_GRDH_1SDV_20201117T011759_20201117T011824_024298_02E334_FE06/measurement/iw-vv.rtc.tiff?st=2026-05-31T05%3A03%3A40Z&se=2026-06-01T05%3A48%3A40Z&sp=rl&sv=2025-07-05&sr=c&skoid=9c8ff44a-6a2c-4dfb-b298-1c9212f64d9a&sktid=72f988bf-86f1-41af-91ab-2d7cd011db47&skt=2026-06-01T02%3A31%3A58Z&ske=2026-06-08T02%3A31%3A58Z&sks=b&skv=2025-07-05&sig=k2hVzZ58IOZbMlqbeTU/tMkwp/lXeq%2Bl6ZBWaPviUUw%3D' not recognized as being in a supported file format.")). Retrying in 15s…
2026-06-01 07:49:00 INFO     GDAL signalled an error: err_no=4, msg="`/vsicurl/https://sentinel1euwestrtc.blob.core.windows.net/sentinel1-grd-rtc/GRD/2021/10/8/IW/DV/S1B_IW_GRDH_1SDV_20211008T135848_20211008T135917_029045_037743_958D/measurement/iw-vh.rtc.tiff?st=2026-05-31T05%3A03%3A40Z&se=2026-06-01T05%3A48%3A40Z&sp=rl&sv=2025-07-05&sr=c&skoid=9c8ff44a-6a2c-4dfb-b298-1c9212f64d9a&sktid=72f988bf-86f1-41af-91ab-2d7cd011db47&skt=2026-06-01T02%3A31%3A58Z&ske=2026-06-08T02%3A31%3A58Z&sks=b&skv=2025-07-05&sig=k2hVzZ58IOZbMlqbeTU/tMkwp/lXeq%2Bl6ZBWaPviUUw%3D' not recognized as being in a supported file format."
2026-06-01 07:49:00 INFO     GDAL signalled an error: err_no=4, msg="`/vsicurl/https://sentinel1euwestrtc.blob.core.windows.net/sentinel1-grd-rtc/GRD/2021/10/8/IW/DV/S1B_IW_GRDH_1SDV_20211008T135848_20211008T135917_029045_037743_958D/measurement/iw-vv.rtc.tiff?st=2026-05-31T05%3A03%3A40Z&se=2026-06-01T05%3A48%3A40Z&sp=rl&sv=2025-07-05&sr=c&skoid=9c8ff44a-6a2c-4dfb-b298-1c9212f64d9a&sktid=72f988bf-86f1-41af-91ab-2d7cd011db47&skt=2026-06-01T02%3A31%3A58Z&ske=2026-06-08T02%3A31%3A58Z&sks=b&skv=2025-07-05&sig=k2hVzZ58IOZbMlqbeTU/tMkwp/lXeq%2Bl6ZBWaPviUUw%3D' not recognized as being in a supported file format."
2026-06-01 07:49:00 WARNING    Attempt 3 failed (Error opening 'https://sentinel1euwestrtc.blob.core.windows.net/sentinel1-grd-rtc/GRD/2021/10/8/IW/DV/S1B_IW_GRDH_1SDV_20211008T135848_20211008T135917_029045_037743_958D/measurement/iw-vh.rtc.tiff?st=2026-05-31T05%3A03%3A40Z&se=2026-06-01T05%3A48%3A40Z&sp=rl&sv=2025-07-05&sr=c&skoid=9c8ff44a-6a2c-4dfb-b298-1c9212f64d9a&sktid=72f988bf-86f1-41af-91ab-2d7cd011db47&skt=2026-06-01T02%3A31%3A58Z&ske=2026-06-08T02%3A31%3A58Z&sks=b&skv=2025-07-05&sig=k2hVzZ58IOZbMlqbeTU/tMkwp/lXeq%2Bl6ZBWaPviUUw%3D': RasterioIOError("'/vsicurl/https://sentinel1euwestrtc.blob.core.windows.net/sentinel1-grd-rtc/GRD/2021/10/8/IW/DV/S1B_IW_GRDH_1SDV_20211008T135848_20211008T135917_029045_037743_958D/measurement/iw-vh.rtc.tiff?st=2026-05-31T05%3A03%3A40Z&se=2026-06-01T05%3A48%3A40Z&sp=rl&sv=2025-07-05&sr=c&skoid=9c8ff44a-6a2c-4dfb-b298-1c9212f64d9a&sktid=72f988bf-86f1-41af-91ab-2d7cd011db47&skt=2026-06-01T02%3A31%3A58Z&ske=2026-06-08T02%3A31%3A58Z&sks=b&skv=2025-07-05&sig=k2hVzZ58IOZbMlqbeTU/tMkwp/lXeq%2Bl6ZBWaPviUUw%3D' not recognized as being in a supported file format.")). Retrying in 45s…
2026-06-01 07:49:00 INFO     GDAL signalled an error: err_no=4, msg="`/vsicurl/https://sentinel1euwestrtc.blob.core.windows.net/sentinel1-grd-rtc/GRD/2020/7/2/IW/DV/S1B_IW_GRDH_1SDV_20200702T140645_20200702T140714_022293_02A4FD_B118/measurement/iw-vv.rtc.tiff?st=2026-05-31T05%3A03%3A40Z&se=2026-06-01T05%3A48%3A40Z&sp=rl&sv=2025-07-05&sr=c&skoid=9c8ff44a-6a2c-4dfb-b298-1c9212f64d9a&sktid=72f988bf-86f1-41af-91ab-2d7cd011db47&skt=2026-06-01T02%3A31%3A58Z&ske=2026-06-08T02%3A31%3A58Z&sks=b&skv=2025-07-05&sig=k2hVzZ58IOZbMlqbeTU/tMkwp/lXeq%2Bl6ZBWaPviUUw%3D' not recognized as being in a supported file format."
2026-06-01 07:49:00 INFO     GDAL signalled an error: err_no=4, msg="`/vsicurl/https://sentinel1euwestrtc.blob.core.windows.net/sentinel1-grd-rtc/GRD/2020/7/2/IW/DV/S1B_IW_GRDH_1SDV_20200702T140645_20200702T140714_022293_02A4FD_B118/measurement/iw-vh.rtc.tiff?st=2026-05-31T05%3A03%3A40Z&se=2026-06-01T05%3A48%3A40Z&sp=rl&sv=2025-07-05&sr=c&skoid=9c8ff44a-6a2c-4dfb-b298-1c9212f64d9a&sktid=72f988bf-86f1-41af-91ab-2d7cd011db47&skt=2026-06-01T02%3A31%3A58Z&ske=2026-06-08T02%3A31%3A58Z&sks=b&skv=2025-07-05&sig=k2hVzZ58IOZbMlqbeTU/tMkwp/lXeq%2Bl6ZBWaPviUUw%3D' not recognized as being in a supported file format."
2026-06-01 07:49:00 WARNING    Attempt 3 failed (Error opening 'https://sentinel1euwestrtc.blob.core.windows.net/sentinel1-grd-rtc/GRD/2020/7/2/IW/DV/S1B_IW_GRDH_1SDV_20200702T140645_20200702T140714_022293_02A4FD_B118/measurement/iw-vv.rtc.tiff?st=2026-05-31T05%3A03%3A40Z&se=2026-06-01T05%3A48%3A40Z&sp=rl&sv=2025-07-05&sr=c&skoid=9c8ff44a-6a2c-4dfb-b298-1c9212f64d9a&sktid=72f988bf-86f1-41af-91ab-2d7cd011db47&skt=2026-06-01T02%3A31%3A58Z&ske=2026-06-08T02%3A31%3A58Z&sks=b&skv=2025-07-05&sig=k2hVzZ58IOZbMlqbeTU/tMkwp/lXeq%2Bl6ZBWaPviUUw%3D': RasterioIOError("'/vsicurl/https://sentinel1euwestrtc.blob.core.windows.net/sentinel1-grd-rtc/GRD/2020/7/2/IW/DV/S1B_IW_GRDH_1SDV_20200702T140645_20200702T140714_022293_02A4FD_B118/measurement/iw-vv.rtc.tiff?st=2026-05-31T05%3A03%3A40Z&se=2026-06-01T05%3A48%3A40Z&sp=rl&sv=2025-07-05&sr=c&skoid=9c8ff44a-6a2c-4dfb-b298-1c9212f64d9a&sktid=72f988bf-86f1-41af-91ab-2d7cd011db47&skt=2026-06-01T02%3A31%3A58Z&ske=2026-06-08T02%3A31%3A58Z&sks=b&skv=2025-07-05&sig=k2hVzZ58IOZbMlqbeTU/tMkwp/lXeq%2Bl6ZBWaPviUUw%3D' not recognized as being in a supported file format.")). Retrying in 45s…
2026-06-01 07:49:00 INFO     GDAL signalled an error: err_no=4, msg="`/vsicurl/https://sentinel1euwestrtc.blob.core.windows.net/sentinel1-grd-rtc/GRD/2019/12/12/IW/DV/S1B_IW_GRDH_1SDV_20191212T011054_20191212T011119_019325_0247E1_BBB5/measurement/iw-vv.rtc.tiff?st=2026-05-31T05%3A03%3A40Z&se=2026-06-01T05%3A48%3A40Z&sp=rl&sv=2025-07-05&sr=c&skoid=9c8ff44a-6a2c-4dfb-b298-1c9212f64d9a&sktid=72f988bf-86f1-41af-91ab-2d7cd011db47&skt=2026-06-01T02%3A31%3A58Z&ske=2026-06-08T02%3A31%3A58Z&sks=b&skv=2025-07-05&sig=k2hVzZ58IOZbMlqbeTU/tMkwp/lXeq%2Bl6ZBWaPviUUw%3D' not recognized as being in a supported file format."
2026-06-01 07:49:00 INFO     GDAL signalled an error: err_no=4, msg="`/vsicurl/https://sentinel1euwestrtc.blob.core.windows.net/sentinel1-grd-rtc/GRD/2019/12/12/IW/DV/S1B_IW_GRDH_1SDV_20191212T011054_20191212T011119_019325_0247E1_BBB5/measurement/iw-vh.rtc.tiff?st=2026-05-31T05%3A03%3A40Z&se=2026-06-01T05%3A48%3A40Z&sp=rl&sv=2025-07-05&sr=c&skoid=9c8ff44a-6a2c-4dfb-b298-1c9212f64d9a&sktid=72f988bf-86f1-41af-91ab-2d7cd011db47&skt=2026-06-01T02%3A31%3A58Z&ske=2026-06-08T02%3A31%3A58Z&sks=b&skv=2025-07-05&sig=k2hVzZ58IOZbMlqbeTU/tMkwp/lXeq%2Bl6ZBWaPviUUw%3D' not recognized as being in a supported file format."
2026-06-01 07:49:00 WARNING    Attempt 3 failed (Error opening 'https://sentinel1euwestrtc.blob.core.windows.net/sentinel1-grd-rtc/GRD/2019/12/12/IW/DV/S1B_IW_GRDH_1SDV_20191212T011054_20191212T011119_019325_0247E1_BBB5/measurement/iw-vv.rtc.tiff?st=2026-05-31T05%3A03%3A40Z&se=2026-06-01T05%3A48%3A40Z&sp=rl&sv=2025-07-05&sr=c&skoid=9c8ff44a-6a2c-4dfb-b298-1c9212f64d9a&sktid=72f988bf-86f1-41af-91ab-2d7cd011db47&skt=2026-06-01T02%3A31%3A58Z&ske=2026-06-08T02%3A31%3A58Z&sks=b&skv=2025-07-05&sig=k2hVzZ58IOZbMlqbeTU/tMkwp/lXeq%2Bl6ZBWaPviUUw%3D': RasterioIOError("'/vsicurl/https://sentinel1euwestrtc.blob.core.windows.net/sentinel1-grd-rtc/GRD/2019/12/12/IW/DV/S1B_IW_GRDH_1SDV_20191212T011054_20191212T011119_019325_0247E1_BBB5/measurement/iw-vv.rtc.tiff?st=2026-05-31T05%3A03%3A40Z&se=2026-06-01T05%3A48%3A40Z&sp=rl&sv=2025-07-05&sr=c&skoid=9c8ff44a-6a2c-4dfb-b298-1c9212f64d9a&sktid=72f988bf-86f1-41af-91ab-2d7cd011db47&skt=2026-06-01T02%3A31%3A58Z&ske=2026-06-08T02%3A31%3A58Z&sks=b&skv=2025-07-05&sig=k2hVzZ58IOZbMlqbeTU/tMkwp/lXeq%2Bl6ZBWaPviUUw%3D' not recognized as being in a supported file format.")). Retrying in 45s…
2026-06-01 07:49:00 INFO     GDAL signalled an error: err_no=4, msg="`/vsicurl/https://sentinel1euwestrtc.blob.core.windows.net/sentinel1-grd-rtc/GRD/2020/11/17/IW/DV/S1B_IW_GRDH_1SDV_20201117T011759_20201117T011824_024298_02E334_FE06/measurement/iw-vv.rtc.tiff?st=2026-05-31T05%3A03%3A40Z&se=2026-06-01T05%3A48%3A40Z&sp=rl&sv=2025-07-05&sr=c&skoid=9c8ff44a-6a2c-4dfb-b298-1c9212f64d9a&sktid=72f988bf-86f1-41af-91ab-2d7cd011db47&skt=2026-06-01T02%3A31%3A58Z&ske=2026-06-08T02%3A31%3A58Z&sks=b&skv=2025-07-05&sig=k2hVzZ58IOZbMlqbeTU/tMkwp/lXeq%2Bl6ZBWaPviUUw%3D' not recognized as being in a supported file format."
2026-06-01 07:49:00 INFO     GDAL signalled an error: err_no=4, msg="`/vsicurl/https://sentinel1euwestrtc.blob.core.windows.net/sentinel1-grd-rtc/GRD/2020/11/17/IW/DV/S1B_IW_GRDH_1SDV_20201117T011759_20201117T011824_024298_02E334_FE06/measurement/iw-vh.rtc.tiff?st=2026-05-31T05%3A03%3A40Z&se=2026-06-01T05%3A48%3A40Z&sp=rl&sv=2025-07-05&sr=c&skoid=9c8ff44a-6a2c-4dfb-b298-1c9212f64d9a&sktid=72f988bf-86f1-41af-91ab-2d7cd011db47&skt=2026-06-01T02%3A31%3A58Z&ske=2026-06-08T02%3A31%3A58Z&sks=b&skv=2025-07-05&sig=k2hVzZ58IOZbMlqbeTU/tMkwp/lXeq%2Bl6ZBWaPviUUw%3D' not recognized as being in a supported file format."
2026-06-01 07:49:00 WARNING    Attempt 3 failed (Error opening 'https://sentinel1euwestrtc.blob.core.windows.net/sentinel1-grd-rtc/GRD/2020/11/17/IW/DV/S1B_IW_GRDH_1SDV_20201117T011759_20201117T011824_024298_02E334_FE06/measurement/iw-vv.rtc.tiff?st=2026-05-31T05%3A03%3A40Z&se=2026-06-01T05%3A48%3A40Z&sp=rl&sv=2025-07-05&sr=c&skoid=9c8ff44a-6a2c-4dfb-b298-1c9212f64d9a&sktid=72f988bf-86f1-41af-91ab-2d7cd011db47&skt=2026-06-01T02%3A31%3A58Z&ske=2026-06-08T02%3A31%3A58Z&sks=b&skv=2025-07-05&sig=k2hVzZ58IOZbMlqbeTU/tMkwp/lXeq%2Bl6ZBWaPviUUw%3D': RasterioIOError("'/vsicurl/https://sentinel1euwestrtc.blob.core.windows.net/sentinel1-grd-rtc/GRD/2020/11/17/IW/DV/S1B_IW_GRDH_1SDV_20201117T011759_20201117T011824_024298_02E334_FE06/measurement/iw-vv.rtc.tiff?st=2026-05-31T05%3A03%3A40Z&se=2026-06-01T05%3A48%3A40Z&sp=rl&sv=2025-07-05&sr=c&skoid=9c8ff44a-6a2c-4dfb-b298-1c9212f64d9a&sktid=72f988bf-86f1-41af-91ab-2d7cd011db47&skt=2026-06-01T02%3A31%3A58Z&ske=2026-06-08T02%3A31%3A58Z&sks=b&skv=2025-07-05&sig=k2hVzZ58IOZbMlqbeTU/tMkwp/lXeq%2Bl6ZBWaPviUUw%3D' not recognized as being in a supported file format.")). Retrying in 45s…
2026-06-01 07:49:45 INFO     GDAL signalled an error: err_no=4, msg="`/vsicurl/https://sentinel1euwestrtc.blob.core.windows.net/sentinel1-grd-rtc/GRD/2021/10/8/IW/DV/S1B_IW_GRDH_1SDV_20211008T135848_20211008T135917_029045_037743_958D/measurement/iw-vh.rtc.tiff?st=2026-05-31T05%3A03%3A40Z&se=2026-06-01T05%3A48%3A40Z&sp=rl&sv=2025-07-05&sr=c&skoid=9c8ff44a-6a2c-4dfb-b298-1c9212f64d9a&sktid=72f988bf-86f1-41af-91ab-2d7cd011db47&skt=2026-06-01T02%3A31%3A58Z&ske=2026-06-08T02%3A31%3A58Z&sks=b&skv=2025-07-05&sig=k2hVzZ58IOZbMlqbeTU/tMkwp/lXeq%2Bl6ZBWaPviUUw%3D' not recognized as being in a supported file format."
2026-06-01 07:49:45 ERROR      ISMN_SNOTEL_ISMN_SNOTEL_EchoPeak S1RTC failed: Error opening 'https://sentinel1euwestrtc.blob.core.windows.net/sentinel1-grd-rtc/GRD/2021/10/8/IW/DV/S1B_IW_GRDH_1SDV_20211008T135848_20211008T135917_029045_037743_958D/measurement/iw-vh.rtc.tiff?st=2026-05-31T05%3A03%3A40Z&se=2026-06-01T05%3A48%3A40Z&sp=rl&sv=2025-07-05&sr=c&skoid=9c8ff44a-6a2c-4dfb-b298-1c9212f64d9a&sktid=72f988bf-86f1-41af-91ab-2d7cd011db47&skt=2026-06-01T02%3A31%3A58Z&ske=2026-06-08T02%3A31%3A58Z&sks=b&skv=2025-07-05&sig=k2hVzZ58IOZbMlqbeTU/tMkwp/lXeq%2Bl6ZBWaPviUUw%3D': RasterioIOError("'/vsicurl/https://sentinel1euwestrtc.blob.core.windows.net/sentinel1-grd-rtc/GRD/2021/10/8/IW/DV/S1B_IW_GRDH_1SDV_20211008T135848_20211008T135917_029045_037743_958D/measurement/iw-vh.rtc.tiff?st=2026-05-31T05%3A03%3A40Z&se=2026-06-01T05%3A48%3A40Z&sp=rl&sv=2025-07-05&sr=c&skoid=9c8ff44a-6a2c-4dfb-b298-1c9212f64d9a&sktid=72f988bf-86f1-41af-91ab-2d7cd011db47&skt=2026-06-01T02%3A31%3A58Z&ske=2026-06-08T02%3A31%3A58Z&sks=b&skv=2025-07-05&sig=k2hVzZ58IOZbMlqbeTU/tMkwp/lXeq%2Bl6ZBWaPviUUw%3D' not recognized as being in a supported file format.")
2026-06-01 07:49:45 INFO     GDAL signalled an error: err_no=4, msg="`/vsicurl/https://sentinel1euwestrtc.blob.core.windows.net/sentinel1-grd-rtc/GRD/2021/10/8/IW/DV/S1B_IW_GRDH_1SDV_20211008T135848_20211008T135917_029045_037743_958D/measurement/iw-vv.rtc.tiff?st=2026-05-31T05%3A03%3A40Z&se=2026-06-01T05%3A48%3A40Z&sp=rl&sv=2025-07-05&sr=c&skoid=9c8ff44a-6a2c-4dfb-b298-1c9212f64d9a&sktid=72f988bf-86f1-41af-91ab-2d7cd011db47&skt=2026-06-01T02%3A31%3A58Z&ske=2026-06-08T02%3A31%3A58Z&sks=b&skv=2025-07-05&sig=k2hVzZ58IOZbMlqbeTU/tMkwp/lXeq%2Bl6ZBWaPviUUw%3D' not recognized as being in a supported file format."
2026-06-01 07:49:45 INFO     GDAL signalled an error: err_no=4, msg="`/vsicurl/https://sentinel1euwestrtc.blob.core.windows.net/sentinel1-grd-rtc/GRD/2020/7/2/IW/DV/S1B_IW_GRDH_1SDV_20200702T140645_20200702T140714_022293_02A4FD_B118/measurement/iw-vv.rtc.tiff?st=2026-05-31T05%3A03%3A40Z&se=2026-06-01T05%3A48%3A40Z&sp=rl&sv=2025-07-05&sr=c&skoid=9c8ff44a-6a2c-4dfb-b298-1c9212f64d9a&sktid=72f988bf-86f1-41af-91ab-2d7cd011db47&skt=2026-06-01T02%3A31%3A58Z&ske=2026-06-08T02%3A31%3A58Z&sks=b&skv=2025-07-05&sig=k2hVzZ58IOZbMlqbeTU/tMkwp/lXeq%2Bl6ZBWaPviUUw%3D' not recognized as being in a supported file format."
2026-06-01 07:49:45 INFO     GDAL signalled an error: err_no=4, msg="`/vsicurl/https://sentinel1euwestrtc.blob.core.windows.net/sentinel1-grd-rtc/GRD/2020/7/2/IW/DV/S1B_IW_GRDH_1SDV_20200702T140645_20200702T140714_022293_02A4FD_B118/measurement/iw-vh.rtc.tiff?st=2026-05-31T05%3A03%3A40Z&se=2026-06-01T05%3A48%3A40Z&sp=rl&sv=2025-07-05&sr=c&skoid=9c8ff44a-6a2c-4dfb-b298-1c9212f64d9a&sktid=72f988bf-86f1-41af-91ab-2d7cd011db47&skt=2026-06-01T02%3A31%3A58Z&ske=2026-06-08T02%3A31%3A58Z&sks=b&skv=2025-07-05&sig=k2hVzZ58IOZbMlqbeTU/tMkwp/lXeq%2Bl6ZBWaPviUUw%3D' not recognized as being in a supported file format."
2026-06-01 07:49:45 ERROR      ISMN_SNOTEL_ISMN_SNOTEL_EbbettsPass S1RTC failed: Error opening 'https://sentinel1euwestrtc.blob.core.windows.net/sentinel1-grd-rtc/GRD/2020/7/2/IW/DV/S1B_IW_GRDH_1SDV_20200702T140645_20200702T140714_022293_02A4FD_B118/measurement/iw-vv.rtc.tiff?st=2026-05-31T05%3A03%3A40Z&se=2026-06-01T05%3A48%3A40Z&sp=rl&sv=2025-07-05&sr=c&skoid=9c8ff44a-6a2c-4dfb-b298-1c9212f64d9a&sktid=72f988bf-86f1-41af-91ab-2d7cd011db47&skt=2026-06-01T02%3A31%3A58Z&ske=2026-06-08T02%3A31%3A58Z&sks=b&skv=2025-07-05&sig=k2hVzZ58IOZbMlqbeTU/tMkwp/lXeq%2Bl6ZBWaPviUUw%3D': RasterioIOError("'/vsicurl/https://sentinel1euwestrtc.blob.core.windows.net/sentinel1-grd-rtc/GRD/2020/7/2/IW/DV/S1B_IW_GRDH_1SDV_20200702T140645_20200702T140714_022293_02A4FD_B118/measurement/iw-vv.rtc.tiff?st=2026-05-31T05%3A03%3A40Z&se=2026-06-01T05%3A48%3A40Z&sp=rl&sv=2025-07-05&sr=c&skoid=9c8ff44a-6a2c-4dfb-b298-1c9212f64d9a&sktid=72f988bf-86f1-41af-91ab-2d7cd011db47&skt=2026-06-01T02%3A31%3A58Z&ske=2026-06-08T02%3A31%3A58Z&sks=b&skv=2025-07-05&sig=k2hVzZ58IOZbMlqbeTU/tMkwp/lXeq%2Bl6ZBWaPviUUw%3D' not recognized as being in a supported file format.")
2026-06-01 07:49:45 INFO     GDAL signalled an error: err_no=4, msg="`/vsicurl/https://sentinel1euwestrtc.blob.core.windows.net/sentinel1-grd-rtc/GRD/2020/11/17/IW/DV/S1B_IW_GRDH_1SDV_20201117T011759_20201117T011824_024298_02E334_FE06/measurement/iw-vv.rtc.tiff?st=2026-05-31T05%3A03%3A40Z&se=2026-06-01T05%3A48%3A40Z&sp=rl&sv=2025-07-05&sr=c&skoid=9c8ff44a-6a2c-4dfb-b298-1c9212f64d9a&sktid=72f988bf-86f1-41af-91ab-2d7cd011db47&skt=2026-06-01T02%3A31%3A58Z&ske=2026-06-08T02%3A31%3A58Z&sks=b&skv=2025-07-05&sig=k2hVzZ58IOZbMlqbeTU/tMkwp/lXeq%2Bl6ZBWaPviUUw%3D' not recognized as being in a supported file format."
2026-06-01 07:49:45 INFO     GDAL signalled an error: err_no=4, msg="`/vsicurl/https://sentinel1euwestrtc.blob.core.windows.net/sentinel1-grd-rtc/GRD/2020/11/17/IW/DV/S1B_IW_GRDH_1SDV_20201117T011759_20201117T011824_024298_02E334_FE06/measurement/iw-vh.rtc.tiff?st=2026-05-31T05%3A03%3A40Z&se=2026-06-01T05%3A48%3A40Z&sp=rl&sv=2025-07-05&sr=c&skoid=9c8ff44a-6a2c-4dfb-b298-1c9212f64d9a&sktid=72f988bf-86f1-41af-91ab-2d7cd011db47&skt=2026-06-01T02%3A31%3A58Z&ske=2026-06-08T02%3A31%3A58Z&sks=b&skv=2025-07-05&sig=k2hVzZ58IOZbMlqbeTU/tMkwp/lXeq%2Bl6ZBWaPviUUw%3D' not recognized as being in a supported file format."
2026-06-01 07:49:45 INFO     GDAL signalled an error: err_no=4, msg="`/vsicurl/https://sentinel1euwestrtc.blob.core.windows.net/sentinel1-grd-rtc/GRD/2019/12/12/IW/DV/S1B_IW_GRDH_1SDV_20191212T011054_20191212T011119_019325_0247E1_BBB5/measurement/iw-vh.rtc.tiff?st=2026-05-31T05%3A03%3A40Z&se=2026-06-01T05%3A48%3A40Z&sp=rl&sv=2025-07-05&sr=c&skoid=9c8ff44a-6a2c-4dfb-b298-1c9212f64d9a&sktid=72f988bf-86f1-41af-91ab-2d7cd011db47&skt=2026-06-01T02%3A31%3A58Z&ske=2026-06-08T02%3A31%3A58Z&sks=b&skv=2025-07-05&sig=k2hVzZ58IOZbMlqbeTU/tMkwp/lXeq%2Bl6ZBWaPviUUw%3D' not recognized as being in a supported file format."
2026-06-01 07:49:45 ERROR      ISMN_SNOTEL_ISMN_SNOTEL_EastWillowCreek S1RTC failed: Error opening 'https://sentinel1euwestrtc.blob.core.windows.net/sentinel1-grd-rtc/GRD/2020/11/17/IW/DV/S1B_IW_GRDH_1SDV_20201117T011759_20201117T011824_024298_02E334_FE06/measurement/iw-vh.rtc.tiff?st=2026-05-31T05%3A03%3A40Z&se=2026-06-01T05%3A48%3A40Z&sp=rl&sv=2025-07-05&sr=c&skoid=9c8ff44a-6a2c-4dfb-b298-1c9212f64d9a&sktid=72f988bf-86f1-41af-91ab-2d7cd011db47&skt=2026-06-01T02%3A31%3A58Z&ske=2026-06-08T02%3A31%3A58Z&sks=b&skv=2025-07-05&sig=k2hVzZ58IOZbMlqbeTU/tMkwp/lXeq%2Bl6ZBWaPviUUw%3D': RasterioIOError("'/vsicurl/https://sentinel1euwestrtc.blob.core.windows.net/sentinel1-grd-rtc/GRD/2020/11/17/IW/DV/S1B_IW_GRDH_1SDV_20201117T011759_20201117T011824_024298_02E334_FE06/measurement/iw-vh.rtc.tiff?st=2026-05-31T05%3A03%3A40Z&se=2026-06-01T05%3A48%3A40Z&sp=rl&sv=2025-07-05&sr=c&skoid=9c8ff44a-6a2c-4dfb-b298-1c9212f64d9a&sktid=72f988bf-86f1-41af-91ab-2d7cd011db47&skt=2026-06-01T02%3A31%3A58Z&ske=2026-06-08T02%3A31%3A58Z&sks=b&skv=2025-07-05&sig=k2hVzZ58IOZbMlqbeTU/tMkwp/lXeq%2Bl6ZBWaPviUUw%3D' not recognized as being in a supported file format.")
2026-06-01 07:49:45 INFO     GDAL signalled an error: err_no=4, msg="`/vsicurl/https://sentinel1euwestrtc.blob.core.windows.net/sentinel1-grd-rtc/GRD/2019/12/12/IW/DV/S1B_IW_GRDH_1SDV_20191212T011054_20191212T011119_019325_0247E1_BBB5/measurement/iw-vv.rtc.tiff?st=2026-05-31T05%3A03%3A40Z&se=2026-06-01T05%3A48%3A40Z&sp=rl&sv=2025-07-05&sr=c&skoid=9c8ff44a-6a2c-4dfb-b298-1c9212f64d9a&sktid=72f988bf-86f1-41af-91ab-2d7cd011db47&skt=2026-06-01T02%3A31%3A58Z&ske=2026-06-08T02%3A31%3A58Z&sks=b&skv=2025-07-05&sig=k2hVzZ58IOZbMlqbeTU/tMkwp/lXeq%2Bl6ZBWaPviUUw%3D' not recognized as being in a supported file format."
2026-06-01 07:49:45 ERROR      ISMN_SNOTEL_ISMN_SNOTEL_EastRimDivide S1RTC failed: Error opening 'https://sentinel1euwestrtc.blob.core.windows.net/sentinel1-grd-rtc/GRD/2019/12/12/IW/DV/S1B_IW_GRDH_1SDV_20191212T011054_20191212T011119_019325_0247E1_BBB5/measurement/iw-vh.rtc.tiff?st=2026-05-31T05%3A03%3A40Z&se=2026-06-01T05%3A48%3A40Z&sp=rl&sv=2025-07-05&sr=c&skoid=9c8ff44a-6a2c-4dfb-b298-1c9212f64d9a&sktid=72f988bf-86f1-41af-91ab-2d7cd011db47&skt=2026-06-01T02%3A31%3A58Z&ske=2026-06-08T02%3A31%3A58Z&sks=b&skv=2025-07-05&sig=k2hVzZ58IOZbMlqbeTU/tMkwp/lXeq%2Bl6ZBWaPviUUw%3D': RasterioIOError("'/vsicurl/https://sentinel1euwestrtc.blob.core.windows.net/sentinel1-grd-rtc/GRD/2019/12/12/IW/DV/S1B_IW_GRDH_1SDV_20191212T011054_20191212T011119_019325_0247E1_BBB5/measurement/iw-vh.rtc.tiff?st=2026-05-31T05%3A03%3A40Z&se=2026-06-01T05%3A48%3A40Z&sp=rl&sv=2025-07-05&sr=c&skoid=9c8ff44a-6a2c-4dfb-b298-1c9212f64d9a&sktid=72f988bf-86f1-41af-91ab-2d7cd011db47&skt=2026-06-01T02%3A31%3A58Z&ske=2026-06-08T02%3A31%3A58Z&sks=b&skv=2025-07-05&sig=k2hVzZ58IOZbMlqbeTU/tMkwp/lXeq%2Bl6ZBWaPviUUw%3D' not recognized as being in a supported file format.")
2026-06-01 07:49:46 INFO     [453/1028] Done  ISMN_SNOTEL_ISMN_SNOTEL_FallenLeaf  S1RTC=506 LULC=done
2026-06-01 07:49:47 INFO     [454/1028] Done  ISMN_SNOTEL_ISMN_SNOTEL_EbbettsPass  S1RTC= LULC=done
2026-06-01 07:49:47 INFO     [455/1028] Done  ISMN_SNOTEL_ISMN_SNOTEL_EastWillowCreek  S1RTC= LULC=done
2026-06-01 07:49:48 INFO     [456/1028] Done  ISMN_SNOTEL_ISMN_SNOTEL_EchoPeak  S1RTC= LULC=done
2026-06-01 07:49:49 INFO     [457/1028] Done  ISMN_SNOTEL_ISMN_SNOTEL_EastRimDivide  S1RTC= LULC=done
2026-06-01 07:49:54 INFO     [458/1028] Done  ISMN_SNOTEL_ISMN_SNOTEL_ExitGlacier  S1RTC=556 LULC=done
2026-06-01 07:50:37 INFO     [459/1028] Done  ISMN_SNOTEL_ISMN_SNOTEL_FarmingtonLower  S1RTC=539 LULC=done
2026-06-01 07:50:38 INFO     [460/1028] Done  ISMN_SNOTEL_ISMN_SNOTEL_Farmington  S1RTC=555 LULC=done
2026-06-01 07:50:47 INFO     [461/1028] Done  ISMN_SNOTEL_ISMN_SNOTEL_FortValley  S1RTC=31 LULC=done
2026-06-01 07:51:02 INFO     [462/1028] Done  ISMN_SNOTEL_ISMN_SNOTEL_FivePointsLake  S1RTC=253 LULC=done
2026-06-01 07:51:10 INFO     [463/1028] Done  ISMN_SNOTEL_ISMN_SNOTEL_Fifteenmile  S1RTC=296 LULC=done
2026-06-01 07:51:18 INFO     [464/1028] Done  ISMN_SNOTEL_ISMN_SNOTEL_FieldingLake  S1RTC=322 LULC=done
2026-06-01 07:52:49 INFO     [465/1028] Done  ISMN_SNOTEL_ISMN_SNOTEL_FishLakeUtah  S1RTC=649 LULC=done
2026-06-01 07:53:15 INFO     [466/1028] Done  ISMN_SNOTEL_ISMN_SNOTEL_FremontPass  S1RTC=455 LULC=done
2026-06-01 07:53:16 INFO     [467/1028] Done  ISMN_SNOTEL_ISMN_SNOTEL_FarnsworthLake  S1RTC=790 LULC=done
2026-06-01 07:53:23 INFO     [468/1028] Done  ISMN_SNOTEL_ISMN_SNOTEL_FranklinBasin  S1RTC=553 LULC=done
2026-06-01 07:53:33 INFO     [469/1028] Done  ISMN_SNOTEL_ISMN_SNOTEL_FawnCreek  S1RTC=769 LULC=done
2026-06-01 07:53:54 INFO     [470/1028] Done  ISMN_SNOTEL_ISMN_SNOTEL_FredonyerPeak  S1RTC=637 LULC=done
2026-06-01 07:54:24 INFO     [471/1028] Done  ISMN_SNOTEL_ISMN_SNOTEL_FryCanyon  S1RTC=713 LULC=done
2026-06-01 07:54:49 INFO     [472/1028] Done  ISMN_SNOTEL_ISMN_SNOTEL_GallegosPeak  S1RTC=274 LULC=done
2026-06-01 07:55:41 INFO     [473/1028] Done  ISMN_SNOTEL_ISMN_SNOTEL_ForestdaleCreek  S1RTC=1118 LULC=done
2026-06-01 07:55:51 INFO     [474/1028] Done  ISMN_SNOTEL_ISMN_SNOTEL_GardenCitySummit  S1RTC=424 LULC=done
2026-06-01 07:55:56 INFO     [475/1028] Done  ISMN_SNOTEL_ISMN_SNOTEL_GalenaAK  S1RTC=579 LULC=done
2026-06-01 07:56:11 INFO     [476/1028] Done  ISMN_SNOTEL_ISMN_SNOTEL_GardnerPeak  S1RTC=393 LULC=done
2026-06-01 07:56:23 INFO     [477/1028] Done  ISMN_SNOTEL_ISMN_SNOTEL_Giveout  S1RTC=155 LULC=done
2026-06-01 07:56:24 INFO     [478/1028] Done  ISMN_SNOTEL_ISMN_SNOTEL_GBRCHQ  S1RTC=790 LULC=done
2026-06-01 07:56:45 INFO     [479/1028] Done  ISMN_SNOTEL_ISMN_SNOTEL_GBRCMeadows  S1RTC=790 LULC=done
2026-06-01 07:57:09 INFO     [480/1028] Done  ISMN_SNOTEL_ISMN_SNOTEL_GeorgeCreek  S1RTC=322 LULC=done
2026-06-01 07:57:18 INFO     [481/1028] Done  ISMN_SNOTEL_ISMN_SNOTEL_GalenaSummit  S1RTC=844 LULC=done
2026-06-01 07:57:40 INFO     [482/1028] Done  ISMN_SNOTEL_ISMN_SNOTEL_GoldAxeCamp  S1RTC=282 LULC=done
2026-06-01 07:57:41 INFO     [483/1028] Done  ISMN_SNOTEL_ISMN_SNOTEL_GaritaPeak  S1RTC=631 LULC=done
2026-06-01 07:58:10 INFO     [484/1028] Done  ISMN_SNOTEL_ISMN_SNOTEL_GoldBasin  S1RTC=388 LULC=done
2026-06-01 07:58:19 INFO     [485/1028] Done  ISMN_SNOTEL_ISMN_SNOTEL_GobblersKnob  S1RTC=504 LULC=done
2026-06-01 07:58:29 INFO     [486/1028] Done  ISMN_SNOTEL_ISMN_SNOTEL_GraniteCrk  S1RTC=168 LULC=done
2026-06-01 07:59:37 INFO     [487/1028] Done  ISMN_SNOTEL_ISMN_SNOTEL_GrizzlyPeak  S1RTC=245 LULC=done
2026-06-01 08:00:06 INFO     [488/1028] Done  ISMN_SNOTEL_ISMN_SNOTEL_GooseberryRS  S1RTC=790 LULC=done
2026-06-01 08:00:41 INFO     [489/1028] Done  ISMN_SNOTEL_ISMN_SNOTEL_GooseberryRSUp  S1RTC=790 LULC=done
2026-06-01 08:00:52 INFO     [490/1028] Done  ISMN_SNOTEL_ISMN_SNOTEL_Golconda  S1RTC=1021 LULC=done
2026-06-01 08:00:59 INFO     [491/1028] Done  ISMN_SNOTEL_ISMN_SNOTEL_GrandTarghee  S1RTC=787 LULC=done
2026-06-01 08:01:10 INFO     [492/1028] Done  ISMN_SNOTEL_ISMN_SNOTEL_GulkanaRiver  S1RTC=340 LULC=done
2026-06-01 08:01:13 INFO     [493/1028] Done  ISMN_SNOTEL_ISMN_SNOTEL_GraniteCreek  S1RTC=792 LULC=done
2026-06-01 08:01:23 INFO     [494/1028] Done  ISMN_SNOTEL_ISMN_SNOTEL_GranitePeak  S1RTC=703 LULC=done
2026-06-01 08:01:43 INFO     [495/1028] Done  ISMN_SNOTEL_ISMN_SNOTEL_GreenMountain  S1RTC=732 LULC=done
2026-06-01 08:02:15 INFO     [496/1028] Done  ISMN_SNOTEL_ISMN_SNOTEL_HappyJack  S1RTC=292 LULC=done
2026-06-01 08:02:35 INFO     [497/1028] Done  ISMN_SNOTEL_ISMN_SNOTEL_HawleyLake  S1RTC=303 LULC=done
2026-06-01 08:02:57 INFO     [498/1028] Done  ISMN_SNOTEL_ISMN_SNOTEL_HarrisFlat  S1RTC=398 LULC=done
2026-06-01 08:03:04 INFO     [499/1028] Done  ISMN_SNOTEL_ISMN_SNOTEL_Hardscrabble  S1RTC=466 LULC=done
2026-06-01 08:03:12 INFO     [500/1028] Done  ISMN_SNOTEL_ISMN_SNOTEL_GutzPeak  S1RTC=678 LULC=done
2026-06-01 08:03:29 INFO     [501/1028] Done  ISMN_SNOTEL_ISMN_SNOTEL_HiltsCreek  S1RTC=66 LULC=done
2026-06-01 08:03:34 INFO     [502/1028] Done  ISMN_SNOTEL_ISMN_SNOTEL_HighRidge  S1RTC=109 LULC=done
2026-06-01 08:03:51 INFO     [503/1028] Done  ISMN_SNOTEL_ISMN_SNOTEL_HickersonPark  S1RTC=275 LULC=done
2026-06-01 08:04:00 INFO     [504/1028] Done  ISMN_SNOTEL_ISMN_SNOTEL_Hewinta  S1RTC=366 LULC=done
2026-06-01 08:04:19 INFO     [505/1028] Done  ISMN_SNOTEL_ISMN_SNOTEL_HaydenFork  S1RTC=632 LULC=done
2026-06-01 08:05:37 INFO     [506/1028] Done  ISMN_SNOTEL_ISMN_SNOTEL_Hole-in-Rock  S1RTC=394 LULC=done
2026-06-01 08:05:41 INFO     [507/1028] Done  ISMN_SNOTEL_ISMN_SNOTEL_HighLonesome  S1RTC=592 LULC=done
2026-06-01 08:05:46 INFO     [508/1028] Done  ISMN_SNOTEL_ISMN_SNOTEL_HoosierPass  S1RTC=320 LULC=done
2026-06-01 08:05:49 INFO     [509/1028] Done  ISMN_SNOTEL_ISMN_SNOTEL_HollandMeadows  S1RTC=399 LULC=done
2026-06-01 08:05:57 INFO     [510/1028] Done  ISMN_SNOTEL_ISMN_SNOTEL_HagansMeadow  S1RTC=1125 LULC=done
2026-06-01 08:06:05 INFO     [511/1028] Done  ISMN_SNOTEL_ISMN_SNOTEL_Hole-in-Mountain  S1RTC=558 LULC=done
2026-06-01 08:06:12 INFO     [512/1028] Done  ISMN_SNOTEL_ISMN_SNOTEL_Hyndman  S1RTC=56 LULC=done
2026-06-01 08:06:18 INFO     [513/1028] Done  ISMN_SNOTEL_ISMN_SNOTEL_HobbleCreek  S1RTC=577 LULC=done
2026-06-01 08:07:39 INFO     [514/1028] Done  ISMN_SNOTEL_ISMN_SNOTEL_HeavenlyValley  S1RTC=1305 LULC=done
2026-06-01 08:08:36 INFO     [515/1028] Done  ISMN_SNOTEL_ISMN_SNOTEL_ImnaviatCreek  S1RTC=513 LULC=done
2026-06-01 08:09:06 INFO     [516/1028] Done  ISMN_SNOTEL_ISMN_SNOTEL_Hopewell  S1RTC=838 LULC=done
2026-06-01 08:09:24 INFO     [517/1028] Done  ISMN_SNOTEL_ISMN_SNOTEL_HuntingtonHorse  S1RTC=791 LULC=done
2026-06-01 08:09:27 INFO     [518/1028] Done  ISMN_SNOTEL_ISMN_SNOTEL_HorseRidge  S1RTC=791 LULC=done
2026-06-01 08:09:32 INFO     [519/1028] Done  ISMN_SNOTEL_ISMN_SNOTEL_IndependenceCamp  S1RTC=730 LULC=done
2026-06-01 08:09:37 INFO     [520/1028] Done  ISMN_SNOTEL_ISMN_SNOTEL_IndependenceCreek  S1RTC=730 LULC=done
2026-06-01 08:10:09 INFO     [521/1028] Done  ISMN_SNOTEL_ISMN_SNOTEL_IslandPark  S1RTC=341 LULC=done
2026-06-01 08:10:51 INFO     [522/1028] Done  ISMN_SNOTEL_ISMN_SNOTEL_JackwhackerGulch  S1RTC=273 LULC=done
2026-06-01 08:10:52 INFO     [523/1028] Done  ISMN_SNOTEL_ISMN_SNOTEL_IndependenceLake  S1RTC=730 LULC=done
2026-06-01 08:11:21 INFO     [524/1028] Done  ISMN_SNOTEL_ISMN_SNOTEL_JacksonPeak  S1RTC=400 LULC=done
2026-06-01 08:11:26 INFO     [525/1028] Done  ISMN_SNOTEL_ISMN_SNOTEL_JacksPeak  S1RTC=434 LULC=done
2026-06-01 08:11:34 INFO     [526/1028] Done  ISMN_SNOTEL_ISMN_SNOTEL_JackCreekUpper  S1RTC=540 LULC=done
2026-06-01 08:11:53 INFO     [527/1028] Done  ISMN_SNOTEL_ISMN_SNOTEL_Kalamazoo  S1RTC=220 LULC=done
2026-06-01 08:11:59 INFO     [528/1028] Done  ISMN_SNOTEL_ISMN_SNOTEL_JackWadeJct  S1RTC=564 LULC=done
2026-06-01 08:12:15 INFO     [529/1028] Done  ISMN_SNOTEL_ISMN_SNOTEL_HorseMeadow  S1RTC=1435 LULC=done
2026-06-01 08:12:16 INFO     [530/1028] Done  ISMN_SNOTEL_ISMN_SNOTEL_JonesPass  S1RTC=319 LULC=done
2026-06-01 08:13:06 INFO     [531/1028] Done  ISMN_SNOTEL_ISMN_SNOTEL_JonesCorral  S1RTC=649 LULC=done
2026-06-01 08:13:23 INFO     [532/1028] Done  ISMN_SNOTEL_ISMN_SNOTEL_KenaiMoosePens  S1RTC=363 LULC=done
2026-06-01 08:13:32 INFO     [533/1028] Done  ISMN_SNOTEL_ISMN_SNOTEL_KelleyR.S.  S1RTC=490 LULC=done
2026-06-01 08:13:32 INFO     [534/1028] Done  ISMN_SNOTEL_ISMN_SNOTEL_KimberlyMine  S1RTC=332 LULC=done
2026-06-01 08:14:33 INFO     [535/1028] Done  ISMN_SNOTEL_ISMN_SNOTEL_LakeforkBasin  S1RTC=216 LULC=done
2026-06-01 08:14:41 INFO     [536/1028] Done  ISMN_SNOTEL_ISMN_SNOTEL_KellyStation  S1RTC=703 LULC=done
2026-06-01 08:15:00 INFO     [537/1028] Done  ISMN_SNOTEL_ISMN_SNOTEL_KlondikeNarrows  S1RTC=553 LULC=done
2026-06-01 08:15:07 INFO     [538/1028] Done  ISMN_SNOTEL_ISMN_SNOTEL_KilfoilCreek  S1RTC=702 LULC=done
2026-06-01 08:15:09 INFO     [539/1028] Done  ISMN_SNOTEL_ISMN_SNOTEL_Lakefork#1  S1RTC=375 LULC=done
2026-06-01 08:15:11 INFO     [540/1028] Done  ISMN_SNOTEL_ISMN_SNOTEL_KingsCabin  S1RTC=669 LULC=done
2026-06-01 08:15:27 INFO     [541/1028] Done  ISMN_SNOTEL_ISMN_SNOTEL_Kolob  S1RTC=517 LULC=done
2026-06-01 08:15:45 INFO     [542/1028] Done  ISMN_SNOTEL_ISMN_SNOTEL_LamoilleUpper  S1RTC=232 LULC=done
2026-06-01 08:17:12 INFO     [543/1028] Done  ISMN_SNOTEL_ISMN_SNOTEL_LasalMountain  S1RTC=470 LULC=done
2026-06-01 08:17:25 INFO     [544/1028] Done  ISMN_SNOTEL_ISMN_SNOTEL_LapreleCreek  S1RTC=522 LULC=done
2026-06-01 08:17:33 INFO     [545/1028] Done  ISMN_SNOTEL_ISMN_SNOTEL_LarsenCreek  S1RTC=527 LULC=done
2026-06-01 08:17:57 INFO     [546/1028] Done  ISMN_SNOTEL_ISMN_SNOTEL_Lamoille#3  S1RTC=731 LULC=done
2026-06-01 08:18:10 INFO     [547/1028] Done  ISMN_SNOTEL_ISMN_SNOTEL_LamanceCreek  S1RTC=1040 LULC=done
2026-06-01 08:19:03 INFO     [548/1028] Done  ISMN_SNOTEL_ISMN_SNOTEL_LaurelDraw  S1RTC=772 LULC=done
2026-06-01 08:19:17 INFO     [549/1028] Done  ISMN_SNOTEL_ISMN_SNOTEL_LasalMountain-Lower  S1RTC=890 LULC=done
2026-06-01 08:19:38 INFO     [550/1028] Done  ISMN_SNOTEL_ISMN_SNOTEL_LightningRidge  S1RTC=316 LULC=done
2026-06-01 08:19:44 INFO     [551/1028] Done  ISMN_SNOTEL_ISMN_SNOTEL_LewisLakeDivide  S1RTC=477 LULC=done
2026-06-01 08:19:52 INFO     [552/1028] Done  ISMN_SNOTEL_ISMN_SNOTEL_LeeCanyon  S1RTC=513 LULC=done
2026-06-01 08:20:08 INFO     [553/1028] Done  ISMN_SNOTEL_ISMN_SNOTEL_LewisPeak  S1RTC=443 LULC=done
2026-06-01 08:20:23 INFO     [554/1028] Done  ISMN_SNOTEL_ISMN_SNOTEL_LittleChenaRidge  S1RTC=131 LULC=done
2026-06-01 08:20:37 INFO     [555/1028] Done  ISMN_SNOTEL_ISMN_SNOTEL_LeavittMeadows  S1RTC=735 LULC=done
2026-06-01 08:21:47 INFO     [556/1028] Done  ISMN_SNOTEL_ISMN_SNOTEL_LittleSnakeRiver  S1RTC=373 LULC=done
2026-06-01 08:22:02 INFO     [557/1028] Done  ISMN_SNOTEL_ISMN_SNOTEL_LilyLake  S1RTC=632 LULC=done
2026-06-01 08:22:13 INFO     [558/1028] Done  ISMN_SNOTEL_ISMN_SNOTEL_LittleBear  S1RTC=557 LULC=done
2026-06-01 08:22:15 INFO     [559/1028] Done  ISMN_SNOTEL_ISMN_SNOTEL_LeavittLake  S1RTC=1436 LULC=done
2026-06-01 08:22:31 INFO     [560/1028] Done  ISMN_SNOTEL_ISMN_SNOTEL_LilyPond  S1RTC=688 LULC=done
2026-06-01 08:23:07 INFO     [561/1028] Done  ISMN_SNOTEL_ISMN_SNOTEL_LittleGrassy  S1RTC=702 LULC=done
2026-06-01 08:23:19 INFO     [562/1028] Done  ISMN_SNOTEL_ISMN_SNOTEL_LongValley  S1RTC=47 LULC=done
2026-06-01 08:23:22 INFO     [563/1028] Done  ISMN_SNOTEL_ISMN_SNOTEL_LongDrawResv  S1RTC=240 LULC=done
2026-06-01 08:23:28 INFO     [564/1028] Done  ISMN_SNOTEL_ISMN_SNOTEL_LoneCone  S1RTC=301 LULC=done
2026-06-01 08:23:30 INFO     [565/1028] Done  ISMN_SNOTEL_ISMN_SNOTEL_LongFlat  S1RTC=214 LULC=done
2026-06-01 08:24:12 INFO     [566/1028] Done  ISMN_SNOTEL_ISMN_SNOTEL_LizardHeadPass  S1RTC=776 LULC=done
2026-06-01 08:24:40 INFO     [567/1028] Done  ISMN_SNOTEL_ISMN_SNOTEL_LonesomeBeaver  S1RTC=531 LULC=done
2026-06-01 08:25:04 INFO     [568/1028] Done  ISMN_SNOTEL_ISMN_SNOTEL_LookoutPeak  S1RTC=332 LULC=done
2026-06-01 08:25:10 INFO     [569/1028] Done  ISMN_SNOTEL_ISMN_SNOTEL_LongValleyJct  S1RTC=413 LULC=done
2026-06-01 08:25:26 INFO     [570/1028] Done  ISMN_SNOTEL_ISMN_SNOTEL_LostDog  S1RTC=331 LULC=done
2026-06-01 08:25:52 INFO     [571/1028] Done  ISMN_SNOTEL_ISMN_SNOTEL_MagicMountain  S1RTC=166 LULC=done
2026-06-01 08:26:30 INFO     [572/1028] Done  ISMN_SNOTEL_ISMN_SNOTEL_Lookout  S1RTC=660 LULC=done
2026-06-01 08:26:49 INFO     [573/1028] Done  ISMN_SNOTEL_ISMN_SNOTEL_LouisMeadow  S1RTC=458 LULC=done
2026-06-01 08:27:03 INFO     [574/1028] Done  ISMN_SNOTEL_ISMN_SNOTEL_LobdellLake  S1RTC=1103 LULC=done
2026-06-01 08:27:09 INFO     [575/1028] Done  ISMN_SNOTEL_ISMN_SNOTEL_LittleValley  S1RTC=1435 LULC=done
2026-06-01 08:27:13 INFO     [576/1028] Done  ISMN_SNOTEL_ISMN_SNOTEL_Mammoth-Cottonwood  S1RTC=430 LULC=done
2026-06-01 08:27:14 INFO     [577/1028] Done  ISMN_SNOTEL_ISMN_SNOTEL_LostCreekResv  S1RTC=791 LULC=done
2026-06-01 08:27:23 INFO     [578/1028] Done  ISMN_SNOTEL_ISMN_SNOTEL_McneilRiverSGS  S1RTC=131 LULC=done
2026-06-01 08:27:32 INFO     [579/1028] Done  ISMN_SNOTEL_ISMN_SNOTEL_McGrath  S1RTC=211 LULC=done
2026-06-01 08:28:02 INFO     [580/1028] Done  ISMN_SNOTEL_ISMN_SNOTEL_MayCreek  S1RTC=470 LULC=done
2026-06-01 08:28:26 INFO     [581/1028] Done  ISMN_SNOTEL_ISMN_SNOTEL_MichiganCreek  S1RTC=279 LULC=done
2026-06-01 08:28:30 INFO     [582/1028] Done  ISMN_SNOTEL_ISMN_SNOTEL_MiddleForkCamp  S1RTC=245 LULC=done
2026-06-01 08:28:39 INFO     [583/1028] Done  ISMN_SNOTEL_ISMN_SNOTEL_MerchantValley  S1RTC=328 LULC=done
2026-06-01 08:28:55 INFO     [584/1028] Done  ISMN_SNOTEL_ISMN_SNOTEL_MicaCreek  S1RTC=380 LULC=done
2026-06-01 08:29:21 INFO     [585/1028] Done  ISMN_SNOTEL_ISMN_SNOTEL_MedBow  S1RTC=487 LULC=done
2026-06-01 08:29:30 INFO     [586/1028] Done  ISMN_SNOTEL_ISMN_SNOTEL_MonumentCreek  S1RTC=131 LULC=done
2026-06-01 08:29:55 INFO     [587/1028] Done  ISMN_SNOTEL_ISMN_SNOTEL_MidwayValley  S1RTC=517 LULC=done
2026-06-01 08:30:17 INFO     [588/1028] Done  ISMN_SNOTEL_ISMN_SNOTEL_MiningFork  S1RTC=413 LULC=done
2026-06-01 08:30:28 INFO     [589/1028] Done  ISMN_SNOTEL_ISMN_SNOTEL_MooreCreekBridge  S1RTC=221 LULC=done
2026-06-01 08:30:31 INFO     [590/1028] Done  ISMN_SNOTEL_ISMN_SNOTEL_Mill-DNorth  S1RTC=532 LULC=done
2026-06-01 08:30:46 INFO     [591/1028] Done  ISMN_SNOTEL_ISMN_SNOTEL_MormonMountain  S1RTC=276 LULC=done
2026-06-01 08:31:26 INFO     [592/1028] Done  ISMN_SNOTEL_ISMN_SNOTEL_MosesMtn  S1RTC=198 LULC=done
2026-06-01 08:31:29 INFO     [593/1028] Done  ISMN_SNOTEL_ISMN_SNOTEL_MormonMtnSummit  S1RTC=345 LULC=done
2026-06-01 08:31:57 INFO     [594/1028] Done  ISMN_SNOTEL_ISMN_SNOTEL_MarletteLake  S1RTC=1435 LULC=done
2026-06-01 08:32:00 INFO     [595/1028] Done  ISMN_SNOTEL_ISMN_SNOTEL_Mt.Ryan  S1RTC=131 LULC=done
2026-06-01 08:32:30 INFO     [596/1028] Done  ISMN_SNOTEL_ISMN_SNOTEL_MonteCristo  S1RTC=727 LULC=done
2026-06-01 08:32:41 INFO     [597/1028] Done  ISMN_SNOTEL_ISMN_SNOTEL_MosquitoRidge  S1RTC=451 LULC=done
2026-06-01 08:32:48 WARNING  CPLE_AppDefined:Request for 1084303659-1086011066 failed with response_code=403
2026-06-01 08:32:48 INFO     GDAL signalled an error: err_no=4, msg="`/vsicurl/https://sentinel1euwestrtc.blob.core.windows.net/sentinel1-grd-rtc/GRD/2020/3/27/IW/DV/S1B_IW_GRDH_1SDV_20200327T012610_20200327T012635_020871_027932_E6A7/measurement/iw-vh.rtc.tiff?st=2026-05-31T05%3A47%3A48Z&se=2026-06-01T06%3A32%3A48Z&sp=rl&sv=2025-07-05&sr=c&skoid=9c8ff44a-6a2c-4dfb-b298-1c9212f64d9a&sktid=72f988bf-86f1-41af-91ab-2d7cd011db47&skt=2026-06-01T02%3A32%3A01Z&ske=2026-06-08T02%3A32%3A01Z&sks=b&skv=2025-07-05&sig=U2Hu4asP9wAGbNhFV3k%2B%2BDatimuD%2BYS3FCAXytomjWw%3D' not recognized as being in a supported file format."
2026-06-01 08:32:48 WARNING  CPLE_AppDefined:Request for 510523393-511375520 failed with response_code=403
2026-06-01 08:32:48 INFO     GDAL signalled an error: err_no=4, msg="`/vsicurl/https://sentinel1euwestrtc.blob.core.windows.net/sentinel1-grd-rtc/GRD/2020/3/27/IW/DV/S1B_IW_GRDH_1SDV_20200327T012610_20200327T012635_020871_027932_E6A7/measurement/iw-vv.rtc.tiff?st=2026-05-31T05%3A47%3A48Z&se=2026-06-01T06%3A32%3A48Z&sp=rl&sv=2025-07-05&sr=c&skoid=9c8ff44a-6a2c-4dfb-b298-1c9212f64d9a&sktid=72f988bf-86f1-41af-91ab-2d7cd011db47&skt=2026-06-01T02%3A32%3A01Z&ske=2026-06-08T02%3A32%3A01Z&sks=b&skv=2025-07-05&sig=U2Hu4asP9wAGbNhFV3k%2B%2BDatimuD%2BYS3FCAXytomjWw%3D' not recognized as being in a supported file format."
2026-06-01 08:32:48 WARNING  CPLE_AppDefined:Request for 1127517701-1129225517 failed with response_code=403
2026-06-01 08:32:48 WARNING    Attempt 1 failed (Error opening 'https://sentinel1euwestrtc.blob.core.windows.net/sentinel1-grd-rtc/GRD/2020/3/27/IW/DV/S1B_IW_GRDH_1SDV_20200327T012610_20200327T012635_020871_027932_E6A7/measurement/iw-vh.rtc.tiff?st=2026-05-31T05%3A47%3A48Z&se=2026-06-01T06%3A32%3A48Z&sp=rl&sv=2025-07-05&sr=c&skoid=9c8ff44a-6a2c-4dfb-b298-1c9212f64d9a&sktid=72f988bf-86f1-41af-91ab-2d7cd011db47&skt=2026-06-01T02%3A32%3A01Z&ske=2026-06-08T02%3A32%3A01Z&sks=b&skv=2025-07-05&sig=U2Hu4asP9wAGbNhFV3k%2B%2BDatimuD%2BYS3FCAXytomjWw%3D': RasterioIOError("'/vsicurl/https://sentinel1euwestrtc.blob.core.windows.net/sentinel1-grd-rtc/GRD/2020/3/27/IW/DV/S1B_IW_GRDH_1SDV_20200327T012610_20200327T012635_020871_027932_E6A7/measurement/iw-vh.rtc.tiff?st=2026-05-31T05%3A47%3A48Z&se=2026-06-01T06%3A32%3A48Z&sp=rl&sv=2025-07-05&sr=c&skoid=9c8ff44a-6a2c-4dfb-b298-1c9212f64d9a&sktid=72f988bf-86f1-41af-91ab-2d7cd011db47&skt=2026-06-01T02%3A32%3A01Z&ske=2026-06-08T02%3A32%3A01Z&sks=b&skv=2025-07-05&sig=U2Hu4asP9wAGbNhFV3k%2B%2BDatimuD%2BYS3FCAXytomjWw%3D' not recognized as being in a supported file format.")). Retrying in 5s…
2026-06-01 08:32:48 WARNING  CPLE_AppDefined:Request for 533730032-534581510 failed with response_code=403
2026-06-01 08:32:48 INFO     GDAL signalled an error: err_no=1, msg='TIFFFillTile:Read error at row 4294967295, col 4294967295, tile 1035; got 0 bytes, expected 854618'
2026-06-01 08:32:48 WARNING  CPLE_AppDefined:Request for 1121733052-1123436852 failed with response_code=403
2026-06-01 08:32:48 INFO     GDAL signalled an error: err_no=1, msg='TIFFReadEncodedTile() failed.'
2026-06-01 08:32:48 WARNING  CPLE_AppDefined:Request for 513443277-514294876 failed with response_code=403
2026-06-01 08:32:48 INFO     GDAL signalled an error: err_no=1, msg='iw-vv.rtc.tiff?st=2026-05-31T05%3A47%3A48Z&se=2026-06-01T06%3A32%3A48Z&sp=rl&sv=2025-07-05&sr=c&skoid=9c8ff44a-6a2c-4dfb-b298-1c9212f64d9a&sktid=72f988bf-86f1-41af-91ab-2d7cd011db47&skt=2026-06-01T02%3A32%3A01Z&ske=2026-06-08T02%3A32%3A01Z&sks=b&skv=2025-07-05&sig=U2Hu4asP9wAGbNhFV3k%2B%2BDatimuD%2BYS3FCAXytomjWw%3D, band 1: IReadBlock failed at X offset 27, Y offset 18: TIFFReadEncodedTile() failed.'
2026-06-01 08:32:48 WARNING  CPLE_AppDefined:Request for 536660537-537511977 failed with response_code=403
2026-06-01 08:32:48 INFO     GDAL signalled an error: err_no=1, msg='TIFFFillTile:Read error at row 4294967295, col 4294967295, tile 268; got 0 bytes, expected 852116'
2026-06-01 08:32:48 INFO     GDAL signalled an error: err_no=1, msg='TIFFFillTile:Read error at row 4294967295, col 4294967295, tile 1035; got 0 bytes, expected 852498'
2026-06-01 08:32:48 WARNING    Attempt 1 failed (Error reading Window(col_off=0, row_off=0, width=225, height=225) from 'https://sentinel1euwestrtc.blob.core.windows.net/sentinel1-grd-rtc/GRD/2017/5/8/IW/DV/S1A_IW_GRDH_1SDV_20170508T135650_20170508T135715_016491_01B541_9C3E/measurement/iw-vv.rtc.tiff?st=2026-05-31T05%3A47%3A48Z&se=2026-06-01T06%3A32%3A48Z&sp=rl&sv=2025-07-05&sr=c&skoid=9c8ff44a-6a2c-4dfb-b298-1c9212f64d9a&sktid=72f988bf-86f1-41af-91ab-2d7cd011db47&skt=2026-06-01T02%3A32%3A01Z&ske=2026-06-08T02%3A32%3A01Z&sks=b&skv=2025-07-05&sig=U2Hu4asP9wAGbNhFV3k%2B%2BDatimuD%2BYS3FCAXytomjWw%3D': RasterioIOError('Read failed. See previous exception for details.')). Retrying in 5s…
2026-06-01 08:32:48 INFO     GDAL signalled an error: err_no=1, msg='TIFFReadEncodedTile() failed.'
2026-06-01 08:32:48 INFO     GDAL signalled an error: err_no=1, msg='TIFFReadEncodedTile() failed.'
2026-06-01 08:32:48 INFO     GDAL signalled an error: err_no=1, msg='iw-vh.rtc.tiff?st=2026-05-31T05%3A47%3A48Z&se=2026-06-01T06%3A32%3A48Z&sp=rl&sv=2025-07-05&sr=c&skoid=9c8ff44a-6a2c-4dfb-b298-1c9212f64d9a&sktid=72f988bf-86f1-41af-91ab-2d7cd011db47&skt=2026-06-01T02%3A32%3A01Z&ske=2026-06-08T02%3A32%3A01Z&sks=b&skv=2025-07-05&sig=U2Hu4asP9wAGbNhFV3k%2B%2BDatimuD%2BYS3FCAXytomjWw%3D, band 1: IReadBlock failed at X offset 40, Y offset 4: TIFFReadEncodedTile() failed.'
2026-06-01 08:32:48 INFO     GDAL signalled an error: err_no=1, msg='TIFFFillTile:Read error at row 4294967295, col 4294967295, tile 268; got 0 bytes, expected 851588'
2026-06-01 08:32:48 INFO     GDAL signalled an error: err_no=1, msg='iw-vh.rtc.tiff?st=2026-05-31T05%3A47%3A48Z&se=2026-06-01T06%3A32%3A48Z&sp=rl&sv=2025-07-05&sr=c&skoid=9c8ff44a-6a2c-4dfb-b298-1c9212f64d9a&sktid=72f988bf-86f1-41af-91ab-2d7cd011db47&skt=2026-06-01T02%3A32%3A01Z&ske=2026-06-08T02%3A32%3A01Z&sks=b&skv=2025-07-05&sig=U2Hu4asP9wAGbNhFV3k%2B%2BDatimuD%2BYS3FCAXytomjWw%3D, band 1: IReadBlock failed at X offset 27, Y offset 18: TIFFReadEncodedTile() failed.'
2026-06-01 08:32:48 WARNING    Attempt 1 failed (Error reading Window(col_off=0, row_off=0, width=225, height=225) from 'https://sentinel1euwestrtc.blob.core.windows.net/sentinel1-grd-rtc/GRD/2020/3/23/IW/DV/S1B_IW_GRDH_1SDV_20200323T015849_20200323T015914_020813_027773_11E7/measurement/iw-vh.rtc.tiff?st=2026-05-31T05%3A47%3A48Z&se=2026-06-01T06%3A32%3A48Z&sp=rl&sv=2025-07-05&sr=c&skoid=9c8ff44a-6a2c-4dfb-b298-1c9212f64d9a&sktid=72f988bf-86f1-41af-91ab-2d7cd011db47&skt=2026-06-01T02%3A32%3A01Z&ske=2026-06-08T02%3A32%3A01Z&sks=b&skv=2025-07-05&sig=U2Hu4asP9wAGbNhFV3k%2B%2BDatimuD%2BYS3FCAXytomjWw%3D': RasterioIOError('Read failed. See previous exception for details.')). Retrying in 5s…
2026-06-01 08:32:48 INFO     GDAL signalled an error: err_no=1, msg='TIFFReadEncodedTile() failed.'
2026-06-01 08:32:48 INFO     GDAL signalled an error: err_no=1, msg='iw-vv.rtc.tiff?st=2026-05-31T05%3A47%3A48Z&se=2026-06-01T06%3A32%3A48Z&sp=rl&sv=2025-07-05&sr=c&skoid=9c8ff44a-6a2c-4dfb-b298-1c9212f64d9a&sktid=72f988bf-86f1-41af-91ab-2d7cd011db47&skt=2026-06-01T02%3A32%3A01Z&ske=2026-06-08T02%3A32%3A01Z&sks=b&skv=2025-07-05&sig=U2Hu4asP9wAGbNhFV3k%2B%2BDatimuD%2BYS3FCAXytomjWw%3D, band 1: IReadBlock failed at X offset 40, Y offset 4: TIFFReadEncodedTile() failed.'
2026-06-01 08:32:48 INFO     GDAL signalled an error: err_no=4, msg="`/vsicurl/https://sentinel1euwestrtc.blob.core.windows.net/sentinel1-grd-rtc/GRD/2017/8/12/IW/DV/S1B_IW_GRDH_1SDV_20170812T010950_20170812T011015_006900_00C25E_BCC9/measurement/iw-vh.rtc.tiff?st=2026-05-31T05%3A47%3A48Z&se=2026-06-01T06%3A32%3A48Z&sp=rl&sv=2025-07-05&sr=c&skoid=9c8ff44a-6a2c-4dfb-b298-1c9212f64d9a&sktid=72f988bf-86f1-41af-91ab-2d7cd011db47&skt=2026-06-01T02%3A32%3A01Z&ske=2026-06-08T02%3A32%3A01Z&sks=b&skv=2025-07-05&sig=U2Hu4asP9wAGbNhFV3k%2B%2BDatimuD%2BYS3FCAXytomjWw%3D' not recognized as being in a supported file format."
2026-06-01 08:32:48 INFO     GDAL signalled an error: err_no=4, msg="`/vsicurl/https://sentinel1euwestrtc.blob.core.windows.net/sentinel1-grd-rtc/GRD/2017/8/12/IW/DV/S1B_IW_GRDH_1SDV_20170812T010950_20170812T011015_006900_00C25E_BCC9/measurement/iw-vv.rtc.tiff?st=2026-05-31T05%3A47%3A48Z&se=2026-06-01T06%3A32%3A48Z&sp=rl&sv=2025-07-05&sr=c&skoid=9c8ff44a-6a2c-4dfb-b298-1c9212f64d9a&sktid=72f988bf-86f1-41af-91ab-2d7cd011db47&skt=2026-06-01T02%3A32%3A01Z&ske=2026-06-08T02%3A32%3A01Z&sks=b&skv=2025-07-05&sig=U2Hu4asP9wAGbNhFV3k%2B%2BDatimuD%2BYS3FCAXytomjWw%3D' not recognized as being in a supported file format."
2026-06-01 08:32:48 WARNING    Attempt 1 failed (Error opening 'https://sentinel1euwestrtc.blob.core.windows.net/sentinel1-grd-rtc/GRD/2017/8/12/IW/DV/S1B_IW_GRDH_1SDV_20170812T010950_20170812T011015_006900_00C25E_BCC9/measurement/iw-vh.rtc.tiff?st=2026-05-31T05%3A47%3A48Z&se=2026-06-01T06%3A32%3A48Z&sp=rl&sv=2025-07-05&sr=c&skoid=9c8ff44a-6a2c-4dfb-b298-1c9212f64d9a&sktid=72f988bf-86f1-41af-91ab-2d7cd011db47&skt=2026-06-01T02%3A32%3A01Z&ske=2026-06-08T02%3A32%3A01Z&sks=b&skv=2025-07-05&sig=U2Hu4asP9wAGbNhFV3k%2B%2BDatimuD%2BYS3FCAXytomjWw%3D': RasterioIOError("'/vsicurl/https://sentinel1euwestrtc.blob.core.windows.net/sentinel1-grd-rtc/GRD/2017/8/12/IW/DV/S1B_IW_GRDH_1SDV_20170812T010950_20170812T011015_006900_00C25E_BCC9/measurement/iw-vh.rtc.tiff?st=2026-05-31T05%3A47%3A48Z&se=2026-06-01T06%3A32%3A48Z&sp=rl&sv=2025-07-05&sr=c&skoid=9c8ff44a-6a2c-4dfb-b298-1c9212f64d9a&sktid=72f988bf-86f1-41af-91ab-2d7cd011db47&skt=2026-06-01T02%3A32%3A01Z&ske=2026-06-08T02%3A32%3A01Z&sks=b&skv=2025-07-05&sig=U2Hu4asP9wAGbNhFV3k%2B%2BDatimuD%2BYS3FCAXytomjWw%3D' not recognized as being in a supported file format.")). Retrying in 5s…
2026-06-01 08:32:53 INFO     GDAL signalled an error: err_no=4, msg="`/vsicurl/https://sentinel1euwestrtc.blob.core.windows.net/sentinel1-grd-rtc/GRD/2020/3/27/IW/DV/S1B_IW_GRDH_1SDV_20200327T012610_20200327T012635_020871_027932_E6A7/measurement/iw-vv.rtc.tiff?st=2026-05-31T05%3A47%3A48Z&se=2026-06-01T06%3A32%3A48Z&sp=rl&sv=2025-07-05&sr=c&skoid=9c8ff44a-6a2c-4dfb-b298-1c9212f64d9a&sktid=72f988bf-86f1-41af-91ab-2d7cd011db47&skt=2026-06-01T02%3A32%3A01Z&ske=2026-06-08T02%3A32%3A01Z&sks=b&skv=2025-07-05&sig=U2Hu4asP9wAGbNhFV3k%2B%2BDatimuD%2BYS3FCAXytomjWw%3D' not recognized as being in a supported file format."
2026-06-01 08:32:53 INFO     GDAL signalled an error: err_no=4, msg="`/vsicurl/https://sentinel1euwestrtc.blob.core.windows.net/sentinel1-grd-rtc/GRD/2020/3/27/IW/DV/S1B_IW_GRDH_1SDV_20200327T012610_20200327T012635_020871_027932_E6A7/measurement/iw-vh.rtc.tiff?st=2026-05-31T05%3A47%3A48Z&se=2026-06-01T06%3A32%3A48Z&sp=rl&sv=2025-07-05&sr=c&skoid=9c8ff44a-6a2c-4dfb-b298-1c9212f64d9a&sktid=72f988bf-86f1-41af-91ab-2d7cd011db47&skt=2026-06-01T02%3A32%3A01Z&ske=2026-06-08T02%3A32%3A01Z&sks=b&skv=2025-07-05&sig=U2Hu4asP9wAGbNhFV3k%2B%2BDatimuD%2BYS3FCAXytomjWw%3D' not recognized as being in a supported file format."
2026-06-01 08:32:53 WARNING    Attempt 2 failed (Error opening 'https://sentinel1euwestrtc.blob.core.windows.net/sentinel1-grd-rtc/GRD/2020/3/27/IW/DV/S1B_IW_GRDH_1SDV_20200327T012610_20200327T012635_020871_027932_E6A7/measurement/iw-vv.rtc.tiff?st=2026-05-31T05%3A47%3A48Z&se=2026-06-01T06%3A32%3A48Z&sp=rl&sv=2025-07-05&sr=c&skoid=9c8ff44a-6a2c-4dfb-b298-1c9212f64d9a&sktid=72f988bf-86f1-41af-91ab-2d7cd011db47&skt=2026-06-01T02%3A32%3A01Z&ske=2026-06-08T02%3A32%3A01Z&sks=b&skv=2025-07-05&sig=U2Hu4asP9wAGbNhFV3k%2B%2BDatimuD%2BYS3FCAXytomjWw%3D': RasterioIOError("'/vsicurl/https://sentinel1euwestrtc.blob.core.windows.net/sentinel1-grd-rtc/GRD/2020/3/27/IW/DV/S1B_IW_GRDH_1SDV_20200327T012610_20200327T012635_020871_027932_E6A7/measurement/iw-vv.rtc.tiff?st=2026-05-31T05%3A47%3A48Z&se=2026-06-01T06%3A32%3A48Z&sp=rl&sv=2025-07-05&sr=c&skoid=9c8ff44a-6a2c-4dfb-b298-1c9212f64d9a&sktid=72f988bf-86f1-41af-91ab-2d7cd011db47&skt=2026-06-01T02%3A32%3A01Z&ske=2026-06-08T02%3A32%3A01Z&sks=b&skv=2025-07-05&sig=U2Hu4asP9wAGbNhFV3k%2B%2BDatimuD%2BYS3FCAXytomjWw%3D' not recognized as being in a supported file format.")). Retrying in 15s…
2026-06-01 08:32:53 INFO     GDAL signalled an error: err_no=4, msg="`/vsicurl/https://sentinel1euwestrtc.blob.core.windows.net/sentinel1-grd-rtc/GRD/2017/5/8/IW/DV/S1A_IW_GRDH_1SDV_20170508T135650_20170508T135715_016491_01B541_9C3E/measurement/iw-vv.rtc.tiff?st=2026-05-31T05%3A47%3A48Z&se=2026-06-01T06%3A32%3A48Z&sp=rl&sv=2025-07-05&sr=c&skoid=9c8ff44a-6a2c-4dfb-b298-1c9212f64d9a&sktid=72f988bf-86f1-41af-91ab-2d7cd011db47&skt=2026-06-01T02%3A32%3A01Z&ske=2026-06-08T02%3A32%3A01Z&sks=b&skv=2025-07-05&sig=U2Hu4asP9wAGbNhFV3k%2B%2BDatimuD%2BYS3FCAXytomjWw%3D' not recognized as being in a supported file format."
2026-06-01 08:32:53 INFO     GDAL signalled an error: err_no=4, msg="`/vsicurl/https://sentinel1euwestrtc.blob.core.windows.net/sentinel1-grd-rtc/GRD/2017/5/8/IW/DV/S1A_IW_GRDH_1SDV_20170508T135650_20170508T135715_016491_01B541_9C3E/measurement/iw-vh.rtc.tiff?st=2026-05-31T05%3A47%3A48Z&se=2026-06-01T06%3A32%3A48Z&sp=rl&sv=2025-07-05&sr=c&skoid=9c8ff44a-6a2c-4dfb-b298-1c9212f64d9a&sktid=72f988bf-86f1-41af-91ab-2d7cd011db47&skt=2026-06-01T02%3A32%3A01Z&ske=2026-06-08T02%3A32%3A01Z&sks=b&skv=2025-07-05&sig=U2Hu4asP9wAGbNhFV3k%2B%2BDatimuD%2BYS3FCAXytomjWw%3D' not recognized as being in a supported file format."
2026-06-01 08:32:53 INFO     GDAL signalled an error: err_no=4, msg="`/vsicurl/https://sentinel1euwestrtc.blob.core.windows.net/sentinel1-grd-rtc/GRD/2020/3/23/IW/DV/S1B_IW_GRDH_1SDV_20200323T015849_20200323T015914_020813_027773_11E7/measurement/iw-vv.rtc.tiff?st=2026-05-31T05%3A47%3A48Z&se=2026-06-01T06%3A32%3A48Z&sp=rl&sv=2025-07-05&sr=c&skoid=9c8ff44a-6a2c-4dfb-b298-1c9212f64d9a&sktid=72f988bf-86f1-41af-91ab-2d7cd011db47&skt=2026-06-01T02%3A32%3A01Z&ske=2026-06-08T02%3A32%3A01Z&sks=b&skv=2025-07-05&sig=U2Hu4asP9wAGbNhFV3k%2B%2BDatimuD%2BYS3FCAXytomjWw%3D' not recognized as being in a supported file format."
2026-06-01 08:32:53 WARNING    Attempt 2 failed (Error opening 'https://sentinel1euwestrtc.blob.core.windows.net/sentinel1-grd-rtc/GRD/2017/5/8/IW/DV/S1A_IW_GRDH_1SDV_20170508T135650_20170508T135715_016491_01B541_9C3E/measurement/iw-vv.rtc.tiff?st=2026-05-31T05%3A47%3A48Z&se=2026-06-01T06%3A32%3A48Z&sp=rl&sv=2025-07-05&sr=c&skoid=9c8ff44a-6a2c-4dfb-b298-1c9212f64d9a&sktid=72f988bf-86f1-41af-91ab-2d7cd011db47&skt=2026-06-01T02%3A32%3A01Z&ske=2026-06-08T02%3A32%3A01Z&sks=b&skv=2025-07-05&sig=U2Hu4asP9wAGbNhFV3k%2B%2BDatimuD%2BYS3FCAXytomjWw%3D': RasterioIOError("'/vsicurl/https://sentinel1euwestrtc.blob.core.windows.net/sentinel1-grd-rtc/GRD/2017/5/8/IW/DV/S1A_IW_GRDH_1SDV_20170508T135650_20170508T135715_016491_01B541_9C3E/measurement/iw-vv.rtc.tiff?st=2026-05-31T05%3A47%3A48Z&se=2026-06-01T06%3A32%3A48Z&sp=rl&sv=2025-07-05&sr=c&skoid=9c8ff44a-6a2c-4dfb-b298-1c9212f64d9a&sktid=72f988bf-86f1-41af-91ab-2d7cd011db47&skt=2026-06-01T02%3A32%3A01Z&ske=2026-06-08T02%3A32%3A01Z&sks=b&skv=2025-07-05&sig=U2Hu4asP9wAGbNhFV3k%2B%2BDatimuD%2BYS3FCAXytomjWw%3D' not recognized as being in a supported file format.")). Retrying in 15s…
2026-06-01 08:32:53 INFO     GDAL signalled an error: err_no=4, msg="`/vsicurl/https://sentinel1euwestrtc.blob.core.windows.net/sentinel1-grd-rtc/GRD/2020/3/23/IW/DV/S1B_IW_GRDH_1SDV_20200323T015849_20200323T015914_020813_027773_11E7/measurement/iw-vh.rtc.tiff?st=2026-05-31T05%3A47%3A48Z&se=2026-06-01T06%3A32%3A48Z&sp=rl&sv=2025-07-05&sr=c&skoid=9c8ff44a-6a2c-4dfb-b298-1c9212f64d9a&sktid=72f988bf-86f1-41af-91ab-2d7cd011db47&skt=2026-06-01T02%3A32%3A01Z&ske=2026-06-08T02%3A32%3A01Z&sks=b&skv=2025-07-05&sig=U2Hu4asP9wAGbNhFV3k%2B%2BDatimuD%2BYS3FCAXytomjWw%3D' not recognized as being in a supported file format."
2026-06-01 08:32:53 WARNING    Attempt 2 failed (Error opening 'https://sentinel1euwestrtc.blob.core.windows.net/sentinel1-grd-rtc/GRD/2020/3/23/IW/DV/S1B_IW_GRDH_1SDV_20200323T015849_20200323T015914_020813_027773_11E7/measurement/iw-vv.rtc.tiff?st=2026-05-31T05%3A47%3A48Z&se=2026-06-01T06%3A32%3A48Z&sp=rl&sv=2025-07-05&sr=c&skoid=9c8ff44a-6a2c-4dfb-b298-1c9212f64d9a&sktid=72f988bf-86f1-41af-91ab-2d7cd011db47&skt=2026-06-01T02%3A32%3A01Z&ske=2026-06-08T02%3A32%3A01Z&sks=b&skv=2025-07-05&sig=U2Hu4asP9wAGbNhFV3k%2B%2BDatimuD%2BYS3FCAXytomjWw%3D': RasterioIOError("'/vsicurl/https://sentinel1euwestrtc.blob.core.windows.net/sentinel1-grd-rtc/GRD/2020/3/23/IW/DV/S1B_IW_GRDH_1SDV_20200323T015849_20200323T015914_020813_027773_11E7/measurement/iw-vv.rtc.tiff?st=2026-05-31T05%3A47%3A48Z&se=2026-06-01T06%3A32%3A48Z&sp=rl&sv=2025-07-05&sr=c&skoid=9c8ff44a-6a2c-4dfb-b298-1c9212f64d9a&sktid=72f988bf-86f1-41af-91ab-2d7cd011db47&skt=2026-06-01T02%3A32%3A01Z&ske=2026-06-08T02%3A32%3A01Z&sks=b&skv=2025-07-05&sig=U2Hu4asP9wAGbNhFV3k%2B%2BDatimuD%2BYS3FCAXytomjWw%3D' not recognized as being in a supported file format.")). Retrying in 15s…
2026-06-01 08:32:53 INFO     GDAL signalled an error: err_no=4, msg="`/vsicurl/https://sentinel1euwestrtc.blob.core.windows.net/sentinel1-grd-rtc/GRD/2017/8/12/IW/DV/S1B_IW_GRDH_1SDV_20170812T010950_20170812T011015_006900_00C25E_BCC9/measurement/iw-vv.rtc.tiff?st=2026-05-31T05%3A47%3A48Z&se=2026-06-01T06%3A32%3A48Z&sp=rl&sv=2025-07-05&sr=c&skoid=9c8ff44a-6a2c-4dfb-b298-1c9212f64d9a&sktid=72f988bf-86f1-41af-91ab-2d7cd011db47&skt=2026-06-01T02%3A32%3A01Z&ske=2026-06-08T02%3A32%3A01Z&sks=b&skv=2025-07-05&sig=U2Hu4asP9wAGbNhFV3k%2B%2BDatimuD%2BYS3FCAXytomjWw%3D' not recognized as being in a supported file format."
2026-06-01 08:32:53 INFO     GDAL signalled an error: err_no=4, msg="`/vsicurl/https://sentinel1euwestrtc.blob.core.windows.net/sentinel1-grd-rtc/GRD/2017/8/12/IW/DV/S1B_IW_GRDH_1SDV_20170812T010950_20170812T011015_006900_00C25E_BCC9/measurement/iw-vh.rtc.tiff?st=2026-05-31T05%3A47%3A48Z&se=2026-06-01T06%3A32%3A48Z&sp=rl&sv=2025-07-05&sr=c&skoid=9c8ff44a-6a2c-4dfb-b298-1c9212f64d9a&sktid=72f988bf-86f1-41af-91ab-2d7cd011db47&skt=2026-06-01T02%3A32%3A01Z&ske=2026-06-08T02%3A32%3A01Z&sks=b&skv=2025-07-05&sig=U2Hu4asP9wAGbNhFV3k%2B%2BDatimuD%2BYS3FCAXytomjWw%3D' not recognized as being in a supported file format."
2026-06-01 08:32:53 WARNING    Attempt 2 failed (Error opening 'https://sentinel1euwestrtc.blob.core.windows.net/sentinel1-grd-rtc/GRD/2017/8/12/IW/DV/S1B_IW_GRDH_1SDV_20170812T010950_20170812T011015_006900_00C25E_BCC9/measurement/iw-vv.rtc.tiff?st=2026-05-31T05%3A47%3A48Z&se=2026-06-01T06%3A32%3A48Z&sp=rl&sv=2025-07-05&sr=c&skoid=9c8ff44a-6a2c-4dfb-b298-1c9212f64d9a&sktid=72f988bf-86f1-41af-91ab-2d7cd011db47&skt=2026-06-01T02%3A32%3A01Z&ske=2026-06-08T02%3A32%3A01Z&sks=b&skv=2025-07-05&sig=U2Hu4asP9wAGbNhFV3k%2B%2BDatimuD%2BYS3FCAXytomjWw%3D': RasterioIOError("'/vsicurl/https://sentinel1euwestrtc.blob.core.windows.net/sentinel1-grd-rtc/GRD/2017/8/12/IW/DV/S1B_IW_GRDH_1SDV_20170812T010950_20170812T011015_006900_00C25E_BCC9/measurement/iw-vv.rtc.tiff?st=2026-05-31T05%3A47%3A48Z&se=2026-06-01T06%3A32%3A48Z&sp=rl&sv=2025-07-05&sr=c&skoid=9c8ff44a-6a2c-4dfb-b298-1c9212f64d9a&sktid=72f988bf-86f1-41af-91ab-2d7cd011db47&skt=2026-06-01T02%3A32%3A01Z&ske=2026-06-08T02%3A32%3A01Z&sks=b&skv=2025-07-05&sig=U2Hu4asP9wAGbNhFV3k%2B%2BDatimuD%2BYS3FCAXytomjWw%3D' not recognized as being in a supported file format.")). Retrying in 15s…
2026-06-01 08:32:58 INFO     [598/1028] Done  ISMN_SNOTEL_ISMN_SNOTEL_MudFlat  S1RTC=122 LULC=done
2026-06-01 08:33:08 INFO     GDAL signalled an error: err_no=4, msg="`/vsicurl/https://sentinel1euwestrtc.blob.core.windows.net/sentinel1-grd-rtc/GRD/2020/3/27/IW/DV/S1B_IW_GRDH_1SDV_20200327T012610_20200327T012635_020871_027932_E6A7/measurement/iw-vv.rtc.tiff?st=2026-05-31T05%3A47%3A48Z&se=2026-06-01T06%3A32%3A48Z&sp=rl&sv=2025-07-05&sr=c&skoid=9c8ff44a-6a2c-4dfb-b298-1c9212f64d9a&sktid=72f988bf-86f1-41af-91ab-2d7cd011db47&skt=2026-06-01T02%3A32%3A01Z&ske=2026-06-08T02%3A32%3A01Z&sks=b&skv=2025-07-05&sig=U2Hu4asP9wAGbNhFV3k%2B%2BDatimuD%2BYS3FCAXytomjWw%3D' not recognized as being in a supported file format."
2026-06-01 08:33:08 INFO     GDAL signalled an error: err_no=4, msg="`/vsicurl/https://sentinel1euwestrtc.blob.core.windows.net/sentinel1-grd-rtc/GRD/2020/3/27/IW/DV/S1B_IW_GRDH_1SDV_20200327T012610_20200327T012635_020871_027932_E6A7/measurement/iw-vh.rtc.tiff?st=2026-05-31T05%3A47%3A48Z&se=2026-06-01T06%3A32%3A48Z&sp=rl&sv=2025-07-05&sr=c&skoid=9c8ff44a-6a2c-4dfb-b298-1c9212f64d9a&sktid=72f988bf-86f1-41af-91ab-2d7cd011db47&skt=2026-06-01T02%3A32%3A01Z&ske=2026-06-08T02%3A32%3A01Z&sks=b&skv=2025-07-05&sig=U2Hu4asP9wAGbNhFV3k%2B%2BDatimuD%2BYS3FCAXytomjWw%3D' not recognized as being in a supported file format."
2026-06-01 08:33:08 WARNING    Attempt 3 failed (Error opening 'https://sentinel1euwestrtc.blob.core.windows.net/sentinel1-grd-rtc/GRD/2020/3/27/IW/DV/S1B_IW_GRDH_1SDV_20200327T012610_20200327T012635_020871_027932_E6A7/measurement/iw-vv.rtc.tiff?st=2026-05-31T05%3A47%3A48Z&se=2026-06-01T06%3A32%3A48Z&sp=rl&sv=2025-07-05&sr=c&skoid=9c8ff44a-6a2c-4dfb-b298-1c9212f64d9a&sktid=72f988bf-86f1-41af-91ab-2d7cd011db47&skt=2026-06-01T02%3A32%3A01Z&ske=2026-06-08T02%3A32%3A01Z&sks=b&skv=2025-07-05&sig=U2Hu4asP9wAGbNhFV3k%2B%2BDatimuD%2BYS3FCAXytomjWw%3D': RasterioIOError("'/vsicurl/https://sentinel1euwestrtc.blob.core.windows.net/sentinel1-grd-rtc/GRD/2020/3/27/IW/DV/S1B_IW_GRDH_1SDV_20200327T012610_20200327T012635_020871_027932_E6A7/measurement/iw-vv.rtc.tiff?st=2026-05-31T05%3A47%3A48Z&se=2026-06-01T06%3A32%3A48Z&sp=rl&sv=2025-07-05&sr=c&skoid=9c8ff44a-6a2c-4dfb-b298-1c9212f64d9a&sktid=72f988bf-86f1-41af-91ab-2d7cd011db47&skt=2026-06-01T02%3A32%3A01Z&ske=2026-06-08T02%3A32%3A01Z&sks=b&skv=2025-07-05&sig=U2Hu4asP9wAGbNhFV3k%2B%2BDatimuD%2BYS3FCAXytomjWw%3D' not recognized as being in a supported file format.")). Retrying in 45s…
2026-06-01 08:33:08 INFO     GDAL signalled an error: err_no=4, msg="`/vsicurl/https://sentinel1euwestrtc.blob.core.windows.net/sentinel1-grd-rtc/GRD/2017/5/8/IW/DV/S1A_IW_GRDH_1SDV_20170508T135650_20170508T135715_016491_01B541_9C3E/measurement/iw-vv.rtc.tiff?st=2026-05-31T05%3A47%3A48Z&se=2026-06-01T06%3A32%3A48Z&sp=rl&sv=2025-07-05&sr=c&skoid=9c8ff44a-6a2c-4dfb-b298-1c9212f64d9a&sktid=72f988bf-86f1-41af-91ab-2d7cd011db47&skt=2026-06-01T02%3A32%3A01Z&ske=2026-06-08T02%3A32%3A01Z&sks=b&skv=2025-07-05&sig=U2Hu4asP9wAGbNhFV3k%2B%2BDatimuD%2BYS3FCAXytomjWw%3D' not recognized as being in a supported file format."
2026-06-01 08:33:08 INFO     GDAL signalled an error: err_no=4, msg="`/vsicurl/https://sentinel1euwestrtc.blob.core.windows.net/sentinel1-grd-rtc/GRD/2017/5/8/IW/DV/S1A_IW_GRDH_1SDV_20170508T135650_20170508T135715_016491_01B541_9C3E/measurement/iw-vh.rtc.tiff?st=2026-05-31T05%3A47%3A48Z&se=2026-06-01T06%3A32%3A48Z&sp=rl&sv=2025-07-05&sr=c&skoid=9c8ff44a-6a2c-4dfb-b298-1c9212f64d9a&sktid=72f988bf-86f1-41af-91ab-2d7cd011db47&skt=2026-06-01T02%3A32%3A01Z&ske=2026-06-08T02%3A32%3A01Z&sks=b&skv=2025-07-05&sig=U2Hu4asP9wAGbNhFV3k%2B%2BDatimuD%2BYS3FCAXytomjWw%3D' not recognized as being in a supported file format."
2026-06-01 08:33:08 INFO     GDAL signalled an error: err_no=4, msg="`/vsicurl/https://sentinel1euwestrtc.blob.core.windows.net/sentinel1-grd-rtc/GRD/2020/3/23/IW/DV/S1B_IW_GRDH_1SDV_20200323T015849_20200323T015914_020813_027773_11E7/measurement/iw-vv.rtc.tiff?st=2026-05-31T05%3A47%3A48Z&se=2026-06-01T06%3A32%3A48Z&sp=rl&sv=2025-07-05&sr=c&skoid=9c8ff44a-6a2c-4dfb-b298-1c9212f64d9a&sktid=72f988bf-86f1-41af-91ab-2d7cd011db47&skt=2026-06-01T02%3A32%3A01Z&ske=2026-06-08T02%3A32%3A01Z&sks=b&skv=2025-07-05&sig=U2Hu4asP9wAGbNhFV3k%2B%2BDatimuD%2BYS3FCAXytomjWw%3D' not recognized as being in a supported file format."
2026-06-01 08:33:08 INFO     GDAL signalled an error: err_no=4, msg="`/vsicurl/https://sentinel1euwestrtc.blob.core.windows.net/sentinel1-grd-rtc/GRD/2020/3/23/IW/DV/S1B_IW_GRDH_1SDV_20200323T015849_20200323T015914_020813_027773_11E7/measurement/iw-vh.rtc.tiff?st=2026-05-31T05%3A47%3A48Z&se=2026-06-01T06%3A32%3A48Z&sp=rl&sv=2025-07-05&sr=c&skoid=9c8ff44a-6a2c-4dfb-b298-1c9212f64d9a&sktid=72f988bf-86f1-41af-91ab-2d7cd011db47&skt=2026-06-01T02%3A32%3A01Z&ske=2026-06-08T02%3A32%3A01Z&sks=b&skv=2025-07-05&sig=U2Hu4asP9wAGbNhFV3k%2B%2BDatimuD%2BYS3FCAXytomjWw%3D' not recognized as being in a supported file format."
2026-06-01 08:33:08 INFO     GDAL signalled an error: err_no=4, msg="`/vsicurl/https://sentinel1euwestrtc.blob.core.windows.net/sentinel1-grd-rtc/GRD/2017/8/12/IW/DV/S1B_IW_GRDH_1SDV_20170812T010950_20170812T011015_006900_00C25E_BCC9/measurement/iw-vh.rtc.tiff?st=2026-05-31T05%3A47%3A48Z&se=2026-06-01T06%3A32%3A48Z&sp=rl&sv=2025-07-05&sr=c&skoid=9c8ff44a-6a2c-4dfb-b298-1c9212f64d9a&sktid=72f988bf-86f1-41af-91ab-2d7cd011db47&skt=2026-06-01T02%3A32%3A01Z&ske=2026-06-08T02%3A32%3A01Z&sks=b&skv=2025-07-05&sig=U2Hu4asP9wAGbNhFV3k%2B%2BDatimuD%2BYS3FCAXytomjWw%3D' not recognized as being in a supported file format."
2026-06-01 08:33:08 WARNING    Attempt 3 failed (Error opening 'https://sentinel1euwestrtc.blob.core.windows.net/sentinel1-grd-rtc/GRD/2017/5/8/IW/DV/S1A_IW_GRDH_1SDV_20170508T135650_20170508T135715_016491_01B541_9C3E/measurement/iw-vv.rtc.tiff?st=2026-05-31T05%3A47%3A48Z&se=2026-06-01T06%3A32%3A48Z&sp=rl&sv=2025-07-05&sr=c&skoid=9c8ff44a-6a2c-4dfb-b298-1c9212f64d9a&sktid=72f988bf-86f1-41af-91ab-2d7cd011db47&skt=2026-06-01T02%3A32%3A01Z&ske=2026-06-08T02%3A32%3A01Z&sks=b&skv=2025-07-05&sig=U2Hu4asP9wAGbNhFV3k%2B%2BDatimuD%2BYS3FCAXytomjWw%3D': RasterioIOError("'/vsicurl/https://sentinel1euwestrtc.blob.core.windows.net/sentinel1-grd-rtc/GRD/2017/5/8/IW/DV/S1A_IW_GRDH_1SDV_20170508T135650_20170508T135715_016491_01B541_9C3E/measurement/iw-vv.rtc.tiff?st=2026-05-31T05%3A47%3A48Z&se=2026-06-01T06%3A32%3A48Z&sp=rl&sv=2025-07-05&sr=c&skoid=9c8ff44a-6a2c-4dfb-b298-1c9212f64d9a&sktid=72f988bf-86f1-41af-91ab-2d7cd011db47&skt=2026-06-01T02%3A32%3A01Z&ske=2026-06-08T02%3A32%3A01Z&sks=b&skv=2025-07-05&sig=U2Hu4asP9wAGbNhFV3k%2B%2BDatimuD%2BYS3FCAXytomjWw%3D' not recognized as being in a supported file format.")). Retrying in 45s…
2026-06-01 08:33:08 INFO     GDAL signalled an error: err_no=4, msg="`/vsicurl/https://sentinel1euwestrtc.blob.core.windows.net/sentinel1-grd-rtc/GRD/2017/8/12/IW/DV/S1B_IW_GRDH_1SDV_20170812T010950_20170812T011015_006900_00C25E_BCC9/measurement/iw-vv.rtc.tiff?st=2026-05-31T05%3A47%3A48Z&se=2026-06-01T06%3A32%3A48Z&sp=rl&sv=2025-07-05&sr=c&skoid=9c8ff44a-6a2c-4dfb-b298-1c9212f64d9a&sktid=72f988bf-86f1-41af-91ab-2d7cd011db47&skt=2026-06-01T02%3A32%3A01Z&ske=2026-06-08T02%3A32%3A01Z&sks=b&skv=2025-07-05&sig=U2Hu4asP9wAGbNhFV3k%2B%2BDatimuD%2BYS3FCAXytomjWw%3D' not recognized as being in a supported file format."
2026-06-01 08:33:08 WARNING    Attempt 3 failed (Error opening 'https://sentinel1euwestrtc.blob.core.windows.net/sentinel1-grd-rtc/GRD/2020/3/23/IW/DV/S1B_IW_GRDH_1SDV_20200323T015849_20200323T015914_020813_027773_11E7/measurement/iw-vv.rtc.tiff?st=2026-05-31T05%3A47%3A48Z&se=2026-06-01T06%3A32%3A48Z&sp=rl&sv=2025-07-05&sr=c&skoid=9c8ff44a-6a2c-4dfb-b298-1c9212f64d9a&sktid=72f988bf-86f1-41af-91ab-2d7cd011db47&skt=2026-06-01T02%3A32%3A01Z&ske=2026-06-08T02%3A32%3A01Z&sks=b&skv=2025-07-05&sig=U2Hu4asP9wAGbNhFV3k%2B%2BDatimuD%2BYS3FCAXytomjWw%3D': RasterioIOError("'/vsicurl/https://sentinel1euwestrtc.blob.core.windows.net/sentinel1-grd-rtc/GRD/2020/3/23/IW/DV/S1B_IW_GRDH_1SDV_20200323T015849_20200323T015914_020813_027773_11E7/measurement/iw-vv.rtc.tiff?st=2026-05-31T05%3A47%3A48Z&se=2026-06-01T06%3A32%3A48Z&sp=rl&sv=2025-07-05&sr=c&skoid=9c8ff44a-6a2c-4dfb-b298-1c9212f64d9a&sktid=72f988bf-86f1-41af-91ab-2d7cd011db47&skt=2026-06-01T02%3A32%3A01Z&ske=2026-06-08T02%3A32%3A01Z&sks=b&skv=2025-07-05&sig=U2Hu4asP9wAGbNhFV3k%2B%2BDatimuD%2BYS3FCAXytomjWw%3D' not recognized as being in a supported file format.")). Retrying in 45s…
2026-06-01 08:33:08 WARNING    Attempt 3 failed (Error opening 'https://sentinel1euwestrtc.blob.core.windows.net/sentinel1-grd-rtc/GRD/2017/8/12/IW/DV/S1B_IW_GRDH_1SDV_20170812T010950_20170812T011015_006900_00C25E_BCC9/measurement/iw-vh.rtc.tiff?st=2026-05-31T05%3A47%3A48Z&se=2026-06-01T06%3A32%3A48Z&sp=rl&sv=2025-07-05&sr=c&skoid=9c8ff44a-6a2c-4dfb-b298-1c9212f64d9a&sktid=72f988bf-86f1-41af-91ab-2d7cd011db47&skt=2026-06-01T02%3A32%3A01Z&ske=2026-06-08T02%3A32%3A01Z&sks=b&skv=2025-07-05&sig=U2Hu4asP9wAGbNhFV3k%2B%2BDatimuD%2BYS3FCAXytomjWw%3D': RasterioIOError("'/vsicurl/https://sentinel1euwestrtc.blob.core.windows.net/sentinel1-grd-rtc/GRD/2017/8/12/IW/DV/S1B_IW_GRDH_1SDV_20170812T010950_20170812T011015_006900_00C25E_BCC9/measurement/iw-vh.rtc.tiff?st=2026-05-31T05%3A47%3A48Z&se=2026-06-01T06%3A32%3A48Z&sp=rl&sv=2025-07-05&sr=c&skoid=9c8ff44a-6a2c-4dfb-b298-1c9212f64d9a&sktid=72f988bf-86f1-41af-91ab-2d7cd011db47&skt=2026-06-01T02%3A32%3A01Z&ske=2026-06-08T02%3A32%3A01Z&sks=b&skv=2025-07-05&sig=U2Hu4asP9wAGbNhFV3k%2B%2BDatimuD%2BYS3FCAXytomjWw%3D' not recognized as being in a supported file format.")). Retrying in 45s…
2026-06-01 08:33:48 INFO     [599/1028] Done  ISMN_SNOTEL_ISMN_SNOTEL_MtPennell  S1RTC=532 LULC=done
2026-06-01 08:33:53 INFO     GDAL signalled an error: err_no=4, msg="`/vsicurl/https://sentinel1euwestrtc.blob.core.windows.net/sentinel1-grd-rtc/GRD/2020/3/27/IW/DV/S1B_IW_GRDH_1SDV_20200327T012610_20200327T012635_020871_027932_E6A7/measurement/iw-vv.rtc.tiff?st=2026-05-31T05%3A47%3A48Z&se=2026-06-01T06%3A32%3A48Z&sp=rl&sv=2025-07-05&sr=c&skoid=9c8ff44a-6a2c-4dfb-b298-1c9212f64d9a&sktid=72f988bf-86f1-41af-91ab-2d7cd011db47&skt=2026-06-01T02%3A32%3A01Z&ske=2026-06-08T02%3A32%3A01Z&sks=b&skv=2025-07-05&sig=U2Hu4asP9wAGbNhFV3k%2B%2BDatimuD%2BYS3FCAXytomjWw%3D' not recognized as being in a supported file format."
2026-06-01 08:33:53 ERROR      ISMN_SNOTEL_ISMN_SNOTEL_MtBaldy S1RTC failed: Error opening 'https://sentinel1euwestrtc.blob.core.windows.net/sentinel1-grd-rtc/GRD/2020/3/27/IW/DV/S1B_IW_GRDH_1SDV_20200327T012610_20200327T012635_020871_027932_E6A7/measurement/iw-vv.rtc.tiff?st=2026-05-31T05%3A47%3A48Z&se=2026-06-01T06%3A32%3A48Z&sp=rl&sv=2025-07-05&sr=c&skoid=9c8ff44a-6a2c-4dfb-b298-1c9212f64d9a&sktid=72f988bf-86f1-41af-91ab-2d7cd011db47&skt=2026-06-01T02%3A32%3A01Z&ske=2026-06-08T02%3A32%3A01Z&sks=b&skv=2025-07-05&sig=U2Hu4asP9wAGbNhFV3k%2B%2BDatimuD%2BYS3FCAXytomjWw%3D': RasterioIOError("'/vsicurl/https://sentinel1euwestrtc.blob.core.windows.net/sentinel1-grd-rtc/GRD/2020/3/27/IW/DV/S1B_IW_GRDH_1SDV_20200327T012610_20200327T012635_020871_027932_E6A7/measurement/iw-vv.rtc.tiff?st=2026-05-31T05%3A47%3A48Z&se=2026-06-01T06%3A32%3A48Z&sp=rl&sv=2025-07-05&sr=c&skoid=9c8ff44a-6a2c-4dfb-b298-1c9212f64d9a&sktid=72f988bf-86f1-41af-91ab-2d7cd011db47&skt=2026-06-01T02%3A32%3A01Z&ske=2026-06-08T02%3A32%3A01Z&sks=b&skv=2025-07-05&sig=U2Hu4asP9wAGbNhFV3k%2B%2BDatimuD%2BYS3FCAXytomjWw%3D' not recognized as being in a supported file format.")
2026-06-01 08:33:53 INFO     GDAL signalled an error: err_no=4, msg="`/vsicurl/https://sentinel1euwestrtc.blob.core.windows.net/sentinel1-grd-rtc/GRD/2020/3/27/IW/DV/S1B_IW_GRDH_1SDV_20200327T012610_20200327T012635_020871_027932_E6A7/measurement/iw-vh.rtc.tiff?st=2026-05-31T05%3A47%3A48Z&se=2026-06-01T06%3A32%3A48Z&sp=rl&sv=2025-07-05&sr=c&skoid=9c8ff44a-6a2c-4dfb-b298-1c9212f64d9a&sktid=72f988bf-86f1-41af-91ab-2d7cd011db47&skt=2026-06-01T02%3A32%3A01Z&ske=2026-06-08T02%3A32%3A01Z&sks=b&skv=2025-07-05&sig=U2Hu4asP9wAGbNhFV3k%2B%2BDatimuD%2BYS3FCAXytomjWw%3D' not recognized as being in a supported file format."
2026-06-01 08:33:53 INFO     GDAL signalled an error: err_no=4, msg="`/vsicurl/https://sentinel1euwestrtc.blob.core.windows.net/sentinel1-grd-rtc/GRD/2017/5/8/IW/DV/S1A_IW_GRDH_1SDV_20170508T135650_20170508T135715_016491_01B541_9C3E/measurement/iw-vv.rtc.tiff?st=2026-05-31T05%3A47%3A48Z&se=2026-06-01T06%3A32%3A48Z&sp=rl&sv=2025-07-05&sr=c&skoid=9c8ff44a-6a2c-4dfb-b298-1c9212f64d9a&sktid=72f988bf-86f1-41af-91ab-2d7cd011db47&skt=2026-06-01T02%3A32%3A01Z&ske=2026-06-08T02%3A32%3A01Z&sks=b&skv=2025-07-05&sig=U2Hu4asP9wAGbNhFV3k%2B%2BDatimuD%2BYS3FCAXytomjWw%3D' not recognized as being in a supported file format."
2026-06-01 08:33:53 INFO     GDAL signalled an error: err_no=4, msg="`/vsicurl/https://sentinel1euwestrtc.blob.core.windows.net/sentinel1-grd-rtc/GRD/2017/5/8/IW/DV/S1A_IW_GRDH_1SDV_20170508T135650_20170508T135715_016491_01B541_9C3E/measurement/iw-vh.rtc.tiff?st=2026-05-31T05%3A47%3A48Z&se=2026-06-01T06%3A32%3A48Z&sp=rl&sv=2025-07-05&sr=c&skoid=9c8ff44a-6a2c-4dfb-b298-1c9212f64d9a&sktid=72f988bf-86f1-41af-91ab-2d7cd011db47&skt=2026-06-01T02%3A32%3A01Z&ske=2026-06-08T02%3A32%3A01Z&sks=b&skv=2025-07-05&sig=U2Hu4asP9wAGbNhFV3k%2B%2BDatimuD%2BYS3FCAXytomjWw%3D' not recognized as being in a supported file format."
2026-06-01 08:33:53 ERROR      ISMN_SNOTEL_ISMN_SNOTEL_MoscowMountain S1RTC failed: Error opening 'https://sentinel1euwestrtc.blob.core.windows.net/sentinel1-grd-rtc/GRD/2017/5/8/IW/DV/S1A_IW_GRDH_1SDV_20170508T135650_20170508T135715_016491_01B541_9C3E/measurement/iw-vv.rtc.tiff?st=2026-05-31T05%3A47%3A48Z&se=2026-06-01T06%3A32%3A48Z&sp=rl&sv=2025-07-05&sr=c&skoid=9c8ff44a-6a2c-4dfb-b298-1c9212f64d9a&sktid=72f988bf-86f1-41af-91ab-2d7cd011db47&skt=2026-06-01T02%3A32%3A01Z&ske=2026-06-08T02%3A32%3A01Z&sks=b&skv=2025-07-05&sig=U2Hu4asP9wAGbNhFV3k%2B%2BDatimuD%2BYS3FCAXytomjWw%3D': RasterioIOError("'/vsicurl/https://sentinel1euwestrtc.blob.core.windows.net/sentinel1-grd-rtc/GRD/2017/5/8/IW/DV/S1A_IW_GRDH_1SDV_20170508T135650_20170508T135715_016491_01B541_9C3E/measurement/iw-vv.rtc.tiff?st=2026-05-31T05%3A47%3A48Z&se=2026-06-01T06%3A32%3A48Z&sp=rl&sv=2025-07-05&sr=c&skoid=9c8ff44a-6a2c-4dfb-b298-1c9212f64d9a&sktid=72f988bf-86f1-41af-91ab-2d7cd011db47&skt=2026-06-01T02%3A32%3A01Z&ske=2026-06-08T02%3A32%3A01Z&sks=b&skv=2025-07-05&sig=U2Hu4asP9wAGbNhFV3k%2B%2BDatimuD%2BYS3FCAXytomjWw%3D' not recognized as being in a supported file format.")
2026-06-01 08:33:53 INFO     GDAL signalled an error: err_no=4, msg="`/vsicurl/https://sentinel1euwestrtc.blob.core.windows.net/sentinel1-grd-rtc/GRD/2020/3/23/IW/DV/S1B_IW_GRDH_1SDV_20200323T015849_20200323T015914_020813_027773_11E7/measurement/iw-vv.rtc.tiff?st=2026-05-31T05%3A47%3A48Z&se=2026-06-01T06%3A32%3A48Z&sp=rl&sv=2025-07-05&sr=c&skoid=9c8ff44a-6a2c-4dfb-b298-1c9212f64d9a&sktid=72f988bf-86f1-41af-91ab-2d7cd011db47&skt=2026-06-01T02%3A32%3A01Z&ske=2026-06-08T02%3A32%3A01Z&sks=b&skv=2025-07-05&sig=U2Hu4asP9wAGbNhFV3k%2B%2BDatimuD%2BYS3FCAXytomjWw%3D' not recognized as being in a supported file format."
2026-06-01 08:33:53 INFO     GDAL signalled an error: err_no=4, msg="`/vsicurl/https://sentinel1euwestrtc.blob.core.windows.net/sentinel1-grd-rtc/GRD/2020/3/23/IW/DV/S1B_IW_GRDH_1SDV_20200323T015849_20200323T015914_020813_027773_11E7/measurement/iw-vh.rtc.tiff?st=2026-05-31T05%3A47%3A48Z&se=2026-06-01T06%3A32%3A48Z&sp=rl&sv=2025-07-05&sr=c&skoid=9c8ff44a-6a2c-4dfb-b298-1c9212f64d9a&sktid=72f988bf-86f1-41af-91ab-2d7cd011db47&skt=2026-06-01T02%3A32%3A01Z&ske=2026-06-08T02%3A32%3A01Z&sks=b&skv=2025-07-05&sig=U2Hu4asP9wAGbNhFV3k%2B%2BDatimuD%2BYS3FCAXytomjWw%3D' not recognized as being in a supported file format."
2026-06-01 08:33:53 ERROR      ISMN_SNOTEL_ISMN_SNOTEL_MonitorPass S1RTC failed: Error opening 'https://sentinel1euwestrtc.blob.core.windows.net/sentinel1-grd-rtc/GRD/2020/3/23/IW/DV/S1B_IW_GRDH_1SDV_20200323T015849_20200323T015914_020813_027773_11E7/measurement/iw-vv.rtc.tiff?st=2026-05-31T05%3A47%3A48Z&se=2026-06-01T06%3A32%3A48Z&sp=rl&sv=2025-07-05&sr=c&skoid=9c8ff44a-6a2c-4dfb-b298-1c9212f64d9a&sktid=72f988bf-86f1-41af-91ab-2d7cd011db47&skt=2026-06-01T02%3A32%3A01Z&ske=2026-06-08T02%3A32%3A01Z&sks=b&skv=2025-07-05&sig=U2Hu4asP9wAGbNhFV3k%2B%2BDatimuD%2BYS3FCAXytomjWw%3D': RasterioIOError("'/vsicurl/https://sentinel1euwestrtc.blob.core.windows.net/sentinel1-grd-rtc/GRD/2020/3/23/IW/DV/S1B_IW_GRDH_1SDV_20200323T015849_20200323T015914_020813_027773_11E7/measurement/iw-vv.rtc.tiff?st=2026-05-31T05%3A47%3A48Z&se=2026-06-01T06%3A32%3A48Z&sp=rl&sv=2025-07-05&sr=c&skoid=9c8ff44a-6a2c-4dfb-b298-1c9212f64d9a&sktid=72f988bf-86f1-41af-91ab-2d7cd011db47&skt=2026-06-01T02%3A32%3A01Z&ske=2026-06-08T02%3A32%3A01Z&sks=b&skv=2025-07-05&sig=U2Hu4asP9wAGbNhFV3k%2B%2BDatimuD%2BYS3FCAXytomjWw%3D' not recognized as being in a supported file format.")
2026-06-01 08:33:53 INFO     GDAL signalled an error: err_no=4, msg="`/vsicurl/https://sentinel1euwestrtc.blob.core.windows.net/sentinel1-grd-rtc/GRD/2017/8/12/IW/DV/S1B_IW_GRDH_1SDV_20170812T010950_20170812T011015_006900_00C25E_BCC9/measurement/iw-vh.rtc.tiff?st=2026-05-31T05%3A47%3A48Z&se=2026-06-01T06%3A32%3A48Z&sp=rl&sv=2025-07-05&sr=c&skoid=9c8ff44a-6a2c-4dfb-b298-1c9212f64d9a&sktid=72f988bf-86f1-41af-91ab-2d7cd011db47&skt=2026-06-01T02%3A32%3A01Z&ske=2026-06-08T02%3A32%3A01Z&sks=b&skv=2025-07-05&sig=U2Hu4asP9wAGbNhFV3k%2B%2BDatimuD%2BYS3FCAXytomjWw%3D' not recognized as being in a supported file format."
2026-06-01 08:33:53 INFO     GDAL signalled an error: err_no=4, msg="`/vsicurl/https://sentinel1euwestrtc.blob.core.windows.net/sentinel1-grd-rtc/GRD/2017/8/12/IW/DV/S1B_IW_GRDH_1SDV_20170812T010950_20170812T011015_006900_00C25E_BCC9/measurement/iw-vv.rtc.tiff?st=2026-05-31T05%3A47%3A48Z&se=2026-06-01T06%3A32%3A48Z&sp=rl&sv=2025-07-05&sr=c&skoid=9c8ff44a-6a2c-4dfb-b298-1c9212f64d9a&sktid=72f988bf-86f1-41af-91ab-2d7cd011db47&skt=2026-06-01T02%3A32%3A01Z&ske=2026-06-08T02%3A32%3A01Z&sks=b&skv=2025-07-05&sig=U2Hu4asP9wAGbNhFV3k%2B%2BDatimuD%2BYS3FCAXytomjWw%3D' not recognized as being in a supported file format."
2026-06-01 08:33:53 ERROR      ISMN_SNOTEL_ISMN_SNOTEL_MosbyMtn. S1RTC failed: Error opening 'https://sentinel1euwestrtc.blob.core.windows.net/sentinel1-grd-rtc/GRD/2017/8/12/IW/DV/S1B_IW_GRDH_1SDV_20170812T010950_20170812T011015_006900_00C25E_BCC9/measurement/iw-vh.rtc.tiff?st=2026-05-31T05%3A47%3A48Z&se=2026-06-01T06%3A32%3A48Z&sp=rl&sv=2025-07-05&sr=c&skoid=9c8ff44a-6a2c-4dfb-b298-1c9212f64d9a&sktid=72f988bf-86f1-41af-91ab-2d7cd011db47&skt=2026-06-01T02%3A32%3A01Z&ske=2026-06-08T02%3A32%3A01Z&sks=b&skv=2025-07-05&sig=U2Hu4asP9wAGbNhFV3k%2B%2BDatimuD%2BYS3FCAXytomjWw%3D': RasterioIOError("'/vsicurl/https://sentinel1euwestrtc.blob.core.windows.net/sentinel1-grd-rtc/GRD/2017/8/12/IW/DV/S1B_IW_GRDH_1SDV_20170812T010950_20170812T011015_006900_00C25E_BCC9/measurement/iw-vh.rtc.tiff?st=2026-05-31T05%3A47%3A48Z&se=2026-06-01T06%3A32%3A48Z&sp=rl&sv=2025-07-05&sr=c&skoid=9c8ff44a-6a2c-4dfb-b298-1c9212f64d9a&sktid=72f988bf-86f1-41af-91ab-2d7cd011db47&skt=2026-06-01T02%3A32%3A01Z&ske=2026-06-08T02%3A32%3A01Z&sks=b&skv=2025-07-05&sig=U2Hu4asP9wAGbNhFV3k%2B%2BDatimuD%2BYS3FCAXytomjWw%3D' not recognized as being in a supported file format.")
2026-06-01 08:33:54 INFO     [600/1028] Done  ISMN_SNOTEL_ISMN_SNOTEL_MtBaldy  S1RTC= LULC=done
2026-06-01 08:33:55 INFO     [601/1028] Done  ISMN_SNOTEL_ISMN_SNOTEL_MoscowMountain  S1RTC= LULC=done
2026-06-01 08:33:55 INFO     [602/1028] Done  ISMN_SNOTEL_ISMN_SNOTEL_MonitorPass  S1RTC= LULC=done
2026-06-01 08:33:55 INFO     [603/1028] Done  ISMN_SNOTEL_ISMN_SNOTEL_MosbyMtn.  S1RTC= LULC=done
2026-06-01 08:34:51 INFO     [604/1028] Done  ISMN_SNOTEL_ISMN_SNOTEL_NavajoWhiskeyCk  S1RTC=497 LULC=done
2026-06-01 08:34:51 INFO     [605/1028] Done  ISMN_SNOTEL_ISMN_SNOTEL_MyrtleCreek  S1RTC=574 LULC=done
2026-06-01 08:35:22 INFO     [606/1028] Done  ISMN_SNOTEL_ISMN_SNOTEL_Palo  S1RTC=325 LULC=done
2026-06-01 08:35:29 INFO     [607/1028] Done  ISMN_SNOTEL_ISMN_SNOTEL_NukaGlacier  S1RTC=357 LULC=done
2026-06-01 08:35:49 INFO     [608/1028] Done  ISMN_SNOTEL_ISMN_SNOTEL_ParkCone  S1RTC=217 LULC=done
2026-06-01 08:35:52 INFO     [609/1028] Done  ISMN_SNOTEL_ISMN_SNOTEL_OakCreek  S1RTC=414 LULC=done
2026-06-01 08:36:43 INFO     [610/1028] Done  ISMN_SNOTEL_ISMN_SNOTEL_ONeilCreek  S1RTC=571 LULC=done
2026-06-01 08:36:45 INFO     [611/1028] Done  ISMN_SNOTEL_ISMN_SNOTEL_PanguitchLakeRS  S1RTC=416 LULC=done
2026-06-01 08:37:12 INFO     [612/1028] Done  ISMN_SNOTEL_ISMN_SNOTEL_ParkReservoir  S1RTC=395 LULC=done
2026-06-01 08:37:13 INFO     [613/1028] Done  ISMN_SNOTEL_ISMN_SNOTEL_PalisadesTahoe  S1RTC=732 LULC=done
2026-06-01 08:37:35 INFO     [614/1028] Done  ISMN_SNOTEL_ISMN_SNOTEL_PebbleCreek  S1RTC=174 LULC=done
2026-06-01 08:38:08 INFO     [615/1028] Done  ISMN_SNOTEL_ISMN_SNOTEL_MtRoseSkiArea  S1RTC=1438 LULC=done
2026-06-01 08:38:20 INFO     [616/1028] Done  ISMN_SNOTEL_ISMN_SNOTEL_ParleysUpper  S1RTC=546 LULC=done
2026-06-01 08:38:29 INFO     [617/1028] Done  ISMN_SNOTEL_ISMN_SNOTEL_ParrishCreek  S1RTC=555 LULC=done
2026-06-01 08:39:07 INFO     [618/1028] Done  ISMN_SNOTEL_ISMN_SNOTEL_ParleysSummit  S1RTC=789 LULC=done
2026-06-01 08:39:38 INFO     [619/1028] Done  ISMN_SNOTEL_ISMN_SNOTEL_PocketCreek  S1RTC=281 LULC=done
2026-06-01 08:39:39 INFO     [620/1028] Done  ISMN_SNOTEL_ISMN_SNOTEL_PickleKeg  S1RTC=528 LULC=done
2026-06-01 08:39:43 INFO     [621/1028] Done  ISMN_SNOTEL_ISMN_SNOTEL_PhantomValley  S1RTC=545 LULC=done
2026-06-01 08:39:57 INFO     [622/1028] Done  ISMN_SNOTEL_ISMN_SNOTEL_PierceR.S.  S1RTC=538 LULC=done
2026-06-01 08:40:06 INFO     [623/1028] Done  ISMN_SNOTEL_ISMN_SNOTEL_PoleCreekR.S.  S1RTC=97 LULC=done
2026-06-01 08:40:06 INFO     [624/1028] Done  ISMN_SNOTEL_ISMN_SNOTEL_PineCreek  S1RTC=415 LULC=done
2026-06-01 08:40:18 INFO     [625/1028] Done  ISMN_SNOTEL_ISMN_SNOTEL_PaysonR.S.  S1RTC=790 LULC=done
2026-06-01 08:40:41 INFO     [626/1028] Done  ISMN_SNOTEL_ISMN_SNOTEL_PowderMountain  S1RTC=142 LULC=done
2026-06-01 08:40:55 INFO     [627/1028] Done  ISMN_SNOTEL_ISMN_SNOTEL_PortGraham  S1RTC=239 LULC=done
2026-06-01 08:41:02 INFO     [628/1028] Done  ISMN_SNOTEL_ISMN_SNOTEL_PorphyryCreek  S1RTC=291 LULC=done
2026-06-01 08:41:39 INFO     [629/1028] Done  ISMN_SNOTEL_ISMN_SNOTEL_PoleCanyon  S1RTC=560 LULC=done
2026-06-01 08:41:56 INFO     [630/1028] Done  ISMN_SNOTEL_ISMN_SNOTEL_QuartzMountain  S1RTC=417 LULC=done
2026-06-01 08:42:13 INFO     [631/1028] Done  ISMN_SNOTEL_ISMN_SNOTEL_QuartzPeak  S1RTC=424 LULC=done
2026-06-01 08:42:57 INFO     [632/1028] Done  ISMN_SNOTEL_ISMN_SNOTEL_PoisonFlat  S1RTC=968 LULC=done
2026-06-01 08:42:57 INFO     [633/1028] Done  ISMN_SNOTEL_ISMN_SNOTEL_RainyPass  S1RTC=270 LULC=done
2026-06-01 08:43:20 INFO     [634/1028] Done  ISMN_SNOTEL_ISMN_SNOTEL_RainbowCanyon  S1RTC=513 LULC=done
2026-06-01 08:43:40 INFO     [635/1028] Done  ISMN_SNOTEL_ISMN_SNOTEL_RaggedMountain  S1RTC=593 LULC=done
2026-06-01 08:43:42 INFO     [636/1028] Done  ISMN_SNOTEL_ISMN_SNOTEL_Quemazon  S1RTC=667 LULC=done
2026-06-01 08:44:03 INFO     [637/1028] Done  ISMN_SNOTEL_ISMN_SNOTEL_ReynoldsCreek  S1RTC=243 LULC=done
2026-06-01 08:44:13 INFO     [638/1028] Done  ISMN_SNOTEL_ISMN_SNOTEL_RockwoodGS  S1RTC=116 LULC=done
2026-06-01 08:44:36 INFO     [639/1028] Done  ISMN_SNOTEL_ISMN_SNOTEL_ReddenMineLwr  S1RTC=618 LULC=done
2026-06-01 08:45:03 INFO     [640/1028] Done  ISMN_SNOTEL_ISMN_SNOTEL_RockCreek  S1RTC=359 LULC=done
2026-06-01 08:45:04 INFO     [641/1028] Done  ISMN_SNOTEL_ISMN_SNOTEL_RioSantaBarbara  S1RTC=458 LULC=done
2026-06-01 08:45:09 INFO     [642/1028] Done  ISMN_SNOTEL_ISMN_SNOTEL_RockSprings  S1RTC=332 LULC=done
2026-06-01 08:45:21 INFO     [643/1028] Done  ISMN_SNOTEL_ISMN_SNOTEL_RoughAndTumble  S1RTC=249 LULC=done
2026-06-01 08:45:23 INFO     [644/1028] Done  ISMN_SNOTEL_ISMN_SNOTEL_RockyBasin-Settleme  S1RTC=294 LULC=done
2026-06-01 08:45:29 INFO     [645/1028] Done  ISMN_SNOTEL_ISMN_SNOTEL_PorterCanyon  S1RTC=1251 LULC=done
2026-06-01 08:45:48 INFO     [646/1028] Done  ISMN_SNOTEL_ISMN_SNOTEL_ReesFlat  S1RTC=779 LULC=done
2026-06-01 08:46:33 INFO     [647/1028] Done  ISMN_SNOTEL_ISMN_SNOTEL_SavagePass  S1RTC=229 LULC=done
2026-06-01 08:46:37 INFO     [648/1028] Done  ISMN_SNOTEL_ISMN_SNOTEL_SageCreekBasin  S1RTC=348 LULC=done
2026-06-01 08:47:50 INFO     [649/1028] Done  ISMN_SNOTEL_ISMN_SNOTEL_Sawtooth  S1RTC=464 LULC=done
2026-06-01 08:47:54 INFO     [650/1028] Done  ISMN_SNOTEL_ISMN_SNOTEL_SaltRiverSummit  S1RTC=633 LULC=done
2026-06-01 08:48:11 INFO     [651/1028] Done  ISMN_SNOTEL_ISMN_SNOTEL_SantaquinMeadows  S1RTC=630 LULC=done
2026-06-01 08:48:24 INFO     [652/1028] Done  ISMN_SNOTEL_ISMN_SNOTEL_SandstoneRS  S1RTC=702 LULC=done
2026-06-01 08:48:38 INFO     [653/1028] Done  ISMN_SNOTEL_ISMN_SNOTEL_SantaFe  S1RTC=741 LULC=done
2026-06-01 08:48:57 INFO     [654/1028] Done  ISMN_SNOTEL_ISMN_SNOTEL_SenoritaDivide#2  S1RTC=239 LULC=done
2026-06-01 08:49:27 INFO     [655/1028] Done  ISMN_SNOTEL_ISMN_SNOTEL_Rubicon#2  S1RTC=1089 LULC=done
2026-06-01 08:49:49 INFO     [656/1028] Done  ISMN_SNOTEL_ISMN_SNOTEL_Sharkstooth  S1RTC=310 LULC=done
2026-06-01 08:49:54 INFO     [657/1028] Done  ISMN_SNOTEL_ISMN_SNOTEL_ShanghiSummit  S1RTC=380 LULC=done
2026-06-01 08:50:06 INFO     [658/1028] Done  ISMN_SNOTEL_ISMN_SNOTEL_SeeleyCreek  S1RTC=765 LULC=done
2026-06-01 08:50:24 INFO     [659/1028] Done  ISMN_SNOTEL_ISMN_SNOTEL_SeventysixCreek  S1RTC=529 LULC=done
2026-06-01 08:50:27 INFO     [660/1028] Done  ISMN_SNOTEL_ISMN_SNOTEL_SheepMtn.  S1RTC=398 LULC=done
2026-06-01 08:50:30 INFO     [661/1028] Done  ISMN_SNOTEL_ISMN_SNOTEL_Sherwin  S1RTC=227 LULC=done
2026-06-01 08:51:07 INFO     [662/1028] Done  ISMN_SNOTEL_ISMN_SNOTEL_SchofieldPass  S1RTC=1004 LULC=done
2026-06-01 08:51:21 INFO     [663/1028] Done  ISMN_SNOTEL_ISMN_SNOTEL_Silvies  S1RTC=310 LULC=done
2026-06-01 08:51:37 INFO     [664/1028] Done  ISMN_SNOTEL_ISMN_SNOTEL_Shuree  S1RTC=364 LULC=done
2026-06-01 08:51:46 INFO     [665/1028] Done  ISMN_SNOTEL_ISMN_SNOTEL_Sheldon  S1RTC=621 LULC=done
2026-06-01 08:52:26 INFO     [666/1028] Done  ISMN_SNOTEL_ISMN_SNOTEL_SmithMorehouse  S1RTC=442 LULC=done
2026-06-01 08:52:59 INFO     [667/1028] Done  ISMN_SNOTEL_ISMN_SNOTEL_SomsenRanch  S1RTC=402 LULC=done
2026-06-01 08:53:01 INFO     [668/1028] Done  ISMN_SNOTEL_ISMN_SNOTEL_Snowbird  S1RTC=657 LULC=done
2026-06-01 08:53:16 INFO     [669/1028] Done  ISMN_SNOTEL_ISMN_SNOTEL_Slumgullion  S1RTC=764 LULC=done
2026-06-01 08:53:47 INFO     [670/1028] Done  ISMN_SNOTEL_ISMN_SNOTEL_SourdoughGulch  S1RTC=483 LULC=done
2026-06-01 08:54:03 INFO     [671/1028] Done  ISMN_SNOTEL_ISMN_SNOTEL_SnakeRiverStation  S1RTC=790 LULC=done
2026-06-01 08:55:02 INFO     [672/1028] Done  ISMN_SNOTEL_ISMN_SNOTEL_SouthBrushCreek  S1RTC=700 LULC=done
2026-06-01 08:55:07 INFO     [673/1028] Done  ISMN_SNOTEL_ISMN_SNOTEL_SpringCreek  S1RTC=378 LULC=done
2026-06-01 08:55:11 INFO     [674/1028] Done  ISMN_SNOTEL_ISMN_SNOTEL_SpiritLk  S1RTC=573 LULC=done
2026-06-01 08:55:50 INFO     [675/1028] Done  ISMN_SNOTEL_ISMN_SNOTEL_SteelCreekPark  S1RTC=375 LULC=done
2026-06-01 08:55:54 INFO     [676/1028] Done  ISMN_SNOTEL_ISMN_SNOTEL_StateLine  S1RTC=452 LULC=done
2026-06-01 08:55:56 INFO     [677/1028] Done  ISMN_SNOTEL_ISMN_SNOTEL_SouthMtn.  S1RTC=755 LULC=done
2026-06-01 08:56:16 INFO     [678/1028] Done  ISMN_SNOTEL_ISMN_SNOTEL_SonoraPass  S1RTC=1183 LULC=done
2026-06-01 08:56:25 INFO     [679/1028] Done  ISMN_SNOTEL_ISMN_SNOTEL_StillwaterCreek  S1RTC=285 LULC=done
2026-06-01 08:56:36 INFO     [680/1028] Done  ISMN_SNOTEL_ISMN_SNOTEL_SprattCreek  S1RTC=784 LULC=done
2026-06-01 08:57:18 INFO     [681/1028] Done  ISMN_SNOTEL_ISMN_SNOTEL_SummitCreek  S1RTC=302 LULC=done
2026-06-01 08:57:22 INFO     [682/1028] Done  ISMN_SNOTEL_ISMN_SNOTEL_SummitRanch  S1RTC=249 LULC=done
2026-06-01 08:58:37 INFO     [683/1028] Done  ISMN_SNOTEL_ISMN_SNOTEL_SusitnaValleyHigh  S1RTC=294 LULC=done
2026-06-01 08:58:37 INFO     [684/1028] Done  ISMN_SNOTEL_ISMN_SNOTEL_StrawberryDivide  S1RTC=783 LULC=done
2026-06-01 08:58:42 INFO     [685/1028] Done  ISMN_SNOTEL_ISMN_SNOTEL_Sunset  S1RTC=451 LULC=done
2026-06-01 08:58:50 INFO     [686/1028] Done  ISMN_SNOTEL_ISMN_SNOTEL_StickneyMill  S1RTC=796 LULC=done
2026-06-01 08:59:04 INFO     [687/1028] Done  ISMN_SNOTEL_ISMN_SNOTEL_SunflowerFlat  S1RTC=559 LULC=done
2026-06-01 08:59:11 INFO     [688/1028] Done  ISMN_SNOTEL_ISMN_SNOTEL_SummitLk  S1RTC=724 LULC=done
2026-06-01 08:59:45 INFO     [689/1028] Done  ISMN_SNOTEL_ISMN_SNOTEL_SuuRanch  S1RTC=512 LULC=done
2026-06-01 08:59:55 INFO     [690/1028] Done  ISMN_SNOTEL_ISMN_SNOTEL_TaosPueblo  S1RTC=182 LULC=done
2026-06-01 09:00:04 INFO     [691/1028] Done  ISMN_SNOTEL_ISMN_SNOTEL_TakkaWiiya  S1RTC=279 LULC=done
2026-06-01 09:00:27 INFO     [692/1028] Done  ISMN_SNOTEL_ISMN_SNOTEL_TaylorCanyon  S1RTC=269 LULC=done
2026-06-01 09:00:53 INFO     [693/1028] Done  ISMN_SNOTEL_ISMN_SNOTEL_SwedePeak  S1RTC=539 LULC=done
2026-06-01 09:00:59 INFO     [694/1028] Done  ISMN_SNOTEL_ISMN_SNOTEL_TaosPowderhorn  S1RTC=481 LULC=done
2026-06-01 09:01:22 INFO     [695/1028] Done  ISMN_SNOTEL_ISMN_SNOTEL_ThaynesCanyon  S1RTC=293 LULC=done
2026-06-01 09:01:52 INFO     [696/1028] Done  ISMN_SNOTEL_ISMN_SNOTEL_TempleFork  S1RTC=423 LULC=done
2026-06-01 09:02:25 INFO     [697/1028] Done  ISMN_SNOTEL_ISMN_SNOTEL_TelaquanaLake  S1RTC=567 LULC=done
2026-06-01 09:02:32 INFO     [698/1028] Done  ISMN_SNOTEL_ISMN_SNOTEL_SummitMeadow  S1RTC=1446 LULC=done
2026-06-01 09:02:42 INFO     [699/1028] Done  ISMN_SNOTEL_ISMN_SNOTEL_Timberline  S1RTC=377 LULC=done
2026-06-01 09:03:09 INFO     [700/1028] Done  ISMN_SNOTEL_ISMN_SNOTEL_Tok  S1RTC=134 LULC=done
2026-06-01 09:03:22 INFO     [701/1028] Done  ISMN_SNOTEL_ISMN_SNOTEL_Tipton  S1RTC=399 LULC=done
2026-06-01 09:03:33 INFO     [702/1028] Done  ISMN_SNOTEL_ISMN_SNOTEL_TahoeCityCross  S1RTC=1087 LULC=done
2026-06-01 09:03:59 INFO     [703/1028] Done  ISMN_SNOTEL_ISMN_SNOTEL_ThistleFlat  S1RTC=790 LULC=done
2026-06-01 09:04:08 INFO     [704/1028] Done  ISMN_SNOTEL_ISMN_SNOTEL_ThumbDivide  S1RTC=709 LULC=done
2026-06-01 09:04:29 INFO     [705/1028] Done  ISMN_SNOTEL_ISMN_SNOTEL_TokositnaValley  S1RTC=359 LULC=done
2026-06-01 09:04:29 INFO     [706/1028] Done  ISMN_SNOTEL_ISMN_SNOTEL_TonyGroveRS  S1RTC=261 LULC=done
2026-06-01 09:04:36 INFO     [707/1028] Done  ISMN_SNOTEL_ISMN_SNOTEL_ToeJam  S1RTC=459 LULC=done
2026-06-01 09:04:59 INFO     [708/1028] Done  ISMN_SNOTEL_ISMN_SNOTEL_TimpanogosDivide  S1RTC=790 LULC=done
2026-06-01 09:05:10 INFO     [709/1028] Done  ISMN_SNOTEL_ISMN_SNOTEL_Touchet  S1RTC=334 LULC=done
2026-06-01 09:05:33 INFO     [710/1028] Done  ISMN_SNOTEL_ISMN_SNOTEL_TonyGroveLake  S1RTC=553 LULC=done
2026-06-01 09:05:37 INFO     [711/1028] Done  ISMN_SNOTEL_ISMN_SNOTEL_Trough  S1RTC=233 LULC=done
2026-06-01 09:06:10 INFO     [712/1028] Done  ISMN_SNOTEL_ISMN_SNOTEL_TrialLake  S1RTC=448 LULC=done
2026-06-01 09:06:13 INFO     [713/1028] Done  ISMN_SNOTEL_ISMN_SNOTEL_TresRitos  S1RTC=480 LULC=done
2026-06-01 09:06:26 INFO     [714/1028] Done  ISMN_SNOTEL_ISMN_SNOTEL_UpperNomeCreek  S1RTC=192 LULC=done
2026-06-01 09:06:40 INFO     [715/1028] Done  ISMN_SNOTEL_ISMN_SNOTEL_UpperJoesValley  S1RTC=341 LULC=done
2026-06-01 09:07:04 INFO     [716/1028] Done  ISMN_SNOTEL_ISMN_SNOTEL_TroutCreek  S1RTC=537 LULC=done
2026-06-01 09:07:40 INFO     [717/1028] Done  ISMN_SNOTEL_ISMN_SNOTEL_TriplePeak  S1RTC=696 LULC=done
2026-06-01 09:07:47 INFO     [718/1028] Done  ISMN_SNOTEL_ISMN_SNOTEL_UpperRioGrande  S1RTC=484 LULC=done
2026-06-01 09:08:00 INFO     [719/1028] Done  ISMN_SNOTEL_ISMN_SNOTEL_Truckee#2  S1RTC=670 LULC=done
2026-06-01 09:08:34 INFO     [720/1028] Done  ISMN_SNOTEL_ISMN_SNOTEL_UpperSanJuan  S1RTC=514 LULC=done
2026-06-01 09:08:39 INFO     [721/1028] Done  ISMN_SNOTEL_ISMN_SNOTEL_UpperTaylor  S1RTC=528 LULC=done
2026-06-01 09:08:48 INFO     [722/1028] Done  ISMN_SNOTEL_ISMN_SNOTEL_UpperTsainaRiver  S1RTC=507 LULC=done
2026-06-01 09:09:01 INFO     [723/1028] Done  ISMN_SNOTEL_ISMN_SNOTEL_WardMountain  S1RTC=70 LULC=done
2026-06-01 09:09:09 INFO     [724/1028] Done  ISMN_SNOTEL_ISMN_SNOTEL_UsuDocDaniel  S1RTC=552 LULC=done
2026-06-01 09:09:37 INFO     [725/1028] Done  ISMN_SNOTEL_ISMN_SNOTEL_VernonCreek  S1RTC=414 LULC=done
2026-06-01 09:09:53 INFO     [726/1028] Done  ISMN_SNOTEL_ISMN_SNOTEL_VacasLocas  S1RTC=486 LULC=done
2026-06-01 09:10:01 INFO     [727/1028] Done  ISMN_SNOTEL_ISMN_SNOTEL_WesnerSprings  S1RTC=205 LULC=done
2026-06-01 09:10:06 INFO     [728/1028] Done  ISMN_SNOTEL_ISMN_SNOTEL_VacarroSprings  S1RTC=661 LULC=done
2026-06-01 09:10:58 INFO     [729/1028] Done  ISMN_SNOTEL_ISMN_SNOTEL_WheelerPeak  S1RTC=387 LULC=done
2026-06-01 09:11:03 INFO     [730/1028] Done  ISMN_SNOTEL_ISMN_SNOTEL_WebsterFlat  S1RTC=512 LULC=done
2026-06-01 09:11:42 INFO     [731/1028] Done  ISMN_SNOTEL_ISMN_SNOTEL_WilburBench  S1RTC=376 LULC=done
2026-06-01 09:11:56 INFO     [732/1028] Done  ISMN_SNOTEL_ISMN_SNOTEL_WardCreek#3  S1RTC=751 LULC=done
2026-06-01 09:12:01 INFO     [733/1028] Done  ISMN_SNOTEL_ISMN_SNOTEL_WilsonCreek  S1RTC=212 LULC=done
2026-06-01 09:12:05 INFO     [734/1028] Done  ISMN_SNOTEL_ISMN_SNOTEL_WildBasin  S1RTC=430 LULC=done
2026-06-01 09:12:14 INFO     [735/1028] Done  ISMN_SNOTEL_ISMN_SNOTEL_WildhorseDivide  S1RTC=281 LULC=done
2026-06-01 09:12:31 INFO     [736/1028] Done  ISMN_SNOTEL_ISMN_SNOTEL_WhiteRiver#1  S1RTC=634 LULC=done
2026-06-01 09:12:46 INFO     [737/1028] Done  ISMN_SNOTEL_ISMN_SNOTEL_WindyPeak  S1RTC=230 LULC=done
2026-06-01 09:12:46 INFO     [738/1028] Done  ISMN_SNOTEL_ISMN_SNOTEL_Widtsoe#3  S1RTC=648 LULC=done
2026-06-01 09:13:07 INFO     [739/1028] Done  ISMN_SNOTEL_ISMN_SNOTEL_VirginiaLakesRidge  S1RTC=1102 LULC=done
2026-06-01 09:13:39 INFO     [740/1028] Done  ISMN_SNOTEL_ISMN_SNOTEL_WolfCreekPeak  S1RTC=472 LULC=done
2026-06-01 09:13:50 INFO     [741/1028] Done  ISMN_SOILSCAPE_ISMN_SOILSCAPE_Lucky-Hills-1506  S1RTC=234 LULC=done
2026-06-01 09:13:50 INFO     [742/1028] Done  ISMN_SOILSCAPE_ISMN_SOILSCAPE_Lucky-Hills-1503  S1RTC=224 LULC=done
2026-06-01 09:13:58 INFO     [743/1028] Done  ISMN_SNOTEL_ISMN_SNOTEL_WolfCreekSummit  S1RTC=424 LULC=done
2026-06-01 09:14:36 INFO     [744/1028] Done  ISMN_SNOTEL_ISMN_SNOTEL_YankeeReservoir  S1RTC=514 LULC=done
2026-06-01 09:15:37 INFO     [745/1028] Done  ISMN_SNOTEL_ISMN_SNOTEL_Zirkel  S1RTC=806 LULC=done
2026-06-01 09:15:42 INFO     [746/1028] Done  ISMN_SNOTEL_ISMN_SNOTEL_WrigleyCreek  S1RTC=790 LULC=done
2026-06-01 09:16:52 INFO     [747/1028] Done  ISMN_TERENO_ISMN_TERENO_Wildenrath  S1RTC=271 LULC=done
2026-06-01 09:16:58 INFO     GDAL signalled an error: err_no=4, msg="`/vsicurl/https://sentinel1euwestrtc.blob.core.windows.net/sentinel1-grd-rtc/GRD/2017/6/9/IW/DV/S1B_IW_GRDH_1SDV_20170609T052646_20170609T052711_005969_00A798_14DF/measurement/iw-vv.rtc.tiff?st=2026-05-31T06%3A31%3A58Z&se=2026-06-01T07%3A16%3A58Z&sp=rl&sv=2025-07-05&sr=c&skoid=9c8ff44a-6a2c-4dfb-b298-1c9212f64d9a&sktid=72f988bf-86f1-41af-91ab-2d7cd011db47&skt=2026-06-01T02%3A31%3A50Z&ske=2026-06-08T02%3A31%3A50Z&sks=b&skv=2025-07-05&sig=DPBqCelezinej8/duMw%2BsLF4jD2Pg/x/%2B/mGbZlv5Zw%3D' not recognized as being in a supported file format."
2026-06-01 09:16:58 INFO     GDAL signalled an error: err_no=4, msg="`/vsicurl/https://sentinel1euwestrtc.blob.core.windows.net/sentinel1-grd-rtc/GRD/2020/8/22/IW/DV/S1B_IW_GRDH_1SDV_20200822T172411_20200822T172436_023039_02BBEC_7949/measurement/iw-vh.rtc.tiff?st=2026-05-31T06%3A31%3A58Z&se=2026-06-01T07%3A16%3A58Z&sp=rl&sv=2025-07-05&sr=c&skoid=9c8ff44a-6a2c-4dfb-b298-1c9212f64d9a&sktid=72f988bf-86f1-41af-91ab-2d7cd011db47&skt=2026-06-01T02%3A31%3A50Z&ske=2026-06-08T02%3A31%3A50Z&sks=b&skv=2025-07-05&sig=DPBqCelezinej8/duMw%2BsLF4jD2Pg/x/%2B/mGbZlv5Zw%3D' not recognized as being in a supported file format."
2026-06-01 09:16:58 WARNING    Attempt 1 failed (Error opening 'https://sentinel1euwestrtc.blob.core.windows.net/sentinel1-grd-rtc/GRD/2017/6/9/IW/DV/S1B_IW_GRDH_1SDV_20170609T052646_20170609T052711_005969_00A798_14DF/measurement/iw-vv.rtc.tiff?st=2026-05-31T06%3A31%3A58Z&se=2026-06-01T07%3A16%3A58Z&sp=rl&sv=2025-07-05&sr=c&skoid=9c8ff44a-6a2c-4dfb-b298-1c9212f64d9a&sktid=72f988bf-86f1-41af-91ab-2d7cd011db47&skt=2026-06-01T02%3A31%3A50Z&ske=2026-06-08T02%3A31%3A50Z&sks=b&skv=2025-07-05&sig=DPBqCelezinej8/duMw%2BsLF4jD2Pg/x/%2B/mGbZlv5Zw%3D': RasterioIOError("'/vsicurl/https://sentinel1euwestrtc.blob.core.windows.net/sentinel1-grd-rtc/GRD/2017/6/9/IW/DV/S1B_IW_GRDH_1SDV_20170609T052646_20170609T052711_005969_00A798_14DF/measurement/iw-vv.rtc.tiff?st=2026-05-31T06%3A31%3A58Z&se=2026-06-01T07%3A16%3A58Z&sp=rl&sv=2025-07-05&sr=c&skoid=9c8ff44a-6a2c-4dfb-b298-1c9212f64d9a&sktid=72f988bf-86f1-41af-91ab-2d7cd011db47&skt=2026-06-01T02%3A31%3A50Z&ske=2026-06-08T02%3A31%3A50Z&sks=b&skv=2025-07-05&sig=DPBqCelezinej8/duMw%2BsLF4jD2Pg/x/%2B/mGbZlv5Zw%3D' not recognized as being in a supported file format.")). Retrying in 5s…
2026-06-01 09:16:58 WARNING    Attempt 1 failed (Error opening 'https://sentinel1euwestrtc.blob.core.windows.net/sentinel1-grd-rtc/GRD/2020/8/22/IW/DV/S1B_IW_GRDH_1SDV_20200822T172411_20200822T172436_023039_02BBEC_7949/measurement/iw-vh.rtc.tiff?st=2026-05-31T06%3A31%3A58Z&se=2026-06-01T07%3A16%3A58Z&sp=rl&sv=2025-07-05&sr=c&skoid=9c8ff44a-6a2c-4dfb-b298-1c9212f64d9a&sktid=72f988bf-86f1-41af-91ab-2d7cd011db47&skt=2026-06-01T02%3A31%3A50Z&ske=2026-06-08T02%3A31%3A50Z&sks=b&skv=2025-07-05&sig=DPBqCelezinej8/duMw%2BsLF4jD2Pg/x/%2B/mGbZlv5Zw%3D': RasterioIOError("'/vsicurl/https://sentinel1euwestrtc.blob.core.windows.net/sentinel1-grd-rtc/GRD/2020/8/22/IW/DV/S1B_IW_GRDH_1SDV_20200822T172411_20200822T172436_023039_02BBEC_7949/measurement/iw-vh.rtc.tiff?st=2026-05-31T06%3A31%3A58Z&se=2026-06-01T07%3A16%3A58Z&sp=rl&sv=2025-07-05&sr=c&skoid=9c8ff44a-6a2c-4dfb-b298-1c9212f64d9a&sktid=72f988bf-86f1-41af-91ab-2d7cd011db47&skt=2026-06-01T02%3A31%3A50Z&ske=2026-06-08T02%3A31%3A50Z&sks=b&skv=2025-07-05&sig=DPBqCelezinej8/duMw%2BsLF4jD2Pg/x/%2B/mGbZlv5Zw%3D' not recognized as being in a supported file format.")). Retrying in 5s…
2026-06-01 09:16:58 INFO     GDAL signalled an error: err_no=4, msg="`/vsicurl/https://sentinel1euwestrtc.blob.core.windows.net/sentinel1-grd-rtc/GRD/2020/8/22/IW/DV/S1B_IW_GRDH_1SDV_20200822T172411_20200822T172436_023039_02BBEC_7949/measurement/iw-vv.rtc.tiff?st=2026-05-31T06%3A31%3A58Z&se=2026-06-01T07%3A16%3A58Z&sp=rl&sv=2025-07-05&sr=c&skoid=9c8ff44a-6a2c-4dfb-b298-1c9212f64d9a&sktid=72f988bf-86f1-41af-91ab-2d7cd011db47&skt=2026-06-01T02%3A31%3A50Z&ske=2026-06-08T02%3A31%3A50Z&sks=b&skv=2025-07-05&sig=DPBqCelezinej8/duMw%2BsLF4jD2Pg/x/%2B/mGbZlv5Zw%3D' not recognized as being in a supported file format."
2026-06-01 09:16:58 INFO     GDAL signalled an error: err_no=1, msg='TIFFFillTile:Read error at row 4294967295, col 4294967295, tile 1748; got 0 bytes, expected 847010'
2026-06-01 09:16:58 INFO     GDAL signalled an error: err_no=1, msg='TIFFFillTile:Read error at row 4294967295, col 4294967295, tile 235; got 0 bytes, expected 854226'
2026-06-01 09:16:58 INFO     GDAL signalled an error: err_no=1, msg='TIFFFillTile:Read error at row 4294967295, col 4294967295, tile 1748; got 0 bytes, expected 847924'
2026-06-01 09:16:58 INFO     GDAL signalled an error: err_no=4, msg="`/vsicurl/https://sentinel1euwestrtc.blob.core.windows.net/sentinel1-grd-rtc/GRD/2017/12/19/IW/DV/S1B_IW_GRDH_1SDV_20171219T171350_20171219T171415_008791_00FA64_F887/measurement/iw-vh.rtc.tiff?st=2026-05-31T06%3A31%3A58Z&se=2026-06-01T07%3A16%3A58Z&sp=rl&sv=2025-07-05&sr=c&skoid=9c8ff44a-6a2c-4dfb-b298-1c9212f64d9a&sktid=72f988bf-86f1-41af-91ab-2d7cd011db47&skt=2026-06-01T02%3A31%3A50Z&ske=2026-06-08T02%3A31%3A50Z&sks=b&skv=2025-07-05&sig=DPBqCelezinej8/duMw%2BsLF4jD2Pg/x/%2B/mGbZlv5Zw%3D' not recognized as being in a supported file format."
2026-06-01 09:16:58 INFO     GDAL signalled an error: err_no=4, msg="`/vsicurl/https://sentinel1euwestrtc.blob.core.windows.net/sentinel1-grd-rtc/GRD/2017/12/19/IW/DV/S1B_IW_GRDH_1SDV_20171219T171350_20171219T171415_008791_00FA64_F887/measurement/iw-vv.rtc.tiff?st=2026-05-31T06%3A31%3A58Z&se=2026-06-01T07%3A16%3A58Z&sp=rl&sv=2025-07-05&sr=c&skoid=9c8ff44a-6a2c-4dfb-b298-1c9212f64d9a&sktid=72f988bf-86f1-41af-91ab-2d7cd011db47&skt=2026-06-01T02%3A31%3A50Z&ske=2026-06-08T02%3A31%3A50Z&sks=b&skv=2025-07-05&sig=DPBqCelezinej8/duMw%2BsLF4jD2Pg/x/%2B/mGbZlv5Zw%3D' not recognized as being in a supported file format."
2026-06-01 09:16:58 INFO     GDAL signalled an error: err_no=4, msg="`/vsicurl/https://sentinel1euwestrtc.blob.core.windows.net/sentinel1-grd-rtc/GRD/2017/3/26/IW/DV/S1A_IW_GRDH_1SDV_20170326T055004_20170326T055029_015859_01A21E_DBFF/measurement/iw-vh.rtc.tiff?st=2026-05-31T06%3A31%3A58Z&se=2026-06-01T07%3A16%3A58Z&sp=rl&sv=2025-07-05&sr=c&skoid=9c8ff44a-6a2c-4dfb-b298-1c9212f64d9a&sktid=72f988bf-86f1-41af-91ab-2d7cd011db47&skt=2026-06-01T02%3A31%3A50Z&ske=2026-06-08T02%3A31%3A50Z&sks=b&skv=2025-07-05&sig=DPBqCelezinej8/duMw%2BsLF4jD2Pg/x/%2B/mGbZlv5Zw%3D' not recognized as being in a supported file format."
2026-06-01 09:16:58 INFO     GDAL signalled an error: err_no=4, msg="`/vsicurl/https://sentinel1euwestrtc.blob.core.windows.net/sentinel1-grd-rtc/GRD/2017/3/26/IW/DV/S1A_IW_GRDH_1SDV_20170326T055004_20170326T055029_015859_01A21E_DBFF/measurement/iw-vv.rtc.tiff?st=2026-05-31T06%3A31%3A58Z&se=2026-06-01T07%3A16%3A58Z&sp=rl&sv=2025-07-05&sr=c&skoid=9c8ff44a-6a2c-4dfb-b298-1c9212f64d9a&sktid=72f988bf-86f1-41af-91ab-2d7cd011db47&skt=2026-06-01T02%3A31%3A50Z&ske=2026-06-08T02%3A31%3A50Z&sks=b&skv=2025-07-05&sig=DPBqCelezinej8/duMw%2BsLF4jD2Pg/x/%2B/mGbZlv5Zw%3D' not recognized as being in a supported file format."
2026-06-01 09:16:58 INFO     GDAL signalled an error: err_no=1, msg='TIFFReadEncodedTile() failed.'
2026-06-01 09:16:58 INFO     GDAL signalled an error: err_no=1, msg='TIFFReadEncodedTile() failed.'
2026-06-01 09:16:58 INFO     GDAL signalled an error: err_no=1, msg='TIFFReadEncodedTile() failed.'
2026-06-01 09:16:58 WARNING    Attempt 1 failed (Error opening 'https://sentinel1euwestrtc.blob.core.windows.net/sentinel1-grd-rtc/GRD/2017/12/19/IW/DV/S1B_IW_GRDH_1SDV_20171219T171350_20171219T171415_008791_00FA64_F887/measurement/iw-vh.rtc.tiff?st=2026-05-31T06%3A31%3A58Z&se=2026-06-01T07%3A16%3A58Z&sp=rl&sv=2025-07-05&sr=c&skoid=9c8ff44a-6a2c-4dfb-b298-1c9212f64d9a&sktid=72f988bf-86f1-41af-91ab-2d7cd011db47&skt=2026-06-01T02%3A31%3A50Z&ske=2026-06-08T02%3A31%3A50Z&sks=b&skv=2025-07-05&sig=DPBqCelezinej8/duMw%2BsLF4jD2Pg/x/%2B/mGbZlv5Zw%3D': RasterioIOError("'/vsicurl/https://sentinel1euwestrtc.blob.core.windows.net/sentinel1-grd-rtc/GRD/2017/12/19/IW/DV/S1B_IW_GRDH_1SDV_20171219T171350_20171219T171415_008791_00FA64_F887/measurement/iw-vh.rtc.tiff?st=2026-05-31T06%3A31%3A58Z&se=2026-06-01T07%3A16%3A58Z&sp=rl&sv=2025-07-05&sr=c&skoid=9c8ff44a-6a2c-4dfb-b298-1c9212f64d9a&sktid=72f988bf-86f1-41af-91ab-2d7cd011db47&skt=2026-06-01T02%3A31%3A50Z&ske=2026-06-08T02%3A31%3A50Z&sks=b&skv=2025-07-05&sig=DPBqCelezinej8/duMw%2BsLF4jD2Pg/x/%2B/mGbZlv5Zw%3D' not recognized as being in a supported file format.")). Retrying in 5s…
2026-06-01 09:16:58 WARNING    Attempt 1 failed (Error opening 'https://sentinel1euwestrtc.blob.core.windows.net/sentinel1-grd-rtc/GRD/2017/3/26/IW/DV/S1A_IW_GRDH_1SDV_20170326T055004_20170326T055029_015859_01A21E_DBFF/measurement/iw-vh.rtc.tiff?st=2026-05-31T06%3A31%3A58Z&se=2026-06-01T07%3A16%3A58Z&sp=rl&sv=2025-07-05&sr=c&skoid=9c8ff44a-6a2c-4dfb-b298-1c9212f64d9a&sktid=72f988bf-86f1-41af-91ab-2d7cd011db47&skt=2026-06-01T02%3A31%3A50Z&ske=2026-06-08T02%3A31%3A50Z&sks=b&skv=2025-07-05&sig=DPBqCelezinej8/duMw%2BsLF4jD2Pg/x/%2B/mGbZlv5Zw%3D': RasterioIOError("'/vsicurl/https://sentinel1euwestrtc.blob.core.windows.net/sentinel1-grd-rtc/GRD/2017/3/26/IW/DV/S1A_IW_GRDH_1SDV_20170326T055004_20170326T055029_015859_01A21E_DBFF/measurement/iw-vh.rtc.tiff?st=2026-05-31T06%3A31%3A58Z&se=2026-06-01T07%3A16%3A58Z&sp=rl&sv=2025-07-05&sr=c&skoid=9c8ff44a-6a2c-4dfb-b298-1c9212f64d9a&sktid=72f988bf-86f1-41af-91ab-2d7cd011db47&skt=2026-06-01T02%3A31%3A50Z&ske=2026-06-08T02%3A31%3A50Z&sks=b&skv=2025-07-05&sig=DPBqCelezinej8/duMw%2BsLF4jD2Pg/x/%2B/mGbZlv5Zw%3D' not recognized as being in a supported file format.")). Retrying in 5s…
2026-06-01 09:16:58 INFO     GDAL signalled an error: err_no=1, msg='mGbZlv5Zw%3D, band 1: IReadBlock failed at X offset 8, Y offset 30: TIFFReadEncodedTile() failed.'
2026-06-01 09:16:58 INFO     GDAL signalled an error: err_no=1, msg='mGbZlv5Zw%3D, band 1: IReadBlock failed at X offset 7, Y offset 4: TIFFReadEncodedTile() failed.'
2026-06-01 09:16:58 INFO     GDAL signalled an error: err_no=1, msg='mGbZlv5Zw%3D, band 1: IReadBlock failed at X offset 8, Y offset 30: TIFFReadEncodedTile() failed.'
2026-06-01 09:16:58 WARNING    Attempt 1 failed (Error reading Window(col_off=0, row_off=0, width=225, height=225) from 'https://sentinel1euwestrtc.blob.core.windows.net/sentinel1-grd-rtc/GRD/2021/6/28/IW/DV/S1A_IW_GRDH_1SDV_20210628T054216_20210628T054241_038536_048C2D_E335/measurement/iw-vv.rtc.tiff?st=2026-05-31T06%3A31%3A58Z&se=2026-06-01T07%3A16%3A58Z&sp=rl&sv=2025-07-05&sr=c&skoid=9c8ff44a-6a2c-4dfb-b298-1c9212f64d9a&sktid=72f988bf-86f1-41af-91ab-2d7cd011db47&skt=2026-06-01T02%3A31%3A50Z&ske=2026-06-08T02%3A31%3A50Z&sks=b&skv=2025-07-05&sig=DPBqCelezinej8/duMw%2BsLF4jD2Pg/x/%2B/mGbZlv5Zw%3D': RasterioIOError('Read failed. See previous exception for details.')). Retrying in 5s…
2026-06-01 09:16:58 INFO     GDAL signalled an error: err_no=4, msg="`/vsicurl/https://sentinel1euwestrtc.blob.core.windows.net/sentinel1-grd-rtc/GRD/2017/4/28/IW/DV/S1B_IW_GRDH_1SDV_20170428T172337_20170428T172402_005364_00966C_957C/measurement/iw-vv.rtc.tiff?st=2026-05-31T06%3A31%3A58Z&se=2026-06-01T07%3A16%3A58Z&sp=rl&sv=2025-07-05&sr=c&skoid=9c8ff44a-6a2c-4dfb-b298-1c9212f64d9a&sktid=72f988bf-86f1-41af-91ab-2d7cd011db47&skt=2026-06-01T02%3A31%3A50Z&ske=2026-06-08T02%3A31%3A50Z&sks=b&skv=2025-07-05&sig=DPBqCelezinej8/duMw%2BsLF4jD2Pg/x/%2B/mGbZlv5Zw%3D' not recognized as being in a supported file format."
2026-06-01 09:16:58 INFO     GDAL signalled an error: err_no=4, msg="`/vsicurl/https://sentinel1euwestrtc.blob.core.windows.net/sentinel1-grd-rtc/GRD/2017/4/28/IW/DV/S1B_IW_GRDH_1SDV_20170428T172337_20170428T172402_005364_00966C_957C/measurement/iw-vh.rtc.tiff?st=2026-05-31T06%3A31%3A58Z&se=2026-06-01T07%3A16%3A58Z&sp=rl&sv=2025-07-05&sr=c&skoid=9c8ff44a-6a2c-4dfb-b298-1c9212f64d9a&sktid=72f988bf-86f1-41af-91ab-2d7cd011db47&skt=2026-06-01T02%3A31%3A50Z&ske=2026-06-08T02%3A31%3A50Z&sks=b&skv=2025-07-05&sig=DPBqCelezinej8/duMw%2BsLF4jD2Pg/x/%2B/mGbZlv5Zw%3D' not recognized as being in a supported file format."
2026-06-01 09:16:58 WARNING    Attempt 1 failed (Error opening 'https://sentinel1euwestrtc.blob.core.windows.net/sentinel1-grd-rtc/GRD/2017/4/28/IW/DV/S1B_IW_GRDH_1SDV_20170428T172337_20170428T172402_005364_00966C_957C/measurement/iw-vv.rtc.tiff?st=2026-05-31T06%3A31%3A58Z&se=2026-06-01T07%3A16%3A58Z&sp=rl&sv=2025-07-05&sr=c&skoid=9c8ff44a-6a2c-4dfb-b298-1c9212f64d9a&sktid=72f988bf-86f1-41af-91ab-2d7cd011db47&skt=2026-06-01T02%3A31%3A50Z&ske=2026-06-08T02%3A31%3A50Z&sks=b&skv=2025-07-05&sig=DPBqCelezinej8/duMw%2BsLF4jD2Pg/x/%2B/mGbZlv5Zw%3D': RasterioIOError("'/vsicurl/https://sentinel1euwestrtc.blob.core.windows.net/sentinel1-grd-rtc/GRD/2017/4/28/IW/DV/S1B_IW_GRDH_1SDV_20170428T172337_20170428T172402_005364_00966C_957C/measurement/iw-vv.rtc.tiff?st=2026-05-31T06%3A31%3A58Z&se=2026-06-01T07%3A16%3A58Z&sp=rl&sv=2025-07-05&sr=c&skoid=9c8ff44a-6a2c-4dfb-b298-1c9212f64d9a&sktid=72f988bf-86f1-41af-91ab-2d7cd011db47&skt=2026-06-01T02%3A31%3A50Z&ske=2026-06-08T02%3A31%3A50Z&sks=b&skv=2025-07-05&sig=DPBqCelezinej8/duMw%2BsLF4jD2Pg/x/%2B/mGbZlv5Zw%3D' not recognized as being in a supported file format.")). Retrying in 5s…
2026-06-01 09:16:58 INFO     GDAL signalled an error: err_no=4, msg="`/vsicurl/https://sentinel1euwestrtc.blob.core.windows.net/sentinel1-grd-rtc/GRD/2019/11/11/IW/DV/S1A_IW_GRDH_1SDV_20191111T055021_20191111T055046_029859_0367D4_81A1/measurement/iw-vv.rtc.tiff?st=2026-05-31T06%3A31%3A58Z&se=2026-06-01T07%3A16%3A58Z&sp=rl&sv=2025-07-05&sr=c&skoid=9c8ff44a-6a2c-4dfb-b298-1c9212f64d9a&sktid=72f988bf-86f1-41af-91ab-2d7cd011db47&skt=2026-06-01T02%3A31%3A50Z&ske=2026-06-08T02%3A31%3A50Z&sks=b&skv=2025-07-05&sig=DPBqCelezinej8/duMw%2BsLF4jD2Pg/x/%2B/mGbZlv5Zw%3D' not recognized as being in a supported file format."
2026-06-01 09:16:58 INFO     GDAL signalled an error: err_no=4, msg="`/vsicurl/https://sentinel1euwestrtc.blob.core.windows.net/sentinel1-grd-rtc/GRD/2019/11/11/IW/DV/S1A_IW_GRDH_1SDV_20191111T055021_20191111T055046_029859_0367D4_81A1/measurement/iw-vh.rtc.tiff?st=2026-05-31T06%3A31%3A58Z&se=2026-06-01T07%3A16%3A58Z&sp=rl&sv=2025-07-05&sr=c&skoid=9c8ff44a-6a2c-4dfb-b298-1c9212f64d9a&sktid=72f988bf-86f1-41af-91ab-2d7cd011db47&skt=2026-06-01T02%3A31%3A50Z&ske=2026-06-08T02%3A31%3A50Z&sks=b&skv=2025-07-05&sig=DPBqCelezinej8/duMw%2BsLF4jD2Pg/x/%2B/mGbZlv5Zw%3D' not recognized as being in a supported file format."
2026-06-01 09:16:58 WARNING    Attempt 1 failed (Error opening 'https://sentinel1euwestrtc.blob.core.windows.net/sentinel1-grd-rtc/GRD/2019/11/11/IW/DV/S1A_IW_GRDH_1SDV_20191111T055021_20191111T055046_029859_0367D4_81A1/measurement/iw-vv.rtc.tiff?st=2026-05-31T06%3A31%3A58Z&se=2026-06-01T07%3A16%3A58Z&sp=rl&sv=2025-07-05&sr=c&skoid=9c8ff44a-6a2c-4dfb-b298-1c9212f64d9a&sktid=72f988bf-86f1-41af-91ab-2d7cd011db47&skt=2026-06-01T02%3A31%3A50Z&ske=2026-06-08T02%3A31%3A50Z&sks=b&skv=2025-07-05&sig=DPBqCelezinej8/duMw%2BsLF4jD2Pg/x/%2B/mGbZlv5Zw%3D': RasterioIOError("'/vsicurl/https://sentinel1euwestrtc.blob.core.windows.net/sentinel1-grd-rtc/GRD/2019/11/11/IW/DV/S1A_IW_GRDH_1SDV_20191111T055021_20191111T055046_029859_0367D4_81A1/measurement/iw-vv.rtc.tiff?st=2026-05-31T06%3A31%3A58Z&se=2026-06-01T07%3A16%3A58Z&sp=rl&sv=2025-07-05&sr=c&skoid=9c8ff44a-6a2c-4dfb-b298-1c9212f64d9a&sktid=72f988bf-86f1-41af-91ab-2d7cd011db47&skt=2026-06-01T02%3A31%3A50Z&ske=2026-06-08T02%3A31%3A50Z&sks=b&skv=2025-07-05&sig=DPBqCelezinej8/duMw%2BsLF4jD2Pg/x/%2B/mGbZlv5Zw%3D' not recognized as being in a supported file format.")). Retrying in 5s…
2026-06-01 09:17:03 INFO     GDAL signalled an error: err_no=4, msg="`/vsicurl/https://sentinel1euwestrtc.blob.core.windows.net/sentinel1-grd-rtc/GRD/2017/6/9/IW/DV/S1B_IW_GRDH_1SDV_20170609T052646_20170609T052711_005969_00A798_14DF/measurement/iw-vh.rtc.tiff?st=2026-05-31T06%3A31%3A58Z&se=2026-06-01T07%3A16%3A58Z&sp=rl&sv=2025-07-05&sr=c&skoid=9c8ff44a-6a2c-4dfb-b298-1c9212f64d9a&sktid=72f988bf-86f1-41af-91ab-2d7cd011db47&skt=2026-06-01T02%3A31%3A50Z&ske=2026-06-08T02%3A31%3A50Z&sks=b&skv=2025-07-05&sig=DPBqCelezinej8/duMw%2BsLF4jD2Pg/x/%2B/mGbZlv5Zw%3D' not recognized as being in a supported file format."
2026-06-01 09:17:03 WARNING    Attempt 2 failed (Error opening 'https://sentinel1euwestrtc.blob.core.windows.net/sentinel1-grd-rtc/GRD/2017/6/9/IW/DV/S1B_IW_GRDH_1SDV_20170609T052646_20170609T052711_005969_00A798_14DF/measurement/iw-vh.rtc.tiff?st=2026-05-31T06%3A31%3A58Z&se=2026-06-01T07%3A16%3A58Z&sp=rl&sv=2025-07-05&sr=c&skoid=9c8ff44a-6a2c-4dfb-b298-1c9212f64d9a&sktid=72f988bf-86f1-41af-91ab-2d7cd011db47&skt=2026-06-01T02%3A31%3A50Z&ske=2026-06-08T02%3A31%3A50Z&sks=b&skv=2025-07-05&sig=DPBqCelezinej8/duMw%2BsLF4jD2Pg/x/%2B/mGbZlv5Zw%3D': RasterioIOError("'/vsicurl/https://sentinel1euwestrtc.blob.core.windows.net/sentinel1-grd-rtc/GRD/2017/6/9/IW/DV/S1B_IW_GRDH_1SDV_20170609T052646_20170609T052711_005969_00A798_14DF/measurement/iw-vh.rtc.tiff?st=2026-05-31T06%3A31%3A58Z&se=2026-06-01T07%3A16%3A58Z&sp=rl&sv=2025-07-05&sr=c&skoid=9c8ff44a-6a2c-4dfb-b298-1c9212f64d9a&sktid=72f988bf-86f1-41af-91ab-2d7cd011db47&skt=2026-06-01T02%3A31%3A50Z&ske=2026-06-08T02%3A31%3A50Z&sks=b&skv=2025-07-05&sig=DPBqCelezinej8/duMw%2BsLF4jD2Pg/x/%2B/mGbZlv5Zw%3D' not recognized as being in a supported file format.")). Retrying in 15s…
2026-06-01 09:17:03 INFO     GDAL signalled an error: err_no=4, msg="`/vsicurl/https://sentinel1euwestrtc.blob.core.windows.net/sentinel1-grd-rtc/GRD/2017/6/9/IW/DV/S1B_IW_GRDH_1SDV_20170609T052646_20170609T052711_005969_00A798_14DF/measurement/iw-vv.rtc.tiff?st=2026-05-31T06%3A31%3A58Z&se=2026-06-01T07%3A16%3A58Z&sp=rl&sv=2025-07-05&sr=c&skoid=9c8ff44a-6a2c-4dfb-b298-1c9212f64d9a&sktid=72f988bf-86f1-41af-91ab-2d7cd011db47&skt=2026-06-01T02%3A31%3A50Z&ske=2026-06-08T02%3A31%3A50Z&sks=b&skv=2025-07-05&sig=DPBqCelezinej8/duMw%2BsLF4jD2Pg/x/%2B/mGbZlv5Zw%3D' not recognized as being in a supported file format."
2026-06-01 09:17:03 INFO     GDAL signalled an error: err_no=4, msg="`/vsicurl/https://sentinel1euwestrtc.blob.core.windows.net/sentinel1-grd-rtc/GRD/2020/8/22/IW/DV/S1B_IW_GRDH_1SDV_20200822T172411_20200822T172436_023039_02BBEC_7949/measurement/iw-vv.rtc.tiff?st=2026-05-31T06%3A31%3A58Z&se=2026-06-01T07%3A16%3A58Z&sp=rl&sv=2025-07-05&sr=c&skoid=9c8ff44a-6a2c-4dfb-b298-1c9212f64d9a&sktid=72f988bf-86f1-41af-91ab-2d7cd011db47&skt=2026-06-01T02%3A31%3A50Z&ske=2026-06-08T02%3A31%3A50Z&sks=b&skv=2025-07-05&sig=DPBqCelezinej8/duMw%2BsLF4jD2Pg/x/%2B/mGbZlv5Zw%3D' not recognized as being in a supported file format."
2026-06-01 09:17:03 INFO     GDAL signalled an error: err_no=4, msg="`/vsicurl/https://sentinel1euwestrtc.blob.core.windows.net/sentinel1-grd-rtc/GRD/2020/8/22/IW/DV/S1B_IW_GRDH_1SDV_20200822T172411_20200822T172436_023039_02BBEC_7949/measurement/iw-vh.rtc.tiff?st=2026-05-31T06%3A31%3A58Z&se=2026-06-01T07%3A16%3A58Z&sp=rl&sv=2025-07-05&sr=c&skoid=9c8ff44a-6a2c-4dfb-b298-1c9212f64d9a&sktid=72f988bf-86f1-41af-91ab-2d7cd011db47&skt=2026-06-01T02%3A31%3A50Z&ske=2026-06-08T02%3A31%3A50Z&sks=b&skv=2025-07-05&sig=DPBqCelezinej8/duMw%2BsLF4jD2Pg/x/%2B/mGbZlv5Zw%3D' not recognized as being in a supported file format."
2026-06-01 09:17:03 WARNING    Attempt 2 failed (Error opening 'https://sentinel1euwestrtc.blob.core.windows.net/sentinel1-grd-rtc/GRD/2020/8/22/IW/DV/S1B_IW_GRDH_1SDV_20200822T172411_20200822T172436_023039_02BBEC_7949/measurement/iw-vv.rtc.tiff?st=2026-05-31T06%3A31%3A58Z&se=2026-06-01T07%3A16%3A58Z&sp=rl&sv=2025-07-05&sr=c&skoid=9c8ff44a-6a2c-4dfb-b298-1c9212f64d9a&sktid=72f988bf-86f1-41af-91ab-2d7cd011db47&skt=2026-06-01T02%3A31%3A50Z&ske=2026-06-08T02%3A31%3A50Z&sks=b&skv=2025-07-05&sig=DPBqCelezinej8/duMw%2BsLF4jD2Pg/x/%2B/mGbZlv5Zw%3D': RasterioIOError("'/vsicurl/https://sentinel1euwestrtc.blob.core.windows.net/sentinel1-grd-rtc/GRD/2020/8/22/IW/DV/S1B_IW_GRDH_1SDV_20200822T172411_20200822T172436_023039_02BBEC_7949/measurement/iw-vv.rtc.tiff?st=2026-05-31T06%3A31%3A58Z&se=2026-06-01T07%3A16%3A58Z&sp=rl&sv=2025-07-05&sr=c&skoid=9c8ff44a-6a2c-4dfb-b298-1c9212f64d9a&sktid=72f988bf-86f1-41af-91ab-2d7cd011db47&skt=2026-06-01T02%3A31%3A50Z&ske=2026-06-08T02%3A31%3A50Z&sks=b&skv=2025-07-05&sig=DPBqCelezinej8/duMw%2BsLF4jD2Pg/x/%2B/mGbZlv5Zw%3D' not recognized as being in a supported file format.")). Retrying in 15s…
2026-06-01 09:17:03 INFO     GDAL signalled an error: err_no=4, msg="`/vsicurl/https://sentinel1euwestrtc.blob.core.windows.net/sentinel1-grd-rtc/GRD/2017/3/26/IW/DV/S1A_IW_GRDH_1SDV_20170326T055004_20170326T055029_015859_01A21E_DBFF/measurement/iw-vv.rtc.tiff?st=2026-05-31T06%3A31%3A58Z&se=2026-06-01T07%3A16%3A58Z&sp=rl&sv=2025-07-05&sr=c&skoid=9c8ff44a-6a2c-4dfb-b298-1c9212f64d9a&sktid=72f988bf-86f1-41af-91ab-2d7cd011db47&skt=2026-06-01T02%3A31%3A50Z&ske=2026-06-08T02%3A31%3A50Z&sks=b&skv=2025-07-05&sig=DPBqCelezinej8/duMw%2BsLF4jD2Pg/x/%2B/mGbZlv5Zw%3D' not recognized as being in a supported file format."
2026-06-01 09:17:03 INFO     GDAL signalled an error: err_no=4, msg="`/vsicurl/https://sentinel1euwestrtc.blob.core.windows.net/sentinel1-grd-rtc/GRD/2017/3/26/IW/DV/S1A_IW_GRDH_1SDV_20170326T055004_20170326T055029_015859_01A21E_DBFF/measurement/iw-vh.rtc.tiff?st=2026-05-31T06%3A31%3A58Z&se=2026-06-01T07%3A16%3A58Z&sp=rl&sv=2025-07-05&sr=c&skoid=9c8ff44a-6a2c-4dfb-b298-1c9212f64d9a&sktid=72f988bf-86f1-41af-91ab-2d7cd011db47&skt=2026-06-01T02%3A31%3A50Z&ske=2026-06-08T02%3A31%3A50Z&sks=b&skv=2025-07-05&sig=DPBqCelezinej8/duMw%2BsLF4jD2Pg/x/%2B/mGbZlv5Zw%3D' not recognized as being in a supported file format."
2026-06-01 09:17:03 WARNING    Attempt 2 failed (Error opening 'https://sentinel1euwestrtc.blob.core.windows.net/sentinel1-grd-rtc/GRD/2017/3/26/IW/DV/S1A_IW_GRDH_1SDV_20170326T055004_20170326T055029_015859_01A21E_DBFF/measurement/iw-vv.rtc.tiff?st=2026-05-31T06%3A31%3A58Z&se=2026-06-01T07%3A16%3A58Z&sp=rl&sv=2025-07-05&sr=c&skoid=9c8ff44a-6a2c-4dfb-b298-1c9212f64d9a&sktid=72f988bf-86f1-41af-91ab-2d7cd011db47&skt=2026-06-01T02%3A31%3A50Z&ske=2026-06-08T02%3A31%3A50Z&sks=b&skv=2025-07-05&sig=DPBqCelezinej8/duMw%2BsLF4jD2Pg/x/%2B/mGbZlv5Zw%3D': RasterioIOError("'/vsicurl/https://sentinel1euwestrtc.blob.core.windows.net/sentinel1-grd-rtc/GRD/2017/3/26/IW/DV/S1A_IW_GRDH_1SDV_20170326T055004_20170326T055029_015859_01A21E_DBFF/measurement/iw-vv.rtc.tiff?st=2026-05-31T06%3A31%3A58Z&se=2026-06-01T07%3A16%3A58Z&sp=rl&sv=2025-07-05&sr=c&skoid=9c8ff44a-6a2c-4dfb-b298-1c9212f64d9a&sktid=72f988bf-86f1-41af-91ab-2d7cd011db47&skt=2026-06-01T02%3A31%3A50Z&ske=2026-06-08T02%3A31%3A50Z&sks=b&skv=2025-07-05&sig=DPBqCelezinej8/duMw%2BsLF4jD2Pg/x/%2B/mGbZlv5Zw%3D' not recognized as being in a supported file format.")). Retrying in 15s…
2026-06-01 09:17:03 INFO     GDAL signalled an error: err_no=4, msg="`/vsicurl/https://sentinel1euwestrtc.blob.core.windows.net/sentinel1-grd-rtc/GRD/2017/12/19/IW/DV/S1B_IW_GRDH_1SDV_20171219T171350_20171219T171415_008791_00FA64_F887/measurement/iw-vh.rtc.tiff?st=2026-05-31T06%3A31%3A58Z&se=2026-06-01T07%3A16%3A58Z&sp=rl&sv=2025-07-05&sr=c&skoid=9c8ff44a-6a2c-4dfb-b298-1c9212f64d9a&sktid=72f988bf-86f1-41af-91ab-2d7cd011db47&skt=2026-06-01T02%3A31%3A50Z&ske=2026-06-08T02%3A31%3A50Z&sks=b&skv=2025-07-05&sig=DPBqCelezinej8/duMw%2BsLF4jD2Pg/x/%2B/mGbZlv5Zw%3D' not recognized as being in a supported file format."
2026-06-01 09:17:03 INFO     GDAL signalled an error: err_no=4, msg="`/vsicurl/https://sentinel1euwestrtc.blob.core.windows.net/sentinel1-grd-rtc/GRD/2017/12/19/IW/DV/S1B_IW_GRDH_1SDV_20171219T171350_20171219T171415_008791_00FA64_F887/measurement/iw-vv.rtc.tiff?st=2026-05-31T06%3A31%3A58Z&se=2026-06-01T07%3A16%3A58Z&sp=rl&sv=2025-07-05&sr=c&skoid=9c8ff44a-6a2c-4dfb-b298-1c9212f64d9a&sktid=72f988bf-86f1-41af-91ab-2d7cd011db47&skt=2026-06-01T02%3A31%3A50Z&ske=2026-06-08T02%3A31%3A50Z&sks=b&skv=2025-07-05&sig=DPBqCelezinej8/duMw%2BsLF4jD2Pg/x/%2B/mGbZlv5Zw%3D' not recognized as being in a supported file format."
2026-06-01 09:17:03 WARNING    Attempt 2 failed (Error opening 'https://sentinel1euwestrtc.blob.core.windows.net/sentinel1-grd-rtc/GRD/2017/12/19/IW/DV/S1B_IW_GRDH_1SDV_20171219T171350_20171219T171415_008791_00FA64_F887/measurement/iw-vh.rtc.tiff?st=2026-05-31T06%3A31%3A58Z&se=2026-06-01T07%3A16%3A58Z&sp=rl&sv=2025-07-05&sr=c&skoid=9c8ff44a-6a2c-4dfb-b298-1c9212f64d9a&sktid=72f988bf-86f1-41af-91ab-2d7cd011db47&skt=2026-06-01T02%3A31%3A50Z&ske=2026-06-08T02%3A31%3A50Z&sks=b&skv=2025-07-05&sig=DPBqCelezinej8/duMw%2BsLF4jD2Pg/x/%2B/mGbZlv5Zw%3D': RasterioIOError("'/vsicurl/https://sentinel1euwestrtc.blob.core.windows.net/sentinel1-grd-rtc/GRD/2017/12/19/IW/DV/S1B_IW_GRDH_1SDV_20171219T171350_20171219T171415_008791_00FA64_F887/measurement/iw-vh.rtc.tiff?st=2026-05-31T06%3A31%3A58Z&se=2026-06-01T07%3A16%3A58Z&sp=rl&sv=2025-07-05&sr=c&skoid=9c8ff44a-6a2c-4dfb-b298-1c9212f64d9a&sktid=72f988bf-86f1-41af-91ab-2d7cd011db47&skt=2026-06-01T02%3A31%3A50Z&ske=2026-06-08T02%3A31%3A50Z&sks=b&skv=2025-07-05&sig=DPBqCelezinej8/duMw%2BsLF4jD2Pg/x/%2B/mGbZlv5Zw%3D' not recognized as being in a supported file format.")). Retrying in 15s…
2026-06-01 09:17:03 INFO     GDAL signalled an error: err_no=4, msg="`/vsicurl/https://sentinel1euwestrtc.blob.core.windows.net/sentinel1-grd-rtc/GRD/2021/6/28/IW/DV/S1A_IW_GRDH_1SDV_20210628T054216_20210628T054241_038536_048C2D_E335/measurement/iw-vv.rtc.tiff?st=2026-05-31T06%3A31%3A58Z&se=2026-06-01T07%3A16%3A58Z&sp=rl&sv=2025-07-05&sr=c&skoid=9c8ff44a-6a2c-4dfb-b298-1c9212f64d9a&sktid=72f988bf-86f1-41af-91ab-2d7cd011db47&skt=2026-06-01T02%3A31%3A50Z&ske=2026-06-08T02%3A31%3A50Z&sks=b&skv=2025-07-05&sig=DPBqCelezinej8/duMw%2BsLF4jD2Pg/x/%2B/mGbZlv5Zw%3D' not recognized as being in a supported file format."
2026-06-01 09:17:03 INFO     GDAL signalled an error: err_no=4, msg="`/vsicurl/https://sentinel1euwestrtc.blob.core.windows.net/sentinel1-grd-rtc/GRD/2019/11/11/IW/DV/S1A_IW_GRDH_1SDV_20191111T055021_20191111T055046_029859_0367D4_81A1/measurement/iw-vh.rtc.tiff?st=2026-05-31T06%3A31%3A58Z&se=2026-06-01T07%3A16%3A58Z&sp=rl&sv=2025-07-05&sr=c&skoid=9c8ff44a-6a2c-4dfb-b298-1c9212f64d9a&sktid=72f988bf-86f1-41af-91ab-2d7cd011db47&skt=2026-06-01T02%3A31%3A50Z&ske=2026-06-08T02%3A31%3A50Z&sks=b&skv=2025-07-05&sig=DPBqCelezinej8/duMw%2BsLF4jD2Pg/x/%2B/mGbZlv5Zw%3D' not recognized as being in a supported file format."
2026-06-01 09:17:03 INFO     GDAL signalled an error: err_no=4, msg="`/vsicurl/https://sentinel1euwestrtc.blob.core.windows.net/sentinel1-grd-rtc/GRD/2021/6/28/IW/DV/S1A_IW_GRDH_1SDV_20210628T054216_20210628T054241_038536_048C2D_E335/measurement/iw-vh.rtc.tiff?st=2026-05-31T06%3A31%3A58Z&se=2026-06-01T07%3A16%3A58Z&sp=rl&sv=2025-07-05&sr=c&skoid=9c8ff44a-6a2c-4dfb-b298-1c9212f64d9a&sktid=72f988bf-86f1-41af-91ab-2d7cd011db47&skt=2026-06-01T02%3A31%3A50Z&ske=2026-06-08T02%3A31%3A50Z&sks=b&skv=2025-07-05&sig=DPBqCelezinej8/duMw%2BsLF4jD2Pg/x/%2B/mGbZlv5Zw%3D' not recognized as being in a supported file format."
2026-06-01 09:17:03 INFO     GDAL signalled an error: err_no=4, msg="`/vsicurl/https://sentinel1euwestrtc.blob.core.windows.net/sentinel1-grd-rtc/GRD/2019/11/11/IW/DV/S1A_IW_GRDH_1SDV_20191111T055021_20191111T055046_029859_0367D4_81A1/measurement/iw-vv.rtc.tiff?st=2026-05-31T06%3A31%3A58Z&se=2026-06-01T07%3A16%3A58Z&sp=rl&sv=2025-07-05&sr=c&skoid=9c8ff44a-6a2c-4dfb-b298-1c9212f64d9a&sktid=72f988bf-86f1-41af-91ab-2d7cd011db47&skt=2026-06-01T02%3A31%3A50Z&ske=2026-06-08T02%3A31%3A50Z&sks=b&skv=2025-07-05&sig=DPBqCelezinej8/duMw%2BsLF4jD2Pg/x/%2B/mGbZlv5Zw%3D' not recognized as being in a supported file format."
2026-06-01 09:17:03 WARNING    Attempt 2 failed (Error opening 'https://sentinel1euwestrtc.blob.core.windows.net/sentinel1-grd-rtc/GRD/2021/6/28/IW/DV/S1A_IW_GRDH_1SDV_20210628T054216_20210628T054241_038536_048C2D_E335/measurement/iw-vv.rtc.tiff?st=2026-05-31T06%3A31%3A58Z&se=2026-06-01T07%3A16%3A58Z&sp=rl&sv=2025-07-05&sr=c&skoid=9c8ff44a-6a2c-4dfb-b298-1c9212f64d9a&sktid=72f988bf-86f1-41af-91ab-2d7cd011db47&skt=2026-06-01T02%3A31%3A50Z&ske=2026-06-08T02%3A31%3A50Z&sks=b&skv=2025-07-05&sig=DPBqCelezinej8/duMw%2BsLF4jD2Pg/x/%2B/mGbZlv5Zw%3D': RasterioIOError("'/vsicurl/https://sentinel1euwestrtc.blob.core.windows.net/sentinel1-grd-rtc/GRD/2021/6/28/IW/DV/S1A_IW_GRDH_1SDV_20210628T054216_20210628T054241_038536_048C2D_E335/measurement/iw-vv.rtc.tiff?st=2026-05-31T06%3A31%3A58Z&se=2026-06-01T07%3A16%3A58Z&sp=rl&sv=2025-07-05&sr=c&skoid=9c8ff44a-6a2c-4dfb-b298-1c9212f64d9a&sktid=72f988bf-86f1-41af-91ab-2d7cd011db47&skt=2026-06-01T02%3A31%3A50Z&ske=2026-06-08T02%3A31%3A50Z&sks=b&skv=2025-07-05&sig=DPBqCelezinej8/duMw%2BsLF4jD2Pg/x/%2B/mGbZlv5Zw%3D' not recognized as being in a supported file format.")). Retrying in 15s…
2026-06-01 09:17:03 WARNING    Attempt 2 failed (Error opening 'https://sentinel1euwestrtc.blob.core.windows.net/sentinel1-grd-rtc/GRD/2019/11/11/IW/DV/S1A_IW_GRDH_1SDV_20191111T055021_20191111T055046_029859_0367D4_81A1/measurement/iw-vh.rtc.tiff?st=2026-05-31T06%3A31%3A58Z&se=2026-06-01T07%3A16%3A58Z&sp=rl&sv=2025-07-05&sr=c&skoid=9c8ff44a-6a2c-4dfb-b298-1c9212f64d9a&sktid=72f988bf-86f1-41af-91ab-2d7cd011db47&skt=2026-06-01T02%3A31%3A50Z&ske=2026-06-08T02%3A31%3A50Z&sks=b&skv=2025-07-05&sig=DPBqCelezinej8/duMw%2BsLF4jD2Pg/x/%2B/mGbZlv5Zw%3D': RasterioIOError("'/vsicurl/https://sentinel1euwestrtc.blob.core.windows.net/sentinel1-grd-rtc/GRD/2019/11/11/IW/DV/S1A_IW_GRDH_1SDV_20191111T055021_20191111T055046_029859_0367D4_81A1/measurement/iw-vh.rtc.tiff?st=2026-05-31T06%3A31%3A58Z&se=2026-06-01T07%3A16%3A58Z&sp=rl&sv=2025-07-05&sr=c&skoid=9c8ff44a-6a2c-4dfb-b298-1c9212f64d9a&sktid=72f988bf-86f1-41af-91ab-2d7cd011db47&skt=2026-06-01T02%3A31%3A50Z&ske=2026-06-08T02%3A31%3A50Z&sks=b&skv=2025-07-05&sig=DPBqCelezinej8/duMw%2BsLF4jD2Pg/x/%2B/mGbZlv5Zw%3D' not recognized as being in a supported file format.")). Retrying in 15s…
2026-06-01 09:17:03 INFO     GDAL signalled an error: err_no=4, msg="`/vsicurl/https://sentinel1euwestrtc.blob.core.windows.net/sentinel1-grd-rtc/GRD/2017/4/28/IW/DV/S1B_IW_GRDH_1SDV_20170428T172337_20170428T172402_005364_00966C_957C/measurement/iw-vh.rtc.tiff?st=2026-05-31T06%3A31%3A58Z&se=2026-06-01T07%3A16%3A58Z&sp=rl&sv=2025-07-05&sr=c&skoid=9c8ff44a-6a2c-4dfb-b298-1c9212f64d9a&sktid=72f988bf-86f1-41af-91ab-2d7cd011db47&skt=2026-06-01T02%3A31%3A50Z&ske=2026-06-08T02%3A31%3A50Z&sks=b&skv=2025-07-05&sig=DPBqCelezinej8/duMw%2BsLF4jD2Pg/x/%2B/mGbZlv5Zw%3D' not recognized as being in a supported file format."
2026-06-01 09:17:03 WARNING    Attempt 2 failed (Error opening 'https://sentinel1euwestrtc.blob.core.windows.net/sentinel1-grd-rtc/GRD/2017/4/28/IW/DV/S1B_IW_GRDH_1SDV_20170428T172337_20170428T172402_005364_00966C_957C/measurement/iw-vh.rtc.tiff?st=2026-05-31T06%3A31%3A58Z&se=2026-06-01T07%3A16%3A58Z&sp=rl&sv=2025-07-05&sr=c&skoid=9c8ff44a-6a2c-4dfb-b298-1c9212f64d9a&sktid=72f988bf-86f1-41af-91ab-2d7cd011db47&skt=2026-06-01T02%3A31%3A50Z&ske=2026-06-08T02%3A31%3A50Z&sks=b&skv=2025-07-05&sig=DPBqCelezinej8/duMw%2BsLF4jD2Pg/x/%2B/mGbZlv5Zw%3D': RasterioIOError("'/vsicurl/https://sentinel1euwestrtc.blob.core.windows.net/sentinel1-grd-rtc/GRD/2017/4/28/IW/DV/S1B_IW_GRDH_1SDV_20170428T172337_20170428T172402_005364_00966C_957C/measurement/iw-vh.rtc.tiff?st=2026-05-31T06%3A31%3A58Z&se=2026-06-01T07%3A16%3A58Z&sp=rl&sv=2025-07-05&sr=c&skoid=9c8ff44a-6a2c-4dfb-b298-1c9212f64d9a&sktid=72f988bf-86f1-41af-91ab-2d7cd011db47&skt=2026-06-01T02%3A31%3A50Z&ske=2026-06-08T02%3A31%3A50Z&sks=b&skv=2025-07-05&sig=DPBqCelezinej8/duMw%2BsLF4jD2Pg/x/%2B/mGbZlv5Zw%3D' not recognized as being in a supported file format.")). Retrying in 15s…
2026-06-01 09:17:03 INFO     GDAL signalled an error: err_no=4, msg="`/vsicurl/https://sentinel1euwestrtc.blob.core.windows.net/sentinel1-grd-rtc/GRD/2017/4/28/IW/DV/S1B_IW_GRDH_1SDV_20170428T172337_20170428T172402_005364_00966C_957C/measurement/iw-vv.rtc.tiff?st=2026-05-31T06%3A31%3A58Z&se=2026-06-01T07%3A16%3A58Z&sp=rl&sv=2025-07-05&sr=c&skoid=9c8ff44a-6a2c-4dfb-b298-1c9212f64d9a&sktid=72f988bf-86f1-41af-91ab-2d7cd011db47&skt=2026-06-01T02%3A31%3A50Z&ske=2026-06-08T02%3A31%3A50Z&sks=b&skv=2025-07-05&sig=DPBqCelezinej8/duMw%2BsLF4jD2Pg/x/%2B/mGbZlv5Zw%3D' not recognized as being in a supported file format."
2026-06-01 09:17:18 INFO     GDAL signalled an error: err_no=4, msg="`/vsicurl/https://sentinel1euwestrtc.blob.core.windows.net/sentinel1-grd-rtc/GRD/2017/6/9/IW/DV/S1B_IW_GRDH_1SDV_20170609T052646_20170609T052711_005969_00A798_14DF/measurement/iw-vh.rtc.tiff?st=2026-05-31T06%3A31%3A58Z&se=2026-06-01T07%3A16%3A58Z&sp=rl&sv=2025-07-05&sr=c&skoid=9c8ff44a-6a2c-4dfb-b298-1c9212f64d9a&sktid=72f988bf-86f1-41af-91ab-2d7cd011db47&skt=2026-06-01T02%3A31%3A50Z&ske=2026-06-08T02%3A31%3A50Z&sks=b&skv=2025-07-05&sig=DPBqCelezinej8/duMw%2BsLF4jD2Pg/x/%2B/mGbZlv5Zw%3D' not recognized as being in a supported file format."
2026-06-01 09:17:18 WARNING    Attempt 3 failed (Error opening 'https://sentinel1euwestrtc.blob.core.windows.net/sentinel1-grd-rtc/GRD/2017/6/9/IW/DV/S1B_IW_GRDH_1SDV_20170609T052646_20170609T052711_005969_00A798_14DF/measurement/iw-vh.rtc.tiff?st=2026-05-31T06%3A31%3A58Z&se=2026-06-01T07%3A16%3A58Z&sp=rl&sv=2025-07-05&sr=c&skoid=9c8ff44a-6a2c-4dfb-b298-1c9212f64d9a&sktid=72f988bf-86f1-41af-91ab-2d7cd011db47&skt=2026-06-01T02%3A31%3A50Z&ske=2026-06-08T02%3A31%3A50Z&sks=b&skv=2025-07-05&sig=DPBqCelezinej8/duMw%2BsLF4jD2Pg/x/%2B/mGbZlv5Zw%3D': RasterioIOError("'/vsicurl/https://sentinel1euwestrtc.blob.core.windows.net/sentinel1-grd-rtc/GRD/2017/6/9/IW/DV/S1B_IW_GRDH_1SDV_20170609T052646_20170609T052711_005969_00A798_14DF/measurement/iw-vh.rtc.tiff?st=2026-05-31T06%3A31%3A58Z&se=2026-06-01T07%3A16%3A58Z&sp=rl&sv=2025-07-05&sr=c&skoid=9c8ff44a-6a2c-4dfb-b298-1c9212f64d9a&sktid=72f988bf-86f1-41af-91ab-2d7cd011db47&skt=2026-06-01T02%3A31%3A50Z&ske=2026-06-08T02%3A31%3A50Z&sks=b&skv=2025-07-05&sig=DPBqCelezinej8/duMw%2BsLF4jD2Pg/x/%2B/mGbZlv5Zw%3D' not recognized as being in a supported file format.")). Retrying in 45s…
2026-06-01 09:17:18 INFO     GDAL signalled an error: err_no=4, msg="`/vsicurl/https://sentinel1euwestrtc.blob.core.windows.net/sentinel1-grd-rtc/GRD/2017/6/9/IW/DV/S1B_IW_GRDH_1SDV_20170609T052646_20170609T052711_005969_00A798_14DF/measurement/iw-vv.rtc.tiff?st=2026-05-31T06%3A31%3A58Z&se=2026-06-01T07%3A16%3A58Z&sp=rl&sv=2025-07-05&sr=c&skoid=9c8ff44a-6a2c-4dfb-b298-1c9212f64d9a&sktid=72f988bf-86f1-41af-91ab-2d7cd011db47&skt=2026-06-01T02%3A31%3A50Z&ske=2026-06-08T02%3A31%3A50Z&sks=b&skv=2025-07-05&sig=DPBqCelezinej8/duMw%2BsLF4jD2Pg/x/%2B/mGbZlv5Zw%3D' not recognized as being in a supported file format."
2026-06-01 09:17:18 INFO     GDAL signalled an error: err_no=4, msg="`/vsicurl/https://sentinel1euwestrtc.blob.core.windows.net/sentinel1-grd-rtc/GRD/2020/8/22/IW/DV/S1B_IW_GRDH_1SDV_20200822T172411_20200822T172436_023039_02BBEC_7949/measurement/iw-vv.rtc.tiff?st=2026-05-31T06%3A31%3A58Z&se=2026-06-01T07%3A16%3A58Z&sp=rl&sv=2025-07-05&sr=c&skoid=9c8ff44a-6a2c-4dfb-b298-1c9212f64d9a&sktid=72f988bf-86f1-41af-91ab-2d7cd011db47&skt=2026-06-01T02%3A31%3A50Z&ske=2026-06-08T02%3A31%3A50Z&sks=b&skv=2025-07-05&sig=DPBqCelezinej8/duMw%2BsLF4jD2Pg/x/%2B/mGbZlv5Zw%3D' not recognized as being in a supported file format."
2026-06-01 09:17:18 WARNING    Attempt 3 failed (Error opening 'https://sentinel1euwestrtc.blob.core.windows.net/sentinel1-grd-rtc/GRD/2020/8/22/IW/DV/S1B_IW_GRDH_1SDV_20200822T172411_20200822T172436_023039_02BBEC_7949/measurement/iw-vv.rtc.tiff?st=2026-05-31T06%3A31%3A58Z&se=2026-06-01T07%3A16%3A58Z&sp=rl&sv=2025-07-05&sr=c&skoid=9c8ff44a-6a2c-4dfb-b298-1c9212f64d9a&sktid=72f988bf-86f1-41af-91ab-2d7cd011db47&skt=2026-06-01T02%3A31%3A50Z&ske=2026-06-08T02%3A31%3A50Z&sks=b&skv=2025-07-05&sig=DPBqCelezinej8/duMw%2BsLF4jD2Pg/x/%2B/mGbZlv5Zw%3D': RasterioIOError("'/vsicurl/https://sentinel1euwestrtc.blob.core.windows.net/sentinel1-grd-rtc/GRD/2020/8/22/IW/DV/S1B_IW_GRDH_1SDV_20200822T172411_20200822T172436_023039_02BBEC_7949/measurement/iw-vv.rtc.tiff?st=2026-05-31T06%3A31%3A58Z&se=2026-06-01T07%3A16%3A58Z&sp=rl&sv=2025-07-05&sr=c&skoid=9c8ff44a-6a2c-4dfb-b298-1c9212f64d9a&sktid=72f988bf-86f1-41af-91ab-2d7cd011db47&skt=2026-06-01T02%3A31%3A50Z&ske=2026-06-08T02%3A31%3A50Z&sks=b&skv=2025-07-05&sig=DPBqCelezinej8/duMw%2BsLF4jD2Pg/x/%2B/mGbZlv5Zw%3D' not recognized as being in a supported file format.")). Retrying in 45s…
2026-06-01 09:17:18 INFO     GDAL signalled an error: err_no=4, msg="`/vsicurl/https://sentinel1euwestrtc.blob.core.windows.net/sentinel1-grd-rtc/GRD/2020/8/22/IW/DV/S1B_IW_GRDH_1SDV_20200822T172411_20200822T172436_023039_02BBEC_7949/measurement/iw-vh.rtc.tiff?st=2026-05-31T06%3A31%3A58Z&se=2026-06-01T07%3A16%3A58Z&sp=rl&sv=2025-07-05&sr=c&skoid=9c8ff44a-6a2c-4dfb-b298-1c9212f64d9a&sktid=72f988bf-86f1-41af-91ab-2d7cd011db47&skt=2026-06-01T02%3A31%3A50Z&ske=2026-06-08T02%3A31%3A50Z&sks=b&skv=2025-07-05&sig=DPBqCelezinej8/duMw%2BsLF4jD2Pg/x/%2B/mGbZlv5Zw%3D' not recognized as being in a supported file format."
2026-06-01 09:17:18 INFO     GDAL signalled an error: err_no=4, msg="`/vsicurl/https://sentinel1euwestrtc.blob.core.windows.net/sentinel1-grd-rtc/GRD/2017/3/26/IW/DV/S1A_IW_GRDH_1SDV_20170326T055004_20170326T055029_015859_01A21E_DBFF/measurement/iw-vh.rtc.tiff?st=2026-05-31T06%3A31%3A58Z&se=2026-06-01T07%3A16%3A58Z&sp=rl&sv=2025-07-05&sr=c&skoid=9c8ff44a-6a2c-4dfb-b298-1c9212f64d9a&sktid=72f988bf-86f1-41af-91ab-2d7cd011db47&skt=2026-06-01T02%3A31%3A50Z&ske=2026-06-08T02%3A31%3A50Z&sks=b&skv=2025-07-05&sig=DPBqCelezinej8/duMw%2BsLF4jD2Pg/x/%2B/mGbZlv5Zw%3D' not recognized as being in a supported file format."
2026-06-01 09:17:18 INFO     GDAL signalled an error: err_no=4, msg="`/vsicurl/https://sentinel1euwestrtc.blob.core.windows.net/sentinel1-grd-rtc/GRD/2017/3/26/IW/DV/S1A_IW_GRDH_1SDV_20170326T055004_20170326T055029_015859_01A21E_DBFF/measurement/iw-vv.rtc.tiff?st=2026-05-31T06%3A31%3A58Z&se=2026-06-01T07%3A16%3A58Z&sp=rl&sv=2025-07-05&sr=c&skoid=9c8ff44a-6a2c-4dfb-b298-1c9212f64d9a&sktid=72f988bf-86f1-41af-91ab-2d7cd011db47&skt=2026-06-01T02%3A31%3A50Z&ske=2026-06-08T02%3A31%3A50Z&sks=b&skv=2025-07-05&sig=DPBqCelezinej8/duMw%2BsLF4jD2Pg/x/%2B/mGbZlv5Zw%3D' not recognized as being in a supported file format."
2026-06-01 09:17:18 WARNING    Attempt 3 failed (Error opening 'https://sentinel1euwestrtc.blob.core.windows.net/sentinel1-grd-rtc/GRD/2017/3/26/IW/DV/S1A_IW_GRDH_1SDV_20170326T055004_20170326T055029_015859_01A21E_DBFF/measurement/iw-vh.rtc.tiff?st=2026-05-31T06%3A31%3A58Z&se=2026-06-01T07%3A16%3A58Z&sp=rl&sv=2025-07-05&sr=c&skoid=9c8ff44a-6a2c-4dfb-b298-1c9212f64d9a&sktid=72f988bf-86f1-41af-91ab-2d7cd011db47&skt=2026-06-01T02%3A31%3A50Z&ske=2026-06-08T02%3A31%3A50Z&sks=b&skv=2025-07-05&sig=DPBqCelezinej8/duMw%2BsLF4jD2Pg/x/%2B/mGbZlv5Zw%3D': RasterioIOError("'/vsicurl/https://sentinel1euwestrtc.blob.core.windows.net/sentinel1-grd-rtc/GRD/2017/3/26/IW/DV/S1A_IW_GRDH_1SDV_20170326T055004_20170326T055029_015859_01A21E_DBFF/measurement/iw-vh.rtc.tiff?st=2026-05-31T06%3A31%3A58Z&se=2026-06-01T07%3A16%3A58Z&sp=rl&sv=2025-07-05&sr=c&skoid=9c8ff44a-6a2c-4dfb-b298-1c9212f64d9a&sktid=72f988bf-86f1-41af-91ab-2d7cd011db47&skt=2026-06-01T02%3A31%3A50Z&ske=2026-06-08T02%3A31%3A50Z&sks=b&skv=2025-07-05&sig=DPBqCelezinej8/duMw%2BsLF4jD2Pg/x/%2B/mGbZlv5Zw%3D' not recognized as being in a supported file format.")). Retrying in 45s…
2026-06-01 09:17:18 INFO     GDAL signalled an error: err_no=4, msg="`/vsicurl/https://sentinel1euwestrtc.blob.core.windows.net/sentinel1-grd-rtc/GRD/2017/12/19/IW/DV/S1B_IW_GRDH_1SDV_20171219T171350_20171219T171415_008791_00FA64_F887/measurement/iw-vh.rtc.tiff?st=2026-05-31T06%3A31%3A58Z&se=2026-06-01T07%3A16%3A58Z&sp=rl&sv=2025-07-05&sr=c&skoid=9c8ff44a-6a2c-4dfb-b298-1c9212f64d9a&sktid=72f988bf-86f1-41af-91ab-2d7cd011db47&skt=2026-06-01T02%3A31%3A50Z&ske=2026-06-08T02%3A31%3A50Z&sks=b&skv=2025-07-05&sig=DPBqCelezinej8/duMw%2BsLF4jD2Pg/x/%2B/mGbZlv5Zw%3D' not recognized as being in a supported file format."
2026-06-01 09:17:18 WARNING    Attempt 3 failed (Error opening 'https://sentinel1euwestrtc.blob.core.windows.net/sentinel1-grd-rtc/GRD/2017/12/19/IW/DV/S1B_IW_GRDH_1SDV_20171219T171350_20171219T171415_008791_00FA64_F887/measurement/iw-vh.rtc.tiff?st=2026-05-31T06%3A31%3A58Z&se=2026-06-01T07%3A16%3A58Z&sp=rl&sv=2025-07-05&sr=c&skoid=9c8ff44a-6a2c-4dfb-b298-1c9212f64d9a&sktid=72f988bf-86f1-41af-91ab-2d7cd011db47&skt=2026-06-01T02%3A31%3A50Z&ske=2026-06-08T02%3A31%3A50Z&sks=b&skv=2025-07-05&sig=DPBqCelezinej8/duMw%2BsLF4jD2Pg/x/%2B/mGbZlv5Zw%3D': RasterioIOError("'/vsicurl/https://sentinel1euwestrtc.blob.core.windows.net/sentinel1-grd-rtc/GRD/2017/12/19/IW/DV/S1B_IW_GRDH_1SDV_20171219T171350_20171219T171415_008791_00FA64_F887/measurement/iw-vh.rtc.tiff?st=2026-05-31T06%3A31%3A58Z&se=2026-06-01T07%3A16%3A58Z&sp=rl&sv=2025-07-05&sr=c&skoid=9c8ff44a-6a2c-4dfb-b298-1c9212f64d9a&sktid=72f988bf-86f1-41af-91ab-2d7cd011db47&skt=2026-06-01T02%3A31%3A50Z&ske=2026-06-08T02%3A31%3A50Z&sks=b&skv=2025-07-05&sig=DPBqCelezinej8/duMw%2BsLF4jD2Pg/x/%2B/mGbZlv5Zw%3D' not recognized as being in a supported file format.")). Retrying in 45s…
2026-06-01 09:17:18 INFO     GDAL signalled an error: err_no=4, msg="`/vsicurl/https://sentinel1euwestrtc.blob.core.windows.net/sentinel1-grd-rtc/GRD/2021/6/28/IW/DV/S1A_IW_GRDH_1SDV_20210628T054216_20210628T054241_038536_048C2D_E335/measurement/iw-vv.rtc.tiff?st=2026-05-31T06%3A31%3A58Z&se=2026-06-01T07%3A16%3A58Z&sp=rl&sv=2025-07-05&sr=c&skoid=9c8ff44a-6a2c-4dfb-b298-1c9212f64d9a&sktid=72f988bf-86f1-41af-91ab-2d7cd011db47&skt=2026-06-01T02%3A31%3A50Z&ske=2026-06-08T02%3A31%3A50Z&sks=b&skv=2025-07-05&sig=DPBqCelezinej8/duMw%2BsLF4jD2Pg/x/%2B/mGbZlv5Zw%3D' not recognized as being in a supported file format."
2026-06-01 09:17:18 INFO     GDAL signalled an error: err_no=4, msg="`/vsicurl/https://sentinel1euwestrtc.blob.core.windows.net/sentinel1-grd-rtc/GRD/2021/6/28/IW/DV/S1A_IW_GRDH_1SDV_20210628T054216_20210628T054241_038536_048C2D_E335/measurement/iw-vh.rtc.tiff?st=2026-05-31T06%3A31%3A58Z&se=2026-06-01T07%3A16%3A58Z&sp=rl&sv=2025-07-05&sr=c&skoid=9c8ff44a-6a2c-4dfb-b298-1c9212f64d9a&sktid=72f988bf-86f1-41af-91ab-2d7cd011db47&skt=2026-06-01T02%3A31%3A50Z&ske=2026-06-08T02%3A31%3A50Z&sks=b&skv=2025-07-05&sig=DPBqCelezinej8/duMw%2BsLF4jD2Pg/x/%2B/mGbZlv5Zw%3D' not recognized as being in a supported file format."
2026-06-01 09:17:18 INFO     GDAL signalled an error: err_no=4, msg="`/vsicurl/https://sentinel1euwestrtc.blob.core.windows.net/sentinel1-grd-rtc/GRD/2017/12/19/IW/DV/S1B_IW_GRDH_1SDV_20171219T171350_20171219T171415_008791_00FA64_F887/measurement/iw-vv.rtc.tiff?st=2026-05-31T06%3A31%3A58Z&se=2026-06-01T07%3A16%3A58Z&sp=rl&sv=2025-07-05&sr=c&skoid=9c8ff44a-6a2c-4dfb-b298-1c9212f64d9a&sktid=72f988bf-86f1-41af-91ab-2d7cd011db47&skt=2026-06-01T02%3A31%3A50Z&ske=2026-06-08T02%3A31%3A50Z&sks=b&skv=2025-07-05&sig=DPBqCelezinej8/duMw%2BsLF4jD2Pg/x/%2B/mGbZlv5Zw%3D' not recognized as being in a supported file format."
2026-06-01 09:17:18 WARNING    Attempt 3 failed (Error opening 'https://sentinel1euwestrtc.blob.core.windows.net/sentinel1-grd-rtc/GRD/2021/6/28/IW/DV/S1A_IW_GRDH_1SDV_20210628T054216_20210628T054241_038536_048C2D_E335/measurement/iw-vv.rtc.tiff?st=2026-05-31T06%3A31%3A58Z&se=2026-06-01T07%3A16%3A58Z&sp=rl&sv=2025-07-05&sr=c&skoid=9c8ff44a-6a2c-4dfb-b298-1c9212f64d9a&sktid=72f988bf-86f1-41af-91ab-2d7cd011db47&skt=2026-06-01T02%3A31%3A50Z&ske=2026-06-08T02%3A31%3A50Z&sks=b&skv=2025-07-05&sig=DPBqCelezinej8/duMw%2BsLF4jD2Pg/x/%2B/mGbZlv5Zw%3D': RasterioIOError("'/vsicurl/https://sentinel1euwestrtc.blob.core.windows.net/sentinel1-grd-rtc/GRD/2021/6/28/IW/DV/S1A_IW_GRDH_1SDV_20210628T054216_20210628T054241_038536_048C2D_E335/measurement/iw-vv.rtc.tiff?st=2026-05-31T06%3A31%3A58Z&se=2026-06-01T07%3A16%3A58Z&sp=rl&sv=2025-07-05&sr=c&skoid=9c8ff44a-6a2c-4dfb-b298-1c9212f64d9a&sktid=72f988bf-86f1-41af-91ab-2d7cd011db47&skt=2026-06-01T02%3A31%3A50Z&ske=2026-06-08T02%3A31%3A50Z&sks=b&skv=2025-07-05&sig=DPBqCelezinej8/duMw%2BsLF4jD2Pg/x/%2B/mGbZlv5Zw%3D' not recognized as being in a supported file format.")). Retrying in 45s…
2026-06-01 09:17:18 INFO     GDAL signalled an error: err_no=4, msg="`/vsicurl/https://sentinel1euwestrtc.blob.core.windows.net/sentinel1-grd-rtc/GRD/2019/11/11/IW/DV/S1A_IW_GRDH_1SDV_20191111T055021_20191111T055046_029859_0367D4_81A1/measurement/iw-vh.rtc.tiff?st=2026-05-31T06%3A31%3A58Z&se=2026-06-01T07%3A16%3A58Z&sp=rl&sv=2025-07-05&sr=c&skoid=9c8ff44a-6a2c-4dfb-b298-1c9212f64d9a&sktid=72f988bf-86f1-41af-91ab-2d7cd011db47&skt=2026-06-01T02%3A31%3A50Z&ske=2026-06-08T02%3A31%3A50Z&sks=b&skv=2025-07-05&sig=DPBqCelezinej8/duMw%2BsLF4jD2Pg/x/%2B/mGbZlv5Zw%3D' not recognized as being in a supported file format."
2026-06-01 09:17:18 WARNING    Attempt 3 failed (Error opening 'https://sentinel1euwestrtc.blob.core.windows.net/sentinel1-grd-rtc/GRD/2019/11/11/IW/DV/S1A_IW_GRDH_1SDV_20191111T055021_20191111T055046_029859_0367D4_81A1/measurement/iw-vh.rtc.tiff?st=2026-05-31T06%3A31%3A58Z&se=2026-06-01T07%3A16%3A58Z&sp=rl&sv=2025-07-05&sr=c&skoid=9c8ff44a-6a2c-4dfb-b298-1c9212f64d9a&sktid=72f988bf-86f1-41af-91ab-2d7cd011db47&skt=2026-06-01T02%3A31%3A50Z&ske=2026-06-08T02%3A31%3A50Z&sks=b&skv=2025-07-05&sig=DPBqCelezinej8/duMw%2BsLF4jD2Pg/x/%2B/mGbZlv5Zw%3D': RasterioIOError("'/vsicurl/https://sentinel1euwestrtc.blob.core.windows.net/sentinel1-grd-rtc/GRD/2019/11/11/IW/DV/S1A_IW_GRDH_1SDV_20191111T055021_20191111T055046_029859_0367D4_81A1/measurement/iw-vh.rtc.tiff?st=2026-05-31T06%3A31%3A58Z&se=2026-06-01T07%3A16%3A58Z&sp=rl&sv=2025-07-05&sr=c&skoid=9c8ff44a-6a2c-4dfb-b298-1c9212f64d9a&sktid=72f988bf-86f1-41af-91ab-2d7cd011db47&skt=2026-06-01T02%3A31%3A50Z&ske=2026-06-08T02%3A31%3A50Z&sks=b&skv=2025-07-05&sig=DPBqCelezinej8/duMw%2BsLF4jD2Pg/x/%2B/mGbZlv5Zw%3D' not recognized as being in a supported file format.")). Retrying in 45s…
2026-06-01 09:17:18 INFO     GDAL signalled an error: err_no=4, msg="`/vsicurl/https://sentinel1euwestrtc.blob.core.windows.net/sentinel1-grd-rtc/GRD/2017/4/28/IW/DV/S1B_IW_GRDH_1SDV_20170428T172337_20170428T172402_005364_00966C_957C/measurement/iw-vv.rtc.tiff?st=2026-05-31T06%3A31%3A58Z&se=2026-06-01T07%3A16%3A58Z&sp=rl&sv=2025-07-05&sr=c&skoid=9c8ff44a-6a2c-4dfb-b298-1c9212f64d9a&sktid=72f988bf-86f1-41af-91ab-2d7cd011db47&skt=2026-06-01T02%3A31%3A50Z&ske=2026-06-08T02%3A31%3A50Z&sks=b&skv=2025-07-05&sig=DPBqCelezinej8/duMw%2BsLF4jD2Pg/x/%2B/mGbZlv5Zw%3D' not recognized as being in a supported file format."
2026-06-01 09:17:18 INFO     GDAL signalled an error: err_no=4, msg="`/vsicurl/https://sentinel1euwestrtc.blob.core.windows.net/sentinel1-grd-rtc/GRD/2017/4/28/IW/DV/S1B_IW_GRDH_1SDV_20170428T172337_20170428T172402_005364_00966C_957C/measurement/iw-vh.rtc.tiff?st=2026-05-31T06%3A31%3A58Z&se=2026-06-01T07%3A16%3A58Z&sp=rl&sv=2025-07-05&sr=c&skoid=9c8ff44a-6a2c-4dfb-b298-1c9212f64d9a&sktid=72f988bf-86f1-41af-91ab-2d7cd011db47&skt=2026-06-01T02%3A31%3A50Z&ske=2026-06-08T02%3A31%3A50Z&sks=b&skv=2025-07-05&sig=DPBqCelezinej8/duMw%2BsLF4jD2Pg/x/%2B/mGbZlv5Zw%3D' not recognized as being in a supported file format."
2026-06-01 09:17:18 WARNING    Attempt 3 failed (Error opening 'https://sentinel1euwestrtc.blob.core.windows.net/sentinel1-grd-rtc/GRD/2017/4/28/IW/DV/S1B_IW_GRDH_1SDV_20170428T172337_20170428T172402_005364_00966C_957C/measurement/iw-vv.rtc.tiff?st=2026-05-31T06%3A31%3A58Z&se=2026-06-01T07%3A16%3A58Z&sp=rl&sv=2025-07-05&sr=c&skoid=9c8ff44a-6a2c-4dfb-b298-1c9212f64d9a&sktid=72f988bf-86f1-41af-91ab-2d7cd011db47&skt=2026-06-01T02%3A31%3A50Z&ske=2026-06-08T02%3A31%3A50Z&sks=b&skv=2025-07-05&sig=DPBqCelezinej8/duMw%2BsLF4jD2Pg/x/%2B/mGbZlv5Zw%3D': RasterioIOError("'/vsicurl/https://sentinel1euwestrtc.blob.core.windows.net/sentinel1-grd-rtc/GRD/2017/4/28/IW/DV/S1B_IW_GRDH_1SDV_20170428T172337_20170428T172402_005364_00966C_957C/measurement/iw-vv.rtc.tiff?st=2026-05-31T06%3A31%3A58Z&se=2026-06-01T07%3A16%3A58Z&sp=rl&sv=2025-07-05&sr=c&skoid=9c8ff44a-6a2c-4dfb-b298-1c9212f64d9a&sktid=72f988bf-86f1-41af-91ab-2d7cd011db47&skt=2026-06-01T02%3A31%3A50Z&ske=2026-06-08T02%3A31%3A50Z&sks=b&skv=2025-07-05&sig=DPBqCelezinej8/duMw%2BsLF4jD2Pg/x/%2B/mGbZlv5Zw%3D' not recognized as being in a supported file format.")). Retrying in 45s…
2026-06-01 09:17:18 INFO     GDAL signalled an error: err_no=4, msg="`/vsicurl/https://sentinel1euwestrtc.blob.core.windows.net/sentinel1-grd-rtc/GRD/2019/11/11/IW/DV/S1A_IW_GRDH_1SDV_20191111T055021_20191111T055046_029859_0367D4_81A1/measurement/iw-vv.rtc.tiff?st=2026-05-31T06%3A31%3A58Z&se=2026-06-01T07%3A16%3A58Z&sp=rl&sv=2025-07-05&sr=c&skoid=9c8ff44a-6a2c-4dfb-b298-1c9212f64d9a&sktid=72f988bf-86f1-41af-91ab-2d7cd011db47&skt=2026-06-01T02%3A31%3A50Z&ske=2026-06-08T02%3A31%3A50Z&sks=b&skv=2025-07-05&sig=DPBqCelezinej8/duMw%2BsLF4jD2Pg/x/%2B/mGbZlv5Zw%3D' not recognized as being in a supported file format."
2026-06-01 09:17:46 INFO     [748/1028] Done  ISMN_TWENTE_ISMN_TWENTE_ITCSM-02b  S1RTC=354 LULC=done
2026-06-01 09:18:03 INFO     GDAL signalled an error: err_no=4, msg="`/vsicurl/https://sentinel1euwestrtc.blob.core.windows.net/sentinel1-grd-rtc/GRD/2017/6/9/IW/DV/S1B_IW_GRDH_1SDV_20170609T052646_20170609T052711_005969_00A798_14DF/measurement/iw-vh.rtc.tiff?st=2026-05-31T06%3A31%3A58Z&se=2026-06-01T07%3A16%3A58Z&sp=rl&sv=2025-07-05&sr=c&skoid=9c8ff44a-6a2c-4dfb-b298-1c9212f64d9a&sktid=72f988bf-86f1-41af-91ab-2d7cd011db47&skt=2026-06-01T02%3A31%3A50Z&ske=2026-06-08T02%3A31%3A50Z&sks=b&skv=2025-07-05&sig=DPBqCelezinej8/duMw%2BsLF4jD2Pg/x/%2B/mGbZlv5Zw%3D' not recognized as being in a supported file format."
2026-06-01 09:18:03 INFO     GDAL signalled an error: err_no=4, msg="`/vsicurl/https://sentinel1euwestrtc.blob.core.windows.net/sentinel1-grd-rtc/GRD/2017/6/9/IW/DV/S1B_IW_GRDH_1SDV_20170609T052646_20170609T052711_005969_00A798_14DF/measurement/iw-vv.rtc.tiff?st=2026-05-31T06%3A31%3A58Z&se=2026-06-01T07%3A16%3A58Z&sp=rl&sv=2025-07-05&sr=c&skoid=9c8ff44a-6a2c-4dfb-b298-1c9212f64d9a&sktid=72f988bf-86f1-41af-91ab-2d7cd011db47&skt=2026-06-01T02%3A31%3A50Z&ske=2026-06-08T02%3A31%3A50Z&sks=b&skv=2025-07-05&sig=DPBqCelezinej8/duMw%2BsLF4jD2Pg/x/%2B/mGbZlv5Zw%3D' not recognized as being in a supported file format."
2026-06-01 09:18:03 ERROR      ISMN_STEMS_ISMN_STEMS_CarpenetopermanentGrassCoverNoTrackposition S1RTC failed: Error opening 'https://sentinel1euwestrtc.blob.core.windows.net/sentinel1-grd-rtc/GRD/2017/6/9/IW/DV/S1B_IW_GRDH_1SDV_20170609T052646_20170609T052711_005969_00A798_14DF/measurement/iw-vh.rtc.tiff?st=2026-05-31T06%3A31%3A58Z&se=2026-06-01T07%3A16%3A58Z&sp=rl&sv=2025-07-05&sr=c&skoid=9c8ff44a-6a2c-4dfb-b298-1c9212f64d9a&sktid=72f988bf-86f1-41af-91ab-2d7cd011db47&skt=2026-06-01T02%3A31%3A50Z&ske=2026-06-08T02%3A31%3A50Z&sks=b&skv=2025-07-05&sig=DPBqCelezinej8/duMw%2BsLF4jD2Pg/x/%2B/mGbZlv5Zw%3D': RasterioIOError("'/vsicurl/https://sentinel1euwestrtc.blob.core.windows.net/sentinel1-grd-rtc/GRD/2017/6/9/IW/DV/S1B_IW_GRDH_1SDV_20170609T052646_20170609T052711_005969_00A798_14DF/measurement/iw-vh.rtc.tiff?st=2026-05-31T06%3A31%3A58Z&se=2026-06-01T07%3A16%3A58Z&sp=rl&sv=2025-07-05&sr=c&skoid=9c8ff44a-6a2c-4dfb-b298-1c9212f64d9a&sktid=72f988bf-86f1-41af-91ab-2d7cd011db47&skt=2026-06-01T02%3A31%3A50Z&ske=2026-06-08T02%3A31%3A50Z&sks=b&skv=2025-07-05&sig=DPBqCelezinej8/duMw%2BsLF4jD2Pg/x/%2B/mGbZlv5Zw%3D' not recognized as being in a supported file format.")
2026-06-01 09:18:03 INFO     GDAL signalled an error: err_no=4, msg="`/vsicurl/https://sentinel1euwestrtc.blob.core.windows.net/sentinel1-grd-rtc/GRD/2020/8/22/IW/DV/S1B_IW_GRDH_1SDV_20200822T172411_20200822T172436_023039_02BBEC_7949/measurement/iw-vv.rtc.tiff?st=2026-05-31T06%3A31%3A58Z&se=2026-06-01T07%3A16%3A58Z&sp=rl&sv=2025-07-05&sr=c&skoid=9c8ff44a-6a2c-4dfb-b298-1c9212f64d9a&sktid=72f988bf-86f1-41af-91ab-2d7cd011db47&skt=2026-06-01T02%3A31%3A50Z&ske=2026-06-08T02%3A31%3A50Z&sks=b&skv=2025-07-05&sig=DPBqCelezinej8/duMw%2BsLF4jD2Pg/x/%2B/mGbZlv5Zw%3D' not recognized as being in a supported file format."
2026-06-01 09:18:03 INFO     GDAL signalled an error: err_no=4, msg="`/vsicurl/https://sentinel1euwestrtc.blob.core.windows.net/sentinel1-grd-rtc/GRD/2020/8/22/IW/DV/S1B_IW_GRDH_1SDV_20200822T172411_20200822T172436_023039_02BBEC_7949/measurement/iw-vh.rtc.tiff?st=2026-05-31T06%3A31%3A58Z&se=2026-06-01T07%3A16%3A58Z&sp=rl&sv=2025-07-05&sr=c&skoid=9c8ff44a-6a2c-4dfb-b298-1c9212f64d9a&sktid=72f988bf-86f1-41af-91ab-2d7cd011db47&skt=2026-06-01T02%3A31%3A50Z&ske=2026-06-08T02%3A31%3A50Z&sks=b&skv=2025-07-05&sig=DPBqCelezinej8/duMw%2BsLF4jD2Pg/x/%2B/mGbZlv5Zw%3D' not recognized as being in a supported file format."
2026-06-01 09:18:03 ERROR      ISMN_TERENO_ISMN_TERENO_Selhausen S1RTC failed: Error opening 'https://sentinel1euwestrtc.blob.core.windows.net/sentinel1-grd-rtc/GRD/2020/8/22/IW/DV/S1B_IW_GRDH_1SDV_20200822T172411_20200822T172436_023039_02BBEC_7949/measurement/iw-vv.rtc.tiff?st=2026-05-31T06%3A31%3A58Z&se=2026-06-01T07%3A16%3A58Z&sp=rl&sv=2025-07-05&sr=c&skoid=9c8ff44a-6a2c-4dfb-b298-1c9212f64d9a&sktid=72f988bf-86f1-41af-91ab-2d7cd011db47&skt=2026-06-01T02%3A31%3A50Z&ske=2026-06-08T02%3A31%3A50Z&sks=b&skv=2025-07-05&sig=DPBqCelezinej8/duMw%2BsLF4jD2Pg/x/%2B/mGbZlv5Zw%3D': RasterioIOError("'/vsicurl/https://sentinel1euwestrtc.blob.core.windows.net/sentinel1-grd-rtc/GRD/2020/8/22/IW/DV/S1B_IW_GRDH_1SDV_20200822T172411_20200822T172436_023039_02BBEC_7949/measurement/iw-vv.rtc.tiff?st=2026-05-31T06%3A31%3A58Z&se=2026-06-01T07%3A16%3A58Z&sp=rl&sv=2025-07-05&sr=c&skoid=9c8ff44a-6a2c-4dfb-b298-1c9212f64d9a&sktid=72f988bf-86f1-41af-91ab-2d7cd011db47&skt=2026-06-01T02%3A31%3A50Z&ske=2026-06-08T02%3A31%3A50Z&sks=b&skv=2025-07-05&sig=DPBqCelezinej8/duMw%2BsLF4jD2Pg/x/%2B/mGbZlv5Zw%3D' not recognized as being in a supported file format.")
2026-06-01 09:18:03 INFO     GDAL signalled an error: err_no=4, msg="`/vsicurl/https://sentinel1euwestrtc.blob.core.windows.net/sentinel1-grd-rtc/GRD/2017/3/26/IW/DV/S1A_IW_GRDH_1SDV_20170326T055004_20170326T055029_015859_01A21E_DBFF/measurement/iw-vh.rtc.tiff?st=2026-05-31T06%3A31%3A58Z&se=2026-06-01T07%3A16%3A58Z&sp=rl&sv=2025-07-05&sr=c&skoid=9c8ff44a-6a2c-4dfb-b298-1c9212f64d9a&sktid=72f988bf-86f1-41af-91ab-2d7cd011db47&skt=2026-06-01T02%3A31%3A50Z&ske=2026-06-08T02%3A31%3A50Z&sks=b&skv=2025-07-05&sig=DPBqCelezinej8/duMw%2BsLF4jD2Pg/x/%2B/mGbZlv5Zw%3D' not recognized as being in a supported file format."
2026-06-01 09:18:03 INFO     GDAL signalled an error: err_no=4, msg="`/vsicurl/https://sentinel1euwestrtc.blob.core.windows.net/sentinel1-grd-rtc/GRD/2017/3/26/IW/DV/S1A_IW_GRDH_1SDV_20170326T055004_20170326T055029_015859_01A21E_DBFF/measurement/iw-vv.rtc.tiff?st=2026-05-31T06%3A31%3A58Z&se=2026-06-01T07%3A16%3A58Z&sp=rl&sv=2025-07-05&sr=c&skoid=9c8ff44a-6a2c-4dfb-b298-1c9212f64d9a&sktid=72f988bf-86f1-41af-91ab-2d7cd011db47&skt=2026-06-01T02%3A31%3A50Z&ske=2026-06-08T02%3A31%3A50Z&sks=b&skv=2025-07-05&sig=DPBqCelezinej8/duMw%2BsLF4jD2Pg/x/%2B/mGbZlv5Zw%3D' not recognized as being in a supported file format."
2026-06-01 09:18:03 ERROR      ISMN_TERENO_ISMN_TERENO_Schoeneseiffen S1RTC failed: Error opening 'https://sentinel1euwestrtc.blob.core.windows.net/sentinel1-grd-rtc/GRD/2017/3/26/IW/DV/S1A_IW_GRDH_1SDV_20170326T055004_20170326T055029_015859_01A21E_DBFF/measurement/iw-vh.rtc.tiff?st=2026-05-31T06%3A31%3A58Z&se=2026-06-01T07%3A16%3A58Z&sp=rl&sv=2025-07-05&sr=c&skoid=9c8ff44a-6a2c-4dfb-b298-1c9212f64d9a&sktid=72f988bf-86f1-41af-91ab-2d7cd011db47&skt=2026-06-01T02%3A31%3A50Z&ske=2026-06-08T02%3A31%3A50Z&sks=b&skv=2025-07-05&sig=DPBqCelezinej8/duMw%2BsLF4jD2Pg/x/%2B/mGbZlv5Zw%3D': RasterioIOError("'/vsicurl/https://sentinel1euwestrtc.blob.core.windows.net/sentinel1-grd-rtc/GRD/2017/3/26/IW/DV/S1A_IW_GRDH_1SDV_20170326T055004_20170326T055029_015859_01A21E_DBFF/measurement/iw-vh.rtc.tiff?st=2026-05-31T06%3A31%3A58Z&se=2026-06-01T07%3A16%3A58Z&sp=rl&sv=2025-07-05&sr=c&skoid=9c8ff44a-6a2c-4dfb-b298-1c9212f64d9a&sktid=72f988bf-86f1-41af-91ab-2d7cd011db47&skt=2026-06-01T02%3A31%3A50Z&ske=2026-06-08T02%3A31%3A50Z&sks=b&skv=2025-07-05&sig=DPBqCelezinej8/duMw%2BsLF4jD2Pg/x/%2B/mGbZlv5Zw%3D' not recognized as being in a supported file format.")
2026-06-01 09:18:03 INFO     GDAL signalled an error: err_no=4, msg="`/vsicurl/https://sentinel1euwestrtc.blob.core.windows.net/sentinel1-grd-rtc/GRD/2017/12/19/IW/DV/S1B_IW_GRDH_1SDV_20171219T171350_20171219T171415_008791_00FA64_F887/measurement/iw-vv.rtc.tiff?st=2026-05-31T06%3A31%3A58Z&se=2026-06-01T07%3A16%3A58Z&sp=rl&sv=2025-07-05&sr=c&skoid=9c8ff44a-6a2c-4dfb-b298-1c9212f64d9a&sktid=72f988bf-86f1-41af-91ab-2d7cd011db47&skt=2026-06-01T02%3A31%3A50Z&ske=2026-06-08T02%3A31%3A50Z&sks=b&skv=2025-07-05&sig=DPBqCelezinej8/duMw%2BsLF4jD2Pg/x/%2B/mGbZlv5Zw%3D' not recognized as being in a supported file format."
2026-06-01 09:18:03 INFO     GDAL signalled an error: err_no=4, msg="`/vsicurl/https://sentinel1euwestrtc.blob.core.windows.net/sentinel1-grd-rtc/GRD/2017/12/19/IW/DV/S1B_IW_GRDH_1SDV_20171219T171350_20171219T171415_008791_00FA64_F887/measurement/iw-vh.rtc.tiff?st=2026-05-31T06%3A31%3A58Z&se=2026-06-01T07%3A16%3A58Z&sp=rl&sv=2025-07-05&sr=c&skoid=9c8ff44a-6a2c-4dfb-b298-1c9212f64d9a&sktid=72f988bf-86f1-41af-91ab-2d7cd011db47&skt=2026-06-01T02%3A31%3A50Z&ske=2026-06-08T02%3A31%3A50Z&sks=b&skv=2025-07-05&sig=DPBqCelezinej8/duMw%2BsLF4jD2Pg/x/%2B/mGbZlv5Zw%3D' not recognized as being in a supported file format."
2026-06-01 09:18:03 ERROR      ISMN_STEMS_ISMN_STEMS_CarpenetopermanentGrassCoverTrackposition S1RTC failed: Error opening 'https://sentinel1euwestrtc.blob.core.windows.net/sentinel1-grd-rtc/GRD/2017/12/19/IW/DV/S1B_IW_GRDH_1SDV_20171219T171350_20171219T171415_008791_00FA64_F887/measurement/iw-vv.rtc.tiff?st=2026-05-31T06%3A31%3A58Z&se=2026-06-01T07%3A16%3A58Z&sp=rl&sv=2025-07-05&sr=c&skoid=9c8ff44a-6a2c-4dfb-b298-1c9212f64d9a&sktid=72f988bf-86f1-41af-91ab-2d7cd011db47&skt=2026-06-01T02%3A31%3A50Z&ske=2026-06-08T02%3A31%3A50Z&sks=b&skv=2025-07-05&sig=DPBqCelezinej8/duMw%2BsLF4jD2Pg/x/%2B/mGbZlv5Zw%3D': RasterioIOError("'/vsicurl/https://sentinel1euwestrtc.blob.core.windows.net/sentinel1-grd-rtc/GRD/2017/12/19/IW/DV/S1B_IW_GRDH_1SDV_20171219T171350_20171219T171415_008791_00FA64_F887/measurement/iw-vv.rtc.tiff?st=2026-05-31T06%3A31%3A58Z&se=2026-06-01T07%3A16%3A58Z&sp=rl&sv=2025-07-05&sr=c&skoid=9c8ff44a-6a2c-4dfb-b298-1c9212f64d9a&sktid=72f988bf-86f1-41af-91ab-2d7cd011db47&skt=2026-06-01T02%3A31%3A50Z&ske=2026-06-08T02%3A31%3A50Z&sks=b&skv=2025-07-05&sig=DPBqCelezinej8/duMw%2BsLF4jD2Pg/x/%2B/mGbZlv5Zw%3D' not recognized as being in a supported file format.")
2026-06-01 09:18:03 INFO     GDAL signalled an error: err_no=4, msg="`/vsicurl/https://sentinel1euwestrtc.blob.core.windows.net/sentinel1-grd-rtc/GRD/2021/6/28/IW/DV/S1A_IW_GRDH_1SDV_20210628T054216_20210628T054241_038536_048C2D_E335/measurement/iw-vh.rtc.tiff?st=2026-05-31T06%3A31%3A58Z&se=2026-06-01T07%3A16%3A58Z&sp=rl&sv=2025-07-05&sr=c&skoid=9c8ff44a-6a2c-4dfb-b298-1c9212f64d9a&sktid=72f988bf-86f1-41af-91ab-2d7cd011db47&skt=2026-06-01T02%3A31%3A50Z&ske=2026-06-08T02%3A31%3A50Z&sks=b&skv=2025-07-05&sig=DPBqCelezinej8/duMw%2BsLF4jD2Pg/x/%2B/mGbZlv5Zw%3D' not recognized as being in a supported file format."
2026-06-01 09:18:03 INFO     GDAL signalled an error: err_no=4, msg="`/vsicurl/https://sentinel1euwestrtc.blob.core.windows.net/sentinel1-grd-rtc/GRD/2021/6/28/IW/DV/S1A_IW_GRDH_1SDV_20210628T054216_20210628T054241_038536_048C2D_E335/measurement/iw-vv.rtc.tiff?st=2026-05-31T06%3A31%3A58Z&se=2026-06-01T07%3A16%3A58Z&sp=rl&sv=2025-07-05&sr=c&skoid=9c8ff44a-6a2c-4dfb-b298-1c9212f64d9a&sktid=72f988bf-86f1-41af-91ab-2d7cd011db47&skt=2026-06-01T02%3A31%3A50Z&ske=2026-06-08T02%3A31%3A50Z&sks=b&skv=2025-07-05&sig=DPBqCelezinej8/duMw%2BsLF4jD2Pg/x/%2B/mGbZlv5Zw%3D' not recognized as being in a supported file format."
2026-06-01 09:18:03 ERROR      ISMN_TERENO_ISMN_TERENO_Gevenich S1RTC failed: Error opening 'https://sentinel1euwestrtc.blob.core.windows.net/sentinel1-grd-rtc/GRD/2021/6/28/IW/DV/S1A_IW_GRDH_1SDV_20210628T054216_20210628T054241_038536_048C2D_E335/measurement/iw-vh.rtc.tiff?st=2026-05-31T06%3A31%3A58Z&se=2026-06-01T07%3A16%3A58Z&sp=rl&sv=2025-07-05&sr=c&skoid=9c8ff44a-6a2c-4dfb-b298-1c9212f64d9a&sktid=72f988bf-86f1-41af-91ab-2d7cd011db47&skt=2026-06-01T02%3A31%3A50Z&ske=2026-06-08T02%3A31%3A50Z&sks=b&skv=2025-07-05&sig=DPBqCelezinej8/duMw%2BsLF4jD2Pg/x/%2B/mGbZlv5Zw%3D': RasterioIOError("'/vsicurl/https://sentinel1euwestrtc.blob.core.windows.net/sentinel1-grd-rtc/GRD/2021/6/28/IW/DV/S1A_IW_GRDH_1SDV_20210628T054216_20210628T054241_038536_048C2D_E335/measurement/iw-vh.rtc.tiff?st=2026-05-31T06%3A31%3A58Z&se=2026-06-01T07%3A16%3A58Z&sp=rl&sv=2025-07-05&sr=c&skoid=9c8ff44a-6a2c-4dfb-b298-1c9212f64d9a&sktid=72f988bf-86f1-41af-91ab-2d7cd011db47&skt=2026-06-01T02%3A31%3A50Z&ske=2026-06-08T02%3A31%3A50Z&sks=b&skv=2025-07-05&sig=DPBqCelezinej8/duMw%2BsLF4jD2Pg/x/%2B/mGbZlv5Zw%3D' not recognized as being in a supported file format.")
2026-06-01 09:18:03 INFO     GDAL signalled an error: err_no=4, msg="`/vsicurl/https://sentinel1euwestrtc.blob.core.windows.net/sentinel1-grd-rtc/GRD/2019/11/11/IW/DV/S1A_IW_GRDH_1SDV_20191111T055021_20191111T055046_029859_0367D4_81A1/measurement/iw-vh.rtc.tiff?st=2026-05-31T06%3A31%3A58Z&se=2026-06-01T07%3A16%3A58Z&sp=rl&sv=2025-07-05&sr=c&skoid=9c8ff44a-6a2c-4dfb-b298-1c9212f64d9a&sktid=72f988bf-86f1-41af-91ab-2d7cd011db47&skt=2026-06-01T02%3A31%3A50Z&ske=2026-06-08T02%3A31%3A50Z&sks=b&skv=2025-07-05&sig=DPBqCelezinej8/duMw%2BsLF4jD2Pg/x/%2B/mGbZlv5Zw%3D' not recognized as being in a supported file format."
2026-06-01 09:18:03 INFO     GDAL signalled an error: err_no=4, msg="`/vsicurl/https://sentinel1euwestrtc.blob.core.windows.net/sentinel1-grd-rtc/GRD/2019/11/11/IW/DV/S1A_IW_GRDH_1SDV_20191111T055021_20191111T055046_029859_0367D4_81A1/measurement/iw-vv.rtc.tiff?st=2026-05-31T06%3A31%3A58Z&se=2026-06-01T07%3A16%3A58Z&sp=rl&sv=2025-07-05&sr=c&skoid=9c8ff44a-6a2c-4dfb-b298-1c9212f64d9a&sktid=72f988bf-86f1-41af-91ab-2d7cd011db47&skt=2026-06-01T02%3A31%3A50Z&ske=2026-06-08T02%3A31%3A50Z&sks=b&skv=2025-07-05&sig=DPBqCelezinej8/duMw%2BsLF4jD2Pg/x/%2B/mGbZlv5Zw%3D' not recognized as being in a supported file format."
2026-06-01 09:18:03 ERROR      ISMN_TWENTE_ISMN_TWENTE_Hupsel S1RTC failed: Error opening 'https://sentinel1euwestrtc.blob.core.windows.net/sentinel1-grd-rtc/GRD/2019/11/11/IW/DV/S1A_IW_GRDH_1SDV_20191111T055021_20191111T055046_029859_0367D4_81A1/measurement/iw-vh.rtc.tiff?st=2026-05-31T06%3A31%3A58Z&se=2026-06-01T07%3A16%3A58Z&sp=rl&sv=2025-07-05&sr=c&skoid=9c8ff44a-6a2c-4dfb-b298-1c9212f64d9a&sktid=72f988bf-86f1-41af-91ab-2d7cd011db47&skt=2026-06-01T02%3A31%3A50Z&ske=2026-06-08T02%3A31%3A50Z&sks=b&skv=2025-07-05&sig=DPBqCelezinej8/duMw%2BsLF4jD2Pg/x/%2B/mGbZlv5Zw%3D': RasterioIOError("'/vsicurl/https://sentinel1euwestrtc.blob.core.windows.net/sentinel1-grd-rtc/GRD/2019/11/11/IW/DV/S1A_IW_GRDH_1SDV_20191111T055021_20191111T055046_029859_0367D4_81A1/measurement/iw-vh.rtc.tiff?st=2026-05-31T06%3A31%3A58Z&se=2026-06-01T07%3A16%3A58Z&sp=rl&sv=2025-07-05&sr=c&skoid=9c8ff44a-6a2c-4dfb-b298-1c9212f64d9a&sktid=72f988bf-86f1-41af-91ab-2d7cd011db47&skt=2026-06-01T02%3A31%3A50Z&ske=2026-06-08T02%3A31%3A50Z&sks=b&skv=2025-07-05&sig=DPBqCelezinej8/duMw%2BsLF4jD2Pg/x/%2B/mGbZlv5Zw%3D' not recognized as being in a supported file format.")
2026-06-01 09:18:03 INFO     GDAL signalled an error: err_no=4, msg="`/vsicurl/https://sentinel1euwestrtc.blob.core.windows.net/sentinel1-grd-rtc/GRD/2017/4/28/IW/DV/S1B_IW_GRDH_1SDV_20170428T172337_20170428T172402_005364_00966C_957C/measurement/iw-vh.rtc.tiff?st=2026-05-31T06%3A31%3A58Z&se=2026-06-01T07%3A16%3A58Z&sp=rl&sv=2025-07-05&sr=c&skoid=9c8ff44a-6a2c-4dfb-b298-1c9212f64d9a&sktid=72f988bf-86f1-41af-91ab-2d7cd011db47&skt=2026-06-01T02%3A31%3A50Z&ske=2026-06-08T02%3A31%3A50Z&sks=b&skv=2025-07-05&sig=DPBqCelezinej8/duMw%2BsLF4jD2Pg/x/%2B/mGbZlv5Zw%3D' not recognized as being in a supported file format."
2026-06-01 09:18:03 ERROR      ISMN_TERENO_ISMN_TERENO_Merzenhausen S1RTC failed: Error opening 'https://sentinel1euwestrtc.blob.core.windows.net/sentinel1-grd-rtc/GRD/2017/4/28/IW/DV/S1B_IW_GRDH_1SDV_20170428T172337_20170428T172402_005364_00966C_957C/measurement/iw-vh.rtc.tiff?st=2026-05-31T06%3A31%3A58Z&se=2026-06-01T07%3A16%3A58Z&sp=rl&sv=2025-07-05&sr=c&skoid=9c8ff44a-6a2c-4dfb-b298-1c9212f64d9a&sktid=72f988bf-86f1-41af-91ab-2d7cd011db47&skt=2026-06-01T02%3A31%3A50Z&ske=2026-06-08T02%3A31%3A50Z&sks=b&skv=2025-07-05&sig=DPBqCelezinej8/duMw%2BsLF4jD2Pg/x/%2B/mGbZlv5Zw%3D': RasterioIOError("'/vsicurl/https://sentinel1euwestrtc.blob.core.windows.net/sentinel1-grd-rtc/GRD/2017/4/28/IW/DV/S1B_IW_GRDH_1SDV_20170428T172337_20170428T172402_005364_00966C_957C/measurement/iw-vh.rtc.tiff?st=2026-05-31T06%3A31%3A58Z&se=2026-06-01T07%3A16%3A58Z&sp=rl&sv=2025-07-05&sr=c&skoid=9c8ff44a-6a2c-4dfb-b298-1c9212f64d9a&sktid=72f988bf-86f1-41af-91ab-2d7cd011db47&skt=2026-06-01T02%3A31%3A50Z&ske=2026-06-08T02%3A31%3A50Z&sks=b&skv=2025-07-05&sig=DPBqCelezinej8/duMw%2BsLF4jD2Pg/x/%2B/mGbZlv5Zw%3D' not recognized as being in a supported file format.")
2026-06-01 09:18:03 INFO     GDAL signalled an error: err_no=4, msg="`/vsicurl/https://sentinel1euwestrtc.blob.core.windows.net/sentinel1-grd-rtc/GRD/2017/4/28/IW/DV/S1B_IW_GRDH_1SDV_20170428T172337_20170428T172402_005364_00966C_957C/measurement/iw-vv.rtc.tiff?st=2026-05-31T06%3A31%3A58Z&se=2026-06-01T07%3A16%3A58Z&sp=rl&sv=2025-07-05&sr=c&skoid=9c8ff44a-6a2c-4dfb-b298-1c9212f64d9a&sktid=72f988bf-86f1-41af-91ab-2d7cd011db47&skt=2026-06-01T02%3A31%3A50Z&ske=2026-06-08T02%3A31%3A50Z&sks=b&skv=2025-07-05&sig=DPBqCelezinej8/duMw%2BsLF4jD2Pg/x/%2B/mGbZlv5Zw%3D' not recognized as being in a supported file format."
2026-06-01 09:18:04 INFO     [749/1028] Done  ISMN_STEMS_ISMN_STEMS_CarpenetopermanentGrassCoverNoTrackposition  S1RTC= LULC=done
2026-06-01 09:18:04 INFO     [750/1028] Done  ISMN_TERENO_ISMN_TERENO_Schoeneseiffen  S1RTC= LULC=done
2026-06-01 09:18:04 INFO     [751/1028] Done  ISMN_TWENTE_ISMN_TWENTE_Hupsel  S1RTC= LULC=done
2026-06-01 09:18:04 INFO     [752/1028] Done  ISMN_TERENO_ISMN_TERENO_Merzenhausen  S1RTC= LULC=done
2026-06-01 09:18:04 INFO     [753/1028] Done  ISMN_TERENO_ISMN_TERENO_Selhausen  S1RTC= LULC=done
2026-06-01 09:18:04 INFO     [754/1028] Done  ISMN_STEMS_ISMN_STEMS_CarpenetopermanentGrassCoverTrackposition  S1RTC= LULC=done
2026-06-01 09:18:05 INFO     [755/1028] Done  ISMN_TERENO_ISMN_TERENO_Gevenich  S1RTC= LULC=done
2026-06-01 09:18:40 INFO     [756/1028] Done  ISMN_TxSON_ISMN_TxSON_CR1000-1  S1RTC=117 LULC=done
2026-06-01 09:19:20 INFO     [757/1028] Done  ISMN_TxSON_ISMN_TxSON_CR1000-2  S1RTC=145 LULC=done
2026-06-01 09:20:14 INFO     [758/1028] Done  ISMN_TxSON_ISMN_TxSON_CR1000-3  S1RTC=189 LULC=done
2026-06-01 09:21:05 INFO     [759/1028] Done  ISMN_TWENTE_ISMN_TWENTE_ITCSM-15b  S1RTC=721 LULC=done
2026-06-01 09:21:50 INFO     [760/1028] Done  ISMN_TWENTE_ISMN_TWENTE_ITCSM-16b  S1RTC=971 LULC=done
2026-06-01 09:21:53 INFO     [761/1028] Done  ISMN_TxSON_ISMN_TxSON_CR1000-4  S1RTC=355 LULC=done
2026-06-01 09:22:00 INFO     [762/1028] Done  ISMN_TWENTE_ISMN_TWENTE_ITCSM-17c  S1RTC=1044 LULC=done
2026-06-01 09:22:02 INFO     [763/1028] Done  ISMN_TxSON_ISMN_TxSON_CR1000-5  S1RTC=192 LULC=done
2026-06-01 09:22:23 INFO     [764/1028] Done  ISMN_TxSON_ISMN_TxSON_CR200-11  S1RTC=75 LULC=done
2026-06-01 09:22:28 INFO     [765/1028] Done  ISMN_TxSON_ISMN_TxSON_CR200-10  S1RTC=99 LULC=done
2026-06-01 09:22:37 INFO     [766/1028] Done  ISMN_TxSON_ISMN_TxSON_CR200-1  S1RTC=153 LULC=done
2026-06-01 09:22:38 INFO     [767/1028] Done  ISMN_TWENTE_ISMN_TWENTE_ITCSM-07b  S1RTC=1293 LULC=done
2026-06-01 09:22:44 INFO     [768/1028] Done  ISMN_TxSON_ISMN_TxSON_CR1000-6  S1RTC=187 LULC=done
2026-06-01 09:22:49 INFO     [769/1028] Done  ISMN_TWENTE_ISMN_TWENTE_ITCSM-13  S1RTC=1313 LULC=done
2026-06-01 09:22:49 INFO     [770/1028] Done  ISMN_TWENTE_ISMN_TWENTE_ITCSM-09  S1RTC=1313 LULC=done
2026-06-01 09:22:54 INFO     [771/1028] Done  ISMN_TWENTE_ISMN_TWENTE_ITCSM-08b  S1RTC=1293 LULC=done
2026-06-01 09:23:17 INFO     [772/1028] Done  ISMN_TxSON_ISMN_TxSON_CR200-12  S1RTC=188 LULC=done
2026-06-01 09:23:18 INFO     [773/1028] Done  ISMN_TxSON_ISMN_TxSON_CR200-13  S1RTC=187 LULC=done
2026-06-01 09:23:29 INFO     [774/1028] Done  ISMN_TxSON_ISMN_TxSON_CR200-14  S1RTC=188 LULC=done
2026-06-01 09:23:29 INFO     [775/1028] Done  ISMN_TxSON_ISMN_TxSON_CR200-19  S1RTC=141 LULC=done
2026-06-01 09:23:29 INFO     [776/1028] Done  ISMN_TxSON_ISMN_TxSON_CR200-16  S1RTC=178 LULC=done
2026-06-01 09:23:31 INFO     [777/1028] Done  ISMN_TxSON_ISMN_TxSON_CR200-15  S1RTC=188 LULC=done
2026-06-01 09:23:38 INFO     [778/1028] Done  ISMN_TxSON_ISMN_TxSON_CR200-17  S1RTC=189 LULC=done
2026-06-01 09:23:38 INFO     [779/1028] Done  ISMN_TxSON_ISMN_TxSON_CR200-18  S1RTC=188 LULC=done
2026-06-01 09:23:49 INFO     [780/1028] Done  ISMN_TxSON_ISMN_TxSON_CR200-22  S1RTC=71 LULC=done
2026-06-01 09:24:07 INFO     [781/1028] Done  ISMN_TxSON_ISMN_TxSON_CR200-2  S1RTC=188 LULC=done
2026-06-01 09:24:09 INFO     [782/1028] Done  ISMN_TxSON_ISMN_TxSON_CR200-21  S1RTC=193 LULC=done
2026-06-01 09:24:21 INFO     [783/1028] Done  ISMN_TxSON_ISMN_TxSON_CR200-24  S1RTC=188 LULC=done
2026-06-01 09:24:22 INFO     [784/1028] Done  ISMN_TxSON_ISMN_TxSON_CR200-25  S1RTC=188 LULC=done
2026-06-01 09:24:23 INFO     [785/1028] Done  ISMN_TxSON_ISMN_TxSON_CR200-23  S1RTC=188 LULC=done
2026-06-01 09:24:27 INFO     [786/1028] Done  ISMN_TxSON_ISMN_TxSON_CR200-26  S1RTC=193 LULC=done
2026-06-01 09:24:28 INFO     [787/1028] Done  ISMN_TxSON_ISMN_TxSON_CR200-28  S1RTC=187 LULC=done
2026-06-01 09:24:41 INFO     [788/1028] Done  ISMN_TxSON_ISMN_TxSON_CR200-29  S1RTC=177 LULC=done
2026-06-01 09:24:49 INFO     [789/1028] Done  ISMN_TxSON_ISMN_TxSON_CR200-7  S1RTC=100 LULC=done
2026-06-01 09:24:51 INFO     [790/1028] Done  ISMN_TxSON_ISMN_TxSON_CR200-4  S1RTC=163 LULC=done
2026-06-01 09:24:58 INFO     [791/1028] Done  ISMN_TxSON_ISMN_TxSON_CR200-3  S1RTC=193 LULC=done
2026-06-01 09:25:11 INFO     [792/1028] Done  ISMN_TxSON_ISMN_TxSON_CR200-6  S1RTC=188 LULC=done
2026-06-01 09:25:11 INFO     [793/1028] Done  ISMN_TxSON_ISMN_TxSON_CR200-5  S1RTC=186 LULC=done
2026-06-01 09:25:15 INFO     [794/1028] Done  ISMN_TxSON_ISMN_TxSON_CR200-8  S1RTC=188 LULC=done
2026-06-01 09:25:15 INFO     [795/1028] Done  ISMN_TxSON_ISMN_TxSON_CR200-9  S1RTC=193 LULC=done
2026-06-01 09:25:33 INFO     [796/1028] Done  ISMN_TxSON_ISMN_TxSON_LCRA-1  S1RTC=187 LULC=done
2026-06-01 09:25:39 INFO     [797/1028] Done  ISMN_TxSON_ISMN_TxSON_LCRA-2  S1RTC=193 LULC=done
2026-06-01 09:25:47 INFO     [798/1028] Done  ISMN_TxSON_ISMN_TxSON_LCRA-3  S1RTC=188 LULC=done
2026-06-01 09:25:51 INFO     [799/1028] Done  ISMN_TxSON_ISMN_TxSON_LCRA-4  S1RTC=189 LULC=done
2026-06-01 09:25:54 INFO     [800/1028] Done  ISMN_TxSON_ISMN_TxSON_LCRA-5  S1RTC=157 LULC=done
2026-06-01 09:25:55 INFO     [801/1028] Done  ISMN_USCRN_ISMN_USCRN_Asheville-13-S  S1RTC=132 LULC=done
2026-06-01 09:25:57 INFO     [802/1028] Done  ISMN_TxSON_ISMN_TxSON_LCRA-6  S1RTC=168 LULC=done
2026-06-01 09:26:11 INFO     [803/1028] Done  ISMN_USCRN_ISMN_USCRN_Baker-5-W  S1RTC=114 LULC=done
2026-06-01 09:26:17 INFO     [804/1028] Done  ISMN_USCRN_ISMN_USCRN_Austin-33-NW  S1RTC=276 LULC=done
2026-06-01 09:26:28 INFO     [805/1028] Done  ISMN_USCRN_ISMN_USCRN_Bronte-11-NNE  S1RTC=122 LULC=done
2026-06-01 09:26:32 INFO     [806/1028] Done  ISMN_USCRN_ISMN_USCRN_Brunswick-23-S  S1RTC=76 LULC=done
2026-06-01 09:26:41 INFO     [807/1028] Done  ISMN_USCRN_ISMN_USCRN_Bowling-Green-21-NNE  S1RTC=174 LULC=done
2026-06-01 09:26:46 INFO     [808/1028] Done  ISMN_TxSON_ISMN_TxSON_LCRA-7  S1RTC=315 LULC=done
2026-06-01 09:26:48 INFO     [809/1028] Done  ISMN_USCRN_ISMN_USCRN_Bedford-5-WNW  S1RTC=213 LULC=done
2026-06-01 09:26:53 INFO     [810/1028] Done  ISMN_USCRN_ISMN_USCRN_Bodega-6-WSW  S1RTC=213 LULC=done
2026-06-01 09:27:01 INFO     [811/1028] Done  ISMN_USCRN_ISMN_USCRN_Crossville-7-NW  S1RTC=57 LULC=done
2026-06-01 09:27:09 INFO     [812/1028] Done  ISMN_USCRN_ISMN_USCRN_Cortez-8-SE  S1RTC=98 LULC=done
2026-06-01 09:27:12 INFO     [813/1028] Done  ISMN_USCRN_ISMN_USCRN_Batesville-8-WNW  S1RTC=317 LULC=done
2026-06-01 09:27:23 INFO     [814/1028] Done  ISMN_USCRN_ISMN_USCRN_Edinburg-17-NNE  S1RTC=53 LULC=done
2026-06-01 09:27:32 INFO     [815/1028] Done  ISMN_USCRN_ISMN_USCRN_Durham-11-W  S1RTC=149 LULC=done
2026-06-01 09:27:36 INFO     [816/1028] Done  ISMN_USCRN_ISMN_USCRN_Durham-2-N  S1RTC=123 LULC=done
2026-06-01 09:27:39 INFO     [817/1028] Done  ISMN_USCRN_ISMN_USCRN_Cape-Charles-5-ENE  S1RTC=299 LULC=done
2026-06-01 09:27:44 INFO     [818/1028] Done  ISMN_USCRN_ISMN_USCRN_Chatham-1-SE  S1RTC=275 LULC=done
2026-06-01 09:27:47 INFO     [819/1028] Done  ISMN_USCRN_ISMN_USCRN_Charlottesville-2-SSE  S1RTC=297 LULC=done
2026-06-01 09:27:55 INFO     [820/1028] Done  ISMN_USCRN_ISMN_USCRN_Elkins-21-ENE  S1RTC=120 LULC=done
2026-06-01 09:28:02 INFO     [821/1028] Done  ISMN_USCRN_ISMN_USCRN_Everglades-City-5-NE  S1RTC=107 LULC=done
2026-06-01 09:28:06 INFO     [822/1028] Done  ISMN_USCRN_ISMN_USCRN_Goodwell-2-E  S1RTC=77 LULC=done
2026-06-01 09:28:13 INFO     [823/1028] Done  ISMN_USCRN_ISMN_USCRN_Elgin-5-S  S1RTC=237 LULC=done
2026-06-01 09:28:34 INFO     [824/1028] Done  ISMN_USCRN_ISMN_USCRN_Corvallis-10-SSW  S1RTC=392 LULC=done
2026-06-01 09:28:50 INFO     [825/1028] Done  ISMN_USCRN_ISMN_USCRN_Lafayette-13-SE  S1RTC=166 LULC=done
2026-06-01 09:28:59 INFO     [826/1028] Done  ISMN_USCRN_ISMN_USCRN_Goodwell-2-SE  S1RTC=251 LULC=done
2026-06-01 09:29:00 INFO     [827/1028] Done  ISMN_USCRN_ISMN_USCRN_Joplin-24-N  S1RTC=223 LULC=done
2026-06-01 09:29:00 INFO     [828/1028] Done  ISMN_USCRN_ISMN_USCRN_Gadsden-19-N  S1RTC=291 LULC=done
2026-06-01 09:29:06 INFO     [829/1028] Done  ISMN_USCRN_ISMN_USCRN_John-Day-35-WNW  S1RTC=263 LULC=done
2026-06-01 09:29:20 INFO     [830/1028] Done  ISMN_USCRN_ISMN_USCRN_Monroe-26-N  S1RTC=77 LULC=done
2026-06-01 09:30:02 INFO     [831/1028] Done  ISMN_USCRN_ISMN_USCRN_Los-Alamos-13-W  S1RTC=321 LULC=done
2026-06-01 09:30:06 INFO     [832/1028] Done  ISMN_USCRN_ISMN_USCRN_Las-Cruces-20-N  S1RTC=421 LULC=done
2026-06-01 09:30:09 INFO     [833/1028] Done  ISMN_USCRN_ISMN_USCRN_Monahans-6-ENE  S1RTC=255 LULC=done
2026-06-01 09:30:12 INFO     [834/1028] Done  ISMN_USCRN_ISMN_USCRN_Muleshoe-19-S  S1RTC=246 LULC=done
2026-06-01 09:30:15 INFO     [835/1028] Done  ISMN_USCRN_ISMN_USCRN_McClellanville-7-NE  S1RTC=312 LULC=done
2026-06-01 09:30:23 INFO     [836/1028] Done  ISMN_USCRN_ISMN_USCRN_Newton-8-W  S1RTC=70 LULC=done
2026-06-01 09:30:25 INFO     [837/1028] Done  ISMN_USCRN_ISMN_USCRN_Fallbrook-5-NE  S1RTC=643 LULC=done
2026-06-01 09:30:42 INFO     [838/1028] Done  ISMN_USCRN_ISMN_USCRN_Newton-5-ENE  S1RTC=289 LULC=done
2026-06-01 09:30:47 INFO     [839/1028] Done  ISMN_USCRN_ISMN_USCRN_Salem-10-W  S1RTC=125 LULC=done
2026-06-01 09:31:28 INFO     [840/1028] Done  ISMN_USCRN_ISMN_USCRN_Mercury-3-SSW  S1RTC=549 LULC=done
2026-06-01 09:31:34 INFO     [841/1028] Done  ISMN_USCRN_ISMN_USCRN_Socorro-20-N  S1RTC=285 LULC=done
2026-06-01 09:31:39 INFO     [842/1028] Done  ISMN_USCRN_ISMN_USCRN_Stillwater-5-WNW  S1RTC=200 LULC=done
2026-06-01 09:31:51 INFO     [843/1028] Done  ISMN_USCRN_ISMN_USCRN_Stillwater-2-W  S1RTC=254 LULC=done
2026-06-01 09:32:08 INFO     [844/1028] Done  ISMN_USCRN_ISMN_USCRN_Santa-Barbara-11-W  S1RTC=433 LULC=done
2026-06-01 09:32:19 INFO     [845/1028] Done  ISMN_USCRN_ISMN_USCRN_Quinault-4-NE  S1RTC=484 LULC=done
2026-06-01 09:32:46 INFO     [846/1028] Done  ISMN_USCRN_ISMN_USCRN_Spokane-17-SSW  S1RTC=476 LULC=done
2026-06-01 09:33:07 INFO     [847/1028] Done  ISMN_USCRN_ISMN_USCRN_Versailles-3-NNW  S1RTC=298 LULC=done
2026-06-01 09:33:09 INFO     [848/1028] Done  ISMN_USCRN_ISMN_USCRN_Watkinsville-5-SSE  S1RTC=289 LULC=done
2026-06-01 09:33:21 INFO     [849/1028] Done  ISMN_USCRN_ISMN_USCRN_Tucson-11-W  S1RTC=413 LULC=done
2026-06-01 09:33:39 INFO     [850/1028] Done  ISMN_USCRN_ISMN_USCRN_Panther-Junction-2-N  S1RTC=784 LULC=done
2026-06-01 09:33:47 INFO     [851/1028] Done  ISMN_WATERLINE_ISMN_WATERLINE_Kerasia  S1RTC=236 LULC=done
2026-06-01 09:34:02 INFO     [852/1028] Done  ISMN_USCRN_ISMN_USCRN_Yuma-27-ENE  S1RTC=389 LULC=done
2026-06-01 09:34:06 INFO     [853/1028] Done  ISMN_USCRN_ISMN_USCRN_Stovepipe-Wells-1-SW  S1RTC=563 LULC=done
2026-06-01 09:34:09 INFO     [854/1028] Done  ISMN_WATERLINE_ISMN_WATERLINE_Komotini  S1RTC=200 LULC=done
2026-06-01 09:34:24 INFO     [855/1028] Done  ISMN_WATERLINE_ISMN_WATERLINE_Nymfaia  S1RTC=241 LULC=done
2026-06-01 09:34:37 INFO     [856/1028] Done  ISMN_USCRN_ISMN_USCRN_Yosemite-Village-12-W  S1RTC=519 LULC=done
[2026-06-01T09:35:02.019] error: *** JOB 23326823 ON tcn186 CANCELLED AT 2026-06-01T09:35:02 DUE TO TIME LIMIT ***
