station,category,split,start_date,end_date,complete,has_s2,has_s1_asc,has_s1_desc,has_cm,has_dem,has_lulc,has_soil,has_era5,has_sif,has_twsa,has_labels_sm,has_labels_le,n_s2_dates,n_cm_dates,n_s2_missing_cm,cm_coverage_pct,s2_missing_years,s1_asc_missing_years,s1_desc_missing_years,cm_missing_years,era5_missing_years,labels_sm_missing_years,labels_le_missing_years,sif_missing_years,twsa_missing_years,status,flags
ISMN_AMMA-CATCH_Banizoumbou,sm_only,train,20140101,20181230,True,True,True,False,True,True,True,True,True,True,True,True,False,103,127,0,100.0,"2014,2015","2014,2015",,"2014,2015",,,,"2014,2015,2016,2017",,WARN,"s2_missing_years(2014,2015)|s1_asc_missing_years(2014,2015)|cm_missing_years(2014,2015)|INFO_sif_missing_years(2014,2015,2016,2017)"
ISMN_AMMA-CATCH_Tondikiboro,sm_only,train,20140101,20181230,True,True,True,False,True,True,True,True,True,True,True,True,False,102,126,0,100.0,"2014,2015","2014,2015",,"2014,2015",,,,"2014,2015,2016,2017",,WARN,"s2_missing_years(2014,2015)|s1_asc_missing_years(2014,2015)|cm_missing_years(2014,2015)|INFO_sif_missing_years(2014,2015,2016,2017)"
ISMN_ARM_Anthony,sm_only,train,20140101,20210920,True,True,True,False,True,True,True,True,True,True,True,True,False,330,436,0,100.0,"2014,2015","2014,2015",,"2014,2015",,,,"2014,2015,2016,2017",,WARN,"s2_missing_years(2014,2015)|s1_asc_missing_years(2014,2015)|cm_missing_years(2014,2015)|INFO_sif_missing_years(2014,2015,2016,2017)"
ISMN_ARM_Ashton,sm_only,train,20160226,20230928,True,True,True,False,True,True,True,True,True,True,True,True,False,235,314,0,100.0,,,,,,,,"2016,2017",,OK,"INFO_sif_missing_years(2016,2017)"
ISMN_ARM_Byron,sm_only,train,20160225,20211130,True,True,True,False,True,True,True,True,True,True,True,True,False,350,442,0,100.0,,,,,,,,"2016,2017",,OK,"INFO_sif_missing_years(2016,2017)"
ISMN_ARM_Lamont-CF1,sm_only,train,20160223,20251230,True,True,True,False,True,True,True,True,True,True,True,True,False,321,427,0,100.0,,,,,,,,"2016,2017",2025,OK,"INFO_sif_missing_years(2016,2017)|INFO_twsa_missing_years(2025)"
ISMN_ARM_Lamont-CF2,sm_only,train,20210729,20251230,True,True,True,False,True,True,True,True,True,True,True,True,False,169,220,0,100.0,,,,,,,,,2025,OK,INFO_twsa_missing_years(2025)
ISMN_ARM_MapleCity,sm_only,oos,20191004,20230928,True,True,True,False,True,True,True,True,True,True,True,True,False,299,395,0,100.0,,,,,,,,,,OK,
ISMN_ARM_Marshall,sm_only,train,20160525,20230928,True,True,True,False,True,True,True,True,True,True,True,True,False,242,334,0,100.0,,,,,,,,"2016,2017",,OK,"INFO_sif_missing_years(2016,2017)"
ISMN_ARM_Medford,sm_only,oos,20160226,20251230,True,True,True,False,True,True,True,True,True,True,True,True,False,655,904,0,100.0,,,,,,,,"2016,2017",2025,OK,"INFO_sif_missing_years(2016,2017)|INFO_twsa_missing_years(2025)"
ISMN_ARM_Morrison,sm_only,train,20151001,20251230,True,True,True,False,True,True,True,True,True,True,True,True,False,325,429,0,100.0,2015,2015,,2015,,,,"2015,2016,2017",2025,WARN,"s2_missing_years(2015)|s1_asc_missing_years(2015)|cm_missing_years(2015)|INFO_sif_missing_years(2015,2016,2017)|INFO_twsa_missing_years(2025)"
ISMN_ARM_Newkirk,sm_only,train,20160224,20251230,True,True,True,False,True,True,True,True,True,True,True,True,False,307,427,0,100.0,,,,,,,,"2016,2017",2025,OK,"INFO_sif_missing_years(2016,2017)|INFO_twsa_missing_years(2025)"
ISMN_ARM_Omega,sm_only,oos,20140101,20210606,True,True,True,False,True,True,True,True,True,True,True,True,False,300,398,0,100.0,"2014,2015","2014,2015",,"2014,2015",,,,"2014,2015,2016,2017",,WARN,"s2_missing_years(2014,2015)|s1_asc_missing_years(2014,2015)|cm_missing_years(2014,2015)|INFO_sif_missing_years(2014,2015,2016,2017)"
ISMN_ARM_Pawhuska,sm_only,train,20160305,20251230,True,True,True,False,True,True,True,True,True,True,True,True,False,297,419,0,100.0,,,,,,,,"2016,2017",2025,OK,"INFO_sif_missing_years(2016,2017)|INFO_twsa_missing_years(2025)"
ISMN_ARM_Ringwood,sm_only,train,20160302,20230928,True,True,True,False,True,True,True,True,True,True,True,True,False,500,631,0,100.0,,,,,,,,"2016,2017",,OK,"INFO_sif_missing_years(2016,2017)"
ISMN_ARM_Tryon,sm_only,train,20160303,20230928,True,True,True,False,True,True,True,True,True,True,True,True,False,237,301,0,100.0,,,,,,,,"2016,2017",,OK,"INFO_sif_missing_years(2016,2017)"
ISMN_ARM_Tyro,sm_only,train,20160101,20251230,True,True,True,True,True,True,True,True,True,True,True,True,False,588,820,0,100.0,,,"2016,2017,2018,2019,2021,2022,2023,2024,2025",,,,,"2016,2017",2025,WARN,"s1_desc_missing_years(2016,2017,2018,2019,2021,2022,2023,2024,2025)|INFO_sif_missing_years(2016,2017)|INFO_twsa_missing_years(2025)"
ISMN_ARM_Waukomis,sm_only,train,20140101,20251230,True,True,True,False,True,True,True,True,True,True,True,True,False,449,627,0,100.0,"2014,2015","2014,2015",,"2014,2015",,,,"2014,2015,2016,2017",2025,WARN,"s2_missing_years(2014,2015)|s1_asc_missing_years(2014,2015)|cm_missing_years(2014,2015)|INFO_sif_missing_years(2014,2015,2016,2017)|INFO_twsa_missing_years(2025)"
ISMN_Berlin_DWDBerlin-Spaeth,sm_only,oos,20211001,20251230,True,True,True,True,True,True,True,True,True,True,True,True,False,165,292,0,100.0,,,,,,,,,2025,OK,INFO_twsa_missing_years(2025)
ISMN_Berlin_DWDBerlinTempel,sm_only,oos,20220629,20251230,True,True,True,True,True,True,True,True,True,True,True,True,False,134,242,0,100.0,,,,,,,,,2025,OK,INFO_twsa_missing_years(2025)
ISMN_Berlin_PSA14wiltinger,sm_only,train,20221129,20251230,True,True,True,True,True,True,True,True,True,True,True,True,False,125,210,0,100.0,,,,,,,,,2025,OK,INFO_twsa_missing_years(2025)
ISMN_Berlin_PSA15bucherchaus,sm_only,train,20221129,20251230,True,True,True,True,True,True,True,True,True,True,True,True,False,123,210,0,100.0,,,,,,,,,2025,OK,INFO_twsa_missing_years(2025)
ISMN_Berlin_PSA16krugwiesen,sm_only,train,20221129,20251230,True,True,True,True,True,True,True,True,True,True,True,True,False,107,236,0,100.0,,,,,,,,,2025,OK,INFO_twsa_missing_years(2025)
ISMN_Berlin_PSA17suedpark,sm_only,train,20221129,20251230,True,True,True,True,True,True,True,True,True,True,True,True,False,112,210,0,100.0,2022,,,,,,,,2025,WARN,s2_missing_years(2022)|INFO_twsa_missing_years(2025)
ISMN_Berlin_PSA18Pfaueninsel,sm_only,train,20221129,20251230,True,True,True,True,True,True,True,True,True,True,True,True,False,117,210,0,100.0,2022,,,,,,,,2025,WARN,s2_missing_years(2022)|INFO_twsa_missing_years(2025)
ISMN_Berlin_PSA1BerlinerStr,sm_only,val,20201125,20240414,True,True,True,True,True,True,True,True,True,True,True,True,False,118,222,0,100.0,,,,,,,,,,OK,
ISMN_Berlin_PSA2Tiergarten,sm_only,train,20201125,20251230,True,True,True,True,True,True,True,True,True,True,True,True,False,208,357,0,100.0,,,,,,,,,2025,OK,INFO_twsa_missing_years(2025)
ISMN_Berlin_PSA4Heerstrasse,sm_only,train,20201125,20240326,True,True,True,True,True,True,True,True,True,True,True,True,False,113,221,0,100.0,,,,,,,,,,OK,
ISMN_Berlin_PSA6Plaenterwald,sm_only,train,20201127,20251230,True,True,True,True,True,True,True,True,True,True,True,True,False,188,358,0,100.0,,,,,,,,,2025,OK,INFO_twsa_missing_years(2025)
ISMN_Berlin_PSA7Ruebezahl,sm_only,val,20201127,20250527,True,True,True,True,True,True,True,True,True,True,True,True,False,156,346,0,100.0,,,,,,,,,2025,OK,INFO_twsa_missing_years(2025)
ISMN_Berlin_PflABerlin11Humb,sm_only,train,20221115,20251230,True,True,True,True,True,True,True,True,True,True,True,True,False,127,211,0,100.0,,,,,,,,,2025,OK,INFO_twsa_missing_years(2025)
ISMN_Berlin_PflABerlin12Schi,sm_only,train,20221115,20251230,True,True,True,True,True,True,True,True,True,True,True,True,False,120,211,0,100.0,,,,,,,,,2025,OK,INFO_twsa_missing_years(2025)
ISMN_Berlin_PflABerlin13Marz,sm_only,train,20221115,20251230,True,True,True,True,True,True,True,True,True,True,True,True,False,128,233,0,100.0,,,,,,,,,2025,OK,INFO_twsa_missing_years(2025)
ISMN_COSMOS_KLEE,sm_only,train,20140101,20180428,True,True,True,True,True,True,True,True,True,True,True,True,False,54,89,0,100.0,"2014,2015","2014,2015","2014,2015,2016","2014,2015",,,,"2014,2015,2016,2017",,WARN,"s2_missing_years(2014,2015)|s1_asc_missing_years(2014,2015)|s1_desc_missing_years(2014,2015,2016)|cm_missing_years(2014,2015)|INFO_sif_missing_years(2014,2015,2016,2017)"
ISMN_COSMOS-UK_AliceHolt,sm_only,train,20150306,20221231,True,True,True,True,True,True,True,True,True,True,True,True,False,97,252,0,100.0,2015,2015,2015,2015,,,,"2015,2016,2017",,WARN,"s2_missing_years(2015)|s1_asc_missing_years(2015)|s1_desc_missing_years(2015)|cm_missing_years(2015)|INFO_sif_missing_years(2015,2016,2017)"
ISMN_COSMOS-UK_Balruddery,sm_only,val,20150125,20190129,True,True,True,True,True,True,True,True,True,True,True,True,False,73,154,0,100.0,2015,2015,2015,2015,,,,"2015,2016,2017",,WARN,"s2_missing_years(2015)|s1_asc_missing_years(2015)|s1_desc_missing_years(2015)|cm_missing_years(2015)|INFO_sif_missing_years(2015,2016,2017)"
ISMN_COSMOS-UK_BickleyHall,sm_only,oos,20150128,20221231,True,True,True,True,True,True,True,True,True,True,True,True,False,85,209,0,100.0,2015,2015,2015,2015,,,,"2015,2016,2017",,WARN,"s2_missing_years(2015)|s1_asc_missing_years(2015)|s1_desc_missing_years(2015)|cm_missing_years(2015)|INFO_sif_missing_years(2015,2016,2017)"
ISMN_COSMOS-UK_BunnyPark,sm_only,train,20150127,20221231,True,True,True,True,True,True,True,True,True,True,True,True,False,178,422,0,100.0,2015,2015,2015,2015,,,,"2015,2016,2017",,WARN,"s2_missing_years(2015)|s1_asc_missing_years(2015)|s1_desc_missing_years(2015)|cm_missing_years(2015)|INFO_sif_missing_years(2015,2016,2017)"
ISMN_COSMOS-UK_Cardington,sm_only,train,20150624,20220624,True,True,True,True,True,True,True,True,True,True,True,True,False,103,218,0,100.0,2015,2015,2015,2015,,,,"2015,2016,2017",,WARN,"s2_missing_years(2015)|s1_asc_missing_years(2015)|s1_desc_missing_years(2015)|cm_missing_years(2015)|INFO_sif_missing_years(2015,2016,2017)"
ISMN_COSMOS-UK_ChimneyMeadows,sm_only,oos,20140101,20190927,True,True,True,True,True,True,True,True,True,True,True,True,False,88,250,0,100.0,"2014,2015","2014,2015","2014,2015","2014,2015",,,,"2014,2015,2016,2017",,WARN,"s2_missing_years(2014,2015)|s1_asc_missing_years(2014,2015)|s1_desc_missing_years(2014,2015)|cm_missing_years(2014,2015)|INFO_sif_missing_years(2014,2015,2016,2017)"
ISMN_COSMOS-UK_Cochno,sm_only,train,20170824,20201114,True,True,True,True,True,True,True,True,True,True,True,True,False,68,208,0,100.0,,,,,,,,2017,,OK,INFO_sif_missing_years(2017)
ISMN_COSMOS-UK_CwmGarw,sm_only,oos,20170205,20201024,True,True,True,True,True,True,True,True,True,True,True,True,False,65,275,0,100.0,,,,,,,,2017,,OK,INFO_sif_missing_years(2017)
ISMN_COSMOS-UK_Elmsett,sm_only,train,20160811,20191212,True,True,True,True,True,True,True,True,True,True,True,True,False,87,217,0,100.0,,,,,,,,"2016,2017",,OK,"INFO_sif_missing_years(2016,2017)"
ISMN_COSMOS-UK_Euston,sm_only,train,20190610,20221231,True,True,True,True,True,True,True,True,True,True,True,True,False,113,263,0,100.0,,,,,,,,,,OK,
ISMN_COSMOS-UK_Fincham,sm_only,val,20170607,20221231,True,True,True,True,True,True,True,True,True,True,True,True,False,187,420,0,100.0,,,,,,,,2017,,OK,INFO_sif_missing_years(2017)
ISMN_COSMOS-UK_Fivemiletown,sm_only,train,20180626,20221231,True,True,True,True,True,True,True,True,True,True,True,True,False,78,247,0,100.0,,,,,,,,,,OK,
ISMN_COSMOS-UK_HartwoodHome,sm_only,val,20170223,20220725,True,True,True,True,True,True,True,True,True,True,True,True,False,108,317,0,100.0,,,,,,,,2017,,OK,INFO_sif_missing_years(2017)
ISMN_COSMOS-UK_Heytesbury,sm_only,train,20180808,20220730,True,True,True,True,True,True,True,True,True,True,True,True,False,112,313,0,100.0,,,,,,,,,,OK,
ISMN_COSMOS-UK_HollinHill,sm_only,train,20180512,20220212,True,True,True,True,True,True,True,True,True,True,True,True,False,114,336,0,100.0,,2022,2022,,,,,,,WARN,s1_asc_missing_years(2022)|s1_desc_missing_years(2022)
ISMN_COSMOS-UK_HolmeLacy,sm_only,oos,20180411,20221231,True,True,True,True,True,True,True,True,True,True,True,True,False,139,349,0,100.0,,,,,,,,,,OK,
ISMN_COSMOS-UK_Loddington,sm_only,oos,20160426,20190826,True,True,True,True,True,True,True,True,True,True,True,True,False,94,193,0,100.0,,,,,,,,"2016,2017",,OK,"INFO_sif_missing_years(2016,2017)"
ISMN_COSMOS-UK_LullingtonHeath,sm_only,train,20181104,20220204,True,True,True,True,True,True,True,True,True,True,True,True,False,110,267,0,100.0,,,,,,,,,,OK,
ISMN_COSMOS-UK_MoretonMorrell,sm_only,train,20181116,20221231,True,True,True,True,True,True,True,True,True,True,True,True,False,107,296,0,100.0,,,,,,,,,,OK,
ISMN_COSMOS-UK_Morley,sm_only,train,20140514,20220517,True,True,True,True,True,True,True,True,True,True,True,True,False,180,419,0,100.0,"2014,2015","2014,2015","2014,2015","2014,2015",,,,"2014,2015,2016,2017",,WARN,"s2_missing_years(2014,2015)|s1_asc_missing_years(2014,2015)|s1_desc_missing_years(2014,2015)|cm_missing_years(2014,2015)|INFO_sif_missing_years(2014,2015,2016,2017)"
ISMN_COSMOS-UK_PortonDown,sm_only,train,20141218,20181128,True,True,True,True,True,True,True,True,True,True,True,True,False,61,158,0,100.0,"2014,2015","2014,2015","2014,2015","2014,2015",,,,"2014,2015,2016,2017",,WARN,"s2_missing_years(2014,2015)|s1_asc_missing_years(2014,2015)|s1_desc_missing_years(2014,2015)|cm_missing_years(2014,2015)|INFO_sif_missing_years(2014,2015,2016,2017)"
ISMN_COSMOS-UK_Redhill,sm_only,train,20160218,20211203,True,True,True,True,True,True,True,True,True,True,True,True,False,161,417,0,100.0,,,,,,,,"2016,2017",,OK,"INFO_sif_missing_years(2016,2017)"
ISMN_COSMOS-UK_Redmere,sm_only,train,20150210,20180918,True,True,True,True,True,True,True,True,True,True,True,True,False,60,138,0,100.0,2015,2015,2015,2015,,,,"2015,2016,2017",,WARN,"s2_missing_years(2015)|s1_asc_missing_years(2015)|s1_desc_missing_years(2015)|cm_missing_years(2015)|INFO_sif_missing_years(2015,2016,2017)"
ISMN_COSMOS-UK_Rothamsted,sm_only,oos,20170128,20221231,True,True,True,True,True,True,True,True,True,True,True,True,False,172,390,0,100.0,,,,,,,,2017,,OK,INFO_sif_missing_years(2017)
ISMN_COSMOS-UK_Sheepdrove,sm_only,train,20140101,20221231,True,True,True,True,True,True,True,True,True,True,True,True,False,195,518,0,100.0,"2014,2015","2014,2015","2014,2015","2014,2015",,,,"2014,2015,2016,2017",,WARN,"s2_missing_years(2014,2015)|s1_asc_missing_years(2014,2015)|s1_desc_missing_years(2014,2015)|cm_missing_years(2014,2015)|INFO_sif_missing_years(2014,2015,2016,2017)"
ISMN_COSMOS-UK_SpenFarm,sm_only,train,20161123,20201121,True,True,True,True,True,True,True,True,True,True,True,True,False,101,264,0,100.0,,,,,,,,"2016,2017",,OK,"INFO_sif_missing_years(2016,2017)"
ISMN_COSMOS-UK_Stoughton,sm_only,train,20150819,20210603,True,True,True,True,True,True,True,True,True,True,True,True,False,131,326,0,100.0,2015,2015,2015,2015,,,,"2015,2016,2017",,WARN,"s2_missing_years(2015)|s1_asc_missing_years(2015)|s1_desc_missing_years(2015)|cm_missing_years(2015)|INFO_sif_missing_years(2015,2016,2017)"
ISMN_COSMOS-UK_Waddesdon,sm_only,train,20140101,20180806,True,True,True,True,True,True,True,True,True,True,True,True,False,33,75,0,100.0,"2014,2015","2014,2015","2014,2015","2014,2015",,,,"2014,2015,2016,2017",,WARN,"s2_missing_years(2014,2015)|s1_asc_missing_years(2014,2015)|s1_desc_missing_years(2014,2015)|cm_missing_years(2014,2015)|INFO_sif_missing_years(2014,2015,2016,2017)"
ISMN_COSMOS-UK_Writtle,sm_only,train,20170704,20221231,True,True,True,True,True,True,True,True,True,True,True,True,False,198,411,0,100.0,,,,,,,,2017,,OK,INFO_sif_missing_years(2017)
ISMN_CW3E_BoyesCreekCanyon,sm_only,train,20211201,20251230,True,True,True,True,True,True,True,True,True,True,True,True,False,191,233,0,100.0,,,,,,,,,2025,OK,INFO_twsa_missing_years(2025)
ISMN_CW3E_BrownsValleySchool,sm_only,train,20210414,20251230,True,True,True,True,True,True,True,True,True,True,True,True,False,236,281,0,100.0,,,,,,,,,2025,OK,INFO_twsa_missing_years(2025)
ISMN_CW3E_Deerwood,sm_only,oos,20171006,20251218,True,True,True,True,True,True,True,True,True,True,True,True,False,404,467,0,100.0,,,,,,,,2017,2025,OK,INFO_sif_missing_years(2017)|INFO_twsa_missing_years(2025)
ISMN_CW3E_FeatherRiverCollege,sm_only,train,20191118,20240319,True,True,True,True,True,True,True,True,True,True,True,True,False,194,251,0,100.0,,,,,,,,,,OK,
ISMN_CW3E_NorthCowMountain,sm_only,oos,20171007,20250917,True,True,True,True,True,True,True,True,True,True,True,True,False,746,902,0,100.0,,,,,,,,2017,2025,OK,INFO_sif_missing_years(2017)|INFO_twsa_missing_years(2025)
ISMN_CW3E_PotterValleyNorth,sm_only,val,20190308,20250210,True,True,True,True,True,True,True,True,True,True,True,True,False,279,335,0,100.0,,,,,,,,,2025,OK,INFO_twsa_missing_years(2025)
ISMN_CW3E_SkylineHarvest,sm_only,oos,20200731,20251230,True,True,True,True,True,True,True,True,True,True,True,True,False,262,324,0,100.0,,,,,,,,,2025,OK,INFO_twsa_missing_years(2025)
ISMN_CW3E_YucaipaValley,sm_only,oos,20221202,20251230,True,True,True,True,True,True,True,True,True,True,True,True,False,162,195,0,100.0,,,,,,,,,2025,OK,INFO_twsa_missing_years(2025)
ISMN_FLUXNET-AMERIFLUX_BouldinIslandAlfalfa,sm_only,train,20160813,20191230,True,True,True,True,True,True,True,True,True,True,True,True,False,131,157,0,100.0,,,2016,,,,,"2016,2017",,WARN,"s1_desc_missing_years(2016)|INFO_sif_missing_years(2016,2017)"
ISMN_FLUXNET-AMERIFLUX_TonziRanch,sm_only,train,20170115,20200211,True,True,True,True,True,True,True,True,True,True,True,True,False,101,131,0,100.0,,,,,,,,2017,,OK,INFO_sif_missing_years(2017)
ISMN_FLUXNET-AMERIFLUX_VairaRanch,sm_only,train,20140101,20200211,True,True,True,True,True,True,True,True,True,True,True,True,False,112,144,0,100.0,"2014,2015","2014,2015","2014,2015","2014,2015",,,,"2014,2015,2016,2017",,WARN,"s2_missing_years(2014,2015)|s1_asc_missing_years(2014,2015)|s1_desc_missing_years(2014,2015)|cm_missing_years(2014,2015)|INFO_sif_missing_years(2014,2015,2016,2017)"
ISMN_FMI_SAA111,sm_only,oos,20200614,20251230,True,True,True,True,True,True,True,True,True,True,True,True,False,184,407,0,100.0,,,,,,,,,2025,OK,INFO_twsa_missing_years(2025)
ISMN_FMI_SAA112,sm_only,oos,20210429,20240807,True,True,True,True,True,True,True,True,True,True,True,True,False,108,232,0,100.0,,,,,,,,,,OK,
ISMN_FMI_SAA120,sm_only,oos,20160313,20190816,True,True,True,True,True,True,True,True,True,True,True,True,False,92,225,0,100.0,,,,,,,,"2016,2017",,OK,"INFO_sif_missing_years(2016,2017)"
ISMN_FMI_SOD011,sm_only,val,20200614,20251230,True,True,True,True,True,True,True,True,True,True,True,True,False,214,454,0,100.0,,,,,,,,,2025,OK,INFO_twsa_missing_years(2025)
ISMN_FMI_SOD012,sm_only,val,20200614,20251230,True,True,True,True,True,True,True,True,True,True,True,True,False,211,454,0,100.0,,,,,,,,,2025,OK,INFO_twsa_missing_years(2025)
ISMN_FMI_SOD013,sm_only,val,20140105,20190816,True,True,True,True,True,True,True,True,True,True,True,True,False,120,235,0,100.0,"2014,2015","2014,2015","2014,2015","2014,2015",,,,"2014,2015,2016,2017",,WARN,"s2_missing_years(2014,2015)|s1_asc_missing_years(2014,2015)|s1_desc_missing_years(2014,2015)|cm_missing_years(2014,2015)|INFO_sif_missing_years(2014,2015,2016,2017)"
ISMN_FMI_SOD071,sm_only,val,20200614,20251230,True,True,True,True,True,True,True,True,True,True,True,True,False,212,454,0,100.0,,"2022,2023,2024,2025","2022,2023,2024,2025",,,,,,2025,WARN,"s1_asc_missing_years(2022,2023,2024,2025)|s1_desc_missing_years(2022,2023,2024,2025)|INFO_twsa_missing_years(2025)"
ISMN_FMI_SOD072,sm_only,val,20220321,20251230,True,True,True,True,True,True,True,True,True,True,True,True,False,162,320,0,100.0,,,,,,,,,2025,OK,INFO_twsa_missing_years(2025)
ISMN_FMI_SOD073,sm_only,val,20220321,20251230,True,True,True,True,True,True,True,True,True,True,True,True,False,161,320,0,100.0,,,,,,,,,2025,OK,INFO_twsa_missing_years(2025)
ISMN_FMI_SOD081,sm_only,val,20200614,20251230,True,True,True,True,True,True,True,True,True,True,True,True,False,223,453,0,100.0,,,,,,,,,2025,OK,INFO_twsa_missing_years(2025)
ISMN_FMI_SOD083,sm_only,val,20211204,20251230,True,True,True,True,True,True,True,True,True,True,True,True,False,179,333,0,100.0,2021,,,2021,,,,,2025,WARN,s2_missing_years(2021)|cm_missing_years(2021)|INFO_twsa_missing_years(2025)
ISMN_FMI_SOD101,sm_only,val,20140101,20200506,True,True,True,True,True,True,True,True,True,True,True,True,False,140,285,0,100.0,"2014,2015","2014,2015","2014,2015","2014,2015",,,,"2014,2015,2016,2017",,WARN,"s2_missing_years(2014,2015)|s1_asc_missing_years(2014,2015)|s1_desc_missing_years(2014,2015)|cm_missing_years(2014,2015)|INFO_sif_missing_years(2014,2015,2016,2017)"
ISMN_FMI_SOD102,sm_only,val,20140101,20200506,True,True,True,True,True,True,True,True,True,True,True,True,False,140,285,0,100.0,"2014,2015","2014,2015","2014,2015","2014,2015",,,,"2014,2015,2016,2017",,WARN,"s2_missing_years(2014,2015)|s1_asc_missing_years(2014,2015)|s1_desc_missing_years(2014,2015)|cm_missing_years(2014,2015)|INFO_sif_missing_years(2014,2015,2016,2017)"
ISMN_FMI_SOD103,sm_only,val,20140101,20200506,True,True,True,True,True,True,True,True,True,True,True,True,False,140,285,0,100.0,"2014,2015","2014,2015","2014,2015","2014,2015",,,,"2014,2015,2016,2017",,WARN,"s2_missing_years(2014,2015)|s1_asc_missing_years(2014,2015)|s1_desc_missing_years(2014,2015)|cm_missing_years(2014,2015)|INFO_sif_missing_years(2014,2015,2016,2017)"
ISMN_FMI_SOD130,sm_only,train,20141005,20200506,True,True,True,True,True,True,True,True,True,True,True,True,False,137,291,0,100.0,"2014,2015","2014,2015","2014,2015","2014,2015",,,,"2014,2015,2016,2017",,WARN,"s2_missing_years(2014,2015)|s1_asc_missing_years(2014,2015)|s1_desc_missing_years(2014,2015)|cm_missing_years(2014,2015)|INFO_sif_missing_years(2014,2015,2016,2017)"
ISMN_FMI_SOD140,sm_only,oos,20141006,20190604,True,True,True,True,True,True,True,True,True,True,True,True,False,109,212,0,100.0,"2014,2015","2014,2015","2014,2015","2014,2015",,,,"2014,2015,2016,2017",,WARN,"s2_missing_years(2014,2015)|s1_asc_missing_years(2014,2015)|s1_desc_missing_years(2014,2015)|cm_missing_years(2014,2015)|INFO_sif_missing_years(2014,2015,2016,2017)"
ISMN_FR_Aqui_fraye,sm_only,train,20151207,20190616,True,True,True,True,True,True,True,True,True,True,True,True,False,68,118,0,100.0,2015,2015,2015,2015,,,,"2015,2016,2017",,WARN,"s2_missing_years(2015)|s1_asc_missing_years(2015)|s1_desc_missing_years(2015)|cm_missing_years(2015)|INFO_sif_missing_years(2015,2016,2017)"
ISMN_FR_Aqui_hillan2,sm_only,train,20180714,20220318,True,True,True,True,True,True,True,True,True,True,True,True,False,92,177,0,100.0,,,,,,,,,,OK,
ISMN_FR_Aqui_parcmeteo,sm_only,train,20170724,20220127,True,True,True,True,True,True,True,True,True,True,True,True,False,118,209,0,100.0,,,,,,,,2017,,OK,INFO_sif_missing_years(2017)
ISMN_HOBE_1.05,sm_only,oos,20140101,20190218,True,True,True,True,True,True,True,True,True,True,True,True,False,66,151,0,100.0,"2014,2015","2014,2015","2014,2015","2014,2015",,,,"2014,2015,2016,2017",,WARN,"s2_missing_years(2014,2015)|s1_asc_missing_years(2014,2015)|s1_desc_missing_years(2014,2015)|cm_missing_years(2014,2015)|INFO_sif_missing_years(2014,2015,2016,2017)"
ISMN_HOBE_1.07,sm_only,train,20140920,20190217,True,True,True,True,True,True,True,True,True,True,True,True,False,70,167,0,100.0,"2014,2015","2014,2015","2014,2015","2014,2015",,,,"2014,2015,2016,2017",,WARN,"s2_missing_years(2014,2015)|s1_asc_missing_years(2014,2015)|s1_desc_missing_years(2014,2015)|cm_missing_years(2014,2015)|INFO_sif_missing_years(2014,2015,2016,2017)"
ISMN_HOBE_2.01,sm_only,train,20140101,20190219,True,True,True,True,True,True,True,True,True,True,True,True,False,63,185,0,100.0,"2014,2015","2014,2015","2014,2015","2014,2015",,,,"2014,2015,2016,2017",,WARN,"s2_missing_years(2014,2015)|s1_asc_missing_years(2014,2015)|s1_desc_missing_years(2014,2015)|cm_missing_years(2014,2015)|INFO_sif_missing_years(2014,2015,2016,2017)"
ISMN_HOBE_2.11,sm_only,train,20140101,20190219,True,True,True,True,True,True,True,True,True,True,True,True,False,31,98,0,100.0,"2014,2015","2014,2015","2014,2015","2014,2015",,,,"2014,2015,2016,2017",,WARN,"s2_missing_years(2014,2015)|s1_asc_missing_years(2014,2015)|s1_desc_missing_years(2014,2015)|cm_missing_years(2014,2015)|INFO_sif_missing_years(2014,2015,2016,2017)"
ISMN_HOBE_3.06,sm_only,oos,20141110,20190219,True,True,True,True,True,True,True,True,True,True,True,True,False,72,201,0,100.0,"2014,2015","2014,2015","2014,2015","2014,2015",,,,"2014,2015,2016,2017",,WARN,"s2_missing_years(2014,2015)|s1_asc_missing_years(2014,2015)|s1_desc_missing_years(2014,2015)|cm_missing_years(2014,2015)|INFO_sif_missing_years(2014,2015,2016,2017)"
ISMN_LAB-net_OromoCalibrationSite,sm_only,train,20140718,20180325,True,True,True,True,True,True,True,True,True,True,True,True,False,21,50,0,100.0,"2014,2015","2014,2015,2016","2014,2015","2014,2015",,,,"2014,2015,2016,2017",,WARN,"s2_missing_years(2014,2015)|s1_asc_missing_years(2014,2015,2016)|s1_desc_missing_years(2014,2015)|cm_missing_years(2014,2015)|INFO_sif_missing_years(2014,2015,2016,2017)"
ISMN_LABFLUX_Bussolenobosco,sm_only,train,20200703,20250413,True,True,True,True,True,True,True,True,True,True,True,True,False,103,177,0,100.0,"2020,2021,2022",,,"2020,2021,2022",,,,,2025,WARN,"s2_missing_years(2020,2021,2022)|cm_missing_years(2020,2021,2022)|INFO_twsa_missing_years(2025)"
ISMN_LABFLUX_Nivolet,sm_only,oos,20190104,20231030,True,True,True,True,True,True,True,True,True,True,True,True,False,121,171,0,100.0,2019,,,2019,,,,,,WARN,s2_missing_years(2019)|cm_missing_years(2019)
ISMN_MOL-RAO_Falkenberg,sm_only,train,20140101,20200629,True,True,True,True,True,True,True,True,True,True,True,True,False,105,170,0,100.0,"2014,2015,2016,2017","2014,2015","2014,2015","2014,2015,2016,2017",,,,"2014,2015,2016,2017",,WARN,"s2_missing_years(2014,2015,2016,2017)|s1_asc_missing_years(2014,2015)|s1_desc_missing_years(2014,2015)|cm_missing_years(2014,2015,2016,2017)|INFO_sif_missing_years(2014,2015,2016,2017)"
ISMN_NAQU_NQKema,sm_only,train,20140913,20180718,True,True,True,True,True,True,True,True,True,True,True,True,False,29,48,0,100.0,"2014,2015","2014,2015,2016","2014,2015,2016","2014,2015",,,,"2014,2015,2016,2017",,WARN,"s2_missing_years(2014,2015)|s1_asc_missing_years(2014,2015,2016)|s1_desc_missing_years(2014,2015,2016)|cm_missing_years(2014,2015)|INFO_sif_missing_years(2014,2015,2016,2017)"
ISMN_NAQU_NQMS,sm_only,train,20150603,20180717,True,True,True,True,True,True,True,True,True,True,True,True,False,36,86,0,100.0,2015,"2015,2016","2015,2016",2015,,,,"2015,2016,2017",,WARN,"s2_missing_years(2015)|s1_asc_missing_years(2015,2016)|s1_desc_missing_years(2015,2016)|cm_missing_years(2015)|INFO_sif_missing_years(2015,2016,2017)"
ISMN_NAQU_NQNorth,sm_only,train,20140913,20180718,True,True,True,True,True,True,True,True,True,True,True,True,False,24,63,0,100.0,"2014,2015","2014,2015,2016","2014,2015,2016","2014,2015",,,,"2014,2015,2016,2017",,WARN,"s2_missing_years(2014,2015)|s1_asc_missing_years(2014,2015,2016)|s1_desc_missing_years(2014,2015,2016)|cm_missing_years(2014,2015)|INFO_sif_missing_years(2014,2015,2016,2017)"
ISMN_NGARI_ALI01,sm_only,train,20140906,20180821,True,True,True,True,True,True,True,True,True,True,True,True,False,77,111,0,100.0,"2014,2015","2014,2015,2016","2014,2015,2016","2014,2015",,,,"2014,2015,2016,2017",,WARN,"s2_missing_years(2014,2015)|s1_asc_missing_years(2014,2015,2016)|s1_desc_missing_years(2014,2015,2016)|cm_missing_years(2014,2015)|INFO_sif_missing_years(2014,2015,2016,2017)"
ISMN_NGARI_ALI02,sm_only,oos,20140906,20180412,True,True,True,True,True,True,True,True,True,True,True,True,False,56,66,0,100.0,"2014,2015","2014,2015,2016","2014,2015,2016","2014,2015",,,,"2014,2015,2016,2017",,WARN,"s2_missing_years(2014,2015)|s1_asc_missing_years(2014,2015,2016)|s1_desc_missing_years(2014,2015,2016)|cm_missing_years(2014,2015)|INFO_sif_missing_years(2014,2015,2016,2017)"
ISMN_NGARI_ALI03,sm_only,oos,20140906,20180821,True,True,True,True,True,True,True,True,True,True,True,True,False,75,101,0,100.0,"2014,2015","2014,2015,2016","2014,2015,2016","2014,2015",,,,"2014,2015,2016,2017",,WARN,"s2_missing_years(2014,2015)|s1_asc_missing_years(2014,2015,2016)|s1_desc_missing_years(2014,2015,2016)|cm_missing_years(2014,2015)|INFO_sif_missing_years(2014,2015,2016,2017)"
ISMN_NGARI_SQ19,sm_only,val,20160812,20190907,True,True,True,True,True,True,True,True,True,True,True,True,False,49,85,0,100.0,,2016,,,,,,"2016,2017",,WARN,"s1_asc_missing_years(2016)|INFO_sif_missing_years(2016,2017)"
ISMN_NGARI_SQ20,sm_only,train,20160812,20190907,True,True,True,True,True,True,True,True,True,True,True,True,False,36,73,0,100.0,,2016,,,,,,"2016,2017",,WARN,"s1_asc_missing_years(2016)|INFO_sif_missing_years(2016,2017)"
ISMN_NGARI_SQ21,sm_only,train,20160812,20190907,True,True,True,True,True,True,True,True,True,True,True,True,False,49,73,0,100.0,,2016,,,,,,"2016,2017",,WARN,"s1_asc_missing_years(2016)|INFO_sif_missing_years(2016,2017)"
ISMN_REMEDHUS_Canizal,sm_only,train,20210120,20241231,True,True,True,True,True,True,True,True,True,True,True,True,False,138,223,0,100.0,,,,,,,,,,OK,
ISMN_REMEDHUS_Carretoro,sm_only,train,20140101,20201211,True,True,True,True,True,True,True,True,True,True,True,True,False,146,239,0,100.0,"2014,2015","2014,2015","2014,2015","2014,2015",,,,"2014,2015,2016,2017",,WARN,"s2_missing_years(2014,2015)|s1_asc_missing_years(2014,2015)|s1_desc_missing_years(2014,2015)|cm_missing_years(2014,2015)|INFO_sif_missing_years(2014,2015,2016,2017)"
ISMN_REMEDHUS_CasaPeriles,sm_only,train,20140708,20241231,True,True,True,True,True,True,True,True,True,True,True,True,False,301,468,0,100.0,"2014,2015","2014,2015","2014,2015","2014,2015",,,,"2014,2015,2016,2017",,WARN,"s2_missing_years(2014,2015)|s1_asc_missing_years(2014,2015)|s1_desc_missing_years(2014,2015)|cm_missing_years(2014,2015)|INFO_sif_missing_years(2014,2015,2016,2017)"
ISMN_REMEDHUS_ConcejodelMonte,sm_only,oos,20210114,20241231,True,True,True,True,True,True,True,True,True,True,True,True,False,137,204,0,100.0,,,,,,,,,,OK,
ISMN_REMEDHUS_ElCoto,sm_only,train,20160706,20210104,True,True,True,True,True,True,True,True,True,True,True,True,False,147,209,0,100.0,2021,2021,2021,,,,,"2016,2017",,WARN,"s2_missing_years(2021)|s1_asc_missing_years(2021)|s1_desc_missing_years(2021)|INFO_sif_missing_years(2016,2017)"
ISMN_REMEDHUS_ElTomillar,sm_only,train,20210120,20241231,True,True,True,True,True,True,True,True,True,True,True,True,False,134,202,0,100.0,,,,,,,,,,OK,
ISMN_REMEDHUS_Granja-g,sm_only,train,20170808,20241231,True,True,True,True,True,True,True,True,True,True,True,True,False,273,425,0,100.0,,,,,,,,2017,,OK,INFO_sif_missing_years(2017)
ISMN_REMEDHUS_Guarrati,sm_only,train,20150209,20181212,True,True,True,True,True,True,True,True,True,True,True,True,False,75,104,0,100.0,2015,2015,2015,2015,,,,"2015,2016,2017",,WARN,"s2_missing_years(2015)|s1_asc_missing_years(2015)|s1_desc_missing_years(2015)|cm_missing_years(2015)|INFO_sif_missing_years(2015,2016,2017)"
ISMN_REMEDHUS_LaCruzdeElias,sm_only,train,20140101,20201001,True,True,True,True,True,True,True,True,True,True,True,True,False,149,228,0,100.0,"2014,2015","2014,2015","2014,2015","2014,2015",,,,"2014,2015,2016,2017",,WARN,"s2_missing_years(2014,2015)|s1_asc_missing_years(2014,2015)|s1_desc_missing_years(2014,2015)|cm_missing_years(2014,2015)|INFO_sif_missing_years(2014,2015,2016,2017)"
ISMN_REMEDHUS_LasArenas,sm_only,train,20190613,20241231,True,True,True,True,True,True,True,True,True,True,True,True,False,294,495,0,100.0,,,,,,,,,,OK,
ISMN_REMEDHUS_LasBrozas,sm_only,train,20180731,20240414,True,True,True,True,True,True,True,True,True,True,True,True,False,210,357,0,100.0,,,,,,,,,,OK,
ISMN_REMEDHUS_LasEritas,sm_only,train,20141111,20241231,True,True,True,True,True,True,True,True,True,True,True,True,False,281,422,0,100.0,"2014,2015","2014,2015","2014,2015","2014,2015",,,,"2014,2015,2016,2017",,WARN,"s2_missing_years(2014,2015)|s1_asc_missing_years(2014,2015)|s1_desc_missing_years(2014,2015)|cm_missing_years(2014,2015)|INFO_sif_missing_years(2014,2015,2016,2017)"
ISMN_REMEDHUS_LasTresRayas,sm_only,train,20150610,20241215,True,True,True,True,True,True,True,True,True,True,True,True,False,556,817,0,100.0,2015,2015,2015,2015,,,,"2015,2016,2017",,WARN,"s2_missing_years(2015)|s1_asc_missing_years(2015)|s1_desc_missing_years(2015)|cm_missing_years(2015)|INFO_sif_missing_years(2015,2016,2017)"
ISMN_REMEDHUS_LasVacas,sm_only,oos,20160616,20200929,True,True,True,True,True,True,True,True,True,True,True,True,False,140,209,0,100.0,,,,,,,,"2016,2017",,OK,"INFO_sif_missing_years(2016,2017)"
ISMN_REMEDHUS_LasVictorias,sm_only,train,20150825,20241231,True,True,True,True,True,True,True,True,True,True,True,True,False,298,492,0,100.0,2015,2015,2015,2015,,,,"2015,2016,2017",,WARN,"s2_missing_years(2015)|s1_asc_missing_years(2015)|s1_desc_missing_years(2015)|cm_missing_years(2015)|INFO_sif_missing_years(2015,2016,2017)"
ISMN_REMEDHUS_LlanosdelaBoveda,sm_only,train,20140101,20210202,True,True,True,True,True,True,True,True,True,True,True,True,False,157,245,0,100.0,"2014,2015","2014,2015","2014,2015","2014,2015",,,,"2014,2015,2016,2017",,WARN,"s2_missing_years(2014,2015)|s1_asc_missing_years(2014,2015)|s1_desc_missing_years(2014,2015)|cm_missing_years(2014,2015)|INFO_sif_missing_years(2014,2015,2016,2017)"
ISMN_REMEDHUS_Paredinas,sm_only,train,20150602,20211103,True,True,True,True,True,True,True,True,True,True,True,True,False,187,285,0,100.0,2015,"2015,2021","2015,2021",2015,,,,"2015,2016,2017",,WARN,"s2_missing_years(2015)|s1_asc_missing_years(2015,2021)|s1_desc_missing_years(2015,2021)|cm_missing_years(2015)|INFO_sif_missing_years(2015,2016,2017)"
ISMN_REMEDHUS_Zamarron,sm_only,oos,20140101,20210101,True,True,True,True,True,True,True,True,True,True,True,True,False,145,217,0,100.0,"2014,2015,2021","2014,2015,2021","2014,2015,2021","2014,2015",,,,"2014,2015,2016,2017",,WARN,"s2_missing_years(2014,2015,2021)|s1_asc_missing_years(2014,2015,2021)|s1_desc_missing_years(2014,2015,2021)|cm_missing_years(2014,2015)|INFO_sif_missing_years(2014,2015,2016,2017)"
ISMN_ROMPS_AbramovGlacier,sm_only,train,20140101,20211213,True,True,True,True,True,True,True,True,True,True,True,True,False,367,524,0,100.0,"2014,2015","2014,2015","2014,2015","2014,2015",,,,"2014,2015,2016,2017",,WARN,"s2_missing_years(2014,2015)|s1_asc_missing_years(2014,2015)|s1_desc_missing_years(2014,2015)|cm_missing_years(2014,2015)|INFO_sif_missing_years(2014,2015,2016,2017)"
ISMN_ROMPS_Baytik,sm_only,oos,20150326,20210704,True,True,True,True,True,True,True,True,True,True,True,True,False,325,433,0,100.0,2015,"2015,2016","2015,2016",2015,,,,"2015,2016,2017",,WARN,"s2_missing_years(2015)|s1_asc_missing_years(2015,2016)|s1_desc_missing_years(2015,2016)|cm_missing_years(2015)|INFO_sif_missing_years(2015,2016,2017)"
ISMN_ROMPS_GolubinGlacier,sm_only,train,20180711,20251230,True,True,True,True,True,True,True,True,True,True,True,True,False,548,821,0,100.0,,,,,,,,,2025,OK,INFO_twsa_missing_years(2025)
ISMN_ROMPS_Kokomeren,sm_only,train,20140101,20211227,True,True,True,True,True,True,True,True,True,True,True,True,False,401,517,0,100.0,"2014,2015","2014,2015,2016","2014,2015,2016","2014,2015",,,,"2014,2015,2016,2017",,WARN,"s2_missing_years(2014,2015)|s1_asc_missing_years(2014,2015,2016)|s1_desc_missing_years(2014,2015,2016)|cm_missing_years(2014,2015)|INFO_sif_missing_years(2014,2015,2016,2017)"
ISMN_ROMPS_Maidanak,sm_only,train,20140708,20251230,True,True,True,True,True,True,True,True,True,True,True,True,False,408,527,0,100.0,"2014,2015","2014,2015","2014,2015","2014,2015",,,,"2014,2015,2016,2017",2025,WARN,"s2_missing_years(2014,2015)|s1_asc_missing_years(2014,2015)|s1_desc_missing_years(2014,2015)|cm_missing_years(2014,2015)|INFO_sif_missing_years(2014,2015,2016,2017)|INFO_twsa_missing_years(2025)"
ISMN_ROMPS_Maydantal,sm_only,train,20140929,20251230,True,True,True,True,True,True,True,True,True,True,True,True,False,419,511,0,100.0,"2014,2015","2014,2015","2014,2015","2014,2015",,,,"2014,2015,2016,2017",2025,WARN,"s2_missing_years(2014,2015)|s1_asc_missing_years(2014,2015)|s1_desc_missing_years(2014,2015)|cm_missing_years(2014,2015)|INFO_sif_missing_years(2014,2015,2016,2017)|INFO_twsa_missing_years(2025)"
ISMN_RSMN_Alexandria,sm_only,oos,20160501,20190724,True,True,True,True,True,True,True,True,True,True,True,True,False,150,235,0,100.0,,,,,,,,"2016,2017",,OK,"INFO_sif_missing_years(2016,2017)"
ISMN_RSMN_Bacles,sm_only,train,20160501,20220829,True,True,True,True,True,True,True,True,True,True,True,True,False,373,532,0,100.0,,,,,,,,"2016,2017",,OK,"INFO_sif_missing_years(2016,2017)"
ISMN_RSMN_Banloc,sm_only,train,20160501,20200905,True,True,True,True,True,True,True,True,True,True,True,True,False,214,323,0,100.0,,,,,,,,"2016,2017",,OK,"INFO_sif_missing_years(2016,2017)"
ISMN_RSMN_Barlad,sm_only,train,20160501,20240208,True,True,True,True,True,True,True,True,True,True,True,True,False,207,320,0,100.0,,,,,,,,"2016,2017",,OK,"INFO_sif_missing_years(2016,2017)"
ISMN_RSMN_Calarasi,sm_only,train,20191206,20250914,True,True,True,True,True,True,True,True,True,True,True,True,False,433,611,0,100.0,,,,,,,,,2025,OK,INFO_twsa_missing_years(2025)
ISMN_RSMN_Cotnari,sm_only,train,20160501,20240202,True,True,True,True,True,True,True,True,True,True,True,True,False,57,594,0,100.0,"2018,2019,2020,2021,2022,2023,2024",,,,,,,"2016,2017",,WARN,"s2_missing_years(2018,2019,2020,2021,2022,2023,2024)|INFO_sif_missing_years(2016,2017)"
ISMN_RSMN_Darabani,sm_only,train,20160501,20240128,True,True,True,True,True,True,True,True,True,True,True,True,False,168,559,0,100.0,"2021,2022,2023,2024",,,,,,,"2016,2017",,WARN,"s2_missing_years(2021,2022,2023,2024)|INFO_sif_missing_years(2016,2017)"
ISMN_RSMN_Dumbraveni,sm_only,train,20160501,20210118,True,True,True,True,True,True,True,True,True,True,True,True,False,124,193,0,100.0,2021,,,2021,,,,"2016,2017",,WARN,"s2_missing_years(2021)|cm_missing_years(2021)|INFO_sif_missing_years(2016,2017)"
ISMN_RSMN_Iasi,sm_only,oos,20191206,20250914,True,True,True,True,True,True,True,True,True,True,True,True,False,164,254,0,100.0,,,,,,,,,2025,OK,INFO_twsa_missing_years(2025)
ISMN_RSMN_Oradea,sm_only,train,20160501,20190829,True,True,True,True,True,True,True,True,True,True,True,True,False,153,253,0,100.0,,,,,,,,"2016,2017",,OK,"INFO_sif_missing_years(2016,2017)"
ISMN_RSMN_RosioriideVede,sm_only,train,20191205,20230619,True,True,True,True,True,True,True,True,True,True,True,True,False,217,322,0,100.0,,,,,,,,,,OK,
ISMN_RSMN_SannicolauMare,sm_only,oos,20160501,20200210,True,True,True,True,True,True,True,True,True,True,True,True,False,202,284,0,100.0,,,,,,,,"2016,2017",,OK,"INFO_sif_missing_years(2016,2017)"
ISMN_RSMN_SatuMare,sm_only,oos,20191206,20240521,True,True,True,True,True,True,True,True,True,True,True,True,False,124,192,0,100.0,2019,,,,,,,,,WARN,s2_missing_years(2019)
ISMN_RSMN_Slatina,sm_only,oos,20191206,20231025,True,True,True,True,True,True,True,True,True,True,True,True,False,127,173,0,100.0,,,,,,,,,,OK,
ISMN_RSMN_Tecuci,sm_only,train,20160501,20221130,True,True,True,True,True,True,True,True,True,True,True,True,False,184,283,0,100.0,,,,,,,,"2016,2017",,OK,"INFO_sif_missing_years(2016,2017)"
ISMN_SCAN_AAMU-JTG,sm_only,train,20160130,20231118,True,True,True,True,True,True,True,True,True,True,True,True,False,344,564,0,100.0,,,"2016,2018,2019,2020,2021,2022,2023",,,,,"2016,2017",,WARN,"s1_desc_missing_years(2016,2018,2019,2020,2021,2022,2023)|INFO_sif_missing_years(2016,2017)"
ISMN_SCAN_Abrams,sm_only,train,20140101,20220621,True,True,True,False,True,True,True,True,True,True,True,True,False,180,246,0,100.0,"2014,2015","2014,2015",,"2014,2015",,,,"2014,2015,2016,2017",,WARN,"s2_missing_years(2014,2015)|s1_asc_missing_years(2014,2015)|cm_missing_years(2014,2015)|INFO_sif_missing_years(2014,2015,2016,2017)"
ISMN_SCAN_AdamsRanch#1,sm_only,train,20140101,20251230,True,True,True,True,True,True,True,True,True,True,True,True,False,458,551,0,100.0,"2014,2015","2014,2015","2014,2015,2016","2014,2015",,,,"2014,2015,2016,2017",2025,WARN,"s2_missing_years(2014,2015)|s1_asc_missing_years(2014,2015)|s1_desc_missing_years(2014,2015,2016)|cm_missing_years(2014,2015)|INFO_sif_missing_years(2014,2015,2016,2017)|INFO_twsa_missing_years(2025)"
ISMN_SCAN_Alcalde,sm_only,train,20140101,20180526,True,True,True,True,True,True,True,True,True,True,True,True,False,109,139,0,100.0,"2014,2015","2014,2015","2014,2015,2016","2014,2015",,,,"2014,2015,2016,2017",,WARN,"s2_missing_years(2014,2015)|s1_asc_missing_years(2014,2015)|s1_desc_missing_years(2014,2015,2016)|cm_missing_years(2014,2015)|INFO_sif_missing_years(2014,2015,2016,2017)"
ISMN_SCAN_AlkaliMesa,sm_only,train,20140729,20251230,True,True,True,True,True,True,True,False,True,False,False,True,False,416,543,0,100.0,"2014,2015","2014,2015","2014,2015,2016","2014,2015",,,,,,CRITICAL,"MISSING_soil|INFO_no_sif|INFO_no_twsa|s2_missing_years(2014,2015)|s1_asc_missing_years(2014,2015)|s1_desc_missing_years(2014,2015,2016)|cm_missing_years(2014,2015)"
ISMN_SCAN_AllenFarms,sm_only,train,20210306,20251230,True,True,True,False,True,True,True,True,True,True,True,True,False,153,251,0,100.0,,,,,,,,,2025,OK,INFO_twsa_missing_years(2025)
ISMN_SCAN_Ames,sm_only,train,20160412,20230206,True,True,True,True,True,True,True,True,True,True,True,True,False,350,494,0,100.0,,,"2017,2018,2019,2020,2021,2022,2023",,,,,"2016,2017",,WARN,"s1_desc_missing_years(2017,2018,2019,2020,2021,2022,2023)|INFO_sif_missing_years(2016,2017)"
ISMN_SCAN_AshValley,sm_only,train,20201112,20241221,True,True,True,True,True,True,True,True,True,True,True,True,False,177,227,0,100.0,,,,,,,,,,OK,
ISMN_SCAN_BlueCreek,sm_only,train,20140101,20251230,True,True,True,True,True,True,True,True,True,True,True,True,False,311,455,0,100.0,"2014,2015","2014,2015,2022,2023,2024","2014,2015,2016","2014,2015",,,,"2014,2015,2016,2017",2025,WARN,"s2_missing_years(2014,2015)|s1_asc_missing_years(2014,2015,2022,2023,2024)|s1_desc_missing_years(2014,2015,2016)|cm_missing_years(2014,2015)|INFO_sif_missing_years(2014,2015,2016,2017)|INFO_twsa_missing_years(2025)"
ISMN_SCAN_BodieHills,sm_only,train,20141028,20251230,True,True,True,True,True,True,True,True,True,True,True,True,False,412,554,0,100.0,"2014,2015","2014,2015,2022,2023,2024,2025","2014,2015,2016,2022,2023,2024,2025","2014,2015",,,,"2014,2015,2016,2017",2025,WARN,"s2_missing_years(2014,2015)|s1_asc_missing_years(2014,2015,2022,2023,2024,2025)|s1_desc_missing_years(2014,2015,2016,2022,2023,2024,2025)|cm_missing_years(2014,2015)|INFO_sif_missing_years(2014,2015,2016,2017)|INFO_twsa_missing_years(2025)"
ISMN_SCAN_BraggFarm,sm_only,train,20150612,20200518,True,True,True,True,True,True,True,True,True,True,True,True,False,73,126,0,100.0,2015,2015,"2015,2016,2018,2019,2020",2015,,,,"2015,2016,2017",,WARN,"s2_missing_years(2015)|s1_asc_missing_years(2015)|s1_desc_missing_years(2015,2016,2018,2019,2020)|cm_missing_years(2015)|INFO_sif_missing_years(2015,2016,2017)"
ISMN_SCAN_Buckhorn,sm_only,train,20201113,20251230,True,True,True,True,True,True,True,True,True,True,True,True,False,414,612,0,100.0,,,,,,,,,2025,OK,INFO_twsa_missing_years(2025)
ISMN_SCAN_BuffaloJump,sm_only,train,20140101,20251230,True,True,True,True,True,True,True,True,True,True,True,True,False,330,484,0,100.0,"2014,2015","2014,2015,2022,2023,2024","2014,2015,2016","2014,2015",,,,"2014,2015,2016,2017",2025,WARN,"s2_missing_years(2014,2015)|s1_asc_missing_years(2014,2015,2022,2023,2024)|s1_desc_missing_years(2014,2015,2016)|cm_missing_years(2014,2015)|INFO_sif_missing_years(2014,2015,2016,2017)|INFO_twsa_missing_years(2025)"
ISMN_SCAN_Bushland#1,sm_only,val,20220126,20251230,True,True,True,True,True,True,True,True,True,True,True,True,False,195,254,0,100.0,,,,,,,,,2025,OK,INFO_twsa_missing_years(2025)
ISMN_SCAN_CPER,sm_only,train,20140101,20200821,True,True,True,True,True,True,True,True,True,True,True,True,False,236,364,0,100.0,"2014,2015","2014,2015","2014,2015,2016","2014,2015",,,,"2014,2015,2016,2017",,WARN,"s2_missing_years(2014,2015)|s1_asc_missing_years(2014,2015)|s1_desc_missing_years(2014,2015,2016)|cm_missing_years(2014,2015)|INFO_sif_missing_years(2014,2015,2016,2017)"
ISMN_SCAN_CacheJunction,sm_only,train,20140101,20240513,True,True,True,True,True,True,True,False,True,False,False,True,False,518,765,0,100.0,"2014,2015","2014,2015,2022,2023,2024","2014,2015,2016","2014,2015",,,,,,CRITICAL,"MISSING_soil|INFO_no_sif|INFO_no_twsa|s2_missing_years(2014,2015)|s1_asc_missing_years(2014,2015,2022,2023,2024)|s1_desc_missing_years(2014,2015,2016)|cm_missing_years(2014,2015)"
ISMN_SCAN_CarverFarm,sm_only,train,20180515,20210720,True,True,True,True,True,True,True,True,True,True,True,True,False,95,130,0,100.0,,,"2018,2019,2021",,,,,,,WARN,"s1_desc_missing_years(2018,2019,2021)"
ISMN_SCAN_CaveValley,sm_only,train,20191206,20250908,True,True,True,True,True,True,True,False,False,False,False,True,False,533,684,0,100.0,,"2022,2023,2024",,,,,,,,CRITICAL,"MISSING_soil|MISSING_era5|INFO_no_sif|INFO_no_twsa|s1_asc_missing_years(2022,2023,2024)"
ISMN_SCAN_CentraliaLake,sm_only,train,20170620,20220801,True,True,True,False,True,True,True,True,True,True,True,True,False,180,258,0,100.0,,,,,,,,2017,,OK,INFO_sif_missing_years(2017)
ISMN_SCAN_Charkiln,sm_only,train,20140630,20251230,True,True,True,True,True,True,True,False,True,False,False,True,False,836,1089,0,100.0,"2014,2015","2014,2015,2022,2023,2024","2014,2015,2016","2014,2015",,,,,,CRITICAL,"MISSING_soil|INFO_no_sif|INFO_no_twsa|s2_missing_years(2014,2015)|s1_asc_missing_years(2014,2015,2022,2023,2024)|s1_desc_missing_years(2014,2015,2016)|cm_missing_years(2014,2015)"
ISMN_SCAN_ChickenRidge,sm_only,oos,20140101,20251230,True,True,True,True,True,True,True,True,True,True,True,True,False,366,762,0,100.0,"2014,2015,2024,2025","2014,2015,2022,2023,2024","2014,2015,2016","2014,2015",,,,"2014,2015,2016,2017",2025,WARN,"s2_missing_years(2014,2015,2024,2025)|s1_asc_missing_years(2014,2015,2022,2023,2024)|s1_desc_missing_years(2014,2015,2016)|cm_missing_years(2014,2015)|INFO_sif_missing_years(2014,2015,2016,2017)|INFO_twsa_missing_years(2025)"
ISMN_SCAN_Circleville,sm_only,oos,20140101,20221118,True,True,True,True,True,True,True,True,True,True,True,True,False,248,330,0,100.0,"2014,2015","2014,2015,2022","2014,2015,2016","2014,2015",,,,"2014,2015,2016,2017",,WARN,"s2_missing_years(2014,2015)|s1_asc_missing_years(2014,2015,2022)|s1_desc_missing_years(2014,2015,2016)|cm_missing_years(2014,2015)|INFO_sif_missing_years(2014,2015,2016,2017)"
ISMN_SCAN_Combate,sm_only,val,20191107,20240503,True,True,True,True,True,True,True,True,True,True,True,True,False,203,282,0,100.0,,,,,,,,,,OK,
ISMN_SCAN_ConradAgRc,sm_only,val,20140101,20200930,True,True,True,True,True,True,True,True,True,True,True,True,False,198,315,0,100.0,"2014,2015","2014,2015","2014,2015,2016","2014,2015",,,,"2014,2015,2016,2017",,WARN,"s2_missing_years(2014,2015)|s1_asc_missing_years(2014,2015)|s1_desc_missing_years(2014,2015,2016)|cm_missing_years(2014,2015)|INFO_sif_missing_years(2014,2015,2016,2017)"
ISMN_SCAN_CrescentLake#1,sm_only,val,20140101,20251230,True,True,True,False,True,True,True,False,True,False,False,True,False,236,347,0,100.0,"2014,2015","2014,2015",,"2014,2015",,,,,,CRITICAL,"MISSING_soil|INFO_no_sif|INFO_no_twsa|s2_missing_years(2014,2015)|s1_asc_missing_years(2014,2015)|cm_missing_years(2014,2015)"
ISMN_SCAN_Crossroads,sm_only,oos,20160313,20251230,True,True,True,True,True,True,True,False,True,False,False,True,False,399,494,0,100.0,,,2016,,,,,,,CRITICAL,MISSING_soil|INFO_no_sif|INFO_no_twsa|s1_desc_missing_years(2016)
ISMN_SCAN_Cullman-NAHRC,sm_only,train,20180617,20251119,True,True,True,True,True,True,True,False,True,False,False,True,False,226,344,0,100.0,,,"2018,2019,2021,2022,2023,2024,2025",,,,,,,CRITICAL,"MISSING_soil|INFO_no_sif|INFO_no_twsa|s1_desc_missing_years(2018,2019,2021,2022,2023,2024,2025)"
ISMN_SCAN_DeepSprings,sm_only,oos,20140101,20251230,True,True,True,True,True,True,True,False,True,False,False,True,False,608,682,0,100.0,"2014,2015,2016,2017,2018,2019","2014,2015","2014,2015","2014,2015,2016,2017,2018,2019",,,,,,CRITICAL,"MISSING_soil|INFO_no_sif|INFO_no_twsa|s2_missing_years(2014,2015,2016,2017,2018,2019)|s1_asc_missing_years(2014,2015)|s1_desc_missing_years(2014,2015)|cm_missing_years(2014,2015,2016,2017,2018,2019)"
ISMN_SCAN_Dexter,sm_only,oos,20150803,20200930,True,True,True,True,True,True,True,True,True,True,True,True,False,95,144,0,100.0,2015,2015,"2015,2018,2019",2015,,,,"2015,2016,2017",,WARN,"s2_missing_years(2015)|s1_asc_missing_years(2015)|s1_desc_missing_years(2015,2018,2019)|cm_missing_years(2015)|INFO_sif_missing_years(2015,2016,2017)"
ISMN_SCAN_DoeRidge,sm_only,oos,20140101,20250924,True,True,True,True,True,True,True,False,True,False,False,True,False,432,549,0,100.0,"2014,2015","2014,2015","2014,2015","2014,2015",,,,,,CRITICAL,"MISSING_soil|INFO_no_sif|INFO_no_twsa|s2_missing_years(2014,2015)|s1_asc_missing_years(2014,2015)|s1_desc_missing_years(2014,2015)|cm_missing_years(2014,2015)"
ISMN_SCAN_EagleLake,sm_only,train,20140101,20200611,True,True,True,True,True,True,True,True,True,True,True,True,False,135,180,0,100.0,"2014,2015","2014,2015","2014,2015,2016","2014,2015",,,,"2014,2015,2016,2017",,WARN,"s2_missing_years(2014,2015)|s1_asc_missing_years(2014,2015)|s1_desc_missing_years(2014,2015,2016)|cm_missing_years(2014,2015)|INFO_sif_missing_years(2014,2015,2016,2017)"
ISMN_SCAN_Eastland,sm_only,train,20140101,20220630,True,True,True,True,True,True,True,True,True,True,True,True,False,238,307,0,100.0,"2014,2015","2014,2015,2022","2014,2015,2016","2014,2015",,,,"2014,2015,2016,2017",,WARN,"s2_missing_years(2014,2015)|s1_asc_missing_years(2014,2015,2022)|s1_desc_missing_years(2014,2015,2016)|cm_missing_years(2014,2015)|INFO_sif_missing_years(2014,2015,2016,2017)"
ISMN_SCAN_EastviewFarm,sm_only,val,20210214,20251230,True,True,True,False,True,True,True,False,True,False,False,True,False,292,446,0,100.0,,,,,,,,,,CRITICAL,MISSING_soil|INFO_no_sif|INFO_no_twsa
ISMN_SCAN_ElsberryPMC,sm_only,train,20150805,20241224,True,True,True,True,True,True,True,False,True,False,False,True,False,230,329,0,100.0,2015,2015,"2015,2018,2019,2020,2021,2022,2023,2024",2015,,,,,,CRITICAL,"MISSING_soil|INFO_no_sif|INFO_no_twsa|s2_missing_years(2015)|s1_asc_missing_years(2015)|s1_desc_missing_years(2015,2018,2019,2020,2021,2022,2023,2024)|cm_missing_years(2015)"
ISMN_SCAN_Enterprise,sm_only,val,20140101,20240628,True,True,True,True,True,True,True,False,True,False,False,True,False,322,417,0,100.0,"2014,2015,2016","2014,2015,2022,2023,2024","2014,2015,2016","2014,2015,2016",,,,,,CRITICAL,"MISSING_soil|INFO_no_sif|INFO_no_twsa|s2_missing_years(2014,2015,2016)|s1_asc_missing_years(2014,2015,2022,2023,2024)|s1_desc_missing_years(2014,2015,2016)|cm_missing_years(2014,2015,2016)"
ISMN_SCAN_Ephraim,sm_only,val,20140101,20220814,True,True,True,True,True,True,True,False,True,False,False,True,False,222,308,0,100.0,"2014,2015","2014,2015,2022","2014,2015,2016","2014,2015",,,,,,CRITICAL,"MISSING_soil|INFO_no_sif|INFO_no_twsa|s2_missing_years(2014,2015)|s1_asc_missing_years(2014,2015,2022)|s1_desc_missing_years(2014,2015,2016)|cm_missing_years(2014,2015)"
ISMN_SCAN_ErosDataCenter,sm_only,oos,20140101,20251230,True,True,True,False,True,True,True,False,True,False,False,True,False,219,295,0,100.0,"2014,2015,2016,2017,2018","2014,2015,2022,2023,2024",,"2014,2015,2016,2017,2018",,,,,,CRITICAL,"MISSING_soil|INFO_no_sif|INFO_no_twsa|s2_missing_years(2014,2015,2016,2017,2018)|s1_asc_missing_years(2014,2015,2022,2023,2024)|cm_missing_years(2014,2015,2016,2017,2018)"
ISMN_SCAN_EvergladesARS,sm_only,train,20190225,20221008,True,True,True,True,True,True,True,True,True,True,True,True,False,75,216,0,100.0,,,"2021,2022",,,,,,,WARN,"s1_desc_missing_years(2021,2022)"
ISMN_SCAN_FortAssiniboine#1,sm_only,oos,20140101,20191006,True,True,True,True,True,True,True,True,True,True,True,True,False,124,177,0,100.0,"2014,2015,2016","2014,2015","2014,2015,2016","2014,2015,2016",,,,"2014,2015,2016,2017",,WARN,"s2_missing_years(2014,2015,2016)|s1_asc_missing_years(2014,2015)|s1_desc_missing_years(2014,2015,2016)|cm_missing_years(2014,2015,2016)|INFO_sif_missing_years(2014,2015,2016,2017)"
ISMN_SCAN_FortReno#1,sm_only,train,20150714,20230410,True,True,True,False,True,True,True,False,True,False,False,True,False,90,115,0,100.0,"2015,2016,2017,2018,2019",2015,,"2015,2016,2017,2018,2019",,,,,,CRITICAL,"MISSING_soil|INFO_no_sif|INFO_no_twsa|s2_missing_years(2015,2016,2017,2018,2019)|s1_asc_missing_years(2015)|cm_missing_years(2015,2016,2017,2018,2019)"
ISMN_SCAN_Fortuna,sm_only,train,20140101,20180709,True,True,True,True,True,True,True,True,True,True,True,True,False,55,103,0,100.0,"2014,2015","2014,2015","2014,2015","2014,2015",,,,"2014,2015,2016,2017",,WARN,"s2_missing_years(2014,2015)|s1_asc_missing_years(2014,2015)|s1_desc_missing_years(2014,2015)|cm_missing_years(2014,2015)|INFO_sif_missing_years(2014,2015,2016,2017)"
ISMN_SCAN_FrenchGulch,sm_only,oos,20170531,20200930,True,True,True,True,True,True,True,False,True,False,False,True,False,250,339,0,100.0,,,,,,,,,,CRITICAL,MISSING_soil|INFO_no_sif|INFO_no_twsa
ISMN_SCAN_Geneva#1,sm_only,train,20140101,20191203,True,True,True,False,True,True,True,True,True,True,True,True,False,48,78,0,100.0,"2014,2015","2014,2015",,"2014,2015",,,,"2014,2015,2016,2017",,WARN,"s2_missing_years(2014,2015)|s1_asc_missing_years(2014,2015)|cm_missing_years(2014,2015)|INFO_sif_missing_years(2014,2015,2016,2017)"
ISMN_SCAN_GlacialRidge,sm_only,oos,20140101,20210328,True,True,True,False,True,True,True,True,True,True,True,True,False,222,359,0,100.0,"2014,2015","2014,2015",,"2014,2015",,,,"2014,2015,2016,2017",,WARN,"s2_missing_years(2014,2015)|s1_asc_missing_years(2014,2015)|cm_missing_years(2014,2015)|INFO_sif_missing_years(2014,2015,2016,2017)"
ISMN_SCAN_GoodwinCkTimber,sm_only,oos,20140910,20251230,True,True,True,True,True,True,True,False,True,False,False,True,False,258,442,0,100.0,"2014,2015","2014,2015","2014,2015,2018,2019,2021,2022,2023,2024,2025","2014,2015",,,,,,CRITICAL,"MISSING_soil|INFO_no_sif|INFO_no_twsa|s2_missing_years(2014,2015)|s1_asc_missing_years(2014,2015)|s1_desc_missing_years(2014,2015,2018,2019,2021,2022,2023,2024,2025)|cm_missing_years(2014,2015)"
ISMN_SCAN_Goshute,sm_only,oos,20140101,20220529,True,True,True,True,True,True,True,False,True,False,False,True,False,202,293,0,100.0,"2014,2015","2014,2015,2022","2014,2015,2016,2018,2019,2020","2014,2015",,,,,,CRITICAL,"MISSING_soil|INFO_no_sif|INFO_no_twsa|s2_missing_years(2014,2015)|s1_asc_missing_years(2014,2015,2022)|s1_desc_missing_years(2014,2015,2016,2018,2019,2020)|cm_missing_years(2014,2015)"
ISMN_SCAN_Grantsville,sm_only,train,20140101,20191215,True,True,True,True,True,True,True,False,True,False,False,True,False,205,297,0,100.0,"2014,2015","2014,2015","2014,2015,2016","2014,2015",,,,,,CRITICAL,"MISSING_soil|INFO_no_sif|INFO_no_twsa|s2_missing_years(2014,2015)|s1_asc_missing_years(2014,2015)|s1_desc_missing_years(2014,2015,2016)|cm_missing_years(2014,2015)"
ISMN_SCAN_GreenRiver,sm_only,oos,20180713,20251230,True,True,True,True,True,True,True,True,True,True,True,True,False,753,926,0,100.0,,"2022,2023,2024,2025","2024,2025",,,,,,2025,WARN,"s1_asc_missing_years(2022,2023,2024,2025)|s1_desc_missing_years(2024,2025)|INFO_twsa_missing_years(2025)"
ISMN_SCAN_GrouseCreek,sm_only,train,20140101,20251230,True,True,True,True,True,True,True,False,True,False,False,True,False,624,972,0,100.0,"2014,2015","2014,2015,2022,2023,2024","2014,2015,2016,2018,2019,2020","2014,2015",,,,,,CRITICAL,"MISSING_soil|INFO_no_sif|INFO_no_twsa|s2_missing_years(2014,2015)|s1_asc_missing_years(2014,2015,2022,2023,2024)|s1_desc_missing_years(2014,2015,2016,2018,2019,2020)|cm_missing_years(2014,2015)"
ISMN_SCAN_HalsCanyon,sm_only,oos,20140101,20220211,True,True,True,True,True,True,True,False,True,False,False,True,False,162,322,0,100.0,"2014,2015","2014,2015,2022","2014,2015,2016","2014,2015",,,,,,CRITICAL,"MISSING_soil|INFO_no_sif|INFO_no_twsa|s2_missing_years(2014,2015)|s1_asc_missing_years(2014,2015,2022)|s1_desc_missing_years(2014,2015,2016)|cm_missing_years(2014,2015)"
ISMN_SCAN_HarmsWay,sm_only,train,20150422,20251230,True,True,True,True,True,True,True,False,True,False,False,True,False,386,541,0,100.0,2015,2015,"2015,2016",2015,,,,,,CRITICAL,"MISSING_soil|INFO_no_sif|INFO_no_twsa|s2_missing_years(2015)|s1_asc_missing_years(2015)|s1_desc_missing_years(2015,2016)|cm_missing_years(2015)"
ISMN_SCAN_Hodges,sm_only,train,20210811,20251230,True,True,True,False,True,True,True,False,True,False,False,True,False,283,405,0,100.0,,,,,,,,,,CRITICAL,MISSING_soil|INFO_no_sif|INFO_no_twsa
ISMN_SCAN_Holden,sm_only,train,20140101,20251230,True,True,True,True,True,True,True,False,True,False,False,True,False,731,976,0,100.0,"2014,2015","2014,2015,2022,2023,2024","2014,2015,2016","2014,2015",,,,,,CRITICAL,"MISSING_soil|INFO_no_sif|INFO_no_twsa|s2_missing_years(2014,2015)|s1_asc_missing_years(2014,2015,2022,2023,2024)|s1_desc_missing_years(2014,2015,2016)|cm_missing_years(2014,2015)"
ISMN_SCAN_HubbardBrook,sm_only,train,20161217,20251230,True,True,True,True,True,True,True,False,True,False,False,True,False,170,329,0,100.0,2016,,,2016,,,,,,CRITICAL,MISSING_soil|INFO_no_sif|INFO_no_twsa|s2_missing_years(2016)|cm_missing_years(2016)
ISMN_SCAN_IsbellFarms,sm_only,train,20160818,20240704,True,True,True,True,True,True,True,False,True,False,False,True,False,202,340,0,100.0,,,"2016,2018,2019,2021,2022,2023,2024",,,,,,,CRITICAL,"MISSING_soil|INFO_no_sif|INFO_no_twsa|s1_desc_missing_years(2016,2018,2019,2021,2022,2023,2024)"
ISMN_SCAN_JohnsonFarm,sm_only,oos,20200822,20251230,True,True,True,True,True,True,True,False,True,False,False,True,False,471,586,0,100.0,,,,,,,,,,CRITICAL,MISSING_soil|INFO_no_sif|INFO_no_twsa
ISMN_SCAN_Jordan,sm_only,train,20140101,20251230,True,True,True,True,True,True,True,False,True,False,False,True,False,531,812,0,100.0,"2014,2015","2014,2015,2022,2023,2024","2014,2015,2016","2014,2015",,,,,,CRITICAL,"MISSING_soil|INFO_no_sif|INFO_no_twsa|s2_missing_years(2014,2015)|s1_asc_missing_years(2014,2015,2022,2023,2024)|s1_desc_missing_years(2014,2015,2016)|cm_missing_years(2014,2015)"
ISMN_SCAN_JornadaExpRange,sm_only,train,20140101,20200821,True,True,True,True,True,True,True,False,True,False,False,True,False,356,416,0,100.0,"2014,2015","2014,2015","2014,2015,2016","2014,2015",,,,,,CRITICAL,"MISSING_soil|INFO_no_sif|INFO_no_twsa|s2_missing_years(2014,2015)|s1_asc_missing_years(2014,2015)|s1_desc_missing_years(2014,2015,2016)|cm_missing_years(2014,2015)"
ISMN_SCAN_JournaganRanch,sm_only,train,20140101,20200326,True,True,True,True,True,True,True,True,True,True,False,True,False,72,72,0,100.0,"2014,2015","2014,2015","2014,2015,2016,2017,2018,2020","2014,2015",,,,"2014,2015,2016,2017",,WARN,"INFO_no_twsa|s2_missing_years(2014,2015)|s1_asc_missing_years(2014,2015)|s1_desc_missing_years(2014,2015,2016,2017,2018,2020)|cm_missing_years(2014,2015)|INFO_sif_missing_years(2014,2015,2016,2017)"
ISMN_SCAN_KnoxCity,sm_only,train,20140924,20180629,True,True,True,False,True,True,True,True,True,True,True,True,False,48,55,0,100.0,"2014,2015","2014,2015",,"2014,2015",,,,"2014,2015,2016,2017",,WARN,"s2_missing_years(2014,2015)|s1_asc_missing_years(2014,2015)|cm_missing_years(2014,2015)|INFO_sif_missing_years(2014,2015,2016,2017)"
ISMN_SCAN_KoptisFarms,sm_only,train,20170717,20230515,True,True,True,True,True,True,True,True,True,True,False,True,False,321,321,0,100.0,,,"2017,2019,2021,2022,2023",,,,,2017,,WARN,"INFO_no_twsa|s1_desc_missing_years(2017,2019,2021,2022,2023)|INFO_sif_missing_years(2017)"
ISMN_SCAN_KyleCanyon,sm_only,oos,20140101,20251230,True,True,True,True,True,True,True,True,True,True,False,True,False,836,836,0,100.0,"2014,2015","2014,2015,2022,2023,2024","2014,2015,2016","2014,2015",,,,"2014,2015,2016,2017",,WARN,"INFO_no_twsa|s2_missing_years(2014,2015)|s1_asc_missing_years(2014,2015,2022,2023,2024)|s1_desc_missing_years(2014,2015,2016)|cm_missing_years(2014,2015)|INFO_sif_missing_years(2014,2015,2016,2017)"
ISMN_SCAN_LTSP,sm_only,train,20211225,20251230,True,True,True,False,True,True,True,False,False,False,False,True,False,138,192,0,100.0,2021,,,,,,,,,CRITICAL,MISSING_soil|MISSING_era5|INFO_no_sif|INFO_no_twsa|s2_missing_years(2021)
ISMN_SCAN_Lehman,sm_only,train,20140412,20200902,True,True,True,True,True,True,True,True,True,True,True,True,False,141,190,0,100.0,"2014,2015","2014,2015","2014,2015,2016","2014,2015",,,,"2014,2015,2016,2017",,WARN,"s2_missing_years(2014,2015)|s1_asc_missing_years(2014,2015)|s1_desc_missing_years(2014,2015,2016)|cm_missing_years(2014,2015)|INFO_sif_missing_years(2014,2015,2016,2017)"
ISMN_SCAN_Levelland,sm_only,train,20160717,20210601,True,True,True,True,True,True,True,True,True,True,True,True,False,67,212,0,100.0,"2020,2021",,2016,,,,,"2016,2017",,WARN,"s2_missing_years(2020,2021)|s1_desc_missing_years(2016)|INFO_sif_missing_years(2016,2017)"
ISMN_SCAN_Lind#1,sm_only,train,20140101,20251230,True,True,True,True,True,True,True,True,True,True,False,True,False,280,280,0,100.0,"2014,2015","2014,2015,2022,2023,2024","2014,2015,2016,2022,2023,2024,2025","2014,2015",,,,"2014,2015,2016,2017",,WARN,"INFO_no_twsa|s2_missing_years(2014,2015)|s1_asc_missing_years(2014,2015,2022,2023,2024)|s1_desc_missing_years(2014,2015,2016,2022,2023,2024,2025)|cm_missing_years(2014,2015)|INFO_sif_missing_years(2014,2015,2016,2017)"
ISMN_SCAN_LittleRedFox,sm_only,oos,20140101,20251230,True,True,True,True,True,True,True,True,True,True,False,True,False,398,398,0,100.0,"2014,2015","2014,2015,2022,2023,2024","2014,2015,2016","2014,2015",,,,"2014,2015,2016,2017",,WARN,"INFO_no_twsa|s2_missing_years(2014,2015)|s1_asc_missing_years(2014,2015,2022,2023,2024)|s1_desc_missing_years(2014,2015,2016)|cm_missing_years(2014,2015)|INFO_sif_missing_years(2014,2015,2016,2017)"
ISMN_SCAN_LittleRiver,sm_only,train,20140101,20210413,True,True,True,True,True,True,True,True,True,True,False,True,False,108,108,0,100.0,"2014,2015","2014,2015","2014,2015,2016,2017,2020,2021","2014,2015",,,,"2014,2015,2016,2017",,WARN,"INFO_no_twsa|s2_missing_years(2014,2015)|s1_asc_missing_years(2014,2015)|s1_desc_missing_years(2014,2015,2016,2017,2020,2021)|cm_missing_years(2014,2015)|INFO_sif_missing_years(2014,2015,2016,2017)"
ISMN_SCAN_LosLunasPMC,sm_only,oos,20140101,20230216,True,True,True,True,True,True,True,True,True,True,False,True,False,383,383,0,100.0,"2014,2015","2014,2015,2022,2023","2014,2015,2016","2014,2015",,,,"2014,2015,2016,2017",,WARN,"INFO_no_twsa|s2_missing_years(2014,2015)|s1_asc_missing_years(2014,2015,2022,2023)|s1_desc_missing_years(2014,2015,2016)|cm_missing_years(2014,2015)|INFO_sif_missing_years(2014,2015,2016,2017)"
ISMN_SCAN_LovellSummit,sm_only,train,20140101,20251230,True,True,True,True,True,True,True,True,True,True,False,True,False,736,736,0,100.0,"2014,2015","2014,2015,2022,2023,2024","2014,2015,2016","2014,2015",,,,"2014,2015,2016,2017",,WARN,"INFO_no_twsa|s2_missing_years(2014,2015)|s1_asc_missing_years(2014,2015,2022,2023,2024)|s1_desc_missing_years(2014,2015,2016)|cm_missing_years(2014,2015)|INFO_sif_missing_years(2014,2015,2016,2017)"
ISMN_SCAN_LovelockNNR,sm_only,train,20140101,20200917,True,True,True,True,True,True,True,True,True,True,False,True,False,146,146,0,100.0,"2014,2015","2014,2015","2014,2015,2016","2014,2015",,,,"2014,2015,2016,2017",,WARN,"INFO_no_twsa|s2_missing_years(2014,2015)|s1_asc_missing_years(2014,2015)|s1_desc_missing_years(2014,2015,2016)|cm_missing_years(2014,2015)|INFO_sif_missing_years(2014,2015,2016,2017)"
ISMN_SCAN_LyeBrook,sm_only,train,20181017,20251230,True,True,True,True,True,True,True,True,True,True,False,True,False,263,263,0,100.0,,,"2018,2021",,,,,,,WARN,"INFO_no_twsa|s1_desc_missing_years(2018,2021)"
ISMN_SCAN_MahantangoCk,sm_only,train,20140101,20180929,True,True,True,False,True,True,True,True,True,True,False,True,False,72,72,0,100.0,"2014,2015","2014,2015",,"2014,2015",,,,"2014,2015,2016,2017",,WARN,"INFO_no_twsa|s2_missing_years(2014,2015)|s1_asc_missing_years(2014,2015)|cm_missing_years(2014,2015)|INFO_sif_missing_years(2014,2015,2016,2017)"
ISMN_SCAN_MammothCave,sm_only,train,20140101,20200801,True,True,True,True,True,True,True,True,True,True,True,True,False,72,122,0,100.0,"2014,2015","2014,2015,2017,2018,2019,2020","2014,2015,2016,2018,2019,2020","2014,2015",,,,"2014,2015,2016,2017",,WARN,"s2_missing_years(2014,2015)|s1_asc_missing_years(2014,2015,2017,2018,2019,2020)|s1_desc_missing_years(2014,2015,2016,2018,2019,2020)|cm_missing_years(2014,2015)|INFO_sif_missing_years(2014,2015,2016,2017)"
ISMN_SCAN_Mandan#1,sm_only,train,20150523,20251230,True,True,True,True,True,True,True,True,True,True,False,True,False,274,274,0,100.0,2015,2015,"2015,2016,2017,2018,2019,2020,2021",2015,,,,"2015,2016,2017",,WARN,"INFO_no_twsa|s2_missing_years(2015)|s1_asc_missing_years(2015)|s1_desc_missing_years(2015,2016,2017,2018,2019,2020,2021)|cm_missing_years(2015)|INFO_sif_missing_years(2015,2016,2017)"
ISMN_SCAN_Manderfield,sm_only,train,20170512,20251230,True,True,True,True,True,True,True,True,True,True,False,True,False,747,747,0,100.0,,"2022,2023,2024",,,,,,2017,,WARN,"INFO_no_twsa|s1_asc_missing_years(2022,2023,2024)|INFO_sif_missing_years(2017)"
ISMN_SCAN_MarbleCreek,sm_only,val,20200415,20240929,True,True,True,True,True,True,True,True,True,True,False,True,False,480,480,0,100.0,,,,,,,,,,OK,INFO_no_twsa
ISMN_SCAN_MaricaoForest,sm_only,train,20140101,20180314,True,True,False,True,True,True,True,True,True,True,True,True,False,16,77,0,100.0,"2014,2015",,"2014,2015","2014,2015",,,,"2014,2015,2016,2017",,WARN,"s2_missing_years(2014,2015)|s1_desc_missing_years(2014,2015)|cm_missing_years(2014,2015)|INFO_sif_missing_years(2014,2015,2016,2017)"
ISMN_SCAN_Mason#1,sm_only,oos,20170213,20250321,True,True,True,True,True,True,True,True,True,True,True,True,False,430,613,0,100.0,,,"2018,2019,2020,2021,2022,2023,2024,2025",,,,,2017,2025,WARN,"s1_desc_missing_years(2018,2019,2020,2021,2022,2023,2024,2025)|INFO_sif_missing_years(2017)|INFO_twsa_missing_years(2025)"
ISMN_SCAN_Mayday,sm_only,train,20201108,20240530,True,True,True,False,True,True,True,True,True,True,True,True,False,86,146,0,100.0,,,,,,,,,,OK,
ISMN_SCAN_McAllisterFarm,sm_only,oos,20150315,20251230,True,True,True,True,True,True,True,True,True,True,True,True,False,252,393,0,100.0,2015,2015,"2015,2016,2018,2019,2021,2022,2023,2024,2025",2015,,,,"2015,2016,2017",2025,WARN,"s2_missing_years(2015)|s1_asc_missing_years(2015)|s1_desc_missing_years(2015,2016,2018,2019,2021,2022,2023,2024,2025)|cm_missing_years(2015)|INFO_sif_missing_years(2015,2016,2017)|INFO_twsa_missing_years(2025)"
ISMN_SCAN_MccrackenMesa,sm_only,train,20140101,20250321,True,True,True,True,True,True,True,True,True,True,True,True,False,354,479,0,100.0,"2014,2015","2014,2015","2014,2015,2016","2014,2015",,,,"2014,2015,2016,2017",2025,WARN,"s2_missing_years(2014,2015)|s1_asc_missing_years(2014,2015)|s1_desc_missing_years(2014,2015,2016)|cm_missing_years(2014,2015)|INFO_sif_missing_years(2014,2015,2016,2017)|INFO_twsa_missing_years(2025)"
ISMN_SCAN_Milford,sm_only,oos,20140101,20250907,True,True,True,True,True,True,True,True,True,True,True,True,False,776,1004,0,100.0,"2014,2015","2014,2015,2022,2023,2024","2014,2015,2016","2014,2015",,,,"2014,2015,2016,2017",2025,WARN,"s2_missing_years(2014,2015)|s1_asc_missing_years(2014,2015,2022,2023,2024)|s1_desc_missing_years(2014,2015,2016)|cm_missing_years(2014,2015)|INFO_sif_missing_years(2014,2015,2016,2017)|INFO_twsa_missing_years(2025)"
ISMN_SCAN_Moccasin,sm_only,train,20140101,20250321,True,True,True,True,True,True,True,True,True,True,True,True,False,294,666,0,100.0,"2014,2015,2023,2024,2025","2014,2015,2022,2023,2024,2025","2014,2015,2016","2014,2015",,,,"2014,2015,2016,2017",2025,WARN,"s2_missing_years(2014,2015,2023,2024,2025)|s1_asc_missing_years(2014,2015,2022,2023,2024,2025)|s1_desc_missing_years(2014,2015,2016)|cm_missing_years(2014,2015)|INFO_sif_missing_years(2014,2015,2016,2017)|INFO_twsa_missing_years(2025)"
ISMN_SCAN_MonoclineRidge,sm_only,train,20141030,20211101,True,True,True,True,True,True,True,True,True,True,False,True,False,478,478,0,100.0,"2014,2015","2014,2015","2014,2015","2014,2015",,,,"2014,2015,2016,2017",,WARN,"INFO_no_twsa|s2_missing_years(2014,2015)|s1_asc_missing_years(2014,2015)|s1_desc_missing_years(2014,2015)|cm_missing_years(2014,2015)|INFO_sif_missing_years(2014,2015,2016,2017)"
ISMN_SCAN_Morgan,sm_only,train,20140101,20251230,True,True,True,True,True,True,True,True,True,True,True,True,False,660,925,0,100.0,"2014,2015","2014,2015,2022,2023,2024","2014,2015,2016","2014,2015",,,,"2014,2015,2016,2017",2025,WARN,"s2_missing_years(2014,2015)|s1_asc_missing_years(2014,2015,2022,2023,2024)|s1_desc_missing_years(2014,2015,2016)|cm_missing_years(2014,2015)|INFO_sif_missing_years(2014,2015,2016,2017)|INFO_twsa_missing_years(2025)"
ISMN_SCAN_MorrisFarms,sm_only,oos,20160823,20200416,True,True,True,True,False,True,True,True,True,True,True,True,False,90,0,0,0.0,,,"2018,2019,2020",,,,,"2016,2017",,CRITICAL,"MISSING_cm|s1_desc_missing_years(2018,2019,2020)|INFO_sif_missing_years(2016,2017)"
ISMN_SCAN_MountainHome,sm_only,train,20140101,20241122,True,True,True,True,True,True,True,True,True,True,True,True,False,335,447,0,100.0,"2014,2015","2014,2015,2022,2023,2024","2014,2015,2016","2014,2015",,,,"2014,2015,2016,2017",,WARN,"s2_missing_years(2014,2015)|s1_asc_missing_years(2014,2015,2022,2023,2024)|s1_desc_missing_years(2014,2015,2016)|cm_missing_years(2014,2015)|INFO_sif_missing_years(2014,2015,2016,2017)"
ISMN_SCAN_MtVernon,sm_only,oos,20160921,20201126,True,True,True,True,True,True,True,True,True,True,False,True,False,86,86,0,100.0,,,"2016,2017,2018,2019",,,,,"2016,2017",,WARN,"INFO_no_twsa|s1_desc_missing_years(2016,2017,2018,2019)|INFO_sif_missing_years(2016,2017)"
ISMN_SCAN_NPiedmontArec,sm_only,oos,20140101,20251230,True,True,True,True,True,True,True,True,True,True,True,True,False,256,382,0,100.0,"2014,2015","2014,2015","2014,2015,2016,2017,2020,2021,2022,2023,2024,2025","2014,2015",,,,"2014,2015,2016,2017",2025,WARN,"s2_missing_years(2014,2015)|s1_asc_missing_years(2014,2015)|s1_desc_missing_years(2014,2015,2016,2017,2020,2021,2022,2023,2024,2025)|cm_missing_years(2014,2015)|INFO_sif_missing_years(2014,2015,2016,2017)|INFO_twsa_missing_years(2025)"
ISMN_SCAN_Nacogdoches,sm_only,oos,20180427,20220709,True,True,True,True,True,True,True,True,True,True,False,True,False,237,237,0,100.0,,,"2018,2019,2021,2022",,,,,,,WARN,"INFO_no_twsa|s1_desc_missing_years(2018,2019,2021,2022)"
ISMN_SCAN_Nephi,sm_only,val,20140101,20250321,True,True,True,True,True,True,True,True,True,True,False,True,False,300,300,0,100.0,"2014,2015","2014,2015,2022,2023,2024,2025","2014,2015,2016","2014,2015",,,,"2014,2015,2016,2017",,WARN,"INFO_no_twsa|s2_missing_years(2014,2015)|s1_asc_missing_years(2014,2015,2022,2023,2024,2025)|s1_desc_missing_years(2014,2015,2016)|cm_missing_years(2014,2015)|INFO_sif_missing_years(2014,2015,2016,2017)"
ISMN_SCAN_NorthIssaquena,sm_only,train,20150919,20210503,True,True,True,True,True,True,True,True,True,True,False,True,False,119,119,0,100.0,2015,2015,"2015,2018,2019,2021",2015,,,,"2015,2016,2017",,WARN,"INFO_no_twsa|s2_missing_years(2015)|s1_asc_missing_years(2015)|s1_desc_missing_years(2015,2018,2019,2021)|cm_missing_years(2015)|INFO_sif_missing_years(2015,2016,2017)"
ISMN_SCAN_Nunn#1,sm_only,train,20220107,20251230,True,True,True,True,True,True,True,True,True,True,False,True,False,326,326,0,100.0,,,,,,,,,,OK,INFO_no_twsa
ISMN_SCAN_Onward,sm_only,train,20150919,20251230,True,True,True,True,True,True,True,True,True,True,True,True,False,272,381,0,100.0,2015,2015,"2015,2018,2019,2021,2022,2023,2024,2025",2015,,,,"2015,2016,2017",2025,WARN,"s2_missing_years(2015)|s1_asc_missing_years(2015)|s1_desc_missing_years(2015,2018,2019,2021,2022,2023,2024,2025)|cm_missing_years(2015)|INFO_sif_missing_years(2015,2016,2017)|INFO_twsa_missing_years(2025)"
ISMN_SCAN_OrchardRangeSite,sm_only,train,20210512,20251230,True,True,True,True,True,True,True,True,True,True,True,True,False,376,535,0,100.0,,,,,,,,,2025,OK,INFO_twsa_missing_years(2025)
ISMN_SCAN_Panguitch,sm_only,train,20140101,20220529,True,True,True,True,True,True,True,False,True,False,True,True,False,221,316,0,100.0,"2014,2015","2014,2015,2022","2014,2015,2016","2014,2015",,,,,,CRITICAL,"MISSING_soil|INFO_no_sif|s2_missing_years(2014,2015)|s1_asc_missing_years(2014,2015,2022)|s1_desc_missing_years(2014,2015,2016)|cm_missing_years(2014,2015)"
ISMN_SCAN_ParkValley,sm_only,train,20140101,20220717,True,True,True,True,True,True,True,True,True,True,True,True,False,189,275,0,100.0,"2014,2015","2014,2015,2022","2014,2015,2016","2014,2015",,,,"2014,2015,2016,2017",,WARN,"s2_missing_years(2014,2015)|s1_asc_missing_years(2014,2015,2022)|s1_desc_missing_years(2014,2015,2016)|cm_missing_years(2014,2015)|INFO_sif_missing_years(2014,2015,2016,2017)"
ISMN_SCAN_PeeDee,sm_only,val,20190221,20251230,True,True,True,True,True,True,True,True,True,True,True,True,False,237,369,0,100.0,,,"2021,2023,2024,2025",,,,,,2025,WARN,"s1_desc_missing_years(2021,2023,2024,2025)|INFO_twsa_missing_years(2025)"
ISMN_SCAN_PerdidoRivFarms,sm_only,train,20140101,20200614,True,True,True,True,False,True,True,True,False,True,True,True,False,170,0,0,0.0,"2014,2015","2014,2015","2014,2015,2016,2019,2020",,,,,"2014,2015,2016,2017",,CRITICAL,"MISSING_cm|MISSING_era5|s2_missing_years(2014,2015)|s1_asc_missing_years(2014,2015)|s1_desc_missing_years(2014,2015,2016,2019,2020)|INFO_sif_missing_years(2014,2015,2016,2017)"
ISMN_SCAN_Perthshire,sm_only,train,20160216,20210916,True,True,True,True,False,True,True,False,True,False,False,True,False,140,0,0,0.0,,,"2016,2018,2019,2021",,,,,,,CRITICAL,"MISSING_cm|MISSING_soil|INFO_no_sif|INFO_no_twsa|s1_desc_missing_years(2016,2018,2019,2021)"
ISMN_SCAN_Phillipsburg,sm_only,train,20140101,20251230,True,True,True,True,True,True,True,False,False,False,False,True,False,281,281,0,100.0,"2014,2015,2016,2017,2018,2019,2020,2021","2014,2015","2014,2015,2016,2017,2018,2019,2020,2021","2014,2015,2016,2017,2018,2019,2020,2021",,,,,,CRITICAL,"MISSING_soil|MISSING_era5|INFO_no_sif|INFO_no_twsa|s2_missing_years(2014,2015,2016,2017,2018,2019,2020,2021)|s1_asc_missing_years(2014,2015)|s1_desc_missing_years(2014,2015,2016,2017,2018,2019,2020,2021)|cm_missing_years(2014,2015,2016,2017,2018,2019,2020,2021)"
ISMN_SCAN_PineNut,sm_only,val,20210703,20250805,True,True,True,True,True,True,True,True,True,True,True,True,False,182,231,0,100.0,,"2022,2023,2024",,,,,,,2025,WARN,"s1_asc_missing_years(2022,2023,2024)|INFO_twsa_missing_years(2025)"
ISMN_SCAN_PowderMill,sm_only,val,20140101,20251230,True,True,True,True,True,True,True,True,True,True,True,True,False,144,229,0,100.0,"2014,2015,2016,2017,2018,2019","2014,2015","2014,2015,2016,2017,2020,2021,2022,2023,2024","2014,2015,2016,2017,2018,2019",,,,"2014,2015,2016,2017",2025,WARN,"s2_missing_years(2014,2015,2016,2017,2018,2019)|s1_asc_missing_years(2014,2015)|s1_desc_missing_years(2014,2015,2016,2017,2020,2021,2022,2023,2024)|cm_missing_years(2014,2015,2016,2017,2018,2019)|INFO_sif_missing_years(2014,2015,2016,2017)|INFO_twsa_missing_years(2025)"
ISMN_SCAN_PowellGardens,sm_only,train,20160319,20210707,True,True,True,False,True,True,True,True,True,True,True,True,False,126,168,0,100.0,,,,,,,,"2016,2017",,OK,"INFO_sif_missing_years(2016,2017)"
ISMN_SCAN_PrairieView#1,sm_only,train,20150712,20220505,True,True,True,True,True,True,True,True,True,True,True,True,False,99,167,0,100.0,"2015,2016,2017",2015,2015,"2015,2016,2017",,,,"2015,2016,2017",,WARN,"s2_missing_years(2015,2016,2017)|s1_asc_missing_years(2015)|s1_desc_missing_years(2015)|cm_missing_years(2015,2016,2017)|INFO_sif_missing_years(2015,2016,2017)"
ISMN_SCAN_Price,sm_only,train,20140101,20251211,True,True,True,True,True,True,True,True,True,True,True,True,False,145,190,0,100.0,"2014,2015,2016,2017,2018,2019,2020,2021,2022","2014,2015,2022,2023,2024,2025","2014,2015,2016","2014,2015,2016,2017,2018,2019,2020,2021,2022",,,,"2014,2015,2016,2017",2025,WARN,"s2_missing_years(2014,2015,2016,2017,2018,2019,2020,2021,2022)|s1_asc_missing_years(2014,2015,2022,2023,2024,2025)|s1_desc_missing_years(2014,2015,2016)|cm_missing_years(2014,2015,2016,2017,2018,2019,2020,2021,2022)|INFO_sif_missing_years(2014,2015,2016,2017)|INFO_twsa_missing_years(2025)"
ISMN_SCAN_Princeton#1,sm_only,train,20140401,20180323,True,True,True,True,True,True,True,True,True,True,True,True,False,42,57,0,100.0,"2014,2015","2014,2015","2014,2015,2018","2014,2015",,,,"2014,2015,2016,2017",,WARN,"s2_missing_years(2014,2015)|s1_asc_missing_years(2014,2015)|s1_desc_missing_years(2014,2015,2018)|cm_missing_years(2014,2015)|INFO_sif_missing_years(2014,2015,2016,2017)"
ISMN_SCAN_ReeseCenter,sm_only,train,20160311,20210601,True,True,True,False,True,True,True,True,True,True,True,True,False,80,105,0,100.0,"2016,2017,2018,2019",,,"2016,2017,2018,2019",,,,"2016,2017",,WARN,"s2_missing_years(2016,2017,2018,2019)|cm_missing_years(2016,2017,2018,2019)|INFO_sif_missing_years(2016,2017)"
ISMN_SCAN_ReynoldsHomestead,sm_only,train,20211120,20251230,True,True,True,False,True,True,True,True,True,True,True,True,False,78,117,0,100.0,"2021,2022",,,"2021,2022",,,,,2025,WARN,"s2_missing_years(2021,2022)|cm_missing_years(2021,2022)|INFO_twsa_missing_years(2025)"
ISMN_SCAN_RiverRoadFarms,sm_only,train,20140916,20190827,True,True,True,True,True,True,True,True,True,True,True,True,False,55,91,0,100.0,"2014,2015,2016,2017","2014,2015","2014,2015,2019","2014,2015,2016,2017",,,,"2014,2015,2016,2017",,WARN,"s2_missing_years(2014,2015,2016,2017)|s1_asc_missing_years(2014,2015)|s1_desc_missing_years(2014,2015,2019)|cm_missing_years(2014,2015,2016,2017)|INFO_sif_missing_years(2014,2015,2016,2017)"
ISMN_SCAN_RockSpringsPa,sm_only,train,20170101,20251230,True,True,True,False,True,True,True,True,True,True,True,True,False,158,287,0,100.0,,,,,,,,2017,2025,OK,INFO_sif_missing_years(2017)|INFO_twsa_missing_years(2025)
ISMN_SCAN_RogersFarm#1,sm_only,val,20140101,20210121,True,True,True,False,True,True,True,True,True,True,True,True,False,232,326,0,100.0,"2014,2015","2014,2015",,"2014,2015",,,,"2014,2015,2016,2017",,WARN,"s2_missing_years(2014,2015)|s1_asc_missing_years(2014,2015)|cm_missing_years(2014,2015)|INFO_sif_missing_years(2014,2015,2016,2017)"
ISMN_SCAN_SanAngelo,sm_only,train,20140925,20220324,True,True,True,True,True,True,True,True,True,True,True,True,False,191,285,0,100.0,"2014,2015","2014,2015","2014,2015,2016,2017,2018,2019,2020,2021","2014,2015",,,,"2014,2015,2016,2017",,WARN,"s2_missing_years(2014,2015)|s1_asc_missing_years(2014,2015)|s1_desc_missing_years(2014,2015,2016,2017,2018,2019,2020,2021)|cm_missing_years(2014,2015)|INFO_sif_missing_years(2014,2015,2016,2017)"
ISMN_SCAN_SandyRidge,sm_only,train,20140101,20251230,True,True,True,True,True,True,True,True,True,True,True,True,False,267,385,0,100.0,"2014,2015","2014,2015","2014,2015,2018,2019,2021,2022,2023,2024,2025","2014,2015",,,,"2014,2015,2016,2017",2025,WARN,"s2_missing_years(2014,2015)|s1_asc_missing_years(2014,2015)|s1_desc_missing_years(2014,2015,2018,2019,2021,2022,2023,2024,2025)|cm_missing_years(2014,2015)|INFO_sif_missing_years(2014,2015,2016,2017)|INFO_twsa_missing_years(2025)"
ISMN_SCAN_Scott,sm_only,train,20210824,20251230,True,True,True,False,True,True,True,True,True,True,True,True,False,141,193,0,100.0,,,,,,,,,2025,OK,INFO_twsa_missing_years(2025)
ISMN_SCAN_SellersLake#1,sm_only,train,20140101,20220224,True,True,True,True,True,True,True,True,True,True,True,True,False,120,244,0,100.0,"2014,2015","2014,2015","2014,2015,2021,2022","2014,2015",,,,"2014,2015,2016,2017",,WARN,"s2_missing_years(2014,2015)|s1_asc_missing_years(2014,2015)|s1_desc_missing_years(2014,2015,2021,2022)|cm_missing_years(2014,2015)|INFO_sif_missing_years(2014,2015,2016,2017)"
ISMN_SCAN_Selma,sm_only,train,20160822,20231020,True,True,True,True,True,True,True,True,True,True,False,True,False,393,393,0,100.0,,,"2016,2018,2019,2021,2022,2023",,,,,"2016,2017",,WARN,"INFO_no_twsa|s1_desc_missing_years(2016,2018,2019,2021,2022,2023)|INFO_sif_missing_years(2016,2017)"
ISMN_SCAN_Sevilleta,sm_only,train,20180418,20210818,True,True,True,True,True,True,True,True,True,True,True,True,False,316,421,0,100.0,,,,,,,,,,OK,
ISMN_SCAN_ShagbarkHills,sm_only,train,20140101,20200402,True,True,True,False,True,True,True,True,True,True,True,True,False,81,129,0,100.0,"2014,2015","2014,2015",,"2014,2015",,,,"2014,2015,2016,2017",,WARN,"s2_missing_years(2014,2015)|s1_asc_missing_years(2014,2015)|cm_missing_years(2014,2015)|INFO_sif_missing_years(2014,2015,2016,2017)"
ISMN_SCAN_Shenandoah,sm_only,train,20140101,20180419,True,True,True,False,True,True,True,True,True,True,False,True,False,21,21,0,100.0,"2014,2015","2014,2015",,"2014,2015",,,,"2014,2015,2016,2017",,WARN,"INFO_no_twsa|s2_missing_years(2014,2015)|s1_asc_missing_years(2014,2015)|cm_missing_years(2014,2015)|INFO_sif_missing_years(2014,2015,2016,2017)"
ISMN_SCAN_Sidney,sm_only,train,20200807,20251230,True,True,True,True,True,True,True,True,True,True,True,True,False,348,536,0,100.0,,"2023,2024","2020,2021",,,,,,2025,WARN,"s1_asc_missing_years(2023,2024)|s1_desc_missing_years(2020,2021)|INFO_twsa_missing_years(2025)"
ISMN_SCAN_SilverCity,sm_only,oos,20140101,20210725,True,True,True,True,True,True,True,True,True,True,True,True,False,135,198,0,100.0,"2014,2015","2014,2015","2014,2015,2018,2019,2021","2014,2015",,,,"2014,2015,2016,2017",,WARN,"s2_missing_years(2014,2015)|s1_asc_missing_years(2014,2015)|s1_desc_missing_years(2014,2015,2018,2019,2021)|cm_missing_years(2014,2015)|INFO_sif_missing_years(2014,2015,2016,2017)"
ISMN_SCAN_SinkinForest,sm_only,train,20210720,20250321,True,True,True,False,True,True,True,True,True,True,True,True,False,101,171,0,100.0,,,,,,,,,2025,OK,INFO_twsa_missing_years(2025)
ISMN_SCAN_Spickard,sm_only,train,20190603,20251230,True,True,True,False,True,True,True,True,True,True,True,True,False,228,310,0,100.0,,,,,,,,,2025,OK,INFO_twsa_missing_years(2025)
ISMN_SCAN_SplitMountain,sm_only,train,20140101,20250321,True,True,True,True,True,True,True,True,False,True,True,True,False,707,909,0,100.0,"2014,2015","2014,2015","2014,2015,2016","2014,2015",,,,"2014,2015,2016,2017",2025,CRITICAL,"MISSING_era5|s2_missing_years(2014,2015)|s1_asc_missing_years(2014,2015)|s1_desc_missing_years(2014,2015,2016)|cm_missing_years(2014,2015)|INFO_sif_missing_years(2014,2015,2016,2017)|INFO_twsa_missing_years(2025)"
ISMN_SCAN_StanleyFarm,sm_only,train,20220304,20251230,True,True,True,False,True,True,True,True,True,True,True,True,False,235,358,0,100.0,,,,,,,,,2025,OK,INFO_twsa_missing_years(2025)
ISMN_SCAN_Starkville,sm_only,oos,20140101,20200930,True,True,True,True,True,True,True,True,True,True,True,True,False,180,294,0,100.0,"2014,2015","2014,2015","2014,2015,2018,2019","2014,2015",,,,"2014,2015,2016,2017",,WARN,"s2_missing_years(2014,2015)|s1_asc_missing_years(2014,2015)|s1_desc_missing_years(2014,2015,2018,2019)|cm_missing_years(2014,2015)|INFO_sif_missing_years(2014,2015,2016,2017)"
ISMN_SCAN_Stephenville,sm_only,train,20140922,20200601,True,True,True,False,True,True,True,True,True,True,True,True,False,102,143,0,100.0,"2014,2015","2014,2015",,"2014,2015",,,,"2014,2015,2016,2017",,WARN,"s2_missing_years(2014,2015)|s1_asc_missing_years(2014,2015)|cm_missing_years(2014,2015)|INFO_sif_missing_years(2014,2015,2016,2017)"
ISMN_SCAN_Stubblefield,sm_only,train,20141101,20190519,True,True,True,True,True,True,True,True,True,True,True,True,False,122,158,0,100.0,"2014,2015","2014,2015","2014,2015","2014,2015",,,,"2014,2015,2016,2017",,WARN,"s2_missing_years(2014,2015)|s1_asc_missing_years(2014,2015)|s1_desc_missing_years(2014,2015)|cm_missing_years(2014,2015)|INFO_sif_missing_years(2014,2015,2016,2017)"
ISMN_SCAN_SudduthFarms,sm_only,train,20150529,20241009,True,True,True,True,True,True,True,True,True,True,True,True,False,208,337,0,100.0,2015,2015,"2015,2016,2018,2019,2021,2022,2023,2024",2015,,,,"2015,2016,2017",,WARN,"s2_missing_years(2015)|s1_asc_missing_years(2015)|s1_desc_missing_years(2015,2016,2018,2019,2021,2022,2023,2024)|cm_missing_years(2015)|INFO_sif_missing_years(2015,2016,2017)"
ISMN_SCAN_SunleafNursery,sm_only,oos,20140101,20200620,True,True,True,False,True,True,True,True,True,True,True,True,False,41,222,0,100.0,"2014,2015,2019,2020","2014,2015",,"2014,2015",,,,"2014,2015,2016,2017",,WARN,"s2_missing_years(2014,2015,2019,2020)|s1_asc_missing_years(2014,2015)|cm_missing_years(2014,2015)|INFO_sif_missing_years(2014,2015,2016,2017)"
ISMN_SCAN_TableMountain,sm_only,train,20140101,20250321,True,True,True,True,True,True,True,True,True,True,True,True,False,218,370,0,100.0,"2014,2015","2014,2015,2022,2023,2024,2025","2014,2015,2016","2014,2015",,,,"2014,2015,2016,2017",2025,WARN,"s2_missing_years(2014,2015)|s1_asc_missing_years(2014,2015,2022,2023,2024,2025)|s1_desc_missing_years(2014,2015,2016)|cm_missing_years(2014,2015)|INFO_sif_missing_years(2014,2015,2016,2017)|INFO_twsa_missing_years(2025)"
ISMN_SCAN_TidewaterArec,sm_only,train,20140621,20190619,True,True,True,True,True,True,True,True,True,True,True,True,False,73,114,0,100.0,"2014,2015","2014,2015","2014,2015,2016,2017,2019","2014,2015",,,,"2014,2015,2016,2017",,WARN,"s2_missing_years(2014,2015)|s1_asc_missing_years(2014,2015)|s1_desc_missing_years(2014,2015,2016,2017,2019)|cm_missing_years(2014,2015)|INFO_sif_missing_years(2014,2015,2016,2017)"
ISMN_SCAN_TncFortBayou,sm_only,train,20161130,20210605,True,True,True,True,True,True,True,True,True,True,True,True,False,101,198,0,100.0,,,"2016,2017,2019,2021",,,,,"2016,2017",,WARN,"s1_desc_missing_years(2016,2017,2019,2021)|INFO_sif_missing_years(2016,2017)"
ISMN_SCAN_Torrington#1,sm_only,train,20160414,20250321,True,True,True,True,True,True,True,True,True,True,False,True,False,604,604,0,100.0,,,"2016,2017,2018",,,,,"2016,2017",,WARN,"INFO_no_twsa|s1_desc_missing_years(2016,2017,2018)|INFO_sif_missing_years(2016,2017)"
ISMN_SCAN_TroughSprings,sm_only,oos,20140101,20180804,True,True,True,True,True,True,True,True,True,True,True,True,False,114,183,0,100.0,"2014,2015","2014,2015","2014,2015,2016","2014,2015",,,,"2014,2015,2016,2017",,WARN,"s2_missing_years(2014,2015)|s1_asc_missing_years(2014,2015)|s1_desc_missing_years(2014,2015,2016)|cm_missing_years(2014,2015)|INFO_sif_missing_years(2014,2015,2016,2017)"
ISMN_SCAN_TuleValley,sm_only,train,20140101,20231202,True,True,True,True,True,True,True,True,True,True,True,True,False,308,415,0,100.0,"2014,2015","2014,2015,2022,2023","2014,2015,2016","2014,2015",,,,"2014,2015,2016,2017",,WARN,"s2_missing_years(2014,2015)|s1_asc_missing_years(2014,2015,2022,2023)|s1_desc_missing_years(2014,2015,2016)|cm_missing_years(2014,2015)|INFO_sif_missing_years(2014,2015,2016,2017)"
ISMN_SCAN_Tunica,sm_only,train,20150924,20200529,True,True,True,True,True,True,True,True,True,True,True,True,False,94,126,0,100.0,2015,2015,"2015,2018,2019,2020",2015,,,,"2015,2016,2017",,WARN,"s2_missing_years(2015)|s1_asc_missing_years(2015)|s1_desc_missing_years(2015,2018,2019,2020)|cm_missing_years(2015)|INFO_sif_missing_years(2015,2016,2017)"
ISMN_SCAN_TwinPinesConservationArea,sm_only,oos,20210105,20250321,True,True,True,False,True,True,True,True,True,True,True,True,False,142,209,0,100.0,,,,,,,,,2025,OK,INFO_twsa_missing_years(2025)
ISMN_SCAN_UWPlatteville,sm_only,train,20140101,20231025,True,True,True,False,True,True,True,True,True,True,True,True,False,173,252,0,100.0,"2014,2015","2014,2015,2018,2019",,"2014,2015",,,,"2014,2015,2016,2017",,WARN,"s2_missing_years(2014,2015)|s1_asc_missing_years(2014,2015,2018,2019)|cm_missing_years(2014,2015)|INFO_sif_missing_years(2014,2015,2016,2017)"
ISMN_SCAN_Uapb-Earle,sm_only,oos,20160723,20251230,True,True,True,True,True,True,True,True,True,True,True,True,False,262,376,0,100.0,,,"2016,2018,2019,2021,2022,2023,2024,2025",,,,,"2016,2017",2025,WARN,"s1_desc_missing_years(2016,2018,2019,2021,2022,2023,2024,2025)|INFO_sif_missing_years(2016,2017)|INFO_twsa_missing_years(2025)"
ISMN_SCAN_UapbCampus-PB,sm_only,train,20210310,20251230,True,True,True,False,True,True,True,True,True,True,True,True,False,128,251,0,100.0,,,,,,,,,2025,OK,INFO_twsa_missing_years(2025)
ISMN_SCAN_UapbDewitt,sm_only,train,20170127,20220930,True,True,True,True,True,True,True,True,True,True,True,True,False,324,507,0,100.0,,,"2018,2019,2021,2022",,,,,2017,,WARN,"s1_desc_missing_years(2018,2019,2021,2022)|INFO_sif_missing_years(2017)"
ISMN_SCAN_UapbPointRemove,sm_only,train,20210728,20251230,True,True,True,False,True,True,True,True,True,True,True,True,False,160,252,0,100.0,,,,,,,,,2025,OK,INFO_twsa_missing_years(2025)
ISMN_SCAN_Uvalde,sm_only,train,20140926,20200524,True,True,True,True,True,True,True,True,True,True,True,True,False,93,137,0,100.0,"2014,2015","2014,2015","2014,2015,2016","2014,2015",,,,"2014,2015,2016,2017",,WARN,"s2_missing_years(2014,2015)|s1_asc_missing_years(2014,2015)|s1_desc_missing_years(2014,2015,2016)|cm_missing_years(2014,2015)|INFO_sif_missing_years(2014,2015,2016,2017)"
ISMN_SCAN_Vallecitos,sm_only,train,20221029,20251230,True,True,True,True,True,True,True,True,True,True,True,True,False,321,399,0,100.0,,,,,,,,,2025,OK,INFO_twsa_missing_years(2025)
ISMN_SCAN_Vermillion,sm_only,train,20140101,20251230,True,True,True,True,True,True,True,True,True,True,True,True,False,422,540,0,100.0,"2014,2015","2014,2015,2022,2023,2024","2014,2015,2016","2014,2015",,,,"2014,2015,2016,2017",2025,WARN,"s2_missing_years(2014,2015)|s1_asc_missing_years(2014,2015,2022,2023,2024)|s1_desc_missing_years(2014,2015,2016)|cm_missing_years(2014,2015)|INFO_sif_missing_years(2014,2015,2016,2017)|INFO_twsa_missing_years(2025)"
ISMN_SCAN_Vernon,sm_only,oos,20150715,20210429,True,True,True,False,True,True,True,True,True,True,True,True,False,305,398,0,100.0,2015,2015,,2015,,,,"2015,2016,2017",,WARN,"s2_missing_years(2015)|s1_asc_missing_years(2015)|cm_missing_years(2015)|INFO_sif_missing_years(2015,2016,2017)"
ISMN_SCAN_Violett,sm_only,train,20140101,20210114,True,True,True,True,True,True,True,True,True,True,True,True,False,233,347,0,100.0,"2014,2015","2014,2015","2014,2015,2016","2014,2015",,,,"2014,2015,2016,2017",,WARN,"s2_missing_years(2014,2015)|s1_asc_missing_years(2014,2015)|s1_desc_missing_years(2014,2015,2016)|cm_missing_years(2014,2015)|INFO_sif_missing_years(2014,2015,2016,2017)"
ISMN_SCAN_Wabeno#1,sm_only,train,20140101,20220101,True,True,True,False,True,True,True,True,True,True,True,True,False,104,171,0,100.0,"2014,2015,2022","2014,2015,2022",,"2014,2015,2022",,,,"2014,2015,2016,2017",,WARN,"s2_missing_years(2014,2015,2022)|s1_asc_missing_years(2014,2015,2022)|cm_missing_years(2014,2015,2022)|INFO_sif_missing_years(2014,2015,2016,2017)"
ISMN_SCAN_Wakulla#1,sm_only,train,20170901,20250321,True,True,True,True,True,True,True,True,True,True,True,True,False,199,363,0,100.0,,,"2021,2022,2023,2024,2025",,,,,2017,2025,WARN,"s1_desc_missing_years(2021,2022,2023,2024,2025)|INFO_sif_missing_years(2017)|INFO_twsa_missing_years(2025)"
ISMN_SCAN_WalnutGulch#1,sm_only,oos,20150723,20240620,True,True,True,True,True,True,True,True,True,True,True,True,False,758,911,0,100.0,2015,2015,"2015,2016",2015,,,,"2015,2016,2017",,WARN,"s2_missing_years(2015)|s1_asc_missing_years(2015)|s1_desc_missing_years(2015,2016)|cm_missing_years(2015)|INFO_sif_missing_years(2015,2016,2017)"
ISMN_SCAN_Watkinsville#1,sm_only,val,20210810,20251230,True,True,True,False,True,True,True,True,True,True,True,True,False,143,211,0,100.0,,,,,,,,,2025,OK,INFO_twsa_missing_years(2025)
ISMN_SCAN_WestSummit,sm_only,train,20140101,20230530,True,True,True,True,True,True,True,True,True,True,True,True,False,265,359,0,100.0,"2014,2015","2014,2015","2014,2015,2016","2014,2015",,,,"2014,2015,2016,2017",,WARN,"s2_missing_years(2014,2015)|s1_asc_missing_years(2014,2015)|s1_desc_missing_years(2014,2015,2016)|cm_missing_years(2014,2015)|INFO_sif_missing_years(2014,2015,2016,2017)"
ISMN_SCAN_WillowWells,sm_only,train,20170218,20251230,True,True,True,True,True,True,True,True,True,True,True,True,False,389,477,0,100.0,,,,,,,,2017,2025,OK,INFO_sif_missing_years(2017)|INFO_twsa_missing_years(2025)
ISMN_SCAN_Wtars,sm_only,train,20140101,20180618,True,True,True,True,True,True,True,True,True,True,False,True,False,65,65,0,100.0,"2014,2015","2014,2015","2014,2015,2016,2018","2014,2015",,,,"2014,2015,2016,2017",,WARN,"INFO_no_twsa|s2_missing_years(2014,2015)|s1_asc_missing_years(2014,2015)|s1_desc_missing_years(2014,2015,2016,2018)|cm_missing_years(2014,2015)|INFO_sif_missing_years(2014,2015,2016,2017)"
ISMN_SCAN_YoumansFarm,sm_only,train,20140619,20221101,True,True,True,False,True,True,True,True,True,True,True,True,False,163,260,0,100.0,"2014,2015","2014,2015",,"2014,2015",,,,"2014,2015,2016,2017",,WARN,"s2_missing_years(2014,2015)|s1_asc_missing_years(2014,2015)|cm_missing_years(2014,2015)|INFO_sif_missing_years(2014,2015,2016,2017)"
ISMN_SD_DEM_Demokeya,sm_only,train,20140610,20201111,True,True,False,True,True,True,True,True,True,True,True,True,False,205,255,0,100.0,"2014,2015",,"2014,2015","2014,2015",,,,"2014,2015,2016,2017",,WARN,"s2_missing_years(2014,2015)|s1_desc_missing_years(2014,2015)|cm_missing_years(2014,2015)|INFO_sif_missing_years(2014,2015,2016,2017)"
ISMN_SMOSMANIA_Barnas,sm_only,train,20190912,20230629,True,True,True,True,True,True,True,True,True,True,True,True,False,96,174,0,100.0,,,,,,,,,,OK,
ISMN_SMOSMANIA_Berzeme,sm_only,train,20170613,20230629,True,True,True,True,True,True,True,True,True,True,True,True,False,240,369,0,100.0,"2017,2018",,,"2017,2018",,,,2017,,WARN,"s2_missing_years(2017,2018)|cm_missing_years(2017,2018)|INFO_sif_missing_years(2017)"
ISMN_SMOSMANIA_CabrieresdAvignon,sm_only,train,20140101,20230629,True,True,True,True,True,True,True,True,True,True,True,True,False,284,351,0,100.0,"2014,2015,2016,2017,2018,2019","2014,2015","2014,2015","2014,2015,2016,2017,2018,2019",,,,"2014,2015,2016,2017",,WARN,"s2_missing_years(2014,2015,2016,2017,2018,2019)|s1_asc_missing_years(2014,2015)|s1_desc_missing_years(2014,2015)|cm_missing_years(2014,2015,2016,2017,2018,2019)|INFO_sif_missing_years(2014,2015,2016,2017)"
ISMN_SMOSMANIA_Condom,sm_only,train,20180417,20241231,True,True,True,True,True,True,True,True,True,True,True,True,False,139,215,0,100.0,"2018,2019,2020,2021",,,"2018,2019,2020,2021",,,,,,WARN,"s2_missing_years(2018,2019,2020,2021)|cm_missing_years(2018,2019,2020,2021)"
ISMN_SMOSMANIA_CreondArmagnac,sm_only,train,20170817,20241231,True,True,True,True,True,True,True,True,True,True,True,True,False,123,217,0,100.0,"2017,2018,2019,2020,2021",,,"2017,2018,2019,2020,2021",,,,2017,,WARN,"s2_missing_years(2017,2018,2019,2020,2021)|cm_missing_years(2017,2018,2019,2020,2021)|INFO_sif_missing_years(2017)"
ISMN_SMOSMANIA_LaGrandCombe,sm_only,train,20160205,20230629,True,True,True,True,True,True,True,True,True,True,True,True,False,144,354,0,100.0,"2022,2023",,,,,,,"2016,2017",,WARN,"s2_missing_years(2022,2023)|INFO_sif_missing_years(2016,2017)"
ISMN_SMOSMANIA_Lahas,sm_only,train,20140101,20230507,True,True,True,True,True,True,True,True,True,True,True,True,False,179,296,0,100.0,"2014,2015","2014,2015","2014,2015","2014,2015",,,,"2014,2015,2016,2017",,WARN,"s2_missing_years(2014,2015)|s1_asc_missing_years(2014,2015)|s1_desc_missing_years(2014,2015)|cm_missing_years(2014,2015)|INFO_sif_missing_years(2014,2015,2016,2017)"
ISMN_SMOSMANIA_LezignanCorbieres,sm_only,train,20170518,20241231,True,True,True,True,True,True,True,True,True,True,True,True,False,240,369,0,100.0,,,,,,,,2017,,OK,INFO_sif_missing_years(2017)
ISMN_SMOSMANIA_Mazan-Abbaye,sm_only,val,20171010,20230117,True,True,True,True,True,True,True,True,True,True,True,True,False,125,250,0,100.0,2023,,,2023,,,,2017,,WARN,s2_missing_years(2023)|cm_missing_years(2023)|INFO_sif_missing_years(2017)
ISMN_SMOSMANIA_Mejannes-le-Clap,sm_only,val,20160614,20220928,True,True,True,True,True,True,True,True,True,True,True,True,False,436,687,0,100.0,,,,,,,,"2016,2017",,OK,"INFO_sif_missing_years(2016,2017)"
ISMN_SMOSMANIA_Montaut,sm_only,train,20140101,20241231,True,True,True,True,True,True,True,True,True,True,True,True,False,440,813,0,100.0,"2014,2015","2014,2015","2014,2015","2014,2015",,,,"2014,2015,2016,2017",,WARN,"s2_missing_years(2014,2015)|s1_asc_missing_years(2014,2015)|s1_desc_missing_years(2014,2015)|cm_missing_years(2014,2015)|INFO_sif_missing_years(2014,2015,2016,2017)"
ISMN_SMOSMANIA_Mouthoumet,sm_only,train,20140101,20241231,True,True,True,True,True,True,True,True,True,True,True,True,False,446,803,0,100.0,"2014,2015","2014,2015","2014,2015","2014,2015",,,,"2014,2015,2016,2017",,WARN,"s2_missing_years(2014,2015)|s1_asc_missing_years(2014,2015)|s1_desc_missing_years(2014,2015)|cm_missing_years(2014,2015)|INFO_sif_missing_years(2014,2015,2016,2017)"
ISMN_SMOSMANIA_Narbonne,sm_only,train,20170818,20241231,True,True,True,True,True,True,True,True,True,True,True,True,False,240,358,0,100.0,,,,,,,,2017,,OK,INFO_sif_missing_years(2017)
ISMN_SMOSMANIA_PeyrusseGrande,sm_only,train,20140101,20241231,True,True,True,True,True,True,True,True,True,True,True,True,False,407,689,0,100.0,"2014,2015","2014,2015","2014,2015","2014,2015",,,,"2014,2015,2016,2017",,WARN,"s2_missing_years(2014,2015)|s1_asc_missing_years(2014,2015)|s1_desc_missing_years(2014,2015)|cm_missing_years(2014,2015)|INFO_sif_missing_years(2014,2015,2016,2017)"
ISMN_SMOSMANIA_Pezenas,sm_only,train,20160614,20230629,True,True,True,True,True,True,True,True,True,True,True,True,False,227,328,0,100.0,,,,,,,,"2016,2017",,OK,"INFO_sif_missing_years(2016,2017)"
ISMN_SMOSMANIA_Prades-le-Lez,sm_only,train,20140101,20181204,True,True,False,False,True,True,True,True,True,True,True,True,False,79,108,0,100.0,"2014,2015",,,"2014,2015",,,,"2014,2015,2016,2017",,CRITICAL,"MISSING_s1 (both asc & desc)|s2_missing_years(2014,2015)|cm_missing_years(2014,2015)|INFO_sif_missing_years(2014,2015,2016,2017)"
ISMN_SMOSMANIA_Sabres,sm_only,train,20160309,20230925,True,True,True,True,True,True,True,True,True,True,True,True,False,158,352,0,100.0,,,,,,,,"2016,2017",,OK,"INFO_sif_missing_years(2016,2017)"
ISMN_SMOSMANIA_SaintFelixdeLauragais,sm_only,oos,20160122,20241231,True,True,True,True,True,True,True,True,True,True,True,True,False,437,796,0,100.0,,,,,,,,"2016,2017",,OK,"INFO_sif_missing_years(2016,2017)"
ISMN_SMOSMANIA_Savenes,sm_only,train,20141201,20200319,True,True,True,True,True,True,True,True,True,True,True,True,False,99,144,0,100.0,"2014,2015","2014,2015","2014,2015","2014,2015",,,,"2014,2015,2016,2017",,WARN,"s2_missing_years(2014,2015)|s1_asc_missing_years(2014,2015)|s1_desc_missing_years(2014,2015)|cm_missing_years(2014,2015)|INFO_sif_missing_years(2014,2015,2016,2017)"
ISMN_SMOSMANIA_Urgons,sm_only,train,20181115,20241231,True,True,True,True,True,True,True,True,True,True,True,True,False,319,559,0,100.0,,,,,,,,,,OK,
ISMN_SMOSMANIA_Villevielle,sm_only,train,20140101,20230629,True,True,True,True,True,True,True,True,True,True,True,True,False,260,336,0,100.0,"2014,2015","2014,2015","2014,2015","2014,2015",,,,"2014,2015,2016,2017",,WARN,"s2_missing_years(2014,2015)|s1_asc_missing_years(2014,2015)|s1_desc_missing_years(2014,2015)|cm_missing_years(2014,2015)|INFO_sif_missing_years(2014,2015,2016,2017)"
ISMN_SNOTEL_AguaCanyon,sm_only,oos,20140101,20200930,True,True,True,True,True,True,True,True,True,True,True,True,False,145,209,0,100.0,"2014,2015","2014,2015","2014,2015,2016","2014,2015",,,,"2014,2015,2016,2017",,WARN,"s2_missing_years(2014,2015)|s1_asc_missing_years(2014,2015)|s1_desc_missing_years(2014,2015,2016)|cm_missing_years(2014,2015)|INFO_sif_missing_years(2014,2015,2016,2017)"
ISMN_SNOTEL_AmericanCreek,sm_only,oos,20200629,20251230,True,True,True,True,True,True,True,True,True,True,True,True,False,252,480,0,100.0,,,,,,,,,2025,OK,INFO_twsa_missing_years(2025)
ISMN_SNOTEL_AnchorRiverDivide,sm_only,train,20140101,20251022,True,True,True,True,False,True,True,True,True,True,True,True,False,248,0,0,0.0,"2014,2015","2014,2015,2022,2023,2024","2014,2015,2016",,,,,"2014,2015,2016,2017",2025,CRITICAL,"MISSING_cm|s2_missing_years(2014,2015)|s1_asc_missing_years(2014,2015,2022,2023,2024)|s1_desc_missing_years(2014,2015,2016)|INFO_sif_missing_years(2014,2015,2016,2017)|INFO_twsa_missing_years(2025)"
ISMN_SNOTEL_Aniak,sm_only,train,20170511,20220506,True,True,True,True,True,True,True,True,True,True,True,True,False,38,297,0,100.0,"2020,2021,2022",2022,,,,,,2017,,WARN,"s2_missing_years(2020,2021,2022)|s1_asc_missing_years(2022)|INFO_sif_missing_years(2017)"
ISMN_SNOTEL_ArapahoRidge,sm_only,train,20170829,20251230,True,True,True,True,True,True,True,True,True,True,True,True,False,267,493,0,100.0,,,,,,,,2017,2025,OK,INFO_sif_missing_years(2017)|INFO_twsa_missing_years(2025)
ISMN_SNOTEL_AtlantaSummit,sm_only,train,20140101,20240715,True,True,True,True,True,True,True,True,True,True,False,True,False,245,245,0,100.0,"2014,2015","2014,2015","2014,2015,2016","2014,2015",,,,"2014,2015,2016,2017",,WARN,"INFO_no_twsa|s2_missing_years(2014,2015)|s1_asc_missing_years(2014,2015)|s1_desc_missing_years(2014,2015,2016)|cm_missing_years(2014,2015)|INFO_sif_missing_years(2014,2015,2016,2017)"
ISMN_SNOTEL_Atwater,sm_only,oos,20220825,20251230,True,True,True,True,True,True,True,True,True,True,True,True,False,232,382,0,100.0,,"2022,2023,2024",,,,,,,2025,WARN,"s1_asc_missing_years(2022,2023,2024)|INFO_twsa_missing_years(2025)"
ISMN_SNOTEL_BakerButte,sm_only,train,20160427,20251022,True,True,True,True,True,True,True,True,True,True,True,True,False,786,1103,0,100.0,,"2022,2023,2024",2016,,,,,"2016,2017",2025,WARN,"s1_asc_missing_years(2022,2023,2024)|s1_desc_missing_years(2016)|INFO_sif_missing_years(2016,2017)|INFO_twsa_missing_years(2025)"
ISMN_SNOTEL_BakerButteSmt,sm_only,train,20140607,20230706,True,True,True,True,True,True,True,True,True,True,True,True,False,344,808,0,100.0,"2014,2015,2021,2022,2023","2014,2015,2022,2023","2014,2015,2016","2014,2015",,,,"2014,2015,2016,2017",,WARN,"s2_missing_years(2014,2015,2021,2022,2023)|s1_asc_missing_years(2014,2015,2022,2023)|s1_desc_missing_years(2014,2015,2016)|cm_missing_years(2014,2015)|INFO_sif_missing_years(2014,2015,2016,2017)"
ISMN_SNOTEL_Baldy,sm_only,train,20160707,20200611,True,True,True,True,True,True,True,True,True,True,True,True,False,126,182,0,100.0,,,2016,,,,,"2016,2017",,WARN,"s1_desc_missing_years(2016)|INFO_sif_missing_years(2016,2017)"
ISMN_SNOTEL_BannerSummit,sm_only,train,20140101,20251230,True,True,True,True,True,True,True,True,True,True,True,True,False,552,921,0,100.0,"2014,2015","2014,2015","2014,2015,2016,2018","2014,2015",,,,"2014,2015,2016,2017",2025,WARN,"s2_missing_years(2014,2015)|s1_asc_missing_years(2014,2015)|s1_desc_missing_years(2014,2015,2016,2018)|cm_missing_years(2014,2015)|INFO_sif_missing_years(2014,2015,2016,2017)|INFO_twsa_missing_years(2025)"
ISMN_SNOTEL_BarM,sm_only,train,20140101,20251022,True,True,True,True,True,True,True,True,True,True,True,True,False,809,1082,0,100.0,"2014,2015","2014,2015,2022,2023,2024","2014,2015,2016","2014,2015",,,,"2014,2015,2016,2017",2025,WARN,"s2_missing_years(2014,2015)|s1_asc_missing_years(2014,2015,2022,2023,2024)|s1_desc_missing_years(2014,2015,2016)|cm_missing_years(2014,2015)|INFO_sif_missing_years(2014,2015,2016,2017)|INFO_twsa_missing_years(2025)"
ISMN_SNOTEL_BearCanyon,sm_only,train,20200225,20240526,True,True,True,True,True,True,True,True,True,True,True,True,False,284,487,0,100.0,,,2020,,,,,,,WARN,s1_desc_missing_years(2020)
ISMN_SNOTEL_BearCreek,sm_only,train,20191016,20251230,True,True,True,True,True,True,True,True,True,True,True,True,False,223,362,0,100.0,,,,,,,,,2025,OK,INFO_twsa_missing_years(2025)
ISMN_SNOTEL_BearRiverRS,sm_only,train,20140101,20251230,True,True,True,True,True,True,True,True,True,True,True,True,False,195,372,0,100.0,"2014,2015,2016,2017,2018","2014,2015,2022,2023,2024","2014,2015,2016","2014,2015,2016,2017,2018",,,,"2014,2015,2016,2017",2025,WARN,"s2_missing_years(2014,2015,2016,2017,2018)|s1_asc_missing_years(2014,2015,2022,2023,2024)|s1_desc_missing_years(2014,2015,2016)|cm_missing_years(2014,2015,2016,2017,2018)|INFO_sif_missing_years(2014,2015,2016,2017)|INFO_twsa_missing_years(2025)"
ISMN_SNOTEL_BeaverDams,sm_only,train,20141001,20251230,True,True,True,True,True,True,True,True,True,True,True,True,False,221,348,0,100.0,"2014,2015,2016,2017,2018,2019","2014,2015,2022,2023,2024","2014,2015,2016","2014,2015,2016,2017,2018,2019",,,,"2014,2015,2016,2017",2025,WARN,"s2_missing_years(2014,2015,2016,2017,2018,2019)|s1_asc_missing_years(2014,2015,2022,2023,2024)|s1_desc_missing_years(2014,2015,2016)|cm_missing_years(2014,2015,2016,2017,2018,2019)|INFO_sif_missing_years(2014,2015,2016,2017)|INFO_twsa_missing_years(2025)"
ISMN_SNOTEL_BeaverDivide,sm_only,train,20140905,20251230,True,True,True,True,True,True,True,True,True,True,True,True,False,212,368,0,100.0,"2014,2015,2016,2017,2018,2019","2014,2015,2022,2023,2024","2014,2015,2016","2014,2015,2016,2017,2018,2019",,,,"2014,2015,2016,2017",2025,WARN,"s2_missing_years(2014,2015,2016,2017,2018,2019)|s1_asc_missing_years(2014,2015,2022,2023,2024)|s1_desc_missing_years(2014,2015,2016)|cm_missing_years(2014,2015,2016,2017,2018,2019)|INFO_sif_missing_years(2014,2015,2016,2017)|INFO_twsa_missing_years(2025)"
ISMN_SNOTEL_BenLomondPeak,sm_only,oos,20140101,20200520,True,True,True,True,True,True,True,True,True,True,True,True,False,218,325,0,100.0,"2014,2015","2014,2015","2014,2015,2016","2014,2015",,,,"2014,2015,2016,2017",,WARN,"s2_missing_years(2014,2015)|s1_asc_missing_years(2014,2015)|s1_desc_missing_years(2014,2015,2016)|cm_missing_years(2014,2015)|INFO_sif_missing_years(2014,2015,2016,2017)"
ISMN_SNOTEL_BenLomondTrail,sm_only,oos,20140101,20200803,True,True,True,True,True,True,True,True,True,True,True,True,False,226,351,0,100.0,"2014,2015","2014,2015","2014,2015,2016","2014,2015",,,,"2014,2015,2016,2017",,WARN,"s2_missing_years(2014,2015)|s1_asc_missing_years(2014,2015)|s1_desc_missing_years(2014,2015,2016)|cm_missing_years(2014,2015)|INFO_sif_missing_years(2014,2015,2016,2017)"
ISMN_SNOTEL_BerryCreek,sm_only,train,20140101,20251230,True,True,True,True,True,True,True,True,True,True,True,True,False,624,1083,0,100.0,"2014,2015","2014,2015,2022,2023,2024","2014,2015,2016,2018,2019,2020","2014,2015",,,,"2014,2015,2016,2017",2025,WARN,"s2_missing_years(2014,2015)|s1_asc_missing_years(2014,2015,2022,2023,2024)|s1_desc_missing_years(2014,2015,2016,2018,2019,2020)|cm_missing_years(2014,2015)|INFO_sif_missing_years(2014,2015,2016,2017)|INFO_twsa_missing_years(2025)"
ISMN_SNOTEL_BerthoudSummit,sm_only,train,20170629,20230920,True,True,True,True,True,True,True,True,True,True,True,True,False,205,375,0,100.0,,,,,,,,2017,,OK,INFO_sif_missing_years(2017)
ISMN_SNOTEL_BevansCabin,sm_only,val,20140101,20220929,True,True,True,True,True,True,True,True,True,True,True,True,False,383,597,0,100.0,"2014,2015","2014,2015,2022","2014,2015,2016","2014,2015",,,,"2014,2015,2016,2017",,WARN,"s2_missing_years(2014,2015)|s1_asc_missing_years(2014,2015,2022)|s1_desc_missing_years(2014,2015,2016)|cm_missing_years(2014,2015)|INFO_sif_missing_years(2014,2015,2016,2017)"
ISMN_SNOTEL_BigBend,sm_only,oos,20140101,20251230,True,True,True,True,True,True,True,False,False,False,False,True,False,306,535,0,100.0,"2014,2015","2014,2015","2014,2015,2016","2014,2015",,,,,,CRITICAL,"MISSING_soil|MISSING_era5|INFO_no_sif|INFO_no_twsa|s2_missing_years(2014,2015)|s1_asc_missing_years(2014,2015)|s1_desc_missing_years(2014,2015,2016)|cm_missing_years(2014,2015)"
ISMN_SNOTEL_BigCreekSum,sm_only,oos,20140101,20251230,True,True,True,True,True,True,True,True,True,True,True,True,False,157,1007,0,100.0,"2014,2015,2020,2021,2022,2023,2024,2025","2014,2015","2014,2015,2016","2014,2015",,,,"2014,2015,2016,2017",2025,WARN,"s2_missing_years(2014,2015,2020,2021,2022,2023,2024,2025)|s1_asc_missing_years(2014,2015)|s1_desc_missing_years(2014,2015,2016)|cm_missing_years(2014,2015)|INFO_sif_missing_years(2014,2015,2016,2017)|INFO_twsa_missing_years(2025)"
ISMN_SNOTEL_BigFlat,sm_only,oos,20140101,20251230,True,True,True,True,True,True,True,False,False,False,False,True,False,331,529,0,100.0,"2014,2015","2014,2015,2022,2023,2024","2014,2015,2016","2014,2015",,,,,,CRITICAL,"MISSING_soil|MISSING_era5|INFO_no_sif|INFO_no_twsa|s2_missing_years(2014,2015)|s1_asc_missing_years(2014,2015,2022,2023,2024)|s1_desc_missing_years(2014,2015,2016)|cm_missing_years(2014,2015)"
ISMN_SNOTEL_BigMeadow,sm_only,train,20140101,20250201,True,True,True,True,True,True,True,False,False,False,False,True,False,689,954,0,100.0,"2014,2015","2014,2015","2014,2015,2016","2014,2015",,,,,,CRITICAL,"MISSING_soil|MISSING_era5|INFO_no_sif|INFO_no_twsa|s2_missing_years(2014,2015)|s1_asc_missing_years(2014,2015)|s1_desc_missing_years(2014,2015,2016)|cm_missing_years(2014,2015)"
ISMN_SNOTEL_BigSandyOpening,sm_only,train,20140101,20210811,True,True,True,True,True,True,True,False,False,False,False,True,False,313,503,0,100.0,"2014,2015","2014,2015","2014,2015,2016","2014,2015",,,,,,CRITICAL,"MISSING_soil|MISSING_era5|INFO_no_sif|INFO_no_twsa|s2_missing_years(2014,2015)|s1_asc_missing_years(2014,2015)|s1_desc_missing_years(2014,2015,2016)|cm_missing_years(2014,2015)"
ISMN_SNOTEL_BirdCreek,sm_only,oos,20140101,20201210,True,True,True,True,True,True,True,False,False,False,False,True,False,316,468,0,100.0,"2014,2015","2014,2015","2014,2015,2016,2018,2019,2020","2014,2015",,,,,,CRITICAL,"MISSING_soil|MISSING_era5|INFO_no_sif|INFO_no_twsa|s2_missing_years(2014,2015)|s1_asc_missing_years(2014,2015)|s1_desc_missing_years(2014,2015,2016,2018,2019,2020)|cm_missing_years(2014,2015)"
ISMN_SNOTEL_BlackFlat-U.M.Ck,sm_only,train,20140101,20251230,True,True,True,True,True,True,True,True,True,True,False,True,False,332,332,0,100.0,"2014,2015","2014,2015,2022,2023,2024","2014,2015,2016","2014,2015",,,,"2014,2015,2016,2017",,WARN,"INFO_no_twsa|s2_missing_years(2014,2015)|s1_asc_missing_years(2014,2015,2022,2023,2024)|s1_desc_missing_years(2014,2015,2016)|cm_missing_years(2014,2015)|INFO_sif_missing_years(2014,2015,2016,2017)"
ISMN_SNOTEL_BlackhallMtn,sm_only,train,20140101,20251230,True,True,True,True,True,True,True,False,False,False,False,True,False,380,976,0,100.0,"2014,2015","2014,2015","2014,2015,2016","2014,2015",,,,,,CRITICAL,"MISSING_soil|MISSING_era5|INFO_no_sif|INFO_no_twsa|s2_missing_years(2014,2015)|s1_asc_missing_years(2014,2015)|s1_desc_missing_years(2014,2015,2016)|cm_missing_years(2014,2015)"
ISMN_SNOTEL_BlacksForkJct,sm_only,oos,20140101,20251230,True,True,True,True,True,True,True,False,False,False,False,True,False,279,517,0,100.0,"2014,2015","2014,2015,2022,2023,2024","2014,2015,2016","2014,2015",,,,,,CRITICAL,"MISSING_soil|MISSING_era5|INFO_no_sif|INFO_no_twsa|s2_missing_years(2014,2015)|s1_asc_missing_years(2014,2015,2022,2023,2024)|s1_desc_missing_years(2014,2015,2016)|cm_missing_years(2014,2015)"
ISMN_SNOTEL_BlazedAlder,sm_only,val,20220831,20251230,True,True,True,True,True,True,True,False,True,False,False,True,False,85,125,0,100.0,,,,,,,,,,CRITICAL,MISSING_soil|INFO_no_sif|INFO_no_twsa
ISMN_SNOTEL_BlueLakes,sm_only,train,20140101,20251230,True,True,True,True,True,True,True,False,False,False,False,True,False,731,956,0,100.0,"2014,2015,2016,2017","2014,2015","2014,2015","2014,2015,2016,2017",,,,,,CRITICAL,"MISSING_soil|MISSING_era5|INFO_no_sif|INFO_no_twsa|s2_missing_years(2014,2015,2016,2017)|s1_asc_missing_years(2014,2015)|s1_desc_missing_years(2014,2015)|cm_missing_years(2014,2015,2016,2017)"
ISMN_SNOTEL_BobsHollow,sm_only,train,20161006,20251230,True,True,True,True,True,True,True,False,False,False,False,True,False,153,496,0,100.0,"2016,2017","2022,2023,2024",2016,"2016,2017",,,,,,CRITICAL,"MISSING_soil|MISSING_era5|INFO_no_sif|INFO_no_twsa|s2_missing_years(2016,2017)|s1_asc_missing_years(2022,2023,2024)|s1_desc_missing_years(2016)|cm_missing_years(2016,2017)"
ISMN_SNOTEL_BogusBasin,sm_only,oos,20140101,20251230,True,True,True,True,True,True,True,False,False,False,False,True,False,381,543,0,100.0,"2014,2015,2016,2017,2018,2019","2014,2015","2014,2015,2016","2014,2015,2016,2017,2018,2019",,,,,,CRITICAL,"MISSING_soil|MISSING_era5|INFO_no_sif|INFO_no_twsa|s2_missing_years(2014,2015,2016,2017,2018,2019)|s1_asc_missing_years(2014,2015)|s1_desc_missing_years(2014,2015,2016)|cm_missing_years(2014,2015,2016,2017,2018,2019)"
ISMN_SNOTEL_BostetterR.S.,sm_only,oos,20150807,20251230,True,True,True,True,True,True,True,False,False,False,False,True,False,570,971,0,100.0,2015,2015,"2015,2016,2018,2019,2020",2015,,,,,,CRITICAL,"MISSING_soil|MISSING_era5|INFO_no_sif|INFO_no_twsa|s2_missing_years(2015)|s1_asc_missing_years(2015)|s1_desc_missing_years(2015,2016,2018,2019,2020)|cm_missing_years(2015)"
ISMN_SNOTEL_Bourne,sm_only,train,20210602,20251230,True,True,True,True,True,True,True,False,False,False,False,True,False,306,485,0,100.0,,"2022,2023,2024",,,,,,,,CRITICAL,"MISSING_soil|MISSING_era5|INFO_no_sif|INFO_no_twsa|s1_asc_missing_years(2022,2023,2024)"
ISMN_SNOTEL_BoxCreek,sm_only,train,20210930,20251230,True,True,True,True,True,True,True,False,True,False,False,True,False,162,267,0,100.0,,"2022,2023,2024",,,,,,,,CRITICAL,"MISSING_soil|INFO_no_sif|INFO_no_twsa|s1_asc_missing_years(2022,2023,2024)"
ISMN_SNOTEL_BoxSprings,sm_only,train,20140101,20200416,True,True,True,True,True,True,True,True,True,True,True,True,False,114,172,0,100.0,"2014,2015","2014,2015,2018,2019,2020","2014,2015,2016,2018,2019,2020","2014,2015",,,,"2014,2015,2016,2017",,WARN,"s2_missing_years(2014,2015)|s1_asc_missing_years(2014,2015,2018,2019,2020)|s1_desc_missing_years(2014,2015,2016,2018,2019,2020)|cm_missing_years(2014,2015)|INFO_sif_missing_years(2014,2015,2016,2017)"
ISMN_SNOTEL_BrianHead,sm_only,oos,20140101,20251230,True,True,True,True,True,True,True,False,False,False,False,True,False,672,1067,0,100.0,"2014,2015","2014,2015,2022,2023,2024","2014,2015,2016","2014,2015",,,,,,CRITICAL,"MISSING_soil|MISSING_era5|INFO_no_sif|INFO_no_twsa|s2_missing_years(2014,2015)|s1_asc_missing_years(2014,2015,2022,2023,2024)|s1_desc_missing_years(2014,2015,2016)|cm_missing_years(2014,2015)"
ISMN_SNOTEL_Brighton,sm_only,train,20150720,20251230,True,True,True,True,True,True,True,True,True,True,True,True,False,463,988,0,100.0,2015,"2015,2022,2023,2024","2015,2016",2015,,,,"2015,2016,2017",2025,WARN,"s2_missing_years(2015)|s1_asc_missing_years(2015,2022,2023,2024)|s1_desc_missing_years(2015,2016)|cm_missing_years(2015)|INFO_sif_missing_years(2015,2016,2017)|INFO_twsa_missing_years(2025)"
ISMN_SNOTEL_BristleconeTrail,sm_only,train,20140101,20251230,True,True,True,True,True,True,True,False,False,False,False,True,False,788,1062,0,100.0,"2014,2015","2014,2015,2022,2023,2024","2014,2015,2016","2014,2015",,,,,,CRITICAL,"MISSING_soil|MISSING_era5|INFO_no_sif|INFO_no_twsa|s2_missing_years(2014,2015)|s1_asc_missing_years(2014,2015,2022,2023,2024)|s1_desc_missing_years(2014,2015,2016)|cm_missing_years(2014,2015)"
ISMN_SNOTEL_BrooklynLake,sm_only,train,20180731,20241003,True,True,True,True,True,True,True,False,False,False,False,True,False,219,350,0,100.0,,,,,,,,,,CRITICAL,MISSING_soil|MISSING_era5|INFO_no_sif|INFO_no_twsa
ISMN_SNOTEL_BrownDuck,sm_only,train,20140922,20200916,True,True,True,True,True,True,True,True,True,True,False,True,False,126,126,0,100.0,"2014,2015","2014,2015","2014,2015,2016","2014,2015",,,,"2014,2015,2016,2017",,WARN,"INFO_no_twsa|s2_missing_years(2014,2015)|s1_asc_missing_years(2014,2015)|s1_desc_missing_years(2014,2015,2016)|cm_missing_years(2014,2015)|INFO_sif_missing_years(2014,2015,2016,2017)"
ISMN_SNOTEL_BrownTop,sm_only,train,20210916,20250922,True,True,True,True,True,True,True,False,True,False,False,True,False,191,309,0,100.0,,,,,,,,,,CRITICAL,MISSING_soil|INFO_no_sif|INFO_no_twsa
ISMN_SNOTEL_BuckFlat,sm_only,train,20140101,20251230,True,True,True,True,True,True,True,False,False,False,False,True,False,334,523,0,100.0,"2014,2015","2014,2015,2022,2023,2024","2014,2015,2016","2014,2015",,,,,,CRITICAL,"MISSING_soil|MISSING_era5|INFO_no_sif|INFO_no_twsa|s2_missing_years(2014,2015)|s1_asc_missing_years(2014,2015,2022,2023,2024)|s1_desc_missing_years(2014,2015,2016)|cm_missing_years(2014,2015)"
ISMN_SNOTEL_BuckPasture,sm_only,train,20140101,20250817,True,True,True,True,True,True,True,False,False,False,False,True,False,246,491,0,100.0,"2014,2015","2014,2015,2022,2023,2024","2014,2015,2016","2014,2015",,,,,,CRITICAL,"MISSING_soil|MISSING_era5|INFO_no_sif|INFO_no_twsa|s2_missing_years(2014,2015)|s1_asc_missing_years(2014,2015,2022,2023,2024)|s1_desc_missing_years(2014,2015,2016)|cm_missing_years(2014,2015)"
ISMN_SNOTEL_BuckboardFlat,sm_only,oos,20140101,20251230,True,True,True,True,True,True,True,True,True,True,True,True,False,358,563,0,100.0,"2014,2015","2014,2015,2022,2023,2024,2025","2014,2015,2016,2025","2014,2015",,,,"2014,2015,2016,2017",2025,WARN,"s2_missing_years(2014,2015)|s1_asc_missing_years(2014,2015,2022,2023,2024,2025)|s1_desc_missing_years(2014,2015,2016,2025)|cm_missing_years(2014,2015)|INFO_sif_missing_years(2014,2015,2016,2017)|INFO_twsa_missing_years(2025)"
ISMN_SNOTEL_Buckinghorse,sm_only,train,20201002,20251230,True,True,True,True,True,True,True,False,False,False,False,True,False,142,219,0,100.0,,,,,,,,,,CRITICAL,MISSING_soil|MISSING_era5|INFO_no_sif|INFO_no_twsa
ISMN_SNOTEL_BuckskinJoe,sm_only,val,20140101,20210928,True,True,True,True,True,True,True,False,False,False,False,True,False,167,287,0,100.0,"2014,2015","2014,2015","2014,2015,2016","2014,2015",,,,,,CRITICAL,"MISSING_soil|MISSING_era5|INFO_no_sif|INFO_no_twsa|s2_missing_years(2014,2015)|s1_asc_missing_years(2014,2015)|s1_desc_missing_years(2014,2015,2016)|cm_missing_years(2014,2015)"
ISMN_SNOTEL_BuckskinLower,sm_only,train,20140101,20250530,True,True,True,True,True,True,True,False,False,False,False,True,False,330,443,0,100.0,"2014,2015","2014,2015,2022,2023,2024","2014,2015,2016","2014,2015",,,,,,CRITICAL,"MISSING_soil|MISSING_era5|INFO_no_sif|INFO_no_twsa|s2_missing_years(2014,2015)|s1_asc_missing_years(2014,2015,2022,2023,2024)|s1_desc_missing_years(2014,2015,2016)|cm_missing_years(2014,2015)"
ISMN_SNOTEL_BugLake,sm_only,train,20140101,20251230,True,True,True,True,True,True,True,False,False,False,False,True,False,605,938,0,100.0,"2014,2015","2014,2015,2022,2023,2024","2014,2015,2016","2014,2015",,,,,,CRITICAL,"MISSING_soil|MISSING_era5|INFO_no_sif|INFO_no_twsa|s2_missing_years(2014,2015)|s1_asc_missing_years(2014,2015,2022,2023,2024)|s1_desc_missing_years(2014,2015,2016)|cm_missing_years(2014,2015)"
ISMN_SNOTEL_BurntMountain,sm_only,train,20201015,20251230,True,True,True,True,True,True,True,False,True,False,False,True,False,214,374,0,100.0,,,,,,,,,,CRITICAL,MISSING_soil|INFO_no_sif|INFO_no_twsa
ISMN_SNOTEL_BurroMountain,sm_only,val,20200509,20251230,True,True,True,True,True,True,True,False,False,False,False,True,False,385,679,0,100.0,,,,,,,,,,CRITICAL,MISSING_soil|MISSING_era5|INFO_no_sif|INFO_no_twsa
ISMN_SNOTEL_BurtsMillerRanch,sm_only,oos,20190424,20251230,True,True,True,True,True,True,True,False,True,False,False,True,False,245,407,0,100.0,,"2022,2023,2024",,,,,,,,CRITICAL,"MISSING_soil|INFO_no_sif|INFO_no_twsa|s1_asc_missing_years(2022,2023,2024)"
ISMN_SNOTEL_Butte,sm_only,train,20170816,20251230,True,True,True,True,True,True,True,False,False,False,False,True,False,315,503,0,100.0,,,,,,,,,,CRITICAL,MISSING_soil|MISSING_era5|INFO_no_sif|INFO_no_twsa
ISMN_SNOTEL_CampJackson,sm_only,train,20180704,20251230,True,True,True,True,True,True,True,False,False,False,False,True,False,313,476,0,100.0,,"2022,2023,2024",,,,,,,,CRITICAL,"MISSING_soil|MISSING_era5|INFO_no_sif|INFO_no_twsa|s1_asc_missing_years(2022,2023,2024)"
ISMN_SNOTEL_CarsonPass,sm_only,train,20140101,20230929,True,True,True,True,True,True,True,True,True,True,True,True,False,246,786,0,100.0,"2014,2015,2021,2022,2023","2014,2015","2014,2015","2014,2015",,,,"2014,2015,2016,2017",,WARN,"s2_missing_years(2014,2015,2021,2022,2023)|s1_asc_missing_years(2014,2015)|s1_desc_missing_years(2014,2015)|cm_missing_years(2014,2015)|INFO_sif_missing_years(2014,2015,2016,2017)"
ISMN_SNOTEL_Cascade#2,sm_only,train,20140101,20210614,True,True,True,True,True,True,True,False,False,False,False,True,False,294,489,0,100.0,"2014,2015","2014,2015","2014,2015,2016","2014,2015",,,,,,CRITICAL,"MISSING_soil|MISSING_era5|INFO_no_sif|INFO_no_twsa|s2_missing_years(2014,2015)|s1_asc_missing_years(2014,2015)|s1_desc_missing_years(2014,2015,2016)|cm_missing_years(2014,2015)"
ISMN_SNOTEL_CascadeMountain,sm_only,train,20140101,20210214,True,True,True,True,True,True,True,False,True,False,False,True,False,138,205,0,100.0,"2014,2015","2014,2015","2014,2015,2016","2014,2015",,,,,,CRITICAL,"MISSING_soil|INFO_no_sif|INFO_no_twsa|s2_missing_years(2014,2015)|s1_asc_missing_years(2014,2015)|s1_desc_missing_years(2014,2015,2016)|cm_missing_years(2014,2015)"
ISMN_SNOTEL_CastleValley,sm_only,train,20180717,20251230,True,True,True,True,True,True,True,False,False,False,False,True,False,593,898,0,100.0,,"2022,2023,2024",,,,,,,,CRITICAL,"MISSING_soil|MISSING_era5|INFO_no_sif|INFO_no_twsa|s1_asc_missing_years(2022,2023,2024)"
ISMN_SNOTEL_CaveMountain,sm_only,train,20140101,20251230,True,True,True,True,True,True,True,True,True,True,False,True,False,649,649,0,100.0,"2014,2015","2014,2015,2022,2023,2024","2014,2015,2016,2018,2019,2020","2014,2015",,,,"2014,2015,2016,2017",,WARN,"INFO_no_twsa|s2_missing_years(2014,2015)|s1_asc_missing_years(2014,2015,2022,2023,2024)|s1_desc_missing_years(2014,2015,2016,2018,2019,2020)|cm_missing_years(2014,2015)|INFO_sif_missing_years(2014,2015,2016,2017)"
ISMN_SNOTEL_Chalender,sm_only,train,20140101,20230616,True,True,True,True,True,True,True,False,False,False,False,True,False,292,402,0,100.0,"2014,2015","2014,2015,2022,2023","2014,2015,2016","2014,2015",,,,,,CRITICAL,"MISSING_soil|MISSING_era5|INFO_no_sif|INFO_no_twsa|s2_missing_years(2014,2015)|s1_asc_missing_years(2014,2015,2022,2023)|s1_desc_missing_years(2014,2015,2016)|cm_missing_years(2014,2015)"
ISMN_SNOTEL_ChalkCreek#1,sm_only,oos,20140101,20251230,True,True,True,True,True,True,True,False,False,False,False,True,False,302,483,0,100.0,"2014,2015","2014,2015,2022,2023,2024","2014,2015,2016","2014,2015",,,,,,CRITICAL,"MISSING_soil|MISSING_era5|INFO_no_sif|INFO_no_twsa|s2_missing_years(2014,2015)|s1_asc_missing_years(2014,2015,2022,2023,2024)|s1_desc_missing_years(2014,2015,2016)|cm_missing_years(2014,2015)"
ISMN_SNOTEL_ChalkCreek#2,sm_only,train,20140101,20230507,True,True,True,True,True,True,True,False,False,False,False,True,False,211,329,0,100.0,"2014,2015","2014,2015,2022,2023","2014,2015,2016","2014,2015",,,,,,CRITICAL,"MISSING_soil|MISSING_era5|INFO_no_sif|INFO_no_twsa|s2_missing_years(2014,2015)|s1_asc_missing_years(2014,2015,2022,2023)|s1_desc_missing_years(2014,2015,2016)|cm_missing_years(2014,2015)"
ISMN_SNOTEL_Chepeta,sm_only,train,20140101,20251230,True,True,True,True,True,True,True,False,False,False,False,True,False,509,849,0,100.0,"2014,2015,2016,2017","2014,2015,2022,2024","2014,2015,2016","2014,2015,2016,2017",,,,,,CRITICAL,"MISSING_soil|MISSING_era5|INFO_no_sif|INFO_no_twsa|s2_missing_years(2014,2015,2016,2017)|s1_asc_missing_years(2014,2015,2022,2024)|s1_desc_missing_years(2014,2015,2016)|cm_missing_years(2014,2015,2016,2017)"
ISMN_SNOTEL_Chisana,sm_only,train,20180801,20251230,True,True,True,True,True,True,True,False,False,False,False,True,False,314,605,0,100.0,,,,,,,,,,CRITICAL,MISSING_soil|MISSING_era5|INFO_no_sif|INFO_no_twsa
ISMN_SNOTEL_ChocolateGulch,sm_only,train,20140101,20200719,True,True,True,True,True,True,True,True,True,True,True,True,False,36,221,0,100.0,"2014,2015,2018,2019,2020","2014,2015","2014,2015,2016","2014,2015",,,,"2014,2015,2016,2017",,WARN,"s2_missing_years(2014,2015,2018,2019,2020)|s1_asc_missing_years(2014,2015)|s1_desc_missing_years(2014,2015,2016)|cm_missing_years(2014,2015)|INFO_sif_missing_years(2014,2015,2016,2017)"
ISMN_SNOTEL_CinnabarPark,sm_only,train,20140101,20201004,True,True,True,True,True,True,True,False,False,False,False,True,False,113,192,0,100.0,"2014,2015","2014,2015","2014,2015,2016","2014,2015",,,,,,CRITICAL,"MISSING_soil|MISSING_era5|INFO_no_sif|INFO_no_twsa|s2_missing_years(2014,2015)|s1_asc_missing_years(2014,2015)|s1_desc_missing_years(2014,2015,2016)|cm_missing_years(2014,2015)"
ISMN_SNOTEL_ClackamasLake,sm_only,train,20201111,20251230,True,True,True,True,True,True,True,False,False,False,False,True,False,147,235,0,100.0,,,,,,,,,,CRITICAL,MISSING_soil|MISSING_era5|INFO_no_sif|INFO_no_twsa
ISMN_SNOTEL_ClaytonSprings,sm_only,oos,20141002,20221022,True,True,True,True,True,True,True,False,False,False,False,True,False,217,324,0,100.0,"2014,2015","2014,2015,2022","2014,2015,2016","2014,2015",,,,,,CRITICAL,"MISSING_soil|MISSING_era5|INFO_no_sif|INFO_no_twsa|s2_missing_years(2014,2015)|s1_asc_missing_years(2014,2015,2022)|s1_desc_missing_years(2014,2015,2016)|cm_missing_years(2014,2015)"
ISMN_SNOTEL_ClearCreek#1,sm_only,train,20140828,20251230,True,True,True,True,True,True,True,False,False,False,False,True,False,188,296,0,100.0,"2014,2015,2016,2017,2018,2019,2020","2014,2015,2022,2023,2024","2014,2015,2016","2014,2015,2016,2017,2018,2019,2020",,,,,,CRITICAL,"MISSING_soil|MISSING_era5|INFO_no_sif|INFO_no_twsa|s2_missing_years(2014,2015,2016,2017,2018,2019,2020)|s1_asc_missing_years(2014,2015,2022,2023,2024)|s1_desc_missing_years(2014,2015,2016)|cm_missing_years(2014,2015,2016,2017,2018,2019,2020)"
ISMN_SNOTEL_ClearCreek#2,sm_only,train,20140101,20251230,True,True,True,True,True,True,True,False,False,False,False,True,False,188,296,0,100.0,"2014,2015,2016,2017,2018,2019,2020","2014,2015,2022,2023,2024","2014,2015,2016","2014,2015,2016,2017,2018,2019,2020",,,,,,CRITICAL,"MISSING_soil|MISSING_era5|INFO_no_sif|INFO_no_twsa|s2_missing_years(2014,2015,2016,2017,2018,2019,2020)|s1_asc_missing_years(2014,2015,2022,2023,2024)|s1_desc_missing_years(2014,2015,2016)|cm_missing_years(2014,2015,2016,2017,2018,2019,2020)"
ISMN_SNOTEL_Coldfoot,sm_only,train,20140101,20251230,True,True,True,True,True,True,True,False,True,False,False,True,False,50,82,0,100.0,"2014,2015,2016,2017,2018,2019,2020,2021,2022,2023","2014,2015","2014,2015,2016","2014,2015,2016,2017,2018,2019,2020,2021,2022,2023",,,,,,CRITICAL,"MISSING_soil|INFO_no_sif|INFO_no_twsa|s2_missing_years(2014,2015,2016,2017,2018,2019,2020,2021,2022,2023)|s1_asc_missing_years(2014,2015)|s1_desc_missing_years(2014,2015,2016)|cm_missing_years(2014,2015,2016,2017,2018,2019,2020,2021,2022,2023)"
ISMN_SNOTEL_CorralCanyon,sm_only,train,20170504,20251230,True,True,True,True,True,True,True,False,False,False,False,True,False,336,490,0,100.0,,"2022,2023,2024",,,,,,,,CRITICAL,"MISSING_soil|MISSING_era5|INFO_no_sif|INFO_no_twsa|s1_asc_missing_years(2022,2023,2024)"
ISMN_SNOTEL_CouchSummit,sm_only,train,20211014,20251230,True,True,True,True,True,True,True,True,True,True,True,True,False,174,241,0,100.0,,,,,,,,,2025,OK,INFO_twsa_missing_years(2025)
ISMN_SNOTEL_CrabCreek,sm_only,train,20140101,20251230,True,True,True,True,True,True,True,True,True,True,True,True,False,219,421,0,100.0,"2014,2015","2014,2015,2022,2023,2024","2014,2015,2016","2014,2015",,,,"2014,2015,2016,2017",2025,WARN,"s2_missing_years(2014,2015)|s1_asc_missing_years(2014,2015,2022,2023,2024)|s1_desc_missing_years(2014,2015,2016)|cm_missing_years(2014,2015)|INFO_sif_missing_years(2014,2015,2016,2017)|INFO_twsa_missing_years(2025)"
ISMN_SNOTEL_CraterMeadows,sm_only,train,20140101,20180505,True,True,True,True,True,True,True,True,True,True,True,True,False,64,121,0,100.0,"2014,2015","2014,2015","2014,2015,2016","2014,2015",,,,"2014,2015,2016,2017",,WARN,"s2_missing_years(2014,2015)|s1_asc_missing_years(2014,2015)|s1_desc_missing_years(2014,2015,2016)|cm_missing_years(2014,2015)|INFO_sif_missing_years(2014,2015,2016,2017)"
ISMN_SNOTEL_CrowCreek,sm_only,oos,20160517,20251230,True,True,True,True,True,True,True,True,True,True,True,True,False,327,518,0,100.0,,,2016,,,,,"2016,2017",2025,WARN,"s1_desc_missing_years(2016)|INFO_sif_missing_years(2016,2017)|INFO_twsa_missing_years(2025)"
ISMN_SNOTEL_CssLab,sm_only,oos,20140101,20251230,True,True,True,True,True,True,True,True,True,True,True,True,False,831,1081,0,100.0,"2014,2015","2014,2015","2014,2015,2016","2014,2015",,,,"2014,2015,2016,2017",2025,WARN,"s2_missing_years(2014,2015)|s1_asc_missing_years(2014,2015)|s1_desc_missing_years(2014,2015,2016)|cm_missing_years(2014,2015)|INFO_sif_missing_years(2014,2015,2016,2017)|INFO_twsa_missing_years(2025)"
ISMN_SNOTEL_Culebra#2,sm_only,train,20180107,20251230,True,True,True,True,True,True,True,True,True,True,True,True,False,499,912,0,100.0,,,,,,,,,2025,OK,INFO_twsa_missing_years(2025)
ISMN_SNOTEL_CurrantCreek,sm_only,train,20140101,20251022,True,True,True,True,True,True,True,True,True,True,True,True,False,324,483,0,100.0,"2014,2015","2014,2015,2022,2023,2024","2014,2015,2016","2014,2015",,,,"2014,2015,2016,2017",2025,WARN,"s2_missing_years(2014,2015)|s1_asc_missing_years(2014,2015,2022,2023,2024)|s1_desc_missing_years(2014,2015,2016)|cm_missing_years(2014,2015)|INFO_sif_missing_years(2014,2015,2016,2017)|INFO_twsa_missing_years(2025)"
ISMN_SNOTEL_Daniels-Strawberry,sm_only,train,20140101,20251230,True,True,True,True,True,True,True,True,True,True,True,True,False,335,495,0,100.0,"2014,2015","2014,2015,2022,2023,2024","2014,2015,2016","2014,2015",,,,"2014,2015,2016,2017",2025,WARN,"s2_missing_years(2014,2015)|s1_asc_missing_years(2014,2015,2022,2023,2024)|s1_desc_missing_years(2014,2015,2016)|cm_missing_years(2014,2015)|INFO_sif_missing_years(2014,2015,2016,2017)|INFO_twsa_missing_years(2025)"
ISMN_SNOTEL_DillsCamp,sm_only,oos,20150827,20251230,True,True,True,True,True,True,True,True,True,True,True,True,False,351,522,0,100.0,2015,"2015,2022,2023,2024","2015,2016",2015,,,,"2015,2016,2017",2025,WARN,"s2_missing_years(2015)|s1_asc_missing_years(2015,2022,2023,2024)|s1_desc_missing_years(2015,2016)|cm_missing_years(2015)|INFO_sif_missing_years(2015,2016,2017)|INFO_twsa_missing_years(2025)"
ISMN_SNOTEL_DisasterPeak,sm_only,train,20140101,20251230,True,True,True,True,True,True,True,True,True,True,True,True,False,368,527,0,100.0,"2014,2015","2014,2015","2014,2015,2016","2014,2015",,,,"2014,2015,2016,2017",2025,WARN,"s2_missing_years(2014,2015)|s1_asc_missing_years(2014,2015)|s1_desc_missing_years(2014,2015,2016)|cm_missing_years(2014,2015)|INFO_sif_missing_years(2014,2015,2016,2017)|INFO_twsa_missing_years(2025)"
ISMN_SNOTEL_DonkeyReservoir,sm_only,val,20140101,20251230,True,True,True,True,True,True,True,True,True,True,True,True,False,331,535,0,100.0,"2014,2015","2014,2015,2022,2023,2024","2014,2015,2016","2014,2015",,,,"2014,2015,2016,2017",2025,WARN,"s2_missing_years(2014,2015)|s1_asc_missing_years(2014,2015,2022,2023,2024)|s1_desc_missing_years(2014,2015,2016)|cm_missing_years(2014,2015)|INFO_sif_missing_years(2014,2015,2016,2017)|INFO_twsa_missing_years(2025)"
ISMN_SNOTEL_DorseyBasin,sm_only,train,20140101,20251230,True,True,True,True,True,True,True,True,True,True,True,True,False,306,511,0,100.0,"2014,2015","2014,2015,2022,2023,2024","2014,2015,2016","2014,2015",,,,"2014,2015,2016,2017",2025,WARN,"s2_missing_years(2014,2015)|s1_asc_missing_years(2014,2015,2022,2023,2024)|s1_desc_missing_years(2014,2015,2016)|cm_missing_years(2014,2015)|INFO_sif_missing_years(2014,2015,2016,2017)|INFO_twsa_missing_years(2025)"
ISMN_SNOTEL_DrawCreek,sm_only,train,20140101,20251230,True,True,True,True,True,True,True,True,True,True,True,True,False,324,495,0,100.0,"2014,2015","2014,2015,2022,2023,2024","2014,2015,2016","2014,2015",,,,"2014,2015,2016,2017",2025,WARN,"s2_missing_years(2014,2015)|s1_asc_missing_years(2014,2015,2022,2023,2024)|s1_desc_missing_years(2014,2015,2016)|cm_missing_years(2014,2015)|INFO_sif_missing_years(2014,2015,2016,2017)|INFO_twsa_missing_years(2025)"
ISMN_SNOTEL_DryBreadPond,sm_only,train,20140101,20251230,True,True,True,True,True,True,True,True,True,True,True,True,False,517,925,0,100.0,"2014,2015","2014,2015,2022,2023,2024","2014,2015,2016","2014,2015",,,,"2014,2015,2016,2017",2025,WARN,"s2_missing_years(2014,2015)|s1_asc_missing_years(2014,2015,2022,2023,2024)|s1_desc_missing_years(2014,2015,2016)|cm_missing_years(2014,2015)|INFO_sif_missing_years(2014,2015,2016,2017)|INFO_twsa_missing_years(2025)"
ISMN_SNOTEL_DryCreek,sm_only,train,20140101,20220920,True,True,True,True,True,True,True,True,True,True,True,True,False,202,309,0,100.0,"2014,2015","2014,2015,2022","2014,2015,2016","2014,2015",,,,"2014,2015,2016,2017",,WARN,"s2_missing_years(2014,2015)|s1_asc_missing_years(2014,2015,2022)|s1_desc_missing_years(2014,2015,2016)|cm_missing_years(2014,2015)|INFO_sif_missing_years(2014,2015,2016,2017)"
ISMN_SNOTEL_DryFork,sm_only,train,20140101,20251022,True,True,True,True,True,True,True,True,True,True,True,True,False,627,1042,0,100.0,"2014,2015","2014,2015,2022,2023,2024","2014,2015,2016","2014,2015",,,,"2014,2015,2016,2017",2025,WARN,"s2_missing_years(2014,2015)|s1_asc_missing_years(2014,2015,2022,2023,2024)|s1_desc_missing_years(2014,2015,2016)|cm_missing_years(2014,2015)|INFO_sif_missing_years(2014,2015,2016,2017)|INFO_twsa_missing_years(2025)"
ISMN_SNOTEL_DryLake,sm_only,train,20170826,20251230,True,True,True,True,True,True,True,True,True,True,True,True,False,622,965,0,100.0,,,,,,,,2017,2025,OK,INFO_sif_missing_years(2017)|INFO_twsa_missing_years(2025)
ISMN_SNOTEL_EFBlacksForkGS,sm_only,train,20140101,20251230,True,True,True,True,True,True,True,True,True,True,True,True,False,262,517,0,100.0,"2014,2015","2014,2015,2022,2023,2024","2014,2015,2016","2014,2015",,,,"2014,2015,2016,2017",2025,WARN,"s2_missing_years(2014,2015)|s1_asc_missing_years(2014,2015,2022,2023,2024)|s1_desc_missing_years(2014,2015,2016)|cm_missing_years(2014,2015)|INFO_sif_missing_years(2014,2015,2016,2017)|INFO_twsa_missing_years(2025)"
ISMN_SNOTEL_EagleSummit,sm_only,train,20200817,20250521,True,True,True,True,True,True,True,True,True,True,True,True,False,203,400,0,100.0,,,,,,,,,2025,OK,INFO_twsa_missing_years(2025)
ISMN_SNOTEL_EastRimDivide,sm_only,train,20140101,20251230,True,True,True,True,True,True,True,True,True,True,True,True,False,329,503,0,100.0,"2014,2015","2014,2015,2022,2023,2024","2014,2015,2016","2014,2015",,,,"2014,2015,2016,2017",2025,WARN,"s2_missing_years(2014,2015)|s1_asc_missing_years(2014,2015,2022,2023,2024)|s1_desc_missing_years(2014,2015,2016)|cm_missing_years(2014,2015)|INFO_sif_missing_years(2014,2015,2016,2017)|INFO_twsa_missing_years(2025)"
ISMN_SNOTEL_EastWillowCreek,sm_only,train,20140101,20251230,True,True,True,True,True,True,True,True,True,True,True,True,False,635,1028,0,100.0,"2014,2015","2014,2015","2014,2015,2016","2014,2015",,,,"2014,2015,2016,2017",2025,WARN,"s2_missing_years(2014,2015)|s1_asc_missing_years(2014,2015)|s1_desc_missing_years(2014,2015,2016)|cm_missing_years(2014,2015)|INFO_sif_missing_years(2014,2015,2016,2017)|INFO_twsa_missing_years(2025)"
ISMN_SNOTEL_EbbettsPass,sm_only,train,20140101,20220815,True,True,True,True,True,True,True,True,True,True,True,True,False,255,338,0,100.0,"2014,2015","2014,2015","2014,2015","2014,2015",,,,"2014,2015,2016,2017",,WARN,"s2_missing_years(2014,2015)|s1_asc_missing_years(2014,2015)|s1_desc_missing_years(2014,2015)|cm_missing_years(2014,2015)|INFO_sif_missing_years(2014,2015,2016,2017)"
ISMN_SNOTEL_EchoPeak,sm_only,oos,20180808,20251230,True,True,True,True,True,True,True,True,True,True,True,True,False,743,934,0,100.0,,,,,,,,,2025,OK,INFO_twsa_missing_years(2025)
ISMN_SNOTEL_ElkCabin,sm_only,oos,20150930,20201210,True,True,True,True,True,True,True,True,True,True,True,True,False,288,442,0,100.0,2015,2015,"2015,2016",2015,,,,"2015,2016,2017",,WARN,"s2_missing_years(2015)|s1_asc_missing_years(2015)|s1_desc_missing_years(2015,2016)|cm_missing_years(2015)|INFO_sif_missing_years(2015,2016,2017)"
ISMN_SNOTEL_ExitGlacier,sm_only,train,20151008,20251230,True,True,True,True,True,True,True,True,True,True,True,True,False,449,898,0,100.0,2015,"2015,2022,2023,2024","2015,2016",2015,,,,"2015,2016,2017",2025,WARN,"s2_missing_years(2015)|s1_asc_missing_years(2015,2022,2023,2024)|s1_desc_missing_years(2015,2016)|cm_missing_years(2015)|INFO_sif_missing_years(2015,2016,2017)|INFO_twsa_missing_years(2025)"
ISMN_SNOTEL_FallenLeaf,sm_only,oos,20210615,20251230,True,True,True,True,True,True,True,True,True,True,True,True,False,455,571,0,100.0,,,,,,,,,2025,OK,INFO_twsa_missing_years(2025)
ISMN_SNOTEL_Farmington,sm_only,oos,20140101,20251230,True,True,True,True,True,True,True,True,True,True,True,True,False,633,925,0,100.0,"2014,2015","2014,2015,2022,2023,2024","2014,2015,2016","2014,2015",,,,"2014,2015,2016,2017",2025,WARN,"s2_missing_years(2014,2015)|s1_asc_missing_years(2014,2015,2022,2023,2024)|s1_desc_missing_years(2014,2015,2016)|cm_missing_years(2014,2015)|INFO_sif_missing_years(2014,2015,2016,2017)|INFO_twsa_missing_years(2025)"
ISMN_SNOTEL_FarmingtonLower,sm_only,oos,20140101,20251022,True,True,True,True,True,True,True,True,True,True,True,True,False,657,912,0,100.0,"2014,2015","2014,2015,2022,2023,2024","2014,2015,2016","2014,2015",,,,"2014,2015,2016,2017",2025,WARN,"s2_missing_years(2014,2015)|s1_asc_missing_years(2014,2015,2022,2023,2024)|s1_desc_missing_years(2014,2015,2016)|cm_missing_years(2014,2015)|INFO_sif_missing_years(2014,2015,2016,2017)|INFO_twsa_missing_years(2025)"
ISMN_SNOTEL_FarnsworthLake,sm_only,train,20140101,20251230,True,True,True,True,True,True,True,True,True,True,True,True,False,318,565,0,100.0,"2014,2015","2014,2015,2022,2023,2024","2014,2015,2016","2014,2015",,,,"2014,2015,2016,2017",2025,WARN,"s2_missing_years(2014,2015)|s1_asc_missing_years(2014,2015,2022,2023,2024)|s1_desc_missing_years(2014,2015,2016)|cm_missing_years(2014,2015)|INFO_sif_missing_years(2014,2015,2016,2017)|INFO_twsa_missing_years(2025)"
ISMN_SNOTEL_FawnCreek,sm_only,train,20140101,20251230,True,True,True,True,True,True,True,True,True,True,True,True,False,318,483,0,100.0,"2014,2015","2014,2015","2014,2015,2016","2014,2015",,,,"2014,2015,2016,2017",2025,WARN,"s2_missing_years(2014,2015)|s1_asc_missing_years(2014,2015)|s1_desc_missing_years(2014,2015,2016)|cm_missing_years(2014,2015)|INFO_sif_missing_years(2014,2015,2016,2017)|INFO_twsa_missing_years(2025)"
ISMN_SNOTEL_FieldingLake,sm_only,train,20190830,20251230,True,True,True,True,True,True,True,True,True,True,True,True,False,224,432,0,100.0,,,,,,,,,2025,OK,INFO_twsa_missing_years(2025)
ISMN_SNOTEL_Fifteenmile,sm_only,train,20221006,20251230,True,True,True,True,True,True,True,True,True,True,True,True,False,101,154,0,100.0,,,,,,,,,2025,OK,INFO_twsa_missing_years(2025)
ISMN_SNOTEL_FishLakeUtah,sm_only,train,20140101,20251230,True,True,True,True,True,True,True,True,True,True,True,True,False,356,534,0,100.0,"2014,2015","2014,2015,2022,2023,2024","2014,2015,2016","2014,2015",,,,"2014,2015,2016,2017",2025,WARN,"s2_missing_years(2014,2015)|s1_asc_missing_years(2014,2015,2022,2023,2024)|s1_desc_missing_years(2014,2015,2016)|cm_missing_years(2014,2015)|INFO_sif_missing_years(2014,2015,2016,2017)|INFO_twsa_missing_years(2025)"
ISMN_SNOTEL_FivePointsLake,sm_only,train,20140101,20220618,True,True,True,True,True,True,True,True,True,True,True,True,False,176,296,0,100.0,"2014,2015","2014,2015,2022","2014,2015,2016","2014,2015",,,,"2014,2015,2016,2017",,WARN,"s2_missing_years(2014,2015)|s1_asc_missing_years(2014,2015,2022)|s1_desc_missing_years(2014,2015,2016)|cm_missing_years(2014,2015)|INFO_sif_missing_years(2014,2015,2016,2017)"
ISMN_SNOTEL_ForestdaleCreek,sm_only,oos,20140101,20251230,True,True,True,True,True,True,True,True,True,True,True,True,False,455,578,0,100.0,"2014,2015,2016,2017,2018,2019,2020","2014,2015","2014,2015","2014,2015,2016,2017,2018,2019,2020",,,,"2014,2015,2016,2017",2025,WARN,"s2_missing_years(2014,2015,2016,2017,2018,2019,2020)|s1_asc_missing_years(2014,2015)|s1_desc_missing_years(2014,2015)|cm_missing_years(2014,2015,2016,2017,2018,2019,2020)|INFO_sif_missing_years(2014,2015,2016,2017)|INFO_twsa_missing_years(2025)"
ISMN_SNOTEL_FranklinBasin,sm_only,oos,20140101,20251230,True,True,True,True,True,True,True,True,True,True,True,True,False,354,542,0,100.0,"2014,2015,2016,2017,2018,2019","2014,2015,2022,2023,2024","2014,2015,2016","2014,2015,2016,2017,2018,2019",,,,"2014,2015,2016,2017",2025,WARN,"s2_missing_years(2014,2015,2016,2017,2018,2019)|s1_asc_missing_years(2014,2015,2022,2023,2024)|s1_desc_missing_years(2014,2015,2016)|cm_missing_years(2014,2015,2016,2017,2018,2019)|INFO_sif_missing_years(2014,2015,2016,2017)|INFO_twsa_missing_years(2025)"
ISMN_SNOTEL_FredonyerPeak,sm_only,val,20161118,20251230,True,True,True,True,True,True,True,True,True,True,True,True,False,255,355,0,100.0,"2016,2017,2018,2019",,2016,"2016,2017,2018,2019",,,,"2016,2017",2025,WARN,"s2_missing_years(2016,2017,2018,2019)|s1_desc_missing_years(2016)|cm_missing_years(2016,2017,2018,2019)|INFO_sif_missing_years(2016,2017)|INFO_twsa_missing_years(2025)"
ISMN_SNOTEL_FremontPass,sm_only,train,20140101,20250606,True,True,True,True,True,True,True,True,True,True,True,True,False,217,350,0,100.0,"2014,2015,2016,2017,2018","2014,2015","2014,2015,2016","2014,2015,2016,2017,2018",,,,"2014,2015,2016,2017",2025,WARN,"s2_missing_years(2014,2015,2016,2017,2018)|s1_asc_missing_years(2014,2015)|s1_desc_missing_years(2014,2015,2016)|cm_missing_years(2014,2015,2016,2017,2018)|INFO_sif_missing_years(2014,2015,2016,2017)|INFO_twsa_missing_years(2025)"
ISMN_SNOTEL_FryCanyon,sm_only,train,20141009,20251230,True,True,True,True,True,True,True,True,True,True,True,True,False,235,334,0,100.0,"2014,2015,2016,2017,2018,2019","2014,2015,2022,2023,2024","2014,2015,2016","2014,2015,2016,2017,2018,2019",,,,"2014,2015,2016,2017",2025,WARN,"s2_missing_years(2014,2015,2016,2017,2018,2019)|s1_asc_missing_years(2014,2015,2022,2023,2024)|s1_desc_missing_years(2014,2015,2016)|cm_missing_years(2014,2015,2016,2017,2018,2019)|INFO_sif_missing_years(2014,2015,2016,2017)|INFO_twsa_missing_years(2025)"
ISMN_SNOTEL_GBRCHQ,sm_only,train,20140807,20251230,True,True,True,True,True,True,True,True,True,True,True,True,False,137,221,0,100.0,"2014,2015,2016,2017,2018,2019,2020,2021","2014,2015,2022,2023,2024","2014,2015,2016","2014,2015,2016,2017,2018,2019,2020,2021",,,,"2014,2015,2016,2017",2025,WARN,"s2_missing_years(2014,2015,2016,2017,2018,2019,2020,2021)|s1_asc_missing_years(2014,2015,2022,2023,2024)|s1_desc_missing_years(2014,2015,2016)|cm_missing_years(2014,2015,2016,2017,2018,2019,2020,2021)|INFO_sif_missing_years(2014,2015,2016,2017)|INFO_twsa_missing_years(2025)"
ISMN_SNOTEL_GBRCMeadows,sm_only,train,20140101,20251230,True,True,True,True,True,True,True,True,True,True,True,True,False,333,524,0,100.0,"2014,2015","2014,2015,2022,2023,2024","2014,2015,2016","2014,2015",,,,"2014,2015,2016,2017",2025,WARN,"s2_missing_years(2014,2015)|s1_asc_missing_years(2014,2015,2022,2023,2024)|s1_desc_missing_years(2014,2015,2016)|cm_missing_years(2014,2015)|INFO_sif_missing_years(2014,2015,2016,2017)|INFO_twsa_missing_years(2025)"
ISMN_SNOTEL_GalenaAK,sm_only,train,20180817,20251230,True,True,True,True,True,True,True,True,True,True,True,True,False,253,492,0,100.0,,"2022,2023,2024",,,,,,,2025,WARN,"s1_asc_missing_years(2022,2023,2024)|INFO_twsa_missing_years(2025)"
ISMN_SNOTEL_GalenaSummit,sm_only,train,20140101,20251230,True,True,True,True,True,True,True,True,True,True,True,True,False,334,517,0,100.0,"2014,2015","2014,2015","2014,2015,2016","2014,2015",,,,"2014,2015,2016,2017",2025,WARN,"s2_missing_years(2014,2015)|s1_asc_missing_years(2014,2015)|s1_desc_missing_years(2014,2015,2016)|cm_missing_years(2014,2015)|INFO_sif_missing_years(2014,2015,2016,2017)|INFO_twsa_missing_years(2025)"
ISMN_SNOTEL_GallegosPeak,sm_only,train,20171221,20230506,True,True,True,True,True,True,True,True,True,True,True,True,False,432,660,0,100.0,,,,,,,,2017,,OK,INFO_sif_missing_years(2017)
ISMN_SNOTEL_GardenCitySummit,sm_only,train,20140101,20251230,True,True,True,True,True,True,True,True,True,True,True,True,False,626,939,0,100.0,"2014,2015","2014,2015,2022,2023,2024","2014,2015,2016","2014,2015",,,,"2014,2015,2016,2017",2025,WARN,"s2_missing_years(2014,2015)|s1_asc_missing_years(2014,2015,2022,2023,2024)|s1_desc_missing_years(2014,2015,2016)|cm_missing_years(2014,2015)|INFO_sif_missing_years(2014,2015,2016,2017)|INFO_twsa_missing_years(2025)"
ISMN_SNOTEL_GardnerPeak,sm_only,train,20140101,20251230,True,True,True,True,True,True,True,True,True,True,True,True,False,717,1046,0,100.0,"2014,2015","2014,2015,2022,2023,2024","2014,2015,2016","2014,2015",,,,"2014,2015,2016,2017",2025,WARN,"s2_missing_years(2014,2015)|s1_asc_missing_years(2014,2015,2022,2023,2024)|s1_desc_missing_years(2014,2015,2016)|cm_missing_years(2014,2015)|INFO_sif_missing_years(2014,2015,2016,2017)|INFO_twsa_missing_years(2025)"
ISMN_SNOTEL_GaritaPeak,sm_only,train,20170405,20251230,True,True,True,True,True,True,True,True,True,True,True,True,False,324,536,0,100.0,,,,,,,,2017,2025,OK,INFO_sif_missing_years(2017)|INFO_twsa_missing_years(2025)
ISMN_SNOTEL_GeorgeCreek,sm_only,train,20140101,20220725,True,True,True,True,True,True,True,True,True,True,True,True,False,147,305,0,100.0,"2014,2015","2014,2015,2022","2014,2015,2016","2014,2015",,,,"2014,2015,2016,2017",,WARN,"s2_missing_years(2014,2015)|s1_asc_missing_years(2014,2015,2022)|s1_desc_missing_years(2014,2015,2016)|cm_missing_years(2014,2015)|INFO_sif_missing_years(2014,2015,2016,2017)"
ISMN_SNOTEL_Giveout,sm_only,train,20140101,20180622,True,True,True,True,True,True,True,True,True,True,True,True,False,69,121,0,100.0,"2014,2015","2014,2015","2014,2015,2016","2014,2015",,,,"2014,2015,2016,2017",,WARN,"s2_missing_years(2014,2015)|s1_asc_missing_years(2014,2015)|s1_desc_missing_years(2014,2015,2016)|cm_missing_years(2014,2015)|INFO_sif_missing_years(2014,2015,2016,2017)"
ISMN_SNOTEL_GobblersKnob,sm_only,train,20140101,20220531,True,True,True,True,True,True,True,True,True,True,True,True,False,297,582,0,100.0,"2014,2015","2014,2015,2022","2014,2015,2016","2014,2015",,,,"2014,2015,2016,2017",,WARN,"s2_missing_years(2014,2015)|s1_asc_missing_years(2014,2015,2022)|s1_desc_missing_years(2014,2015,2016)|cm_missing_years(2014,2015)|INFO_sif_missing_years(2014,2015,2016,2017)"
ISMN_SNOTEL_Golconda,sm_only,train,20140101,20251022,True,True,True,True,True,True,True,True,True,True,True,True,False,379,506,0,100.0,"2014,2015","2014,2015","2014,2015,2016","2014,2015",,,,"2014,2015,2016,2017",2025,WARN,"s2_missing_years(2014,2015)|s1_asc_missing_years(2014,2015)|s1_desc_missing_years(2014,2015,2016)|cm_missing_years(2014,2015)|INFO_sif_missing_years(2014,2015,2016,2017)|INFO_twsa_missing_years(2025)"
ISMN_SNOTEL_GoldAxeCamp,sm_only,train,20210629,20251022,True,True,True,True,True,True,True,True,True,True,True,True,False,217,386,0,100.0,,"2022,2023,2024",,,,,,,2025,WARN,"s1_asc_missing_years(2022,2023,2024)|INFO_twsa_missing_years(2025)"
ISMN_SNOTEL_GoldBasin,sm_only,train,20210924,20251230,True,True,True,True,True,True,True,True,True,True,True,True,False,161,278,0,100.0,,,,,,,,,2025,OK,INFO_twsa_missing_years(2025)
ISMN_SNOTEL_GooseberryRS,sm_only,train,20140101,20251230,True,True,True,True,True,True,True,True,True,True,True,True,False,328,564,0,100.0,"2014,2015","2014,2015,2022,2023,2024","2014,2015,2016","2014,2015",,,,"2014,2015,2016,2017",2025,WARN,"s2_missing_years(2014,2015)|s1_asc_missing_years(2014,2015,2022,2023,2024)|s1_desc_missing_years(2014,2015,2016)|cm_missing_years(2014,2015)|INFO_sif_missing_years(2014,2015,2016,2017)|INFO_twsa_missing_years(2025)"
ISMN_SNOTEL_GooseberryRSUp,sm_only,train,20140101,20251230,True,True,True,True,True,True,True,True,True,True,True,True,False,322,565,0,100.0,"2014,2015","2014,2015,2022,2023,2024","2014,2015,2016","2014,2015",,,,"2014,2015,2016,2017",2025,WARN,"s2_missing_years(2014,2015)|s1_asc_missing_years(2014,2015,2022,2023,2024)|s1_desc_missing_years(2014,2015,2016)|cm_missing_years(2014,2015)|INFO_sif_missing_years(2014,2015,2016,2017)|INFO_twsa_missing_years(2025)"
ISMN_SNOTEL_GrandTarghee,sm_only,train,20140919,20251219,True,True,True,True,True,True,True,True,True,True,True,True,False,525,920,0,100.0,"2014,2015","2014,2015,2022,2023,2024","2014,2015,2016","2014,2015",,,,"2014,2015,2016,2017",2025,WARN,"s2_missing_years(2014,2015)|s1_asc_missing_years(2014,2015,2022,2023,2024)|s1_desc_missing_years(2014,2015,2016)|cm_missing_years(2014,2015)|INFO_sif_missing_years(2014,2015,2016,2017)|INFO_twsa_missing_years(2025)"
ISMN_SNOTEL_GraniteCreek,sm_only,train,20150923,20251230,True,True,True,True,True,True,True,True,True,True,True,True,False,298,521,0,100.0,2015,"2015,2022,2023,2024","2015,2016",2015,,,,"2015,2016,2017",2025,WARN,"s2_missing_years(2015)|s1_asc_missing_years(2015,2022,2023,2024)|s1_desc_missing_years(2015,2016)|cm_missing_years(2015)|INFO_sif_missing_years(2015,2016,2017)|INFO_twsa_missing_years(2025)"
ISMN_SNOTEL_GraniteCrk,sm_only,train,20140101,20200505,True,True,True,True,True,True,True,True,True,True,True,True,False,125,245,0,100.0,"2014,2015","2014,2015","2014,2015,2016","2014,2015",,,,"2014,2015,2016,2017",,WARN,"s2_missing_years(2014,2015)|s1_asc_missing_years(2014,2015)|s1_desc_missing_years(2014,2015,2016)|cm_missing_years(2014,2015)|INFO_sif_missing_years(2014,2015,2016,2017)"
ISMN_SNOTEL_GranitePeak,sm_only,oos,20140101,20251230,True,True,True,True,True,True,True,True,True,True,True,True,False,335,491,0,100.0,"2014,2015","2014,2015,2022,2023,2024","2014,2015,2016","2014,2015",,,,"2014,2015,2016,2017",2025,WARN,"s2_missing_years(2014,2015)|s1_asc_missing_years(2014,2015,2022,2023,2024)|s1_desc_missing_years(2014,2015,2016)|cm_missing_years(2014,2015)|INFO_sif_missing_years(2014,2015,2016,2017)|INFO_twsa_missing_years(2025)"
ISMN_SNOTEL_GreenMountain,sm_only,train,20140101,20251230,True,True,True,True,True,True,True,True,True,True,True,True,False,344,505,0,100.0,"2014,2015","2014,2015,2022,2023,2024","2014,2015,2016","2014,2015",,,,"2014,2015,2016,2017",2025,WARN,"s2_missing_years(2014,2015)|s1_asc_missing_years(2014,2015,2022,2023,2024)|s1_desc_missing_years(2014,2015,2016)|cm_missing_years(2014,2015)|INFO_sif_missing_years(2014,2015,2016,2017)|INFO_twsa_missing_years(2025)"
ISMN_SNOTEL_GrizzlyPeak,sm_only,oos,20150723,20210707,True,True,True,True,True,True,True,True,True,True,True,True,False,141,288,0,100.0,2015,2015,"2015,2016",2015,,,,"2015,2016,2017",,WARN,"s2_missing_years(2015)|s1_asc_missing_years(2015)|s1_desc_missing_years(2015,2016)|cm_missing_years(2015)|INFO_sif_missing_years(2015,2016,2017)"
ISMN_SNOTEL_GulkanaRiver,sm_only,train,20190412,20251230,True,True,True,True,True,True,True,True,True,True,True,True,False,374,623,0,100.0,,,,,,,,,2025,OK,INFO_twsa_missing_years(2025)
ISMN_SNOTEL_GutzPeak,sm_only,train,20170523,20251230,True,True,True,True,True,True,True,True,True,True,True,True,False,371,506,0,100.0,,"2017,2022,2023,2024",,,,,,2017,2025,WARN,"s1_asc_missing_years(2017,2022,2023,2024)|INFO_sif_missing_years(2017)|INFO_twsa_missing_years(2025)"
ISMN_SNOTEL_HagansMeadow,sm_only,train,20140101,20240101,True,True,True,True,True,True,True,True,True,True,True,True,False,572,817,0,100.0,"2014,2015","2014,2015,2024","2014,2015,2024","2014,2015",,,,"2014,2015,2016,2017",,WARN,"s2_missing_years(2014,2015)|s1_asc_missing_years(2014,2015,2024)|s1_desc_missing_years(2014,2015,2024)|cm_missing_years(2014,2015)|INFO_sif_missing_years(2014,2015,2016,2017)"
ISMN_SNOTEL_HappyJack,sm_only,oos,20160630,20230501,True,True,True,True,True,True,True,True,True,True,True,True,False,514,737,0,100.0,,"2022,2023",2016,,,,,"2016,2017",,WARN,"s1_asc_missing_years(2022,2023)|s1_desc_missing_years(2016)|INFO_sif_missing_years(2016,2017)"
ISMN_SNOTEL_Hardscrabble,sm_only,train,20140101,20240606,True,True,True,True,True,True,True,True,True,True,True,True,False,514,762,0,100.0,"2014,2015","2014,2015,2022,2023,2024","2014,2015,2016","2014,2015",,,,"2014,2015,2016,2017",,WARN,"s2_missing_years(2014,2015)|s1_asc_missing_years(2014,2015,2022,2023,2024)|s1_desc_missing_years(2014,2015,2016)|cm_missing_years(2014,2015)|INFO_sif_missing_years(2014,2015,2016,2017)"
ISMN_SNOTEL_HarrisFlat,sm_only,train,20170409,20251230,True,True,True,True,True,True,True,True,True,True,True,True,False,381,526,0,100.0,,"2022,2023,2024",,,,,,2017,2025,WARN,"s1_asc_missing_years(2022,2023,2024)|INFO_sif_missing_years(2017)|INFO_twsa_missing_years(2025)"
ISMN_SNOTEL_HawleyLake,sm_only,train,20150918,20230503,True,True,True,True,True,True,True,True,True,True,True,True,False,242,374,0,100.0,2015,"2015,2022,2023","2015,2016",2015,,,,"2015,2016,2017",,WARN,"s2_missing_years(2015)|s1_asc_missing_years(2015,2022,2023)|s1_desc_missing_years(2015,2016)|cm_missing_years(2015)|INFO_sif_missing_years(2015,2016,2017)"
ISMN_SNOTEL_HaydenFork,sm_only,train,20140101,20251230,True,True,True,True,True,True,True,True,True,True,True,True,False,276,551,0,100.0,"2014,2015","2014,2015,2022,2023,2024","2014,2015,2016","2014,2015",,,,"2014,2015,2016,2017",2025,WARN,"s2_missing_years(2014,2015)|s1_asc_missing_years(2014,2015,2022,2023,2024)|s1_desc_missing_years(2014,2015,2016)|cm_missing_years(2014,2015)|INFO_sif_missing_years(2014,2015,2016,2017)|INFO_twsa_missing_years(2025)"
ISMN_SNOTEL_HeavenlyValley,sm_only,train,20140918,20250608,True,True,True,True,True,True,True,True,True,True,True,True,False,514,657,0,100.0,"2014,2015,2016,2017,2018,2019","2014,2015,2020,2021,2022,2023,2024,2025","2014,2015,2020,2021,2022,2023,2024,2025","2014,2015,2016,2017,2018,2019",,,,"2014,2015,2016,2017",2025,WARN,"s2_missing_years(2014,2015,2016,2017,2018,2019)|s1_asc_missing_years(2014,2015,2020,2021,2022,2023,2024,2025)|s1_desc_missing_years(2014,2015,2020,2021,2022,2023,2024,2025)|cm_missing_years(2014,2015,2016,2017,2018,2019)|INFO_sif_missing_years(2014,2015,2016,2017)|INFO_twsa_missing_years(2025)"
ISMN_SNOTEL_Hewinta,sm_only,train,20140101,20251021,True,True,True,True,True,True,True,True,True,True,True,True,False,257,503,0,100.0,"2014,2015","2014,2015,2022,2023,2024","2014,2015,2016","2014,2015",,,,"2014,2015,2016,2017",2025,WARN,"s2_missing_years(2014,2015)|s1_asc_missing_years(2014,2015,2022,2023,2024)|s1_desc_missing_years(2014,2015,2016)|cm_missing_years(2014,2015)|INFO_sif_missing_years(2014,2015,2016,2017)|INFO_twsa_missing_years(2025)"
ISMN_SNOTEL_HickersonPark,sm_only,train,20140101,20200930,True,True,True,True,True,True,True,True,True,True,True,True,False,222,389,0,100.0,"2014,2015","2014,2015","2014,2015,2016","2014,2015",,,,"2014,2015,2016,2017",,WARN,"s2_missing_years(2014,2015)|s1_asc_missing_years(2014,2015)|s1_desc_missing_years(2014,2015,2016)|cm_missing_years(2014,2015)|INFO_sif_missing_years(2014,2015,2016,2017)"
ISMN_SNOTEL_HighLonesome,sm_only,train,20180912,20251230,True,True,True,True,True,True,True,True,True,True,True,True,False,120,224,0,100.0,"2018,2019,2020,2021",,,"2018,2019,2020,2021",,,,,2025,WARN,"s2_missing_years(2018,2019,2020,2021)|cm_missing_years(2018,2019,2020,2021)|INFO_twsa_missing_years(2025)"
ISMN_SNOTEL_HighRidge,sm_only,oos,20221006,20251230,True,True,True,True,True,True,True,True,True,True,True,True,False,89,135,0,100.0,"2022,2023","2022,2023,2024",,"2022,2023",,,,,2025,WARN,"s2_missing_years(2022,2023)|s1_asc_missing_years(2022,2023,2024)|cm_missing_years(2022,2023)|INFO_twsa_missing_years(2025)"
ISMN_SNOTEL_HiltsCreek,sm_only,oos,20140101,20190811,True,True,True,True,True,True,True,True,True,True,True,True,False,164,282,0,100.0,"2014,2015","2014,2015","2014,2015,2016,2018,2019","2014,2015",,,,"2014,2015,2016,2017",,WARN,"s2_missing_years(2014,2015)|s1_asc_missing_years(2014,2015)|s1_desc_missing_years(2014,2015,2016,2018,2019)|cm_missing_years(2014,2015)|INFO_sif_missing_years(2014,2015,2016,2017)"
ISMN_SNOTEL_HobbleCreek,sm_only,train,20140101,20221230,True,True,True,True,True,True,True,True,True,True,True,True,False,214,317,0,100.0,"2014,2015","2014,2015,2022","2014,2015,2016","2014,2015",,,,"2014,2015,2016,2017",,WARN,"s2_missing_years(2014,2015)|s1_asc_missing_years(2014,2015,2022)|s1_desc_missing_years(2014,2015,2016)|cm_missing_years(2014,2015)|INFO_sif_missing_years(2014,2015,2016,2017)"
ISMN_SNOTEL_Hole-in-Mountain,sm_only,train,20161020,20251230,True,True,True,True,True,True,True,True,True,True,True,True,False,361,503,0,100.0,,"2022,2023,2024",2016,,,,,"2016,2017",2025,WARN,"s1_asc_missing_years(2022,2023,2024)|s1_desc_missing_years(2016)|INFO_sif_missing_years(2016,2017)|INFO_twsa_missing_years(2025)"
ISMN_SNOTEL_Hole-in-Rock,sm_only,oos,20140101,20220720,True,True,True,True,True,True,True,True,True,True,True,True,False,177,302,0,100.0,"2014,2015","2014,2015,2022","2014,2015,2016","2014,2015",,,,"2014,2015,2016,2017",,WARN,"s2_missing_years(2014,2015)|s1_asc_missing_years(2014,2015,2022)|s1_desc_missing_years(2014,2015,2016)|cm_missing_years(2014,2015)|INFO_sif_missing_years(2014,2015,2016,2017)"
ISMN_SNOTEL_HollandMeadows,sm_only,oos,20221105,20251230,True,True,True,True,True,True,True,True,True,True,True,True,False,95,145,0,100.0,,,,,,,,,2025,OK,INFO_twsa_missing_years(2025)
ISMN_SNOTEL_HoosierPass,sm_only,train,20140101,20230216,True,True,True,True,True,True,True,True,True,True,True,True,False,226,380,0,100.0,"2014,2015","2014,2015","2014,2015,2016","2014,2015",,,,"2014,2015,2016,2017",,WARN,"s2_missing_years(2014,2015)|s1_asc_missing_years(2014,2015)|s1_desc_missing_years(2014,2015,2016)|cm_missing_years(2014,2015)|INFO_sif_missing_years(2014,2015,2016,2017)"
ISMN_SNOTEL_Hopewell,sm_only,oos,20140101,20251230,True,True,True,True,True,True,True,True,True,True,True,True,False,361,529,0,100.0,"2014,2015","2014,2015","2014,2015,2016","2014,2015",,,,"2014,2015,2016,2017",2025,WARN,"s2_missing_years(2014,2015)|s1_asc_missing_years(2014,2015)|s1_desc_missing_years(2014,2015,2016)|cm_missing_years(2014,2015)|INFO_sif_missing_years(2014,2015,2016,2017)|INFO_twsa_missing_years(2025)"
ISMN_SNOTEL_HorseMeadow,sm_only,train,20140101,20251230,True,True,True,True,True,True,True,True,True,True,True,True,False,812,1077,0,100.0,"2014,2015","2014,2015","2014,2015","2014,2015",,,,"2014,2015,2016,2017",2025,WARN,"s2_missing_years(2014,2015)|s1_asc_missing_years(2014,2015)|s1_desc_missing_years(2014,2015)|cm_missing_years(2014,2015)|INFO_sif_missing_years(2014,2015,2016,2017)|INFO_twsa_missing_years(2025)"
ISMN_SNOTEL_HorseRidge,sm_only,val,20140101,20251230,True,True,True,True,True,True,True,True,True,True,True,True,False,486,926,0,100.0,"2014,2015","2014,2015,2022,2023,2024","2014,2015,2016","2014,2015",,,,"2014,2015,2016,2017",2025,WARN,"s2_missing_years(2014,2015)|s1_asc_missing_years(2014,2015,2022,2023,2024)|s1_desc_missing_years(2014,2015,2016)|cm_missing_years(2014,2015)|INFO_sif_missing_years(2014,2015,2016,2017)|INFO_twsa_missing_years(2025)"
ISMN_SNOTEL_HuntingtonHorse,sm_only,train,20140101,20251230,True,True,True,True,True,True,True,True,True,True,True,True,False,338,524,0,100.0,"2014,2015","2014,2015,2022,2023,2024","2014,2015,2016","2014,2015",,,,"2014,2015,2016,2017",2025,WARN,"s2_missing_years(2014,2015)|s1_asc_missing_years(2014,2015,2022,2023,2024)|s1_desc_missing_years(2014,2015,2016)|cm_missing_years(2014,2015)|INFO_sif_missing_years(2014,2015,2016,2017)|INFO_twsa_missing_years(2025)"
ISMN_SNOTEL_ImnaviatCreek,sm_only,val,20140101,20230829,True,True,True,True,True,True,True,True,True,True,True,True,False,252,682,0,100.0,"2014,2015","2014,2015","2014,2015,2016","2014,2015",,,,"2014,2015,2016,2017",,WARN,"s2_missing_years(2014,2015)|s1_asc_missing_years(2014,2015)|s1_desc_missing_years(2014,2015,2016)|cm_missing_years(2014,2015)|INFO_sif_missing_years(2014,2015,2016,2017)"
ISMN_SNOTEL_IndependenceCamp,sm_only,train,20140101,20251230,True,True,True,True,True,True,True,True,True,True,True,True,False,829,1081,0,100.0,"2014,2015","2014,2015","2014,2015,2016","2014,2015",,,,"2014,2015,2016,2017",2025,WARN,"s2_missing_years(2014,2015)|s1_asc_missing_years(2014,2015)|s1_desc_missing_years(2014,2015,2016)|cm_missing_years(2014,2015)|INFO_sif_missing_years(2014,2015,2016,2017)|INFO_twsa_missing_years(2025)"
ISMN_SNOTEL_IndependenceCreek,sm_only,train,20140101,20251230,True,True,True,True,True,True,True,True,True,True,True,True,False,808,1080,0,100.0,"2014,2015","2014,2015","2014,2015,2016","2014,2015",,,,"2014,2015,2016,2017",2025,WARN,"s2_missing_years(2014,2015)|s1_asc_missing_years(2014,2015)|s1_desc_missing_years(2014,2015,2016)|cm_missing_years(2014,2015)|INFO_sif_missing_years(2014,2015,2016,2017)|INFO_twsa_missing_years(2025)"
ISMN_SNOTEL_IndependenceLake,sm_only,train,20140101,20251230,True,True,True,True,True,True,True,True,True,True,True,True,False,795,1081,0,100.0,"2014,2015","2014,2015","2014,2015,2016","2014,2015",,,,"2014,2015,2016,2017",2025,WARN,"s2_missing_years(2014,2015)|s1_asc_missing_years(2014,2015)|s1_desc_missing_years(2014,2015,2016)|cm_missing_years(2014,2015)|INFO_sif_missing_years(2014,2015,2016,2017)|INFO_twsa_missing_years(2025)"
ISMN_SNOTEL_IslandPark,sm_only,train,20160730,20241115,True,True,True,True,True,True,True,True,True,True,True,True,False,463,694,0,100.0,,"2022,2023,2024",2016,,,,,"2016,2017",,WARN,"s1_asc_missing_years(2022,2023,2024)|s1_desc_missing_years(2016)|INFO_sif_missing_years(2016,2017)"
ISMN_SNOTEL_JackCreekUpper,sm_only,train,20140101,20251230,True,True,True,True,True,True,True,True,True,True,True,True,False,319,520,0,100.0,"2014,2015","2014,2015,2022,2023,2024","2014,2015,2016","2014,2015",,,,"2014,2015,2016,2017",2025,WARN,"s2_missing_years(2014,2015)|s1_asc_missing_years(2014,2015,2022,2023,2024)|s1_desc_missing_years(2014,2015,2016)|cm_missing_years(2014,2015)|INFO_sif_missing_years(2014,2015,2016,2017)|INFO_twsa_missing_years(2025)"
ISMN_SNOTEL_JackWadeJct,sm_only,train,20170816,20230512,True,True,True,True,True,True,True,True,True,True,True,True,False,253,530,0,100.0,,,,,,,,2017,,OK,INFO_sif_missing_years(2017)
ISMN_SNOTEL_JacksPeak,sm_only,val,20140101,20230912,True,True,True,True,True,True,True,True,True,True,True,True,False,182,370,0,100.0,"2014,2015","2014,2015,2022,2023","2014,2015,2016","2014,2015",,,,"2014,2015,2016,2017",,WARN,"s2_missing_years(2014,2015)|s1_asc_missing_years(2014,2015,2022,2023)|s1_desc_missing_years(2014,2015,2016)|cm_missing_years(2014,2015)|INFO_sif_missing_years(2014,2015,2016,2017)"
ISMN_SNOTEL_JacksonPeak,sm_only,oos,20181028,20240526,True,True,True,True,True,True,True,True,True,True,True,True,False,379,598,0,100.0,,2018,2018,,,,,,,WARN,s1_asc_missing_years(2018)|s1_desc_missing_years(2018)
ISMN_SNOTEL_JackwhackerGulch,sm_only,val,20140101,20211226,True,True,True,True,True,True,True,True,True,True,True,True,False,184,321,0,100.0,"2014,2015","2014,2015","2014,2015,2016","2014,2015",,,,"2014,2015,2016,2017",,WARN,"s2_missing_years(2014,2015)|s1_asc_missing_years(2014,2015)|s1_desc_missing_years(2014,2015,2016)|cm_missing_years(2014,2015)|INFO_sif_missing_years(2014,2015,2016,2017)"
ISMN_SNOTEL_JonesCorral,sm_only,train,20140101,20251230,True,True,True,True,True,True,True,True,True,True,True,True,False,334,527,0,100.0,"2014,2015","2014,2015,2022,2023,2024","2014,2015,2016","2014,2015",,,,"2014,2015,2016,2017",2025,WARN,"s2_missing_years(2014,2015)|s1_asc_missing_years(2014,2015,2022,2023,2024)|s1_desc_missing_years(2014,2015,2016)|cm_missing_years(2014,2015)|INFO_sif_missing_years(2014,2015,2016,2017)|INFO_twsa_missing_years(2025)"
ISMN_SNOTEL_JonesPass,sm_only,train,20180921,20240930,True,True,True,True,True,True,True,True,True,True,True,True,False,189,360,0,100.0,,,,,,,,,,OK,
ISMN_SNOTEL_Kalamazoo,sm_only,train,20140101,20251230,True,True,True,True,True,True,True,True,True,True,True,True,False,669,1082,0,100.0,"2014,2015","2014,2015,2022,2023,2024","2014,2015,2016,2018,2019,2020","2014,2015",,,,"2014,2015,2016,2017",2025,WARN,"s2_missing_years(2014,2015)|s1_asc_missing_years(2014,2015,2022,2023,2024)|s1_desc_missing_years(2014,2015,2016,2018,2019,2020)|cm_missing_years(2014,2015)|INFO_sif_missing_years(2014,2015,2016,2017)|INFO_twsa_missing_years(2025)"
ISMN_SNOTEL_KelleyR.S.,sm_only,train,20190119,20251230,True,True,True,True,True,True,True,True,True,True,True,True,False,245,427,0,100.0,,"2022,2023,2024",,,,,,,2025,WARN,"s1_asc_missing_years(2022,2023,2024)|INFO_twsa_missing_years(2025)"
ISMN_SNOTEL_KellyStation,sm_only,train,20140101,20230812,True,True,True,True,True,True,True,True,True,True,True,True,False,391,595,0,100.0,"2014,2015","2014,2015,2022,2023","2014,2015,2016","2014,2015",,,,"2014,2015,2016,2017",,WARN,"s2_missing_years(2014,2015)|s1_asc_missing_years(2014,2015,2022,2023)|s1_desc_missing_years(2014,2015,2016)|cm_missing_years(2014,2015)|INFO_sif_missing_years(2014,2015,2016,2017)"
ISMN_SNOTEL_KenaiMoosePens,sm_only,train,20140101,20251022,True,True,True,True,True,True,True,True,True,True,True,True,False,282,545,0,100.0,"2014,2015","2014,2015,2022,2023,2024","2014,2015,2016","2014,2015",,,,"2014,2015,2016,2017",2025,WARN,"s2_missing_years(2014,2015)|s1_asc_missing_years(2014,2015,2022,2023,2024)|s1_desc_missing_years(2014,2015,2016)|cm_missing_years(2014,2015)|INFO_sif_missing_years(2014,2015,2016,2017)|INFO_twsa_missing_years(2025)"
ISMN_SNOTEL_KilfoilCreek,sm_only,oos,20140101,20250321,True,True,True,True,True,True,True,True,True,True,True,True,False,569,841,0,100.0,"2014,2015","2014,2015,2022,2023,2024,2025","2014,2015,2016","2014,2015",,,,"2014,2015,2016,2017",2025,WARN,"s2_missing_years(2014,2015)|s1_asc_missing_years(2014,2015,2022,2023,2024,2025)|s1_desc_missing_years(2014,2015,2016)|cm_missing_years(2014,2015)|INFO_sif_missing_years(2014,2015,2016,2017)|INFO_twsa_missing_years(2025)"
ISMN_SNOTEL_KimberlyMine,sm_only,train,20180902,20251230,True,True,True,True,True,True,True,True,True,True,True,True,False,562,867,0,100.0,,"2022,2023,2024",,,,,,,2025,WARN,"s1_asc_missing_years(2022,2023,2024)|INFO_twsa_missing_years(2025)"
ISMN_SNOTEL_KingsCabin,sm_only,train,20140101,20230706,True,True,True,True,True,True,True,True,True,True,True,True,False,439,710,0,100.0,"2014,2015","2014,2015","2014,2015,2016","2014,2015",,,,"2014,2015,2016,2017",,WARN,"s2_missing_years(2014,2015)|s1_asc_missing_years(2014,2015)|s1_desc_missing_years(2014,2015,2016)|cm_missing_years(2014,2015)|INFO_sif_missing_years(2014,2015,2016,2017)"
ISMN_SNOTEL_KlondikeNarrows,sm_only,train,20140101,20251230,True,True,True,True,True,True,True,True,True,True,True,True,False,613,939,0,100.0,"2014,2015","2014,2015,2022,2023,2024","2014,2015,2016","2014,2015",,,,"2014,2015,2016,2017",2025,WARN,"s2_missing_years(2014,2015)|s1_asc_missing_years(2014,2015,2022,2023,2024)|s1_desc_missing_years(2014,2015,2016)|cm_missing_years(2014,2015)|INFO_sif_missing_years(2014,2015,2016,2017)|INFO_twsa_missing_years(2025)"
ISMN_SNOTEL_Kolob,sm_only,train,20140101,20251230,True,True,True,True,True,True,True,True,True,True,True,True,False,749,1067,0,100.0,"2014,2015","2014,2015,2022,2023,2024","2014,2015,2016","2014,2015",,,,"2014,2015,2016,2017",2025,WARN,"s2_missing_years(2014,2015)|s1_asc_missing_years(2014,2015,2022,2023,2024)|s1_desc_missing_years(2014,2015,2016)|cm_missing_years(2014,2015)|INFO_sif_missing_years(2014,2015,2016,2017)|INFO_twsa_missing_years(2025)"
ISMN_SNOTEL_Lakefork#1,sm_only,train,20140101,20251230,True,True,True,True,True,True,True,True,True,True,True,True,False,325,558,0,100.0,"2014,2015","2014,2015,2022,2023,2024","2014,2015,2016","2014,2015",,,,"2014,2015,2016,2017",2025,WARN,"s2_missing_years(2014,2015)|s1_asc_missing_years(2014,2015,2022,2023,2024)|s1_desc_missing_years(2014,2015,2016)|cm_missing_years(2014,2015)|INFO_sif_missing_years(2014,2015,2016,2017)|INFO_twsa_missing_years(2025)"
ISMN_SNOTEL_LakeforkBasin,sm_only,train,20200723,20251230,True,True,True,True,True,True,True,True,True,True,True,True,False,187,333,0,100.0,,"2022,2023,2024",,,,,,,2025,WARN,"s1_asc_missing_years(2022,2023,2024)|INFO_twsa_missing_years(2025)"
ISMN_SNOTEL_LamanceCreek,sm_only,val,20161110,20251230,True,True,True,True,True,True,True,True,True,True,True,True,False,343,521,0,100.0,,,2016,,,,,"2016,2017",2025,WARN,"s1_desc_missing_years(2016)|INFO_sif_missing_years(2016,2017)|INFO_twsa_missing_years(2025)"
ISMN_SNOTEL_Lamoille#3,sm_only,val,20140101,20251230,True,True,True,True,True,True,True,True,True,True,True,True,False,326,509,0,100.0,"2014,2015","2014,2015,2022,2023,2024","2014,2015,2016","2014,2015",,,,"2014,2015,2016,2017",2025,WARN,"s2_missing_years(2014,2015)|s1_asc_missing_years(2014,2015,2022,2023,2024)|s1_desc_missing_years(2014,2015,2016)|cm_missing_years(2014,2015)|INFO_sif_missing_years(2014,2015,2016,2017)|INFO_twsa_missing_years(2025)"
ISMN_SNOTEL_LamoilleUpper,sm_only,oos,20220810,20251230,True,True,True,True,True,True,True,True,True,True,True,True,False,146,226,0,100.0,,"2022,2023,2024",,,,,,,2025,WARN,"s1_asc_missing_years(2022,2023,2024)|INFO_twsa_missing_years(2025)"
ISMN_SNOTEL_LapreleCreek,sm_only,oos,20140101,20251230,True,True,True,True,True,True,True,True,True,True,True,True,False,223,383,0,100.0,"2014,2015,2016,2017,2018,2019,2020,2021","2014,2015,2022,2023,2024","2014,2015,2016","2014,2015,2016,2017,2018,2019,2020,2021",,,,"2014,2015,2016,2017",2025,WARN,"s2_missing_years(2014,2015,2016,2017,2018,2019,2020,2021)|s1_asc_missing_years(2014,2015,2022,2023,2024)|s1_desc_missing_years(2014,2015,2016)|cm_missing_years(2014,2015,2016,2017,2018,2019,2020,2021)|INFO_sif_missing_years(2014,2015,2016,2017)|INFO_twsa_missing_years(2025)"
ISMN_SNOTEL_LarsenCreek,sm_only,oos,20180815,20251230,True,True,True,True,True,True,True,True,True,True,True,True,False,191,455,0,100.0,"2018,2019,2020,2021","2022,2023,2024",,"2018,2019,2020,2021",,,,,2025,WARN,"s2_missing_years(2018,2019,2020,2021)|s1_asc_missing_years(2022,2023,2024)|cm_missing_years(2018,2019,2020,2021)|INFO_twsa_missing_years(2025)"
ISMN_SNOTEL_LasalMountain,sm_only,train,20140101,20210612,True,True,True,True,True,True,True,True,True,True,True,True,False,167,245,0,100.0,"2014,2015","2014,2015","2014,2015,2016","2014,2015",,,,"2014,2015,2016,2017",,WARN,"s2_missing_years(2014,2015)|s1_asc_missing_years(2014,2015)|s1_desc_missing_years(2014,2015,2016)|cm_missing_years(2014,2015)|INFO_sif_missing_years(2014,2015,2016,2017)"
ISMN_SNOTEL_LasalMountain-Lower,sm_only,train,20140101,20251230,True,True,True,True,True,True,True,True,True,True,True,True,False,248,377,0,100.0,"2014,2015,2016,2017,2018,2019","2014,2015","2014,2015,2016","2014,2015,2016,2017,2018,2019",,,,"2014,2015,2016,2017",2025,WARN,"s2_missing_years(2014,2015,2016,2017,2018,2019)|s1_asc_missing_years(2014,2015)|s1_desc_missing_years(2014,2015,2016)|cm_missing_years(2014,2015,2016,2017,2018,2019)|INFO_sif_missing_years(2014,2015,2016,2017)|INFO_twsa_missing_years(2025)"
ISMN_SNOTEL_LaurelDraw,sm_only,train,20140101,20251230,True,True,True,True,True,True,True,True,True,True,True,True,False,270,483,0,100.0,"2014,2015","2014,2015","2014,2015,2016","2014,2015",,,,"2014,2015,2016,2017",2025,WARN,"s2_missing_years(2014,2015)|s1_asc_missing_years(2014,2015)|s1_desc_missing_years(2014,2015,2016)|cm_missing_years(2014,2015)|INFO_sif_missing_years(2014,2015,2016,2017)|INFO_twsa_missing_years(2025)"
ISMN_SNOTEL_LeavittLake,sm_only,train,20160812,20251230,True,True,True,True,True,True,True,True,True,True,True,True,False,433,551,0,100.0,,,2016,,,,,"2016,2017",2025,WARN,"s1_desc_missing_years(2016)|INFO_sif_missing_years(2016,2017)|INFO_twsa_missing_years(2025)"
ISMN_SNOTEL_LeavittMeadows,sm_only,train,20140101,20210402,True,True,True,True,True,True,True,True,True,True,True,True,False,193,246,0,100.0,"2014,2015","2014,2015","2014,2015","2014,2015",,,,"2014,2015,2016,2017",,WARN,"s2_missing_years(2014,2015)|s1_asc_missing_years(2014,2015)|s1_desc_missing_years(2014,2015)|cm_missing_years(2014,2015)|INFO_sif_missing_years(2014,2015,2016,2017)"
ISMN_SNOTEL_LeeCanyon,sm_only,train,20140101,20251230,True,True,True,True,True,True,True,True,True,True,True,True,False,803,1062,0,100.0,"2014,2015","2014,2015,2022,2023,2024","2014,2015,2016","2014,2015",,,,"2014,2015,2016,2017",2025,WARN,"s2_missing_years(2014,2015)|s1_asc_missing_years(2014,2015,2022,2023,2024)|s1_desc_missing_years(2014,2015,2016)|cm_missing_years(2014,2015)|INFO_sif_missing_years(2014,2015,2016,2017)|INFO_twsa_missing_years(2025)"
ISMN_SNOTEL_LewisLakeDivide,sm_only,train,20140101,20210809,True,True,True,True,True,True,True,True,True,True,True,True,False,254,467,0,100.0,"2014,2015","2014,2015","2014,2015,2016","2014,2015",,,,"2014,2015,2016,2017",,WARN,"s2_missing_years(2014,2015)|s1_asc_missing_years(2014,2015)|s1_desc_missing_years(2014,2015,2016)|cm_missing_years(2014,2015)|INFO_sif_missing_years(2014,2015,2016,2017)"
ISMN_SNOTEL_LewisPeak,sm_only,train,20140101,20251230,True,True,True,True,True,True,True,True,True,True,True,True,False,716,992,0,100.0,"2014,2015","2014,2015,2022,2023,2024","2014,2015,2016","2014,2015",,,,"2014,2015,2016,2017",2025,WARN,"s2_missing_years(2014,2015)|s1_asc_missing_years(2014,2015,2022,2023,2024)|s1_desc_missing_years(2014,2015,2016)|cm_missing_years(2014,2015)|INFO_sif_missing_years(2014,2015,2016,2017)|INFO_twsa_missing_years(2025)"
ISMN_SNOTEL_LightningRidge,sm_only,train,20201104,20250321,True,True,True,True,True,True,True,True,True,True,True,True,False,295,458,0,100.0,,"2022,2023,2024,2025",,,,,,,2025,WARN,"s1_asc_missing_years(2022,2023,2024,2025)|INFO_twsa_missing_years(2025)"
ISMN_SNOTEL_LilyLake,sm_only,val,20140101,20251230,True,True,True,True,True,True,True,True,True,True,True,True,False,264,517,0,100.0,"2014,2015","2014,2015,2022,2023,2024","2014,2015,2016","2014,2015",,,,"2014,2015,2016,2017",2025,WARN,"s2_missing_years(2014,2015)|s1_asc_missing_years(2014,2015,2022,2023,2024)|s1_desc_missing_years(2014,2015,2016)|cm_missing_years(2014,2015)|INFO_sif_missing_years(2014,2015,2016,2017)|INFO_twsa_missing_years(2025)"
ISMN_SNOTEL_LilyPond,sm_only,train,20170825,20251230,True,True,True,True,True,True,True,True,True,True,True,True,False,337,533,0,100.0,,,,,,,,2017,2025,OK,INFO_sif_missing_years(2017)|INFO_twsa_missing_years(2025)
ISMN_SNOTEL_LittleBear,sm_only,oos,20140101,20251230,True,True,True,True,True,True,True,True,True,True,True,True,False,553,926,0,100.0,"2014,2015","2014,2015,2022,2023,2024","2014,2015,2016","2014,2015",,,,"2014,2015,2016,2017",2025,WARN,"s2_missing_years(2014,2015)|s1_asc_missing_years(2014,2015,2022,2023,2024)|s1_desc_missing_years(2014,2015,2016)|cm_missing_years(2014,2015)|INFO_sif_missing_years(2014,2015,2016,2017)|INFO_twsa_missing_years(2025)"
ISMN_SNOTEL_LittleChenaRidge,sm_only,oos,20140101,20191013,True,True,True,True,True,True,True,True,True,True,True,True,False,84,166,0,100.0,"2014,2015","2014,2015","2014,2015,2016","2014,2015",,,,"2014,2015,2016,2017",,WARN,"s2_missing_years(2014,2015)|s1_asc_missing_years(2014,2015)|s1_desc_missing_years(2014,2015,2016)|cm_missing_years(2014,2015)|INFO_sif_missing_years(2014,2015,2016,2017)"
ISMN_SNOTEL_LittleGrassy,sm_only,train,20140909,20251230,True,True,True,True,True,True,True,True,True,True,True,True,False,412,545,0,100.0,"2014,2015","2014,2015,2022,2023,2024","2014,2015,2016","2014,2015",,,,"2014,2015,2016,2017",2025,WARN,"s2_missing_years(2014,2015)|s1_asc_missing_years(2014,2015,2022,2023,2024)|s1_desc_missing_years(2014,2015,2016)|cm_missing_years(2014,2015)|INFO_sif_missing_years(2014,2015,2016,2017)|INFO_twsa_missing_years(2025)"
ISMN_SNOTEL_LittleSnakeRiver,sm_only,train,20140912,20210613,True,True,True,True,True,True,True,True,True,True,True,True,False,255,459,0,100.0,"2014,2015","2014,2015","2014,2015,2016","2014,2015",,,,"2014,2015,2016,2017",,WARN,"s2_missing_years(2014,2015)|s1_asc_missing_years(2014,2015)|s1_desc_missing_years(2014,2015,2016)|cm_missing_years(2014,2015)|INFO_sif_missing_years(2014,2015,2016,2017)"
ISMN_SNOTEL_LittleValley,sm_only,train,20140101,20251230,True,True,True,True,True,True,True,True,True,True,True,True,False,752,1081,0,100.0,"2014,2015","2014,2015","2014,2015,2016","2014,2015",,,,"2014,2015,2016,2017",2025,WARN,"s2_missing_years(2014,2015)|s1_asc_missing_years(2014,2015)|s1_desc_missing_years(2014,2015,2016)|cm_missing_years(2014,2015)|INFO_sif_missing_years(2014,2015,2016,2017)|INFO_twsa_missing_years(2025)"
ISMN_SNOTEL_LizardHeadPass,sm_only,train,20140101,20251230,True,True,True,True,True,True,True,True,True,True,True,True,False,642,1062,0,100.0,"2014,2015","2014,2015","2014,2015,2016","2014,2015",,,,"2014,2015,2016,2017",2025,WARN,"s2_missing_years(2014,2015)|s1_asc_missing_years(2014,2015)|s1_desc_missing_years(2014,2015,2016)|cm_missing_years(2014,2015)|INFO_sif_missing_years(2014,2015,2016,2017)|INFO_twsa_missing_years(2025)"
ISMN_SNOTEL_LobdellLake,sm_only,train,20140101,20251230,True,True,True,True,True,True,True,True,True,True,True,True,False,425,553,0,100.0,"2014,2015","2014,2015","2014,2015,2016","2014,2015",,,,"2014,2015,2016,2017",2025,WARN,"s2_missing_years(2014,2015)|s1_asc_missing_years(2014,2015)|s1_desc_missing_years(2014,2015,2016)|cm_missing_years(2014,2015)|INFO_sif_missing_years(2014,2015,2016,2017)|INFO_twsa_missing_years(2025)"
ISMN_SNOTEL_LoneCone,sm_only,oos,20140101,20220606,True,True,True,True,True,True,True,True,True,True,True,True,False,401,640,0,100.0,"2014,2015","2014,2015,2022","2014,2015,2016","2014,2015",,,,"2014,2015,2016,2017",,WARN,"s2_missing_years(2014,2015)|s1_asc_missing_years(2014,2015,2022)|s1_desc_missing_years(2014,2015,2016)|cm_missing_years(2014,2015)|INFO_sif_missing_years(2014,2015,2016,2017)"
ISMN_SNOTEL_LonesomeBeaver,sm_only,train,20141016,20251230,True,True,True,True,True,True,True,True,True,True,True,True,False,701,1033,0,100.0,"2014,2015","2014,2015,2022,2023,2024","2014,2015,2016","2014,2015",,,,"2014,2015,2016,2017",2025,WARN,"s2_missing_years(2014,2015)|s1_asc_missing_years(2014,2015,2022,2023,2024)|s1_desc_missing_years(2014,2015,2016)|cm_missing_years(2014,2015)|INFO_sif_missing_years(2014,2015,2016,2017)|INFO_twsa_missing_years(2025)"
ISMN_SNOTEL_LongDrawResv,sm_only,train,20140101,20200112,True,True,True,True,True,True,True,True,True,True,True,True,False,81,161,0,100.0,"2014,2015,2020","2014,2015","2014,2015,2016","2014,2015",,,,"2014,2015,2016,2017",,WARN,"s2_missing_years(2014,2015,2020)|s1_asc_missing_years(2014,2015)|s1_desc_missing_years(2014,2015,2016)|cm_missing_years(2014,2015)|INFO_sif_missing_years(2014,2015,2016,2017)"
ISMN_SNOTEL_LongFlat,sm_only,train,20141001,20200507,True,True,True,True,True,True,True,True,True,True,True,True,False,251,385,0,100.0,"2014,2015","2014,2015","2014,2015,2016","2014,2015",,,,"2014,2015,2016,2017",,WARN,"s2_missing_years(2014,2015)|s1_asc_missing_years(2014,2015)|s1_desc_missing_years(2014,2015,2016)|cm_missing_years(2014,2015)|INFO_sif_missing_years(2014,2015,2016,2017)"
ISMN_SNOTEL_LongValley,sm_only,train,20140101,20180326,True,True,True,True,True,True,True,True,True,True,True,True,False,72,119,0,100.0,"2014,2015","2014,2015,2018","2014,2015,2016","2014,2015",,,,"2014,2015,2016,2017",,WARN,"s2_missing_years(2014,2015)|s1_asc_missing_years(2014,2015,2018)|s1_desc_missing_years(2014,2015,2016)|cm_missing_years(2014,2015)|INFO_sif_missing_years(2014,2015,2016,2017)"
ISMN_SNOTEL_LongValleyJct,sm_only,train,20140922,20251230,True,True,True,True,True,True,True,True,True,True,True,True,False,392,540,0,100.0,"2014,2015","2014,2015,2022,2023,2024","2014,2015,2016","2014,2015",,,,"2014,2015,2016,2017",2025,WARN,"s2_missing_years(2014,2015)|s1_asc_missing_years(2014,2015,2022,2023,2024)|s1_desc_missing_years(2014,2015,2016)|cm_missing_years(2014,2015)|INFO_sif_missing_years(2014,2015,2016,2017)|INFO_twsa_missing_years(2025)"
ISMN_SNOTEL_Lookout,sm_only,train,20140101,20251230,True,True,True,True,True,True,True,True,True,True,True,True,False,199,309,0,100.0,"2014,2015","2014,2015,2022,2023,2024","2014,2015,2016","2014,2015",,,,"2014,2015,2016,2017",2025,WARN,"s2_missing_years(2014,2015)|s1_asc_missing_years(2014,2015,2022,2023,2024)|s1_desc_missing_years(2014,2015,2016)|cm_missing_years(2014,2015)|INFO_sif_missing_years(2014,2015,2016,2017)|INFO_twsa_missing_years(2025)"
ISMN_SNOTEL_LookoutPeak,sm_only,train,20140101,20210319,True,True,True,True,True,True,True,True,True,True,True,True,False,272,418,0,100.0,"2014,2015","2014,2015","2014,2015,2016","2014,2015",,,,"2014,2015,2016,2017",,WARN,"s2_missing_years(2014,2015)|s1_asc_missing_years(2014,2015)|s1_desc_missing_years(2014,2015,2016)|cm_missing_years(2014,2015)|INFO_sif_missing_years(2014,2015,2016,2017)"
ISMN_SNOTEL_LostCreekResv,sm_only,train,20140101,20251230,True,True,True,True,True,True,True,True,True,True,True,True,False,668,923,0,100.0,"2014,2015","2014,2015,2022,2023,2024","2014,2015,2016","2014,2015",,,,"2014,2015,2016,2017",2025,WARN,"s2_missing_years(2014,2015)|s1_asc_missing_years(2014,2015,2022,2023,2024)|s1_desc_missing_years(2014,2015,2016)|cm_missing_years(2014,2015)|INFO_sif_missing_years(2014,2015,2016,2017)|INFO_twsa_missing_years(2025)"
ISMN_SNOTEL_LostDog,sm_only,train,20190628,20220719,True,True,True,True,True,True,True,True,True,True,True,True,False,203,344,0,100.0,,2022,,,,,,,,WARN,s1_asc_missing_years(2022)
ISMN_SNOTEL_LouisMeadow,sm_only,train,20140101,20240204,True,True,True,True,True,True,True,True,True,True,True,True,False,494,733,0,100.0,"2014,2015","2014,2015,2022,2023,2024","2014,2015,2016","2014,2015",,,,"2014,2015,2016,2017",,WARN,"s2_missing_years(2014,2015)|s1_asc_missing_years(2014,2015,2022,2023,2024)|s1_desc_missing_years(2014,2015,2016)|cm_missing_years(2014,2015)|INFO_sif_missing_years(2014,2015,2016,2017)"
ISMN_SNOTEL_MagicMountain,sm_only,train,20140101,20200823,True,True,True,True,True,True,True,True,True,True,True,True,False,236,376,0,100.0,"2014,2015","2014,2015","2014,2015,2016,2018,2019,2020","2014,2015",,,,"2014,2015,2016,2017",,WARN,"s2_missing_years(2014,2015)|s1_asc_missing_years(2014,2015)|s1_desc_missing_years(2014,2015,2016,2018,2019,2020)|cm_missing_years(2014,2015)|INFO_sif_missing_years(2014,2015,2016,2017)"
ISMN_SNOTEL_Mammoth-Cottonwood,sm_only,train,20140930,20210317,True,True,True,True,True,True,True,True,True,True,True,True,False,140,235,0,100.0,"2014,2015","2014,2015","2014,2015,2016","2014,2015",,,,"2014,2015,2016,2017",,WARN,"s2_missing_years(2014,2015)|s1_asc_missing_years(2014,2015)|s1_desc_missing_years(2014,2015,2016)|cm_missing_years(2014,2015)|INFO_sif_missing_years(2014,2015,2016,2017)"
ISMN_SNOTEL_MarletteLake,sm_only,train,20140101,20251230,True,True,True,True,True,True,True,True,True,True,True,True,False,303,395,0,100.0,"2014,2015,2016,2017,2018,2019,2020,2021","2014,2015","2014,2015","2014,2015,2016,2017,2018,2019,2020,2021",,,,"2014,2015,2016,2017",2025,WARN,"s2_missing_years(2014,2015,2016,2017,2018,2019,2020,2021)|s1_asc_missing_years(2014,2015)|s1_desc_missing_years(2014,2015)|cm_missing_years(2014,2015,2016,2017,2018,2019,2020,2021)|INFO_sif_missing_years(2014,2015,2016,2017)|INFO_twsa_missing_years(2025)"
ISMN_SNOTEL_MayCreek,sm_only,oos,20190506,20251230,True,True,True,True,True,True,True,True,True,True,True,True,False,120,270,0,100.0,"2019,2020,2021","2022,2023,2024",,"2019,2020,2021",,,,,2025,WARN,"s2_missing_years(2019,2020,2021)|s1_asc_missing_years(2022,2023,2024)|cm_missing_years(2019,2020,2021)|INFO_twsa_missing_years(2025)"
ISMN_SNOTEL_McGrath,sm_only,train,20190911,20250414,True,True,True,True,True,True,True,True,True,True,True,True,False,120,208,0,100.0,"2019,2020","2022,2023,2024",,"2019,2020",,,,,2025,WARN,"s2_missing_years(2019,2020)|s1_asc_missing_years(2022,2023,2024)|cm_missing_years(2019,2020)|INFO_twsa_missing_years(2025)"
ISMN_SNOTEL_McneilRiverSGS,sm_only,train,20140101,20190502,True,True,True,True,True,True,True,True,True,True,True,True,False,75,152,0,100.0,"2014,2015","2014,2015","2014,2015,2016","2014,2015",,,,"2014,2015,2016,2017",,WARN,"s2_missing_years(2014,2015)|s1_asc_missing_years(2014,2015)|s1_desc_missing_years(2014,2015,2016)|cm_missing_years(2014,2015)|INFO_sif_missing_years(2014,2015,2016,2017)"
ISMN_SNOTEL_MedBow,sm_only,train,20140101,20251230,True,True,True,True,True,True,True,True,True,True,True,True,False,102,194,0,100.0,"2014,2015,2016,2017,2018,2019,2020,2021,2022,2023","2014,2015","2014,2015,2016","2014,2015,2016,2017,2018,2019,2020,2021,2022,2023",,,,"2014,2015,2016,2017",2025,WARN,"s2_missing_years(2014,2015,2016,2017,2018,2019,2020,2021,2022,2023)|s1_asc_missing_years(2014,2015)|s1_desc_missing_years(2014,2015,2016)|cm_missing_years(2014,2015,2016,2017,2018,2019,2020,2021,2022,2023)|INFO_sif_missing_years(2014,2015,2016,2017)|INFO_twsa_missing_years(2025)"
ISMN_SNOTEL_MerchantValley,sm_only,train,20180928,20251230,True,True,True,True,True,True,True,True,True,True,True,True,False,576,859,0,100.0,,"2022,2023,2024",,,,,,,2025,WARN,"s1_asc_missing_years(2022,2023,2024)|INFO_twsa_missing_years(2025)"
ISMN_SNOTEL_MicaCreek,sm_only,train,20190306,20251230,True,True,True,True,True,True,True,True,True,True,True,True,False,174,258,0,100.0,,"2022,2023,2024",,,,,,,2025,WARN,"s1_asc_missing_years(2022,2023,2024)|INFO_twsa_missing_years(2025)"
ISMN_SNOTEL_MichiganCreek,sm_only,train,20170426,20220902,True,True,True,True,True,True,True,True,True,True,True,True,False,175,322,0,100.0,,,,,,,,2017,,OK,INFO_sif_missing_years(2017)
ISMN_SNOTEL_MiddleForkCamp,sm_only,train,20140101,20210706,True,True,True,True,True,True,True,True,True,True,True,True,False,159,276,0,100.0,"2014,2015","2014,2015","2014,2015,2016","2014,2015",,,,"2014,2015,2016,2017",,WARN,"s2_missing_years(2014,2015)|s1_asc_missing_years(2014,2015)|s1_desc_missing_years(2014,2015,2016)|cm_missing_years(2014,2015)|INFO_sif_missing_years(2014,2015,2016,2017)"
ISMN_SNOTEL_MidwayValley,sm_only,train,20140101,20251230,True,True,True,True,True,True,True,True,True,True,True,True,False,703,1068,0,100.0,"2014,2015","2014,2015,2022,2023,2024","2014,2015,2016","2014,2015",,,,"2014,2015,2016,2017",2025,WARN,"s2_missing_years(2014,2015)|s1_asc_missing_years(2014,2015,2022,2023,2024)|s1_desc_missing_years(2014,2015,2016)|cm_missing_years(2014,2015)|INFO_sif_missing_years(2014,2015,2016,2017)|INFO_twsa_missing_years(2025)"
ISMN_SNOTEL_Mill-DNorth,sm_only,train,20140101,20220328,True,True,True,True,True,True,True,True,True,True,True,True,False,341,533,0,100.0,"2014,2015","2014,2015,2022","2014,2015,2016","2014,2015",,,,"2014,2015,2016,2017",,WARN,"s2_missing_years(2014,2015)|s1_asc_missing_years(2014,2015,2022)|s1_desc_missing_years(2014,2015,2016)|cm_missing_years(2014,2015)|INFO_sif_missing_years(2014,2015,2016,2017)"
ISMN_SNOTEL_MiningFork,sm_only,train,20140101,20251230,True,True,True,True,True,True,True,True,True,True,True,True,False,588,940,0,100.0,"2014,2015","2014,2015,2022,2023,2024","2014,2015,2016","2014,2015",,,,"2014,2015,2016,2017",2025,WARN,"s2_missing_years(2014,2015)|s1_asc_missing_years(2014,2015,2022,2023,2024)|s1_desc_missing_years(2014,2015,2016)|cm_missing_years(2014,2015)|INFO_sif_missing_years(2014,2015,2016,2017)|INFO_twsa_missing_years(2025)"
ISMN_SNOTEL_MonitorPass,sm_only,train,20140101,20251230,True,True,True,True,True,True,True,True,True,True,True,True,False,416,559,0,100.0,"2014,2015","2014,2015","2014,2015","2014,2015",,,,"2014,2015,2016,2017",2025,WARN,"s2_missing_years(2014,2015)|s1_asc_missing_years(2014,2015)|s1_desc_missing_years(2014,2015)|cm_missing_years(2014,2015)|INFO_sif_missing_years(2014,2015,2016,2017)|INFO_twsa_missing_years(2025)"
ISMN_SNOTEL_MonteCristo,sm_only,train,20140821,20251230,True,True,True,True,True,True,True,True,True,True,True,True,False,573,996,0,100.0,"2014,2015","2014,2015,2022,2023,2024","2014,2015,2016","2014,2015",,,,"2014,2015,2016,2017",2025,WARN,"s2_missing_years(2014,2015)|s1_asc_missing_years(2014,2015,2022,2023,2024)|s1_desc_missing_years(2014,2015,2016)|cm_missing_years(2014,2015)|INFO_sif_missing_years(2014,2015,2016,2017)|INFO_twsa_missing_years(2025)"
ISMN_SNOTEL_MonumentCreek,sm_only,oos,20140101,20191013,True,True,True,True,True,True,True,True,True,True,True,True,False,117,256,0,100.0,"2014,2015","2014,2015","2014,2015,2016","2014,2015",,,,"2014,2015,2016,2017",,WARN,"s2_missing_years(2014,2015)|s1_asc_missing_years(2014,2015)|s1_desc_missing_years(2014,2015,2016)|cm_missing_years(2014,2015)|INFO_sif_missing_years(2014,2015,2016,2017)"
ISMN_SNOTEL_MooreCreekBridge,sm_only,train,20170516,20210504,True,True,True,True,True,True,True,True,True,True,True,True,False,129,299,0,100.0,,,,,,,,2017,,OK,INFO_sif_missing_years(2017)
ISMN_SNOTEL_MormonMountain,sm_only,oos,20140101,20221008,True,True,True,True,True,True,True,True,True,True,True,True,False,487,687,0,100.0,"2014,2015","2014,2015,2022","2014,2015,2016","2014,2015",,,,"2014,2015,2016,2017",,WARN,"s2_missing_years(2014,2015)|s1_asc_missing_years(2014,2015,2022)|s1_desc_missing_years(2014,2015,2016)|cm_missing_years(2014,2015)|INFO_sif_missing_years(2014,2015,2016,2017)"
ISMN_SNOTEL_MormonMtnSummit,sm_only,train,20150513,20250321,True,True,True,True,True,True,True,True,True,True,True,True,False,689,995,0,100.0,2015,"2015,2022,2023,2024,2025","2015,2016",2015,,,,"2015,2016,2017",2025,WARN,"s2_missing_years(2015)|s1_asc_missing_years(2015,2022,2023,2024,2025)|s1_desc_missing_years(2015,2016)|cm_missing_years(2015)|INFO_sif_missing_years(2015,2016,2017)|INFO_twsa_missing_years(2025)"
ISMN_SNOTEL_MosbyMtn.,sm_only,train,20170605,20251230,True,True,True,True,True,True,True,True,True,True,True,True,False,654,1072,0,100.0,,,,,,,,2017,2025,OK,INFO_sif_missing_years(2017)|INFO_twsa_missing_years(2025)
ISMN_SNOTEL_MoscowMountain,sm_only,oos,20140101,20251230,True,True,True,True,True,True,True,True,True,True,True,True,False,451,738,0,100.0,"2014,2015","2014,2015,2022,2023,2024","2014,2015,2016","2014,2015",,,,"2014,2015,2016,2017",2025,WARN,"s2_missing_years(2014,2015)|s1_asc_missing_years(2014,2015,2022,2023,2024)|s1_desc_missing_years(2014,2015,2016)|cm_missing_years(2014,2015)|INFO_sif_missing_years(2014,2015,2016,2017)|INFO_twsa_missing_years(2025)"
ISMN_SNOTEL_MosesMtn,sm_only,train,20210917,20250321,True,True,True,True,True,True,True,True,True,True,True,True,False,133,299,0,100.0,,"2022,2023,2025",,,,,,,2025,WARN,"s1_asc_missing_years(2022,2023,2025)|INFO_twsa_missing_years(2025)"
ISMN_SNOTEL_MosquitoRidge,sm_only,oos,20160929,20241003,True,True,True,True,True,True,True,True,True,True,True,True,False,278,534,0,100.0,,"2022,2023,2024",2016,,,,,"2016,2017",,WARN,"s1_asc_missing_years(2022,2023,2024)|s1_desc_missing_years(2016)|INFO_sif_missing_years(2016,2017)"
ISMN_SNOTEL_Mt.Ryan,sm_only,train,20140101,20191013,True,True,True,True,True,True,True,True,True,True,True,True,False,105,257,0,100.0,"2014,2015","2014,2015","2014,2015,2016","2014,2015",,,,"2014,2015,2016,2017",,WARN,"s2_missing_years(2014,2015)|s1_asc_missing_years(2014,2015)|s1_desc_missing_years(2014,2015,2016)|cm_missing_years(2014,2015)|INFO_sif_missing_years(2014,2015,2016,2017)"
ISMN_SNOTEL_MtBaldy,sm_only,oos,20140101,20230828,True,True,True,True,True,True,True,True,True,True,True,True,False,220,372,0,100.0,"2014,2015","2014,2015,2022,2023","2014,2015,2016","2014,2015",,,,"2014,2015,2016,2017",,WARN,"s2_missing_years(2014,2015)|s1_asc_missing_years(2014,2015,2022,2023)|s1_desc_missing_years(2014,2015,2016)|cm_missing_years(2014,2015)|INFO_sif_missing_years(2014,2015,2016,2017)"
ISMN_SNOTEL_MtPennell,sm_only,train,20150818,20251230,True,True,True,True,True,True,True,True,True,True,True,True,False,751,1034,0,100.0,2015,"2015,2022,2023,2024","2015,2016",2015,,,,"2015,2016,2017",2025,WARN,"s2_missing_years(2015)|s1_asc_missing_years(2015,2022,2023,2024)|s1_desc_missing_years(2015,2016)|cm_missing_years(2015)|INFO_sif_missing_years(2015,2016,2017)|INFO_twsa_missing_years(2025)"
ISMN_SNOTEL_MtRoseSkiArea,sm_only,oos,20140101,20251230,True,True,True,True,True,True,True,True,True,True,True,True,False,819,1081,0,100.0,"2014,2015","2014,2015","2014,2015,2016","2014,2015",,,,"2014,2015,2016,2017",2025,WARN,"s2_missing_years(2014,2015)|s1_asc_missing_years(2014,2015)|s1_desc_missing_years(2014,2015,2016)|cm_missing_years(2014,2015)|INFO_sif_missing_years(2014,2015,2016,2017)|INFO_twsa_missing_years(2025)"
ISMN_SNOTEL_MudFlat,sm_only,train,20140101,20180507,True,True,True,True,True,True,True,True,True,True,True,True,False,89,146,0,100.0,"2014,2015","2014,2015","2014,2015,2016","2014,2015",,,,"2014,2015,2016,2017",,WARN,"s2_missing_years(2014,2015)|s1_asc_missing_years(2014,2015)|s1_desc_missing_years(2014,2015,2016)|cm_missing_years(2014,2015)|INFO_sif_missing_years(2014,2015,2016,2017)"
ISMN_SNOTEL_MyrtleCreek,sm_only,oos,20170920,20251230,True,True,True,True,True,True,True,True,True,True,True,True,False,379,724,0,100.0,,"2022,2023,2024",,,,,,2017,2025,WARN,"s1_asc_missing_years(2022,2023,2024)|INFO_sif_missing_years(2017)|INFO_twsa_missing_years(2025)"
ISMN_SNOTEL_NavajoWhiskeyCk,sm_only,train,20140101,20250321,True,True,True,True,True,True,True,True,True,True,True,True,False,307,481,0,100.0,"2014,2015","2014,2015,2022,2023,2024,2025","2014,2015,2016","2014,2015",,,,"2014,2015,2016,2017",2025,WARN,"s2_missing_years(2014,2015)|s1_asc_missing_years(2014,2015,2022,2023,2024,2025)|s1_desc_missing_years(2014,2015,2016)|cm_missing_years(2014,2015)|INFO_sif_missing_years(2014,2015,2016,2017)|INFO_twsa_missing_years(2025)"
ISMN_SNOTEL_NukaGlacier,sm_only,train,20140101,20251230,True,True,True,True,True,True,True,True,True,True,True,True,False,315,602,0,100.0,"2014,2015","2014,2015,2022,2023,2024","2014,2015,2016","2014,2015",,,,"2014,2015,2016,2017",2025,WARN,"s2_missing_years(2014,2015)|s1_asc_missing_years(2014,2015,2022,2023,2024)|s1_desc_missing_years(2014,2015,2016)|cm_missing_years(2014,2015)|INFO_sif_missing_years(2014,2015,2016,2017)|INFO_twsa_missing_years(2025)"
ISMN_SNOTEL_ONeilCreek,sm_only,train,20180611,20250305,True,True,True,True,True,True,True,True,True,True,True,True,False,262,379,0,100.0,,,,,,,,,2025,OK,INFO_twsa_missing_years(2025)
ISMN_SNOTEL_OakCreek,sm_only,val,20140101,20251230,True,True,True,True,True,True,True,True,True,True,True,True,False,674,978,0,100.0,"2014,2015","2014,2015,2022,2023,2024","2014,2015,2016","2014,2015",,,,"2014,2015,2016,2017",2025,WARN,"s2_missing_years(2014,2015)|s1_asc_missing_years(2014,2015,2022,2023,2024)|s1_desc_missing_years(2014,2015,2016)|cm_missing_years(2014,2015)|INFO_sif_missing_years(2014,2015,2016,2017)|INFO_twsa_missing_years(2025)"
ISMN_SNOTEL_PalisadesTahoe,sm_only,train,20140101,20251230,True,True,True,True,True,True,True,True,True,True,True,True,False,818,1079,0,100.0,"2014,2015","2014,2015","2014,2015","2014,2015",,,,"2014,2015,2016,2017",2025,WARN,"s2_missing_years(2014,2015)|s1_asc_missing_years(2014,2015)|s1_desc_missing_years(2014,2015)|cm_missing_years(2014,2015)|INFO_sif_missing_years(2014,2015,2016,2017)|INFO_twsa_missing_years(2025)"
ISMN_SNOTEL_Palo,sm_only,train,20140101,20230507,True,True,True,True,True,True,True,True,True,True,True,True,False,247,368,0,100.0,"2014,2015","2014,2015","2014,2015,2016","2014,2015",,,,"2014,2015,2016,2017",,WARN,"s2_missing_years(2014,2015)|s1_asc_missing_years(2014,2015)|s1_desc_missing_years(2014,2015,2016)|cm_missing_years(2014,2015)|INFO_sif_missing_years(2014,2015,2016,2017)"
ISMN_SNOTEL_PanguitchLakeRS,sm_only,oos,20140528,20251230,True,True,True,True,True,True,True,True,True,True,True,True,False,701,1067,0,100.0,"2014,2015","2014,2015,2022,2023,2024","2014,2015,2016","2014,2015",,,,"2014,2015,2016,2017",2025,WARN,"s2_missing_years(2014,2015)|s1_asc_missing_years(2014,2015,2022,2023,2024)|s1_desc_missing_years(2014,2015,2016)|cm_missing_years(2014,2015)|INFO_sif_missing_years(2014,2015,2016,2017)|INFO_twsa_missing_years(2025)"
ISMN_SNOTEL_ParkCone,sm_only,train,20210302,20250321,True,True,True,True,True,True,True,True,True,True,True,True,False,156,269,0,100.0,,,,,,,,,2025,OK,INFO_twsa_missing_years(2025)
ISMN_SNOTEL_ParkReservoir,sm_only,train,20140101,20210628,True,True,True,True,True,True,True,True,True,True,True,True,False,293,475,0,100.0,"2014,2015","2014,2015","2014,2015,2016","2014,2015",,,,"2014,2015,2016,2017",,WARN,"s2_missing_years(2014,2015)|s1_asc_missing_years(2014,2015)|s1_desc_missing_years(2014,2015,2016)|cm_missing_years(2014,2015)|INFO_sif_missing_years(2014,2015,2016,2017)"
ISMN_SNOTEL_ParleysSummit,sm_only,train,20140101,20251230,True,True,True,True,True,True,True,True,True,True,True,True,False,435,619,0,100.0,"2014,2015,2016,2017,2018,2019","2014,2015,2022,2023,2024","2014,2015,2016","2014,2015,2016,2017,2018,2019",,,,"2014,2015,2016,2017",2025,WARN,"s2_missing_years(2014,2015,2016,2017,2018,2019)|s1_asc_missing_years(2014,2015,2022,2023,2024)|s1_desc_missing_years(2014,2015,2016)|cm_missing_years(2014,2015,2016,2017,2018,2019)|INFO_sif_missing_years(2014,2015,2016,2017)|INFO_twsa_missing_years(2025)"
ISMN_SNOTEL_ParleysUpper,sm_only,train,20190821,20251230,True,True,True,True,True,True,True,True,True,True,True,True,False,144,210,0,100.0,"2019,2020,2021,2022","2022,2023,2024",,"2019,2020,2021,2022",,,,,2025,WARN,"s2_missing_years(2019,2020,2021,2022)|s1_asc_missing_years(2022,2023,2024)|cm_missing_years(2019,2020,2021,2022)|INFO_twsa_missing_years(2025)"
ISMN_SNOTEL_ParrishCreek,sm_only,oos,20140101,20251230,True,True,True,True,True,True,True,True,True,True,True,True,False,651,925,0,100.0,"2014,2015","2014,2015,2022,2023,2024","2014,2015,2016","2014,2015",,,,"2014,2015,2016,2017",2025,WARN,"s2_missing_years(2014,2015)|s1_asc_missing_years(2014,2015,2022,2023,2024)|s1_desc_missing_years(2014,2015,2016)|cm_missing_years(2014,2015)|INFO_sif_missing_years(2014,2015,2016,2017)|INFO_twsa_missing_years(2025)"
ISMN_SNOTEL_PaysonR.S.,sm_only,oos,20140101,20251230,True,True,True,True,True,True,True,True,True,True,True,True,False,327,495,0,100.0,"2014,2015","2014,2015,2022,2023,2024","2014,2015,2016","2014,2015",,,,"2014,2015,2016,2017",2025,WARN,"s2_missing_years(2014,2015)|s1_asc_missing_years(2014,2015,2022,2023,2024)|s1_desc_missing_years(2014,2015,2016)|cm_missing_years(2014,2015)|INFO_sif_missing_years(2014,2015,2016,2017)|INFO_twsa_missing_years(2025)"
ISMN_SNOTEL_PebbleCreek,sm_only,oos,20211013,20251230,True,True,True,True,True,True,True,True,True,True,True,True,False,137,223,0,100.0,,"2022,2023,2024",,,,,,,2025,WARN,"s1_asc_missing_years(2022,2023,2024)|INFO_twsa_missing_years(2025)"
ISMN_SNOTEL_PhantomValley,sm_only,train,20140101,20231224,True,True,True,True,True,True,True,True,True,True,True,True,False,223,400,0,100.0,"2014,2015","2014,2015","2014,2015,2016","2014,2015",,,,"2014,2015,2016,2017",,WARN,"s2_missing_years(2014,2015)|s1_asc_missing_years(2014,2015)|s1_desc_missing_years(2014,2015,2016)|cm_missing_years(2014,2015)|INFO_sif_missing_years(2014,2015,2016,2017)"
ISMN_SNOTEL_PickleKeg,sm_only,train,20140101,20220216,True,True,True,True,True,True,True,True,True,True,True,True,False,176,274,0,100.0,"2014,2015","2014,2015,2022","2014,2015,2016","2014,2015",,,,"2014,2015,2016,2017",,WARN,"s2_missing_years(2014,2015)|s1_asc_missing_years(2014,2015,2022)|s1_desc_missing_years(2014,2015,2016)|cm_missing_years(2014,2015)|INFO_sif_missing_years(2014,2015,2016,2017)"
ISMN_SNOTEL_PierceR.S.,sm_only,train,20140101,20251230,True,True,True,True,True,True,True,True,True,True,True,True,False,237,382,0,100.0,"2014,2015","2014,2015,2022,2023,2024","2014,2015,2016","2014,2015",,,,"2014,2015,2016,2017",2025,WARN,"s2_missing_years(2014,2015)|s1_asc_missing_years(2014,2015,2022,2023,2024)|s1_desc_missing_years(2014,2015,2016)|cm_missing_years(2014,2015)|INFO_sif_missing_years(2014,2015,2016,2017)|INFO_twsa_missing_years(2025)"
ISMN_SNOTEL_PineCreek,sm_only,oos,20140101,20251230,True,True,True,True,True,True,True,True,True,True,True,True,False,640,972,0,100.0,"2014,2015","2014,2015,2022,2023,2024","2014,2015,2016","2014,2015",,,,"2014,2015,2016,2017",2025,WARN,"s2_missing_years(2014,2015)|s1_asc_missing_years(2014,2015,2022,2023,2024)|s1_desc_missing_years(2014,2015,2016)|cm_missing_years(2014,2015)|INFO_sif_missing_years(2014,2015,2016,2017)|INFO_twsa_missing_years(2025)"
ISMN_SNOTEL_PocketCreek,sm_only,train,20170712,20230920,True,True,True,True,True,True,True,True,True,True,True,True,False,392,702,0,100.0,,"2022,2023",,,,,,2017,,WARN,"s1_asc_missing_years(2022,2023)|INFO_sif_missing_years(2017)"
ISMN_SNOTEL_PoisonFlat,sm_only,train,20140101,20220720,True,True,True,True,True,True,True,True,True,True,True,True,False,249,333,0,100.0,"2014,2015","2014,2015","2014,2015","2014,2015",,,,"2014,2015,2016,2017",,WARN,"s2_missing_years(2014,2015)|s1_asc_missing_years(2014,2015)|s1_desc_missing_years(2014,2015)|cm_missing_years(2014,2015)|INFO_sif_missing_years(2014,2015,2016,2017)"
ISMN_SNOTEL_PoleCanyon,sm_only,train,20140101,20251230,True,True,True,True,True,True,True,True,True,True,True,True,False,338,511,0,100.0,"2014,2015","2014,2015,2022,2023,2024","2014,2015,2016","2014,2015",,,,"2014,2015,2016,2017",2025,WARN,"s2_missing_years(2014,2015)|s1_asc_missing_years(2014,2015,2022,2023,2024)|s1_desc_missing_years(2014,2015,2016)|cm_missing_years(2014,2015)|INFO_sif_missing_years(2014,2015,2016,2017)|INFO_twsa_missing_years(2025)"
ISMN_SNOTEL_PoleCreekR.S.,sm_only,train,20140101,20190716,True,True,True,True,True,True,True,True,True,True,True,True,False,88,144,0,100.0,"2014,2015","2014,2015,2017","2014,2015,2016","2014,2015",,,,"2014,2015,2016,2017",,WARN,"s2_missing_years(2014,2015)|s1_asc_missing_years(2014,2015,2017)|s1_desc_missing_years(2014,2015,2016)|cm_missing_years(2014,2015)|INFO_sif_missing_years(2014,2015,2016,2017)"
ISMN_SNOTEL_PorphyryCreek,sm_only,train,20140101,20220706,True,True,True,True,True,True,True,True,True,True,True,True,False,177,312,0,100.0,"2014,2015","2014,2015,2022","2014,2015,2016","2014,2015",,,,"2014,2015,2016,2017",,WARN,"s2_missing_years(2014,2015)|s1_asc_missing_years(2014,2015,2022)|s1_desc_missing_years(2014,2015,2016)|cm_missing_years(2014,2015)|INFO_sif_missing_years(2014,2015,2016,2017)"
ISMN_SNOTEL_PortGraham,sm_only,train,20140101,20220601,True,True,True,True,True,True,True,True,True,True,True,True,False,182,335,0,100.0,"2014,2015","2014,2015,2022","2014,2015,2016","2014,2015",,,,"2014,2015,2016,2017",,WARN,"s2_missing_years(2014,2015)|s1_asc_missing_years(2014,2015,2022)|s1_desc_missing_years(2014,2015,2016)|cm_missing_years(2014,2015)|INFO_sif_missing_years(2014,2015,2016,2017)"
ISMN_SNOTEL_PorterCanyon,sm_only,val,20140101,20251230,True,True,True,True,True,True,True,True,True,True,True,True,False,718,1005,0,100.0,"2014,2015","2014,2015","2014,2015,2016","2014,2015",,,,"2014,2015,2016,2017",2025,WARN,"s2_missing_years(2014,2015)|s1_asc_missing_years(2014,2015)|s1_desc_missing_years(2014,2015,2016)|cm_missing_years(2014,2015)|INFO_sif_missing_years(2014,2015,2016,2017)|INFO_twsa_missing_years(2025)"
ISMN_SNOTEL_PowderMountain,sm_only,oos,20220627,20251230,True,True,True,True,True,True,True,True,True,True,True,True,False,250,364,0,100.0,,"2022,2023,2024",,,,,,,2025,WARN,"s1_asc_missing_years(2022,2023,2024)|INFO_twsa_missing_years(2025)"
ISMN_SNOTEL_QuartzMountain,sm_only,train,20220901,20251230,True,True,True,True,True,True,True,True,True,True,True,True,False,134,188,0,100.0,,,,,,,,,2025,OK,INFO_twsa_missing_years(2025)
ISMN_SNOTEL_QuartzPeak,sm_only,oos,20190822,20251230,True,True,True,True,True,True,True,True,True,True,True,True,False,288,490,0,100.0,,"2022,2023,2024",,,,,,,2025,WARN,"s1_asc_missing_years(2022,2023,2024)|INFO_twsa_missing_years(2025)"
ISMN_SNOTEL_Quemazon,sm_only,train,20180509,20250321,True,True,True,True,True,True,True,True,True,True,True,True,False,482,840,0,100.0,,,,,,,,,2025,OK,INFO_twsa_missing_years(2025)
ISMN_SNOTEL_RaggedMountain,sm_only,val,20140101,20250318,True,True,True,True,True,True,True,True,True,True,True,True,False,343,577,0,100.0,"2014,2015","2014,2015,2022,2023,2024,2025","2014,2015,2016","2014,2015",,,,"2014,2015,2016,2017",2025,WARN,"s2_missing_years(2014,2015)|s1_asc_missing_years(2014,2015,2022,2023,2024,2025)|s1_desc_missing_years(2014,2015,2016)|cm_missing_years(2014,2015)|INFO_sif_missing_years(2014,2015,2016,2017)|INFO_twsa_missing_years(2025)"
ISMN_SNOTEL_RainbowCanyon,sm_only,oos,20140101,20251230,True,True,True,True,True,True,True,True,True,True,True,True,False,836,1061,0,100.0,"2014,2015","2014,2015,2022,2023,2024","2014,2015,2016","2014,2015",,,,"2014,2015,2016,2017",2025,WARN,"s2_missing_years(2014,2015)|s1_asc_missing_years(2014,2015,2022,2023,2024)|s1_desc_missing_years(2014,2015,2016)|cm_missing_years(2014,2015)|INFO_sif_missing_years(2014,2015,2016,2017)|INFO_twsa_missing_years(2025)"
ISMN_SNOTEL_RainyPass,sm_only,oos,20210202,20251102,True,True,True,True,True,True,True,True,True,True,True,True,False,127,209,0,100.0,,,,,,,,,2025,OK,INFO_twsa_missing_years(2025)
ISMN_SNOTEL_ReddenMineLwr,sm_only,train,20140101,20250321,True,True,True,True,True,True,True,True,True,True,True,True,False,275,431,0,100.0,"2014,2015","2014,2015,2022,2023,2024,2025","2014,2015,2016","2014,2015",,,,"2014,2015,2016,2017",2025,WARN,"s2_missing_years(2014,2015)|s1_asc_missing_years(2014,2015,2022,2023,2024,2025)|s1_desc_missing_years(2014,2015,2016)|cm_missing_years(2014,2015)|INFO_sif_missing_years(2014,2015,2016,2017)|INFO_twsa_missing_years(2025)"
ISMN_SNOTEL_ReesFlat,sm_only,train,20140101,20251119,True,True,True,True,True,True,True,True,True,True,True,True,False,338,517,0,100.0,"2014,2015","2014,2015,2022,2023,2024","2014,2015,2016","2014,2015",,,,"2014,2015,2016,2017",2025,WARN,"s2_missing_years(2014,2015)|s1_asc_missing_years(2014,2015,2022,2023,2024)|s1_desc_missing_years(2014,2015,2016)|cm_missing_years(2014,2015)|INFO_sif_missing_years(2014,2015,2016,2017)|INFO_twsa_missing_years(2025)"
ISMN_SNOTEL_ReynoldsCreek,sm_only,train,20140101,20190826,True,True,True,True,True,True,True,True,True,True,True,True,False,89,154,0,100.0,"2014,2015","2014,2015","2014,2015,2016","2014,2015",,,,"2014,2015,2016,2017",,WARN,"s2_missing_years(2014,2015)|s1_asc_missing_years(2014,2015)|s1_desc_missing_years(2014,2015,2016)|cm_missing_years(2014,2015)|INFO_sif_missing_years(2014,2015,2016,2017)"
ISMN_SNOTEL_RioSantaBarbara,sm_only,oos,20170921,20251230,True,True,True,True,True,True,True,True,True,True,True,True,False,635,1082,0,100.0,,,,,,,,2017,2025,OK,INFO_sif_missing_years(2017)|INFO_twsa_missing_years(2025)
ISMN_SNOTEL_RockCreek,sm_only,oos,20140101,20250223,True,True,True,True,True,True,True,True,True,True,True,True,False,259,460,0,100.0,"2014,2015","2014,2015,2022,2023,2024,2025","2014,2015,2016","2014,2015",,,,"2014,2015,2016,2017",2025,WARN,"s2_missing_years(2014,2015)|s1_asc_missing_years(2014,2015,2022,2023,2024,2025)|s1_desc_missing_years(2014,2015,2016)|cm_missing_years(2014,2015)|INFO_sif_missing_years(2014,2015,2016,2017)|INFO_twsa_missing_years(2025)"
ISMN_SNOTEL_RockSprings,sm_only,train,20220624,20251230,True,True,True,True,True,True,True,True,True,True,True,True,False,245,358,0,100.0,,,,,,,,,2025,OK,INFO_twsa_missing_years(2025)
ISMN_SNOTEL_RockwoodGS,sm_only,oos,20220909,20251230,True,True,True,True,True,True,True,True,True,True,True,True,False,226,384,0,100.0,,"2022,2023,2024",,,,,,,2025,WARN,"s1_asc_missing_years(2022,2023,2024)|INFO_twsa_missing_years(2025)"
ISMN_SNOTEL_RockyBasin-Settleme,sm_only,train,20140101,20220707,True,True,True,True,True,True,True,True,True,True,True,True,False,359,566,0,100.0,"2014,2015","2014,2015,2022","2014,2015,2016","2014,2015",,,,"2014,2015,2016,2017",,WARN,"s2_missing_years(2014,2015)|s1_asc_missing_years(2014,2015,2022)|s1_desc_missing_years(2014,2015,2016)|cm_missing_years(2014,2015)|INFO_sif_missing_years(2014,2015,2016,2017)"
ISMN_SNOTEL_RoughAndTumble,sm_only,train,20140101,20210807,True,True,True,True,True,True,True,True,True,True,True,True,False,166,275,0,100.0,"2014,2015","2014,2015","2014,2015,2016","2014,2015",,,,"2014,2015,2016,2017",,WARN,"s2_missing_years(2014,2015)|s1_asc_missing_years(2014,2015)|s1_desc_missing_years(2014,2015,2016)|cm_missing_years(2014,2015)|INFO_sif_missing_years(2014,2015,2016,2017)"
ISMN_SNOTEL_Rubicon#2,sm_only,train,20140827,20251230,True,True,True,True,True,True,True,True,True,True,True,True,False,756,1077,0,100.0,"2014,2015","2014,2015","2014,2015","2014,2015",,,,"2014,2015,2016,2017",2025,WARN,"s2_missing_years(2014,2015)|s1_asc_missing_years(2014,2015)|s1_desc_missing_years(2014,2015)|cm_missing_years(2014,2015)|INFO_sif_missing_years(2014,2015,2016,2017)|INFO_twsa_missing_years(2025)"
ISMN_SNOTEL_SageCreekBasin,sm_only,train,20140101,20200511,True,True,True,True,True,True,True,True,True,True,True,True,False,205,332,0,100.0,"2014,2015","2014,2015","2014,2015,2016","2014,2015",,,,"2014,2015,2016,2017",,WARN,"s2_missing_years(2014,2015)|s1_asc_missing_years(2014,2015)|s1_desc_missing_years(2014,2015,2016)|cm_missing_years(2014,2015)|INFO_sif_missing_years(2014,2015,2016,2017)"
ISMN_SNOTEL_SaltRiverSummit,sm_only,train,20140101,20251230,True,True,True,True,True,True,True,True,True,True,True,True,False,530,958,0,100.0,"2014,2015","2014,2015,2022,2023,2024","2014,2015,2016","2014,2015",,,,"2014,2015,2016,2017",2025,WARN,"s2_missing_years(2014,2015)|s1_asc_missing_years(2014,2015,2022,2023,2024)|s1_desc_missing_years(2014,2015,2016)|cm_missing_years(2014,2015)|INFO_sif_missing_years(2014,2015,2016,2017)|INFO_twsa_missing_years(2025)"
ISMN_SNOTEL_SandstoneRS,sm_only,oos,20170817,20251230,True,True,True,True,True,True,True,True,True,True,True,True,False,563,928,0,100.0,,,,,,,,2017,2025,OK,INFO_sif_missing_years(2017)|INFO_twsa_missing_years(2025)
ISMN_SNOTEL_SantaFe,sm_only,train,20150312,20251230,True,True,True,True,True,True,True,True,True,True,True,True,False,649,1078,0,100.0,2015,2015,"2015,2016",2015,,,,"2015,2016,2017",2025,WARN,"s2_missing_years(2015)|s1_asc_missing_years(2015)|s1_desc_missing_years(2015,2016)|cm_missing_years(2015)|INFO_sif_missing_years(2015,2016,2017)|INFO_twsa_missing_years(2025)"
ISMN_SNOTEL_SantaquinMeadows,sm_only,val,20161027,20240109,True,True,True,True,True,True,True,True,True,True,True,True,False,234,362,0,100.0,,"2022,2023,2024","2016,2024",,,,,"2016,2017",,WARN,"s1_asc_missing_years(2022,2023,2024)|s1_desc_missing_years(2016,2024)|INFO_sif_missing_years(2016,2017)"
ISMN_SNOTEL_SavagePass,sm_only,train,20180822,20251230,True,True,True,True,True,True,True,True,True,True,True,True,False,309,622,0,100.0,,"2022,2023,2024","2018,2019,2020,2022,2023,2024",,,,,,2025,WARN,"s1_asc_missing_years(2022,2023,2024)|s1_desc_missing_years(2018,2019,2020,2022,2023,2024)|INFO_twsa_missing_years(2025)"
ISMN_SNOTEL_Sawtooth,sm_only,val,20180206,20220406,True,True,True,True,True,True,True,True,True,True,True,True,False,151,246,0,100.0,,2022,,,,,,,,WARN,s1_asc_missing_years(2022)
ISMN_SNOTEL_SchofieldPass,sm_only,train,20140101,20251230,True,True,True,True,True,True,True,True,True,True,True,True,False,312,526,0,100.0,"2014,2015","2014,2015","2014,2015,2016","2014,2015",,,,"2014,2015,2016,2017",2025,WARN,"s2_missing_years(2014,2015)|s1_asc_missing_years(2014,2015)|s1_desc_missing_years(2014,2015,2016)|cm_missing_years(2014,2015)|INFO_sif_missing_years(2014,2015,2016,2017)|INFO_twsa_missing_years(2025)"
ISMN_SNOTEL_SeeleyCreek,sm_only,train,20140101,20251013,True,True,True,True,True,True,True,True,True,True,True,True,False,330,511,0,100.0,"2014,2015","2014,2015,2022,2023,2024","2014,2015,2016","2014,2015",,,,"2014,2015,2016,2017",2025,WARN,"s2_missing_years(2014,2015)|s1_asc_missing_years(2014,2015,2022,2023,2024)|s1_desc_missing_years(2014,2015,2016)|cm_missing_years(2014,2015)|INFO_sif_missing_years(2014,2015,2016,2017)|INFO_twsa_missing_years(2025)"
ISMN_SNOTEL_SenoritaDivide#2,sm_only,train,20210306,20250321,True,True,True,True,True,True,True,True,True,True,True,True,False,163,256,0,100.0,,,,,,,,,2025,OK,INFO_twsa_missing_years(2025)
ISMN_SNOTEL_SeventysixCreek,sm_only,train,20140101,20230910,True,True,True,True,True,True,True,True,True,True,True,True,False,196,359,0,100.0,"2014,2015","2014,2015","2014,2015,2016","2014,2015",,,,"2014,2015,2016,2017",,WARN,"s2_missing_years(2014,2015)|s1_asc_missing_years(2014,2015)|s1_desc_missing_years(2014,2015,2016)|cm_missing_years(2014,2015)|INFO_sif_missing_years(2014,2015,2016,2017)"
ISMN_SNOTEL_ShanghiSummit,sm_only,train,20190806,20251230,True,True,True,True,True,True,True,True,True,True,True,True,False,156,270,0,100.0,,"2022,2023,2024",,,,,,,2025,WARN,"s1_asc_missing_years(2022,2023,2024)|INFO_twsa_missing_years(2025)"
ISMN_SNOTEL_Sharkstooth,sm_only,oos,20140101,20200721,True,True,True,True,True,True,True,True,True,True,True,True,False,235,381,0,100.0,"2014,2015","2014,2015","2014,2015,2016","2014,2015",,,,"2014,2015,2016,2017",,WARN,"s2_missing_years(2014,2015)|s1_asc_missing_years(2014,2015)|s1_desc_missing_years(2014,2015,2016)|cm_missing_years(2014,2015)|INFO_sif_missing_years(2014,2015,2016,2017)"
ISMN_SNOTEL_SheepMtn.,sm_only,oos,20140101,20251230,True,True,True,True,True,True,True,True,True,True,True,True,False,576,871,0,100.0,"2014,2015","2014,2015,2022,2023,2024","2014,2015,2016","2014,2015",,,,"2014,2015,2016,2017",2025,WARN,"s2_missing_years(2014,2015)|s1_asc_missing_years(2014,2015,2022,2023,2024)|s1_desc_missing_years(2014,2015,2016)|cm_missing_years(2014,2015)|INFO_sif_missing_years(2014,2015,2016,2017)|INFO_twsa_missing_years(2025)"
ISMN_SNOTEL_Sheldon,sm_only,train,20140101,20230508,True,True,True,True,True,True,True,True,True,True,True,True,False,471,667,0,100.0,"2014,2015","2014,2015","2014,2015,2016","2014,2015",,,,"2014,2015,2016,2017",,WARN,"s2_missing_years(2014,2015)|s1_asc_missing_years(2014,2015)|s1_desc_missing_years(2014,2015,2016)|cm_missing_years(2014,2015)|INFO_sif_missing_years(2014,2015,2016,2017)"
ISMN_SNOTEL_Sherwin,sm_only,val,20201014,20251230,True,True,True,True,True,True,True,True,True,True,True,True,False,131,235,0,100.0,,"2022,2023,2024",,,,,,,2025,WARN,"s1_asc_missing_years(2022,2023,2024)|INFO_twsa_missing_years(2025)"
ISMN_SNOTEL_Shuree,sm_only,train,20190606,20251230,True,True,True,True,True,True,True,True,True,True,True,True,False,277,427,0,100.0,,,,,,,,,2025,OK,INFO_twsa_missing_years(2025)
ISMN_SNOTEL_Silvies,sm_only,oos,20221001,20251230,True,True,True,True,True,True,True,True,True,True,True,True,False,240,353,0,100.0,,,,,,,,,2025,OK,INFO_twsa_missing_years(2025)
ISMN_SNOTEL_Slumgullion,sm_only,train,20171026,20251230,True,True,True,True,True,True,True,True,True,True,True,True,False,322,530,0,100.0,,,,,,,,2017,2025,OK,INFO_sif_missing_years(2017)|INFO_twsa_missing_years(2025)
ISMN_SNOTEL_SmithMorehouse,sm_only,train,20140905,20221226,True,True,True,True,True,True,True,True,True,True,True,True,False,199,312,0,100.0,"2014,2015","2014,2015,2022","2014,2015,2016","2014,2015",,,,"2014,2015,2016,2017",,WARN,"s2_missing_years(2014,2015)|s1_asc_missing_years(2014,2015,2022)|s1_desc_missing_years(2014,2015,2016)|cm_missing_years(2014,2015)|INFO_sif_missing_years(2014,2015,2016,2017)"
ISMN_SNOTEL_SnakeRiverStation,sm_only,val,20140101,20251230,True,True,True,True,True,True,True,True,True,True,True,True,False,483,857,0,100.0,"2014,2015","2014,2015,2022,2023,2024","2014,2015,2016","2014,2015",,,,"2014,2015,2016,2017",2025,WARN,"s2_missing_years(2014,2015)|s1_asc_missing_years(2014,2015,2022,2023,2024)|s1_desc_missing_years(2014,2015,2016)|cm_missing_years(2014,2015)|INFO_sif_missing_years(2014,2015,2016,2017)|INFO_twsa_missing_years(2025)"
ISMN_SNOTEL_Snowbird,sm_only,train,20190711,20251230,True,True,True,True,True,True,True,True,True,True,True,True,False,467,765,0,100.0,,"2022,2023,2024",,,,,,,2025,WARN,"s1_asc_missing_years(2022,2023,2024)|INFO_twsa_missing_years(2025)"
ISMN_SNOTEL_SomsenRanch,sm_only,train,20140101,20251230,True,True,True,True,True,True,True,True,True,True,True,True,False,555,875,0,100.0,"2014,2015","2014,2015,2022,2023,2024","2014,2015,2016","2014,2015",,,,"2014,2015,2016,2017",2025,WARN,"s2_missing_years(2014,2015)|s1_asc_missing_years(2014,2015,2022,2023,2024)|s1_desc_missing_years(2014,2015,2016)|cm_missing_years(2014,2015)|INFO_sif_missing_years(2014,2015,2016,2017)|INFO_twsa_missing_years(2025)"
ISMN_SNOTEL_SonoraPass,sm_only,val,20140101,20230615,True,True,True,True,True,True,True,True,True,True,True,True,False,299,385,0,100.0,"2014,2015","2014,2015,2022,2023","2014,2015","2014,2015",,,,"2014,2015,2016,2017",,WARN,"s2_missing_years(2014,2015)|s1_asc_missing_years(2014,2015,2022,2023)|s1_desc_missing_years(2014,2015)|cm_missing_years(2014,2015)|INFO_sif_missing_years(2014,2015,2016,2017)"
ISMN_SNOTEL_SourdoughGulch,sm_only,train,20140101,20250623,True,True,True,True,True,True,True,True,True,True,True,True,False,510,762,0,100.0,"2014,2015","2014,2015,2022,2023,2024","2014,2015,2016","2014,2015",,,,"2014,2015,2016,2017",2025,WARN,"s2_missing_years(2014,2015)|s1_asc_missing_years(2014,2015,2022,2023,2024)|s1_desc_missing_years(2014,2015,2016)|cm_missing_years(2014,2015)|INFO_sif_missing_years(2014,2015,2016,2017)|INFO_twsa_missing_years(2025)"
ISMN_SNOTEL_SouthBrushCreek,sm_only,train,20170818,20251230,True,True,True,True,True,True,True,True,True,True,True,True,False,530,923,0,100.0,,,,,,,,2017,2025,OK,INFO_sif_missing_years(2017)|INFO_twsa_missing_years(2025)
ISMN_SNOTEL_SouthMtn.,sm_only,val,20140101,20251230,True,True,True,True,True,True,True,True,True,True,True,True,False,599,1048,0,100.0,"2014,2015","2014,2015,2022,2023,2024","2014,2015,2016","2014,2015",,,,"2014,2015,2016,2017",2025,WARN,"s2_missing_years(2014,2015)|s1_asc_missing_years(2014,2015,2022,2023,2024)|s1_desc_missing_years(2014,2015,2016)|cm_missing_years(2014,2015)|INFO_sif_missing_years(2014,2015,2016,2017)|INFO_twsa_missing_years(2025)"
ISMN_SNOTEL_SpiritLk,sm_only,train,20140101,20241225,True,True,True,True,True,True,True,True,True,True,True,True,False,495,890,0,100.0,"2014,2015","2014,2015,2022,2024","2014,2015,2016","2014,2015",,,,"2014,2015,2016,2017",,WARN,"s2_missing_years(2014,2015)|s1_asc_missing_years(2014,2015,2022,2024)|s1_desc_missing_years(2014,2015,2016)|cm_missing_years(2014,2015)|INFO_sif_missing_years(2014,2015,2016,2017)"
ISMN_SNOTEL_SprattCreek,sm_only,train,20140101,20210715,True,True,True,True,True,True,True,True,True,True,True,True,False,382,510,0,100.0,"2014,2015","2014,2015","2014,2015","2014,2015",,,,"2014,2015,2016,2017",,WARN,"s2_missing_years(2014,2015)|s1_asc_missing_years(2014,2015)|s1_desc_missing_years(2014,2015)|cm_missing_years(2014,2015)|INFO_sif_missing_years(2014,2015,2016,2017)"
ISMN_SNOTEL_SpringCreek,sm_only,train,20191206,20251230,True,True,True,True,True,True,True,True,True,True,True,True,False,217,369,0,100.0,2019,"2022,2023,2024",,2019,,,,,2025,WARN,"s2_missing_years(2019)|s1_asc_missing_years(2022,2023,2024)|cm_missing_years(2019)|INFO_twsa_missing_years(2025)"
ISMN_SNOTEL_StateLine,sm_only,train,20210706,20250321,True,True,True,True,True,True,True,True,True,True,True,True,False,152,200,0,100.0,,,,,,,,,2025,OK,INFO_twsa_missing_years(2025)
ISMN_SNOTEL_SteelCreekPark,sm_only,train,20140101,20251230,True,True,True,True,True,True,True,True,True,True,True,True,False,277,517,0,100.0,"2014,2015","2014,2015,2022,2023,2024","2014,2015,2016","2014,2015",,,,"2014,2015,2016,2017",2025,WARN,"s2_missing_years(2014,2015)|s1_asc_missing_years(2014,2015,2022,2023,2024)|s1_desc_missing_years(2014,2015,2016)|cm_missing_years(2014,2015)|INFO_sif_missing_years(2014,2015,2016,2017)|INFO_twsa_missing_years(2025)"
ISMN_SNOTEL_StickneyMill,sm_only,oos,20160730,20251230,True,True,True,True,True,True,True,True,True,True,True,True,False,320,519,0,100.0,,,"2016,2018",,,,,"2016,2017",2025,WARN,"s1_desc_missing_years(2016,2018)|INFO_sif_missing_years(2016,2017)|INFO_twsa_missing_years(2025)"
ISMN_SNOTEL_StillwaterCreek,sm_only,train,20201118,20251230,True,True,True,True,True,True,True,True,True,True,True,True,False,192,329,0,100.0,,,,,,,,,2025,OK,INFO_twsa_missing_years(2025)
ISMN_SNOTEL_StrawberryDivide,sm_only,oos,20161105,20251230,True,True,True,True,True,True,True,True,True,True,True,True,False,338,484,0,100.0,,"2022,2023,2024",2016,,,,,"2016,2017",2025,WARN,"s1_asc_missing_years(2022,2023,2024)|s1_desc_missing_years(2016)|INFO_sif_missing_years(2016,2017)|INFO_twsa_missing_years(2025)"
ISMN_SNOTEL_SummitCreek,sm_only,train,20140101,20210920,True,True,True,True,True,True,True,True,True,True,True,True,False,139,309,0,100.0,"2014,2015","2014,2015","2014,2015,2016","2014,2015",,,,"2014,2015,2016,2017",,WARN,"s2_missing_years(2014,2015)|s1_asc_missing_years(2014,2015)|s1_desc_missing_years(2014,2015,2016)|cm_missing_years(2014,2015)|INFO_sif_missing_years(2014,2015,2016,2017)"
ISMN_SNOTEL_SummitLk,sm_only,train,20180820,20251230,True,True,True,True,True,True,True,True,True,True,True,True,False,602,868,0,100.0,,,,,,,,,2025,OK,INFO_twsa_missing_years(2025)
ISMN_SNOTEL_SummitMeadow,sm_only,train,20140101,20251126,True,True,True,True,True,True,True,True,True,True,True,True,False,432,554,0,100.0,"2014,2015","2014,2015","2014,2015","2014,2015",,,,"2014,2015,2016,2017",2025,WARN,"s2_missing_years(2014,2015)|s1_asc_missing_years(2014,2015)|s1_desc_missing_years(2014,2015)|cm_missing_years(2014,2015)|INFO_sif_missing_years(2014,2015,2016,2017)|INFO_twsa_missing_years(2025)"
ISMN_SNOTEL_SummitRanch,sm_only,train,20160106,20210803,True,True,True,True,True,True,True,True,True,True,True,True,False,173,320,0,100.0,,,2016,,,,,"2016,2017",,WARN,"s1_desc_missing_years(2016)|INFO_sif_missing_years(2016,2017)"
ISMN_SNOTEL_SunflowerFlat,sm_only,val,20141002,20251119,True,True,True,True,True,True,True,True,True,True,True,True,False,308,527,0,100.0,"2014,2015","2014,2015,2022,2023,2024","2014,2015,2016","2014,2015",,,,"2014,2015,2016,2017",2025,WARN,"s2_missing_years(2014,2015)|s1_asc_missing_years(2014,2015,2022,2023,2024)|s1_desc_missing_years(2014,2015,2016)|cm_missing_years(2014,2015)|INFO_sif_missing_years(2014,2015,2016,2017)|INFO_twsa_missing_years(2025)"
ISMN_SNOTEL_Sunset,sm_only,train,20160826,20210915,True,True,True,True,True,True,True,True,True,True,True,True,False,92,152,0,100.0,,,2016,,,,,"2016,2017",,WARN,"s1_desc_missing_years(2016)|INFO_sif_missing_years(2016,2017)"
ISMN_SNOTEL_SusitnaValleyHigh,sm_only,train,20140703,20240502,True,True,True,True,True,True,True,True,True,True,True,True,False,107,184,0,100.0,"2014,2015,2016,2017,2018,2019,2020,2021","2014,2015,2022,2023,2024","2014,2015,2016","2014,2015,2016,2017,2018,2019,2020,2021",,,,"2014,2015,2016,2017",,WARN,"s2_missing_years(2014,2015,2016,2017,2018,2019,2020,2021)|s1_asc_missing_years(2014,2015,2022,2023,2024)|s1_desc_missing_years(2014,2015,2016)|cm_missing_years(2014,2015,2016,2017,2018,2019,2020,2021)|INFO_sif_missing_years(2014,2015,2016,2017)"
ISMN_SNOTEL_SuuRanch,sm_only,train,20140101,20251230,True,True,True,True,True,True,True,True,True,True,True,True,False,188,277,0,100.0,"2014,2015,2016,2017,2018,2019,2020,2021,2022","2014,2015,2022,2023,2024","2014,2015,2016","2014,2015,2016,2017,2018,2019,2020,2021,2022",,,,"2014,2015,2016,2017",2025,WARN,"s2_missing_years(2014,2015,2016,2017,2018,2019,2020,2021,2022)|s1_asc_missing_years(2014,2015,2022,2023,2024)|s1_desc_missing_years(2014,2015,2016)|cm_missing_years(2014,2015,2016,2017,2018,2019,2020,2021,2022)|INFO_sif_missing_years(2014,2015,2016,2017)|INFO_twsa_missing_years(2025)"
ISMN_SNOTEL_SwedePeak,sm_only,train,20190119,20251230,True,True,True,True,True,True,True,True,True,True,True,True,False,108,162,0,100.0,"2019,2020,2021,2022,2023",,"2019,2020","2019,2020,2021,2022,2023",,,,,2025,WARN,"s2_missing_years(2019,2020,2021,2022,2023)|s1_desc_missing_years(2019,2020)|cm_missing_years(2019,2020,2021,2022,2023)|INFO_twsa_missing_years(2025)"
ISMN_SNOTEL_TahoeCityCross,sm_only,train,20140101,20251230,True,True,True,True,True,True,True,True,True,True,True,True,False,823,1079,0,100.0,"2014,2015","2014,2015","2014,2015","2014,2015",,,,"2014,2015,2016,2017",2025,WARN,"s2_missing_years(2014,2015)|s1_asc_missing_years(2014,2015)|s1_desc_missing_years(2014,2015)|cm_missing_years(2014,2015)|INFO_sif_missing_years(2014,2015,2016,2017)|INFO_twsa_missing_years(2025)"
ISMN_SNOTEL_TakkaWiiya,sm_only,train,20161102,20240513,True,True,True,True,True,True,True,True,True,True,True,True,False,240,400,0,100.0,,"2022,2023,2024","2016,2018,2019,2020",,,,,"2016,2017",,WARN,"s1_asc_missing_years(2022,2023,2024)|s1_desc_missing_years(2016,2018,2019,2020)|INFO_sif_missing_years(2016,2017)"
ISMN_SNOTEL_TaosPowderhorn,sm_only,train,20140101,20251230,True,True,True,True,True,True,True,True,True,True,True,True,False,678,1089,0,100.0,"2014,2015","2014,2015","2014,2015,2016","2014,2015",,,,"2014,2015,2016,2017",2025,WARN,"s2_missing_years(2014,2015)|s1_asc_missing_years(2014,2015)|s1_desc_missing_years(2014,2015,2016)|cm_missing_years(2014,2015)|INFO_sif_missing_years(2014,2015,2016,2017)|INFO_twsa_missing_years(2025)"
ISMN_SNOTEL_TaosPueblo,sm_only,train,20210923,20250321,True,True,True,True,True,True,True,True,True,True,True,True,False,125,212,0,100.0,,,,,,,,,2025,OK,INFO_twsa_missing_years(2025)
ISMN_SNOTEL_TaylorCanyon,sm_only,train,20190622,20230510,True,True,True,True,True,True,True,True,True,True,True,True,False,149,217,0,100.0,,"2022,2023",,,,,,,,WARN,"s1_asc_missing_years(2022,2023)"
ISMN_SNOTEL_TelaquanaLake,sm_only,val,20161017,20251230,True,True,True,True,True,True,True,True,True,True,True,True,False,420,827,0,100.0,,"2022,2023,2024",2016,,,,,"2016,2017",2025,WARN,"s1_asc_missing_years(2022,2023,2024)|s1_desc_missing_years(2016)|INFO_sif_missing_years(2016,2017)|INFO_twsa_missing_years(2025)"
ISMN_SNOTEL_TempleFork,sm_only,train,20181001,20251230,True,True,True,True,True,True,True,True,True,True,True,True,False,487,791,0,100.0,,"2022,2023,2024",,,,,,,2025,WARN,"s1_asc_missing_years(2022,2023,2024)|INFO_twsa_missing_years(2025)"
ISMN_SNOTEL_ThaynesCanyon,sm_only,train,20140101,20200201,True,True,True,True,True,True,True,True,True,True,True,True,False,101,162,0,100.0,"2014,2015","2014,2015","2014,2015,2016","2014,2015",,,,"2014,2015,2016,2017",,WARN,"s2_missing_years(2014,2015)|s1_asc_missing_years(2014,2015)|s1_desc_missing_years(2014,2015,2016)|cm_missing_years(2014,2015)|INFO_sif_missing_years(2014,2015,2016,2017)"
ISMN_SNOTEL_ThistleFlat,sm_only,train,20140101,20251230,True,True,True,True,True,True,True,True,True,True,True,True,False,315,523,0,100.0,"2014,2015","2014,2015,2022,2023,2024","2014,2015,2016","2014,2015",,,,"2014,2015,2016,2017",2025,WARN,"s2_missing_years(2014,2015)|s1_asc_missing_years(2014,2015,2022,2023,2024)|s1_desc_missing_years(2014,2015,2016)|cm_missing_years(2014,2015)|INFO_sif_missing_years(2014,2015,2016,2017)|INFO_twsa_missing_years(2025)"
ISMN_SNOTEL_ThumbDivide,sm_only,train,20150720,20250423,True,True,True,True,True,True,True,True,True,True,True,True,False,426,729,0,100.0,2015,"2015,2022,2023,2024","2015,2016",2015,,,,"2015,2016,2017",2025,WARN,"s2_missing_years(2015)|s1_asc_missing_years(2015,2022,2023,2024)|s1_desc_missing_years(2015,2016)|cm_missing_years(2015)|INFO_sif_missing_years(2015,2016,2017)|INFO_twsa_missing_years(2025)"
ISMN_SNOTEL_Timberline,sm_only,train,20140101,20251230,True,True,True,True,True,True,True,True,True,True,True,True,False,346,561,0,100.0,"2014,2015","2014,2015,2022,2023,2024","2014,2015,2016","2014,2015",,,,"2014,2015,2016,2017",2025,WARN,"s2_missing_years(2014,2015)|s1_asc_missing_years(2014,2015,2022,2023,2024)|s1_desc_missing_years(2014,2015,2016)|cm_missing_years(2014,2015)|INFO_sif_missing_years(2014,2015,2016,2017)|INFO_twsa_missing_years(2025)"
ISMN_SNOTEL_TimpanogosDivide,sm_only,train,20140101,20251230,True,True,True,True,True,True,True,True,True,True,True,True,False,329,504,0,100.0,"2014,2015","2014,2015,2022,2023,2024","2014,2015,2016","2014,2015",,,,"2014,2015,2016,2017",2025,WARN,"s2_missing_years(2014,2015)|s1_asc_missing_years(2014,2015,2022,2023,2024)|s1_desc_missing_years(2014,2015,2016)|cm_missing_years(2014,2015)|INFO_sif_missing_years(2014,2015,2016,2017)|INFO_twsa_missing_years(2025)"
ISMN_SNOTEL_Tipton,sm_only,oos,20220623,20251230,True,True,True,True,True,True,True,True,True,True,True,True,False,239,337,0,100.0,,2022,,,,,,,2025,WARN,s1_asc_missing_years(2022)|INFO_twsa_missing_years(2025)
ISMN_SNOTEL_ToeJam,sm_only,train,20140101,20240711,True,True,True,True,True,True,True,True,True,True,True,True,False,337,618,0,100.0,"2014,2015","2014,2015,2022,2023,2024","2014,2015,2016","2014,2015",,,,"2014,2015,2016,2017",,WARN,"s2_missing_years(2014,2015)|s1_asc_missing_years(2014,2015,2022,2023,2024)|s1_desc_missing_years(2014,2015,2016)|cm_missing_years(2014,2015)|INFO_sif_missing_years(2014,2015,2016,2017)"
ISMN_SNOTEL_Tok,sm_only,train,20210301,20250321,True,True,True,True,True,True,True,True,True,True,True,True,False,130,254,0,100.0,,"2022,2023,2024,2025",,,,,,,2025,WARN,"s1_asc_missing_years(2022,2023,2024,2025)|INFO_twsa_missing_years(2025)"
ISMN_SNOTEL_TokositnaValley,sm_only,train,20170507,20251230,True,True,True,True,True,True,True,True,True,True,True,True,False,313,538,0,100.0,,"2022,2023,2024",,,,,,2017,2025,WARN,"s1_asc_missing_years(2022,2023,2024)|INFO_sif_missing_years(2017)|INFO_twsa_missing_years(2025)"
ISMN_SNOTEL_TonyGroveLake,sm_only,train,20140101,20251230,True,True,True,True,True,True,True,True,True,True,True,True,False,621,940,0,100.0,"2014,2015","2014,2015,2022,2023,2024","2014,2015,2016","2014,2015",,,,"2014,2015,2016,2017",2025,WARN,"s2_missing_years(2014,2015)|s1_asc_missing_years(2014,2015,2022,2023,2024)|s1_desc_missing_years(2014,2015,2016)|cm_missing_years(2014,2015)|INFO_sif_missing_years(2014,2015,2016,2017)|INFO_twsa_missing_years(2025)"
ISMN_SNOTEL_TonyGroveRS,sm_only,train,20140101,20200603,True,True,True,True,True,True,True,True,True,True,True,True,False,202,332,0,100.0,"2014,2015","2014,2015","2014,2015,2016","2014,2015",,,,"2014,2015,2016,2017",,WARN,"s2_missing_years(2014,2015)|s1_asc_missing_years(2014,2015)|s1_desc_missing_years(2014,2015,2016)|cm_missing_years(2014,2015)|INFO_sif_missing_years(2014,2015,2016,2017)"
ISMN_SNOTEL_Touchet,sm_only,train,20140101,20201027,True,True,True,True,True,True,True,True,True,True,True,True,False,206,362,0,100.0,"2014,2015","2014,2015","2014,2015,2016","2014,2015",,,,"2014,2015,2016,2017",,WARN,"s2_missing_years(2014,2015)|s1_asc_missing_years(2014,2015)|s1_desc_missing_years(2014,2015,2016)|cm_missing_years(2014,2015)|INFO_sif_missing_years(2014,2015,2016,2017)"
ISMN_SNOTEL_TresRitos,sm_only,train,20140101,20251230,True,True,True,True,True,True,True,True,True,True,True,True,False,381,580,0,100.0,"2014,2015","2014,2015","2014,2015,2016","2014,2015",,,,"2014,2015,2016,2017",2025,WARN,"s2_missing_years(2014,2015)|s1_asc_missing_years(2014,2015)|s1_desc_missing_years(2014,2015,2016)|cm_missing_years(2014,2015)|INFO_sif_missing_years(2014,2015,2016,2017)|INFO_twsa_missing_years(2025)"
ISMN_SNOTEL_TrialLake,sm_only,train,20140101,20230131,True,True,True,True,True,True,True,True,True,True,True,True,False,196,355,0,100.0,"2014,2015","2014,2015,2022,2023","2014,2015,2016","2014,2015",,,,"2014,2015,2016,2017",,WARN,"s2_missing_years(2014,2015)|s1_asc_missing_years(2014,2015,2022,2023)|s1_desc_missing_years(2014,2015,2016)|cm_missing_years(2014,2015)|INFO_sif_missing_years(2014,2015,2016,2017)"
ISMN_SNOTEL_TriplePeak,sm_only,train,20160813,20250305,True,True,True,True,True,True,True,True,True,True,True,True,False,255,432,0,100.0,,"2022,2023,2024,2025",2016,,,,,"2016,2017",2025,WARN,"s1_asc_missing_years(2022,2023,2024,2025)|s1_desc_missing_years(2016)|INFO_sif_missing_years(2016,2017)|INFO_twsa_missing_years(2025)"
ISMN_SNOTEL_Trough,sm_only,train,20200612,20231126,True,True,True,True,True,True,True,True,True,True,True,True,False,230,363,0,100.0,,,,,,,,,,OK,
ISMN_SNOTEL_TroutCreek,sm_only,train,20140101,20251230,True,True,True,True,True,True,True,True,True,True,True,True,False,603,1008,0,100.0,"2014,2015","2014,2015,2022,2024","2014,2015,2016","2014,2015",,,,"2014,2015,2016,2017",2025,WARN,"s2_missing_years(2014,2015)|s1_asc_missing_years(2014,2015,2022,2024)|s1_desc_missing_years(2014,2015,2016)|cm_missing_years(2014,2015)|INFO_sif_missing_years(2014,2015,2016,2017)|INFO_twsa_missing_years(2025)"
ISMN_SNOTEL_Truckee#2,sm_only,train,20140101,20250321,True,True,True,True,True,True,True,True,True,True,True,True,False,716,968,0,100.0,"2014,2015","2014,2015","2014,2015,2016","2014,2015",,,,"2014,2015,2016,2017",2025,WARN,"s2_missing_years(2014,2015)|s1_asc_missing_years(2014,2015)|s1_desc_missing_years(2014,2015,2016)|cm_missing_years(2014,2015)|INFO_sif_missing_years(2014,2015,2016,2017)|INFO_twsa_missing_years(2025)"
ISMN_SNOTEL_UpperJoesValley,sm_only,train,20140101,20200613,True,True,True,True,True,True,True,True,True,True,True,True,False,104,175,0,100.0,"2014,2015","2014,2015","2014,2015,2016","2014,2015",,,,"2014,2015,2016,2017",,WARN,"s2_missing_years(2014,2015)|s1_asc_missing_years(2014,2015)|s1_desc_missing_years(2014,2015,2016)|cm_missing_years(2014,2015)|INFO_sif_missing_years(2014,2015,2016,2017)"
ISMN_SNOTEL_UpperNomeCreek,sm_only,train,20140101,20201122,True,True,True,True,True,True,True,True,True,True,True,True,False,119,241,0,100.0,"2014,2015","2014,2015","2014,2015,2016","2014,2015",,,,"2014,2015,2016,2017",,WARN,"s2_missing_years(2014,2015)|s1_asc_missing_years(2014,2015)|s1_desc_missing_years(2014,2015,2016)|cm_missing_years(2014,2015)|INFO_sif_missing_years(2014,2015,2016,2017)"
ISMN_SNOTEL_UpperRioGrande,sm_only,val,20170425,20230712,True,True,True,True,True,True,True,True,True,True,True,True,False,231,380,0,100.0,,"2018,2019,2020,2021,2022,2023","2018,2019,2020,2021,2022,2023",,,,,2017,,WARN,"s1_asc_missing_years(2018,2019,2020,2021,2022,2023)|s1_desc_missing_years(2018,2019,2020,2021,2022,2023)|INFO_sif_missing_years(2017)"
ISMN_SNOTEL_UpperSanJuan,sm_only,oos,20140715,20230730,True,True,True,True,True,True,True,True,True,True,True,True,False,243,394,0,100.0,"2014,2015","2014,2015","2014,2015,2016","2014,2015",,,,"2014,2015,2016,2017",,WARN,"s2_missing_years(2014,2015)|s1_asc_missing_years(2014,2015)|s1_desc_missing_years(2014,2015,2016)|cm_missing_years(2014,2015)|INFO_sif_missing_years(2014,2015,2016,2017)"
ISMN_SNOTEL_UpperTaylor,sm_only,train,20140101,20251230,True,True,True,True,True,True,True,True,True,True,True,True,False,328,526,0,100.0,"2014,2015","2014,2015","2014,2015,2016","2014,2015",,,,"2014,2015,2016,2017",2025,WARN,"s2_missing_years(2014,2015)|s1_asc_missing_years(2014,2015)|s1_desc_missing_years(2014,2015,2016)|cm_missing_years(2014,2015)|INFO_sif_missing_years(2014,2015,2016,2017)|INFO_twsa_missing_years(2025)"
ISMN_SNOTEL_UpperTsainaRiver,sm_only,train,20180907,20251230,True,True,True,True,True,True,True,True,True,True,True,True,False,279,430,0,100.0,,"2022,2023,2024",,,,,,,2025,WARN,"s1_asc_missing_years(2022,2023,2024)|INFO_twsa_missing_years(2025)"
ISMN_SNOTEL_UsuDocDaniel,sm_only,train,20140101,20251230,True,True,True,True,True,True,True,True,True,True,True,True,False,564,940,0,100.0,"2014,2015","2014,2015,2022,2023,2024","2014,2015,2016","2014,2015",,,,"2014,2015,2016,2017",2025,WARN,"s2_missing_years(2014,2015)|s1_asc_missing_years(2014,2015,2022,2023,2024)|s1_desc_missing_years(2014,2015,2016)|cm_missing_years(2014,2015)|INFO_sif_missing_years(2014,2015,2016,2017)|INFO_twsa_missing_years(2025)"
ISMN_SNOTEL_VacarroSprings,sm_only,train,20140101,20251230,True,True,True,True,True,True,True,True,True,True,True,True,False,326,497,0,100.0,"2014,2015","2014,2015,2022,2023,2024","2014,2015,2016","2014,2015",,,,"2014,2015,2016,2017",2025,WARN,"s2_missing_years(2014,2015)|s1_asc_missing_years(2014,2015,2022,2023,2024)|s1_desc_missing_years(2014,2015,2016)|cm_missing_years(2014,2015)|INFO_sif_missing_years(2014,2015,2016,2017)|INFO_twsa_missing_years(2025)"
ISMN_SNOTEL_VacasLocas,sm_only,train,20140101,20230713,True,True,True,True,True,True,True,True,True,True,True,True,False,224,380,0,100.0,"2014,2015","2014,2015","2014,2015,2016","2014,2015",,,,"2014,2015,2016,2017",,WARN,"s2_missing_years(2014,2015)|s1_asc_missing_years(2014,2015)|s1_desc_missing_years(2014,2015,2016)|cm_missing_years(2014,2015)|INFO_sif_missing_years(2014,2015,2016,2017)"
ISMN_SNOTEL_VernonCreek,sm_only,train,20140101,20251230,True,True,True,True,True,True,True,True,True,True,True,True,False,610,899,0,100.0,"2014,2015,2016","2014,2015,2022,2023,2024","2014,2015,2016","2014,2015,2016",,,,"2014,2015,2016,2017",2025,WARN,"s2_missing_years(2014,2015,2016)|s1_asc_missing_years(2014,2015,2022,2023,2024)|s1_desc_missing_years(2014,2015,2016)|cm_missing_years(2014,2015,2016)|INFO_sif_missing_years(2014,2015,2016,2017)|INFO_twsa_missing_years(2025)"
ISMN_SNOTEL_VirginiaLakesRidge,sm_only,train,20140101,20251230,True,True,True,True,True,True,True,True,True,True,True,True,False,429,593,0,100.0,"2014,2015","2014,2015","2014,2015,2016","2014,2015",,,,"2014,2015,2016,2017",2025,WARN,"s2_missing_years(2014,2015)|s1_asc_missing_years(2014,2015)|s1_desc_missing_years(2014,2015,2016)|cm_missing_years(2014,2015)|INFO_sif_missing_years(2014,2015,2016,2017)|INFO_twsa_missing_years(2025)"
ISMN_SNOTEL_WardCreek#3,sm_only,train,20140101,20251119,True,True,True,True,True,True,True,True,True,True,True,True,False,483,665,0,100.0,"2014,2015,2016,2017,2018,2019","2014,2015","2014,2015","2014,2015,2016,2017,2018,2019",,,,"2014,2015,2016,2017",2025,WARN,"s2_missing_years(2014,2015,2016,2017,2018,2019)|s1_asc_missing_years(2014,2015)|s1_desc_missing_years(2014,2015)|cm_missing_years(2014,2015,2016,2017,2018,2019)|INFO_sif_missing_years(2014,2015,2016,2017)|INFO_twsa_missing_years(2025)"
ISMN_SNOTEL_WardMountain,sm_only,train,20140101,20210608,True,True,True,True,True,True,True,True,True,True,True,True,False,354,506,0,100.0,"2014,2015","2014,2015","2014,2015,2016,2018,2019,2020,2021","2014,2015",,,,"2014,2015,2016,2017",,WARN,"s2_missing_years(2014,2015)|s1_asc_missing_years(2014,2015)|s1_desc_missing_years(2014,2015,2016,2018,2019,2020,2021)|cm_missing_years(2014,2015)|INFO_sif_missing_years(2014,2015,2016,2017)"
ISMN_SNOTEL_WebsterFlat,sm_only,train,20140101,20251230,True,True,True,True,True,True,True,True,True,True,True,True,False,697,1067,0,100.0,"2014,2015","2014,2015,2022,2023,2024","2014,2015,2016","2014,2015",,,,"2014,2015,2016,2017",2025,WARN,"s2_missing_years(2014,2015)|s1_asc_missing_years(2014,2015,2022,2023,2024)|s1_desc_missing_years(2014,2015,2016)|cm_missing_years(2014,2015)|INFO_sif_missing_years(2014,2015,2016,2017)|INFO_twsa_missing_years(2025)"
ISMN_SNOTEL_WesnerSprings,sm_only,train,20180508,20220510,True,True,True,True,True,True,True,True,True,True,True,True,False,158,251,0,100.0,,2022,,,,,,,,WARN,s1_asc_missing_years(2022)
ISMN_SNOTEL_WheelerPeak,sm_only,train,20180628,20251119,True,True,True,True,True,True,True,True,True,True,True,True,False,292,424,0,100.0,,"2022,2023,2024",,,,,,,2025,WARN,"s1_asc_missing_years(2022,2023,2024)|INFO_twsa_missing_years(2025)"
ISMN_SNOTEL_WhiteRiver#1,sm_only,train,20140101,20251230,True,True,True,True,True,True,True,True,True,True,True,True,False,317,550,0,100.0,"2014,2015","2014,2015,2022,2023,2024","2014,2015,2016","2014,2015",,,,"2014,2015,2016,2017",2025,WARN,"s2_missing_years(2014,2015)|s1_asc_missing_years(2014,2015,2022,2023,2024)|s1_desc_missing_years(2014,2015,2016)|cm_missing_years(2014,2015)|INFO_sif_missing_years(2014,2015,2016,2017)|INFO_twsa_missing_years(2025)"
ISMN_SNOTEL_Widtsoe#3,sm_only,train,20140101,20251230,True,True,True,True,True,True,True,True,True,True,True,True,False,350,538,0,100.0,"2014,2015","2014,2015,2022,2023,2024","2014,2015,2016","2014,2015",,,,"2014,2015,2016,2017",2025,WARN,"s2_missing_years(2014,2015)|s1_asc_missing_years(2014,2015,2022,2023,2024)|s1_desc_missing_years(2014,2015,2016)|cm_missing_years(2014,2015)|INFO_sif_missing_years(2014,2015,2016,2017)|INFO_twsa_missing_years(2025)"
ISMN_SNOTEL_WilburBench,sm_only,train,20140101,20251230,True,True,True,True,True,True,True,True,True,True,True,True,False,319,524,0,100.0,"2014,2015","2014,2015,2022,2023,2024","2014,2015,2016","2014,2015",,,,"2014,2015,2016,2017",2025,WARN,"s2_missing_years(2014,2015)|s1_asc_missing_years(2014,2015,2022,2023,2024)|s1_desc_missing_years(2014,2015,2016)|cm_missing_years(2014,2015)|INFO_sif_missing_years(2014,2015,2016,2017)|INFO_twsa_missing_years(2025)"
ISMN_SNOTEL_WildBasin,sm_only,train,20160817,20220715,True,True,True,True,True,True,True,True,True,True,True,True,False,183,300,0,100.0,,2022,2016,,,,,"2016,2017",,WARN,"s1_asc_missing_years(2022)|s1_desc_missing_years(2016)|INFO_sif_missing_years(2016,2017)"
ISMN_SNOTEL_WildhorseDivide,sm_only,val,20140805,20200802,True,True,True,True,True,True,True,True,True,True,True,True,False,97,164,0,100.0,"2014,2015","2014,2015","2014,2015,2016","2014,2015",,,,"2014,2015,2016,2017",,WARN,"s2_missing_years(2014,2015)|s1_asc_missing_years(2014,2015)|s1_desc_missing_years(2014,2015,2016)|cm_missing_years(2014,2015)|INFO_sif_missing_years(2014,2015,2016,2017)"
ISMN_SNOTEL_WilsonCreek,sm_only,train,20140101,20200922,True,True,True,True,True,True,True,True,True,True,True,True,False,124,217,0,100.0,"2014,2015","2014,2015","2014,2015,2016","2014,2015",,,,"2014,2015,2016,2017",,WARN,"s2_missing_years(2014,2015)|s1_asc_missing_years(2014,2015)|s1_desc_missing_years(2014,2015,2016)|cm_missing_years(2014,2015)|INFO_sif_missing_years(2014,2015,2016,2017)"
ISMN_SNOTEL_WindyPeak,sm_only,train,20140101,20200508,True,True,True,True,True,True,True,True,True,True,True,True,False,109,165,0,100.0,"2014,2015","2014,2015","2014,2015,2016","2014,2015",,,,"2014,2015,2016,2017",,WARN,"s2_missing_years(2014,2015)|s1_asc_missing_years(2014,2015)|s1_desc_missing_years(2014,2015,2016)|cm_missing_years(2014,2015)|INFO_sif_missing_years(2014,2015,2016,2017)"
ISMN_SNOTEL_WolfCreekPeak,sm_only,train,20200901,20251230,True,True,True,True,True,True,True,True,True,True,True,True,False,199,314,0,100.0,,"2022,2023,2024",,,,,,,2025,WARN,"s1_asc_missing_years(2022,2023,2024)|INFO_twsa_missing_years(2025)"
ISMN_SNOTEL_WolfCreekSummit,sm_only,oos,20140101,20220411,True,True,True,True,True,True,True,True,True,True,True,True,False,190,315,0,100.0,"2014,2015","2014,2015,2022","2014,2015,2016","2014,2015",,,,"2014,2015,2016,2017",,WARN,"s2_missing_years(2014,2015)|s1_asc_missing_years(2014,2015,2022)|s1_desc_missing_years(2014,2015,2016)|cm_missing_years(2014,2015)|INFO_sif_missing_years(2014,2015,2016,2017)"
ISMN_SNOTEL_WrigleyCreek,sm_only,oos,20140101,20251230,True,True,True,True,True,True,True,True,True,True,True,True,False,339,523,0,100.0,"2014,2015","2014,2015,2022,2023,2024","2014,2015,2016","2014,2015",,,,"2014,2015,2016,2017",2025,WARN,"s2_missing_years(2014,2015)|s1_asc_missing_years(2014,2015,2022,2023,2024)|s1_desc_missing_years(2014,2015,2016)|cm_missing_years(2014,2015)|INFO_sif_missing_years(2014,2015,2016,2017)|INFO_twsa_missing_years(2025)"
ISMN_SNOTEL_YankeeReservoir,sm_only,oos,20140101,20251230,True,True,True,True,True,True,True,True,True,True,True,True,False,703,1067,0,100.0,"2014,2015","2014,2015,2022,2023,2024","2014,2015,2016","2014,2015",,,,"2014,2015,2016,2017",2025,WARN,"s2_missing_years(2014,2015)|s1_asc_missing_years(2014,2015,2022,2023,2024)|s1_desc_missing_years(2014,2015,2016)|cm_missing_years(2014,2015)|INFO_sif_missing_years(2014,2015,2016,2017)|INFO_twsa_missing_years(2025)"
ISMN_SNOTEL_Zirkel,sm_only,val,20150211,20250320,True,True,True,True,True,True,True,True,True,True,True,True,False,555,870,0,100.0,2015,2015,"2015,2016",2015,,,,"2015,2016,2017",2025,WARN,"s2_missing_years(2015)|s1_asc_missing_years(2015)|s1_desc_missing_years(2015,2016)|cm_missing_years(2015)|INFO_sif_missing_years(2015,2016,2017)|INFO_twsa_missing_years(2025)"
ISMN_SOILSCAPE_Lucky-Hills-1503,sm_only,oos,20220827,20251201,True,True,True,True,True,True,True,True,True,True,True,True,False,370,438,0,100.0,,,,,,,,,2025,OK,INFO_twsa_missing_years(2025)
ISMN_SOILSCAPE_Lucky-Hills-1506,sm_only,oos,20220901,20251230,True,True,True,True,True,True,True,True,True,True,True,True,False,378,446,0,100.0,,,,,,,,,2025,OK,INFO_twsa_missing_years(2025)
ISMN_STEMS_CarpenetopermanentGrassCoverNoTrackposition,sm_only,train,20170510,20210118,True,True,True,True,True,True,True,True,True,True,True,True,False,124,180,0,100.0,,,,,,,,2017,,OK,INFO_sif_missing_years(2017)
ISMN_STEMS_CarpenetopermanentGrassCoverTrackposition,sm_only,train,20170510,20210118,True,True,True,True,True,True,True,True,True,True,True,True,False,124,180,0,100.0,,,,,,,,2017,,OK,INFO_sif_missing_years(2017)
ISMN_TERENO_Gevenich,sm_only,oos,20201123,20251230,True,True,True,True,True,True,True,True,True,True,True,True,False,98,172,0,100.0,,,,,,,,,2025,OK,INFO_twsa_missing_years(2025)
ISMN_TERENO_Merzenhausen,sm_only,train,20140915,20200322,True,True,True,True,True,True,True,True,True,True,True,True,False,56,126,0,100.0,"2014,2015","2014,2015","2014,2015","2014,2015",,,,"2014,2015,2016,2017",,WARN,"s2_missing_years(2014,2015)|s1_asc_missing_years(2014,2015)|s1_desc_missing_years(2014,2015)|cm_missing_years(2014,2015)|INFO_sif_missing_years(2014,2015,2016,2017)"
ISMN_TERENO_Schoeneseiffen,sm_only,train,20150623,20200323,True,True,True,True,True,True,True,True,True,True,True,True,False,51,146,0,100.0,2015,2015,2015,2015,,,,"2015,2016,2017",,WARN,"s2_missing_years(2015)|s1_asc_missing_years(2015)|s1_desc_missing_years(2015)|cm_missing_years(2015)|INFO_sif_missing_years(2015,2016,2017)"
ISMN_TERENO_Selhausen,sm_only,oos,20140101,20230803,True,True,True,True,True,True,True,True,True,True,True,True,False,125,257,0,100.0,"2014,2015","2014,2015","2014,2015","2014,2015",,,,"2014,2015,2016,2017",,WARN,"s2_missing_years(2014,2015)|s1_asc_missing_years(2014,2015)|s1_desc_missing_years(2014,2015)|cm_missing_years(2014,2015)|INFO_sif_missing_years(2014,2015,2016,2017)"
ISMN_TWENTE_Hupsel,sm_only,train,20171220,20201230,True,True,True,True,True,True,True,True,True,True,True,True,False,117,249,0,100.0,2017,,,2017,,,,2017,,WARN,s2_missing_years(2017)|cm_missing_years(2017)|INFO_sif_missing_years(2017)
ISMN_TWENTE_ITCSM-07b,sm_only,oos,20151103,20201230,True,True,True,True,True,True,True,True,True,True,True,True,False,79,169,0,100.0,2015,2015,2015,2015,,,,"2015,2016,2017",,WARN,"s2_missing_years(2015)|s1_asc_missing_years(2015)|s1_desc_missing_years(2015)|cm_missing_years(2015)|INFO_sif_missing_years(2015,2016,2017)"
ISMN_TWENTE_ITCSM-08b,sm_only,train,20151009,20201230,True,True,True,True,True,True,True,True,True,True,True,True,False,125,287,0,100.0,2015,2015,2015,2015,,,,"2015,2016,2017",,WARN,"s2_missing_years(2015)|s1_asc_missing_years(2015)|s1_desc_missing_years(2015)|cm_missing_years(2015)|INFO_sif_missing_years(2015,2016,2017)"
ISMN_TWENTE_ITCSM-09,sm_only,train,20150719,20201230,True,True,True,True,True,True,True,True,True,True,True,True,False,86,176,0,100.0,2015,2015,2015,2015,,,,"2015,2016,2017",,WARN,"s2_missing_years(2015)|s1_asc_missing_years(2015)|s1_desc_missing_years(2015)|cm_missing_years(2015)|INFO_sif_missing_years(2015,2016,2017)"
ISMN_TWENTE_ITCSM-13,sm_only,train,20140703,20201230,True,True,True,True,True,True,True,True,True,True,True,True,False,157,336,0,100.0,"2014,2015","2014,2015","2014,2015","2014,2015",,,,"2014,2015,2016,2017",,WARN,"s2_missing_years(2014,2015)|s1_asc_missing_years(2014,2015)|s1_desc_missing_years(2014,2015)|cm_missing_years(2014,2015)|INFO_sif_missing_years(2014,2015,2016,2017)"
ISMN_TWENTE_ITCSM-15b,sm_only,train,20160307,20190317,True,True,True,True,True,True,True,True,True,True,True,True,False,94,209,0,100.0,,,,,,,,"2016,2017",,OK,"INFO_sif_missing_years(2016,2017)"
ISMN_TWENTE_ITCSM-16b,sm_only,train,20141107,20191110,True,True,True,True,True,True,True,True,True,True,True,True,False,112,245,0,100.0,"2014,2015","2014,2015","2014,2015","2014,2015",,,,"2014,2015,2016,2017",,WARN,"s2_missing_years(2014,2015)|s1_asc_missing_years(2014,2015)|s1_desc_missing_years(2014,2015)|cm_missing_years(2014,2015)|INFO_sif_missing_years(2014,2015,2016,2017)"
ISMN_TWENTE_ITCSM-17c,sm_only,train,20160401,20200221,True,True,True,True,True,True,True,True,True,True,True,True,False,118,257,0,100.0,,,,,,,,"2016,2017",,OK,"INFO_sif_missing_years(2016,2017)"
ISMN_TxSON_CR1000-1,sm_only,oos,20180506,20220416,True,True,True,True,True,True,True,True,True,True,True,True,False,139,193,0,100.0,,,"2018,2020,2021,2022",,,,,,,WARN,"s1_desc_missing_years(2018,2020,2021,2022)"
ISMN_TxSON_CR1000-2,sm_only,val,20141003,20210605,True,True,True,True,True,True,True,True,True,True,True,True,False,132,196,0,100.0,"2014,2015","2014,2015","2014,2015,2016,2018,2020,2021","2014,2015",,,,"2014,2015,2016,2017",,WARN,"s2_missing_years(2014,2015)|s1_asc_missing_years(2014,2015)|s1_desc_missing_years(2014,2015,2016,2018,2020,2021)|cm_missing_years(2014,2015)|INFO_sif_missing_years(2014,2015,2016,2017)"
ISMN_TxSON_CR1000-3,sm_only,train,20141112,20221107,True,True,True,True,True,True,True,True,True,True,True,True,False,184,272,0,100.0,"2014,2015","2014,2015","2014,2015,2016,2018,2020,2021,2022","2014,2015",,,,"2014,2015,2016,2017",,WARN,"s2_missing_years(2014,2015)|s1_asc_missing_years(2014,2015)|s1_desc_missing_years(2014,2015,2016,2018,2020,2021,2022)|cm_missing_years(2014,2015)|INFO_sif_missing_years(2014,2015,2016,2017)"
ISMN_TxSON_CR1000-4,sm_only,train,20141114,20221107,True,True,True,True,True,True,True,True,True,True,True,True,False,201,289,0,100.0,"2014,2015","2014,2015","2014,2015,2016,2018,2020,2021,2022","2014,2015",,,,"2014,2015,2016,2017",,WARN,"s2_missing_years(2014,2015)|s1_asc_missing_years(2014,2015)|s1_desc_missing_years(2014,2015,2016,2018,2020,2021,2022)|cm_missing_years(2014,2015)|INFO_sif_missing_years(2014,2015,2016,2017)"
ISMN_TxSON_CR1000-5,sm_only,train,20141114,20221107,True,True,True,True,True,True,True,True,True,True,True,True,False,190,272,0,100.0,"2014,2015","2014,2015","2014,2015,2016,2018,2020,2021,2022","2014,2015",,,,"2014,2015,2016,2017",,WARN,"s2_missing_years(2014,2015)|s1_asc_missing_years(2014,2015)|s1_desc_missing_years(2014,2015,2016,2018,2020,2021,2022)|cm_missing_years(2014,2015)|INFO_sif_missing_years(2014,2015,2016,2017)"
ISMN_TxSON_CR1000-6,sm_only,oos,20141204,20221107,True,True,True,True,True,True,True,True,True,True,True,True,False,194,272,0,100.0,"2014,2015","2014,2015","2014,2015,2016,2018,2020,2021,2022","2014,2015",,,,"2014,2015,2016,2017",,WARN,"s2_missing_years(2014,2015)|s1_asc_missing_years(2014,2015)|s1_desc_missing_years(2014,2015,2016,2018,2020,2021,2022)|cm_missing_years(2014,2015)|INFO_sif_missing_years(2014,2015,2016,2017)"
ISMN_TxSON_CR200-1,sm_only,oos,20141001,20210921,True,True,True,True,True,True,True,True,True,True,True,True,False,145,211,0,100.0,"2014,2015","2014,2015","2014,2015,2016,2018,2020,2021","2014,2015",,,,"2014,2015,2016,2017",,WARN,"s2_missing_years(2014,2015)|s1_asc_missing_years(2014,2015)|s1_desc_missing_years(2014,2015,2016,2018,2020,2021)|cm_missing_years(2014,2015)|INFO_sif_missing_years(2014,2015,2016,2017)"
ISMN_TxSON_CR200-10,sm_only,val,20141001,20191120,True,True,True,True,True,True,True,True,True,True,True,True,False,78,124,0,100.0,"2014,2015","2014,2015","2014,2015,2016,2018","2014,2015",,,,"2014,2015,2016,2017",,WARN,"s2_missing_years(2014,2015)|s1_asc_missing_years(2014,2015)|s1_desc_missing_years(2014,2015,2016,2018)|cm_missing_years(2014,2015)|INFO_sif_missing_years(2014,2015,2016,2017)"
ISMN_TxSON_CR200-11,sm_only,train,20141002,20190325,True,True,True,True,True,True,True,True,True,True,True,True,False,53,87,0,100.0,"2014,2015","2014,2015","2014,2015,2016,2018,2019","2014,2015",,,,"2014,2015,2016,2017",,WARN,"s2_missing_years(2014,2015)|s1_asc_missing_years(2014,2015)|s1_desc_missing_years(2014,2015,2016,2018,2019)|cm_missing_years(2014,2015)|INFO_sif_missing_years(2014,2015,2016,2017)"
ISMN_TxSON_CR200-12,sm_only,train,20141002,20221107,True,True,True,True,True,True,True,True,True,True,True,True,False,184,272,0,100.0,"2014,2015","2014,2015","2014,2015,2016,2018,2020,2021,2022","2014,2015",,,,"2014,2015,2016,2017",,WARN,"s2_missing_years(2014,2015)|s1_asc_missing_years(2014,2015)|s1_desc_missing_years(2014,2015,2016,2018,2020,2021,2022)|cm_missing_years(2014,2015)|INFO_sif_missing_years(2014,2015,2016,2017)"
ISMN_TxSON_CR200-13,sm_only,oos,20141010,20221107,True,True,True,True,True,True,True,True,True,True,True,True,False,195,272,0,100.0,"2014,2015","2014,2015","2014,2015,2016,2018,2020,2021,2022","2014,2015",,,,"2014,2015,2016,2017",,WARN,"s2_missing_years(2014,2015)|s1_asc_missing_years(2014,2015)|s1_desc_missing_years(2014,2015,2016,2018,2020,2021,2022)|cm_missing_years(2014,2015)|INFO_sif_missing_years(2014,2015,2016,2017)"
ISMN_TxSON_CR200-14,sm_only,oos,20141009,20221107,True,True,True,True,True,True,True,True,True,True,True,True,False,193,272,0,100.0,"2014,2015","2014,2015","2014,2015,2016,2018,2020,2021,2022","2014,2015",,,,"2014,2015,2016,2017",,WARN,"s2_missing_years(2014,2015)|s1_asc_missing_years(2014,2015)|s1_desc_missing_years(2014,2015,2016,2018,2020,2021,2022)|cm_missing_years(2014,2015)|INFO_sif_missing_years(2014,2015,2016,2017)"
ISMN_TxSON_CR200-15,sm_only,val,20141003,20221107,True,True,True,True,True,True,True,True,True,True,True,True,False,186,272,0,100.0,"2014,2015","2014,2015","2014,2015,2016,2018,2020,2021,2022","2014,2015",,,,"2014,2015,2016,2017",,WARN,"s2_missing_years(2014,2015)|s1_asc_missing_years(2014,2015)|s1_desc_missing_years(2014,2015,2016,2018,2020,2021,2022)|cm_missing_years(2014,2015)|INFO_sif_missing_years(2014,2015,2016,2017)"
ISMN_TxSON_CR200-16,sm_only,train,20141110,20220708,True,True,True,True,True,True,True,True,True,True,True,True,False,167,250,0,100.0,"2014,2015","2014,2015","2014,2015,2016,2018,2020,2021,2022","2014,2015",,,,"2014,2015,2016,2017",,WARN,"s2_missing_years(2014,2015)|s1_asc_missing_years(2014,2015)|s1_desc_missing_years(2014,2015,2016,2018,2020,2021,2022)|cm_missing_years(2014,2015)|INFO_sif_missing_years(2014,2015,2016,2017)"
ISMN_TxSON_CR200-17,sm_only,train,20141111,20221107,True,True,True,True,True,True,True,True,True,True,True,True,False,182,272,0,100.0,"2014,2015","2014,2015","2014,2015,2016,2018,2020,2021,2022","2014,2015",,,,"2014,2015,2016,2017",,WARN,"s2_missing_years(2014,2015)|s1_asc_missing_years(2014,2015)|s1_desc_missing_years(2014,2015,2016,2018,2020,2021,2022)|cm_missing_years(2014,2015)|INFO_sif_missing_years(2014,2015,2016,2017)"
ISMN_TxSON_CR200-18,sm_only,val,20141111,20221107,True,True,True,True,True,True,True,True,True,True,True,True,False,178,272,0,100.0,"2014,2015","2014,2015","2014,2015,2016,2018,2020,2021,2022","2014,2015",,,,"2014,2015,2016,2017",,WARN,"s2_missing_years(2014,2015)|s1_asc_missing_years(2014,2015)|s1_desc_missing_years(2014,2015,2016,2018,2020,2021,2022)|cm_missing_years(2014,2015)|INFO_sif_missing_years(2014,2015,2016,2017)"
ISMN_TxSON_CR200-19,sm_only,oos,20141203,20210211,True,True,True,True,True,True,True,True,True,True,True,True,False,130,185,0,100.0,"2014,2015","2014,2015","2014,2015,2016,2018,2020,2021","2014,2015",,,,"2014,2015,2016,2017",,WARN,"s2_missing_years(2014,2015)|s1_asc_missing_years(2014,2015)|s1_desc_missing_years(2014,2015,2016,2018,2020,2021)|cm_missing_years(2014,2015)|INFO_sif_missing_years(2014,2015,2016,2017)"
ISMN_TxSON_CR200-2,sm_only,train,20141002,20221107,True,True,True,True,True,True,True,True,True,True,True,True,False,180,272,0,100.0,"2014,2015","2014,2015","2014,2015,2016,2018,2020,2021,2022","2014,2015",,,,"2014,2015,2016,2017",,WARN,"s2_missing_years(2014,2015)|s1_asc_missing_years(2014,2015)|s1_desc_missing_years(2014,2015,2016,2018,2020,2021,2022)|cm_missing_years(2014,2015)|INFO_sif_missing_years(2014,2015,2016,2017)"
ISMN_TxSON_CR200-21,sm_only,oos,20141113,20221107,True,True,True,True,True,True,True,True,True,True,True,True,False,199,272,0,100.0,"2014,2015","2014,2015","2014,2015,2016,2018,2020,2021,2022","2014,2015",,,,"2014,2015,2016,2017",,WARN,"s2_missing_years(2014,2015)|s1_asc_missing_years(2014,2015)|s1_desc_missing_years(2014,2015,2016,2018,2020,2021,2022)|cm_missing_years(2014,2015)|INFO_sif_missing_years(2014,2015,2016,2017)"
ISMN_TxSON_CR200-22,sm_only,oos,20141231,20190207,True,True,True,True,True,True,True,True,True,True,True,True,False,57,83,0,100.0,"2014,2015","2014,2015","2014,2015,2016,2018,2019","2014,2015",,,,"2014,2015,2016,2017",,WARN,"s2_missing_years(2014,2015)|s1_asc_missing_years(2014,2015)|s1_desc_missing_years(2014,2015,2016,2018,2019)|cm_missing_years(2014,2015)|INFO_sif_missing_years(2014,2015,2016,2017)"
ISMN_TxSON_CR200-23,sm_only,train,20141112,20221107,True,True,True,True,True,True,True,True,True,True,True,True,False,195,272,0,100.0,"2014,2015","2014,2015","2014,2015,2016,2018,2020,2021,2022","2014,2015",,,,"2014,2015,2016,2017",,WARN,"s2_missing_years(2014,2015)|s1_asc_missing_years(2014,2015)|s1_desc_missing_years(2014,2015,2016,2018,2020,2021,2022)|cm_missing_years(2014,2015)|INFO_sif_missing_years(2014,2015,2016,2017)"
ISMN_TxSON_CR200-24,sm_only,val,20141112,20221107,True,True,True,True,True,True,True,True,True,True,True,True,False,180,272,0,100.0,"2014,2015","2014,2015","2014,2015,2016,2018,2020,2021,2022","2014,2015",,,,"2014,2015,2016,2017",,WARN,"s2_missing_years(2014,2015)|s1_asc_missing_years(2014,2015)|s1_desc_missing_years(2014,2015,2016,2018,2020,2021,2022)|cm_missing_years(2014,2015)|INFO_sif_missing_years(2014,2015,2016,2017)"
ISMN_TxSON_CR200-25,sm_only,val,20141112,20221107,True,True,True,True,True,True,True,True,True,True,True,True,False,182,272,0,100.0,"2014,2015","2014,2015","2014,2015,2016,2018,2020,2021,2022","2014,2015",,,,"2014,2015,2016,2017",,WARN,"s2_missing_years(2014,2015)|s1_asc_missing_years(2014,2015)|s1_desc_missing_years(2014,2015,2016,2018,2020,2021,2022)|cm_missing_years(2014,2015)|INFO_sif_missing_years(2014,2015,2016,2017)"
ISMN_TxSON_CR200-26,sm_only,oos,20141114,20221107,True,True,True,True,True,True,True,True,True,True,True,True,False,193,272,0,100.0,"2014,2015","2014,2015","2014,2015,2016,2018,2020,2021,2022","2014,2015",,,,"2014,2015,2016,2017",,WARN,"s2_missing_years(2014,2015)|s1_asc_missing_years(2014,2015)|s1_desc_missing_years(2014,2015,2016,2018,2020,2021,2022)|cm_missing_years(2014,2015)|INFO_sif_missing_years(2014,2015,2016,2017)"
ISMN_TxSON_CR200-28,sm_only,oos,20141203,20221107,True,True,True,True,True,True,True,True,True,True,True,True,False,194,272,0,100.0,"2014,2015","2014,2015","2014,2015,2016,2018,2020,2021,2022","2014,2015",,,,"2014,2015,2016,2017",,WARN,"s2_missing_years(2014,2015)|s1_asc_missing_years(2014,2015)|s1_desc_missing_years(2014,2015,2016,2018,2020,2021,2022)|cm_missing_years(2014,2015)|INFO_sif_missing_years(2014,2015,2016,2017)"
ISMN_TxSON_CR200-29,sm_only,oos,20141204,20220711,True,True,True,True,True,True,True,True,True,True,True,True,False,176,250,0,100.0,"2014,2015","2014,2015","2014,2015,2016,2018,2020,2021,2022","2014,2015",,,,"2014,2015,2016,2017",,WARN,"s2_missing_years(2014,2015)|s1_asc_missing_years(2014,2015)|s1_desc_missing_years(2014,2015,2016,2018,2020,2021,2022)|cm_missing_years(2014,2015)|INFO_sif_missing_years(2014,2015,2016,2017)"
ISMN_TxSON_CR200-3,sm_only,oos,20141001,20221107,True,True,True,True,True,True,True,True,True,True,True,True,False,199,272,0,100.0,"2014,2015","2014,2015","2014,2015,2016,2018,2020,2021,2022","2014,2015",,,,"2014,2015,2016,2017",,WARN,"s2_missing_years(2014,2015)|s1_asc_missing_years(2014,2015)|s1_desc_missing_years(2014,2015,2016,2018,2020,2021,2022)|cm_missing_years(2014,2015)|INFO_sif_missing_years(2014,2015,2016,2017)"
ISMN_TxSON_CR200-4,sm_only,oos,20170127,20221107,True,True,True,True,True,True,True,True,True,True,True,True,False,186,260,0,100.0,,,"2018,2020,2021,2022",,,,,2017,,WARN,"s1_desc_missing_years(2018,2020,2021,2022)|INFO_sif_missing_years(2017)"
ISMN_TxSON_CR200-5,sm_only,train,20141002,20221012,True,True,True,True,True,True,True,True,True,True,True,True,False,175,267,0,100.0,"2014,2015","2014,2015","2014,2015,2016,2018,2020,2021,2022","2014,2015",,,,"2014,2015,2016,2017",,WARN,"s2_missing_years(2014,2015)|s1_asc_missing_years(2014,2015)|s1_desc_missing_years(2014,2015,2016,2018,2020,2021,2022)|cm_missing_years(2014,2015)|INFO_sif_missing_years(2014,2015,2016,2017)"
ISMN_TxSON_CR200-6,sm_only,val,20141003,20221107,True,True,True,True,True,True,True,True,True,True,True,True,False,187,272,0,100.0,"2014,2015","2014,2015","2014,2015,2016,2018,2020,2021,2022","2014,2015",,,,"2014,2015,2016,2017",,WARN,"s2_missing_years(2014,2015)|s1_asc_missing_years(2014,2015)|s1_desc_missing_years(2014,2015,2016,2018,2020,2021,2022)|cm_missing_years(2014,2015)|INFO_sif_missing_years(2014,2015,2016,2017)"
ISMN_TxSON_CR200-7,sm_only,val,20141001,20191202,True,True,True,True,True,True,True,True,True,True,True,True,False,87,125,0,100.0,"2014,2015","2014,2015","2014,2015,2016,2018","2014,2015",,,,"2014,2015,2016,2017",,WARN,"s2_missing_years(2014,2015)|s1_asc_missing_years(2014,2015)|s1_desc_missing_years(2014,2015,2016,2018)|cm_missing_years(2014,2015)|INFO_sif_missing_years(2014,2015,2016,2017)"
ISMN_TxSON_CR200-8,sm_only,train,20141002,20221107,True,True,True,True,True,True,True,True,True,True,True,True,False,181,272,0,100.0,"2014,2015","2014,2015","2014,2015,2016,2018,2020,2021,2022","2014,2015",,,,"2014,2015,2016,2017",,WARN,"s2_missing_years(2014,2015)|s1_asc_missing_years(2014,2015)|s1_desc_missing_years(2014,2015,2016,2018,2020,2021,2022)|cm_missing_years(2014,2015)|INFO_sif_missing_years(2014,2015,2016,2017)"
ISMN_TxSON_CR200-9,sm_only,oos,20141001,20221107,True,True,True,True,True,True,True,True,True,True,True,True,False,199,272,0,100.0,"2014,2015","2014,2015","2014,2015,2016,2018,2020,2021,2022","2014,2015",,,,"2014,2015,2016,2017",,WARN,"s2_missing_years(2014,2015)|s1_asc_missing_years(2014,2015)|s1_desc_missing_years(2014,2015,2016,2018,2020,2021,2022)|cm_missing_years(2014,2015)|INFO_sif_missing_years(2014,2015,2016,2017)"
ISMN_TxSON_LCRA-1,sm_only,train,20141031,20221102,True,True,True,True,True,True,True,True,True,True,True,True,False,180,271,0,100.0,"2014,2015","2014,2015","2014,2015,2016,2018,2020,2021,2022","2014,2015",,,,"2014,2015,2016,2017",,WARN,"s2_missing_years(2014,2015)|s1_asc_missing_years(2014,2015)|s1_desc_missing_years(2014,2015,2016,2018,2020,2021,2022)|cm_missing_years(2014,2015)|INFO_sif_missing_years(2014,2015,2016,2017)"
ISMN_TxSON_LCRA-2,sm_only,oos,20141031,20221102,True,True,True,True,True,True,True,True,True,True,True,True,False,191,271,0,100.0,"2014,2015","2014,2015","2014,2015,2016,2018,2020,2021,2022","2014,2015",,,,"2014,2015,2016,2017",,WARN,"s2_missing_years(2014,2015)|s1_asc_missing_years(2014,2015)|s1_desc_missing_years(2014,2015,2016,2018,2020,2021,2022)|cm_missing_years(2014,2015)|INFO_sif_missing_years(2014,2015,2016,2017)"
ISMN_TxSON_LCRA-3,sm_only,train,20141030,20221102,True,True,True,True,True,True,True,True,True,True,True,True,False,192,271,0,100.0,"2014,2015","2014,2015","2014,2015,2016,2018,2020,2021,2022","2014,2015",,,,"2014,2015,2016,2017",,WARN,"s2_missing_years(2014,2015)|s1_asc_missing_years(2014,2015)|s1_desc_missing_years(2014,2015,2016,2018,2020,2021,2022)|cm_missing_years(2014,2015)|INFO_sif_missing_years(2014,2015,2016,2017)"
ISMN_TxSON_LCRA-4,sm_only,oos,20141031,20221102,True,True,True,True,True,True,True,True,True,True,True,True,False,194,271,0,100.0,"2014,2015","2014,2015","2014,2015,2016,2018,2020,2021,2022","2014,2015",,,,"2014,2015,2016,2017",,WARN,"s2_missing_years(2014,2015)|s1_asc_missing_years(2014,2015)|s1_desc_missing_years(2014,2015,2016,2018,2020,2021,2022)|cm_missing_years(2014,2015)|INFO_sif_missing_years(2014,2015,2016,2017)"
ISMN_TxSON_LCRA-5,sm_only,oos,20160826,20220312,True,True,True,True,True,True,True,True,True,True,True,True,False,149,228,0,100.0,,,"2016,2018,2020,2021,2022",,,,,"2016,2017",,WARN,"s1_desc_missing_years(2016,2018,2020,2021,2022)|INFO_sif_missing_years(2016,2017)"
ISMN_TxSON_LCRA-6,sm_only,oos,20141030,20220312,True,True,True,True,True,True,True,True,True,True,True,True,False,158,233,0,100.0,"2014,2015","2014,2015","2014,2015,2016,2018,2020,2021,2022","2014,2015",,,,"2014,2015,2016,2017",,WARN,"s2_missing_years(2014,2015)|s1_asc_missing_years(2014,2015)|s1_desc_missing_years(2014,2015,2016,2018,2020,2021,2022)|cm_missing_years(2014,2015)|INFO_sif_missing_years(2014,2015,2016,2017)"
ISMN_TxSON_LCRA-7,sm_only,train,20150121,20220312,True,True,True,True,True,True,True,True,True,True,True,True,False,148,246,0,100.0,2015,2015,"2015,2016,2018,2020,2021,2022",2015,,,,"2015,2016,2017",,WARN,"s2_missing_years(2015)|s1_asc_missing_years(2015)|s1_desc_missing_years(2015,2016,2018,2020,2021,2022)|cm_missing_years(2015)|INFO_sif_missing_years(2015,2016,2017)"
ISMN_USCRN_Asheville-13-S,sm_only,oos,20140101,20211102,True,True,True,True,True,True,True,True,True,True,True,True,False,134,213,0,100.0,"2014,2015","2014,2015","2014,2015,2016,2017,2019,2020,2021","2014,2015",,,,"2014,2015,2016,2017",,WARN,"s2_missing_years(2014,2015)|s1_asc_missing_years(2014,2015)|s1_desc_missing_years(2014,2015,2016,2017,2019,2020,2021)|cm_missing_years(2014,2015)|INFO_sif_missing_years(2014,2015,2016,2017)"
ISMN_USCRN_Austin-33-NW,sm_only,train,20140101,20211102,True,True,True,True,True,True,True,True,True,True,True,True,False,133,214,0,100.0,"2014,2015","2014,2015","2014,2015,2016,2018,2020,2021","2014,2015",,,,"2014,2015,2016,2017",,WARN,"s2_missing_years(2014,2015)|s1_asc_missing_years(2014,2015)|s1_desc_missing_years(2014,2015,2016,2018,2020,2021)|cm_missing_years(2014,2015)|INFO_sif_missing_years(2014,2015,2016,2017)"
ISMN_USCRN_Baker-5-W,sm_only,oos,20160107,20200109,True,True,True,True,True,True,True,True,True,True,True,True,False,121,180,0,100.0,,2020,"2016,2018,2019,2020",,,,,"2016,2017",,WARN,"s1_asc_missing_years(2020)|s1_desc_missing_years(2016,2018,2019,2020)|INFO_sif_missing_years(2016,2017)"
ISMN_USCRN_Batesville-8-WNW,sm_only,train,20140101,20211116,True,True,True,True,True,True,True,True,True,True,True,True,False,111,188,0,100.0,"2014,2015","2014,2015","2014,2015,2018,2021","2014,2015",,,,"2014,2015,2016,2017",,WARN,"s2_missing_years(2014,2015)|s1_asc_missing_years(2014,2015)|s1_desc_missing_years(2014,2015,2018,2021)|cm_missing_years(2014,2015)|INFO_sif_missing_years(2014,2015,2016,2017)"
ISMN_USCRN_Bedford-5-WNW,sm_only,train,20180112,20211116,True,True,True,False,True,True,True,True,True,True,True,True,False,96,144,0,100.0,,,,,,,,,,OK,
ISMN_USCRN_Bowling-Green-21-NNE,sm_only,oos,20150630,20191015,True,True,True,True,True,True,True,True,True,True,True,True,False,51,91,0,100.0,2015,2015,"2015,2016,2018,2019",2015,,,,"2015,2016,2017",,WARN,"s2_missing_years(2015)|s1_asc_missing_years(2015)|s1_desc_missing_years(2015,2016,2018,2019)|cm_missing_years(2015)|INFO_sif_missing_years(2015,2016,2017)"
ISMN_USCRN_Bronte-11-NNE,sm_only,train,20170304,20211102,True,True,True,False,True,True,True,True,True,True,True,True,False,155,231,0,100.0,,,,,,,,2017,,OK,INFO_sif_missing_years(2017)
ISMN_USCRN_Brunswick-23-S,sm_only,train,20140101,20190524,True,True,True,True,True,True,True,True,True,True,True,True,False,67,99,0,100.0,"2014,2015","2014,2015","2014,2015,2019","2014,2015",,,,"2014,2015,2016,2017",,WARN,"s2_missing_years(2014,2015)|s1_asc_missing_years(2014,2015)|s1_desc_missing_years(2014,2015,2019)|cm_missing_years(2014,2015)|INFO_sif_missing_years(2014,2015,2016,2017)"
ISMN_USCRN_Cape-Charles-5-ENE,sm_only,oos,20150305,20211102,True,True,True,True,True,True,True,True,True,True,True,True,False,157,226,0,100.0,2015,2015,"2015,2016,2017,2019,2021",2015,,,,"2015,2016,2017",,WARN,"s2_missing_years(2015)|s1_asc_missing_years(2015)|s1_desc_missing_years(2015,2016,2017,2019,2021)|cm_missing_years(2015)|INFO_sif_missing_years(2015,2016,2017)"
ISMN_USCRN_Charlottesville-2-SSE,sm_only,oos,20140101,20211102,True,True,True,True,True,True,True,True,True,True,True,True,False,102,177,0,100.0,"2014,2015","2014,2015","2014,2015,2016,2017,2020,2021","2014,2015",,,,"2014,2015,2016,2017",,WARN,"s2_missing_years(2014,2015)|s1_asc_missing_years(2014,2015)|s1_desc_missing_years(2014,2015,2016,2017,2020,2021)|cm_missing_years(2014,2015)|INFO_sif_missing_years(2014,2015,2016,2017)"
ISMN_USCRN_Chatham-1-SE,sm_only,train,20140101,20211102,True,True,True,False,True,True,True,True,True,True,True,True,False,190,366,0,100.0,"2014,2015","2014,2015",,"2014,2015",,,,"2014,2015,2016,2017",,WARN,"s2_missing_years(2014,2015)|s1_asc_missing_years(2014,2015)|cm_missing_years(2014,2015)|INFO_sif_missing_years(2014,2015,2016,2017)"
ISMN_USCRN_Cortez-8-SE,sm_only,train,20150111,20180115,True,True,True,True,True,True,True,True,True,True,True,True,False,61,84,0,100.0,2015,2015,"2015,2016",2015,,,,"2015,2016,2017",,WARN,"s2_missing_years(2015)|s1_asc_missing_years(2015)|s1_desc_missing_years(2015,2016)|cm_missing_years(2015)|INFO_sif_missing_years(2015,2016,2017)"
ISMN_USCRN_Corvallis-10-SSW,sm_only,oos,20140101,20211102,True,True,True,True,True,True,True,True,True,True,True,True,False,256,406,0,100.0,"2014,2015","2014,2015","2014,2015","2014,2015",,,,"2014,2015,2016,2017",,WARN,"s2_missing_years(2014,2015)|s1_asc_missing_years(2014,2015)|s1_desc_missing_years(2014,2015)|cm_missing_years(2014,2015)|INFO_sif_missing_years(2014,2015,2016,2017)"
ISMN_USCRN_Crossville-7-NW,sm_only,train,20140101,20180101,True,True,True,True,True,True,True,True,True,True,True,True,False,20,32,0,100.0,"2014,2015,2018","2014,2015","2014,2015,2016,2018","2014,2015,2018",,,,"2014,2015,2016,2017",,WARN,"s2_missing_years(2014,2015,2018)|s1_asc_missing_years(2014,2015)|s1_desc_missing_years(2014,2015,2016,2018)|cm_missing_years(2014,2015,2018)|INFO_sif_missing_years(2014,2015,2016,2017)"
ISMN_USCRN_Durham-11-W,sm_only,train,20140219,20210531,True,True,True,True,True,True,True,True,True,True,True,True,False,116,179,0,100.0,"2014,2015","2014,2015","2014,2015,2017,2020,2021","2014,2015",,,,"2014,2015,2016,2017",,WARN,"s2_missing_years(2014,2015)|s1_asc_missing_years(2014,2015)|s1_desc_missing_years(2014,2015,2017,2020,2021)|cm_missing_years(2014,2015)|INFO_sif_missing_years(2014,2015,2016,2017)"
ISMN_USCRN_Durham-2-N,sm_only,oos,20150203,20180203,True,True,True,True,True,True,True,True,True,True,True,True,False,40,59,0,100.0,2015,2015,2015,2015,,,,"2015,2016,2017",,WARN,"s2_missing_years(2015)|s1_asc_missing_years(2015)|s1_desc_missing_years(2015)|cm_missing_years(2015)|INFO_sif_missing_years(2015,2016,2017)"
ISMN_USCRN_Elgin-5-S,sm_only,oos,20170331,20210628,True,True,True,True,True,True,True,True,True,True,True,True,False,187,253,0,100.0,,,,,,,,2017,,OK,INFO_sif_missing_years(2017)
ISMN_USCRN_Elkins-21-ENE,sm_only,train,20140101,20200908,True,True,True,False,True,True,True,True,True,True,True,True,False,122,251,0,100.0,"2014,2015","2014,2015",,"2014,2015",,,,"2014,2015,2016,2017",,WARN,"s2_missing_years(2014,2015)|s1_asc_missing_years(2014,2015)|cm_missing_years(2014,2015)|INFO_sif_missing_years(2014,2015,2016,2017)"
ISMN_USCRN_Everglades-City-5-NE,sm_only,train,20140101,20200323,True,True,True,True,True,True,True,True,True,True,True,True,False,165,329,0,100.0,"2014,2015","2014,2015","2014,2015,2020","2014,2015",,,,"2014,2015,2016,2017",,WARN,"s2_missing_years(2014,2015)|s1_asc_missing_years(2014,2015)|s1_desc_missing_years(2014,2015,2020)|cm_missing_years(2014,2015)|INFO_sif_missing_years(2014,2015,2016,2017)"
ISMN_USCRN_Fallbrook-5-NE,sm_only,train,20140101,20211116,True,True,True,True,True,True,True,True,True,True,True,True,False,355,487,0,100.0,"2014,2015","2014,2015","2014,2015","2014,2015",,,,"2014,2015,2016,2017",,WARN,"s2_missing_years(2014,2015)|s1_asc_missing_years(2014,2015)|s1_desc_missing_years(2014,2015)|cm_missing_years(2014,2015)|INFO_sif_missing_years(2014,2015,2016,2017)"
ISMN_USCRN_Gadsden-19-N,sm_only,train,20140101,20211116,True,True,True,True,True,True,True,True,True,True,True,True,False,120,224,0,100.0,"2014,2015","2014,2015","2014,2015,2018,2019,2021","2014,2015",,,,"2014,2015,2016,2017",,WARN,"s2_missing_years(2014,2015)|s1_asc_missing_years(2014,2015)|s1_desc_missing_years(2014,2015,2018,2019,2021)|cm_missing_years(2014,2015)|INFO_sif_missing_years(2014,2015,2016,2017)"
ISMN_USCRN_Goodwell-2-E,sm_only,train,20170222,20200506,True,True,False,True,True,True,True,True,True,True,True,True,False,109,144,0,100.0,,,,,,,,2017,,OK,INFO_sif_missing_years(2017)
ISMN_USCRN_Goodwell-2-SE,sm_only,train,20140101,20211102,True,True,True,True,True,True,True,True,True,True,True,True,False,184,250,0,100.0,"2014,2015","2014,2015,2018,2019,2020,2021","2014,2015,2016","2014,2015",,,,"2014,2015,2016,2017",,WARN,"s2_missing_years(2014,2015)|s1_asc_missing_years(2014,2015,2018,2019,2020,2021)|s1_desc_missing_years(2014,2015,2016)|cm_missing_years(2014,2015)|INFO_sif_missing_years(2014,2015,2016,2017)"
ISMN_USCRN_John-Day-35-WNW,sm_only,train,20140101,20211102,True,True,True,True,True,True,True,True,True,True,True,True,False,179,237,0,100.0,"2014,2015","2014,2015","2014,2015,2016","2014,2015",,,,"2014,2015,2016,2017",,WARN,"s2_missing_years(2014,2015)|s1_asc_missing_years(2014,2015)|s1_desc_missing_years(2014,2015,2016)|cm_missing_years(2014,2015)|INFO_sif_missing_years(2014,2015,2016,2017)"
ISMN_USCRN_Joplin-24-N,sm_only,train,20161230,20210215,True,True,True,True,True,True,True,True,True,True,True,True,False,102,146,0,100.0,2016,2016,"2016,2017,2018,2019,2021",2016,,,,"2016,2017",,WARN,"s2_missing_years(2016)|s1_asc_missing_years(2016)|s1_desc_missing_years(2016,2017,2018,2019,2021)|cm_missing_years(2016)|INFO_sif_missing_years(2016,2017)"
ISMN_USCRN_Lafayette-13-SE,sm_only,val,20140101,20211116,True,True,True,True,True,True,True,True,True,True,True,True,False,136,255,0,100.0,"2014,2015","2014,2015","2014,2015,2017,2018,2019,2021","2014,2015",,,,"2014,2015,2016,2017",,WARN,"s2_missing_years(2014,2015)|s1_asc_missing_years(2014,2015)|s1_desc_missing_years(2014,2015,2017,2018,2019,2021)|cm_missing_years(2014,2015)|INFO_sif_missing_years(2014,2015,2016,2017)"
ISMN_USCRN_Las-Cruces-20-N,sm_only,train,20140101,20211102,True,True,True,True,True,True,True,True,True,True,True,True,False,479,565,0,100.0,"2014,2015","2014,2015","2014,2015,2016","2014,2015",,,,"2014,2015,2016,2017",,WARN,"s2_missing_years(2014,2015)|s1_asc_missing_years(2014,2015)|s1_desc_missing_years(2014,2015,2016)|cm_missing_years(2014,2015)|INFO_sif_missing_years(2014,2015,2016,2017)"
ISMN_USCRN_Los-Alamos-13-W,sm_only,train,20141024,20201208,True,True,True,True,True,True,True,True,True,True,True,True,False,142,220,0,100.0,"2014,2015","2014,2015","2014,2015,2016","2014,2015",,,,"2014,2015,2016,2017",,WARN,"s2_missing_years(2014,2015)|s1_asc_missing_years(2014,2015)|s1_desc_missing_years(2014,2015,2016)|cm_missing_years(2014,2015)|INFO_sif_missing_years(2014,2015,2016,2017)"
ISMN_USCRN_McClellanville-7-NE,sm_only,train,20150910,20211102,True,True,True,True,True,True,True,True,True,True,True,True,False,260,433,0,100.0,2015,2015,"2015,2017,2021",2015,,,,"2015,2016,2017",,WARN,"s2_missing_years(2015)|s1_asc_missing_years(2015)|s1_desc_missing_years(2015,2017,2021)|cm_missing_years(2015)|INFO_sif_missing_years(2015,2016,2017)"
ISMN_USCRN_Mercury-3-SSW,sm_only,train,20140101,20211102,True,True,True,True,True,True,True,True,True,True,True,True,False,498,550,0,100.0,"2014,2015","2014,2015","2014,2015,2016","2014,2015",,,,"2014,2015,2016,2017",,WARN,"s2_missing_years(2014,2015)|s1_asc_missing_years(2014,2015)|s1_desc_missing_years(2014,2015,2016)|cm_missing_years(2014,2015)|INFO_sif_missing_years(2014,2015,2016,2017)"
ISMN_USCRN_Monahans-6-ENE,sm_only,train,20140101,20211102,True,True,True,True,True,True,True,True,True,True,True,True,False,221,263,0,100.0,"2014,2015","2014,2015","2014,2015,2016","2014,2015",,,,"2014,2015,2016,2017",,WARN,"s2_missing_years(2014,2015)|s1_asc_missing_years(2014,2015)|s1_desc_missing_years(2014,2015,2016)|cm_missing_years(2014,2015)|INFO_sif_missing_years(2014,2015,2016,2017)"
ISMN_USCRN_Monroe-26-N,sm_only,val,20151114,20190126,True,True,True,True,True,True,True,True,True,True,True,True,False,83,140,0,100.0,2015,2015,"2015,2018,2019",2015,,,,"2015,2016,2017",,WARN,"s2_missing_years(2015)|s1_asc_missing_years(2015)|s1_desc_missing_years(2015,2018,2019)|cm_missing_years(2015)|INFO_sif_missing_years(2015,2016,2017)"
ISMN_USCRN_Muleshoe-19-S,sm_only,val,20170307,20211102,True,True,True,True,True,True,True,True,True,True,True,True,False,193,246,0,100.0,,,,,,,,2017,,OK,INFO_sif_missing_years(2017)
ISMN_USCRN_Newton-5-ENE,sm_only,oos,20160921,20211102,True,True,True,True,True,True,True,True,True,True,True,True,False,108,216,0,100.0,,,"2016,2018,2019,2021",,,,,"2016,2017",,WARN,"s1_desc_missing_years(2016,2018,2019,2021)|INFO_sif_missing_years(2016,2017)"
ISMN_USCRN_Newton-8-W,sm_only,train,20140101,20181013,True,True,True,True,True,True,True,True,True,True,True,True,False,74,156,0,100.0,"2014,2015","2014,2015","2014,2015","2014,2015",,,,"2014,2015,2016,2017",,WARN,"s2_missing_years(2014,2015)|s1_asc_missing_years(2014,2015)|s1_desc_missing_years(2014,2015)|cm_missing_years(2014,2015)|INFO_sif_missing_years(2014,2015,2016,2017)"
ISMN_USCRN_Panther-Junction-2-N,sm_only,train,20140101,20211102,True,True,True,True,True,True,True,True,True,True,True,True,False,205,251,0,100.0,"2014,2015","2014,2015","2014,2015,2016","2014,2015",,,,"2014,2015,2016,2017",,WARN,"s2_missing_years(2014,2015)|s1_asc_missing_years(2014,2015)|s1_desc_missing_years(2014,2015,2016)|cm_missing_years(2014,2015)|INFO_sif_missing_years(2014,2015,2016,2017)"
ISMN_USCRN_Quinault-4-NE,sm_only,train,20140101,20210612,True,True,True,True,True,True,True,True,True,True,True,True,False,89,178,0,100.0,"2014,2015","2014,2015","2014,2015","2014,2015",,,,"2014,2015,2016,2017",,WARN,"s2_missing_years(2014,2015)|s1_asc_missing_years(2014,2015)|s1_desc_missing_years(2014,2015)|cm_missing_years(2014,2015)|INFO_sif_missing_years(2014,2015,2016,2017)"
ISMN_USCRN_Salem-10-W,sm_only,val,20140219,20210213,True,True,True,True,True,True,True,True,True,True,True,True,False,97,146,0,100.0,"2014,2015","2014,2015","2014,2015,2016,2017,2018,2021","2014,2015",,,,"2014,2015,2016,2017",,WARN,"s2_missing_years(2014,2015)|s1_asc_missing_years(2014,2015)|s1_desc_missing_years(2014,2015,2016,2017,2018,2021)|cm_missing_years(2014,2015)|INFO_sif_missing_years(2014,2015,2016,2017)"
ISMN_USCRN_Santa-Barbara-11-W,sm_only,train,20170328,20211116,True,True,True,True,True,True,True,True,True,True,True,True,False,201,299,0,100.0,,,,,,,,2017,,OK,INFO_sif_missing_years(2017)
ISMN_USCRN_Socorro-20-N,sm_only,train,20140101,20211102,True,True,True,True,True,True,True,True,True,True,True,True,False,216,284,0,100.0,"2014,2015","2014,2015","2014,2015,2016","2014,2015",,,,"2014,2015,2016,2017",,WARN,"s2_missing_years(2014,2015)|s1_asc_missing_years(2014,2015)|s1_desc_missing_years(2014,2015,2016)|cm_missing_years(2014,2015)|INFO_sif_missing_years(2014,2015,2016,2017)"
ISMN_USCRN_Spokane-17-SSW,sm_only,train,20170304,20211102,True,True,True,True,True,True,True,True,True,True,True,True,False,245,356,0,100.0,,,,,,,,2017,,OK,INFO_sif_missing_years(2017)
ISMN_USCRN_Stillwater-2-W,sm_only,train,20140101,20211102,True,True,True,False,True,True,True,True,True,True,True,True,False,168,239,0,100.0,"2014,2015","2014,2015",,"2014,2015",,,,"2014,2015,2016,2017",,WARN,"s2_missing_years(2014,2015)|s1_asc_missing_years(2014,2015)|cm_missing_years(2014,2015)|INFO_sif_missing_years(2014,2015,2016,2017)"
ISMN_USCRN_Stillwater-5-WNW,sm_only,train,20140101,20201209,True,True,True,False,True,True,True,True,True,True,True,True,False,136,175,0,100.0,"2014,2015","2014,2015",,"2014,2015",,,,"2014,2015,2016,2017",,WARN,"s2_missing_years(2014,2015)|s1_asc_missing_years(2014,2015)|cm_missing_years(2014,2015)|INFO_sif_missing_years(2014,2015,2016,2017)"
ISMN_USCRN_Stovepipe-Wells-1-SW,sm_only,train,20140101,20211116,True,True,True,True,True,True,True,True,True,True,True,True,False,249,280,0,100.0,"2014,2015","2014,2015","2014,2015,2016","2014,2015",,,,"2014,2015,2016,2017",,WARN,"s2_missing_years(2014,2015)|s1_asc_missing_years(2014,2015)|s1_desc_missing_years(2014,2015,2016)|cm_missing_years(2014,2015)|INFO_sif_missing_years(2014,2015,2016,2017)"
ISMN_USCRN_Tucson-11-W,sm_only,oos,20140101,20211116,True,True,True,True,True,True,True,True,True,True,True,True,False,264,303,0,100.0,"2014,2015","2014,2015","2014,2015,2016","2014,2015",,,,"2014,2015,2016,2017",,WARN,"s2_missing_years(2014,2015)|s1_asc_missing_years(2014,2015)|s1_desc_missing_years(2014,2015,2016)|cm_missing_years(2014,2015)|INFO_sif_missing_years(2014,2015,2016,2017)"
ISMN_USCRN_Versailles-3-NNW,sm_only,oos,20150304,20211116,True,True,True,True,True,True,True,True,True,True,True,True,False,159,293,0,100.0,2015,2015,"2015,2016,2018,2019,2020,2021",2015,,,,"2015,2016,2017",,WARN,"s2_missing_years(2015)|s1_asc_missing_years(2015)|s1_desc_missing_years(2015,2016,2018,2019,2020,2021)|cm_missing_years(2015)|INFO_sif_missing_years(2015,2016,2017)"
ISMN_USCRN_Watkinsville-5-SSE,sm_only,train,20140101,20211116,True,True,True,True,True,True,True,True,True,True,True,True,False,142,219,0,100.0,"2014,2015","2014,2015","2014,2015,2016,2017,2020,2021","2014,2015",,,,"2014,2015,2016,2017",,WARN,"s2_missing_years(2014,2015)|s1_asc_missing_years(2014,2015)|s1_desc_missing_years(2014,2015,2016,2017,2020,2021)|cm_missing_years(2014,2015)|INFO_sif_missing_years(2014,2015,2016,2017)"
ISMN_USCRN_Yosemite-Village-12-W,sm_only,train,20180824,20211116,True,True,True,True,True,True,True,True,True,True,True,True,False,159,211,0,100.0,,,,,,,,,,OK,
ISMN_USCRN_Yuma-27-ENE,sm_only,oos,20140101,20211116,True,True,True,True,True,True,True,True,True,True,True,True,False,563,631,0,100.0,"2014,2015","2014,2015","2014,2015,2016","2014,2015",,,,"2014,2015,2016,2017",,WARN,"s2_missing_years(2014,2015)|s1_asc_missing_years(2014,2015)|s1_desc_missing_years(2014,2015,2016)|cm_missing_years(2014,2015)|INFO_sif_missing_years(2014,2015,2016,2017)"
ISMN_WATERLINE_Kerasia,sm_only,train,20211007,20250609,True,True,True,True,True,True,True,True,True,True,True,True,False,113,195,0,100.0,,,,,,,,,2025,OK,INFO_twsa_missing_years(2025)
ISMN_WATERLINE_Komotini,sm_only,oos,20220127,20250609,True,True,True,True,True,True,True,True,True,True,True,True,False,129,186,0,100.0,,,,,,,,,2025,OK,INFO_twsa_missing_years(2025)
ISMN_WATERLINE_Nymfaia,sm_only,train,20211007,20250609,True,True,True,True,True,True,True,True,True,True,True,True,False,112,194,0,100.0,,,,,,,,,2025,OK,INFO_twsa_missing_years(2025)
ISMN_XMS-CAT_BatlliudeSort,sm_only,train,20160801,20251230,True,True,True,True,True,True,True,True,True,True,True,True,False,370,560,0,100.0,,,,,,,,"2016,2017",2025,OK,"INFO_sif_missing_years(2016,2017)|INFO_twsa_missing_years(2025)"
ISMN_XMS-CAT_BordaColl,sm_only,train,20211201,20251230,True,True,True,True,True,True,True,True,True,True,True,True,False,354,505,0,100.0,,,,,,,,,2025,OK,INFO_twsa_missing_years(2025)
ISMN_XMS-CAT_CamidelsNerets,sm_only,train,20170330,20251230,True,True,True,True,True,True,True,True,True,True,True,True,False,358,491,0,100.0,,,,,,,,2017,2025,OK,INFO_sif_missing_years(2017)|INFO_twsa_missing_years(2025)
ISMN_XMS-CAT_Clarella,sm_only,train,20211201,20251230,True,True,True,True,True,True,True,True,True,True,True,True,False,206,333,0,100.0,,,,,,,,,2025,OK,INFO_twsa_missing_years(2025)
ISMN_XMS-CAT_ClotdelesPeresII,sm_only,train,20210225,20251230,True,True,True,True,True,True,True,True,True,True,True,True,False,203,282,0,100.0,,,,,,,,,2025,OK,INFO_twsa_missing_years(2025)
ISMN_XMS-CAT_ColldePaller,sm_only,train,20190301,20251230,True,True,True,True,True,True,True,True,True,True,True,True,False,509,739,0,100.0,,,,,,,,,2025,OK,INFO_twsa_missing_years(2025)
ISMN_XMS-CAT_ElBoixer,sm_only,train,20190301,20251230,True,True,True,True,True,True,True,True,True,True,True,True,False,250,428,0,100.0,,,,,,,,,2025,OK,INFO_twsa_missing_years(2025)
ISMN_XMS-CAT_ElMiracle,sm_only,train,20210801,20251230,True,True,True,True,True,True,True,True,True,True,True,True,False,329,487,0,100.0,,,,,,,,,2025,OK,INFO_twsa_missing_years(2025)
ISMN_XMS-CAT_LaCultiadAreu,sm_only,train,20200301,20251230,True,True,True,True,True,True,True,True,True,True,True,True,False,438,596,0,100.0,,,,,,,,,2025,OK,INFO_twsa_missing_years(2025)
ISMN_XMS-CAT_Llivia,sm_only,train,20210701,20251230,True,True,True,True,True,True,True,True,True,True,True,True,False,351,464,0,100.0,,,,,,,,,2025,OK,INFO_twsa_missing_years(2025)
ISMN_XMS-CAT_LosCoscolls,sm_only,train,20171101,20251230,True,True,True,True,True,True,True,True,True,True,True,True,False,336,464,0,100.0,,,,,,,,2017,2025,OK,INFO_sif_missing_years(2017)|INFO_twsa_missing_years(2025)
ISMN_XMS-CAT_Pessonada,sm_only,val,20170330,20251230,True,True,True,True,True,True,True,True,True,True,True,True,False,379,490,0,100.0,,,,,,,,2017,2025,OK,INFO_sif_missing_years(2017)|INFO_twsa_missing_years(2025)
ISMN_XMS-CAT_RiberadeSio,sm_only,train,20200301,20251230,True,True,True,True,True,True,True,True,True,True,True,True,False,239,332,0,100.0,,,,,,,,,2025,OK,INFO_twsa_missing_years(2025)
ISMN_XMS-CAT_SerradeCostaAmpla,sm_only,train,20170330,20230623,True,True,True,True,True,True,True,True,True,True,True,True,False,239,337,0,100.0,,,,,,,,2017,,OK,INFO_sif_missing_years(2017)
ISMN_iRON_BrushCreek,sm_only,oos,20141008,20220607,True,True,True,True,True,True,True,True,True,True,True,True,False,197,290,0,100.0,"2014,2015","2014,2015,2022","2014,2015,2016","2014,2015",,,,"2014,2015,2016,2017",,WARN,"s2_missing_years(2014,2015)|s1_asc_missing_years(2014,2015,2022)|s1_desc_missing_years(2014,2015,2016)|cm_missing_years(2014,2015)|INFO_sif_missing_years(2014,2015,2016,2017)"
ISMN_iRON_GlenwoodSprings,sm_only,train,20160615,20220523,True,True,True,True,True,True,True,True,True,True,True,True,False,364,459,0,100.0,"2016,2017",2022,2016,"2016,2017",,,,"2016,2017",,WARN,"s2_missing_years(2016,2017)|s1_asc_missing_years(2022)|s1_desc_missing_years(2016)|cm_missing_years(2016,2017)|INFO_sif_missing_years(2016,2017)"
ISMN_iRON_NorthstarAspenGrove,sm_only,oos,20150912,20210705,True,True,True,True,True,True,True,True,True,True,True,True,False,161,235,0,100.0,2015,2015,"2015,2016",2015,,,,"2015,2016,2017",,WARN,"s2_missing_years(2015)|s1_asc_missing_years(2015)|s1_desc_missing_years(2015,2016)|cm_missing_years(2015)|INFO_sif_missing_years(2015,2016,2017)"
ISMN_iRON_NorthstarTransitionZone,sm_only,oos,20200504,20250924,True,True,True,True,True,True,True,True,True,True,True,True,False,234,338,0,100.0,,,,,,,,,2025,OK,INFO_twsa_missing_years(2025)
ISMN_iRON_SkyMountain,sm_only,oos,20140101,20220607,True,True,True,True,True,True,True,True,True,True,True,True,False,188,290,0,100.0,"2014,2015","2014,2015,2022","2014,2015,2016","2014,2015",,,,"2014,2015,2016,2017",,WARN,"s2_missing_years(2014,2015)|s1_asc_missing_years(2014,2015,2022)|s1_desc_missing_years(2014,2015,2016)|cm_missing_years(2014,2015)|INFO_sif_missing_years(2014,2015,2016,2017)"
ICOS_CH-Cha,flux_only,train,20170101,20201231,True,True,True,True,True,True,True,True,True,True,True,False,True,183,303,0,100.0,,,,,,,,2017,,OK,INFO_sif_missing_years(2017)
ICOS_CH-Fru,flux_only,train,20170101,20201231,True,True,True,True,True,True,True,True,True,True,True,False,True,182,303,0,100.0,,,,,,,,2017,,OK,INFO_sif_missing_years(2017)
ICOS_CH-Lae,flux_only,val,20170101,20201231,True,True,True,True,True,True,True,True,True,True,True,False,True,181,303,0,100.0,,,,,,,,2017,,OK,INFO_sif_missing_years(2017)
ICOS_CH-Oe2,flux_only,train,20170101,20201231,True,True,True,True,True,True,True,True,True,True,True,False,True,102,183,0,100.0,,"2019,2020","2019,2020",,,,,2017,,WARN,"s1_asc_missing_years(2019,2020)|s1_desc_missing_years(2019,2020)|INFO_sif_missing_years(2017)"
ICOS_CZ-KrP,flux_only,train,20170101,20201231,True,True,True,True,True,True,True,True,True,True,True,False,True,121,291,0,100.0,2017,,,2017,,,,2017,,WARN,s2_missing_years(2017)|cm_missing_years(2017)|INFO_sif_missing_years(2017)
ICOS_CZ-RAJ,flux_only,train,20170101,20201231,True,True,True,True,True,True,True,True,True,True,True,False,True,143,296,0,100.0,,,,,,,,2017,,OK,INFO_sif_missing_years(2017)
ICOS_CZ-Stn,flux_only,train,20170101,20201231,True,True,True,True,True,True,True,True,True,True,True,False,True,82,145,0,100.0,,2020,2020,,,,,2017,,WARN,s1_asc_missing_years(2020)|s1_desc_missing_years(2020)|INFO_sif_missing_years(2017)
ICOS_CZ-wet,flux_only,train,20170101,20241231,True,True,True,True,True,True,True,True,True,True,True,False,True,287,501,0,100.0,,,,,,,,2017,,OK,INFO_sif_missing_years(2017)
ICOS_DE-Kli,flux_only,train,20170101,20240502,True,True,True,True,True,True,True,True,True,True,True,False,True,227,482,0,100.0,,,,,,,,2017,,OK,INFO_sif_missing_years(2017)
ICOS_DE-Obe,flux_only,train,20170101,20201231,True,True,True,True,True,True,True,True,True,True,True,False,True,69,138,0,100.0,,,,,,,,2017,,OK,INFO_sif_missing_years(2017)
ICOS_ES-Abr,flux_only,oos,20170101,20201231,True,True,True,True,True,True,True,True,True,True,True,False,True,173,428,0,100.0,2020,,,,,,,2017,,WARN,s2_missing_years(2020)|INFO_sif_missing_years(2017)
ICOS_ES-Agu,flux_only,val,20171020,20201111,True,True,True,True,True,True,True,True,True,True,True,False,True,142,189,0,100.0,,,,,,,,2017,,OK,INFO_sif_missing_years(2017)
ICOS_ES-Cnd,flux_only,train,20170101,20200131,True,True,True,True,True,True,True,True,True,True,True,False,True,131,172,0,100.0,,,,,,,,2017,,OK,INFO_sif_missing_years(2017)
ICOS_ES-LM1,flux_only,train,20170101,20201231,True,True,True,True,True,True,True,True,True,True,True,False,True,166,214,0,100.0,,,,,,,,2017,,OK,INFO_sif_missing_years(2017)
ICOS_ES-LM2,flux_only,train,20170101,20201231,True,True,True,True,True,True,True,True,True,True,True,False,True,162,214,0,100.0,,,,,,,,2017,,OK,INFO_sif_missing_years(2017)
ICOS_ES-LMa,flux_only,train,20200101,20241231,True,True,True,True,True,True,True,True,True,True,True,False,True,206,270,0,100.0,,,,,,,,,,OK,
ICOS_FR-Aur,flux_only,train,20170101,20220612,True,True,True,True,True,True,True,True,True,True,True,False,True,145,235,0,100.0,,,,,,,,2017,,OK,INFO_sif_missing_years(2017)
ICOS_FR-EM2,flux_only,train,20170101,20241231,True,True,True,True,True,True,True,True,True,True,True,False,True,300,631,0,100.0,,,,,,,,2017,,OK,INFO_sif_missing_years(2017)
ICOS_FR-FBn,flux_only,train,20170504,20201231,True,True,True,True,True,True,True,True,True,True,True,False,True,137,212,0,100.0,,,,,,,,2017,,OK,INFO_sif_missing_years(2017)
ICOS_IL-Yat,flux_only,oos,20170101,20201231,True,True,True,True,True,True,True,True,True,True,True,False,True,187,243,0,100.0,,,,,,,,2017,,OK,INFO_sif_missing_years(2017)
ICOS_IT-BCi,flux_only,oos,20170101,20201231,True,True,True,True,True,True,True,True,True,True,True,False,True,174,217,0,100.0,,,,,,,,2017,,OK,INFO_sif_missing_years(2017)
ICOS_IT-MBo,flux_only,train,20170101,20201009,True,True,True,True,True,True,True,True,True,True,True,False,True,224,388,0,100.0,,,,,,,,2017,,OK,INFO_sif_missing_years(2017)
ICOS_RU-Fy2,flux_only,train,20170101,20201231,True,True,True,True,True,True,True,True,True,True,True,False,True,82,145,0,100.0,,,,,,,,2017,,OK,INFO_sif_missing_years(2017)
ICOS_RU-Fyo,flux_only,train,20171210,20201231,True,True,False,True,True,True,True,True,True,True,True,False,True,83,194,0,100.0,2017,,,,,,,2017,,WARN,s2_missing_years(2017)|INFO_sif_missing_years(2017)
ICOS_UK-AMo,flux_only,train,20211119,20241231,True,True,True,True,True,True,True,True,True,True,True,False,True,62,165,0,100.0,,,,,,,,,,OK,
ICOS_BE-Bra,sm_and_flux,oos,20200101,20241230,True,True,True,True,True,True,True,True,True,True,False,True,True,153,153,0,100.0,,,,,,,,,,OK,INFO_no_twsa
ICOS_BE-Lon,sm_and_flux,oos,20180420,20240408,True,True,True,True,True,True,True,False,False,False,False,False,False,226,421,0,100.0,,,,,,,,,,CRITICAL,MISSING_soil|MISSING_era5|MISSING_labels_sm|MISSING_labels_le|INFO_no_sif|INFO_no_twsa
ICOS_BE-Maa,sm_and_flux,oos,20190904,20241230,True,True,True,True,True,True,True,True,True,True,False,True,True,183,183,0,100.0,,,,,,,,,,OK,INFO_no_twsa
ICOS_BE-Vie,sm_and_flux,oos,20180713,20241230,True,True,True,True,True,True,True,True,True,True,True,True,True,117,213,0,100.0,,"2021,2022,2023,2024","2021,2022,2023,2024",,,,,,,WARN,"s1_asc_missing_years(2021,2022,2023,2024)|s1_desc_missing_years(2021,2022,2023,2024)"
ICOS_CH-Dav,sm_and_flux,oos,20170101,20241230,True,True,True,True,True,True,True,False,True,False,False,False,False,239,396,0,100.0,,,,,,,,,,CRITICAL,MISSING_soil|MISSING_labels_sm|MISSING_labels_le|INFO_no_sif|INFO_no_twsa
ICOS_CZ-BK1,sm_and_flux,train,20170101,20201230,True,True,True,True,True,True,True,True,True,True,False,True,True,59,59,0,100.0,,,,,,,,2017,,OK,INFO_no_twsa|INFO_sif_missing_years(2017)
ICOS_CZ-Lnz,sm_and_flux,train,20170101,20201230,True,True,True,True,True,True,True,True,True,True,False,True,True,185,185,0,100.0,,,,,,,,2017,,OK,INFO_no_twsa|INFO_sif_missing_years(2017)
ICOS_DE-Geb,sm_and_flux,oos,20170101,20200101,True,True,True,True,True,True,True,True,True,True,False,True,True,108,108,0,100.0,2020,2020,,2020,,,,2017,,WARN,INFO_no_twsa|s2_missing_years(2020)|s1_asc_missing_years(2020)|cm_missing_years(2020)|INFO_sif_missing_years(2017)
ICOS_DE-Gri,sm_and_flux,oos,20201112,20241230,True,True,True,True,True,True,True,True,True,True,False,True,True,116,116,0,100.0,,,,,,,,,,OK,INFO_no_twsa
ICOS_DE-Har,sm_and_flux,train,20210715,20241230,True,True,True,True,True,True,True,True,True,True,False,True,True,69,69,0,100.0,,,,,,,,,,OK,INFO_no_twsa
ICOS_DE-HoH,sm_and_flux,val,20170101,20241230,True,True,True,True,True,True,True,True,True,True,False,True,True,258,258,0,100.0,,,,,,,,2017,,OK,INFO_no_twsa|INFO_sif_missing_years(2017)
ICOS_DE-RuR,sm_and_flux,val,20170101,20241230,True,True,True,True,True,True,True,True,True,True,False,True,True,121,121,0,100.0,,,,,,,,2017,,OK,INFO_no_twsa|INFO_sif_missing_years(2017)
ICOS_DE-RuS,sm_and_flux,oos,20190429,20241230,True,True,True,True,True,True,True,True,True,True,False,True,True,100,100,0,100.0,,,,,,,,,,OK,INFO_no_twsa
ICOS_DE-RuW,sm_and_flux,train,20181025,20241230,True,True,True,True,True,True,True,True,True,True,False,True,True,84,84,0,100.0,,,,,,,,,,OK,INFO_no_twsa
ICOS_DK-Sor,sm_and_flux,train,20211117,20241230,True,True,True,True,True,True,True,True,True,True,False,True,True,93,93,0,100.0,,,,,,,,,,OK,INFO_no_twsa
ICOS_FI-Hyy,sm_and_flux,oos,20181106,20241230,True,True,True,True,True,True,True,True,True,True,False,True,True,180,180,0,100.0,,,"2018,2019",,,,,,,WARN,"INFO_no_twsa|s1_desc_missing_years(2018,2019)"
ICOS_FI-Ken,sm_and_flux,train,20180101,20241230,True,True,True,True,True,True,True,False,True,False,False,False,False,258,556,0,100.0,,,,,,,,,,CRITICAL,MISSING_soil|MISSING_labels_sm|MISSING_labels_le|INFO_no_sif|INFO_no_twsa
ICOS_FI-Sii,sm_and_flux,train,20170607,20241230,True,True,True,True,True,True,True,True,True,True,True,True,True,247,489,0,100.0,,,2019,,,,,2017,,WARN,s1_desc_missing_years(2019)|INFO_sif_missing_years(2017)
ICOS_FI-Var,sm_and_flux,train,20200115,20241230,True,True,True,True,True,True,True,True,True,True,False,True,True,172,172,0,100.0,,,,,,,,,,OK,INFO_no_twsa
ICOS_FR-Bil,sm_and_flux,train,20170101,20241230,True,True,True,True,True,True,True,False,True,False,False,False,False,180,348,0,100.0,,,,,,,,,,CRITICAL,MISSING_soil|MISSING_labels_sm|MISSING_labels_le|INFO_no_sif|INFO_no_twsa
ICOS_FR-CLt,sm_and_flux,train,20190101,20241230,True,True,True,True,True,True,True,True,True,True,False,True,True,241,241,0,100.0,,,,,,,,,,OK,INFO_no_twsa
ICOS_FR-Gri,sm_and_flux,oos,20170101,20200701,True,True,True,True,True,True,True,False,True,False,False,False,False,133,247,0,100.0,,,,,,,,,,CRITICAL,MISSING_soil|MISSING_labels_sm|MISSING_labels_le|INFO_no_sif|INFO_no_twsa
ICOS_FR-Hes,sm_and_flux,train,20170101,20201230,True,True,True,True,True,True,True,True,True,True,False,True,True,169,169,0,100.0,,,,,,,,2017,,OK,INFO_no_twsa|INFO_sif_missing_years(2017)
ICOS_FR-Mej,sm_and_flux,train,20190930,20241230,True,True,True,True,True,True,True,True,True,True,False,True,True,186,186,0,100.0,,,,,,,,,,OK,INFO_no_twsa
ICOS_FR-Pue,sm_and_flux,oos,20211117,20241230,True,True,True,True,True,True,True,True,True,True,False,True,True,101,101,0,100.0,,,,,,,,,,OK,INFO_no_twsa
ICOS_FR-Tou,sm_and_flux,oos,20180101,20241230,True,True,True,True,True,True,True,True,True,True,True,True,True,186,305,0,100.0,,"2023,2024","2023,2024",,,,,,,WARN,"s1_asc_missing_years(2023,2024)|s1_desc_missing_years(2023,2024)"
ICOS_GF-Guy,sm_and_flux,train,20170101,20220612,True,True,True,True,True,True,True,True,True,True,False,True,True,20,20,0,100.0,2022,,,2022,,,,2017,,WARN,INFO_no_twsa|s2_missing_years(2022)|cm_missing_years(2022)|INFO_sif_missing_years(2017)
ICOS_IT-BFt,sm_and_flux,oos,20190101,20241230,True,True,True,True,True,True,True,True,True,True,False,True,True,420,420,0,100.0,,,,,,,,,,OK,INFO_no_twsa
ICOS_IT-Lsn,sm_and_flux,train,20170101,20230118,True,True,True,True,True,True,True,False,True,False,False,False,False,393,571,0,100.0,,,,,,,,,,CRITICAL,MISSING_soil|MISSING_labels_sm|MISSING_labels_le|INFO_no_sif|INFO_no_twsa
ICOS_IT-SR2,sm_and_flux,train,20170101,20200406,True,True,True,True,True,True,True,True,True,True,False,True,True,223,223,0,100.0,,,,,,,,2017,,OK,INFO_no_twsa|INFO_sif_missing_years(2017)
ICOS_IT-Tor,sm_and_flux,oos,20200922,20241204,True,True,True,True,True,True,True,True,True,True,True,True,True,269,444,0,100.0,,"2022,2023,2024","2023,2024",,,,,,,WARN,"s1_asc_missing_years(2022,2023,2024)|s1_desc_missing_years(2023,2024)"
ICOS_IT-TrF,sm_and_flux,oos,20170101,20240921,True,True,True,True,True,True,True,True,True,True,False,True,True,412,412,0,100.0,2017,,,2017,,,,2017,,WARN,INFO_no_twsa|s2_missing_years(2017)|cm_missing_years(2017)|INFO_sif_missing_years(2017)
ICOS_SE-Deg,sm_and_flux,oos,20170101,20241230,True,True,True,True,True,True,True,False,True,False,False,False,False,244,490,0,100.0,"2017,2018",,,"2017,2018",,,,,,CRITICAL,"MISSING_soil|MISSING_labels_sm|MISSING_labels_le|INFO_no_sif|INFO_no_twsa|s2_missing_years(2017,2018)|cm_missing_years(2017,2018)"
ICOS_SE-Htm,sm_and_flux,train,20170101,20241230,True,True,True,True,True,True,True,True,True,True,False,True,True,172,172,0,100.0,"2017,2018",,,"2017,2018",,,,2017,,WARN,"INFO_no_twsa|s2_missing_years(2017,2018)|cm_missing_years(2017,2018)|INFO_sif_missing_years(2017)"
ICOS_SE-Nor,sm_and_flux,oos,20180809,20241230,True,True,True,True,True,True,True,False,False,False,False,False,False,227,478,0,100.0,,,,,,,,,,CRITICAL,MISSING_soil|MISSING_era5|MISSING_labels_sm|MISSING_labels_le|INFO_no_sif|INFO_no_twsa
ICOS_SE-Svb,sm_and_flux,oos,20170101,20241230,True,True,True,True,True,True,True,False,True,False,False,False,False,131,243,0,100.0,"2017,2018,2019,2020,2021",,,"2017,2018,2019,2020,2021",,,,,,CRITICAL,"MISSING_soil|MISSING_labels_sm|MISSING_labels_le|INFO_no_sif|INFO_no_twsa|s2_missing_years(2017,2018,2019,2020,2021)|cm_missing_years(2017,2018,2019,2020,2021)"
AmeriFlux_CA-Cbo,flux_only,oos,20170101,20201231,True,True,True,False,True,True,True,True,True,True,True,False,True,261,207,54,79.31,,,,,,,,2017,,WARN,CM_COVERAGE_LOW(79.31%)|INFO_sif_missing_years(2017)
AmeriFlux_CA-DB2,flux_only,train,20191122,20241231,True,True,True,True,True,True,True,True,True,True,True,False,True,212,212,0,100.0,,,,,,,,,,OK,
AmeriFlux_CA-DBB,flux_only,train,20180126,20211213,True,True,True,True,True,True,True,True,True,True,True,False,True,184,184,0,100.0,,,,,,,,,,OK,
AmeriFlux_CA-DSM,flux_only,train,20210904,20241231,True,True,True,True,True,True,True,True,True,True,True,False,True,126,126,0,100.0,,,,,,,,,,OK,
AmeriFlux_CA-Mer,flux_only,train,20170101,20201231,True,True,True,True,True,True,True,True,True,True,True,False,True,291,291,0,100.0,,,"2018,2020",,,,,2017,,WARN,"s1_desc_missing_years(2018,2020)|INFO_sif_missing_years(2017)"
AmeriFlux_US-ALQ,flux_only,val,20190105,20230115,True,True,True,False,True,True,True,True,True,True,True,False,True,176,283,0,100.0,,"2022,2023",,,,,,,,WARN,"s1_asc_missing_years(2022,2023)"
AmeriFlux_US-BZB,flux_only,train,20180221,20240917,True,True,True,True,True,True,True,True,True,True,True,False,True,392,615,0,100.0,,,,,,,,,,OK,
AmeriFlux_US-BZo,flux_only,train,20180407,20211125,True,True,True,True,True,True,True,True,True,True,True,False,True,214,360,0,100.0,,,,,,,,,,OK,
AmeriFlux_US-Bi1,flux_only,train,20170101,20241231,True,True,True,True,True,True,True,True,True,True,True,False,True,375,438,0,100.0,,,,,,,,2017,,OK,INFO_sif_missing_years(2017)
AmeriFlux_US-Bi2,flux_only,train,20170427,20211231,True,True,True,True,True,True,True,True,True,True,True,False,True,219,263,0,100.0,,,,,,,,2017,,OK,INFO_sif_missing_years(2017)
AmeriFlux_US-DFC,flux_only,oos,20181018,20231213,True,True,True,False,True,True,True,True,True,True,True,False,True,146,201,0,100.0,,,,,,,,,,OK,
AmeriFlux_US-DS2,flux_only,train,20200322,20231004,True,True,True,True,True,True,True,True,True,True,True,False,True,189,211,0,100.0,,,,,,,,,,OK,
AmeriFlux_US-Dmg,flux_only,train,20210903,20241231,True,True,True,True,True,True,True,True,True,True,True,False,True,163,185,0,100.0,,,,,,,,,,OK,
AmeriFlux_US-Esm,flux_only,oos,20171103,20230825,True,True,True,True,True,True,True,True,True,True,True,False,True,113,342,0,100.0,,,"2017,2018,2021,2023",,,,,2017,,WARN,"s1_desc_missing_years(2017,2018,2021,2023)|INFO_sif_missing_years(2017)"
AmeriFlux_US-EvM,flux_only,train,20200501,20230521,True,True,True,True,True,True,True,True,True,True,True,False,True,108,184,0,100.0,,,"2021,2023",,,,,,,WARN,"s1_desc_missing_years(2021,2023)"
AmeriFlux_US-GLE,flux_only,train,20170101,20200930,True,True,True,True,True,True,True,True,True,True,True,False,True,119,186,0,100.0,,,,,,,,2017,,OK,INFO_sif_missing_years(2017)
AmeriFlux_US-HB1,flux_only,val,20191206,20221231,True,True,True,True,True,True,True,True,True,True,True,False,True,186,321,0,100.0,,,"2019,2021",,,,,,,WARN,"s1_desc_missing_years(2019,2021)"
AmeriFlux_US-HB3,flux_only,train,20190101,20221231,True,True,True,True,True,True,True,True,True,True,True,False,True,234,423,0,100.0,,,2021,,,,,,,WARN,s1_desc_missing_years(2021)
AmeriFlux_US-HB4,flux_only,train,20200317,20241231,True,True,True,True,True,True,True,True,True,True,True,False,True,279,468,0,100.0,,,"2021,2023,2024",,,,,,,WARN,"s1_desc_missing_years(2021,2023,2024)"
AmeriFlux_US-Ho1,flux_only,oos,20170101,20231231,True,True,True,True,True,True,True,True,True,True,True,False,True,153,253,0,100.0,,,"2017,2022,2023",,,,,2017,,WARN,"s1_desc_missing_years(2017,2022,2023)|INFO_sif_missing_years(2017)"
AmeriFlux_US-Ho2,flux_only,oos,20200224,20230728,True,True,True,True,True,True,True,True,True,True,True,False,True,84,137,0,100.0,,,"2022,2023",,,,,,,WARN,"s1_desc_missing_years(2022,2023)"
AmeriFlux_US-Hsm,flux_only,oos,20210316,20241231,True,True,True,True,True,True,True,True,True,True,True,False,True,191,222,0,100.0,,,,,,,,,,OK,
AmeriFlux_US-ICs,flux_only,val,20170101,20200914,True,True,True,True,True,True,True,True,True,True,True,False,True,134,360,0,100.0,,,,,,,,2017,,OK,INFO_sif_missing_years(2017)
AmeriFlux_US-ICt,flux_only,val,20170101,20200906,True,True,True,True,True,True,True,True,True,True,True,False,True,121,357,0,100.0,,,,,,,,2017,,OK,INFO_sif_missing_years(2017)
AmeriFlux_US-Jo1,flux_only,train,20170822,20210407,True,True,True,True,True,True,True,True,True,True,True,False,True,190,224,0,100.0,,,,,,,,2017,,OK,INFO_sif_missing_years(2017)
AmeriFlux_US-Jo2,flux_only,train,20171222,20201231,True,True,True,True,True,True,True,True,True,True,True,False,True,172,191,0,100.0,,,,,,,,2017,,OK,INFO_sif_missing_years(2017)
AmeriFlux_US-KFS,flux_only,oos,20170101,20191231,True,True,True,False,True,True,True,True,True,True,True,False,True,152,209,0,100.0,,,,,,,,2017,,OK,INFO_sif_missing_years(2017)
AmeriFlux_US-KLS,flux_only,oos,20170101,20191231,True,True,True,False,True,True,True,True,True,True,True,False,True,171,240,0,100.0,,,,,,,,2017,,OK,INFO_sif_missing_years(2017)
AmeriFlux_US-Kon,flux_only,train,20170101,20191231,True,True,True,False,True,True,True,True,True,True,True,False,True,77,110,0,100.0,,,,,,,,2017,,OK,INFO_sif_missing_years(2017)
AmeriFlux_US-MMS,flux_only,val,20170101,20201231,True,True,True,True,True,True,True,True,True,True,True,False,True,78,134,0,100.0,,,"2018,2019,2020",,,,,2017,,WARN,"s1_desc_missing_years(2018,2019,2020)|INFO_sif_missing_years(2017)"
AmeriFlux_US-MN2,flux_only,train,20190223,20241231,True,True,True,False,True,True,True,True,True,True,True,False,True,177,265,0,100.0,,,,,,,,,,OK,
AmeriFlux_US-MN3,flux_only,train,20200428,20241231,True,True,True,False,True,True,True,True,True,True,True,False,True,149,209,0,100.0,,,,,,,,,,OK,
AmeriFlux_US-Me2,flux_only,train,20181231,20220712,True,True,True,True,True,True,True,True,True,True,True,False,True,110,168,0,100.0,2018,2018,2018,2018,,,,,,WARN,s2_missing_years(2018)|s1_asc_missing_years(2018)|s1_desc_missing_years(2018)|cm_missing_years(2018)
AmeriFlux_US-Mo1,flux_only,val,20180113,20241231,True,True,True,False,True,True,True,True,True,True,True,False,True,425,587,0,100.0,,,,,,,,,,OK,
AmeriFlux_US-Mo2,flux_only,train,20180101,20230126,True,True,True,False,True,True,True,True,True,True,True,False,True,148,218,0,100.0,,,,,,,,,,OK,
AmeriFlux_US-Mo3,flux_only,val,20170101,20211231,True,True,True,False,True,True,True,True,True,True,True,False,True,252,361,0,100.0,,,,,,,,2017,,OK,INFO_sif_missing_years(2017)
AmeriFlux_US-Mpj,flux_only,train,20170101,20240624,True,True,True,True,True,True,True,True,True,True,True,False,True,638,859,0,100.0,,,,,,,,2017,,OK,INFO_sif_missing_years(2017)
AmeriFlux_US-MtB,flux_only,oos,20190319,20241231,True,True,True,True,True,True,True,True,True,True,True,False,True,263,382,0,100.0,,,,,,,,,,OK,
AmeriFlux_US-NC3,flux_only,train,20170101,20200305,True,True,True,True,True,True,True,True,True,True,True,False,True,78,122,0,100.0,,,"2017,2020",,,,,2017,,WARN,"s1_desc_missing_years(2017,2020)|INFO_sif_missing_years(2017)"
AmeriFlux_US-Ne1,flux_only,oos,20170101,20241231,True,True,True,False,True,True,True,True,True,True,True,False,True,492,678,0,100.0,,,,,,,,2017,,OK,INFO_sif_missing_years(2017)
AmeriFlux_US-Ne2,flux_only,oos,20170101,20240430,True,True,True,False,True,True,True,True,True,True,True,False,True,442,612,0,100.0,,,,,,,,2017,,OK,INFO_sif_missing_years(2017)
AmeriFlux_US-ONA,flux_only,train,20180427,20221231,True,True,True,True,True,True,True,True,True,True,True,False,True,109,282,0,100.0,,,"2021,2022",,,,,,,WARN,"s1_desc_missing_years(2021,2022)"
AmeriFlux_US-RGB,flux_only,val,20210101,20240530,True,True,True,True,True,True,True,True,True,True,True,False,True,164,198,0,100.0,,,,,,,,,,OK,
AmeriFlux_US-RGo,flux_only,val,20210621,20241231,True,True,True,True,True,True,True,True,True,True,True,False,True,309,425,0,100.0,,,,,,,,,,OK,
AmeriFlux_US-Rls,flux_only,train,20170101,20230930,True,True,True,True,True,True,True,True,True,True,True,False,True,422,688,0,100.0,,,,,,,,2017,,OK,INFO_sif_missing_years(2017)
AmeriFlux_US-Rms,flux_only,train,20170101,20230929,True,True,True,True,True,True,True,True,True,True,True,False,True,415,690,0,100.0,,,,,,,,2017,,OK,INFO_sif_missing_years(2017)
AmeriFlux_US-Ro4,flux_only,val,20170101,20240930,True,True,True,False,True,True,True,True,True,True,True,False,True,413,607,0,100.0,,,,,,,,2017,,OK,INFO_sif_missing_years(2017)
AmeriFlux_US-Ro5,flux_only,val,20170101,20241231,True,True,True,False,True,True,True,True,True,True,True,False,True,375,552,0,100.0,2017,,,2017,,,,2017,,WARN,s2_missing_years(2017)|cm_missing_years(2017)|INFO_sif_missing_years(2017)
AmeriFlux_US-Ro6,flux_only,val,20170101,20241231,True,True,True,False,True,True,True,True,True,True,True,False,True,377,552,0,100.0,2017,,,2017,,,,2017,,WARN,s2_missing_years(2017)|cm_missing_years(2017)|INFO_sif_missing_years(2017)
AmeriFlux_US-Rwf,flux_only,train,20170101,20230930,True,True,True,True,True,True,True,True,True,True,True,False,True,360,687,0,100.0,,,,,,,,2017,,OK,INFO_sif_missing_years(2017)
AmeriFlux_US-Rws,flux_only,train,20170101,20230930,True,True,True,True,True,True,True,True,True,True,True,False,True,419,688,0,100.0,,2023,2023,,,,,2017,,WARN,s1_asc_missing_years(2023)|s1_desc_missing_years(2023)|INFO_sif_missing_years(2017)
AmeriFlux_US-SHC,flux_only,train,20170621,20200930,True,True,True,True,True,True,True,True,True,True,True,False,True,273,378,0,100.0,,,,,,,,2017,,OK,INFO_sif_missing_years(2017)
AmeriFlux_US-Seg,flux_only,train,20170101,20241231,True,True,True,True,True,True,True,True,True,True,True,False,True,507,925,0,100.0,,"2022,2023,2024",,,,,,2017,,WARN,"s1_asc_missing_years(2022,2023,2024)|INFO_sif_missing_years(2017)"
AmeriFlux_US-Ses,flux_only,train,20180822,20211231,True,True,True,True,True,True,True,True,True,True,True,False,True,320,411,0,100.0,,,,,,,,,,OK,
AmeriFlux_US-Sne,flux_only,train,20170101,20201231,True,True,True,True,True,True,True,True,True,True,True,False,True,190,222,0,100.0,,,,,,,,2017,,OK,INFO_sif_missing_years(2017)
AmeriFlux_US-Tw4,flux_only,train,20170101,20221130,True,True,True,True,True,True,True,True,True,True,True,False,True,284,322,0,100.0,,,,,,,,2017,,OK,INFO_sif_missing_years(2017)
AmeriFlux_US-UC1,flux_only,oos,20200708,20240117,True,True,True,False,True,True,True,True,True,True,True,False,True,68,125,0,100.0,2024,,,2024,,,,,,WARN,s2_missing_years(2024)|cm_missing_years(2024)
AmeriFlux_US-UMB,flux_only,train,20170101,20211231,True,True,True,False,True,True,True,True,True,True,True,False,True,178,313,0,100.0,,,,,,,,2017,,OK,INFO_sif_missing_years(2017)
AmeriFlux_US-Vcm,flux_only,train,20170101,20231231,True,True,True,True,True,True,True,True,True,True,True,False,True,229,398,0,100.0,,,,,,,,2017,,OK,INFO_sif_missing_years(2017)
AmeriFlux_US-Vcp,flux_only,oos,20210121,20241231,True,True,True,True,True,True,True,True,True,True,True,False,True,157,251,0,100.0,,,,,,,,,,OK,
AmeriFlux_US-Wjs,flux_only,train,20170913,20241231,True,True,True,True,True,True,True,True,True,True,True,False,True,314,442,0,100.0,,,,,,,,2017,,OK,INFO_sif_missing_years(2017)
AmeriFlux_US-xBR,flux_only,train,20201208,20240830,True,True,True,True,True,True,True,True,True,True,True,False,True,84,163,0,100.0,,,,,,,,,,OK,
AmeriFlux_US-xCL,flux_only,train,20210201,20241231,True,True,True,False,True,True,True,True,True,True,True,False,True,147,211,0,100.0,,,,,,,,,,OK,
AmeriFlux_US-xCP,flux_only,train,20210421,20241231,True,True,True,True,True,True,True,True,True,True,True,False,True,296,431,0,100.0,,,,,,,,,,OK,
AmeriFlux_US-xDJ,flux_only,train,20191120,20241231,True,True,True,True,True,True,True,True,True,True,True,False,True,181,347,0,100.0,2019,,,2019,,,,,,WARN,s2_missing_years(2019)|cm_missing_years(2019)
AmeriFlux_US-xDL,flux_only,train,20201210,20241231,True,True,True,False,True,True,True,True,True,True,True,False,True,135,194,0,100.0,,,,,,,,,,OK,
AmeriFlux_US-xHA,flux_only,train,20200820,20240731,True,True,True,True,True,True,True,True,True,True,True,False,True,96,160,0,100.0,,,2021,,,,,,,WARN,s1_desc_missing_years(2021)
AmeriFlux_US-xJE,flux_only,train,20190807,20230130,True,True,True,True,True,True,True,True,True,True,True,False,True,216,365,0,100.0,,,"2021,2022,2023",,,,,,,WARN,"s1_desc_missing_years(2021,2022,2023)"
AmeriFlux_US-xJR,flux_only,train,20190530,20230116,True,True,True,True,True,True,True,True,True,True,True,False,True,384,459,0,100.0,,"2022,2023",,,,,,,,WARN,"s1_asc_missing_years(2022,2023)"
AmeriFlux_US-xKA,flux_only,train,20211001,20241231,True,True,True,False,True,True,True,True,True,True,True,False,True,133,177,0,100.0,,,,,,,,,,OK,
AmeriFlux_US-xNG,flux_only,train,20210806,20241231,True,True,True,True,True,True,True,True,True,True,True,False,True,118,150,0,100.0,,,2021,,,,,,,WARN,s1_desc_missing_years(2021)
AmeriFlux_US-xRM,flux_only,val,20210914,20241231,True,True,True,True,True,True,True,True,True,True,True,False,True,111,205,0,100.0,,,,,,,,,,OK,
AmeriFlux_US-xSC,flux_only,train,20211020,20241231,True,True,True,False,True,True,True,True,True,True,True,False,True,86,141,0,100.0,,,,,,,,,,OK,
AmeriFlux_US-xSE,flux_only,train,20200130,20241231,True,True,True,False,True,True,True,True,True,True,True,False,True,144,217,0,100.0,,,,,,,,,,OK,
AmeriFlux_US-xSJ,flux_only,train,20201126,20240130,True,True,True,True,True,True,True,True,True,True,True,False,True,155,203,0,100.0,,,,,,,,,,OK,
AmeriFlux_US-xUK,flux_only,oos,20200101,20241231,True,True,True,False,True,True,True,True,True,True,True,False,True,348,464,0,100.0,,,,,,,,,,OK,
AmeriFlux_US-xUN,flux_only,train,20210714,20241231,True,True,True,False,True,True,True,True,True,True,True,False,True,62,242,0,100.0,"2023,2024","2022,2023,2024",,,,,,,,WARN,"s2_missing_years(2023,2024)|s1_asc_missing_years(2022,2023,2024)"
AmeriFlux_US-xWD,flux_only,train,20191227,20241231,True,True,True,True,True,True,True,True,True,True,True,False,True,321,460,0,100.0,,"2022,2023,2024","2019,2020,2021",,,,,,,WARN,"s1_asc_missing_years(2022,2023,2024)|s1_desc_missing_years(2019,2020,2021)"
AmeriFlux_CA-TP1,sm_and_flux,train,20190527,20231230,True,True,True,False,True,True,True,True,True,True,False,True,True,116,116,0,100.0,,,,,,,,,,OK,INFO_no_twsa
AmeriFlux_CA-TP3,sm_and_flux,oos,20180906,20231230,True,True,True,False,True,True,True,True,True,True,False,True,True,121,121,0,100.0,,,,,,,,,,OK,INFO_no_twsa
AmeriFlux_CA-TPD,sm_and_flux,train,20170101,20231230,True,True,True,False,True,True,True,True,True,True,False,True,True,145,145,0,100.0,,,,,,,,2017,,OK,INFO_no_twsa|INFO_sif_missing_years(2017)
AmeriFlux_US-ARM,sm_and_flux,train,20170101,20230518,True,True,True,False,True,True,True,True,True,True,False,True,True,214,214,0,100.0,,,,,,,,2017,,OK,INFO_no_twsa|INFO_sif_missing_years(2017)
AmeriFlux_US-Me6,sm_and_flux,train,20200611,20241230,True,True,True,True,True,True,True,True,True,True,False,True,True,162,162,0,100.0,,,,,,,,,,OK,INFO_no_twsa
AmeriFlux_US-SRG,sm_and_flux,oos,20180424,20240524,True,True,True,True,True,True,True,True,True,True,False,True,True,309,309,0,100.0,,,,,,,,,,OK,INFO_no_twsa
AmeriFlux_US-SRM,sm_and_flux,train,20190101,20220705,True,True,True,True,True,True,True,True,True,True,False,True,True,181,181,0,100.0,,,,,,,,,,OK,INFO_no_twsa
AmeriFlux_US-Ton,sm_and_flux,train,20170101,20201230,True,True,True,True,True,True,True,True,True,True,False,True,True,147,147,0,100.0,,,,,,,,2017,,OK,INFO_no_twsa|INFO_sif_missing_years(2017)
AmeriFlux_US-UMd,sm_and_flux,train,20170223,20231230,True,True,True,False,True,True,True,True,True,True,False,True,True,249,249,0,100.0,,,,,,,,2017,,OK,INFO_no_twsa|INFO_sif_missing_years(2017)
AmeriFlux_US-Var,sm_and_flux,train,20171109,20211024,True,True,True,True,True,True,True,True,True,True,False,True,True,170,170,0,100.0,,,2017,,,,,2017,,WARN,INFO_no_twsa|s1_desc_missing_years(2017)|INFO_sif_missing_years(2017)
AmeriFlux_US-Whs,sm_and_flux,oos,20170101,20201230,True,True,True,True,True,True,True,True,True,True,False,True,True,354,354,0,100.0,,,,,,,,2017,,OK,INFO_no_twsa|INFO_sif_missing_years(2017)
AmeriFlux_US-Wkg,sm_and_flux,train,20170101,20241230,True,True,True,True,True,True,True,True,True,True,False,True,True,728,728,0,100.0,,,,,,,,2017,,OK,INFO_no_twsa|INFO_sif_missing_years(2017)
