station,category,split,start_date,end_date,status,flags,has_s2,has_s1_asc,has_s1_desc,has_cm,has_dem,has_lulc,has_soil,has_era5,has_sif,has_twsa,has_labels_sm,has_labels_le,n_s2_dates,n_cm_dates,n_s2_missing_cm,cm_coverage_pct,s2_missing_years,s1_asc_missing_years,s1_desc_missing_years,cm_missing_years,satellite_missing_years,era5_missing_years,labels_sm_missing_years,labels_le_missing_years,sif_missing_years,twsa_missing_years,has_raw_satzarr,n_s2_raw,s2_token_minus_raw,s2_raw_minus_token,n_s1_asc_raw,s1_asc_token_minus_raw,s1_asc_raw_minus_token,n_s1_desc_raw,s1_desc_token_minus_raw,s1_desc_raw_minus_token,has_raw_dem,has_raw_lulc,dem_nan,lulc_nan,soil_nan_pct,era5_nan,sif_nan,twsa_nan,labels_sm_nan,labels_le_nan_frac,sm_continuous_years,le_continuous_years,lt_3yr_labels
ISMN_AMMA-CATCH_Banizoumbou,sm_only,train,20160101,20181230,OK,"INFO_sif_missing_years(2016,2017)",True,True,False,True,True,True,True,True,True,True,True,False,103,103,0,100.0,,,,,,,,,"2016,2017",,True,103,0,0,84.0,0.0,0.0,,,,True,True,False,False,0.0,False,False,False,False,,3.0,,False
ISMN_AMMA-CATCH_Tondikiboro,sm_only,train,20160101,20181230,OK,"INFO_sif_missing_years(2016,2017)|INFO_soil_nan_pct(0.1%)",True,True,False,True,True,True,True,True,True,True,True,False,102,102,0,100.0,,,,,,,,,"2016,2017",,True,102,0,0,84.0,0.0,0.0,,,,True,True,False,False,0.0013,False,False,False,False,,3.0,,False
ISMN_ARM_Anthony,sm_only,train,20160101,20210920,OK,"INFO_sif_missing_years(2016,2017)",True,True,False,True,True,True,True,True,True,True,True,False,330,330,0,100.0,,,,,,,,,"2016,2017",,True,330,0,0,246.0,0.0,0.0,,,,True,True,False,False,0.0,False,False,False,False,,6.0,,False
ISMN_ARM_Ashton,sm_only,train,20160226,20230928,OK,"INFO_sif_missing_years(2016,2017)|INFO_soil_nan_pct(0.0%)",True,True,False,True,True,True,True,True,True,True,True,False,235,235,0,100.0,,,,,,,,,"2016,2017",,True,235,0,0,308.0,0.0,0.0,,,,True,True,False,False,0.0002,False,False,False,False,,8.0,,False
ISMN_ARM_Byron,sm_only,train,20160225,20211130,OK,"INFO_sif_missing_years(2016,2017)",True,True,False,True,True,True,True,True,True,True,True,False,350,350,0,100.0,,,,,,,,,"2016,2017",,True,350,0,0,407.0,0.0,0.0,,,,True,True,False,False,0.0,False,False,False,False,,6.0,,False
ISMN_ARM_Lamont-CF1,sm_only,train,20160223,20251230,OK,"INFO_sif_missing_years(2016,2017)|INFO_twsa_missing_years(2025)",True,True,False,True,True,True,True,True,True,True,True,False,321,321,0,100.0,,,,,,,,,"2016,2017",2025,True,321,0,0,375.0,0.0,0.0,,,,True,True,False,False,0.0,False,False,False,False,,10.0,,False
ISMN_ARM_Lamont-CF2,sm_only,train,20210729,20251230,OK,INFO_twsa_missing_years(2025),True,True,False,True,True,True,True,True,True,True,True,False,169,169,0,100.0,,,,,,,,,,2025,True,169,0,0,138.0,0.0,0.0,,,,True,True,False,False,0.0,False,False,False,False,,5.0,,False
ISMN_ARM_MapleCity,sm_only,oos,20191004,20230928,OK,INFO_soil_nan_pct(0.0%),True,True,False,True,True,True,True,True,True,True,True,False,299,299,0,100.0,,,,,,,,,,,True,299,0,0,174.0,0.0,0.0,,,,True,True,False,False,0.0004,False,False,False,False,,5.0,,False
ISMN_ARM_Marshall,sm_only,train,20160525,20230928,OK,"INFO_sif_missing_years(2016,2017)",True,True,False,True,True,True,True,True,True,True,True,False,242,242,0,100.0,,,,,,,,,"2016,2017",,True,242,0,0,304.0,0.0,0.0,,,,True,True,False,False,0.0,False,False,False,False,,8.0,,False
ISMN_ARM_Medford,sm_only,oos,20160226,20251230,OK,"INFO_sif_missing_years(2016,2017)|INFO_twsa_missing_years(2025)",True,True,False,True,True,True,True,True,True,True,True,False,655,655,0,100.0,,,,,,,,,"2016,2017",2025,True,655,0,0,374.0,0.0,0.0,,,,True,True,False,False,0.0,False,False,False,False,,10.0,,False
ISMN_ARM_Morrison,sm_only,train,20160101,20251230,OK,"INFO_sif_missing_years(2016,2017)|INFO_twsa_missing_years(2025)|INFO_soil_nan_pct(0.0%)",True,True,False,True,True,True,True,True,True,True,True,False,325,325,0,100.0,,,,,,,,,"2016,2017",2025,True,325,0,0,376.0,0.0,0.0,,,,True,True,False,False,0.0002,False,False,False,False,,10.0,,False
ISMN_ARM_Newkirk,sm_only,train,20160224,20251230,OK,"INFO_sif_missing_years(2016,2017)|INFO_twsa_missing_years(2025)",True,True,False,True,True,True,True,True,True,True,True,False,307,307,0,100.0,,,,,,,,,"2016,2017",2025,True,307,0,0,375.0,0.0,0.0,,,,True,True,False,False,0.0,False,False,False,False,,10.0,,False
ISMN_ARM_Omega,sm_only,oos,20160101,20210606,OK,"INFO_sif_missing_years(2016,2017)",True,True,False,True,True,True,True,True,True,True,True,False,300,300,0,100.0,,,,,,,,,"2016,2017",,True,300,0,0,368.0,0.0,0.0,,,,True,True,False,False,0.0,False,False,False,False,,6.0,,False
ISMN_ARM_Pawhuska,sm_only,train,20160305,20251230,OK,"INFO_sif_missing_years(2016,2017)|INFO_twsa_missing_years(2025)",True,True,False,True,True,True,True,True,True,True,True,False,297,297,0,100.0,,,,,,,,,"2016,2017",2025,True,297,0,0,624.0,0.0,0.0,,,,True,True,False,False,0.0,False,False,False,False,,10.0,,False
ISMN_ARM_Ringwood,sm_only,train,20160302,20230928,OK,"INFO_sif_missing_years(2016,2017)",True,True,False,True,True,True,True,True,True,True,True,False,500,500,0,100.0,,,,,,,,,"2016,2017",,True,500,0,0,510.0,0.0,0.0,,,,True,True,False,False,0.0,False,False,False,False,,8.0,,False
ISMN_ARM_Tryon,sm_only,train,20160303,20230928,OK,"INFO_sif_missing_years(2016,2017)|INFO_soil_nan_pct(0.2%)",True,True,False,True,True,True,True,True,True,True,True,False,237,237,0,100.0,,,,,,,,,"2016,2017",,True,237,0,0,309.0,0.0,0.0,,,,True,True,False,False,0.0016,False,False,False,False,,8.0,,False
ISMN_ARM_Tyro,sm_only,train,20160101,20251230,OK,"INFO_s1_desc_missing_years(2016,2017,2018,2019,2021,2022,2023,2024,2025)|INFO_sif_missing_years(2016,2017)|INFO_twsa_missing_years(2025)|INFO_soil_nan_pct(0.1%)",True,True,True,True,True,True,True,True,True,True,True,False,588,588,0,100.0,,,"2016,2017,2018,2019,2021,2022,2023,2024,2025",,,,,,"2016,2017",2025,True,588,0,0,253.0,0.0,0.0,1.0,0.0,0.0,True,True,False,False,0.0005,False,False,False,False,,10.0,,False
ISMN_ARM_Waukomis,sm_only,train,20160101,20251230,OK,"INFO_sif_missing_years(2016,2017)|INFO_twsa_missing_years(2025)",True,True,False,True,True,True,True,True,True,True,True,False,449,449,0,100.0,,,,,,,,,"2016,2017",2025,True,449,0,0,376.0,0.0,0.0,,,,True,True,False,False,0.0,False,False,False,False,,10.0,,False
ISMN_Berlin_DWDBerlin-Spaeth,sm_only,oos,20211001,20251230,OK,INFO_twsa_missing_years(2025)|INFO_soil_nan_pct(0.4%),True,True,True,True,True,True,True,True,True,True,True,False,165,165,0,100.0,,,,,,,,,,2025,True,165,0,0,302.0,0.0,0.0,308.0,0.0,0.0,True,True,False,False,0.004,False,False,False,False,,5.0,,False
ISMN_Berlin_DWDBerlinTempel,sm_only,oos,20220629,20251230,OK,INFO_twsa_missing_years(2025),True,True,True,True,True,True,True,True,True,True,True,False,134,134,0,100.0,,,,,,,,,,2025,True,134,0,0,244.0,0.0,0.0,251.0,0.0,0.0,True,True,False,False,0.0,False,False,False,False,,4.0,,False
ISMN_Berlin_PSA14wiltinger,sm_only,train,20221129,20251230,OK,INFO_twsa_missing_years(2025),True,True,True,True,True,True,True,True,True,True,True,False,125,125,0,100.0,,,,,,,,,,2025,True,125,0,0,219.0,0.0,0.0,228.0,0.0,0.0,True,True,False,False,0.0,False,False,False,False,,4.0,,False
ISMN_Berlin_PSA15bucherchaus,sm_only,train,20221129,20251230,OK,INFO_twsa_missing_years(2025),True,True,True,True,True,True,True,True,True,True,True,False,123,123,0,100.0,,,,,,,,,,2025,True,123,0,0,219.0,0.0,0.0,228.0,0.0,0.0,True,True,False,False,0.0,False,False,False,False,,4.0,,False
ISMN_Berlin_PSA16krugwiesen,sm_only,train,20221129,20251230,OK,INFO_twsa_missing_years(2025),True,True,True,True,True,True,True,True,True,True,True,False,107,107,0,100.0,,,,,,,,,,2025,True,107,0,0,219.0,0.0,0.0,228.0,0.0,0.0,True,True,False,False,0.0,False,False,False,False,,4.0,,False
ISMN_Berlin_PSA17suedpark,sm_only,train,20221129,20251230,OK,INFO_s2_missing_years(2022)|INFO_cm_missing_years(2022)|INFO_twsa_missing_years(2025),True,True,True,True,True,True,True,True,True,True,True,False,112,112,0,100.0,2022,,,2022,,,,,,2025,True,112,0,0,219.0,0.0,0.0,229.0,0.0,0.0,True,True,False,False,0.0,False,False,False,False,,4.0,,False
ISMN_Berlin_PSA18Pfaueninsel,sm_only,train,20221129,20251230,OK,INFO_s2_missing_years(2022)|INFO_cm_missing_years(2022)|INFO_twsa_missing_years(2025)|INFO_soil_nan_pct(41.7%),True,True,True,True,True,True,True,True,True,True,True,False,117,117,0,100.0,2022,,,2022,,,,,,2025,True,117,0,0,219.0,0.0,0.0,229.0,0.0,0.0,True,True,False,False,0.4173,False,False,False,False,,4.0,,False
ISMN_Berlin_PSA1BerlinerStr,sm_only,val,20201125,20240414,OK,,True,True,True,True,True,True,True,True,True,True,True,False,118,118,0,100.0,,,,,,,,,,,True,118,0,0,259.0,0.0,0.0,260.0,0.0,0.0,True,True,False,False,0.0,False,False,False,False,,5.0,,False
ISMN_Berlin_PSA2Tiergarten,sm_only,train,20201125,20251230,OK,INFO_twsa_missing_years(2025)|INFO_soil_nan_pct(0.0%),True,True,True,True,True,True,True,True,True,True,True,False,208,208,0,100.0,,,,,,,,,,2025,True,208,0,0,402.0,0.0,0.0,408.0,0.0,0.0,True,True,False,False,0.0002,False,False,False,False,,6.0,,False
ISMN_Berlin_PSA4Heerstrasse,sm_only,train,20201125,20240326,OK,,True,True,True,True,True,True,True,True,True,True,True,False,113,113,0,100.0,,,,,,,,,,,True,113,0,0,256.0,0.0,0.0,257.0,0.0,0.0,True,True,False,False,0.0,False,False,False,False,,5.0,,False
ISMN_Berlin_PSA6Plaenterwald,sm_only,train,20201127,20251230,OK,INFO_twsa_missing_years(2025)|INFO_soil_nan_pct(4.5%),True,True,True,True,True,True,True,True,True,True,True,False,188,188,0,100.0,,,,,,,,,,2025,True,188,0,0,402.0,0.0,0.0,407.0,0.0,0.0,True,True,False,False,0.0447,False,False,False,False,,6.0,,False
ISMN_Berlin_PSA7Ruebezahl,sm_only,val,20201127,20250527,OK,INFO_twsa_missing_years(2025)|INFO_soil_nan_pct(18.4%),True,True,True,True,True,True,True,True,True,True,True,False,156,156,0,100.0,,,,,,,,,,2025,True,156,0,0,333.0,0.0,0.0,334.0,0.0,0.0,True,True,False,False,0.1843,False,False,False,False,,6.0,,False
ISMN_Berlin_PflABerlin11Humb,sm_only,train,20221115,20251230,OK,INFO_twsa_missing_years(2025)|INFO_soil_nan_pct(0.0%),True,True,True,True,True,True,True,True,True,True,True,False,127,127,0,100.0,,,,,,,,,,2025,True,127,0,0,221.0,0.0,0.0,232.0,0.0,0.0,True,True,False,False,0.0002,False,False,False,False,,4.0,,False
ISMN_Berlin_PflABerlin12Schi,sm_only,train,20221115,20251230,OK,INFO_twsa_missing_years(2025)|INFO_soil_nan_pct(0.5%),True,True,True,True,True,True,True,True,True,True,True,False,120,120,0,100.0,,,,,,,,,,2025,True,120,0,0,200.0,0.0,0.0,232.0,0.0,0.0,True,True,False,False,0.0049,False,False,False,False,,4.0,,False
ISMN_Berlin_PflABerlin13Marz,sm_only,train,20221115,20251230,OK,INFO_twsa_missing_years(2025),True,True,True,True,True,True,True,True,True,True,True,False,128,128,0,100.0,,,,,,,,,,2025,True,128,0,0,221.0,0.0,0.0,230.0,0.0,0.0,True,True,False,False,0.0,False,False,False,False,,4.0,,False
ISMN_COSMOS_KLEE,sm_only,train,20160101,20180428,OK,"INFO_s1_desc_missing_years(2016)|INFO_sif_missing_years(2016,2017)",True,True,True,True,True,True,True,True,True,True,True,False,54,54,0,100.0,,,2016,,,,,,"2016,2017",,True,54,0,0,44.0,0.0,0.0,39.0,0.0,0.0,True,True,False,False,0.0,False,False,False,False,,3.0,,False
ISMN_COSMOS-UK_AliceHolt,sm_only,train,20160101,20221231,OK,"INFO_sif_missing_years(2016,2017)|INFO_soil_nan_pct(0.0%)",True,True,True,True,True,True,True,True,True,True,True,False,97,97,0,100.0,,,,,,,,,"2016,2017",,True,97,0,0,703.0,0.0,0.0,712.0,0.0,0.0,True,True,False,False,0.0004,False,False,False,False,,7.0,,False
ISMN_COSMOS-UK_Balruddery,sm_only,val,20160101,20190129,OK,"INFO_sif_missing_years(2016,2017)",True,True,True,True,True,True,True,True,True,True,True,False,73,73,0,100.0,,,,,,,,,"2016,2017",,True,73,0,0,313.0,0.0,0.0,316.0,0.0,0.0,True,True,False,False,0.0,False,False,False,False,,4.0,,False
ISMN_COSMOS-UK_BickleyHall,sm_only,oos,20160101,20221231,OK,"INFO_sif_missing_years(2016,2017)|INFO_soil_nan_pct(0.9%)",True,True,True,True,True,True,True,True,True,True,True,False,85,85,0,100.0,,,,,,,,,"2016,2017",,True,85,0,0,351.0,0.0,0.0,706.0,0.0,0.0,True,True,False,False,0.0089,False,False,False,False,,7.0,,False
ISMN_COSMOS-UK_BunnyPark,sm_only,train,20160101,20221231,OK,"INFO_sif_missing_years(2016,2017)",True,True,True,True,True,True,True,True,True,True,True,False,178,178,0,100.0,,,,,,,,,"2016,2017",,True,178,0,0,685.0,0.0,0.0,709.0,0.0,0.0,True,True,False,False,0.0,False,False,False,False,,7.0,,False
ISMN_COSMOS-UK_Cardington,sm_only,train,20160101,20220624,OK,"INFO_sif_missing_years(2016,2017)",True,True,True,True,True,True,True,True,True,True,True,False,103,103,0,100.0,,,,,,,,,"2016,2017",,True,103,0,0,338.0,0.0,0.0,680.0,0.0,0.0,True,True,False,False,0.0,False,False,False,False,,7.0,,False
ISMN_COSMOS-UK_ChimneyMeadows,sm_only,oos,20160101,20190927,OK,"INFO_sif_missing_years(2016,2017)",True,True,True,True,True,True,True,True,True,True,True,False,88,88,0,100.0,,,,,,,,,"2016,2017",,True,88,0,0,378.0,0.0,0.0,387.0,0.0,0.0,True,True,False,False,0.0,False,False,False,False,,4.0,,False
ISMN_COSMOS-UK_Cochno,sm_only,train,20170824,20201114,OK,INFO_sif_missing_years(2017)|INFO_soil_nan_pct(0.2%),True,True,True,True,True,True,True,True,True,True,True,False,68,68,0,100.0,,,,,,,,,2017,,True,68,0,0,291.0,0.0,0.0,379.0,0.0,0.0,True,True,False,False,0.0022,False,False,False,False,,4.0,,False
ISMN_COSMOS-UK_CwmGarw,sm_only,oos,20170205,20201024,OK,INFO_sif_missing_years(2017),True,True,True,True,True,True,True,True,True,True,True,False,65,65,0,100.0,,,,,,,,,2017,,True,65,0,0,236.0,0.0,0.0,437.0,0.0,0.0,True,True,False,False,0.0,False,False,False,False,,4.0,,False
ISMN_COSMOS-UK_Elmsett,sm_only,train,20160811,20191212,OK,"INFO_sif_missing_years(2016,2017)",True,True,True,True,True,True,True,True,True,True,True,False,87,87,0,100.0,,,,,,,,,"2016,2017",,True,87,0,0,383.0,0.0,0.0,383.0,0.0,0.0,True,True,False,False,0.0,False,False,False,False,,4.0,,False
ISMN_COSMOS-UK_Euston,sm_only,train,20190610,20221231,OK,,True,True,True,True,True,True,True,True,True,True,True,False,113,113,0,100.0,,,,,,,,,,,True,113,0,0,355.0,0.0,0.0,360.0,0.0,0.0,True,True,False,False,0.0,False,False,False,False,,4.0,,False
ISMN_COSMOS-UK_Fincham,sm_only,val,20170607,20221231,OK,INFO_sif_missing_years(2017),True,True,True,True,True,True,True,True,True,True,True,False,187,187,0,100.0,,,,,,,,,2017,,True,187,0,0,588.0,0.0,0.0,594.0,0.0,0.0,True,True,False,False,0.0,False,False,False,False,,6.0,,False
ISMN_COSMOS-UK_Fivemiletown,sm_only,train,20180626,20221231,OK,,True,True,True,True,True,True,True,True,True,True,True,False,78,78,0,100.0,,,,,,,,,,,True,78,0,0,236.0,0.0,0.0,473.0,0.0,0.0,True,True,False,False,0.0,False,False,False,False,,5.0,,False
ISMN_COSMOS-UK_HartwoodHome,sm_only,val,20170223,20220725,OK,INFO_sif_missing_years(2017),True,True,True,True,True,True,True,True,True,True,True,False,108,108,0,100.0,,,,,,,,,2017,,True,108,0,0,592.0,0.0,0.0,602.0,0.0,0.0,True,True,False,False,0.0,False,False,False,False,,6.0,,False
ISMN_COSMOS-UK_Heytesbury,sm_only,train,20180808,20220730,OK,,True,True,True,True,True,True,True,True,True,True,True,False,112,112,0,100.0,,,,,,,,,,,True,112,0,0,211.0,0.0,0.0,433.0,0.0,0.0,True,True,False,False,0.0,False,False,False,False,,5.0,,False
ISMN_COSMOS-UK_HollinHill,sm_only,train,20180512,20220212,OK,,True,True,True,True,True,True,True,True,True,True,True,False,114,114,0,100.0,,,,,,,,,,,True,114,0,0,254.0,0.0,0.0,435.0,0.0,0.0,True,True,False,False,0.0,False,False,False,False,,5.0,,False
ISMN_COSMOS-UK_HolmeLacy,sm_only,oos,20180411,20221231,OK,,True,True,True,True,True,True,True,True,True,True,True,False,139,139,0,100.0,,,,,,,,,,,True,139,0,0,241.0,0.0,0.0,493.0,0.0,0.0,True,True,False,False,0.0,False,False,False,False,,5.0,,False
ISMN_COSMOS-UK_Loddington,sm_only,oos,20160426,20190826,OK,"INFO_sif_missing_years(2016,2017)",True,True,True,True,True,True,True,True,True,True,True,False,94,94,0,100.0,,,,,,,,,"2016,2017",,True,94,0,0,355.0,0.0,0.0,358.0,0.0,0.0,True,True,False,False,0.0,False,False,False,False,,4.0,,False
ISMN_COSMOS-UK_LullingtonHeath,sm_only,train,20181104,20220204,OK,,True,True,True,True,True,True,True,True,True,True,True,False,110,110,0,100.0,,,,,,,,,,,True,110,0,0,368.0,0.0,0.0,376.0,0.0,0.0,True,True,False,False,0.0,False,False,False,False,,5.0,,False
ISMN_COSMOS-UK_MoretonMorrell,sm_only,train,20181116,20221231,OK,,True,True,True,True,True,True,True,True,True,True,True,False,107,107,0,100.0,,,,,,,,,,,True,107,0,0,410.0,0.0,0.0,424.0,0.0,0.0,True,True,False,False,0.0,False,False,False,False,,5.0,,False
ISMN_COSMOS-UK_Morley,sm_only,train,20160101,20220517,OK,"INFO_sif_missing_years(2016,2017)",True,True,True,True,True,True,True,True,True,True,True,False,180,180,0,100.0,,,,,,,,,"2016,2017",,True,180,0,0,676.0,0.0,0.0,671.0,0.0,0.0,True,True,False,False,0.0,False,False,False,False,,7.0,,False
ISMN_COSMOS-UK_PortonDown,sm_only,train,20160101,20181128,OK,"INFO_sif_missing_years(2016,2017)",True,True,True,True,True,True,True,True,True,True,True,False,61,61,0,100.0,,,,,,,,,"2016,2017",,True,61,0,0,296.0,0.0,0.0,292.0,0.0,0.0,True,True,False,False,0.0,False,False,False,False,,3.0,,False
ISMN_COSMOS-UK_Redhill,sm_only,train,20160218,20211203,OK,"INFO_sif_missing_years(2016,2017)",True,True,True,True,True,True,True,True,True,True,True,False,161,161,0,100.0,,,,,,,,,"2016,2017",,True,161,0,0,621.0,0.0,0.0,639.0,0.0,0.0,True,True,False,False,0.0,False,False,False,False,,6.0,,False
ISMN_COSMOS-UK_Redmere,sm_only,train,20160101,20180918,OK,"INFO_sif_missing_years(2016,2017)|INFO_soil_nan_pct(0.4%)",True,True,True,True,True,True,True,True,True,True,True,False,60,60,0,100.0,,,,,,,,,"2016,2017",,True,60,0,0,259.0,0.0,0.0,264.0,0.0,0.0,True,True,False,False,0.0042,False,False,False,False,,3.0,,False
ISMN_COSMOS-UK_Rothamsted,sm_only,oos,20170128,20221231,OK,INFO_sif_missing_years(2017),True,True,True,True,True,True,True,True,True,True,True,False,172,172,0,100.0,,,,,,,,,2017,,True,172,0,0,310.0,0.0,0.0,319.0,0.0,0.0,True,True,False,False,0.0,False,False,False,False,,6.0,,False
ISMN_COSMOS-UK_Sheepdrove,sm_only,train,20160101,20221231,OK,"INFO_sif_missing_years(2016,2017)",True,True,True,True,True,True,True,True,True,True,True,False,195,195,0,100.0,,,,,,,,,"2016,2017",,True,195,0,0,702.0,0.0,0.0,712.0,0.0,0.0,True,True,False,False,0.0,False,False,False,False,,7.0,,False
ISMN_COSMOS-UK_SpenFarm,sm_only,train,20161123,20201121,OK,"INFO_sif_missing_years(2016,2017)",True,True,True,True,True,True,True,True,True,True,True,False,101,101,0,100.0,,,,,,,,,"2016,2017",,True,101,0,0,455.0,0.0,0.0,473.0,0.0,0.0,True,True,False,False,0.0,False,False,False,False,,5.0,,False
ISMN_COSMOS-UK_Stoughton,sm_only,train,20160101,20210603,OK,"INFO_sif_missing_years(2016,2017)",True,True,True,True,True,True,True,True,True,True,True,False,131,131,0,100.0,,,,,,,,,"2016,2017",,True,131,0,0,580.0,0.0,0.0,581.0,0.0,0.0,True,True,False,False,0.0,False,False,False,False,,6.0,,False
ISMN_COSMOS-UK_Waddesdon,sm_only,train,20160101,20180806,OK,"INFO_sif_missing_years(2016,2017)",True,True,True,True,True,True,True,True,True,True,True,False,33,33,0,100.0,,,,,,,,,"2016,2017",,True,33,0,0,260.0,0.0,0.0,254.0,0.0,0.0,True,True,False,False,0.0,False,False,False,False,,3.0,,False
ISMN_COSMOS-UK_Writtle,sm_only,train,20170704,20221231,OK,INFO_sif_missing_years(2017),True,True,True,True,True,True,True,True,True,True,True,False,198,198,0,100.0,,,,,,,,,2017,,True,198,0,0,580.0,0.0,0.0,586.0,0.0,0.0,True,True,False,False,0.0,False,False,False,False,,6.0,,False
ISMN_CW3E_BoyesCreekCanyon,sm_only,train,20211201,20251230,OK,INFO_twsa_missing_years(2025),True,True,True,True,True,True,True,True,True,True,True,False,191,191,0,100.0,,,,,,,,,,2025,True,191,0,0,138.0,0.0,0.0,114.0,0.0,0.0,True,True,False,False,0.0,False,False,False,False,,5.0,,False
ISMN_CW3E_BrownsValleySchool,sm_only,train,20210414,20251230,OK,INFO_twsa_missing_years(2025),True,True,True,True,True,True,True,True,True,True,True,False,236,236,0,100.0,,,,,,,,,,2025,True,236,0,0,352.0,0.0,0.0,315.0,0.0,0.0,True,True,False,False,0.0,False,False,False,False,,5.0,,False
ISMN_CW3E_Deerwood,sm_only,oos,20171006,20251218,OK,INFO_sif_missing_years(2017)|INFO_twsa_missing_years(2025)|INFO_soil_nan_pct(11.0%),True,True,True,True,True,True,True,True,True,True,True,False,404,404,0,100.0,,,,,,,,,2017,2025,True,404,0,0,306.0,0.0,0.0,242.0,0.0,0.0,True,True,False,False,0.1103,False,False,False,False,,9.0,,False
ISMN_CW3E_FeatherRiverCollege,sm_only,train,20191118,20240319,OK,,True,True,True,True,True,True,True,True,True,True,True,False,194,194,0,100.0,,,,,,,,,,,True,194,0,0,192.0,0.0,0.0,185.0,0.0,0.0,True,True,False,False,0.0,False,False,False,False,,6.0,,False
ISMN_CW3E_NorthCowMountain,sm_only,oos,20171007,20250917,OK,INFO_sif_missing_years(2017)|INFO_twsa_missing_years(2025),True,True,True,True,True,True,True,True,True,True,True,False,746,746,0,100.0,,,,,,,,,2017,2025,True,746,0,0,292.0,0.0,0.0,234.0,0.0,0.0,True,True,False,False,0.0,False,False,False,False,,9.0,,False
ISMN_CW3E_PotterValleyNorth,sm_only,val,20190308,20250210,OK,INFO_twsa_missing_years(2025)|INFO_soil_nan_pct(0.1%),True,True,True,True,True,True,True,True,True,True,True,False,279,279,0,100.0,,,,,,,,,,2025,True,279,0,0,243.0,0.0,0.0,175.0,0.0,0.0,True,True,False,False,0.0007,False,False,False,False,,7.0,,False
ISMN_CW3E_SkylineHarvest,sm_only,oos,20200731,20251230,OK,INFO_twsa_missing_years(2025),True,True,True,True,True,True,True,True,True,True,True,False,262,262,0,100.0,,,,,,,,,,2025,True,262,0,0,223.0,0.0,0.0,220.0,0.0,0.0,True,True,False,False,0.0,False,False,False,False,,6.0,,False
ISMN_CW3E_YucaipaValley,sm_only,oos,20221202,20251230,OK,INFO_twsa_missing_years(2025),True,True,True,True,True,True,True,True,True,True,True,False,162,162,0,100.0,,,,,,,,,,2025,True,162,0,0,105.0,0.0,0.0,219.0,0.0,0.0,True,True,False,False,0.0,False,False,False,False,,4.0,,False
ISMN_FLUXNET-AMERIFLUX_BouldinIslandAlfalfa,sm_only,train,20160813,20191230,OK,"INFO_s1_desc_missing_years(2016)|INFO_sif_missing_years(2016,2017)|INFO_soil_nan_pct(12.5%)",True,True,True,True,True,True,True,True,True,True,True,False,131,131,0,100.0,,,2016,,,,,,"2016,2017",,True,131,0,0,175.0,0.0,0.0,95.0,0.0,0.0,True,True,False,False,0.1253,False,False,False,False,,4.0,,False
ISMN_FLUXNET-AMERIFLUX_TonziRanch,sm_only,train,20170115,20200211,OK,INFO_sif_missing_years(2017),True,True,True,True,True,True,True,True,True,True,True,False,101,101,0,100.0,,,,,,,,,2017,,True,101,0,0,125.0,0.0,0.0,98.0,0.0,0.0,True,True,False,False,0.0,False,False,False,False,,4.0,,False
ISMN_FLUXNET-AMERIFLUX_VairaRanch,sm_only,train,20160101,20200211,OK,"INFO_sif_missing_years(2016,2017)",True,True,True,True,True,True,True,True,True,True,True,False,112,112,0,100.0,,,,,,,,,"2016,2017",,True,112,0,0,134.0,0.0,0.0,85.0,0.0,0.0,True,True,False,False,0.0,False,False,False,False,,5.0,,False
ISMN_FMI_SAA111,sm_only,oos,20200614,20251230,OK,INFO_twsa_missing_years(2025),True,True,True,True,True,True,True,True,True,True,True,False,184,184,0,100.0,,,,,,,,,,2025,True,184,0,0,673.0,0.0,0.0,678.0,0.0,0.0,True,True,False,False,0.0,False,False,False,False,,6.0,,False
ISMN_FMI_SAA112,sm_only,oos,20210429,20240807,OK,,True,True,True,True,True,True,True,True,True,True,True,False,108,108,0,100.0,,,,,,,,,,,True,108,0,0,337.0,0.0,0.0,332.0,0.0,0.0,True,True,False,False,0.0,False,False,False,False,,4.0,,False
ISMN_FMI_SAA120,sm_only,oos,20160313,20190816,OK,"INFO_sif_missing_years(2016,2017)",True,True,True,True,True,True,True,True,True,True,True,False,92,92,0,100.0,,,,,,,,,"2016,2017",,True,92,0,0,472.0,0.0,0.0,488.0,0.0,0.0,True,True,False,False,0.0,False,False,False,False,,4.0,,False
ISMN_FMI_SOD011,sm_only,val,20200614,20251230,OK,INFO_twsa_missing_years(2025)|INFO_soil_nan_pct(7.8%),True,True,True,True,True,True,True,True,True,True,True,False,214,214,0,100.0,,,,,,,,,,2025,True,214,0,0,633.0,0.0,0.0,682.0,0.0,0.0,True,True,False,False,0.0785,False,False,False,False,,6.0,,False
ISMN_FMI_SOD012,sm_only,val,20200614,20251230,OK,INFO_twsa_missing_years(2025)|INFO_soil_nan_pct(7.9%),True,True,True,True,True,True,True,True,True,True,True,False,211,211,0,100.0,,,,,,,,,,2025,True,211,0,0,633.0,0.0,0.0,682.0,0.0,0.0,True,True,False,False,0.0794,False,False,False,False,,6.0,,False
ISMN_FMI_SOD013,sm_only,val,20160101,20190816,OK,"INFO_sif_missing_years(2016,2017)|INFO_soil_nan_pct(8.0%)",True,True,True,True,True,True,True,True,True,True,True,False,120,120,0,100.0,,,,,,,,,"2016,2017",,True,120,0,0,463.0,0.0,0.0,468.0,0.0,0.0,True,True,False,False,0.0798,False,False,False,False,,4.0,,False
ISMN_FMI_SOD071,sm_only,val,20200614,20251230,OK,INFO_twsa_missing_years(2025),True,True,True,True,True,True,True,True,True,True,True,False,212,212,0,100.0,,,,,,,,,,2025,True,212,0,0,633.0,0.0,0.0,682.0,0.0,0.0,True,True,False,False,0.0,False,False,False,False,,6.0,,False
ISMN_FMI_SOD072,sm_only,val,20220321,20251230,OK,INFO_twsa_missing_years(2025),True,True,True,True,True,True,True,True,True,True,True,False,162,162,0,100.0,,,,,,,,,,2025,True,162,0,0,374.0,0.0,0.0,398.0,0.0,0.0,True,True,False,False,0.0,False,False,False,False,,4.0,,False
ISMN_FMI_SOD073,sm_only,val,20220321,20251230,OK,INFO_twsa_missing_years(2025),True,True,True,True,True,True,True,True,True,True,True,False,161,161,0,100.0,,,,,,,,,,2025,True,161,0,0,374.0,0.0,0.0,398.0,0.0,0.0,True,True,False,False,0.0,False,False,False,False,,4.0,,False
ISMN_FMI_SOD081,sm_only,val,20200614,20251230,OK,INFO_twsa_missing_years(2025)|INFO_soil_nan_pct(6.9%),True,True,True,True,True,True,True,True,True,True,True,False,223,223,0,100.0,,,,,,,,,,2025,True,223,0,0,628.0,0.0,0.0,682.0,0.0,0.0,True,True,False,False,0.0688,False,False,False,False,,6.0,,False
ISMN_FMI_SOD083,sm_only,val,20211204,20251230,OK,INFO_s2_missing_years(2021)|INFO_cm_missing_years(2021)|INFO_twsa_missing_years(2025)|INFO_soil_nan_pct(7.0%),True,True,True,True,True,True,True,True,True,True,True,False,179,179,0,100.0,2021,,,2021,,,,,,2025,True,179,0,0,398.0,0.0,0.0,428.0,0.0,0.0,True,True,False,False,0.0703,False,False,False,False,,5.0,,False
ISMN_FMI_SOD101,sm_only,val,20160101,20200506,OK,"INFO_sif_missing_years(2016,2017)|INFO_soil_nan_pct(0.0%)",True,True,True,True,True,True,True,True,True,True,True,False,140,140,0,100.0,,,,,,,,,"2016,2017",,True,140,0,0,548.0,0.0,0.0,594.0,0.0,0.0,True,True,False,False,0.0002,False,False,False,False,,5.0,,False
ISMN_FMI_SOD102,sm_only,val,20160101,20200506,OK,"INFO_sif_missing_years(2016,2017)|INFO_soil_nan_pct(0.0%)",True,True,True,True,True,True,True,True,True,True,True,False,140,140,0,100.0,,,,,,,,,"2016,2017",,True,140,0,0,548.0,0.0,0.0,594.0,0.0,0.0,True,True,False,False,0.0002,False,False,False,False,,5.0,,False
ISMN_FMI_SOD103,sm_only,val,20160101,20200506,OK,"INFO_sif_missing_years(2016,2017)|INFO_soil_nan_pct(0.0%)",True,True,True,True,True,True,True,True,True,True,True,False,140,140,0,100.0,,,,,,,,,"2016,2017",,True,140,0,0,548.0,0.0,0.0,594.0,0.0,0.0,True,True,False,False,0.0002,False,False,False,False,,5.0,,False
ISMN_FMI_SOD130,sm_only,train,20160101,20200506,OK,"INFO_sif_missing_years(2016,2017)|INFO_soil_nan_pct(2.4%)",True,True,True,True,True,True,True,True,True,True,True,False,137,137,0,100.0,,,,,,,,,"2016,2017",,True,137,0,0,549.0,0.0,0.0,623.0,0.0,0.0,True,True,False,False,0.0237,False,False,False,False,,5.0,,False
ISMN_FMI_SOD140,sm_only,oos,20160101,20190604,OK,"INFO_sif_missing_years(2016,2017)",True,True,True,True,True,True,True,True,True,True,True,False,109,109,0,100.0,,,,,,,,,"2016,2017",,True,109,0,0,375.0,0.0,0.0,464.0,0.0,0.0,True,True,False,False,0.0,False,False,False,False,,4.0,,False
ISMN_FR_Aqui_fraye,sm_only,train,20160101,20190616,OK,"INFO_sif_missing_years(2016,2017)",True,True,True,True,True,True,True,True,True,True,True,False,68,68,0,100.0,,,,,,,,,"2016,2017",,True,68,0,0,176.0,0.0,0.0,355.0,0.0,0.0,True,True,False,False,0.0,False,False,False,False,,4.0,,False
ISMN_FR_Aqui_hillan2,sm_only,train,20180714,20220318,OK,,True,True,True,True,True,True,True,True,True,True,True,False,92,92,0,100.0,,,,,,,,,,,True,92,0,0,204.0,0.0,0.0,419.0,0.0,0.0,True,True,False,False,0.0,False,False,False,False,,5.0,,False
ISMN_FR_Aqui_parcmeteo,sm_only,train,20170724,20220127,OK,INFO_sif_missing_years(2017),True,True,True,True,True,True,True,True,True,True,True,False,118,118,0,100.0,,,,,,,,,2017,,True,118,0,0,255.0,0.0,0.0,525.0,0.0,0.0,True,True,False,False,0.0,False,False,False,False,,6.0,,False
ISMN_HOBE_1.05,sm_only,oos,20160101,20190218,OK,"INFO_sif_missing_years(2016,2017)",True,True,True,True,True,True,True,True,True,True,True,False,66,66,0,100.0,,,,,,,,,"2016,2017",,True,66,0,0,304.0,0.0,0.0,346.0,0.0,0.0,True,True,False,False,0.0,False,False,False,False,,4.0,,False
ISMN_HOBE_1.07,sm_only,train,20160101,20190217,OK,"INFO_sif_missing_years(2016,2017)",True,True,True,True,True,True,True,True,True,True,True,False,70,70,0,100.0,,,,,,,,,"2016,2017",,True,70,0,0,303.0,0.0,0.0,306.0,0.0,0.0,True,True,False,False,0.0,False,False,False,False,,4.0,,False
ISMN_HOBE_2.01,sm_only,train,20160101,20190219,OK,"INFO_sif_missing_years(2016,2017)|INFO_soil_nan_pct(0.1%)",True,True,True,True,True,True,True,True,True,True,True,False,63,63,0,100.0,,,,,,,,,"2016,2017",,True,63,0,0,305.0,0.0,0.0,303.0,0.0,0.0,True,True,False,False,0.0005,False,False,False,False,,4.0,,False
ISMN_HOBE_2.11,sm_only,train,20160101,20190219,OK,"INFO_sif_missing_years(2016,2017)",True,True,True,True,True,True,True,True,True,True,True,False,31,31,0,100.0,,,,,,,,,"2016,2017",,True,31,0,0,305.0,0.0,0.0,306.0,0.0,0.0,True,True,False,False,0.0,False,False,False,False,,4.0,,False
ISMN_HOBE_3.06,sm_only,oos,20160101,20190219,OK,"INFO_sif_missing_years(2016,2017)",True,True,True,True,True,True,True,True,True,True,True,False,72,72,0,100.0,,,,,,,,,"2016,2017",,True,72,0,0,305.0,0.0,0.0,306.0,0.0,0.0,True,True,False,False,0.0,False,False,False,False,,4.0,,False
ISMN_LAB-net_OromoCalibrationSite,sm_only,train,20160101,20180325,OK,"INFO_s1_asc_missing_years(2016)|INFO_sif_missing_years(2016,2017)",True,True,True,True,True,True,True,True,True,True,True,False,21,21,0,100.0,,2016,,,,,,,"2016,2017",,True,21,0,0,5.0,0.0,0.0,35.0,0.0,0.0,True,True,False,False,0.0,False,False,False,False,,3.0,,False
ISMN_LABFLUX_Bussolenobosco,sm_only,train,20200703,20250413,OK,"INFO_s2_missing_years(2020,2021,2022)|INFO_cm_missing_years(2020,2021,2022)|INFO_twsa_missing_years(2025)",True,True,True,True,True,True,True,True,True,True,True,False,103,103,0,100.0,"2020,2021,2022",,,"2020,2021,2022",,,,,,2025,True,103,0,0,151.0,0.0,0.0,370.0,0.0,0.0,True,True,False,False,0.0,False,False,False,False,,6.0,,False
ISMN_LABFLUX_Nivolet,sm_only,oos,20190104,20231030,OK,INFO_s2_missing_years(2019)|INFO_cm_missing_years(2019)|INFO_soil_nan_pct(0.3%),True,True,True,True,True,True,True,True,True,True,True,False,121,121,0,100.0,2019,,,2019,,,,,,,True,121,0,0,228.0,0.0,0.0,465.0,0.0,0.0,True,True,False,False,0.0029,False,False,False,False,,5.0,,False
ISMN_MOL-RAO_Falkenberg,sm_only,train,20160101,20200629,OK,"INFO_s2_missing_years(2016,2017)|INFO_cm_missing_years(2016,2017)|INFO_sif_missing_years(2016,2017)",True,True,True,True,True,True,True,True,True,True,True,False,105,105,0,100.0,"2016,2017",,,"2016,2017",,,,,"2016,2017",,True,105,0,0,492.0,0.0,0.0,241.0,0.0,0.0,True,True,False,False,0.0,False,False,False,False,,5.0,,False
ISMN_NAQU_NQKema,sm_only,train,20160101,20180718,OK,"INFO_s1_asc_missing_years(2016)|INFO_s1_desc_missing_years(2016)|INFO_sif_missing_years(2016,2017)|INFO_soil_nan_pct(0.2%)",True,True,True,True,True,True,True,True,True,True,True,False,29,29,0,100.0,,2016,2016,,,,,,"2016,2017",,True,29,0,0,84.0,0.0,0.0,39.0,0.0,0.0,True,True,False,False,0.0022,False,False,False,False,,3.0,,False
ISMN_NAQU_NQMS,sm_only,train,20160101,20180717,OK,"INFO_s1_asc_missing_years(2016)|INFO_s1_desc_missing_years(2016)|INFO_sif_missing_years(2016,2017)|INFO_soil_nan_pct(0.2%)",True,True,True,True,True,True,True,True,True,True,True,False,36,36,0,100.0,,2016,2016,,,,,,"2016,2017",,True,36,0,0,84.0,0.0,0.0,39.0,0.0,0.0,True,True,False,False,0.0024,False,False,False,False,,3.0,,False
ISMN_NAQU_NQNorth,sm_only,train,20160101,20180718,OK,"INFO_s1_asc_missing_years(2016)|INFO_s1_desc_missing_years(2016)|INFO_sif_missing_years(2016,2017)|INFO_soil_nan_pct(0.2%)",True,True,True,True,True,True,True,True,True,True,True,False,24,24,0,100.0,,2016,2016,,,,,,"2016,2017",,True,24,0,0,84.0,0.0,0.0,39.0,0.0,0.0,True,True,False,False,0.0024,False,False,False,False,,3.0,,False
ISMN_NGARI_ALI01,sm_only,train,20160101,20180821,OK,"INFO_s1_asc_missing_years(2016)|INFO_s1_desc_missing_years(2016)|INFO_sif_missing_years(2016,2017)|INFO_soil_nan_pct(36.6%)",True,True,True,True,True,True,True,True,True,True,True,False,77,77,0,100.0,,2016,2016,,,,,,"2016,2017",,True,77,0,0,43.0,0.0,0.0,41.0,0.0,0.0,True,True,False,False,0.3658,False,False,False,False,,3.0,,False
ISMN_NGARI_ALI02,sm_only,oos,20160101,20180412,OK,"INFO_s1_asc_missing_years(2016)|INFO_s1_desc_missing_years(2016)|INFO_sif_missing_years(2016,2017)|INFO_soil_nan_pct(5.5%)",True,True,True,True,True,True,True,True,True,True,True,False,56,56,0,100.0,,2016,2016,,,,,,"2016,2017",,True,56,0,0,32.0,0.0,0.0,30.0,0.0,0.0,True,True,False,False,0.0553,False,False,False,False,,3.0,,False
ISMN_NGARI_ALI03,sm_only,oos,20160101,20180821,OK,"INFO_s1_asc_missing_years(2016)|INFO_s1_desc_missing_years(2016)|INFO_sif_missing_years(2016,2017)|INFO_soil_nan_pct(17.7%)",True,True,True,True,True,True,True,True,True,True,True,False,75,75,0,100.0,,2016,2016,,,,,,"2016,2017",,True,75,0,0,43.0,0.0,0.0,41.0,0.0,0.0,True,True,False,False,0.1766,False,False,False,False,,3.0,,False
ISMN_NGARI_SQ19,sm_only,val,20160812,20190907,OK,"INFO_s1_asc_missing_years(2016)|INFO_sif_missing_years(2016,2017)|INFO_soil_nan_pct(38.9%)",True,True,True,True,True,True,True,True,True,True,True,False,49,49,0,100.0,,2016,,,,,,,"2016,2017",,True,49,0,0,75.0,0.0,0.0,68.0,0.0,0.0,True,True,False,False,0.3886,False,False,False,False,,4.0,,False
ISMN_NGARI_SQ20,sm_only,train,20160812,20190907,OK,"INFO_s1_asc_missing_years(2016)|INFO_sif_missing_years(2016,2017)|INFO_soil_nan_pct(44.4%)",True,True,True,True,True,True,True,True,True,True,True,False,36,36,0,100.0,,2016,,,,,,,"2016,2017",,True,36,0,0,75.0,0.0,0.0,68.0,0.0,0.0,True,True,False,False,0.4436,False,False,False,False,,4.0,,False
ISMN_NGARI_SQ21,sm_only,train,20160812,20190907,OK,"INFO_s1_asc_missing_years(2016)|INFO_sif_missing_years(2016,2017)",True,True,True,True,True,True,True,True,True,True,True,False,49,49,0,100.0,,2016,,,,,,,"2016,2017",,True,49,0,0,75.0,0.0,0.0,68.0,0.0,0.0,True,True,False,False,0.0,False,False,False,False,,4.0,,False
ISMN_REMEDHUS_Canizal,sm_only,train,20210120,20241231,OK,,True,True,True,True,True,True,True,True,True,True,True,False,138,138,0,100.0,,,,,,,,,,,True,138,0,0,173.0,0.0,0.0,139.0,0.0,0.0,True,True,False,False,0.0,False,False,False,False,,4.0,,False
ISMN_REMEDHUS_Carretoro,sm_only,train,20160101,20201211,OK,"INFO_sif_missing_years(2016,2017)",True,True,True,True,True,True,True,True,True,True,True,False,146,146,0,100.0,,,,,,,,,"2016,2017",,True,146,0,0,541.0,0.0,0.0,267.0,0.0,0.0,True,True,False,False,0.0,False,False,False,False,,5.0,,False
ISMN_REMEDHUS_CasaPeriles,sm_only,train,20160101,20241231,OK,"INFO_sif_missing_years(2016,2017)",True,True,True,True,True,True,True,True,True,True,True,False,301,301,0,100.0,,,,,,,,,"2016,2017",,True,301,0,0,831.0,0.0,0.0,413.0,0.0,0.0,True,True,False,False,0.0,False,False,False,False,,9.0,,False
ISMN_REMEDHUS_ConcejodelMonte,sm_only,oos,20210114,20241231,OK,,True,True,True,True,True,True,True,True,True,True,True,False,137,137,0,100.0,,,,,,,,,,,True,137,0,0,278.0,0.0,0.0,140.0,0.0,0.0,True,True,False,False,0.0,False,False,False,False,,4.0,,False
ISMN_REMEDHUS_ElCoto,sm_only,train,20160706,20210104,OK,"INFO_s2_missing_years(2021)|INFO_s1_asc_missing_years(2021)|INFO_s1_desc_missing_years(2021)|INFO_cm_missing_years(2021)|INFO_sif_missing_years(2016,2017)",True,True,True,True,True,True,True,True,True,True,True,False,147,147,0,100.0,2021,2021,2021,2021,,,,,"2016,2017",,True,147,0,0,356.0,0.0,0.0,258.0,0.0,0.0,True,True,False,False,0.0,False,False,False,False,,6.0,,False
ISMN_REMEDHUS_ElTomillar,sm_only,train,20210120,20241231,OK,,True,True,True,True,True,True,True,True,True,True,True,False,134,134,0,100.0,,,,,,,,,,,True,134,0,0,137.0,0.0,0.0,139.0,0.0,0.0,True,True,False,False,0.0,False,False,False,False,,4.0,,False
ISMN_REMEDHUS_Granja-g,sm_only,train,20170808,20241231,OK,INFO_sif_missing_years(2017),True,True,True,True,True,True,True,True,True,True,True,False,273,273,0,100.0,,,,,,,,,2017,,True,273,0,0,686.0,0.0,0.0,340.0,0.0,0.0,True,True,False,False,0.0,False,False,False,False,,8.0,,False
ISMN_REMEDHUS_Guarrati,sm_only,train,20160101,20181212,OK,"INFO_sif_missing_years(2016,2017)",True,True,True,True,True,True,True,True,True,True,True,False,75,75,0,100.0,,,,,,,,,"2016,2017",,True,75,0,0,154.0,0.0,0.0,149.0,0.0,0.0,True,True,False,False,0.0,False,False,False,False,,3.0,,False
ISMN_REMEDHUS_LaCruzdeElias,sm_only,train,20160101,20201001,OK,"INFO_sif_missing_years(2016,2017)",True,True,True,True,True,True,True,True,True,True,True,False,149,149,0,100.0,,,,,,,,,"2016,2017",,True,149,0,0,517.0,0.0,0.0,254.0,0.0,0.0,True,True,False,False,0.0,False,False,False,False,,5.0,,False
ISMN_REMEDHUS_LasArenas,sm_only,train,20190613,20241231,OK,,True,True,True,True,True,True,True,True,True,True,True,False,294,294,0,100.0,,,,,,,,,,,True,294,0,0,234.0,0.0,0.0,235.0,0.0,0.0,True,True,False,False,0.0,False,False,False,False,,6.0,,False
ISMN_REMEDHUS_LasBrozas,sm_only,train,20180731,20240414,OK,,True,True,True,True,True,True,True,True,True,True,True,False,210,210,0,100.0,,,,,,,,,,,True,210,0,0,533.0,0.0,0.0,270.0,0.0,0.0,True,True,False,False,0.0,False,False,False,False,,7.0,,False
ISMN_REMEDHUS_LasEritas,sm_only,train,20160101,20241231,OK,"INFO_sif_missing_years(2016,2017)",True,True,True,True,True,True,True,True,True,True,True,False,281,281,0,100.0,,,,,,,,,"2016,2017",,True,281,0,0,417.0,0.0,0.0,414.0,0.0,0.0,True,True,False,False,0.0,False,False,False,False,,9.0,,False
ISMN_REMEDHUS_LasTresRayas,sm_only,train,20160101,20241215,OK,"INFO_sif_missing_years(2016,2017)",True,True,True,True,True,True,True,True,True,True,True,False,556,556,0,100.0,,,,,,,,,"2016,2017",,True,556,0,0,416.0,0.0,0.0,418.0,0.0,0.0,True,True,False,False,0.0,False,False,False,False,,9.0,,False
ISMN_REMEDHUS_LasVacas,sm_only,oos,20160616,20200929,OK,"INFO_sif_missing_years(2016,2017)",True,True,True,True,True,True,True,True,True,True,True,False,140,140,0,100.0,,,,,,,,,"2016,2017",,True,140,0,0,491.0,0.0,0.0,245.0,0.0,0.0,True,True,False,False,0.0,False,False,False,False,,5.0,,False
ISMN_REMEDHUS_LasVictorias,sm_only,train,20160101,20241231,OK,"INFO_sif_missing_years(2016,2017)",True,True,True,True,True,True,True,True,True,True,True,False,298,298,0,100.0,,,,,,,,,"2016,2017",,True,298,0,0,831.0,0.0,0.0,412.0,0.0,0.0,True,True,False,False,0.0,False,False,False,False,,9.0,,False
ISMN_REMEDHUS_LlanosdelaBoveda,sm_only,train,20160101,20210202,OK,"INFO_sif_missing_years(2016,2017)",True,True,True,True,True,True,True,True,True,True,True,False,157,157,0,100.0,,,,,,,,,"2016,2017",,True,157,0,0,559.0,0.0,0.0,276.0,0.0,0.0,True,True,False,False,0.0,False,False,False,False,,6.0,,False
ISMN_REMEDHUS_Paredinas,sm_only,train,20160101,20211103,OK,"INFO_sif_missing_years(2016,2017)",True,True,True,True,True,True,True,True,True,True,True,False,187,187,0,100.0,,,,,,,,,"2016,2017",,True,187,0,0,648.0,0.0,0.0,321.0,0.0,0.0,True,True,False,False,0.0,False,False,False,False,,6.0,,False
ISMN_REMEDHUS_Zamarron,sm_only,oos,20160101,20210101,OK,"INFO_s2_missing_years(2021)|INFO_s1_asc_missing_years(2021)|INFO_s1_desc_missing_years(2021)|INFO_cm_missing_years(2021)|INFO_sif_missing_years(2016,2017)",True,True,True,True,True,True,True,True,True,True,True,False,145,145,0,100.0,2021,2021,2021,2021,,,,,"2016,2017",,True,145,0,0,277.0,0.0,0.0,272.0,0.0,0.0,True,True,False,False,0.0,False,False,False,False,,6.0,,False
ISMN_ROMPS_AbramovGlacier,sm_only,train,20160101,20211213,OK,"INFO_sif_missing_years(2016,2017)",True,True,True,True,True,True,True,True,True,True,True,False,367,367,0,100.0,,,,,,,,,"2016,2017",,True,367,0,0,297.0,0.0,0.0,288.0,0.0,0.0,True,True,False,False,0.0,False,False,False,False,,6.0,,False
ISMN_ROMPS_Baytik,sm_only,oos,20160101,20210704,OK,"INFO_s1_asc_missing_years(2016)|INFO_s1_desc_missing_years(2016)|INFO_sif_missing_years(2016,2017)",True,True,True,True,True,True,True,True,True,True,True,False,325,325,0,100.0,,2016,2016,,,,,,"2016,2017",,True,325,0,0,259.0,0.0,0.0,257.0,0.0,0.0,True,True,False,False,0.0,False,False,False,False,,6.0,,False
ISMN_ROMPS_GolubinGlacier,sm_only,train,20180711,20251230,OK,INFO_twsa_missing_years(2025)|INFO_soil_nan_pct(5.9%),True,True,True,True,True,True,True,True,True,True,True,False,548,548,0,100.0,,,,,,,,,,2025,True,548,0,0,218.0,0.0,0.0,443.0,0.0,0.0,True,True,False,False,0.0595,False,False,False,False,,8.0,,False
ISMN_ROMPS_Kokomeren,sm_only,train,20160101,20211227,OK,"INFO_s1_asc_missing_years(2016)|INFO_s1_desc_missing_years(2016)|INFO_sif_missing_years(2016,2017)|INFO_soil_nan_pct(0.7%)",True,True,True,True,True,True,True,True,True,True,True,False,401,401,0,100.0,,2016,2016,,,,,,"2016,2017",,True,401,0,0,142.0,0.0,0.0,285.0,0.0,0.0,True,True,False,False,0.0073,False,False,False,False,,6.0,,False
ISMN_ROMPS_Maidanak,sm_only,train,20160101,20251230,OK,"INFO_sif_missing_years(2016,2017)|INFO_twsa_missing_years(2025)",True,True,True,True,True,True,True,True,True,True,True,False,408,408,0,100.0,,,,,,,,,"2016,2017",2025,True,408,0,0,259.0,0.0,0.0,259.0,0.0,0.0,True,True,False,False,0.0,False,False,False,False,,10.0,,False
ISMN_ROMPS_Maydantal,sm_only,train,20160101,20251230,OK,"INFO_sif_missing_years(2016,2017)|INFO_twsa_missing_years(2025)|INFO_soil_nan_pct(2.1%)",True,True,True,True,True,True,True,True,True,True,True,False,419,419,0,100.0,,,,,,,,,"2016,2017",2025,True,419,0,0,524.0,0.0,0.0,531.0,0.0,0.0,True,True,False,False,0.0206,False,False,False,False,,10.0,,False
ISMN_RSMN_Alexandria,sm_only,oos,20160501,20190724,OK,"INFO_sif_missing_years(2016,2017)",True,True,True,True,True,True,True,True,True,True,True,False,150,150,0,100.0,,,,,,,,,"2016,2017",,True,150,0,0,357.0,0.0,0.0,349.0,0.0,0.0,True,True,False,False,0.0,False,False,False,False,,4.0,,False
ISMN_RSMN_Bacles,sm_only,train,20160501,20220829,OK,"INFO_sif_missing_years(2016,2017)",True,True,True,True,True,True,True,True,True,True,True,False,373,373,0,100.0,,,,,,,,,"2016,2017",,True,373,0,0,686.0,0.0,0.0,677.0,0.0,0.0,True,True,False,False,0.0,False,False,False,False,,7.0,,False
ISMN_RSMN_Banloc,sm_only,train,20160501,20200905,OK,"INFO_sif_missing_years(2016,2017)",True,True,True,True,True,True,True,True,True,True,True,False,214,214,0,100.0,,,,,,,,,"2016,2017",,True,214,0,0,494.0,0.0,0.0,476.0,0.0,0.0,True,True,False,False,0.0,False,False,False,False,,5.0,,False
ISMN_RSMN_Barlad,sm_only,train,20160501,20240208,OK,"INFO_sif_missing_years(2016,2017)",True,True,True,True,True,True,True,True,True,True,True,False,207,207,0,100.0,,,,,,,,,"2016,2017",,True,207,0,0,384.0,0.0,0.0,765.0,0.0,0.0,True,True,False,False,0.0,False,False,False,False,,9.0,,False
ISMN_RSMN_Calarasi,sm_only,train,20191206,20250914,OK,INFO_twsa_missing_years(2025),True,True,True,True,True,True,True,True,True,True,True,False,433,433,0,100.0,,,,,,,,,,2025,True,433,0,0,476.0,0.0,0.0,487.0,0.0,0.0,True,True,False,False,0.0,False,False,False,False,,7.0,,False
ISMN_RSMN_Cotnari,sm_only,train,20160501,20240202,OK,"INFO_sif_missing_years(2016,2017)",True,True,True,True,True,True,True,True,True,True,True,False,360,360,0,100.0,,,,,,,,,"2016,2017",,True,360,0,0,764.0,0.0,0.0,434.0,0.0,0.0,True,True,False,False,0.0,False,False,False,False,,9.0,,False
ISMN_RSMN_Darabani,sm_only,train,20160501,20240128,OK,"INFO_sif_missing_years(2016,2017)",True,True,True,True,True,True,True,True,True,True,True,False,348,348,0,100.0,,,,,,,,,"2016,2017",,True,348,0,0,737.0,0.0,0.0,766.0,0.0,0.0,True,True,False,False,0.0,False,False,False,False,,9.0,,False
ISMN_RSMN_Dumbraveni,sm_only,train,20160501,20210118,OK,"INFO_s2_missing_years(2021)|INFO_cm_missing_years(2021)|INFO_sif_missing_years(2016,2017)",True,True,True,True,True,True,True,True,True,True,True,False,124,124,0,100.0,2021,,,2021,,,,,"2016,2017",,True,124,0,0,535.0,0.0,0.0,263.0,0.0,0.0,True,True,False,False,0.0,False,False,False,False,,6.0,,False
ISMN_RSMN_Iasi,sm_only,oos,20191206,20250914,OK,INFO_twsa_missing_years(2025)|INFO_soil_nan_pct(1.0%),True,True,True,True,True,True,True,True,True,True,True,False,164,164,0,100.0,,,,,,,,,,2025,True,164,0,0,240.0,0.0,0.0,486.0,0.0,0.0,True,True,False,False,0.0104,False,False,False,False,,7.0,,False
ISMN_RSMN_Oradea,sm_only,train,20160501,20190829,OK,"INFO_sif_missing_years(2016,2017)",True,True,True,True,True,True,True,True,True,True,True,False,153,153,0,100.0,,,,,,,,,"2016,2017",,True,153,0,0,369.0,0.0,0.0,356.0,0.0,0.0,True,True,False,False,0.0,False,False,False,False,,4.0,,False
ISMN_RSMN_RosioriideVede,sm_only,train,20191205,20230619,OK,,True,True,True,True,True,True,True,True,True,True,True,False,217,217,0,100.0,,,,,,,,,,,True,217,0,0,329.0,0.0,0.0,336.0,0.0,0.0,True,True,False,False,0.0,False,False,False,False,,5.0,,False
ISMN_RSMN_SannicolauMare,sm_only,oos,20160501,20200210,OK,"INFO_sif_missing_years(2016,2017)",True,True,True,True,True,True,True,True,True,True,True,False,202,202,0,100.0,,,,,,,,,"2016,2017",,True,202,0,0,425.0,0.0,0.0,202.0,0.0,0.0,True,True,False,False,0.0,False,False,False,False,,5.0,,False
ISMN_RSMN_SatuMare,sm_only,oos,20191206,20240521,OK,INFO_s2_missing_years(2019)|INFO_cm_missing_years(2019),True,True,True,True,True,True,True,True,True,True,True,False,124,124,0,100.0,2019,,,2019,,,,,,,True,124,0,0,381.0,0.0,0.0,378.0,0.0,0.0,True,True,False,False,0.0,False,False,False,False,,6.0,,False
ISMN_RSMN_Slatina,sm_only,oos,20191206,20231025,OK,INFO_soil_nan_pct(0.1%),True,True,True,True,True,True,True,True,True,True,True,False,127,127,0,100.0,,,,,,,,,,,True,127,0,0,175.0,0.0,0.0,180.0,0.0,0.0,True,True,False,False,0.0009,False,False,False,False,,5.0,,False
ISMN_RSMN_Tecuci,sm_only,train,20160501,20221130,OK,"INFO_sif_missing_years(2016,2017)",True,True,True,True,True,True,True,True,True,True,True,False,184,184,0,100.0,,,,,,,,,"2016,2017",,True,184,0,0,700.0,0.0,0.0,697.0,0.0,0.0,True,True,False,False,0.0,False,False,False,False,,7.0,,False
ISMN_SCAN_AAMU-JTG,sm_only,train,20160130,20231118,OK,"INFO_s1_desc_missing_years(2016,2018,2019,2020,2021,2022,2023)|INFO_sif_missing_years(2016,2017)",True,True,True,True,True,True,True,True,True,True,True,False,344,344,0,100.0,,,"2016,2018,2019,2020,2021,2022,2023",,,,,,"2016,2017",,True,344,0,0,190.0,0.0,0.0,1.0,0.0,0.0,True,True,False,False,0.0,False,False,False,False,,8.0,,False
ISMN_SCAN_Abrams,sm_only,train,20160101,20220621,OK,"INFO_sif_missing_years(2016,2017)",True,True,False,True,True,True,True,True,True,True,True,False,180,180,0,100.0,,,,,,,,,"2016,2017",,True,180,0,0,275.0,0.0,0.0,,,,True,True,False,False,0.0,False,False,False,False,,7.0,,False
ISMN_SCAN_AdamsRanch#1,sm_only,train,20160101,20251230,OK,"INFO_s1_desc_missing_years(2016)|INFO_sif_missing_years(2016,2017)|INFO_twsa_missing_years(2025)",True,True,True,True,True,True,True,True,True,True,True,False,458,458,0,100.0,,,2016,,,,,,"2016,2017",2025,True,458,0,0,239.0,0.0,0.0,257.0,0.0,0.0,True,True,False,False,0.0,False,False,False,False,,10.0,,False
ISMN_SCAN_Alcalde,sm_only,train,20160101,20180526,OK,"INFO_s1_desc_missing_years(2016)|INFO_sif_missing_years(2016,2017)|INFO_soil_nan_pct(0.1%)",True,True,True,True,True,True,True,True,True,True,True,False,109,109,0,100.0,,,2016,,,,,,"2016,2017",,True,109,0,0,35.0,0.0,0.0,75.0,0.0,0.0,True,True,False,False,0.0015,False,False,False,False,,3.0,,False
ISMN_SCAN_AlkaliMesa,sm_only,train,20160101,20251230,OK,"INFO_no_twsa|INFO_s1_desc_missing_years(2016)|INFO_sif_missing_years(2016,2017)",True,True,True,True,True,True,True,True,True,False,True,False,416,416,0,100.0,,,2016,,,,,,"2016,2017",,True,416,0,0,398.0,0.0,0.0,259.0,0.0,0.0,True,True,False,False,0.0,False,False,False,False,,10.0,,False
ISMN_SCAN_AllenFarms,sm_only,train,20210306,20251230,OK,INFO_twsa_missing_years(2025),True,True,False,True,True,True,True,True,True,True,True,False,153,153,0,100.0,,,,,,,,,,2025,True,153,0,0,132.0,0.0,0.0,,,,True,True,False,False,0.0,False,False,False,False,,5.0,,False
ISMN_SCAN_Ames,sm_only,train,20160412,20230206,OK,"INFO_s1_desc_missing_years(2017,2018,2019,2020,2021,2022,2023)|INFO_sif_missing_years(2016,2017)|INFO_soil_nan_pct(0.4%)",True,True,True,True,True,True,True,True,True,True,True,False,350,350,0,100.0,,,"2017,2018,2019,2020,2021,2022,2023",,,,,,"2016,2017",,True,350,0,0,356.0,0.0,0.0,3.0,0.0,0.0,True,True,False,False,0.004,False,False,False,False,,8.0,,False
ISMN_SCAN_AshValley,sm_only,train,20201112,20241221,OK,,True,True,True,True,True,True,True,True,True,True,True,False,177,177,0,100.0,,,,,,,,,,,True,177,0,0,155.0,0.0,0.0,118.0,0.0,0.0,True,True,False,False,0.0,False,False,False,False,,5.0,,False
ISMN_SCAN_BlueCreek,sm_only,train,20160101,20251230,OK,"INFO_s1_asc_missing_years(2022,2023,2024)|INFO_s1_desc_missing_years(2016)|INFO_sif_missing_years(2016,2017)|INFO_twsa_missing_years(2025)",True,True,True,True,True,True,True,True,True,True,True,False,311,311,0,100.0,,"2022,2023,2024",2016,,,,,,"2016,2017",2025,True,311,0,0,295.0,0.0,0.0,380.0,0.0,0.0,True,True,False,False,0.0,False,False,False,False,,10.0,,False
ISMN_SCAN_BodieHills,sm_only,train,20160101,20251230,OK,"INFO_s1_desc_missing_years(2016)|INFO_sif_missing_years(2016,2017)|INFO_twsa_missing_years(2025)",True,True,True,True,True,True,True,True,True,True,True,False,412,412,0,100.0,,,2016,,,,,,"2016,2017",2025,True,412,0,0,746.0,0.0,0.0,356.0,0.0,0.0,True,True,False,False,0.0,False,False,False,False,,10.0,,False
ISMN_SCAN_BraggFarm,sm_only,train,20160101,20200518,OK,"INFO_s1_desc_missing_years(2016,2018,2019,2020)|INFO_sif_missing_years(2016,2017)",True,True,True,True,True,True,True,True,True,True,True,False,73,73,0,100.0,,,"2016,2018,2019,2020",,,,,,"2016,2017",,True,73,0,0,89.0,0.0,0.0,1.0,0.0,0.0,True,True,False,False,0.0,False,False,False,False,,5.0,,False
ISMN_SCAN_Buckhorn,sm_only,train,20201113,20251230,OK,INFO_twsa_missing_years(2025),True,True,True,True,True,True,True,True,True,True,True,False,414,414,0,100.0,,,,,,,,,,2025,True,414,0,0,401.0,0.0,0.0,148.0,0.0,0.0,True,True,False,False,0.0,False,False,False,False,,6.0,,False
ISMN_SCAN_BuffaloJump,sm_only,train,20160101,20251230,OK,"INFO_s1_asc_missing_years(2022,2023,2024)|INFO_s1_desc_missing_years(2016)|INFO_sif_missing_years(2016,2017)|INFO_twsa_missing_years(2025)",True,True,True,True,True,True,True,True,True,True,True,False,330,330,0,100.0,,"2022,2023,2024",2016,,,,,,"2016,2017",2025,True,330,0,0,144.0,0.0,0.0,491.0,0.0,0.0,True,True,False,False,0.0,False,False,False,False,,10.0,,False
ISMN_SCAN_Bushland#1,sm_only,val,20220126,20251230,OK,INFO_twsa_missing_years(2025),True,True,True,True,True,True,True,True,True,True,True,False,195,195,0,100.0,,,,,,,,,,2025,True,195,0,0,225.0,0.0,0.0,218.0,0.0,0.0,True,True,False,False,0.0,False,False,False,False,,4.0,,False
ISMN_SCAN_CPER,sm_only,train,20160101,20200821,OK,"INFO_s1_desc_missing_years(2016)|INFO_sif_missing_years(2016,2017)",True,True,True,True,True,True,True,True,True,True,True,False,236,236,0,100.0,,,2016,,,,,,"2016,2017",,True,236,0,0,98.0,0.0,0.0,210.0,0.0,0.0,True,True,False,False,0.0,False,False,False,False,,5.0,,False
ISMN_SCAN_CacheJunction,sm_only,train,20160101,20240513,OK,"INFO_no_twsa|INFO_s1_asc_missing_years(2022,2023,2024)|INFO_s1_desc_missing_years(2016)|INFO_sif_missing_years(2016,2017)|INFO_soil_nan_pct(1.5%)",True,True,True,True,True,True,True,True,True,False,True,False,518,518,0,100.0,,"2022,2023,2024",2016,,,,,,"2016,2017",,True,518,0,0,250.0,0.0,0.0,212.0,0.0,0.0,True,True,False,False,0.0153,False,False,False,False,,9.0,,False
ISMN_SCAN_CarverFarm,sm_only,train,20180515,20210720,OK,"INFO_s1_desc_missing_years(2018,2019,2021)|INFO_soil_nan_pct(0.0%)",True,True,True,True,True,True,True,True,True,True,True,False,95,95,0,100.0,,,"2018,2019,2021",,,,,,,,True,95,0,0,84.0,0.0,0.0,1.0,0.0,0.0,True,True,False,False,0.0002,False,False,False,False,,4.0,,False
ISMN_SCAN_CaveValley,sm_only,train,20191206,20250908,OK,"INFO_no_twsa|INFO_s1_asc_missing_years(2022,2023,2024)|INFO_soil_nan_pct(3.9%)",True,True,True,True,True,True,True,True,True,False,True,False,533,533,0,100.0,,"2022,2023,2024",,,,,,,,,True,533,0,0,144.0,0.0,0.0,164.0,0.0,0.0,True,True,False,False,0.0391,False,False,False,False,,7.0,,False
ISMN_SCAN_CentraliaLake,sm_only,train,20170620,20220801,OK,INFO_sif_missing_years(2017)|INFO_soil_nan_pct(16.3%),True,True,False,True,True,True,True,True,True,True,True,False,180,180,0,100.0,,,,,,,,,2017,,True,180,0,0,128.0,0.0,0.0,,,,True,True,False,False,0.1634,False,False,False,False,,6.0,,False
ISMN_SCAN_Charkiln,sm_only,train,20160101,20251230,OK,"INFO_no_twsa|INFO_s1_asc_missing_years(2022,2023,2024)|INFO_s1_desc_missing_years(2016)|INFO_sif_missing_years(2016,2017)",True,True,True,True,True,True,True,True,True,False,True,False,836,836,0,100.0,,"2022,2023,2024",2016,,,,,,"2016,2017",,True,836,0,0,171.0,0.0,0.0,342.0,0.0,0.0,True,True,False,False,0.0,False,False,False,False,,10.0,,False
ISMN_SCAN_ChickenRidge,sm_only,oos,20160101,20251230,OK,"INFO_s1_asc_missing_years(2022,2023,2024)|INFO_s1_desc_missing_years(2016)|INFO_sif_missing_years(2016,2017)|INFO_twsa_missing_years(2025)",True,True,True,True,True,True,True,True,True,True,True,False,489,489,0,100.0,,"2022,2023,2024",2016,,,,,,"2016,2017",2025,True,489,0,0,144.0,0.0,0.0,491.0,0.0,0.0,True,True,False,False,0.0,False,False,False,False,,10.0,,False
ISMN_SCAN_Circleville,sm_only,oos,20160101,20221118,OK,"INFO_s1_asc_missing_years(2022)|INFO_s1_desc_missing_years(2016)|INFO_sif_missing_years(2016,2017)",True,True,True,True,True,True,True,True,True,True,True,False,248,248,0,100.0,,2022,2016,,,,,,"2016,2017",,True,248,0,0,134.0,0.0,0.0,171.0,0.0,0.0,True,True,False,False,0.0,False,False,False,False,,7.0,,False
ISMN_SCAN_Combate,sm_only,val,20191107,20240503,OK,,True,True,True,True,True,True,True,True,True,True,True,False,203,203,0,100.0,,,,,,,,,,,True,203,0,0,102.0,0.0,0.0,125.0,0.0,0.0,True,True,False,False,0.0,False,False,False,False,,6.0,,False
ISMN_SCAN_ConradAgRc,sm_only,val,20160101,20200930,OK,"INFO_s1_desc_missing_years(2016)|INFO_sif_missing_years(2016,2017)",True,True,True,True,True,True,True,True,True,True,True,False,198,198,0,100.0,,,2016,,,,,,"2016,2017",,True,198,0,0,181.0,0.0,0.0,208.0,0.0,0.0,True,True,False,False,0.0,False,False,False,False,,5.0,,False
ISMN_SCAN_CrescentLake#1,sm_only,val,20160101,20251230,OK,"INFO_no_twsa|INFO_sif_missing_years(2016,2017)|INFO_soil_nan_pct(1.6%)",True,True,False,True,True,True,True,True,True,False,True,False,236,236,0,100.0,,,,,,,,,"2016,2017",,True,236,0,0,477.0,0.0,0.0,,,,True,True,False,False,0.0164,False,False,False,False,,10.0,,False
ISMN_SCAN_Crossroads,sm_only,oos,20160313,20251230,OK,"INFO_no_twsa|INFO_s1_desc_missing_years(2016)|INFO_sif_missing_years(2016,2017)",True,True,True,True,True,True,True,True,True,False,True,False,399,399,0,100.0,,,2016,,,,,,"2016,2017",,True,399,0,0,242.0,0.0,0.0,245.0,0.0,0.0,True,True,False,False,0.0,False,False,False,False,,10.0,,False
ISMN_SCAN_Cullman-NAHRC,sm_only,train,20180617,20251119,OK,"INFO_no_twsa|INFO_s1_desc_missing_years(2018,2019,2021,2022,2023,2024,2025)|INFO_soil_nan_pct(8.9%)",True,True,True,True,True,True,True,True,True,False,True,False,226,226,0,100.0,,,"2018,2019,2021,2022,2023,2024,2025",,,,,,,,True,226,0,0,208.0,0.0,0.0,1.0,0.0,0.0,True,True,False,False,0.0888,False,False,False,False,,8.0,,False
ISMN_SCAN_DeepSprings,sm_only,oos,20160101,20251230,OK,"INFO_no_twsa|INFO_s2_missing_years(2016,2017,2018,2019)|INFO_cm_missing_years(2016,2017,2018,2019)|INFO_sif_missing_years(2016,2017)|INFO_soil_nan_pct(0.0%)",True,True,True,True,True,True,True,True,True,False,True,False,608,608,0,100.0,"2016,2017,2018,2019",,,"2016,2017,2018,2019",,,,,"2016,2017",,True,608,0,0,341.0,0.0,0.0,723.0,0.0,0.0,True,True,False,False,0.0002,False,False,False,False,,10.0,,False
ISMN_SCAN_Dexter,sm_only,oos,20160101,20200930,OK,"INFO_s1_desc_missing_years(2018,2019)|INFO_sif_missing_years(2016,2017)|INFO_soil_nan_pct(0.7%)",True,True,True,True,True,True,True,True,True,True,True,False,95,95,0,100.0,,,"2018,2019",,,,,,"2016,2017",,True,95,0,0,239.0,0.0,0.0,7.0,0.0,0.0,True,True,False,False,0.0071,False,False,False,False,,5.0,,False
ISMN_SCAN_DoeRidge,sm_only,oos,20160101,20250924,OK,"INFO_no_twsa|INFO_sif_missing_years(2016,2017)",True,True,True,True,True,True,True,True,True,False,True,False,432,432,0,100.0,,,,,,,,,"2016,2017",,True,432,0,0,328.0,0.0,0.0,352.0,0.0,0.0,True,True,False,False,0.0,False,False,False,False,,10.0,,False
ISMN_SCAN_EagleLake,sm_only,train,20160101,20200611,OK,"INFO_s1_desc_missing_years(2016)|INFO_sif_missing_years(2016,2017)|INFO_soil_nan_pct(20.3%)",True,True,True,True,True,True,True,True,True,True,True,False,135,135,0,100.0,,,2016,,,,,,"2016,2017",,True,135,0,0,148.0,0.0,0.0,98.0,0.0,0.0,True,True,False,False,0.2029,False,False,False,False,,5.0,,False
ISMN_SCAN_Eastland,sm_only,train,20160101,20220630,OK,"INFO_s1_asc_missing_years(2022)|INFO_s1_desc_missing_years(2016)|INFO_sif_missing_years(2016,2017)",True,True,True,True,True,True,True,True,True,True,True,False,238,238,0,100.0,,2022,2016,,,,,,"2016,2017",,True,238,0,0,265.0,0.0,0.0,159.0,0.0,0.0,True,True,False,False,0.0,False,False,False,False,,7.0,,False
ISMN_SCAN_EastviewFarm,sm_only,val,20210214,20251230,OK,INFO_no_twsa,True,True,False,True,True,True,True,True,True,False,True,False,292,292,0,100.0,,,,,,,,,,,True,292,0,0,274.0,0.0,0.0,,,,True,True,False,False,0.0,False,False,False,False,,5.0,,False
ISMN_SCAN_ElsberryPMC,sm_only,train,20160101,20241224,OK,"INFO_no_twsa|INFO_s1_desc_missing_years(2018,2019,2020,2021,2022,2023,2024)|INFO_sif_missing_years(2016,2017)|INFO_soil_nan_pct(0.8%)",True,True,True,True,True,True,True,True,True,False,True,False,230,230,0,100.0,,,"2018,2019,2020,2021,2022,2023,2024",,,,,,"2016,2017",,True,230,0,0,455.0,0.0,0.0,8.0,0.0,0.0,True,True,False,False,0.0077,False,False,False,False,,9.0,,False
ISMN_SCAN_Enterprise,sm_only,val,20160101,20240628,OK,"INFO_no_twsa|INFO_s2_missing_years(2016)|INFO_s1_asc_missing_years(2022,2023,2024)|INFO_s1_desc_missing_years(2016)|INFO_cm_missing_years(2016)|INFO_sif_missing_years(2016,2017)",True,True,True,True,True,True,True,True,True,False,True,False,322,322,0,100.0,2016,"2022,2023,2024",2016,2016,,,,,"2016,2017",,True,322,0,0,80.0,0.0,0.0,494.0,0.0,0.0,True,True,False,False,0.0,False,False,False,False,,9.0,,False
ISMN_SCAN_Ephraim,sm_only,val,20160101,20220814,OK,"INFO_no_twsa|INFO_s1_asc_missing_years(2022)|INFO_s1_desc_missing_years(2016)|INFO_sif_missing_years(2016,2017)",True,True,True,True,True,True,True,True,True,False,True,False,222,222,0,100.0,,2022,2016,,,,,,"2016,2017",,True,222,0,0,254.0,0.0,0.0,303.0,0.0,0.0,True,True,False,False,0.0,False,False,False,False,,7.0,,False
ISMN_SCAN_ErosDataCenter,sm_only,oos,20160101,20251230,OK,"INFO_no_twsa|INFO_s2_missing_years(2016,2017,2018)|INFO_s1_asc_missing_years(2022,2023,2024)|INFO_cm_missing_years(2016,2017,2018)|INFO_sif_missing_years(2016,2017)|INFO_soil_nan_pct(0.5%)",True,True,False,True,True,True,True,True,True,False,True,False,219,219,0,100.0,"2016,2017,2018","2022,2023,2024",,"2016,2017,2018",,,,,"2016,2017",,True,219,0,0,165.0,0.0,0.0,,,,True,True,False,False,0.0046,False,False,False,False,,10.0,,False
ISMN_SCAN_EvergladesARS,sm_only,train,20190225,20221008,OK,"INFO_s1_desc_missing_years(2021,2022)|INFO_soil_nan_pct(1.2%)",True,True,True,True,True,True,True,True,True,True,True,False,75,75,0,100.0,,,"2021,2022",,,,,,,,True,75,0,0,102.0,0.0,0.0,3.0,0.0,0.0,True,True,False,False,0.0119,False,False,False,False,,4.0,,False
ISMN_SCAN_FortAssiniboine#1,sm_only,oos,20160101,20191006,OK,"INFO_s2_missing_years(2016)|INFO_s1_desc_missing_years(2016)|INFO_cm_missing_years(2016)|INFO_sif_missing_years(2016,2017)",True,True,True,True,True,True,True,True,True,True,True,False,124,124,0,100.0,2016,,2016,2016,,,,,"2016,2017",,True,124,0,0,132.0,0.0,0.0,133.0,0.0,0.0,True,True,False,False,0.0,False,False,False,False,,4.0,,False
ISMN_SCAN_FortReno#1,sm_only,train,20160101,20230410,OK,"INFO_no_twsa|INFO_s2_missing_years(2016,2017,2018,2019)|INFO_cm_missing_years(2016,2017,2018,2019)|INFO_sif_missing_years(2016,2017)",True,True,False,True,True,True,True,True,True,False,True,False,90,90,0,100.0,"2016,2017,2018,2019",,,"2016,2017,2018,2019",,,,,"2016,2017",,True,90,0,0,491.0,0.0,0.0,,,,True,True,False,False,0.0,False,False,False,False,,8.0,,False
ISMN_SCAN_Fortuna,sm_only,train,20160101,20180709,OK,"INFO_sif_missing_years(2016,2017)",True,True,True,True,True,True,True,True,True,True,True,False,55,55,0,100.0,,,,,,,,,"2016,2017",,True,55,0,0,48.0,0.0,0.0,71.0,0.0,0.0,True,True,False,False,0.0,False,False,False,False,,3.0,,False
ISMN_SCAN_FrenchGulch,sm_only,oos,20170531,20200930,OK,INFO_no_twsa|INFO_sif_missing_years(2017),True,True,True,True,True,True,True,True,True,False,True,False,250,250,0,100.0,,,,,,,,,2017,,True,250,0,0,115.0,0.0,0.0,99.0,0.0,0.0,True,True,False,False,0.0,False,False,False,False,,4.0,,False
ISMN_SCAN_Geneva#1,sm_only,train,20160101,20191203,OK,"INFO_sif_missing_years(2016,2017)",True,True,False,True,True,True,True,True,True,True,True,False,48,48,0,100.0,,,,,,,,,"2016,2017",,True,48,0,0,184.0,0.0,0.0,,,,True,True,False,False,0.0,False,False,False,False,,4.0,,False
ISMN_SCAN_GlacialRidge,sm_only,oos,20160101,20210328,OK,"INFO_sif_missing_years(2016,2017)",True,True,False,True,True,True,True,True,True,True,True,False,222,222,0,100.0,,,,,,,,,"2016,2017",,True,222,0,0,127.0,0.0,0.0,,,,True,True,False,False,0.0,False,False,False,False,,6.0,,False
ISMN_SCAN_GoodwinCkTimber,sm_only,oos,20160101,20251230,OK,"INFO_no_twsa|INFO_s1_desc_missing_years(2018,2019,2021,2022,2023,2024,2025)|INFO_sif_missing_years(2016,2017)|INFO_soil_nan_pct(0.1%)",True,True,True,True,True,True,True,True,True,False,True,False,258,258,0,100.0,,,"2018,2019,2021,2022,2023,2024,2025",,,,,,"2016,2017",,True,258,0,0,514.0,0.0,0.0,12.0,0.0,0.0,True,True,False,False,0.0005,False,False,False,False,,10.0,,False
ISMN_SCAN_Goshute,sm_only,oos,20160101,20220529,OK,"INFO_no_twsa|INFO_s1_asc_missing_years(2022)|INFO_s1_desc_missing_years(2016,2018,2019,2020)|INFO_sif_missing_years(2016,2017)",True,True,True,True,True,True,True,True,True,False,True,False,202,202,0,100.0,,2022,"2016,2018,2019,2020",,,,,,"2016,2017",,True,202,0,0,211.0,0.0,0.0,20.0,0.0,0.0,True,True,False,False,0.0,False,False,False,False,,7.0,,False
ISMN_SCAN_Grantsville,sm_only,train,20160101,20191215,OK,"INFO_no_twsa|INFO_s1_desc_missing_years(2016)|INFO_sif_missing_years(2016,2017)",True,True,True,True,True,True,True,True,True,False,True,False,205,205,0,100.0,,,2016,,,,,,"2016,2017",,True,205,0,0,73.0,0.0,0.0,84.0,0.0,0.0,True,True,False,False,0.0,False,False,False,False,,4.0,,False
ISMN_SCAN_GreenRiver,sm_only,oos,20180713,20251230,OK,"INFO_s1_asc_missing_years(2022,2023,2024)|INFO_twsa_missing_years(2025)|INFO_soil_nan_pct(18.1%)",True,True,True,True,True,True,True,True,True,True,True,False,753,753,0,100.0,,"2022,2023,2024",,,,,,,,2025,True,753,0,0,96.0,0.0,0.0,196.0,0.0,0.0,True,True,False,False,0.1806,False,False,False,False,,8.0,,False
ISMN_SCAN_GrouseCreek,sm_only,train,20160101,20251230,OK,"INFO_no_twsa|INFO_s1_asc_missing_years(2022,2023,2024)|INFO_s1_desc_missing_years(2016,2018,2019,2020)|INFO_sif_missing_years(2016,2017)",True,True,True,True,True,True,True,True,True,False,True,False,624,624,0,100.0,,"2022,2023,2024","2016,2018,2019,2020",,,,,,"2016,2017",,True,624,0,0,252.0,0.0,0.0,122.0,0.0,0.0,True,True,False,False,0.0,False,False,False,False,,10.0,,False
ISMN_SCAN_HalsCanyon,sm_only,oos,20160101,20220211,OK,"INFO_no_twsa|INFO_s1_asc_missing_years(2022)|INFO_s1_desc_missing_years(2016)|INFO_sif_missing_years(2016,2017)",True,True,True,True,True,True,True,True,True,False,True,False,162,162,0,100.0,,2022,2016,,,,,,"2016,2017",,True,162,0,0,79.0,0.0,0.0,361.0,0.0,0.0,True,True,False,False,0.0,False,False,False,False,,7.0,,False
ISMN_SCAN_HarmsWay,sm_only,train,20160101,20251230,OK,"INFO_no_twsa|INFO_s1_desc_missing_years(2016)|INFO_sif_missing_years(2016,2017)|INFO_soil_nan_pct(0.0%)",True,True,True,True,True,True,True,True,True,False,True,False,386,386,0,100.0,,,2016,,,,,,"2016,2017",,True,386,0,0,397.0,0.0,0.0,494.0,0.0,0.0,True,True,False,False,0.0002,False,False,False,False,,10.0,,False
ISMN_SCAN_Hodges,sm_only,train,20210811,20251230,OK,INFO_no_twsa,True,True,False,True,True,True,True,True,True,False,True,False,283,283,0,100.0,,,,,,,,,,,True,283,0,0,119.0,0.0,0.0,,,,True,True,False,False,0.0,False,False,False,False,,5.0,,False
ISMN_SCAN_Holden,sm_only,train,20160101,20251230,OK,"INFO_no_twsa|INFO_s1_asc_missing_years(2022,2023,2024)|INFO_s1_desc_missing_years(2016)|INFO_sif_missing_years(2016,2017)",True,True,True,True,True,True,True,True,True,False,True,False,731,731,0,100.0,,"2022,2023,2024",2016,,,,,,"2016,2017",,True,731,0,0,156.0,0.0,0.0,258.0,0.0,0.0,True,True,False,False,0.0,False,False,False,False,,10.0,,False
ISMN_SCAN_HubbardBrook,sm_only,train,20161217,20251230,OK,"INFO_no_twsa|INFO_s2_missing_years(2016)|INFO_cm_missing_years(2016)|INFO_sif_missing_years(2016,2017)",True,True,True,True,True,True,True,True,True,False,True,False,170,170,0,100.0,2016,,,2016,,,,,"2016,2017",,True,170,0,0,466.0,0.0,0.0,228.0,0.0,0.0,True,True,False,False,0.0,False,False,False,False,,10.0,,False
ISMN_SCAN_IsbellFarms,sm_only,train,20160818,20240704,OK,"INFO_no_twsa|INFO_s1_desc_missing_years(2016,2018,2019,2021,2022,2023,2024)|INFO_sif_missing_years(2016,2017)",True,True,True,True,True,True,True,True,True,False,True,False,202,202,0,100.0,,,"2016,2018,2019,2021,2022,2023,2024",,,,,,"2016,2017",,True,202,0,0,422.0,0.0,0.0,5.0,0.0,0.0,True,True,False,False,0.0,False,False,False,False,,9.0,,False
ISMN_SCAN_JohnsonFarm,sm_only,oos,20200822,20251230,OK,INFO_no_twsa,True,True,True,True,True,True,True,True,True,False,True,False,471,471,0,100.0,,,,,,,,,,,True,471,0,0,280.0,0.0,0.0,157.0,0.0,0.0,True,True,False,False,0.0,False,False,False,False,,6.0,,False
ISMN_SCAN_Jordan,sm_only,train,20160101,20251230,OK,"INFO_no_twsa|INFO_s1_asc_missing_years(2022,2023,2024)|INFO_s1_desc_missing_years(2016)|INFO_sif_missing_years(2016,2017)",True,True,True,True,True,True,True,True,True,False,True,False,531,531,0,100.0,,"2022,2023,2024",2016,,,,,,"2016,2017",,True,531,0,0,287.0,0.0,0.0,493.0,0.0,0.0,True,True,False,False,0.0,False,False,False,False,,10.0,,False
ISMN_SCAN_JornadaExpRange,sm_only,train,20160101,20200821,OK,"INFO_no_twsa|INFO_s1_desc_missing_years(2016)|INFO_sif_missing_years(2016,2017)|INFO_soil_nan_pct(21.6%)",True,True,True,True,True,True,True,True,True,False,True,False,356,356,0,100.0,,,2016,,,,,,"2016,2017",,True,356,0,0,107.0,0.0,0.0,210.0,0.0,0.0,True,True,False,False,0.2155,False,False,False,False,,5.0,,False
ISMN_SCAN_JournaganRanch,sm_only,train,20160101,20200326,OK,"INFO_no_twsa|INFO_s1_desc_missing_years(2016,2017,2018,2020)|INFO_sif_missing_years(2016,2017)",True,True,True,True,True,True,True,True,True,False,True,False,72,72,0,100.0,,,"2016,2017,2018,2020",,,,,,"2016,2017",,True,72,0,0,215.0,0.0,0.0,1.0,0.0,0.0,True,True,False,False,0.0,False,False,False,False,,5.0,,False
ISMN_SCAN_KnoxCity,sm_only,train,20160101,20180629,OK,"INFO_sif_missing_years(2016,2017)",True,True,False,True,True,True,True,True,True,True,True,False,48,48,0,100.0,,,,,,,,,"2016,2017",,True,48,0,0,71.0,0.0,0.0,,,,True,True,False,False,0.0,False,False,False,False,,3.0,,False
ISMN_SCAN_KoptisFarms,sm_only,train,20170717,20230515,OK,"INFO_no_twsa|INFO_s1_desc_missing_years(2017,2019,2021,2022,2023)|INFO_sif_missing_years(2017)",True,True,True,True,True,True,True,True,True,False,True,False,321,321,0,100.0,,,"2017,2019,2021,2022,2023",,,,,,2017,,True,321,0,0,169.0,0.0,0.0,2.0,0.0,0.0,True,True,False,False,0.0,False,False,False,False,,7.0,,False
ISMN_SCAN_KyleCanyon,sm_only,oos,20160101,20251230,OK,"INFO_no_twsa|INFO_s1_asc_missing_years(2022,2023,2024)|INFO_s1_desc_missing_years(2016)|INFO_sif_missing_years(2016,2017)",True,True,True,True,True,True,True,True,True,False,True,False,836,836,0,100.0,,"2022,2023,2024",2016,,,,,,"2016,2017",,True,836,0,0,171.0,0.0,0.0,342.0,0.0,0.0,True,True,False,False,0.0,False,False,False,False,,10.0,,False
ISMN_SCAN_LTSP,sm_only,train,20211225,20251230,OK,INFO_no_twsa|INFO_s2_missing_years(2021)|INFO_cm_missing_years(2021),True,True,False,True,True,True,True,True,True,False,True,False,138,138,0,100.0,2021,,,2021,,,,,,,True,138,0,0,87.0,0.0,0.0,,,,True,True,False,False,0.0,False,False,False,False,,5.0,,False
ISMN_SCAN_Lehman,sm_only,train,20160101,20200902,OK,"INFO_s1_desc_missing_years(2016)|INFO_sif_missing_years(2016,2017)",True,True,True,True,True,True,True,True,True,True,True,False,141,141,0,100.0,,,2016,,,,,,"2016,2017",,True,141,0,0,96.0,0.0,0.0,88.0,0.0,0.0,True,True,False,False,0.0,False,False,False,False,,5.0,,False
ISMN_SCAN_Levelland,sm_only,train,20160717,20210601,OK,"INFO_s1_desc_missing_years(2016)|INFO_sif_missing_years(2016,2017)",True,True,True,True,True,True,True,True,True,True,True,False,181,181,0,100.0,,,2016,,,,,,"2016,2017",,True,181,0,0,118.0,0.0,0.0,111.0,0.0,0.0,True,True,False,False,0.0,False,False,False,False,,6.0,,False
ISMN_SCAN_Lind#1,sm_only,train,20160101,20251230,OK,"INFO_no_twsa|INFO_s1_asc_missing_years(2022,2023,2024)|INFO_s1_desc_missing_years(2016,2022,2023,2024,2025)|INFO_sif_missing_years(2016,2017)",True,True,True,True,True,True,True,True,True,False,True,False,280,280,0,100.0,,"2022,2023,2024","2016,2022,2023,2024,2025",,,,,,"2016,2017",,True,280,0,0,167.0,0.0,0.0,138.0,0.0,0.0,True,True,False,False,0.0,False,False,False,False,,10.0,,False
ISMN_SCAN_LittleRedFox,sm_only,oos,20160101,20251230,OK,"INFO_no_twsa|INFO_s1_asc_missing_years(2022,2023,2024)|INFO_s1_desc_missing_years(2016)|INFO_sif_missing_years(2016,2017)|INFO_soil_nan_pct(0.1%)",True,True,True,True,True,True,True,True,True,False,True,False,398,398,0,100.0,,"2022,2023,2024",2016,,,,,,"2016,2017",,True,398,0,0,136.0,0.0,0.0,235.0,0.0,0.0,True,True,False,False,0.0015,False,False,False,False,,10.0,,False
ISMN_SCAN_LittleRiver,sm_only,train,20160101,20210413,OK,"INFO_no_twsa|INFO_s1_desc_missing_years(2016,2017,2020,2021)|INFO_sif_missing_years(2016,2017)|INFO_soil_nan_pct(1.2%)",True,True,True,True,True,True,True,True,True,False,True,False,108,108,0,100.0,,,"2016,2017,2020,2021",,,,,,"2016,2017",,True,108,0,0,137.0,0.0,0.0,2.0,0.0,0.0,True,True,False,False,0.0119,False,False,False,False,,6.0,,False
ISMN_SCAN_LosLunasPMC,sm_only,oos,20160101,20230216,OK,"INFO_no_twsa|INFO_s1_asc_missing_years(2022,2023)|INFO_s1_desc_missing_years(2016)|INFO_sif_missing_years(2016,2017)",True,True,True,True,True,True,True,True,True,False,True,False,383,383,0,100.0,,"2022,2023",2016,,,,,,"2016,2017",,True,383,0,0,145.0,0.0,0.0,180.0,0.0,0.0,True,True,False,False,0.0,False,False,False,False,,8.0,,False
ISMN_SCAN_LovellSummit,sm_only,train,20160101,20251230,OK,"INFO_no_twsa|INFO_s1_asc_missing_years(2022,2023,2024)|INFO_s1_desc_missing_years(2016)|INFO_sif_missing_years(2016,2017)",True,True,True,True,True,True,True,True,True,False,True,False,736,736,0,100.0,,"2022,2023,2024",2016,,,,,,"2016,2017",,True,736,0,0,171.0,0.0,0.0,342.0,0.0,0.0,True,True,False,False,0.0,False,False,False,False,,10.0,,False
ISMN_SCAN_LovelockNNR,sm_only,train,20160101,20200917,OK,"INFO_no_twsa|INFO_s1_desc_missing_years(2016)|INFO_sif_missing_years(2016,2017)",True,True,True,True,True,True,True,True,True,False,True,False,146,146,0,100.0,,,2016,,,,,,"2016,2017",,True,146,0,0,141.0,0.0,0.0,110.0,0.0,0.0,True,True,False,False,0.0,False,False,False,False,,5.0,,False
ISMN_SCAN_LyeBrook,sm_only,train,20181017,20251230,OK,"INFO_no_twsa|INFO_s1_desc_missing_years(2018,2021)|INFO_soil_nan_pct(0.3%)",True,True,True,True,True,True,True,True,True,False,True,False,263,263,0,100.0,,,"2018,2021",,,,,,,,True,263,0,0,371.0,0.0,0.0,73.0,0.0,0.0,True,True,False,False,0.0029,False,False,False,False,,8.0,,False
ISMN_SCAN_MahantangoCk,sm_only,train,20160101,20180929,OK,"INFO_no_twsa|INFO_sif_missing_years(2016,2017)",True,True,False,True,True,True,True,True,True,False,True,False,72,72,0,100.0,,,,,,,,,"2016,2017",,True,72,0,0,118.0,0.0,0.0,,,,True,True,False,False,0.0,False,False,False,False,,3.0,,False
ISMN_SCAN_MammothCave,sm_only,train,20160101,20200801,OK,"INFO_s1_desc_missing_years(2016,2018,2019,2020)|INFO_sif_missing_years(2016,2017)",True,True,True,True,True,True,True,True,True,True,True,False,72,72,0,100.0,,,"2016,2018,2019,2020",,,,,,"2016,2017",,True,72,0,0,218.0,0.0,0.0,1.0,0.0,0.0,True,True,False,False,0.0,False,False,False,False,,5.0,,False
ISMN_SCAN_Mandan#1,sm_only,train,20160101,20251230,OK,"INFO_no_twsa|INFO_s1_desc_missing_years(2016,2017,2018,2019,2020,2021)|INFO_sif_missing_years(2016,2017)",True,True,True,True,True,True,True,True,True,False,True,False,274,274,0,100.0,,,"2016,2017,2018,2019,2020,2021",,,,,,"2016,2017",,True,274,0,0,436.0,0.0,0.0,222.0,0.0,0.0,True,True,False,False,0.0,False,False,False,False,,10.0,,False
ISMN_SCAN_Manderfield,sm_only,train,20170512,20251230,OK,"INFO_no_twsa|INFO_s1_asc_missing_years(2022,2023,2024)|INFO_sif_missing_years(2017)",True,True,True,True,True,True,True,True,True,False,True,False,747,747,0,100.0,,"2022,2023,2024",,,,,,,2017,,True,747,0,0,143.0,0.0,0.0,252.0,0.0,0.0,True,True,False,False,0.0,False,False,False,False,,9.0,,False
ISMN_SCAN_MarbleCreek,sm_only,val,20200415,20240929,OK,INFO_no_twsa,True,True,True,True,True,True,True,True,True,False,True,False,480,480,0,100.0,,,,,,,,,,,True,480,0,0,174.0,0.0,0.0,178.0,0.0,0.0,True,True,False,False,0.0,False,False,False,False,,5.0,,False
ISMN_SCAN_MaricaoForest,sm_only,train,20160101,20180314,OK,"INFO_sif_missing_years(2016,2017)",True,True,True,True,True,True,True,True,True,True,True,False,16,16,0,100.0,,,,,,,,,"2016,2017",,True,16,0,0,39.0,0.0,0.0,42.0,0.0,0.0,True,True,False,False,0.0,False,False,False,False,,3.0,,False
ISMN_SCAN_Mason#1,sm_only,oos,20170213,20250321,OK,"INFO_s1_desc_missing_years(2018,2019,2020,2021,2022,2023,2024,2025)|INFO_sif_missing_years(2017)|INFO_twsa_missing_years(2025)",True,True,True,True,True,True,True,True,True,True,True,False,430,430,0,100.0,,,"2018,2019,2020,2021,2022,2023,2024,2025",,,,,,2017,2025,True,430,0,0,229.0,0.0,0.0,2.0,0.0,0.0,True,True,False,False,0.0,False,False,False,False,,9.0,,False
ISMN_SCAN_Mayday,sm_only,train,20201108,20240530,OK,,True,True,False,True,True,True,True,True,True,True,True,False,86,86,0,100.0,,,,,,,,,,,True,86,0,0,87.0,0.0,0.0,,,,True,True,False,False,0.0,False,False,False,False,,5.0,,False
ISMN_SCAN_McAllisterFarm,sm_only,oos,20160101,20251230,OK,"INFO_s1_desc_missing_years(2016,2018,2019,2021,2022,2023,2024,2025)|INFO_sif_missing_years(2016,2017)|INFO_twsa_missing_years(2025)",True,True,True,True,True,True,True,True,True,True,True,False,252,252,0,100.0,,,"2016,2018,2019,2021,2022,2023,2024,2025",,,,,,"2016,2017",2025,True,252,0,0,245.0,0.0,0.0,2.0,0.0,0.0,True,True,False,False,0.0,False,False,False,False,,10.0,,False
ISMN_SCAN_MccrackenMesa,sm_only,train,20160101,20250321,OK,"INFO_s1_desc_missing_years(2016)|INFO_sif_missing_years(2016,2017)|INFO_twsa_missing_years(2025)",True,True,True,True,True,True,True,True,True,True,True,False,354,354,0,100.0,,,2016,,,,,,"2016,2017",2025,True,354,0,0,341.0,0.0,0.0,236.0,0.0,0.0,True,True,False,False,0.0,False,False,False,False,,10.0,,False
ISMN_SCAN_Milford,sm_only,oos,20160101,20250907,OK,"INFO_s1_asc_missing_years(2022,2023,2024)|INFO_s1_desc_missing_years(2016)|INFO_sif_missing_years(2016,2017)|INFO_twsa_missing_years(2025)",True,True,True,True,True,True,True,True,True,True,True,False,776,776,0,100.0,,"2022,2023,2024",2016,,,,,,"2016,2017",2025,True,776,0,0,240.0,0.0,0.0,249.0,0.0,0.0,True,True,False,False,0.0,False,False,False,False,,10.0,,False
ISMN_SCAN_Moccasin,sm_only,train,20160101,20250321,OK,"INFO_s1_asc_missing_years(2022,2023,2024,2025)|INFO_s1_desc_missing_years(2016)|INFO_sif_missing_years(2016,2017)|INFO_twsa_missing_years(2025)",True,True,True,True,True,True,True,True,True,True,True,False,473,473,0,100.0,,"2022,2023,2024,2025",2016,,,,,,"2016,2017",2025,True,473,0,0,136.0,0.0,0.0,449.0,0.0,0.0,True,True,False,False,0.0,False,False,False,False,,10.0,,False
ISMN_SCAN_MonoclineRidge,sm_only,train,20160101,20211101,OK,"INFO_no_twsa|INFO_sif_missing_years(2016,2017)|INFO_soil_nan_pct(2.1%)",True,True,True,True,True,True,True,True,True,False,True,False,478,478,0,100.0,,,,,,,,,"2016,2017",,True,478,0,0,250.0,0.0,0.0,440.0,0.0,0.0,True,True,False,False,0.0215,False,False,False,False,,6.0,,False
ISMN_SCAN_Morgan,sm_only,train,20160101,20251230,OK,"INFO_s1_asc_missing_years(2022,2023,2024)|INFO_s1_desc_missing_years(2016)|INFO_sif_missing_years(2016,2017)|INFO_twsa_missing_years(2025)",True,True,True,True,True,True,True,True,True,True,True,False,660,660,0,100.0,,"2022,2023,2024",2016,,,,,,"2016,2017",2025,True,660,0,0,297.0,0.0,0.0,257.0,0.0,0.0,True,True,False,False,0.0,False,False,False,False,,10.0,,False
ISMN_SCAN_MorrisFarms,sm_only,oos,20160823,20200416,OK,"INFO_s1_desc_missing_years(2018,2019,2020)|INFO_sif_missing_years(2016,2017)",True,True,True,True,True,True,True,True,True,True,True,False,90,90,0,100.0,,,"2018,2019,2020",,,,,,"2016,2017",,True,90,0,0,88.0,0.0,0.0,3.0,0.0,0.0,True,True,False,False,0.0,False,False,False,False,,5.0,,False
ISMN_SCAN_MountainHome,sm_only,train,20160101,20241122,OK,"INFO_s1_asc_missing_years(2022,2023,2024)|INFO_s1_desc_missing_years(2016)|INFO_sif_missing_years(2016,2017)",True,True,True,True,True,True,True,True,True,True,True,False,335,335,0,100.0,,"2022,2023,2024",2016,,,,,,"2016,2017",,True,335,0,0,118.0,0.0,0.0,203.0,0.0,0.0,True,True,False,False,0.0,False,False,False,False,,9.0,,False
ISMN_SCAN_MtVernon,sm_only,oos,20160921,20201126,OK,"INFO_no_twsa|INFO_s1_desc_missing_years(2016,2017,2018,2019)|INFO_sif_missing_years(2016,2017)",True,True,True,True,True,True,True,True,True,False,True,False,86,86,0,100.0,,,"2016,2017,2018,2019",,,,,,"2016,2017",,True,86,0,0,124.0,0.0,0.0,1.0,0.0,0.0,True,True,False,False,0.0,False,False,False,False,,5.0,,False
ISMN_SCAN_NPiedmontArec,sm_only,oos,20160101,20251230,OK,"INFO_s1_desc_missing_years(2016,2017,2020,2021,2022,2023,2024,2025)|INFO_sif_missing_years(2016,2017)|INFO_twsa_missing_years(2025)",True,True,True,True,True,True,True,True,True,True,True,False,256,256,0,100.0,,,"2016,2017,2020,2021,2022,2023,2024,2025",,,,,,"2016,2017",2025,True,256,0,0,521.0,0.0,0.0,2.0,0.0,0.0,True,True,False,False,0.0,False,False,False,False,,10.0,,False
ISMN_SCAN_Nacogdoches,sm_only,oos,20180427,20220709,OK,"INFO_no_twsa|INFO_s1_desc_missing_years(2018,2019,2021,2022)|INFO_soil_nan_pct(4.1%)",True,True,True,True,True,True,True,True,True,False,True,False,237,237,0,100.0,,,"2018,2019,2021,2022",,,,,,,,True,237,0,0,112.0,0.0,0.0,2.0,0.0,0.0,True,True,False,False,0.0409,False,False,False,False,,5.0,,False
ISMN_SCAN_Nephi,sm_only,val,20160101,20250321,OK,"INFO_no_twsa|INFO_s1_asc_missing_years(2022,2023,2024,2025)|INFO_s1_desc_missing_years(2016)|INFO_sif_missing_years(2016,2017)",True,True,True,True,True,True,True,True,True,False,True,False,300,300,0,100.0,,"2022,2023,2024,2025",2016,,,,,,"2016,2017",,True,300,0,0,253.0,0.0,0.0,235.0,0.0,0.0,True,True,False,False,0.0,False,False,False,False,,10.0,,False
ISMN_SCAN_NorthIssaquena,sm_only,train,20160101,20210503,OK,"INFO_no_twsa|INFO_s1_desc_missing_years(2018,2019,2021)|INFO_sif_missing_years(2016,2017)",True,True,True,True,True,True,True,True,True,False,True,False,119,119,0,100.0,,,"2018,2019,2021",,,,,,"2016,2017",,True,119,0,0,137.0,0.0,0.0,7.0,0.0,0.0,True,True,False,False,0.0,False,False,False,False,,6.0,,False
ISMN_SCAN_Nunn#1,sm_only,train,20220107,20251230,OK,INFO_no_twsa,True,True,True,True,True,True,True,True,True,False,True,False,326,326,0,100.0,,,,,,,,,,,True,326,0,0,109.0,0.0,0.0,227.0,0.0,0.0,True,True,False,False,0.0,False,False,False,False,,4.0,,False
ISMN_SCAN_Onward,sm_only,train,20160101,20251230,OK,"INFO_s1_desc_missing_years(2018,2019,2021,2022,2023,2024,2025)|INFO_sif_missing_years(2016,2017)|INFO_twsa_missing_years(2025)",True,True,True,True,True,True,True,True,True,True,True,False,272,272,0,100.0,,,"2018,2019,2021,2022,2023,2024,2025",,,,,,"2016,2017",2025,True,272,0,0,250.0,0.0,0.0,6.0,0.0,0.0,True,True,False,False,0.0,False,False,False,False,,10.0,,False
ISMN_SCAN_OrchardRangeSite,sm_only,train,20210512,20251230,OK,INFO_twsa_missing_years(2025),True,True,True,True,True,True,True,True,True,True,True,False,376,376,0,100.0,,,,,,,,,,2025,True,376,0,0,208.0,0.0,0.0,154.0,0.0,0.0,True,True,False,False,0.0,False,False,False,False,,5.0,,False
ISMN_SCAN_Panguitch,sm_only,train,20160101,20220529,OK,INFO_no_sif|INFO_s1_asc_missing_years(2022)|INFO_s1_desc_missing_years(2016),True,True,True,True,True,True,True,True,False,True,True,False,221,221,0,100.0,,2022,2016,,,,,,,,True,221,0,0,134.0,0.0,0.0,158.0,0.0,0.0,True,True,False,False,0.0,False,False,False,False,,7.0,,False
ISMN_SCAN_ParkValley,sm_only,train,20160101,20220717,OK,"INFO_s1_asc_missing_years(2022)|INFO_s1_desc_missing_years(2016)|INFO_sif_missing_years(2016,2017)",True,True,True,True,True,True,True,True,True,True,True,False,189,189,0,100.0,,2022,2016,,,,,,"2016,2017",,True,189,0,0,134.0,0.0,0.0,186.0,0.0,0.0,True,True,False,False,0.0,False,False,False,False,,7.0,,False
ISMN_SCAN_PeeDee,sm_only,val,20190221,20251230,OK,"INFO_s1_desc_missing_years(2021,2023,2024,2025)|INFO_twsa_missing_years(2025)|INFO_soil_nan_pct(5.0%)",True,True,True,True,True,True,True,True,True,True,True,False,237,237,0,100.0,,,"2021,2023,2024,2025",,,,,,,2025,True,237,0,0,389.0,0.0,0.0,6.0,0.0,0.0,True,True,False,False,0.0499,False,False,False,False,,7.0,,False
ISMN_SCAN_PerdidoRivFarms,sm_only,train,20160101,20200614,OK,"INFO_s1_desc_missing_years(2016,2019,2020)|INFO_sif_missing_years(2016,2017)|INFO_soil_nan_pct(0.7%)",True,True,True,True,True,True,True,True,True,True,True,False,170,170,0,100.0,,,"2016,2019,2020",,,,,,"2016,2017",,True,170,0,0,108.0,0.0,0.0,2.0,0.0,0.0,True,True,False,False,0.0071,False,False,False,False,,5.0,,False
ISMN_SCAN_Perthshire,sm_only,train,20160216,20210916,OK,"INFO_no_sif|INFO_no_twsa|INFO_s1_desc_missing_years(2016,2018,2019,2021)",True,True,True,True,True,True,True,True,False,False,True,False,140,140,0,100.0,,,"2016,2018,2019,2021",,,,,,,,True,140,0,0,143.0,0.0,0.0,4.0,0.0,0.0,True,True,False,False,0.0,False,False,False,False,,6.0,,False
ISMN_SCAN_Phillipsburg,sm_only,train,20160101,20251230,OK,"INFO_no_sif|INFO_no_twsa|INFO_s2_missing_years(2016,2017,2018,2019,2020,2021)|INFO_s1_desc_missing_years(2016,2017,2018,2019,2020,2021)|INFO_cm_missing_years(2016,2017,2018,2019,2020,2021)",True,True,True,True,True,True,True,True,False,False,True,False,281,281,0,100.0,"2016,2017,2018,2019,2020,2021",,"2016,2017,2018,2019,2020,2021","2016,2017,2018,2019,2020,2021",,,,,,,True,281,0,0,530.0,0.0,0.0,99.0,0.0,0.0,True,True,False,False,0.0,False,False,False,False,,10.0,,False
ISMN_SCAN_PineNut,sm_only,val,20210703,20250805,OK,"INFO_s1_asc_missing_years(2022,2023,2024)|INFO_twsa_missing_years(2025)",True,True,True,True,True,True,True,True,True,True,True,False,182,182,0,100.0,,"2022,2023,2024",,,,,,,,2025,True,182,0,0,48.0,0.0,0.0,140.0,0.0,0.0,True,True,False,False,0.0,False,False,False,False,,5.0,,False
ISMN_SCAN_PowderMill,sm_only,val,20160101,20251230,OK,"INFO_s2_missing_years(2016,2017,2018,2019)|INFO_s1_desc_missing_years(2016,2017,2020,2021,2022,2023,2024)|INFO_cm_missing_years(2016,2017,2018,2019)|INFO_sif_missing_years(2016,2017)|INFO_twsa_missing_years(2025)|INFO_soil_nan_pct(0.1%)",True,True,True,True,True,True,True,True,True,True,True,False,144,144,0,100.0,"2016,2017,2018,2019",,"2016,2017,2020,2021,2022,2023,2024","2016,2017,2018,2019",,,,,"2016,2017",2025,True,144,0,0,296.0,0.0,0.0,5.0,0.0,0.0,True,True,False,False,0.0007,False,False,False,False,,10.0,,False
ISMN_SCAN_PowellGardens,sm_only,train,20160319,20210707,OK,"INFO_sif_missing_years(2016,2017)|INFO_soil_nan_pct(0.9%)",True,True,False,True,True,True,True,True,True,True,True,False,126,126,0,100.0,,,,,,,,,"2016,2017",,True,126,0,0,150.0,0.0,0.0,,,,True,True,False,False,0.0091,False,False,False,False,,6.0,,False
ISMN_SCAN_PrairieView#1,sm_only,train,20160101,20220505,OK,"INFO_s2_missing_years(2016,2017)|INFO_cm_missing_years(2016,2017)|INFO_sif_missing_years(2016,2017)|INFO_soil_nan_pct(0.1%)",True,True,True,True,True,True,True,True,True,True,True,False,99,99,0,100.0,"2016,2017",,,"2016,2017",,,,,"2016,2017",,True,99,0,0,158.0,0.0,0.0,345.0,0.0,0.0,True,True,False,False,0.0011,False,False,False,False,,7.0,,False
ISMN_SCAN_Price,sm_only,train,20160101,20251211,OK,"INFO_s2_missing_years(2016,2017,2018,2019,2020,2021,2022)|INFO_s1_asc_missing_years(2022,2023,2024,2025)|INFO_s1_desc_missing_years(2016)|INFO_cm_missing_years(2016,2017,2018,2019,2020,2021,2022)|INFO_sif_missing_years(2016,2017)|INFO_twsa_missing_years(2025)|INFO_soil_nan_pct(4.6%)",True,True,True,True,True,True,True,True,True,True,True,False,145,145,0,100.0,"2016,2017,2018,2019,2020,2021,2022","2022,2023,2024,2025",2016,"2016,2017,2018,2019,2020,2021,2022",,,,,"2016,2017",2025,True,145,0,0,120.0,0.0,0.0,234.0,0.0,0.0,True,True,False,False,0.0458,False,False,False,False,,10.0,,False
ISMN_SCAN_Princeton#1,sm_only,train,20160101,20180323,OK,"INFO_s1_desc_missing_years(2018)|INFO_sif_missing_years(2016,2017)",True,True,True,True,True,True,True,True,True,True,True,False,42,42,0,100.0,,,2018,,,,,,"2016,2017",,True,42,0,0,42.0,0.0,0.0,3.0,0.0,0.0,True,True,False,False,0.0,False,False,False,False,,3.0,,False
ISMN_SCAN_ReeseCenter,sm_only,train,20160311,20210601,OK,"INFO_s2_missing_years(2016,2017,2018,2019)|INFO_cm_missing_years(2016,2017,2018,2019)|INFO_sif_missing_years(2016,2017)",True,True,False,True,True,True,True,True,True,True,True,False,80,80,0,100.0,"2016,2017,2018,2019",,,"2016,2017,2018,2019",,,,,"2016,2017",,True,80,0,0,240.0,0.0,0.0,,,,True,True,False,False,0.0,False,False,False,False,,6.0,,False
ISMN_SCAN_ReynoldsHomestead,sm_only,train,20211120,20251230,OK,"INFO_s2_missing_years(2021,2022)|INFO_cm_missing_years(2021,2022)|INFO_twsa_missing_years(2025)",True,True,False,True,True,True,True,True,True,True,True,False,78,78,0,100.0,"2021,2022",,,"2021,2022",,,,,,2025,True,78,0,0,225.0,0.0,0.0,,,,True,True,False,False,0.0,False,False,False,False,,5.0,,False
ISMN_SCAN_RiverRoadFarms,sm_only,train,20160101,20190827,OK,"INFO_s2_missing_years(2016,2017)|INFO_s1_desc_missing_years(2019)|INFO_cm_missing_years(2016,2017)|INFO_sif_missing_years(2016,2017)",True,True,True,True,True,True,True,True,True,True,True,False,55,55,0,100.0,"2016,2017",,2019,"2016,2017",,,,,"2016,2017",,True,55,0,0,167.0,0.0,0.0,4.0,0.0,0.0,True,True,False,False,0.0,False,False,False,False,,4.0,,False
ISMN_SCAN_RockSpringsPa,sm_only,train,20170101,20251230,OK,INFO_sif_missing_years(2017)|INFO_twsa_missing_years(2025)|INFO_soil_nan_pct(0.2%),True,True,False,True,True,True,True,True,True,True,True,False,158,158,0,100.0,,,,,,,,,2017,2025,True,158,0,0,235.0,0.0,0.0,,,,True,True,False,False,0.0018,False,False,False,False,,9.0,,False
ISMN_SCAN_RogersFarm#1,sm_only,val,20160101,20210121,OK,"INFO_sif_missing_years(2016,2017)",True,True,False,True,True,True,True,True,True,True,True,False,232,232,0,100.0,,,,,,,,,"2016,2017",,True,232,0,0,118.0,0.0,0.0,,,,True,True,False,False,0.0,False,False,False,False,,6.0,,False
ISMN_SCAN_SanAngelo,sm_only,train,20160101,20220324,OK,"INFO_s1_desc_missing_years(2016,2017,2018,2019,2020,2021)|INFO_sif_missing_years(2016,2017)",True,True,True,True,True,True,True,True,True,True,True,False,191,191,0,100.0,,,"2016,2017,2018,2019,2020,2021",,,,,,"2016,2017",,True,191,0,0,148.0,0.0,0.0,3.0,0.0,0.0,True,True,False,False,0.0,False,False,False,False,,7.0,,False
ISMN_SCAN_SandyRidge,sm_only,train,20160101,20251230,OK,"INFO_s1_desc_missing_years(2018,2019,2021,2022,2023,2024,2025)|INFO_sif_missing_years(2016,2017)|INFO_twsa_missing_years(2025)|INFO_soil_nan_pct(0.0%)",True,True,True,True,True,True,True,True,True,True,True,False,267,267,0,100.0,,,"2018,2019,2021,2022,2023,2024,2025",,,,,,"2016,2017",2025,True,267,0,0,249.0,0.0,0.0,8.0,0.0,0.0,True,True,False,False,0.0002,False,False,False,False,,10.0,,False
ISMN_SCAN_Scott,sm_only,train,20210824,20251230,OK,INFO_twsa_missing_years(2025),True,True,False,True,True,True,True,True,True,True,True,False,141,141,0,100.0,,,,,,,,,,2025,True,141,0,0,105.0,0.0,0.0,,,,True,True,False,False,0.0,False,False,False,False,,5.0,,False
ISMN_SCAN_SellersLake#1,sm_only,train,20160101,20220224,OK,"INFO_s1_desc_missing_years(2021,2022)|INFO_sif_missing_years(2016,2017)|INFO_soil_nan_pct(5.0%)",True,True,True,True,True,True,True,True,True,True,True,False,120,120,0,100.0,,,"2021,2022",,,,,,"2016,2017",,True,120,0,0,149.0,0.0,0.0,7.0,0.0,0.0,True,True,False,False,0.0495,False,False,False,False,,7.0,,False
ISMN_SCAN_Selma,sm_only,train,20160822,20231020,OK,"INFO_no_twsa|INFO_s1_desc_missing_years(2016,2018,2019,2021,2022,2023)|INFO_sif_missing_years(2016,2017)",True,True,True,True,True,True,True,True,True,False,True,False,393,393,0,100.0,,,"2016,2018,2019,2021,2022,2023",,,,,,"2016,2017",,True,393,0,0,191.0,0.0,0.0,2.0,0.0,0.0,True,True,False,False,0.0,False,False,False,False,,8.0,,False
ISMN_SCAN_Sevilleta,sm_only,train,20180418,20210818,OK,,True,True,True,True,True,True,True,True,True,True,True,False,316,316,0,100.0,,,,,,,,,,,True,316,0,0,98.0,0.0,0.0,198.0,0.0,0.0,True,True,False,False,0.0,False,False,False,False,,4.0,,False
ISMN_SCAN_ShagbarkHills,sm_only,train,20160101,20200402,OK,"INFO_sif_missing_years(2016,2017)",True,True,False,True,True,True,True,True,True,True,True,False,81,81,0,100.0,,,,,,,,,"2016,2017",,True,81,0,0,198.0,0.0,0.0,,,,True,True,False,False,0.0,False,False,False,False,,5.0,,False
ISMN_SCAN_Shenandoah,sm_only,train,20160101,20180419,OK,"INFO_no_twsa|INFO_sif_missing_years(2016,2017)",True,True,False,True,True,True,True,True,True,False,True,False,21,21,0,100.0,,,,,,,,,"2016,2017",,True,21,0,0,48.0,0.0,0.0,,,,True,True,False,False,0.0,False,False,False,False,,3.0,,False
ISMN_SCAN_Sidney,sm_only,train,20200807,20251230,OK,"INFO_s1_asc_missing_years(2023,2024)|INFO_s1_desc_missing_years(2020,2021)|INFO_twsa_missing_years(2025)",True,True,True,True,True,True,True,True,True,True,True,False,348,348,0,100.0,,"2023,2024","2020,2021",,,,,,,2025,True,348,0,0,63.0,0.0,0.0,109.0,0.0,0.0,True,True,False,False,0.0,False,False,False,False,,6.0,,False
ISMN_SCAN_SilverCity,sm_only,oos,20160101,20210725,OK,"INFO_s1_desc_missing_years(2018,2019,2021)|INFO_sif_missing_years(2016,2017)",True,True,True,True,True,True,True,True,True,True,True,False,135,135,0,100.0,,,"2018,2019,2021",,,,,,"2016,2017",,True,135,0,0,143.0,0.0,0.0,14.0,0.0,0.0,True,True,False,False,0.0,False,False,False,False,,6.0,,False
ISMN_SCAN_SinkinForest,sm_only,train,20210720,20250321,OK,INFO_twsa_missing_years(2025),True,True,False,True,True,True,True,True,True,True,True,False,101,101,0,100.0,,,,,,,,,,2025,True,101,0,0,86.0,0.0,0.0,,,,True,True,False,False,0.0,False,False,False,False,,5.0,,False
ISMN_SCAN_Spickard,sm_only,train,20190603,20251230,OK,INFO_twsa_missing_years(2025)|INFO_soil_nan_pct(0.3%),True,True,False,True,True,True,True,True,True,True,True,False,228,228,0,100.0,,,,,,,,,,2025,True,228,0,0,167.0,0.0,0.0,,,,True,True,False,False,0.0026,False,False,False,False,,7.0,,False
ISMN_SCAN_SplitMountain,sm_only,train,20160101,20250321,OK,"INFO_s1_desc_missing_years(2016)|INFO_sif_missing_years(2016,2017)|INFO_twsa_missing_years(2025)|INFO_soil_nan_pct(0.9%)",True,True,True,True,True,True,True,True,True,True,True,False,707,707,0,100.0,,,2016,,,,,,"2016,2017",2025,True,707,0,0,335.0,0.0,0.0,448.0,0.0,0.0,True,True,False,False,0.0089,False,False,False,False,,10.0,,False
ISMN_SCAN_StanleyFarm,sm_only,train,20220304,20251230,OK,INFO_twsa_missing_years(2025)|INFO_soil_nan_pct(0.1%),True,True,False,True,True,True,True,True,True,True,True,False,235,235,0,100.0,,,,,,,,,,2025,True,235,0,0,102.0,0.0,0.0,,,,True,True,False,False,0.0007,False,False,False,False,,4.0,,False
ISMN_SCAN_Starkville,sm_only,oos,20160101,20200930,OK,"INFO_s1_desc_missing_years(2018,2019)|INFO_sif_missing_years(2016,2017)|INFO_soil_nan_pct(0.3%)",True,True,True,True,True,True,True,True,True,True,True,False,180,180,0,100.0,,,"2018,2019",,,,,,"2016,2017",,True,180,0,0,117.0,0.0,0.0,5.0,0.0,0.0,True,True,False,False,0.0029,False,False,False,False,,5.0,,False
ISMN_SCAN_Stephenville,sm_only,train,20160101,20200601,OK,"INFO_sif_missing_years(2016,2017)|INFO_soil_nan_pct(0.1%)",True,True,False,True,True,True,True,True,True,True,True,False,102,102,0,100.0,,,,,,,,,"2016,2017",,True,102,0,0,108.0,0.0,0.0,,,,True,True,False,False,0.0011,False,False,False,False,,5.0,,False
ISMN_SCAN_Stubblefield,sm_only,train,20160101,20190519,OK,"INFO_sif_missing_years(2016,2017)",True,True,True,True,True,True,True,True,True,True,True,False,122,122,0,100.0,,,,,,,,,"2016,2017",,True,122,0,0,104.0,0.0,0.0,84.0,0.0,0.0,True,True,False,False,0.0,False,False,False,False,,4.0,,False
ISMN_SCAN_SudduthFarms,sm_only,train,20160101,20241009,OK,"INFO_s1_desc_missing_years(2016,2018,2019,2021,2022,2023,2024)|INFO_sif_missing_years(2016,2017)",True,True,True,True,True,True,True,True,True,True,True,False,208,208,0,100.0,,,"2016,2018,2019,2021,2022,2023,2024",,,,,,"2016,2017",,True,208,0,0,441.0,0.0,0.0,2.0,0.0,0.0,True,True,False,False,0.0,False,False,False,False,,9.0,,False
ISMN_SCAN_SunleafNursery,sm_only,oos,20160101,20200620,OK,"INFO_sif_missing_years(2016,2017)",True,True,False,True,True,True,True,True,True,True,True,False,131,131,0,100.0,,,,,,,,,"2016,2017",,True,131,0,0,226.0,0.0,0.0,,,,True,True,False,False,0.0,False,False,False,False,,5.0,,False
ISMN_SCAN_TableMountain,sm_only,train,20160101,20250321,OK,"INFO_s1_asc_missing_years(2022,2023,2024,2025)|INFO_s1_desc_missing_years(2016)|INFO_sif_missing_years(2016,2017)|INFO_twsa_missing_years(2025)",True,True,True,True,True,True,True,True,True,True,True,False,218,218,0,100.0,,"2022,2023,2024,2025",2016,,,,,,"2016,2017",2025,True,218,0,0,116.0,0.0,0.0,462.0,0.0,0.0,True,True,False,False,0.0,False,False,False,False,,10.0,,False
ISMN_SCAN_TidewaterArec,sm_only,train,20160101,20190619,OK,"INFO_s1_desc_missing_years(2016,2017,2019)|INFO_sif_missing_years(2016,2017)|INFO_soil_nan_pct(0.9%)",True,True,True,True,True,True,True,True,True,True,True,False,73,73,0,100.0,,,"2016,2017,2019",,,,,,"2016,2017",,True,73,0,0,77.0,0.0,0.0,2.0,0.0,0.0,True,True,False,False,0.0091,False,False,False,False,,4.0,,False
ISMN_SCAN_TncFortBayou,sm_only,train,20161130,20210605,OK,"INFO_s1_desc_missing_years(2016,2017,2019,2021)|INFO_sif_missing_years(2016,2017)",True,True,True,True,True,True,True,True,True,True,True,False,101,101,0,100.0,,,"2016,2017,2019,2021",,,,,,"2016,2017",,True,101,0,0,252.0,0.0,0.0,6.0,0.0,0.0,True,True,False,False,0.0,False,False,False,False,,6.0,,False
ISMN_SCAN_Torrington#1,sm_only,train,20160414,20250321,OK,"INFO_no_twsa|INFO_s1_desc_missing_years(2016,2017,2018)|INFO_sif_missing_years(2016,2017)",True,True,True,True,True,True,True,True,True,False,True,False,604,604,0,100.0,,,"2016,2017,2018",,,,,,"2016,2017",,True,604,0,0,382.0,0.0,0.0,160.0,0.0,0.0,True,True,False,False,0.0,False,False,False,False,,10.0,,False
ISMN_SCAN_TroughSprings,sm_only,oos,20160101,20180804,OK,"INFO_s1_desc_missing_years(2016)|INFO_sif_missing_years(2016,2017)",True,True,True,True,True,True,True,True,True,True,True,False,114,114,0,100.0,,,2016,,,,,,"2016,2017",,True,114,0,0,48.0,0.0,0.0,37.0,0.0,0.0,True,True,False,False,0.0,False,False,False,False,,3.0,,False
ISMN_SCAN_TuleValley,sm_only,train,20160101,20231202,OK,"INFO_s1_asc_missing_years(2022,2023)|INFO_s1_desc_missing_years(2016)|INFO_sif_missing_years(2016,2017)|INFO_soil_nan_pct(0.8%)",True,True,True,True,True,True,True,True,True,True,True,False,308,308,0,100.0,,"2022,2023",2016,,,,,,"2016,2017",,True,308,0,0,213.0,0.0,0.0,261.0,0.0,0.0,True,True,False,False,0.0084,False,False,False,False,,8.0,,False
ISMN_SCAN_Tunica,sm_only,train,20160101,20200529,OK,"INFO_s1_desc_missing_years(2018,2019,2020)|INFO_sif_missing_years(2016,2017)|INFO_soil_nan_pct(0.1%)",True,True,True,True,True,True,True,True,True,True,True,False,94,94,0,100.0,,,"2018,2019,2020",,,,,,"2016,2017",,True,94,0,0,111.0,0.0,0.0,6.0,0.0,0.0,True,True,False,False,0.0013,False,False,False,False,,5.0,,False
ISMN_SCAN_TwinPinesConservationArea,sm_only,oos,20210105,20250321,OK,INFO_twsa_missing_years(2025),True,True,False,True,True,True,True,True,True,True,True,False,142,142,0,100.0,,,,,,,,,,2025,True,142,0,0,97.0,0.0,0.0,,,,True,True,False,False,0.0,False,False,False,False,,5.0,,False
ISMN_SCAN_UWPlatteville,sm_only,train,20160101,20231025,OK,"INFO_s1_asc_missing_years(2018,2019)|INFO_sif_missing_years(2016,2017)",True,True,False,True,True,True,True,True,True,True,True,False,173,173,0,100.0,,"2018,2019",,,,,,,"2016,2017",,True,173,0,0,121.0,0.0,0.0,,,,True,True,False,False,0.0,False,False,False,False,,8.0,,False
ISMN_SCAN_Uapb-Earle,sm_only,oos,20160723,20251230,OK,"INFO_s1_desc_missing_years(2016,2018,2019,2021,2022,2023,2024,2025)|INFO_sif_missing_years(2016,2017)|INFO_twsa_missing_years(2025)|INFO_soil_nan_pct(2.9%)",True,True,True,True,True,True,True,True,True,True,True,False,262,262,0,100.0,,,"2016,2018,2019,2021,2022,2023,2024,2025",,,,,,"2016,2017",2025,True,262,0,0,236.0,0.0,0.0,4.0,0.0,0.0,True,True,False,False,0.0287,False,False,False,False,,10.0,,False
ISMN_SCAN_UapbCampus-PB,sm_only,train,20210310,20251230,OK,INFO_twsa_missing_years(2025)|INFO_soil_nan_pct(1.0%),True,True,False,True,True,True,True,True,True,True,True,False,128,128,0,100.0,,,,,,,,,,2025,True,128,0,0,237.0,0.0,0.0,,,,True,True,False,False,0.01,False,False,False,False,,5.0,,False
ISMN_SCAN_UapbDewitt,sm_only,train,20170127,20220930,OK,"INFO_s1_desc_missing_years(2018,2019,2021,2022)|INFO_sif_missing_years(2017)",True,True,True,True,True,True,True,True,True,True,True,False,324,324,0,100.0,,,"2018,2019,2021,2022",,,,,,2017,,True,324,0,0,151.0,0.0,0.0,4.0,0.0,0.0,True,True,False,False,0.0,False,False,False,False,,6.0,,False
ISMN_SCAN_UapbPointRemove,sm_only,train,20210728,20251230,OK,INFO_twsa_missing_years(2025),True,True,False,True,True,True,True,True,True,True,True,False,160,160,0,100.0,,,,,,,,,,2025,True,160,0,0,115.0,0.0,0.0,,,,True,True,False,False,0.0,False,False,False,False,,5.0,,False
ISMN_SCAN_Uvalde,sm_only,train,20160101,20200524,OK,"INFO_s1_desc_missing_years(2016)|INFO_sif_missing_years(2016,2017)|INFO_soil_nan_pct(0.0%)",True,True,True,True,True,True,True,True,True,True,True,False,93,93,0,100.0,,,2016,,,,,,"2016,2017",,True,93,0,0,92.0,0.0,0.0,97.0,0.0,0.0,True,True,False,False,0.0004,False,False,False,False,,5.0,,False
ISMN_SCAN_Vallecitos,sm_only,train,20221029,20251230,OK,INFO_twsa_missing_years(2025),True,True,True,True,True,True,True,True,True,True,True,False,321,321,0,100.0,,,,,,,,,,2025,True,321,0,0,222.0,0.0,0.0,217.0,0.0,0.0,True,True,False,False,0.0,False,False,False,False,,4.0,,False
ISMN_SCAN_Vermillion,sm_only,train,20160101,20251230,OK,"INFO_s1_asc_missing_years(2022,2023,2024)|INFO_s1_desc_missing_years(2016)|INFO_sif_missing_years(2016,2017)|INFO_twsa_missing_years(2025)|INFO_soil_nan_pct(0.1%)",True,True,True,True,True,True,True,True,True,True,True,False,422,422,0,100.0,,"2022,2023,2024",2016,,,,,,"2016,2017",2025,True,422,0,0,156.0,0.0,0.0,492.0,0.0,0.0,True,True,False,False,0.0005,False,False,False,False,,10.0,,False
ISMN_SCAN_Vernon,sm_only,oos,20160101,20210429,OK,"INFO_sif_missing_years(2016,2017)",True,True,False,True,True,True,True,True,True,True,True,False,305,305,0,100.0,,,,,,,,,"2016,2017",,True,305,0,0,138.0,0.0,0.0,,,,True,True,False,False,0.0,False,False,False,False,,6.0,,False
ISMN_SCAN_Violett,sm_only,train,20160101,20210114,OK,"INFO_s1_desc_missing_years(2016)|INFO_sif_missing_years(2016,2017)",True,True,True,True,True,True,True,True,True,True,True,False,233,233,0,100.0,,,2016,,,,,,"2016,2017",,True,233,0,0,198.0,0.0,0.0,226.0,0.0,0.0,True,True,False,False,0.0,False,False,False,False,,6.0,,False
ISMN_SCAN_Wabeno#1,sm_only,train,20160101,20220101,OK,"INFO_s2_missing_years(2022)|INFO_s1_asc_missing_years(2022)|INFO_cm_missing_years(2022)|INFO_sif_missing_years(2016,2017)",True,True,False,True,True,True,True,True,True,True,True,False,104,104,0,100.0,2022,2022,,2022,,,,,"2016,2017",,True,104,0,0,282.0,0.0,0.0,,,,True,True,False,False,0.0,False,False,False,False,,7.0,,False
ISMN_SCAN_Wakulla#1,sm_only,train,20170901,20250321,OK,"INFO_s1_desc_missing_years(2021,2022,2023,2024,2025)|INFO_sif_missing_years(2017)|INFO_twsa_missing_years(2025)",True,True,True,True,True,True,True,True,True,True,True,False,199,199,0,100.0,,,"2021,2022,2023,2024,2025",,,,,,2017,2025,True,199,0,0,218.0,0.0,0.0,7.0,0.0,0.0,True,True,False,False,0.0,False,False,False,False,,9.0,,False
ISMN_SCAN_WalnutGulch#1,sm_only,oos,20160101,20240620,OK,"INFO_s1_desc_missing_years(2016)|INFO_sif_missing_years(2016,2017)",True,True,True,True,True,True,True,True,True,True,True,False,758,758,0,100.0,,,2016,,,,,,"2016,2017",,True,758,0,0,316.0,0.0,0.0,213.0,0.0,0.0,True,True,False,False,0.0,False,False,False,False,,9.0,,False
ISMN_SCAN_Watkinsville#1,sm_only,val,20210810,20251230,OK,INFO_twsa_missing_years(2025)|INFO_soil_nan_pct(0.3%),True,True,False,True,True,True,True,True,True,True,True,False,143,143,0,100.0,,,,,,,,,,2025,True,143,0,0,234.0,0.0,0.0,,,,True,True,False,False,0.0029,False,False,False,False,,5.0,,False
ISMN_SCAN_WestSummit,sm_only,train,20160101,20230530,OK,"INFO_s1_desc_missing_years(2016)|INFO_sif_missing_years(2016,2017)",True,True,True,True,True,True,True,True,True,True,True,False,265,265,0,100.0,,,2016,,,,,,"2016,2017",,True,265,0,0,285.0,0.0,0.0,186.0,0.0,0.0,True,True,False,False,0.0,False,False,False,False,,8.0,,False
ISMN_SCAN_WillowWells,sm_only,train,20170218,20251230,OK,INFO_sif_missing_years(2017)|INFO_twsa_missing_years(2025),True,True,True,True,True,True,True,True,True,True,True,False,389,389,0,100.0,,,,,,,,,2017,2025,True,389,0,0,329.0,0.0,0.0,245.0,0.0,0.0,True,True,False,False,0.0,False,False,False,False,,9.0,,False
ISMN_SCAN_Wtars,sm_only,train,20160101,20180618,OK,"INFO_no_twsa|INFO_s1_desc_missing_years(2016,2018)|INFO_sif_missing_years(2016,2017)",True,True,True,True,True,True,True,True,True,False,True,False,65,65,0,100.0,,,"2016,2018",,,,,,"2016,2017",,True,65,0,0,34.0,0.0,0.0,1.0,0.0,0.0,True,True,False,False,0.0,False,False,False,False,,3.0,,False
ISMN_SCAN_YoumansFarm,sm_only,train,20160101,20221101,OK,"INFO_s1_desc_missing_years(2017,2021,2022)|INFO_sif_missing_years(2016,2017)|INFO_soil_nan_pct(0.2%)",True,True,True,True,True,True,True,True,True,True,True,False,163,163,0,100.0,,,"2017,2021,2022",,,,,,"2016,2017",,True,163,0,0,339.0,0.0,0.0,6.0,0.0,0.0,True,True,False,False,0.0022,False,False,False,False,,7.0,,False
ISMN_SD_DEM_Demokeya,sm_only,train,20160101,20201111,OK,"INFO_sif_missing_years(2016,2017)",True,False,True,True,True,True,True,True,True,True,True,False,205,205,0,100.0,,,,,,,,,"2016,2017",,True,205,0,0,,,,113.0,0.0,0.0,True,True,False,False,0.0,False,False,False,False,,5.0,,False
ISMN_SMOSMANIA_Barnas,sm_only,train,20190912,20230629,OK,,True,True,True,True,True,True,True,True,True,True,True,False,96,96,0,100.0,,,,,,,,,,,True,96,0,0,357.0,0.0,0.0,179.0,0.0,0.0,True,True,False,False,0.0,False,False,False,False,,5.0,,False
ISMN_SMOSMANIA_Berzeme,sm_only,train,20170613,20230629,OK,"INFO_s2_missing_years(2017,2018)|INFO_cm_missing_years(2017,2018)|INFO_sif_missing_years(2017)",True,True,True,True,True,True,True,True,True,True,True,False,240,240,0,100.0,"2017,2018",,,"2017,2018",,,,,2017,,True,240,0,0,625.0,0.0,0.0,626.0,0.0,0.0,True,True,False,False,0.0,False,False,False,False,,7.0,,False
ISMN_SMOSMANIA_CabrieresdAvignon,sm_only,train,20160101,20230629,OK,"INFO_s2_missing_years(2016,2017,2018,2019)|INFO_cm_missing_years(2016,2017,2018,2019)|INFO_sif_missing_years(2016,2017)",True,True,True,True,True,True,True,True,True,True,True,False,284,284,0,100.0,"2016,2017,2018,2019",,,"2016,2017,2018,2019",,,,,"2016,2017",,True,284,0,0,752.0,0.0,0.0,753.0,0.0,0.0,True,True,False,False,0.0,False,False,False,False,,8.0,,False
ISMN_SMOSMANIA_Condom,sm_only,train,20180417,20241231,OK,"INFO_s2_missing_years(2018,2019,2020,2021)|INFO_cm_missing_years(2018,2019,2020,2021)",True,True,True,True,True,True,True,True,True,True,True,False,139,139,0,100.0,"2018,2019,2020,2021",,,"2018,2019,2020,2021",,,,,,,True,139,0,0,538.0,0.0,0.0,604.0,0.0,0.0,True,True,False,False,0.0,False,False,False,False,,7.0,,False
ISMN_SMOSMANIA_CreondArmagnac,sm_only,train,20170817,20241231,OK,"INFO_s2_missing_years(2017,2018,2019,2020,2021)|INFO_cm_missing_years(2017,2018,2019,2020,2021)|INFO_sif_missing_years(2017)",True,True,True,True,True,True,True,True,True,True,True,False,123,123,0,100.0,"2017,2018,2019,2020,2021",,,"2017,2018,2019,2020,2021",,,,,2017,,True,123,0,0,335.0,0.0,0.0,345.0,0.0,0.0,True,True,False,False,0.0,False,False,False,False,,8.0,,False
ISMN_SMOSMANIA_LaGrandCombe,sm_only,train,20160205,20230629,OK,"INFO_sif_missing_years(2016,2017)",True,True,True,True,True,True,True,True,True,True,True,False,214,214,0,100.0,,,,,,,,,"2016,2017",,True,214,0,0,377.0,0.0,0.0,374.0,0.0,0.0,True,True,False,False,0.0,False,False,False,False,,8.0,,False
ISMN_SMOSMANIA_Lahas,sm_only,train,20160101,20230507,OK,"INFO_sif_missing_years(2016,2017)|INFO_soil_nan_pct(0.0%)",True,True,True,True,True,True,True,True,True,True,True,False,179,179,0,100.0,,,,,,,,,"2016,2017",,True,179,0,0,679.0,0.0,0.0,741.0,0.0,0.0,True,True,False,False,0.0004,False,False,False,False,,8.0,,False
ISMN_SMOSMANIA_LezignanCorbieres,sm_only,train,20170518,20241231,OK,INFO_sif_missing_years(2017),True,True,True,True,True,True,True,True,True,True,True,False,240,240,0,100.0,,,,,,,,,2017,,True,240,0,0,665.0,0.0,0.0,717.0,0.0,0.0,True,True,False,False,0.0,False,False,False,False,,8.0,,False
ISMN_SMOSMANIA_Mazan-Abbaye,sm_only,val,20171010,20230117,OK,INFO_s2_missing_years(2023)|INFO_cm_missing_years(2023)|INFO_sif_missing_years(2017),True,True,True,True,True,True,True,True,True,True,True,False,125,125,0,100.0,2023,,,2023,,,,,2017,,True,125,0,0,560.0,0.0,0.0,280.0,0.0,0.0,True,True,False,False,0.0,False,False,False,False,,7.0,,False
ISMN_SMOSMANIA_Mejannes-le-Clap,sm_only,val,20160614,20220928,OK,"INFO_sif_missing_years(2016,2017)",True,True,True,True,True,True,True,True,True,True,True,False,436,436,0,100.0,,,,,,,,,"2016,2017",,True,436,0,0,681.0,0.0,0.0,680.0,0.0,0.0,True,True,False,False,0.0,False,False,False,False,,7.0,,False
ISMN_SMOSMANIA_Montaut,sm_only,train,20160101,20241231,OK,"INFO_sif_missing_years(2016,2017)",True,True,True,True,True,True,True,True,True,True,True,False,440,440,0,100.0,,,,,,,,,"2016,2017",,True,440,0,0,360.0,0.0,0.0,418.0,0.0,0.0,True,True,False,False,0.0,False,False,False,False,,9.0,,False
ISMN_SMOSMANIA_Mouthoumet,sm_only,train,20160101,20241231,OK,"INFO_sif_missing_years(2016,2017)",True,True,True,True,True,True,True,True,True,True,True,False,446,446,0,100.0,,,,,,,,,"2016,2017",,True,446,0,0,784.0,0.0,0.0,832.0,0.0,0.0,True,True,False,False,0.0,False,False,False,False,,9.0,,False
ISMN_SMOSMANIA_Narbonne,sm_only,train,20170818,20241231,OK,INFO_sif_missing_years(2017),True,True,True,True,True,True,True,True,True,True,True,False,240,240,0,100.0,,,,,,,,,2017,,True,240,0,0,635.0,0.0,0.0,685.0,0.0,0.0,True,True,False,False,0.0,False,False,False,False,,8.0,,False
ISMN_SMOSMANIA_PeyrusseGrande,sm_only,train,20160101,20241231,OK,"INFO_sif_missing_years(2016,2017)|INFO_soil_nan_pct(0.3%)",True,True,True,True,True,True,True,True,True,True,True,False,407,407,0,100.0,,,,,,,,,"2016,2017",,True,407,0,0,769.0,0.0,0.0,835.0,0.0,0.0,True,True,False,False,0.0033,False,False,False,False,,9.0,,False
ISMN_SMOSMANIA_Pezenas,sm_only,train,20160614,20230629,OK,"INFO_sif_missing_years(2016,2017)",True,True,True,True,True,True,True,True,True,True,True,False,227,227,0,100.0,,,,,,,,,"2016,2017",,True,227,0,0,366.0,0.0,0.0,361.0,0.0,0.0,True,True,False,False,0.0,False,False,False,False,,8.0,,False
ISMN_SMOSMANIA_Prades-le-Lez,sm_only,train,20160101,20181204,OK,"INFO_sif_missing_years(2016,2017)",True,True,True,True,True,True,True,True,True,True,True,False,79,79,0,100.0,,,,,,,,,"2016,2017",,True,79,0,0,151.0,0.0,0.0,151.0,0.0,0.0,True,True,False,False,0.0,False,False,False,False,,3.0,,False
ISMN_SMOSMANIA_Sabres,sm_only,train,20160309,20230925,OK,"INFO_sif_missing_years(2016,2017)",True,True,True,True,True,True,True,True,True,True,True,False,158,158,0,100.0,,,,,,,,,"2016,2017",,True,158,0,0,369.0,0.0,0.0,740.0,0.0,0.0,True,True,False,False,0.0,False,False,False,False,,8.0,,False
ISMN_SMOSMANIA_SaintFelixdeLauragais,sm_only,oos,20160122,20241231,OK,"INFO_sif_missing_years(2016,2017)",True,True,True,True,True,True,True,True,True,True,True,False,437,437,0,100.0,,,,,,,,,"2016,2017",,True,437,0,0,358.0,0.0,0.0,416.0,0.0,0.0,True,True,False,False,0.0,False,False,False,False,,9.0,,False
ISMN_SMOSMANIA_Savenes,sm_only,train,20160101,20200319,OK,"INFO_sif_missing_years(2016,2017)",True,True,True,True,True,True,True,True,True,True,True,False,99,99,0,100.0,,,,,,,,,"2016,2017",,True,99,0,0,390.0,0.0,0.0,447.0,0.0,0.0,True,True,False,False,0.0,False,False,False,False,,5.0,,False
ISMN_SMOSMANIA_Urgons,sm_only,train,20181115,20241231,OK,,True,True,True,True,True,True,True,True,True,True,True,False,319,319,0,100.0,,,,,,,,,,,True,319,0,0,264.0,0.0,0.0,272.0,0.0,0.0,True,True,False,False,0.0,False,False,False,False,,7.0,,False
ISMN_SMOSMANIA_Villevielle,sm_only,train,20160101,20230629,OK,"INFO_sif_missing_years(2016,2017)",True,True,True,True,True,True,True,True,True,True,True,False,260,260,0,100.0,,,,,,,,,"2016,2017",,True,260,0,0,379.0,0.0,0.0,376.0,0.0,0.0,True,True,False,False,0.0,False,False,False,False,,8.0,,False
ISMN_SNOTEL_AguaCanyon,sm_only,oos,20160101,20200930,OK,"INFO_s1_desc_missing_years(2016)|INFO_sif_missing_years(2016,2017)|INFO_soil_nan_pct(8.2%)",True,True,True,True,True,True,True,True,True,True,True,False,145,145,0,100.0,,,2016,,,,,,"2016,2017",,True,145,0,0,98.0,0.0,0.0,192.0,0.0,0.0,True,True,False,False,0.0818,False,False,False,False,,5.0,,False
ISMN_SNOTEL_AmericanCreek,sm_only,oos,20200629,20251230,OK,INFO_twsa_missing_years(2025)|INFO_soil_nan_pct(0.7%),True,True,True,True,True,True,True,True,True,True,True,False,252,252,0,100.0,,,,,,,,,,2025,True,252,0,0,183.0,0.0,0.0,307.0,0.0,0.0,True,True,False,False,0.0066,False,False,False,False,,6.0,,False
ISMN_SNOTEL_AnchorRiverDivide,sm_only,train,20160101,20251022,OK,"INFO_s1_asc_missing_years(2022,2023,2024)|INFO_s1_desc_missing_years(2016)|INFO_sif_missing_years(2016,2017)|INFO_twsa_missing_years(2025)",True,True,True,True,True,True,True,True,True,True,True,False,248,248,0,100.0,,"2022,2023,2024",2016,,,,,,"2016,2017",2025,True,248,0,0,266.0,0.0,0.0,233.0,0.0,0.0,True,True,False,False,0.0,False,False,False,False,,10.0,,False
ISMN_SNOTEL_Aniak,sm_only,train,20170511,20220506,OK,INFO_s1_asc_missing_years(2022)|INFO_sif_missing_years(2017)|INFO_soil_nan_pct(20.6%),True,True,True,True,True,True,True,True,True,True,True,False,139,139,0,100.0,,2022,,,,,,,2017,,True,139,0,0,80.0,0.0,0.0,123.0,0.0,0.0,True,True,False,False,0.2062,False,False,False,False,,6.0,,False
ISMN_SNOTEL_ArapahoRidge,sm_only,train,20170829,20251230,OK,INFO_sif_missing_years(2017)|INFO_twsa_missing_years(2025),True,True,True,True,True,True,True,True,True,True,True,False,267,267,0,100.0,,,,,,,,,2017,2025,True,267,0,0,209.0,0.0,0.0,246.0,0.0,0.0,True,True,False,False,0.0,False,False,False,False,,9.0,,False
ISMN_SNOTEL_AtlantaSummit,sm_only,train,20160101,20240715,OK,"INFO_no_twsa|INFO_s1_desc_missing_years(2016)|INFO_sif_missing_years(2016,2017)",True,True,True,True,True,True,True,True,True,False,True,False,245,245,0,100.0,,,2016,,,,,,"2016,2017",,True,245,0,0,212.0,0.0,0.0,286.0,0.0,0.0,True,True,False,False,0.0,False,False,False,False,,9.0,,False
ISMN_SNOTEL_Atwater,sm_only,oos,20220825,20251230,OK,"INFO_s1_asc_missing_years(2022,2023,2024)|INFO_twsa_missing_years(2025)|INFO_soil_nan_pct(0.8%)",True,True,True,True,True,True,True,True,True,True,True,False,232,232,0,100.0,,"2022,2023,2024",,,,,,,,2025,True,232,0,0,44.0,0.0,0.0,188.0,0.0,0.0,True,True,False,False,0.0075,False,False,False,False,,4.0,,False
ISMN_SNOTEL_BakerButte,sm_only,train,20160427,20251022,OK,"INFO_s1_asc_missing_years(2022,2023,2024)|INFO_s1_desc_missing_years(2016)|INFO_sif_missing_years(2016,2017)|INFO_twsa_missing_years(2025)",True,True,True,True,True,True,True,True,True,True,True,False,786,786,0,100.0,,"2022,2023,2024",2016,,,,,,"2016,2017",2025,True,786,0,0,149.0,0.0,0.0,229.0,0.0,0.0,True,True,False,False,0.0,False,False,False,False,,10.0,,False
ISMN_SNOTEL_BakerButteSmt,sm_only,train,20160101,20230706,OK,"INFO_s1_asc_missing_years(2022,2023)|INFO_s1_desc_missing_years(2016)|INFO_sif_missing_years(2016,2017)",True,True,True,True,True,True,True,True,True,True,True,False,586,586,0,100.0,,"2022,2023",2016,,,,,,"2016,2017",,True,586,0,0,133.0,0.0,0.0,165.0,0.0,0.0,True,True,False,False,0.0,False,False,False,False,,8.0,,False
ISMN_SNOTEL_Baldy,sm_only,train,20160707,20200611,OK,"INFO_s1_desc_missing_years(2016)|INFO_sif_missing_years(2016,2017)",True,True,True,True,True,True,True,True,True,True,True,False,126,126,0,100.0,,,2016,,,,,,"2016,2017",,True,126,0,0,76.0,0.0,0.0,99.0,0.0,0.0,True,True,False,False,0.0,False,False,False,False,,5.0,,False
ISMN_SNOTEL_BannerSummit,sm_only,train,20160101,20251230,OK,"INFO_s1_desc_missing_years(2016,2018)|INFO_sif_missing_years(2016,2017)|INFO_twsa_missing_years(2025)|INFO_soil_nan_pct(0.2%)",True,True,True,True,True,True,True,True,True,True,True,False,552,552,0,100.0,,,"2016,2018",,,,,,"2016,2017",2025,True,552,0,0,273.0,0.0,0.0,252.0,0.0,0.0,True,True,False,False,0.0018,False,False,False,False,,10.0,,False
ISMN_SNOTEL_BarM,sm_only,train,20160101,20251022,OK,"INFO_s1_asc_missing_years(2022,2023,2024)|INFO_s1_desc_missing_years(2016)|INFO_sif_missing_years(2016,2017)|INFO_twsa_missing_years(2025)",True,True,True,True,True,True,True,True,True,True,True,False,809,809,0,100.0,,"2022,2023,2024",2016,,,,,,"2016,2017",2025,True,809,0,0,149.0,0.0,0.0,229.0,0.0,0.0,True,True,False,False,0.0,False,False,False,False,,10.0,,False
ISMN_SNOTEL_BearCanyon,sm_only,train,20200225,20240526,OK,INFO_s1_desc_missing_years(2020)|INFO_soil_nan_pct(1.4%),True,True,True,True,True,True,True,True,True,True,True,False,284,284,0,100.0,,,2020,,,,,,,,True,284,0,0,164.0,0.0,0.0,67.0,0.0,0.0,True,True,False,False,0.0139,False,False,False,False,,5.0,,False
ISMN_SNOTEL_BearCreek,sm_only,train,20191016,20251230,OK,INFO_twsa_missing_years(2025),True,True,True,True,True,True,True,True,True,True,True,False,223,223,0,100.0,,,,,,,,,,2025,True,223,0,0,250.0,0.0,0.0,353.0,0.0,0.0,True,True,False,False,0.0,False,False,False,False,,7.0,,False
ISMN_SNOTEL_BearRiverRS,sm_only,train,20160101,20251230,OK,"INFO_s2_missing_years(2016,2017,2018)|INFO_s1_asc_missing_years(2022,2023,2024)|INFO_s1_desc_missing_years(2016)|INFO_cm_missing_years(2016,2017,2018)|INFO_sif_missing_years(2016,2017)|INFO_twsa_missing_years(2025)",True,True,True,True,True,True,True,True,True,True,True,False,195,195,0,100.0,"2016,2017,2018","2022,2023,2024",2016,"2016,2017,2018",,,,,"2016,2017",2025,True,195,0,0,141.0,0.0,0.0,491.0,0.0,0.0,True,True,False,False,0.0,False,False,False,False,,10.0,,False
ISMN_SNOTEL_BeaverDams,sm_only,train,20160101,20251230,OK,"INFO_s2_missing_years(2016,2017,2018,2019)|INFO_s1_asc_missing_years(2022,2023,2024)|INFO_s1_desc_missing_years(2016)|INFO_cm_missing_years(2016,2017,2018,2019)|INFO_sif_missing_years(2016,2017)|INFO_twsa_missing_years(2025)",True,True,True,True,True,True,True,True,True,True,True,False,221,221,0,100.0,"2016,2017,2018,2019","2022,2023,2024",2016,"2016,2017,2018,2019",,,,,"2016,2017",2025,True,221,0,0,297.0,0.0,0.0,493.0,0.0,0.0,True,True,False,False,0.0,False,False,False,False,,10.0,,False
ISMN_SNOTEL_BeaverDivide,sm_only,train,20160101,20251230,OK,"INFO_s2_missing_years(2016,2017,2018,2019)|INFO_s1_asc_missing_years(2022,2023,2024)|INFO_s1_desc_missing_years(2016)|INFO_cm_missing_years(2016,2017,2018,2019)|INFO_sif_missing_years(2016,2017)|INFO_twsa_missing_years(2025)",True,True,True,True,True,True,True,True,True,True,True,False,212,212,0,100.0,"2016,2017,2018,2019","2022,2023,2024",2016,"2016,2017,2018,2019",,,,,"2016,2017",2025,True,212,0,0,141.0,0.0,0.0,491.0,0.0,0.0,True,True,False,False,0.0,False,False,False,False,,10.0,,False
ISMN_SNOTEL_BenLomondPeak,sm_only,oos,20160101,20200520,OK,"INFO_s1_desc_missing_years(2016)|INFO_sif_missing_years(2016,2017)",True,True,True,True,True,True,True,True,True,True,True,False,218,218,0,100.0,,,2016,,,,,,"2016,2017",,True,218,0,0,164.0,0.0,0.0,97.0,0.0,0.0,True,True,False,False,0.0,False,False,False,False,,5.0,,False
ISMN_SNOTEL_BenLomondTrail,sm_only,oos,20160101,20200803,OK,"INFO_s1_desc_missing_years(2016)|INFO_sif_missing_years(2016,2017)",True,True,True,True,True,True,True,True,True,True,True,False,226,226,0,100.0,,,2016,,,,,,"2016,2017",,True,226,0,0,177.0,0.0,0.0,102.0,0.0,0.0,True,True,False,False,0.0,False,False,False,False,,5.0,,False
ISMN_SNOTEL_BerryCreek,sm_only,train,20160101,20251230,OK,"INFO_s1_asc_missing_years(2022,2023,2024)|INFO_s1_desc_missing_years(2016,2018,2019,2020)|INFO_sif_missing_years(2016,2017)|INFO_twsa_missing_years(2025)",True,True,True,True,True,True,True,True,True,True,True,False,624,624,0,100.0,,"2022,2023,2024","2016,2018,2019,2020",,,,,,"2016,2017",2025,True,624,0,0,100.0,0.0,0.0,119.0,0.0,0.0,True,True,False,False,0.0,False,False,False,False,,10.0,,False
ISMN_SNOTEL_BerthoudSummit,sm_only,train,20170629,20230920,OK,INFO_sif_missing_years(2017)|INFO_soil_nan_pct(0.1%),True,True,True,True,True,True,True,True,True,True,True,False,205,205,0,100.0,,,,,,,,,2017,,True,205,0,0,144.0,0.0,0.0,185.0,0.0,0.0,True,True,False,False,0.0007,False,False,False,False,,7.0,,False
ISMN_SNOTEL_BevansCabin,sm_only,val,20160101,20220929,OK,"INFO_s1_asc_missing_years(2022)|INFO_s1_desc_missing_years(2016)|INFO_sif_missing_years(2016,2017)",True,True,True,True,True,True,True,True,True,True,True,False,383,383,0,100.0,,2022,2016,,,,,,"2016,2017",,True,383,0,0,134.0,0.0,0.0,166.0,0.0,0.0,True,True,False,False,0.0,False,False,False,False,,7.0,,False
ISMN_SNOTEL_BigBend,sm_only,oos,20160101,20251230,OK,"INFO_no_twsa|INFO_s1_desc_missing_years(2016)|INFO_sif_missing_years(2016,2017)",True,True,True,True,True,True,True,True,True,False,True,False,306,306,0,100.0,,,2016,,,,,,"2016,2017",,True,306,0,0,439.0,0.0,0.0,326.0,0.0,0.0,True,True,False,False,0.0,False,False,False,False,,10.0,,False
ISMN_SNOTEL_BigCreekSum,sm_only,oos,20160101,20251230,OK,"INFO_s1_desc_missing_years(2016)|INFO_sif_missing_years(2016,2017)|INFO_twsa_missing_years(2025)|INFO_soil_nan_pct(1.6%)",True,True,True,True,True,True,True,True,True,True,True,False,686,686,0,100.0,,,2016,,,,,,"2016,2017",2025,True,686,0,0,253.0,0.0,0.0,356.0,0.0,0.0,True,True,False,False,0.0161,False,False,False,False,,10.0,,False
ISMN_SNOTEL_BigFlat,sm_only,oos,20160101,20251230,OK,"INFO_no_twsa|INFO_s1_asc_missing_years(2022,2023,2024)|INFO_s1_desc_missing_years(2016)|INFO_sif_missing_years(2016,2017)",True,True,True,True,True,True,True,True,True,False,True,False,331,331,0,100.0,,"2022,2023,2024",2016,,,,,,"2016,2017",,True,331,0,0,156.0,0.0,0.0,259.0,0.0,0.0,True,True,False,False,0.0,False,False,False,False,,10.0,,False
ISMN_SNOTEL_BigMeadow,sm_only,train,20160101,20250201,OK,"INFO_no_twsa|INFO_s1_desc_missing_years(2016)|INFO_sif_missing_years(2016,2017)",True,True,True,True,True,True,True,True,True,False,True,False,689,689,0,100.0,,,2016,,,,,,"2016,2017",,True,689,0,0,631.0,0.0,0.0,604.0,0.0,0.0,True,True,False,False,0.0,False,False,False,False,,10.0,,False
ISMN_SNOTEL_BigSandyOpening,sm_only,train,20160101,20210811,OK,"INFO_no_twsa|INFO_s1_desc_missing_years(2016)|INFO_sif_missing_years(2016,2017)|INFO_soil_nan_pct(0.4%)",True,True,True,True,True,True,True,True,True,False,True,False,313,313,0,100.0,,,2016,,,,,,"2016,2017",,True,313,0,0,127.0,0.0,0.0,110.0,0.0,0.0,True,True,False,False,0.004,False,False,False,False,,6.0,,False
ISMN_SNOTEL_BirdCreek,sm_only,oos,20160101,20201210,OK,"INFO_no_twsa|INFO_s1_desc_missing_years(2016,2018,2019,2020)|INFO_sif_missing_years(2016,2017)",True,True,True,True,True,True,True,True,True,False,True,False,316,316,0,100.0,,,"2016,2018,2019,2020",,,,,,"2016,2017",,True,316,0,0,49.0,0.0,0.0,5.0,0.0,0.0,True,True,False,False,0.0,False,False,False,False,,5.0,,False
ISMN_SNOTEL_BlackFlat-U.M.Ck,sm_only,train,20160101,20251230,OK,"INFO_no_twsa|INFO_s1_asc_missing_years(2022,2023,2024)|INFO_s1_desc_missing_years(2016)|INFO_sif_missing_years(2016,2017)",True,True,True,True,True,True,True,True,True,False,True,False,332,332,0,100.0,,"2022,2023,2024",2016,,,,,,"2016,2017",,True,332,0,0,297.0,0.0,0.0,493.0,0.0,0.0,True,True,False,False,0.0,False,False,False,False,,10.0,,False
ISMN_SNOTEL_BlackhallMtn,sm_only,train,20160101,20251230,OK,"INFO_no_twsa|INFO_s1_desc_missing_years(2016)|INFO_sif_missing_years(2016,2017)",True,True,True,True,True,True,True,True,True,False,True,False,380,380,0,100.0,,,2016,,,,,,"2016,2017",,True,380,0,0,230.0,0.0,0.0,520.0,0.0,0.0,True,True,False,False,0.0,False,False,False,False,,10.0,,False
ISMN_SNOTEL_BlacksForkJct,sm_only,oos,20160101,20251230,OK,"INFO_no_twsa|INFO_s1_asc_missing_years(2022,2023,2024)|INFO_s1_desc_missing_years(2016)|INFO_sif_missing_years(2016,2017)",True,True,True,True,True,True,True,True,True,False,True,False,279,279,0,100.0,,"2022,2023,2024",2016,,,,,,"2016,2017",,True,279,0,0,141.0,0.0,0.0,234.0,0.0,0.0,True,True,False,False,0.0,False,False,False,False,,10.0,,False
ISMN_SNOTEL_BlazedAlder,sm_only,val,20220831,20251230,OK,INFO_no_twsa,True,True,True,True,True,True,True,True,True,False,True,False,85,85,0,100.0,,,,,,,,,,,True,85,0,0,105.0,0.0,0.0,183.0,0.0,0.0,True,True,False,False,0.0,False,False,False,False,,4.0,,False
ISMN_SNOTEL_BlueLakes,sm_only,train,20160101,20251230,OK,"INFO_no_twsa|INFO_s2_missing_years(2016,2017)|INFO_cm_missing_years(2016,2017)|INFO_sif_missing_years(2016,2017)|INFO_soil_nan_pct(8.8%)",True,True,True,True,True,True,True,True,True,False,True,False,731,731,0,100.0,"2016,2017",,,"2016,2017",,,,,"2016,2017",,True,731,0,0,385.0,0.0,0.0,703.0,0.0,0.0,True,True,False,False,0.0878,False,False,False,False,,10.0,,False
ISMN_SNOTEL_BobsHollow,sm_only,train,20161006,20251230,OK,"INFO_no_twsa|INFO_s2_missing_years(2016,2017)|INFO_s1_asc_missing_years(2022,2023,2024)|INFO_s1_desc_missing_years(2016)|INFO_cm_missing_years(2016,2017)|INFO_sif_missing_years(2016,2017)|INFO_soil_nan_pct(0.2%)",True,True,True,True,True,True,True,True,True,False,True,False,153,153,0,100.0,"2016,2017","2022,2023,2024",2016,"2016,2017",,,,,"2016,2017",,True,153,0,0,154.0,0.0,0.0,259.0,0.0,0.0,True,True,False,False,0.0024,False,False,False,False,,10.0,,False
ISMN_SNOTEL_BogusBasin,sm_only,oos,20160101,20251230,OK,"INFO_no_twsa|INFO_s2_missing_years(2016,2017,2018,2019)|INFO_s1_desc_missing_years(2016)|INFO_cm_missing_years(2016,2017,2018,2019)|INFO_sif_missing_years(2016,2017)",True,True,True,True,True,True,True,True,True,False,True,False,381,381,0,100.0,"2016,2017,2018,2019",,2016,"2016,2017,2018,2019",,,,,"2016,2017",,True,381,0,0,439.0,0.0,0.0,585.0,0.0,0.0,True,True,False,False,0.0,False,False,False,False,,10.0,,False
ISMN_SNOTEL_BostetterR.S.,sm_only,oos,20160101,20251230,OK,"INFO_no_twsa|INFO_s1_desc_missing_years(2016,2018,2019,2020)|INFO_sif_missing_years(2016,2017)",True,True,True,True,True,True,True,True,True,False,True,False,570,570,0,100.0,,,"2016,2018,2019,2020",,,,,,"2016,2017",,True,570,0,0,361.0,0.0,0.0,122.0,0.0,0.0,True,True,False,False,0.0,False,False,False,False,,10.0,,False
ISMN_SNOTEL_Bourne,sm_only,train,20210602,20251230,OK,"INFO_no_twsa|INFO_s1_asc_missing_years(2022,2023,2024)",True,True,True,True,True,True,True,True,True,False,True,False,306,306,0,100.0,,"2022,2023,2024",,,,,,,,,True,306,0,0,37.0,0.0,0.0,235.0,0.0,0.0,True,True,False,False,0.0,False,False,False,False,,5.0,,False
ISMN_SNOTEL_BoxCreek,sm_only,train,20210930,20251230,OK,"INFO_no_twsa|INFO_s1_asc_missing_years(2022,2023,2024)",True,True,True,True,True,True,True,True,True,False,True,False,162,162,0,100.0,,"2022,2023,2024",,,,,,,,,True,162,0,0,30.0,0.0,0.0,241.0,0.0,0.0,True,True,False,False,0.0,False,False,False,False,,5.0,,False
ISMN_SNOTEL_BoxSprings,sm_only,train,20160101,20200416,OK,"INFO_s1_desc_missing_years(2016)|INFO_sif_missing_years(2016,2017)",True,True,True,True,True,True,True,True,True,True,True,False,114,114,0,100.0,,,2016,,,,,,"2016,2017",,True,114,0,0,83.0,0.0,0.0,165.0,0.0,0.0,True,True,False,False,0.0,False,False,False,False,,5.0,,False
ISMN_SNOTEL_BrianHead,sm_only,oos,20160101,20251230,OK,"INFO_no_twsa|INFO_s1_asc_missing_years(2022,2023,2024)|INFO_s1_desc_missing_years(2016)|INFO_sif_missing_years(2016,2017)|INFO_soil_nan_pct(2.4%)",True,True,True,True,True,True,True,True,True,False,True,False,672,672,0,100.0,,"2022,2023,2024",2016,,,,,,"2016,2017",,True,672,0,0,255.0,0.0,0.0,259.0,0.0,0.0,True,True,False,False,0.0243,False,False,False,False,,10.0,,False
ISMN_SNOTEL_Brighton,sm_only,train,20160101,20251230,OK,"INFO_s1_asc_missing_years(2022,2023,2024)|INFO_s1_desc_missing_years(2016)|INFO_sif_missing_years(2016,2017)|INFO_twsa_missing_years(2025)|INFO_soil_nan_pct(0.4%)",True,True,True,True,True,True,True,True,True,True,True,False,541,541,0,100.0,,"2022,2023,2024",2016,,,,,,"2016,2017",2025,True,541,0,0,297.0,0.0,0.0,491.0,0.0,0.0,True,True,False,False,0.0038,False,False,False,False,,10.0,,False
ISMN_SNOTEL_BristleconeTrail,sm_only,train,20160101,20251230,OK,"INFO_no_twsa|INFO_s1_asc_missing_years(2022,2023,2024)|INFO_s1_desc_missing_years(2016)|INFO_sif_missing_years(2016,2017)",True,True,True,True,True,True,True,True,True,False,True,False,788,788,0,100.0,,"2022,2023,2024",2016,,,,,,"2016,2017",,True,788,0,0,171.0,0.0,0.0,342.0,0.0,0.0,True,True,False,False,0.0,False,False,False,False,,10.0,,False
ISMN_SNOTEL_BrooklynLake,sm_only,train,20180731,20241003,OK,INFO_no_twsa|INFO_soil_nan_pct(0.0%),True,True,True,True,True,True,True,True,True,False,True,False,219,219,0,100.0,,,,,,,,,,,True,219,0,0,146.0,0.0,0.0,182.0,0.0,0.0,True,True,False,False,0.0004,False,False,False,False,,7.0,,False
ISMN_SNOTEL_BrownDuck,sm_only,train,20160101,20200916,OK,"INFO_no_twsa|INFO_s1_desc_missing_years(2016)|INFO_sif_missing_years(2016,2017)|INFO_soil_nan_pct(1.5%)",True,True,True,True,True,True,True,True,True,False,True,False,126,126,0,100.0,,,2016,,,,,,"2016,2017",,True,126,0,0,85.0,0.0,0.0,82.0,0.0,0.0,True,True,False,False,0.0152,False,False,False,False,,5.0,,False
ISMN_SNOTEL_BrownTop,sm_only,train,20210916,20250922,OK,INFO_no_twsa|INFO_soil_nan_pct(0.9%),True,True,True,True,True,True,True,True,True,False,True,False,191,191,0,100.0,,,,,,,,,,,True,191,0,0,118.0,0.0,0.0,215.0,0.0,0.0,True,True,False,False,0.0095,False,False,False,False,,5.0,,False
ISMN_SNOTEL_BuckFlat,sm_only,train,20160101,20251230,OK,"INFO_no_twsa|INFO_s1_asc_missing_years(2022,2023,2024)|INFO_s1_desc_missing_years(2016)|INFO_sif_missing_years(2016,2017)|INFO_soil_nan_pct(0.0%)",True,True,True,True,True,True,True,True,True,False,True,False,334,334,0,100.0,,"2022,2023,2024",2016,,,,,,"2016,2017",,True,334,0,0,297.0,0.0,0.0,493.0,0.0,0.0,True,True,False,False,0.0004,False,False,False,False,,10.0,,False
ISMN_SNOTEL_BuckPasture,sm_only,train,20160101,20250817,OK,"INFO_no_twsa|INFO_s1_asc_missing_years(2022,2023,2024)|INFO_s1_desc_missing_years(2016)|INFO_sif_missing_years(2016,2017)|INFO_soil_nan_pct(0.1%)",True,True,True,True,True,True,True,True,True,False,True,False,246,246,0,100.0,,"2022,2023,2024",2016,,,,,,"2016,2017",,True,246,0,0,131.0,0.0,0.0,223.0,0.0,0.0,True,True,False,False,0.0005,False,False,False,False,,10.0,,False
ISMN_SNOTEL_BuckboardFlat,sm_only,oos,20160101,20251230,OK,"INFO_s1_asc_missing_years(2022,2023,2024)|INFO_s1_desc_missing_years(2016)|INFO_sif_missing_years(2016,2017)|INFO_twsa_missing_years(2025)",True,True,True,True,True,True,True,True,True,True,True,False,358,358,0,100.0,,"2022,2023,2024",2016,,,,,,"2016,2017",2025,True,358,0,0,143.0,0.0,0.0,493.0,0.0,0.0,True,True,False,False,0.0,False,False,False,False,,10.0,,False
ISMN_SNOTEL_Buckinghorse,sm_only,train,20201002,20251230,OK,INFO_no_twsa,True,True,True,True,True,True,True,True,True,False,True,False,142,142,0,100.0,,,,,,,,,,,True,142,0,0,300.0,0.0,0.0,181.0,0.0,0.0,True,True,False,False,0.0,False,False,False,False,,6.0,,False
ISMN_SNOTEL_BuckskinJoe,sm_only,val,20160101,20210928,OK,"INFO_no_twsa|INFO_s1_desc_missing_years(2016)|INFO_sif_missing_years(2016,2017)|INFO_soil_nan_pct(7.9%)",True,True,True,True,True,True,True,True,True,False,True,False,167,167,0,100.0,,,2016,,,,,,"2016,2017",,True,167,0,0,118.0,0.0,0.0,141.0,0.0,0.0,True,True,False,False,0.0787,False,False,False,False,,6.0,,False
ISMN_SNOTEL_BuckskinLower,sm_only,train,20160101,20250530,OK,"INFO_no_twsa|INFO_s1_asc_missing_years(2022,2023,2024)|INFO_s1_desc_missing_years(2016)|INFO_sif_missing_years(2016,2017)",True,True,True,True,True,True,True,True,True,False,True,False,330,330,0,100.0,,"2022,2023,2024",2016,,,,,,"2016,2017",,True,330,0,0,153.0,0.0,0.0,498.0,0.0,0.0,True,True,False,False,0.0,False,False,False,False,,10.0,,False
ISMN_SNOTEL_BugLake,sm_only,train,20160101,20251230,OK,"INFO_no_twsa|INFO_s1_asc_missing_years(2022,2023,2024)|INFO_s1_desc_missing_years(2016)|INFO_sif_missing_years(2016,2017)",True,True,True,True,True,True,True,True,True,False,True,False,605,605,0,100.0,,"2022,2023,2024",2016,,,,,,"2016,2017",,True,605,0,0,139.0,0.0,0.0,492.0,0.0,0.0,True,True,False,False,0.0,False,False,False,False,,10.0,,False
ISMN_SNOTEL_BurntMountain,sm_only,train,20201015,20251230,OK,INFO_no_twsa,True,True,True,True,True,True,True,True,True,False,True,False,214,214,0,100.0,,,,,,,,,,,True,214,0,0,312.0,0.0,0.0,280.0,0.0,0.0,True,True,False,False,0.0,False,False,False,False,,6.0,,False
ISMN_SNOTEL_BurroMountain,sm_only,val,20200509,20251230,OK,INFO_no_twsa,True,True,True,True,True,True,True,True,True,False,True,False,385,385,0,100.0,,,,,,,,,,,True,385,0,0,307.0,0.0,0.0,327.0,0.0,0.0,True,True,False,False,0.0,False,False,False,False,,6.0,,False
ISMN_SNOTEL_BurtsMillerRanch,sm_only,oos,20190424,20251230,OK,"INFO_no_twsa|INFO_s1_asc_missing_years(2022,2023,2024)|INFO_soil_nan_pct(0.4%)",True,True,True,True,True,True,True,True,True,False,True,False,245,245,0,100.0,,"2022,2023,2024",,,,,,,,,True,245,0,0,95.0,0.0,0.0,385.0,0.0,0.0,True,True,False,False,0.0037,False,False,False,False,,7.0,,False
ISMN_SNOTEL_Butte,sm_only,train,20170816,20251230,OK,INFO_no_twsa|INFO_sif_missing_years(2017)|INFO_soil_nan_pct(1.0%),True,True,True,True,True,True,True,True,True,False,True,False,315,315,0,100.0,,,,,,,,,2017,,True,315,0,0,444.0,0.0,0.0,247.0,0.0,0.0,True,True,False,False,0.0097,False,False,False,False,,9.0,,False
ISMN_SNOTEL_CampJackson,sm_only,train,20180704,20251230,OK,"INFO_no_twsa|INFO_s1_asc_missing_years(2022,2023,2024)|INFO_soil_nan_pct(0.1%)",True,True,True,True,True,True,True,True,True,False,True,False,313,313,0,100.0,,"2022,2023,2024",,,,,,,,,True,313,0,0,98.0,0.0,0.0,413.0,0.0,0.0,True,True,False,False,0.0013,False,False,False,False,,8.0,,False
ISMN_SNOTEL_CarsonPass,sm_only,train,20160101,20230929,OK,"INFO_sif_missing_years(2016,2017)|INFO_soil_nan_pct(0.4%)",True,True,True,True,True,True,True,True,True,True,True,False,606,606,0,100.0,,,,,,,,,"2016,2017",,True,606,0,0,297.0,0.0,0.0,534.0,0.0,0.0,True,True,False,False,0.0035,False,False,False,False,,8.0,,False
ISMN_SNOTEL_Cascade#2,sm_only,train,20160101,20210614,OK,"INFO_no_twsa|INFO_s1_desc_missing_years(2016)|INFO_sif_missing_years(2016,2017)",True,True,True,True,True,True,True,True,True,False,True,False,294,294,0,100.0,,,2016,,,,,,"2016,2017",,True,294,0,0,129.0,0.0,0.0,261.0,0.0,0.0,True,True,False,False,0.0,False,False,False,False,,6.0,,False
ISMN_SNOTEL_CascadeMountain,sm_only,train,20160101,20210214,OK,"INFO_no_twsa|INFO_s1_desc_missing_years(2016)|INFO_sif_missing_years(2016,2017)",True,True,True,True,True,True,True,True,True,False,True,False,138,138,0,100.0,,,2016,,,,,,"2016,2017",,True,138,0,0,205.0,0.0,0.0,214.0,0.0,0.0,True,True,False,False,0.0,False,False,False,False,,6.0,,False
ISMN_SNOTEL_CastleValley,sm_only,train,20180717,20251230,OK,"INFO_no_twsa|INFO_s1_asc_missing_years(2022,2023,2024)",True,True,True,True,True,True,True,True,True,False,True,False,593,593,0,100.0,,"2022,2023,2024",,,,,,,,,True,593,0,0,211.0,0.0,0.0,217.0,0.0,0.0,True,True,False,False,0.0,False,False,False,False,,8.0,,False
ISMN_SNOTEL_CaveMountain,sm_only,train,20160101,20251230,OK,"INFO_no_twsa|INFO_s1_asc_missing_years(2022,2023,2024)|INFO_s1_desc_missing_years(2016,2018,2019,2020)|INFO_sif_missing_years(2016,2017)|INFO_soil_nan_pct(0.1%)",True,True,True,True,True,True,True,True,True,False,True,False,649,649,0,100.0,,"2022,2023,2024","2016,2018,2019,2020",,,,,,"2016,2017",,True,649,0,0,100.0,0.0,0.0,120.0,0.0,0.0,True,True,False,False,0.0007,False,False,False,False,,10.0,,False
ISMN_SNOTEL_Chalender,sm_only,train,20160101,20230616,OK,"INFO_no_twsa|INFO_s1_asc_missing_years(2022,2023)|INFO_s1_desc_missing_years(2016)|INFO_sif_missing_years(2016,2017)",True,True,True,True,True,True,True,True,True,False,True,False,292,292,0,100.0,,"2022,2023",2016,,,,,,"2016,2017",,True,292,0,0,133.0,0.0,0.0,353.0,0.0,0.0,True,True,False,False,0.0,False,False,False,False,,8.0,,False
ISMN_SNOTEL_ChalkCreek#1,sm_only,oos,20160101,20251230,OK,"INFO_no_twsa|INFO_s1_asc_missing_years(2022,2023,2024)|INFO_s1_desc_missing_years(2016)|INFO_sif_missing_years(2016,2017)|INFO_soil_nan_pct(0.1%)",True,True,True,True,True,True,True,True,True,False,True,False,302,302,0,100.0,,"2022,2023,2024",2016,,,,,,"2016,2017",,True,302,0,0,141.0,0.0,0.0,372.0,0.0,0.0,True,True,False,False,0.0005,False,False,False,False,,10.0,,False
ISMN_SNOTEL_ChalkCreek#2,sm_only,train,20160101,20230507,OK,"INFO_no_twsa|INFO_s1_asc_missing_years(2022,2023)|INFO_s1_desc_missing_years(2016)|INFO_sif_missing_years(2016,2017)",True,True,True,True,True,True,True,True,True,False,True,False,211,211,0,100.0,,"2022,2023",2016,,,,,,"2016,2017",,True,211,0,0,119.0,0.0,0.0,345.0,0.0,0.0,True,True,False,False,0.0,False,False,False,False,,8.0,,False
ISMN_SNOTEL_Chepeta,sm_only,train,20160101,20251230,OK,"INFO_no_twsa|INFO_s2_missing_years(2016,2017)|INFO_s1_asc_missing_years(2022,2024)|INFO_s1_desc_missing_years(2016)|INFO_cm_missing_years(2016,2017)|INFO_sif_missing_years(2016,2017)|INFO_soil_nan_pct(0.9%)",True,True,True,True,True,True,True,True,True,False,True,False,509,509,0,100.0,"2016,2017","2022,2024",2016,"2016,2017",,,,,"2016,2017",,True,509,0,0,303.0,0.0,0.0,234.0,0.0,0.0,True,True,False,False,0.0095,False,False,False,False,,10.0,,False
ISMN_SNOTEL_Chisana,sm_only,train,20180801,20251230,OK,INFO_no_twsa|INFO_soil_nan_pct(6.7%),True,True,True,True,True,True,True,True,True,False,True,False,314,314,0,100.0,,,,,,,,,,,True,314,0,0,277.0,0.0,0.0,421.0,0.0,0.0,True,True,False,False,0.0667,False,False,False,False,,8.0,,False
ISMN_SNOTEL_ChocolateGulch,sm_only,train,20160101,20200719,OK,"INFO_s1_desc_missing_years(2016)|INFO_sif_missing_years(2016,2017)",True,True,True,True,True,True,True,True,True,True,True,False,131,131,0,100.0,,,2016,,,,,,"2016,2017",,True,131,0,0,144.0,0.0,0.0,130.0,0.0,0.0,True,True,False,False,0.0,False,False,False,False,,5.0,,False
ISMN_SNOTEL_CinnabarPark,sm_only,train,20160101,20201004,OK,"INFO_no_twsa|INFO_s1_desc_missing_years(2016)|INFO_sif_missing_years(2016,2017)",True,True,True,True,True,True,True,True,True,False,True,False,113,113,0,100.0,,,2016,,,,,,"2016,2017",,True,113,0,0,86.0,0.0,0.0,111.0,0.0,0.0,True,True,False,False,0.0,False,False,False,False,,5.0,,False
ISMN_SNOTEL_ClackamasLake,sm_only,train,20201111,20251230,OK,INFO_no_twsa|INFO_soil_nan_pct(0.1%),True,True,True,True,True,True,True,True,True,False,True,False,147,147,0,100.0,,,,,,,,,,,True,147,0,0,151.0,0.0,0.0,149.0,0.0,0.0,True,True,False,False,0.0015,False,False,False,False,,6.0,,False
ISMN_SNOTEL_ClaytonSprings,sm_only,oos,20160101,20221022,OK,"INFO_no_twsa|INFO_s1_asc_missing_years(2022)|INFO_s1_desc_missing_years(2016)|INFO_sif_missing_years(2016,2017)",True,True,True,True,True,True,True,True,True,False,True,False,217,217,0,100.0,,2022,2016,,,,,,"2016,2017",,True,217,0,0,134.0,0.0,0.0,313.0,0.0,0.0,True,True,False,False,0.0,False,False,False,False,,7.0,,False
ISMN_SNOTEL_ClearCreek#1,sm_only,train,20160101,20251230,OK,"INFO_no_twsa|INFO_s2_missing_years(2016,2017,2018,2019,2020)|INFO_s1_asc_missing_years(2022,2023,2024)|INFO_s1_desc_missing_years(2016)|INFO_cm_missing_years(2016,2017,2018,2019,2020)|INFO_sif_missing_years(2016,2017)",True,True,True,True,True,True,True,True,True,False,True,False,188,188,0,100.0,"2016,2017,2018,2019,2020","2022,2023,2024",2016,"2016,2017,2018,2019,2020",,,,,"2016,2017",,True,188,0,0,275.0,0.0,0.0,493.0,0.0,0.0,True,True,False,False,0.0,False,False,False,False,,10.0,,False
ISMN_SNOTEL_ClearCreek#2,sm_only,train,20160101,20251230,OK,"INFO_no_twsa|INFO_s2_missing_years(2016,2017,2018,2019,2020)|INFO_s1_asc_missing_years(2022,2023,2024)|INFO_s1_desc_missing_years(2016)|INFO_cm_missing_years(2016,2017,2018,2019,2020)|INFO_sif_missing_years(2016,2017)",True,True,True,True,True,True,True,True,True,False,True,False,188,188,0,100.0,"2016,2017,2018,2019,2020","2022,2023,2024",2016,"2016,2017,2018,2019,2020",,,,,"2016,2017",,True,188,0,0,297.0,0.0,0.0,493.0,0.0,0.0,True,True,False,False,0.0,False,False,False,False,,10.0,,False
ISMN_SNOTEL_Coldfoot,sm_only,train,20160101,20251230,OK,"INFO_no_twsa|INFO_s2_missing_years(2016,2017,2018,2019,2020,2021,2022,2023)|INFO_s1_desc_missing_years(2016)|INFO_cm_missing_years(2016,2017,2018,2019,2020,2021,2022,2023)|INFO_sif_missing_years(2016,2017)|INFO_soil_nan_pct(0.9%)",True,True,True,True,True,True,True,True,True,False,True,False,50,50,0,100.0,"2016,2017,2018,2019,2020,2021,2022,2023",,2016,"2016,2017,2018,2019,2020,2021,2022,2023",,,,,"2016,2017",,True,50,0,0,367.0,0.0,0.0,461.0,0.0,0.0,True,True,False,False,0.0093,False,False,False,False,,10.0,,False
ISMN_SNOTEL_CorralCanyon,sm_only,train,20170504,20251230,OK,"INFO_no_twsa|INFO_s1_asc_missing_years(2022,2023,2024)|INFO_sif_missing_years(2017)|INFO_soil_nan_pct(2.6%)",True,True,True,True,True,True,True,True,True,False,True,False,336,336,0,100.0,,"2022,2023,2024",,,,,,,2017,,True,336,0,0,250.0,0.0,0.0,451.0,0.0,0.0,True,True,False,False,0.0257,False,False,False,False,,9.0,,False
ISMN_SNOTEL_CouchSummit,sm_only,train,20211014,20251230,OK,INFO_twsa_missing_years(2025)|INFO_soil_nan_pct(0.1%),True,True,True,True,True,True,True,True,True,True,True,False,174,174,0,100.0,,,,,,,,,,2025,True,174,0,0,125.0,0.0,0.0,237.0,0.0,0.0,True,True,False,False,0.0005,False,False,False,False,,5.0,,False
ISMN_SNOTEL_CrabCreek,sm_only,train,20160101,20251230,OK,"INFO_s1_asc_missing_years(2022,2023,2024)|INFO_s1_desc_missing_years(2016)|INFO_sif_missing_years(2016,2017)|INFO_twsa_missing_years(2025)",True,True,True,True,True,True,True,True,True,True,True,False,235,235,0,100.0,,"2022,2023,2024",2016,,,,,,"2016,2017",2025,True,235,0,0,138.0,0.0,0.0,379.0,0.0,0.0,True,True,False,False,0.0,False,False,False,False,,10.0,,False
ISMN_SNOTEL_CraterMeadows,sm_only,train,20160101,20180505,OK,"INFO_s1_desc_missing_years(2016)|INFO_sif_missing_years(2016,2017)",True,True,True,True,True,True,True,True,True,True,True,False,64,64,0,100.0,,,2016,,,,,,"2016,2017",,True,64,0,0,39.0,0.0,0.0,39.0,0.0,0.0,True,True,False,False,0.0,False,False,False,False,,3.0,,False
ISMN_SNOTEL_CrowCreek,sm_only,oos,20160517,20251230,OK,"INFO_s1_desc_missing_years(2016)|INFO_sif_missing_years(2016,2017)|INFO_twsa_missing_years(2025)",True,True,True,True,True,True,True,True,True,True,True,False,327,327,0,100.0,,,2016,,,,,,"2016,2017",2025,True,327,0,0,471.0,0.0,0.0,261.0,0.0,0.0,True,True,False,False,0.0,False,False,False,False,,10.0,,False
ISMN_SNOTEL_CssLab,sm_only,oos,20160101,20251230,OK,"INFO_s1_desc_missing_years(2016)|INFO_sif_missing_years(2016,2017)|INFO_twsa_missing_years(2025)|INFO_soil_nan_pct(0.2%)",True,True,True,True,True,True,True,True,True,True,True,False,831,831,0,100.0,,,2016,,,,,,"2016,2017",2025,True,831,0,0,382.0,0.0,0.0,348.0,0.0,0.0,True,True,False,False,0.002,False,False,False,False,,10.0,,False
ISMN_SNOTEL_Culebra#2,sm_only,train,20180107,20251230,OK,INFO_twsa_missing_years(2025)|INFO_soil_nan_pct(3.4%),True,True,True,True,True,True,True,True,True,True,True,False,499,499,0,100.0,,,,,,,,,,2025,True,499,0,0,199.0,0.0,0.0,231.0,0.0,0.0,True,True,False,False,0.034,False,False,False,False,,8.0,,False
ISMN_SNOTEL_CurrantCreek,sm_only,train,20160101,20251022,OK,"INFO_s1_asc_missing_years(2022,2023,2024)|INFO_s1_desc_missing_years(2016)|INFO_sif_missing_years(2016,2017)|INFO_twsa_missing_years(2025)",True,True,True,True,True,True,True,True,True,True,True,False,324,324,0,100.0,,"2022,2023,2024",2016,,,,,,"2016,2017",2025,True,324,0,0,137.0,0.0,0.0,481.0,0.0,0.0,True,True,False,False,0.0,False,False,False,False,,10.0,,False
ISMN_SNOTEL_Daniels-Strawberry,sm_only,train,20160101,20251230,OK,"INFO_s1_asc_missing_years(2022,2023,2024)|INFO_s1_desc_missing_years(2016)|INFO_sif_missing_years(2016,2017)|INFO_twsa_missing_years(2025)",True,True,True,True,True,True,True,True,True,True,True,False,335,335,0,100.0,,"2022,2023,2024",2016,,,,,,"2016,2017",2025,True,335,0,0,297.0,0.0,0.0,492.0,0.0,0.0,True,True,False,False,0.0,False,False,False,False,,10.0,,False
ISMN_SNOTEL_DillsCamp,sm_only,oos,20160101,20251230,OK,"INFO_s1_asc_missing_years(2022,2023,2024)|INFO_s1_desc_missing_years(2016)|INFO_sif_missing_years(2016,2017)|INFO_twsa_missing_years(2025)|INFO_soil_nan_pct(0.2%)",True,True,True,True,True,True,True,True,True,True,True,False,351,351,0,100.0,,"2022,2023,2024",2016,,,,,,"2016,2017",2025,True,351,0,0,297.0,0.0,0.0,493.0,0.0,0.0,True,True,False,False,0.0018,False,False,False,False,,10.0,,False
ISMN_SNOTEL_DisasterPeak,sm_only,train,20160101,20251230,OK,"INFO_s1_desc_missing_years(2016)|INFO_sif_missing_years(2016,2017)|INFO_twsa_missing_years(2025)|INFO_soil_nan_pct(2.2%)",True,True,True,True,True,True,True,True,True,True,True,False,368,368,0,100.0,,,2016,,,,,,"2016,2017",2025,True,368,0,0,509.0,0.0,0.0,258.0,0.0,0.0,True,True,False,False,0.0221,False,False,False,False,,10.0,,False
ISMN_SNOTEL_DonkeyReservoir,sm_only,val,20160101,20251230,OK,"INFO_s1_asc_missing_years(2022,2023,2024)|INFO_s1_desc_missing_years(2016)|INFO_sif_missing_years(2016,2017)|INFO_twsa_missing_years(2025)|INFO_soil_nan_pct(0.4%)",True,True,True,True,True,True,True,True,True,True,True,False,331,331,0,100.0,,"2022,2023,2024",2016,,,,,,"2016,2017",2025,True,331,0,0,297.0,0.0,0.0,493.0,0.0,0.0,True,True,False,False,0.0037,False,False,False,False,,10.0,,False
ISMN_SNOTEL_DorseyBasin,sm_only,train,20160101,20251230,OK,"INFO_s1_asc_missing_years(2022,2023,2024)|INFO_s1_desc_missing_years(2016)|INFO_sif_missing_years(2016,2017)|INFO_twsa_missing_years(2025)",True,True,True,True,True,True,True,True,True,True,True,False,306,306,0,100.0,,"2022,2023,2024",2016,,,,,,"2016,2017",2025,True,306,0,0,96.0,0.0,0.0,464.0,0.0,0.0,True,True,False,False,0.0,False,False,False,False,,10.0,,False
ISMN_SNOTEL_DrawCreek,sm_only,train,20160101,20251230,OK,"INFO_s1_asc_missing_years(2022,2023,2024)|INFO_s1_desc_missing_years(2016)|INFO_sif_missing_years(2016,2017)|INFO_twsa_missing_years(2025)",True,True,True,True,True,True,True,True,True,True,True,False,324,324,0,100.0,,"2022,2023,2024",2016,,,,,,"2016,2017",2025,True,324,0,0,96.0,0.0,0.0,467.0,0.0,0.0,True,True,False,False,0.0,False,False,False,False,,10.0,,False
ISMN_SNOTEL_DryBreadPond,sm_only,train,20160101,20251230,OK,"INFO_s1_asc_missing_years(2022,2023,2024)|INFO_s1_desc_missing_years(2016)|INFO_sif_missing_years(2016,2017)|INFO_twsa_missing_years(2025)",True,True,True,True,True,True,True,True,True,True,True,False,517,517,0,100.0,,"2022,2023,2024",2016,,,,,,"2016,2017",2025,True,517,0,0,300.0,0.0,0.0,257.0,0.0,0.0,True,True,False,False,0.0,False,False,False,False,,10.0,,False
ISMN_SNOTEL_DryCreek,sm_only,train,20160101,20220920,OK,"INFO_s1_asc_missing_years(2022)|INFO_s1_desc_missing_years(2016)|INFO_sif_missing_years(2016,2017)",True,True,True,True,True,True,True,True,True,True,True,False,202,202,0,100.0,,2022,2016,,,,,,"2016,2017",,True,202,0,0,76.0,0.0,0.0,280.0,0.0,0.0,True,True,False,False,0.0,False,False,False,False,,7.0,,False
ISMN_SNOTEL_DryFork,sm_only,train,20160101,20251022,OK,"INFO_s1_asc_missing_years(2022,2023,2024)|INFO_s1_desc_missing_years(2016)|INFO_sif_missing_years(2016,2017)|INFO_twsa_missing_years(2025)",True,True,True,True,True,True,True,True,True,True,True,False,627,627,0,100.0,,"2022,2023,2024",2016,,,,,,"2016,2017",2025,True,627,0,0,150.0,0.0,0.0,251.0,0.0,0.0,True,True,False,False,0.0,False,False,False,False,,10.0,,False
ISMN_SNOTEL_DryLake,sm_only,train,20170826,20251230,OK,INFO_sif_missing_years(2017)|INFO_twsa_missing_years(2025),True,True,True,True,True,True,True,True,True,True,True,False,622,622,0,100.0,,,,,,,,,2017,2025,True,622,0,0,209.0,0.0,0.0,489.0,0.0,0.0,True,True,False,False,0.0,False,False,False,False,,9.0,,False
ISMN_SNOTEL_EFBlacksForkGS,sm_only,train,20160101,20251230,OK,"INFO_s1_asc_missing_years(2022,2023,2024)|INFO_s1_desc_missing_years(2016)|INFO_sif_missing_years(2016,2017)|INFO_twsa_missing_years(2025)",True,True,True,True,True,True,True,True,True,True,True,False,262,262,0,100.0,,"2022,2023,2024",2016,,,,,,"2016,2017",2025,True,262,0,0,141.0,0.0,0.0,234.0,0.0,0.0,True,True,False,False,0.0,False,False,False,False,,10.0,,False
ISMN_SNOTEL_EagleSummit,sm_only,train,20200817,20250521,OK,INFO_twsa_missing_years(2025)|INFO_soil_nan_pct(2.9%),True,True,True,True,True,True,True,True,True,True,True,False,203,203,0,100.0,,,,,,,,,,2025,True,203,0,0,148.0,0.0,0.0,108.0,0.0,0.0,True,True,False,False,0.0294,False,False,False,False,,6.0,,False
ISMN_SNOTEL_EastRimDivide,sm_only,train,20160101,20251230,OK,"INFO_s1_asc_missing_years(2022,2023,2024)|INFO_s1_desc_missing_years(2016)|INFO_sif_missing_years(2016,2017)|INFO_twsa_missing_years(2025)",True,True,True,True,True,True,True,True,True,True,True,False,329,329,0,100.0,,"2022,2023,2024",2016,,,,,,"2016,2017",2025,True,329,0,0,298.0,0.0,0.0,494.0,0.0,0.0,True,True,False,False,0.0,False,False,False,False,,10.0,,False
ISMN_SNOTEL_EastWillowCreek,sm_only,train,20160101,20251230,OK,"INFO_s1_desc_missing_years(2016)|INFO_sif_missing_years(2016,2017)|INFO_twsa_missing_years(2025)",True,True,True,True,True,True,True,True,True,True,True,False,635,635,0,100.0,,,2016,,,,,,"2016,2017",2025,True,635,0,0,394.0,0.0,0.0,495.0,0.0,0.0,True,True,False,False,0.0,False,False,False,False,,10.0,,False
ISMN_SNOTEL_EbbettsPass,sm_only,train,20160101,20220815,OK,"INFO_sif_missing_years(2016,2017)|INFO_soil_nan_pct(2.1%)",True,True,True,True,True,True,True,True,True,True,True,False,255,255,0,100.0,,,,,,,,,"2016,2017",,True,255,0,0,505.0,0.0,0.0,470.0,0.0,0.0,True,True,False,False,0.0208,False,False,False,False,,7.0,,False
ISMN_SNOTEL_EchoPeak,sm_only,oos,20180808,20251230,OK,INFO_twsa_missing_years(2025)|INFO_soil_nan_pct(6.7%),True,True,True,True,True,True,True,True,True,True,True,False,743,743,0,100.0,,,,,,,,,,2025,True,743,0,0,337.0,0.0,0.0,614.0,0.0,0.0,True,True,False,False,0.067,False,False,False,False,,8.0,,False
ISMN_SNOTEL_ElkCabin,sm_only,oos,20160101,20201210,OK,"INFO_s1_desc_missing_years(2016)|INFO_sif_missing_years(2016,2017)",True,True,True,True,True,True,True,True,True,True,True,False,288,288,0,100.0,,,2016,,,,,,"2016,2017",,True,288,0,0,91.0,0.0,0.0,187.0,0.0,0.0,True,True,False,False,0.0,False,False,False,False,,5.0,,False
ISMN_SNOTEL_ExitGlacier,sm_only,train,20160101,20251230,OK,"INFO_s1_asc_missing_years(2022,2023,2024)|INFO_s1_desc_missing_years(2016)|INFO_sif_missing_years(2016,2017)|INFO_twsa_missing_years(2025)|INFO_soil_nan_pct(4.7%)",True,True,True,True,True,True,True,True,True,True,True,False,449,449,0,100.0,,"2022,2023,2024",2016,,,,,,"2016,2017",2025,True,449,0,0,141.0,0.0,0.0,414.0,0.0,0.0,True,True,False,False,0.0469,False,False,False,False,,10.0,,False
ISMN_SNOTEL_FallenLeaf,sm_only,oos,20210615,20251230,OK,INFO_twsa_missing_years(2025)|INFO_soil_nan_pct(12.4%),True,True,True,True,True,True,True,True,True,True,True,False,455,455,0,100.0,,,,,,,,,,2025,True,455,0,0,171.0,0.0,0.0,335.0,0.0,0.0,True,True,False,False,0.1238,False,False,False,False,,5.0,,False
ISMN_SNOTEL_Farmington,sm_only,oos,20160101,20251230,OK,"INFO_s1_asc_missing_years(2022,2023,2024)|INFO_s1_desc_missing_years(2016)|INFO_sif_missing_years(2016,2017)|INFO_twsa_missing_years(2025)",True,True,True,True,True,True,True,True,True,True,True,False,633,633,0,100.0,,"2022,2023,2024",2016,,,,,,"2016,2017",2025,True,633,0,0,298.0,0.0,0.0,257.0,0.0,0.0,True,True,False,False,0.0,False,False,False,False,,10.0,,False
ISMN_SNOTEL_FarmingtonLower,sm_only,oos,20160101,20251022,OK,"INFO_s1_asc_missing_years(2022,2023,2024)|INFO_s1_desc_missing_years(2016)|INFO_sif_missing_years(2016,2017)|INFO_twsa_missing_years(2025)",True,True,True,True,True,True,True,True,True,True,True,False,657,657,0,100.0,,"2022,2023,2024",2016,,,,,,"2016,2017",2025,True,657,0,0,287.0,0.0,0.0,251.0,0.0,0.0,True,True,False,False,0.0,False,False,False,False,,10.0,,False
ISMN_SNOTEL_FarnsworthLake,sm_only,train,20160101,20251230,OK,"INFO_s1_asc_missing_years(2022,2023,2024)|INFO_s1_desc_missing_years(2016)|INFO_sif_missing_years(2016,2017)|INFO_twsa_missing_years(2025)|INFO_soil_nan_pct(0.1%)",True,True,True,True,True,True,True,True,True,True,True,False,318,318,0,100.0,,"2022,2023,2024",2016,,,,,,"2016,2017",2025,True,318,0,0,297.0,0.0,0.0,493.0,0.0,0.0,True,True,False,False,0.0013,False,False,False,False,,10.0,,False
ISMN_SNOTEL_FawnCreek,sm_only,train,20160101,20251230,OK,"INFO_s1_desc_missing_years(2016)|INFO_sif_missing_years(2016,2017)|INFO_twsa_missing_years(2025)",True,True,True,True,True,True,True,True,True,True,True,False,318,318,0,100.0,,,2016,,,,,,"2016,2017",2025,True,318,0,0,443.0,0.0,0.0,326.0,0.0,0.0,True,True,False,False,0.0,False,False,False,False,,10.0,,False
ISMN_SNOTEL_FieldingLake,sm_only,train,20190830,20251230,OK,INFO_twsa_missing_years(2025)|INFO_soil_nan_pct(6.3%),True,True,True,True,True,True,True,True,True,True,True,False,224,224,0,100.0,,,,,,,,,,2025,True,224,0,0,170.0,0.0,0.0,152.0,0.0,0.0,True,True,False,False,0.0632,False,False,False,False,,7.0,,False
ISMN_SNOTEL_Fifteenmile,sm_only,train,20221006,20251230,OK,INFO_twsa_missing_years(2025)|INFO_soil_nan_pct(0.0%),True,True,True,True,True,True,True,True,True,True,True,False,101,101,0,100.0,,,,,,,,,,2025,True,101,0,0,208.0,0.0,0.0,88.0,0.0,0.0,True,True,False,False,0.0004,False,False,False,False,,4.0,,False
ISMN_SNOTEL_FishLakeUtah,sm_only,train,20160101,20251230,OK,"INFO_s1_asc_missing_years(2022,2023,2024)|INFO_s1_desc_missing_years(2016)|INFO_sif_missing_years(2016,2017)|INFO_twsa_missing_years(2025)|INFO_soil_nan_pct(0.0%)",True,True,True,True,True,True,True,True,True,True,True,False,356,356,0,100.0,,"2022,2023,2024",2016,,,,,,"2016,2017",2025,True,356,0,0,156.0,0.0,0.0,493.0,0.0,0.0,True,True,False,False,0.0002,False,False,False,False,,10.0,,False
ISMN_SNOTEL_FivePointsLake,sm_only,train,20160101,20220618,OK,"INFO_s1_asc_missing_years(2022)|INFO_s1_desc_missing_years(2016)|INFO_sif_missing_years(2016,2017)|INFO_soil_nan_pct(5.4%)",True,True,True,True,True,True,True,True,True,True,True,False,176,176,0,100.0,,2022,2016,,,,,,"2016,2017",,True,176,0,0,119.0,0.0,0.0,134.0,0.0,0.0,True,True,False,False,0.0539,False,False,False,False,,7.0,,False
ISMN_SNOTEL_ForestdaleCreek,sm_only,oos,20160101,20251230,OK,"INFO_s2_missing_years(2016,2017,2018,2019,2020)|INFO_cm_missing_years(2016,2017,2018,2019,2020)|INFO_sif_missing_years(2016,2017)|INFO_twsa_missing_years(2025)|INFO_soil_nan_pct(0.1%)",True,True,True,True,True,True,True,True,True,True,True,False,455,455,0,100.0,"2016,2017,2018,2019,2020",,,"2016,2017,2018,2019,2020",,,,,"2016,2017",2025,True,455,0,0,384.0,0.0,0.0,703.0,0.0,0.0,True,True,False,False,0.0011,False,False,False,False,,10.0,,False
ISMN_SNOTEL_FranklinBasin,sm_only,oos,20160101,20251230,OK,"INFO_s2_missing_years(2016,2017,2018,2019)|INFO_s1_asc_missing_years(2022,2023,2024)|INFO_s1_desc_missing_years(2016)|INFO_cm_missing_years(2016,2017,2018,2019)|INFO_sif_missing_years(2016,2017)|INFO_twsa_missing_years(2025)",True,True,True,True,True,True,True,True,True,True,True,False,354,354,0,100.0,"2016,2017,2018,2019","2022,2023,2024",2016,"2016,2017,2018,2019",,,,,"2016,2017",2025,True,354,0,0,295.0,0.0,0.0,258.0,0.0,0.0,True,True,False,False,0.0,False,False,False,False,,10.0,,False
ISMN_SNOTEL_FredonyerPeak,sm_only,val,20161118,20251230,OK,"INFO_s2_missing_years(2016,2017,2018,2019)|INFO_s1_desc_missing_years(2016)|INFO_cm_missing_years(2016,2017,2018,2019)|INFO_sif_missing_years(2016,2017)|INFO_twsa_missing_years(2025)",True,True,True,True,True,True,True,True,True,True,True,False,255,255,0,100.0,"2016,2017,2018,2019",,2016,"2016,2017,2018,2019",,,,,"2016,2017",2025,True,255,0,0,378.0,0.0,0.0,258.0,0.0,0.0,True,True,False,False,0.0,False,False,False,False,,10.0,,False
ISMN_SNOTEL_FremontPass,sm_only,train,20160101,20250606,OK,"INFO_s2_missing_years(2016,2017,2018)|INFO_s1_desc_missing_years(2016)|INFO_cm_missing_years(2016,2017,2018)|INFO_sif_missing_years(2016,2017)|INFO_twsa_missing_years(2025)|INFO_soil_nan_pct(5.0%)",True,True,True,True,True,True,True,True,True,True,True,False,217,217,0,100.0,"2016,2017,2018",,2016,"2016,2017,2018",,,,,"2016,2017",2025,True,217,0,0,209.0,0.0,0.0,246.0,0.0,0.0,True,True,False,False,0.0499,False,False,False,False,,10.0,,False
ISMN_SNOTEL_FryCanyon,sm_only,train,20160101,20251230,OK,"INFO_s2_missing_years(2016,2017,2018,2019)|INFO_s1_asc_missing_years(2022,2023,2024)|INFO_s1_desc_missing_years(2016)|INFO_cm_missing_years(2016,2017,2018,2019)|INFO_sif_missing_years(2016,2017)|INFO_twsa_missing_years(2025)",True,True,True,True,True,True,True,True,True,True,True,False,235,235,0,100.0,"2016,2017,2018,2019","2022,2023,2024",2016,"2016,2017,2018,2019",,,,,"2016,2017",2025,True,235,0,0,266.0,0.0,0.0,273.0,0.0,0.0,True,True,False,False,0.0,False,False,False,False,,10.0,,False
ISMN_SNOTEL_GBRCHQ,sm_only,train,20160101,20251230,OK,"INFO_s2_missing_years(2016,2017,2018,2019,2020,2021)|INFO_s1_asc_missing_years(2022,2023,2024)|INFO_s1_desc_missing_years(2016)|INFO_cm_missing_years(2016,2017,2018,2019,2020,2021)|INFO_sif_missing_years(2016,2017)|INFO_twsa_missing_years(2025)",True,True,True,True,True,True,True,True,True,True,True,False,137,137,0,100.0,"2016,2017,2018,2019,2020,2021","2022,2023,2024",2016,"2016,2017,2018,2019,2020,2021",,,,,"2016,2017",2025,True,137,0,0,297.0,0.0,0.0,493.0,0.0,0.0,True,True,False,False,0.0,False,False,False,False,,10.0,,False
ISMN_SNOTEL_GBRCMeadows,sm_only,train,20160101,20251230,OK,"INFO_s1_asc_missing_years(2022,2023,2024)|INFO_s1_desc_missing_years(2016)|INFO_sif_missing_years(2016,2017)|INFO_twsa_missing_years(2025)|INFO_soil_nan_pct(0.2%)",True,True,True,True,True,True,True,True,True,True,True,False,333,333,0,100.0,,"2022,2023,2024",2016,,,,,,"2016,2017",2025,True,333,0,0,297.0,0.0,0.0,493.0,0.0,0.0,True,True,False,False,0.0016,False,False,False,False,,10.0,,False
ISMN_SNOTEL_GalenaAK,sm_only,train,20180817,20251230,OK,"INFO_s1_asc_missing_years(2022,2023,2024)|INFO_twsa_missing_years(2025)|INFO_soil_nan_pct(0.8%)",True,True,True,True,True,True,True,True,True,True,True,False,253,253,0,100.0,,"2022,2023,2024",,,,,,,,2025,True,253,0,0,177.0,0.0,0.0,402.0,0.0,0.0,True,True,False,False,0.0075,False,False,False,False,,8.0,,False
ISMN_SNOTEL_GalenaSummit,sm_only,train,20160101,20251230,OK,"INFO_s1_desc_missing_years(2016)|INFO_sif_missing_years(2016,2017)|INFO_twsa_missing_years(2025)|INFO_soil_nan_pct(0.1%)",True,True,True,True,True,True,True,True,True,True,True,False,334,334,0,100.0,,,2016,,,,,,"2016,2017",2025,True,334,0,0,427.0,0.0,0.0,417.0,0.0,0.0,True,True,False,False,0.0009,False,False,False,False,,10.0,,False
ISMN_SNOTEL_GallegosPeak,sm_only,train,20171221,20230506,OK,INFO_sif_missing_years(2017),True,True,True,True,True,True,True,True,True,True,True,False,432,432,0,100.0,,,,,,,,,2017,,True,432,0,0,118.0,0.0,0.0,156.0,0.0,0.0,True,True,False,False,0.0,False,False,False,False,,7.0,,False
ISMN_SNOTEL_GardenCitySummit,sm_only,train,20160101,20251230,OK,"INFO_s1_asc_missing_years(2022,2023,2024)|INFO_s1_desc_missing_years(2016)|INFO_sif_missing_years(2016,2017)|INFO_twsa_missing_years(2025)",True,True,True,True,True,True,True,True,True,True,True,False,626,626,0,100.0,,"2022,2023,2024",2016,,,,,,"2016,2017",2025,True,626,0,0,139.0,0.0,0.0,258.0,0.0,0.0,True,True,False,False,0.0,False,False,False,False,,10.0,,False
ISMN_SNOTEL_GardnerPeak,sm_only,train,20160101,20251230,OK,"INFO_s1_asc_missing_years(2022,2023,2024)|INFO_s1_desc_missing_years(2016)|INFO_sif_missing_years(2016,2017)|INFO_twsa_missing_years(2025)",True,True,True,True,True,True,True,True,True,True,True,False,717,717,0,100.0,,"2022,2023,2024",2016,,,,,,"2016,2017",2025,True,717,0,0,100.0,0.0,0.0,257.0,0.0,0.0,True,True,False,False,0.0,False,False,False,False,,10.0,,False
ISMN_SNOTEL_GaritaPeak,sm_only,train,20170405,20251230,OK,INFO_sif_missing_years(2017)|INFO_twsa_missing_years(2025),True,True,True,True,True,True,True,True,True,True,True,False,324,324,0,100.0,,,,,,,,,2017,2025,True,324,0,0,374.0,0.0,0.0,257.0,0.0,0.0,True,True,False,False,0.0,False,False,False,False,,9.0,,False
ISMN_SNOTEL_GeorgeCreek,sm_only,train,20160101,20220725,OK,"INFO_s1_asc_missing_years(2022)|INFO_s1_desc_missing_years(2016)|INFO_sif_missing_years(2016,2017)",True,True,True,True,True,True,True,True,True,True,True,False,147,147,0,100.0,,2022,2016,,,,,,"2016,2017",,True,147,0,0,134.0,0.0,0.0,188.0,0.0,0.0,True,True,False,False,0.0,False,False,False,False,,7.0,,False
ISMN_SNOTEL_Giveout,sm_only,train,20160101,20180622,OK,"INFO_s1_desc_missing_years(2016)|INFO_sif_missing_years(2016,2017)",True,True,True,True,True,True,True,True,True,True,True,False,69,69,0,100.0,,,2016,,,,,,"2016,2017",,True,69,0,0,40.0,0.0,0.0,41.0,0.0,0.0,True,True,False,False,0.0,False,False,False,False,,3.0,,False
ISMN_SNOTEL_GobblersKnob,sm_only,train,20160101,20220531,OK,"INFO_s1_asc_missing_years(2022)|INFO_s1_desc_missing_years(2016)|INFO_sif_missing_years(2016,2017)|INFO_soil_nan_pct(0.1%)",True,True,True,True,True,True,True,True,True,True,True,False,297,297,0,100.0,,2022,2016,,,,,,"2016,2017",,True,297,0,0,234.0,0.0,0.0,270.0,0.0,0.0,True,True,False,False,0.0013,False,False,False,False,,7.0,,False
ISMN_SNOTEL_Golconda,sm_only,train,20160101,20251022,OK,"INFO_s1_desc_missing_years(2016)|INFO_sif_missing_years(2016,2017)|INFO_twsa_missing_years(2025)",True,True,True,True,True,True,True,True,True,True,True,False,379,379,0,100.0,,,2016,,,,,,"2016,2017",2025,True,379,0,0,498.0,0.0,0.0,523.0,0.0,0.0,True,True,False,False,0.0,False,False,False,False,,10.0,,False
ISMN_SNOTEL_GoldAxeCamp,sm_only,train,20210629,20251022,OK,"INFO_s1_asc_missing_years(2022,2023,2024)|INFO_twsa_missing_years(2025)",True,True,True,True,True,True,True,True,True,True,True,False,217,217,0,100.0,,"2022,2023,2024",,,,,,,,2025,True,217,0,0,32.0,0.0,0.0,223.0,0.0,0.0,True,True,False,False,0.0,False,False,False,False,,5.0,,False
ISMN_SNOTEL_GoldBasin,sm_only,train,20210924,20251230,OK,INFO_twsa_missing_years(2025)|INFO_soil_nan_pct(0.1%),True,True,True,True,True,True,True,True,True,True,True,False,161,161,0,100.0,,,,,,,,,,2025,True,161,0,0,144.0,0.0,0.0,244.0,0.0,0.0,True,True,False,False,0.0005,False,False,False,False,,5.0,,False
ISMN_SNOTEL_GooseberryRS,sm_only,train,20160101,20251230,OK,"INFO_s1_asc_missing_years(2022,2023,2024)|INFO_s1_desc_missing_years(2016)|INFO_sif_missing_years(2016,2017)|INFO_twsa_missing_years(2025)",True,True,True,True,True,True,True,True,True,True,True,False,328,328,0,100.0,,"2022,2023,2024",2016,,,,,,"2016,2017",2025,True,328,0,0,297.0,0.0,0.0,493.0,0.0,0.0,True,True,False,False,0.0,False,False,False,False,,10.0,,False
ISMN_SNOTEL_GooseberryRSUp,sm_only,train,20160101,20251230,OK,"INFO_s1_asc_missing_years(2022,2023,2024)|INFO_s1_desc_missing_years(2016)|INFO_sif_missing_years(2016,2017)|INFO_twsa_missing_years(2025)",True,True,True,True,True,True,True,True,True,True,True,False,322,322,0,100.0,,"2022,2023,2024",2016,,,,,,"2016,2017",2025,True,322,0,0,297.0,0.0,0.0,493.0,0.0,0.0,True,True,False,False,0.0,False,False,False,False,,10.0,,False
ISMN_SNOTEL_GrandTarghee,sm_only,train,20160101,20251219,OK,"INFO_s1_asc_missing_years(2022,2023,2024)|INFO_s1_desc_missing_years(2016)|INFO_sif_missing_years(2016,2017)|INFO_twsa_missing_years(2025)|INFO_soil_nan_pct(0.0%)",True,True,True,True,True,True,True,True,True,True,True,False,525,525,0,100.0,,"2022,2023,2024",2016,,,,,,"2016,2017",2025,True,525,0,0,160.0,0.0,0.0,492.0,0.0,0.0,True,True,False,False,0.0004,False,False,False,False,,10.0,,False
ISMN_SNOTEL_GraniteCreek,sm_only,train,20160101,20251230,OK,"INFO_s1_asc_missing_years(2022,2023,2024)|INFO_s1_desc_missing_years(2016)|INFO_sif_missing_years(2016,2017)|INFO_twsa_missing_years(2025)",True,True,True,True,True,True,True,True,True,True,True,False,298,298,0,100.0,,"2022,2023,2024",2016,,,,,,"2016,2017",2025,True,298,0,0,298.0,0.0,0.0,494.0,0.0,0.0,True,True,False,False,0.0,False,False,False,False,,10.0,,False
ISMN_SNOTEL_GraniteCrk,sm_only,train,20160101,20200505,OK,"INFO_s1_desc_missing_years(2016)|INFO_sif_missing_years(2016,2017)|INFO_soil_nan_pct(3.9%)",True,True,True,True,True,True,True,True,True,True,True,False,125,125,0,100.0,,,2016,,,,,,"2016,2017",,True,125,0,0,94.0,0.0,0.0,74.0,0.0,0.0,True,True,False,False,0.0394,False,False,False,False,,5.0,,False
ISMN_SNOTEL_GranitePeak,sm_only,oos,20160101,20251230,OK,"INFO_s1_asc_missing_years(2022,2023,2024)|INFO_s1_desc_missing_years(2016)|INFO_sif_missing_years(2016,2017)|INFO_twsa_missing_years(2025)|INFO_soil_nan_pct(0.2%)",True,True,True,True,True,True,True,True,True,True,True,False,335,335,0,100.0,,"2022,2023,2024",2016,,,,,,"2016,2017",2025,True,335,0,0,170.0,0.0,0.0,533.0,0.0,0.0,True,True,False,False,0.0024,False,False,False,False,,10.0,,False
ISMN_SNOTEL_GreenMountain,sm_only,train,20160101,20251230,OK,"INFO_s1_asc_missing_years(2022,2023,2024)|INFO_s1_desc_missing_years(2016)|INFO_sif_missing_years(2016,2017)|INFO_twsa_missing_years(2025)",True,True,True,True,True,True,True,True,True,True,True,False,344,344,0,100.0,,"2022,2023,2024",2016,,,,,,"2016,2017",2025,True,344,0,0,268.0,0.0,0.0,464.0,0.0,0.0,True,True,False,False,0.0,False,False,False,False,,10.0,,False
ISMN_SNOTEL_GrizzlyPeak,sm_only,oos,20160101,20210707,OK,"INFO_s1_desc_missing_years(2016)|INFO_sif_missing_years(2016,2017)|INFO_soil_nan_pct(3.3%)",True,True,True,True,True,True,True,True,True,True,True,False,141,141,0,100.0,,,2016,,,,,,"2016,2017",,True,141,0,0,111.0,0.0,0.0,134.0,0.0,0.0,True,True,False,False,0.0329,False,False,False,False,,6.0,,False
ISMN_SNOTEL_GulkanaRiver,sm_only,train,20190412,20251230,OK,INFO_twsa_missing_years(2025)|INFO_soil_nan_pct(0.2%),True,True,True,True,True,True,True,True,True,True,True,False,374,374,0,100.0,,,,,,,,,,2025,True,374,0,0,178.0,0.0,0.0,156.0,0.0,0.0,True,True,False,False,0.0018,False,False,False,False,,7.0,,False
ISMN_SNOTEL_GutzPeak,sm_only,train,20170523,20251230,OK,"INFO_s1_asc_missing_years(2017,2022,2023,2024)|INFO_sif_missing_years(2017)|INFO_twsa_missing_years(2025)",True,True,True,True,True,True,True,True,True,True,True,False,371,371,0,100.0,,"2017,2022,2023,2024",,,,,,,2017,2025,True,371,0,0,90.0,0.0,0.0,588.0,0.0,0.0,True,True,False,False,0.0,False,False,False,False,,9.0,,False
ISMN_SNOTEL_HagansMeadow,sm_only,train,20160101,20240101,OK,"INFO_s1_asc_missing_years(2024)|INFO_s1_desc_missing_years(2024)|INFO_sif_missing_years(2016,2017)",True,True,True,True,True,True,True,True,True,True,True,False,572,572,0,100.0,,2024,2024,,,,,,"2016,2017",,True,572,0,0,578.0,0.0,0.0,547.0,0.0,0.0,True,True,False,False,0.0,False,False,False,False,,9.0,,False
ISMN_SNOTEL_HappyJack,sm_only,oos,20160630,20230501,OK,"INFO_s1_asc_missing_years(2022,2023)|INFO_s1_desc_missing_years(2016)|INFO_sif_missing_years(2016,2017)",True,True,True,True,True,True,True,True,True,True,True,False,514,514,0,100.0,,"2022,2023",2016,,,,,,"2016,2017",,True,514,0,0,132.0,0.0,0.0,160.0,0.0,0.0,True,True,False,False,0.0,False,False,False,False,,8.0,,False
ISMN_SNOTEL_Hardscrabble,sm_only,train,20160101,20240606,OK,"INFO_s1_asc_missing_years(2022,2023,2024)|INFO_s1_desc_missing_years(2016)|INFO_sif_missing_years(2016,2017)",True,True,True,True,True,True,True,True,True,True,True,False,514,514,0,100.0,,"2022,2023,2024",2016,,,,,,"2016,2017",,True,514,0,0,254.0,0.0,0.0,212.0,0.0,0.0,True,True,False,False,0.0,False,False,False,False,,9.0,,False
ISMN_SNOTEL_HarrisFlat,sm_only,train,20170409,20251230,OK,"INFO_s1_asc_missing_years(2022,2023,2024)|INFO_sif_missing_years(2017)|INFO_twsa_missing_years(2025)|INFO_soil_nan_pct(0.7%)",True,True,True,True,True,True,True,True,True,True,True,False,381,381,0,100.0,,"2022,2023,2024",,,,,,,2017,2025,True,381,0,0,145.0,0.0,0.0,253.0,0.0,0.0,True,True,False,False,0.0066,False,False,False,False,,9.0,,False
ISMN_SNOTEL_HawleyLake,sm_only,train,20160101,20230503,OK,"INFO_s1_asc_missing_years(2022,2023)|INFO_s1_desc_missing_years(2016)|INFO_sif_missing_years(2016,2017)|INFO_soil_nan_pct(0.0%)",True,True,True,True,True,True,True,True,True,True,True,False,242,242,0,100.0,,"2022,2023",2016,,,,,,"2016,2017",,True,242,0,0,119.0,0.0,0.0,184.0,0.0,0.0,True,True,False,False,0.0004,False,False,False,False,,8.0,,False
ISMN_SNOTEL_HaydenFork,sm_only,train,20160101,20251230,OK,"INFO_s1_asc_missing_years(2022,2023,2024)|INFO_s1_desc_missing_years(2016)|INFO_sif_missing_years(2016,2017)|INFO_twsa_missing_years(2025)|INFO_soil_nan_pct(0.1%)",True,True,True,True,True,True,True,True,True,True,True,False,276,276,0,100.0,,"2022,2023,2024",2016,,,,,,"2016,2017",2025,True,276,0,0,141.0,0.0,0.0,491.0,0.0,0.0,True,True,False,False,0.0007,False,False,False,False,,10.0,,False
ISMN_SNOTEL_HeavenlyValley,sm_only,train,20160101,20250608,OK,"INFO_s2_missing_years(2016,2017,2018,2019)|INFO_cm_missing_years(2016,2017,2018,2019)|INFO_sif_missing_years(2016,2017)|INFO_twsa_missing_years(2025)",True,True,True,True,True,True,True,True,True,True,True,False,514,514,0,100.0,"2016,2017,2018,2019",,,"2016,2017,2018,2019",,,,,"2016,2017",2025,True,514,0,0,667.0,0.0,0.0,638.0,0.0,0.0,True,True,False,False,0.0,False,False,False,False,,10.0,,False
ISMN_SNOTEL_Hewinta,sm_only,train,20160101,20251021,OK,"INFO_s1_asc_missing_years(2022,2023,2024)|INFO_s1_desc_missing_years(2016)|INFO_sif_missing_years(2016,2017)|INFO_twsa_missing_years(2025)",True,True,True,True,True,True,True,True,True,True,True,False,257,257,0,100.0,,"2022,2023,2024",2016,,,,,,"2016,2017",2025,True,257,0,0,136.0,0.0,0.0,228.0,0.0,0.0,True,True,False,False,0.0,False,False,False,False,,10.0,,False
ISMN_SNOTEL_HickersonPark,sm_only,train,20160101,20200930,OK,"INFO_s1_desc_missing_years(2016)|INFO_sif_missing_years(2016,2017)",True,True,True,True,True,True,True,True,True,True,True,False,222,222,0,100.0,,,2016,,,,,,"2016,2017",,True,222,0,0,191.0,0.0,0.0,84.0,0.0,0.0,True,True,False,False,0.0,False,False,False,False,,5.0,,False
ISMN_SNOTEL_HighLonesome,sm_only,train,20180912,20251230,OK,"INFO_s2_missing_years(2018,2019,2020,2021)|INFO_cm_missing_years(2018,2019,2020,2021)|INFO_twsa_missing_years(2025)",True,True,True,True,True,True,True,True,True,True,True,False,120,120,0,100.0,"2018,2019,2020,2021",,,"2018,2019,2020,2021",,,,,,2025,True,120,0,0,378.0,0.0,0.0,214.0,0.0,0.0,True,True,False,False,0.0,False,False,False,False,,8.0,,False
ISMN_SNOTEL_HighRidge,sm_only,oos,20221006,20251230,OK,"INFO_s2_missing_years(2022,2023)|INFO_s1_asc_missing_years(2022,2023,2024)|INFO_cm_missing_years(2022,2023)|INFO_twsa_missing_years(2025)",True,True,True,True,True,True,True,True,True,True,True,False,89,89,0,100.0,"2022,2023","2022,2023,2024",,"2022,2023",,,,,,2025,True,89,0,0,21.0,0.0,0.0,88.0,0.0,0.0,True,True,False,False,0.0,False,False,False,False,,4.0,,False
ISMN_SNOTEL_HiltsCreek,sm_only,oos,20160101,20190811,OK,"INFO_s1_desc_missing_years(2016,2018,2019)|INFO_sif_missing_years(2016,2017)|INFO_soil_nan_pct(0.1%)",True,True,True,True,True,True,True,True,True,True,True,False,164,164,0,100.0,,,"2016,2018,2019",,,,,,"2016,2017",,True,164,0,0,60.0,0.0,0.0,6.0,0.0,0.0,True,True,False,False,0.0013,False,False,False,False,,4.0,,False
ISMN_SNOTEL_HobbleCreek,sm_only,train,20160101,20221230,OK,"INFO_s1_asc_missing_years(2022)|INFO_s1_desc_missing_years(2016)|INFO_sif_missing_years(2016,2017)",True,True,True,True,True,True,True,True,True,True,True,False,214,214,0,100.0,,2022,2016,,,,,,"2016,2017",,True,214,0,0,253.0,0.0,0.0,324.0,0.0,0.0,True,True,False,False,0.0,False,False,False,False,,7.0,,False
ISMN_SNOTEL_Hole-in-Mountain,sm_only,train,20161020,20251230,OK,"INFO_s1_asc_missing_years(2022,2023,2024)|INFO_s1_desc_missing_years(2016)|INFO_sif_missing_years(2016,2017)|INFO_twsa_missing_years(2025)",True,True,True,True,True,True,True,True,True,True,True,False,361,361,0,100.0,,"2022,2023,2024",2016,,,,,,"2016,2017",2025,True,361,0,0,94.0,0.0,0.0,464.0,0.0,0.0,True,True,False,False,0.0,False,False,False,False,,10.0,,False
ISMN_SNOTEL_Hole-in-Rock,sm_only,oos,20160101,20220720,OK,"INFO_s1_asc_missing_years(2022)|INFO_s1_desc_missing_years(2016)|INFO_sif_missing_years(2016,2017)|INFO_soil_nan_pct(0.3%)",True,True,True,True,True,True,True,True,True,True,True,False,177,177,0,100.0,,2022,2016,,,,,,"2016,2017",,True,177,0,0,130.0,0.0,0.0,136.0,0.0,0.0,True,True,False,False,0.0026,False,False,False,False,,7.0,,False
ISMN_SNOTEL_HollandMeadows,sm_only,oos,20221105,20251230,OK,INFO_twsa_missing_years(2025),True,True,True,True,True,True,True,True,True,True,True,False,95,95,0,100.0,,,,,,,,,,2025,True,95,0,0,222.0,0.0,0.0,177.0,0.0,0.0,True,True,False,False,0.0,False,False,False,False,,4.0,,False
ISMN_SNOTEL_HoosierPass,sm_only,train,20160101,20230216,OK,"INFO_s1_desc_missing_years(2016)|INFO_sif_missing_years(2016,2017)|INFO_soil_nan_pct(0.4%)",True,True,True,True,True,True,True,True,True,True,True,False,226,226,0,100.0,,,2016,,,,,,"2016,2017",,True,226,0,0,140.0,0.0,0.0,180.0,0.0,0.0,True,True,False,False,0.0035,False,False,False,False,,8.0,,False
ISMN_SNOTEL_Hopewell,sm_only,oos,20160101,20251230,OK,"INFO_s1_desc_missing_years(2016)|INFO_sif_missing_years(2016,2017)|INFO_twsa_missing_years(2025)",True,True,True,True,True,True,True,True,True,True,True,False,361,361,0,100.0,,,2016,,,,,,"2016,2017",2025,True,361,0,0,226.0,0.0,0.0,516.0,0.0,0.0,True,True,False,False,0.0,False,False,False,False,,10.0,,False
ISMN_SNOTEL_HorseMeadow,sm_only,train,20160101,20251230,OK,"INFO_sif_missing_years(2016,2017)|INFO_twsa_missing_years(2025)",True,True,True,True,True,True,True,True,True,True,True,False,812,812,0,100.0,,,,,,,,,"2016,2017",2025,True,812,0,0,733.0,0.0,0.0,702.0,0.0,0.0,True,True,False,False,0.0,False,False,False,False,,10.0,,False
ISMN_SNOTEL_HorseRidge,sm_only,val,20160101,20251230,OK,"INFO_s1_asc_missing_years(2022,2023,2024)|INFO_s1_desc_missing_years(2016)|INFO_sif_missing_years(2016,2017)|INFO_twsa_missing_years(2025)",True,True,True,True,True,True,True,True,True,True,True,False,486,486,0,100.0,,"2022,2023,2024",2016,,,,,,"2016,2017",2025,True,486,0,0,300.0,0.0,0.0,491.0,0.0,0.0,True,True,False,False,0.0,False,False,False,False,,10.0,,False
ISMN_SNOTEL_HuntingtonHorse,sm_only,train,20160101,20251230,OK,"INFO_s1_asc_missing_years(2022,2023,2024)|INFO_s1_desc_missing_years(2016)|INFO_sif_missing_years(2016,2017)|INFO_twsa_missing_years(2025)",True,True,True,True,True,True,True,True,True,True,True,False,338,338,0,100.0,,"2022,2023,2024",2016,,,,,,"2016,2017",2025,True,338,0,0,298.0,0.0,0.0,493.0,0.0,0.0,True,True,False,False,0.0,False,False,False,False,,10.0,,False
ISMN_SNOTEL_ImnaviatCreek,sm_only,val,20160101,20230829,OK,"INFO_s1_desc_missing_years(2016)|INFO_sif_missing_years(2016,2017)|INFO_soil_nan_pct(2.6%)",True,True,True,True,True,True,True,True,True,True,True,False,252,252,0,100.0,,,2016,,,,,,"2016,2017",,True,252,0,0,153.0,0.0,0.0,360.0,0.0,0.0,True,True,False,False,0.0256,False,False,False,False,,8.0,,False
ISMN_SNOTEL_IndependenceCamp,sm_only,train,20160101,20251230,OK,"INFO_s1_desc_missing_years(2016)|INFO_sif_missing_years(2016,2017)|INFO_twsa_missing_years(2025)|INFO_soil_nan_pct(20.2%)",True,True,True,True,True,True,True,True,True,True,True,False,829,829,0,100.0,,,2016,,,,,,"2016,2017",2025,True,829,0,0,382.0,0.0,0.0,348.0,0.0,0.0,True,True,False,False,0.2018,False,False,False,False,,10.0,,False
ISMN_SNOTEL_IndependenceCreek,sm_only,train,20160101,20251230,OK,"INFO_s1_desc_missing_years(2016)|INFO_sif_missing_years(2016,2017)|INFO_twsa_missing_years(2025)",True,True,True,True,True,True,True,True,True,True,True,False,808,808,0,100.0,,,2016,,,,,,"2016,2017",2025,True,808,0,0,382.0,0.0,0.0,348.0,0.0,0.0,True,True,False,False,0.0,False,False,False,False,,10.0,,False
ISMN_SNOTEL_IndependenceLake,sm_only,train,20160101,20251230,OK,"INFO_s1_desc_missing_years(2016)|INFO_sif_missing_years(2016,2017)|INFO_twsa_missing_years(2025)|INFO_soil_nan_pct(9.4%)",True,True,True,True,True,True,True,True,True,True,True,False,795,795,0,100.0,,,2016,,,,,,"2016,2017",2025,True,795,0,0,382.0,0.0,0.0,348.0,0.0,0.0,True,True,False,False,0.0942,False,False,False,False,,10.0,,False
ISMN_SNOTEL_IslandPark,sm_only,train,20160730,20241115,OK,"INFO_s1_asc_missing_years(2022,2023,2024)|INFO_s1_desc_missing_years(2016)|INFO_sif_missing_years(2016,2017)|INFO_soil_nan_pct(15.2%)",True,True,True,True,True,True,True,True,True,True,True,False,463,463,0,100.0,,"2022,2023,2024",2016,,,,,,"2016,2017",,True,463,0,0,115.0,0.0,0.0,226.0,0.0,0.0,True,True,False,False,0.1525,False,False,False,False,,9.0,,False
ISMN_SNOTEL_JackCreekUpper,sm_only,train,20160101,20251230,OK,"INFO_s1_asc_missing_years(2022,2023,2024)|INFO_s1_desc_missing_years(2016)|INFO_sif_missing_years(2016,2017)|INFO_twsa_missing_years(2025)|INFO_soil_nan_pct(0.0%)",True,True,True,True,True,True,True,True,True,True,True,False,319,319,0,100.0,,"2022,2023,2024",2016,,,,,,"2016,2017",2025,True,319,0,0,266.0,0.0,0.0,273.0,0.0,0.0,True,True,False,False,0.0004,False,False,False,False,,10.0,,False
ISMN_SNOTEL_JackWadeJct,sm_only,train,20170816,20230512,OK,INFO_sif_missing_years(2017)|INFO_soil_nan_pct(0.5%),True,True,True,True,True,True,True,True,True,True,True,False,253,253,0,100.0,,,,,,,,,2017,,True,253,0,0,223.0,0.0,0.0,341.0,0.0,0.0,True,True,False,False,0.0055,False,False,False,False,,7.0,,False
ISMN_SNOTEL_JacksPeak,sm_only,val,20160101,20230912,OK,"INFO_s1_asc_missing_years(2022,2023)|INFO_s1_desc_missing_years(2016)|INFO_sif_missing_years(2016,2017)|INFO_soil_nan_pct(3.5%)",True,True,True,True,True,True,True,True,True,True,True,False,182,182,0,100.0,,"2022,2023",2016,,,,,,"2016,2017",,True,182,0,0,226.0,0.0,0.0,208.0,0.0,0.0,True,True,False,False,0.0345,False,False,False,False,,8.0,,False
ISMN_SNOTEL_JacksonPeak,sm_only,oos,20181028,20240526,OK,INFO_s1_asc_missing_years(2018)|INFO_s1_desc_missing_years(2018),True,True,True,True,True,True,True,True,True,True,True,False,379,379,0,100.0,,2018,2018,,,,,,,,True,379,0,0,199.0,0.0,0.0,201.0,0.0,0.0,True,True,False,False,0.0,False,False,False,False,,7.0,,False
ISMN_SNOTEL_JackwhackerGulch,sm_only,val,20160101,20211226,OK,"INFO_s1_desc_missing_years(2016)|INFO_sif_missing_years(2016,2017)|INFO_soil_nan_pct(6.1%)",True,True,True,True,True,True,True,True,True,True,True,False,184,184,0,100.0,,,2016,,,,,,"2016,2017",,True,184,0,0,125.0,0.0,0.0,148.0,0.0,0.0,True,True,False,False,0.0612,False,False,False,False,,6.0,,False
ISMN_SNOTEL_JonesCorral,sm_only,train,20160101,20251230,OK,"INFO_s1_asc_missing_years(2022,2023,2024)|INFO_s1_desc_missing_years(2016)|INFO_sif_missing_years(2016,2017)|INFO_twsa_missing_years(2025)|INFO_soil_nan_pct(0.1%)",True,True,True,True,True,True,True,True,True,True,True,False,334,334,0,100.0,,"2022,2023,2024",2016,,,,,,"2016,2017",2025,True,334,0,0,155.0,0.0,0.0,493.0,0.0,0.0,True,True,False,False,0.0005,False,False,False,False,,10.0,,False
ISMN_SNOTEL_JonesPass,sm_only,train,20180921,20240930,OK,,True,True,True,True,True,True,True,True,True,True,True,False,189,189,0,100.0,,,,,,,,,,,True,189,0,0,141.0,0.0,0.0,178.0,0.0,0.0,True,True,False,False,0.0,False,False,False,False,,7.0,,False
ISMN_SNOTEL_Kalamazoo,sm_only,train,20160101,20251230,OK,"INFO_s1_asc_missing_years(2022,2023,2024)|INFO_s1_desc_missing_years(2016,2018,2019,2020)|INFO_sif_missing_years(2016,2017)|INFO_twsa_missing_years(2025)",True,True,True,True,True,True,True,True,True,True,True,False,669,669,0,100.0,,"2022,2023,2024","2016,2018,2019,2020",,,,,,"2016,2017",2025,True,669,0,0,98.0,0.0,0.0,118.0,0.0,0.0,True,True,False,False,0.0,False,False,False,False,,10.0,,False
ISMN_SNOTEL_KelleyR.S.,sm_only,train,20190119,20251230,OK,"INFO_s1_asc_missing_years(2022,2023,2024)|INFO_twsa_missing_years(2025)",True,True,True,True,True,True,True,True,True,True,True,False,245,245,0,100.0,,"2022,2023,2024",,,,,,,,2025,True,245,0,0,95.0,0.0,0.0,395.0,0.0,0.0,True,True,False,False,0.0,False,False,False,False,,7.0,,False
ISMN_SNOTEL_KellyStation,sm_only,train,20160101,20230812,OK,"INFO_s1_asc_missing_years(2022,2023)|INFO_s1_desc_missing_years(2016)|INFO_sif_missing_years(2016,2017)|INFO_soil_nan_pct(11.2%)",True,True,True,True,True,True,True,True,True,True,True,False,391,391,0,100.0,,"2022,2023",2016,,,,,,"2016,2017",,True,391,0,0,165.0,0.0,0.0,538.0,0.0,0.0,True,True,False,False,0.1116,False,False,False,False,,8.0,,False
ISMN_SNOTEL_KenaiMoosePens,sm_only,train,20160101,20251022,OK,"INFO_s1_asc_missing_years(2022,2023,2024)|INFO_s1_desc_missing_years(2016)|INFO_sif_missing_years(2016,2017)|INFO_twsa_missing_years(2025)|INFO_soil_nan_pct(3.2%)",True,True,True,True,True,True,True,True,True,True,True,False,282,282,0,100.0,,"2022,2023,2024",2016,,,,,,"2016,2017",2025,True,282,0,0,130.0,0.0,0.0,233.0,0.0,0.0,True,True,False,False,0.0318,False,False,False,False,,10.0,,False
ISMN_SNOTEL_KilfoilCreek,sm_only,oos,20160101,20250321,OK,"INFO_s1_asc_missing_years(2022,2023,2024,2025)|INFO_s1_desc_missing_years(2016)|INFO_sif_missing_years(2016,2017)|INFO_twsa_missing_years(2025)",True,True,True,True,True,True,True,True,True,True,True,False,569,569,0,100.0,,"2022,2023,2024,2025",2016,,,,,,"2016,2017",2025,True,569,0,0,256.0,0.0,0.0,446.0,0.0,0.0,True,True,False,False,0.0,False,False,False,False,,10.0,,False
ISMN_SNOTEL_KimberlyMine,sm_only,train,20180902,20251230,OK,"INFO_s1_asc_missing_years(2022,2023,2024)|INFO_twsa_missing_years(2025)",True,True,True,True,True,True,True,True,True,True,True,False,562,562,0,100.0,,"2022,2023,2024",,,,,,,,2025,True,562,0,0,119.0,0.0,0.0,213.0,0.0,0.0,True,True,False,False,0.0,False,False,False,False,,8.0,,False
ISMN_SNOTEL_KingsCabin,sm_only,train,20160101,20230706,OK,"INFO_s1_desc_missing_years(2016)|INFO_sif_missing_years(2016,2017)",True,True,True,True,True,True,True,True,True,True,True,False,439,439,0,100.0,,,2016,,,,,,"2016,2017",,True,439,0,0,255.0,0.0,0.0,354.0,0.0,0.0,True,True,False,False,0.0,False,False,False,False,,8.0,,False
ISMN_SNOTEL_KlondikeNarrows,sm_only,train,20160101,20251230,OK,"INFO_s1_asc_missing_years(2022,2023,2024)|INFO_s1_desc_missing_years(2016)|INFO_sif_missing_years(2016,2017)|INFO_twsa_missing_years(2025)",True,True,True,True,True,True,True,True,True,True,True,False,613,613,0,100.0,,"2022,2023,2024",2016,,,,,,"2016,2017",2025,True,613,0,0,295.0,0.0,0.0,258.0,0.0,0.0,True,True,False,False,0.0,False,False,False,False,,10.0,,False
ISMN_SNOTEL_Kolob,sm_only,train,20160101,20251230,OK,"INFO_s1_asc_missing_years(2022,2023,2024)|INFO_s1_desc_missing_years(2016)|INFO_sif_missing_years(2016,2017)|INFO_twsa_missing_years(2025)",True,True,True,True,True,True,True,True,True,True,True,False,749,749,0,100.0,,"2022,2023,2024",2016,,,,,,"2016,2017",2025,True,749,0,0,250.0,0.0,0.0,257.0,0.0,0.0,True,True,False,False,0.0,False,False,False,False,,10.0,,False
ISMN_SNOTEL_Lakefork#1,sm_only,train,20160101,20251230,OK,"INFO_s1_asc_missing_years(2022,2023,2024)|INFO_s1_desc_missing_years(2016)|INFO_sif_missing_years(2016,2017)|INFO_twsa_missing_years(2025)",True,True,True,True,True,True,True,True,True,True,True,False,325,325,0,100.0,,"2022,2023,2024",2016,,,,,,"2016,2017",2025,True,325,0,0,141.0,0.0,0.0,234.0,0.0,0.0,True,True,False,False,0.0,False,False,False,False,,10.0,,False
ISMN_SNOTEL_LakeforkBasin,sm_only,train,20200723,20251230,OK,"INFO_s1_asc_missing_years(2022,2023,2024)|INFO_twsa_missing_years(2025)|INFO_soil_nan_pct(0.0%)",True,True,True,True,True,True,True,True,True,True,True,False,187,187,0,100.0,,"2022,2023,2024",,,,,,,,2025,True,187,0,0,60.0,0.0,0.0,156.0,0.0,0.0,True,True,False,False,0.0004,False,False,False,False,,6.0,,False
ISMN_SNOTEL_LamanceCreek,sm_only,val,20161110,20251230,OK,"INFO_s1_desc_missing_years(2016)|INFO_sif_missing_years(2016,2017)|INFO_twsa_missing_years(2025)",True,True,True,True,True,True,True,True,True,True,True,False,343,343,0,100.0,,,2016,,,,,,"2016,2017",2025,True,343,0,0,507.0,0.0,0.0,533.0,0.0,0.0,True,True,False,False,0.0,False,False,False,False,,10.0,,False
ISMN_SNOTEL_Lamoille#3,sm_only,val,20160101,20251230,OK,"INFO_s1_asc_missing_years(2022,2023,2024)|INFO_s1_desc_missing_years(2016)|INFO_sif_missing_years(2016,2017)|INFO_twsa_missing_years(2025)|INFO_soil_nan_pct(0.4%)",True,True,True,True,True,True,True,True,True,True,True,False,326,326,0,100.0,,"2022,2023,2024",2016,,,,,,"2016,2017",2025,True,326,0,0,267.0,0.0,0.0,464.0,0.0,0.0,True,True,False,False,0.0038,False,False,False,False,,10.0,,False
ISMN_SNOTEL_LamoilleUpper,sm_only,oos,20220810,20251230,OK,"INFO_s1_asc_missing_years(2022,2023,2024)|INFO_twsa_missing_years(2025)|INFO_soil_nan_pct(12.2%)",True,True,True,True,True,True,True,True,True,True,True,False,146,146,0,100.0,,"2022,2023,2024",,,,,,,,2025,True,146,0,0,41.0,0.0,0.0,191.0,0.0,0.0,True,True,False,False,0.1225,False,False,False,False,,4.0,,False
ISMN_SNOTEL_LapreleCreek,sm_only,oos,20160101,20251230,OK,"INFO_s2_missing_years(2016,2017,2018,2019,2020,2021)|INFO_s1_asc_missing_years(2022,2023,2024)|INFO_s1_desc_missing_years(2016)|INFO_cm_missing_years(2016,2017,2018,2019,2020,2021)|INFO_sif_missing_years(2016,2017)|INFO_twsa_missing_years(2025)",True,True,True,True,True,True,True,True,True,True,True,False,223,223,0,100.0,"2016,2017,2018,2019,2020,2021","2022,2023,2024",2016,"2016,2017,2018,2019,2020,2021",,,,,"2016,2017",2025,True,223,0,0,290.0,0.0,0.0,232.0,0.0,0.0,True,True,False,False,0.0,False,False,False,False,,10.0,,False
ISMN_SNOTEL_LarsenCreek,sm_only,oos,20180815,20251230,OK,"INFO_s2_missing_years(2018,2019,2020,2021)|INFO_s1_asc_missing_years(2022,2023,2024)|INFO_cm_missing_years(2018,2019,2020,2021)|INFO_twsa_missing_years(2025)",True,True,True,True,True,True,True,True,True,True,True,False,191,191,0,100.0,"2018,2019,2020,2021","2022,2023,2024",,"2018,2019,2020,2021",,,,,,2025,True,191,0,0,119.0,0.0,0.0,408.0,0.0,0.0,True,True,False,False,0.0,False,False,False,False,,8.0,,False
ISMN_SNOTEL_LasalMountain,sm_only,train,20160101,20210612,OK,"INFO_s1_desc_missing_years(2016)|INFO_sif_missing_years(2016,2017)",True,True,True,True,True,True,True,True,True,True,True,False,167,167,0,100.0,,,2016,,,,,,"2016,2017",,True,167,0,0,236.0,0.0,0.0,234.0,0.0,0.0,True,True,False,False,0.0,False,False,False,False,,6.0,,False
ISMN_SNOTEL_LasalMountain-Lower,sm_only,train,20160101,20251230,OK,"INFO_s2_missing_years(2016,2017,2018,2019)|INFO_s1_desc_missing_years(2016)|INFO_cm_missing_years(2016,2017,2018,2019)|INFO_sif_missing_years(2016,2017)|INFO_twsa_missing_years(2025)",True,True,True,True,True,True,True,True,True,True,True,False,248,248,0,100.0,"2016,2017,2018,2019",,2016,"2016,2017,2018,2019",,,,,"2016,2017",2025,True,248,0,0,396.0,0.0,0.0,494.0,0.0,0.0,True,True,False,False,0.0,False,False,False,False,,10.0,,False
ISMN_SNOTEL_LaurelDraw,sm_only,train,20160101,20251230,OK,"INFO_s1_desc_missing_years(2016)|INFO_sif_missing_years(2016,2017)|INFO_twsa_missing_years(2025)",True,True,True,True,True,True,True,True,True,True,True,False,270,270,0,100.0,,,2016,,,,,,"2016,2017",2025,True,270,0,0,439.0,0.0,0.0,326.0,0.0,0.0,True,True,False,False,0.0,False,False,False,False,,10.0,,False
ISMN_SNOTEL_LeavittLake,sm_only,train,20160812,20251230,OK,"INFO_s1_desc_missing_years(2016)|INFO_sif_missing_years(2016,2017)|INFO_twsa_missing_years(2025)|INFO_soil_nan_pct(34.3%)",True,True,True,True,True,True,True,True,True,True,True,False,433,433,0,100.0,,,2016,,,,,,"2016,2017",2025,True,433,0,0,734.0,0.0,0.0,702.0,0.0,0.0,True,True,False,False,0.3431,False,False,False,False,,10.0,,False
ISMN_SNOTEL_LeavittMeadows,sm_only,train,20160101,20210402,OK,"INFO_sif_missing_years(2016,2017)|INFO_soil_nan_pct(0.5%)",True,True,True,True,True,True,True,True,True,True,True,False,193,193,0,100.0,,,,,,,,,"2016,2017",,True,193,0,0,387.0,0.0,0.0,344.0,0.0,0.0,True,True,False,False,0.0055,False,False,False,False,,6.0,,False
ISMN_SNOTEL_LeeCanyon,sm_only,train,20160101,20251230,OK,"INFO_s1_asc_missing_years(2022,2023,2024)|INFO_s1_desc_missing_years(2016)|INFO_sif_missing_years(2016,2017)|INFO_twsa_missing_years(2025)",True,True,True,True,True,True,True,True,True,True,True,False,803,803,0,100.0,,"2022,2023,2024",2016,,,,,,"2016,2017",2025,True,803,0,0,171.0,0.0,0.0,342.0,0.0,0.0,True,True,False,False,0.0,False,False,False,False,,10.0,,False
ISMN_SNOTEL_LewisLakeDivide,sm_only,train,20160101,20210809,OK,"INFO_s1_desc_missing_years(2016)|INFO_sif_missing_years(2016,2017)",True,True,True,True,True,True,True,True,True,True,True,False,254,254,0,100.0,,,2016,,,,,,"2016,2017",,True,254,0,0,233.0,0.0,0.0,244.0,0.0,0.0,True,True,False,False,0.0,False,False,False,False,,6.0,,False
ISMN_SNOTEL_LewisPeak,sm_only,train,20160101,20251230,OK,"INFO_s1_asc_missing_years(2022,2023,2024)|INFO_s1_desc_missing_years(2016)|INFO_sif_missing_years(2016,2017)|INFO_twsa_missing_years(2025)",True,True,True,True,True,True,True,True,True,True,True,False,716,716,0,100.0,,"2022,2023,2024",2016,,,,,,"2016,2017",2025,True,716,0,0,171.0,0.0,0.0,272.0,0.0,0.0,True,True,False,False,0.0,False,False,False,False,,10.0,,False
ISMN_SNOTEL_LightningRidge,sm_only,train,20201104,20250321,OK,"INFO_s1_asc_missing_years(2022,2023,2024,2025)|INFO_twsa_missing_years(2025)",True,True,True,True,True,True,True,True,True,True,True,False,295,295,0,100.0,,"2022,2023,2024,2025",,,,,,,,2025,True,295,0,0,64.0,0.0,0.0,250.0,0.0,0.0,True,True,False,False,0.0,False,False,False,False,,6.0,,False
ISMN_SNOTEL_LilyLake,sm_only,val,20160101,20251230,OK,"INFO_s1_asc_missing_years(2022,2023,2024)|INFO_s1_desc_missing_years(2016)|INFO_sif_missing_years(2016,2017)|INFO_twsa_missing_years(2025)",True,True,True,True,True,True,True,True,True,True,True,False,264,264,0,100.0,,"2022,2023,2024",2016,,,,,,"2016,2017",2025,True,264,0,0,141.0,0.0,0.0,491.0,0.0,0.0,True,True,False,False,0.0,False,False,False,False,,10.0,,False
ISMN_SNOTEL_LilyPond,sm_only,train,20170825,20251230,OK,INFO_sif_missing_years(2017)|INFO_twsa_missing_years(2025)|INFO_soil_nan_pct(0.5%),True,True,True,True,True,True,True,True,True,True,True,False,337,337,0,100.0,,,,,,,,,2017,2025,True,337,0,0,442.0,0.0,0.0,246.0,0.0,0.0,True,True,False,False,0.0049,False,False,False,False,,9.0,,False
ISMN_SNOTEL_LittleBear,sm_only,oos,20160101,20251230,OK,"INFO_s1_asc_missing_years(2022,2023,2024)|INFO_s1_desc_missing_years(2016)|INFO_sif_missing_years(2016,2017)|INFO_twsa_missing_years(2025)",True,True,True,True,True,True,True,True,True,True,True,False,553,553,0,100.0,,"2022,2023,2024",2016,,,,,,"2016,2017",2025,True,553,0,0,300.0,0.0,0.0,257.0,0.0,0.0,True,True,False,False,0.0,False,False,False,False,,10.0,,False
ISMN_SNOTEL_LittleChenaRidge,sm_only,oos,20160101,20191013,OK,"INFO_s1_desc_missing_years(2016)|INFO_sif_missing_years(2016,2017)",True,True,True,True,True,True,True,True,True,True,True,False,84,84,0,100.0,,,2016,,,,,,"2016,2017",,True,84,0,0,72.0,0.0,0.0,59.0,0.0,0.0,True,True,False,False,0.0,False,False,False,False,,4.0,,False
ISMN_SNOTEL_LittleGrassy,sm_only,train,20160101,20251230,OK,"INFO_s1_asc_missing_years(2022,2023,2024)|INFO_s1_desc_missing_years(2016)|INFO_sif_missing_years(2016,2017)|INFO_twsa_missing_years(2025)",True,True,True,True,True,True,True,True,True,True,True,False,412,412,0,100.0,,"2022,2023,2024",2016,,,,,,"2016,2017",2025,True,412,0,0,100.0,0.0,0.0,602.0,0.0,0.0,True,True,False,False,0.0,False,False,False,False,,10.0,,False
ISMN_SNOTEL_LittleSnakeRiver,sm_only,train,20160101,20210613,OK,"INFO_s1_desc_missing_years(2016)|INFO_sif_missing_years(2016,2017)",True,True,True,True,True,True,True,True,True,True,True,False,255,255,0,100.0,,,2016,,,,,,"2016,2017",,True,255,0,0,112.0,0.0,0.0,261.0,0.0,0.0,True,True,False,False,0.0,False,False,False,False,,6.0,,False
ISMN_SNOTEL_LittleValley,sm_only,train,20160101,20251230,OK,"INFO_s1_desc_missing_years(2016)|INFO_sif_missing_years(2016,2017)|INFO_twsa_missing_years(2025)",True,True,True,True,True,True,True,True,True,True,True,False,752,752,0,100.0,,,2016,,,,,,"2016,2017",2025,True,752,0,0,732.0,0.0,0.0,703.0,0.0,0.0,True,True,False,False,0.0,False,False,False,False,,10.0,,False
ISMN_SNOTEL_LizardHeadPass,sm_only,train,20160101,20251230,OK,"INFO_s1_desc_missing_years(2016)|INFO_sif_missing_years(2016,2017)|INFO_twsa_missing_years(2025)",True,True,True,True,True,True,True,True,True,True,True,False,642,642,0,100.0,,,2016,,,,,,"2016,2017",2025,True,642,0,0,255.0,0.0,0.0,521.0,0.0,0.0,True,True,False,False,0.0,False,False,False,False,,10.0,,False
ISMN_SNOTEL_LobdellLake,sm_only,train,20160101,20251230,OK,"INFO_s1_desc_missing_years(2016)|INFO_sif_missing_years(2016,2017)|INFO_twsa_missing_years(2025)|INFO_soil_nan_pct(1.5%)",True,True,True,True,True,True,True,True,True,True,True,False,425,425,0,100.0,,,2016,,,,,,"2016,2017",2025,True,425,0,0,747.0,0.0,0.0,356.0,0.0,0.0,True,True,False,False,0.0148,False,False,False,False,,10.0,,False
ISMN_SNOTEL_LoneCone,sm_only,oos,20160101,20220606,OK,"INFO_s1_asc_missing_years(2022)|INFO_s1_desc_missing_years(2016)|INFO_sif_missing_years(2016,2017)",True,True,True,True,True,True,True,True,True,True,True,False,401,401,0,100.0,,2022,2016,,,,,,"2016,2017",,True,401,0,0,144.0,0.0,0.0,157.0,0.0,0.0,True,True,False,False,0.0,False,False,False,False,,7.0,,False
ISMN_SNOTEL_LonesomeBeaver,sm_only,train,20160101,20251230,OK,"INFO_s1_asc_missing_years(2022,2023,2024)|INFO_s1_desc_missing_years(2016)|INFO_sif_missing_years(2016,2017)|INFO_twsa_missing_years(2025)",True,True,True,True,True,True,True,True,True,True,True,False,701,701,0,100.0,,"2022,2023,2024",2016,,,,,,"2016,2017",2025,True,701,0,0,297.0,0.0,0.0,234.0,0.0,0.0,True,True,False,False,0.0,False,False,False,False,,10.0,,False
ISMN_SNOTEL_LongDrawResv,sm_only,train,20160101,20200112,OK,"INFO_s2_missing_years(2020)|INFO_s1_desc_missing_years(2016)|INFO_cm_missing_years(2020)|INFO_sif_missing_years(2016,2017)|INFO_soil_nan_pct(2.8%)",True,True,True,True,True,True,True,True,True,True,True,False,81,81,0,100.0,2020,,2016,2020,,,,,"2016,2017",,True,81,0,0,151.0,0.0,0.0,89.0,0.0,0.0,True,True,False,False,0.0281,False,False,False,False,,5.0,,False
ISMN_SNOTEL_LongFlat,sm_only,train,20160101,20200507,OK,"INFO_s1_desc_missing_years(2016)|INFO_sif_missing_years(2016,2017)",True,True,True,True,True,True,True,True,True,True,True,False,251,251,0,100.0,,,2016,,,,,,"2016,2017",,True,251,0,0,117.0,0.0,0.0,97.0,0.0,0.0,True,True,False,False,0.0,False,False,False,False,,5.0,,False
ISMN_SNOTEL_LongValley,sm_only,train,20160101,20180326,OK,"INFO_s1_asc_missing_years(2018)|INFO_s1_desc_missing_years(2016)|INFO_sif_missing_years(2016,2017)",True,True,True,True,True,True,True,True,True,True,True,False,72,72,0,100.0,,2018,2016,,,,,,"2016,2017",,True,72,0,0,7.0,0.0,0.0,40.0,0.0,0.0,True,True,False,False,0.0,False,False,False,False,,3.0,,False
ISMN_SNOTEL_LongValleyJct,sm_only,train,20160101,20251230,OK,"INFO_s1_asc_missing_years(2022,2023,2024)|INFO_s1_desc_missing_years(2016)|INFO_sif_missing_years(2016,2017)|INFO_twsa_missing_years(2025)|INFO_soil_nan_pct(0.0%)",True,True,True,True,True,True,True,True,True,True,True,False,392,392,0,100.0,,"2022,2023,2024",2016,,,,,,"2016,2017",2025,True,392,0,0,155.0,0.0,0.0,257.0,0.0,0.0,True,True,False,False,0.0002,False,False,False,False,,10.0,,False
ISMN_SNOTEL_Lookout,sm_only,train,20160101,20251230,OK,"INFO_s1_asc_missing_years(2022,2023,2024)|INFO_s1_desc_missing_years(2016)|INFO_sif_missing_years(2016,2017)|INFO_twsa_missing_years(2025)",True,True,True,True,True,True,True,True,True,True,True,False,199,199,0,100.0,,"2022,2023,2024",2016,,,,,,"2016,2017",2025,True,199,0,0,250.0,0.0,0.0,402.0,0.0,0.0,True,True,False,False,0.0,False,False,False,False,,10.0,,False
ISMN_SNOTEL_LookoutPeak,sm_only,train,20160101,20210319,OK,"INFO_s1_desc_missing_years(2016)|INFO_sif_missing_years(2016,2017)",True,True,True,True,True,True,True,True,True,True,True,False,272,272,0,100.0,,,2016,,,,,,"2016,2017",,True,272,0,0,211.0,0.0,0.0,121.0,0.0,0.0,True,True,False,False,0.0,False,False,False,False,,6.0,,False
ISMN_SNOTEL_LostCreekResv,sm_only,train,20160101,20251230,OK,"INFO_s1_asc_missing_years(2022,2023,2024)|INFO_s1_desc_missing_years(2016)|INFO_sif_missing_years(2016,2017)|INFO_twsa_missing_years(2025)",True,True,True,True,True,True,True,True,True,True,True,False,668,668,0,100.0,,"2022,2023,2024",2016,,,,,,"2016,2017",2025,True,668,0,0,300.0,0.0,0.0,491.0,0.0,0.0,True,True,False,False,0.0,False,False,False,False,,10.0,,False
ISMN_SNOTEL_LostDog,sm_only,train,20190628,20220719,OK,INFO_s1_asc_missing_years(2022),True,True,True,True,True,True,True,True,True,True,True,False,203,203,0,100.0,,2022,,,,,,,,,True,203,0,0,72.0,0.0,0.0,182.0,0.0,0.0,True,True,False,False,0.0,False,False,False,False,,4.0,,False
ISMN_SNOTEL_LouisMeadow,sm_only,train,20160101,20240204,OK,"INFO_s1_asc_missing_years(2022,2023,2024)|INFO_s1_desc_missing_years(2016)|INFO_sif_missing_years(2016,2017)",True,True,True,True,True,True,True,True,True,True,True,False,494,494,0,100.0,,"2022,2023,2024",2016,,,,,,"2016,2017",,True,494,0,0,254.0,0.0,0.0,204.0,0.0,0.0,True,True,False,False,0.0,False,False,False,False,,9.0,,False
ISMN_SNOTEL_MagicMountain,sm_only,train,20160101,20200823,OK,"INFO_s1_desc_missing_years(2016,2018,2019,2020)|INFO_sif_missing_years(2016,2017)|INFO_soil_nan_pct(0.0%)",True,True,True,True,True,True,True,True,True,True,True,False,236,236,0,100.0,,,"2016,2018,2019,2020",,,,,,"2016,2017",,True,236,0,0,159.0,0.0,0.0,7.0,0.0,0.0,True,True,False,False,0.0002,False,False,False,False,,5.0,,False
ISMN_SNOTEL_Mammoth-Cottonwood,sm_only,train,20160101,20210317,OK,"INFO_s1_desc_missing_years(2016)|INFO_sif_missing_years(2016,2017)",True,True,True,True,True,True,True,True,True,True,True,False,140,140,0,100.0,,,2016,,,,,,"2016,2017",,True,140,0,0,210.0,0.0,0.0,220.0,0.0,0.0,True,True,False,False,0.0,False,False,False,False,,6.0,,False
ISMN_SNOTEL_MarletteLake,sm_only,train,20160101,20251230,OK,"INFO_s2_missing_years(2016,2017,2018,2019,2020,2021)|INFO_cm_missing_years(2016,2017,2018,2019,2020,2021)|INFO_sif_missing_years(2016,2017)|INFO_twsa_missing_years(2025)|INFO_soil_nan_pct(17.0%)",True,True,True,True,True,True,True,True,True,True,True,False,303,303,0,100.0,"2016,2017,2018,2019,2020,2021",,,"2016,2017,2018,2019,2020,2021",,,,,"2016,2017",2025,True,303,0,0,732.0,0.0,0.0,703.0,0.0,0.0,True,True,False,False,0.1698,False,False,False,False,,10.0,,False
ISMN_SNOTEL_MayCreek,sm_only,oos,20190506,20251230,OK,"INFO_s2_missing_years(2019,2020,2021)|INFO_s1_asc_missing_years(2022,2023,2024)|INFO_cm_missing_years(2019,2020,2021)|INFO_twsa_missing_years(2025)",True,True,True,True,True,True,True,True,True,True,True,False,120,120,0,100.0,"2019,2020,2021","2022,2023,2024",,"2019,2020,2021",,,,,,2025,True,120,0,0,95.0,0.0,0.0,375.0,0.0,0.0,True,True,False,False,0.0,False,False,False,False,,7.0,,False
ISMN_SNOTEL_McGrath,sm_only,train,20190911,20250414,OK,"INFO_s2_missing_years(2019,2020)|INFO_s1_asc_missing_years(2022,2023,2024)|INFO_cm_missing_years(2019,2020)|INFO_twsa_missing_years(2025)|INFO_soil_nan_pct(20.7%)",True,True,True,True,True,True,True,True,True,True,True,False,120,120,0,100.0,"2019,2020","2022,2023,2024",,"2019,2020",,,,,,2025,True,120,0,0,62.0,0.0,0.0,149.0,0.0,0.0,True,True,False,False,0.2067,False,False,False,False,,7.0,,False
ISMN_SNOTEL_McneilRiverSGS,sm_only,train,20160101,20190502,OK,"INFO_s1_desc_missing_years(2016)|INFO_sif_missing_years(2016,2017)|INFO_soil_nan_pct(9.4%)",True,True,True,True,True,True,True,True,True,True,True,False,75,75,0,100.0,,,2016,,,,,,"2016,2017",,True,75,0,0,53.0,0.0,0.0,65.0,0.0,0.0,True,True,False,False,0.0944,False,False,False,False,,4.0,,False
ISMN_SNOTEL_MedBow,sm_only,train,20160101,20251230,OK,"INFO_s2_missing_years(2016,2017,2018,2019,2020,2021,2022,2023)|INFO_s1_desc_missing_years(2016)|INFO_cm_missing_years(2016,2017,2018,2019,2020,2021,2022,2023)|INFO_sif_missing_years(2016,2017)|INFO_twsa_missing_years(2025)|INFO_soil_nan_pct(0.5%)",True,True,True,True,True,True,True,True,True,True,True,False,102,102,0,100.0,"2016,2017,2018,2019,2020,2021,2022,2023",,2016,"2016,2017,2018,2019,2020,2021,2022,2023",,,,,"2016,2017",2025,True,102,0,0,226.0,0.0,0.0,261.0,0.0,0.0,True,True,False,False,0.0046,False,False,False,False,,10.0,,False
ISMN_SNOTEL_MerchantValley,sm_only,train,20180928,20251230,OK,"INFO_s1_asc_missing_years(2022,2023,2024)|INFO_twsa_missing_years(2025)",True,True,True,True,True,True,True,True,True,True,True,False,576,576,0,100.0,,"2022,2023,2024",,,,,,,,2025,True,576,0,0,117.0,0.0,0.0,211.0,0.0,0.0,True,True,False,False,0.0,False,False,False,False,,8.0,,False
ISMN_SNOTEL_MicaCreek,sm_only,train,20190306,20251230,OK,"INFO_s1_asc_missing_years(2022,2023,2024)|INFO_twsa_missing_years(2025)",True,True,True,True,True,True,True,True,True,True,True,False,174,174,0,100.0,,"2022,2023,2024",,,,,,,,2025,True,174,0,0,87.0,0.0,0.0,293.0,0.0,0.0,True,True,False,False,0.0,False,False,False,False,,7.0,,False
ISMN_SNOTEL_MichiganCreek,sm_only,train,20170426,20220902,OK,INFO_sif_missing_years(2017)|INFO_soil_nan_pct(0.4%),True,True,True,True,True,True,True,True,True,True,True,False,175,175,0,100.0,,,,,,,,,2017,,True,175,0,0,116.0,0.0,0.0,163.0,0.0,0.0,True,True,False,False,0.0044,False,False,False,False,,6.0,,False
ISMN_SNOTEL_MiddleForkCamp,sm_only,train,20160101,20210706,OK,"INFO_s1_desc_missing_years(2016)|INFO_sif_missing_years(2016,2017)",True,True,True,True,True,True,True,True,True,True,True,False,159,159,0,100.0,,,2016,,,,,,"2016,2017",,True,159,0,0,111.0,0.0,0.0,134.0,0.0,0.0,True,True,False,False,0.0,False,False,False,False,,6.0,,False
ISMN_SNOTEL_MidwayValley,sm_only,train,20160101,20251230,OK,"INFO_s1_asc_missing_years(2022,2023,2024)|INFO_s1_desc_missing_years(2016)|INFO_sif_missing_years(2016,2017)|INFO_twsa_missing_years(2025)",True,True,True,True,True,True,True,True,True,True,True,False,703,703,0,100.0,,"2022,2023,2024",2016,,,,,,"2016,2017",2025,True,703,0,0,255.0,0.0,0.0,257.0,0.0,0.0,True,True,False,False,0.0,False,False,False,False,,10.0,,False
ISMN_SNOTEL_Mill-DNorth,sm_only,train,20160101,20220328,OK,"INFO_s1_asc_missing_years(2022)|INFO_s1_desc_missing_years(2016)|INFO_sif_missing_years(2016,2017)",True,True,True,True,True,True,True,True,True,True,True,False,341,341,0,100.0,,2022,2016,,,,,,"2016,2017",,True,341,0,0,253.0,0.0,0.0,279.0,0.0,0.0,True,True,False,False,0.0,False,False,False,False,,7.0,,False
ISMN_SNOTEL_MiningFork,sm_only,train,20160101,20251230,OK,"INFO_s1_asc_missing_years(2022,2023,2024)|INFO_s1_desc_missing_years(2016)|INFO_sif_missing_years(2016,2017)|INFO_twsa_missing_years(2025)|INFO_soil_nan_pct(0.4%)",True,True,True,True,True,True,True,True,True,True,True,False,588,588,0,100.0,,"2022,2023,2024",2016,,,,,,"2016,2017",2025,True,588,0,0,156.0,0.0,0.0,257.0,0.0,0.0,True,True,False,False,0.0042,False,False,False,False,,10.0,,False
ISMN_SNOTEL_MonitorPass,sm_only,train,20160101,20251230,OK,"INFO_sif_missing_years(2016,2017)|INFO_twsa_missing_years(2025)",True,True,True,True,True,True,True,True,True,True,True,False,416,416,0,100.0,,,,,,,,,"2016,2017",2025,True,416,0,0,731.0,0.0,0.0,703.0,0.0,0.0,True,True,False,False,0.0,False,False,False,False,,10.0,,False
ISMN_SNOTEL_MonteCristo,sm_only,train,20160101,20251230,OK,"INFO_s1_asc_missing_years(2022,2023,2024)|INFO_s1_desc_missing_years(2016)|INFO_sif_missing_years(2016,2017)|INFO_twsa_missing_years(2025)",True,True,True,True,True,True,True,True,True,True,True,False,573,573,0,100.0,,"2022,2023,2024",2016,,,,,,"2016,2017",2025,True,573,0,0,300.0,0.0,0.0,288.0,0.0,0.0,True,True,False,False,0.0,False,False,False,False,,10.0,,False
ISMN_SNOTEL_MonumentCreek,sm_only,oos,20160101,20191013,OK,"INFO_s1_desc_missing_years(2016)|INFO_sif_missing_years(2016,2017)",True,True,True,True,True,True,True,True,True,True,True,False,117,117,0,100.0,,,2016,,,,,,"2016,2017",,True,117,0,0,72.0,0.0,0.0,59.0,0.0,0.0,True,True,False,False,0.0,False,False,False,False,,4.0,,False
ISMN_SNOTEL_MooreCreekBridge,sm_only,train,20170516,20210504,OK,INFO_sif_missing_years(2017)|INFO_soil_nan_pct(17.9%),True,True,True,True,True,True,True,True,True,True,True,False,129,129,0,100.0,,,,,,,,,2017,,True,129,0,0,104.0,0.0,0.0,117.0,0.0,0.0,True,True,False,False,0.1786,False,False,False,False,,5.0,,False
ISMN_SNOTEL_MormonMountain,sm_only,oos,20160101,20221008,OK,"INFO_s1_asc_missing_years(2022)|INFO_s1_desc_missing_years(2016)|INFO_sif_missing_years(2016,2017)",True,True,True,True,True,True,True,True,True,True,True,False,487,487,0,100.0,,2022,2016,,,,,,"2016,2017",,True,487,0,0,133.0,0.0,0.0,143.0,0.0,0.0,True,True,False,False,0.0,False,False,False,False,,7.0,,False
ISMN_SNOTEL_MormonMtnSummit,sm_only,train,20160101,20250321,OK,"INFO_s1_asc_missing_years(2022,2023,2024,2025)|INFO_s1_desc_missing_years(2016)|INFO_sif_missing_years(2016,2017)|INFO_twsa_missing_years(2025)",True,True,True,True,True,True,True,True,True,True,True,False,689,689,0,100.0,,"2022,2023,2024,2025",2016,,,,,,"2016,2017",2025,True,689,0,0,133.0,0.0,0.0,212.0,0.0,0.0,True,True,False,False,0.0,False,False,False,False,,10.0,,False
ISMN_SNOTEL_MosbyMtn.,sm_only,train,20170605,20251230,OK,INFO_sif_missing_years(2017)|INFO_twsa_missing_years(2025),True,True,True,True,True,True,True,True,True,True,True,False,654,654,0,100.0,,,,,,,,,2017,2025,True,654,0,0,361.0,0.0,0.0,226.0,0.0,0.0,True,True,False,False,0.0,False,False,False,False,,9.0,,False
ISMN_SNOTEL_MoscowMountain,sm_only,oos,20160101,20251230,OK,"INFO_s1_asc_missing_years(2022,2023,2024)|INFO_s1_desc_missing_years(2016)|INFO_sif_missing_years(2016,2017)|INFO_twsa_missing_years(2025)",True,True,True,True,True,True,True,True,True,True,True,False,451,451,0,100.0,,"2022,2023,2024",2016,,,,,,"2016,2017",2025,True,451,0,0,262.0,0.0,0.0,258.0,0.0,0.0,True,True,False,False,0.0,False,False,False,False,,10.0,,False
ISMN_SNOTEL_MosesMtn,sm_only,train,20210917,20250321,OK,"INFO_s1_asc_missing_years(2022,2023,2025)|INFO_twsa_missing_years(2025)",True,True,True,True,True,True,True,True,True,True,True,False,133,133,0,100.0,,"2022,2023,2025",,,,,,,,2025,True,133,0,0,11.0,0.0,0.0,97.0,0.0,0.0,True,True,False,False,0.0,False,False,False,False,,5.0,,False
ISMN_SNOTEL_MosquitoRidge,sm_only,oos,20160929,20241003,OK,"INFO_s1_asc_missing_years(2022,2023,2024)|INFO_s1_desc_missing_years(2016)|INFO_sif_missing_years(2016,2017)",True,True,True,True,True,True,True,True,True,True,True,False,278,278,0,100.0,,"2022,2023,2024",2016,,,,,,"2016,2017",,True,278,0,0,204.0,0.0,0.0,237.0,0.0,0.0,True,True,False,False,0.0,False,False,False,False,,9.0,,False
ISMN_SNOTEL_Mt.Ryan,sm_only,train,20160101,20191013,OK,"INFO_s1_desc_missing_years(2016)|INFO_sif_missing_years(2016,2017)",True,True,True,True,True,True,True,True,True,True,True,False,105,105,0,100.0,,,2016,,,,,,"2016,2017",,True,105,0,0,72.0,0.0,0.0,59.0,0.0,0.0,True,True,False,False,0.0,False,False,False,False,,4.0,,False
ISMN_SNOTEL_MtBaldy,sm_only,oos,20160101,20230828,OK,"INFO_s1_asc_missing_years(2022,2023)|INFO_s1_desc_missing_years(2016)|INFO_sif_missing_years(2016,2017)|INFO_soil_nan_pct(0.7%)",True,True,True,True,True,True,True,True,True,True,True,False,220,220,0,100.0,,"2022,2023",2016,,,,,,"2016,2017",,True,220,0,0,254.0,0.0,0.0,364.0,0.0,0.0,True,True,False,False,0.0071,False,False,False,False,,8.0,,False
ISMN_SNOTEL_MtPennell,sm_only,train,20160101,20251230,OK,"INFO_s1_asc_missing_years(2022,2023,2024)|INFO_s1_desc_missing_years(2016)|INFO_sif_missing_years(2016,2017)|INFO_twsa_missing_years(2025)",True,True,True,True,True,True,True,True,True,True,True,False,751,751,0,100.0,,"2022,2023,2024",2016,,,,,,"2016,2017",2025,True,751,0,0,298.0,0.0,0.0,234.0,0.0,0.0,True,True,False,False,0.0,False,False,False,False,,10.0,,False
ISMN_SNOTEL_MtRoseSkiArea,sm_only,oos,20160101,20251230,OK,"INFO_s1_desc_missing_years(2016)|INFO_sif_missing_years(2016,2017)|INFO_twsa_missing_years(2025)|INFO_soil_nan_pct(0.1%)",True,True,True,True,True,True,True,True,True,True,True,False,819,819,0,100.0,,,2016,,,,,,"2016,2017",2025,True,819,0,0,725.0,0.0,0.0,703.0,0.0,0.0,True,True,False,False,0.0011,False,False,False,False,,10.0,,False
ISMN_SNOTEL_MudFlat,sm_only,train,20160101,20180507,OK,"INFO_s1_desc_missing_years(2016)|INFO_sif_missing_years(2016,2017)",True,True,True,True,True,True,True,True,True,True,True,False,89,89,0,100.0,,,2016,,,,,,"2016,2017",,True,89,0,0,49.0,0.0,0.0,73.0,0.0,0.0,True,True,False,False,0.0,False,False,False,False,,3.0,,False
ISMN_SNOTEL_MyrtleCreek,sm_only,oos,20170920,20251230,OK,"INFO_s1_asc_missing_years(2022,2023,2024)|INFO_sif_missing_years(2017)|INFO_twsa_missing_years(2025)",True,True,True,True,True,True,True,True,True,True,True,False,379,379,0,100.0,,"2022,2023,2024",,,,,,,2017,2025,True,379,0,0,96.0,0.0,0.0,352.0,0.0,0.0,True,True,False,False,0.0,False,False,False,False,,9.0,,False
ISMN_SNOTEL_NavajoWhiskeyCk,sm_only,train,20160101,20250321,OK,"INFO_s1_asc_missing_years(2022,2023,2024,2025)|INFO_s1_desc_missing_years(2016)|INFO_sif_missing_years(2016,2017)|INFO_twsa_missing_years(2025)|INFO_soil_nan_pct(0.1%)",True,True,True,True,True,True,True,True,True,True,True,False,307,307,0,100.0,,"2022,2023,2024,2025",2016,,,,,,"2016,2017",2025,True,307,0,0,262.0,0.0,0.0,235.0,0.0,0.0,True,True,False,False,0.0005,False,False,False,False,,10.0,,False
ISMN_SNOTEL_NukaGlacier,sm_only,train,20160101,20251230,OK,"INFO_s1_asc_missing_years(2022,2023,2024)|INFO_s1_desc_missing_years(2016)|INFO_sif_missing_years(2016,2017)|INFO_twsa_missing_years(2025)|INFO_soil_nan_pct(2.3%)",True,True,True,True,True,True,True,True,True,True,True,False,315,315,0,100.0,,"2022,2023,2024",2016,,,,,,"2016,2017",2025,True,315,0,0,141.0,0.0,0.0,216.0,0.0,0.0,True,True,False,False,0.0234,False,False,False,False,,10.0,,False
ISMN_SNOTEL_ONeilCreek,sm_only,train,20180611,20250305,OK,INFO_twsa_missing_years(2025),True,True,True,True,True,True,True,True,True,True,True,False,262,262,0,100.0,,,,,,,,,,2025,True,262,0,0,218.0,0.0,0.0,353.0,0.0,0.0,True,True,False,False,0.0,False,False,False,False,,8.0,,False
ISMN_SNOTEL_OakCreek,sm_only,val,20160101,20251230,OK,"INFO_s1_asc_missing_years(2022,2023,2024)|INFO_s1_desc_missing_years(2016)|INFO_sif_missing_years(2016,2017)|INFO_twsa_missing_years(2025)",True,True,True,True,True,True,True,True,True,True,True,False,674,674,0,100.0,,"2022,2023,2024",2016,,,,,,"2016,2017",2025,True,674,0,0,156.0,0.0,0.0,258.0,0.0,0.0,True,True,False,False,0.0,False,False,False,False,,10.0,,False
ISMN_SNOTEL_PalisadesTahoe,sm_only,train,20160101,20251230,OK,"INFO_sif_missing_years(2016,2017)|INFO_twsa_missing_years(2025)|INFO_soil_nan_pct(1.6%)",True,True,True,True,True,True,True,True,True,True,True,False,818,818,0,100.0,,,,,,,,,"2016,2017",2025,True,818,0,0,384.0,0.0,0.0,348.0,0.0,0.0,True,True,False,False,0.0164,False,False,False,False,,10.0,,False
ISMN_SNOTEL_Palo,sm_only,train,20160101,20230507,OK,"INFO_s1_desc_missing_years(2016)|INFO_sif_missing_years(2016,2017)",True,True,True,True,True,True,True,True,True,True,True,False,247,247,0,100.0,,,2016,,,,,,"2016,2017",,True,247,0,0,145.0,0.0,0.0,180.0,0.0,0.0,True,True,False,False,0.0,False,False,False,False,,8.0,,False
ISMN_SNOTEL_PanguitchLakeRS,sm_only,oos,20160101,20251230,OK,"INFO_s1_asc_missing_years(2022,2023,2024)|INFO_s1_desc_missing_years(2016)|INFO_sif_missing_years(2016,2017)|INFO_twsa_missing_years(2025)|INFO_soil_nan_pct(19.0%)",True,True,True,True,True,True,True,True,True,True,True,False,701,701,0,100.0,,"2022,2023,2024",2016,,,,,,"2016,2017",2025,True,701,0,0,155.0,0.0,0.0,259.0,0.0,0.0,True,True,False,False,0.1901,False,False,False,False,,10.0,,False
ISMN_SNOTEL_ParkCone,sm_only,train,20210302,20250321,OK,INFO_twsa_missing_years(2025)|INFO_soil_nan_pct(32.5%),True,True,True,True,True,True,True,True,True,True,True,False,156,156,0,100.0,,,,,,,,,,2025,True,156,0,0,100.0,0.0,0.0,117.0,0.0,0.0,True,True,False,False,0.3254,False,False,False,False,,5.0,,False
ISMN_SNOTEL_ParkReservoir,sm_only,train,20160101,20210628,OK,"INFO_s1_desc_missing_years(2016)|INFO_sif_missing_years(2016,2017)|INFO_soil_nan_pct(6.4%)",True,True,True,True,True,True,True,True,True,True,True,False,293,293,0,100.0,,,2016,,,,,,"2016,2017",,True,293,0,0,131.0,0.0,0.0,196.0,0.0,0.0,True,True,False,False,0.0639,False,False,False,False,,6.0,,False
ISMN_SNOTEL_ParleysSummit,sm_only,train,20160101,20251230,OK,"INFO_s2_missing_years(2016,2017,2018,2019)|INFO_s1_asc_missing_years(2022,2023,2024)|INFO_s1_desc_missing_years(2016)|INFO_cm_missing_years(2016,2017,2018,2019)|INFO_sif_missing_years(2016,2017)|INFO_twsa_missing_years(2025)",True,True,True,True,True,True,True,True,True,True,True,False,435,435,0,100.0,"2016,2017,2018,2019","2022,2023,2024",2016,"2016,2017,2018,2019",,,,,"2016,2017",2025,True,435,0,0,297.0,0.0,0.0,491.0,0.0,0.0,True,True,False,False,0.0,False,False,False,False,,10.0,,False
ISMN_SNOTEL_ParleysUpper,sm_only,train,20190821,20251230,OK,"INFO_s2_missing_years(2019,2020,2021,2022)|INFO_s1_asc_missing_years(2022,2023,2024)|INFO_cm_missing_years(2019,2020,2021,2022)|INFO_twsa_missing_years(2025)",True,True,True,True,True,True,True,True,True,True,True,False,144,144,0,100.0,"2019,2020,2021,2022","2022,2023,2024",,"2019,2020,2021,2022",,,,,,2025,True,144,0,0,179.0,0.0,0.0,367.0,0.0,0.0,True,True,False,False,0.0,False,False,False,False,,7.0,,False
ISMN_SNOTEL_ParrishCreek,sm_only,oos,20160101,20251230,OK,"INFO_s1_asc_missing_years(2022,2023,2024)|INFO_s1_desc_missing_years(2016)|INFO_sif_missing_years(2016,2017)|INFO_twsa_missing_years(2025)",True,True,True,True,True,True,True,True,True,True,True,False,651,651,0,100.0,,"2022,2023,2024",2016,,,,,,"2016,2017",2025,True,651,0,0,298.0,0.0,0.0,257.0,0.0,0.0,True,True,False,False,0.0,False,False,False,False,,10.0,,False
ISMN_SNOTEL_PaysonR.S.,sm_only,oos,20160101,20251230,OK,"INFO_s1_asc_missing_years(2022,2023,2024)|INFO_s1_desc_missing_years(2016)|INFO_sif_missing_years(2016,2017)|INFO_twsa_missing_years(2025)|INFO_soil_nan_pct(1.0%)",True,True,True,True,True,True,True,True,True,True,True,False,327,327,0,100.0,,"2022,2023,2024",2016,,,,,,"2016,2017",2025,True,327,0,0,297.0,0.0,0.0,493.0,0.0,0.0,True,True,False,False,0.0104,False,False,False,False,,10.0,,False
ISMN_SNOTEL_PebbleCreek,sm_only,oos,20211013,20251230,OK,"INFO_s1_asc_missing_years(2022,2023,2024)|INFO_twsa_missing_years(2025)",True,True,True,True,True,True,True,True,True,True,True,False,137,137,0,100.0,,"2022,2023,2024",,,,,,,,2025,True,137,0,0,55.0,0.0,0.0,119.0,0.0,0.0,True,True,False,False,0.0,False,False,False,False,,5.0,,False
ISMN_SNOTEL_PhantomValley,sm_only,train,20160101,20231224,OK,"INFO_s1_desc_missing_years(2016)|INFO_sif_missing_years(2016,2017)",True,True,True,True,True,True,True,True,True,True,True,False,223,223,0,100.0,,,2016,,,,,,"2016,2017",,True,223,0,0,340.0,0.0,0.0,204.0,0.0,0.0,True,True,False,False,0.0,False,False,False,False,,8.0,,False
ISMN_SNOTEL_PickleKeg,sm_only,train,20160101,20220216,OK,"INFO_s1_asc_missing_years(2022)|INFO_s1_desc_missing_years(2016)|INFO_sif_missing_years(2016,2017)",True,True,True,True,True,True,True,True,True,True,True,False,176,176,0,100.0,,2022,2016,,,,,,"2016,2017",,True,176,0,0,254.0,0.0,0.0,274.0,0.0,0.0,True,True,False,False,0.0,False,False,False,False,,7.0,,False
ISMN_SNOTEL_PierceR.S.,sm_only,train,20160101,20251230,OK,"INFO_s1_asc_missing_years(2022,2023,2024)|INFO_s1_desc_missing_years(2016)|INFO_sif_missing_years(2016,2017)|INFO_twsa_missing_years(2025)",True,True,True,True,True,True,True,True,True,True,True,False,237,237,0,100.0,,"2022,2023,2024",2016,,,,,,"2016,2017",2025,True,237,0,0,250.0,0.0,0.0,288.0,0.0,0.0,True,True,False,False,0.0,False,False,False,False,,10.0,,False
ISMN_SNOTEL_PineCreek,sm_only,oos,20160101,20251230,OK,"INFO_s1_asc_missing_years(2022,2023,2024)|INFO_s1_desc_missing_years(2016)|INFO_sif_missing_years(2016,2017)|INFO_twsa_missing_years(2025)|INFO_soil_nan_pct(0.0%)",True,True,True,True,True,True,True,True,True,True,True,False,640,640,0,100.0,,"2022,2023,2024",2016,,,,,,"2016,2017",2025,True,640,0,0,156.0,0.0,0.0,259.0,0.0,0.0,True,True,False,False,0.0004,False,False,False,False,,10.0,,False
ISMN_SNOTEL_PocketCreek,sm_only,train,20170712,20230920,OK,"INFO_s1_asc_missing_years(2022,2023)|INFO_sif_missing_years(2017)",True,True,True,True,True,True,True,True,True,True,True,False,392,392,0,100.0,,"2022,2023",,,,,,,2017,,True,392,0,0,121.0,0.0,0.0,160.0,0.0,0.0,True,True,False,False,0.0,False,False,False,False,,7.0,,False
ISMN_SNOTEL_PoisonFlat,sm_only,train,20160101,20220720,OK,"INFO_sif_missing_years(2016,2017)",True,True,True,True,True,True,True,True,True,True,True,False,249,249,0,100.0,,,,,,,,,"2016,2017",,True,249,0,0,501.0,0.0,0.0,465.0,0.0,0.0,True,True,False,False,0.0,False,False,False,False,,7.0,,False
ISMN_SNOTEL_PoleCanyon,sm_only,train,20160101,20251230,OK,"INFO_s1_asc_missing_years(2022,2023,2024)|INFO_s1_desc_missing_years(2016)|INFO_sif_missing_years(2016,2017)|INFO_twsa_missing_years(2025)",True,True,True,True,True,True,True,True,True,True,True,False,338,338,0,100.0,,"2022,2023,2024",2016,,,,,,"2016,2017",2025,True,338,0,0,96.0,0.0,0.0,464.0,0.0,0.0,True,True,False,False,0.0,False,False,False,False,,10.0,,False
ISMN_SNOTEL_PoleCreekR.S.,sm_only,train,20160101,20190716,OK,"INFO_s1_asc_missing_years(2017)|INFO_s1_desc_missing_years(2016)|INFO_sif_missing_years(2016,2017)",True,True,True,True,True,True,True,True,True,True,True,False,88,88,0,100.0,,2017,2016,,,,,,"2016,2017",,True,88,0,0,11.0,0.0,0.0,81.0,0.0,0.0,True,True,False,False,0.0,False,False,False,False,,4.0,,False
ISMN_SNOTEL_PorphyryCreek,sm_only,train,20160101,20220706,OK,"INFO_s1_asc_missing_years(2022)|INFO_s1_desc_missing_years(2016)|INFO_sif_missing_years(2016,2017)",True,True,True,True,True,True,True,True,True,True,True,False,177,177,0,100.0,,2022,2016,,,,,,"2016,2017",,True,177,0,0,125.0,0.0,0.0,164.0,0.0,0.0,True,True,False,False,0.0,False,False,False,False,,7.0,,False
ISMN_SNOTEL_PortGraham,sm_only,train,20160101,20220601,OK,"INFO_s1_asc_missing_years(2022)|INFO_s1_desc_missing_years(2016)|INFO_sif_missing_years(2016,2017)|INFO_soil_nan_pct(29.3%)",True,True,True,True,True,True,True,True,True,True,True,False,182,182,0,100.0,,2022,2016,,,,,,"2016,2017",,True,182,0,0,115.0,0.0,0.0,124.0,0.0,0.0,True,True,False,False,0.2933,False,False,False,False,,7.0,,False
ISMN_SNOTEL_PorterCanyon,sm_only,val,20160101,20251230,OK,"INFO_s1_desc_missing_years(2016)|INFO_sif_missing_years(2016,2017)|INFO_twsa_missing_years(2025)",True,True,True,True,True,True,True,True,True,True,True,False,718,718,0,100.0,,,2016,,,,,,"2016,2017",2025,True,718,0,0,498.0,0.0,0.0,711.0,0.0,0.0,True,True,False,False,0.0,False,False,False,False,,10.0,,False
ISMN_SNOTEL_PowderMountain,sm_only,oos,20220627,20251230,OK,"INFO_s1_asc_missing_years(2022,2023,2024)|INFO_twsa_missing_years(2025)",True,True,True,True,True,True,True,True,True,True,True,False,250,250,0,100.0,,"2022,2023,2024",,,,,,,,2025,True,250,0,0,44.0,0.0,0.0,98.0,0.0,0.0,True,True,False,False,0.0,False,False,False,False,,4.0,,False
ISMN_SNOTEL_QuartzMountain,sm_only,train,20220901,20251230,OK,INFO_twsa_missing_years(2025),True,True,True,True,True,True,True,True,True,True,True,False,134,134,0,100.0,,,,,,,,,,2025,True,134,0,0,232.0,0.0,0.0,185.0,0.0,0.0,True,True,False,False,0.0,False,False,False,False,,4.0,,False
ISMN_SNOTEL_QuartzPeak,sm_only,oos,20190822,20251230,OK,"INFO_s1_asc_missing_years(2022,2023,2024)|INFO_twsa_missing_years(2025)",True,True,True,True,True,True,True,True,True,True,True,False,288,288,0,100.0,,"2022,2023,2024",,,,,,,,2025,True,288,0,0,173.0,0.0,0.0,251.0,0.0,0.0,True,True,False,False,0.0,False,False,False,False,,7.0,,False
ISMN_SNOTEL_Quemazon,sm_only,train,20180509,20250321,OK,INFO_twsa_missing_years(2025),True,True,True,True,True,True,True,True,True,True,True,False,482,482,0,100.0,,,,,,,,,,2025,True,482,0,0,269.0,0.0,0.0,398.0,0.0,0.0,True,True,False,False,0.0,False,False,False,False,,8.0,,False
ISMN_SNOTEL_RaggedMountain,sm_only,val,20160101,20250318,OK,"INFO_s1_asc_missing_years(2022,2023,2024,2025)|INFO_s1_desc_missing_years(2016)|INFO_sif_missing_years(2016,2017)|INFO_twsa_missing_years(2025)",True,True,True,True,True,True,True,True,True,True,True,False,343,343,0,100.0,,"2022,2023,2024,2025",2016,,,,,,"2016,2017",2025,True,343,0,0,221.0,0.0,0.0,372.0,0.0,0.0,True,True,False,False,0.0,False,False,False,False,,10.0,,False
ISMN_SNOTEL_RainbowCanyon,sm_only,oos,20160101,20251230,OK,"INFO_s1_asc_missing_years(2022,2023,2024)|INFO_s1_desc_missing_years(2016)|INFO_sif_missing_years(2016,2017)|INFO_twsa_missing_years(2025)|INFO_soil_nan_pct(0.0%)",True,True,True,True,True,True,True,True,True,True,True,False,836,836,0,100.0,,"2022,2023,2024",2016,,,,,,"2016,2017",2025,True,836,0,0,171.0,0.0,0.0,342.0,0.0,0.0,True,True,False,False,0.0002,False,False,False,False,,10.0,,False
ISMN_SNOTEL_RainyPass,sm_only,oos,20210202,20251102,OK,INFO_twsa_missing_years(2025)|INFO_soil_nan_pct(0.4%),True,True,True,True,True,True,True,True,True,True,True,False,127,127,0,100.0,,,,,,,,,,2025,True,127,0,0,141.0,0.0,0.0,129.0,0.0,0.0,True,True,False,False,0.0038,False,False,False,False,,5.0,,False
ISMN_SNOTEL_ReddenMineLwr,sm_only,train,20160101,20250321,OK,"INFO_s1_asc_missing_years(2022,2023,2024,2025)|INFO_s1_desc_missing_years(2016)|INFO_sif_missing_years(2016,2017)|INFO_twsa_missing_years(2025)",True,True,True,True,True,True,True,True,True,True,True,False,275,275,0,100.0,,"2022,2023,2024,2025",2016,,,,,,"2016,2017",2025,True,275,0,0,130.0,0.0,0.0,446.0,0.0,0.0,True,True,False,False,0.0,False,False,False,False,,10.0,,False
ISMN_SNOTEL_ReesFlat,sm_only,train,20160101,20251119,OK,"INFO_s1_asc_missing_years(2022,2023,2024)|INFO_s1_desc_missing_years(2016)|INFO_sif_missing_years(2016,2017)|INFO_twsa_missing_years(2025)",True,True,True,True,True,True,True,True,True,True,True,False,338,338,0,100.0,,"2022,2023,2024",2016,,,,,,"2016,2017",2025,True,338,0,0,292.0,0.0,0.0,487.0,0.0,0.0,True,True,False,False,0.0,False,False,False,False,,10.0,,False
ISMN_SNOTEL_ReynoldsCreek,sm_only,train,20160101,20190826,OK,"INFO_s1_desc_missing_years(2016)|INFO_sif_missing_years(2016,2017)",True,True,True,True,True,True,True,True,True,True,True,False,89,89,0,100.0,,,2016,,,,,,"2016,2017",,True,89,0,0,91.0,0.0,0.0,152.0,0.0,0.0,True,True,False,False,0.0,False,False,False,False,,4.0,,False
ISMN_SNOTEL_RioSantaBarbara,sm_only,oos,20170921,20251230,OK,INFO_sif_missing_years(2017)|INFO_twsa_missing_years(2025),True,True,True,True,True,True,True,True,True,True,True,False,635,635,0,100.0,,,,,,,,,2017,2025,True,635,0,0,207.0,0.0,0.0,236.0,0.0,0.0,True,True,False,False,0.0,False,False,False,False,,9.0,,False
ISMN_SNOTEL_RockCreek,sm_only,oos,20160101,20250223,OK,"INFO_s1_asc_missing_years(2022,2023,2024,2025)|INFO_s1_desc_missing_years(2016)|INFO_sif_missing_years(2016,2017)|INFO_twsa_missing_years(2025)",True,True,True,True,True,True,True,True,True,True,True,False,259,259,0,100.0,,"2022,2023,2024,2025",2016,,,,,,"2016,2017",2025,True,259,0,0,119.0,0.0,0.0,210.0,0.0,0.0,True,True,False,False,0.0,False,False,False,False,,10.0,,False
ISMN_SNOTEL_RockSprings,sm_only,train,20220624,20251230,OK,INFO_twsa_missing_years(2025),True,True,True,True,True,True,True,True,True,True,True,False,245,245,0,100.0,,,,,,,,,,2025,True,245,0,0,135.0,0.0,0.0,197.0,0.0,0.0,True,True,False,False,0.0,False,False,False,False,,4.0,,False
ISMN_SNOTEL_RockwoodGS,sm_only,oos,20220909,20251230,OK,"INFO_s1_asc_missing_years(2022,2023,2024)|INFO_twsa_missing_years(2025)",True,True,True,True,True,True,True,True,True,True,True,False,226,226,0,100.0,,"2022,2023,2024",,,,,,,,2025,True,226,0,0,22.0,0.0,0.0,94.0,0.0,0.0,True,True,False,False,0.0,False,False,False,False,,4.0,,False
ISMN_SNOTEL_RockyBasin-Settleme,sm_only,train,20160101,20220707,OK,"INFO_s1_asc_missing_years(2022)|INFO_s1_desc_missing_years(2016)|INFO_sif_missing_years(2016,2017)",True,True,True,True,True,True,True,True,True,True,True,False,359,359,0,100.0,,2022,2016,,,,,,"2016,2017",,True,359,0,0,134.0,0.0,0.0,160.0,0.0,0.0,True,True,False,False,0.0,False,False,False,False,,7.0,,False
ISMN_SNOTEL_RoughAndTumble,sm_only,train,20160101,20210807,OK,"INFO_s1_desc_missing_years(2016)|INFO_sif_missing_years(2016,2017)",True,True,True,True,True,True,True,True,True,True,True,False,166,166,0,100.0,,,2016,,,,,,"2016,2017",,True,166,0,0,113.0,0.0,0.0,136.0,0.0,0.0,True,True,False,False,0.0,False,False,False,False,,6.0,,False
ISMN_SNOTEL_Rubicon#2,sm_only,train,20160101,20251230,OK,"INFO_sif_missing_years(2016,2017)|INFO_twsa_missing_years(2025)",True,True,True,True,True,True,True,True,True,True,True,False,756,756,0,100.0,,,,,,,,,"2016,2017",2025,True,756,0,0,385.0,0.0,0.0,704.0,0.0,0.0,True,True,False,False,0.0,False,False,False,False,,10.0,,False
ISMN_SNOTEL_SageCreekBasin,sm_only,train,20160101,20200511,OK,"INFO_s1_desc_missing_years(2016)|INFO_sif_missing_years(2016,2017)",True,True,True,True,True,True,True,True,True,True,True,False,205,205,0,100.0,,,2016,,,,,,"2016,2017",,True,205,0,0,75.0,0.0,0.0,195.0,0.0,0.0,True,True,False,False,0.0,False,False,False,False,,5.0,,False
ISMN_SNOTEL_SaltRiverSummit,sm_only,train,20160101,20251230,OK,"INFO_s1_asc_missing_years(2022,2023,2024)|INFO_s1_desc_missing_years(2016)|INFO_sif_missing_years(2016,2017)|INFO_twsa_missing_years(2025)",True,True,True,True,True,True,True,True,True,True,True,False,530,530,0,100.0,,"2022,2023,2024",2016,,,,,,"2016,2017",2025,True,530,0,0,139.0,0.0,0.0,494.0,0.0,0.0,True,True,False,False,0.0,False,False,False,False,,10.0,,False
ISMN_SNOTEL_SandstoneRS,sm_only,oos,20170817,20251230,OK,INFO_sif_missing_years(2017)|INFO_twsa_missing_years(2025),True,True,True,True,True,True,True,True,True,True,True,False,563,563,0,100.0,,,,,,,,,2017,2025,True,563,0,0,210.0,0.0,0.0,490.0,0.0,0.0,True,True,False,False,0.0,False,False,False,False,,9.0,,False
ISMN_SNOTEL_SantaFe,sm_only,train,20160101,20251230,OK,"INFO_s1_desc_missing_years(2016)|INFO_sif_missing_years(2016,2017)|INFO_twsa_missing_years(2025)",True,True,True,True,True,True,True,True,True,True,True,False,649,649,0,100.0,,,2016,,,,,,"2016,2017",2025,True,649,0,0,226.0,0.0,0.0,515.0,0.0,0.0,True,True,False,False,0.0,False,False,False,False,,10.0,,False
ISMN_SNOTEL_SantaquinMeadows,sm_only,val,20161027,20240109,OK,"INFO_s1_asc_missing_years(2022,2023,2024)|INFO_s1_desc_missing_years(2016,2024)|INFO_sif_missing_years(2016,2017)",True,True,True,True,True,True,True,True,True,True,True,False,234,234,0,100.0,,"2022,2023,2024","2016,2024",,,,,,"2016,2017",,True,234,0,0,248.0,0.0,0.0,382.0,0.0,0.0,True,True,False,False,0.0,False,False,False,False,,9.0,,False
ISMN_SNOTEL_SavagePass,sm_only,train,20180822,20251230,OK,"INFO_s1_asc_missing_years(2022,2023,2024)|INFO_s1_desc_missing_years(2018,2019,2020,2022,2023,2024)|INFO_twsa_missing_years(2025)",True,True,True,True,True,True,True,True,True,True,True,False,309,309,0,100.0,,"2022,2023,2024","2018,2019,2020,2022,2023,2024",,,,,,,2025,True,309,0,0,207.0,0.0,0.0,22.0,0.0,0.0,True,True,False,False,0.0,False,False,False,False,,8.0,,False
ISMN_SNOTEL_Sawtooth,sm_only,val,20180206,20220406,OK,INFO_s1_asc_missing_years(2022)|INFO_soil_nan_pct(0.1%),True,True,True,True,True,True,True,True,True,True,True,False,151,151,0,100.0,,2022,,,,,,,,,True,151,0,0,200.0,0.0,0.0,249.0,0.0,0.0,True,True,False,False,0.0005,False,False,False,False,,5.0,,False
ISMN_SNOTEL_SchofieldPass,sm_only,train,20160101,20251230,OK,"INFO_s1_desc_missing_years(2016)|INFO_sif_missing_years(2016,2017)|INFO_twsa_missing_years(2025)|INFO_soil_nan_pct(2.6%)",True,True,True,True,True,True,True,True,True,True,True,False,312,312,0,100.0,,,2016,,,,,,"2016,2017",2025,True,312,0,0,482.0,0.0,0.0,522.0,0.0,0.0,True,True,False,False,0.0263,False,False,False,False,,10.0,,False
ISMN_SNOTEL_SeeleyCreek,sm_only,train,20160101,20251013,OK,"INFO_s1_asc_missing_years(2022,2023,2024)|INFO_s1_desc_missing_years(2016)|INFO_sif_missing_years(2016,2017)|INFO_twsa_missing_years(2025)|INFO_soil_nan_pct(0.6%)",True,True,True,True,True,True,True,True,True,True,True,False,330,330,0,100.0,,"2022,2023,2024",2016,,,,,,"2016,2017",2025,True,330,0,0,285.0,0.0,0.0,480.0,0.0,0.0,True,True,False,False,0.0058,False,False,False,False,,10.0,,False
ISMN_SNOTEL_SenoritaDivide#2,sm_only,train,20210306,20250321,OK,INFO_twsa_missing_years(2025),True,True,True,True,True,True,True,True,True,True,True,False,163,163,0,100.0,,,,,,,,,,2025,True,163,0,0,123.0,0.0,0.0,116.0,0.0,0.0,True,True,False,False,0.0,False,False,False,False,,5.0,,False
ISMN_SNOTEL_SeventysixCreek,sm_only,train,20160101,20230910,OK,"INFO_s1_desc_missing_years(2016)|INFO_sif_missing_years(2016,2017)",True,True,True,True,True,True,True,True,True,True,True,False,196,196,0,100.0,,,2016,,,,,,"2016,2017",,True,196,0,0,187.0,0.0,0.0,337.0,0.0,0.0,True,True,False,False,0.0,False,False,False,False,,8.0,,False
ISMN_SNOTEL_ShanghiSummit,sm_only,train,20190806,20251230,OK,"INFO_s1_asc_missing_years(2022,2023,2024)|INFO_twsa_missing_years(2025)",True,True,True,True,True,True,True,True,True,True,True,False,156,156,0,100.0,,"2022,2023,2024",,,,,,,,2025,True,156,0,0,173.0,0.0,0.0,207.0,0.0,0.0,True,True,False,False,0.0,False,False,False,False,,7.0,,False
ISMN_SNOTEL_Sharkstooth,sm_only,oos,20160101,20200721,OK,"INFO_s1_desc_missing_years(2016)|INFO_sif_missing_years(2016,2017)",True,True,True,True,True,True,True,True,True,True,True,False,235,235,0,100.0,,,2016,,,,,,"2016,2017",,True,235,0,0,103.0,0.0,0.0,207.0,0.0,0.0,True,True,False,False,0.0,False,False,False,False,,5.0,,False
ISMN_SNOTEL_SheepMtn.,sm_only,oos,20160101,20251230,OK,"INFO_s1_asc_missing_years(2022,2023,2024)|INFO_s1_desc_missing_years(2016)|INFO_sif_missing_years(2016,2017)|INFO_twsa_missing_years(2025)",True,True,True,True,True,True,True,True,True,True,True,False,576,576,0,100.0,,"2022,2023,2024",2016,,,,,,"2016,2017",2025,True,576,0,0,139.0,0.0,0.0,259.0,0.0,0.0,True,True,False,False,0.0,False,False,False,False,,10.0,,False
ISMN_SNOTEL_Sheldon,sm_only,train,20160101,20230508,OK,"INFO_s1_desc_missing_years(2016)|INFO_sif_missing_years(2016,2017)|INFO_soil_nan_pct(0.0%)",True,True,True,True,True,True,True,True,True,True,True,False,471,471,0,100.0,,,2016,,,,,,"2016,2017",,True,471,0,0,251.0,0.0,0.0,370.0,0.0,0.0,True,True,False,False,0.0004,False,False,False,False,,8.0,,False
ISMN_SNOTEL_Sherwin,sm_only,val,20201014,20251230,OK,"INFO_s1_asc_missing_years(2022,2023,2024)|INFO_twsa_missing_years(2025)",True,True,True,True,True,True,True,True,True,True,True,False,131,131,0,100.0,,"2022,2023,2024",,,,,,,,2025,True,131,0,0,56.0,0.0,0.0,171.0,0.0,0.0,True,True,False,False,0.0,False,False,False,False,,6.0,,False
ISMN_SNOTEL_Shuree,sm_only,train,20190606,20251230,OK,INFO_twsa_missing_years(2025),True,True,True,True,True,True,True,True,True,True,True,False,277,277,0,100.0,,,,,,,,,,2025,True,277,0,0,177.0,0.0,0.0,187.0,0.0,0.0,True,True,False,False,0.0,False,False,False,False,,7.0,,False
ISMN_SNOTEL_Silvies,sm_only,oos,20221001,20251230,OK,INFO_twsa_missing_years(2025),True,True,True,True,True,True,True,True,True,True,True,False,240,240,0,100.0,,,,,,,,,,2025,True,240,0,0,130.0,0.0,0.0,178.0,0.0,0.0,True,True,False,False,0.0,False,False,False,False,,4.0,,False
ISMN_SNOTEL_Slumgullion,sm_only,train,20171026,20251230,OK,INFO_sif_missing_years(2017)|INFO_twsa_missing_years(2025),True,True,True,True,True,True,True,True,True,True,True,False,322,322,0,100.0,,,,,,,,,2017,2025,True,322,0,0,345.0,0.0,0.0,241.0,0.0,0.0,True,True,False,False,0.0,False,False,False,False,,9.0,,False
ISMN_SNOTEL_SmithMorehouse,sm_only,train,20160101,20221226,OK,"INFO_s1_asc_missing_years(2022)|INFO_s1_desc_missing_years(2016)|INFO_sif_missing_years(2016,2017)",True,True,True,True,True,True,True,True,True,True,True,False,199,199,0,100.0,,2022,2016,,,,,,"2016,2017",,True,199,0,0,119.0,0.0,0.0,323.0,0.0,0.0,True,True,False,False,0.0,False,False,False,False,,7.0,,False
ISMN_SNOTEL_SnakeRiverStation,sm_only,val,20160101,20251230,OK,"INFO_s1_asc_missing_years(2022,2023,2024)|INFO_s1_desc_missing_years(2016)|INFO_sif_missing_years(2016,2017)|INFO_twsa_missing_years(2025)|INFO_soil_nan_pct(0.5%)",True,True,True,True,True,True,True,True,True,True,True,False,483,483,0,100.0,,"2022,2023,2024",2016,,,,,,"2016,2017",2025,True,483,0,0,296.0,0.0,0.0,494.0,0.0,0.0,True,True,False,False,0.0053,False,False,False,False,,10.0,,False
ISMN_SNOTEL_Snowbird,sm_only,train,20190711,20251230,OK,"INFO_s1_asc_missing_years(2022,2023,2024)|INFO_twsa_missing_years(2025)|INFO_soil_nan_pct(0.2%)",True,True,True,True,True,True,True,True,True,True,True,False,467,467,0,100.0,,"2022,2023,2024",,,,,,,,2025,True,467,0,0,186.0,0.0,0.0,374.0,0.0,0.0,True,True,False,False,0.002,False,False,False,False,,7.0,,False
ISMN_SNOTEL_SomsenRanch,sm_only,train,20160101,20251230,OK,"INFO_s1_asc_missing_years(2022,2023,2024)|INFO_s1_desc_missing_years(2016)|INFO_sif_missing_years(2016,2017)|INFO_twsa_missing_years(2025)",True,True,True,True,True,True,True,True,True,True,True,False,555,555,0,100.0,,"2022,2023,2024",2016,,,,,,"2016,2017",2025,True,555,0,0,139.0,0.0,0.0,259.0,0.0,0.0,True,True,False,False,0.0,False,False,False,False,,10.0,,False
ISMN_SNOTEL_SonoraPass,sm_only,val,20160101,20230615,OK,"INFO_s1_asc_missing_years(2022,2023)|INFO_sif_missing_years(2016,2017)",True,True,True,True,True,True,True,True,True,True,True,False,299,299,0,100.0,,"2022,2023",,,,,,,"2016,2017",,True,299,0,0,457.0,0.0,0.0,518.0,0.0,0.0,True,True,False,False,0.0,False,False,False,False,,8.0,,False
ISMN_SNOTEL_SourdoughGulch,sm_only,train,20160101,20250623,OK,"INFO_s1_asc_missing_years(2022,2023,2024)|INFO_s1_desc_missing_years(2016)|INFO_sif_missing_years(2016,2017)|INFO_twsa_missing_years(2025)",True,True,True,True,True,True,True,True,True,True,True,False,510,510,0,100.0,,"2022,2023,2024",2016,,,,,,"2016,2017",2025,True,510,0,0,232.0,0.0,0.0,243.0,0.0,0.0,True,True,False,False,0.0,False,False,False,False,,10.0,,False
ISMN_SNOTEL_SouthBrushCreek,sm_only,train,20170818,20251230,OK,INFO_sif_missing_years(2017)|INFO_twsa_missing_years(2025),True,True,True,True,True,True,True,True,True,True,True,False,530,530,0,100.0,,,,,,,,,2017,2025,True,530,0,0,210.0,0.0,0.0,490.0,0.0,0.0,True,True,False,False,0.0,False,False,False,False,,9.0,,False
ISMN_SNOTEL_SouthMtn.,sm_only,val,20160101,20251230,OK,"INFO_s1_asc_missing_years(2022,2023,2024)|INFO_s1_desc_missing_years(2016)|INFO_sif_missing_years(2016,2017)|INFO_twsa_missing_years(2025)",True,True,True,True,True,True,True,True,True,True,True,False,599,599,0,100.0,,"2022,2023,2024",2016,,,,,,"2016,2017",2025,True,599,0,0,171.0,0.0,0.0,583.0,0.0,0.0,True,True,False,False,0.0,False,False,False,False,,10.0,,False
ISMN_SNOTEL_SpiritLk,sm_only,train,20160101,20241225,OK,"INFO_s1_asc_missing_years(2022,2024)|INFO_s1_desc_missing_years(2016)|INFO_sif_missing_years(2016,2017)|INFO_soil_nan_pct(3.6%)",True,True,True,True,True,True,True,True,True,True,True,False,495,495,0,100.0,,"2022,2024",2016,,,,,,"2016,2017",,True,495,0,0,150.0,0.0,0.0,205.0,0.0,0.0,True,True,False,False,0.0365,False,False,False,False,,9.0,,False
ISMN_SNOTEL_SprattCreek,sm_only,train,20160101,20210715,OK,"INFO_sif_missing_years(2016,2017)",True,True,True,True,True,True,True,True,True,True,True,False,382,382,0,100.0,,,,,,,,,"2016,2017",,True,382,0,0,405.0,0.0,0.0,379.0,0.0,0.0,True,True,False,False,0.0,False,False,False,False,,6.0,,False
ISMN_SNOTEL_SpringCreek,sm_only,train,20191206,20251230,OK,"INFO_s2_missing_years(2019)|INFO_s1_asc_missing_years(2022,2023,2024)|INFO_cm_missing_years(2019)|INFO_twsa_missing_years(2025)|INFO_soil_nan_pct(0.0%)",True,True,True,True,True,True,True,True,True,True,True,False,217,217,0,100.0,2019,"2022,2023,2024",,2019,,,,,,2025,True,217,0,0,69.0,0.0,0.0,309.0,0.0,0.0,True,True,False,False,0.0004,False,False,False,False,,7.0,,False
ISMN_SNOTEL_StateLine,sm_only,train,20210706,20250321,OK,INFO_twsa_missing_years(2025),True,True,True,True,True,True,True,True,True,True,True,False,152,152,0,100.0,,,,,,,,,,2025,True,152,0,0,237.0,0.0,0.0,214.0,0.0,0.0,True,True,False,False,0.0,False,False,False,False,,5.0,,False
ISMN_SNOTEL_SteelCreekPark,sm_only,train,20160101,20251230,OK,"INFO_s1_asc_missing_years(2022,2023,2024)|INFO_s1_desc_missing_years(2016)|INFO_sif_missing_years(2016,2017)|INFO_twsa_missing_years(2025)",True,True,True,True,True,True,True,True,True,True,True,False,277,277,0,100.0,,"2022,2023,2024",2016,,,,,,"2016,2017",2025,True,277,0,0,141.0,0.0,0.0,234.0,0.0,0.0,True,True,False,False,0.0,False,False,False,False,,10.0,,False
ISMN_SNOTEL_StickneyMill,sm_only,oos,20160730,20251230,OK,"INFO_s1_desc_missing_years(2016,2018)|INFO_sif_missing_years(2016,2017)|INFO_twsa_missing_years(2025)|INFO_soil_nan_pct(13.3%)",True,True,True,True,True,True,True,True,True,True,True,False,320,320,0,100.0,,,"2016,2018",,,,,,"2016,2017",2025,True,320,0,0,424.0,0.0,0.0,372.0,0.0,0.0,True,True,False,False,0.1326,False,False,False,False,,10.0,,False
ISMN_SNOTEL_StillwaterCreek,sm_only,train,20201118,20251230,OK,INFO_twsa_missing_years(2025),True,True,True,True,True,True,True,True,True,True,True,False,192,192,0,100.0,,,,,,,,,,2025,True,192,0,0,137.0,0.0,0.0,148.0,0.0,0.0,True,True,False,False,0.0,False,False,False,False,,6.0,,False
ISMN_SNOTEL_StrawberryDivide,sm_only,oos,20161105,20251230,OK,"INFO_s1_asc_missing_years(2022,2023,2024)|INFO_s1_desc_missing_years(2016)|INFO_sif_missing_years(2016,2017)|INFO_twsa_missing_years(2025)",True,True,True,True,True,True,True,True,True,True,True,False,338,338,0,100.0,,"2022,2023,2024",2016,,,,,,"2016,2017",2025,True,338,0,0,291.0,0.0,0.0,492.0,0.0,0.0,True,True,False,False,0.0,False,False,False,False,,10.0,,False
ISMN_SNOTEL_SummitCreek,sm_only,train,20160101,20210920,OK,"INFO_s1_desc_missing_years(2016)|INFO_sif_missing_years(2016,2017)|INFO_soil_nan_pct(3.5%)",True,True,True,True,True,True,True,True,True,True,True,False,139,139,0,100.0,,,2016,,,,,,"2016,2017",,True,139,0,0,105.0,0.0,0.0,197.0,0.0,0.0,True,True,False,False,0.0347,False,False,False,False,,6.0,,False
ISMN_SNOTEL_SummitLk,sm_only,train,20180820,20251230,OK,INFO_twsa_missing_years(2025),True,True,True,True,True,True,True,True,True,True,True,False,602,602,0,100.0,,,,,,,,,,2025,True,602,0,0,292.0,0.0,0.0,426.0,0.0,0.0,True,True,False,False,0.0,False,False,False,False,,8.0,,False
ISMN_SNOTEL_SummitMeadow,sm_only,train,20160101,20251126,OK,"INFO_sif_missing_years(2016,2017)|INFO_twsa_missing_years(2025)|INFO_soil_nan_pct(0.4%)",True,True,True,True,True,True,True,True,True,True,True,False,432,432,0,100.0,,,,,,,,,"2016,2017",2025,True,432,0,0,735.0,0.0,0.0,691.0,0.0,0.0,True,True,False,False,0.0037,False,False,False,False,,10.0,,False
ISMN_SNOTEL_SummitRanch,sm_only,train,20160106,20210803,OK,"INFO_s1_desc_missing_years(2016)|INFO_sif_missing_years(2016,2017)",True,True,True,True,True,True,True,True,True,True,True,False,173,173,0,100.0,,,2016,,,,,,"2016,2017",,True,173,0,0,113.0,0.0,0.0,136.0,0.0,0.0,True,True,False,False,0.0,False,False,False,False,,6.0,,False
ISMN_SNOTEL_SunflowerFlat,sm_only,val,20160101,20251119,OK,"INFO_s1_asc_missing_years(2022,2023,2024)|INFO_s1_desc_missing_years(2016)|INFO_sif_missing_years(2016,2017)|INFO_twsa_missing_years(2025)|INFO_soil_nan_pct(0.1%)",True,True,True,True,True,True,True,True,True,True,True,False,308,308,0,100.0,,"2022,2023,2024",2016,,,,,,"2016,2017",2025,True,308,0,0,291.0,0.0,0.0,231.0,0.0,0.0,True,True,False,False,0.0005,False,False,False,False,,10.0,,False
ISMN_SNOTEL_Sunset,sm_only,train,20160826,20210915,OK,"INFO_s1_desc_missing_years(2016)|INFO_sif_missing_years(2016,2017)",True,True,True,True,True,True,True,True,True,True,True,False,92,92,0,100.0,,,2016,,,,,,"2016,2017",,True,92,0,0,187.0,0.0,0.0,264.0,0.0,0.0,True,True,False,False,0.0,False,False,False,False,,6.0,,False
ISMN_SNOTEL_SusitnaValleyHigh,sm_only,train,20160101,20240502,OK,"INFO_s2_missing_years(2016,2017,2018,2019,2020,2021)|INFO_s1_asc_missing_years(2022,2023,2024)|INFO_s1_desc_missing_years(2016)|INFO_cm_missing_years(2016,2017,2018,2019,2020,2021)|INFO_sif_missing_years(2016,2017)|INFO_soil_nan_pct(5.3%)",True,True,True,True,True,True,True,True,True,True,True,False,107,107,0,100.0,"2016,2017,2018,2019,2020,2021","2022,2023,2024",2016,"2016,2017,2018,2019,2020,2021",,,,,"2016,2017",,True,107,0,0,105.0,0.0,0.0,189.0,0.0,0.0,True,True,False,False,0.0533,False,False,False,False,,9.0,,False
ISMN_SNOTEL_SuuRanch,sm_only,train,20160101,20251230,OK,"INFO_s2_missing_years(2016,2017,2018,2019,2020,2021,2022)|INFO_s1_asc_missing_years(2022,2023,2024)|INFO_s1_desc_missing_years(2016)|INFO_cm_missing_years(2016,2017,2018,2019,2020,2021,2022)|INFO_sif_missing_years(2016,2017)|INFO_twsa_missing_years(2025)",True,True,True,True,True,True,True,True,True,True,True,False,188,188,0,100.0,"2016,2017,2018,2019,2020,2021,2022","2022,2023,2024",2016,"2016,2017,2018,2019,2020,2021,2022",,,,,"2016,2017",2025,True,188,0,0,255.0,0.0,0.0,257.0,0.0,0.0,True,True,False,False,0.0,False,False,False,False,,10.0,,False
ISMN_SNOTEL_SwedePeak,sm_only,train,20190119,20251230,OK,"INFO_s2_missing_years(2019,2020,2021,2022,2023)|INFO_s1_desc_missing_years(2019,2020)|INFO_cm_missing_years(2019,2020,2021,2022,2023)|INFO_twsa_missing_years(2025)",True,True,True,True,True,True,True,True,True,True,True,False,108,108,0,100.0,"2019,2020,2021,2022,2023",,"2019,2020","2019,2020,2021,2022,2023",,,,,,2025,True,108,0,0,251.0,0.0,0.0,114.0,0.0,0.0,True,True,False,False,0.0,False,False,False,False,,7.0,,False
ISMN_SNOTEL_TahoeCityCross,sm_only,train,20160101,20251230,OK,"INFO_sif_missing_years(2016,2017)|INFO_twsa_missing_years(2025)|INFO_soil_nan_pct(0.1%)",True,True,True,True,True,True,True,True,True,True,True,False,823,823,0,100.0,,,,,,,,,"2016,2017",2025,True,823,0,0,384.0,0.0,0.0,703.0,0.0,0.0,True,True,False,False,0.0015,False,False,False,False,,10.0,,False
ISMN_SNOTEL_TakkaWiiya,sm_only,train,20161102,20240513,OK,"INFO_s1_asc_missing_years(2022,2023,2024)|INFO_s1_desc_missing_years(2016,2018,2019,2020)|INFO_sif_missing_years(2016,2017)",True,True,True,True,True,True,True,True,True,True,True,False,240,240,0,100.0,,"2022,2023,2024","2016,2018,2019,2020",,,,,,"2016,2017",,True,240,0,0,207.0,0.0,0.0,72.0,0.0,0.0,True,True,False,False,0.0,False,False,False,False,,9.0,,False
ISMN_SNOTEL_TaosPowderhorn,sm_only,train,20160101,20251230,OK,"INFO_s1_desc_missing_years(2016)|INFO_sif_missing_years(2016,2017)|INFO_twsa_missing_years(2025)",True,True,True,True,True,True,True,True,True,True,True,False,678,678,0,100.0,,,2016,,,,,,"2016,2017",2025,True,678,0,0,225.0,0.0,0.0,254.0,0.0,0.0,True,True,False,False,0.0,False,False,False,False,,10.0,,False
ISMN_SNOTEL_TaosPueblo,sm_only,train,20210923,20250321,OK,INFO_twsa_missing_years(2025),True,True,True,True,True,True,True,True,True,True,True,False,125,125,0,100.0,,,,,,,,,,2025,True,125,0,0,83.0,0.0,0.0,98.0,0.0,0.0,True,True,False,False,0.0,False,False,False,False,,5.0,,False
ISMN_SNOTEL_TaylorCanyon,sm_only,train,20190622,20230510,OK,"INFO_s1_asc_missing_years(2022,2023)",True,True,True,True,True,True,True,True,True,True,True,False,149,149,0,100.0,,"2022,2023",,,,,,,,,True,149,0,0,141.0,0.0,0.0,128.0,0.0,0.0,True,True,False,False,0.0,False,False,False,False,,5.0,,False
ISMN_SNOTEL_TelaquanaLake,sm_only,val,20161017,20251230,OK,"INFO_s1_asc_missing_years(2022,2023,2024)|INFO_s1_desc_missing_years(2016)|INFO_sif_missing_years(2016,2017)|INFO_twsa_missing_years(2025)|INFO_soil_nan_pct(27.0%)",True,True,True,True,True,True,True,True,True,True,True,False,420,420,0,100.0,,"2022,2023,2024",2016,,,,,,"2016,2017",2025,True,420,0,0,138.0,0.0,0.0,426.0,0.0,0.0,True,True,False,False,0.2701,False,False,False,False,,10.0,,False
ISMN_SNOTEL_TempleFork,sm_only,train,20181001,20251230,OK,"INFO_s1_asc_missing_years(2022,2023,2024)|INFO_twsa_missing_years(2025)",True,True,True,True,True,True,True,True,True,True,True,False,487,487,0,100.0,,"2022,2023,2024",,,,,,,,2025,True,487,0,0,213.0,0.0,0.0,210.0,0.0,0.0,True,True,False,False,0.0,False,False,False,False,,8.0,,False
ISMN_SNOTEL_ThaynesCanyon,sm_only,train,20160101,20200201,OK,"INFO_s1_desc_missing_years(2016)|INFO_sif_missing_years(2016,2017)",True,True,True,True,True,True,True,True,True,True,True,False,101,101,0,100.0,,,2016,,,,,,"2016,2017",,True,101,0,0,142.0,0.0,0.0,151.0,0.0,0.0,True,True,False,False,0.0,False,False,False,False,,5.0,,False
ISMN_SNOTEL_ThistleFlat,sm_only,train,20160101,20251230,OK,"INFO_s1_asc_missing_years(2022,2023,2024)|INFO_s1_desc_missing_years(2016)|INFO_sif_missing_years(2016,2017)|INFO_twsa_missing_years(2025)|INFO_soil_nan_pct(0.1%)",True,True,True,True,True,True,True,True,True,True,True,False,315,315,0,100.0,,"2022,2023,2024",2016,,,,,,"2016,2017",2025,True,315,0,0,297.0,0.0,0.0,493.0,0.0,0.0,True,True,False,False,0.0005,False,False,False,False,,10.0,,False
ISMN_SNOTEL_ThumbDivide,sm_only,train,20160101,20250423,OK,"INFO_s1_asc_missing_years(2022,2023,2024)|INFO_s1_desc_missing_years(2016)|INFO_sif_missing_years(2016,2017)|INFO_twsa_missing_years(2025)",True,True,True,True,True,True,True,True,True,True,True,False,426,426,0,100.0,,"2022,2023,2024",2016,,,,,,"2016,2017",2025,True,426,0,0,256.0,0.0,0.0,453.0,0.0,0.0,True,True,False,False,0.0,False,False,False,False,,10.0,,False
ISMN_SNOTEL_Timberline,sm_only,train,20160101,20251230,OK,"INFO_s1_asc_missing_years(2022,2023,2024)|INFO_s1_desc_missing_years(2016)|INFO_sif_missing_years(2016,2017)|INFO_twsa_missing_years(2025)",True,True,True,True,True,True,True,True,True,True,True,False,346,346,0,100.0,,"2022,2023,2024",2016,,,,,,"2016,2017",2025,True,346,0,0,142.0,0.0,0.0,235.0,0.0,0.0,True,True,False,False,0.0,False,False,False,False,,10.0,,False
ISMN_SNOTEL_TimpanogosDivide,sm_only,train,20160101,20251230,OK,"INFO_s1_asc_missing_years(2022,2023,2024)|INFO_s1_desc_missing_years(2016)|INFO_sif_missing_years(2016,2017)|INFO_twsa_missing_years(2025)",True,True,True,True,True,True,True,True,True,True,True,False,329,329,0,100.0,,"2022,2023,2024",2016,,,,,,"2016,2017",2025,True,329,0,0,296.0,0.0,0.0,492.0,0.0,0.0,True,True,False,False,0.0,False,False,False,False,,10.0,,False
ISMN_SNOTEL_Tipton,sm_only,oos,20220623,20251230,OK,INFO_s1_asc_missing_years(2022)|INFO_twsa_missing_years(2025)|INFO_soil_nan_pct(0.1%),True,True,True,True,True,True,True,True,True,True,True,False,239,239,0,100.0,,2022,,,,,,,,2025,True,239,0,0,64.0,0.0,0.0,193.0,0.0,0.0,True,True,False,False,0.0007,False,False,False,False,,4.0,,False
ISMN_SNOTEL_ToeJam,sm_only,train,20160101,20240711,OK,"INFO_s1_asc_missing_years(2022,2023,2024)|INFO_s1_desc_missing_years(2016)|INFO_sif_missing_years(2016,2017)",True,True,True,True,True,True,True,True,True,True,True,False,337,337,0,100.0,,"2022,2023,2024",2016,,,,,,"2016,2017",,True,337,0,0,226.0,0.0,0.0,233.0,0.0,0.0,True,True,False,False,0.0,False,False,False,False,,9.0,,False
ISMN_SNOTEL_Tok,sm_only,train,20210301,20250321,OK,"INFO_s1_asc_missing_years(2022,2023,2024,2025)|INFO_twsa_missing_years(2025)|INFO_soil_nan_pct(1.0%)",True,True,True,True,True,True,True,True,True,True,True,False,130,130,0,100.0,,"2022,2023,2024,2025",,,,,,,,2025,True,130,0,0,20.0,0.0,0.0,114.0,0.0,0.0,True,True,False,False,0.01,False,False,False,False,,5.0,,False
ISMN_SNOTEL_TokositnaValley,sm_only,train,20170507,20251230,OK,"INFO_s1_asc_missing_years(2022,2023,2024)|INFO_sif_missing_years(2017)|INFO_twsa_missing_years(2025)",True,True,True,True,True,True,True,True,True,True,True,False,313,313,0,100.0,,"2022,2023,2024",,,,,,,2017,2025,True,313,0,0,121.0,0.0,0.0,238.0,0.0,0.0,True,True,False,False,0.0,False,False,False,False,,9.0,,False
ISMN_SNOTEL_TonyGroveLake,sm_only,train,20160101,20251230,OK,"INFO_s1_asc_missing_years(2022,2023,2024)|INFO_s1_desc_missing_years(2016)|INFO_sif_missing_years(2016,2017)|INFO_twsa_missing_years(2025)|INFO_soil_nan_pct(0.1%)",True,True,True,True,True,True,True,True,True,True,True,False,621,621,0,100.0,,"2022,2023,2024",2016,,,,,,"2016,2017",2025,True,621,0,0,295.0,0.0,0.0,258.0,0.0,0.0,True,True,False,False,0.0015,False,False,False,False,,10.0,,False
ISMN_SNOTEL_TonyGroveRS,sm_only,train,20160101,20200603,OK,"INFO_s1_desc_missing_years(2016)|INFO_sif_missing_years(2016,2017)",True,True,True,True,True,True,True,True,True,True,True,False,202,202,0,100.0,,,2016,,,,,,"2016,2017",,True,202,0,0,162.0,0.0,0.0,99.0,0.0,0.0,True,True,False,False,0.0,False,False,False,False,,5.0,,False
ISMN_SNOTEL_Touchet,sm_only,train,20160101,20201027,OK,"INFO_s1_desc_missing_years(2016)|INFO_sif_missing_years(2016,2017)",True,True,True,True,True,True,True,True,True,True,True,False,206,206,0,100.0,,,2016,,,,,,"2016,2017",,True,206,0,0,111.0,0.0,0.0,222.0,0.0,0.0,True,True,False,False,0.0,False,False,False,False,,5.0,,False
ISMN_SNOTEL_TresRitos,sm_only,train,20160101,20251230,OK,"INFO_s1_desc_missing_years(2016)|INFO_sif_missing_years(2016,2017)|INFO_twsa_missing_years(2025)",True,True,True,True,True,True,True,True,True,True,True,False,381,381,0,100.0,,,2016,,,,,,"2016,2017",2025,True,381,0,0,226.0,0.0,0.0,254.0,0.0,0.0,True,True,False,False,0.0,False,False,False,False,,10.0,,False
ISMN_SNOTEL_TrialLake,sm_only,train,20160101,20230131,OK,"INFO_s1_asc_missing_years(2022,2023)|INFO_s1_desc_missing_years(2016)|INFO_sif_missing_years(2016,2017)|INFO_soil_nan_pct(8.7%)",True,True,True,True,True,True,True,True,True,True,True,False,196,196,0,100.0,,"2022,2023",2016,,,,,,"2016,2017",,True,196,0,0,119.0,0.0,0.0,329.0,0.0,0.0,True,True,False,False,0.0866,False,False,False,False,,8.0,,False
ISMN_SNOTEL_TriplePeak,sm_only,train,20160813,20250305,OK,"INFO_s1_asc_missing_years(2022,2023,2024,2025)|INFO_s1_desc_missing_years(2016)|INFO_sif_missing_years(2016,2017)|INFO_twsa_missing_years(2025)|INFO_soil_nan_pct(0.2%)",True,True,True,True,True,True,True,True,True,True,True,False,255,255,0,100.0,,"2022,2023,2024,2025",2016,,,,,,"2016,2017",2025,True,255,0,0,250.0,0.0,0.0,446.0,0.0,0.0,True,True,False,False,0.0018,False,False,False,False,,10.0,,False
ISMN_SNOTEL_Trough,sm_only,train,20200612,20231126,OK,INFO_soil_nan_pct(0.1%),True,True,True,True,True,True,True,True,True,True,True,False,230,230,0,100.0,,,,,,,,,,,True,230,0,0,96.0,0.0,0.0,137.0,0.0,0.0,True,True,False,False,0.0013,False,False,False,False,,4.0,,False
ISMN_SNOTEL_TroutCreek,sm_only,train,20160101,20251230,OK,"INFO_s1_asc_missing_years(2022,2024)|INFO_s1_desc_missing_years(2016)|INFO_sif_missing_years(2016,2017)|INFO_twsa_missing_years(2025)",True,True,True,True,True,True,True,True,True,True,True,False,603,603,0,100.0,,"2022,2024",2016,,,,,,"2016,2017",2025,True,603,0,0,303.0,0.0,0.0,234.0,0.0,0.0,True,True,False,False,0.0,False,False,False,False,,10.0,,False
ISMN_SNOTEL_Truckee#2,sm_only,train,20160101,20250321,OK,"INFO_s1_desc_missing_years(2016)|INFO_sif_missing_years(2016,2017)|INFO_twsa_missing_years(2025)",True,True,True,True,True,True,True,True,True,True,True,False,716,716,0,100.0,,,2016,,,,,,"2016,2017",2025,True,716,0,0,336.0,0.0,0.0,303.0,0.0,0.0,True,True,False,False,0.0,False,False,False,False,,10.0,,False
ISMN_SNOTEL_UpperJoesValley,sm_only,train,20160101,20200613,OK,"INFO_s1_desc_missing_years(2016)|INFO_sif_missing_years(2016,2017)",True,True,True,True,True,True,True,True,True,True,True,False,104,104,0,100.0,,,2016,,,,,,"2016,2017",,True,104,0,0,166.0,0.0,0.0,175.0,0.0,0.0,True,True,False,False,0.0,False,False,False,False,,5.0,,False
ISMN_SNOTEL_UpperNomeCreek,sm_only,train,20160101,20201122,OK,"INFO_s1_desc_missing_years(2016)|INFO_sif_missing_years(2016,2017)|INFO_soil_nan_pct(1.9%)",True,True,True,True,True,True,True,True,True,True,True,False,119,119,0,100.0,,,2016,,,,,,"2016,2017",,True,119,0,0,103.0,0.0,0.0,89.0,0.0,0.0,True,True,False,False,0.0194,False,False,False,False,,5.0,,False
ISMN_SNOTEL_UpperRioGrande,sm_only,val,20170425,20230712,OK,INFO_sif_missing_years(2017)|INFO_soil_nan_pct(1.5%),True,True,True,True,True,True,True,True,True,True,True,False,231,231,0,100.0,,,,,,,,,2017,,True,231,0,0,299.0,0.0,0.0,185.0,0.0,0.0,True,True,False,False,0.0148,False,False,False,False,,7.0,,False
ISMN_SNOTEL_UpperSanJuan,sm_only,oos,20160101,20230730,OK,"INFO_s1_desc_missing_years(2016)|INFO_sif_missing_years(2016,2017)",True,True,True,True,True,True,True,True,True,True,True,False,243,243,0,100.0,,,2016,,,,,,"2016,2017",,True,243,0,0,322.0,0.0,0.0,192.0,0.0,0.0,True,True,False,False,0.0,False,False,False,False,,8.0,,False
ISMN_SNOTEL_UpperTaylor,sm_only,train,20160101,20251230,OK,"INFO_s1_desc_missing_years(2016)|INFO_sif_missing_years(2016,2017)|INFO_twsa_missing_years(2025)|INFO_soil_nan_pct(0.1%)",True,True,True,True,True,True,True,True,True,True,True,False,328,328,0,100.0,,,2016,,,,,,"2016,2017",2025,True,328,0,0,228.0,0.0,0.0,262.0,0.0,0.0,True,True,False,False,0.0015,False,False,False,False,,10.0,,False
ISMN_SNOTEL_UpperTsainaRiver,sm_only,train,20180907,20251230,OK,"INFO_s1_asc_missing_years(2022,2023,2024)|INFO_twsa_missing_years(2025)|INFO_soil_nan_pct(1.2%)",True,True,True,True,True,True,True,True,True,True,True,False,279,279,0,100.0,,"2022,2023,2024",,,,,,,,2025,True,279,0,0,124.0,0.0,0.0,179.0,0.0,0.0,True,True,False,False,0.0119,False,False,False,False,,8.0,,False
ISMN_SNOTEL_UsuDocDaniel,sm_only,train,20160101,20251230,OK,"INFO_s1_asc_missing_years(2022,2023,2024)|INFO_s1_desc_missing_years(2016)|INFO_sif_missing_years(2016,2017)|INFO_twsa_missing_years(2025)",True,True,True,True,True,True,True,True,True,True,True,False,564,564,0,100.0,,"2022,2023,2024",2016,,,,,,"2016,2017",2025,True,564,0,0,294.0,0.0,0.0,258.0,0.0,0.0,True,True,False,False,0.0,False,False,False,False,,10.0,,False
ISMN_SNOTEL_VacarroSprings,sm_only,train,20160101,20251230,OK,"INFO_s1_asc_missing_years(2022,2023,2024)|INFO_s1_desc_missing_years(2016)|INFO_sif_missing_years(2016,2017)|INFO_twsa_missing_years(2025)|INFO_soil_nan_pct(0.4%)",True,True,True,True,True,True,True,True,True,True,True,False,326,326,0,100.0,,"2022,2023,2024",2016,,,,,,"2016,2017",2025,True,326,0,0,266.0,0.0,0.0,391.0,0.0,0.0,True,True,False,False,0.0035,False,False,False,False,,10.0,,False
ISMN_SNOTEL_VacasLocas,sm_only,train,20160101,20230713,OK,"INFO_s1_desc_missing_years(2016)|INFO_sif_missing_years(2016,2017)",True,True,True,True,True,True,True,True,True,True,True,False,224,224,0,100.0,,,2016,,,,,,"2016,2017",,True,224,0,0,293.0,0.0,0.0,191.0,0.0,0.0,True,True,False,False,0.0,False,False,False,False,,8.0,,False
ISMN_SNOTEL_VernonCreek,sm_only,train,20160101,20251230,OK,"INFO_s2_missing_years(2016)|INFO_s1_asc_missing_years(2022,2023,2024)|INFO_s1_desc_missing_years(2016)|INFO_cm_missing_years(2016)|INFO_sif_missing_years(2016,2017)|INFO_twsa_missing_years(2025)",True,True,True,True,True,True,True,True,True,True,True,False,610,610,0,100.0,2016,"2022,2023,2024",2016,2016,,,,,"2016,2017",2025,True,610,0,0,156.0,0.0,0.0,258.0,0.0,0.0,True,True,False,False,0.0,False,False,False,False,,10.0,,False
ISMN_SNOTEL_VirginiaLakesRidge,sm_only,train,20160101,20251230,OK,"INFO_s1_desc_missing_years(2016)|INFO_sif_missing_years(2016,2017)|INFO_twsa_missing_years(2025)|INFO_soil_nan_pct(0.1%)",True,True,True,True,True,True,True,True,True,True,True,False,429,429,0,100.0,,,2016,,,,,,"2016,2017",2025,True,429,0,0,741.0,0.0,0.0,356.0,0.0,0.0,True,True,False,False,0.0005,False,False,False,False,,10.0,,False
ISMN_SNOTEL_WardCreek#3,sm_only,train,20160101,20251119,OK,"INFO_s2_missing_years(2016,2017,2018,2019)|INFO_cm_missing_years(2016,2017,2018,2019)|INFO_sif_missing_years(2016,2017)|INFO_twsa_missing_years(2025)",True,True,True,True,True,True,True,True,True,True,True,False,483,483,0,100.0,"2016,2017,2018,2019",,,"2016,2017,2018,2019",,,,,"2016,2017",2025,True,483,0,0,376.0,0.0,0.0,342.0,0.0,0.0,True,True,False,False,0.0,False,False,False,False,,10.0,,False
ISMN_SNOTEL_WardMountain,sm_only,train,20160101,20210608,OK,"INFO_s1_desc_missing_years(2016,2018,2019,2020,2021)|INFO_sif_missing_years(2016,2017)",True,True,True,True,True,True,True,True,True,True,True,False,354,354,0,100.0,,,"2016,2018,2019,2020,2021",,,,,,"2016,2017",,True,354,0,0,64.0,0.0,0.0,6.0,0.0,0.0,True,True,False,False,0.0,False,False,False,False,,6.0,,False
ISMN_SNOTEL_WebsterFlat,sm_only,train,20160101,20251230,OK,"INFO_s1_asc_missing_years(2022,2023,2024)|INFO_s1_desc_missing_years(2016)|INFO_sif_missing_years(2016,2017)|INFO_twsa_missing_years(2025)|INFO_soil_nan_pct(0.0%)",True,True,True,True,True,True,True,True,True,True,True,False,697,697,0,100.0,,"2022,2023,2024",2016,,,,,,"2016,2017",2025,True,697,0,0,255.0,0.0,0.0,257.0,0.0,0.0,True,True,False,False,0.0002,False,False,False,False,,10.0,,False
ISMN_SNOTEL_WesnerSprings,sm_only,train,20180508,20220510,OK,INFO_s1_asc_missing_years(2022),True,True,True,True,True,True,True,True,True,True,True,False,158,158,0,100.0,,2022,,,,,,,,,True,158,0,0,89.0,0.0,0.0,116.0,0.0,0.0,True,True,False,False,0.0,False,False,False,False,,5.0,,False
ISMN_SNOTEL_WheelerPeak,sm_only,train,20180628,20251119,OK,"INFO_s1_asc_missing_years(2022,2023,2024)|INFO_twsa_missing_years(2025)|INFO_soil_nan_pct(0.1%)",True,True,True,True,True,True,True,True,True,True,True,False,292,292,0,100.0,,"2022,2023,2024",,,,,,,,2025,True,292,0,0,88.0,0.0,0.0,299.0,0.0,0.0,True,True,False,False,0.0007,False,False,False,False,,8.0,,False
ISMN_SNOTEL_WhiteRiver#1,sm_only,train,20160101,20251230,OK,"INFO_s1_asc_missing_years(2022,2023,2024)|INFO_s1_desc_missing_years(2016)|INFO_sif_missing_years(2016,2017)|INFO_twsa_missing_years(2025)",True,True,True,True,True,True,True,True,True,True,True,False,317,317,0,100.0,,"2022,2023,2024",2016,,,,,,"2016,2017",2025,True,317,0,0,141.0,0.0,0.0,493.0,0.0,0.0,True,True,False,False,0.0,False,False,False,False,,10.0,,False
ISMN_SNOTEL_Widtsoe#3,sm_only,train,20160101,20251230,OK,"INFO_s1_asc_missing_years(2022,2023,2024)|INFO_s1_desc_missing_years(2016)|INFO_sif_missing_years(2016,2017)|INFO_twsa_missing_years(2025)|INFO_soil_nan_pct(2.0%)",True,True,True,True,True,True,True,True,True,True,True,False,350,350,0,100.0,,"2022,2023,2024",2016,,,,,,"2016,2017",2025,True,350,0,0,155.0,0.0,0.0,493.0,0.0,0.0,True,True,False,False,0.0197,False,False,False,False,,10.0,,False
ISMN_SNOTEL_WilburBench,sm_only,train,20160101,20251230,OK,"INFO_s1_asc_missing_years(2022,2023,2024)|INFO_s1_desc_missing_years(2016)|INFO_sif_missing_years(2016,2017)|INFO_twsa_missing_years(2025)|INFO_soil_nan_pct(0.1%)",True,True,True,True,True,True,True,True,True,True,True,False,319,319,0,100.0,,"2022,2023,2024",2016,,,,,,"2016,2017",2025,True,319,0,0,141.0,0.0,0.0,235.0,0.0,0.0,True,True,False,False,0.0007,False,False,False,False,,10.0,,False
ISMN_SNOTEL_WildBasin,sm_only,train,20160817,20220715,OK,"INFO_s1_asc_missing_years(2022)|INFO_s1_desc_missing_years(2016)|INFO_sif_missing_years(2016,2017)|INFO_soil_nan_pct(0.1%)",True,True,True,True,True,True,True,True,True,True,True,False,183,183,0,100.0,,2022,2016,,,,,,"2016,2017",,True,183,0,0,256.0,0.0,0.0,165.0,0.0,0.0,True,True,False,False,0.0013,False,False,False,False,,7.0,,False
ISMN_SNOTEL_WildhorseDivide,sm_only,val,20160101,20200802,OK,"INFO_s1_desc_missing_years(2016)|INFO_sif_missing_years(2016,2017)",True,True,True,True,True,True,True,True,True,True,True,False,97,97,0,100.0,,,2016,,,,,,"2016,2017",,True,97,0,0,172.0,0.0,0.0,109.0,0.0,0.0,True,True,False,False,0.0,False,False,False,False,,5.0,,False
ISMN_SNOTEL_WilsonCreek,sm_only,train,20160101,20200922,OK,"INFO_s1_desc_missing_years(2016)|INFO_sif_missing_years(2016,2017)",True,True,True,True,True,True,True,True,True,True,True,False,124,124,0,100.0,,,2016,,,,,,"2016,2017",,True,124,0,0,70.0,0.0,0.0,142.0,0.0,0.0,True,True,False,False,0.0,False,False,False,False,,5.0,,False
ISMN_SNOTEL_WindyPeak,sm_only,train,20160101,20200508,OK,"INFO_s1_desc_missing_years(2016)|INFO_sif_missing_years(2016,2017)",True,True,True,True,True,True,True,True,True,True,True,False,109,109,0,100.0,,,2016,,,,,,"2016,2017",,True,109,0,0,162.0,0.0,0.0,68.0,0.0,0.0,True,True,False,False,0.0,False,False,False,False,,5.0,,False
ISMN_SNOTEL_WolfCreekPeak,sm_only,train,20200901,20251230,OK,"INFO_s1_asc_missing_years(2022,2023,2024)|INFO_twsa_missing_years(2025)",True,True,True,True,True,True,True,True,True,True,True,False,199,199,0,100.0,,"2022,2023,2024",,,,,,,,2025,True,199,0,0,57.0,0.0,0.0,196.0,0.0,0.0,True,True,False,False,0.0,False,False,False,False,,6.0,,False
ISMN_SNOTEL_WolfCreekSummit,sm_only,oos,20160101,20220411,OK,"INFO_s1_asc_missing_years(2022)|INFO_s1_desc_missing_years(2016)|INFO_sif_missing_years(2016,2017)|INFO_soil_nan_pct(0.0%)",True,True,True,True,True,True,True,True,True,True,True,False,190,190,0,100.0,,2022,2016,,,,,,"2016,2017",,True,190,0,0,267.0,0.0,0.0,157.0,0.0,0.0,True,True,False,False,0.0002,False,False,False,False,,7.0,,False
ISMN_SNOTEL_WrigleyCreek,sm_only,oos,20160101,20251230,OK,"INFO_s1_asc_missing_years(2022,2023,2024)|INFO_s1_desc_missing_years(2016)|INFO_sif_missing_years(2016,2017)|INFO_twsa_missing_years(2025)|INFO_soil_nan_pct(0.0%)",True,True,True,True,True,True,True,True,True,True,True,False,339,339,0,100.0,,"2022,2023,2024",2016,,,,,,"2016,2017",2025,True,339,0,0,297.0,0.0,0.0,493.0,0.0,0.0,True,True,False,False,0.0002,False,False,False,False,,10.0,,False
ISMN_SNOTEL_YankeeReservoir,sm_only,oos,20160101,20251230,OK,"INFO_s1_asc_missing_years(2022,2023,2024)|INFO_s1_desc_missing_years(2016)|INFO_sif_missing_years(2016,2017)|INFO_twsa_missing_years(2025)|INFO_soil_nan_pct(6.1%)",True,True,True,True,True,True,True,True,True,True,True,False,703,703,0,100.0,,"2022,2023,2024",2016,,,,,,"2016,2017",2025,True,703,0,0,255.0,0.0,0.0,259.0,0.0,0.0,True,True,False,False,0.0614,False,False,False,False,,10.0,,False
ISMN_SNOTEL_Zirkel,sm_only,val,20160101,20250320,OK,"INFO_s1_desc_missing_years(2016)|INFO_sif_missing_years(2016,2017)|INFO_twsa_missing_years(2025)|INFO_soil_nan_pct(0.1%)",True,True,True,True,True,True,True,True,True,True,True,False,555,555,0,100.0,,,2016,,,,,,"2016,2017",2025,True,555,0,0,200.0,0.0,0.0,476.0,0.0,0.0,True,True,False,False,0.0005,False,False,False,False,,10.0,,False
ISMN_SOILSCAPE_Lucky-Hills-1503,sm_only,oos,20220827,20251201,OK,INFO_twsa_missing_years(2025),True,True,True,True,True,True,True,True,True,True,True,False,370,370,0,100.0,,,,,,,,,,2025,True,370,0,0,131.0,0.0,0.0,93.0,0.0,0.0,True,True,False,False,0.0,False,False,False,False,,4.0,,False
ISMN_SOILSCAPE_Lucky-Hills-1506,sm_only,oos,20220901,20251230,OK,INFO_twsa_missing_years(2025),True,True,True,True,True,True,True,True,True,True,True,False,378,378,0,100.0,,,,,,,,,,2025,True,378,0,0,138.0,0.0,0.0,96.0,0.0,0.0,True,True,False,False,0.0,False,False,False,False,,4.0,,False
ISMN_STEMS_CarpenetopermanentGrassCoverNoTrackposition,sm_only,train,20170510,20210118,OK,INFO_sif_missing_years(2017),True,True,True,True,True,True,True,True,True,True,True,False,124,124,0,100.0,,,,,,,,,2017,,True,124,0,0,424.0,0.0,0.0,394.0,0.0,0.0,True,True,False,False,0.0,False,False,False,False,,5.0,,False
ISMN_STEMS_CarpenetopermanentGrassCoverTrackposition,sm_only,train,20170510,20210118,OK,INFO_sif_missing_years(2017),True,True,True,True,True,True,True,True,True,True,True,False,124,124,0,100.0,,,,,,,,,2017,,True,124,0,0,424.0,0.0,0.0,394.0,0.0,0.0,True,True,False,False,0.0,False,False,False,False,,5.0,,False
ISMN_TERENO_Gevenich,sm_only,oos,20201123,20251230,OK,INFO_twsa_missing_years(2025),True,True,True,True,True,True,True,True,True,True,True,False,98,98,0,100.0,,,,,,,,,,2025,True,98,0,0,400.0,0.0,0.0,401.0,0.0,0.0,True,True,False,False,0.0,False,False,False,False,,6.0,,False
ISMN_TERENO_Merzenhausen,sm_only,train,20160101,20200322,OK,"INFO_sif_missing_years(2016,2017)",True,True,True,True,True,True,True,True,True,True,True,False,56,56,0,100.0,,,,,,,,,"2016,2017",,True,56,0,0,442.0,0.0,0.0,440.0,0.0,0.0,True,True,False,False,0.0,False,False,False,False,,5.0,,False
ISMN_TERENO_Schoeneseiffen,sm_only,train,20160101,20200323,OK,"INFO_sif_missing_years(2016,2017)",True,True,True,True,True,True,True,True,True,True,True,False,51,51,0,100.0,,,,,,,,,"2016,2017",,True,51,0,0,224.0,0.0,0.0,441.0,0.0,0.0,True,True,False,False,0.0,False,False,False,False,,5.0,,False
ISMN_TERENO_Selhausen,sm_only,oos,20160101,20230803,OK,"INFO_sif_missing_years(2016,2017)",True,True,True,True,True,True,True,True,True,True,True,False,125,125,0,100.0,,,,,,,,,"2016,2017",,True,125,0,0,739.0,0.0,0.0,741.0,0.0,0.0,True,True,False,False,0.0,False,False,False,False,,8.0,,False
ISMN_TWENTE_Hupsel,sm_only,train,20171220,20201230,OK,INFO_s2_missing_years(2017)|INFO_cm_missing_years(2017)|INFO_sif_missing_years(2017),True,True,True,True,True,True,True,True,True,True,True,False,117,117,0,100.0,2017,,,2017,,,,,2017,,True,117,0,0,346.0,0.0,0.0,361.0,0.0,0.0,True,True,False,False,0.0,False,False,False,False,,4.0,,False
ISMN_TWENTE_ITCSM-07b,sm_only,oos,20160101,20201230,OK,"INFO_sif_missing_years(2016,2017)",True,True,True,True,True,True,True,True,True,True,True,False,79,79,0,100.0,,,,,,,,,"2016,2017",,True,79,0,0,527.0,0.0,0.0,542.0,0.0,0.0,True,True,False,False,0.0,False,False,False,False,,5.0,,False
ISMN_TWENTE_ITCSM-08b,sm_only,train,20160101,20201230,OK,"INFO_sif_missing_years(2016,2017)",True,True,True,True,True,True,True,True,True,True,True,False,125,125,0,100.0,,,,,,,,,"2016,2017",,True,125,0,0,527.0,0.0,0.0,542.0,0.0,0.0,True,True,False,False,0.0,False,False,False,False,,5.0,,False
ISMN_TWENTE_ITCSM-09,sm_only,train,20160101,20201230,OK,"INFO_sif_missing_years(2016,2017)",True,True,True,True,True,True,True,True,True,True,True,False,86,86,0,100.0,,,,,,,,,"2016,2017",,True,86,0,0,527.0,0.0,0.0,543.0,0.0,0.0,True,True,False,False,0.0,False,False,False,False,,5.0,,False
ISMN_TWENTE_ITCSM-13,sm_only,train,20160101,20201230,OK,"INFO_sif_missing_years(2016,2017)",True,True,True,True,True,True,True,True,True,True,True,False,157,157,0,100.0,,,,,,,,,"2016,2017",,True,157,0,0,527.0,0.0,0.0,527.0,0.0,0.0,True,True,False,False,0.0,False,False,False,False,,5.0,,False
ISMN_TWENTE_ITCSM-15b,sm_only,train,20160307,20190317,OK,"INFO_sif_missing_years(2016,2017)",True,True,True,True,True,True,True,True,True,True,True,False,94,94,0,100.0,,,,,,,,,"2016,2017",,True,94,0,0,316.0,0.0,0.0,317.0,0.0,0.0,True,True,False,False,0.0,False,False,False,False,,4.0,,False
ISMN_TWENTE_ITCSM-16b,sm_only,train,20160101,20191110,OK,"INFO_sif_missing_years(2016,2017)",True,True,True,True,True,True,True,True,True,True,True,False,112,112,0,100.0,,,,,,,,,"2016,2017",,True,112,0,0,399.0,0.0,0.0,403.0,0.0,0.0,True,True,False,False,0.0,False,False,False,False,,4.0,,False
ISMN_TWENTE_ITCSM-17c,sm_only,train,20160401,20200221,OK,"INFO_sif_missing_years(2016,2017)",True,True,True,True,True,True,True,True,True,True,True,False,118,118,0,100.0,,,,,,,,,"2016,2017",,True,118,0,0,420.0,0.0,0.0,422.0,0.0,0.0,True,True,False,False,0.0,False,False,False,False,,5.0,,False
ISMN_TxSON_CR1000-1,sm_only,oos,20180506,20220416,OK,"INFO_s1_desc_missing_years(2018,2020,2021,2022)",True,True,True,True,True,True,True,True,True,True,True,False,139,139,0,100.0,,,"2018,2020,2021,2022",,,,,,,,True,139,0,0,114.0,0.0,0.0,3.0,0.0,0.0,True,True,False,False,0.0,False,False,False,False,,5.0,,False
ISMN_TxSON_CR1000-2,sm_only,val,20160101,20210605,OK,"INFO_s1_desc_missing_years(2016,2018,2020,2021)|INFO_sif_missing_years(2016,2017)",True,True,True,True,True,True,True,True,True,True,True,False,132,132,0,100.0,,,"2016,2018,2020,2021",,,,,,"2016,2017",,True,132,0,0,141.0,0.0,0.0,4.0,0.0,0.0,True,True,False,False,0.0,False,False,False,False,,6.0,,False
ISMN_TxSON_CR1000-3,sm_only,train,20160101,20221107,OK,"INFO_s1_desc_missing_years(2016,2018,2020,2021,2022)|INFO_sif_missing_years(2016,2017)",True,True,True,True,True,True,True,True,True,True,True,False,184,184,0,100.0,,,"2016,2018,2020,2021,2022",,,,,,"2016,2017",,True,184,0,0,184.0,0.0,0.0,4.0,0.0,0.0,True,True,False,False,0.0,False,False,False,False,,7.0,,False
ISMN_TxSON_CR1000-4,sm_only,train,20160101,20221107,OK,"INFO_s1_desc_missing_years(2016,2018,2020,2021,2022)|INFO_sif_missing_years(2016,2017)",True,True,True,True,True,True,True,True,True,True,True,False,201,201,0,100.0,,,"2016,2018,2020,2021,2022",,,,,,"2016,2017",,True,201,0,0,351.0,0.0,0.0,4.0,0.0,0.0,True,True,False,False,0.0,False,False,False,False,,7.0,,False
ISMN_TxSON_CR1000-5,sm_only,train,20160101,20221107,OK,"INFO_s1_desc_missing_years(2016,2018,2020,2021,2022)|INFO_sif_missing_years(2016,2017)",True,True,True,True,True,True,True,True,True,True,True,False,190,190,0,100.0,,,"2016,2018,2020,2021,2022",,,,,,"2016,2017",,True,190,0,0,184.0,0.0,0.0,4.0,0.0,0.0,True,True,False,False,0.0,False,False,False,False,,7.0,,False
ISMN_TxSON_CR1000-6,sm_only,oos,20160101,20221107,OK,"INFO_s1_desc_missing_years(2016,2018,2020,2021,2022)|INFO_sif_missing_years(2016,2017)",True,True,True,True,True,True,True,True,True,True,True,False,194,194,0,100.0,,,"2016,2018,2020,2021,2022",,,,,,"2016,2017",,True,194,0,0,183.0,0.0,0.0,4.0,0.0,0.0,True,True,False,False,0.0,False,False,False,False,,7.0,,False
ISMN_TxSON_CR200-1,sm_only,oos,20160101,20210921,OK,"INFO_s1_desc_missing_years(2016,2018,2020,2021)|INFO_sif_missing_years(2016,2017)",True,True,True,True,True,True,True,True,True,True,True,False,145,145,0,100.0,,,"2016,2018,2020,2021",,,,,,"2016,2017",,True,145,0,0,149.0,0.0,0.0,4.0,0.0,0.0,True,True,False,False,0.0,False,False,False,False,,6.0,,False
ISMN_TxSON_CR200-10,sm_only,val,20160101,20191120,OK,"INFO_s1_desc_missing_years(2016,2018)|INFO_sif_missing_years(2016,2017)",True,True,True,True,True,True,True,True,True,True,True,False,78,78,0,100.0,,,"2016,2018",,,,,,"2016,2017",,True,78,0,0,95.0,0.0,0.0,4.0,0.0,0.0,True,True,False,False,0.0,False,False,False,False,,4.0,,False
ISMN_TxSON_CR200-11,sm_only,train,20160101,20190325,OK,"INFO_s1_desc_missing_years(2016,2018,2019)|INFO_sif_missing_years(2016,2017)",True,True,True,True,True,True,True,True,True,True,True,False,53,53,0,100.0,,,"2016,2018,2019",,,,,,"2016,2017",,True,53,0,0,74.0,0.0,0.0,1.0,0.0,0.0,True,True,False,False,0.0,False,False,False,False,,4.0,,False
ISMN_TxSON_CR200-12,sm_only,train,20160101,20221107,OK,"INFO_s1_desc_missing_years(2016,2018,2020,2021,2022)|INFO_sif_missing_years(2016,2017)",True,True,True,True,True,True,True,True,True,True,True,False,184,184,0,100.0,,,"2016,2018,2020,2021,2022",,,,,,"2016,2017",,True,184,0,0,184.0,0.0,0.0,4.0,0.0,0.0,True,True,False,False,0.0,False,False,False,False,,7.0,,False
ISMN_TxSON_CR200-13,sm_only,oos,20160101,20221107,OK,"INFO_s1_desc_missing_years(2016,2018,2020,2021,2022)|INFO_sif_missing_years(2016,2017)",True,True,True,True,True,True,True,True,True,True,True,False,195,195,0,100.0,,,"2016,2018,2020,2021,2022",,,,,,"2016,2017",,True,195,0,0,183.0,0.0,0.0,4.0,0.0,0.0,True,True,False,False,0.0,False,False,False,False,,7.0,,False
ISMN_TxSON_CR200-14,sm_only,oos,20160101,20221107,OK,"INFO_s1_desc_missing_years(2016,2018,2020,2021,2022)|INFO_sif_missing_years(2016,2017)",True,True,True,True,True,True,True,True,True,True,True,False,193,193,0,100.0,,,"2016,2018,2020,2021,2022",,,,,,"2016,2017",,True,193,0,0,182.0,0.0,0.0,4.0,0.0,0.0,True,True,False,False,0.0,False,False,False,False,,7.0,,False
ISMN_TxSON_CR200-15,sm_only,val,20160101,20221107,OK,"INFO_s1_desc_missing_years(2016,2018,2020,2021,2022)|INFO_sif_missing_years(2016,2017)",True,True,True,True,True,True,True,True,True,True,True,False,186,186,0,100.0,,,"2016,2018,2020,2021,2022",,,,,,"2016,2017",,True,186,0,0,184.0,0.0,0.0,4.0,0.0,0.0,True,True,False,False,0.0,False,False,False,False,,7.0,,False
ISMN_TxSON_CR200-16,sm_only,train,20160101,20220708,OK,"INFO_s1_desc_missing_years(2016,2018,2020,2021,2022)|INFO_sif_missing_years(2016,2017)",True,True,True,True,True,True,True,True,True,True,True,False,167,167,0,100.0,,,"2016,2018,2020,2021,2022",,,,,,"2016,2017",,True,167,0,0,174.0,0.0,0.0,4.0,0.0,0.0,True,True,False,False,0.0,False,False,False,False,,7.0,,False
ISMN_TxSON_CR200-17,sm_only,train,20160101,20221107,OK,"INFO_s1_desc_missing_years(2016,2018,2020,2021,2022)|INFO_sif_missing_years(2016,2017)",True,True,True,True,True,True,True,True,True,True,True,False,182,182,0,100.0,,,"2016,2018,2020,2021,2022",,,,,,"2016,2017",,True,182,0,0,184.0,0.0,0.0,4.0,0.0,0.0,True,True,False,False,0.0,False,False,False,False,,7.0,,False
ISMN_TxSON_CR200-18,sm_only,val,20160101,20221107,OK,"INFO_s1_desc_missing_years(2016,2018,2020,2021,2022)|INFO_sif_missing_years(2016,2017)",True,True,True,True,True,True,True,True,True,True,True,False,178,178,0,100.0,,,"2016,2018,2020,2021,2022",,,,,,"2016,2017",,True,178,0,0,184.0,0.0,0.0,4.0,0.0,0.0,True,True,False,False,0.0,False,False,False,False,,7.0,,False
ISMN_TxSON_CR200-19,sm_only,oos,20160101,20210211,OK,"INFO_s1_desc_missing_years(2016,2018,2020,2021)|INFO_sif_missing_years(2016,2017)",True,True,True,True,True,True,True,True,True,True,True,False,130,130,0,100.0,,,"2016,2018,2020,2021",,,,,,"2016,2017",,True,130,0,0,125.0,0.0,0.0,4.0,0.0,0.0,True,True,False,False,0.0,False,False,False,False,,6.0,,False
ISMN_TxSON_CR200-2,sm_only,train,20160101,20221107,OK,"INFO_s1_desc_missing_years(2016,2018,2020,2021,2022)|INFO_sif_missing_years(2016,2017)",True,True,True,True,True,True,True,True,True,True,True,False,180,180,0,100.0,,,"2016,2018,2020,2021,2022",,,,,,"2016,2017",,True,180,0,0,184.0,0.0,0.0,4.0,0.0,0.0,True,True,False,False,0.0,False,False,False,False,,7.0,,False
ISMN_TxSON_CR200-21,sm_only,oos,20160101,20221107,OK,"INFO_s1_desc_missing_years(2016,2018,2020,2021,2022)|INFO_sif_missing_years(2016,2017)",True,True,True,True,True,True,True,True,True,True,True,False,199,199,0,100.0,,,"2016,2018,2020,2021,2022",,,,,,"2016,2017",,True,199,0,0,177.0,0.0,0.0,4.0,0.0,0.0,True,True,False,False,0.0,False,False,False,False,,7.0,,False
ISMN_TxSON_CR200-22,sm_only,oos,20160101,20190207,OK,"INFO_s1_desc_missing_years(2016,2018,2019)|INFO_sif_missing_years(2016,2017)|INFO_soil_nan_pct(0.0%)",True,True,True,True,True,True,True,True,True,True,True,False,57,57,0,100.0,,,"2016,2018,2019",,,,,,"2016,2017",,True,57,0,0,70.0,0.0,0.0,1.0,0.0,0.0,True,True,False,False,0.0002,False,False,False,False,,4.0,,False
ISMN_TxSON_CR200-23,sm_only,train,20160101,20221107,OK,"INFO_s1_desc_missing_years(2016,2018,2020,2021,2022)|INFO_sif_missing_years(2016,2017)",True,True,True,True,True,True,True,True,True,True,True,False,195,195,0,100.0,,,"2016,2018,2020,2021,2022",,,,,,"2016,2017",,True,195,0,0,184.0,0.0,0.0,4.0,0.0,0.0,True,True,False,False,0.0,False,False,False,False,,7.0,,False
ISMN_TxSON_CR200-24,sm_only,val,20160101,20221107,OK,"INFO_s1_desc_missing_years(2016,2018,2020,2021,2022)|INFO_sif_missing_years(2016,2017)",True,True,True,True,True,True,True,True,True,True,True,False,180,180,0,100.0,,,"2016,2018,2020,2021,2022",,,,,,"2016,2017",,True,180,0,0,184.0,0.0,0.0,4.0,0.0,0.0,True,True,False,False,0.0,False,False,False,False,,7.0,,False
ISMN_TxSON_CR200-25,sm_only,val,20160101,20221107,OK,"INFO_s1_desc_missing_years(2016,2018,2020,2021,2022)|INFO_sif_missing_years(2016,2017)",True,True,True,True,True,True,True,True,True,True,True,False,182,182,0,100.0,,,"2016,2018,2020,2021,2022",,,,,,"2016,2017",,True,182,0,0,184.0,0.0,0.0,4.0,0.0,0.0,True,True,False,False,0.0,False,False,False,False,,7.0,,False
ISMN_TxSON_CR200-26,sm_only,oos,20160101,20221107,OK,"INFO_s1_desc_missing_years(2016,2018,2020,2021,2022)|INFO_sif_missing_years(2016,2017)",True,True,True,True,True,True,True,True,True,True,True,False,193,193,0,100.0,,,"2016,2018,2020,2021,2022",,,,,,"2016,2017",,True,193,0,0,177.0,0.0,0.0,4.0,0.0,0.0,True,True,False,False,0.0,False,False,False,False,,7.0,,False
ISMN_TxSON_CR200-28,sm_only,oos,20160101,20221107,OK,"INFO_s1_desc_missing_years(2016,2018,2020,2021,2022)|INFO_sif_missing_years(2016,2017)",True,True,True,True,True,True,True,True,True,True,True,False,194,194,0,100.0,,,"2016,2018,2020,2021,2022",,,,,,"2016,2017",,True,194,0,0,183.0,0.0,0.0,4.0,0.0,0.0,True,True,False,False,0.0,False,False,False,False,,7.0,,False
ISMN_TxSON_CR200-29,sm_only,oos,20160101,20220711,OK,"INFO_s1_desc_missing_years(2016,2018,2020,2021,2022)|INFO_sif_missing_years(2016,2017)",True,True,True,True,True,True,True,True,True,True,True,False,176,176,0,100.0,,,"2016,2018,2020,2021,2022",,,,,,"2016,2017",,True,176,0,0,173.0,0.0,0.0,4.0,0.0,0.0,True,True,False,False,0.0,False,False,False,False,,7.0,,False
ISMN_TxSON_CR200-3,sm_only,oos,20160101,20221107,OK,"INFO_s1_desc_missing_years(2016,2018,2020,2021,2022)|INFO_sif_missing_years(2016,2017)",True,True,True,True,True,True,True,True,True,True,True,False,199,199,0,100.0,,,"2016,2018,2020,2021,2022",,,,,,"2016,2017",,True,199,0,0,177.0,0.0,0.0,4.0,0.0,0.0,True,True,False,False,0.0,False,False,False,False,,7.0,,False
ISMN_TxSON_CR200-4,sm_only,oos,20170127,20221107,OK,"INFO_s1_desc_missing_years(2018,2020,2021,2022)|INFO_sif_missing_years(2017)",True,True,True,True,True,True,True,True,True,True,True,False,186,186,0,100.0,,,"2018,2020,2021,2022",,,,,,2017,,True,186,0,0,159.0,0.0,0.0,4.0,0.0,0.0,True,True,False,False,0.0,False,False,False,False,,6.0,,False
ISMN_TxSON_CR200-5,sm_only,train,20160101,20221012,OK,"INFO_s1_desc_missing_years(2016,2018,2020,2021,2022)|INFO_sif_missing_years(2016,2017)",True,True,True,True,True,True,True,True,True,True,True,False,175,175,0,100.0,,,"2016,2018,2020,2021,2022",,,,,,"2016,2017",,True,175,0,0,182.0,0.0,0.0,4.0,0.0,0.0,True,True,False,False,0.0,False,False,False,False,,7.0,,False
ISMN_TxSON_CR200-6,sm_only,val,20160101,20221107,OK,"INFO_s1_desc_missing_years(2016,2018,2020,2021,2022)|INFO_sif_missing_years(2016,2017)",True,True,True,True,True,True,True,True,True,True,True,False,187,187,0,100.0,,,"2016,2018,2020,2021,2022",,,,,,"2016,2017",,True,187,0,0,184.0,0.0,0.0,4.0,0.0,0.0,True,True,False,False,0.0,False,False,False,False,,7.0,,False
ISMN_TxSON_CR200-7,sm_only,val,20160101,20191202,OK,"INFO_s1_desc_missing_years(2016,2018)|INFO_sif_missing_years(2016,2017)",True,True,True,True,True,True,True,True,True,True,True,False,87,87,0,100.0,,,"2016,2018",,,,,,"2016,2017",,True,87,0,0,96.0,0.0,0.0,4.0,0.0,0.0,True,True,False,False,0.0,False,False,False,False,,4.0,,False
ISMN_TxSON_CR200-8,sm_only,train,20160101,20221107,OK,"INFO_s1_desc_missing_years(2016,2018,2020,2021,2022)|INFO_sif_missing_years(2016,2017)",True,True,True,True,True,True,True,True,True,True,True,False,181,181,0,100.0,,,"2016,2018,2020,2021,2022",,,,,,"2016,2017",,True,181,0,0,184.0,0.0,0.0,4.0,0.0,0.0,True,True,False,False,0.0,False,False,False,False,,7.0,,False
ISMN_TxSON_CR200-9,sm_only,oos,20160101,20221107,OK,"INFO_s1_desc_missing_years(2016,2018,2020,2021,2022)|INFO_sif_missing_years(2016,2017)",True,True,True,True,True,True,True,True,True,True,True,False,199,199,0,100.0,,,"2016,2018,2020,2021,2022",,,,,,"2016,2017",,True,199,0,0,183.0,0.0,0.0,4.0,0.0,0.0,True,True,False,False,0.0,False,False,False,False,,7.0,,False
ISMN_TxSON_LCRA-1,sm_only,train,20160101,20221102,OK,"INFO_s1_desc_missing_years(2016,2018,2020,2021,2022)|INFO_sif_missing_years(2016,2017)",True,True,True,True,True,True,True,True,True,True,True,False,180,180,0,100.0,,,"2016,2018,2020,2021,2022",,,,,,"2016,2017",,True,180,0,0,183.0,0.0,0.0,4.0,0.0,0.0,True,True,False,False,0.0,False,False,False,False,,7.0,,False
ISMN_TxSON_LCRA-2,sm_only,oos,20160101,20221102,OK,"INFO_s1_desc_missing_years(2016,2018,2020,2021,2022)|INFO_sif_missing_years(2016,2017)",True,True,True,True,True,True,True,True,True,True,True,False,191,191,0,100.0,,,"2016,2018,2020,2021,2022",,,,,,"2016,2017",,True,191,0,0,177.0,0.0,0.0,4.0,0.0,0.0,True,True,False,False,0.0,False,False,False,False,,7.0,,False
ISMN_TxSON_LCRA-3,sm_only,train,20160101,20221102,OK,"INFO_s1_desc_missing_years(2016,2018,2020,2021,2022)|INFO_sif_missing_years(2016,2017)|INFO_soil_nan_pct(0.4%)",True,True,True,True,True,True,True,True,True,True,True,False,192,192,0,100.0,,,"2016,2018,2020,2021,2022",,,,,,"2016,2017",,True,192,0,0,184.0,0.0,0.0,4.0,0.0,0.0,True,True,False,False,0.0037,False,False,False,False,,7.0,,False
ISMN_TxSON_LCRA-4,sm_only,oos,20160101,20221102,OK,"INFO_s1_desc_missing_years(2016,2018,2020,2021,2022)|INFO_sif_missing_years(2016,2017)|INFO_soil_nan_pct(0.1%)",True,True,True,True,True,True,True,True,True,True,True,False,194,194,0,100.0,,,"2016,2018,2020,2021,2022",,,,,,"2016,2017",,True,194,0,0,183.0,0.0,0.0,4.0,0.0,0.0,True,True,False,False,0.0015,False,False,False,False,,7.0,,False
ISMN_TxSON_LCRA-5,sm_only,oos,20160826,20220312,OK,"INFO_s1_desc_missing_years(2016,2018,2020,2021,2022)|INFO_sif_missing_years(2016,2017)",True,True,True,True,True,True,True,True,True,True,True,False,149,149,0,100.0,,,"2016,2018,2020,2021,2022",,,,,,"2016,2017",,True,149,0,0,153.0,0.0,0.0,4.0,0.0,0.0,True,True,False,False,0.0,False,False,False,False,,7.0,,False
ISMN_TxSON_LCRA-6,sm_only,oos,20160101,20220312,OK,"INFO_s1_desc_missing_years(2016,2018,2020,2021,2022)|INFO_sif_missing_years(2016,2017)|INFO_soil_nan_pct(0.8%)",True,True,True,True,True,True,True,True,True,True,True,False,158,158,0,100.0,,,"2016,2018,2020,2021,2022",,,,,,"2016,2017",,True,158,0,0,164.0,0.0,0.0,4.0,0.0,0.0,True,True,False,False,0.0075,False,False,False,False,,7.0,,False
ISMN_TxSON_LCRA-7,sm_only,train,20160101,20220312,OK,"INFO_s1_desc_missing_years(2016,2018,2020,2021,2022)|INFO_sif_missing_years(2016,2017)",True,True,True,True,True,True,True,True,True,True,True,False,148,148,0,100.0,,,"2016,2018,2020,2021,2022",,,,,,"2016,2017",,True,148,0,0,311.0,0.0,0.0,4.0,0.0,0.0,True,True,False,False,0.0,False,False,False,False,,7.0,,False
ISMN_USCRN_Asheville-13-S,sm_only,oos,20160101,20211102,OK,"INFO_s1_desc_missing_years(2016,2017,2019,2020,2021)|INFO_sif_missing_years(2016,2017)",True,True,True,True,True,True,True,True,True,True,True,False,134,134,0,100.0,,,"2016,2017,2019,2020,2021",,,,,,"2016,2017",,True,134,0,0,131.0,0.0,0.0,1.0,0.0,0.0,True,True,False,False,0.0,False,False,False,False,,6.0,,False
ISMN_USCRN_Austin-33-NW,sm_only,train,20160101,20211102,OK,"INFO_s1_desc_missing_years(2016,2018,2020,2021)|INFO_sif_missing_years(2016,2017)",True,True,True,True,True,True,True,True,True,True,True,False,133,133,0,100.0,,,"2016,2018,2020,2021",,,,,,"2016,2017",,True,133,0,0,152.0,0.0,0.0,4.0,0.0,0.0,True,True,False,False,0.0,False,False,False,False,,6.0,,False
ISMN_USCRN_Baker-5-W,sm_only,oos,20160107,20200109,OK,"INFO_s1_asc_missing_years(2020)|INFO_s1_desc_missing_years(2016,2018,2019,2020)|INFO_sif_missing_years(2016,2017)",True,True,True,True,True,True,True,True,True,True,True,False,121,121,0,100.0,,2020,"2016,2018,2019,2020",,,,,,"2016,2017",,True,121,0,0,22.0,0.0,0.0,6.0,0.0,0.0,True,True,False,False,0.0,False,False,False,False,,5.0,,False
ISMN_USCRN_Batesville-8-WNW,sm_only,train,20160101,20211116,OK,"INFO_s1_desc_missing_years(2018,2021)|INFO_sif_missing_years(2016,2017)",True,True,True,True,True,True,True,True,True,True,True,False,111,111,0,100.0,,,"2018,2021",,,,,,"2016,2017",,True,111,0,0,308.0,0.0,0.0,9.0,0.0,0.0,True,True,False,False,0.0,False,False,False,False,,6.0,,False
ISMN_USCRN_Bedford-5-WNW,sm_only,train,20180112,20211116,OK,,True,True,False,True,True,True,True,True,True,True,True,False,96,96,0,100.0,,,,,,,,,,,True,96,0,0,213.0,0.0,0.0,,,,True,True,False,False,0.0,False,False,False,False,,4.0,,False
ISMN_USCRN_Bowling-Green-21-NNE,sm_only,oos,20160101,20191015,OK,"INFO_s1_desc_missing_years(2016,2018,2019)|INFO_sif_missing_years(2016,2017)",True,True,True,True,True,True,True,True,True,True,True,False,51,51,0,100.0,,,"2016,2018,2019",,,,,,"2016,2017",,True,51,0,0,171.0,0.0,0.0,1.0,0.0,0.0,True,True,False,False,0.0,False,False,False,False,,4.0,,False
ISMN_USCRN_Bronte-11-NNE,sm_only,train,20170304,20211102,OK,INFO_sif_missing_years(2017),True,True,False,True,True,True,True,True,True,True,True,False,155,155,0,100.0,,,,,,,,,2017,,True,155,0,0,122.0,0.0,0.0,,,,True,True,False,False,0.0,False,False,False,False,,5.0,,False
ISMN_USCRN_Brunswick-23-S,sm_only,train,20160101,20190524,OK,"INFO_s1_desc_missing_years(2019)|INFO_sif_missing_years(2016,2017)|INFO_soil_nan_pct(3.8%)",True,True,True,True,True,True,True,True,True,True,True,False,67,67,0,100.0,,,2019,,,,,,"2016,2017",,True,67,0,0,70.0,0.0,0.0,6.0,0.0,0.0,True,True,False,False,0.0382,False,False,False,False,,4.0,,False
ISMN_USCRN_Cape-Charles-5-ENE,sm_only,oos,20160101,20211102,OK,"INFO_s1_desc_missing_years(2016,2017,2019,2021)|INFO_sif_missing_years(2016,2017)|INFO_soil_nan_pct(18.1%)",True,True,True,True,True,True,True,True,True,True,True,False,157,157,0,100.0,,,"2016,2017,2019,2021",,,,,,"2016,2017",,True,157,0,0,297.0,0.0,0.0,2.0,0.0,0.0,True,True,False,False,0.181,False,False,False,False,,6.0,,False
ISMN_USCRN_Charlottesville-2-SSE,sm_only,oos,20160101,20211102,OK,"INFO_s1_desc_missing_years(2016,2017,2020,2021)|INFO_sif_missing_years(2016,2017)",True,True,True,True,True,True,True,True,True,True,True,False,102,102,0,100.0,,,"2016,2017,2020,2021",,,,,,"2016,2017",,True,102,0,0,294.0,0.0,0.0,3.0,0.0,0.0,True,True,False,False,0.0,False,False,False,False,,6.0,,False
ISMN_USCRN_Chatham-1-SE,sm_only,train,20160101,20211102,OK,"INFO_sif_missing_years(2016,2017)",True,True,False,True,True,True,True,True,True,True,True,False,190,190,0,100.0,,,,,,,,,"2016,2017",,True,190,0,0,275.0,0.0,0.0,,,,True,True,False,False,0.0,False,False,False,False,,6.0,,False
ISMN_USCRN_Cortez-8-SE,sm_only,train,20160101,20180115,OK,"INFO_s1_desc_missing_years(2016)|INFO_sif_missing_years(2016,2017)",True,True,True,True,True,True,True,True,True,True,True,False,61,61,0,100.0,,,2016,,,,,,"2016,2017",,True,61,0,0,70.0,0.0,0.0,28.0,0.0,0.0,True,True,False,False,0.0,False,False,False,False,,3.0,,False
ISMN_USCRN_Corvallis-10-SSW,sm_only,oos,20160101,20211102,OK,"INFO_sif_missing_years(2016,2017)|INFO_soil_nan_pct(2.4%)",True,True,True,True,True,True,True,True,True,True,True,False,256,256,0,100.0,,,,,,,,,"2016,2017",,True,256,0,0,243.0,0.0,0.0,149.0,0.0,0.0,True,True,False,False,0.0243,False,False,False,False,,6.0,,False
ISMN_USCRN_Crossville-7-NW,sm_only,train,20160101,20180101,OK,"INFO_s2_missing_years(2018)|INFO_s1_desc_missing_years(2016,2018)|INFO_cm_missing_years(2018)|INFO_sif_missing_years(2016,2017)",True,True,True,True,True,True,True,True,True,True,True,False,20,20,0,100.0,2018,,"2016,2018",2018,,,,,"2016,2017",,True,20,0,0,31.0,0.0,0.0,2.0,0.0,0.0,True,True,False,False,0.0,False,False,False,False,,3.0,,False
ISMN_USCRN_Durham-11-W,sm_only,train,20160101,20210531,OK,"INFO_s1_desc_missing_years(2017,2020,2021)|INFO_sif_missing_years(2016,2017)",True,True,True,True,True,True,True,True,True,True,True,False,116,116,0,100.0,,,"2017,2020,2021",,,,,,"2016,2017",,True,116,0,0,142.0,0.0,0.0,7.0,0.0,0.0,True,True,False,False,0.0,False,False,False,False,,6.0,,False
ISMN_USCRN_Durham-2-N,sm_only,oos,20160101,20180203,OK,"INFO_sif_missing_years(2016,2017)|INFO_soil_nan_pct(0.0%)",True,True,True,True,True,True,True,True,True,True,True,False,40,40,0,100.0,,,,,,,,,"2016,2017",,True,40,0,0,83.0,0.0,0.0,40.0,0.0,0.0,True,True,False,False,0.0002,False,False,False,False,,3.0,,False
ISMN_USCRN_Elgin-5-S,sm_only,oos,20170331,20210628,OK,INFO_sif_missing_years(2017),True,True,True,True,True,True,True,True,True,True,True,False,187,187,0,100.0,,,,,,,,,2017,,True,187,0,0,110.0,0.0,0.0,127.0,0.0,0.0,True,True,False,False,0.0,False,False,False,False,,5.0,,False
ISMN_USCRN_Elkins-21-ENE,sm_only,train,20160101,20200908,OK,"INFO_sif_missing_years(2016,2017)",True,True,False,True,True,True,True,True,True,True,True,False,122,122,0,100.0,,,,,,,,,"2016,2017",,True,122,0,0,120.0,0.0,0.0,,,,True,True,False,False,0.0,False,False,False,False,,5.0,,False
ISMN_USCRN_Everglades-City-5-NE,sm_only,train,20160101,20200323,OK,"INFO_s1_desc_missing_years(2020)|INFO_sif_missing_years(2016,2017)|INFO_soil_nan_pct(5.2%)",True,True,True,True,True,True,True,True,True,True,True,False,165,165,0,100.0,,,2020,,,,,,"2016,2017",,True,165,0,0,96.0,0.0,0.0,9.0,0.0,0.0,True,True,False,False,0.0524,False,False,False,False,,5.0,,False
ISMN_USCRN_Fallbrook-5-NE,sm_only,train,20160101,20211116,OK,"INFO_sif_missing_years(2016,2017)",True,True,True,True,True,True,True,True,True,True,True,False,355,355,0,100.0,,,,,,,,,"2016,2017",,True,355,0,0,219.0,0.0,0.0,423.0,0.0,0.0,True,True,False,False,0.0,False,False,False,False,,6.0,,False
ISMN_USCRN_Gadsden-19-N,sm_only,train,20160101,20211116,OK,"INFO_s1_desc_missing_years(2018,2019,2021)|INFO_sif_missing_years(2016,2017)|INFO_soil_nan_pct(0.3%)",True,True,True,True,True,True,True,True,True,True,True,False,120,120,0,100.0,,,"2018,2019,2021",,,,,,"2016,2017",,True,120,0,0,286.0,0.0,0.0,5.0,0.0,0.0,True,True,False,False,0.0026,False,False,False,False,,6.0,,False
ISMN_USCRN_Goodwell-2-E,sm_only,train,20170222,20200506,OK,INFO_sif_missing_years(2017),True,False,True,True,True,True,True,True,True,True,True,False,109,109,0,100.0,,,,,,,,,2017,,True,109,0,0,,,,77.0,0.0,0.0,True,True,False,False,0.0,False,False,False,False,,4.0,,False
ISMN_USCRN_Goodwell-2-SE,sm_only,train,20160101,20211102,OK,"INFO_s1_asc_missing_years(2018,2019,2020,2021)|INFO_s1_desc_missing_years(2016)|INFO_sif_missing_years(2016,2017)",True,True,True,True,True,True,True,True,True,True,True,False,184,184,0,100.0,,"2018,2019,2020,2021",2016,,,,,,"2016,2017",,True,184,0,0,21.0,0.0,0.0,123.0,0.0,0.0,True,True,False,False,0.0,False,False,False,False,,6.0,,False
ISMN_USCRN_John-Day-35-WNW,sm_only,train,20160101,20211102,OK,"INFO_s1_desc_missing_years(2016)|INFO_sif_missing_years(2016,2017)|INFO_soil_nan_pct(1.4%)",True,True,True,True,True,True,True,True,True,True,True,False,179,179,0,100.0,,,2016,,,,,,"2016,2017",,True,179,0,0,124.0,0.0,0.0,139.0,0.0,0.0,True,True,False,False,0.0141,False,False,False,False,,6.0,,False
ISMN_USCRN_Joplin-24-N,sm_only,train,20161230,20210215,OK,"INFO_s2_missing_years(2016)|INFO_s1_asc_missing_years(2016)|INFO_s1_desc_missing_years(2016,2017,2018,2019,2021)|INFO_cm_missing_years(2016)|INFO_sif_missing_years(2016,2017)|INFO_soil_nan_pct(0.5%)",True,True,True,True,True,True,True,True,True,True,True,False,102,102,0,100.0,2016,2016,"2016,2017,2018,2019,2021",2016,,,,,"2016,2017",,True,102,0,0,222.0,0.0,0.0,1.0,0.0,0.0,True,True,False,False,0.0046,False,False,False,False,,6.0,,False
ISMN_USCRN_Lafayette-13-SE,sm_only,val,20160101,20211116,OK,"INFO_s1_desc_missing_years(2017,2018,2019,2021)|INFO_sif_missing_years(2016,2017)",True,True,True,True,True,True,True,True,True,True,True,False,136,136,0,100.0,,,"2017,2018,2019,2021",,,,,,"2016,2017",,True,136,0,0,161.0,0.0,0.0,5.0,0.0,0.0,True,True,False,False,0.0,False,False,False,False,,6.0,,False
ISMN_USCRN_Las-Cruces-20-N,sm_only,train,20160101,20211102,OK,"INFO_s1_desc_missing_years(2016)|INFO_sif_missing_years(2016,2017)|INFO_soil_nan_pct(0.5%)",True,True,True,True,True,True,True,True,True,True,True,False,479,479,0,100.0,,,2016,,,,,,"2016,2017",,True,479,0,0,141.0,0.0,0.0,280.0,0.0,0.0,True,True,False,False,0.0053,False,False,False,False,,6.0,,False
ISMN_USCRN_Los-Alamos-13-W,sm_only,train,20160101,20201208,OK,"INFO_s1_desc_missing_years(2016)|INFO_sif_missing_years(2016,2017)",True,True,True,True,True,True,True,True,True,True,True,False,142,142,0,100.0,,,2016,,,,,,"2016,2017",,True,142,0,0,205.0,0.0,0.0,116.0,0.0,0.0,True,True,False,False,0.0,False,False,False,False,,5.0,,False
ISMN_USCRN_McClellanville-7-NE,sm_only,train,20160101,20211102,OK,"INFO_s1_desc_missing_years(2017,2021)|INFO_sif_missing_years(2016,2017)|INFO_soil_nan_pct(9.7%)",True,True,True,True,True,True,True,True,True,True,True,False,260,260,0,100.0,,,"2017,2021",,,,,,"2016,2017",,True,260,0,0,305.0,0.0,0.0,5.0,0.0,0.0,True,True,False,False,0.0973,False,False,False,False,,6.0,,False
ISMN_USCRN_Mercury-3-SSW,sm_only,train,20160101,20211102,OK,"INFO_s1_desc_missing_years(2016)|INFO_sif_missing_years(2016,2017)|INFO_soil_nan_pct(0.0%)",True,True,True,True,True,True,True,True,True,True,True,False,498,498,0,100.0,,,2016,,,,,,"2016,2017",,True,498,0,0,144.0,0.0,0.0,405.0,0.0,0.0,True,True,False,False,0.0004,False,False,False,False,,6.0,,False
ISMN_USCRN_Monahans-6-ENE,sm_only,train,20160101,20211102,OK,"INFO_s1_desc_missing_years(2016)|INFO_sif_missing_years(2016,2017)|INFO_soil_nan_pct(14.5%)",True,True,True,True,True,True,True,True,True,True,True,False,221,221,0,100.0,,,2016,,,,,,"2016,2017",,True,221,0,0,132.0,0.0,0.0,123.0,0.0,0.0,True,True,False,False,0.1455,False,False,False,False,,6.0,,False
ISMN_USCRN_Monroe-26-N,sm_only,val,20160101,20190126,OK,"INFO_s1_desc_missing_years(2018,2019)|INFO_sif_missing_years(2016,2017)",True,True,True,True,True,True,True,True,True,True,True,False,83,83,0,100.0,,,"2018,2019",,,,,,"2016,2017",,True,83,0,0,71.0,0.0,0.0,4.0,0.0,0.0,True,True,False,False,0.0,False,False,False,False,,4.0,,False
ISMN_USCRN_Muleshoe-19-S,sm_only,val,20170307,20211102,OK,INFO_sif_missing_years(2017)|INFO_soil_nan_pct(2.9%),True,True,True,True,True,True,True,True,True,True,True,False,193,193,0,100.0,,,,,,,,,2017,,True,193,0,0,125.0,0.0,0.0,121.0,0.0,0.0,True,True,False,False,0.0285,False,False,False,False,,5.0,,False
ISMN_USCRN_Newton-5-ENE,sm_only,oos,20160921,20211102,OK,"INFO_s1_desc_missing_years(2016,2018,2019,2021)|INFO_sif_missing_years(2016,2017)|INFO_soil_nan_pct(0.2%)",True,True,True,True,True,True,True,True,True,True,True,False,108,108,0,100.0,,,"2016,2018,2019,2021",,,,,,"2016,2017",,True,108,0,0,283.0,0.0,0.0,5.0,0.0,0.0,True,True,False,False,0.0024,False,False,False,False,,6.0,,False
ISMN_USCRN_Newton-8-W,sm_only,train,20160101,20181013,OK,"INFO_sif_missing_years(2016,2017)",True,True,True,True,True,True,True,True,True,True,True,False,74,74,0,100.0,,,,,,,,,"2016,2017",,True,74,0,0,65.0,0.0,0.0,5.0,0.0,0.0,True,True,False,False,0.0,False,False,False,False,,3.0,,False
ISMN_USCRN_Panther-Junction-2-N,sm_only,train,20160101,20211102,OK,"INFO_s1_desc_missing_years(2016)|INFO_sif_missing_years(2016,2017)",True,True,True,True,True,True,True,True,True,True,True,False,205,205,0,100.0,,,2016,,,,,,"2016,2017",,True,205,0,0,513.0,0.0,0.0,265.0,0.0,0.0,True,True,False,False,0.0,False,False,False,False,,6.0,,False
ISMN_USCRN_Quinault-4-NE,sm_only,train,20160101,20210612,OK,"INFO_sif_missing_years(2016,2017)",True,True,True,True,True,True,True,True,True,True,True,False,89,89,0,100.0,,,,,,,,,"2016,2017",,True,89,0,0,228.0,0.0,0.0,256.0,0.0,0.0,True,True,False,False,0.0,False,False,False,False,,6.0,,False
ISMN_USCRN_Salem-10-W,sm_only,val,20160101,20210213,OK,"INFO_s1_desc_missing_years(2016,2017,2018,2021)|INFO_sif_missing_years(2016,2017)",True,True,True,True,True,True,True,True,True,True,True,False,97,97,0,100.0,,,"2016,2017,2018,2021",,,,,,"2016,2017",,True,97,0,0,123.0,0.0,0.0,2.0,0.0,0.0,True,True,False,False,0.0,False,False,False,False,,6.0,,False
ISMN_USCRN_Santa-Barbara-11-W,sm_only,train,20170328,20211116,OK,INFO_sif_missing_years(2017)|INFO_soil_nan_pct(34.7%),True,True,True,True,True,True,True,True,True,True,True,False,201,201,0,100.0,,,,,,,,,2017,,True,201,0,0,226.0,0.0,0.0,207.0,0.0,0.0,True,True,False,False,0.3466,False,False,False,False,,5.0,,False
ISMN_USCRN_Socorro-20-N,sm_only,train,20160101,20211102,OK,"INFO_s1_desc_missing_years(2016)|INFO_sif_missing_years(2016,2017)|INFO_soil_nan_pct(0.1%)",True,True,True,True,True,True,True,True,True,True,True,False,216,216,0,100.0,,,2016,,,,,,"2016,2017",,True,216,0,0,141.0,0.0,0.0,144.0,0.0,0.0,True,True,False,False,0.0007,False,False,False,False,,6.0,,False
ISMN_USCRN_Spokane-17-SSW,sm_only,train,20170304,20211102,OK,INFO_sif_missing_years(2017)|INFO_soil_nan_pct(0.3%),True,True,True,True,True,True,True,True,True,True,True,False,245,245,0,100.0,,,,,,,,,2017,,True,245,0,0,201.0,0.0,0.0,275.0,0.0,0.0,True,True,False,False,0.0029,False,False,False,False,,5.0,,False
ISMN_USCRN_Stillwater-2-W,sm_only,train,20160101,20211102,OK,"INFO_sif_missing_years(2016,2017)",True,True,False,True,True,True,True,True,True,True,True,False,168,168,0,100.0,,,,,,,,,"2016,2017",,True,168,0,0,254.0,0.0,0.0,,,,True,True,False,False,0.0,False,False,False,False,,6.0,,False
ISMN_USCRN_Stillwater-5-WNW,sm_only,train,20160101,20201209,OK,"INFO_sif_missing_years(2016,2017)|INFO_soil_nan_pct(0.1%)",True,True,False,True,True,True,True,True,True,True,True,False,136,136,0,100.0,,,,,,,,,"2016,2017",,True,136,0,0,200.0,0.0,0.0,,,,True,True,False,False,0.0011,False,False,False,False,,5.0,,False
ISMN_USCRN_Stovepipe-Wells-1-SW,sm_only,train,20160101,20211116,OK,"INFO_s1_desc_missing_years(2016)|INFO_sif_missing_years(2016,2017)|INFO_soil_nan_pct(16.7%)",True,True,True,True,True,True,True,True,True,True,True,False,249,249,0,100.0,,,2016,,,,,,"2016,2017",,True,249,0,0,352.0,0.0,0.0,211.0,0.0,0.0,True,True,False,False,0.1673,False,False,False,False,,6.0,,False
ISMN_USCRN_Tucson-11-W,sm_only,oos,20160101,20211116,OK,"INFO_s1_desc_missing_years(2016)|INFO_sif_missing_years(2016,2017)",True,True,True,True,True,True,True,True,True,True,True,False,264,264,0,100.0,,,2016,,,,,,"2016,2017",,True,264,0,0,129.0,0.0,0.0,284.0,0.0,0.0,True,True,False,False,0.0,False,False,False,False,,6.0,,False
ISMN_USCRN_Versailles-3-NNW,sm_only,oos,20160101,20211116,OK,"INFO_s1_desc_missing_years(2016,2018,2019,2020,2021)|INFO_sif_missing_years(2016,2017)|INFO_soil_nan_pct(0.1%)",True,True,True,True,True,True,True,True,True,True,True,False,159,159,0,100.0,,,"2016,2018,2019,2020,2021",,,,,,"2016,2017",,True,159,0,0,296.0,0.0,0.0,2.0,0.0,0.0,True,True,False,False,0.0009,False,False,False,False,,6.0,,False
ISMN_USCRN_Watkinsville-5-SSE,sm_only,train,20160101,20211116,OK,"INFO_s1_desc_missing_years(2016,2017,2020,2021)|INFO_sif_missing_years(2016,2017)|INFO_soil_nan_pct(0.1%)",True,True,True,True,True,True,True,True,True,True,True,False,142,142,0,100.0,,,"2016,2017,2020,2021",,,,,,"2016,2017",,True,142,0,0,287.0,0.0,0.0,2.0,0.0,0.0,True,True,False,False,0.0015,False,False,False,False,,6.0,,False
ISMN_USCRN_Yosemite-Village-12-W,sm_only,train,20180824,20211116,OK,,True,True,True,True,True,True,True,True,True,True,True,False,159,159,0,100.0,,,,,,,,,,,True,159,0,0,189.0,0.0,0.0,330.0,0.0,0.0,True,True,False,False,0.0,False,False,False,False,,4.0,,False
ISMN_USCRN_Yuma-27-ENE,sm_only,oos,20160101,20211116,OK,"INFO_s1_desc_missing_years(2016)|INFO_sif_missing_years(2016,2017)|INFO_soil_nan_pct(0.6%)",True,True,True,True,True,True,True,True,True,True,True,False,563,563,0,100.0,,,2016,,,,,,"2016,2017",,True,563,0,0,250.0,0.0,0.0,139.0,0.0,0.0,True,True,False,False,0.0064,False,False,False,False,,6.0,,False
ISMN_WATERLINE_Kerasia,sm_only,train,20211007,20250609,OK,INFO_twsa_missing_years(2025),True,True,True,True,True,True,True,True,True,True,True,False,113,113,0,100.0,,,,,,,,,,2025,True,113,0,0,105.0,0.0,0.0,119.0,0.0,0.0,True,True,False,False,0.0,False,False,False,False,,5.0,,False
ISMN_WATERLINE_Komotini,sm_only,oos,20220127,20250609,OK,INFO_twsa_missing_years(2025),True,True,True,True,True,True,True,True,True,True,True,False,129,129,0,100.0,,,,,,,,,,2025,True,129,0,0,96.0,0.0,0.0,104.0,0.0,0.0,True,True,False,False,0.0,False,False,False,False,,4.0,,False
ISMN_WATERLINE_Nymfaia,sm_only,train,20211007,20250609,OK,INFO_twsa_missing_years(2025),True,True,True,True,True,True,True,True,True,True,True,False,112,112,0,100.0,,,,,,,,,,2025,True,112,0,0,111.0,0.0,0.0,119.0,0.0,0.0,True,True,False,False,0.0,False,False,False,False,,5.0,,False
ISMN_XMS-CAT_BatlliudeSort,sm_only,train,20160801,20251230,OK,"INFO_sif_missing_years(2016,2017)|INFO_twsa_missing_years(2025)",True,True,True,True,True,True,True,True,True,True,True,False,370,370,0,100.0,,,,,,,,,"2016,2017",2025,True,370,0,0,837.0,0.0,0.0,450.0,0.0,0.0,True,True,False,False,0.0,False,False,False,False,,10.0,,False
ISMN_XMS-CAT_BordaColl,sm_only,train,20211201,20251230,OK,INFO_twsa_missing_years(2025),True,True,True,True,True,True,True,True,True,True,True,False,354,354,0,100.0,,,,,,,,,,2025,True,354,0,0,279.0,0.0,0.0,140.0,0.0,0.0,True,True,False,False,0.0,False,False,False,False,,5.0,,False
ISMN_XMS-CAT_CamidelsNerets,sm_only,train,20170330,20251230,OK,INFO_sif_missing_years(2017)|INFO_twsa_missing_years(2025),True,True,True,True,True,True,True,True,True,True,True,False,358,358,0,100.0,,,,,,,,,2017,2025,True,358,0,0,767.0,0.0,0.0,411.0,0.0,0.0,True,True,False,False,0.0,False,False,False,False,,9.0,,False
ISMN_XMS-CAT_Clarella,sm_only,train,20211201,20251230,OK,INFO_twsa_missing_years(2025),True,True,True,True,True,True,True,True,True,True,True,False,206,206,0,100.0,,,,,,,,,,2025,True,206,0,0,141.0,0.0,0.0,280.0,0.0,0.0,True,True,False,False,0.0,False,False,False,False,,5.0,,False
ISMN_XMS-CAT_ClotdelesPeresII,sm_only,train,20210225,20251230,OK,INFO_twsa_missing_years(2025),True,True,True,True,True,True,True,True,True,True,True,False,203,203,0,100.0,,,,,,,,,,2025,True,203,0,0,369.0,0.0,0.0,184.0,0.0,0.0,True,True,False,False,0.0,False,False,False,False,,5.0,,False
ISMN_XMS-CAT_ColldePaller,sm_only,train,20190301,20251230,OK,INFO_twsa_missing_years(2025),True,True,True,True,True,True,True,True,True,True,True,False,509,509,0,100.0,,,,,,,,,,2025,True,509,0,0,573.0,0.0,0.0,303.0,0.0,0.0,True,True,False,False,0.0,False,False,False,False,,7.0,,False
ISMN_XMS-CAT_ElBoixer,sm_only,train,20190301,20251230,OK,INFO_twsa_missing_years(2025),True,True,True,True,True,True,True,True,True,True,True,False,250,250,0,100.0,,,,,,,,,,2025,True,250,0,0,573.0,0.0,0.0,306.0,0.0,0.0,True,True,False,False,0.0,False,False,False,False,,7.0,,False
ISMN_XMS-CAT_ElMiracle,sm_only,train,20210801,20251230,OK,INFO_twsa_missing_years(2025),True,True,True,True,True,True,True,True,True,True,True,False,329,329,0,100.0,,,,,,,,,,2025,True,329,0,0,307.0,0.0,0.0,158.0,0.0,0.0,True,True,False,False,0.0,False,False,False,False,,5.0,,False
ISMN_XMS-CAT_LaCultiadAreu,sm_only,train,20200301,20251230,OK,INFO_twsa_missing_years(2025),True,True,True,True,True,True,True,True,True,True,True,False,438,438,0,100.0,,,,,,,,,,2025,True,438,0,0,487.0,0.0,0.0,246.0,0.0,0.0,True,True,False,False,0.0,False,False,False,False,,6.0,,False
ISMN_XMS-CAT_Llivia,sm_only,train,20210701,20251230,OK,INFO_twsa_missing_years(2025),True,True,True,True,True,True,True,True,True,True,True,False,351,351,0,100.0,,,,,,,,,,2025,True,351,0,0,165.0,0.0,0.0,331.0,0.0,0.0,True,True,False,False,0.0,False,False,False,False,,5.0,,False
ISMN_XMS-CAT_LosCoscolls,sm_only,train,20171101,20251230,OK,INFO_sif_missing_years(2017)|INFO_twsa_missing_years(2025),True,True,True,True,True,True,True,True,True,True,True,False,336,336,0,100.0,,,,,,,,,2017,2025,True,336,0,0,698.0,0.0,0.0,377.0,0.0,0.0,True,True,False,False,0.0,False,False,False,False,,9.0,,False
ISMN_XMS-CAT_Pessonada,sm_only,val,20170330,20251230,OK,INFO_sif_missing_years(2017)|INFO_twsa_missing_years(2025),True,True,True,True,True,True,True,True,True,True,True,False,379,379,0,100.0,,,,,,,,,2017,2025,True,379,0,0,766.0,0.0,0.0,412.0,0.0,0.0,True,True,False,False,0.0,False,False,False,False,,9.0,,False
ISMN_XMS-CAT_RiberadeSio,sm_only,train,20200301,20251230,OK,INFO_twsa_missing_years(2025)|INFO_soil_nan_pct(0.0%),True,True,True,True,True,True,True,True,True,True,True,False,239,239,0,100.0,,,,,,,,,,2025,True,239,0,0,487.0,0.0,0.0,242.0,0.0,0.0,True,True,False,False,0.0004,False,False,False,False,,6.0,,False
ISMN_XMS-CAT_SerradeCostaAmpla,sm_only,train,20170330,20230623,OK,INFO_sif_missing_years(2017),True,True,True,True,True,True,True,True,True,True,True,False,239,239,0,100.0,,,,,,,,,2017,,True,239,0,0,582.0,0.0,0.0,323.0,0.0,0.0,True,True,False,False,0.0,False,False,False,False,,7.0,,False
ISMN_iRON_BrushCreek,sm_only,oos,20160101,20220607,OK,"INFO_s1_asc_missing_years(2022)|INFO_s1_desc_missing_years(2016)|INFO_sif_missing_years(2016,2017)",True,True,True,True,True,True,True,True,True,True,True,False,197,197,0,100.0,,2022,2016,,,,,,"2016,2017",,True,197,0,0,269.0,0.0,0.0,162.0,0.0,0.0,True,True,False,False,0.0,False,False,False,False,,7.0,,False
ISMN_iRON_GlenwoodSprings,sm_only,train,20160615,20220523,OK,"INFO_s2_missing_years(2016,2017)|INFO_s1_asc_missing_years(2022)|INFO_s1_desc_missing_years(2016)|INFO_cm_missing_years(2016,2017)|INFO_sif_missing_years(2016,2017)|INFO_soil_nan_pct(0.3%)",True,True,True,True,True,True,True,True,True,True,True,False,364,364,0,100.0,"2016,2017",2022,2016,"2016,2017",,,,,"2016,2017",,True,364,0,0,266.0,0.0,0.0,316.0,0.0,0.0,True,True,False,False,0.0031,False,False,False,False,,7.0,,False
ISMN_iRON_NorthstarAspenGrove,sm_only,oos,20160101,20210705,OK,"INFO_s1_desc_missing_years(2016)|INFO_sif_missing_years(2016,2017)|INFO_soil_nan_pct(0.1%)",True,True,True,True,True,True,True,True,True,True,True,False,161,161,0,100.0,,,2016,,,,,,"2016,2017",,True,161,0,0,136.0,0.0,0.0,134.0,0.0,0.0,True,True,False,False,0.0009,False,False,False,False,,6.0,,False
ISMN_iRON_NorthstarTransitionZone,sm_only,oos,20200504,20250924,OK,INFO_twsa_missing_years(2025)|INFO_soil_nan_pct(0.1%),True,True,True,True,True,True,True,True,True,True,True,False,234,234,0,100.0,,,,,,,,,,2025,True,234,0,0,146.0,0.0,0.0,156.0,0.0,0.0,True,True,False,False,0.0013,False,False,False,False,,6.0,,False
ISMN_iRON_SkyMountain,sm_only,oos,20160101,20220607,OK,"INFO_s1_asc_missing_years(2022)|INFO_s1_desc_missing_years(2016)|INFO_sif_missing_years(2016,2017)",True,True,True,True,True,True,True,True,True,True,True,False,188,188,0,100.0,,2022,2016,,,,,,"2016,2017",,True,188,0,0,269.0,0.0,0.0,162.0,0.0,0.0,True,True,False,False,0.0,False,False,False,False,,7.0,,False
ICOS_CH-Cha,flux_only,train,20170101,20201231,OK,INFO_sif_missing_years(2017)|INFO_soil_nan_pct(0.1%),True,True,True,True,True,True,True,True,True,True,False,True,183,183,0,100.0,,,,,,,,,2017,,True,183,0,0,455.0,0.0,0.0,233.0,0.0,0.0,True,True,False,False,0.0005,False,False,False,False,0.1533,,4.0,False
ICOS_CH-Fru,flux_only,train,20170101,20201231,OK,INFO_sif_missing_years(2017),True,True,True,True,True,True,True,True,True,True,False,True,182,182,0,100.0,,,,,,,,,2017,,True,182,0,0,455.0,0.0,0.0,233.0,0.0,0.0,True,True,False,False,0.0,False,False,False,False,0.1643,,4.0,False
ICOS_CH-Lae,flux_only,val,20170101,20201231,OK,INFO_sif_missing_years(2017),True,True,True,True,True,True,True,True,True,True,False,True,181,181,0,100.0,,,,,,,,,2017,,True,181,0,0,451.0,0.0,0.0,465.0,0.0,0.0,True,True,False,False,0.0,False,False,False,False,0.0965,,4.0,False
ICOS_CH-Oe2,flux_only,train,20170101,20201231,OK,INFO_sif_missing_years(2017),True,True,True,True,True,True,True,True,True,True,False,True,102,102,0,100.0,,,,,,,,,2017,,True,102,0,0,454.0,0.0,0.0,464.0,0.0,0.0,True,True,False,False,0.0,False,False,False,False,0.0938,,4.0,False
ICOS_CZ-KrP,flux_only,train,20170101,20201231,OK,INFO_s2_missing_years(2017)|INFO_cm_missing_years(2017)|INFO_sif_missing_years(2017),True,True,True,True,True,True,True,True,True,True,False,True,121,121,0,100.0,2017,,,2017,,,,,2017,,True,121,0,0,478.0,0.0,0.0,470.0,0.0,0.0,True,True,False,False,0.0,False,False,False,False,0.0308,,4.0,False
ICOS_CZ-RAJ,flux_only,train,20170101,20201231,OK,INFO_sif_missing_years(2017),True,True,True,True,True,True,True,True,True,True,False,True,143,143,0,100.0,,,,,,,,,2017,,True,143,0,0,239.0,0.0,0.0,467.0,0.0,0.0,True,True,False,False,0.0,False,False,False,False,0.026,,4.0,False
ICOS_CZ-Stn,flux_only,train,20170101,20201231,OK,INFO_sif_missing_years(2017),True,True,True,True,True,True,True,True,True,True,False,True,82,82,0,100.0,,,,,,,,,2017,,True,82,0,0,477.0,0.0,0.0,462.0,0.0,0.0,True,True,False,False,0.0,False,False,False,False,0.0322,,4.0,False
ICOS_CZ-wet,flux_only,train,20170101,20241231,OK,INFO_sif_missing_years(2017)|INFO_soil_nan_pct(10.4%),True,True,True,True,True,True,True,True,True,True,False,True,287,287,0,100.0,,,,,,,,,2017,,True,287,0,0,384.0,0.0,0.0,752.0,0.0,0.0,True,True,False,False,0.1039,False,False,False,False,0.0298,,8.0,False
ICOS_DE-Kli,flux_only,train,20170101,20240502,OK,INFO_sif_missing_years(2017)|INFO_soil_nan_pct(0.1%),True,True,True,True,True,True,True,True,True,True,False,True,227,227,0,100.0,,,,,,,,,2017,,True,227,0,0,720.0,0.0,0.0,719.0,0.0,0.0,True,True,False,False,0.0005,False,False,False,False,0.1292,,8.0,False
ICOS_DE-Obe,flux_only,train,20170101,20201231,OK,INFO_sif_missing_years(2017),True,True,True,True,True,True,True,True,True,True,False,True,69,69,0,100.0,,,,,,,,,2017,,True,69,0,0,469.0,0.0,0.0,233.0,0.0,0.0,True,True,False,False,0.0,False,False,False,False,0.0787,,4.0,False
ICOS_ES-Abr,flux_only,oos,20170101,20201231,OK,INFO_sif_missing_years(2017),True,True,True,True,True,True,True,True,True,True,False,True,307,307,0,100.0,,,,,,,,,2017,,True,307,0,0,481.0,0.0,0.0,472.0,0.0,0.0,True,True,False,False,0.0,False,False,False,False,0.0301,,4.0,False
ICOS_ES-Agu,flux_only,val,20171020,20201111,OK,INFO_sif_missing_years(2017),True,True,True,True,True,True,True,True,True,True,False,True,142,142,0,100.0,,,,,,,,,2017,,True,142,0,0,309.0,0.0,0.0,183.0,0.0,0.0,True,True,False,False,0.0,False,False,False,False,0.2306,,4.0,False
ICOS_ES-Cnd,flux_only,train,20170101,20200131,OK,INFO_sif_missing_years(2017)|INFO_soil_nan_pct(0.5%),True,True,True,True,True,True,True,True,True,True,False,True,131,131,0,100.0,,,,,,,,,2017,,True,131,0,0,182.0,0.0,0.0,182.0,0.0,0.0,True,True,False,False,0.0055,False,False,False,False,0.1572,,4.0,False
ICOS_ES-LM1,flux_only,train,20170101,20201231,OK,INFO_sif_missing_years(2017)|INFO_soil_nan_pct(0.4%),True,True,True,True,True,True,True,True,True,True,False,True,166,166,0,100.0,,,,,,,,,2017,,True,166,0,0,240.0,0.0,0.0,237.0,0.0,0.0,True,True,False,False,0.0038,False,False,False,False,0.0548,,4.0,False
ICOS_ES-LM2,flux_only,train,20170101,20201231,OK,INFO_sif_missing_years(2017)|INFO_soil_nan_pct(0.1%),True,True,True,True,True,True,True,True,True,True,False,True,162,162,0,100.0,,,,,,,,,2017,,True,162,0,0,240.0,0.0,0.0,237.0,0.0,0.0,True,True,False,False,0.0007,False,False,False,False,0.0493,,4.0,False
ICOS_ES-LMa,flux_only,train,20200101,20241231,OK,INFO_soil_nan_pct(0.1%),True,True,True,True,True,True,True,True,True,True,False,True,206,206,0,100.0,,,,,,,,,,,True,206,0,0,203.0,0.0,0.0,200.0,0.0,0.0,True,True,False,False,0.0005,False,False,False,False,0.1095,,5.0,False
ICOS_FR-Aur,flux_only,train,20170101,20220612,OK,INFO_sif_missing_years(2017),True,True,True,True,True,True,True,True,True,True,False,True,145,145,0,100.0,,,,,,,,,2017,,True,145,0,0,400.0,0.0,0.0,615.0,0.0,0.0,True,True,False,False,0.0,False,False,False,False,0.1453,,6.0,False
ICOS_FR-EM2,flux_only,train,20170101,20241231,OK,INFO_sif_missing_years(2017),True,True,True,True,True,True,True,True,True,True,False,True,300,300,0,100.0,,,,,,,,,2017,,True,300,0,0,761.0,0.0,0.0,380.0,0.0,0.0,True,True,False,False,0.0,False,False,False,False,0.0428,,8.0,False
ICOS_FR-FBn,flux_only,train,20170504,20201231,OK,INFO_sif_missing_years(2017),True,True,True,True,True,True,True,True,True,True,False,True,137,137,0,100.0,,,,,,,,,2017,,True,137,0,0,215.0,0.0,0.0,217.0,0.0,0.0,True,True,False,False,0.0,False,False,False,False,0.0822,,4.0,False
ICOS_IL-Yat,flux_only,oos,20170101,20201231,OK,INFO_sif_missing_years(2017),True,True,True,True,True,True,True,True,True,True,False,True,187,187,0,100.0,,,,,,,,,2017,,True,187,0,0,233.0,0.0,0.0,445.0,0.0,0.0,True,True,False,False,0.0,False,False,False,False,0.1164,,4.0,False
ICOS_IT-BCi,flux_only,oos,20170101,20201231,OK,INFO_sif_missing_years(2017),True,True,True,True,True,True,True,True,True,True,False,True,174,174,0,100.0,,,,,,,,,2017,,True,174,0,0,235.0,0.0,0.0,233.0,0.0,0.0,True,True,False,False,0.0,False,False,False,False,0.2108,,4.0,False
ICOS_IT-MBo,flux_only,train,20170101,20201009,OK,INFO_sif_missing_years(2017),True,True,True,True,True,True,True,True,True,True,False,True,224,224,0,100.0,,,,,,,,,2017,,True,224,0,0,277.0,0.0,0.0,440.0,0.0,0.0,True,True,False,False,0.0,False,False,False,False,0.2743,,4.0,False
ICOS_RU-Fy2,flux_only,train,20170101,20201231,OK,INFO_sif_missing_years(2017),True,True,True,True,True,True,True,True,True,True,False,True,82,82,0,100.0,,,,,,,,,2017,,True,82,0,0,477.0,0.0,0.0,462.0,0.0,0.0,True,True,False,False,0.0,False,False,False,False,0.0472,,4.0,False
ICOS_RU-Fyo,flux_only,train,20171210,20201231,OK,INFO_s2_missing_years(2017)|INFO_cm_missing_years(2017)|INFO_sif_missing_years(2017),True,False,True,True,True,True,True,True,True,True,False,True,83,83,0,100.0,2017,,,2017,,,,,2017,,True,83,0,0,,,,166.0,0.0,0.0,True,True,False,False,0.0,False,False,False,False,0.0921,,4.0,False
ICOS_UK-AMo,flux_only,train,20211119,20241231,OK,,True,True,True,True,True,True,True,True,True,True,False,True,62,62,0,100.0,,,,,,,,,,,True,62,0,0,182.0,0.0,0.0,124.0,0.0,0.0,True,True,False,False,0.0,False,False,False,False,0.3468,,4.0,False
ICOS_BE-Bra,sm_and_flux,oos,20200101,20241230,OK,INFO_no_twsa|INFO_soil_nan_pct(0.6%),True,True,True,True,True,True,True,True,True,False,True,True,153,153,0,100.0,,,,,,,,,,,True,153,0,0,401.0,0.0,0.0,410.0,0.0,0.0,True,True,False,False,0.0057,False,False,False,False,0.2497,5.0,5.0,False
ICOS_BE-Lon,sm_and_flux,oos,20180420,20240408,OK,INFO_no_twsa,True,True,True,True,True,True,True,True,True,False,True,True,226,226,0,100.0,,,,,,,,,,,True,226,0,0,559.0,0.0,0.0,565.0,0.0,0.0,True,True,False,False,0.0,False,False,False,False,0.2714,7.0,7.0,False
ICOS_BE-Maa,sm_and_flux,oos,20190904,20241230,OK,INFO_no_twsa|INFO_soil_nan_pct(0.8%),True,True,True,True,True,True,True,True,True,False,True,True,183,183,0,100.0,,,,,,,,,,,True,183,0,0,439.0,0.0,0.0,223.0,0.0,0.0,True,True,False,False,0.0077,False,False,False,False,0.1254,6.0,6.0,False
ICOS_BE-Vie,sm_and_flux,oos,20180713,20241230,OK,,True,True,True,True,True,True,True,True,True,True,True,True,117,117,0,100.0,,,,,,,,,,,True,117,0,0,282.0,0.0,0.0,585.0,0.0,0.0,True,True,False,False,0.0,False,False,False,False,0.5222,7.0,7.0,False
ICOS_CH-Dav,sm_and_flux,oos,20170101,20241230,OK,INFO_no_twsa|INFO_sif_missing_years(2017)|INFO_soil_nan_pct(9.6%),True,True,True,True,True,True,True,True,True,False,True,True,239,239,0,100.0,,,,,,,,,2017,,True,239,0,0,727.0,0.0,0.0,749.0,0.0,0.0,True,True,False,False,0.0961,False,False,False,False,0.302,8.0,8.0,False
ICOS_CZ-BK1,sm_and_flux,train,20170101,20201230,OK,INFO_no_twsa|INFO_sif_missing_years(2017),True,True,True,True,True,True,True,True,True,False,True,True,59,59,0,100.0,,,,,,,,,2017,,True,59,0,0,238.0,0.0,0.0,462.0,0.0,0.0,True,True,False,False,0.0,False,False,False,False,0.1055,4.0,4.0,False
ICOS_CZ-Lnz,sm_and_flux,train,20170101,20201230,OK,INFO_no_twsa|INFO_sif_missing_years(2017),True,True,True,True,True,True,True,True,True,False,True,True,185,185,0,100.0,,,,,,,,,2017,,True,185,0,0,238.0,0.0,0.0,467.0,0.0,0.0,True,True,False,False,0.0,False,False,False,False,0.0664,4.0,4.0,False
ICOS_DE-Geb,sm_and_flux,oos,20170101,20200101,OK,INFO_no_twsa|INFO_s2_missing_years(2020)|INFO_s1_asc_missing_years(2020)|INFO_cm_missing_years(2020)|INFO_sif_missing_years(2017),True,True,True,True,True,True,True,True,True,False,True,True,108,108,0,100.0,2020,2020,,2020,,,,,2017,,True,108,0,0,350.0,0.0,0.0,350.0,0.0,0.0,True,True,False,False,0.0,False,False,False,False,0.0839,4.0,4.0,False
ICOS_DE-Gri,sm_and_flux,oos,20201112,20241230,OK,INFO_no_twsa,True,True,True,True,True,True,True,True,True,False,True,True,116,116,0,100.0,,,,,,,,,,,True,116,0,0,302.0,0.0,0.0,288.0,0.0,0.0,True,True,False,False,0.0,False,False,False,False,0.045,5.0,5.0,False
ICOS_DE-Har,sm_and_flux,train,20210715,20241230,OK,INFO_no_twsa|INFO_soil_nan_pct(3.4%),True,True,True,True,True,True,True,True,True,False,True,True,69,69,0,100.0,,,,,,,,,,,True,69,0,0,225.0,0.0,0.0,228.0,0.0,0.0,True,True,False,False,0.0341,False,False,False,False,0.1028,4.0,4.0,False
ICOS_DE-HoH,sm_and_flux,val,20170101,20241230,OK,INFO_no_twsa|INFO_sif_missing_years(2017),True,True,True,True,True,True,True,True,True,False,True,True,258,258,0,100.0,,,,,,,,,2017,,True,258,0,0,751.0,0.0,0.0,769.0,0.0,0.0,True,True,False,False,0.0,False,False,False,False,0.191,8.0,8.0,False
ICOS_DE-RuR,sm_and_flux,val,20170101,20241230,OK,INFO_no_twsa|INFO_sif_missing_years(2017),True,True,True,True,True,True,True,True,True,False,True,True,121,121,0,100.0,,,,,,,,,2017,,True,121,0,0,377.0,0.0,0.0,759.0,0.0,0.0,True,True,False,False,0.0,False,False,False,False,0.3317,8.0,8.0,False
ICOS_DE-RuS,sm_and_flux,oos,20190429,20241230,OK,INFO_no_twsa,True,True,True,True,True,True,True,True,True,False,True,True,100,100,0,100.0,,,,,,,,,,,True,100,0,0,478.0,0.0,0.0,490.0,0.0,0.0,True,True,False,False,0.0,False,False,False,False,0.1843,6.0,6.0,False
ICOS_DE-RuW,sm_and_flux,train,20181025,20241230,OK,INFO_no_twsa,True,True,True,True,True,True,True,True,True,False,True,True,84,84,0,100.0,,,,,,,,,,,True,84,0,0,271.0,0.0,0.0,551.0,0.0,0.0,True,True,False,False,0.0,False,False,False,False,0.44,7.0,7.0,False
ICOS_DK-Sor,sm_and_flux,train,20211117,20241230,OK,INFO_no_twsa,True,True,True,True,True,True,True,True,True,False,True,True,93,93,0,100.0,,,,,,,,,,,True,93,0,0,181.0,0.0,0.0,185.0,0.0,0.0,True,True,False,False,0.0,False,False,False,False,0.3018,4.0,4.0,False
ICOS_FI-Hyy,sm_and_flux,oos,20181106,20241230,OK,"INFO_no_twsa|INFO_s1_desc_missing_years(2018,2019)|INFO_soil_nan_pct(7.0%)",True,True,True,True,True,True,True,True,True,False,True,True,180,180,0,100.0,,,"2018,2019",,,,,,,,True,180,0,0,450.0,0.0,0.0,233.0,0.0,0.0,True,True,False,False,0.0703,False,False,False,False,0.2105,7.0,7.0,False
ICOS_FI-Ken,sm_and_flux,train,20180101,20241230,OK,INFO_no_twsa,True,True,True,True,True,True,True,True,True,False,True,True,258,258,0,100.0,,,,,,,,,,,True,258,0,0,958.0,0.0,0.0,956.0,0.0,0.0,True,True,False,False,0.0,False,False,False,False,0.4366,7.0,7.0,False
ICOS_FI-Sii,sm_and_flux,train,20170607,20241230,OK,INFO_s1_desc_missing_years(2019)|INFO_sif_missing_years(2017),True,True,True,True,True,True,True,True,True,True,True,True,247,247,0,100.0,,,2019,,,,,,2017,,True,247,0,0,588.0,0.0,0.0,310.0,0.0,0.0,True,True,False,False,0.0,False,False,False,False,0.2012,8.0,8.0,False
ICOS_FI-Var,sm_and_flux,train,20200115,20241230,OK,INFO_no_twsa|INFO_soil_nan_pct(0.0%),True,True,True,True,True,True,True,True,True,False,True,True,172,172,0,100.0,,,,,,,,,,,True,172,0,0,568.0,0.0,0.0,546.0,0.0,0.0,True,True,False,False,0.0004,False,False,False,False,0.0949,5.0,5.0,False
ICOS_FR-Bil,sm_and_flux,train,20170101,20241230,OK,INFO_no_twsa|INFO_sif_missing_years(2017),True,True,True,True,True,True,True,True,True,False,True,True,180,180,0,100.0,,,,,,,,,2017,,True,180,0,0,372.0,0.0,0.0,758.0,0.0,0.0,True,True,False,False,0.0,False,False,False,False,0.1551,8.0,8.0,False
ICOS_FR-CLt,sm_and_flux,train,20190101,20241230,OK,INFO_no_twsa|INFO_soil_nan_pct(0.0%),True,True,True,True,True,True,True,True,True,False,True,True,241,241,0,100.0,,,,,,,,,,,True,241,0,0,478.0,0.0,0.0,265.0,0.0,0.0,True,True,False,False,0.0004,False,False,False,False,0.2442,6.0,6.0,False
ICOS_FR-Gri,sm_and_flux,oos,20170101,20200701,OK,INFO_no_twsa|INFO_sif_missing_years(2017),True,True,True,True,True,True,True,True,True,False,True,True,133,133,0,100.0,,,,,,,,,2017,,True,133,0,0,356.0,0.0,0.0,409.0,0.0,0.0,True,True,False,False,0.0,False,False,False,False,0.2872,4.0,4.0,False
ICOS_FR-Hes,sm_and_flux,train,20170101,20201230,OK,INFO_no_twsa|INFO_sif_missing_years(2017),True,True,True,True,True,True,True,True,True,False,True,True,169,169,0,100.0,,,,,,,,,2017,,True,169,0,0,334.0,0.0,0.0,232.0,0.0,0.0,True,True,False,False,0.0,False,False,False,False,0.1144,4.0,4.0,False
ICOS_FR-Mej,sm_and_flux,train,20190930,20241230,OK,INFO_no_twsa,True,True,True,True,True,True,True,True,True,False,True,True,186,186,0,100.0,,,,,,,,,,,True,186,0,0,225.0,0.0,0.0,433.0,0.0,0.0,True,True,False,False,0.0,False,False,False,False,0.0219,6.0,6.0,False
ICOS_FR-Pue,sm_and_flux,oos,20211117,20241230,OK,INFO_no_twsa|INFO_soil_nan_pct(0.0%),True,True,True,True,True,True,True,True,True,False,True,True,101,101,0,100.0,,,,,,,,,,,True,101,0,0,95.0,0.0,0.0,92.0,0.0,0.0,True,True,False,False,0.0002,False,False,False,False,0.2702,4.0,4.0,False
ICOS_FR-Tou,sm_and_flux,oos,20180101,20241230,OK,INFO_soil_nan_pct(0.6%),True,True,True,True,True,True,True,True,True,True,True,True,186,186,0,100.0,,,,,,,,,,,True,186,0,0,260.0,0.0,0.0,321.0,0.0,0.0,True,True,False,False,0.0057,False,False,False,False,0.1678,7.0,7.0,False
ICOS_GF-Guy,sm_and_flux,train,20170101,20220612,OK,INFO_no_twsa|INFO_s2_missing_years(2022)|INFO_cm_missing_years(2022)|INFO_sif_missing_years(2017),True,True,True,True,True,True,True,True,True,False,True,True,20,20,0,100.0,2022,,,2022,,,,,2017,,True,20,0,0,599.0,0.0,0.0,163.0,0.0,0.0,True,True,False,False,0.0,False,False,False,False,0.182,6.0,6.0,False
ICOS_IT-BFt,sm_and_flux,oos,20190101,20241230,OK,INFO_no_twsa|INFO_soil_nan_pct(3.7%),True,True,True,True,True,True,True,True,True,False,True,True,420,420,0,100.0,,,,,,,,,,,True,420,0,0,514.0,0.0,0.0,528.0,0.0,0.0,True,True,False,False,0.0367,False,False,False,False,0.2154,6.0,6.0,False
ICOS_IT-Lsn,sm_and_flux,train,20170101,20230118,OK,INFO_no_twsa|INFO_sif_missing_years(2017),True,True,True,True,True,True,True,True,True,False,True,True,393,393,0,100.0,,,,,,,,,2017,,True,393,0,0,641.0,0.0,0.0,323.0,0.0,0.0,True,True,False,False,0.0,False,False,False,False,0.2209,7.0,7.0,False
ICOS_IT-SR2,sm_and_flux,train,20170101,20200406,OK,INFO_no_twsa|INFO_sif_missing_years(2017)|INFO_soil_nan_pct(2.4%),True,True,True,True,True,True,True,True,True,False,True,True,223,223,0,100.0,,,,,,,,,2017,,True,223,0,0,187.0,0.0,0.0,193.0,0.0,0.0,True,True,False,False,0.0236,False,False,False,False,0.2273,4.0,4.0,False
ICOS_IT-Tor,sm_and_flux,oos,20200922,20241204,OK,,True,True,True,True,True,True,True,True,True,True,True,True,269,269,0,100.0,,,,,,,,,,,True,269,0,0,158.0,0.0,0.0,323.0,0.0,0.0,True,True,False,False,0.0,False,False,False,False,0.2039,5.0,5.0,False
ICOS_IT-TrF,sm_and_flux,oos,20170101,20240921,OK,INFO_no_twsa|INFO_s2_missing_years(2017)|INFO_cm_missing_years(2017)|INFO_sif_missing_years(2017),True,True,True,True,True,True,True,True,True,False,True,True,412,412,0,100.0,2017,,,2017,,,,,2017,,True,412,0,0,367.0,0.0,0.0,752.0,0.0,0.0,True,True,False,False,0.0,False,False,False,False,0.2712,8.0,8.0,False
ICOS_SE-Deg,sm_and_flux,oos,20170101,20241230,OK,"INFO_no_twsa|INFO_s2_missing_years(2017,2018)|INFO_cm_missing_years(2017,2018)|INFO_sif_missing_years(2017)",True,True,True,True,True,True,True,True,True,False,True,True,244,244,0,100.0,"2017,2018",,,"2017,2018",,,,,2017,,True,244,0,0,903.0,0.0,0.0,602.0,0.0,0.0,True,True,False,False,0.0,False,False,False,False,0.2681,8.0,8.0,False
ICOS_SE-Htm,sm_and_flux,train,20170101,20241230,OK,"INFO_no_twsa|INFO_s2_missing_years(2017,2018)|INFO_cm_missing_years(2017,2018)|INFO_sif_missing_years(2017)|INFO_soil_nan_pct(1.3%)",True,True,True,True,True,True,True,True,True,False,True,True,172,172,0,100.0,"2017,2018",,,"2017,2018",,,,,2017,,True,172,0,0,764.0,0.0,0.0,626.0,0.0,0.0,True,True,False,False,0.0133,False,False,False,False,0.1448,8.0,8.0,False
ICOS_SE-Nor,sm_and_flux,oos,20180809,20241230,OK,INFO_no_twsa,True,True,True,True,True,True,True,True,True,False,True,True,227,227,0,100.0,,,,,,,,,,,True,227,0,0,714.0,0.0,0.0,476.0,0.0,0.0,True,True,False,False,0.0,False,False,False,False,0.1323,7.0,7.0,False
ICOS_SE-Svb,sm_and_flux,oos,20170101,20241230,OK,"INFO_no_twsa|INFO_s2_missing_years(2017,2018,2019,2020,2021)|INFO_cm_missing_years(2017,2018,2019,2020,2021)|INFO_sif_missing_years(2017)|INFO_soil_nan_pct(0.8%)",True,True,True,True,True,True,True,True,True,False,True,True,131,131,0,100.0,"2017,2018,2019,2020,2021",,,"2017,2018,2019,2020,2021",,,,,2017,,True,131,0,0,905.0,0.0,0.0,607.0,0.0,0.0,True,True,False,False,0.0079,False,False,False,False,0.3232,8.0,8.0,False
AmeriFlux_CA-Cbo,flux_only,oos,20170101,20201231,OK,INFO_sif_missing_years(2017),True,True,False,True,True,True,True,True,True,True,False,True,100,100,0,100.0,,,,,,,,,2017,,True,100,0,0,332.0,0.0,0.0,,,,True,True,False,False,0.0,False,False,False,False,0.1123,,4.0,False
AmeriFlux_CA-DB2,flux_only,train,20191122,20241231,OK,,True,True,True,True,True,True,True,True,True,True,False,True,102,102,0,100.0,,,,,,,,,,,True,102,0,0,144.0,0.0,0.0,202.0,0.0,0.0,True,True,False,False,0.0,False,False,False,False,0.1071,,6.0,False
AmeriFlux_CA-DBB,flux_only,train,20180126,20211213,OK,,True,True,True,True,True,True,True,True,True,True,False,True,93,93,0,100.0,,,,,,,,,,,True,93,0,0,112.0,0.0,0.0,231.0,0.0,0.0,True,True,False,False,0.0,False,False,False,False,0.2412,,4.0,False
AmeriFlux_CA-DSM,flux_only,train,20210904,20241231,OK,INFO_soil_nan_pct(34.9%),True,True,True,True,True,True,True,True,True,True,False,True,77,77,0,100.0,,,,,,,,,,,True,77,0,0,88.0,0.0,0.0,95.0,0.0,0.0,True,True,False,False,0.3488,False,False,False,False,0.0938,,4.0,False
AmeriFlux_CA-Mer,flux_only,train,20170101,20201231,OK,"INFO_s1_desc_missing_years(2018,2020)|INFO_sif_missing_years(2017)",True,True,True,True,True,True,True,True,True,True,False,True,170,170,0,100.0,,,"2018,2020",,,,,,2017,,True,170,0,0,231.0,0.0,0.0,6.0,0.0,0.0,True,True,False,False,0.0,False,False,False,False,0.0958,,4.0,False
AmeriFlux_US-ALQ,flux_only,val,20190105,20230115,OK,"INFO_s1_asc_missing_years(2022,2023)|INFO_soil_nan_pct(24.2%)",True,True,False,True,True,True,True,True,True,True,False,True,176,176,0,100.0,,"2022,2023",,,,,,,,,True,176,0,0,89.0,0.0,0.0,,,,True,True,False,False,0.2423,False,False,False,False,0.1889,,5.0,False
AmeriFlux_US-BZB,flux_only,train,20180221,20240917,OK,INFO_soil_nan_pct(0.0%),True,True,True,True,True,True,True,True,True,True,False,True,392,392,0,100.0,,,,,,,,,,,True,392,0,0,152.0,0.0,0.0,338.0,0.0,0.0,True,True,False,False,0.0004,False,False,False,False,0.2153,,7.0,False
AmeriFlux_US-BZo,flux_only,train,20180407,20211125,OK,INFO_soil_nan_pct(0.0%),True,True,True,True,True,True,True,True,True,True,False,True,214,214,0,100.0,,,,,,,,,,,True,214,0,0,96.0,0.0,0.0,194.0,0.0,0.0,True,True,False,False,0.0004,False,False,False,False,0.2363,,4.0,False
AmeriFlux_US-Bi1,flux_only,train,20170101,20241231,OK,INFO_sif_missing_years(2017)|INFO_soil_nan_pct(12.6%),True,True,True,True,True,True,True,True,True,True,False,True,375,375,0,100.0,,,,,,,,,2017,,True,375,0,0,500.0,0.0,0.0,295.0,0.0,0.0,True,True,False,False,0.1255,False,False,False,False,0.1578,,8.0,False
AmeriFlux_US-Bi2,flux_only,train,20170427,20211231,OK,INFO_sif_missing_years(2017)|INFO_soil_nan_pct(4.0%),True,True,True,True,True,True,True,True,True,True,False,True,219,219,0,100.0,,,,,,,,,2017,,True,219,0,0,420.0,0.0,0.0,205.0,0.0,0.0,True,True,False,False,0.0402,False,False,False,False,0.1509,,5.0,False
AmeriFlux_US-DFC,flux_only,oos,20181018,20231213,OK,INFO_soil_nan_pct(4.7%),True,True,False,True,True,True,True,True,True,True,False,True,146,146,0,100.0,,,,,,,,,,,True,146,0,0,245.0,0.0,0.0,,,,True,True,False,False,0.0471,False,False,False,False,0.0674,,6.0,False
AmeriFlux_US-DS2,flux_only,train,20200322,20231004,OK,INFO_soil_nan_pct(6.9%),True,True,True,True,True,True,True,True,True,True,False,True,189,189,0,100.0,,,,,,,,,,,True,189,0,0,315.0,0.0,0.0,156.0,0.0,0.0,True,True,False,False,0.0688,False,False,False,False,0.161,,4.0,False
AmeriFlux_US-Dmg,flux_only,train,20210903,20241231,OK,INFO_soil_nan_pct(1.2%),True,True,True,True,True,True,True,True,True,True,False,True,163,163,0,100.0,,,,,,,,,,,True,163,0,0,205.0,0.0,0.0,196.0,0.0,0.0,True,True,False,False,0.0122,False,False,False,False,0.1669,,4.0,False
AmeriFlux_US-Esm,flux_only,oos,20171103,20230825,OK,"INFO_s1_desc_missing_years(2017,2018,2021,2023)|INFO_sif_missing_years(2017)|INFO_soil_nan_pct(0.1%)",True,True,True,True,True,True,True,True,True,True,False,True,113,113,0,100.0,,,"2017,2018,2021,2023",,,,,,2017,,True,113,0,0,162.0,0.0,0.0,4.0,0.0,0.0,True,True,False,False,0.0013,False,False,False,False,0.5278,,7.0,False
AmeriFlux_US-EvM,flux_only,train,20200501,20230521,OK,"INFO_s1_desc_missing_years(2021,2023)|INFO_soil_nan_pct(9.3%)",True,True,True,True,True,True,True,True,True,True,False,True,108,108,0,100.0,,,"2021,2023",,,,,,,,True,108,0,0,84.0,0.0,0.0,2.0,0.0,0.0,True,True,False,False,0.0933,False,False,False,False,0.4337,,4.0,False
AmeriFlux_US-GLE,flux_only,train,20170101,20200930,OK,INFO_sif_missing_years(2017)|INFO_soil_nan_pct(2.5%),True,True,True,True,True,True,True,True,True,True,False,True,119,119,0,100.0,,,,,,,,,2017,,True,119,0,0,83.0,0.0,0.0,110.0,0.0,0.0,True,True,False,False,0.0254,False,False,False,False,0.1833,,4.0,False
AmeriFlux_US-HB1,flux_only,val,20191206,20221231,OK,"INFO_s1_desc_missing_years(2019,2021)|INFO_soil_nan_pct(38.8%)",True,True,True,True,True,True,True,True,True,True,False,True,186,186,0,100.0,,,"2019,2021",,,,,,,,True,186,0,0,173.0,0.0,0.0,2.0,0.0,0.0,True,True,False,False,0.3884,False,False,False,False,0.057,,4.0,False
AmeriFlux_US-HB3,flux_only,train,20190101,20221231,OK,INFO_s1_desc_missing_years(2021)|INFO_soil_nan_pct(0.2%),True,True,True,True,True,True,True,True,True,True,False,True,234,234,0,100.0,,,2021,,,,,,,,True,234,0,0,228.0,0.0,0.0,4.0,0.0,0.0,True,True,False,False,0.0024,False,False,False,False,0.0404,,4.0,False
AmeriFlux_US-HB4,flux_only,train,20200317,20241231,OK,"INFO_s1_desc_missing_years(2021,2023,2024)|INFO_soil_nan_pct(15.6%)",True,True,True,True,True,True,True,True,True,True,False,True,279,279,0,100.0,,,"2021,2023,2024",,,,,,,,True,279,0,0,265.0,0.0,0.0,2.0,0.0,0.0,True,True,False,False,0.1558,False,False,False,False,0.0383,,5.0,False
AmeriFlux_US-Ho1,flux_only,oos,20170101,20231231,OK,"INFO_s1_desc_missing_years(2017,2022,2023)|INFO_sif_missing_years(2017)",True,True,True,True,True,True,True,True,True,True,False,True,153,153,0,100.0,,,"2017,2022,2023",,,,,,2017,,True,153,0,0,193.0,0.0,0.0,104.0,0.0,0.0,True,True,False,False,0.0,False,False,False,False,0.2171,,7.0,False
AmeriFlux_US-Ho2,flux_only,oos,20200224,20230728,OK,"INFO_s1_desc_missing_years(2022,2023)",True,True,True,True,True,True,True,True,True,True,False,True,84,84,0,100.0,,,"2022,2023",,,,,,,,True,84,0,0,97.0,0.0,0.0,55.0,0.0,0.0,True,True,False,False,0.0,False,False,False,False,0.2422,,4.0,False
AmeriFlux_US-Hsm,flux_only,oos,20210316,20241231,OK,INFO_soil_nan_pct(3.4%),True,True,True,True,True,True,True,True,True,True,False,True,191,191,0,100.0,,,,,,,,,,,True,191,0,0,129.0,0.0,0.0,240.0,0.0,0.0,True,True,False,False,0.0341,False,False,False,False,0.1197,,4.0,False
AmeriFlux_US-ICs,flux_only,val,20170101,20200914,OK,INFO_sif_missing_years(2017),True,True,True,True,True,True,True,True,True,True,False,True,134,134,0,100.0,,,,,,,,,2017,,True,134,0,0,86.0,0.0,0.0,194.0,0.0,0.0,True,True,False,False,0.0,False,False,False,False,0.2609,,4.0,False
AmeriFlux_US-ICt,flux_only,val,20170101,20200906,OK,INFO_sif_missing_years(2017),True,True,True,True,True,True,True,True,True,True,False,True,121,121,0,100.0,,,,,,,,,2017,,True,121,0,0,86.0,0.0,0.0,192.0,0.0,0.0,True,True,False,False,0.0,False,False,False,False,0.3093,,4.0,False
AmeriFlux_US-Jo1,flux_only,train,20170822,20210407,OK,INFO_sif_missing_years(2017)|INFO_soil_nan_pct(0.2%),True,True,True,True,True,True,True,True,True,True,False,True,190,190,0,100.0,,,,,,,,,2017,,True,190,0,0,106.0,0.0,0.0,216.0,0.0,0.0,True,True,False,False,0.0022,False,False,False,False,0.077,,5.0,False
AmeriFlux_US-Jo2,flux_only,train,20171222,20201231,OK,INFO_sif_missing_years(2017)|INFO_soil_nan_pct(0.1%),True,True,True,True,True,True,True,True,True,True,False,True,172,172,0,100.0,,,,,,,,,2017,,True,172,0,0,89.0,0.0,0.0,181.0,0.0,0.0,True,True,False,False,0.0005,False,False,False,False,0.0524,,4.0,False
AmeriFlux_US-KFS,flux_only,oos,20170101,20191231,OK,INFO_sif_missing_years(2017)|INFO_soil_nan_pct(0.4%),True,True,False,True,True,True,True,True,True,True,False,True,152,152,0,100.0,,,,,,,,,2017,,True,152,0,0,157.0,0.0,0.0,,,,True,True,False,False,0.0038,False,False,False,False,0.1315,,3.0,False
AmeriFlux_US-KLS,flux_only,oos,20170101,20191231,OK,INFO_sif_missing_years(2017)|INFO_soil_nan_pct(2.8%),True,True,False,True,True,True,True,True,True,True,False,True,171,171,0,100.0,,,,,,,,,2017,,True,171,0,0,76.0,0.0,0.0,,,,True,True,False,False,0.0278,False,False,False,False,0.2037,,3.0,False
AmeriFlux_US-Kon,flux_only,train,20170101,20191231,OK,INFO_sif_missing_years(2017),True,True,False,True,True,True,True,True,True,True,False,True,77,77,0,100.0,,,,,,,,,2017,,True,77,0,0,145.0,0.0,0.0,,,,True,True,False,False,0.0,False,False,False,False,0.1059,,3.0,False
AmeriFlux_US-MMS,flux_only,val,20170101,20201231,OK,"INFO_s1_desc_missing_years(2018,2019,2020)|INFO_sif_missing_years(2017)",True,True,True,True,True,True,True,True,True,True,False,True,78,78,0,100.0,,,"2018,2019,2020",,,,,,2017,,True,78,0,0,206.0,0.0,0.0,2.0,0.0,0.0,True,True,False,False,0.0,False,False,False,False,0.0732,,4.0,False
AmeriFlux_US-MN2,flux_only,train,20190223,20241231,OK,INFO_soil_nan_pct(0.5%),True,True,False,True,True,True,True,True,True,True,False,True,177,177,0,100.0,,,,,,,,,,,True,177,0,0,217.0,0.0,0.0,,,,True,True,False,False,0.0049,False,False,False,False,0.2744,,6.0,False
AmeriFlux_US-MN3,flux_only,train,20200428,20241231,OK,INFO_soil_nan_pct(0.5%),True,True,False,True,True,True,True,True,True,True,False,True,149,149,0,100.0,,,,,,,,,,,True,149,0,0,153.0,0.0,0.0,,,,True,True,False,False,0.0051,False,False,False,False,0.2417,,5.0,False
AmeriFlux_US-Me2,flux_only,train,20181231,20220712,OK,INFO_s2_missing_years(2018)|INFO_s1_asc_missing_years(2018)|INFO_s1_desc_missing_years(2018)|INFO_cm_missing_years(2018),True,True,True,True,True,True,True,True,True,True,False,True,110,110,0,100.0,2018,2018,2018,2018,,,,,,,True,110,0,0,99.0,0.0,0.0,110.0,0.0,0.0,True,True,False,False,0.0,False,False,False,False,0.0566,,5.0,False
AmeriFlux_US-Mo1,flux_only,val,20180113,20241231,OK,INFO_soil_nan_pct(0.1%),True,True,False,True,True,True,True,True,True,True,False,True,425,425,0,100.0,,,,,,,,,,,True,425,0,0,167.0,0.0,0.0,,,,True,True,False,False,0.0011,False,False,False,False,0.1921,,7.0,False
AmeriFlux_US-Mo2,flux_only,train,20180101,20230126,OK,INFO_soil_nan_pct(1.1%),True,True,False,True,True,True,True,True,True,True,False,True,148,148,0,100.0,,,,,,,,,,,True,148,0,0,132.0,0.0,0.0,,,,True,True,False,False,0.0106,False,False,False,False,0.3877,,6.0,False
AmeriFlux_US-Mo3,flux_only,val,20170101,20211231,OK,INFO_sif_missing_years(2017)|INFO_soil_nan_pct(0.8%),True,True,False,True,True,True,True,True,True,True,False,True,252,252,0,100.0,,,,,,,,,2017,,True,252,0,0,135.0,0.0,0.0,,,,True,True,False,False,0.0084,False,False,False,False,0.0904,,5.0,False
AmeriFlux_US-Mpj,flux_only,train,20170101,20240624,OK,INFO_sif_missing_years(2017),True,True,True,True,True,True,True,True,True,True,False,True,638,638,0,100.0,,,,,,,,,2017,,True,638,0,0,316.0,0.0,0.0,430.0,0.0,0.0,True,True,False,False,0.0,False,False,False,False,0.1296,,8.0,False
AmeriFlux_US-MtB,flux_only,oos,20190319,20241231,OK,,True,True,True,True,True,True,True,True,True,True,False,True,263,263,0,100.0,,,,,,,,,,,True,263,0,0,160.0,0.0,0.0,357.0,0.0,0.0,True,True,False,False,0.0,False,False,False,False,0.1716,,6.0,False
AmeriFlux_US-NC3,flux_only,train,20170101,20200305,OK,"INFO_s1_desc_missing_years(2017,2020)|INFO_sif_missing_years(2017)",True,True,True,True,True,True,True,True,True,True,False,True,78,78,0,100.0,,,"2017,2020",,,,,,2017,,True,78,0,0,87.0,0.0,0.0,2.0,0.0,0.0,True,True,False,False,0.0,False,False,False,False,0.2509,,4.0,False
AmeriFlux_US-Ne1,flux_only,oos,20170101,20241231,OK,INFO_sif_missing_years(2017),True,True,False,True,True,True,True,True,True,True,False,True,492,492,0,100.0,,,,,,,,,2017,,True,492,0,0,201.0,0.0,0.0,,,,True,True,False,False,0.0,False,False,False,False,0.0394,,8.0,False
AmeriFlux_US-Ne2,flux_only,oos,20170101,20240430,OK,INFO_sif_missing_years(2017),True,True,False,True,True,True,True,True,True,True,False,True,442,442,0,100.0,,,,,,,,,2017,,True,442,0,0,186.0,0.0,0.0,,,,True,True,False,False,0.0,False,False,False,False,0.04,,8.0,False
AmeriFlux_US-ONA,flux_only,train,20180427,20221231,OK,"INFO_s1_desc_missing_years(2021,2022)",True,True,True,True,True,True,True,True,True,True,False,True,109,109,0,100.0,,,"2021,2022",,,,,,,,True,109,0,0,264.0,0.0,0.0,3.0,0.0,0.0,True,True,False,False,0.0,False,False,False,False,0.0766,,5.0,False
AmeriFlux_US-RGB,flux_only,val,20210101,20240530,OK,,True,True,True,True,True,True,True,True,True,True,False,True,164,164,0,100.0,,,,,,,,,,,True,164,0,0,258.0,0.0,0.0,226.0,0.0,0.0,True,True,False,False,0.0,False,False,False,False,0.1886,,4.0,False
AmeriFlux_US-RGo,flux_only,val,20210621,20241231,OK,INFO_soil_nan_pct(0.6%),True,True,True,True,True,True,True,True,True,True,False,True,345,345,0,100.0,,,,,,,,,,,True,345,0,0,236.0,0.0,0.0,217.0,0.0,0.0,True,True,False,False,0.0058,False,False,False,False,0.1496,,4.0,False
AmeriFlux_US-Rls,flux_only,train,20170101,20230930,OK,INFO_sif_missing_years(2017)|INFO_soil_nan_pct(0.0%),True,True,True,True,True,True,True,True,True,True,False,True,422,422,0,100.0,,,,,,,,,2017,,True,422,0,0,329.0,0.0,0.0,460.0,0.0,0.0,True,True,False,False,0.0002,False,False,False,False,0.0479,,7.0,False
AmeriFlux_US-Rms,flux_only,train,20170101,20230929,OK,INFO_sif_missing_years(2017),True,True,True,True,True,True,True,True,True,True,False,True,415,415,0,100.0,,,,,,,,,2017,,True,415,0,0,330.0,0.0,0.0,460.0,0.0,0.0,True,True,False,False,0.0,False,False,False,False,0.1186,,7.0,False
AmeriFlux_US-Ro4,flux_only,val,20170101,20240930,OK,INFO_sif_missing_years(2017)|INFO_soil_nan_pct(0.8%),True,True,False,True,True,True,True,True,True,True,False,True,413,413,0,100.0,,,,,,,,,2017,,True,413,0,0,200.0,0.0,0.0,,,,True,True,False,False,0.0075,False,False,False,False,0.1067,,8.0,False
AmeriFlux_US-Ro5,flux_only,val,20170101,20241231,OK,INFO_s2_missing_years(2017)|INFO_cm_missing_years(2017)|INFO_sif_missing_years(2017),True,True,False,True,True,True,True,True,True,True,False,True,375,375,0,100.0,2017,,,2017,,,,,2017,,True,375,0,0,205.0,0.0,0.0,,,,True,True,False,False,0.0,False,False,False,False,0.1105,,8.0,False
AmeriFlux_US-Ro6,flux_only,val,20170101,20241231,OK,INFO_s2_missing_years(2017)|INFO_cm_missing_years(2017)|INFO_sif_missing_years(2017),True,True,False,True,True,True,True,True,True,True,False,True,377,377,0,100.0,2017,,,2017,,,,,2017,,True,377,0,0,205.0,0.0,0.0,,,,True,True,False,False,0.0,False,False,False,False,0.1324,,8.0,False
AmeriFlux_US-Rwf,flux_only,train,20170101,20230930,OK,INFO_sif_missing_years(2017),True,True,True,True,True,True,True,True,True,True,False,True,360,360,0,100.0,,,,,,,,,2017,,True,360,0,0,330.0,0.0,0.0,460.0,0.0,0.0,True,True,False,False,0.0,False,False,False,False,0.0925,,7.0,False
AmeriFlux_US-Rws,flux_only,train,20170101,20230930,OK,INFO_sif_missing_years(2017),True,True,True,True,True,True,True,True,True,True,False,True,419,419,0,100.0,,,,,,,,,2017,,True,419,0,0,329.0,0.0,0.0,460.0,0.0,0.0,True,True,False,False,0.0,False,False,False,False,0.0698,,7.0,False
AmeriFlux_US-SHC,flux_only,train,20170621,20200930,OK,INFO_sif_missing_years(2017),True,True,True,True,True,True,True,True,True,True,False,True,273,273,0,100.0,,,,,,,,,2017,,True,273,0,0,150.0,0.0,0.0,126.0,0.0,0.0,True,True,False,False,0.0,False,False,False,False,0.1252,,4.0,False
AmeriFlux_US-Seg,flux_only,train,20170101,20241231,OK,"INFO_s1_asc_missing_years(2022,2023,2024)|INFO_sif_missing_years(2017)",True,True,True,True,True,True,True,True,True,True,False,True,507,507,0,100.0,,"2022,2023,2024",,,,,,,2017,,True,507,0,0,142.0,0.0,0.0,459.0,0.0,0.0,True,True,False,False,0.0,False,False,False,False,0.0705,,8.0,False
AmeriFlux_US-Ses,flux_only,train,20180822,20211231,OK,,True,True,True,True,True,True,True,True,True,True,False,True,320,320,0,100.0,,,,,,,,,,,True,320,0,0,96.0,0.0,0.0,200.0,0.0,0.0,True,True,False,False,0.0,False,False,False,False,0.0269,,4.0,False
AmeriFlux_US-Sne,flux_only,train,20170101,20201231,OK,INFO_sif_missing_years(2017)|INFO_soil_nan_pct(15.9%),True,True,True,True,True,True,True,True,True,True,False,True,190,190,0,100.0,,,,,,,,,2017,,True,190,0,0,328.0,0.0,0.0,273.0,0.0,0.0,True,True,False,False,0.1594,False,False,False,False,0.3162,,4.0,False
AmeriFlux_US-Tw4,flux_only,train,20170101,20221130,OK,INFO_sif_missing_years(2017)|INFO_soil_nan_pct(11.3%),True,True,True,True,True,True,True,True,True,True,False,True,284,284,0,100.0,,,,,,,,,2017,,True,284,0,0,497.0,0.0,0.0,420.0,0.0,0.0,True,True,False,False,0.1134,False,False,False,False,0.2056,,6.0,False
AmeriFlux_US-UC1,flux_only,oos,20200708,20240117,OK,INFO_s2_missing_years(2024)|INFO_cm_missing_years(2024),True,True,False,True,True,True,True,True,True,True,False,True,68,68,0,100.0,2024,,,2024,,,,,,,True,68,0,0,91.0,0.0,0.0,,,,True,True,False,False,0.0,False,False,False,False,0.0636,,5.0,False
AmeriFlux_US-UMB,flux_only,train,20170101,20211231,OK,INFO_sif_missing_years(2017)|INFO_soil_nan_pct(4.3%),True,True,False,True,True,True,True,True,True,True,False,True,178,178,0,100.0,,,,,,,,,2017,,True,178,0,0,280.0,0.0,0.0,,,,True,True,False,False,0.0429,False,False,False,False,0.0263,,5.0,False
AmeriFlux_US-Vcm,flux_only,train,20170101,20231231,OK,INFO_sif_missing_years(2017),True,True,True,True,True,True,True,True,True,True,False,True,229,229,0,100.0,,,,,,,,,2017,,True,229,0,0,302.0,0.0,0.0,203.0,0.0,0.0,True,True,False,False,0.0,False,False,False,False,0.2156,,7.0,False
AmeriFlux_US-Vcp,flux_only,oos,20210121,20241231,OK,,True,True,True,True,True,True,True,True,True,True,False,True,157,157,0,100.0,,,,,,,,,,,True,157,0,0,123.0,0.0,0.0,114.0,0.0,0.0,True,True,False,False,0.0,False,False,False,False,0.4178,,4.0,False
AmeriFlux_US-Wjs,flux_only,train,20170913,20241231,OK,INFO_sif_missing_years(2017),True,True,True,True,True,True,True,True,True,True,False,True,314,314,0,100.0,,,,,,,,,2017,,True,314,0,0,272.0,0.0,0.0,207.0,0.0,0.0,True,True,False,False,0.0,False,False,False,False,0.0694,,8.0,False
AmeriFlux_US-xBR,flux_only,train,20201208,20240830,OK,,True,True,True,True,True,True,True,True,True,True,False,True,84,84,0,100.0,,,,,,,,,,,True,84,0,0,179.0,0.0,0.0,71.0,0.0,0.0,True,True,False,False,0.0,False,False,False,False,0.1659,,5.0,False
AmeriFlux_US-xCL,flux_only,train,20210201,20241231,OK,,True,True,False,True,True,True,True,True,True,True,False,True,147,147,0,100.0,,,,,,,,,,,True,147,0,0,222.0,0.0,0.0,,,,True,True,False,False,0.0,False,False,False,False,0.142,,4.0,False
AmeriFlux_US-xCP,flux_only,train,20210421,20241231,OK,,True,True,True,True,True,True,True,True,True,True,False,True,296,296,0,100.0,,,,,,,,,,,True,296,0,0,87.0,0.0,0.0,211.0,0.0,0.0,True,True,False,False,0.0,False,False,False,False,0.1813,,4.0,False
AmeriFlux_US-xDJ,flux_only,train,20191120,20241231,OK,INFO_s2_missing_years(2019)|INFO_cm_missing_years(2019)|INFO_soil_nan_pct(0.7%),True,True,True,True,True,True,True,True,True,True,False,True,181,181,0,100.0,2019,,,2019,,,,,,,True,181,0,0,120.0,0.0,0.0,121.0,0.0,0.0,True,True,False,False,0.0069,False,False,False,False,0.2622,,6.0,False
AmeriFlux_US-xDL,flux_only,train,20201210,20241231,OK,INFO_soil_nan_pct(13.3%),True,True,False,True,True,True,True,True,True,True,False,True,135,135,0,100.0,,,,,,,,,,,True,135,0,0,116.0,0.0,0.0,,,,True,True,False,False,0.1328,False,False,False,False,0.1767,,5.0,False
AmeriFlux_US-xHA,flux_only,train,20200820,20240731,OK,INFO_s1_desc_missing_years(2021),True,True,True,True,True,True,True,True,True,True,False,True,96,96,0,100.0,,,2021,,,,,,,,True,96,0,0,90.0,0.0,0.0,41.0,0.0,0.0,True,True,False,False,0.0,False,False,False,False,0.2351,,5.0,False
AmeriFlux_US-xJE,flux_only,train,20190807,20230130,OK,"INFO_s1_desc_missing_years(2021,2022,2023)",True,True,True,True,True,True,True,True,True,True,False,True,216,216,0,100.0,,,"2021,2022,2023",,,,,,,,True,216,0,0,101.0,0.0,0.0,2.0,0.0,0.0,True,True,False,False,0.0,False,False,False,False,0.187,,5.0,False
AmeriFlux_US-xJR,flux_only,train,20190530,20230116,OK,"INFO_s1_asc_missing_years(2022,2023)",True,True,True,True,True,True,True,True,True,True,False,True,384,384,0,100.0,,"2022,2023",,,,,,,,,True,384,0,0,75.0,0.0,0.0,213.0,0.0,0.0,True,True,False,False,0.0,False,False,False,False,0.1529,,5.0,False
AmeriFlux_US-xKA,flux_only,train,20211001,20241231,OK,,True,True,False,True,True,True,True,True,True,True,False,True,133,133,0,100.0,,,,,,,,,,,True,133,0,0,172.0,0.0,0.0,,,,True,True,False,False,0.0,False,False,False,False,0.1557,,4.0,False
AmeriFlux_US-xNG,flux_only,train,20210806,20241231,OK,INFO_s1_desc_missing_years(2021),True,True,True,True,True,True,True,True,True,True,False,True,118,118,0,100.0,,,2021,,,,,,,,True,118,0,0,100.0,0.0,0.0,160.0,0.0,0.0,True,True,False,False,0.0,False,False,False,False,0.2098,,4.0,False
AmeriFlux_US-xRM,flux_only,val,20210914,20241231,OK,,True,True,True,True,True,True,True,True,True,True,False,True,111,111,0,100.0,,,,,,,,,,,True,111,0,0,150.0,0.0,0.0,189.0,0.0,0.0,True,True,False,False,0.0,False,False,False,False,0.0929,,4.0,False
AmeriFlux_US-xSC,flux_only,train,20211020,20241231,OK,,True,True,False,True,True,True,True,True,True,True,False,True,86,86,0,100.0,,,,,,,,,,,True,86,0,0,172.0,0.0,0.0,,,,True,True,False,False,0.0,False,False,False,False,0.2267,,4.0,False
AmeriFlux_US-xSE,flux_only,train,20200130,20241231,OK,INFO_soil_nan_pct(0.3%),True,True,False,True,True,True,True,True,True,True,False,True,144,144,0,100.0,,,,,,,,,,,True,144,0,0,272.0,0.0,0.0,,,,True,True,False,False,0.0029,False,False,False,False,0.1997,,5.0,False
AmeriFlux_US-xSJ,flux_only,train,20201126,20240130,OK,,True,True,True,True,True,True,True,True,True,True,False,True,155,155,0,100.0,,,,,,,,,,,True,155,0,0,125.0,0.0,0.0,125.0,0.0,0.0,True,True,False,False,0.0,False,False,False,False,0.1464,,5.0,False
AmeriFlux_US-xUK,flux_only,oos,20200101,20241231,OK,INFO_soil_nan_pct(0.1%),True,True,False,True,True,True,True,True,True,True,False,True,348,348,0,100.0,,,,,,,,,,,True,348,0,0,259.0,0.0,0.0,,,,True,True,False,False,0.0007,False,False,False,False,0.2091,,5.0,False
AmeriFlux_US-xUN,flux_only,train,20210714,20241231,OK,"INFO_s1_asc_missing_years(2022,2023,2024)|INFO_soil_nan_pct(8.9%)",True,True,False,True,True,True,True,True,True,True,False,True,142,142,0,100.0,,"2022,2023,2024",,,,,,,,,True,142,0,0,14.0,0.0,0.0,,,,True,True,False,False,0.0888,False,False,False,False,0.2257,,4.0,False
AmeriFlux_US-xWD,flux_only,train,20191227,20241231,OK,"INFO_s1_asc_missing_years(2022,2023,2024)|INFO_s1_desc_missing_years(2019,2020,2021)|INFO_soil_nan_pct(8.7%)",True,True,True,True,True,True,True,True,True,True,False,True,321,321,0,100.0,,"2022,2023,2024","2019,2020,2021",,,,,,,,True,321,0,0,107.0,0.0,0.0,156.0,0.0,0.0,True,True,False,False,0.0866,False,False,False,False,0.2789,,6.0,False
AmeriFlux_CA-TP1,sm_and_flux,train,20190527,20231230,OK,INFO_no_twsa,True,True,False,True,True,True,True,True,True,False,True,True,116,116,0,100.0,,,,,,,,,,,True,116,0,0,122.0,0.0,0.0,,,,True,True,False,False,0.0,False,False,False,False,0.1507,5.0,5.0,False
AmeriFlux_CA-TP3,sm_and_flux,oos,20180906,20231230,OK,INFO_no_twsa,True,True,False,True,True,True,True,True,True,False,True,True,121,121,0,100.0,,,,,,,,,,,True,121,0,0,144.0,0.0,0.0,,,,True,True,False,False,0.0,False,False,False,False,0.0942,6.0,6.0,False
AmeriFlux_CA-TPD,sm_and_flux,train,20170101,20231230,OK,INFO_no_twsa|INFO_sif_missing_years(2017),True,True,False,True,True,True,True,True,True,False,True,True,145,145,0,100.0,,,,,,,,,2017,,True,145,0,0,194.0,0.0,0.0,,,,True,True,False,False,0.0,False,False,False,False,0.0849,7.0,7.0,False
AmeriFlux_US-ARM,sm_and_flux,train,20170101,20230518,OK,INFO_no_twsa|INFO_sif_missing_years(2017),True,True,False,True,True,True,True,True,True,False,True,True,214,214,0,100.0,,,,,,,,,2017,,True,214,0,0,278.0,0.0,0.0,,,,True,True,False,False,0.0,False,False,False,False,0.1009,7.0,7.0,False
AmeriFlux_US-Me6,sm_and_flux,train,20200611,20241230,OK,INFO_no_twsa,True,True,True,True,True,True,True,True,True,False,True,True,162,162,0,100.0,,,,,,,,,,,True,162,0,0,127.0,0.0,0.0,132.0,0.0,0.0,True,True,False,False,0.0,False,False,False,False,0.1196,5.0,5.0,False
AmeriFlux_US-SRG,sm_and_flux,oos,20180424,20240524,OK,INFO_no_twsa,True,True,True,True,True,True,True,True,True,False,True,True,309,309,0,100.0,,,,,,,,,,,True,309,0,0,164.0,0.0,0.0,359.0,0.0,0.0,True,True,False,False,0.0,False,False,False,False,0.0369,7.0,7.0,False
AmeriFlux_US-SRM,sm_and_flux,train,20190101,20220705,OK,INFO_no_twsa,True,True,True,True,True,True,True,True,True,False,True,True,181,181,0,100.0,,,,,,,,,,,True,181,0,0,95.0,0.0,0.0,224.0,0.0,0.0,True,True,False,False,0.0,False,False,False,False,0.0195,4.0,4.0,False
AmeriFlux_US-Ton,sm_and_flux,train,20170101,20201230,OK,INFO_no_twsa|INFO_sif_missing_years(2017),True,True,True,True,True,True,True,True,True,False,True,True,147,147,0,100.0,,,,,,,,,2017,,True,147,0,0,180.0,0.0,0.0,152.0,0.0,0.0,True,True,False,False,0.0,False,False,False,False,0.0966,4.0,4.0,False
AmeriFlux_US-UMd,sm_and_flux,train,20170223,20231230,OK,INFO_no_twsa|INFO_sif_missing_years(2017)|INFO_soil_nan_pct(23.8%),True,True,False,True,True,True,True,True,True,False,True,True,249,249,0,100.0,,,,,,,,,2017,,True,249,0,0,319.0,0.0,0.0,,,,True,True,False,False,0.2385,False,False,False,False,0.0368,7.0,7.0,False
AmeriFlux_US-Var,sm_and_flux,train,20171109,20211024,OK,INFO_no_twsa|INFO_s1_desc_missing_years(2017)|INFO_sif_missing_years(2017),True,True,True,True,True,True,True,True,True,False,True,True,170,170,0,100.0,,,2017,,,,,,2017,,True,170,0,0,205.0,0.0,0.0,173.0,0.0,0.0,True,True,False,False,0.0,False,False,False,False,0.112,5.0,5.0,False
AmeriFlux_US-Whs,sm_and_flux,oos,20170101,20201230,OK,INFO_no_twsa|INFO_sif_missing_years(2017),True,True,True,True,True,True,True,True,True,False,True,True,354,354,0,100.0,,,,,,,,,2017,,True,354,0,0,191.0,0.0,0.0,115.0,0.0,0.0,True,True,False,False,0.0,False,False,False,False,0.0192,4.0,4.0,False
AmeriFlux_US-Wkg,sm_and_flux,train,20170101,20241230,OK,INFO_no_twsa|INFO_sif_missing_years(2017),True,True,True,True,True,True,True,True,True,False,True,True,728,728,0,100.0,,,,,,,,,2017,,True,728,0,0,322.0,0.0,0.0,229.0,0.0,0.0,True,True,False,False,0.0,False,False,False,False,0.0442,8.0,8.0,False
