station,cat,lat,lon,elev_m,koppen,split,status,msg,n_days,n_rad,n_nonfinite,dates_sorted,n_dup_dates,n_missing_days,max_d2m_minus_t2m,n_d2m_gt_t2m,n_triple_violations,n_tp_negative,t2m_mean,sp_mean,sp_isa,sp_ratio,bands_hourly,n_rad_gap,kt_mean,kt_p99,kt_max,n_kt_over,n_ssrd_zero,n_sunless_geometric,n_sunless_refracted,n_sunless_civil,n_h0_zero,years,polar_delta,polar_delta_per_yr,ssrd_mean,strd_mean,strd_min,ssrd_season,peak_doy
ISMN_AMMA-CATCH_Banizoumbou,sm_only,13.5325,2.6604,208.0,Bsh,train,ok,,1096,1096,0,True,0,0,-1.8077392578125,0,0,0,302.1648758101637,98281.6768718636,98851.08638143427,0.9942397243124521,True,0,0.6539955793333053,0.7382860964600655,0.7539529727981379,0,0,0,0,0,0,3.0006844626967832,0,0.0,22.704609247384845,33.133412036496345,25.083614,0.13407845663455317,110
ISMN_AMMA-CATCH_Tondikiboro,sm_only,13.548,2.6956,235.0,Bsh,train,ok,,1096,1096,0,True,0,0,-1.8077392578125,0,0,0,302.1648758101637,98281.6768718636,98533.57268364211,0.9974435534517025,True,0,0.6540490716082855,0.7383074789989839,0.7541223116649458,0,0,0,0,0,0,3.0006844626967832,0,0.0,22.704609247384845,33.133412036496345,25.083614,0.13407845663455317,110
ISMN_ARM_Anthony,sm_only,37.2134,-98.0969,412.0,Cfa,train,ok,,2192,2192,0,True,0,0,-0.278045654296875,0,0,0,288.4159155727303,96362.98544066492,96472.48301272342,0.9988649864848607,True,0,0.597294976238818,0.7662499788826503,0.7978908796459647,0,0,0,0,0,0,6.0013689253935665,0,0.0,17.370936793476076,28.04960245620438,14.779423,0.4188491308678589,196
ISMN_ARM_Ashton,sm_only,37.133,-97.266,386.0,Cfa,train,ok,,2922,2922,0,True,0,0,-0.307861328125,0,0,0,288.73855805445993,97267.54511839066,96773.03477330816,1.005110001419723,True,0,0.5882665004279044,0.7682823655477768,0.7969554008347886,0,0,0,0,0,0,8.0,0,0.0,17.163321870440953,28.275757482888434,13.960225,0.4282335952923454,169
ISMN_ARM_Byron,sm_only,36.881,-98.285,360.0,Cfa,train,ok,,2192,2192,0,True,0,0,-0.4263916015625,0,0,0,289.2152240432962,97145.2825508953,97074.34427658643,1.0007307623331119,True,0,0.6001966234790974,0.7689297129248946,0.7938089655401571,0,0,0,0,0,0,6.0013689253935665,0,0.0,17.532632444023523,28.30631178649635,15.251465,0.4130798432950995,196
ISMN_ARM_Lamont-CF1,sm_only,36.605,-97.485,318.0,Cfa,oos,ok,,3653,3653,0,True,0,0,-0.08575439453125,0,0,0,289.6041366907136,97810.52862587257,97562.67940725005,1.0025404101253508,True,0,0.5933764607458537,0.768528564005856,0.805017834562835,0,0,0,0,0,0,10.001368925393566,0,0.0,17.406840940112765,28.602137082671774,14.388327,0.4157967671384015,169
ISMN_ARM_Lamont-CF2,sm_only,36.607,-97.488,315.0,Cfa,oos,ok,,1826,1826,0,True,0,0,-0.08575439453125,0,0,0,289.8675884317856,97802.74107081736,97597.63645894418,1.0021015325710214,True,0,0.6008774512429926,0.7708848158180107,0.805056308939783,0,0,0,0,0,0,4.999315537303217,0,0.0,17.577704277819997,28.57178923932092,14.388327,0.40382931494607704,169
ISMN_ARM_MapleCity,sm_only,37.0694,-97.7606,417.0,Cfa,oos,ok,,1826,1826,0,True,0,0,-0.37158203125,0,0,0,288.8059843382987,97138.54962178259,96414.77134637345,1.0075069231125273,True,0,0.5979272876469129,0.7706175137633253,0.800911791088238,0,0,0,0,0,0,4.999315537303217,0,0.0,17.449079601475727,28.17223193044907,14.205913,0.4211755899764698,200
ISMN_ARM_Marshall,sm_only,36.1166,-97.5112,336.0,Cfa,train,ok,,2922,2922,0,True,0,0,-0.258941650390625,0,0,0,289.87935653049436,97749.89847225788,97353.14994161352,1.004075353811174,True,0,0.5902383421408769,0.7672033794947213,0.80165346648125,0,0,0,0,0,0,8.0,0,0.0,17.4327586384081,28.72766118240931,14.684401,0.41760253993485,199
ISMN_ARM_Medford,sm_only,36.819,-97.8199,328.0,Cfa,oos,ok,,3653,3653,0,True,0,0,-0.08642578125,0,0,0,289.3580135091703,97394.63102672462,97446.22911654296,0.9994704968033535,True,0,0.6002059518812639,0.7691133357102963,0.8040760167461988,0,0,0,0,0,0,10.001368925393566,0,0.0,17.554609841837376,28.407407016972353,14.402083,0.4115774295683351,169
ISMN_ARM_Morrison,sm_only,36.37354,-97.06905,279.0,Cfa,train,ok,,3653,3653,0,True,0,0,-0.082366943359375,0,0,0,289.8683106061892,98146.98918269231,98017.91275658883,1.0013168656878464,True,0,0.5840272376176373,0.7677542620397665,0.7916514496868987,0,0,0,0,0,0,10.001368925393566,0,0.0,17.187179833624946,28.798644328223375,14.458823,0.42286769381467876,199
ISMN_ARM_Newkirk,sm_only,36.926,-97.082,357.0,Cfa,train,ok,,3653,3653,0,True,0,0,-0.08990478515625,0,0,0,289.0195181883429,97455.44743618259,97109.15958406022,1.0035659648750497,True,0,0.5862896785030921,0.7684657083933131,0.7977485180030969,0,0,0,0,0,0,10.001368925393566,0,0.0,17.13948792943661,28.430469841500138,14.050203,0.42607004114439173,169
ISMN_ARM_Omega,sm_only,35.88,-98.173,371.0,Cfa,oos,ok,,2192,2192,0,True,0,0,-0.527801513671875,0,0,0,289.92960024924173,96970.9282618613,96946.77460939504,1.0002491434352878,True,0,0.5964297884941352,0.7681646702852075,0.8058051306916331,0,0,0,0,0,0,6.0013689253935665,0,0.0,17.633019661176807,28.62185899452555,15.841404,0.40759303472071046,168
ISMN_ARM_Pawhuska,sm_only,36.841,-96.427,331.0,Cfa,train,ok,,3653,3653,0,True,0,0,-0.097137451171875,0,0,0,288.8096396599996,97620.51391407747,97411.31598514777,1.0021475731727267,True,0,0.5755276010859248,0.7681850852112803,0.8182227744804125,0,0,0,0,0,0,10.001368925393566,0,0.0,16.85809879557403,28.578681212975635,13.944245,0.4373593136065911,166
ISMN_ARM_Ringwood,sm_only,36.431,-98.284,418.0,Cfa,train,ok,,2922,2922,0,True,0,0,-0.3717041015625,0,0,0,289.54672348262676,96646.98500331536,96403.23236848047,1.0025284695216774,True,0,0.6032594713761493,0.7690592344781444,0.7964725770212681,0,0,0,0,0,0,8.0,0,0.0,17.72736405250803,28.399837116700887,14.852055,0.4067717025464017,199
ISMN_ARM_Tryon,sm_only,35.8615,-97.0695,294.0,Cfa,train,ok,,2922,2922,0,True,0,0,-0.31915283203125,0,0,0,290.0570741166488,98104.43460172827,97842.61990756312,1.0026758757524328,True,0,0.5782006349044774,0.7649228849405355,0.7901318659436374,0,0,0,0,0,0,8.0,0,0.0,17.153973799256836,28.97914930561259,14.832543,0.4275000432919553,199
ISMN_ARM_Tyro,sm_only,37.068,-95.788,248.0,Cfa,train,ok,,3653,3653,0,True,0,0,-0.077239990234375,0,0,0,288.98404834996893,98485.91739879893,98380.9905322464,1.0010665359840847,True,0,0.565600543804434,0.7658582496798978,0.8110098566987439,0,0,0,0,0,0,10.001368925393566,0,0.0,16.56295775478564,28.758170218176843,13.806329,0.4507414488165264,166
ISMN_ARM_Waukomis,sm_only,36.311,-97.928,379.0,Cfa,train,ok,,3653,3653,0,True,0,0,-0.110748291015625,0,0,0,289.70004320497094,96990.44229913769,96854.08196064018,1.001407894595015,True,0,0.6011143297864403,0.769570915625636,0.8041695404477176,0,0,0,0,0,0,10.001368925393566,0,0.0,17.683827271347365,28.589508419107585,14.694833,0.4053756548923748,169
ISMN_Berlin_DWDBerlin-Spaeth,sm_only,52.45366,13.4577,9.0,Dfb,oos,ok,,1826,1826,0,True,0,0,-0.086029052734375,0,0,0,284.1240620440747,101027.06152878559,101216.9283556498,0.9981241593679165,True,0,0.4278793213028654,0.7036298691301852,0.7221346708904303,0,0,0,0,0,0,4.999315537303217,0,0.0,10.871176906516604,27.383276677437024,16.830648,0.7167810570225106,165
ISMN_Berlin_DWDBerlinTempel,sm_only,52.45388,13.4312,4.0,Dfb,oos,ok,,1461,1461,0,True,0,0,-0.136932373046875,0,0,0,284.4078261357803,101031.35778148529,101276.9566287693,0.997574978006258,True,0,0.43382373896200305,0.7047789824888132,0.7221360640834205,0,0,0,0,0,0,4.0,0,0.0,11.006400560528661,27.412693959616703,16.830648,0.7112437844126692,166
ISMN_Berlin_PSA14wiltinger,sm_only,52.63489,13.28991,85.0,Dfb,train,ok,,1461,1461,0,True,0,0,-0.244598388671875,0,0,0,284.2967151430353,100939.13365203628,100308.03994409522,1.0062915565720634,True,0,0.4318678190690022,0.7039895400460705,0.7234787368278577,0,0,0,0,0,0,4.0,0,0.0,10.954081507825032,27.3949205687885,16.989967,0.7170442959798585,166
ISMN_Berlin_PSA15bucherchaus,sm_only,52.62005,13.48854,49.0,Dfb,train,ok,,1461,1461,0,True,0,0,-0.227996826171875,0,0,0,284.17228545202613,100842.07673468515,100737.73856327968,1.0010357406558212,True,0,0.4313858097382285,0.7041548394183231,0.7227740048517373,0,0,0,0,0,0,4.0,0,0.0,10.939896542732631,27.377069205338806,16.976851,0.7167073488111235,166
ISMN_Berlin_PSA16krugwiesen,sm_only,52.56089,13.52688,91.0,Dfb,train,ok,,1461,1461,0,True,0,0,-0.16632080078125,0,0,0,284.19541514433877,100835.57860626283,100236.5680240487,1.005975968591327,True,0,0.4323646026700758,0.704634195687325,0.7222140735941293,0,0,0,0,0,0,4.0,0,0.0,10.957493843211752,27.386191851471594,16.913158,0.7140138251973327,166
ISMN_Berlin_PSA17suedpark,sm_only,52.40145,13.51,63.0,Dfb,train,ok,,1461,1461,0,True,0,0,-0.13604736328125,0,0,0,284.3843953199863,101038.12612294662,100570.4567921471,1.0046501661195202,True,0,0.43248443797969427,0.7034173066868838,0.7212993041851529,0,0,0,0,0,0,4.0,0,0.0,10.986398368879104,27.403975336755643,16.827042,0.7115789731831498,166
ISMN_Berlin_PSA18Pfaueninsel,sm_only,52.43147,13.12135,57.0,Dfb,train,ok,,1461,1461,0,True,0,0,-0.201629638671875,0,0,0,284.5069055159071,101072.06655330253,100642.12141500926,1.004272019828759,True,0,0.4347020588663942,0.704821664096901,0.7233479364088456,0,0,0,0,0,0,4.0,0,0.0,11.04334015669567,27.434155510609173,16.856544,0.7115319790904139,166
ISMN_Berlin_PSA1BerlinerStr,sm_only,52.43899,13.2726,89.0,Dfb,val,ok,,1827,1827,0,True,0,0,-0.115447998046875,0,0,0,284.3279835868547,101015.90677168856,100260.38741407215,1.0075355718953702,True,0,0.4255197164750027,0.7060459216710789,0.7229117562156877,0,0,0,0,0,0,5.002053388090349,0,0.0,10.859600028674295,27.448972715927752,16.843142,0.7204856657306341,154
ISMN_Berlin_PSA2Tiergarten,sm_only,52.51474,13.36619,46.0,Dfb,train,ok,,2192,2192,0,True,0,0,-0.099334716796875,0,0,0,284.09523273384485,100923.94409357892,100773.61395255597,1.001491760939463,True,0,0.42739963421426275,0.7063410261467924,0.7227484330433147,0,0,0,0,0,0,6.0013689253935665,0,0.0,10.865428475919735,27.35717706751825,16.872807,0.7197512369874947,158
ISMN_Berlin_PSA4Heerstrasse,sm_only,52.50821,13.24764,5.0,Dfb,train,ok,,1827,1827,0,True,0,0,-0.104644775390625,0,0,0,284.19859169478224,100939.01729696908,101264.94866856826,0.9967813999228308,True,0,0.4238709543421931,0.705514891684276,0.7230437088965332,0,0,0,0,0,0,5.002053388090349,0,0.0,10.826471632396245,27.430982834154353,16.894341,0.7236202730858091,154
ISMN_Berlin_PSA6Plaenterwald,sm_only,52.47629,13.48714,21.0,Dfb,train,ok,,2192,2192,0,True,0,0,-0.086029052734375,0,0,0,284.1976566732365,101027.83759124088,101072.97803854254,0.9995533875801657,True,0,0.4286872868275161,0.705971056302823,0.7222780475484727,0,0,0,0,0,0,6.0013689253935665,0,0.0,10.880656300737256,27.365541175182482,16.830648,0.7170698055212421,158
ISMN_Berlin_PSA7Ruebezahl,sm_only,52.42399,13.6251,28.0,Dfb,val,ok,,2192,2192,0,True,0,0,-0.067352294921875,0,0,0,284.1616849829681,101029.7998153798,100989.08360561705,1.0004031743660706,True,0,0.4268451223754401,0.7043658061211452,0.7210269013650046,0,0,0,0,0,0,6.0013689253935665,0,0.0,10.848358303474482,27.34830415328467,16.820432,0.7181304600026812,158
ISMN_Berlin_PflABerlin11Humb,sm_only,52.54434,13.38112,99.0,Dfb,train,ok,,1461,1461,0,True,0,0,-0.195343017578125,0,0,0,284.29938711261684,100926.46329568789,100141.33628147026,1.0078401891104274,True,0,0.43317020493524816,0.7050690921656095,0.7229365394241619,0,0,0,0,0,0,4.0,0,0.0,10.98776485210977,27.403550023956193,16.92622,0.7137788780412995,166
ISMN_Berlin_PflABerlin12Schi,sm_only,52.50847,13.42852,93.0,Dfb,train,ok,,1461,1461,0,True,0,0,-0.184295654296875,0,0,0,284.2565457176297,100897.83290554414,100212.75321645122,1.0068362525437575,True,0,0.43222031424269375,0.7039955630533524,0.7222703485828759,0,0,0,0,0,0,4.0,0,0.0,10.972185468126195,27.394759576317593,16.920474,0.7138159794809821,166
ISMN_Berlin_PflABerlin13Marz,sm_only,52.54064,13.57653,17.0,Dfb,train,ok,,1461,1461,0,True,0,0,-0.16632080078125,0,0,0,284.19541514433877,100835.57860626283,101120.94304605445,0.9971779887410499,True,0,0.432118985982077,0.7043400790555124,0.7220854183595585,0,0,0,0,0,0,4.0,0,0.0,10.957493843211752,27.386191851471594,16.913158,0.7140138251973327,166
ISMN_COSMOS_KLEE,sm_only,0.2825,36.8669,1824.0,Aw,train,ok,,1096,1096,0,True,0,0,-0.851898193359375,0,0,0,292.28629300194063,82960.11524863138,81247.80885198839,1.0210751086193888,True,0,0.6180221147462683,0.7733795731191457,0.7843546357936629,0,0,0,0,0,0,3.0006844626967832,0,0.0,22.198775291180464,28.92368398722628,24.905504,0.16495176216804391,40
ISMN_COSMOS-UK_AliceHolt,sm_only,51.15355,-0.85823,80.0,Cfb,train,ok,,2557,2557,0,True,0,0,-0.1102294921875,0,0,0,284.00925811660164,100249.6545023465,100367.63139478667,0.9988245523900418,True,0,0.43723211721794925,0.724057407197664,0.7592443908780024,0,0,0,0,0,0,7.000684462696783,0,0.0,11.011786017396618,27.4696413910833,18.315745,0.6963350524496006,147
ISMN_COSMOS-UK_Balruddery,sm_only,56.4823,-3.11149,130.0,Cfb,val,ok,,1461,1461,0,True,0,0,-0.137237548828125,0,0,0,281.31775827688523,99569.39281741958,99773.00500003362,0.9979592457637817,True,0,0.4080201811612017,0.7036187286018523,0.7415118389126484,0,0,0,0,0,0,4.0,0,0.0,9.241987284747342,26.531899789869954,18.414613,0.7830894216943908,177
ISMN_COSMOS-UK_BickleyHall,sm_only,53.02635,-2.70053,78.0,Cfb,oos,ok,,2557,2557,0,True,0,0,-0.15374755859375,0,0,0,283.5480514245897,100952.64638125733,100391.47600021215,1.0055898210027712,True,0,0.4117115946061511,0.7224632797052758,0.7562358844385225,0,0,0,0,0,0,7.000684462696783,0,0.0,10.072797065499865,27.296678734063356,18.470778,0.730046619735792,147
ISMN_COSMOS-UK_BunnyPark,sm_only,52.86073,-1.12685,39.0,Cfb,train,ok,,2557,2557,0,True,0,0,-0.1436767578125,0,0,0,283.57524088000616,100736.30969825479,100857.36342731629,0.9987997531866006,True,0,0.41445756718678584,0.7143616797031908,0.7446941844384952,0,0,0,0,0,0,7.000684462696783,0,0.0,10.077529477701665,27.35979261673836,18.631619,0.7229473055725976,179
ISMN_COSMOS-UK_Cardington,sm_only,52.1056,-0.42464,29.0,Cfb,train,ok,,2557,2557,0,True,0,0,-0.13848876953125,0,0,0,283.94926715801597,100657.76373680095,100977.10329101128,0.9968375052977108,True,0,0.42123430758683955,0.7153795857784007,0.7513999659461299,0,0,0,0,0,0,7.000684462696783,0,0.0,10.392203379930839,27.484310176378568,18.484287,0.7117294130958135,179
ISMN_COSMOS-UK_ChimneyMeadows,sm_only,51.70802,-1.47877,65.0,Cfb,oos,ok,,1461,1461,0,True,0,0,-0.075958251953125,0,0,0,283.65890097699696,100321.32565451745,100546.57776917842,0.9977597237055839,True,0,0.4142103590462922,0.714521580457367,0.7417474945886333,0,0,0,0,0,0,4.0,0,0.0,10.258613976054669,27.513679910335387,18.371982,0.7112311187695036,184
ISMN_COSMOS-UK_Cochno,sm_only,55.94142,-4.40354,168.0,Cfb,train,ok,,1461,1461,0,True,0,0,-0.1190185546875,0,0,0,281.5998936835256,99907.15508427448,99322.99946568457,1.0058813731133012,True,0,0.370756002823299,0.7125290110316417,0.7459018122790189,0,0,0,0,0,0,4.0,0,0.0,8.580730938656702,27.080101979466125,18.606025,0.8233930197189722,130
ISMN_COSMOS-UK_CwmGarw,sm_only,51.95136,-4.74658,299.0,Cfb,oos,ok,,1461,1461,0,True,0,0,-0.118682861328125,0,0,0,283.829796364828,99874.1437852926,97784.24540077311,1.0213725470391877,True,0,0.4574856013735677,0.7299576530014444,0.7512056936605953,0,0,0,0,0,0,4.0,0,0.0,11.527249831196057,27.5156745982204,18.641128,0.7164201370844432,139
ISMN_COSMOS-UK_Elmsett,sm_only,52.09465,0.99307,76.0,Cfb,train,ok,,1461,1461,0,True,0,0,-0.1470947265625,0,0,0,284.0428051540576,100878.42052746407,100415.32519244924,1.0046117993854753,True,0,0.4475782883062882,0.7101523489566092,0.7368631371372705,0,0,0,0,0,0,4.0,0,0.0,11.072179308019075,27.357715699520877,19.129955,0.6886606113943198,179
ISMN_COSMOS-UK_Euston,sm_only,52.33639,0.79592,18.0,Cfb,train,ok,,1461,1461,0,True,0,0,-0.200775146484375,0,0,0,284.06133571575145,101098.7767956451,101108.95006660194,0.9998993830818128,True,0,0.4394201123060309,0.7232884378913278,0.747706334738636,0,0,0,0,0,0,4.0,0,0.0,10.875859354790807,27.26008044421629,18.916521,0.6971114565856802,147
ISMN_COSMOS-UK_Fincham,sm_only,52.61777,0.51073,15.0,Cfb,val,ok,,2191,2191,0,True,0,0,-0.15093994140625,0,0,0,284.0436954472175,101024.24476908376,101144.93246061618,0.9988067845951707,True,0,0.4454928030154519,0.7174674620418734,0.748527092257543,0,0,0,0,0,0,5.9986310746064335,0,0.0,10.972712566375161,27.28891032633501,19.225385,0.7014531277806857,147
ISMN_COSMOS-UK_Fivemiletown,sm_only,54.2985,-7.29186,174.0,Cfb,train,ok,,1826,1826,0,True,0,0,-0.091064453125,0,0,0,282.5209084685243,99533.10904555723,99252.09644335379,1.0028313014260997,True,0,0.37932905671373324,0.7100914548100633,0.750234598420912,0,0,0,0,0,0,4.999315537303217,0,0.0,8.889185136130996,27.60951915005477,18.934188,0.7634502476799767,151
ISMN_COSMOS-UK_HartwoodHome,sm_only,55.81026,-3.82896,225.0,Cfb,val,ok,,2191,2191,0,True,0,0,-0.1361083984375,0,0,0,281.52198924522105,99068.74518270767,98651.07391336546,1.0042338238477668,True,0,0.38297153046347987,0.7096550196647172,0.7449561897362404,0,0,0,0,0,0,5.9986310746064335,0,0.0,8.854236884951156,26.94706247877681,17.582669,0.7958450206148724,151
ISMN_COSMOS-UK_Heytesbury,sm_only,51.20289,-2.0796,166.0,Cfb,train,ok,,1826,1826,0,True,0,0,-0.090087890625,0,0,0,283.9873423080194,100455.93572015334,99346.64291858324,1.0111658810905084,True,0,0.43018712692024863,0.7277989565231632,0.7526729984632824,0,0,0,0,0,0,4.999315537303217,0,0.0,10.853717695824315,27.46712430120482,18.098203,0.7091849614757866,179
ISMN_COSMOS-UK_HollinHill,sm_only,54.11068,-0.95952,82.0,Cfb,train,ok,,1826,1826,0,True,0,0,-0.160186767578125,0,0,0,283.00741453473694,100747.73880322426,100343.79137549803,1.004025634493066,True,0,0.4250627043292893,0.7146647813622933,0.751136804801733,0,0,0,0,0,0,4.999315537303217,0,0.0,10.218191399000654,26.950284841182913,19.255439,0.7348187158594708,178
ISMN_COSMOS-UK_HolmeLacy,sm_only,52.02088,-2.66211,76.0,Cfb,oos,ok,,1826,1826,0,True,0,0,-0.104248046875,0,0,0,283.4700201061704,100203.35217860076,100415.32519244924,0.9978890372217366,True,0,0.41751960160171125,0.728277382623337,0.756090392099603,0,0,0,0,0,0,4.999315537303217,0,0.0,10.377164860117851,27.333081030668126,18.034649,0.7233726324933142,179
ISMN_COSMOS-UK_Loddington,sm_only,52.61016,-0.82642,186.0,Cfb,oos,ok,,1461,1461,0,True,0,0,-0.21160888671875,0,0,0,283.24358149116614,99969.10088873203,99110.41335188535,1.0086639486992952,True,0,0.4156882533466578,0.7107708905985896,0.7359644126839082,0,0,0,0,0,0,4.0,0,0.0,10.093007981530368,27.382571783025327,18.607254,0.7176863602846346,179
ISMN_COSMOS-UK_LullingtonHeath,sm_only,50.79372,0.18887,119.0,Cfb,train,ok,,1826,1826,0,True,0,0,-0.383575439453125,0,0,0,285.083508728629,101409.48053292716,99903.57741165977,1.0150735655347176,True,0,0.4765301658963644,0.7254287094716033,0.759834947288232,0,0,0,0,0,0,4.999315537303217,0,0.0,12.241898339854984,27.357918382256297,19.437204,0.6769771154997815,178
ISMN_COSMOS-UK_MoretonMorrell,sm_only,52.19941,-1.56308,53.0,Cfb,train,ok,,1826,1826,0,True,0,0,-0.149322509765625,0,0,0,283.869157839187,100602.0476750753,100689.92079863668,0.9991272897737489,True,0,0.41781909713359927,0.7230983012660999,0.7488796283031175,0,0,0,0,0,0,4.999315537303217,0,0.0,10.357173924739977,27.465837760131432,18.236331,0.7247982703842516,179
ISMN_COSMOS-UK_Morley,sm_only,52.54815,1.03423,55.0,Cfb,train,ok,,2557,2557,0,True,0,0,-0.169403076171875,0,0,0,283.9878305517979,101055.90829707665,100666.01880953393,1.0038730993055405,True,0,0.45955413178228366,0.7181455630567468,0.7497217521593628,0,0,0,0,0,0,7.000684462696783,0,0.0,11.366409513681328,27.171307135314827,19.281077,0.6923677761853466,171
ISMN_COSMOS-UK_PortonDown,sm_only,51.11988,-1.68125,146.0,Cfb,train,ok,,1096,1096,0,True,0,0,-0.1148681640625,0,0,0,283.820790590161,100330.5958100479,99583.32820339818,1.0075039428801118,True,0,0.42488413714333895,0.7200734480110266,0.7444455738010307,0,0,0,0,0,0,3.0006844626967832,0,0.0,10.591713962713312,27.554757737226275,18.235604,0.6964826573630349,183
ISMN_COSMOS-UK_Redhill,sm_only,51.26287,0.42914,91.0,Cfb,train,ok,,2192,2192,0,True,0,0,-0.19317626953125,0,0,0,284.2042306774724,100667.32340970004,100236.5680240487,1.004297387611555,True,0,0.467915951522306,0.7275940662006618,0.7619646336576645,0,0,0,0,0,0,6.0013689253935665,0,0.0,11.812220697673157,27.35917400182482,19.183981,0.675631459456791,147
ISMN_COSMOS-UK_Redmere,sm_only,52.44577,0.42104,3.0,Cfb,train,ok,,1096,1096,0,True,0,0,-0.1492919921875,0,0,0,284.11509306413416,101391.09933137546,101288.96574192833,1.0010083387533777,True,0,0.42875792384414846,0.7084835233252095,0.7336670401491756,0,0,0,0,0,0,3.0006844626967832,0,0.0,10.493125497384844,27.484623532846715,19.173373,0.7114563073844169,180
ISMN_COSMOS-UK_Rothamsted,sm_only,51.81387,-0.37832,131.0,Cfb,oos,ok,,2191,2191,0,True,0,0,-0.0887451171875,0,0,0,283.82484747339527,100057.46860380533,99761.14163640747,1.0029703646383465,True,0,0.42305415936422114,0.7188799040011996,0.7547604089071018,0,0,0,0,0,0,5.9986310746064335,0,0.0,10.538389887233217,27.550891329529897,18.403587,0.71353814170082,147
ISMN_COSMOS-UK_Sheepdrove,sm_only,51.53032,-1.48187,170.0,Cfb,train,ok,,2557,2557,0,True,0,0,-0.0633544921875,0,0,0,283.730123437099,100050.55519468615,99299.36056929467,1.0075649492714231,True,0,0.4212836428511583,0.7215187509321657,0.753799545789457,0,0,0,0,0,0,7.000684462696783,0,0.0,10.533725750677808,27.509158920219004,18.126729,0.7114032642264487,147
ISMN_COSMOS-UK_SpenFarm,sm_only,53.86886,-1.31886,57.0,Cfb,train,ok,,1827,1827,0,True,0,0,-0.183929443359375,0,0,0,282.925945446931,100301.17020303092,100642.12141500926,0.9966122414036527,True,0,0.40568126522323245,0.7135465073493373,0.7370017698838287,0,0,0,0,0,0,5.002053388090349,0,0.0,9.711733342601324,27.16859579638752,19.091289,0.7469276518466775,137
ISMN_COSMOS-UK_Stoughton,sm_only,52.60164,-1.04701,130.0,Cfb,train,ok,,2192,2192,0,True,0,0,-0.148773193359375,0,0,0,283.36174977434814,100269.33328937614,99773.00500003362,1.0049745749297854,True,0,0.4130355004330868,0.7191334933914502,0.7460940697232493,0,0,0,0,0,0,6.0013689253935665,0,0.0,10.089811474133011,27.38181731478102,18.516394,0.7229276987048519,147
ISMN_COSMOS-UK_Waddesdon,sm_only,51.83948,-0.94842,98.0,Cfb,train,ok,,1096,1096,0,True,0,0,-0.08197021484375,0,0,0,283.7544701569272,100543.62137174954,100153.23624114506,1.0038978783437864,True,0,0.41444223406282515,0.7131327518251434,0.7358195039176323,0,0,0,0,0,0,3.0006844626967832,0,0.0,10.236161327676816,27.554418302919707,18.430396,0.7168402177987087,183
ISMN_COSMOS-UK_Writtle,sm_only,51.734,0.4179,44.0,Cfb,train,ok,,2191,2191,0,True,0,0,-0.2298583984375,0,0,0,284.24523344958334,100802.33044985167,100797.53662562383,1.0000475589422948,True,0,0.44814260768897746,0.7202525622420859,0.755622063267546,0,0,0,0,0,0,5.9986310746064335,0,0.0,11.211577251906883,27.461803493838428,18.588953,0.6903027303915323,171
ISMN_CW3E_BoyesCreekCanyon,sm_only,39.34053,-123.16349,350.0,Csa,train,ok,,1826,1826,0,True,0,0,0.000244140625,0,0,0,286.645441245406,94392.06927282996,97190.43462197045,0.9712073995756378,True,0,0.6243528357892446,0.7769832336348275,0.7934703954659966,0,0,0,0,0,0,4.999315537303217,0,0.0,18.484257098192398,26.210558382803942,18.069951,0.4966696212771105,173
ISMN_CW3E_BrownsValleySchool,sm_only,39.23586,-121.40621,71.0,Csa,train,ok,,1826,1826,0,True,0,0,-0.4398193359375,0,0,0,290.99977054992877,100372.89495909776,100474.96824477272,0.9989840923818328,True,0,0.6322538958693414,0.7722958865650795,0.7887787424425206,0,0,0,0,0,0,4.999315537303217,0,0.0,18.719453726888997,27.46007222946331,19.943612,0.4831510744871728,173
ISMN_CW3E_Deerwood,sm_only,39.19757,-123.15985,280.0,Csa,oos,ok,,3287,3287,0,True,0,0,9.1552734375e-05,0,0,0,287.3364010106694,96032.55807917553,98006.21866094944,0.9798618841871479,True,0,0.6247977984207483,0.7761069025863826,0.7926283808809589,0,0,0,0,0,0,8.999315537303216,0,0.0,18.473406116421284,26.390319587770005,18.474717,0.4911421324689984,176
ISMN_CW3E_FeatherRiverCollege,sm_only,39.94597,-120.96972,1047.0,Csb,train,ok,,2192,2192,0,True,0,0,-0.016845703125,0,0,0,283.58633230724473,87364.34573163778,89363.37156980312,0.9776303668600521,True,0,0.6475517373094737,0.8042251136517529,0.8227931875161639,0,0,0,0,0,0,6.0013689253935665,0,0.0,18.831035203590336,23.897475936587593,15.213523,0.470615955636461,187
ISMN_CW3E_NorthCowMountain,sm_only,39.17967,-123.08009,1041.0,Csa,oos,ok,,3287,3287,0,True,0,0,0.0,0,0,0,287.68293406153145,95542.45728675464,89428.49831237574,1.0683670092840283,True,0,0.6271242419357068,0.778513682678612,0.7941881667535183,0,0,0,0,0,0,8.999315537303216,0,0.0,18.54054943616573,26.366064283236994,18.361973,0.48953943369590736,176
ISMN_CW3E_PotterValleyNorth,sm_only,39.36141,-123.11312,410.0,Csa,val,ok,,2557,2557,0,True,0,0,0.000244140625,0,0,0,286.7164082741616,94396.28339484747,96495.57551002427,0.9782446800894129,True,0,0.624861586053162,0.7773573812973734,0.7936665572870533,0,0,0,0,0,0,7.000684462696783,0,0.0,18.442547828352815,26.21488390418459,18.069951,0.4934379398235457,176
ISMN_CW3E_SkylineHarvest,sm_only,39.47095,-121.09175,836.0,Csb,oos,ok,,2192,2192,0,True,0,0,-0.006195068359375,0,0,0,286.86223070464865,90771.45688512204,91676.86339547846,0.9901239366529082,True,0,0.637791016867162,0.7875012447569356,0.8048236564874154,0,0,0,0,0,0,6.0013689253935665,0,0.0,18.712998662963532,25.417703971715326,17.703166,0.4816032265995592,187
ISMN_CW3E_YucaipaValley,sm_only,34.0074,-117.0916,641.0,Bsk,oos,ok,,1461,1461,0,True,0,0,-0.147552490234375,0,0,0,289.80583273426134,91855.48990952258,93857.81729418966,0.97866637598879,True,0,0.6716947554739331,0.7968097273154955,0.8085601322062294,0,0,0,0,0,0,4.0,0,0.0,20.505093576271303,25.8288152422998,17.838022,0.36787402413205206,183
ISMN_FLUXNET-AMERIFLUX_BouldinIslandAlfalfa,sm_only,38.09915,-121.49933,-2.7,Csa,train,ok,,1461,1461,0,True,0,0,-0.689849853515625,0,0,0,289.74785794173914,101364.5118711499,101357.4397068177,1.0000697744965998,True,0,0.625723878397687,0.7651322853895891,0.785761691926853,0,0,0,0,0,0,4.0,0,0.0,18.70735421287876,27.44630274537988,20.22627,0.470130516846527,178
ISMN_FLUXNET-AMERIFLUX_TonziRanch,sm_only,38.4316,-120.966,177.0,Csa,oos,ok,,1461,1461,0,True,0,0,-0.492431640625,0,0,0,289.7233819458927,99394.2390111653,99216.66030473735,1.001789807335608,True,0,0.6337883255640506,0.7678567269126675,0.7857384616276755,0,0,0,0,0,0,4.0,0,0.0,18.758974890744312,27.33484630527036,19.261204,0.46271000905948034,178
ISMN_FLUXNET-AMERIFLUX_VairaRanch,sm_only,38.4133,-120.95073,129.0,Csa,duplicate,ok,,1827,1827,0,True,0,0,-0.492431640625,0,0,0,289.68213695741184,99394.83024596333,99784.86950598129,0.9960911983755756,True,0,0.6305690976564224,0.76772069384473,0.7854424838765182,0,0,0,0,0,0,5.002053388090349,0,0.0,18.7162459961317,27.330183964969898,19.261204,0.4695798601173031,179
ISMN_FMI_SAA111,sm_only,68.33019,27.55062,441.0,Dfc,oos,ok,,2192,2192,0,True,0,0,-0.020843505859375,0,0,0,273.79505124057295,97132.42604499316,96138.14435045452,1.010342218494609,True,0,0.40807976643222116,0.7296938310650233,0.7478953383978785,0,249,278,200,0,278,6.0013689253935665,-29,-4.8322308394160585,7.475825075372292,24.149005281934304,13.117656,1.050094361819938,163
ISMN_FMI_SAA112,sm_only,68.33025,27.55076,441.0,Dfc,oos,ok,,1461,1461,0,True,0,0,-0.036651611328125,0,0,0,273.58881796458905,97189.81460151437,96138.14435045452,1.010939156961738,True,0,0.4110545367534939,0.7330959535214928,0.74789621650724,0,166,185,133,0,185,4.0,-19,-4.75,7.498859741595614,24.06713558863792,13.117656,1.0511234110370702,158
ISMN_FMI_SAA120,sm_only,68.33881,27.53543,381.0,Dfc,oos,ok,,1461,1461,0,True,0,0,-0.03369140625,0,0,0,273.2948657172253,97215.78773635352,96830.92001513671,1.0039746366259523,True,0,0.3972698715355273,0.711842867333241,0.7401203970520345,0,166,185,133,0,185,4.0,-19,-4.75,7.161076556479034,24.189535933607115,14.041257,1.0485201705559897,145
ISMN_FMI_SOD011,sm_only,67.36187,26.63378,179.0,Dfc,val,ok,,2192,2192,0,True,0,0,9.1552734375e-05,0,0,0,274.84489663674015,98384.89972413892,99193.04190432392,0.9918528339824028,True,0,0.4030128040767073,0.7200806401848213,0.7500935060466555,0,168,188,0,0,188,6.0013689253935665,-20,-3.3325729927007295,7.710926280664263,24.372222488138686,12.872251,1.0326609900104267,160
ISMN_FMI_SOD012,sm_only,67.36179,26.63378,179.0,Dfc,val,ok,,2192,2192,0,True,0,0,9.1552734375e-05,0,0,0,274.84489663674015,98384.89972413892,99193.04190432392,0.9918528339824028,True,0,0.40300956504713864,0.7200789992689427,0.7500923559899203,0,168,188,0,0,188,6.0013689253935665,-20,-3.3325729927007295,7.710926280664263,24.372222488138686,12.872251,1.0326609900104267,160
ISMN_FMI_SOD013,sm_only,67.36195,26.63378,179.0,Dfc,val,ok,,1461,1461,0,True,0,0,-0.000152587890625,0,0,0,274.3543433385871,98475.93879406228,99193.04190432392,0.9927706309183126,True,0,0.39086321818493397,0.7164526895979172,0.7370285968481424,0,111,125,0,0,125,4.0,-14,-3.5,7.439118639983483,24.386515810403832,12.127815,1.030590034990573,145
ISMN_FMI_SOD071,sm_only,67.35687,26.68492,184.0,Dfc,val,ok,,2192,2192,0,True,0,0,9.1552734375e-05,0,0,0,274.84489663674015,98384.89972413892,99134.01582038528,0.9924434000776924,True,0,0.402810906577389,0.719978110162424,0.7500216348379536,0,168,188,0,0,188,6.0013689253935665,-20,-3.3325729927007295,7.710926280664263,24.372222488138686,12.872251,1.0326609900104267,160
ISMN_FMI_SOD072,sm_only,67.35693,26.68506,184.0,Dfc,val,ok,,1461,1461,0,True,0,0,-0.00030517578125,0,0,0,274.95271514328596,98409.87134240246,99134.01582038528,0.9926952976534831,True,0,0.4061057554465459,0.7178394111492409,0.750022497204055,0,112,125,0,0,125,4.0,-13,-3.25,7.724851128632698,24.391926156741953,13.579391,1.0222177856368606,139
ISMN_FMI_SOD073,sm_only,67.35681,26.68478,184.0,Dfc,val,ok,,1461,1461,0,True,0,0,-0.00030517578125,0,0,0,274.95271514328596,98409.87134240246,99134.01582038528,0.9926952976534831,True,0,0.40610089531609744,0.7178362291467945,0.7500207724739998,0,112,125,0,0,125,4.0,-13,-3.25,7.724851128632698,24.391926156741953,13.579391,1.0222177856368606,139
ISMN_FMI_SOD081,sm_only,67.38425,26.62529,174.0,Dfc,val,ok,,2192,2192,0,True,0,0,9.1552734375e-05,0,0,0,274.84489663674015,98384.89972413892,99252.09644335379,0.991262686126637,True,0,0.4042343652518303,0.7206177158184662,0.750415384359456,0,168,188,6,0,188,6.0013689253935665,-20,-3.3325729927007295,7.710926280664263,24.372222488138686,12.872251,1.0326609900104267,160
ISMN_FMI_SOD083,sm_only,67.38431,26.62515,174.0,Dfc,val,ok,,1826,1826,0,True,0,0,9.1552734375e-05,0,0,0,274.72030015425247,98432.57265282722,99252.09644335379,0.9917430077560699,True,0,0.40497685077818885,0.7208907090139521,0.7504162477056628,0,139,156,5,0,156,4.999315537303217,-17,-3.4004654983570646,7.665144280010578,24.340653292990144,12.872251,1.0300477708357694,157
ISMN_FMI_SOD101,sm_only,67.35919,26.68595,186.0,Dfc,val,ok,,1827,1827,0,True,0,0,-0.000152587890625,0,0,0,274.5771433846443,98410.05424705803,99110.41335188535,0.9929335467269141,True,0,0.3924047909899413,0.7162609886175902,0.7430802141180354,0,140,157,0,0,157,5.002053388090349,-17,-3.3986042692939242,7.53932637380001,24.415204367816095,12.127815,1.034230052511291,147
ISMN_FMI_SOD102,sm_only,67.35922,26.68595,186.0,Dfc,val,ok,,1827,1827,0,True,0,0,-0.000152587890625,0,0,0,274.5771433846443,98410.05424705803,99110.41335188535,0.9929335467269141,True,0,0.3924059563090784,0.7162618435617976,0.7430802117350457,0,140,157,0,0,157,5.002053388090349,-17,-3.3986042692939242,7.53932637380001,24.415204367816095,12.127815,1.034230052511291,147
ISMN_FMI_SOD103,sm_only,67.35917,26.68594,186.0,Dfc,val,ok,,1827,1827,0,True,0,0,-0.000152587890625,0,0,0,274.5771433846443,98410.05424705803,99110.41335188535,0.9929335467269141,True,0,0.3924040141323752,0.7162604186560289,0.7430802157061979,0,140,157,0,0,157,5.002053388090349,-17,-3.3986042692939242,7.53932637380001,24.415204367816095,12.127815,1.034230052511291,147
ISMN_FMI_SOD130,sm_only,67.25729,26.74857,152.0,Dfc,train,ok,,1827,1827,0,True,0,0,0.000244140625,0,0,0,274.60872217104225,98294.22052459633,99512.2747275649,0.9877597592226361,True,0,0.3909972186613406,0.7164657211985868,0.7428395184696376,0,117,147,0,0,147,5.002053388090349,-30,-5.997536945812808,7.560518500784136,24.44747337055282,12.099709,1.0337705403479152,147
ISMN_FMI_SOD140,sm_only,67.15288,26.72914,255.0,Dfc,oos,ok,,1461,1461,0,True,0,0,0.000335693359375,0,0,0,274.37350510865514,98245.2153758128,98298.9101935421,0.9994537597861096,True,0,0.3887169890206888,0.7173011374978463,0.7372143313044044,0,92,105,0,0,105,4.0,-13,-3.25,7.49298196921004,24.437792264887065,12.144671,1.0281759227428038,161
ISMN_FR_Aqui_fraye,sm_only,44.467,-0.7269,52.42,Cfb,train,ok,,1461,1461,0,True,0,0,-0.056915283203125,0,0,0,287.63293960435516,101106.5308703371,100696.85323498883,1.0040684253994734,True,0,0.5044420476286289,0.7418603230237784,0.7781618067730917,0,0,0,0,0,0,4.0,0,0.0,13.853614957574173,28.39276227310062,17.095268,0.5665196731006448,193
ISMN_FR_Aqui_hillan2,sm_only,44.49126,-0.758,53.78,Cfb,train,ok,,1826,1826,0,True,0,0,-0.095184326171875,0,0,0,288.00839071284247,101105.66358758899,100680.59847631842,1.0042219168112172,True,0,0.5060302803508706,0.7411942743873337,0.7685763202331125,0,0,0,0,0,0,4.999315537303217,0,0.0,13.910089292757501,28.54090286089814,17.095268,0.5730071397712425,195
ISMN_FR_Aqui_parcmeteo,sm_only,44.7899,-0.5765,24.88,Cfb,train,ok,,2191,2191,0,True,0,0,-0.1689453125,0,0,0,287.69202630980163,101365.61871006389,101026.46958480749,1.0033570323366758,True,0,0.5073573005822374,0.7466322965133583,0.7785037487786376,0,0,0,0,0,0,5.9986310746064335,0,0.0,13.887300078926506,28.44931000319489,17.023486,0.576090325843192,193
ISMN_HOBE_1.05,sm_only,56.033,9.1912,80.0,Dfb,oos,ok,,1461,1461,0,True,0,0,-0.072540283203125,0,0,0,282.2275963586785,100504.73678131418,100367.63139478667,1.0013660319031363,True,0,0.4236950944552744,0.7081341889204102,0.733227942828284,0,0,0,0,0,0,4.0,0,0.0,10.171977145116953,26.831040748117733,17.497499,0.7961168403735939,183
ISMN_HOBE_1.07,sm_only,56.0426,9.1413,60.0,Dfb,train,ok,,1461,1461,0,True,0,0,-0.072540283203125,0,0,0,282.2275963586785,100504.73678131418,100606.28393657808,0.9989906479864824,True,0,0.4238390776884818,0.7081717866774939,0.7333133713837964,0,0,0,0,0,0,4.0,0,0.0,10.171977145116953,26.831040748117733,17.497499,0.7961168403735939,183
ISMN_HOBE_2.01,sm_only,55.9398,9.2207,63.0,Dfb,train,ok,,1461,1461,0,True,0,0,-0.071807861328125,0,0,0,282.22726734952516,100420.40658688398,100570.4567921471,0.9985080091107348,True,0,0.4263721524824404,0.7084422309712022,0.7330960064286177,0,0,0,0,0,0,4.0,0,0.0,10.2549369589431,26.831535172484603,17.589115,0.7911955088103348,183
ISMN_HOBE_2.11,sm_only,55.9704,9.0225,40.0,Dfb,train,ok,,1461,1461,0,True,0,0,-0.07318115234375,0,0,0,282.3321195441839,100742.11084017796,100845.39576732281,0.9989758091942724,True,0,0.42478974095085825,0.7082476176784851,0.7331204475655857,0,0,0,0,0,0,4.0,0,0.0,10.201216148539267,26.85644251266256,17.523831,0.793009394755559,129
ISMN_HOBE_3.06,sm_only,55.9115,8.8831,38.0,Dfb,oos,ok,,1461,1461,0,True,0,0,-0.075927734375,0,0,0,282.4705849189941,100936.6969701831,100869.33223730631,1.000667841566734,True,0,0.427620047885923,0.7096399191009145,0.7333104398201644,0,0,0,0,0,0,4.0,0,0.0,10.295190416848644,26.85308667830253,17.491006,0.7896870295827626,129
ISMN_LAB-net_OromoCalibrationSite,sm_only,-40.88502,-73.10873,115.0,Cfb,train,ok,,1096,1096,0,True,0,0,-0.36492919921875,0,0,0,283.97609980785063,100366.5430828011,99951.09258014525,1.0041565378819919,True,0,0.4775708537675322,0.7581792278783956,0.7814990185807091,0,0,0,0,0,0,3.0006844626967832,0,0.0,14.119085043005281,27.13298638138686,20.138098,0.6261287837479115,334
ISMN_LABFLUX_Bussolenobosco,sm_only,45.1186,7.1625,1100.0,Cfb,train,ok,,2192,2192,0,True,0,0,-0.1453857421875,0,0,0,278.1716239260931,83368.35382570142,88789.75155676815,0.9389411769262521,True,0,0.5551973272507822,0.7839238969139766,0.8116073835921053,0,0,0,0,0,0,6.0013689253935665,0,0.0,14.404144130116817,24.840911268248178,14.414389,0.4988834435971013,196
ISMN_LABFLUX_Nivolet,sm_only,45.51918,7.17144,2555.0,Dfc,oos,ok,,1826,1826,0,True,0,0,-0.22998046875,0,0,0,273.5549895504871,76408.99107081736,74167.85724796519,1.0302170496224448,True,0,0.5806459170146412,0.810085797218996,0.8347252764129937,0,0,0,0,0,0,4.999315537303217,0,0.0,15.0116959191099,23.11686653176342,12.855441,0.48590741591735553,148
ISMN_MOL-RAO_Falkenberg,sm_only,52.16694,14.12417,73.0,Dfb,train,ok,,1827,1827,0,True,0,0,-0.120330810546875,0,0,0,284.24532705222447,100899.04690065682,100451.10758255329,1.004459277044162,True,0,0.43448114637075197,0.7032055992066518,0.7172248919884932,0,0,0,0,0,0,5.002053388090349,0,0.0,11.003994936471056,27.27094340010947,16.199111,0.7115740330979445,156
ISMN_NAQU_NQKema,sm_only,31.27209,92.11031,4465.0,Dwc,train,ok,,1096,1096,0,True,0,0,-0.975555419921875,0,0,0,269.75467669354737,58191.78702740077,57995.40573750775,1.0033861525304584,True,0,0.699900134166154,0.8615658477035932,0.8788639800093843,0,0,0,0,0,0,3.0006844626967832,0,0.0,21.13325501563302,19.041656602189782,9.575338,0.2299752837425208,138
ISMN_NAQU_NQMS,sm_only,31.22623,91.7833,4583.0,Dwc,train,ok,,1096,1096,0,True,0,0,-1.11126708984375,0,0,0,270.734442355859,57899.15371949133,57098.832582469106,1.0140164185645355,True,0,0.6951731137056105,0.8549187398388013,0.8662269102975841,0,0,0,0,0,0,3.0006844626967832,0,0.0,21.02373766161842,19.25404894708029,9.615268,0.22963390604494,138
ISMN_NAQU_NQNorth,sm_only,31.37878,91.86848,4497.0,Et,train,ok,,1096,1096,0,True,0,0,-1.221710205078125,0,0,0,270.71054508738274,58023.41741987911,57751.1486600377,1.004714516787262,True,0,0.6938186109124254,0.8560032148388216,0.8716082352241571,0,0,0,0,0,0,3.0006844626967832,0,0.0,20.938009517457836,19.23008016058394,9.599842,0.22987662782235657,138
ISMN_NGARI_ALI01,sm_only,33.43287,79.74763,4265.0,Bwk,train,ok,,1096,1096,0,True,0,0,-2.66998291015625,0,0,0,274.01754377880235,59880.97726462705,59541.03655789525,1.005709351505852,True,0,0.7444870920275185,0.871126415296955,0.8842085526573671,0,0,0,0,0,0,3.0006844626967832,0,0.0,22.259598108698714,16.461298961678832,8.790692,0.26206303112086266,154
ISMN_NGARI_ALI02,sm_only,33.45517,79.63061,4267.0,Bwk,oos,ok,,1096,1096,0,True,0,0,-2.34326171875,0,0,0,273.80771972489185,59713.63588831547,59525.41687173455,1.0031619940938252,True,0,0.7449683446256539,0.875884289975435,0.887900932083227,0,0,0,0,0,0,3.0006844626967832,0,0.0,22.273173502859297,16.37670466970803,8.675028,0.2634611152143927,137
ISMN_NGARI_ALI03,sm_only,33.45402,79.63412,4268.0,Bwk,oos,ok,,1096,1096,0,True,0,0,-2.34326171875,0,0,0,273.80771972489185,59713.63588831547,59517.60827298792,1.0032936070688263,True,0,0.7449559169568829,0.875878840402525,0.8878880039863121,0,0,0,0,0,0,3.0006844626967832,0,0.0,22.273173502859297,16.37670466970803,8.675028,0.2634611152143927,137
ISMN_NGARI_SQ19,sm_only,32.62528,80.00139,4647.0,Dsb,val,ok,,1461,1461,0,True,0,0,-1.66552734375,0,0,0,269.1143394746983,55870.99098434291,56617.27081257604,0.9868188660894025,True,0,0.745773581144574,0.8692932204981556,0.8793480027511827,0,0,0,0,0,0,4.0,0,0.0,22.4894436543572,16.859859364134152,8.984104,0.25453437557900266,154
ISMN_NGARI_SQ20,sm_only,32.68417,79.91861,4695.0,Dsb,train,ok,,1461,1461,0,True,0,0,-1.719085693359375,0,0,0,268.69708073359493,55607.32825868412,56258.26209374676,0.9884295424203126,True,0,0.7460276834114578,0.8707096134827356,0.8802582205437484,0,0,0,0,0,0,4.0,0,0.0,22.48385838810121,16.984786169062286,9.077422,0.2553630295213979,154
ISMN_NGARI_SQ21,sm_only,32.74722,79.79694,4606.0,Dsb,train,ok,,1461,1461,0,True,0,0,-1.486480712890625,0,0,0,270.19568179193874,57320.48942023871,56925.391056246175,1.0069406350428431,True,0,0.748606814932591,0.8748530221777091,0.8834882260234441,0,0,0,0,0,0,4.0,0,0.0,22.53286791582195,16.743070295003424,8.848742,0.2541778160135467,154
ISMN_REMEDHUS_Canizal,sm_only,41.19603,-5.35997,-99.9,Bsk,train,ok,,1461,1461,0,True,0,0,-0.51324462890625,0,0,0,286.6613755327312,92510.7052372091,102530.88265199045,0.90227161655487,True,0,0.5817334903677152,0.7714068710799784,0.7951948876100777,0,0,0,0,0,0,4.0,0,0.0,16.825663660829015,26.867759229979466,18.554675,0.5143538557483422,196
ISMN_REMEDHUS_Carretoro,sm_only,41.26504,-5.38049,-99.9,Bsk,train,ok,,1827,1827,0,True,0,0,-0.305267333984375,0,0,0,286.3102169611053,92637.09627719622,102530.88265199045,0.9035043284629115,True,0,0.578223388337193,0.7693718126904805,0.7911804581063614,0,0,0,0,0,0,5.002053388090349,0,0.0,16.713066727385122,26.749280105090314,18.226951,0.5142894977952115,202
ISMN_REMEDHUS_CasaPeriles,sm_only,41.39392,-5.32146,-99.9,Bsk,train,ok,,3288,3288,0,True,0,0,-0.26080322265625,0,0,0,286.8195457180051,93300.16140368384,102530.88265199045,0.9099713080629818,True,0,0.5763029865412925,0.7687940640451694,0.7922307307265345,0,0,0,0,0,0,9.00205338809035,0,0.0,16.65277103266539,26.876735859793186,18.243343,0.5190783382842249,198
ISMN_REMEDHUS_ConcejodelMonte,sm_only,41.3001,-5.24704,-99.9,Bsk,oos,ok,,1461,1461,0,True,0,0,-0.435882568359375,0,0,0,286.9036090493121,92962.30685853012,102530.88265199045,0.9066761589682406,True,0,0.5805087657504419,0.7712620637299428,0.7944068713922485,0,0,0,0,0,0,4.0,0,0.0,16.781545888070628,26.91966000752909,18.493289,0.5159763182752616,196
ISMN_REMEDHUS_ElCoto,sm_only,41.38134,-5.42922,-99.9,Bsk,train,ok,,2192,2192,0,True,0,0,-0.25885009765625,0,0,0,286.4685265896094,93130.86261119982,102530.88265199045,0.9083201100228883,True,0,0.5754757265328665,0.7699250734127572,0.7904871466227511,0,0,0,0,0,0,6.0013689253935665,0,0.0,16.62527870406002,26.758483333029197,18.294519,0.5188273690079876,198
ISMN_REMEDHUS_ElTomillar,sm_only,41.34888,-5.49027,-99.9,Bsk,train,ok,,1461,1461,0,True,0,0,-0.42779541015625,0,0,0,286.9431850843279,93208.33239219713,102530.88265199045,0.9090756851139588,True,0,0.574860799421635,0.7701526654427209,0.7912134045464979,0,0,0,0,0,0,4.0,0,0.0,16.638725897653107,26.969073877481176,18.199703,0.5226972777237303,196
ISMN_REMEDHUS_Granja-g,sm_only,41.30582,-5.37566,-99.9,Bsk,train,ok,,2922,2922,0,True,0,0,-0.388336181640625,0,0,0,286.89583886869144,93302.21597204398,102530.88265199045,0.9099913465948563,True,0,0.5773039445923814,0.7702464643547173,0.7917249501502028,0,0,0,0,0,0,8.0,0,0.0,16.69212632233013,26.88025877583847,18.243343,0.5166981658064318,198
ISMN_REMEDHUS_Guarrati,sm_only,41.2892,-5.46713,-99.9,Bsk,train,ok,,1096,1096,0,True,0,0,-0.305084228515625,0,0,0,286.02669717273574,92344.32729100136,102530.88265199045,0.9006489059928976,True,0,0.5789176019072518,0.7677230737004636,0.7893587962792354,0,0,0,0,0,0,3.0006844626967832,0,0.0,16.707252873297254,26.680814025547445,18.237715,0.5125652909880754,202
ISMN_REMEDHUS_LaCruzdeElias,sm_only,41.28546,-5.30003,-99.9,Bsk,train,ok,,1827,1827,0,True,0,0,-0.305267333984375,0,0,0,286.3102169611053,92637.09627719622,102530.88265199045,0.9035043284629115,True,0,0.5784275651830019,0.7695788754184474,0.7912900138883644,0,0,0,0,0,0,5.002053388090349,0,0.0,16.713066727385122,26.749280105090314,18.226951,0.5142894977952115,202
ISMN_REMEDHUS_LasArenas,sm_only,41.37338,-5.5485,-99.9,Bsk,train,ok,,2192,2192,0,True,0,0,-0.430328369140625,0,0,0,286.82340466019014,93177.1172908588,102530.88265199045,0.9087712392676836,True,0,0.5747201016288082,0.771388169126903,0.7909311168271952,0,0,0,0,0,0,6.0013689253935665,0,0.0,16.626860547568437,26.9141937915146,18.156883,0.52263538895894,195
ISMN_REMEDHUS_LasBrozas,sm_only,41.44649,-5.3587,-99.9,Bsk,train,ok,,2557,2557,0,True,0,0,-0.328857421875,0,0,0,286.9179056381685,93481.10846450919,102530.88265199045,0.9117361135161789,True,0,0.5717289188394656,0.7703410190369584,0.7902641420899127,0,0,0,0,0,0,7.000684462696783,0,0.0,16.535851926279175,26.949132045365666,18.072013,0.5240913377594923,196
ISMN_REMEDHUS_LasEritas,sm_only,41.20548,-5.41558,-99.9,Bsk,train,ok,,3288,3288,0,True,0,0,-0.305084228515625,0,0,0,286.32189376162785,92397.38064552919,102530.88265199045,0.9011663437946174,True,0,0.5768386227549437,0.7690056182817167,0.7922610843328322,0,0,0,0,0,0,9.00205338809035,0,0.0,16.69957629969702,26.817445232055963,18.237715,0.5168712297580214,198
ISMN_REMEDHUS_LasTresRayas,sm_only,41.27473,-5.5919,-99.9,Bsk,train,ok,,3288,3288,0,True,0,0,-0.318359375,0,0,0,286.16629237154103,92154.41998127662,102530.88265199045,0.898796709807585,True,0,0.5767359569625123,0.7696871533955562,0.7922556850933583,0,0,0,0,0,0,9.00205338809035,0,0.0,16.676704780840574,26.8011915209854,18.253848,0.5178951158041163,198
ISMN_REMEDHUS_LasVacas,sm_only,41.34709,-5.22474,-99.9,Bsk,oos,ok,,1827,1827,0,True,0,0,-0.28546142578125,0,0,0,286.76156442492925,93456.61240678024,102530.88265199045,0.911497199570494,True,0,0.5762265465396464,0.7670719239967322,0.7935386948207384,0,0,0,0,0,0,5.002053388090349,0,0.0,16.6521163989779,26.794854865900383,18.289659,0.516361196600934,202
ISMN_REMEDHUS_LasVictorias,sm_only,41.42413,-5.37403,-99.9,Bsk,train,ok,,3288,3288,0,True,0,0,-0.24957275390625,0,0,0,286.898853766077,93494.68490296153,102530.88265199045,0.9118685266789371,True,0,0.5739904410694915,0.768929209343256,0.7925195908793958,0,0,0,0,0,0,9.00205338809035,0,0.0,16.597167793614297,26.885114485705596,18.072013,0.5217691237204292,198
ISMN_REMEDHUS_LlanosdelaBoveda,sm_only,41.35757,-5.33113,-99.9,Bsk,train,ok,,2192,2192,0,True,0,0,-0.26080322265625,0,0,0,286.5782460122213,93273.90373018362,102530.88265199045,0.9097152127985985,True,0,0.575468104828081,0.7699819415310006,0.792003554466488,0,0,0,0,0,0,6.0013689253935665,0,0.0,16.631906152052718,26.771459075729926,18.288193,0.5182598153724847,198
ISMN_REMEDHUS_Paredinas,sm_only,41.45586,-5.411,-99.9,Bsk,train,ok,,2192,2192,0,True,0,0,-0.26708984375,0,0,0,286.60859256939295,93479.1240341298,102530.88265199045,0.911716759051182,True,0,0.5741888466101127,0.768822316587678,0.7913054128059314,0,0,0,0,0,0,6.0013689253935665,0,0.0,16.584188811724253,26.768437325729924,18.329315,0.5209978470689766,198
ISMN_REMEDHUS_Zamarron,sm_only,41.23923,-5.54427,-99.9,Bsk,oos,ok,,2192,2192,0,True,0,0,-0.318359375,0,0,0,285.89925392874835,92115.43117016423,102530.88265199045,0.898416445733933,True,0,0.5762940406588748,0.7695487273558379,0.7872746173629995,0,0,0,0,0,0,6.0013689253935665,0,0.0,16.66783247595783,26.68864119708029,18.253848,0.5169476259958137,198
ISMN_ROMPS_AbramovGlacier,sm_only,39.64848,71.58556,4091.6,Bwk,train,ok,,2192,2192,0,True,0,0,-0.7491455078125,0,0,0,266.64920519390245,63571.35561844206,60907.93898257797,1.043728562817171,True,0,0.6827785984485248,0.854647075765199,0.8715070210075929,0,0,0,0,0,0,6.0013689253935665,0,0.0,19.171512185811846,19.665272122262778,10.351551,0.37011437905263006,147
ISMN_ROMPS_Baytik,sm_only,42.64932,74.49644,0.0,Dsa,oos,ok,,2192,2192,0,True,0,0,-0.239227294921875,0,0,0,278.3714622859537,83619.88273765397,101325.0,0.8252640783385539,True,0,0.6364686483368731,0.833820888345245,0.866501025063758,0,0,0,0,0,0,6.0013689253935665,0,0.0,16.98199816573885,21.521999288321165,10.333147,0.4045910596159555,146
ISMN_ROMPS_GolubinGlacier,sm_only,42.48161,74.48417,3305.0,Dsa,train,ok,,2922,2922,0,True,0,0,-0.521697998046875,0,0,0,269.7569759611721,68049.53249860968,67431.6703195791,1.009162789177583,True,0,0.6454028378507806,0.8471888884464767,0.8791904365935661,0,0,0,0,0,0,8.0,0,0.0,17.17431238272552,20.088459819986312,8.795052,0.39369235054874147,123
ISMN_ROMPS_Kokomeren,sm_only,41.84843,74.33435,1442.6,Dsb,train,ok,,2192,2192,0,True,0,0,-0.477569580078125,0,0,0,276.7596138863668,80738.29423756844,85153.27946372866,0.9481524933159996,True,0,0.6368329701622784,0.8313474322877227,0.8660876929390129,0,0,0,0,0,0,6.0013689253935665,0,0.0,17.284684363731554,20.679492714416057,10.522923,0.4030972590091859,184
ISMN_ROMPS_Maidanak,sm_only,38.6738,66.8969,2551.3,Bsk,train,ok,,3653,3653,0,True,0,0,-0.181365966796875,0,0,0,279.8419783973642,78992.29647079455,74202.38914055776,1.0645519286604574,True,0,0.6200217245670351,0.7797874077673368,0.821101459348771,0,0,0,0,0,0,10.001368925393566,0,0.0,17.996430203184214,25.04777285819874,12.956337,0.4281610013787784,185
ISMN_ROMPS_Maydantal,sm_only,41.99651,70.63916,1446.7,Dsa,train,ok,,3653,3653,0,True,0,0,-0.25213623046875,0,0,0,272.5231553105632,72684.78233001985,85110.50299711882,0.8540048498183637,True,0,0.6518809083673108,0.8451269636744342,0.8769039657763319,0,0,0,0,0,0,10.001368925393566,0,0.0,17.86377139891375,21.527329869422392,10.348009,0.42529437968215067,184
ISMN_RSMN_Alexandria,sm_only,43.97781,25.35286,75.46,Dfb,oos,ok,,1461,1461,0,True,0,0,-0.155670166015625,0,0,0,285.9285737650595,100711.78175799966,100421.76526084964,1.0028879844563248,True,0,0.5121909310317277,0.7118281831594582,0.7621541382941717,0,0,0,0,0,0,4.0,0,0.0,14.185474749497516,27.690899910335386,16.856768,0.5521411816884384,170
ISMN_RSMN_Bacles,sm_only,44.47617,23.1129,313.0,Cfa,train,ok,,2557,2557,0,True,0,0,-0.086944580078125,0,0,0,285.39807171871945,98760.59713837015,97620.94679407547,1.0116742398196434,True,0,0.5095385085301873,0.723805235539377,0.746018005621868,0,0,0,0,0,0,7.000684462696783,0,0.0,14.087631399485003,27.306625100899492,17.012654,0.5633851607301222,179
ISMN_RSMN_Banloc,sm_only,45.3829,21.13626,83.4,Dfb,train,ok,,1827,1827,0,True,0,0,-0.28118896484375,0,0,0,286.24825979649336,100503.94411090585,100327.10609038595,1.0017626145855398,True,0,0.49863087240819526,0.7174227326372845,0.7414074286443579,0,0,0,0,0,0,5.002053388090349,0,0.0,13.596476972595848,27.712990474001096,15.157943,0.5737566571380877,188
ISMN_RSMN_Barlad,sm_only,46.23313,27.64438,172.0,Dfb,train,ok,,3288,3288,0,True,0,0,-0.099517822265625,0,0,0,284.98342160412864,99781.7498930771,99275.72622874168,1.0050971539928046,True,0,0.4904185034705207,0.717665842445562,0.7443452907618298,0,0,0,0,0,0,9.00205338809035,0,0.0,13.255886307604563,27.113066016727497,15.096687,0.5889925490830994,178
ISMN_RSMN_Calarasi,sm_only,44.20572,27.33852,18.72,Dfa,train,ok,,2557,2557,0,True,0,0,-0.263580322265625,0,0,0,286.97601453223916,101386.41909464216,101100.31583457872,1.0028298948198298,True,0,0.5053613545514141,0.7236072101963915,0.7799527724284113,0,0,0,0,0,0,7.000684462696783,0,0.0,14.004123964449802,27.60870402072741,16.35164,0.5591675607935074,179
ISMN_RSMN_Cotnari,sm_only,47.3583,26.92546,289.0,Dfb,train,ok,,3288,3288,0,True,0,0,-0.136138916015625,0,0,0,284.43389845242467,99641.51612159748,97901.02262884086,1.0177780930783034,True,0,0.47748813718127325,0.7148533231090318,0.7437415159714882,0,0,0,0,0,0,9.00205338809035,0,0.0,12.716458705414784,27.08198942791971,14.667055,0.6102069210952462,195
ISMN_RSMN_Darabani,sm_only,48.19477,26.57325,259.0,Dfb,train,ok,,3288,3288,0,True,0,0,-0.112945556640625,0,0,0,284.0077361967732,99389.1413473236,98252.03204510754,1.0115733922092727,True,0,0.4671718075092206,0.7153999485060047,0.7634649766755205,0,0,0,0,0,0,9.00205338809035,0,0.0,12.39122759288437,27.1125782046837,14.717389,0.6304775274649479,176
ISMN_RSMN_Dumbraveni,sm_only,46.22786,24.59161,318.0,Dfc,train,ok,,2192,2192,0,True,0,0,-0.1260986328125,0,0,0,283.52231082080925,96503.22772795963,97562.67940725005,0.9891408099313467,True,0,0.49012882537714464,0.718778502600554,0.7461160838637807,0,0,0,0,0,0,6.0013689253935665,0,0.0,13.135387707709654,26.521492349452554,15.570425,0.5796188487871855,178
ISMN_RSMN_Iasi,sm_only,47.16315,27.62546,74.29,Dfb,oos,ok,,2557,2557,0,True,0,0,-0.094757080078125,0,0,0,285.08429710558255,100589.76432648122,100435.71988972032,1.0015337614638502,True,0,0.47988195282328233,0.7207543906645042,0.7379755700878429,0,0,0,0,0,0,7.000684462696783,0,0.0,12.88269614904112,27.25339894055534,16.666656,0.6138764537349538,177
ISMN_RSMN_Oradea,sm_only,47.0358,21.89612,136.0,Dfb,train,ok,,1461,1461,0,True,0,0,-0.15496826171875,0,0,0,285.3414991145098,99977.95903383812,99701.84195015565,1.0027694281096684,True,0,0.4795013939120693,0.7078982807277299,0.7397073317625026,0,0,0,0,0,0,4.0,0,0.0,12.93104837030518,27.5469227357974,14.555531,0.6086244290479548,188
ISMN_RSMN_RosioriideVede,sm_only,44.10711,24.97872,102.15,Dfb,train,ok,,1826,1826,0,True,0,0,-0.169464111328125,0,0,0,286.53839219961344,100536.18431681271,100103.85889166234,1.0043187688260675,True,0,0.5136847735825224,0.722538453541693,0.7432055119533982,0,0,0,0,0,0,4.999315537303217,0,0.0,14.217744725243527,27.703261125410734,17.585606,0.542853536573714,179
ISMN_RSMN_SannicolauMare,sm_only,46.07156,20.60159,85.0,Dfa,oos,ok,,1827,1827,0,True,0,0,-0.230072021484375,0,0,0,286.0217104088627,100680.73396021483,100308.03994409522,1.0037154949526212,True,0,0.49535152444816066,0.712281203018896,0.7348767743470799,0,0,0,0,0,0,5.002053388090349,0,0.0,13.423078693449709,27.63698789490969,14.907707,0.5846556309345781,188
ISMN_RSMN_SatuMare,sm_only,47.72144,22.88737,123.0,Dfb,oos,ok,,2192,2192,0,True,0,0,-0.445404052734375,0,0,0,285.05432708071964,99869.07740148836,99856.08053513328,1.0001301559833455,True,0,0.47044790906422,0.7159586629344578,0.7345169289659591,0,0,0,0,0,0,6.0013689253935665,0,0.0,12.664068428955302,27.52758448859489,16.247174,0.630838199368704,176
ISMN_RSMN_Slatina,sm_only,44.44211,24.35446,172.0,Dfb,oos,ok,,1826,1826,0,True,0,0,-0.13226318359375,0,0,0,286.12566455118235,99458.81294496167,99275.72622874168,1.0018442243957817,True,0,0.5106925079770875,0.7243892096689047,0.7470660051255846,0,0,0,0,0,0,4.999315537303217,0,0.0,14.040038066974084,27.510413983023,17.172157,0.5481476418056012,179
ISMN_RSMN_Tecuci,sm_only,45.84164,27.40901,60.0,Dfb,train,ok,,2557,2557,0,True,0,0,-0.105316162109375,0,0,0,285.18452530593487,100391.79145482987,100606.28393657808,0.997868001149079,True,0,0.4943371661134368,0.7208664107129076,0.7436915465169609,0,0,0,0,0,0,7.000684462696783,0,0.0,13.390265481612497,26.958325543605792,15.704941,0.577545892621401,178
ISMN_SCAN_AAMU-JTG,sm_only,34.78534,-86.55906,241.0,Cfa,train,ok,,2922,2922,0,True,0,0,-0.067138671875,0,0,0,289.9477612693207,99103.47215894508,98463.1263596473,1.0065034071430847,True,0,0.5263630204372316,0.7679163835565996,0.7843168610181115,0,0,0,0,0,0,8.0,0,0.0,15.936560021022748,29.643581395961668,15.334896,0.4636047352685231,165
ISMN_SCAN_Abrams,sm_only,37.1313,-97.0859,363.0,Cfa,train,ok,,2557,2557,0,True,0,0,-0.27618408203125,0,0,0,288.62939445367306,97424.92300547517,97039.53907684733,1.0039714113679234,True,0,0.5835333346043526,0.7672744980898878,0.7876344657776823,0,0,0,0,0,0,7.000684462696783,0,0.0,17.00921992744746,28.277313290183805,13.881077,0.431376051355017,166
ISMN_SCAN_AdamsRanch#1,sm_only,32.25296,-105.41975,1868.0,Bsk,train,ok,,3653,3653,0,True,0,0,-1.84063720703125,0,0,0,290.3090620398554,85889.7972813441,80806.75139520646,1.0629037277006432,True,0,0.693312966446601,0.8131413184413581,0.8346079610098929,0,0,0,0,0,0,10.001368925393566,0,0.0,21.256551802965216,25.40198764823433,15.200066,0.3046713043725892,142
ISMN_SCAN_Alcalde,sm_only,36.0908,-106.05668,1735.0,Dfb,train,ok,,1096,1096,0,True,0,0,-0.50250244140625,0,0,0,284.8403775013276,80737.48868042883,82145.90773574373,0.9828546656292889,True,0,0.6950969093469757,0.8229476237939568,0.8515405182202171,0,0,0,0,0,0,3.0006844626967832,0,0.0,20.45194824008557,22.89819546350365,13.323347,0.34152339266216963,167
ISMN_SCAN_AlkaliMesa,sm_only,37.67455,-109.36429,1964.0,Dsa,train,ok,,3653,3653,0,True,0,0,-0.433746337890625,0,0,0,284.14583760785496,80428.77518691828,79851.17179446327,1.007233499264629,True,0,0.7040845873761417,0.8172022026685498,0.8515429200988083,0,0,0,0,0,0,10.001368925393566,0,0.0,20.557293070964118,23.558816739392277,14.148698,0.37458770048993767,165
ISMN_SCAN_AllenFarms,sm_only,35.0747,-86.8938,215.0,Cfa,train,ok,,1826,1826,0,True,0,0,-0.00714111328125,0,0,0,289.5884941410261,98942.41908543264,98768.68857781128,1.0017589633933885,True,0,0.5364089701821497,0.7694684367979406,0.7842714485420109,0,0,0,0,0,0,4.999315537303217,0,0.0,16.101185219769615,29.406373238225626,15.237112,0.44619459312522,180
ISMN_SCAN_Ames,sm_only,42.01667,-93.73333,327.0,Dfa,train,ok,,2922,2922,0,True,0,0,-0.09326171875,0,0,0,283.33323885625884,97745.47583525839,97457.86907838688,1.0029510880916161,True,0,0.5578607563825261,0.7858670918142471,0.8275479471165729,0,0,0,0,0,0,8.0,0,0.0,15.349436347511453,26.6042336724846,10.470363,0.5071792252529549,161
ISMN_SCAN_AshValley,sm_only,41.05204,-120.6872,1554.0,Dsb,train,ok,,1827,1827,0,True,0,0,-0.471405029296875,0,0,0,281.21011557994024,82666.93621715928,83997.18244381393,0.9841632041938495,True,0,0.6662604891185164,0.8143451983644979,0.8390031023757076,0,0,0,0,0,0,5.002053388090349,0,0.0,18.92623017864693,23.55913508155446,13.772409,0.44951792160396686,195
ISMN_SCAN_BlueCreek,sm_only,41.93531,-112.4336,1579.0,Dfb,train,ok,,3653,3653,0,True,0,0,-0.341644287109375,0,0,0,281.5073097786641,83387.35141065562,83739.48970632184,0.9957948359023779,True,0,0.6556207214452724,0.8207042866104972,0.8528831218786863,0,0,0,0,0,0,10.001368925393566,0,0.0,18.304141977068692,23.86965306296195,12.863847,0.45454999244857913,183
ISMN_SCAN_BodieHills,sm_only,38.26477,-119.12645,2385.0,Csa,train,ok,,3653,3653,0,True,0,0,-0.676239013671875,0,0,0,279.9179260437697,77167.25581927525,75767.95582469896,1.0184682294691147,True,0,0.7237601294385362,0.8499998817778035,0.8742621966611652,0,0,0,0,0,0,10.001368925393566,0,0.0,20.87607983800491,21.601648162879826,12.974576,0.3646830651655122,185
ISMN_SCAN_BraggFarm,sm_only,34.89375,-86.60236,243.0,Cfa,train,ok,,1827,1827,0,True,0,0,-0.1251220703125,0,0,0,289.82270219173336,98709.26748939518,98439.65331660512,1.0027388777154966,True,0,0.5226625548686928,0.7683593123051621,0.7833766400685306,0,0,0,0,0,0,5.002053388090349,0,0.0,15.848392164714076,29.759751698960045,15.326945,0.4719013081657492,165
ISMN_SCAN_Buckhorn,sm_only,40.87959,-119.9534,1972.0,Bwk,train,ok,,2192,2192,0,True,0,0,-0.419891357421875,0,0,0,281.66553078950756,82236.6102446396,79771.95505596278,1.0308962615614443,True,0,0.6794648255205269,0.8177878004577267,0.8531244877321016,0,0,0,0,0,0,6.0013689253935665,0,0.0,19.279098625554774,23.50741158485402,13.387815,0.4353701196424483,186
ISMN_SCAN_BuffaloJump,sm_only,41.34363,-111.18798,2037.0,Dfb,train,ok,,3653,3653,0,True,0,0,-0.557586669921875,0,0,0,278.67569502719033,79501.89783226115,79130.67503035202,1.0046912629238502,True,0,0.6779678871021566,0.8370315644499984,0.8649804541819659,0,0,0,0,0,0,10.001368925393566,0,0.0,18.924432692644928,22.313479341089515,12.013693,0.42527418775289316,173
ISMN_SCAN_Bushland#1,sm_only,35.16667,-102.1,1164.0,Bsk,val,ok,,1461,1461,0,True,0,0,-0.511749267578125,0,0,0,289.2328082638844,88556.64546436517,88101.0559993014,1.0051712145773528,True,0,0.6597170705499366,0.7916396390311188,0.8009755678993868,0,0,0,0,0,0,4.0,0,0.0,19.61264533534043,26.68704433744011,15.520318,0.3519561638335225,135
ISMN_SCAN_CPER,sm_only,40.8228,-104.71068,1625.0,Bsk,train,ok,,1827,1827,0,True,0,0,-0.86962890625,0,0,0,282.2176061002818,82420.0745116653,83267.00774579502,0.9898287057856658,True,0,0.6520712294031182,0.8117663140208988,0.8470332805453153,0,0,0,0,0,0,5.002053388090349,0,0.0,18.034199958912215,23.73076921072797,12.449775,0.40668862398003847,185
ISMN_SCAN_CacheJunction,sm_only,41.81568,-111.98043,1349.0,Dfa,train,ok,,3288,3288,0,True,0,0,-0.44293212890625,0,0,0,282.3437879938279,85658.09538710842,86134.5804346649,0.9944681329478594,True,0,0.6582333659344002,0.8232195988076455,0.8608783929813122,0,0,0,0,0,0,9.00205338809035,0,0.0,18.365063545439117,23.372332597627736,12.608249,0.4517757865088899,183
ISMN_SCAN_CarverFarm,sm_only,38.52557,-92.13475,171.0,Dfa,train,ok,,1461,1461,0,True,0,0,-0.097412109375,0,0,0,286.8868391805932,99229.2918591718,99287.54282958052,0.9994133103836732,True,0,0.5253431998121829,0.7683236540895284,0.7945413880440111,0,0,0,0,0,0,4.0,0,0.0,15.225452998899112,28.27285902464066,13.512924,0.5043970883547465,159
ISMN_SCAN_CaveValley,sm_only,37.35524,-113.12341,1912.0,Bsk,train,ok,,2557,2557,0,True,0,0,-0.35858154296875,0,0,0,285.013662732855,82416.09514323426,80367.63469760428,1.025488624286849,True,0,0.6987636077177707,0.820348724339316,0.8441022438644453,0,0,0,0,0,0,7.000684462696783,0,0.0,20.41785541771535,23.31757774305827,14.197131,0.3703131820870675,166
ISMN_SCAN_CentraliaLake,sm_only,39.70045,-96.1629,397.0,Dfa,train,ok,,2191,2191,0,True,0,0,-0.126617431640625,0,0,0,285.9353356267806,97160.79530251598,96645.785867711,1.0053288348807048,True,0,0.5757702667696222,0.7722004268590775,0.8351259768353028,0,0,0,0,0,0,5.9986310746064335,0,0.0,16.25611635186124,27.31034549383843,12.562635,0.46812599563645224,160
ISMN_SCAN_Charkiln,sm_only,36.36651,-115.82047,2037.0,Bwh,train,ok,,3653,3653,0,True,0,0,-0.74609375,0,0,0,287.54932400849367,83320.45371954558,79130.67503035202,1.0529475919115625,True,0,0.7055143090028206,0.8037385612205948,0.8308523394539884,0,0,0,0,0,0,10.001368925393566,0,0.0,20.935091854977262,25.085014372022997,15.684636,0.3634211287157746,169
ISMN_SCAN_ChickenRidge,sm_only,41.33136,-111.3036,2331.0,Dfb,oos,ok,,3653,3653,0,True,0,0,-0.54833984375,0,0,0,276.891803021957,76825.3497403675,76282.03079796131,1.0071225023340713,True,0,0.6680672706274483,0.8260847286125862,0.8521001073388538,0,0,0,0,0,0,10.001368925393566,0,0.0,18.765024843206113,22.540462679715304,12.395649,0.43915822732244125,173
ISMN_SCAN_Circleville,sm_only,38.15133,-112.25122,1865.0,Bsk,oos,ok,,2557,2557,0,True,0,0,-0.833282470703125,0,0,0,280.21577119435653,76893.48037250685,80836.76176928791,0.9512192063304641,True,0,0.6976414211164993,0.8468454335954569,0.8746110454886642,0,0,0,0,0,0,7.000684462696783,0,0.0,20.019224687713397,21.68686684043801,12.408724,0.36124100630981376,165
ISMN_SCAN_ConradAgRc,sm_only,48.30453,-111.92363,1130.0,Bsk,val,ok,,1827,1827,0,True,0,0,-0.546234130859375,0,0,0,279.39553306842674,89175.39066776136,88466.38481343647,1.0080144097198058,True,0,0.6045199775293268,0.7952938910575053,0.8357955082256658,0,0,0,0,0,0,5.002053388090349,0,0.0,15.33447359875896,23.555488377668308,11.126722,0.5524391273796859,204
ISMN_SCAN_CrescentLake#1,sm_only,45.41667,-93.95,299.0,Dfb,val,ok,,3653,3653,0,True,0,0,-0.10418701171875,0,0,0,280.6069247718057,97877.74449082946,97784.24540077311,1.0009561774463067,True,0,0.5452202795079135,0.7900700609870146,0.8175065200466767,0,0,0,0,0,0,10.001368925393566,0,0.0,14.38326415117217,25.5444015031481,10.122343,0.553039368336868,158
ISMN_SCAN_Crossroads,sm_only,33.53513,-103.242,1236.0,Bsk,oos,ok,,3653,3653,0,True,0,0,-0.12603759765625,0,0,0,289.9682649685003,87483.29194968176,87331.45042038609,1.001738680951304,True,0,0.6665383233295858,0.7932223975835314,0.8087516969363756,0,0,0,0,0,0,10.001368925393566,0,0.0,20.20449863789541,26.694763445661103,15.986639,0.33615152215223304,164
ISMN_SCAN_Cullman-NAHRC,sm_only,34.19492,-86.79897,244.0,Cfa,train,ok,,2922,2922,0,True,0,0,-0.024017333984375,0,0,0,290.21217528962666,98800.06074606434,98427.91849438676,1.0037808607290502,True,0,0.5291523007550362,0.768421278174754,0.7834532112023986,0,0,0,0,0,0,8.0,0,0.0,16.070614370405192,29.839140292265572,15.652882,0.44974254755931187,170
ISMN_SCAN_DeepSprings,sm_only,37.37222,-117.97383,1646.0,Bwk,oos,ok,,3653,3653,0,True,0,0,-0.276336669921875,0,0,0,284.6790110423341,81075.42554920613,83052.02837028191,0.9762004268906808,True,0,0.7269554738851561,0.8327800524360915,0.8549410986581499,0,0,0,0,0,0,10.001368925393566,0,0.0,21.22575923028523,22.88167334054202,14.074192,0.3539240602553519,177
ISMN_SCAN_Dexter,sm_only,36.78333,-89.93333,93.0,Cfa,oos,ok,,1827,1827,0,True,0,0,-0.15509033203125,0,0,0,288.948709004553,100394.48160834018,100212.75321645122,1.001813425797178,True,0,0.5289644786520744,0.7634639464260627,0.7845706157835445,0,0,0,0,0,0,5.002053388090349,0,0.0,15.707018859842702,29.2476372665572,14.732229,0.4908155194992278,164
ISMN_SCAN_DoeRidge,sm_only,37.63423,-118.82643,2237.0,Csa,oos,ok,,3653,3653,0,True,0,0,-0.6915283203125,0,0,0,279.16090649119997,76506.06918542978,77183.63759162695,0.9912213465529814,True,0,0.7228497648048203,0.849672267134804,0.8763367091788892,0,0,0,0,0,0,10.001368925393566,0,0.0,21.07172773836078,21.044605865589926,12.357674,0.36784855000906147,185
ISMN_SCAN_EagleLake,sm_only,40.6175,-120.72472,1565.0,Dsb,train,ok,,1827,1827,0,True,0,0,-0.20745849609375,0,0,0,281.4942277011548,82785.5046182266,83883.71864828843,0.9869079000340164,True,0,0.654391039450425,0.8003199473905932,0.824711833537094,0,0,0,0,0,0,5.002053388090349,0,0.0,18.721583529793442,23.668519818281332,15.129615,0.45624374504756676,179
ISMN_SCAN_Eastland,sm_only,37.77853,-109.17193,2084.0,Dfa,train,ok,,2557,2557,0,True,0,0,-0.48028564453125,0,0,0,283.44454068693744,80034.45360163278,78669.5858802343,1.017349369595975,True,0,0.7034643722537187,0.8253143581045124,0.8624530638682223,0,0,0,0,0,0,7.000684462696783,0,0.0,20.459715433118166,23.319945829096596,13.958204,0.3709277576459928,165
ISMN_SCAN_EastviewFarm,sm_only,35.13905,-86.19113,321.0,Cfa,val,ok,,1826,1826,0,True,0,0,-0.021240234375,0,0,0,289.20692433819977,98438.81486171961,97527.73249475907,1.0093417773965934,True,0,0.5282075968185397,0.770377972319281,0.7872722927078117,0,0,0,0,0,0,4.999315537303217,0,0.0,15.83760584627564,29.14084492497262,15.020836,0.45466021104032245,180
ISMN_SCAN_ElsberryPMC,sm_only,39.15306,-90.78278,138.0,Dfa,train,ok,,3288,3288,0,True,0,0,-0.059417724609375,0,0,0,286.7375295922124,99538.26318478178,99678.13006896127,0.9985968147267338,True,0,0.5392338473332566,0.7681702941430004,0.7989358462889116,0,0,0,0,0,0,9.00205338809035,0,0.0,15.529993011984127,28.06527448813869,13.098856,0.49848154111428733,161
ISMN_SCAN_Enterprise,sm_only,37.63343,-113.64324,1600.0,Bsk,val,ok,,3288,3288,0,True,0,0,-0.303009033203125,0,0,0,285.79079088735466,84316.00592352875,83523.5228560953,1.0094881422662074,True,0,0.6995938259606187,0.8187526142087673,0.8427098062353363,0,0,0,0,0,0,9.00205338809035,0,0.0,20.413386684733517,23.50567062317518,13.964272,0.3764441699982627,165
ISMN_SCAN_Ephraim,sm_only,39.36798,-111.57803,1686.0,Bsk,val,ok,,2557,2557,0,True,0,0,-0.510955810546875,0,0,0,282.0578940894672,80381.615751491,82643.78718435984,0.9726274471446663,True,0,0.6867860872073449,0.8238205294377082,0.8565631063478326,0,0,0,0,0,0,7.000684462696783,0,0.0,19.624251254002015,22.47191435784122,13.530936,0.39493018553672793,172
ISMN_SCAN_ErosDataCenter,sm_only,43.73835,-96.61455,488.0,Dfa,oos,ok,,3653,3653,0,True,0,0,-0.078948974609375,0,0,0,281.8258533493447,96071.58488955995,95598.27807112093,1.0049509973190824,True,0,0.5777265492126393,0.791913982383941,0.8422273536922373,0,0,0,0,0,0,10.001368925393566,0,0.0,15.541872693739922,25.64247698631262,10.141837,0.5120789837249798,159
ISMN_SCAN_EvergladesARS,sm_only,25.5,-80.55,3.0,Aw,train,ok,,1461,1461,0,True,0,0,-0.960540771484375,0,0,0,297.79950412799855,101652.96029046885,101288.96574192833,1.0035936248916584,True,0,0.5568394652994959,0.7387354903271252,0.7709915070568067,0,0,0,0,0,0,4.0,0,0.0,18.127644251436937,34.076351557152634,21.299191,0.2759175189943618,120
ISMN_SCAN_FortAssiniboine#1,sm_only,48.48333,-109.8,826.0,Bsk,oos,ok,,1461,1461,0,True,0,0,-0.551422119140625,0,0,0,280.29070577027454,91665.33348840692,91787.69936309794,0.9986668597694451,True,0,0.6093949868429696,0.8040322349873269,0.8374270221532204,0,0,0,0,0,0,4.0,0,0.0,15.423503635192246,23.926778431895965,11.493912,0.5554872923866141,206
ISMN_SCAN_FortReno#1,sm_only,35.55,-98.01667,427.0,Cfa,train,ok,,2922,2922,0,True,0,0,-0.465606689453125,0,0,0,290.0071658813978,96624.98538030458,96299.43187944265,1.0033806378138295,True,0,0.5970146908133442,0.7696362931473912,0.8073792768221416,0,0,0,0,0,0,8.0,0,0.0,17.74118193272706,28.63106703319644,15.786841,0.4072738678340539,199
ISMN_SCAN_Fortuna,sm_only,18.02502,-66.5279,28.0,Am,train,ok,,1096,1096,0,True,0,0,-0.42059326171875,0,0,0,296.9367844518954,97476.71424498175,100989.08360561705,0.9652203066387668,True,0,0.6045897229431523,0.7104159174266085,0.7389824178183698,0,0,0,0,0,0,3.0006844626967832,0,0.0,20.668837157968785,34.30818813686132,29.609596,0.19092939460843675,162
ISMN_SCAN_FrenchGulch,sm_only,40.79361,-122.55083,1129.0,Csa,oos,ok,,1461,1461,0,True,0,0,-0.00286865234375,0,0,0,286.68297995189374,91484.61475979637,88477.1483184981,1.0339914486221014,True,0,0.615351267479836,0.7807466907957976,0.7938683555875985,0,0,0,0,0,0,4.0,0,0.0,17.82966914947121,25.494706488706363,16.756401,0.5092258547419812,179
ISMN_SCAN_Geneva#1,sm_only,42.88333,-77.03333,221.0,Dfb,train,ok,,1461,1461,0,True,0,0,-0.037353515625,0,0,0,282.62087507202233,98882.00730450034,98698.10616228756,1.0018632692091416,True,0,0.48094721371678434,0.7669897168561132,0.804333510309799,0,0,0,0,0,0,4.0,0,0.0,13.479459390154599,26.760757472279263,13.650003,0.5952168687145272,183
ISMN_SCAN_GlacialRidge,sm_only,47.71667,-96.26667,343.0,Dfb,oos,ok,,2192,2192,0,True,0,0,-0.43255615234375,0,0,0,278.9965948466837,97814.3080591355,97271.76473164032,1.0055776034185457,True,0,0.5489118892105356,0.7822911491489755,0.8098248265953067,0,0,0,0,0,0,6.0013689253935665,0,0.0,14.100532381067316,24.8176635939781,9.605285,0.5849929392259743,158
ISMN_SCAN_GoodwinCkTimber,sm_only,34.23333,-89.9,98.0,Cfa,oos,ok,,3653,3653,0,True,0,0,-0.061370849609375,0,0,0,291.172393715287,100723.11979665686,100153.23624114506,1.0056901162348828,True,0,0.5344768242116046,0.7613975531936095,0.7903572664380671,0,0,0,0,0,0,10.001368925393566,0,0.0,16.27405298445988,30.181763520120448,15.680257,0.45133364084279687,180
ISMN_SCAN_Goshute,sm_only,39.99003,-114.00025,1672.0,Bsk,oos,ok,,2557,2557,0,True,0,0,-0.757904052734375,0,0,0,282.9421945451804,81550.86893209816,82786.48633936107,0.9850746485096876,True,0,0.6893837477595153,0.8106959149027968,0.8515768880076793,0,0,0,0,0,0,7.000684462696783,0,0.0,19.53196718204269,23.552617154868987,13.743355,0.39804617328921826,173
ISMN_SCAN_Grantsville,sm_only,40.59089,-112.39258,1322.0,Dfa,train,ok,,1461,1461,0,True,0,0,-0.519561767578125,0,0,0,285.3840275842143,86880.00402121834,86419.3431215024,1.0053305299841062,True,0,0.6486597835121334,0.7923308871206233,0.8466687380138475,0,0,0,0,0,0,4.0,0,0.0,18.514758086937626,24.146913770704998,13.717739,0.45084046814585355,173
ISMN_SCAN_GreenRiver,sm_only,39.01825,-110.16264,1251.0,Bwk,oos,ok,,2922,2922,0,True,0,0,-0.891357421875,0,0,0,285.5031855463737,83379.32925596766,87171.80324742144,0.9564942578887633,True,0,0.7025286493799359,0.8095845547055414,0.8321277642507826,0,0,0,0,0,0,8.0,0,0.0,20.18860960722929,23.980673176591377,14.77093,0.38701252987349105,185
ISMN_SCAN_GrouseCreek,sm_only,41.77846,-113.82048,1779.0,Bsk,train,ok,,3653,3653,0,True,0,0,-0.29571533203125,0,0,0,280.5843003192341,81063.71697491787,81700.90459644808,0.9922009722575592,True,0,0.6724310696911019,0.822278226413248,0.8523264372158572,0,0,0,0,0,0,10.001368925393566,0,0.0,18.681550723304664,23.40733033260334,12.520763,0.43027239007192775,186
ISMN_SCAN_HalsCanyon,sm_only,38.59445,-113.75102,1603.0,Bsk,oos,ok,,2557,2557,0,True,0,0,-0.614990234375,0,0,0,283.9275883214754,81624.69209522879,83492.70730112093,0.9776266063674874,True,0,0.7016949199187881,0.8178858923873267,0.8624476703440066,0,0,0,0,0,0,7.000684462696783,0,0.0,20.202873509770495,23.23365552718029,13.922295,0.378063521835452,165
ISMN_SCAN_HarmsWay,sm_only,38.31347,-109.23998,2150.0,Bsk,train,ok,,3653,3653,0,True,0,0,-0.80609130859375,0,0,0,280.92723369624497,76701.79124820353,78025.77380560065,0.9830314716173685,True,0,0.6949378760001834,0.81597965173128,0.8464832164766564,0,0,0,0,0,0,10.001368925393566,0,0.0,20.123372826781257,23.454365427046262,14.03247,0.38331565327789646,165
ISMN_SCAN_Hodges,sm_only,34.4448,-86.16557,223.0,Cfa,train,ok,,1826,1826,0,True,0,0,-0.006011962890625,0,0,0,289.86895200430627,98699.01245892662,98674.58776879712,1.0002475276632188,True,0,0.5306144791690074,0.7672640512444756,0.7846294559322227,0,0,0,0,0,0,4.999315537303217,0,0.0,16.01618243335121,29.465156220700987,15.504674,0.44450248070873866,180
ISMN_SCAN_Holden,sm_only,39.19216,-112.40155,1446.0,Dfa,train,ok,,3653,3653,0,True,0,0,-1.15826416015625,0,0,0,286.18010651729156,85596.25051327675,85117.80506425304,1.005620979637134,True,0,0.6889997861209547,0.8053381072850472,0.8393947001568419,0,0,0,0,0,0,10.001368925393566,0,0.0,19.91434730091211,24.280974516014236,13.699066,0.41226515196714475,172
ISMN_SCAN_HubbardBrook,sm_only,43.94843,-71.72644,451.0,Dfb,train,ok,,3653,3653,0,True,0,0,-6.103515625e-05,0,0,0,279.0728942887802,95073.15708407473,96023.07294901904,0.9901074206878523,True,0,0.49853288074448987,0.7893160616978546,0.8128674974075006,0,0,0,0,0,0,10.001368925393566,0,0.0,13.452052646107838,25.596132387900354,10.642212,0.5869508635184927,166
ISMN_SCAN_IsbellFarms,sm_only,34.81982,-87.98685,184.0,Cfa,train,ok,,3288,3288,0,True,0,0,-0.003509521484375,0,0,0,290.2243255559545,99645.2942399445,99134.01582038528,1.0051574468695545,True,0,0.5262850773887576,0.7657640522707182,0.7833566780163137,0,0,0,0,0,0,9.00205338809035,0,0.0,15.922159071594834,29.742373766727496,15.524943,0.463694129321004,170
ISMN_SCAN_JohnsonFarm,sm_only,40.37042,-101.7201,1018.0,Bsk,oos,ok,,2192,2192,0,True,0,0,-0.240875244140625,0,0,0,285.4362496076709,89787.33511775776,89678.50696604945,1.00121353661418,True,0,0.6393517820474635,0.7889838404621782,0.8165793427333463,0,0,0,0,0,0,6.0013689253935665,0,0.0,17.820529655664263,25.632879497262774,12.743311,0.41647290239041423,163
ISMN_SCAN_Jordan,sm_only,47.522,-107.12731,860.0,Bsk,train,ok,,3653,3653,0,True,0,0,-0.52313232421875,0,0,0,281.6617102780931,91977.9082132836,91411.29918198728,1.0061984572625784,True,0,0.6076761847953112,0.7948881527625294,0.8287502582705408,0,0,0,0,0,0,10.001368925393566,0,0.0,15.58385074684696,24.54246876676704,9.792799,0.5399853078438058,197
ISMN_SCAN_JornadaExpRange,sm_only,32.5566,-106.69997,1329.0,Bsk,train,ok,,1827,1827,0,True,0,0,-2.01580810546875,0,0,0,291.7448587986571,86426.0971965654,86345.44266835465,1.0009340913164408,True,0,0.6925634239548608,0.7995049691369274,0.8107636244537247,0,0,0,0,0,0,5.002053388090349,0,0.0,21.3360897596785,26.817814607553366,17.200082,0.3247875538066815,143
ISMN_SCAN_JournaganRanch,sm_only,36.9973,-92.2594,337.0,Cfa,train,ok,,1827,1827,0,True,0,0,-0.00933837890625,0,0,0,287.6103577929634,97609.93066245895,97341.52010847583,1.0027574107501507,True,0,0.5302875692549436,0.7664256139283708,0.7896672524573729,0,0,0,0,0,0,5.002053388090349,0,0.0,15.628423915124584,28.526374079912426,14.501818,0.48184182710102996,164
ISMN_SCAN_KnoxCity,sm_only,33.44635,-99.86657,441.0,Cfa,train,ok,,1096,1096,0,True,0,0,-0.261962890625,0,0,0,292.5871347580513,96226.08943031478,96138.14435045452,1.0009147782126901,True,0,0.6102709308805946,0.7610765650566615,0.7747025768989123,0,0,0,0,0,0,3.0006844626967832,0,0.0,18.574712519282652,29.328468425182482,16.585747,0.3772714351393937,199
ISMN_SCAN_KoptisFarms,sm_only,30.5238,-87.69797,41.0,Cfa,train,ok,,2556,2556,0,True,0,0,-0.155731201171875,0,0,0,293.5733917785549,101245.2793060446,100833.42925724134,1.0040844594083236,True,0,0.5423708574284142,0.762942079270961,0.7763983489304467,0,0,0,0,0,0,6.997946611909651,0,0.0,16.98393974408188,31.58462906690141,17.753841,0.38442333783359417,122
ISMN_SCAN_KyleCanyon,sm_only,36.26527,-115.60852,2148.0,Bwh,oos,ok,,3653,3653,0,True,0,0,-0.701995849609375,0,0,0,283.00647564127513,76619.91126086436,78045.22037207222,0.9817373939824522,True,0,0.7068480590607746,0.8088378344406221,0.8402306096394686,0,0,0,0,0,0,10.001368925393566,0,0.0,20.96986860011824,25.012634520941692,15.644852,0.3589361970321452,169
ISMN_SCAN_LTSP,sm_only,37.18167,-91.11778,268.0,Cfa,train,ok,,1826,1826,0,True,0,0,-0.002838134765625,0,0,0,287.89012996677764,98460.00707232338,98146.62239588267,1.0031930255855026,True,0,0.5534063169976655,0.7689884554445674,0.8052091480776241,0,0,0,0,0,0,4.999315537303217,0,0.0,16.222742876943766,28.2604371297919,13.586147,0.46290058499101194,178
ISMN_SCAN_Lehman,sm_only,33.62647,-102.7453,1148.0,Bsk,train,ok,,1827,1827,0,True,0,0,-0.142791748046875,0,0,0,290.0989833554089,88601.69107057335,88272.82295685727,1.003725587363132,True,0,0.6582113000207532,0.7843522870517291,0.797232068607002,0,0,0,0,0,0,5.002053388090349,0,0.0,19.96288395562814,26.909306267104547,15.967399,0.3470778925591264,167
ISMN_SCAN_Levelland,sm_only,33.55125,-102.37392,1070.0,Bsk,train,ok,,2192,2192,0,True,0,0,-0.12237548828125,0,0,0,290.1983526466537,89406.95138215671,89114.07473306997,1.0032865363856833,True,0,0.6530707128322126,0.7829719859008372,0.7986373221443454,0,0,0,0,0,0,6.0013689253935665,0,0.0,19.796170610081916,27.19566743248175,15.641993,0.34625072491206643,163
ISMN_SCAN_Lind#1,sm_only,47.0,-118.56667,500.0,Bsk,train,ok,,3653,3653,0,True,0,0,-0.351043701171875,0,0,0,285.23762091995104,95729.29824587668,95460.83402866429,1.0028122970005875,True,0,0.5979706869390622,0.7657222782050871,0.8237664655315977,0,0,0,0,0,0,10.001368925393566,0,0.0,16.125037991303568,25.904134713660007,13.773383,0.5723442645465335,180
ISMN_SCAN_LittleRedFox,sm_only,40.17957,-110.30464,1644.0,Bsk,oos,ok,,3653,3653,0,True,0,0,-0.64459228515625,0,0,0,281.4994695555371,80694.4739554818,83072.48321236386,0.9713742846617092,True,0,0.6954499994645426,0.8260756649303318,0.8625112304680108,0,0,0,0,0,0,10.001368925393566,0,0.0,19.558734829518734,22.599026897070896,13.523582,0.3896129069290629,172
ISMN_SCAN_LittleRiver,sm_only,31.5,-83.55,107.0,Cfa,train,ok,,2192,2192,0,True,0,0,-0.1092529296875,0,0,0,293.46085225404613,100622.48987796533,100046.17781454956,1.0057604605793542,True,0,0.5449804883596399,0.7697701076320419,0.7822872321600932,0,0,0,0,0,0,6.0013689253935665,0,0.0,16.9480033062498,31.328522916058393,17.794788,0.3940110051338616,123
ISMN_SCAN_LosLunasPMC,sm_only,34.7715,-106.76288,1477.0,Bsk,oos,ok,,2922,2922,0,True,0,0,-1.6439208984375,0,0,0,288.0942121501821,83225.40661094713,84794.91362520632,0.9814905523555763,True,0,0.6969967553318327,0.8128417214080608,0.8306184120231008,0,0,0,0,0,0,8.0,0,0.0,20.910451670577846,24.697118191991787,15.121776,0.33498732460408226,165
ISMN_SCAN_LovellSummit,sm_only,36.16555,-115.61195,2006.0,Bwh,train,ok,,3653,3653,0,True,0,0,-0.797943115234375,0,0,0,286.4241001683655,81487.85387866138,79435.99350737061,1.0258303607809773,True,0,0.7069400719813574,0.8086180675679061,0.8402433421734055,0,0,0,0,0,0,10.001368925393566,0,0.0,21.001827959001353,25.116716943607994,15.71192,0.3587966577443681,169
ISMN_SCAN_LovelockNNR,sm_only,40.09247,-118.49345,1199.0,Bwk,train,ok,,1827,1827,0,True,0,0,-0.859100341796875,0,0,0,286.5705922361143,87159.83174261084,87726.25922740466,0.993543239050858,True,0,0.6767604360751301,0.7985360463726414,0.8115216202112717,0,0,0,0,0,0,5.002053388090349,0,0.0,19.432808538003624,24.429966560481667,15.17839,0.4346288897369821,179
ISMN_SCAN_LyeBrook,sm_only,43.05753,-73.03834,742.0,Dfb,train,ok,,2922,2922,0,True,0,0,6.103515625e-05,0,0,0,280.2232478387873,95152.84070467573,92723.01215750075,1.0262052374123443,True,0,0.5081799890247001,0.78825410286464,0.8126996720176088,0,0,0,0,0,0,8.0,0,0.0,13.900418649665975,25.80593286036961,10.946362,0.5689932998361467,187
ISMN_SCAN_MahantangoCk,sm_only,40.66667,-76.66667,223.0,Dfa,train,ok,,1096,1096,0,True,0,0,-0.0045166015625,0,0,0,284.4445680771431,98869.01556084625,98674.58776879712,1.0019703937603943,True,0,0.491482865192039,0.7663041493919458,0.7936792729916174,0,0,0,0,0,0,3.0006844626967832,0,0.0,13.813880586800902,27.39801811313869,13.798347,0.5514070785672581,165
ISMN_SCAN_MammothCave,sm_only,37.1864,-86.04093,244.0,Cfa,train,ok,,1827,1827,0,True,0,0,-0.00384521484375,0,0,0,288.18933660030103,99139.68002531472,98427.91849438676,1.0072312971950996,True,0,0.5109500481634761,0.7695985210381514,0.7803384844448825,0,0,0,0,0,0,5.002053388090349,0,0.0,15.118292522677951,28.983826854953477,14.304901,0.5022546871108982,158
ISMN_SCAN_Mandan#1,sm_only,46.76667,-100.91667,588.0,Dfb,train,ok,,3653,3653,0,True,0,0,-0.304595947265625,0,0,0,280.24318263369526,94988.10326272926,94457.79237432331,1.0056142629959464,True,0,0.5902877089658498,0.7998167638389834,0.8355033802442543,0,0,0,0,0,0,10.001368925393566,0,0.0,15.220710791741563,24.71487151793047,10.615498,0.53803094206029,156
ISMN_SCAN_Manderfield,sm_only,38.36649,-112.64291,1885.0,Dfb,train,ok,,3287,3287,0,True,0,0,-0.517730712890625,0,0,0,282.5873826981171,80638.0825577084,80636.86296557114,1.0000151244988014,True,0,0.6933108529673307,0.8281281997166925,0.8592164414223195,0,0,0,0,0,0,8.999315537303216,0,0.0,20.009487625396034,22.8344872093094,13.631552,0.37932064883127875,168
ISMN_SCAN_MarbleCreek,sm_only,37.77767,-118.4209,1885.0,Bwk,val,ok,,1827,1827,0,True,0,0,-0.995269775390625,0,0,0,282.8354261342985,79935.27622554051,80636.86296557114,0.9912994291416051,True,0,0.7318272467458539,0.8432534142985127,0.8700421263193127,0,0,0,0,0,0,5.002053388090349,0,0.0,21.212393307273096,22.02424729939792,13.27048,0.35233808902855573,186
ISMN_SCAN_MaricaoForest,sm_only,18.15,-67.00468,747.0,Af,train,ok,,1096,1096,0,True,0,0,-0.975830078125,0,0,0,299.11748131522296,100276.03584768476,92667.12365825984,1.0821101582637362,True,0,0.6077292789603616,0.7114290873975899,0.7375994749079724,0,0,0,0,0,0,3.0006844626967832,0,0.0,20.755788429866598,34.665038177007304,30.31178,0.19014820343252584,140
ISMN_SCAN_Mason#1,sm_only,40.31667,-89.9,174.0,Dfa,oos,ok,,3287,3287,0,True,0,0,-0.10760498046875,0,0,0,285.60285411680366,99886.07697463493,99252.09644335379,1.0063875782376341,True,0,0.540801135801077,0.7697548138105288,0.7994114005232775,0,0,0,0,0,0,8.999315537303216,0,0.0,15.374661117942425,27.559975377852144,11.378313,0.5070060088321129,161
ISMN_SCAN_Mayday,sm_only,32.86153,-90.51989,33.0,Cfa,train,ok,,1827,1827,0,True,0,0,-0.220062255859375,0,0,0,292.4995415514783,101344.28518404489,100929.19354016356,1.0041127014823135,True,0,0.5424815558534691,0.7616771312442273,0.7795516383980966,0,0,0,0,0,0,5.002053388090349,0,0.0,16.732339094903086,30.817005671592774,16.900267,0.43670680762646663,169
ISMN_SCAN_McAllisterFarm,sm_only,35.06445,-86.59137,278.0,Cfa,oos,ok,,3653,3653,0,True,0,0,-0.009521484375,0,0,0,289.700752013943,98976.30666575418,98029.60798205987,1.0096572729727489,True,0,0.526630915763586,0.7687556859899803,0.7850766799773805,0,0,0,0,0,0,10.001368925393566,0,0.0,15.873923061656704,29.50926511333151,15.149325,0.46198142404433284,170
ISMN_SCAN_MccrackenMesa,sm_only,37.44671,-109.33776,1620.0,Bsk,train,ok,,3653,3653,0,True,0,0,-0.54248046875,0,0,0,285.96352909650994,82812.79557256022,83318.2596660847,0.9939333335147633,True,0,0.7047737879487856,0.8107639245971019,0.833458274016746,0,0,0,0,0,0,10.001368925393566,0,0.0,20.672992186211864,24.045669846975088,14.378804,0.3766901745180097,165
ISMN_SCAN_Milford,sm_only,38.34196,-113.01053,1526.0,Bsk,oos,ok,,3653,3653,0,True,0,0,-0.57574462890625,0,0,0,284.8095341433638,82645.19323372912,84286.56024986593,0.9805263495001931,True,0,0.6925664020281426,0.817674169446916,0.8611285082905054,0,0,0,0,0,0,10.001368925393566,0,0.0,20.060667248900064,23.693458890500956,13.527736,0.38438930867414056,172
ISMN_SCAN_Moccasin,sm_only,47.05818,-109.95082,1297.0,Bsk,train,ok,,3653,3653,0,True,0,0,-0.492401123046875,0,0,0,279.6883133732388,86583.83907490419,86683.69151629695,0.9988480827287565,True,0,0.6141667405731704,0.8154253987059507,0.8634391988627044,0,0,0,0,0,0,10.001368925393566,0,0.0,15.753426038388156,23.438862099370382,9.366817,0.5201810471063594,200
ISMN_SCAN_MonoclineRidge,sm_only,36.54417,-120.55463,267.0,Bwk,train,ok,,2192,2192,0,True,0,0,-0.435028076171875,0,0,0,292.22317344776906,98752.38409201072,98158.33005501394,1.0060519982019238,True,0,0.6663562712389752,0.7772326899470985,0.7878492666083172,0,0,0,0,0,0,6.0013689253935665,0,0.0,20.05293159000892,27.512127254562046,19.337922,0.4110423881827187,178
ISMN_SCAN_Morgan,sm_only,40.9999,-111.68555,1558.0,Dsb,train,ok,,3653,3653,0,True,0,0,-0.603729248046875,0,0,0,279.2411633106966,79951.35595315494,83955.90851214445,0.9523017184858378,True,0,0.6584399073979904,0.8083014508708434,0.8321411832073707,0,0,0,0,0,0,10.001368925393566,0,0.0,18.715077689086215,23.384782669312894,13.641467,0.45215601042537046,173
ISMN_SCAN_MorrisFarms,sm_only,32.41222,-85.91028,67.0,Cfa,oos,ok,,1827,1827,0,True,0,0,-0.065765380859375,0,0,0,292.52161927371975,100551.4343784209,100522.70333741006,1.000285816438048,True,0,0.5293186284720145,0.7630626663261748,0.7766367578787571,0,0,0,0,0,0,5.002053388090349,0,0.0,16.404430325633616,30.810881901477835,17.519485,0.42875773509951,129
ISMN_SCAN_MountainHome,sm_only,40.37263,-110.40602,2111.0,Bsk,train,ok,,3288,3288,0,True,0,0,-0.6468505859375,0,0,0,278.74168705070105,77473.31533939706,78405.69034968571,0.9881083247130367,True,0,0.6891376441950003,0.8255917195794531,0.8602926208712288,0,0,0,0,0,0,9.00205338809035,0,0.0,19.33677125772622,22.067372003345493,13.361534,0.3945043115391998,172
ISMN_SCAN_MtVernon,sm_only,37.06667,-93.88333,351.0,Cfa,oos,ok,,1827,1827,0,True,0,0,-0.00799560546875,0,0,0,287.8517014410043,97370.95841457992,97178.82053119426,1.001977158009692,True,0,0.5396358298982818,0.7649968863851897,0.7914072558713792,0,0,0,0,0,0,5.002053388090349,0,0.0,15.87116820193356,28.56388079146141,14.816116,0.4753435734130494,157
ISMN_SCAN_NPiedmontArec,sm_only,38.23333,-78.11667,158.0,Cfa,oos,ok,,3653,3653,0,True,0,0,-0.000152587890625,0,0,0,287.76338933886746,100379.18906977143,99441.26230870368,1.0094319675685137,True,0,0.5324224296547215,0.7713920040908789,0.7883515721431261,0,0,0,0,0,0,10.001368925393566,0,0.0,15.322180648845315,28.066021434711196,13.924985,0.4811913484118338,186
ISMN_SCAN_Nacogdoches,sm_only,31.504,-94.75994,75.0,Cfa,oos,ok,,1826,1826,0,True,0,0,-0.060760498046875,0,0,0,292.90412817596734,100421.42069841867,100427.2515088331,0.9999419399582601,True,0,0.5153602648085837,0.7529048608359515,0.7771143357647696,0,0,0,0,0,0,4.999315537303217,0,0.0,16.142351762637016,31.419059708652792,17.461439,0.44890822505466316,166
ISMN_SCAN_Nephi,sm_only,39.64554,-111.87044,1599.0,Dfa,val,ok,,3653,3653,0,True,0,0,-0.618682861328125,0,0,0,282.9501365371316,82437.26221170956,83533.7967540581,0.9868731628998383,True,0,0.6832926785196579,0.8247346557007551,0.857808390044281,0,0,0,0,0,0,10.001368925393566,0,0.0,19.518099436143427,23.197728708185053,13.270644,0.407390545852438,172
ISMN_SCAN_NorthIssaquena,sm_only,32.9972,-91.05993,34.0,Cfa,train,ok,,2192,2192,0,True,0,0,-0.380645751953125,0,0,0,292.40172418190616,101328.94710880474,100917.21897892262,1.0040798600481462,True,0,0.5307087540153369,0.7574298891165027,0.7865366290951652,0,0,0,0,0,0,6.0013689253935665,0,0.0,16.398083601870237,31.00226002737226,16.799571,0.45088278679234517,164
ISMN_SCAN_Nunn#1,sm_only,40.85989,-104.74033,1798.0,Bsk,train,ok,,1461,1461,0,True,0,0,-0.55657958984375,0,0,0,282.57004702213607,82367.27613791924,81509.34861027451,1.0105255107821656,True,0,0.6528920578812851,0.8101800556289495,0.8367862520370539,0,0,0,0,0,0,4.0,0,0.0,18.0213818240468,23.83007840862423,12.661413,0.39933906666131175,172
ISMN_SCAN_Onward,sm_only,32.75358,-90.94208,30.0,Cfa,train,ok,,3653,3653,0,True,0,0,-0.330413818359375,0,0,0,292.814553892322,101311.57841585683,100965.12412724759,1.0034314253719194,True,0,0.5392469512542142,0.7582543237456624,0.7768069561038364,0,0,0,0,0,0,10.001368925393566,0,0.0,16.666098970772495,31.021731243087874,16.767536,0.43568718701692,169
ISMN_SCAN_OrchardRangeSite,sm_only,43.32268,-115.99643,975.0,Bsk,train,ok,,1826,1826,0,True,0,0,-0.5692138671875,0,0,0,284.7396073106346,89404.03419359255,90147.43251843173,0.9917535274819149,True,0,0.6376025075025897,0.7847341884335155,0.8126611714555098,0,0,0,0,0,0,4.999315537303217,0,0.0,17.74335411352646,25.12974349780942,15.043474,0.49510712635077736,187
ISMN_SCAN_Panguitch,sm_only,37.86975,-112.43437,1992.0,Bsk,train,ok,,2557,2557,0,True,0,0,-0.685333251953125,0,0,0,280.6552523067327,77640.9227366054,79574.19158013463,0.9757048258343617,True,0,0.6997769465676558,0.8460430144255914,0.8742252252149048,0,0,0,0,0,0,7.000684462696783,0,0.0,20.12907790241813,21.733540228001562,12.451428,0.3565679244498356,165
ISMN_SCAN_ParkValley,sm_only,41.77318,-113.28596,1554.0,Bsk,train,ok,,2557,2557,0,True,0,0,-0.371337890625,0,0,0,281.74678134433356,82747.04015020042,83997.18244381393,0.9851168544319956,True,0,0.6642229670704098,0.8029937822005966,0.8303356079119346,0,0,0,0,0,0,7.000684462696783,0,0.0,18.517273814815468,23.764252662104028,12.932661,0.4405018270953301,180
ISMN_SCAN_PeeDee,sm_only,34.3,-79.73333,37.0,Cfa,val,ok,,2557,2557,0,True,0,0,-0.1051025390625,0,0,0,291.4089742876097,101290.9121865223,100881.30219737737,1.0040603162352475,True,0,0.5367875847991727,0.7664245625616012,0.785426535279929,0,0,0,0,0,0,7.000684462696783,0,0.0,16.16620832581077,30.28450760461478,16.498228,0.43213852601749014,172
ISMN_SCAN_PerdidoRivFarms,sm_only,31.10923,-87.55277,91.0,Cfa,train,ok,,1827,1827,0,True,0,0,-0.055084228515625,0,0,0,293.1724350735602,100919.73981424466,100236.5680240487,1.006815594384996,True,0,0.5288027588849936,0.7607262727742402,0.7736429666567328,0,0,0,0,0,0,5.002053388090349,0,0.0,16.521587320707507,31.416964607553368,17.652725,0.40962173719150435,129
ISMN_SCAN_Perthshire,sm_only,33.9737,-90.90496,61.0,Cfa,train,ok,,2192,2192,0,True,0,0,-0.157257080078125,0,0,0,291.59265949778313,101171.8080484432,100594.34040699142,1.0057405579589807,True,0,0.5280009636448147,0.7591477841890748,0.7869512694437836,0,0,0,0,0,0,6.0013689253935665,0,0.0,16.179906616468777,30.540419185218983,15.938185,0.4632991179647541,164
ISMN_SCAN_Phillipsburg,sm_only,39.78638,-99.32953,605.0,Dfa,train,ok,,3653,3653,0,True,0,0,-0.14520263671875,0,0,0,286.115828481988,94263.52301404667,94265.01022879382,0.9999842230458201,True,0,0.6126318253477886,0.7781937878938204,0.84379030847673,0,0,0,0,0,0,10.001368925393566,0,0.0,17.24712766882889,26.731967508075552,12.700635,0.4362198073836728,162
ISMN_SCAN_PineNut,sm_only,36.57285,-115.20422,2067.0,Bwh,val,ok,,1826,1826,0,True,0,0,-0.603424072265625,0,0,0,287.2873288642407,82671.47370875548,78836.11097600183,1.0486498215763225,True,0,0.7015737790124356,0.8014858407956331,0.8206924735813618,0,0,0,0,0,0,4.999315537303217,0,0.0,20.76517737749141,25.912962958926617,17.166309,0.3650461579453653,185
ISMN_SCAN_PowderMill,sm_only,39.01667,-76.85,32.0,Cfa,val,ok,,3653,3653,0,True,0,0,-0.071807861328125,0,0,0,287.0088020615012,100626.82321892965,100941.16925190832,0.9968858491009335,True,0,0.5213276284546706,0.7683909105059892,0.7840093818664268,0,0,0,0,0,0,10.001368925393566,0,0.0,14.885842222346547,28.183391568300024,13.524541,0.5033681287381122,177
ISMN_SCAN_PowellGardens,sm_only,38.86667,-94.03333,293.0,Dfa,train,ok,,2192,2192,0,True,0,0,-0.12908935546875,0,0,0,286.9194736063045,98349.76680471601,97854.29819432585,1.0050633300686111,True,0,0.5441054100947758,0.7648078939757454,0.8020998331611299,0,0,0,0,0,0,6.0013689253935665,0,0.0,15.63556447413301,28.151860642335766,13.305916,0.48557938081837176,160
ISMN_SCAN_PrairieView#1,sm_only,30.08333,-95.98333,82.0,Cfa,train,ok,,2557,2557,0,True,0,0,-0.183807373046875,0,0,0,294.0593551021094,100763.17379069711,100343.79137549803,1.004179455544287,True,0,0.5187598198704456,0.7481645951419393,0.7670896213568653,0,0,0,0,0,0,7.000684462696783,0,0.0,16.419107681847144,32.15544238365272,17.869353,0.4185683131528523,164
ISMN_SCAN_Price,sm_only,39.53288,-110.80604,1718.0,Dfb,train,ok,,3653,3653,0,True,0,0,-0.1986083984375,0,0,0,281.2620766151777,79953.50783602518,82318.36549950189,0.9712718097701901,True,0,0.6931498725367967,0.8256168770228748,0.8609150960100844,0,0,0,0,0,0,10.001368925393566,0,0.0,19.667569345259217,22.209975380509174,13.108264,0.3839339132189075,172
ISMN_SCAN_Princeton#1,sm_only,37.1,-87.83333,187.0,Cfa,train,ok,,1096,1096,0,True,0,0,-0.00628662109375,0,0,0,288.705738290383,99892.02335908987,99098.6138241017,1.0080062626950208,True,0,0.520816950906109,0.7601945633423919,0.7850246689417612,0,0,0,0,0,0,3.0006844626967832,0,0.0,15.411425597749808,29.14280614051095,14.393489,0.4859176099727125,164
ISMN_SCAN_ReeseCenter,sm_only,33.61536,-102.03869,1016.0,Bsk,train,ok,,2192,2192,0,True,0,0,-0.113922119140625,0,0,0,290.2005885047634,90024.57609346487,89700.27356691602,1.0036154017557921,True,0,0.649516320014866,0.7809872302236344,0.7977039063288134,0,0,0,0,0,0,6.0013689253935665,0,0.0,19.67642614840308,27.25047502554745,15.642635,0.34782532697529556,163
ISMN_SCAN_ReynoldsHomestead,sm_only,36.63333,-80.13333,344.0,Cfa,train,ok,,1826,1826,0,True,0,0,-0.001373291015625,0,0,0,287.4978859139951,96943.88240604463,97260.14277172249,0.9967483045298408,True,0,0.5469435316602819,0.7759823006497396,0.7977349883751452,0,0,0,0,0,0,4.999315537303217,0,0.0,16.030407495782757,27.897086793537788,14.458672,0.4478442933933852,173
ISMN_SCAN_RiverRoadFarms,sm_only,31.01912,-85.03693,33.0,Cfa,train,ok,,1461,1461,0,True,0,0,-0.18060302734375,0,0,0,293.54156654979334,101149.45462226214,100929.19354016356,1.0021823327262684,True,0,0.5463717964477149,0.7664686950226369,0.7762201281024799,0,0,0,0,0,0,4.0,0,0.0,17.049156404528315,31.402440305954826,18.037392,0.3861428105110592,129
ISMN_SCAN_RockSpringsPa,sm_only,40.71667,-77.93333,372.0,Dfa,train,ok,,3287,3287,0,True,0,0,-0.002105712890625,0,0,0,283.17247128116713,96451.19145735093,96935.18410158833,0.9950070487953045,True,0,0.4937478210627247,0.7752049659231136,0.795982146855894,0,0,0,0,0,0,8.999315537303216,0,0.0,13.982326591626636,26.88294371311226,11.700993,0.5519718682754645,182
ISMN_SCAN_RogersFarm#1,sm_only,40.85,-96.46667,370.0,Dfa,val,ok,,2192,2192,0,True,0,0,-0.1983642578125,0,0,0,285.14564096492575,97199.88676508325,96958.36623936889,1.0024909714868555,True,0,0.5754341407278686,0.7732331180301213,0.8367664799544873,0,0,0,0,0,0,6.0013689253935665,0,0.0,16.000307574497974,27.03267725182482,12.115254,0.48023631500991915,160
ISMN_SCAN_SanAngelo,sm_only,31.5496,-100.50748,600.0,Bsh,train,ok,,2557,2557,0,True,0,0,-0.553863525390625,0,0,0,292.7095112657006,94163.28839643626,94321.67775670798,0.9983207533619125,True,0,0.6091164687238059,0.765918803835366,0.7848417618124475,0,0,0,0,0,0,7.000684462696783,0,0.0,18.90507153558199,29.3424374145483,16.715973,0.36402745676177506,163
ISMN_SCAN_SandyRidge,sm_only,33.65911,-90.57297,42.0,Cfa,train,ok,,3653,3653,0,True,0,0,-0.43603515625,0,0,0,291.8879084008836,101305.14580481796,100821.46389698742,1.0047974100864547,True,0,0.540560049210221,0.7602854658162683,0.8001950284364368,0,0,0,0,0,0,10.001368925393566,0,0.0,16.580014116132475,30.605635884752257,16.185033,0.4455419826671684,180
ISMN_SCAN_Scott,sm_only,33.61962,-91.10184,50.0,Cfa,train,ok,,1826,1826,0,True,0,0,-0.235321044921875,0,0,0,292.05688210828936,101171.10102341183,100725.78239860303,1.0044210986919568,True,0,0.5454255479441674,0.7595292953551036,0.7849431888912752,0,0,0,0,0,0,4.999315537303217,0,0.0,16.675977618455267,30.53671550985761,16.395395,0.43631752772694493,180
ISMN_SCAN_SellersLake#1,sm_only,29.1,-81.63333,23.0,Cfa,train,ok,,2557,2557,0,True,0,0,-0.18890380859375,0,0,0,295.31879983304486,101426.17696519359,101049.00244423846,1.0037325902466308,True,0,0.5302304142020169,0.7571500817172879,0.7782718879163362,0,0,0,0,0,0,7.000684462696783,0,0.0,16.735759343951177,32.52389618341807,19.567679,0.3429134114688719,124
ISMN_SCAN_Selma,sm_only,32.40392,-86.89137,43.0,Cfa,train,ok,,2922,2922,0,True,0,0,-0.0296630859375,0,0,0,292.4200533658654,100807.83188152379,100809.49968647641,0.9999834558751128,True,0,0.5346539460065863,0.7626143202898468,0.779050801896138,0,0,0,0,0,0,8.0,0,0.0,16.54866341664219,30.790043813483916,17.152258,0.42315011605673153,133
ISMN_SCAN_Sevilleta,sm_only,34.35813,-106.69127,1595.0,Bsk,train,ok,,1461,1461,0,True,0,0,-1.63922119140625,0,0,0,288.9007577341277,84013.95182559035,83574.9025795122,1.0052533623435629,True,0,0.6951182575351439,0.8114235816461977,0.8252485707022855,0,0,0,0,0,0,4.0,0,0.0,20.937227319227656,24.695781843258043,14.9055,0.33129740100429794,166
ISMN_SCAN_ShagbarkHills,sm_only,42.43333,-95.76667,427.0,Dfa,train,ok,,1827,1827,0,True,0,0,-0.233154296875,0,0,0,282.84276401663845,96908.72259852217,96299.43187944265,1.0063270437549652,True,0,0.5621196953871787,0.7827134840538699,0.8273669063627082,0,0,0,0,0,0,5.002053388090349,0,0.0,15.330883663345713,26.37668673234811,11.077591,0.5104235555209825,157
ISMN_SCAN_Shenandoah,sm_only,37.91667,-79.2,537.0,Cfa,train,ok,,1096,1096,0,True,0,0,0.0,0,0,0,285.3910289959316,95334.32218008667,95038.05516521135,1.0031173514058163,True,0,0.5249872613054285,0.7785197048388913,0.7948420479108648,0,0,0,0,0,0,3.0006844626967832,0,0.0,15.168870847749806,27.483751930656936,13.445943,0.4918200451344209,195
ISMN_SCAN_Sidney,sm_only,47.77102,-104.247,693.0,Bsk,train,ok,,2192,2192,0,True,0,0,-0.176605224609375,0,0,0,280.5773031694176,93235.11611827099,93272.16525257888,0.9996027846656335,True,0,0.6047849336102772,0.7905420267863126,0.8368420189302377,0,0,0,0,0,0,6.0013689253935665,0,0.0,15.431206177562075,24.423993784671534,10.846746,0.5389648128589356,188
ISMN_SCAN_SilverCity,sm_only,33.0875,-90.51151,35.0,Cfa,oos,ok,,2192,2192,0,True,0,0,-0.325042724609375,0,0,0,292.26388741931777,101340.34999786154,100905.24556810103,1.004312010018021,True,0,0.532639319379723,0.7595520382105418,0.7837327617041463,0,0,0,0,0,0,6.0013689253935665,0,0.0,16.445105996030822,30.905833844890513,16.829897,0.4487644114022038,165
ISMN_SCAN_SinkinForest,sm_only,37.50138,-91.2594,405.0,Dfa,train,ok,,1826,1826,0,True,0,0,-0.002685546875,0,0,0,287.0884237049182,97258.90292990142,96553.32633598472,1.007307636315516,True,0,0.5527377411435217,0.770007494083327,0.806909771247979,0,0,0,0,0,0,4.999315537303217,0,0.0,16.141596331489218,28.03405632584885,13.330661,0.46713572374345397,171
ISMN_SCAN_Spickard,sm_only,40.25,-93.71667,278.0,Dfa,train,ok,,2557,2557,0,True,0,0,-0.08795166015625,0,0,0,285.4145021226008,98403.52056242667,98029.60798205987,1.0038142821139837,True,0,0.5652816303304506,0.7760354236824191,0.8147573048760417,0,0,0,0,0,0,7.000684462696783,0,0.0,15.897868502580424,27.267347517012123,12.021389,0.4756188035519207,163
ISMN_SCAN_SplitMountain,sm_only,40.39136,-109.35326,1476.0,Bsk,train,ok,,3653,3653,0,True,0,0,-0.718109130859375,0,0,0,283.21672060194,84209.45625598823,84805.31397314355,0.992973816271183,True,0,0.6883410269619352,0.8110464166886207,0.8517348761790605,0,0,0,0,0,0,10.001368925393566,0,0.0,19.476872257386237,23.258689935669313,12.728287,0.40882244113275146,168
ISMN_SCAN_StanleyFarm,sm_only,34.43333,-86.68333,194.0,Cfa,train,ok,,1461,1461,0,True,0,0,-0.008148193359375,0,0,0,290.28316540101224,99156.0556446783,99016.04897582234,1.0014139795548713,True,0,0.538803278046913,0.7658900977137122,0.7807961100553622,0,0,0,0,0,0,4.0,0,0.0,16.285234648139884,29.62067995687885,15.502692,0.4347801884055069,180
ISMN_SCAN_Starkville,sm_only,33.47094,-88.78051,104.0,Cfa,oos,ok,,1827,1827,0,True,0,0,-0.119049072265625,0,0,0,291.6462625504584,100716.80540161466,100081.85365539252,1.0063443244007895,True,0,0.5282676844103352,0.7604261179417079,0.7740632721430296,0,0,0,0,0,0,5.002053388090349,0,0.0,16.210916132968045,30.550182697318004,17.133599,0.446077757252902,133
ISMN_SCAN_Stephenville,sm_only,32.24535,-98.19563,400.0,Cfa,train,ok,,1827,1827,0,True,0,0,-0.225738525390625,0,0,0,292.569906049957,97139.83851600986,96611.10514553882,1.0054728011823748,True,0,0.5692303940047657,0.7541245811716619,0.7653889772261666,0,0,0,0,0,0,5.002053388090349,0,0.0,17.610498551139912,30.263477908045978,16.342149,0.4085372259999487,199
ISMN_SCAN_Stubblefield,sm_only,34.97018,-119.47831,913.0,Bsk,train,ok,,1461,1461,0,True,0,0,-0.824981689453125,0,0,0,290.7326511014903,92975.2092798169,90827.05116702656,1.0236510828568022,True,0,0.6808215070502409,0.7939414028941322,0.8066149309182599,0,0,0,0,0,0,4.0,0,0.0,20.7424977515509,26.353201179329226,18.575851,0.3856018211385953,172
ISMN_SCAN_SudduthFarms,sm_only,34.17973,-87.45618,235.0,Cfa,train,ok,,3288,3288,0,True,0,0,-0.01409912109375,0,0,0,290.45451328064115,99096.39704987835,98533.57268364211,1.005712006079829,True,0,0.5291848549706887,0.7661824507833751,0.7806314898446269,0,0,0,0,0,0,9.00205338809035,0,0.0,16.093398135463445,29.951507872566907,15.808064,0.45250976989236874,171
ISMN_SCAN_SunleafNursery,sm_only,41.79618,-81.07653,204.0,Dfb,oos,ok,,1827,1827,0,True,0,0,-0.1395263671875,0,0,0,283.782991640021,99101.63979115353,98898.19582577347,1.0020571049216962,True,0,0.49530881919698255,0.761776478617315,0.7889910729593196,0,0,0,0,0,0,5.002053388090349,0,0.0,14.280939383104883,27.246962168582375,16.209017,0.5839916979947123,183
ISMN_SCAN_TableMountain,sm_only,45.80272,-111.58655,1364.0,Dfb,train,ok,,3653,3653,0,True,0,0,-0.5572509765625,0,0,0,279.5359118503641,85238.71032370655,85976.70755605084,0.9914163120067936,True,0,0.6261909434581826,0.8056874793321119,0.853752654463354,0,0,0,0,0,0,10.001368925393566,0,0.0,16.502585391796313,23.276075942239252,11.046588,0.5064139705643065,196
ISMN_SCAN_TidewaterArec,sm_only,36.68333,-76.76667,24.0,Cfa,train,ok,,1461,1461,0,True,0,0,-0.178741455078125,0,0,0,289.53547013613723,101535.68689574777,101037.01637415323,1.0049355230339334,True,0,0.522536191734801,0.7660299776725156,0.7775922070654884,0,0,0,0,0,0,4.0,0,0.0,15.378005001379789,29.581105064339493,14.848127,0.4769263502499911,196
ISMN_SCAN_TncFortBayou,sm_only,30.4712,-88.74162,13.0,Cfa,train,ok,,2192,2192,0,True,0,0,-0.115081787109375,0,0,0,293.64589187176557,101530.60377936816,101168.92648328452,1.0035749840257857,True,0,0.5231616011715354,0.7584821468748937,0.7738313870409176,0,0,0,0,0,0,6.0013689253935665,0,0.0,16.354108617381186,31.72135335310219,17.920751,0.3990828019585787,122
ISMN_SCAN_Torrington#1,sm_only,42.06667,-104.13333,1305.0,Bsk,train,ok,,3653,3653,0,True,0,0,-0.468963623046875,0,0,0,283.79905898676094,86523.1110688133,86599.02889205914,0.9991233409402263,True,0,0.6449756206416494,0.804438541884944,0.8445464564835559,0,0,0,0,0,0,10.001368925393566,0,0.0,17.662022533323825,24.35911855324391,12.527309,0.43791544504179264,195
ISMN_SCAN_TroughSprings,sm_only,36.37355,-115.78127,2391.0,Bwh,oos,ok,,1096,1096,0,True,0,0,-0.976348876953125,0,0,0,285.4562871334326,79776.19458542427,75711.00998580358,1.0536934403646567,True,0,0.7036315797801076,0.801653625690674,0.8185524755295193,0,0,0,0,0,0,3.0006844626967832,0,0.0,20.858462261983387,25.187185644160586,16.019869,0.3604136947928719,172
ISMN_SCAN_TuleValley,sm_only,39.23724,-113.45866,1400.0,Bwk,train,ok,,2922,2922,0,True,0,0,-0.50927734375,0,0,0,285.8561406484783,84967.92174666324,85598.76843806483,0.992630189628744,True,0,0.6933923734040066,0.8087753464378215,0.8493622427008524,0,0,0,0,0,0,8.0,0,0.0,19.905732162706528,23.84102151505818,13.28331,0.3953629919721941,173
ISMN_SCAN_Tunica,sm_only,34.6764,-90.41142,79.0,Cfa,train,ok,,1827,1827,0,True,0,0,-0.21978759765625,0,0,0,291.01206788980187,101030.6420617816,100379.55312419013,1.0064862705334616,True,0,0.527176257897612,0.7603632041623127,0.7799908185555059,0,0,0,0,0,0,5.002053388090349,0,0.0,16.043726164714077,30.259564799124245,15.779569,0.47250678932154483,158
ISMN_SCAN_TwinPinesConservationArea,sm_only,36.99024,-91.30943,293.0,Cfa,oos,ok,,1826,1826,0,True,0,0,-0.003265380859375,0,0,0,287.94281849855923,98050.12694670729,97854.29819432585,1.0020012279071537,True,0,0.5543144605284336,0.769082188142322,0.8051433711931614,0,0,0,0,0,0,4.999315537303217,0,0.0,16.284280265771805,28.357377171412924,13.617737,0.46073941906363997,178
ISMN_SCAN_UWPlatteville,sm_only,42.70785,-90.3899,328.0,Dfa,train,ok,,2922,2922,0,True,0,0,-0.08184814453125,0,0,0,282.53092631732335,98007.68936088296,97446.22911654296,1.0057617441888747,True,0,0.5339616259300051,0.7764170660574858,0.8034214969383198,0,0,0,0,0,0,8.0,0,0.0,14.691979710961146,26.46870857460643,11.033369,0.540729726146706,161
ISMN_SCAN_Uapb-Earle,sm_only,35.27732,-90.45031,65.0,Cfa,oos,ok,,3653,3653,0,True,0,0,-0.14923095703125,0,0,0,290.52063794453244,101003.17967252943,100546.57776917842,1.0045411978555772,True,0,0.5401215519610816,0.7632834793345361,0.7960032438187203,0,0,0,0,0,0,10.001368925393566,0,0.0,16.292941403293714,29.873145584177387,15.746225,0.46538550360737924,170
ISMN_SCAN_UapbCampus-PB,sm_only,34.25188,-92.02632,71.0,Cfa,train,ok,,1826,1826,0,True,0,0,-0.095977783203125,0,0,0,291.5280681831552,100703.84515334063,100474.96824477272,1.0022779495486909,True,0,0.5424320080892022,0.7602254668498913,0.785485998164214,0,0,0,0,0,0,4.999315537303217,0,0.0,16.476241333679802,30.203756700438113,16.305477,0.44880477007473646,180
ISMN_SCAN_UapbDewitt,sm_only,34.27788,-91.35017,60.0,Cfa,train,ok,,2191,2191,0,True,0,0,-0.304595947265625,0,0,0,291.12160147558546,101056.85603748288,100606.28393657808,1.0044785681696466,True,0,0.5312537949153061,0.7610680391549864,0.7861432926304722,0,0,0,0,0,0,5.9986310746064335,0,0.0,16.24082678454038,30.29669124189868,15.893671,0.4672233605886762,169
ISMN_SCAN_UapbPointRemove,sm_only,35.20842,-92.92462,96.0,Cfa,train,ok,,1826,1826,0,True,0,0,-0.00146484375,0,0,0,290.45394932557826,99823.25738893072,100177.0395956283,0.9964684302099,True,0,0.5456154948926867,0.7652489774363688,0.7819007803802178,0,0,0,0,0,0,4.999315537303217,0,0.0,16.381635206626132,29.32912768619934,14.681855,0.4572291900984045,173
ISMN_SCAN_Uvalde,sm_only,29.21578,-99.75517,279.0,Cfa,train,ok,,1827,1827,0,True,0,0,-0.29547119140625,0,0,0,294.91091145566077,97802.89590602764,98017.91275658883,0.9978063514666431,True,0,0.5493290036111258,0.7478121865279842,0.7611594062625245,0,0,0,0,0,0,5.002053388090349,0,0.0,17.544787344790706,31.634199192118228,18.982239,0.40207692472777623,199
ISMN_SCAN_Vallecitos,sm_only,36.45976,-120.70601,494.0,Bsk,train,ok,,1461,1461,0,True,0,0,-0.632537841796875,0,0,0,290.10852721290667,94863.6618593857,95529.53603431697,0.9930296513248837,True,0,0.6689520099097075,0.7779969227081628,0.7857399495003012,0,0,0,0,0,0,4.0,0,0.0,20.1315820882494,27.04022246201232,20.039623,0.4089761280652218,174
ISMN_SCAN_Vermillion,sm_only,37.19061,-112.19252,1948.0,Bsk,train,ok,,3653,3653,0,True,0,0,-0.452056884765625,0,0,0,283.9370814254765,81143.90529188338,80009.79636933103,1.014174625783538,True,0,0.7042322574803849,0.829703021742681,0.8629913394842864,0,0,0,0,0,0,10.001368925393566,0,0.0,20.547931724125906,23.356086289351218,13.778971,0.358247281235933,165
ISMN_SCAN_Vernon,sm_only,34.01635,-99.2464,361.0,Cfa,oos,ok,,2192,2192,0,True,0,0,-0.488250732421875,0,0,0,291.9657580939523,97132.16907005588,97062.74142036935,1.0007152863052349,True,0,0.604694295478183,0.7640939282914514,0.7927588318417075,0,0,0,0,0,0,6.0013689253935665,0,0.0,18.283803478695056,29.299397119525544,16.524867,0.38583632380356636,199
ISMN_SCAN_Violett,sm_only,48.43578,-111.18423,983.0,Bsk,train,ok,,2192,2192,0,True,0,0,-0.63690185546875,0,0,0,279.741037236513,90080.9651680828,90060.04056319052,1.0002323406114568,True,0,0.6092784327753451,0.791254500082254,0.8340514286546339,0,0,0,0,0,0,6.0013689253935665,0,0.0,15.42915092942498,23.7197036979927,10.933202,0.5512245201287673,201
ISMN_SCAN_Wabeno#1,sm_only,45.46667,-88.58333,482.0,Dfb,train,ok,,2557,2557,0,True,0,0,-0.036529541015625,0,0,0,279.1507862913082,96131.08546697791,95667.06015691829,1.0048504188306664,True,0,0.5202117449387827,0.7879028197234011,0.8028602983129484,0,0,0,0,0,0,7.000684462696783,0,0.0,13.781969663075147,25.119574317168556,10.906207,0.5781767629244163,185
ISMN_SCAN_Wakulla#1,sm_only,30.3,-84.41667,46.0,Cfa,train,ok,,3287,3287,0,True,0,0,-0.01031494140625,0,0,0,293.8703436786221,101404.6098836325,100773.61395255597,1.0062615193236357,True,0,0.5497577439474804,0.7667015554062524,0.7826366382446603,0,0,0,0,0,0,8.999315537303216,0,0.0,17.185185703887058,31.551457373592942,18.334727,0.364523784317406,122
ISMN_SCAN_WalnutGulch#1,sm_only,31.73333,-110.05,1372.0,Bsk,oos,ok,,3288,3288,0,True,0,0,-1.103271484375,0,0,0,291.3604123284927,86482.77869335462,85892.60454251437,1.0068710706117676,True,0,0.6915255902831102,0.8103618586810367,0.8219335245228936,0,0,0,0,0,0,9.00205338809035,0,0.0,21.363604541181207,26.183787465024327,16.622292,0.30842251365471124,148
ISMN_SCAN_Watkinsville#1,sm_only,33.88333,-83.43333,235.0,Cfa,val,ok,,1826,1826,0,True,0,0,-0.02764892578125,0,0,0,290.4050315698162,99096.49238858845,98533.57268364211,1.0057129736557273,True,0,0.5380963267878431,0.7712175829136646,0.7848263953584148,0,0,0,0,0,0,4.999315537303217,0,0.0,16.295866825465126,29.68513260514786,15.570674,0.43302239426374434,170
ISMN_SCAN_WestSummit,sm_only,38.01394,-109.12745,2131.0,Dfa,train,ok,,2922,2922,0,True,0,0,-0.45928955078125,0,0,0,283.4425961744451,80214.8898041795,78210.67469510999,1.025625851162678,True,0,0.6993435687569918,0.8255069123632465,0.8549722427792655,0,0,0,0,0,0,8.0,0,0.0,20.285488191453958,23.402773799794662,13.847538,0.37488604295431843,166
ISMN_SCAN_WillowWells,sm_only,33.53382,-103.63097,1383.0,Bsk,train,ok,,3287,3287,0,True,0,0,-0.12506103515625,0,0,0,289.87938961055744,86897.22879192652,85777.07168427018,1.0130589338812992,True,0,0.6732354836067913,0.795014736035671,0.8101590280868124,0,0,0,0,0,0,8.999315537303216,0,0.0,20.4204663184292,26.60827904989352,15.75684,0.3315766743736873,164
ISMN_SCAN_Wtars,sm_only,34.9,-86.53333,191.0,Cfa,train,ok,,1096,1096,0,True,0,0,-0.128631591796875,0,0,0,289.81269207139957,98915.28676722171,99051.427087451,0.9986255592248147,True,0,0.5240070270909322,0.7683495517740648,0.7786104441701158,0,0,0,0,0,0,3.0006844626967832,0,0.0,15.894133011983385,29.722978664233572,15.314215,0.466342454341921,133
ISMN_SCAN_YoumansFarm,sm_only,32.66667,-81.2,23.0,Cfa,train,ok,,2557,2557,0,True,0,0,-0.104522705078125,0,0,0,292.4972863702696,101411.96611935373,101049.00244423846,1.0035919570340694,True,0,0.5339836302019556,0.7638754168764172,0.784875507373514,0,0,0,0,0,0,7.000684462696783,0,0.0,16.40554091532388,30.992116718420025,17.352937,0.4090563042644488,124
ISMN_SD_DEM_Demokeya,sm_only,13.2829,30.4783,550.0,Bwh,train,ok,,1827,1827,0,True,0,0,-2.1641845703125,0,0,0,301.3606965430917,95201.14749675014,94889.87169401435,1.0032803901741962,True,0,0.6695770812783153,0.7591437328638314,0.7718296637909925,0,0,0,0,0,0,5.002053388090349,0,0.0,23.255992948512652,32.0508200831965,23.169139,0.1257523087535487,117
ISMN_SMOSMANIA_Barnas,sm_only,44.666,4.15983,480.0,Dfb,train,ok,,1826,1826,0,True,0,0,-0.17425537109375,0,0,0,283.5904861567185,91680.26456393757,95689.99642171165,0.9580966453368548,True,0,0.5351254405634644,0.7557528893280493,0.775658925162065,0,0,0,0,0,0,4.999315537303217,0,0.0,14.71894417212195,26.564568745345017,18.003313,0.5624320645439396,195
ISMN_SMOSMANIA_Berzeme,sm_only,44.62833,4.56667,650.0,Cfb,train,ok,,2556,2556,0,True,0,0,-0.38836669921875,0,0,0,285.6531147725519,95629.00418439457,93756.24193601972,1.019974800714099,True,0,0.54010282433322,0.7450984448277373,0.7710248496548774,0,0,0,0,0,0,6.997946611909651,0,0.0,14.885088601671866,27.168275458137714,15.932586,0.5560512948840822,183
ISMN_SMOSMANIA_CabrieresdAvignon,sm_only,43.88367,5.16483,142.0,Csb,train,ok,,2922,2922,0,True,0,0,-0.563232421875,0,0,0,287.3991626319128,98136.20712482888,99630.7200056825,0.9849994772619493,True,0,0.5757363542824315,0.7467967400126381,0.7800078240192884,0,0,0,0,0,0,8.0,0,0.0,15.821062242788662,27.01786625085558,17.968643,0.5189661687151499,182
ISMN_SMOSMANIA_Condom,sm_only,43.9744,0.3361,174.0,Cfb,train,ok,,2557,2557,0,True,0,0,-0.14630126953125,0,0,0,287.85671560252416,100209.70642782068,99252.09644335379,1.0096482595207792,True,0,0.5033195409227338,0.7473058033939569,0.7725550774902245,0,0,0,0,0,0,7.000684462696783,0,0.0,13.917094041257666,28.68443124520923,16.730314,0.5707070923198649,197
ISMN_SMOSMANIA_CreondArmagnac,sm_only,43.9936,-0.0469,149.0,Cfb,train,ok,,2922,2922,0,True,0,0,-0.01904296875,0,0,0,287.77039294859713,100229.00499176506,99547.7963322253,1.0068430310327146,True,0,0.49943259148148517,0.7461994284324188,0.780692348156681,0,0,0,0,0,0,8.0,0,0.0,13.764757189544364,28.63657038637919,16.885788,0.5693705480651587,193
ISMN_SMOSMANIA_LaGrandCombe,sm_only,44.243,4.01017,499.0,Cfb,train,ok,,2922,2922,0,True,0,0,-0.111663818359375,0,0,0,286.8692729200589,97878.47828167779,95472.28158375567,1.0252030920179824,True,0,0.5434921522159603,0.7551725116426248,0.7826524183910721,0,0,0,0,0,0,8.0,0,0.0,15.010643622665457,26.854533836071184,15.118274,0.5605795144535138,182
ISMN_SMOSMANIA_Lahas,sm_only,43.5472,0.8878,249.0,Cfb,train,ok,,2922,2922,0,True,0,0,-0.29962158203125,0,0,0,287.56539415676735,99561.72972011892,98369.26137297631,1.0121223676024287,True,0,0.501391653154429,0.744881460293194,0.7810408536591609,0,0,0,0,0,0,8.0,0,0.0,13.859474072357447,28.615891849075975,16.860932,0.5625028851636934,193
ISMN_SMOSMANIA_LezignanCorbieres,sm_only,43.1733,2.7283,60.0,Cfa,train,ok,,2922,2922,0,True,0,0,-0.427001953125,0,0,0,288.7103029390788,100949.11924890913,100606.28393657808,1.0034076928290798,True,0,0.5356689599216299,0.7430969278099055,0.7740193155257183,0,0,0,0,0,0,8.0,0,0.0,14.980939112884544,28.382361405544152,16.937688,0.5360219241916443,193
ISMN_SMOSMANIA_Mazan-Abbaye,sm_only,44.73383,4.08383,1240.0,Dfb,val,ok,,2556,2556,0,True,0,0,-0.17974853515625,0,0,0,281.78137427913566,88692.14353787656,87288.85471115379,1.0160763803278938,True,0,0.5284365998152107,0.7582203354674935,0.7803258206335401,0,0,0,0,0,0,6.997946611909651,0,0.0,14.555830769121007,26.319819372848198,14.612784,0.5666461193710527,193
ISMN_SMOSMANIA_Mejannes-le-Clap,sm_only,44.222,4.34483,318.0,Csb,val,ok,,2557,2557,0,True,0,0,-0.31121826171875,0,0,0,287.2460872335363,98257.50897047321,97562.67940725005,1.0071218786470877,True,0,0.5474572788014166,0.7488124318125898,0.7753866335984638,0,0,0,0,0,0,7.000684462696783,0,0.0,15.135470593071238,27.34682475048885,15.833168,0.5566250928460724,182
ISMN_SMOSMANIA_Montaut,sm_only,43.1922,1.6436,295.0,Cfb,train,ok,,3288,3288,0,True,0,0,-0.213836669921875,0,0,0,287.09292170949226,98229.34777742928,97830.94274937986,1.004072382590343,True,0,0.49689343327745855,0.7429005000950715,0.7802629575526022,0,0,0,0,0,0,9.00205338809035,0,0.0,13.790047780232301,28.58631955626521,17.021626,0.5644327796426675,196
ISMN_SMOSMANIA_Mouthoumet,sm_only,42.96,2.53,538.0,Cfa,train,ok,,3288,3288,0,True,0,0,-0.284423828125,0,0,0,286.74034275509723,95823.32028398722,95026.6497883908,1.0083836534000776,True,0,0.5342688217757655,0.7416723066552297,0.7814726170559111,0,0,0,0,0,0,9.00205338809035,0,0.0,14.86614081186247,28.127662957725057,17.27293,0.5193560648611175,193
ISMN_SMOSMANIA_Narbonne,sm_only,43.15,2.9567,112.0,Csa,train,ok,,2922,2922,0,True,0,0,-0.63873291015625,0,0,0,288.8856778206848,100616.13198900582,99986.74096384911,1.0062947448740656,True,0,0.5463287024478537,0.7427076605308339,0.7720478927792569,0,0,0,0,0,0,8.0,0,0.0,15.270577445533414,28.34671239390828,17.074538,0.5282886650977069,193
ISMN_SMOSMANIA_PeyrusseGrande,sm_only,43.6664,0.2217,245.0,Dfb,train,ok,,3288,3288,0,True,0,0,-0.270416259765625,0,0,0,287.457599259351,99690.36815931037,98416.1848049254,1.0129468883284856,True,0,0.5017702515298311,0.7470332915812851,0.7857778888644742,0,0,0,0,0,0,9.00205338809035,0,0.0,13.814588862349089,28.527982184002436,16.678624,0.5593488211375147,193
ISMN_SMOSMANIA_Pezenas,sm_only,43.43833,3.40333,30.0,Csa,oos,ok,,2922,2922,0,True,0,0,-0.63128662109375,0,0,0,288.60756931396315,100536.4681591162,100965.12412724759,0.9957544154792386,True,0,0.5631551226268509,0.7468160883023687,0.7782735593607104,0,0,0,0,0,0,8.0,0,0.0,15.667260118900915,27.779324719712527,16.704514,0.5247546814934063,181
ISMN_SMOSMANIA_Prades-le-Lez,sm_only,43.43767,3.40033,40.0,Csa,oos,ok,,1096,1096,0,True,0,0,-0.757843017578125,0,0,0,288.4398882789333,100613.17323648494,100845.39576732281,0.9976972421093605,True,0,0.5617640339116389,0.747167007701395,0.7782694674291126,0,0,0,0,0,0,3.0006844626967832,0,0.0,15.677288141545429,27.682158489051098,16.704514,0.5298093051293717,181
ISMN_SMOSMANIA_Sabres,sm_only,44.1475,-0.8456,81.0,Cfb,train,ok,,2922,2922,0,True,0,0,-0.186859130859375,0,0,0,287.92511978514955,101056.8197804372,100355.71081191747,1.0069862388781614,True,0,0.5057185293934521,0.7435267978739654,0.7783906542758428,0,0,0,0,0,0,8.0,0,0.0,13.936935292069975,28.64384151916495,17.133756,0.5598105614429418,193
ISMN_SMOSMANIA_SaintFelixdeLauragais,sm_only,43.4417,1.88,337.0,Cfb,oos,ok,,3288,3288,0,True,0,0,-0.16375732421875,0,0,0,287.27395440540175,99053.9779738823,97341.52010847583,1.017592265494705,True,0,0.49706821421587677,0.7426641024104033,0.7762768646545598,0,0,0,0,0,0,9.00205338809035,0,0.0,13.873687450548605,28.74104172718978,16.70428,0.574224551976165,196
ISMN_SMOSMANIA_Savenes,sm_only,43.825,1.1767,158.0,Cfb,train,ok,,1827,1827,0,True,0,0,-0.290618896484375,0,0,0,287.6919315298464,100153.92705340039,99441.26230870368,1.007166690447717,True,0,0.5052323689397626,0.7440996733190077,0.7789397092301391,0,0,0,0,0,0,5.002053388090349,0,0.0,14.04081983302278,28.462369002736725,16.777394,0.5767940241918965,174
ISMN_SMOSMANIA_Urgons,sm_only,43.6397,-0.435,145.0,Dfc,train,ok,,2557,2557,0,True,0,0,-0.175048828125,0,0,0,287.9184541191307,100554.72439932049,99595.17444229536,1.0096345024987239,True,0,0.4943576954736339,0.7440207330448211,0.7883606885477776,0,0,0,0,0,0,7.000684462696783,0,0.0,13.627918422954966,28.68585508721158,16.858924,0.5622643116052167,197
ISMN_SMOSMANIA_Villevielle,sm_only,43.79517,4.09083,41.0,Csa,train,ok,,2922,2922,0,True,0,0,-0.360198974609375,0,0,0,288.42012747699965,100250.59693168207,100833.42925724134,0.9942198502039202,True,0,0.5665837604685477,0.753938905665131,0.7826358410335865,0,0,0,0,0,0,8.0,0,0.0,15.650368292069976,27.616998357631758,16.174068,0.5310468788836324,182
ISMN_SNOTEL_AguaCanyon,sm_only,37.52217,-112.27118,2710.0,Dfb,oos,ok,,1827,1827,0,True,0,0,-0.521636962890625,0,0,0,279.51977146526605,75641.5592458607,72732.89685164316,1.0399910153468859,True,0,0.7062664184994948,0.8449348123614694,0.869021845953908,0,0,0,0,0,0,5.002053388090349,0,0.0,20.407289392957097,21.840953652983032,12.654218,0.35260962343536023,166
ISMN_SNOTEL_AmericanCreek,sm_only,64.78969,-141.23376,311.0,Dfc,oos,ok,,2192,2192,0,True,0,0,-0.288055419921875,0,0,0,269.3949229038545,94136.97805229243,97644.26163718627,0.9640810066450628,True,0,0.49351005546540966,0.7742048753117858,0.8064998537724626,0,0,0,0,0,0,6.0013689253935665,0,0.0,9.618672957671563,21.597534228102187,9.371862,0.8819722572237894,163
ISMN_SNOTEL_AnchorRiverDivide,sm_only,59.8608,-151.31494,494.0,Dsc,train,ok,,3653,3653,0,True,0,0,-0.202392578125,0,0,0,274.6223551000663,95505.9928996715,95529.53603431697,0.9997535512510286,True,0,0.45984113083063755,0.7747344664364646,0.8197330175729886,0,0,0,0,0,0,10.001368925393566,0,0.0,9.450878955990126,24.3597623024911,13.85888,0.8036575651621792,163
ISMN_SNOTEL_Aniak,sm_only,61.58337,-159.57708,27.0,Dfc,train,ok,,2191,2191,0,True,0,0,-0.217987060546875,0,0,0,273.39544842091937,100105.10813056253,101001.06507114958,0.9911292327466458,True,0,0.44338818357171683,0.7704240575275831,0.8037292190168154,0,0,0,0,0,0,5.9986310746064335,0,0.0,8.779865720186207,23.756725793245092,10.510904,0.8543853980335469,158
ISMN_SNOTEL_ArapahoRidge,sm_only,40.35098,-106.38141,3341.0,Dfc,train,ok,,3287,3287,0,True,0,0,-0.321044921875,0,0,0,274.52824928276726,72674.46592637664,67121.25418194027,1.0827340283210996,True,0,0.6721935787426437,0.8350231956997782,0.8601966039057132,0,0,0,0,0,0,8.999315537303216,0,0.0,19.01990185052533,20.883648574688166,11.684453,0.4148415155237156,165
ISMN_SNOTEL_AtlantaSummit,sm_only,43.7569,-115.23907,2307.0,Dsb,train,ok,,3288,3288,0,True,0,0,-0.13262939453125,0,0,0,277.79557242010634,82002.48016936588,76511.41326014338,1.0717679451371855,True,0,0.6339090675006612,0.8120892460647451,0.8359325142825426,0,0,0,0,0,0,9.00205338809035,0,0.0,17.478523819161744,22.289890488138685,12.951501,0.5057058287781407,190
ISMN_SNOTEL_Atwater,sm_only,40.59124,-111.63775,2667.0,Dsb,oos,ok,,1461,1461,0,True,0,0,-0.480682373046875,0,0,0,276.7495166692401,75658.73327344285,73128.70940772978,1.03459686197396,True,0,0.6734388662649357,0.8235424192113109,0.847764490889802,0,0,0,0,0,0,4.0,0,0.0,19.141222507140572,23.180412905544145,13.310926,0.4318121732585212,188
ISMN_SNOTEL_BakerButte,sm_only,34.45654,-111.40651,2243.0,Csa,train,ok,,3653,3653,0,True,0,0,-0.26898193359375,0,0,0,285.6870257118908,81145.30907601629,77125.83165010718,1.0521158390115528,True,0,0.6821512413081973,0.8091469700231863,0.8289690905000038,0,0,0,0,0,0,10.001368925393566,0,0.0,20.5617741818319,24.75470811196277,15.54286,0.3468687544341483,165
ISMN_SNOTEL_BakerButteSmt,sm_only,34.45552,-111.38262,2353.0,Csa,train,ok,,2922,2922,0,True,0,0,-0.142669677734375,0,0,0,284.5636673443616,79883.8692997091,76072.25302267414,1.0501052108434183,True,0,0.681687826212972,0.8128442118776081,0.8318038159360926,0,0,0,0,0,0,8.0,0,0.0,20.535379304390304,24.360937999657768,15.321937,0.34750651594333526,165
ISMN_SNOTEL_Baldy,sm_only,33.97845,-109.50357,2807.0,Dfb,train,ok,,1827,1827,0,True,0,0,-0.35125732421875,0,0,0,280.0352177862659,73171.26846863027,71846.38538701106,1.0184404973817753,True,0,0.683011287995038,0.823718636452244,0.8507607716216682,0,0,0,0,0,0,5.002053388090349,0,0.0,20.5277474279872,22.836577581828138,13.623301,0.33029392826380943,141
ISMN_SNOTEL_BannerSummit,sm_only,44.30342,-115.23447,2146.0,Dsb,train,ok,,3653,3653,0,True,0,0,-0.02569580078125,0,0,0,275.5178564339509,77953.20614050096,78064.67086292438,0.9985721489479006,True,0,0.6203244085613044,0.81331525342302,0.838182074701254,0,0,0,0,0,0,10.001368925393566,0,0.0,17.012193634884188,22.000253754448398,11.935722,0.5179627670802291,193
ISMN_SNOTEL_BarM,sm_only,34.86142,-111.60497,1945.0,Csa,train,ok,,3653,3653,0,True,0,0,-0.235382080078125,0,0,0,285.687758735262,81552.35983694908,80039.56686283075,1.018900564226077,True,0,0.6848796659381359,0.812845974310681,0.8400115391075548,0,0,0,0,0,0,10.001368925393566,0,0.0,20.536996559603594,24.346818880098546,15.275875,0.3469488301512516,165
ISMN_SNOTEL_BearCanyon,sm_only,43.74367,-113.93797,2414.0,Dfb,train,ok,,1827,1827,0,True,0,0,-0.364471435546875,0,0,0,273.4128739764668,73345.30429837164,75493.03856030805,0.9715505654177546,True,0,0.6853327379520124,0.8365568273516921,0.8610518130508378,0,0,0,0,0,0,5.002053388090349,0,0.0,18.43460879276844,21.136889891625614,11.098853,0.44240569238088007,190
ISMN_SNOTEL_BearCreek,sm_only,41.83391,-115.45278,2466.0,Bsk,train,ok,,2557,2557,0,True,0,0,-0.7620849609375,0,0,0,278.3822888555963,78805.62414144994,75002.10632759065,1.0507121466328755,True,0,0.6758422811902385,0.8395464485673284,0.8630671390804316,0,0,0,0,0,0,7.000684462696783,0,0.0,18.72994677790307,22.736785802502933,12.852097,0.42861973117604096,189
ISMN_SNOTEL_BearRiverRS,sm_only,40.8852,-110.8277,2594.0,Dfb,train,ok,,3653,3653,0,True,0,0,-0.219818115234375,0,0,0,275.04823548833605,73085.05489922666,73804.66323305073,0.990249825657333,True,0,0.6652093645751737,0.8189441940841139,0.8437641550224917,0,0,0,0,0,0,10.001368925393566,0,0.0,18.715724244793854,21.58996763454695,12.643829,0.4257535352972463,172
ISMN_SNOTEL_BeaverDams,sm_only,39.13683,-111.55813,2429.0,Bsk,train,ok,,3653,3653,0,True,0,0,-0.556488037109375,0,0,0,279.4215012285894,76688.13439938065,75351.15725164679,1.0177432861882774,True,0,0.6870441973854301,0.8245775249959175,0.8533245307375432,0,0,0,0,0,0,10.001368925393566,0,0.0,19.678127943671484,22.452730931563103,13.376488,0.39115853063797906,172
ISMN_SNOTEL_BeaverDivide,sm_only,40.61233,-111.09782,2509.0,Dfb,train,ok,,3653,3653,0,True,0,0,-0.538177490234375,0,0,0,274.64417842653006,73094.93945686764,74598.098711523,0.9798498985816221,True,0,0.6734596630595677,0.8210797120106753,0.8464785421512108,0,0,0,0,0,0,10.001368925393566,0,0.0,19.05660784074239,21.799545538735288,13.019234,0.423237616827687,172
ISMN_SNOTEL_BenLomondPeak,sm_only,41.37603,-111.94405,2347.0,Dsa,oos,ok,,1827,1827,0,True,0,0,-0.680206298828125,0,0,0,281.1768142875584,83266.62610751916,76129.41875814174,1.0937509765055724,True,0,0.6541094109662337,0.8024102347305261,0.8384802147909445,0,0,0,0,0,0,5.002053388090349,0,0.0,18.458806694544403,23.739179580733445,13.619577,0.4584540268441782,173
ISMN_SNOTEL_BenLomondTrail,sm_only,41.38291,-111.92103,1823.0,Dsa,oos,ok,,1827,1827,0,True,0,0,-0.680206298828125,0,0,0,281.1768142875584,83266.62610751916,81257.85549174559,1.0247209405615882,True,0,0.6541924682309411,0.802557850434489,0.8386383944347262,0,0,0,0,0,0,5.002053388090349,0,0.0,18.458806694544403,23.739179580733445,13.619577,0.4584540268441782,173
ISMN_SNOTEL_BerryCreek,sm_only,39.31917,-114.62278,2850.0,Bsk,train,ok,,3653,3653,0,True,0,0,-0.520172119140625,0,0,0,279.48839862112345,75936.09364306735,71456.20525219587,1.0626941827523624,True,0,0.7014688450657105,0.833285518233622,0.8682840227661934,0,0,0,0,0,0,10.001368925393566,0,0.0,20.00162772248342,22.557219294004923,12.908386,0.3830960554802661,173
ISMN_SNOTEL_BerthoudSummit,sm_only,39.80364,-105.77786,3444.0,Dfc,train,ok,,2556,2556,0,True,0,0,-0.88739013671875,0,0,0,272.24732221982475,69160.94465228873,66239.5046423675,1.0441041947051737,True,0,0.6889424773242573,0.8452592172657626,0.8680017553609244,0,0,0,0,0,0,6.997946611909651,0,0.0,19.338565178354184,19.766944784428794,11.494093,0.3777139947539351,159
ISMN_SNOTEL_BevansCabin,sm_only,40.46182,-112.25233,1972.0,Dfa,val,ok,,2557,2557,0,True,0,0,-0.77899169921875,0,0,0,282.26255982734284,81714.68159708643,79771.95505596278,1.024353502929203,True,0,0.6595414673734962,0.8027685911918424,0.8498213132779192,0,0,0,0,0,0,7.000684462696783,0,0.0,18.787462917670375,23.816039424716465,13.771529,0.43720741164430205,172
ISMN_SNOTEL_BigBend,sm_only,41.76168,-115.6931,2100.0,Bwk,oos,ok,,3653,3653,0,True,0,0,-0.518768310546875,0,0,0,279.4509330016438,80677.84457552012,78513.11667582182,1.027571544620199,True,0,0.6734203938905566,0.8355060862752371,0.864854635186634,0,0,0,0,0,0,10.001368925393566,0,0.0,18.748524488429215,22.65212152285793,12.381361,0.43655093250834714,189
ISMN_SNOTEL_BigCreekSum,sm_only,39.29148,-117.11506,2655.0,Dfb,oos,ok,,3653,3653,0,True,0,0,-0.360992431640625,0,0,0,280.6236656892799,77878.54122253969,73239.47944563978,1.0633409987620561,True,0,0.7048127388821546,0.8327477173484958,0.8673597264536196,0,0,0,0,0,0,10.001368925393566,0,0.0,20.157398586978356,22.510007672324114,13.632424,0.3904486275596283,185
ISMN_SNOTEL_BigFlat,sm_only,38.30183,-112.35672,3146.0,Bsk,oos,ok,,3653,3653,0,True,0,0,-0.492919921875,0,0,0,276.46883631470496,72540.08389080892,68816.61295452625,1.0541071519858602,True,0,0.6917106040409514,0.8315283349157729,0.8612841104303534,0,0,0,0,0,0,10.001368925393566,0,0.0,19.937426852513532,22.122609779633176,12.91884,0.3762645397117326,168
ISMN_SNOTEL_BigMeadow,sm_only,39.455,-119.9422,2512.0,Csb,train,ok,,3653,3653,0,True,0,0,-0.33270263671875,0,0,0,280.90910585384125,80400.37037623186,74569.9780294789,1.0781868588515355,True,0,0.6792855576463693,0.811433303973791,0.8466233239481135,0,0,0,0,0,0,10.001368925393566,0,0.0,19.601334124344902,23.136656462907197,14.936376,0.4212058977672074,185
ISMN_SNOTEL_BigSandyOpening,sm_only,42.6458,-109.25965,2774.0,Dfb,train,ok,,2192,2192,0,True,0,0,-0.437469482421875,0,0,0,273.9028567989377,72816.10617444116,72146.99446072648,1.0092742839631235,True,0,0.6752395075940958,0.8244913234741862,0.8474567852932652,0,0,0,0,0,0,6.0013689253935665,0,0.0,18.459221244206002,21.323986066605837,12.190357,0.4330965000986381,156
ISMN_SNOTEL_BirdCreek,sm_only,39.46138,-114.64863,2298.0,Bsk,oos,ok,,1827,1827,0,True,0,0,-0.59698486328125,0,0,0,280.36774208640946,77400.29563492064,76597.57553995115,1.0104797063002444,True,0,0.7001438245666693,0.826448191340702,0.8576767308160889,0,0,0,0,0,0,5.002053388090349,0,0.0,19.926157767341337,22.602674616310896,12.959836,0.3851706000283692,176
ISMN_SNOTEL_BlackFlat-U.M.Ck,sm_only,38.6799,-111.59765,2871.0,Bsk,train,ok,,3653,3653,0,True,0,0,-0.518890380859375,0,0,0,276.5010221717849,72378.23039710512,71266.2767613122,1.0156028024238886,True,0,0.6939223359861625,0.8326669824682976,0.8578390930850499,0,0,0,0,0,0,10.001368925393566,0,0.0,19.85326405043305,21.888905235970434,12.837486,0.37073789454831496,172
ISMN_SNOTEL_BlackhallMtn,sm_only,41.05623,-106.714,2996.0,Dfb,train,ok,,3653,3653,0,True,0,0,-0.49853515625,0,0,0,274.9333199689788,73448.14185044826,70144.18952211684,1.0471022952983107,True,0,0.6696462578966175,0.8310396580110035,0.8562485033216967,0,0,0,0,0,0,10.001368925393566,0,0.0,18.798532920950432,21.436426201751985,11.175669,0.4267423054056507,166
ISMN_SNOTEL_BlacksForkJct,sm_only,40.95814,-110.5828,2707.0,Dfb,oos,ok,,3653,3653,0,True,0,0,-0.33447265625,0,0,0,275.0429609096641,72494.28778572407,72760.45526311678,0.9963418662454737,True,0,0.6657763028171305,0.8241977693380812,0.8521015681840944,0,0,0,0,0,0,10.001368925393566,0,0.0,18.572419281749777,21.39154117355598,12.149709,0.4142305723614849,172
ISMN_SNOTEL_BlazedAlder,sm_only,45.4287,-121.85605,1116.0,Csb,val,ok,,1461,1461,0,True,0,0,-0.006683349609375,0,0,0,280.78654410005186,91100.58116230322,88617.17040830875,1.028024035777175,True,0,0.5109604434083076,0.7706962666160135,0.7960280079840923,0,0,0,0,0,0,4.0,0,0.0,14.334181039652549,25.437114485284056,14.613732,0.6529718763181147,193
ISMN_SNOTEL_BlueLakes,sm_only,38.60801,-119.92455,2457.0,Csb,train,ok,,3653,3653,0,True,0,0,-0.064361572265625,0,0,0,277.9852805107612,76585.56425369559,75086.88985299229,1.019959201981031,True,0,0.6750632502311087,0.820831724466884,0.8475823501112414,0,0,0,0,0,0,10.001368925393566,0,0.0,19.727775181558155,22.58066111278401,14.204384,0.4296788071149771,185
ISMN_SNOTEL_BobsHollow,sm_only,38.94569,-112.15349,2841.0,Bsk,train,ok,,3653,3653,0,True,0,0,-0.488006591796875,0,0,0,279.7073210709199,77614.63363160416,71537.72854257627,1.0849468554961341,True,0,0.6921336097139864,0.822080220388223,0.855117968862935,0,0,0,0,0,0,10.001368925393566,0,0.0,19.90882213146234,23.17841453462907,13.714528,0.39284641112965724,172
ISMN_SNOTEL_BogusBasin,sm_only,43.76377,-116.09685,1942.0,Dsa,oos,ok,,3653,3653,0,True,0,0,-0.4888916015625,0,0,0,280.8782345583561,85431.68288478648,80069.34632529055,1.066971154450429,True,0,0.6255311209595734,0.7868729001499469,0.8302002606687863,0,0,0,0,0,0,10.001368925393566,0,0.0,17.317053520457687,24.39369248699699,13.902972,0.512569140606394,180
ISMN_SNOTEL_BostetterR.S.,sm_only,42.16442,-114.19272,2295.0,Bsk,oos,ok,,3653,3653,0,True,0,0,-0.514190673828125,0,0,0,278.33595022749256,78854.61761309198,76626.31375325473,1.0290801390630984,True,0,0.6582684793404759,0.8142733132957212,0.8405480951120478,0,0,0,0,0,0,10.001368925393566,0,0.0,18.299950031818213,23.724589070626884,12.679367,0.45128866438826964,180
ISMN_SNOTEL_Bourne,sm_only,44.83052,-118.18787,1783.0,Bsk,train,ok,,1826,1826,0,True,0,0,-0.140716552734375,0,0,0,277.26207035394776,81062.35206736035,81660.54675872762,0.9926746180975902,True,0,0.6009686210901392,0.7939511604396385,0.8164134056337673,0,0,0,0,0,0,4.999315537303217,0,0.0,16.495051908707183,23.752026611719607,13.715066,0.533980668934221,193
ISMN_SNOTEL_BoxCreek,sm_only,38.50809,-112.01856,3002.0,Bsk,train,ok,,1826,1826,0,True,0,0,-0.9249267578125,0,0,0,280.32721288206807,77793.64974671413,70090.69136530072,1.1098998773070579,True,0,0.6929059028651546,0.8384488632116424,0.8553313661538585,0,0,0,0,0,0,4.999315537303217,0,0.0,19.90473745306644,22.031920604052573,13.334337,0.37407876137738966,165
ISMN_SNOTEL_BoxSprings,sm_only,38.49746,-112.00779,2813.0,Bsk,train,ok,,1827,1827,0,True,0,0,-0.6546630859375,0,0,0,279.6199476955103,76318.76255901068,71791.83832043286,1.0630562518593343,True,0,0.6954329138016087,0.8319156884195688,0.8674388672379557,0,0,0,0,0,0,5.002053388090349,0,0.0,19.938846437292074,21.825870384236456,12.559788,0.37152771246910393,173
ISMN_SNOTEL_BrianHead,sm_only,37.67994,-112.85674,3060.0,Dfb,oos,ok,,3653,3653,0,True,0,0,-0.59832763671875,0,0,0,278.96381896337743,75049.48848763003,69575.24379451913,1.0786809272171338,True,0,0.6989090227936838,0.8329743849146741,0.8643906364686975,0,0,0,0,0,0,10.001368925393566,0,0.0,20.258751985828617,22.312519803175473,13.212685,0.36579307415678763,165
ISMN_SNOTEL_Brighton,sm_only,40.59936,-111.58167,2679.0,Dsb,train,ok,,3653,3653,0,True,0,0,-0.521942138671875,0,0,0,275.74979076704,74506.42631484396,73018.07506621239,1.020383326283005,True,0,0.6733088580384382,0.8232793944572734,0.8476808599147245,0,0,0,0,0,0,10.001368925393566,0,0.0,19.136062735349558,22.89867889488092,13.306874,0.43291515682480297,172
ISMN_SNOTEL_BristleconeTrail,sm_only,36.31575,-115.69543,2713.0,Bwh,train,ok,,3653,3653,0,True,0,0,-0.611907958984375,0,0,0,284.46216356646613,78654.9633755646,72705.34689272802,1.0818318973378238,True,0,0.7061434363444821,0.8078222077399162,0.8343695869889968,0,0,0,0,0,0,10.001368925393566,0,0.0,20.940159487607975,24.972031473583357,15.622754,0.35961121747354563,169
ISMN_SNOTEL_BrooklynLake,sm_only,41.36038,-106.23038,3124.0,Dfc,train,ok,,2557,2557,0,True,0,0,-0.800048828125,0,0,0,272.9988684864962,70160.97309774638,69010.04059607355,1.0166777543054846,True,0,0.6746603449803432,0.8233394861047414,0.8492184287621507,0,0,0,0,0,0,7.000684462696783,0,0.0,18.74554617187949,21.418317581540865,11.905517,0.4167340367817128,190
ISMN_SNOTEL_BrownDuck,sm_only,40.58102,-110.58587,3222.0,Bsk,train,ok,,1827,1827,0,True,0,0,-0.53277587890625,0,0,0,273.93527757031836,70795.39598299809,68151.78316629377,1.0387900755326354,True,0,0.6747536576438429,0.8152856262460102,0.8427833480801344,0,0,0,0,0,0,5.002053388090349,0,0.0,18.978930672650584,21.34724329939792,13.088103,0.41137469848656766,173
ISMN_SNOTEL_BrownTop,sm_only,48.92753,-121.19717,1783.0,Dsb,train,ok,,1826,1826,0,True,0,0,-0.037872314453125,0,0,0,276.850554049472,86712.5049929833,81660.54675872762,1.0618653491162884,True,0,0.5121116633339081,0.7831118340999417,0.8148571014227218,0,0,0,0,0,0,4.999315537303217,0,0.0,13.431241990853952,24.296026217415115,10.540678,0.6479602803687933,199
ISMN_SNOTEL_BuckFlat,sm_only,39.134,-111.43722,2868.0,Bsk,train,ok,,3653,3653,0,True,0,0,-0.305694580078125,0,0,0,276.66303375352743,72946.21540300781,71293.38434743437,1.0231835123371151,True,0,0.6840586258988312,0.8219148284121442,0.849912396944623,0,0,0,0,0,0,10.001368925393566,0,0.0,19.613814177999433,22.28420754147276,13.323362,0.39325754668393975,172
ISMN_SNOTEL_BuckPasture,sm_only,40.84456,-110.66068,2932.0,Dfb,train,ok,,3653,3653,0,True,0,0,-0.367279052734375,0,0,0,274.10835368868885,71530.82663008144,70716.89670797506,1.011509695136475,True,0,0.6634186558868429,0.8190859349706779,0.8441120493027596,0,0,0,0,0,0,10.001368925393566,0,0.0,18.608047212217887,21.350824995072546,12.444559,0.41993504668910947,172
ISMN_SNOTEL_BuckboardFlat,sm_only,37.86943,-109.44717,2719.0,Dsa,oos,ok,,3653,3653,0,True,0,0,-0.509246826171875,0,0,0,281.1336528069021,76326.91826281481,72650.27232463953,1.0506074625810913,True,0,0.7026639324089088,0.8179603061022144,0.8459584597529536,0,0,0,0,0,0,10.001368925393566,0,0.0,20.461488005538442,23.48386958746236,14.175012,0.3759552892142077,165
ISMN_SNOTEL_Buckinghorse,sm_only,47.7086,-123.45747,1481.0,Cfb,train,ok,,2192,2192,0,True,0,0,-0.01971435546875,0,0,0,279.4671769803458,90581.06599994298,84753.32256092264,1.068761238650334,True,0,0.4806212685072347,0.7584375547395892,0.7859757404388303,0,0,0,0,0,0,6.0013689253935665,0,0.0,13.046754839970832,26.404285428832118,16.902008,0.6647274403764846,199
ISMN_SNOTEL_BuckskinJoe,sm_only,39.30378,-106.11316,3402.0,Dfc,val,ok,,2192,2192,0,True,0,0,-0.729583740234375,0,0,0,271.0946815866624,66564.96497205748,66597.91325620959,0.9995052655174742,True,0,0.6939071065505821,0.8401772286703435,0.8589098930161128,0,0,0,0,0,0,6.0013689253935665,0,0.0,19.70373045132279,19.742360322992702,11.493124,0.38026078769253463,159
ISMN_SNOTEL_BuckskinLower,sm_only,41.75067,-117.53182,2109.0,Bsk,train,ok,,3653,3653,0,True,0,0,-0.25543212890625,0,0,0,281.38861659165116,81982.17555134479,78425.21355092556,1.045354827094089,True,0,0.672930282860688,0.8190647673350696,0.8494147440559399,0,0,0,0,0,0,10.001368925393566,0,0.0,18.83231888481575,23.58756580919792,12.671947,0.4448499573033905,189
ISMN_SNOTEL_BugLake,sm_only,41.68541,-111.41987,2432.0,Dfb,train,ok,,3653,3653,0,True,0,0,-0.477691650390625,0,0,0,278.07382614841663,78710.58558462223,75322.80691731365,1.044976797944181,True,0,0.658868660289258,0.8248791999474748,0.8529020053905528,0,0,0,0,0,0,10.001368925393566,0,0.0,18.454555541262508,22.434853274842595,12.046539,0.45185648305459897,173
ISMN_SNOTEL_BurntMountain,sm_only,47.0444,-121.94032,1268.0,Dsb,train,ok,,2192,2192,0,True,0,0,-0.002716064453125,0,0,0,281.99712456751917,95431.40403313184,86991.15555124391,1.0970242138801805,True,0,0.47024197043438737,0.7540343561831839,0.7832345680619232,0,0,0,0,0,0,6.0013689253935665,0,0.0,12.862093398364992,26.431891661496348,15.869542,0.6807227642871219,199
ISMN_SNOTEL_BurroMountain,sm_only,39.87504,-107.59902,2832.0,Dfb,val,ok,,2192,2192,0,True,0,0,-0.55810546875,0,0,0,277.31572465826997,75289.95588004676,71619.32712916957,1.0512519301425018,True,0,0.6706099847849233,0.823584157850743,0.8483119624410367,0,0,0,0,0,0,6.0013689253935665,0,0.0,19.165486372817547,21.95111039507299,12.950582,0.417002728373571,166
ISMN_SNOTEL_BurtsMillerRanch,sm_only,40.98492,-110.85075,2408.0,Dfb,oos,ok,,2557,2557,0,True,0,0,-0.392333984375,0,0,0,276.67592302485747,75489.99208972917,75549.85161864861,0.9992076817142992,True,0,0.6721827594414691,0.8287447179110766,0.8513322309628917,0,0,0,0,0,0,7.000684462696783,0,0.0,18.833800649627744,21.701468734063354,12.880254,0.41903776969897427,191
ISMN_SNOTEL_Butte,sm_only,38.89435,-106.95327,3106.0,Dfc,train,ok,,3287,3287,0,True,0,0,-0.099029541015625,0,0,0,273.80655602622545,69629.9176300578,69168.62681595297,1.0066690757839136,True,0,0.6902392566795913,0.8416010216386925,0.8679140484079083,0,0,0,0,0,0,8.999315537303216,0,0.0,19.778142533823168,20.235059402190448,11.567172,0.3860637728212631,165
ISMN_SNOTEL_CampJackson,sm_only,37.81333,-109.48723,2694.0,Dsa,train,ok,,2922,2922,0,True,0,0,-0.616119384765625,0,0,0,281.16829481392506,76387.72701167864,72879.97276858044,1.0481305646784,True,0,0.7041444607143378,0.818679616539938,0.8449396009802134,0,0,0,0,0,0,8.0,0,0.0,20.518809905655022,23.452000813826146,14.175012,0.3748876836729348,165
ISMN_SNOTEL_CarsonPass,sm_only,38.6927,-120.0022,2548.0,Csb,train,ok,,2922,2922,0,True,0,0,-0.036224365234375,0,0,0,278.60879806946764,77764.92550586071,74233.19883815637,1.0475761077655326,True,0,0.6716411990983449,0.8182965036680346,0.8454987092132287,0,0,0,0,0,0,8.0,0,0.0,19.6090754200645,22.868970616358656,14.546074,0.43273550767491686,188
ISMN_SNOTEL_Cascade#2,sm_only,37.65751,-107.80287,2740.0,Dfc,train,ok,,2192,2192,0,True,0,0,-0.483489990234375,0,0,0,275.6996126453372,70647.43713289803,72457.77730045252,0.9750152401163542,True,0,0.6883531934695757,0.8382259206187804,0.8592590630499725,0,0,0,0,0,0,6.0013689253935665,0,0.0,19.97291139475345,20.76884242427007,12.262167,0.37594177447248417,166
ISMN_SNOTEL_CascadeMountain,sm_only,40.283,-111.60992,2362.0,Dfa,train,ok,,2192,2192,0,True,0,0,-0.573455810546875,0,0,0,282.1504708519817,82478.36210153399,75986.56959621608,1.085433419876888,True,0,0.6686099318062091,0.8178667434999721,0.8462987774618915,0,0,0,0,0,0,6.0013689253935665,0,0.0,19.05437597869506,23.060994201642337,13.828079,0.43120727784689894,172
ISMN_SNOTEL_CastleValley,sm_only,37.66098,-112.74093,2929.0,Dfb,train,ok,,2922,2922,0,True,0,0,-0.727020263671875,0,0,0,277.2554905948208,72854.59319387405,70743.83496668427,1.029836638460211,True,0,0.698656312633411,0.8365180035012599,0.8633817660488524,0,0,0,0,0,0,8.0,0,0.0,20.250074592855572,22.00628942368241,12.991345,0.36558830786631197,168
ISMN_SNOTEL_CaveMountain,sm_only,39.16337,-114.6133,3225.0,Bsk,train,ok,,3653,3653,0,True,0,0,-0.359039306640625,0,0,0,279.70239998404696,76065.436655232,68125.64698744976,1.1165462644229263,True,0,0.7055162949966017,0.8368556146337569,0.8663536283788041,0,0,0,0,0,0,10.001368925393566,0,0.0,20.127774380025166,22.43256703887216,12.846364,0.37850197334578733,172
ISMN_SNOTEL_Chalender,sm_only,35.26238,-112.06221,2140.0,Dsb,train,ok,,2922,2922,0,True,0,0,-0.226043701171875,0,0,0,283.65777113729763,78961.20457680954,78123.04588782326,1.0107286995720801,True,0,0.6919620942849222,0.8243456584489177,0.8527077884486455,0,0,0,0,0,0,8.0,0,0.0,20.620327975163747,23.436513154346336,14.436641,0.34695890015530306,165
ISMN_SNOTEL_ChalkCreek#1,sm_only,40.85464,-111.04765,2792.0,Dfb,oos,ok,,3653,3653,0,True,0,0,-0.327880859375,0,0,0,275.86054803037393,75006.42033730837,71982.89988829565,1.0420033154222,True,0,0.6678377748688755,0.8201169281577277,0.8454484308294723,0,0,0,0,0,0,10.001368925393566,0,0.0,18.851380105730065,21.988702630988232,12.912669,0.4295038785386933,172
ISMN_SNOTEL_ChalkCreek#2,sm_only,40.88529,-111.06954,2499.0,Dfb,train,ok,,2922,2922,0,True,0,0,-0.327880859375,0,0,0,275.694809252395,74990.38241679501,74691.89634097,1.0039962310564778,True,0,0.6675702667703176,0.8187907641798788,0.8457572559612392,0,0,0,0,0,0,8.0,0,0.0,18.81224565620413,21.95026231177276,12.912669,0.4276900539785023,172
ISMN_SNOTEL_Chepeta,sm_only,40.77458,-110.0105,3197.0,Bsk,train,ok,,3653,3653,0,True,0,0,-0.809722900390625,0,0,0,272.39156217703,69103.08926524431,68369.90056680555,1.0107238520512745,True,0,0.6679853690402203,0.8218474553534382,0.8520226368993681,0,0,0,0,0,0,10.001368925393566,0,0.0,18.621723609699405,21.58670138926909,12.442189,0.40413724913101107,166
ISMN_SNOTEL_Chisana,sm_only,62.06947,-142.04919,1012.0,Dsc,train,ok,,2922,2922,0,True,0,0,-0.144622802734375,0,0,0,269.2762118580405,88951.13946729552,89743.81960258182,0.9911673011155914,True,0,0.5535497353756836,0.8144462428515507,0.8373112461318317,0,0,0,0,0,0,8.0,0,0.0,11.1353440931978,20.264776156741956,9.309192,0.7875914006534481,159
ISMN_SNOTEL_ChocolateGulch,sm_only,43.7685,-114.41812,1923.0,Dsb,train,ok,,1827,1827,0,True,0,0,-0.290191650390625,0,0,0,274.8488264245679,76112.4311114532,80258.15800008527,0.9483451029535507,True,0,0.6563062800385085,0.817438050325759,0.8498591478894975,0,0,0,0,0,0,5.002053388090349,0,0.0,17.860249882283863,21.27379672796935,12.283512,0.47481432569280685,196
ISMN_SNOTEL_CinnabarPark,sm_only,41.23843,-106.23101,2947.0,Dfc,train,ok,,1827,1827,0,True,0,0,-0.75006103515625,0,0,0,273.48453521310927,70940.61879532704,70582.32997496882,1.005076182955214,True,0,0.6709060746777364,0.8220874138853139,0.8426420837731811,0,0,0,0,0,0,5.002053388090349,0,0.0,18.676966297171653,21.33785562999453,11.214651,0.41909556626907146,157
ISMN_SNOTEL_ClackamasLake,sm_only,45.09658,-121.75443,1036.0,Csb,train,ok,,2192,2192,0,True,0,0,-0.0216064453125,0,0,0,280.63942583460005,89944.76489792427,89482.79995150845,1.0051626116601868,True,0,0.5312587565774851,0.7809019340043519,0.7986478085967009,0,0,0,0,0,0,6.0013689253935665,0,0.0,14.87861445858397,25.07401089507299,14.217214,0.6251049256270863,199
ISMN_SNOTEL_ClaytonSprings,sm_only,37.9725,-111.83355,3051.0,Bsk,oos,ok,,2557,2557,0,True,0,0,-0.787628173828125,0,0,0,279.00205127774245,74927.54818574013,69655.02521169843,1.0756947967216612,True,0,0.706180906618094,0.8485707173159601,0.8781985940663368,0,0,0,0,0,0,7.000684462696783,0,0.0,20.24628160675915,21.4149254122018,12.170214,0.3499962502692513,165
ISMN_SNOTEL_ClearCreek#1,sm_only,39.86671,-111.28363,2731.0,Dfa,train,ok,,3653,3653,0,True,0,0,-0.35577392578125,0,0,0,278.704546135026,77536.40720597796,72540.22453191198,1.068874651357993,True,0,0.6773528553374759,0.8243070370402806,0.8514011479632746,0,0,0,0,0,0,10.001368925393566,0,0.0,19.310665927794123,22.18613331864221,12.946466,0.41040295266146753,172
ISMN_SNOTEL_ClearCreek#2,sm_only,39.89275,-111.25154,2393.0,Dfa,train,ok,,3653,3653,0,True,0,0,-0.35577392578125,0,0,0,278.704546135026,77536.40720597796,75692.03574280672,1.0243667837054642,True,0,0.6776644142849921,0.8246443679894127,0.8516557578166764,0,0,0,0,0,0,10.001368925393566,0,0.0,19.310665927794123,22.18613331864221,12.946466,0.41040295266146753,172
ISMN_SNOTEL_Coldfoot,sm_only,67.25333,-150.183,326.0,Dfc,train,ok,,3653,3653,0,True,0,0,-0.120452880859375,0,0,0,265.89917804207374,91898.08745380508,97469.51016605899,0.9428393278804638,True,0,0.5057625758427249,0.7881522724844934,0.8164468074379919,0,228,293,0,0,293,10.001368925393566,-65,-6.499110320284697,8.962987683611262,20.962407113879003,9.001996,0.9665557775508081,163
ISMN_SNOTEL_CorralCanyon,sm_only,40.27551,-115.54017,2573.0,Dfb,train,ok,,3287,3287,0,True,0,0,-0.3612060546875,0,0,0,280.85974777959785,79672.04288912762,74000.04984191337,1.0766485030663002,True,0,0.693436604629943,0.8381973430480766,0.8593323396998818,0,0,0,0,0,0,8.999315537303216,0,0.0,19.687278468718212,22.688863492242167,13.138749,0.4105128911969115,185
ISMN_SNOTEL_CouchSummit,sm_only,43.51762,-114.80214,2063.0,Dsb,train,ok,,1826,1826,0,True,0,0,-0.295684814453125,0,0,0,276.2983913275394,78784.94159022454,78875.33480181228,0.9988539736558346,True,0,0.655979122362924,0.8256149128658441,0.8449483056270104,0,0,0,0,0,0,4.999315537303217,0,0.0,18.008875800273447,22.143938561336256,12.545706,0.4787475184973815,187
ISMN_SNOTEL_CrabCreek,sm_only,44.437,-111.99384,2094.0,Dfb,train,ok,,3653,3653,0,True,0,0,-0.1002197265625,0,0,0,275.27814124624535,77671.01984456269,78571.76306873026,0.9885360441335693,True,0,0.6322262398863124,0.8201351422613823,0.8502707445359123,0,0,0,0,0,0,10.001368925393566,0,0.0,17.136833298722127,22.162486299206133,10.777971,0.4961531569578754,188
ISMN_SNOTEL_CraterMeadows,sm_only,46.56394,-115.28903,1817.0,Dsb,train,ok,,1096,1096,0,True,0,0,-0.058929443359375,0,0,0,278.07690541065523,84821.15034785584,81318.15645731892,1.0430776353418134,True,0,0.5505816417715259,0.7862410227554425,0.8051625354050663,0,0,0,0,0,0,3.0006844626967832,0,0.0,14.916978495560025,24.097844979927007,13.267841,0.6110802217218477,201
ISMN_SNOTEL_CrowCreek,sm_only,41.22824,-105.38571,2536.0,Bsk,oos,ok,,3653,3653,0,True,0,0,-0.51861572265625,0,0,0,277.5920298837682,76082.05144957911,74345.32143538822,1.023360313475815,True,0,0.6752809059991487,0.8397266240834855,0.859896480887086,0,0,0,0,0,0,10.001368925393566,0,0.0,18.54661893847028,22.284153462085953,11.338359,0.39477153138209004,185
ISMN_SNOTEL_CssLab,sm_only,39.32565,-120.36807,2097.0,Dsb,oos,ok,,3653,3653,0,True,0,0,-0.007659912109375,0,0,0,279.8708302278307,79716.8115183582,78542.43543994505,1.0149521220195814,True,0,0.6563120737983362,0.806796421369362,0.8344087719785884,0,0,0,0,0,0,10.001368925393566,0,0.0,19.130503344711723,23.453659500410623,15.32214,0.4530562325234281,185
ISMN_SNOTEL_Culebra#2,sm_only,37.20939,-105.19988,3222.0,Dfb,train,ok,,2922,2922,0,True,0,0,-0.030426025390625,0,0,0,276.00050295517104,69997.85536982375,68151.78316629377,1.0270876581325168,True,0,0.6962587723924387,0.8319843517424182,0.8528090293171994,0,0,0,0,0,0,8.0,0,0.0,20.07756933139082,21.847145011635867,12.942702,0.33357344754415214,166
ISMN_SNOTEL_CurrantCreek,sm_only,40.35747,-111.08993,2414.0,Bsk,train,ok,,3653,3653,0,True,0,0,-0.688323974609375,0,0,0,274.9180222413914,72801.08999880236,75493.03856030805,0.9643417643157228,True,0,0.6803289290376916,0.8261528820893965,0.8490911682412707,0,0,0,0,0,0,10.001368925393566,0,0.0,19.27070871782971,21.745277138516286,12.842282,0.41471803183832046,172
ISMN_SNOTEL_Daniels-Strawberry,sm_only,40.2953,-111.25677,2441.0,Dfa,train,ok,,3653,3653,0,True,0,0,-0.57037353515625,0,0,0,277.00138137362086,75546.72359191076,75237.80773286035,1.0041058593858456,True,0,0.676710350567856,0.8245394990128434,0.8477582753877241,0,0,0,0,0,0,10.001368925393566,0,0.0,19.24451693409032,22.115335455516014,12.92257,0.42158273350701797,172
ISMN_SNOTEL_DillsCamp,sm_only,39.04554,-111.46875,2816.0,Bsk,oos,ok,,3653,3653,0,True,0,0,-0.18377685546875,0,0,0,275.42389048846036,71301.78867754243,71764.57736509411,0.9935512936250248,True,0,0.6860057347485788,0.8239978619062588,0.851534056017259,0,0,0,0,0,0,10.001368925393566,0,0.0,19.664643748215695,22.20283054886395,13.280774,0.38893152529877967,172
ISMN_SNOTEL_DisasterPeak,sm_only,41.96737,-118.18934,1908.0,Bsk,train,ok,,3653,3653,0,True,0,0,-0.238189697265625,0,0,0,280.87475694958687,81358.06619773131,80407.47437281118,1.0118221823572358,True,0,0.6719209038462249,0.821657356283656,0.8537129272995716,0,0,0,0,0,0,10.001368925393566,0,0.0,18.735638084377754,23.719621518477965,13.443655,0.4465824737027586,187
ISMN_SNOTEL_DonkeyReservoir,sm_only,38.2084,-111.47412,2987.0,Bsk,val,ok,,3653,3653,0,True,0,0,-0.64178466796875,0,0,0,280.4350565762315,76978.77629474063,70224.4987490561,1.096181214049254,True,0,0.7057468001506889,0.8416763685958192,0.8757326733525503,0,0,0,0,0,0,10.001368925393566,0,0.0,20.19385289959812,21.623863101834107,12.576326,0.3526926786556953,165
ISMN_SNOTEL_DorseyBasin,sm_only,40.89343,-115.21104,2408.0,Dfb,train,ok,,3653,3653,0,True,0,0,-0.650238037109375,0,0,0,280.5924788338499,80947.91985397277,75549.85161864861,1.0714504147879982,True,0,0.6815278320688972,0.8234347775813634,0.8457621782796801,0,0,0,0,0,0,10.001368925393566,0,0.0,19.273109680873787,22.939900406515193,12.509443,0.42729129546451583,186
ISMN_SNOTEL_DrawCreek,sm_only,41.661,-115.3234,2225.0,Bsk,train,ok,,3653,3653,0,True,0,0,-0.3697509765625,0,0,0,277.7122739034256,77481.68335529017,77299.35472307872,1.0023587342076092,True,0,0.6769280375240694,0.8368517983200111,0.8673573773802918,0,0,0,0,0,0,10.001368925393566,0,0.0,18.82678166882889,22.453439368464277,12.208777,0.4286209870445331,188
ISMN_SNOTEL_DryBreadPond,sm_only,41.41289,-111.5377,2527.0,Dfb,train,ok,,3653,3653,0,True,0,0,-0.461456298828125,0,0,0,277.68285336665446,78180.53207552012,74429.50334192823,1.0503970678987298,True,0,0.6553848117468577,0.8163716542541414,0.8423549994220915,0,0,0,0,0,0,10.001368925393566,0,0.0,18.49217872385216,22.70417869395018,12.583417,0.4554873639527745,173
ISMN_SNOTEL_DryCreek,sm_only,40.8638,-115.22014,1999.0,Dfb,train,ok,,2557,2557,0,True,0,0,-0.680633544921875,0,0,0,280.54766734111666,80937.38042933613,79505.06822938062,1.0180153571571455,True,0,0.6795035363670435,0.8194203896840726,0.839165198182059,0,0,0,0,0,0,7.000684462696783,0,0.0,19.218910280204597,22.918623666405946,12.509443,0.4271814186155453,180
ISMN_SNOTEL_DryFork,sm_only,40.56533,-112.17343,2192.0,Dfa,train,ok,,3653,3653,0,True,0,0,-0.327117919921875,0,0,0,281.67685067683027,81128.63954498015,77618.30136936254,1.0452256505706425,True,0,0.6557296895575389,0.8016737670456283,0.8493906921187273,0,0,0,0,0,0,10.001368925393566,0,0.0,18.720845331571844,23.979801606077196,13.416758,0.44578105634549114,172
ISMN_SNOTEL_DryLake,sm_only,40.5337,-106.7814,2512.0,Dfb,train,ok,,3287,3287,0,True,0,0,-0.518951416015625,0,0,0,275.5481314895579,73716.53568983875,74569.9780294789,0.9885551483024072,True,0,0.6690927871180274,0.834287901583548,0.8603814888212324,0,0,0,0,0,0,8.999315537303216,0,0.0,18.932313318733424,21.55602918132035,11.767143,0.4226240031505039,185
ISMN_SNOTEL_EFBlacksForkGS,sm_only,40.88472,-110.54056,2853.0,Bsk,train,ok,,3653,3653,0,True,0,0,-0.510833740234375,0,0,0,273.38991938647655,70387.79899226663,71429.04754537083,0.9854226174240555,True,0,0.6632487281717814,0.820345425043427,0.8457442963861791,0,0,0,0,0,0,10.001368925393566,0,0.0,18.55365424260387,21.245475456611008,12.348987,0.41748682700010675,172
ISMN_SNOTEL_EagleSummit,sm_only,65.48588,-145.41212,1106.0,Dfc,train,ok,,2192,2192,0,True,0,0,-0.399139404296875,0,0,0,266.90508861263305,89250.50094092153,88725.00176261022,1.0059227857748294,True,0,0.4921797204936019,0.7810695945953582,0.8091497084442886,0,0,0,0,0,0,6.0013689253935665,0,0.0,9.421258102744556,21.37990214233577,9.214586,0.9018247722204604,163
ISMN_SNOTEL_EastRimDivide,sm_only,43.13097,-110.2023,2441.0,Dfc,train,ok,,3653,3653,0,True,0,0,-0.4022216796875,0,0,0,275.77196476161237,77427.91695823638,75237.80773286035,1.0291091579004035,True,0,0.641859186147285,0.8275424957722071,0.8565990191258058,0,0,0,0,0,0,10.001368925393566,0,0.0,17.738724805428944,21.152122248836573,10.61138,0.4820045826586471,192
ISMN_SNOTEL_EastWillowCreek,sm_only,39.31213,-109.53179,2533.0,Bsk,train,ok,,3653,3653,0,True,0,0,-0.729400634765625,0,0,0,281.62455216101546,78376.78450930741,74373.37350007694,1.0538285520855974,True,0,0.7007544965888632,0.8292526709013607,0.8562876271623585,0,0,0,0,0,0,10.001368925393566,0,0.0,19.930451247805074,23.22324473172735,13.724105,0.3786236620674071,173
ISMN_SNOTEL_EbbettsPass,sm_only,38.5497,-119.80468,2640.0,Csb,train,ok,,2557,2557,0,True,0,0,-0.084381103515625,0,0,0,277.9033181880851,76476.89191129743,73378.13301000843,1.0422300046918112,True,0,0.6826484322461279,0.8261064442162803,0.8506589849606743,0,0,0,0,0,0,7.000684462696783,0,0.0,19.915281580947656,22.206463111849825,13.887046,0.4214103320798206,185
ISMN_SNOTEL_EchoPeak,sm_only,38.849,-120.0795,2332.0,Csb,oos,ok,,2922,2922,0,True,0,0,-0.173248291015625,0,0,0,279.31228398526065,78172.22392090179,76272.48529387142,1.0249072600651576,True,0,0.6757336278290543,0.8195425053474303,0.8466534696671316,0,0,0,0,0,0,8.0,0,0.0,19.693956896757008,22.911516008898012,14.671268,0.4281147661057823,185
ISMN_SNOTEL_ElkCabin,sm_only,35.7073,-105.80584,2502.0,Bsk,oos,ok,,1827,1827,0,True,0,0,-0.63360595703125,0,0,0,282.4303686750607,77014.49334633279,74663.74703049513,1.0314844407002175,True,0,0.6955285123829125,0.817711567506075,0.8485116369864825,0,0,0,0,0,0,5.002053388090349,0,0.0,20.580801290056165,23.098130880131365,13.791705,0.33786621286211044,167
ISMN_SNOTEL_ExitGlacier,sm_only,60.18957,-149.6228,110.0,Dfc,train,ok,,3653,3653,0,True,0,0,-0.104705810546875,0,0,0,272.91704224535056,91613.09614529154,100010.51227202905,0.9160346653970084,True,0,0.423865742895334,0.7590070151433095,0.797305406982153,0,0,0,0,0,0,10.001368925393566,0,0.0,8.919266438607155,23.977800122912676,11.870124,0.8540416320132085,150
ISMN_SNOTEL_FallenLeaf,sm_only,38.93403,-120.0545,1905.0,Dsb,oos,ok,,1826,1826,0,True,0,0,-0.367095947265625,0,0,0,281.05266993043193,79772.37523103779,80437.36462250387,0.991732829704368,True,0,0.6734391415050818,0.8194212465130573,0.8442391041049289,0,0,0,0,0,0,4.999315537303217,0,0.0,19.645441606407076,23.026466038882806,15.521496,0.4319484636090992,185
ISMN_SNOTEL_Farmington,sm_only,40.97462,-111.80975,2414.0,Dsa,oos,ok,,3653,3653,0,True,0,0,-0.542633056640625,0,0,0,281.92514094893914,83151.26156583629,75493.03856030805,1.1014427707716443,True,0,0.6527440667384535,0.7996788814645645,0.838095415790306,0,0,0,0,0,0,10.001368925393566,0,0.0,18.590563021689555,23.989779707911303,13.76527,0.4584825898845627,173
ISMN_SNOTEL_FarmingtonLower,sm_only,40.992,-111.81702,2088.0,Dsa,oos,ok,,3653,3653,0,True,0,0,-0.542633056640625,0,0,0,281.92514094893914,83151.26156583629,78630.44492848833,1.0574944811956677,True,0,0.6529476136376214,0.7999313746503907,0.838402553632664,0,0,0,0,0,0,10.001368925393566,0,0.0,18.590563021689555,23.989779707911303,13.76527,0.4584825898845627,173
ISMN_SNOTEL_FarnsworthLake,sm_only,38.77246,-111.67662,2932.0,Bsk,train,ok,,3653,3653,0,True,0,0,-0.61712646484375,0,0,0,278.55271658909146,75756.92798513209,70716.89670797506,1.0712705380436844,True,0,0.6929869169303068,0.8315017032052975,0.8579666517290155,0,0,0,0,0,0,10.001368925393566,0,0.0,19.83485260942566,22.050782071995616,12.918902,0.3755252970905731,172
ISMN_SNOTEL_FawnCreek,sm_only,41.82098,-116.10153,2146.0,Bwk,train,ok,,3653,3653,0,True,0,0,-0.415435791015625,0,0,0,280.65777188981684,82621.55966414591,78064.67086292438,1.0583732532379864,True,0,0.6662517204165219,0.8263766229015349,0.8572204558846127,0,0,0,0,0,0,10.001368925393566,0,0.0,18.58393766280644,23.084984450314806,12.369485,0.4464727321818233,189
ISMN_SNOTEL_FieldingLake,sm_only,63.2026,-145.63442,917.0,Dwc,train,ok,,2557,2557,0,True,0,0,-0.18841552734375,0,0,0,268.5971697410849,87681.0627872018,90783.0799905041,0.9658304476602162,True,0,0.5008327040753386,0.7920194404667569,0.819004939402365,0,0,0,0,0,0,7.000684462696783,0,0.0,9.933844102893291,21.22851616777474,9.672816,0.8408833767299194,162
ISMN_SNOTEL_Fifteenmile,sm_only,45.35265,-121.53,1820.0,Csb,train,ok,,1461,1461,0,True,0,0,-0.03094482421875,0,0,0,279.14970562965556,86835.51173746577,81288.00144684914,1.0682451307926903,True,0,0.5338896162414699,0.7733323057663478,0.7937338159586765,0,0,0,0,0,0,4.0,0,0.0,14.888466025278833,25.1570683100616,14.34294,0.6221933612929363,193
ISMN_SNOTEL_FishLakeUtah,sm_only,38.50455,-111.76693,2679.0,Bsk,train,ok,,3653,3653,0,True,0,0,-0.894805908203125,0,0,0,277.8347239187571,73849.20550532096,73018.07506621239,1.0113825301249713,True,0,0.6896478688738902,0.8315925437718998,0.8578581430672307,0,0,0,0,0,0,10.001368925393566,0,0.0,19.777491294889657,21.564396885573498,12.435994,0.3721101552935287,168
ISMN_SNOTEL_FivePointsLake,sm_only,40.71785,-110.46721,3328.0,Bsk,train,ok,,2557,2557,0,True,0,0,-0.51806640625,0,0,0,272.290104567282,68866.09328864393,67233.21513140094,1.0242867778084341,True,0,0.6661353410624526,0.8179139693213349,0.8430271761945203,0,0,0,0,0,0,7.000684462696783,0,0.0,18.66165084805755,21.209771649980446,12.533645,0.41289304215541117,167
ISMN_SNOTEL_ForestdaleCreek,sm_only,38.68245,-119.9597,2454.0,Csb,oos,ok,,3653,3653,0,True,0,0,-0.064361572265625,0,0,0,277.9852805107612,76585.56425369559,75115.16826743979,1.0195752205602548,True,0,0.6758842022315679,0.8217473401660106,0.8490512826996838,0,0,0,0,0,0,10.001368925393566,0,0.0,19.727775181558155,22.58066111278401,14.204384,0.4296788071149771,185
ISMN_SNOTEL_FranklinBasin,sm_only,42.0505,-111.6012,2481.0,Dfb,oos,ok,,3653,3653,0,True,0,0,-0.401397705078125,0,0,0,278.82960110509555,80362.01108036203,74860.9727244481,1.0734833940264499,True,0,0.645456306235662,0.8178645110310098,0.8468658155872376,0,0,0,0,0,0,10.001368925393566,0,0.0,18.08012578325539,22.814548355050647,12.487975,0.4676955610818869,183
ISMN_SNOTEL_FredonyerPeak,sm_only,40.68799,-120.60805,2201.0,Dsb,val,ok,,3653,3653,0,True,0,0,-0.357940673828125,0,0,0,281.7924396421953,82877.59035168012,77531.21043570126,1.0689577769511642,True,0,0.6638453142093534,0.8147763624892432,0.8414870556559774,0,0,0,0,0,0,10.001368925393566,0,0.0,18.96327016704953,23.618289361894334,13.867659,0.4492987470036444,178
ISMN_SNOTEL_FremontPass,sm_only,39.38014,-106.19784,3447.0,Dfc,train,ok,,3653,3653,0,True,0,0,-0.490966796875,0,0,0,271.08262512307283,66542.7411577385,66213.96391510154,1.0049653762317947,True,0,0.6952333881465264,0.8412616401502419,0.8690170588616863,0,0,0,0,0,0,10.001368925393566,0,0.0,19.710390578765928,19.759567946071723,11.378158,0.3784643162259228,165
ISMN_SNOTEL_FryCanyon,sm_only,41.58008,-115.9364,2070.0,Bwk,train,ok,,3653,3653,0,True,0,0,-0.469024658203125,0,0,0,278.10295406146275,78240.90348686012,78806.7034729538,0.9928204078947692,True,0,0.6760286065773919,0.8362541380829092,0.8643106931330053,0,0,0,0,0,0,10.001368925393566,0,0.0,18.912803245067597,22.783127833835206,12.421989,0.4388068877256355,189
ISMN_SNOTEL_GBRCHQ,sm_only,39.32019,-111.48827,2682.0,Dfb,train,ok,,3653,3653,0,True,0,0,-0.48883056640625,0,0,0,280.98067534306,78924.59163701067,72990.43766848525,1.0813004300025946,True,0,0.6860298535495168,0.8262063377520938,0.8553541668824283,0,0,0,0,0,0,10.001368925393566,0,0.0,19.629118622565546,22.323608892690938,13.432408,0.3954833805595526,172
ISMN_SNOTEL_GBRCMeadows,sm_only,39.30229,-111.45383,3002.0,Dfb,train,ok,,3653,3653,0,True,0,0,-0.48883056640625,0,0,0,280.98067534306,78924.59163701067,70090.69136530072,1.1260352851374966,True,0,0.6858166225568418,0.8259229852049665,0.8551821187615543,0,0,0,0,0,0,10.001368925393566,0,0.0,19.629118622565546,22.323608892690938,13.432408,0.3954833805595526,172
ISMN_SNOTEL_GalenaAK,sm_only,64.69662,-156.71497,104.0,Dfc,train,ok,,2922,2922,0,True,0,0,-0.028564453125,0,0,0,271.3323834241049,100363.19114422912,100081.85365539252,1.0028110739216054,True,0,0.44757992755857096,0.7617950787837322,0.7852174362734049,0,0,0,0,0,0,8.0,0,0.0,8.657114526462687,22.689049289527723,9.905633,0.92345882414685,161
ISMN_SNOTEL_GalenaSummit,sm_only,43.87497,-114.71363,2676.0,Dsb,train,ok,,3653,3653,0,True,0,0,-0.12786865234375,0,0,0,275.0600445045369,76333.73513208322,73045.7209370131,1.0450130980007077,True,0,0.6445321560740803,0.8213870261434582,0.8462756865718565,0,0,0,0,0,0,10.001368925393566,0,0.0,17.627034555223634,21.348766215439365,11.595177,0.49095514551021885,193
ISMN_SNOTEL_GallegosPeak,sm_only,36.19418,-105.55742,2883.0,Dfb,train,ok,,2556,2556,0,True,0,0,-0.191009521484375,0,0,0,279.22018047565587,73753.05964825412,71157.92986281941,1.0364700011711652,True,0,0.6972626671795862,0.8289865768097419,0.8494775777993395,0,0,0,0,0,0,6.997946611909651,0,0.0,20.434817384144484,22.44651400821596,13.615947,0.33145648345324535,166
ISMN_SNOTEL_GardenCitySummit,sm_only,41.9215,-111.4693,2341.0,Dfb,train,ok,,3653,3653,0,True,0,0,-0.495513916015625,0,0,0,277.72288189879384,77667.62323561114,76186.61927341564,1.0194391610537348,True,0,0.6454176485200542,0.816652556351929,0.8499427260619707,0,0,0,0,0,0,10.001368925393566,0,0.0,18.106395668281397,22.55116496441281,12.381071,0.46556148026367977,183
ISMN_SNOTEL_GardnerPeak,sm_only,37.40083,-113.45988,2536.0,Bsk,train,ok,,3653,3653,0,True,0,0,-0.21820068359375,0,0,0,282.1107257516163,77917.23659278333,74345.32143538822,1.0480449218381465,True,0,0.7000274322475273,0.8225776227311591,0.8632496336109456,0,0,0,0,0,0,10.001368925393566,0,0.0,20.432334943397734,23.53699784204763,14.146693,0.3703024175792773,165
ISMN_SNOTEL_GaritaPeak,sm_only,36.00469,-106.54805,3078.0,Dfb,train,ok,,3287,3287,0,True,0,0,-0.479644775390625,0,0,0,279.8047809095995,74933.50331324156,69415.90293723262,1.0794861140248808,True,0,0.6877402379100006,0.831681240930903,0.8540641033849892,0,0,0,0,0,0,8.999315537303216,0,0.0,20.210826666466918,22.101908805902035,12.953767,0.34279931917057055,165
ISMN_SNOTEL_GeorgeCreek,sm_only,41.91562,-113.41154,2731.0,Bsk,train,ok,,2557,2557,0,True,0,0,-0.394622802734375,0,0,0,280.50030941267613,81733.45651337015,72540.22453191198,1.1267328856614425,True,0,0.6675642173392268,0.8180653481924279,0.8443164019086954,0,0,0,0,0,0,7.000684462696783,0,0.0,18.499371971248788,23.456956360969887,12.812651,0.4343422339531819,180
ISMN_SNOTEL_Giveout,sm_only,42.4132,-111.1663,2115.0,Dfb,train,ok,,1096,1096,0,True,0,0,-0.172149658203125,0,0,0,276.2618366297144,77088.39232863823,78366.65575339644,0.9836886822275455,True,0,0.6398388900120309,0.8138101504887801,0.8327052917841262,0,0,0,0,0,0,3.0006844626967832,0,0.0,17.86519712694689,22.269924016423357,12.427583,0.4768670949084221,179
ISMN_SNOTEL_GobblersKnob,sm_only,66.745,-150.6675,622.0,Dfc,train,ok,,2557,2557,0,True,0,0,-0.03936767578125,0,0,0,269.3147433642349,95959.50427441826,94072.54680264309,1.020058534991445,True,0,0.48890293930854584,0.7726685780316539,0.7978752527784382,0,98,105,0,0,105,7.000684462696783,-7,-0.9999022291748143,8.972070746375891,21.534636933515838,9.779455,0.9560844058847059,158
ISMN_SNOTEL_Golconda,sm_only,40.88358,-117.58812,2021.0,Bsk,train,ok,,3653,3653,0,True,0,0,-0.297760009765625,0,0,0,282.74805964008607,82493.57919860388,79288.13987406118,1.04042772764797,True,0,0.6747876369759717,0.8034996674201719,0.8260727425077676,0,0,0,0,0,0,10.001368925393566,0,0.0,19.180274992672306,24.13758196140159,12.962849,0.4426490842436188,188
ISMN_SNOTEL_GoldAxeCamp,sm_only,48.9516,-118.9864,1640.0,Dfb,train,ok,,1826,1826,0,True,0,0,-0.041961669921875,0,0,0,280.6066241311348,90800.81400174562,83113.40513448528,1.0924930082556645,True,0,0.5621036355963632,0.7795618080898459,0.7956190486637194,0,0,0,0,0,0,4.999315537303217,0,0.0,14.656005047809046,23.631878402519167,11.082839,0.6055437516463398,199
ISMN_SNOTEL_GoldBasin,sm_only,38.46516,-109.26332,3069.0,Bsk,train,ok,,1826,1826,0,True,0,0,-1.148681640625,0,0,0,279.6390403087403,74976.01408902656,69495.53638720897,1.0788608590813944,True,0,0.6972622811151659,0.8152659451077715,0.8498872918118172,0,0,0,0,0,0,4.999315537303217,0,0.0,20.149539274534124,23.62712399069003,14.180166,0.38251116276530117,165
ISMN_SNOTEL_GooseberryRS,sm_only,38.80034,-111.68333,2417.0,Bsk,train,ok,,3653,3653,0,True,0,0,-0.502960205078125,0,0,0,280.4529079267041,78810.45131783807,75464.64500692756,1.0443360769881496,True,0,0.6930654061201952,0.8312947188095945,0.8593407726168392,0,0,0,0,0,0,10.001368925393566,0,0.0,19.855966135294803,22.25088518012592,13.113864,0.37850969655244177,172
ISMN_SNOTEL_GooseberryRSUp,sm_only,38.7882,-111.68892,2560.0,Bsk,train,ok,,3653,3653,0,True,0,0,-0.61712646484375,0,0,0,278.55271658909146,75756.92798513209,74121.21320328805,1.0220681058924097,True,0,0.6931752211878992,0.8317735813898294,0.8582304515069251,0,0,0,0,0,0,10.001368925393566,0,0.0,19.83485260942566,22.050782071995616,12.918902,0.3755252970905731,172
ISMN_SNOTEL_GrandTarghee,sm_only,43.77933,-110.92783,2822.0,Dfb,train,ok,,3653,3653,0,True,0,0,-0.28216552734375,0,0,0,275.1814074282642,76980.5226248118,71710.08060045511,1.073496529082457,True,0,0.6212830885489844,0.8171113566894354,0.8532226342506372,0,0,0,0,0,0,10.001368925393566,0,0.0,17.224121738360783,22.617313312619764,11.588786,0.5112754002954798,193
ISMN_SNOTEL_GraniteCreek,sm_only,43.34298,-110.43495,2063.0,Dfc,train,ok,,3653,3653,0,True,0,0,-0.25335693359375,0,0,0,272.52696043401426,72433.31249786135,78875.33480181228,0.9183265298316944,True,0,0.6282976433326222,0.820194620742432,0.8566993287661161,0,0,0,0,0,0,10.001368925393566,0,0.0,17.43471485032355,21.66266644538735,10.961644,0.49855004852136453,192
ISMN_SNOTEL_GraniteCrk,sm_only,63.94382,-145.39993,381.0,Dwc,train,ok,,1827,1827,0,True,0,0,-0.403564453125,0,0,0,272.81395249139695,96437.76399579228,96830.92001513671,0.995939767800585,True,0,0.4794540051859668,0.766004979093354,0.7868306482550066,0,0,0,0,0,0,5.002053388090349,0,0.0,9.426765404998696,22.16062255500821,10.718549,0.8554163326467142,173
ISMN_SNOTEL_GranitePeak,sm_only,41.67032,-117.56668,2591.0,Bsk,oos,ok,,3653,3653,0,True,0,0,-0.323883056640625,0,0,0,280.59361854384053,80684.40189997946,73832.55000126707,1.0928025904373453,True,0,0.6741176307520274,0.818322734823375,0.8480494146823365,0,0,0,0,0,0,10.001368925393566,0,0.0,18.889575551664915,23.564471214618123,12.624253,0.4438216306382544,189
ISMN_SNOTEL_GreenMountain,sm_only,40.3848,-115.52757,2493.0,Dfa,train,ok,,3653,3653,0,True,0,0,-0.3809814453125,0,0,0,281.09903092362146,80255.23943719204,74748.22074255305,1.0736742445496623,True,0,0.6924200823163393,0.8356932919266243,0.8582379038872303,0,0,0,0,0,0,10.001368925393566,0,0.0,19.64129929762714,22.732982768957022,12.944037,0.41366068711813964,185
ISMN_SNOTEL_GrizzlyPeak,sm_only,39.64646,-105.8694,3386.0,Dfc,oos,ok,,2192,2192,0,True,0,0,-1.38519287109375,0,0,0,271.4885035326881,67470.32987675353,66734.8622123886,1.0110207414832781,True,0,0.6924529554927499,0.8448130698645976,0.8620046586427694,0,0,0,0,0,0,6.0013689253935665,0,0.0,19.488295965921335,19.586794927007297,11.13959,0.37892420523244535,159
ISMN_SNOTEL_GulkanaRiver,sm_only,62.40962,-145.37513,558.0,Dwc,train,ok,,2557,2557,0,True,0,0,-0.8861083984375,0,0,0,271.87316544838234,93399.96512636878,94798.77489519505,0.9852444320048153,True,0,0.47666913494304813,0.7578573516321301,0.7915032153484214,0,0,0,0,0,0,7.000684462696783,0,0.0,9.754009977746636,22.26998686390301,10.55171,0.8331524636887292,163
ISMN_SNOTEL_GutzPeak,sm_only,37.49617,-113.94235,2073.0,Bsk,train,ok,,3287,3287,0,True,0,0,-0.12432861328125,0,0,0,284.9499230310842,81817.80700486766,78777.30485303268,1.0385961687507252,True,0,0.7004140588166791,0.8227824468495629,0.8688687917592679,0,0,0,0,0,0,8.999315537303216,0,0.0,20.4405995943647,23.865202760876183,14.384186,0.37298888938493074,167
ISMN_SNOTEL_HagansMeadow,sm_only,38.8519,-119.9374,2359.0,Dsb,train,ok,,3288,3288,0,True,0,0,-0.128021240234375,0,0,0,279.39086240225464,78074.35115144085,76015.12205083235,1.0270897295834303,True,0,0.6796845904830464,0.8215797188160782,0.8494383314361312,0,0,0,0,0,0,9.00205338809035,0,0.0,19.771493409186075,22.72072339568126,14.422596,0.42264291914753555,185
ISMN_SNOTEL_HappyJack,sm_only,34.74594,-111.41219,2292.0,Csa,oos,ok,,2922,2922,0,True,0,0,-0.295684814453125,0,0,0,284.5014705357692,79608.69599696269,76655.06069662249,1.0385315108160933,True,0,0.6869845249281288,0.8196440851887935,0.8584821736449563,0,0,0,0,0,0,8.0,0,0.0,20.59917076229585,24.23665900924025,14.956489,0.34353053914347326,165
ISMN_SNOTEL_Hardscrabble,sm_only,40.86833,-111.71865,2216.0,Dsb,train,ok,,3288,3288,0,True,0,0,-0.478973388671875,0,0,0,280.2136506454208,80858.41281506616,77386.23472815023,1.0448681616196127,True,0,0.6539286818920845,0.8014362811581401,0.8355512438398849,0,0,0,0,0,0,9.00205338809035,0,0.0,18.639937099575366,23.721239641423356,13.713276,0.4548784873438246,179
ISMN_SNOTEL_HarrisFlat,sm_only,37.48997,-112.57602,2377.0,Dsb,train,ok,,3287,3287,0,True,0,0,-0.342437744140625,0,0,0,280.14949057462695,76660.4148135648,75843.93755533337,1.010765227710333,True,0,0.7026585096410818,0.8414378673057269,0.8715820172644815,0,0,0,0,0,0,8.999315537303216,0,0.0,20.35158880762907,21.809636517493153,12.829939,0.358638522074983,166
ISMN_SNOTEL_HawleyLake,sm_only,33.97121,-109.76531,2527.0,Csa,train,ok,,2922,2922,0,True,0,0,-0.244384765625,0,0,0,283.0324277779894,77597.44907169747,74429.50334192823,1.0425630373377037,True,0,0.6803987326292136,0.8218492759652161,0.8451703980463636,0,0,0,0,0,0,8.0,0,0.0,20.476460949154166,23.106495023613963,13.980923,0.33373702679063205,147
ISMN_SNOTEL_HaydenFork,sm_only,40.79669,-110.88472,2792.0,Dfb,train,ok,,3653,3653,0,True,0,0,-0.491302490234375,0,0,0,273.4828610800078,71019.54102792226,71982.89988829565,0.9866168373062443,True,0,0.6676553315723273,0.8186757302843354,0.8435878456613853,0,0,0,0,0,0,10.001368925393566,0,0.0,18.805646721662175,21.517008007391183,12.847321,0.4235055230217267,172
ISMN_SNOTEL_HeavenlyValley,sm_only,38.92431,-119.91641,2603.0,Dsb,train,ok,,3653,3653,0,True,0,0,-0.3570556640625,0,0,0,281.38446872814563,79984.3027562962,73721.05409742719,1.0849587507334297,True,0,0.6775757205113272,0.8185999084430446,0.8467474436163093,0,0,0,0,0,0,10.001368925393566,0,0.0,19.70093252730138,22.83767974404599,14.582768,0.4239580107073841,185
ISMN_SNOTEL_Hewinta,sm_only,40.95009,-110.48419,2899.0,Dfb,train,ok,,3653,3653,0,True,0,0,-0.41455078125,0,0,0,274.85450146892055,72152.57074878525,71013.67485081668,1.016037698377969,True,0,0.6645217286074017,0.8234293850848009,0.8522134942845219,0,0,0,0,0,0,10.001368925393566,0,0.0,18.514689899324374,21.314263630714482,12.071543,0.41297629365770866,172
ISMN_SNOTEL_HickersonPark,sm_only,40.90663,-109.96287,2783.0,Bsk,train,ok,,1827,1827,0,True,0,0,-1.07354736328125,0,0,0,276.6986927518965,75905.47161501095,72064.90935477856,1.0532930977728028,True,0,0.6709647808154243,0.8242765713288818,0.855323772623596,0,0,0,0,0,0,5.002053388090349,0,0.0,18.612348505162903,21.513088620689654,11.819133,0.4016716859335568,173
ISMN_SNOTEL_HighLonesome,sm_only,40.0359,-105.75472,3240.0,Dfc,train,ok,,2922,2922,0,True,0,0,-0.610595703125,0,0,0,275.0963061500461,72718.13524555099,67995.08780603012,1.069461597770038,True,0,0.6863571007622328,0.8436766430603473,0.8682482747680155,0,0,0,0,0,0,8.0,0,0.0,19.242559167804234,20.13859116427105,11.332883,0.3822274874558672,165
ISMN_SNOTEL_HighRidge,sm_only,45.69682,-118.10657,1494.0,Dsb,oos,ok,,1461,1461,0,True,0,0,-0.144134521484375,0,0,0,280.8204319384064,88194.1281602926,84618.26566847945,1.0422587542248005,True,0,0.5813555598308124,0.7777127264623139,0.8186620260244909,0,0,0,0,0,0,4.0,0,0.0,15.839670185443104,24.67329891786448,13.988576,0.5669126289123841,193
ISMN_SNOTEL_HiltsCreek,sm_only,44.01896,-113.47242,2463.0,Bsk,oos,ok,,1461,1461,0,True,0,0,-0.784942626953125,0,0,0,274.13212434010177,74870.51912217659,75030.35888507836,0.997869665489051,True,0,0.6766917435693236,0.8341075100718118,0.8704109540835786,0,0,0,0,0,0,4.0,0,0.0,18.110806514042345,21.385623078028747,12.369877,0.44669417404647277,180
ISMN_SNOTEL_HobbleCreek,sm_only,40.18538,-111.35971,2243.0,Dfa,train,ok,,2557,2557,0,True,0,0,-0.699493408203125,0,0,0,278.69572567482874,77841.52190983086,77125.83165010718,1.0092795143262832,True,0,0.6744058059083502,0.8196367252030298,0.842594478879051,0,0,0,0,0,0,7.000684462696783,0,0.0,19.19883852111191,22.34931886703168,13.623488,0.4205264672336847,172
ISMN_SNOTEL_Hole-in-Mountain,sm_only,40.94168,-115.0954,2490.0,Dfb,train,ok,,3653,3653,0,True,0,0,-0.671478271484375,0,0,0,279.1615330079729,78574.89500068437,74776.39583767472,1.0507981044079133,True,0,0.6797321498919979,0.8182937109041737,0.8473972700522951,0,0,0,0,0,0,10.001368925393566,0,0.0,19.184391643096614,22.96418683191897,12.371443,0.42551504253280464,186
ISMN_SNOTEL_Hole-in-Rock,sm_only,40.92167,-110.18623,2795.0,Bsk,oos,ok,,2557,2557,0,True,0,0,-0.971923828125,0,0,0,276.1197351031253,74193.22591782363,71955.58019901901,1.0310975981656405,True,0,0.6691263687518203,0.8279728533550441,0.8542008989762292,0,0,0,0,0,0,7.000684462696783,0,0.0,18.552045225061853,21.29575370629644,11.873583,0.4040885288530422,166
ISMN_SNOTEL_HollandMeadows,sm_only,43.66917,-122.56877,1503.0,Csb,oos,ok,,1461,1461,0,True,0,0,-0.006500244140625,0,0,0,282.21594697820416,91379.14914869952,84524.86687096252,1.0810919026728654,True,0,0.5381328376694406,0.7731453607425187,0.7906464718390089,0,0,0,0,0,0,4.0,0,0.0,15.289873269632015,25.674561981519506,15.972736,0.6107623046595385,196
ISMN_SNOTEL_HoosierPass,sm_only,39.36092,-106.05999,3536.0,Dfc,train,ok,,2922,2922,0,True,0,0,-0.869476318359375,0,0,0,270.586845225622,66169.00964798298,65459.875094571296,1.0108331180343253,True,0,0.6977457381176658,0.843608763477895,0.871958585120435,0,0,0,0,0,0,8.0,0,0.0,19.741316389948143,19.723017157084186,11.465688,0.37337925163443236,159
ISMN_SNOTEL_Hopewell,sm_only,36.71632,-106.2637,3072.0,Dfb,oos,ok,,3653,3653,0,True,0,0,-0.272064208984375,0,0,0,276.12405656156164,70634.19876214756,69468.98368899558,1.0167731700001328,True,0,0.6959177983855265,0.8271806454162459,0.8510036871713846,0,0,0,0,0,0,10.001368925393566,0,0.0,20.431367539620023,21.78883524473036,13.095796,0.3563226196002543,165
ISMN_SNOTEL_HorseMeadow,sm_only,38.83652,-119.88732,2615.0,Dsb,train,ok,,3653,3653,0,True,0,0,-0.205535888671875,0,0,0,280.6054592680807,79724.51215182726,73609.69456982584,1.083070818561826,True,0,0.6840047938854907,0.8252135754255344,0.8512431849162484,0,0,0,0,0,0,10.001368925393566,0,0.0,19.866714659247723,22.56100750643307,14.21558,0.41738700147440205,185
ISMN_SNOTEL_HorseRidge,sm_only,41.31372,-111.44624,2502.0,Dfb,val,ok,,3653,3653,0,True,0,0,-0.49200439453125,0,0,0,276.8039642175256,76770.06891809814,74663.74703049513,1.0282107712427389,True,0,0.6613187024306623,0.8190434793080892,0.845183323192514,0,0,0,0,0,0,10.001368925393566,0,0.0,18.64594545585325,22.646292548863947,12.600727,0.44775665595867553,173
ISMN_SNOTEL_HuntingtonHorse,sm_only,39.61774,-111.30576,2941.0,Dfb,train,ok,,3653,3653,0,True,0,0,-0.450164794921875,0,0,0,279.1641216471265,77754.01118729469,70636.13176390059,1.1007682505489602,True,0,0.6805691033483883,0.8254452191018767,0.8545736907920358,0,0,0,0,0,0,10.001368925393566,0,0.0,19.434125911916762,22.355821603339717,13.125822,0.40420639899052885,172
ISMN_SNOTEL_ImnaviatCreek,sm_only,68.61652,-149.3033,927.0,Dfc,val,ok,,2922,2922,0,True,0,0,-0.126556396484375,0,0,0,264.57915119272974,91529.46577419149,90673.22745726653,1.0094431216461164,True,0,0.5109553876185179,0.7973267209341589,0.8172709785139969,0,356,394,306,0,394,8.0,-38,-4.75,8.41139513601248,20.495480141341545,9.383008,0.9642132231326296,135
ISMN_SNOTEL_IndependenceCamp,sm_only,39.45269,-120.29367,2124.0,Dsb,train,ok,,3653,3653,0,True,0,0,-0.028961181640625,0,0,0,279.99566626999103,79984.64923949493,78278.8854447346,1.021790854392844,True,0,0.6623550164404377,0.8116303924896895,0.8360002805165165,0,0,0,0,0,0,10.001368925393566,0,0.0,19.235978431489716,23.14444569641391,14.927634,0.4451082639534471,185
ISMN_SNOTEL_IndependenceCreek,sm_only,39.49001,-120.28226,1963.0,Dsb,train,ok,,3653,3653,0,True,0,0,-0.028961181640625,0,0,0,279.99566626999103,79984.64923949493,79861.07836391123,1.0015473229026612,True,0,0.6627690427112405,0.8122268869354106,0.8367476767022098,0,0,0,0,0,0,10.001368925393566,0,0.0,19.235978431489716,23.14444569641391,14.927634,0.4451082639534471,185
ISMN_SNOTEL_IndependenceLake,sm_only,39.42752,-120.31342,2542.0,Dsb,train,ok,,3653,3653,0,True,0,0,-0.011871337890625,0,0,0,279.38323926155516,79193.8923466158,74289.2430084717,1.0660209895742885,True,0,0.6573603540444036,0.8106757813900544,0.8351590730656264,0,0,0,0,0,0,10.001368925393566,0,0.0,19.129514662532696,23.287380539009032,15.11325,0.4525492690341505,185
ISMN_SNOTEL_IslandPark,sm_only,44.4203,-111.38512,1920.0,Dfc,train,ok,,3288,3288,0,True,0,0,-0.0638427734375,0,0,0,276.3845919541779,79520.49629809154,80288.0032980997,0.9904405768174542,True,0,0.6120627715479657,0.8127936709168725,0.8450316238755635,0,0,0,0,0,0,9.00205338809035,0,0.0,16.769009837409918,22.25443894069343,10.757689,0.5212690833144864,190
ISMN_SNOTEL_JackCreekUpper,sm_only,41.54675,-116.00517,2249.0,Bsk,train,ok,,3653,3653,0,True,0,0,-0.52899169921875,0,0,0,278.75698924802145,79281.3806802628,77068.06076968786,1.0287190294976967,True,0,0.675303131001992,0.835501039259762,0.8616230682847535,0,0,0,0,0,0,10.001368925393566,0,0.0,18.90318517444072,22.876866393922803,12.409805,0.4392511856686563,189
ISMN_SNOTEL_JackWadeJct,sm_only,64.14797,-141.32985,1052.0,Dfc,train,ok,,2556,2556,0,True,0,0,-0.459075927734375,0,0,0,268.50226077227524,91194.28281800177,89309.12862620845,1.0211081915229896,True,0,0.4958559801055421,0.7788972776007733,0.7966656034642832,0,0,0,0,0,0,6.997946611909651,0,0.0,9.806068197915998,21.350494368935838,9.3048,0.8484808075213923,163
ISMN_SNOTEL_JacksPeak,sm_only,41.5136,-116.0117,2573.0,Bsk,val,ok,,2922,2922,0,True,0,0,-0.52899169921875,0,0,0,278.61133054280265,79306.18481562287,74000.04984191337,1.0717044783759608,True,0,0.6733996003742813,0.833443398551617,0.8611310292268827,0,0,0,0,0,0,8.0,0,0.0,18.834370973110357,22.840410805954825,12.409805,0.43755974465036157,189
ISMN_SNOTEL_JacksonPeak,sm_only,44.05092,-115.44322,2152.0,Dsb,oos,ok,,2557,2557,0,True,0,0,-0.047149658203125,0,0,0,277.4269289711186,81614.84568402913,78006.33116290387,1.046259251875203,True,0,0.6230346418220987,0.8104127559559706,0.8320023917501298,0,0,0,0,0,0,7.000684462696783,0,0.0,17.154411787835688,22.39152788971451,12.841221,0.5156140412091087,190
ISMN_SNOTEL_JackwhackerGulch,sm_only,39.57096,-105.80355,3362.0,Dfb,val,ok,,2192,2192,0,True,0,0,-1.193603515625,0,0,0,272.1821965127096,68230.89303432938,66940.7131350233,1.019273471089316,True,0,0.6933650900097164,0.8433153118072872,0.8609464520266286,0,0,0,0,0,0,6.0013689253935665,0,0.0,19.527107596395787,19.601730788321166,11.250274,0.3767644614330043,159
ISMN_SNOTEL_JonesCorral,sm_only,38.07125,-112.16788,2960.0,Bsk,train,ok,,3653,3653,0,True,0,0,-0.880401611328125,0,0,0,279.8022323428785,76046.7254119046,70465.87326265185,1.0791993612063941,True,0,0.7006054699386017,0.848711585831289,0.8813749304570103,0,0,0,0,0,0,10.001368925393566,0,0.0,20.100148594095792,21.526456254311526,12.17092,0.35837177018948363,165
ISMN_SNOTEL_JonesPass,sm_only,39.7645,-105.90655,3176.0,Dfc,train,ok,,2557,2557,0,True,0,0,-1.024688720703125,0,0,0,271.9891797283174,69028.68719446617,68553.55570339803,1.006930807398581,True,0,0.6913203882854212,0.8454326371313015,0.8691910483369011,0,0,0,0,0,0,7.000684462696783,0,0.0,19.460192389321804,19.69023509034024,11.454809,0.38111475833719277,158
ISMN_SNOTEL_Kalamazoo,sm_only,39.5579,-114.62762,2359.0,Bsk,train,ok,,3653,3653,0,True,0,0,-0.59259033203125,0,0,0,280.82713197989557,77948.30304501437,76015.12205083235,1.0254315318061225,True,0,0.6989413739700637,0.8322203488523557,0.8692873722424421,0,0,0,0,0,0,10.001368925393566,0,0.0,19.884781918486706,22.675965555160143,13.029084,0.3875343271105613,173
ISMN_SNOTEL_KelleyR.S.,sm_only,42.26554,-110.80181,2512.0,Dfb,train,ok,,2557,2557,0,True,0,0,-0.6839599609375,0,0,0,276.83449101811703,77993.10029758995,74569.9780294789,1.0459048313888175,True,0,0.658189245304112,0.8313757798272143,0.8568935888678385,0,0,0,0,0,0,7.000684462696783,0,0.0,18.260708773992235,21.629941007821667,12.282884,0.4516289152751442,190
ISMN_SNOTEL_KellyStation,sm_only,67.9297,-162.2906,116.0,Dfc,train,ok,,2922,2922,0,True,0,0,-0.2386474609375,0,0,0,267.21232706287964,98916.87648389373,99939.21207285802,0.9897704257642238,True,0,0.4998993032325916,0.7889416940291786,0.8092109650115336,0,294,322,202,0,322,8.0,-28,-3.5,8.61559357749092,21.25081205373032,9.507326,0.9986915876030483,157
ISMN_SNOTEL_KenaiMoosePens,sm_only,60.72499,-150.47369,91.0,Dsc,train,ok,,3653,3653,0,True,0,0,-0.00653076171875,0,0,0,276.7980936647212,100072.58026365316,100236.5680240487,0.9983639926662673,True,0,0.4427288684050072,0.7473203748675459,0.7782660899912328,0,0,0,0,0,0,10.001368925393566,0,0.0,9.218880486239236,24.24834235067068,13.227948,0.8288717483032064,161
ISMN_SNOTEL_KilfoilCreek,sm_only,41.24764,-111.41249,2204.0,Dfb,oos,ok,,3653,3653,0,True,0,0,-0.536712646484375,0,0,0,277.55270044058926,77805.54527528744,77502.1977147721,1.0039140510780318,True,0,0.6635635520134158,0.8194632020784068,0.8448355993380228,0,0,0,0,0,0,10.001368925393566,0,0.0,18.721570334583067,22.745823279770054,12.835681,0.4455377699479175,173
ISMN_SNOTEL_KimberlyMine,sm_only,38.48383,-112.39273,2777.0,Bsk,train,ok,,2922,2922,0,True,0,0,-0.387237548828125,0,0,0,278.5483007933651,75536.18329429757,72119.62435106553,1.0473734988773769,True,0,0.6941438731527616,0.8315252419375848,0.8630467186578068,0,0,0,0,0,0,8.0,0,0.0,19.98467995356741,22.31643399041752,13.583807,0.37895792407061335,168
ISMN_SNOTEL_KingsCabin,sm_only,40.71632,-109.54401,2664.0,Bsk,train,ok,,2922,2922,0,True,0,0,-0.689910888671875,0,0,0,275.2617677953617,73557.12677265143,73156.38919069956,1.0054778206850432,True,0,0.6728665301944479,0.8177255781299524,0.8572193438052622,0,0,0,0,0,0,8.0,0,0.0,18.8336497301261,22.20097821252567,12.258609,0.40413580035086283,166
ISMN_SNOTEL_KlondikeNarrows,sm_only,41.96769,-111.59713,2219.0,Dfb,train,ok,,3653,3653,0,True,0,0,-0.26409912109375,0,0,0,276.4694745940703,76010.8830413359,77357.26594557932,0.9825952625421043,True,0,0.6420245872167594,0.8138441228508763,0.8429208804030334,0,0,0,0,0,0,10.001368925393566,0,0.0,18.038755833077452,22.617104773336983,12.359319,0.4716647038035987,183
ISMN_SNOTEL_Kolob,sm_only,37.52664,-113.05386,2819.0,Bsk,train,ok,,3653,3653,0,True,0,0,-0.28240966796875,0,0,0,282.22795851420545,79312.19152280659,71737.32479242557,1.105591709090061,True,0,0.6996010392653719,0.8267299720549784,0.8547613109932881,0,0,0,0,0,0,10.001368925393566,0,0.0,20.355846556318625,22.757884296468657,13.738254,0.36783151334646436,166
ISMN_SNOTEL_Lakefork#1,sm_only,40.59709,-110.43316,3085.0,Bsk,train,ok,,3653,3653,0,True,0,0,-0.570709228515625,0,0,0,274.2794237781674,71022.04217851766,69354.01690685481,1.0240508819251677,True,0,0.6759918376728686,0.8205712869965077,0.8452675185372758,0,0,0,0,0,0,10.001368925393566,0,0.0,18.97140994038651,21.447312905283326,13.068773,0.4066567062809628,172
ISMN_SNOTEL_LakeforkBasin,sm_only,40.73785,-110.62121,3319.0,Bsk,train,ok,,2192,2192,0,True,0,0,-0.546661376953125,0,0,0,273.2998540210028,70274.50512517108,67310.81510655706,1.0440299231842955,True,0,0.6685402401004868,0.8233456506331903,0.8430632956985491,0,0,0,0,0,0,6.0013689253935665,0,0.0,18.77559266752558,21.248443802007298,12.800514,0.4158508815756792,166
ISMN_SNOTEL_LamanceCreek,sm_only,41.51542,-117.63197,1948.0,Bsk,val,ok,,3653,3653,0,True,0,0,-0.3809814453125,0,0,0,281.679527330751,82250.26117446276,80009.79636933103,1.028002381043311,True,0,0.6709620215935136,0.8102270667921263,0.8432089674746868,0,0,0,0,0,0,10.001368925393566,0,0.0,18.88863689193319,23.682597247467836,12.659065,0.4473722357588439,189
ISMN_SNOTEL_Lamoille#3,sm_only,40.6448,-115.3812,2448.0,Dfb,val,ok,,3653,3653,0,True,0,0,-0.625701904296875,0,0,0,278.6218954191252,77468.171770206,75171.75096737152,1.030548986464759,True,0,0.6911421669151651,0.8336941255902827,0.8546019576231886,0,0,0,0,0,0,10.001368925393566,0,0.0,19.547428040030642,22.907943221735557,12.625077,0.4166524538459616,186
ISMN_SNOTEL_LamoilleUpper,sm_only,40.59965,-115.37902,2740.0,Dfb,oos,ok,,1461,1461,0,True,0,0,-0.52508544921875,0,0,0,277.34724162034513,75579.5770448323,72457.77730045252,1.0430843983998428,True,0,0.6986226369776372,0.8395090826173071,0.858142228172512,0,0,0,0,0,0,4.0,0,0.0,19.745615305224074,22.75774893155373,13.672464,0.41136313559342963,186
ISMN_SNOTEL_LapreleCreek,sm_only,42.43566,-105.86051,2551.0,Dfb,oos,ok,,3653,3653,0,True,0,0,-0.232879638671875,0,0,0,276.9281767587482,76190.58113622366,74205.18959422031,1.0267554271185095,True,0,0.6724417224701688,0.8324799597081748,0.855735753231964,0,0,0,0,0,0,10.001368925393566,0,0.0,18.310874484049254,22.31495913906378,12.042087,0.42723318899513657,184
ISMN_SNOTEL_LarsenCreek,sm_only,42.58019,-109.08829,2707.0,Dfb,oos,ok,,2922,2922,0,True,0,0,-1.080291748046875,0,0,0,273.7951844494119,72549.31219252653,72760.45526311678,0.9970981067967936,True,0,0.6783063463779777,0.8278960552031106,0.8574555526855088,0,0,0,0,0,0,8.0,0,0.0,18.523423314963715,21.265095110882953,12.40759,0.4261910976103913,186
ISMN_SNOTEL_LasalMountain,sm_only,38.48226,-109.27198,2920.0,Bsk,train,ok,,2192,2192,0,True,0,0,-0.743438720703125,0,0,0,279.3604787213959,74770.56730083827,70824.69960230558,1.055713158272319,True,0,0.6938444791459645,0.8153600890605159,0.8402493836399206,0,0,0,0,0,0,6.0013689253935665,0,0.0,20.077376413001623,23.563692751824817,14.549856,0.3887003994263163,166
ISMN_SNOTEL_LasalMountain-Lower,sm_only,38.48167,-109.29164,2676.0,Bsk,train,ok,,3653,3653,0,True,0,0,-0.743438720703125,0,0,0,279.46430026894234,74853.06412751506,73045.7209370131,1.0247426292371105,True,0,0.6954841237761066,0.8148654320020564,0.85019542985964,0,0,0,0,0,0,10.001368925393566,0,0.0,20.106846459411972,23.58184888009855,14.180166,0.38565241259178057,165
ISMN_SNOTEL_LaurelDraw,sm_only,41.77637,-116.02957,2036.0,Bwk,train,ok,,3653,3653,0,True,0,0,-0.5032958984375,0,0,0,279.5452065999104,80645.54351731454,79140.50915840293,1.0190172438226197,True,0,0.6695009147089687,0.8313663191638394,0.8607260700637205,0,0,0,0,0,0,10.001368925393566,0,0.0,18.687685796395275,22.922617730906104,12.412877,0.4447343238121578,189
ISMN_SNOTEL_LeavittLake,sm_only,38.27594,-119.61281,2926.0,Csb,train,ok,,3653,3653,0,True,0,0,-0.143951416015625,0,0,0,276.2013960158763,73885.56868926225,70770.78153400213,1.044012332317732,True,0,0.694559341519681,0.834630855776318,0.8583399437564945,0,0,0,0,0,0,10.001368925393566,0,0.0,20.24478382650751,21.868046662195457,13.469012,0.4056765474393773,185
ISMN_SNOTEL_LeavittMeadows,sm_only,38.30367,-119.55111,2195.0,Csb,train,ok,,2192,2192,0,True,0,0,-0.300933837890625,0,0,0,276.298588996386,73886.69895144274,77589.26226095734,0.9522799521271165,True,0,0.6998210408011679,0.8368503656483364,0.8588148962867109,0,0,0,0,0,0,6.0013689253935665,0,0.0,20.368482068111113,21.72338754470803,13.289668,0.39649154412153936,178
ISMN_SNOTEL_LeeCanyon,sm_only,36.30537,-115.67508,2627.0,Bwh,train,ok,,3653,3653,0,True,0,0,-0.611907958984375,0,0,0,284.46216356646613,78654.9633755646,73498.47129081255,1.0701578140904358,True,0,0.7060316413377584,0.807667289954498,0.8341679582893773,0,0,0,0,0,0,10.001368925393566,0,0.0,20.940159487607975,24.972031473583357,15.622754,0.35961121747354563,169
ISMN_SNOTEL_LewisLakeDivide,sm_only,44.20862,-110.66628,2402.0,Dfc,train,ok,,2192,2192,0,True,0,0,-0.20947265625,0,0,0,274.42885018787246,75463.27567575274,75606.69929253536,0.9981030303118024,True,0,0.6143235845107001,0.8173358879719018,0.8496263469990828,0,0,0,0,0,0,6.0013689253935665,0,0.0,16.928597730519876,21.841990093978104,11.952861,0.5191509622064624,191
ISMN_SNOTEL_LewisPeak,sm_only,40.3572,-116.8647,2249.0,Bsk,train,ok,,3653,3653,0,True,0,0,-0.18511962890625,0,0,0,281.47411439375065,80285.24598147071,77068.06076968786,1.041744727707593,True,0,0.6833711030626659,0.8095096459525208,0.8479030956418241,0,0,0,0,0,0,10.001368925393566,0,0.0,19.489010953800147,23.793413788940597,14.287193,0.42750350767117934,186
ISMN_SNOTEL_LightningRidge,sm_only,41.35891,-111.48749,2499.0,Dfb,train,ok,,2192,2192,0,True,0,0,-0.566925048828125,0,0,0,276.930565757473,76862.25610886177,74691.89634097,1.0290574998656352,True,0,0.6656564754186852,0.8215263251852577,0.8460782816361866,0,0,0,0,0,0,6.0013689253935665,0,0.0,18.76253760639419,22.622549068430658,13.297954,0.44547524430081387,191
ISMN_SNOTEL_LilyLake,sm_only,40.86493,-110.79813,2783.0,Dfb,val,ok,,3653,3653,0,True,0,0,-0.271575927734375,0,0,0,274.68616387643715,72444.09532618738,72064.90935477856,1.0052617282780731,True,0,0.664168388830164,0.8185727466085162,0.8435211715166587,0,0,0,0,0,0,10.001368925393566,0,0.0,18.659436502116595,21.457752379687925,12.539001,0.4229450997487909,172
ISMN_SNOTEL_LilyPond,sm_only,37.38028,-106.54823,3371.0,Dfb,train,ok,,3287,3287,0,True,0,0,-0.1337890625,0,0,0,273.795508314782,68245.61072501521,66863.458874082,1.0206712586247757,True,0,0.7025643004682243,0.8416111573803875,0.8627034690065808,0,0,0,0,0,0,8.999315537303216,0,0.0,20.331769046752893,20.466019006084576,11.936272,0.35232414145250596,165
ISMN_SNOTEL_LittleBear,sm_only,41.40562,-111.82607,1993.0,Dsa,oos,ok,,3653,3653,0,True,0,0,-0.535369873046875,0,0,0,279.8824639329511,81283.35378456063,79564.31383747877,1.0216056654569188,True,0,0.6554715434382296,0.8154902864692796,0.8436379008200303,0,0,0,0,0,0,10.001368925393566,0,0.0,18.483521978163683,23.421523242540374,13.192367,0.45572285207078733,183
ISMN_SNOTEL_LittleChenaRidge,sm_only,65.12422,-146.7339,655.0,Dfc,oos,ok,,1461,1461,0,True,0,0,-0.20458984375,0,0,0,271.3501628794791,94128.53930313142,93699.84965534735,1.0045751369864615,True,0,0.4884884483649493,0.7855359917405638,0.8001413238436659,0,0,0,0,0,0,4.0,0,0.0,9.331207852851382,22.165843327173167,10.505736,0.8814029174115869,171
ISMN_SNOTEL_LittleGrassy,sm_only,37.48631,-113.84582,1847.0,Bsk,train,ok,,3653,3653,0,True,0,0,-0.15411376953125,0,0,0,284.54049722299226,81294.34901322544,81017.01359451433,1.0034231750394942,True,0,0.7006120624218463,0.8232071294803384,0.8692100943601502,0,0,0,0,0,0,10.001368925393566,0,0.0,20.439482469266885,23.82437700930742,14.346057,0.3720944134466627,165
ISMN_SNOTEL_LittleSnakeRiver,sm_only,41.07051,-106.94284,2722.0,Dfb,train,ok,,2192,2192,0,True,0,0,-0.799957275390625,0,0,0,275.28291123104793,73531.56438184307,72622.74771150014,1.0125142148842023,True,0,0.6638223120102545,0.8249621716857077,0.8441017512481481,0,0,0,0,0,0,6.0013689253935665,0,0.0,18.707875543476078,21.64035973357664,11.332559,0.43729700948894806,160
ISMN_SNOTEL_LittleValley,sm_only,39.25259,-119.8771,1981.0,Dsb,train,ok,,3653,3653,0,True,0,0,-0.149627685546875,0,0,0,280.0835102122025,78139.34952650219,79682.9123013616,0.9806286852440629,True,0,0.6819864429089177,0.815947948530877,0.8500578520800901,0,0,0,0,0,0,10.001368925393566,0,0.0,19.70431259135832,22.951451607172185,14.751418,0.41619642737932205,185
ISMN_SNOTEL_LizardHeadPass,sm_only,37.79895,-107.92475,3106.0,Dfc,train,ok,,3653,3653,0,True,0,0,-0.06719970703125,0,0,0,273.6543723293569,68569.70737450384,69168.62681595297,0.9913411691250895,True,0,0.6899689298301271,0.8386111403510599,0.8594089456630046,0,0,0,0,0,0,10.001368925393566,0,0.0,19.985438959822595,20.909488115795238,12.130336,0.3751422748843481,165
ISMN_SNOTEL_LobdellLake,sm_only,38.43745,-119.36572,2822.0,Csb,train,ok,,3653,3653,0,True,0,0,-0.839935302734375,0,0,0,278.62976883732387,76404.60858583698,71710.08060045511,1.0654653843096096,True,0,0.7076069580460526,0.8317783542050841,0.8650670423227316,0,0,0,0,0,0,10.001368925393566,0,0.0,20.4720876907287,22.11727261730085,13.705794,0.3820575109797349,185
ISMN_SNOTEL_LoneCone,sm_only,37.89169,-108.19636,2966.0,Dfb,oos,ok,,2557,2557,0,True,0,0,-0.71441650390625,0,0,0,275.82969765183884,71470.34831162007,70412.17651346755,1.0150282500918022,True,0,0.6896690502144859,0.8369262977585961,0.8590682844474162,0,0,0,0,0,0,7.000684462696783,0,0.0,19.96546817304777,21.52193146538913,12.879584,0.3743438585737483,165
ISMN_SNOTEL_LonesomeBeaver,sm_only,38.07,-110.77241,2905.0,Bwk,train,ok,,3653,3653,0,True,0,0,-0.477752685546875,0,0,0,282.637874917595,77824.37885599166,70959.64031097971,1.0967414507025024,True,0,0.7045001340843025,0.8123914122832142,0.8393159750840264,0,0,0,0,0,0,10.001368925393566,0,0.0,20.442194603403212,24.089325598412263,14.891668,0.3721656458205509,165
ISMN_SNOTEL_LongDrawResv,sm_only,40.51154,-105.7654,3045.0,Et,train,ok,,1827,1827,0,True,0,0,-0.970458984375,0,0,0,272.7522115973612,69700.92798132185,69708.2539657003,0.9998949050655885,True,0,0.6781836724594533,0.8287065854239927,0.8499052744777931,0,0,0,0,0,0,5.002053388090349,0,0.0,18.9846731203791,20.66594767487685,11.155333,0.40047671779321153,157
ISMN_SNOTEL_LongFlat,sm_only,37.51255,-113.39661,2435.0,Bsk,train,ok,,1827,1827,0,True,0,0,-0.34100341796875,0,0,0,283.51306205795447,80326.63976122058,75294.46522074715,1.0668332595990977,True,0,0.6988065813833494,0.8176489073515649,0.8438775894103432,0,0,0,0,0,0,5.002053388090349,0,0.0,20.38024810779016,23.430146286808977,14.113829,0.3733838574870764,172
ISMN_SNOTEL_LongValley,sm_only,44.78835,-116.08878,1490.0,Dsb,train,ok,,1096,1096,0,True,0,0,-0.092987060546875,0,0,0,277.8903719212887,82928.22477332345,84659.80306053814,0.9795466298690009,True,0,0.6023774726847937,0.7960206765521709,0.8179320793039797,0,0,0,0,0,0,3.0006844626967832,0,0.0,16.535986336800903,23.30829521167883,13.478463,0.5482593194975033,180
ISMN_SNOTEL_LongValleyJct,sm_only,37.48756,-112.51458,2274.0,Dfb,train,ok,,3653,3653,0,True,0,0,-0.342437744140625,0,0,0,280.1189889936554,76651.36140885916,76827.7258018089,0.9977044173687412,True,0,0.7018245856973246,0.8399103674853424,0.8715366593271624,0,0,0,0,0,0,10.001368925393566,0,0.0,20.32155585169229,21.82280771557624,12.829939,0.3588300025403358,165
ISMN_SNOTEL_Lookout,sm_only,47.45749,-115.70457,1579.0,Dsb,train,ok,,3653,3653,0,True,0,0,-0.00604248046875,0,0,0,277.7520959009838,84765.33983840336,83739.48970632184,1.0122504941895303,True,0,0.5452256057919136,0.778421083183686,0.8161777763934293,0,0,0,0,0,0,10.001368925393566,0,0.0,14.604982955442633,24.216045070079385,10.737601,0.6113124601170342,200
ISMN_SNOTEL_LookoutPeak,sm_only,40.83731,-111.70965,2484.0,Dsb,train,ok,,2192,2192,0,True,0,0,-0.778594970703125,0,0,0,280.31130164905187,80810.49947964188,74832.77182661452,1.0798811470845633,True,0,0.6528400941066531,0.8008814283019295,0.8350074824193551,0,0,0,0,0,0,6.0013689253935665,0,0.0,18.630076374680456,23.720775670620437,13.943355,0.4570943906256075,173
ISMN_SNOTEL_LostCreekResv,sm_only,41.22155,-111.35947,1850.0,Dfb,train,ok,,3653,3653,0,True,0,0,-0.513427734375,0,0,0,277.32138365613184,77378.13911724952,80986.9490441253,0.9554396113266406,True,0,0.6689081437961356,0.8252534358957927,0.8503358826808688,0,0,0,0,0,0,10.001368925393566,0,0.0,18.819412456674495,22.617725853545032,12.604599,0.4376298482757558,173
ISMN_SNOTEL_LostDog,sm_only,40.81557,-106.74833,2847.0,Dfc,train,ok,,1461,1461,0,True,0,0,-0.521820068359375,0,0,0,273.8459187846409,71972.63321889973,71483.3713193592,1.0068444155684084,True,0,0.6680361410382493,0.8273042164216571,0.8461810698617476,0,0,0,0,0,0,4.0,0,0.0,18.836174141922907,21.18542889869952,12.322147,0.42711884997157146,160
ISMN_SNOTEL_LouisMeadow,sm_only,40.83033,-111.76457,2057.0,Dsa,train,ok,,3288,3288,0,True,0,0,-0.478973388671875,0,0,0,280.2136506454208,80858.41281506616,78934.20016844444,1.024377426293235,True,0,0.6534854757083268,0.800773244760955,0.8348852570666737,0,0,0,0,0,0,9.00205338809035,0,0.0,18.639937099575366,23.721239641423356,13.713276,0.4548784873438246,179
ISMN_SNOTEL_MagicMountain,sm_only,42.18071,-114.28665,2115.0,Bsk,train,ok,,1827,1827,0,True,0,0,-0.77435302734375,0,0,0,278.8229552938694,79639.90700687602,78366.65575339644,1.0162473598144375,True,0,0.654465083767897,0.8068569298902182,0.8369863455940271,0,0,0,0,0,0,5.002053388090349,0,0.0,18.175644893778117,23.712847451559934,12.659317,0.4550350535908923,180
ISMN_SNOTEL_Mammoth-Cottonwood,sm_only,39.68338,-111.31818,2655.0,Dfb,train,ok,,2192,2192,0,True,0,0,-0.450164794921875,0,0,0,279.1799825960702,77678.59268077099,73239.47944563978,1.0606109337304348,True,0,0.6808325766009299,0.8248209742414235,0.8552124837254607,0,0,0,0,0,0,6.0013689253935665,0,0.0,19.426952457709653,22.33127940328467,13.313854,0.405121360728556,172
ISMN_SNOTEL_MarletteLake,sm_only,39.16395,-119.89672,2396.0,Dsb,train,ok,,3653,3653,0,True,0,0,-0.39715576171875,0,0,0,281.8011477032068,80093.36722171845,75663.5815981012,1.0585458093584141,True,0,0.6804270846503483,0.8161735437255159,0.8484439177029058,0,0,0,0,0,0,10.001368925393566,0,0.0,19.69170943669092,22.91778261730085,14.707716,0.4179573476370595,185
ISMN_SNOTEL_MayCreek,sm_only,61.34918,-142.69355,482.0,Dfc,oos,ok,,2557,2557,0,True,0,0,-0.568939208984375,0,0,0,271.38112740335777,89383.28270739636,95667.06015691829,0.9343161853284198,True,0,0.4902011428940404,0.7951650311626044,0.8231550171658596,0,0,0,0,0,0,7.000684462696783,0,0.0,9.94702943805168,22.185745254204146,10.234058,0.838579829584495,162
ISMN_SNOTEL_McGrath,sm_only,62.94652,-155.6102,104.0,Dfc,train,ok,,2557,2557,0,True,0,0,-0.010406494140625,0,0,0,272.2216468724507,99281.24840816876,100081.85365539252,0.9920004954146787,True,0,0.43522768132877915,0.7522355905917726,0.7869615226140023,0,0,0,0,0,0,7.000684462696783,0,0.0,8.659360365701268,23.204011923738758,9.784634,0.8877822018257909,162
ISMN_SNOTEL_McneilRiverSGS,sm_only,59.08358,-154.27785,34.0,Dfc,train,ok,,1461,1461,0,True,0,0,-0.065277099609375,0,0,0,276.4274198935507,98886.94257999658,100917.21897892262,0.9798817642869243,True,0,0.450763546125944,0.7697701248115577,0.7875485479866355,0,0,0,0,0,0,4.0,0,0.0,9.734718405897242,24.884456998631077,13.968426,0.8076430202815552,159
ISMN_SNOTEL_MedBow,sm_only,41.37833,-106.34697,3200.0,Dfc,train,ok,,3653,3653,0,True,0,0,-0.455657958984375,0,0,0,274.02656649994975,71524.95552456885,68343.696673271,1.0465479481817674,True,0,0.6720549758354668,0.8244501133449995,0.8497080874606996,0,0,0,0,0,0,10.001368925393566,0,0.0,18.698082437512163,21.525006588831094,11.289753,0.4211711522613262,166
ISMN_SNOTEL_MerchantValley,sm_only,38.30285,-112.43637,2655.0,Bsk,train,ok,,2922,2922,0,True,0,0,-0.34661865234375,0,0,0,277.86049954977693,74578.4762416581,73239.47944563978,1.0182824455628765,True,0,0.6924190572227402,0.8290545645870991,0.8587370236870718,0,0,0,0,0,0,8.0,0,0.0,19.986451117153994,22.26338833812457,13.537787,0.37887190771737317,168
ISMN_SNOTEL_MicaCreek,sm_only,47.15045,-116.26643,1366.0,Dsb,train,ok,,2557,2557,0,True,0,0,-0.0364990234375,0,0,0,281.09014976719277,90338.41972404184,85955.675553934,1.0509884209723632,True,0,0.5471517636490549,0.7740935404603613,0.8121010180956566,0,0,0,0,0,0,7.000684462696783,0,0.0,14.802410857684063,24.659881725850607,11.567931,0.6105125445022996,194
ISMN_SNOTEL_MichiganCreek,sm_only,39.43579,-105.91072,3261.0,Dfb,train,ok,,2191,2191,0,True,0,0,-0.6197509765625,0,0,0,272.20259044791726,68393.25710648677,67812.64539708782,1.0085619976333187,True,0,0.6938185595599589,0.8421282706178064,0.8595926708429478,0,0,0,0,0,0,5.9986310746064335,0,0.0,19.604541880843442,19.618607846188954,11.868764,0.3756730905078077,159
ISMN_SNOTEL_MiddleForkCamp,sm_only,39.79565,-106.02802,2731.0,Dfc,train,ok,,2192,2192,0,True,0,0,-1.5303955078125,0,0,0,272.9816348361273,70206.2476156193,72540.22453191198,0.9678250662807651,True,0,0.6895975870106775,0.844855751675034,0.8619632160726984,0,0,0,0,0,0,6.0013689253935665,0,0.0,19.44797844402352,19.819987136861315,11.24303,0.3875487931690176,159
ISMN_SNOTEL_MidwayValley,sm_only,37.56933,-112.83849,2996.0,Dsb,train,ok,,3653,3653,0,True,0,0,-0.405303955078125,0,0,0,278.01218941242377,73671.45336880645,70144.18952211684,1.0502859020928235,True,0,0.6993178123919771,0.8333626321611387,0.8619873369255546,0,0,0,0,0,0,10.001368925393566,0,0.0,20.292784848681066,22.23507590172461,13.270967,0.3647772543065373,166
ISMN_SNOTEL_Mill-DNorth,sm_only,40.65883,-111.63683,2725.0,Dsb,train,ok,,2557,2557,0,True,0,0,-0.6109619140625,0,0,0,277.85346499112234,77395.62827532264,72595.23154298718,1.066125510316651,True,0,0.6670795937782911,0.815039518627115,0.8385561067940241,0,0,0,0,0,0,7.000684462696783,0,0.0,18.970356172265603,23.215482163081735,13.547137,0.4383579338283244,172
ISMN_SNOTEL_MiningFork,sm_only,40.49384,-112.61141,2527.0,Dfa,train,ok,,3653,3653,0,True,0,0,-0.402496337890625,0,0,0,283.87300329994184,82569.76726962428,74429.50334192823,1.1093687793441236,True,0,0.6722490291389692,0.8087833151845026,0.8499154324685164,0,0,0,0,0,0,10.001368925393566,0,0.0,19.059706795026536,24.270781134136325,13.253302,0.42500620672837636,173
ISMN_SNOTEL_MonitorPass,sm_only,38.6683,-119.6087,2536.0,Bsk,train,ok,,3653,3653,0,True,0,0,-0.727569580078125,0,0,0,280.18088649078294,79445.00636463182,74345.32143538822,1.068594564268252,True,0,0.6921553276605551,0.8254657769772977,0.8584598404653428,0,0,0,0,0,0,10.001368925393566,0,0.0,20.07550696201257,22.393872322748425,13.961314,0.40449501287650724,185
ISMN_SNOTEL_MonteCristo,sm_only,41.46547,-111.49688,2722.0,Dfb,train,ok,,3653,3653,0,True,0,0,-0.491302490234375,0,0,0,276.9347316179085,76959.68239931221,72622.74771150014,1.059718680778107,True,0,0.6605766771761651,0.8210335366108114,0.8480043867988989,0,0,0,0,0,0,10.001368925393566,0,0.0,18.57727785826223,22.560268607445934,12.395277,0.4493505908258601,173
ISMN_SNOTEL_MonumentCreek,sm_only,65.07738,-145.87358,567.0,Dfc,oos,ok,,1461,1461,0,True,0,0,-0.33587646484375,0,0,0,270.00759426067333,92714.10046094285,94696.37565692833,0.9790670426166364,True,0,0.4914474752035965,0.7887206832847857,0.805596615503831,0,0,0,0,0,0,4.0,0,0.0,9.296043721434543,21.93919585557837,10.368698,0.8745662775667016,171
ISMN_SNOTEL_MooreCreekBridge,sm_only,59.58668,-135.19455,1024.0,Dsb,train,ok,,1826,1826,0,True,0,0,-0.022705078125,0,0,0,271.14402136745224,89743.879094503,89613.23282359834,1.0014578903894902,True,0,0.486620453126775,0.8000206449595251,0.8276820732019204,0,0,0,0,0,0,4.999315537303217,0,0.0,10.22171493304731,22.75983725082147,9.444306,0.777822524761201,143
ISMN_SNOTEL_MormonMountain,sm_only,34.94141,-111.51864,2283.0,Csa,oos,ok,,2557,2557,0,True,0,0,-0.332366943359375,0,0,0,284.04324050801876,79338.83686632283,76741.3539273999,1.0338472388873963,True,0,0.6861602385768133,0.8153164601548839,0.8404613292678639,0,0,0,0,0,0,7.000684462696783,0,0.0,20.525737874260134,23.972298087993742,14.967387,0.3435187810894465,165
ISMN_SNOTEL_MormonMtnSummit,sm_only,34.96942,-111.50868,2576.0,Dsb,train,ok,,3653,3653,0,True,0,0,-0.313751220703125,0,0,0,283.990585147535,79247.03562354571,73972.11185475392,1.071309627865556,True,0,0.687838415158782,0.8150555478386298,0.8409195529764979,0,0,0,0,0,0,10.001368925393566,0,0.0,20.574754469266885,23.959479044894604,14.967387,0.34321605860751203,165
ISMN_SNOTEL_MosbyMtn.,sm_only,40.60798,-109.8881,2911.0,Bsk,train,ok,,3287,3287,0,True,0,0,-0.679046630859375,0,0,0,274.05581876721686,71212.06119276697,70905.63906834493,1.0043215480242225,True,0,0.6747335586153351,0.820760825188177,0.8528066780220993,0,0,0,0,0,0,8.999315537303216,0,0.0,18.891261015721557,22.08819967782172,12.728111,0.39964073220859014,166
ISMN_SNOTEL_MoscowMountain,sm_only,46.805,-116.8535,1433.0,Dsb,oos,ok,,3653,3653,0,True,0,0,-0.129486083984375,0,0,0,282.48493614583157,91951.0222184677,85253.50710102575,1.0785599953032474,True,0,0.5624398034075802,0.7651388960405022,0.7973446606724015,0,0,0,0,0,0,10.001368925393566,0,0.0,15.300528676220077,25.201586511086777,12.718553,0.6001108173317667,200
ISMN_SNOTEL_MosesMtn,sm_only,48.36166,-119.08158,1667.0,Dfb,train,ok,,1826,1826,0,True,0,0,-3.0517578125e-05,0,0,0,279.4935616767942,87967.826315204,82837.49864830279,1.0619324309716627,True,0,0.5757430254203105,0.7711223010281102,0.7852210473269553,0,0,0,0,0,0,4.999315537303217,0,0.0,15.282822225246065,24.259599116648413,11.820737,0.5999251696656268,194
ISMN_SNOTEL_MosquitoRidge,sm_only,48.05726,-116.23055,1606.0,Dsb,oos,ok,,3288,3288,0,True,0,0,-0.045867919921875,0,0,0,280.80516461560325,90017.98840718142,83461.90095288077,1.0785518587457281,True,0,0.5238611888609199,0.7704384104630037,0.8254696513192991,0,0,0,0,0,0,9.00205338809035,0,0.0,14.19447217986734,24.68048858789538,11.953235,0.6484995731927229,200
ISMN_SNOTEL_Mt.Ryan,sm_only,65.25113,-146.15133,838.0,Dfc,train,ok,,1461,1461,0,True,0,0,-0.14837646484375,0,0,0,269.80438248087984,92333.27495615161,91654.70921229359,1.007403501136928,True,0,0.5025201406112457,0.7976840053549688,0.8201629075725829,0,0,0,0,0,0,4.0,0,0.0,9.384575251893136,21.806368568788503,10.193154,0.8728987896101092,171
ISMN_SNOTEL_MtBaldy,sm_only,39.13648,-111.50527,2905.0,Bsk,oos,ok,,2922,2922,0,True,0,0,-0.556488037109375,0,0,0,279.2539830348167,76676.20754727071,70959.64031097971,1.0805608260024744,True,0,0.6866401446755771,0.8245923078600641,0.8533186252231499,0,0,0,0,0,0,8.0,0,0.0,19.655560439229454,22.410754300136894,13.376488,0.3899659814134843,172
ISMN_SNOTEL_MtPennell,sm_only,37.97793,-110.7933,2807.0,Bwk,train,ok,,3653,3653,0,True,0,0,-0.38787841796875,0,0,0,282.7566589806591,77800.25548778402,71846.38538701106,1.0828694452574275,True,0,0.7043481371117937,0.8124495337096477,0.8385847937775688,0,0,0,0,0,0,10.001368925393566,0,0.0,20.469724099160125,24.21371237968793,14.993076,0.37201225683906564,165
ISMN_SNOTEL_MtRoseSkiArea,sm_only,39.31573,-119.89473,2685.0,Dsb,oos,ok,,3653,3653,0,True,0,0,-0.36175537109375,0,0,0,280.79272685663165,79433.66275364427,72962.80874184484,1.0886870190907048,True,0,0.682532779050601,0.8130783745507605,0.8511210323100283,0,0,0,0,0,0,10.001368925393566,0,0.0,19.70186483444619,23.08484472515741,14.895732,0.41544513960301666,185
ISMN_SNOTEL_MudFlat,sm_only,42.6004,-116.55925,1753.0,Bsk,train,ok,,1096,1096,0,True,0,0,-0.573883056640625,0,0,0,280.9227579214277,82833.22746065237,81963.62439532709,1.0106096219114349,True,0,0.6472503759448077,0.8000697330650316,0.8335412669688945,0,0,0,0,0,0,3.0006844626967832,0,0.0,17.94131283315127,23.869307786496353,13.355595,0.4726019627547623,179
ISMN_SNOTEL_MyrtleCreek,sm_only,48.72263,-116.46312,1079.0,Dsb,oos,ok,,3287,3287,0,True,0,0,-0.02618408203125,0,0,0,277.77392088841043,85490.9110938926,89016.67722610389,0.96039207211413,True,0,0.5400780164808384,0.7853657927913076,0.8356259186989494,0,0,0,0,0,0,8.999315537303216,0,0.0,14.24349804462329,23.96515069090356,10.252331,0.6265297361140031,200
ISMN_SNOTEL_NavajoWhiskeyCk,sm_only,36.17716,-108.94556,2758.0,Bsk,train,ok,,3653,3653,0,True,0,0,-0.814178466796875,0,0,0,282.5224447973519,76971.7918341945,72293.11046800621,1.0647182191484053,True,0,0.700348661552694,0.8277908375016926,0.861926975117026,0,0,0,0,0,0,10.001368925393566,0,0.0,20.61849530748205,22.961922478784558,13.718364,0.3445189099359544,165
ISMN_SNOTEL_NukaGlacier,sm_only,59.69804,-150.71163,372.0,Dsc,train,ok,,3653,3653,0,True,0,0,-0.052459716796875,0,0,0,273.5151430469913,92671.05221307829,96935.18410158833,0.9560104834170303,True,0,0.47928249172626375,0.793203715138618,0.8330304409404788,0,0,0,0,0,0,10.001368925393566,0,0.0,9.904249512792756,24.15852038625787,12.376524,0.7979607167196773,161
ISMN_SNOTEL_ONeilCreek,sm_only,41.86411,-115.08251,1981.0,Bsk,train,ok,,2922,2922,0,True,0,0,-0.6533203125,0,0,0,278.79656112430683,79197.56820831195,79682.9123013616,0.993909056797346,True,0,0.6746713417805716,0.8355237007656193,0.8617602370196766,0,0,0,0,0,0,8.0,0,0.0,18.68169929853661,22.815664425051338,12.558355,0.42703959572285444,188
ISMN_SNOTEL_OakCreek,sm_only,39.3485,-112.192,2390.0,Dfb,val,ok,,3653,3653,0,True,0,0,-0.796051025390625,0,0,0,282.65819702231977,81491.2038050917,75720.4985514842,1.0762106082764875,True,0,0.6898503232814651,0.8190659511782485,0.8551513647315311,0,0,0,0,0,0,10.001368925393566,0,0.0,19.793326787361604,23.72605108376677,13.600278,0.402460158588287,172
ISMN_SNOTEL_PalisadesTahoe,sm_only,39.18986,-120.26576,2441.0,Dsb,train,ok,,3653,3653,0,True,0,0,-0.0234375,0,0,0,280.4622680346606,80001.03977253285,75237.80773286035,1.063309022195129,True,0,0.661572227728876,0.8108847272574822,0.8394555173069502,0,0,0,0,0,0,10.001368925393566,0,0.0,19.283328319800695,23.32022986996989,15.240352,0.44634695175940536,185
ISMN_SNOTEL_Palo,sm_only,36.40869,-105.33038,2844.0,Dfb,train,ok,,2922,2922,0,True,0,0,-0.09808349609375,0,0,0,277.88299868647,72175.10245818361,71510.54574882962,1.0092931287601712,True,0,0.6940881298680427,0.8260238355145624,0.8468638524277501,0,0,0,0,0,0,8.0,0,0.0,20.247585088784554,22.043234146132786,13.489919,0.3285396922588814,166
ISMN_SNOTEL_PanguitchLakeRS,sm_only,37.70463,-112.65037,2530.0,Dfb,oos,ok,,3653,3653,0,True,0,0,-0.751373291015625,0,0,0,278.1441005077096,74298.39832629003,74401.43413492263,0.9986151367936571,True,0,0.6938831696908739,0.8327243190351491,0.8637657887028461,0,0,0,0,0,0,10.001368925393566,0,0.0,20.089265645286595,21.92169134054202,12.752693,0.36632309610049973,165
ISMN_SNOTEL_ParkCone,sm_only,38.81982,-106.58962,2926.0,Dfc,train,ok,,1826,1826,0,True,0,0,-0.13287353515625,0,0,0,273.8465573581391,69264.22378148959,70770.78153400213,0.9787121504121201,True,0,0.6955712892931327,0.8456936473516745,0.8698834646817073,0,0,0,0,0,0,4.999315537303217,0,0.0,19.84121177617706,19.867368347754656,11.430048,0.37254347942602933,165
ISMN_SNOTEL_ParkReservoir,sm_only,39.04433,-107.87951,3045.0,Dfb,train,ok,,2192,2192,0,True,0,0,-0.369537353515625,0,0,0,276.10974779616305,73119.79204208485,69708.2539657003,1.048940231354284,True,0,0.6711966561588998,0.8235831275265008,0.8415912673602244,0,0,0,0,0,0,6.0013689253935665,0,0.0,19.304089296213302,22.319494200729928,13.82139,0.4027094272828631,166
ISMN_SNOTEL_ParleysSummit,sm_only,40.76184,-111.62917,2313.0,Dsb,train,ok,,3653,3653,0,True,0,0,-0.44708251953125,0,0,0,279.0240472333581,79230.46657285109,76454.01535341398,1.036315309360833,True,0,0.6619215046416708,0.8118502966027035,0.8367347251902778,0,0,0,0,0,0,10.001368925393566,0,0.0,18.852258904525577,23.361341684916507,13.593752,0.44612385406057437,172
ISMN_SNOTEL_ParleysUpper,sm_only,40.70194,-111.60619,2539.0,Dsb,train,ok,,2557,2557,0,True,0,0,-0.44708251953125,0,0,0,278.92858427224513,79245.33337101583,74317.27793885389,1.0663110324925598,True,0,0.6621026635102535,0.8151556914434368,0.8362132689623971,0,0,0,0,0,0,7.000684462696783,0,0.0,18.88220655420342,23.319480467344544,13.593752,0.44543049022960013,191
ISMN_SNOTEL_ParrishCreek,sm_only,40.93417,-111.81372,2365.0,Dsa,oos,ok,,3653,3653,0,True,0,0,-0.542633056640625,0,0,0,281.92514094893914,83151.26156583629,75958.02582644089,1.0947001407834305,True,0,0.6522713722519403,0.7992183121111849,0.8373817421506424,0,0,0,0,0,0,10.001368925393566,0,0.0,18.590563021689555,23.989779707911303,13.76527,0.4584825898845627,173
ISMN_SNOTEL_PaysonR.S.,sm_only,39.92976,-111.63109,2454.0,Dfa,oos,ok,,3653,3653,0,True,0,0,-0.50616455078125,0,0,0,281.50948563687217,80968.35893443745,75115.16826743979,1.0779228856435226,True,0,0.672205384075333,0.8192523009399169,0.8518755069855213,0,0,0,0,0,0,10.001368925393566,0,0.0,19.21081298883984,23.060037021352315,13.124788,0.4221895599345833,172
ISMN_SNOTEL_PebbleCreek,sm_only,42.7674,-112.10648,1987.0,Dfb,oos,ok,,1826,1826,0,True,0,0,-0.63232421875,0,0,0,279.125448170523,81539.59074223028,79623.59518930732,1.0240631630406494,True,0,0.6433870404227782,0.8190325976475782,0.8409946220053989,0,0,0,0,0,0,4.999315537303217,0,0.0,17.894360767414742,23.409615647864182,12.372597,0.47655625648472233,187
ISMN_SNOTEL_PhantomValley,sm_only,40.39803,-105.84606,2752.0,Et,train,ok,,2922,2922,0,True,0,0,-0.948822021484375,0,0,0,272.88985643641416,69589.62450269508,72347.96570760083,0.9618739631732871,True,0,0.6806273541253817,0.8370441813309395,0.8607589671537006,0,0,0,0,0,0,8.0,0,0.0,19.09310669453404,20.27159916187543,11.298389,0.39964829483721453,166
ISMN_SNOTEL_PickleKeg,sm_only,39.01219,-111.58259,2746.0,Bsk,train,ok,,2557,2557,0,True,0,0,-0.310302734375,0,0,0,278.06130076778743,74899.55353258213,72402.85464647101,1.0344834316036573,True,0,0.6883787979789692,0.8242833315739833,0.8545265278238534,0,0,0,0,0,0,7.000684462696783,0,0.0,19.71673667754523,22.310270100508408,13.3063,0.38622330785319636,168
ISMN_SNOTEL_PierceR.S.,sm_only,46.49597,-115.7957,939.0,Dsa,train,ok,,3653,3653,0,True,0,0,-0.02239990234375,0,0,0,280.4560037858839,88677.43700383247,90541.54652304889,0.9794115564533473,True,0,0.5459698796924697,0.7749645394105569,0.8017002434013896,0,0,0,0,0,0,10.001368925393566,0,0.0,14.914868722757168,24.82387103230222,13.383737,0.6115908446502479,200
ISMN_SNOTEL_PineCreek,sm_only,38.88185,-112.24915,2658.0,Bsk,oos,ok,,3653,3653,0,True,0,0,-0.45208740234375,0,0,0,281.0123095195195,78949.21678885505,73211.77420766563,1.0783677576903836,True,0,0.6927894907611652,0.8199354724859665,0.853443498119248,0,0,0,0,0,0,10.001368925393566,0,0.0,19.955621101623855,23.29722394278675,13.697588,0.3936623244757145,172
ISMN_SNOTEL_PocketCreek,sm_only,42.7121,-109.4112,2856.0,Dfb,train,ok,,2556,2556,0,True,0,0,-0.482757568359375,0,0,0,274.2412509410781,73971.39183233079,71401.89819691559,1.0359863491069794,True,0,0.6709498928176448,0.826804816091227,0.8570343968299187,0,0,0,0,0,0,6.997946611909651,0,0.0,18.341893032814276,21.16031957316119,12.084979,0.4358533458004427,190
ISMN_SNOTEL_PoisonFlat,sm_only,38.50576,-119.62624,2356.0,Csb,train,ok,,2557,2557,0,True,0,0,-0.50531005859375,0,0,0,278.48385800334404,77180.10729736996,76043.68319231112,1.0149443590493228,True,0,0.6952014501949272,0.8305993943518092,0.8567168719273063,0,0,0,0,0,0,7.000684462696783,0,0.0,20.18647043350925,22.098351961282752,13.635042,0.4004755358689479,185
ISMN_SNOTEL_PoleCanyon,sm_only,40.86293,-115.12067,2365.0,Dfb,train,ok,,3653,3653,0,True,0,0,-0.7039794921875,0,0,0,278.6707029721197,78239.92828882083,75958.02582644089,1.0300416241411268,True,0,0.6803979744861041,0.8222389877186351,0.8446199242435537,0,0,0,0,0,0,10.001368925393566,0,0.0,19.25597313502106,22.854752889405965,12.519889,0.4272430720161683,186
ISMN_SNOTEL_PoleCreekR.S.,sm_only,41.87255,-115.24713,2548.0,Bsk,train,ok,,1461,1461,0,True,0,0,-0.6964111328125,0,0,0,277.33816828065176,77253.16493412046,74233.19883815637,1.0406821495399685,True,0,0.6633765231451277,0.8194462809188768,0.8498372241072267,0,0,0,0,0,0,4.0,0,0.0,18.400949361407168,22.83131611019849,12.341043,0.4382172577684295,179
ISMN_SNOTEL_PorphyryCreek,sm_only,38.48864,-106.33967,3289.0,Dfb,train,ok,,2557,2557,0,True,0,0,-0.660736083984375,0,0,0,274.61542736257854,70579.64720314334,67570.00565277695,1.0445410877399075,True,0,0.7019378049597895,0.841084771977433,0.8595752327187735,0,0,0,0,0,0,7.000684462696783,0,0.0,20.037235912586294,20.246419935471256,12.266354,0.35632863420911726,166
ISMN_SNOTEL_PorterCanyon,sm_only,39.46544,-117.62069,2192.0,Bsk,val,ok,,3653,3653,0,True,0,0,-0.470458984375,0,0,0,283.1671097591222,81464.11526271215,77618.30136936254,1.049547771923641,True,0,0.6971386855277283,0.8179006290471322,0.858524169556057,0,0,0,0,0,0,10.001368925393566,0,0.0,19.953413683063765,23.40188516205858,14.530593,0.40126872088498494,186
ISMN_SNOTEL_PowderMountain,sm_only,41.37428,-111.76673,2588.0,Dsa,oos,ok,,1461,1461,0,True,0,0,-0.53277587890625,0,0,0,279.1042541879893,80309.94688462526,73860.44530098123,1.0873201015423386,True,0,0.6587878597131087,0.8151353572749255,0.8402664964542236,0,0,0,0,0,0,4.0,0,0.0,18.584464048550565,23.279901346338118,13.579208,0.4511390497159714,187
ISMN_SNOTEL_QuartzMountain,sm_only,42.31923,-120.82533,1740.0,Dsb,train,ok,,1461,1461,0,True,0,0,-0.138275146484375,0,0,0,280.84893312134375,84552.8765667779,82095.24058050546,1.0299364003186322,True,0,0.6354105713145487,0.8081552819461683,0.8275943370150589,0,0,0,0,0,0,4.0,0,0.0,17.901329687154263,23.545757607802877,13.920971,0.48778644026324386,194
ISMN_SNOTEL_QuartzPeak,sm_only,47.87927,-117.08938,1436.0,Dsb,oos,ok,,2557,2557,0,True,0,0,-0.061798095703125,0,0,0,281.3127138020706,90460.51961832715,85222.17570845161,1.0614669112391135,True,0,0.5475280548680708,0.7666295920433581,0.8117677564144415,0,0,0,0,0,0,7.000684462696783,0,0.0,14.816403436487347,25.197997204927653,12.173299,0.6222152646291474,200
ISMN_SNOTEL_Quemazon,sm_only,35.92195,-106.39179,2893.0,Dfb,train,ok,,2922,2922,0,True,0,0,-0.370025634765625,0,0,0,278.68166172202524,73294.7702772074,71067.74270356046,1.0313366865039792,True,0,0.6906923065116922,0.8268964788789966,0.8540477748881969,0,0,0,0,0,0,8.0,0,0.0,20.345896350555776,22.534867096509238,13.939152,0.3406988190796115,165
ISMN_SNOTEL_RaggedMountain,sm_only,47.85583,-117.03667,1283.0,Dsb,val,ok,,3653,3653,0,True,0,0,-0.061798095703125,0,0,0,281.2414969614751,90464.73832081509,86832.01237369272,1.0418362519515092,True,0,0.5458192663283851,0.765901994868014,0.8112228774563454,0,0,0,0,0,0,10.001368925393566,0,0.0,14.7687452105754,25.208556524774156,12.173299,0.6259797483816388,200
ISMN_SNOTEL_RainbowCanyon,sm_only,36.2493,-115.62972,2390.0,Bwh,oos,ok,,3653,3653,0,True,0,0,-0.701995849609375,0,0,0,283.00647564127513,76619.91126086436,75720.4985514842,1.0118780611140408,True,0,0.706676224172174,0.8086218050900069,0.8399384104074255,0,0,0,0,0,0,10.001368925393566,0,0.0,20.96986860011824,25.012634520941692,15.644852,0.3589361970321452,169
ISMN_SNOTEL_RainyPass,sm_only,48.51865,-120.7358,1487.0,Dsb,oos,ok,,1826,1826,0,True,0,0,-0.097198486328125,0,0,0,274.90279786192445,82156.0770382667,84690.9669382626,0.9700689460560326,True,0,0.5430693765643011,0.7882560548637817,0.8082065469952288,0,0,0,0,0,0,4.999315537303217,0,0.0,14.341143066428979,23.605677960021907,11.446794,0.6207413996195268,199
ISMN_SNOTEL_ReddenMineLwr,sm_only,40.67505,-111.21765,2603.0,Dfb,train,ok,,3653,3653,0,True,0,0,-0.505645751953125,0,0,0,277.9887823715231,78590.63909800164,73721.05409742719,1.066054196595439,True,0,0.6751832817551295,0.8243360431955272,0.8494108454989291,0,0,0,0,0,0,10.001368925393566,0,0.0,19.126304360862832,22.211426705995073,13.147996,0.42750760570859275,172
ISMN_SNOTEL_ReesFlat,sm_only,39.49667,-111.72508,2188.0,Bsk,train,ok,,3653,3653,0,True,0,0,-0.390106201171875,0,0,0,280.36283785540405,78799.66103416712,77657.0338696619,1.0147137626505667,True,0,0.6859560549750233,0.8295733463687626,0.8592052267886242,0,0,0,0,0,0,10.001368925393566,0,0.0,19.596694527301377,22.915156201751987,13.449232,0.40177846224796643,172
ISMN_SNOTEL_ReynoldsCreek,sm_only,43.28863,-116.8431,1704.0,Bsk,train,ok,,1461,1461,0,True,0,0,-1.07330322265625,0,0,0,282.71055292838406,85914.73723584018,82460.60956867282,1.041888214084699,True,0,0.625422739815594,0.7837164232729906,0.8079807602297937,0,0,0,0,0,0,4.0,0,0.0,17.345487340873284,24.53279313963039,14.081699,0.5023496829392546,179
ISMN_SNOTEL_RioSantaBarbara,sm_only,36.07196,-105.62949,3243.0,Dfb,oos,ok,,3287,3287,0,True,0,0,-0.250152587890625,0,0,0,279.66261491116904,74091.79513756845,67969.0002988108,1.0900821670443896,True,0,0.6965187107444479,0.8259512066389729,0.8466025322177616,0,0,0,0,0,0,8.999315537303216,0,0.0,20.47034994301088,22.543056792515973,13.582663,0.3345563680800708,164
ISMN_SNOTEL_RockCreek,sm_only,40.54875,-110.69292,2402.0,Bsk,oos,ok,,3653,3653,0,True,0,0,-0.481842041015625,0,0,0,273.8039577138479,70801.56309454558,75606.69929253536,0.9364456292504203,True,0,0.6750643158806809,0.8199042060205436,0.8434829153329233,0,0,0,0,0,0,10.001368925393566,0,0.0,19.009124894670663,21.37329567560909,13.002594,0.4115716868063952,172
ISMN_SNOTEL_RockSprings,sm_only,44.00883,-118.83842,1612.0,Bsk,train,ok,,1461,1461,0,True,0,0,-0.114501953125,0,0,0,280.06128476956866,85169.3039869952,83400.31586818525,1.02121080838118,True,0,0.6226965310641815,0.8014288725644187,0.8239984077089368,0,0,0,0,0,0,4.0,0,0.0,17.14845073985789,23.531585257357975,13.677815,0.5066160266339438,193
ISMN_SNOTEL_RockwoodGS,sm_only,38.67101,-112.3305,2621.0,Bsk,oos,ok,,1461,1461,0,True,0,0,-0.8084716796875,0,0,0,281.0220745277274,78945.97450911191,73554.0659072206,1.0733053779609212,True,0,0.6926082649226397,0.8255816764030766,0.8537580040717189,0,0,0,0,0,0,4.0,0,0.0,19.958535557106348,22.975622074606438,13.6372,0.38684649187238584,172
ISMN_SNOTEL_RockyBasin-Settleme,sm_only,40.44293,-112.22377,2652.0,Dfa,train,ok,,2557,2557,0,True,0,0,-0.77899169921875,0,0,0,282.26255982734284,81714.68159708643,73267.19317259383,1.1152970116460315,True,0,0.6593197611120969,0.802496105136949,0.849489146736764,0,0,0,0,0,0,7.000684462696783,0,0.0,18.787462917670375,23.816039424716465,13.771529,0.43720741164430205,172
ISMN_SNOTEL_RoughAndTumble,sm_only,39.02611,-106.08063,3176.0,Dfb,train,ok,,2192,2192,0,True,0,0,-0.6927490234375,0,0,0,272.43687901183637,68558.88343978103,68553.55570339803,1.0000777164120567,True,0,0.7065127541201299,0.8461003202260197,0.8643716589322609,0,0,0,0,0,0,6.0013689253935665,0,0.0,20.047764242381188,20.020677094890512,11.857914,0.3637959719684228,159
ISMN_SNOTEL_Rubicon#2,sm_only,38.99927,-120.13139,2307.0,Dsb,train,ok,,3653,3653,0,True,0,0,-0.08746337890625,0,0,0,279.8734972619893,79142.6145804818,76511.41326014338,1.034389657806897,True,0,0.6673854312762998,0.8148134038494955,0.8435885513349858,0,0,0,0,0,0,10.001368925393566,0,0.0,19.463120487881724,23.180431717218724,14.997848,0.4394915572663754,185
ISMN_SNOTEL_SageCreekBasin,sm_only,41.40107,-107.2574,2387.0,Bsk,train,ok,,1827,1827,0,True,0,0,-0.78271484375,0,0,0,277.83505340893544,76966.6084770115,75748.97002615168,1.0160746535621465,True,0,0.6893230144982342,0.8384970843877801,0.8585231307611159,0,0,0,0,0,0,5.002053388090349,0,0.0,19.147622949607342,22.22569597263273,11.376291,0.41663376953172593,157
ISMN_SNOTEL_SaltRiverSummit,sm_only,42.5075,-110.9099,2326.0,Dfc,train,ok,,3653,3653,0,True,0,0,-0.317840576171875,0,0,0,276.59684019509064,77780.11662503422,76329.77282948577,1.0190010233462687,True,0,0.641805763911237,0.8198622784394761,0.8513985362355947,0,0,0,0,0,0,10.001368925393566,0,0.0,17.869049013477124,21.829112613468386,11.92246,0.4726953915870681,191
ISMN_SNOTEL_SandstoneRS,sm_only,41.11179,-107.17043,2484.0,Dfb,oos,ok,,3287,3287,0,True,0,0,-0.92431640625,0,0,0,276.6065871398573,74927.70343873593,74832.77182661452,1.0012685834000825,True,0,0.6689154079850966,0.8260720538183544,0.8502664140700152,0,0,0,0,0,0,8.999315537303216,0,0.0,18.855800106077506,21.9495575792516,11.428927,0.43429118040245457,185
ISMN_SNOTEL_SantaFe,sm_only,35.77154,-105.78487,3499.0,Dfb,train,ok,,3653,3653,0,True,0,0,-0.372833251953125,0,0,0,279.9083397899495,73793.98182572544,65772.52345178195,1.1219575888680027,True,0,0.6944064887773455,0.820450879018296,0.843960464963573,0,0,0,0,0,0,10.001368925393566,0,0.0,20.493920862915942,22.869211473035865,13.797339,0.33497370289469713,164
ISMN_SNOTEL_SantaquinMeadows,sm_only,39.92076,-111.71802,2387.0,Dfa,val,ok,,3288,3288,0,True,0,0,-0.713592529296875,0,0,0,282.9740649824305,83080.74091868156,75748.97002615168,1.0967903707469375,True,0,0.6725974869093738,0.8189965753722002,0.8542218288098347,0,0,0,0,0,0,9.00205338809035,0,0.0,19.202303013200673,23.224032665754258,13.100804,0.42006050483452334,172
ISMN_SNOTEL_SavagePass,sm_only,46.46633,-114.63333,1881.0,Dfb,train,ok,,2922,2922,0,True,0,0,-0.025177001953125,0,0,0,277.6314594287076,84360.08058211414,80676.81066980194,1.0456546296480072,True,0,0.5757840045787763,0.7979846632665784,0.8271800916323999,0,0,0,0,0,0,8.0,0,0.0,15.417283492924016,23.417480256673514,12.309808,0.5669295061065277,193
ISMN_SNOTEL_Sawtooth,sm_only,40.13632,-105.58486,2938.0,Dfc,val,ok,,1826,1826,0,True,0,0,-0.912445068359375,0,0,0,273.19054930103044,70175.82937003697,70663.04510854278,0.993105084308815,True,0,0.6834489427418943,0.8427425663725442,0.862077578331378,0,0,0,0,0,0,4.999315537303217,0,0.0,19.097564060555968,21.009683243154434,12.451553,0.37946675049076495,159
ISMN_SNOTEL_SchofieldPass,sm_only,39.01467,-107.04933,3243.0,Dfc,train,ok,,3653,3653,0,True,0,0,-0.613922119140625,0,0,0,271.8845536351824,67581.15251377293,67969.0002988108,0.9942937547509485,True,0,0.6833424822091246,0.8357831354713734,0.8634760534957743,0,0,0,0,0,0,10.001368925393566,0,0.0,19.627641331024346,20.657967897892142,11.866358,0.39645383720363864,165
ISMN_SNOTEL_SeeleyCreek,sm_only,39.31042,-111.43297,3018.0,Dfb,train,ok,,3653,3653,0,True,0,0,-0.48883056640625,0,0,0,280.98067534306,78924.59163701067,69948.19111992893,1.1283292730428347,True,0,0.685913435123364,0.8260516444032261,0.8552602424920608,0,0,0,0,0,0,10.001368925393566,0,0.0,19.629118622565546,22.323608892690938,13.432408,0.3954833805595526,172
ISMN_SNOTEL_SenoritaDivide#2,sm_only,36.00152,-106.83408,2609.0,Dfb,train,ok,,1826,1826,0,True,0,0,-0.845611572265625,0,0,0,280.3758459018068,74848.5662907311,73665.35729457678,1.0160619460708356,True,0,0.6931372914255861,0.8370045701517586,0.8602151354016013,0,0,0,0,0,0,4.999315537303217,0,0.0,20.353097432255925,22.3513454550931,12.997382,0.33753738326349586,164
ISMN_SNOTEL_SeventysixCreek,sm_only,41.73732,-115.47215,2243.0,Bsk,train,ok,,2922,2922,0,True,0,0,-0.4083251953125,0,0,0,277.0321395947132,77088.37549730492,77125.83165010718,0.9995143500951512,True,0,0.6732558780211523,0.8349769036775961,0.8652140562551739,0,0,0,0,0,0,8.0,0,0.0,18.694876483035067,22.519899899041754,12.301803,0.43023482920619155,189
ISMN_SNOTEL_ShanghiSummit,sm_only,46.56603,-115.74216,1399.0,Dsa,train,ok,,2557,2557,0,True,0,0,-0.057586669921875,0,0,0,280.1282945139873,88201.00751918752,85609.2485494937,1.030274287108074,True,0,0.5473562608599006,0.7778036789720747,0.8061715171525933,0,0,0,0,0,0,7.000684462696783,0,0.0,14.940047993389967,24.77882304614783,13.240359,0.6071031108597086,193
ISMN_SNOTEL_Sharkstooth,sm_only,37.50356,-108.11405,3271.0,Dfb,oos,ok,,1827,1827,0,True,0,0,-0.52996826171875,0,0,0,277.09319910509834,72962.28493175287,67725.9074904285,1.0773171986224683,True,0,0.6891460921006812,0.8312434934325688,0.8559411020437919,0,0,0,0,0,0,5.002053388090349,0,0.0,20.088662596022232,21.400621621237,12.719087,0.3791168977727364,166
ISMN_SNOTEL_SheepMtn.,sm_only,43.2103,-111.68792,2021.0,Dfb,oos,ok,,3653,3653,0,True,0,0,-0.160430908203125,0,0,0,278.2757883685405,80327.77410689843,79288.13987406118,1.0131121026989482,True,0,0.6328787089869682,0.8127644238393074,0.8458908080138022,0,0,0,0,0,0,10.001368925393566,0,0.0,17.547514171976985,23.139156338078294,12.060374,0.4911932315075318,188
ISMN_SNOTEL_Sheldon,sm_only,41.90435,-119.44464,1786.0,Bsk,train,ok,,2922,2922,0,True,0,0,-0.383056640625,0,0,0,280.65553296224294,82242.49430505646,81630.28897526894,1.007499732482547,True,0,0.6590806556583269,0.8056660877442013,0.8457452085536226,0,0,0,0,0,0,8.0,0,0.0,18.535286589126784,23.369049547912386,13.308293,0.4610610928191634,178
ISMN_SNOTEL_Sherwin,sm_only,46.95028,-116.33972,972.0,Dsb,val,ok,,2192,2192,0,True,0,0,-0.1048583984375,0,0,0,281.2705607657885,89981.78812157847,90180.22219964542,0.9977995831765901,True,0,0.5489581472176106,0.7686210940040529,0.8093535757094654,0,0,0,0,0,0,6.0013689253935665,0,0.0,14.95512460548178,24.949359916970806,12.272343,0.6102020996373725,193
ISMN_SNOTEL_Shuree,sm_only,36.78765,-105.2392,3072.0,Dfb,train,ok,,2557,2557,0,True,0,0,-0.2943115234375,0,0,0,277.2789004925969,71736.48832860774,69468.98368899558,1.0326405327845807,True,0,0.696154592111668,0.8324633614338459,0.8518473186703132,0,0,0,0,0,0,7.000684462696783,0,0.0,20.171586200664116,21.73728965389128,13.341986,0.3295577876938467,165
ISMN_SNOTEL_Silvies,sm_only,42.75333,-118.68785,2134.0,Bsk,oos,ok,,1461,1461,0,True,0,0,-0.502685546875,0,0,0,280.3381158722989,81728.32891106264,78181.45625396167,1.045367185865398,True,0,0.6532615456896192,0.812083934224618,0.8465133234843949,0,0,0,0,0,0,4.0,0,0.0,18.134979828153575,24.054401483230663,13.789127,0.4712850047089485,186
ISMN_SNOTEL_Slumgullion,sm_only,37.99076,-107.20392,3523.0,Dfc,train,ok,,3287,3287,0,True,0,0,-0.373443603515625,0,0,0,273.17842923713596,68292.81849425768,65569.58708044751,1.0415319286740212,True,0,0.6919004622093635,0.8412036370143785,0.8616786653165683,0,0,0,0,0,0,8.999315537303216,0,0.0,19.923831408176685,20.2086088107697,11.692208,0.3651692644165439,165
ISMN_SNOTEL_SmithMorehouse,sm_only,40.78931,-111.09192,2329.0,Dfb,train,ok,,2557,2557,0,True,0,0,-0.30999755859375,0,0,0,274.4595128172396,73096.28896472917,76301.12470813119,0.9579975294510896,True,0,0.6708021115372482,0.8196034111396916,0.8454369956997313,0,0,0,0,0,0,7.000684462696783,0,0.0,18.932743349426342,21.846050374266717,13.102339,0.42599903691795593,172
ISMN_SNOTEL_SnakeRiverStation,sm_only,44.13361,-110.66917,2103.0,Dfc,val,ok,,3653,3653,0,True,0,0,-0.22406005859375,0,0,0,274.9016582573599,76171.00938654873,78483.80677431056,0.9705315340473665,True,0,0.6157814808498034,0.8167080575800728,0.8502331190777334,0,0,0,0,0,0,10.001368925393566,0,0.0,16.961105857714738,21.96550910840405,10.885299,0.5149331545545798,194
ISMN_SNOTEL_Snowbird,sm_only,40.56914,-111.65852,2795.0,Dsb,train,ok,,2557,2557,0,True,0,0,-0.480682373046875,0,0,0,276.67370080332483,75627.67572778158,71955.58019901901,1.0510328110565723,True,0,0.6730503670988456,0.8251612664758778,0.8475706724781801,0,0,0,0,0,0,7.000684462696783,0,0.0,19.13522266839974,23.10740770473211,13.310926,0.43235962285204366,191
ISMN_SNOTEL_SomsenRanch,sm_only,42.95275,-111.35933,2082.0,Dfb,train,ok,,3653,3653,0,True,0,0,-0.229705810546875,0,0,0,277.0958056592171,79397.0556327847,78689.16227150278,1.0089960718966542,True,0,0.6306639359239334,0.8181337799489854,0.8473834896868351,0,0,0,0,0,0,10.001368925393566,0,0.0,17.570980238223907,22.58163755078018,11.889466,0.4915763878429567,190
ISMN_SNOTEL_SonoraPass,sm_only,38.31021,-119.6003,2673.0,Csb,val,ok,,2922,2922,0,True,0,0,-0.300933837890625,0,0,0,276.0783380172907,73840.97167233487,73073.37528287452,1.0105044605711575,True,0,0.700146943008312,0.8358186550653661,0.8589311304514216,0,0,0,0,0,0,8.0,0,0.0,20.34985221472569,21.662856562286105,13.289668,0.39453367522809435,185
ISMN_SNOTEL_SourdoughGulch,sm_only,46.23713,-117.39435,1207.0,Bsk,train,ok,,3653,3653,0,True,0,0,-0.25909423828125,0,0,0,281.83783660312235,89768.01361252737,87640.77294271691,1.024272271893367,True,0,0.5793793412597392,0.7674424638319546,0.8069356045892623,0,0,0,0,0,0,10.001368925393566,0,0.0,15.7233303991875,25.087649578702436,13.663751,0.5744518218369398,200
ISMN_SNOTEL_SouthBrushCreek,sm_only,41.3295,-106.5025,2585.0,Dfb,train,ok,,3287,3287,0,True,0,0,-0.691070556640625,0,0,0,276.9575025223656,75950.36941454974,73888.34913418988,1.027907245249383,True,0,0.6725993545592656,0.825887536963433,0.8516576885763242,0,0,0,0,0,0,8.999315537303216,0,0.0,18.762489851133786,21.601891709461515,11.269315,0.42270506538854424,185
ISMN_SNOTEL_SouthMtn.,sm_only,42.76476,-116.90029,2027.0,Bsk,val,ok,,3653,3653,0,True,0,0,-0.391693115234375,0,0,0,280.97330902375296,83089.73939014167,79229.06085208817,1.0487280613518941,True,0,0.6544539972015357,0.8180297992812094,0.8492800126206693,0,0,0,0,0,0,10.001368925393566,0,0.0,18.040237876329574,23.724008883383522,13.304849,0.463744988618348,190
ISMN_SNOTEL_SpiritLk,sm_only,40.83868,-110.00527,3121.0,Bsk,train,ok,,3288,3288,0,True,0,0,-0.74603271484375,0,0,0,273.8517703128267,71016.15809382603,69036.45116672508,1.0286762557119267,True,0,0.6651681911986601,0.8226658478200592,0.8544614783006726,0,0,0,0,0,0,9.00205338809035,0,0.0,18.507817032665393,21.3715254966545,12.105937,0.4064123301247664,166
ISMN_SNOTEL_SprattCreek,sm_only,38.66627,-119.81741,1847.0,Csb,train,ok,,2192,2192,0,True,0,0,-0.130218505859375,0,0,0,278.2150079908162,76796.84307282162,81017.01359451433,0.9479100705585813,True,0,0.681458130999721,0.8255453446010587,0.8507871555047267,0,0,0,0,0,0,6.0013689253935665,0,0.0,19.8650108272352,22.33658149361314,13.947166,0.4223432593504156,178
ISMN_SNOTEL_SpringCreek,sm_only,61.65653,-149.12926,180.0,Dsc,train,ok,,2557,2557,0,True,0,0,-0.105316162109375,0,0,0,273.688529822059,95983.62521692902,99181.23441146461,0.9677599375173136,True,0,0.4459202190365317,0.7575374438403619,0.802709925443977,0,0,0,0,0,0,7.000684462696783,0,0.0,9.122432001993799,22.73195122291748,11.419756,0.8299856412140836,137
ISMN_SNOTEL_StateLine,sm_only,41.98609,-120.71574,1734.0,Dsb,train,ok,,1826,1826,0,True,0,0,-0.1148681640625,0,0,0,280.85027150282593,83097.07156181545,82156.04420463205,1.0114541463904896,True,0,0.64850481747187,0.816911267162129,0.8436858164520303,0,0,0,0,0,0,4.999315537303217,0,0.0,18.303262411445406,23.760084202081053,13.893995,0.47674492312082306,194
ISMN_SNOTEL_SteelCreekPark,sm_only,40.90862,-110.50462,3091.0,Bsk,train,ok,,3653,3653,0,True,0,0,-0.33447265625,0,0,0,275.0429609096641,72494.28778572407,69301.00730304375,1.0460784136761034,True,0,0.6651556349516891,0.8236889952801024,0.8514047317780187,0,0,0,0,0,0,10.001368925393566,0,0.0,18.572419281749777,21.39154117355598,12.149709,0.4142305723614849,172
ISMN_SNOTEL_StickneyMill,sm_only,43.86117,-114.20902,2268.0,Dfb,oos,ok,,3653,3653,0,True,0,0,-0.402435302734375,0,0,0,274.0307276339652,74462.13752609157,76885.35076939168,0.9684827705271418,True,0,0.6735656174042771,0.8334997852899094,0.8622184527730995,0,0,0,0,0,0,10.001368925393566,0,0.0,18.16321273315958,21.05526336955927,10.908105,0.4565529103581195,193
ISMN_SNOTEL_StillwaterCreek,sm_only,40.22532,-105.9198,2670.0,Dfc,train,ok,,2192,2192,0,True,0,0,-0.870361328125,0,0,0,274.2359524747751,71132.11925824019,73101.03810578416,0.9730657881397695,True,0,0.6810911913993412,0.8380478875716226,0.8616815715478876,0,0,0,0,0,0,6.0013689253935665,0,0.0,19.174530756029228,20.27700943248175,11.245201,0.3979451866783263,166
ISMN_SNOTEL_StrawberryDivide,sm_only,40.16483,-111.20665,2469.0,Dfb,oos,ok,,3653,3653,0,True,0,0,-0.503082275390625,0,0,0,277.9080072335599,76839.17415694293,74973.86238506879,1.0248794941668313,True,0,0.6755065301503028,0.8215938441757173,0.8458907795261863,0,0,0,0,0,0,10.001368925393566,0,0.0,19.237545554949886,22.145920304681084,12.913238,0.4196832829871713,172
ISMN_SNOTEL_SummitCreek,sm_only,60.61713,-149.53128,408.0,Dfc,train,ok,,2192,2192,0,True,0,0,-0.202484130859375,0,0,0,271.85675314743156,89141.87894545506,96518.67248304092,0.9235713323877095,True,0,0.4378537261697831,0.7794407529927256,0.7985194227487366,0,0,0,0,0,0,6.0013689253935665,0,0.0,9.128978767016221,24.219792045620437,11.816822,0.8311091084564496,151
ISMN_SNOTEL_SummitLk,sm_only,41.48953,-118.99663,2313.0,Bsk,train,ok,,2922,2922,0,True,0,0,-0.343536376953125,0,0,0,280.8893313763649,80700.12726460901,76454.01535341398,1.055538115186849,True,0,0.6753287604851577,0.8095974747288398,0.8454416987171043,0,0,0,0,0,0,8.0,0,0.0,18.994869079508547,23.736584826146476,13.533531,0.4415818318568691,187
ISMN_SNOTEL_SummitMeadow,sm_only,38.39747,-119.53522,2853.0,Csb,train,ok,,3653,3653,0,True,0,0,-0.300933837890625,0,0,0,276.1590830721726,73822.90747544826,71429.04754537083,1.033513815630215,True,0,0.7002765399897848,0.8356202296587496,0.860486009422369,0,0,0,0,0,0,10.001368925393566,0,0.0,20.34129930419708,21.707064743224745,13.289668,0.3972030020911187,185
ISMN_SNOTEL_SummitRanch,sm_only,39.71803,-106.1577,2850.0,Dfc,train,ok,,2192,2192,0,True,0,0,-1.493408203125,0,0,0,273.09222132968205,70355.77748631386,71456.20525219587,0.9845999691419635,True,0,0.687476998947975,0.8424695061448815,0.8608791777054704,0,0,0,0,0,0,6.0013689253935665,0,0.0,19.44979265114031,19.9702739270073,11.353532,0.39063756938075356,159
ISMN_SNOTEL_SunflowerFlat,sm_only,38.048,-111.33981,3051.0,Bsk,val,ok,,3653,3653,0,True,0,0,-0.6644287109375,0,0,0,276.788142114739,71590.94205105393,69655.02521169843,1.0277929242502142,True,0,0.703903639448651,0.8339108115192871,0.8659503087509209,0,0,0,0,0,0,10.001368925393566,0,0.0,20.246725667733898,22.09048374459348,13.109002,0.35600949370049256,165
ISMN_SNOTEL_Sunset,sm_only,47.55545,-115.82422,1701.0,Dsb,train,ok,,2192,2192,0,True,0,0,-0.004150390625,0,0,0,279.1816846123577,87750.39079251254,82491.11631890872,1.063755646768939,True,0,0.535767006275213,0.778685213835226,0.8118633103676135,0,0,0,0,0,0,6.0013689253935665,0,0.0,14.431353039826442,24.265788686131387,13.377439,0.6271843071622812,200
ISMN_SNOTEL_SusitnaValleyHigh,sm_only,62.13245,-150.04391,113.0,Dfc,train,ok,,3288,3288,0,True,0,0,-0.08917236328125,0,0,0,274.5415512233465,98547.75112150243,99974.85702555654,0.9857253518883322,True,0,0.45622922882971,0.7701462939476995,0.8004605059435116,0,0,0,0,0,0,9.00205338809035,0,0.0,9.054273501643493,23.27763238777373,11.45145,0.841782443845632,160
ISMN_SNOTEL_SuuRanch,sm_only,37.59711,-112.92949,2454.0,Dfa,train,ok,,3653,3653,0,True,0,0,-0.319427490234375,0,0,0,279.66624970727185,75927.04799565425,75115.16826743979,1.010808465812442,True,0,0.7004992196774947,0.830918317405213,0.8602278818739676,0,0,0,0,0,0,10.001368925393566,0,0.0,20.336510315968226,22.483865230495482,13.529486,0.36593262786766334,166
ISMN_SNOTEL_SwedePeak,sm_only,43.626,-113.96887,2329.0,Dsb,train,ok,,2557,2557,0,True,0,0,-0.3670654296875,0,0,0,273.8199143691318,74183.0797290526,76301.12470813119,0.9722409730239157,True,0,0.6723772238451696,0.8272976750932713,0.8529382542576818,0,0,0,0,0,0,7.000684462696783,0,0.0,18.224859912826805,21.361679148611657,11.490009,0.45266600518251,188
ISMN_SNOTEL_TahoeCityCross,sm_only,39.17162,-120.15362,2060.0,Dsb,train,ok,,3653,3653,0,True,0,0,-0.018890380859375,0,0,0,280.66693589748047,80039.49799608199,78904.76304014209,1.014381070447707,True,0,0.6665379191941367,0.8138037527710091,0.8418004118321574,0,0,0,0,0,0,10.001368925393566,0,0.0,19.398958039483148,23.060203984396388,14.975964,0.43927223736697146,185
ISMN_SNOTEL_TakkaWiiya,sm_only,39.74104,-113.98262,2777.0,Bwk,train,ok,,3288,3288,0,True,0,0,-0.533233642578125,0,0,0,279.5150957548415,76301.99528826414,72119.62435106553,1.0579921342468392,True,0,0.6935813881224727,0.8174225637690096,0.8553451362827902,0,0,0,0,0,0,9.00205338809035,0,0.0,19.66830724312768,23.208538389598537,13.328632,0.38893644541579286,175
ISMN_SNOTEL_TaosPowderhorn,sm_only,36.58195,-105.45617,3362.0,Dfb,train,ok,,3653,3653,0,True,0,0,-0.323974609375,0,0,0,277.78471047865867,71647.65828385916,66940.7131350233,1.0703151330243776,True,0,0.6977179790435076,0.8303862024440409,0.8534985096717984,0,0,0,0,0,0,10.001368925393566,0,0.0,20.32046063789541,22.064892378045442,13.506829,0.3304164299588765,166
ISMN_SNOTEL_TaosPueblo,sm_only,36.54099,-105.35944,3350.0,Dfb,train,ok,,1826,1826,0,True,0,0,-0.276153564453125,0,0,0,277.09539626958207,70935.40759344195,67043.83123135827,1.0580452562243114,True,0,0.6944948842639994,0.8290581886160528,0.8487522450822772,0,0,0,0,0,0,4.999315537303217,0,0.0,20.196933391730187,21.95037976177437,13.496788,0.3303863148208139,164
ISMN_SNOTEL_TaylorCanyon,sm_only,41.2287,-116.0293,1926.0,Bsk,train,ok,,1826,1826,0,True,0,0,-0.365875244140625,0,0,0,280.5445533075573,81438.64921618291,80228.32168619682,1.0150860382536746,True,0,0.6841749571253061,0.8387428973774087,0.8615557569287344,0,0,0,0,0,0,4.999315537303217,0,0.0,19.163074715385914,22.944412199890472,13.300505,0.4240480789584719,190
ISMN_SNOTEL_TelaquanaLake,sm_only,60.98347,-153.91866,369.0,Dfc,val,ok,,3653,3653,0,True,0,0,-0.076263427734375,0,0,0,272.24370256032876,94823.59472522585,96969.95899159291,0.977865678312258,True,0,0.4693246729491559,0.7892420835502972,0.8210628981392821,0,0,0,0,0,0,10.001368925393566,0,0.0,9.373708060287965,22.555904697782644,9.683798,0.8098551588383233,148
ISMN_SNOTEL_TempleFork,sm_only,41.793,-111.54605,2262.0,Dfb,train,ok,,2922,2922,0,True,0,0,-0.559356689453125,0,0,0,277.7708524250968,78285.08409533282,76943.01073031273,1.017442433721811,True,0,0.6535875790145692,0.8225549988476345,0.8508842245561618,0,0,0,0,0,0,8.0,0,0.0,18.321182573006148,22.510534812457223,12.92437,0.45800332032740143,186
ISMN_SNOTEL_ThaynesCanyon,sm_only,40.6235,-111.53322,2819.0,Dsb,train,ok,,1827,1827,0,True,0,0,-0.5350341796875,0,0,0,276.9550729051077,76414.12068965517,71737.32479242557,1.0651933412733479,True,0,0.6679408224206432,0.8105520299200593,0.8335846812541171,0,0,0,0,0,0,5.002053388090349,0,0.0,19.001571777193554,22.93393325779967,13.454577,0.4378512939820219,173
ISMN_SNOTEL_ThistleFlat,sm_only,39.23803,-111.51998,2679.0,Bsk,train,ok,,3653,3653,0,True,0,0,-0.68585205078125,0,0,0,281.0522396193117,78957.45022070901,73018.07506621239,1.0813411631176366,True,0,0.6853344020742288,0.8233184769290911,0.8544942908783817,0,0,0,0,0,0,10.001368925393566,0,0.0,19.62668800608594,22.485125579797423,13.453594,0.39487575203218933,172
ISMN_SNOTEL_ThumbDivide,sm_only,44.36917,-110.57717,2429.0,Dfc,train,ok,,3653,3653,0,True,0,0,-0.231964111328125,0,0,0,274.55252464914724,75355.06201452573,75351.15725164679,1.0000518208747067,True,0,0.6225768450315966,0.8204177655428112,0.8536293916806388,0,0,0,0,0,0,10.001368925393566,0,0.0,16.990470470909372,21.6547488291815,10.498943,0.5067829700279701,194
ISMN_SNOTEL_Timberline,sm_only,39.67712,-110.43395,2658.0,Bsk,train,ok,,3653,3653,0,True,0,0,-0.3751220703125,0,0,0,280.2651348265432,77670.78533696619,73211.77420766563,1.060905655921581,True,0,0.6982404247650218,0.828331838839031,0.8609185303466882,0,0,0,0,0,0,10.001368925393566,0,0.0,19.734690636252928,22.31468551902546,13.29921,0.3794580280046218,172
ISMN_SNOTEL_TimpanogosDivide,sm_only,40.42817,-111.61633,2493.0,Dfb,train,ok,,3653,3653,0,True,0,0,-0.53326416015625,0,0,0,277.59300033941093,76614.48802995826,74748.22074255305,1.024967380746533,True,0,0.6703813912732608,0.8202068217133941,0.8455252883553496,0,0,0,0,0,0,10.001368925393566,0,0.0,19.089884884268255,23.112570876813574,13.24654,0.4321725004697418,172
ISMN_SNOTEL_Tipton,sm_only,44.65567,-118.42617,1570.0,Bsk,oos,ok,,1461,1461,0,True,0,0,-0.198333740234375,0,0,0,278.94502457782556,83870.02079055441,83832.18523944954,1.000451324881927,True,0,0.6012615802891568,0.7925612253878134,0.8152511092713467,0,0,0,0,0,0,4.0,0,0.0,16.501818503033792,23.72125480287475,13.828684,0.5296940599645442,193
ISMN_SNOTEL_ToeJam,sm_only,41.3187,-116.3408,2347.0,Bwk,train,ok,,3288,3288,0,True,0,0,-0.46661376953125,0,0,0,279.1920968540684,79545.51801532086,76129.41875814174,1.0448722624302684,True,0,0.6781406739719408,0.8316044507457199,0.8577626958473125,0,0,0,0,0,0,9.00205338809035,0,0.0,19.029312980962228,23.11840539446472,12.390175,0.4344973481132093,189
ISMN_SNOTEL_Tok,sm_only,63.32529,-143.03834,500.0,Dwc,train,ok,,1826,1826,0,True,0,0,-0.258544921875,0,0,0,270.6465262739969,94606.87366939348,95460.83402866429,0.9910543379600644,True,0,0.48796737683853736,0.7628435590597331,0.7847106224969806,0,0,0,0,0,0,4.999315537303217,0,0.0,9.89240215843336,21.849861530668125,9.689532,0.8460954061748552,163
ISMN_SNOTEL_TokositnaValley,sm_only,62.62918,-150.7741,256.0,Dfc,train,ok,,3287,3287,0,True,0,0,-0.103515625,0,0,0,271.66866756725864,89517.43765211439,98287.18895888697,0.9107742178846836,True,0,0.49877189685027773,0.8064071969154407,0.8355689824680007,0,0,0,0,0,0,8.999315537303216,0,0.0,9.844369507355266,21.549825453909342,10.411245,0.8450019303551682,151
ISMN_SNOTEL_TonyGroveLake,sm_only,41.89833,-111.62957,2576.0,Dfb,train,ok,,3653,3653,0,True,0,0,-0.510162353515625,0,0,0,277.8719247671274,78654.52852535587,73972.11185475392,1.0632997565325157,True,0,0.6501846647043454,0.8185036979035755,0.8495539882688485,0,0,0,0,0,0,10.001368925393566,0,0.0,18.214875395628777,22.742999891322203,12.335683,0.4626647457334529,183
ISMN_SNOTEL_TonyGroveRS,sm_only,41.88573,-111.56918,1926.0,Dfb,train,ok,,1827,1827,0,True,0,0,-0.475341796875,0,0,0,276.59729559302787,76509.3214242953,80228.32168619682,0.9536447954570465,True,0,0.6457734087071608,0.8109101032948074,0.8433874472071284,0,0,0,0,0,0,5.002053388090349,0,0.0,18.116662840138268,22.551978749863164,12.266315,0.46734404407176744,173
ISMN_SNOTEL_Touchet,sm_only,46.11868,-117.8505,1682.0,Dsb,train,ok,,1827,1827,0,True,0,0,-0.2684326171875,0,0,0,282.02991951210095,90291.79844006569,82684.53803189409,1.0920034215494707,True,0,0.5799416514438404,0.7700585567751072,0.7962704591396779,0,0,0,0,0,0,5.002053388090349,0,0.0,15.7817565642762,24.983354608648057,14.314557,0.5785986973344505,202
ISMN_SNOTEL_TresRitos,sm_only,36.1279,-105.52706,2664.0,Dfb,train,ok,,3653,3653,0,True,0,0,-0.191009521484375,0,0,0,279.3661384864471,73786.89470555024,73156.38919069956,1.0086185980722355,True,0,0.696156872281819,0.8249549406434583,0.8483367040158741,0,0,0,0,0,0,10.001368925393566,0,0.0,20.43001229406842,22.491877509718037,13.615947,0.3317559496985988,165
ISMN_SNOTEL_TrialLake,sm_only,40.678,-110.94873,3039.0,Dfb,train,ok,,2922,2922,0,True,0,0,-0.402679443359375,0,0,0,273.5604060889106,71437.99546276095,69761.51565191739,1.0240315852540898,True,0,0.6721250876094043,0.8191116270861821,0.845540982769012,0,0,0,0,0,0,8.0,0,0.0,18.95654120445875,21.57316700992471,12.94495,0.419846438045035,172
ISMN_SNOTEL_TriplePeak,sm_only,42.76393,-110.5914,2597.0,Dfc,train,ok,,3653,3653,0,True,0,0,-0.51495361328125,0,0,0,274.21753598852024,74162.7939300746,73776.78499433592,1.0052321192332834,True,0,0.6442730758407732,0.8237585515449641,0.8551196857044431,0,0,0,0,0,0,10.001368925393566,0,0.0,17.838142066310414,21.47818247166712,11.543276,0.47120049064136266,192
ISMN_SNOTEL_Trough,sm_only,47.23328,-120.29412,1670.0,Bwk,train,ok,,1461,1461,0,True,0,0,-0.179168701171875,0,0,0,280.1731907128472,88939.2007079911,82806.88820958915,1.074055584396321,True,0,0.5878648681910484,0.7726248053015389,0.7856125153834173,0,0,0,0,0,0,4.0,0,0.0,15.764675992068854,24.647087336071184,14.643396,0.5754538244900166,199
ISMN_SNOTEL_TroutCreek,sm_only,40.739,-109.6728,2877.0,Bsk,train,ok,,3653,3653,0,True,0,0,-0.74237060546875,0,0,0,274.8567677144641,72732.21645522516,71212.08662679861,1.0213465143409306,True,0,0.6734659269983583,0.8229671419355942,0.857618822263611,0,0,0,0,0,0,10.001368925393566,0,0.0,18.82154404824307,22.113364280591295,12.320805,0.4021535291591641,166
ISMN_SNOTEL_Truckee#2,sm_only,39.30087,-120.18407,1981.0,Dsb,train,ok,,3653,3653,0,True,0,0,-0.043212890625,0,0,0,280.9315772757542,81051.71119841568,79682.9123013616,1.0171780731592397,True,0,0.6659225979541896,0.812264004661784,0.8369687565689481,0,0,0,0,0,0,10.001368925393566,0,0.0,19.352675449283314,23.032201170271012,14.822536,0.43865158524883346,185
ISMN_SNOTEL_UpperJoesValley,sm_only,39.4155,-111.2491,2621.0,Dfb,train,ok,,1827,1827,0,True,0,0,-0.762176513671875,0,0,0,276.932136514765,73778.60191314312,73554.0659072206,1.00305266613277,True,0,0.6871049947881918,0.8221112977202336,0.854219770875514,0,0,0,0,0,0,5.002053388090349,0,0.0,19.616511292245548,22.17469580733443,13.211404,0.39403589703811376,173
ISMN_SNOTEL_UpperNomeCreek,sm_only,65.3671,-146.592,762.0,Dfc,train,ok,,1827,1827,0,True,0,0,-0.13079833984375,0,0,0,269.3160603924664,91924.04851703612,92499.62180232682,0.9937775606637538,True,0,0.5003821441521177,0.7959375734513036,0.8293354624066157,0,0,0,0,0,0,5.002053388090349,0,0.0,9.369640650756768,21.72192668746579,10.294794,0.8868207908399344,160
ISMN_SNOTEL_UpperRioGrande,sm_only,37.72172,-107.25971,2856.0,Dfc,val,ok,,2556,2556,0,True,0,0,-0.630157470703125,0,0,0,272.95666460326765,67746.67984185494,71401.89819691559,0.9488078265793424,True,0,0.6931647381600464,0.8442496258859321,0.8636559292430994,0,0,0,0,0,0,6.997946611909651,0,0.0,20.00750997725872,19.925806819640062,11.822417,0.36337831935887926,166
ISMN_SNOTEL_UpperSanJuan,sm_only,37.48563,-106.83528,3091.0,Dfc,oos,ok,,2922,2922,0,True,0,0,-0.212921142578125,0,0,0,274.1164092652036,69036.82489519165,69301.00730304375,0.9961878994529348,True,0,0.6975819154058357,0.8439810887600498,0.8642824362233716,0,0,0,0,0,0,8.0,0,0.0,20.144029472083666,19.990501777891854,11.782507,0.35798585808323474,165
ISMN_SNOTEL_UpperTaylor,sm_only,38.99071,-106.74504,3264.0,Dfc,train,ok,,3653,3653,0,True,0,0,-0.066314697265625,0,0,0,272.2723009436874,67538.81437132151,67786.61458575809,0.9963444078753472,True,0,0.6909478188684132,0.8420760372803361,0.8692521318971133,0,0,0,0,0,0,10.001368925393566,0,0.0,19.753038688264972,20.003307062961948,11.458108,0.38518879061393685,165
ISMN_SNOTEL_UpperTsainaRiver,sm_only,61.19112,-145.64807,527.0,Dfc,train,ok,,2922,2922,0,True,0,0,-0.101043701171875,0,0,0,268.74101203015044,87917.7632240332,95152.16991060962,0.9239701344344248,True,0,0.4797307608308971,0.7987627682977728,0.8372922247182011,0,0,0,0,0,0,8.0,0,0.0,9.831945755757692,22.771814336071184,10.260024,0.8253106335841892,138
ISMN_SNOTEL_UsuDocDaniel,sm_only,41.86425,-111.50603,2624.0,Dfb,train,ok,,3653,3653,0,True,0,0,-0.460296630859375,0,0,0,276.7711151565815,76633.06217920202,73526.26434423852,1.042254259245621,True,0,0.6467962923029853,0.8163641173157887,0.8462726955122809,0,0,0,0,0,0,10.001368925393566,0,0.0,18.160213695656154,22.58081725075281,12.266315,0.46589457162472564,183
ISMN_SNOTEL_VacarroSprings,sm_only,39.4495,-115.9834,2405.0,Dfb,train,ok,,3653,3653,0,True,0,0,-0.285186767578125,0,0,0,280.6084686580045,77995.14235944771,75578.27112764052,1.0319783873823398,True,0,0.6976397540818161,0.8225249202927509,0.8670712430168741,0,0,0,0,0,0,10.001368925393566,0,0.0,19.935165297079642,22.973584990692583,13.839806,0.3929102852276424,177
ISMN_SNOTEL_VacasLocas,sm_only,36.02653,-106.81361,2850.0,Dfb,train,ok,,2922,2922,0,True,0,0,-0.76959228515625,0,0,0,280.2394735139172,74844.59404143138,71456.20525219587,1.0474190978554851,True,0,0.6925918731193444,0.8364758498193523,0.860649287606006,0,0,0,0,0,0,8.0,0,0.0,20.350953656888592,22.330446918206707,12.999665,0.3397883117529815,166
ISMN_SNOTEL_VernonCreek,sm_only,39.93667,-112.41478,2228.0,Bsk,train,ok,,3653,3653,0,True,0,0,-0.416046142578125,0,0,0,282.5038397220139,80494.92727082192,77270.41227907603,1.041730267726539,True,0,0.6803394476614351,0.8157010817329207,0.8546710893580475,0,0,0,0,0,0,10.001368925393566,0,0.0,19.377574430394727,24.015017241992886,13.021814,0.41150471172366526,172
ISMN_SNOTEL_VirginiaLakesRidge,sm_only,38.07298,-119.23433,2865.0,Csa,train,ok,,3653,3653,0,True,0,0,-0.64532470703125,0,0,0,276.4432043894787,72893.16355350055,71320.50028208876,1.0220506483436256,True,0,0.7214013871956277,0.8475462909770418,0.8730846064025052,0,0,0,0,0,0,10.001368925393566,0,0.0,20.92038132390691,21.073633543115246,12.645916,0.37376598334017347,185
ISMN_SNOTEL_WardCreek#3,sm_only,39.13545,-120.21865,2057.0,Dsb,train,ok,,3653,3653,0,True,0,0,-0.0234375,0,0,0,280.4622680346606,80001.03977253285,78934.20016844444,1.0135155560176932,True,0,0.6609789279957873,0.8102219444249419,0.8383743411682,0,0,0,0,0,0,10.001368925393566,0,0.0,19.283328319800695,23.32022986996989,15.240352,0.44634695175940536,185
ISMN_SNOTEL_WardMountain,sm_only,39.13242,-114.95575,2795.0,Bsk,train,ok,,2192,2192,0,True,0,0,-0.324371337890625,0,0,0,281.07346750523925,78163.72627380816,71955.58019901901,1.0862774792117345,True,0,0.7017708387746455,0.8283499039036274,0.8568004598990513,0,0,0,0,0,0,6.0013689253935665,0,0.0,20.099304813549068,22.629633206204378,13.001612,0.38635328960329557,173
ISMN_SNOTEL_WebsterFlat,sm_only,37.575,-112.90155,2789.0,Dfa,train,ok,,3653,3653,0,True,0,0,-0.319427490234375,0,0,0,279.66624970727185,75927.04799565425,72010.22797603105,1.0543925513043362,True,0,0.7002452120277,0.8305412660854616,0.8598158840857612,0,0,0,0,0,0,10.001368925393566,0,0.0,20.336510315968226,22.483865230495482,13.529486,0.36593262786766334,166
ISMN_SNOTEL_WesnerSprings,sm_only,35.77584,-105.54337,3386.0,Bsk,train,ok,,1826,1826,0,True,0,0,-0.07611083984375,0,0,0,278.15559581075547,71978.3409475972,66734.8622123886,1.0785718073189519,True,0,0.69113624430468,0.8207805506182433,0.8409899512324605,0,0,0,0,0,0,4.999315537303217,0,0.0,20.36941409779584,22.572700878422783,14.066872,0.3344973098183356,164
ISMN_SNOTEL_WheelerPeak,sm_only,39.00995,-114.31021,3069.0,Bsk,train,ok,,2922,2922,0,True,0,0,-0.55828857421875,0,0,0,283.8180225432368,81636.7348001155,69495.53638720897,1.1747047226926821,True,0,0.7071076569532925,0.8406350378982644,0.8692487223353902,0,0,0,0,0,0,8.0,0,0.0,20.16182639983709,22.425118372347708,13.18586,0.37159571940031316,168
ISMN_SNOTEL_WhiteRiver#1,sm_only,39.9645,-110.98845,2627.0,Dfb,train,ok,,3653,3653,0,True,0,0,-0.43902587890625,0,0,0,277.0305713869727,75002.96899380645,73498.47129081255,1.020469782249498,True,0,0.6882156255059917,0.8296215133504621,0.8564108547715917,0,0,0,0,0,0,10.001368925393566,0,0.0,19.477244030723224,21.789579306049824,12.746874,0.3967999872819703,172
ISMN_SNOTEL_Widtsoe#3,sm_only,37.83633,-111.88163,2938.0,Bsk,train,ok,,3653,3653,0,True,0,0,-0.36492919921875,0,0,0,278.5575195446166,74248.06514337531,70663.04510854278,1.050734015627627,True,0,0.7070482553570384,0.8454168836900519,0.8765819611606758,0,0,0,0,0,0,10.001368925393566,0,0.0,20.343151902061845,21.61442532685464,12.35367,0.35208093220336306,165
ISMN_SNOTEL_WilburBench,sm_only,39.89166,-110.74604,2795.0,Dfb,train,ok,,3653,3653,0,True,0,0,-0.335845947265625,0,0,0,278.0250412392479,75510.41977270394,71955.58019901901,1.049403250781284,True,0,0.6961933646521222,0.8324169455210295,0.8651227071134268,0,0,0,0,0,0,10.001368925393566,0,0.0,19.626606950515175,21.878402303038598,12.808626,0.38451350893219527,172
ISMN_SNOTEL_WildBasin,sm_only,40.201,-105.6025,2868.0,Dfc,train,ok,,2557,2557,0,True,0,0,-1.23699951171875,0,0,0,273.4804076432343,70336.69548359895,71293.38434743437,0.9865809587720904,True,0,0.6805380174004354,0.8376128543526005,0.8578829998417155,0,0,0,0,0,0,7.000684462696783,0,0.0,19.077339367416172,20.72216989558076,11.760128,0.3901703356777518,160
ISMN_SNOTEL_WildhorseDivide,sm_only,42.75743,-112.47783,1975.0,Dfb,val,ok,,1827,1827,0,True,0,0,-0.78204345703125,0,0,0,280.84743770772667,83698.20626795977,79742.26519014222,1.0496090883345834,True,0,0.6407925367095391,0.8081164692896021,0.8399080597053868,0,0,0,0,0,0,5.002053388090349,0,0.0,17.77358091348255,23.66910508264915,12.815043,0.4763823723689862,180
ISMN_SNOTEL_WilsonCreek,sm_only,42.01257,-115.00278,2167.0,Bsk,train,ok,,1827,1827,0,True,0,0,-0.80181884765625,0,0,0,280.2397700467916,81601.34460522715,77860.63635187256,1.04804363833413,True,0,0.6594603766148399,0.8116813102668761,0.8499154018580931,0,0,0,0,0,0,5.002053388090349,0,0.0,18.282483191534002,23.373955703338805,12.589283,0.4441620135879551,180
ISMN_SNOTEL_WindyPeak,sm_only,42.27991,-105.57782,2408.0,Dfb,train,ok,,1827,1827,0,True,0,0,-0.162506103515625,0,0,0,277.36229681172654,76777.36500239464,75549.85161864861,1.0162477272614925,True,0,0.6655829841674595,0.8254581362315745,0.8470295199783069,0,0,0,0,0,0,5.002053388090349,0,0.0,18.10329099120559,22.526402479474548,12.340883,0.4245234400706964,157
ISMN_SNOTEL_WolfCreekPeak,sm_only,40.47733,-111.04469,2978.0,Bsk,train,ok,,2192,2192,0,True,0,0,-0.747100830078125,0,0,0,274.8873060880786,72823.74976476961,70304.88241293996,1.035827772771668,True,0,0.6803676591470571,0.8282678101757143,0.8482656390216211,0,0,0,0,0,0,6.0013689253935665,0,0.0,19.2609180552993,21.674502901459853,12.881058,0.416932291182182,169
ISMN_SNOTEL_WolfCreekSummit,sm_only,37.47903,-106.80234,3331.0,Dfc,oos,ok,,2557,2557,0,True,0,0,-0.212921142578125,0,0,0,274.16859520773056,69047.37550413082,67207.36457702363,1.0273781145665728,True,0,0.6971856164275684,0.8448644397954378,0.864161416417029,0,0,0,0,0,0,7.000684462696783,0,0.0,20.11726761223432,20.006681794681267,11.782507,0.35641045653057135,165
ISMN_SNOTEL_WrigleyCreek,sm_only,39.13233,-111.35685,2844.0,Bsk,oos,ok,,3653,3653,0,True,0,0,-0.528411865234375,0,0,0,276.00591633334864,71978.73797649193,71510.54574882962,1.006547177381456,True,0,0.6837497744389469,0.8210301491243974,0.8499943860152445,0,0,0,0,0,0,10.001368925393566,0,0.0,19.605787625029272,22.211212068163157,13.283242,0.3927858767869952,172
ISMN_SNOTEL_YankeeReservoir,sm_only,37.74797,-112.77495,2649.0,Dfb,oos,ok,,3653,3653,0,True,0,0,-0.7052001953125,0,0,0,279.50132185891334,76114.08091166506,73294.91539051749,1.0384633163996027,True,0,0.6956866477926517,0.8331774994606612,0.8634745181192892,0,0,0,0,0,0,10.001368925393566,0,0.0,20.14475917444071,22.15978310730906,12.984115,0.3669433859757036,165
ISMN_SNOTEL_Zirkel,sm_only,40.79492,-106.59544,2841.0,Dfc,val,ok,,3653,3653,0,True,0,0,-0.6318359375,0,0,0,273.7003606237061,71597.35106205515,71537.72854257627,1.0008334416075764,True,0,0.6694225214066762,0.8340639977675859,0.8595060473021667,0,0,0,0,0,0,10.001368925393566,0,0.0,18.83361419661427,21.184257292909933,11.186373,0.42219625686111084,166
ISMN_SOILSCAPE_Lucky-Hills-1503,sm_only,31.74302,-110.05263,1367.5,Bsk,oos,ok,,1461,1461,0,True,0,0,-1.103271484375,0,0,0,291.50968608294835,86425.17628657598,85939.9042864777,1.0056466434786877,True,0,0.7000410585651067,0.8124512246447827,0.82452155562586,0,0,0,0,0,0,4.0,0,0.0,21.588799830891425,26.072654489390832,16.878904,0.2993776397903395,150
ISMN_SOILSCAPE_Lucky-Hills-1506,sm_only,31.74404,-110.05301,1370.5,Bsk,oos,ok,,1461,1461,0,True,0,0,-1.103271484375,0,0,0,291.50968608294835,86425.17628657598,85908.36878103422,1.006015799308901,True,0,0.700050274614169,0.8124543795439204,0.8245313186785209,0,0,0,0,0,0,4.0,0,0.0,21.588799830891425,26.072654489390832,16.878904,0.2993776397903395,150
ISMN_STEMS_CarpenetopermanentGrassCoverNoTrackposition,sm_only,44.68278,8.6267,275.0,Cfa,oos,ok,,1826,1826,0,True,0,0,-0.142486572265625,0,0,0,286.68985842718354,98994.38504158681,98064.70043829767,1.00948031859715,True,0,0.5106644632066917,0.7391289450949574,0.7646613633798574,0,0,0,0,0,0,4.999315537303217,0,0.0,13.95032476656319,27.55544973274918,17.116087,0.5583072029613277,177
ISMN_STEMS_CarpenetopermanentGrassCoverTrackposition,sm_only,44.68277,8.62669,275.0,Cfa,oos,ok,,1826,1826,0,True,0,0,-0.142486572265625,0,0,0,286.68985842718354,98994.38504158681,98064.70043829767,1.00948031859715,True,0,0.5106643567622714,0.7391287780129373,0.7646613011821404,0,0,0,0,0,0,4.999315537303217,0,0.0,13.95032476656319,27.55544973274918,17.116087,0.5583072029613277,177
ISMN_TERENO_Gevenich,sm_only,50.9892,6.32355,84.0,Cfb,oos,ok,,2192,2192,0,True,0,0,-0.196685791015625,0,0,0,284.89012729338486,100659.44447850136,100319.95594167127,1.0033840578740632,True,0,0.43755839183811834,0.7206438081359205,0.742838739468092,0,0,0,0,0,0,6.0013689253935665,0,0.0,11.223144429386888,27.696280215328468,16.668914,0.6954443944993118,170
ISMN_TERENO_Merzenhausen,sm_only,50.9303,6.29747,94.0,Cfb,train,ok,,1827,1827,0,True,0,0,-0.0802001953125,0,0,0,284.7530919301034,100635.4883945676,100200.84753085142,1.0043376964808841,True,0,0.4428194481609499,0.7191848755233864,0.7410350670717338,0,0,0,0,0,0,5.002053388090349,0,0.0,11.30548511928441,27.503796479474545,16.823018,0.6902189205818253,154
ISMN_TERENO_Schoeneseiffen,sm_only,50.5149,6.37559,612.0,Cfb,train,ok,,1827,1827,0,True,0,0,-0.085784912109375,0,0,0,282.7211660501013,96532.4120056787,94185.72200649015,1.0249155599086117,True,0,0.43948333743178974,0.725507913311009,0.7431450813571283,0,0,0,0,0,0,5.002053388090349,0,0.0,11.318507431271273,27.146016403940887,16.208814,0.6883671820252357,182
ISMN_TERENO_Selhausen,sm_only,50.8691,6.44954,103.76,Cfb,oos,ok,,2922,2922,0,True,0,0,-0.0877685546875,0,0,0,284.54660841506444,100218.75001069473,100084.70816761562,1.0013392839478996,True,0,0.4396598890775737,0.7188500431584736,0.7438538405494,0,0,0,0,0,0,8.0,0,0.0,11.29247741801111,27.501355559548255,16.593554,0.6917846090697604,155
ISMN_TWENTE_Hupsel,sm_only,52.06747,6.65677,27.0,Dfb,train,ok,,1461,1461,0,True,0,0,-0.14031982421875,0,0,0,284.55362228821764,101221.20627994524,101001.06507114958,1.002179592944298,True,0,0.4325463392873056,0.7169497581891682,0.7326947977649131,0,0,0,0,0,0,4.0,0,0.0,10.942998523872307,27.544030948665295,17.312552,0.7154836913148693,178
ISMN_TWENTE_ITCSM-07b,sm_only,52.37328,6.96228,22.0,Dfb,oos,ok,,1827,1827,0,True,0,0,-0.16229248046875,0,0,0,284.1690356291639,101130.77680709497,101060.98966567333,1.0006905448051964,True,0,0.42539524770365744,0.7146190689169425,0.7296247385613357,0,0,0,0,0,0,5.002053388090349,0,0.0,10.675779053602964,27.480808056923916,17.155262,0.7202903238328118,153
ISMN_TWENTE_ITCSM-08b,sm_only,52.13578,6.74507,29.0,Dfb,train,ok,,1827,1827,0,True,0,0,-0.14013671875,0,0,0,284.34272028646905,101216.07710727969,100977.10329101128,1.002366613900378,True,0,0.4290356411260928,0.7158921849125891,0.7315490877344698,0,0,0,0,0,0,5.002053388090349,0,0.0,10.805467592190814,27.49849533661741,17.23621,0.714445430877092,153
ISMN_TWENTE_ITCSM-09,sm_only,52.14639,6.84306,29.0,Dfb,train,ok,,1827,1827,0,True,0,0,-0.13031005859375,0,0,0,284.31362926731623,101123.00540503558,100977.10329101128,1.0014449029460057,True,0,0.42866154991141703,0.7156265362580425,0.731436409416916,0,0,0,0,0,0,5.002053388090349,0,0.0,10.7969576294103,27.498606974274765,17.1991,0.7152436540793361,153
ISMN_TWENTE_ITCSM-13,sm_only,52.19389,6.4175,8.0,Cfb,train,ok,,1827,1827,0,True,0,0,-0.16448974609375,0,0,0,284.30036093592315,101222.22743483169,101228.9317048659,0.9999337712063013,True,0,0.4312737704436297,0.7165689048776636,0.7326226066179627,0,0,0,0,0,0,5.002053388090349,0,0.0,10.832237892136078,27.491827789819375,17.355158,0.7118385017160442,131
ISMN_TWENTE_ITCSM-15b,sm_only,52.31036,6.61053,9.0,Dfb,train,ok,,1461,1461,0,True,0,0,-0.190460205078125,0,0,0,284.0782756661814,101341.70450462012,101216.9283556498,1.001232759687509,True,0,0.4284716656873164,0.7136495080299463,0.727129122452505,0,0,0,0,0,0,4.0,0,0.0,10.717233655726126,27.435175882956877,17.218152,0.7098328560122973,183
ISMN_TWENTE_ITCSM-16b,sm_only,52.36781,6.53525,8.0,Cfb,train,ok,,1461,1461,0,True,0,0,-0.19598388671875,0,0,0,284.0723533343159,101347.24051377481,101228.9317048659,1.0011687252539012,True,0,0.4298971437025956,0.7138517346855244,0.7277100478105238,0,0,0,0,0,0,4.0,0,0.0,10.731925061612504,27.428954325119783,17.242932,0.7087809008694845,183
ISMN_TWENTE_ITCSM-17c,sm_only,52.41877,6.5407,10.0,Cfb,train,ok,,1827,1827,0,True,0,0,-0.195556640625,0,0,0,284.17219647854876,101357.92240951696,101204.92615896827,1.001511747069588,True,0,0.42623503654413913,0.7140698103439468,0.7308618840957076,0,0,0,0,0,0,5.002053388090349,0,0.0,10.68928514993575,27.456574442255064,17.247476,0.718131579351125,153
ISMN_TxSON_CR1000-1,sm_only,30.4205,-98.8033,543.0,Cfa,oos,ok,,1826,1826,0,True,0,0,-0.180419921875,0,0,0,292.7753947530623,95503.93632341867,94969.639527839,1.0056259747666312,True,0,0.563245223326664,0.756429274730238,0.7741151957891294,0,0,0,0,0,0,4.999315537303217,0,0.0,17.730426669537348,30.472207445783134,17.394033,0.40025182922121366,200
ISMN_TxSON_CR1000-2,sm_only,30.2454,-98.7059,458.0,Cfa,val,ok,,2192,2192,0,True,0,0,-0.101043701171875,0,0,0,292.6318783725265,95697.77835951756,95942.58934707688,0.9974483595947812,True,0,0.5505370741404645,0.7532498675581951,0.7672639528764854,0,0,0,0,0,0,6.0013689253935665,0,0.0,17.332619910264402,30.754891037408758,17.430095,0.4056690198391614,200
ISMN_TxSON_CR1000-3,sm_only,30.2758,-98.7242,499.0,Cfa,oos,ok,,2557,2557,0,True,0,0,-0.101043701171875,0,0,0,292.69400467199415,95698.81233195639,95472.28158375567,1.0023727383953005,True,0,0.5550219120782954,0.755029553856576,0.7740984367669449,0,0,0,0,0,0,7.000684462696783,0,0.0,17.493190038515117,30.6998913770043,17.430095,0.4042551096502169,200
ISMN_TxSON_CR1000-4,sm_only,30.46,-98.9407,588.0,Cfa,train,ok,,2557,2557,0,True,0,0,-0.17523193359375,0,0,0,292.8244656475904,95375.64388504595,94457.79237432331,1.0097170544393554,True,0,0.5657276919363884,0.7561769485641205,0.7744707030182456,0,0,0,0,0,0,7.000684462696783,0,0.0,17.780464948174878,30.445650271802894,17.217271,0.3959931462823413,200
ISMN_TxSON_CR1000-5,sm_only,30.3989,-98.6105,503.0,Cfa,train,ok,,2557,2557,0,True,0,0,-0.112518310546875,0,0,0,292.93203175604043,96035.94365345131,95426.49803194555,1.0063865449751885,True,0,0.5550491873117961,0.7546743630593462,0.7738074988283755,0,0,0,0,0,0,7.000684462696783,0,0.0,17.472888189473274,30.74988118459132,17.399731,0.40601695962187834,200
ISMN_TxSON_CR1000-6,sm_only,30.4421,-98.8427,538.0,Cfa,oos,ok,,2557,2557,0,True,0,0,-0.180419921875,0,0,0,292.82724145822897,95492.43850826164,95026.6497883908,1.0049016641216761,True,0,0.5629729320288217,0.7556789656095485,0.7742179327011697,0,0,0,0,0,0,7.000684462696783,0,0.0,17.701163065499863,30.51204229370356,17.236201,0.39926633468978406,200
ISMN_TxSON_CR200-1,sm_only,30.4376,-98.8059,524.0,Cfa,oos,ok,,2192,2192,0,True,0,0,-0.183074951171875,0,0,0,292.7555888656282,95485.23118156934,95186.42596091694,1.0031391578960542,True,0,0.5588530831268758,0.7531459935646272,0.7672412916188417,0,0,0,0,0,0,6.0013689253935665,0,0.0,17.546395384716952,30.56309200912409,17.236201,0.4009639195495875,200
ISMN_TxSON_CR200-10,sm_only,30.3072,-98.7703,505.0,Cfa,val,ok,,1461,1461,0,True,0,0,-0.11309814453125,0,0,0,292.6870678660806,95531.33168634497,95403.61292377033,1.0013387203970638,True,0,0.5512463440936081,0.7508511472501692,0.7568768540065338,0,0,0,0,0,0,4.0,0,0.0,17.404656488032764,30.745159232717317,17.352141,0.41084107199813574,200
ISMN_TxSON_CR200-11,sm_only,30.2317,-98.7685,468.0,Cfa,oos,ok,,1461,1461,0,True,0,0,-0.101043701171875,0,0,0,292.628315721286,95691.97370700719,95827.70753679637,0.9985835638430872,True,0,0.5484957955008322,0.751486436599996,0.7573857570303215,0,0,0,0,0,0,4.0,0,0.0,17.33519959001771,30.796574400410677,17.430095,0.41255320409857743,200
ISMN_TxSON_CR200-12,sm_only,30.2108,-98.8331,481.0,Cfa,train,ok,,2557,2557,0,True,0,0,-0.09649658203125,0,0,0,292.5946294958348,95340.3631575088,95678.52773278972,0.9964656168599777,True,0,0.5569895922613952,0.7548976178652046,0.7739249221094346,0,0,0,0,0,0,7.000684462696783,0,0.0,17.56350654457691,30.602460967931165,17.386021,0.40145559972049155,200
ISMN_TxSON_CR200-13,sm_only,30.4327,-98.8583,555.0,Cfa,oos,ok,,2557,2557,0,True,0,0,-0.180419921875,0,0,0,292.82724145822897,95492.43850826164,94832.927892243,1.0069544474759657,True,0,0.5629101960678468,0.7556025078972917,0.7741732065558534,0,0,0,0,0,0,7.000684462696783,0,0.0,17.701163065499863,30.51204229370356,17.236201,0.39926633468978406,200
ISMN_TxSON_CR200-14,sm_only,30.4151,-98.8025,528.0,Cfa,oos,ok,,2557,2557,0,True,0,0,-0.180419921875,0,0,0,292.82724145822897,95492.43850826164,95140.75344579037,1.003696471277912,True,0,0.5627928407109121,0.7554268228246006,0.7740895326156024,0,0,0,0,0,0,7.000684462696783,0,0.0,17.701163065499863,30.51204229370356,17.236201,0.39926633468978406,200
ISMN_TxSON_CR200-15,sm_only,30.2501,-98.7069,468.0,Cfa,val,ok,,2557,2557,0,True,0,0,-0.101043701171875,0,0,0,292.69400467199415,95698.81233195639,95827.70753679637,0.9986549275971097,True,0,0.5548547782664902,0.7549340026580482,0.773977341243951,0,0,0,0,0,0,7.000684462696783,0,0.0,17.493190038515117,30.6998913770043,17.430095,0.4042551096502169,200
ISMN_TxSON_CR200-16,sm_only,30.2836,-98.7417,501.0,Cfa,oos,ok,,2557,2557,0,True,0,0,-0.101043701171875,0,0,0,292.69400467199415,95698.81233195639,95449.38758505382,1.0026131623597931,True,0,0.5550726953452276,0.7550585942983531,0.7741352270984732,0,0,0,0,0,0,7.000684462696783,0,0.0,17.493190038515117,30.6998913770043,17.430095,0.4042551096502169,200
ISMN_TxSON_CR200-17,sm_only,30.2754,-98.7268,502.0,Cfa,oos,ok,,2557,2557,0,True,0,0,-0.101043701171875,0,0,0,292.69400467199415,95698.81233195639,95437.94225284175,1.002733400081317,True,0,0.5550193085345106,0.7550280651112365,0.7740965505554233,0,0,0,0,0,0,7.000684462696783,0,0.0,17.493190038515117,30.6998913770043,17.430095,0.4042551096502169,200
ISMN_TxSON_CR200-18,sm_only,30.2456,-98.6988,460.0,Cfa,val,ok,,2557,2557,0,True,0,0,-0.085174560546875,0,0,0,292.82836365056403,96042.02081601975,95919.604068049,1.0012762432576756,True,0,0.5522189823625109,0.7542514157370915,0.7736770257065176,0,0,0,0,0,0,7.000684462696783,0,0.0,17.416466624357906,30.797852075479078,17.474301,0.40727729592808354,200
ISMN_TxSON_CR200-19,sm_only,30.4175,-98.8542,595.0,Cfa,oos,ok,,2192,2192,0,True,0,0,-0.183074951171875,0,0,0,292.7555888656282,95485.23118156934,94378.37286576656,1.011727880892554,True,0,0.5587191659682792,0.7529825657163054,0.7671216692730334,0,0,0,0,0,0,6.0013689253935665,0,0.0,17.546395384716952,30.56309200912409,17.236201,0.4009639195495875,200
ISMN_TxSON_CR200-2,sm_only,30.2896,-98.745,523.0,Cfa,oos,ok,,2557,2557,0,True,0,0,-0.101043701171875,0,0,0,292.69400467199415,95698.81233195639,95197.84686324405,1.0052623613371425,True,0,0.5551117777373611,0.7550809459274268,0.7741635392738565,0,0,0,0,0,0,7.000684462696783,0,0.0,17.493190038515117,30.6998913770043,17.430095,0.4042551096502169,200
ISMN_TxSON_CR200-21,sm_only,30.4218,-98.7839,541.0,Cfa,oos,ok,,2557,2557,0,True,0,0,-0.174285888671875,0,0,0,292.94922249756337,95866.80414976046,94992.44030767914,1.0092045623762194,True,0,0.5598769197000389,0.7547315381162567,0.7737182828336795,0,0,0,0,0,0,7.000684462696783,0,0.0,17.613355684193646,30.602901340242468,17.281193,0.4021212536624779,200
ISMN_TxSON_CR200-22,sm_only,30.4315,-98.8604,548.0,Cfa,oos,ok,,1461,1461,0,True,0,0,-0.183074951171875,0,0,0,292.7492270133497,95464.67796030117,94912.65696565286,1.0058160946315946,True,0,0.5568837688994263,0.7515988126901759,0.7583992452215763,0,0,0,0,0,0,4.0,0,0.0,17.550393403843852,30.608901631074605,17.236201,0.4070268188301684,200
ISMN_TxSON_CR200-23,sm_only,30.2022,-98.6543,504.0,Cfa,train,ok,,2557,2557,0,True,0,0,-0.085174560546875,0,0,0,292.82836365056403,96042.02081601975,95415.05492228256,1.0065709325876075,True,0,0.5519391773206179,0.7540820431877578,0.7734730907747261,0,0,0,0,0,0,7.000684462696783,0,0.0,17.416466624357906,30.797852075479078,17.474301,0.40727729592808354,200
ISMN_TxSON_CR200-24,sm_only,30.2534,-98.699,468.0,Cfa,val,ok,,2557,2557,0,True,0,0,-0.085174560546875,0,0,0,292.82836365056403,96042.02081601975,95827.70753679637,1.0022364437669669,True,0,0.5522693575803932,0.7543066633425755,0.7737137350028287,0,0,0,0,0,0,7.000684462696783,0,0.0,17.416466624357906,30.797852075479078,17.474301,0.40727729592808354,200
ISMN_TxSON_CR200-25,sm_only,30.2492,-98.6995,465.0,Cfa,val,ok,,2557,2557,0,True,0,0,-0.085174560546875,0,0,0,292.82836365056403,96042.02081601975,95862.16037780276,1.0018762401922525,True,0,0.5522422291402448,0.7542769108751533,0.7736939662846817,0,0,0,0,0,0,7.000684462696783,0,0.0,17.416466624357906,30.797852075479078,17.474301,0.40727729592808354,200
ISMN_TxSON_CR200-26,sm_only,30.4193,-98.8046,560.0,Cfa,oos,ok,,2557,2557,0,True,0,0,-0.180419921875,0,0,0,292.82724145822897,95492.43850826164,94776.01176413047,1.007559156908967,True,0,0.5628208332152675,0.755468733466218,0.7741094921340221,0,0,0,0,0,0,7.000684462696783,0,0.0,17.701163065499863,30.51204229370356,17.236201,0.39926633468978406,200
ISMN_TxSON_CR200-28,sm_only,30.4613,-98.8451,604.0,Cfa,oos,ok,,2557,2557,0,True,0,0,-0.180419921875,0,0,0,292.82724145822897,95492.43850826164,94276.34152837793,1.0128992805635935,True,0,0.563101198166919,0.7558208193143895,0.7743093675711119,0,0,0,0,0,0,7.000684462696783,0,0.0,17.701163065499863,30.51204229370356,17.236201,0.39926633468978406,200
ISMN_TxSON_CR200-29,sm_only,30.4487,-98.848,596.0,Cfa,oos,ok,,2557,2557,0,True,0,0,-0.180419921875,0,0,0,292.82724145822897,95492.43850826164,94367.03163697042,1.0119258479552546,True,0,0.5630170046373697,0.7557241333298373,0.7742493514206523,0,0,0,0,0,0,7.000684462696783,0,0.0,17.701163065499863,30.51204229370356,17.236201,0.39926633468978406,200
ISMN_TxSON_CR200-3,sm_only,30.4283,-98.8065,527.0,Cfa,oos,ok,,2557,2557,0,True,0,0,-0.180419921875,0,0,0,292.82724145822897,95492.43850826164,95152.16991060962,1.0035760466416235,True,0,0.5628808440669295,0.7555585719671726,0.7741522796837784,0,0,0,0,0,0,7.000684462696783,0,0.0,17.701163065499863,30.51204229370356,17.236201,0.39926633468978406,200
ISMN_TxSON_CR200-4,sm_only,30.4298,-98.7792,511.0,Cfa,oos,ok,,2191,2191,0,True,0,0,-0.174285888671875,0,0,0,292.9512190511922,95861.6514077476,95334.98426224003,1.0055243848791002,True,0,0.5602187013804082,0.7553074283722466,0.7737563010253184,0,0,0,0,0,0,5.9986310746064335,0,0.0,17.638062402066627,30.585484159287994,17.281193,0.40360463946840586,202
ISMN_TxSON_CR200-5,sm_only,30.2381,-98.7701,469.0,Cfa,oos,ok,,2557,2557,0,True,0,0,-0.101043701171875,0,0,0,292.69400467199415,95698.81233195639,95816.22548482152,0.9987746005202038,True,0,0.5547768391574308,0.754859625117521,0.7739208636669822,0,0,0,0,0,0,7.000684462696783,0,0.0,17.493190038515117,30.6998913770043,17.430095,0.4042551096502169,200
ISMN_TxSON_CR200-6,sm_only,30.2383,-98.7037,450.0,Cfa,val,ok,,2557,2557,0,True,0,0,-0.101043701171875,0,0,0,292.69400467199415,95698.81233195639,96034.57506790405,0.9965037307062561,True,0,0.5547781376212129,0.7548617899167578,0.7739218046205514,0,0,0,0,0,0,7.000684462696783,0,0.0,17.493190038515117,30.6998913770043,17.430095,0.4042551096502169,200
ISMN_TxSON_CR200-7,sm_only,30.2318,-98.7084,456.0,Cfa,val,ok,,1461,1461,0,True,0,0,-0.101043701171875,0,0,0,292.628315721286,95691.97370700719,95965.57908591426,0.9971489217122097,True,0,0.5484964316025335,0.7514871948149855,0.7573861039657566,0,0,0,0,0,0,4.0,0,0.0,17.33519959001771,30.796574400410677,17.430095,0.41255320409857743,200
ISMN_TxSON_CR200-8,sm_only,30.2834,-98.6864,539.0,Cfa,train,ok,,2557,2557,0,True,0,0,-0.085174560546875,0,0,0,292.82836365056403,96042.02081601975,95015.24551991686,1.0108064268053452,True,0,0.5524633578148387,0.754562905131958,0.7738550877032828,0,0,0,0,0,0,7.000684462696783,0,0.0,17.416466624357906,30.797852075479078,17.474301,0.40727729592808354,200
ISMN_TxSON_CR200-9,sm_only,30.4319,-98.8133,534.0,Cfa,oos,ok,,2557,2557,0,True,0,0,-0.180419921875,0,0,0,292.82724145822897,95492.43850826164,95072.27794657646,1.0044193803994186,True,0,0.5629048586875226,0.7555945188191052,0.7741694012540726,0,0,0,0,0,0,7.000684462696783,0,0.0,17.701163065499863,30.51204229370356,17.236201,0.39926633468978406,200
ISMN_TxSON_LCRA-1,sm_only,30.4306,-98.6136,430.0,Cfa,train,ok,,2557,2557,0,True,0,0,-0.143035888671875,0,0,0,293.14241775554467,96332.18272145092,96264.85183476425,1.0006994337538924,True,0,0.5569276537481773,0.7539620784560088,0.7733584545336131,0,0,0,0,0,0,7.000684462696783,0,0.0,17.524632789395056,30.70361970238561,17.331961,0.4051612687921815,200
ISMN_TxSON_LCRA-2,sm_only,30.4206,-98.8518,614.0,Cfa,oos,ok,,2557,2557,0,True,0,0,-0.180419921875,0,0,0,292.82724145822897,95492.43850826164,94163.0781502641,1.0141176391438282,True,0,0.5628294991813911,0.7554817076119688,0.7741156711124917,0,0,0,0,0,0,7.000684462696783,0,0.0,17.701163065499863,30.51204229370356,17.236201,0.39926633468978406,200
ISMN_TxSON_LCRA-3,sm_only,30.1713,-98.6136,501.0,Cfa,train,ok,,2557,2557,0,True,0,0,-0.0718994140625,0,0,0,292.65969103894105,95730.91169766817,95449.38758505382,1.0029494596009167,True,0,0.5498432389463137,0.7545784414393057,0.7737423436127415,0,0,0,0,0,0,7.000684462696783,0,0.0,17.35808816209744,30.845350801329683,17.549497,0.40878848613076246,200
ISMN_TxSON_LCRA-4,sm_only,30.3423,-98.8679,547.0,Cfa,oos,ok,,2557,2557,0,True,0,0,-0.10015869140625,0,0,0,292.6334496931868,95101.666121798,94924.0512627151,1.0018711259867252,True,0,0.56017907836307,0.7552060639787566,0.7741323503667651,0,0,0,0,0,0,7.000684462696783,0,0.0,17.63507493722454,30.553352878764173,17.308595,0.40015466664355176,200
ISMN_TxSON_LCRA-5,sm_only,30.33,-98.6116,501.0,Cfa,oos,ok,,2557,2557,0,True,0,0,-0.112518310546875,0,0,0,292.93203175604043,96035.94365345131,95449.38758505382,1.0061452051525717,True,0,0.5545990856687685,0.7539461618974124,0.7734812027293586,0,0,0,0,0,0,7.000684462696783,0,0.0,17.472888189473274,30.74988118459132,17.399731,0.40601695962187834,200
ISMN_TxSON_LCRA-6,sm_only,30.2408,-98.6253,429.0,Cfa,oos,ok,,2557,2557,0,True,0,0,-0.085174560546875,0,0,0,292.82836365056403,96042.02081601975,96276.37739894235,0.9975657935076692,True,0,0.5521879955173258,0.7542450824709741,0.7736544440655801,0,0,0,0,0,0,7.000684462696783,0,0.0,17.416466624357906,30.797852075479078,17.474301,0.40727729592808354,200
ISMN_TxSON_LCRA-7,sm_only,30.1658,-98.9498,556.0,Cfa,train,ok,,2557,2557,0,True,0,0,-0.08673095703125,0,0,0,292.4450685980733,95103.50512074697,94821.54245305707,1.0029736140163452,True,0,0.5564821887491826,0.7556619639698208,0.7746931390184258,0,0,0,0,0,0,7.000684462696783,0,0.0,17.553972384232754,30.56222755064529,17.426381,0.40077579609257213,200
ISMN_USCRN_Asheville-13-S,sm_only,35.4185,-82.5567,641.0,Cfa,oos,ok,,2192,2192,0,True,0,0,-0.010833740234375,0,0,0,286.5756863085893,93815.92853986086,93857.81729418966,0.999553699888444,True,0,0.5291239596392675,0.7824062388579079,0.8040525937631672,0,0,0,0,0,0,6.0013689253935665,0,0.0,15.7850870772352,27.73832674178832,14.021013,0.455107513898913,171
ISMN_USCRN_Austin-33-NW,sm_only,30.6222,-98.0846,415.0,Cfa,train,ok,,2192,2192,0,True,0,0,-0.10943603515625,0,0,0,293.0721615422381,97288.90736912636,96437.85265728775,1.0088249031722327,True,0,0.5410033755612174,0.7493066467962256,0.766831123690987,0,0,0,0,0,0,6.0013689253935665,0,0.0,16.99100140935199,31.103383342153286,17.433391,0.42046643972874015,200
ISMN_USCRN_Baker-5-W,sm_only,39.0118,-114.209,2017.0,Bsk,oos,ok,,1827,1827,0,True,0,0,-0.48345947265625,0,0,0,281.93177483886984,79072.18416033799,79327.5457025943,0.996780922187941,True,0,0.7049270144979827,0.8318522331588213,0.8568757253019877,0,0,0,0,0,0,5.002053388090349,0,0.0,20.097736888304663,22.392024244116037,13.029618,0.3722527580525822,173
ISMN_USCRN_Batesville-8-WNW,sm_only,35.8201,-91.7812,139.0,Cfa,train,ok,,2192,2192,0,True,0,0,-0.016448974609375,0,0,0,289.3587522576325,99689.51913207117,99666.27584087904,1.0002332111940175,True,0,0.5302045717439576,0.7634570070930641,0.7858295660180303,0,0,0,0,0,0,6.0013689253935665,0,0.0,15.855115416651257,29.35259083759124,15.654976,0.4738162390944497,166
ISMN_USCRN_Bedford-5-WNW,sm_only,38.8882,-86.5707,232.0,Dfa,train,ok,,1461,1461,0,True,0,0,-0.002288818359375,0,0,0,286.46621601749655,99371.59251475873,98568.81114689517,1.0081443750667458,True,0,0.5085990459116002,0.773240203141945,0.7943236626893418,0,0,0,0,0,0,4.0,0,0.0,14.800690451328954,28.284630108829568,13.712065,0.526000285600257,193
ISMN_USCRN_Bowling-Green-21-NNE,sm_only,37.2504,-86.2325,241.0,Cfa,oos,ok,,1461,1461,0,True,0,0,-0.008575439453125,0,0,0,288.31831841334997,99521.27418078372,98463.1263596473,1.0107466404963765,True,0,0.5138118193318111,0.7682353957209035,0.78111322602577,0,0,0,0,0,0,4.0,0,0.0,15.196881435329136,29.015146032169753,14.295133,0.49998765035349707,160
ISMN_USCRN_Bronte-11-NNE,sm_only,32.0408,-100.2495,609.0,Cfa,train,ok,,1826,1826,0,True,0,0,-0.22198486328125,0,0,0,292.12336044060834,94124.81677419906,94219.69605798741,0.998992999470833,True,0,0.6059727868388963,0.7635251853026301,0.7774533898393836,0,0,0,0,0,0,4.999315537303217,0,0.0,18.70547506448214,29.231939419496165,16.596705,0.369453138223128,163
ISMN_USCRN_Brunswick-23-S,sm_only,30.8078,-81.4596,8.0,Cfa,train,ok,,1461,1461,0,True,0,0,-0.496246337890625,0,0,0,294.33625978317104,101727.82983080938,101228.9317048659,1.0049284144121764,True,0,0.5457919037032501,0.7620688562805792,0.7779404005498273,0,0,0,0,0,0,4.0,0,0.0,17.073142564692585,31.802069036960987,18.991061,0.3697891053432643,124
ISMN_USCRN_Charlottesville-2-SSE,sm_only,37.9975,-78.4656,359.0,Cfa,oos,ok,,2192,2192,0,True,0,0,-0.000152587890625,0,0,0,287.73269377659705,99607.43751782048,97085.9482558852,1.025971722038389,True,0,0.5290670741322503,0.7742412132941382,0.7896525813877971,0,0,0,0,0,0,6.0013689253935665,0,0.0,15.288565383804544,28.236964173357666,13.981915,0.48541131942231985,195
ISMN_USCRN_Chatham-1-SE,sm_only,46.3345,-86.92,267.0,Dfb,train,ok,,2192,2192,0,True,0,0,-0.0091552734375,0,0,0,279.090501214466,98401.1606837363,98158.33005501394,1.0024738667475932,True,0,0.5079238121403349,0.7671349465154554,0.7921623468117249,0,0,0,0,0,0,6.0013689253935665,0,0.0,13.776965004242498,25.29885581478102,14.370794,0.6226850699920846,185
ISMN_USCRN_Cortez-8-SE,sm_only,37.2553,-108.5035,2449.0,Dfa,train,ok,,1096,1096,0,True,0,0,-1.138153076171875,0,0,0,282.9594597085549,79692.34693630246,75162.31812141986,1.0602699454740692,True,0,0.6930983942491131,0.8222662804243954,0.8496939735190476,0,0,0,0,0,0,3.0006844626967832,0,0.0,20.307860683516232,23.09057710948905,13.790315,0.37592524022266866,159
ISMN_USCRN_Corvallis-10-SSW,sm_only,44.4185,-123.3257,95.0,Csb,oos,ok,,2192,2192,0,True,0,0,-0.07342529296875,0,0,0,284.12749726232823,98834.56850906706,100188.9429906052,0.9864817968818661,True,0,0.4954404207739768,0.7599054529214271,0.7770402490714327,0,0,0,0,0,0,6.0013689253935665,0,0.0,14.109814073585564,27.044866893248177,17.424231,0.651218543699778,206
ISMN_USCRN_Crossville-7-NW,sm_only,36.0138,-85.1345,583.0,Cfa,train,ok,,1096,1096,0,True,0,0,-0.001251220703125,0,0,0,287.6022803870431,95642.66422644845,94514.55372002996,1.011935839106432,True,0,0.5108033378513256,0.7708156776277916,0.7892797625956671,0,0,0,0,0,0,3.0006844626967832,0,0.0,15.26165314154543,28.784311562043797,14.303173,0.48707277300007085,164
ISMN_USCRN_Durham-11-W,sm_only,35.9705,-79.0931,171.0,Cfa,train,ok,,2192,2192,0,True,0,0,-0.0089111328125,0,0,0,289.4448425543569,99849.3419002338,99287.54282958052,1.005658303696946,True,0,0.5287804099246152,0.7696302081142141,0.7861727886339207,0,0,0,0,0,0,6.0013689253935665,0,0.0,15.696919673038122,29.37378793430657,15.184492,0.4676979728763984,185
ISMN_USCRN_Durham-2-N,sm_only,43.1716,-70.9277,36.0,Dfb,oos,ok,,1096,1096,0,True,0,0,-0.033905029296875,0,0,0,282.70441454866506,100919.00719234717,100893.27330761412,1.0002550604603202,True,0,0.5122679925853116,0.7884942504743714,0.8107851261207056,0,0,0,0,0,0,3.0006844626967832,0,0.0,13.888127537530828,26.224358160583943,12.175401,0.5790064336136398,166
ISMN_USCRN_Elgin-5-S,sm_only,31.5907,-110.5087,1466.0,Bsh,oos,ok,,1826,1826,0,True,0,0,-0.4759521484375,0,0,0,291.29582242767236,86353.14882256297,84909.37427515622,1.0170037120133293,True,0,0.6851249144178936,0.806966583960421,0.830534132782122,0,0,0,0,0,0,4.999315537303217,0,0.0,21.20410622548981,26.397526726177436,16.813602,0.3124971382554501,143
ISMN_USCRN_Elkins-21-ENE,sm_only,39.013,-79.4743,1033.0,Dfb,train,ok,,1827,1827,0,True,0,0,-0.00677490234375,0,0,0,282.1986500991128,90748.50792795567,89515.39374835222,1.0137754427251922,True,0,0.5006131767775885,0.7770922400523269,0.8085701617983151,0,0,0,0,0,0,5.002053388090349,0,0.0,14.457865709322723,27.032940153256707,12.275893,0.5128199944524161,195
ISMN_USCRN_Everglades-City-5-NE,sm_only,25.8996,-81.3183,1.0,Cfa,train,ok,,1827,1827,0,True,0,0,-0.67694091796875,0,0,0,297.4715552619721,101663.29605398193,101312.98742745895,1.0034576872661445,True,0,0.5590548640160296,0.7504567179423145,0.7735624977867211,0,0,0,0,0,0,5.002053388090349,0,0.0,18.07425930866591,33.634599016967705,22.788628,0.2806388892370729,123
ISMN_USCRN_Fallbrook-5-NE,sm_only,33.4392,-117.1904,347.0,Bsk,train,ok,,2192,2192,0,True,0,0,-0.473541259765625,0,0,0,290.9297690983236,96987.95103287522,97225.28363811263,0.9975589414979668,True,0,0.6612152691149149,0.7866897411438504,0.8046785571963101,0,0,0,0,0,0,6.0013689253935665,0,0.0,20.253140581797243,27.173291756386863,19.412352,0.3523799977917988,166
ISMN_USCRN_Gadsden-19-N,sm_only,34.2851,-85.9621,351.0,Cfa,train,ok,,2192,2192,0,True,0,0,-0.0162353515625,0,0,0,289.977547875286,98152.92733876026,97178.82053119426,1.0100238591314588,True,0,0.5212671425255585,0.7681321347181485,0.7864639986619644,0,0,0,0,0,0,6.0013689253935665,0,0.0,15.844102410264398,29.786704323905113,15.869873,0.4584889111205242,133
ISMN_USCRN_Goodwell-2-E,sm_only,36.5993,-101.595,995.0,Bsk,train,ok,,1461,1461,0,True,0,0,-0.9412841796875,0,0,0,288.3833633621289,90252.74354573067,89929.08126895253,1.003599083546847,True,0,0.6498981212861553,0.7854763990613794,0.8078065990896963,0,0,0,0,0,0,4.0,0,0.0,19.05033868951228,26.597047593429156,15.439675,0.3796622838330919,159
ISMN_USCRN_Goodwell-2-SE,sm_only,36.5682,-101.6097,1000.0,Bsk,train,ok,,2192,2192,0,True,0,0,-0.32196044921875,0,0,0,288.4852980035935,89939.60417854699,89874.56042735427,1.0007237170438823,True,0,0.653145849942123,0.7860504014358766,0.8106660405217111,0,0,0,0,0,0,6.0013689253935665,0,0.0,19.105210353695057,26.541589803832117,14.190121,0.3721372181847055,163
ISMN_USCRN_John-Day-35-WNW,sm_only,44.556,-119.6459,684.0,Bsk,train,ok,,2192,2192,0,True,0,0,-0.451080322265625,0,0,0,281.8692983710853,88096.74412636862,93373.31578063096,0.9434895118573384,True,0,0.5959278461621826,0.7857380168670844,0.836770830427863,0,0,0,0,0,0,6.0013689253935665,0,0.0,16.392158328147612,24.28092065328467,13.807697,0.5429745209928593,181
ISMN_USCRN_Joplin-24-N,sm_only,37.4277,-94.5829,290.0,Cfa,train,ok,,2192,2192,0,True,0,0,-0.218505859375,0,0,0,288.3332042137202,98252.39654140055,97889.3398269256,1.0037088483293162,True,0,0.5448792195103558,0.7626479389038058,0.7871773049199294,0,0,0,0,0,0,6.0013689253935665,0,0.0,15.931115383804546,28.674425401459853,14.804606,0.47280179073642375,164
ISMN_USCRN_Lafayette-13-SE,sm_only,30.0918,-91.8731,11.0,Cfa,val,ok,,2192,2192,0,True,0,0,-0.40234375,0,0,0,294.0117165642063,101620.45083684991,101192.9251147367,1.004224857831004,True,0,0.518347967124694,0.7547883476414446,0.7723069994742838,0,0,0,0,0,0,6.0013689253935665,0,0.0,16.272700308987027,32.1333364479927,18.470499,0.3909576396477307,121
ISMN_USCRN_Las-Cruces-20-N,sm_only,32.6137,-106.7414,1319.0,Bsk,train,ok,,2192,2192,0,True,0,0,-2.200958251953125,0,0,0,292.15306657944285,87155.19801408531,86451.03041826207,1.0081452770709196,True,0,0.695283088226158,0.8020868207901134,0.8135243092561633,0,0,0,0,0,0,6.0013689253935665,0,0.0,21.386170169388485,26.751523413321166,17.172374,0.32219740829760724,143
ISMN_USCRN_Los-Alamos-13-W,sm_only,35.8584,-106.5214,2657.0,Dfb,train,ok,,1827,1827,0,True,0,0,-0.315826416015625,0,0,0,280.30762978205604,75055.54957324166,73221.00834389319,1.0250548479301498,True,0,0.6862130294726863,0.8200530744974264,0.8430222940923467,0,0,0,0,0,0,5.002053388090349,0,0.0,20.256685829738707,22.65834441050903,13.567555,0.34327825914341903,166
ISMN_USCRN_McClellanville-7-NE,sm_only,33.1532,-79.3637,3.0,Cfa,train,ok,,2192,2192,0,True,0,0,-0.1707763671875,0,0,0,292.7229991133196,101742.85788877167,101288.96574192833,1.0044811608403605,True,0,0.5467065186270178,0.7632204330352984,0.786827743992405,0,0,0,0,0,0,6.0013689253935665,0,0.0,16.707899080884836,30.956926562043797,17.500553,0.4073933866233191,123
ISMN_USCRN_Mercury-3-SSW,sm_only,36.624,-116.0225,1001.0,Bwh,train,ok,,2192,2192,0,True,0,0,-0.39971923828125,0,0,0,290.4934386371696,88449.99732336336,89863.65947153901,0.9842688117033185,True,0,0.7079373913486641,0.8036451050800193,0.8226427156105887,0,0,0,0,0,0,6.0013689253935665,0,0.0,20.971687646578268,25.34308836040146,15.94675,0.3648840092779269,166
ISMN_USCRN_Monahans-6-ENE,sm_only,31.6219,-102.8071,830.0,Bsh,train,ok,,2192,2192,0,True,0,0,-1.22418212890625,0,0,0,292.90311152047485,91964.2728886291,91743.3519631141,1.0024080319803863,True,0,0.6568720881705654,0.7805489905297422,0.795126051356622,0,0,0,0,0,0,6.0013689253935665,0,0.0,20.35887111464396,28.51755857208029,16.958443,0.33015099866350767,169
ISMN_USCRN_Monroe-26-N,sm_only,32.8833,-92.1165,27.0,Cfa,val,ok,,1461,1461,0,True,0,0,-0.02447509765625,0,0,0,292.62232372746087,101171.89572103867,101001.06507114958,1.0016913747371747,True,0,0.5215002861199969,0.7526195288178641,0.7663402531233101,0,0,0,0,0,0,4.0,0,0.0,16.11057754758102,31.04385025941136,16.665183,0.44840399253001906,183
ISMN_USCRN_Muleshoe-19-S,sm_only,33.9557,-102.774,1141.0,Bsk,val,ok,,1826,1826,0,True,0,0,-0.114471435546875,0,0,0,289.7601099588785,88278.92210603779,88348.05622022998,0.9992174800765299,True,0,0.6603252414288717,0.7884847080006407,0.8076626976574867,0,0,0,0,0,0,4.999315537303217,0,0.0,19.921302903474473,26.73433401314348,15.781641,0.3432971986326773,166
ISMN_USCRN_Newton-5-ENE,sm_only,32.3378,-89.0703,114.0,Cfa,oos,ok,,2192,2192,0,True,0,0,-0.01300048828125,0,0,0,292.15785025158067,100226.33536724452,99962.9742310167,1.0026345868383146,True,0,0.525047659252678,0.7622990879137425,0.7767975010731231,0,0,0,0,0,0,6.0013689253935665,0,0.0,16.25049551884104,30.835089302007294,17.146327,0.43348940051141366,147
ISMN_USCRN_Newton-8-W,sm_only,31.3127,-84.4706,54.0,Cfa,train,ok,,1096,1096,0,True,0,0,-0.147216796875,0,0,0,293.36305768646463,101010.21013201414,100677.96922972084,1.0033000357956685,True,0,0.5487674680376204,0.767229066949196,0.777655347346394,0,0,0,0,0,0,3.0006844626967832,0,0.0,17.063616192640318,31.24523528832117,17.882192,0.38445073007663694,129
ISMN_USCRN_Panther-Junction-2-N,sm_only,29.3483,-103.2093,1065.0,Bsk,train,ok,,2192,2192,0,True,0,0,-0.9334716796875,0,0,0,294.0310925671654,89114.98051864735,89168.22173413067,0.9994029126694702,True,0,0.6704641051504225,0.7823412857226839,0.8011135102220411,0,0,0,0,0,0,6.0013689253935665,0,0.0,21.209710625592862,29.166466833029197,18.722435,0.2921789511897378,169
ISMN_USCRN_Quinault-4-NE,sm_only,47.5139,-123.812,87.0,Cfb,train,ok,,2192,2192,0,True,0,0,-0.00018310546875,0,0,0,281.22223744079145,95547.75413078809,100284.21138719615,0.9527696614363287,True,0,0.4663862492910777,0.745366042677546,0.7731224117847862,0,0,0,0,0,0,6.0013689253935665,0,0.0,12.761446767016222,26.650920062043795,16.797945,0.6781016710229862,206
ISMN_USCRN_Salem-10-W,sm_only,37.6344,-91.7226,365.0,Dfa,val,ok,,2192,2192,0,True,0,0,-0.018463134765625,0,0,0,287.1024428040442,97498.67920634695,97016.34122465404,1.004971718945533,True,0,0.52761844026355,0.7698464047555078,0.7925161363566625,0,0,0,0,0,0,6.0013689253935665,0,0.0,15.451197015191404,28.303739622262775,13.86834,0.4906646663907351,164
ISMN_USCRN_Santa-Barbara-11-W,sm_only,34.4141,-119.8796,5.0,Csb,train,ok,,1826,1826,0,True,0,0,-0.446533203125,0,0,0,289.74208518422057,97925.94091422508,101264.94866856826,0.9670270138064112,True,0,0.6793141961891924,0.7821685780258212,0.7884885434897769,0,0,0,0,0,0,4.999315537303217,0,0.0,20.697244341590572,26.304434278203725,19.973664,0.36109249644688,166
ISMN_USCRN_Socorro-20-N,sm_only,34.3557,-106.8859,1477.0,Bsk,train,ok,,2192,2192,0,True,0,0,-1.517425537109375,0,0,0,289.02897035640524,84104.43158716355,84794.91362520632,0.9918570347144322,True,0,0.6951432051910102,0.8104024520059057,0.8260742912147663,0,0,0,0,0,0,6.0013689253935665,0,0.0,20.923995220483377,24.794583269160583,14.906656,0.3281588214529322,166
ISMN_USCRN_Spokane-17-SSW,sm_only,47.4174,-117.5264,691.0,Dsb,train,ok,,1826,1826,0,True,0,0,-0.34051513671875,0,0,0,282.9263368253509,93351.39707694414,93294.63547622765,1.0006084122675087,True,0,0.576514567234651,0.7728288505142793,0.8295563828793096,0,0,0,0,0,0,4.999315537303217,0,0.0,15.478761841042926,25.099755970427164,14.544991,0.5929623167474283,200
ISMN_USCRN_Stillwater-2-W,sm_only,36.1181,-97.0914,271.0,Cfa,train,ok,,2192,2192,0,True,0,0,-0.328582763671875,0,0,0,289.74873409132016,98013.50908488252,98111.50620265733,0.9990011659022705,True,0,0.5752052176624111,0.763995229084055,0.7848057144483997,0,0,0,0,0,0,6.0013689253935665,0,0.0,16.995844502417683,28.920858179744528,15.780625,0.43028225949716825,199
ISMN_USCRN_Stillwater-5-WNW,sm_only,36.1346,-97.1082,271.0,Cfa,train,ok,,1827,1827,0,True,0,0,-0.309967041015625,0,0,0,289.7554840605704,97889.17793000821,98111.50620265733,0.9977339225412575,True,0,0.5772492557765126,0.7629732559659067,0.7855951672212533,0,0,0,0,0,0,5.002053388090349,0,0.0,17.09129958890674,28.9025772665572,16.061736,0.43188666581330004,199
ISMN_USCRN_Stovepipe-Wells-1-SW,sm_only,36.602,-117.1449,26.0,Bwh,train,ok,,2192,2192,0,True,0,0,-2.0313720703125,0,0,0,298.9567600584378,100347.25403099338,101013.04768769341,0.9934088350768457,True,0,0.710010986075429,0.7989538391759111,0.8159174179725739,0,0,0,0,0,0,6.0013689253935665,0,0.0,21.0660446502279,26.04002523083942,16.454148,0.36444637485343645,168
ISMN_USCRN_Tucson-11-W,sm_only,32.2395,-111.1696,833.0,Bwh,oos,ok,,2192,2192,0,True,0,0,-1.9154052734375,0,0,0,295.1796355143081,92591.39768903969,91710.10280029748,1.0096095725752403,True,0,0.6915274047622982,0.7984277045457916,0.814588398984386,0,0,0,0,0,0,6.0013689253935665,0,0.0,21.317640126505275,28.110216295620436,18.498944,0.3160928820966656,150
ISMN_USCRN_Versailles-3-NNW,sm_only,38.0945,-84.7465,272.0,Cfa,oos,ok,,2192,2192,0,True,0,0,-0.000244140625,0,0,0,287.1642489328872,98962.79077683052,98099.80306602658,1.0087970381573865,True,0,0.5098153040949753,0.7698425997945054,0.7919493083778792,0,0,0,0,0,0,6.0013689253935665,0,0.0,14.915805569023522,28.512340751824816,14.187089,0.511306148177694,161
ISMN_USCRN_Watkinsville-5-SSE,sm_only,33.7837,-83.3896,226.0,Cfa,train,ok,,2192,2192,0,True,0,0,-0.0047607421875,0,0,0,290.9866970786213,99409.89935347285,98639.31868721223,1.0078121045087929,True,0,0.5289528537357235,0.7692532889420053,0.7854440095067587,0,0,0,0,0,0,6.0013689253935665,0,0.0,16.11522556263666,30.10287168886861,16.834927,0.4460275312945746,124
ISMN_USCRN_Yosemite-Village-12-W,sm_only,37.7592,-119.8208,2018.0,Csa,train,ok,,1461,1461,0,True,0,0,-0.08660888671875,0,0,0,284.98738065767907,86669.15840498802,79317.69275907658,1.0926838059730397,True,0,0.6712764947624069,0.8000950946329003,0.8126204110096444,0,0,0,0,0,0,4.0,0,0.0,19.849666647085286,24.406911490075288,16.111436,0.4234859310846733,166
ISMN_USCRN_Yuma-27-ENE,sm_only,32.835,-114.1884,189.0,Bwh,oos,ok,,2192,2192,0,True,0,0,-1.749176025390625,0,0,0,297.2415315391373,97667.18125926665,99075.0181810473,0.9857901926476763,True,0,0.6969657361372752,0.7848318850718335,0.8012561991854633,0,0,0,0,0,0,6.0013689253935665,0,0.0,21.42495166117681,29.403548518248172,19.870024,0.3182058881911707,154
ISMN_WATERLINE_Kerasia,sm_only,41.18,25.28,628.0,Csb,train,ok,,1826,1826,0,True,0,0,-0.422637939453125,0,0,0,286.6591541837627,96188.71043691813,94004.69455469337,1.0232330512063317,True,0,0.5466654434085728,0.7367841589307863,0.7593524485407109,0,0,0,0,0,0,4.999315537303217,0,0.0,15.633778267962386,27.666031607338443,16.997984,0.49278343467109736,191
ISMN_WATERLINE_Komotini,sm_only,41.123,25.386,34.0,Csb,oos,ok,,1461,1461,0,True,0,0,-0.38909912109375,0,0,0,286.8977899884296,96212.30273036448,100917.21897892262,0.9533784591354939,True,0,0.5493798107602514,0.7352717420319504,0.7570432166764678,0,0,0,0,0,0,4.0,0,0.0,15.718061231302103,27.68987928884326,16.939476,0.4900527454692231,178
ISMN_WATERLINE_Nymfaia,sm_only,41.264,25.436,711.0,Dsb,train,ok,,1826,1826,0,True,0,0,-0.250701904296875,0,0,0,286.2578253187198,95206.65094468785,93070.13037379472,1.022956028559456,True,0,0.5424958061268882,0.7330514844784,0.7607913276578595,0,0,0,0,0,0,4.999315537303217,0,0.0,15.50605884737093,27.556668735487403,16.902704,0.4982766979260801,191
ISMN_XMS-CAT_BatlliudeSort,sm_only,42.42841,1.1244,890.0,Dfb,train,ok,,3653,3653,0,True,0,0,-0.132232666015625,0,0,0,281.001278054117,85361.81776964139,91080.22023019577,0.9372157594030656,True,0,0.5861011860753771,0.7890199976833903,0.8171619367818529,0,0,0,0,0,0,10.001368925393566,0,0.0,15.996576658152733,24.60663027237887,15.388229,0.45685038322114957,195
ISMN_XMS-CAT_BordaColl,sm_only,42.4142,1.46531,865.0,Cfb,train,ok,,1826,1826,0,True,0,0,-0.208404541015625,0,0,0,279.88509700645625,82298.19513708242,91356.051788741,0.9008510495549361,True,0,0.5888206837993133,0.789610541474312,0.8215092909276099,0,0,0,0,0,0,4.999315537303217,0,0.0,16.089258921850664,24.46836710460022,14.639099,0.4571792451947773,196
ISMN_XMS-CAT_CamidelsNerets,sm_only,42.1554,0.9255,487.0,Dfb,train,ok,,3287,3287,0,True,0,0,-0.44793701171875,0,0,0,285.1571280558058,91552.96675825221,95609.7389704251,0.9575694667106269,True,0,0.5841488861417345,0.7695211422807335,0.8027917684573299,0,0,0,0,0,0,8.999315537303216,0,0.0,16.18259866829229,25.524923279890473,16.527647,0.4710059398217236,203
ISMN_XMS-CAT_Clarella,sm_only,42.11946,2.28235,922.0,Cfb,train,ok,,1826,1826,0,True,0,0,-0.147857666015625,0,0,0,284.8478520906246,91297.30822580094,90728.14026118844,1.0062733344139312,True,0,0.5573967189627757,0.7526274859890268,0.7774067713449183,0,0,0,0,0,0,4.999315537303217,0,0.0,15.308860391730185,26.49425858214677,17.631351,0.46485946020341834,195
ISMN_XMS-CAT_ClotdelesPeresII,sm_only,42.15623,0.83767,602.0,Dfb,train,ok,,1826,1826,0,True,0,0,-0.44891357421875,0,0,0,286.19167935391243,93067.62491870893,94299.00743637996,0.9869417234481306,True,0,0.5846089230209538,0.7667208470367772,0.8002767548879266,0,0,0,0,0,0,4.999315537303217,0,0.0,16.226394191292066,25.73748840799562,16.652633,0.47589082472142824,196
ISMN_XMS-CAT_ColldePaller,sm_only,42.19748,1.24688,1164.0,Cfb,train,ok,,2557,2557,0,True,0,0,-0.37615966796875,0,0,0,283.68179691271433,88419.62163912789,88101.0559993014,1.0036159117074488,True,0,0.5817077860395619,0.7730514959441894,0.8078931815737495,0,0,0,0,0,0,7.000684462696783,0,0.0,16.059143733710656,25.279934604223698,16.330063,0.47087650181790625,203
ISMN_XMS-CAT_ElBoixer,sm_only,42.39871,0.95839,1217.0,Dfb,train,ok,,2557,2557,0,True,0,0,-0.248687744140625,0,0,0,281.8460943037801,85602.87484417774,87534.00995675256,0.9779384594224699,True,0,0.5848809243132296,0.7810093894657114,0.8042472485303114,0,0,0,0,0,0,7.000684462696783,0,0.0,16.070185463863176,24.97087614352757,15.794365,0.4685108955046903,196
ISMN_XMS-CAT_ElMiracle,sm_only,41.91393,1.5276,811.0,Cfb,train,ok,,1826,1826,0,True,0,0,-0.152862548828125,0,0,0,286.0545735855353,93356.62441812706,91954.15673806155,1.0152518138365463,True,0,0.5754090514852674,0.7591371465653277,0.790936874811714,0,0,0,0,0,0,4.999315537303217,0,0.0,15.947902815607511,26.30705782639649,17.686984,0.4698647356870485,195
ISMN_XMS-CAT_LaCultiadAreu,sm_only,42.58803,1.3299,1236.0,Dfb,train,ok,,2192,2192,0,True,0,0,-0.175811767578125,0,0,0,277.8885306755122,79520.90798927919,87331.45042038609,0.9105643798023575,True,0,0.5853876141372254,0.7976112672769516,0.8316686211296552,0,0,0,0,0,0,6.0013689253935665,0,0.0,15.903157871905137,24.660881232664234,14.668837,0.4559768415819585,196
ISMN_XMS-CAT_Llivia,sm_only,42.46915,1.97235,1219.0,Cfb,train,ok,,1826,1826,0,True,0,0,-0.23980712890625,0,0,0,280.47045345243725,83516.82085158817,87512.67000251295,0.95433976416432,True,0,0.5783878117712317,0.7793345213164031,0.8101744196116751,0,0,0,0,0,0,4.999315537303217,0,0.0,15.791742662266877,24.97765131599124,15.482477,0.45844125808569786,196
ISMN_XMS-CAT_LosCoscolls,sm_only,42.14571,0.98318,560.0,Cfb,train,ok,,3287,3287,0,True,0,0,-0.44793701171875,0,0,0,285.1571280558058,91552.96675825221,94776.01176413047,0.9659930298196187,True,0,0.5840383986938298,0.7694242796622581,0.8027193090006925,0,0,0,0,0,0,8.999315537303216,0,0.0,16.18259866829229,25.524923279890473,16.527647,0.4710059398217236,203
ISMN_XMS-CAT_Pessonada,sm_only,42.218,1.0196,911.0,Dfb,val,ok,,3287,3287,0,True,0,0,-0.28912353515625,0,0,0,283.06143008360647,87611.41218008443,90849.04322142218,0.9643625191137476,True,0,0.5807081381395737,0.7763624303581259,0.8084485531337797,0,0,0,0,0,0,8.999315537303216,0,0.0,16.048224504617206,24.99617300486766,15.870709,0.47259783946482625,203
ISMN_XMS-CAT_RiberadeSio,sm_only,41.80319,0.90969,283.0,Cfb,train,ok,,2192,2192,0,True,0,0,-0.782745361328125,0,0,0,287.8410206954845,95646.15513800182,97971.14315218595,0.9762686446296482,True,0,0.5892818841437928,0.7547598444088806,0.7854641391899958,0,0,0,0,0,0,6.0013689253935665,0,0.0,16.42817206716061,27.086885661496353,18.225406,0.46639267698744186,203
ISMN_XMS-CAT_SerradeCostaAmpla,sm_only,42.2112,0.8939,922.0,Dfb,train,ok,,2556,2556,0,True,0,0,-0.29962158203125,0,0,0,284.7162147366758,91204.14309773572,90728.14026118844,1.0052464740837515,True,0,0.584937278540768,0.772820466127565,0.8045989307110576,0,0,0,0,0,0,6.997946611909651,0,0.0,16.155912118886263,25.10334766627543,16.55581,0.466916293265186,195
ISMN_iRON_BrushCreek,sm_only,39.23353,-106.90815,2371.0,Dfc,oos,ok,,2557,2557,0,True,0,0,-0.776397705078125,0,0,0,276.43743202469057,74345.36577593371,75900.96433332955,0.9795048907341385,True,0,0.6800418139825517,0.8352974781702519,0.8548904169133367,0,0,0,0,0,0,7.000684462696783,0,0.0,19.50596716092419,20.77299804028158,12.23041,0.40163109597947133,160
ISMN_iRON_GlenwoodSprings,sm_only,39.54418,-107.34133,1890.0,Dfb,train,ok,,2557,2557,0,True,0,0,-0.514892578125,0,0,0,277.41415802109367,75171.23941630818,80586.95086061534,0.932796670100172,True,0,0.6721520295673735,0.8296072812180058,0.850725933098519,0,0,0,0,0,0,7.000684462696783,0,0.0,19.258664719782224,21.61465869104419,12.810906,0.4132400636068581,164
ISMN_iRON_NorthstarAspenGrove,sm_only,39.17067,-106.79944,2454.0,Dfc,oos,ok,,2192,2192,0,True,0,0,-0.721832275390625,0,0,0,274.9417699201264,71705.32345603331,75115.16826743979,0.954605109859222,True,0,0.6863767779173087,0.8399815192499276,0.8581659286621649,0,0,0,0,0,0,6.0013689253935665,0,0.0,19.64290673143228,20.243144820255477,11.808544,0.3944947806844034,160
ISMN_iRON_NorthstarTransitionZone,sm_only,39.17114,-106.79917,2452.0,Dfc,oos,ok,,2192,2192,0,True,0,0,-0.382965087890625,0,0,0,274.92199695893447,71668.06475607322,75134.02533417419,0.9538696274732335,True,0,0.6900501866591628,0.838209946558849,0.866371454491785,0,0,0,0,0,0,6.0013689253935665,0,0.0,19.71597233997083,20.260466260948903,11.671072,0.38856262424966426,166
ISMN_iRON_SkyMountain,sm_only,39.22098,-106.91313,2554.0,Dfc,oos,ok,,2557,2557,0,True,0,0,-0.776397705078125,0,0,0,276.43743202469057,74345.36577593371,74177.1889084306,1.0022672316109298,True,0,0.6798947100503887,0.8350777518156395,0.8547702371801226,0,0,0,0,0,0,7.000684462696783,0,0.0,19.50596716092419,20.77299804028158,12.23041,0.40163109597947133,160
ICOS_CH-Cha,flux_only,47.21022,8.41044,393.0,Cfb,train,ok,,1461,1461,0,True,0,0,-0.432403564453125,0,0,0,283.4902947417356,94825.51505283196,96692.04251110129,0.9806961626852072,True,0,0.4897216922523334,0.7353032371058429,0.7630343563031975,0,0,0,0,0,0,4.0,0,0.0,12.889861148102288,26.347225229295,16.534142,0.6112798814429372,148
ICOS_CH-Fru,flux_only,47.11583,8.53778,971.0,Cfb,train,ok,,1461,1461,0,True,0,0,-0.49981689453125,0,0,0,282.5067628081085,93118.0473616102,90191.15423923971,1.032452108491778,True,0,0.4926077804915259,0.7402484761804407,0.7765782350108081,0,0,0,0,0,0,4.0,0,0.0,12.914514527979083,25.813295954825463,16.031864,0.6020732476119761,148
ICOS_CH-Lae,flux_only,47.47833,8.36439,683.0,Cfb,val,ok,,1461,1461,0,True,0,0,-0.3209228515625,0,0,0,283.6650747185615,95557.9752844798,93384.5602089068,1.0232738160431547,True,0,0.4881638308601558,0.7335891835232939,0.760676867416184,0,0,0,0,0,0,4.0,0,0.0,12.836041649128981,26.649864320328543,16.633594,0.6162435599626379,148
ICOS_CH-Oe2,flux_only,47.28642,7.73375,452.0,Cfb,train,ok,,1461,1461,0,True,0,0,-0.279510498046875,0,0,0,283.5236252635248,95736.41546350958,96011.5719456658,0.9971341320990772,True,0,0.4837218777348252,0.737419801579134,0.766866602739994,0,0,0,0,0,0,4.0,0,0.0,12.740427885953077,26.313443995893227,15.928562,0.6181873532230612,175
ICOS_CZ-KrP,flux_only,49.573257,15.078773,519.0,Cfb,train,ok,,1461,1461,0,True,0,0,-0.18084716796875,0,0,0,282.588098754465,95984.51158773956,95243.54156920816,1.0077797402986426,True,0,0.45277336556707404,0.7171099364989306,0.7377335423003413,0,0,0,0,0,0,4.0,0,0.0,11.731235104296674,26.52028507049966,15.876746,0.6576386735169477,182
ICOS_CZ-RAJ,flux_only,49.44372,16.696512,648.0,Cfb,train,ok,,1461,1461,0,True,0,0,-0.19268798828125,0,0,0,282.31593697696087,95914.6681799709,93778.80654172368,1.0227755259105047,True,0,0.44702654131820474,0.712645439802816,0.7346791870892204,0,0,0,0,0,0,4.0,0,0.0,11.714932783968134,26.705783143052706,16.064532,0.6644920273909893,182
ICOS_CZ-Stn,flux_only,49.035976,17.9699,553.0,Dfb,train,ok,,1461,1461,0,True,0,0,-0.17071533203125,0,0,0,282.44105865039865,96123.99772202258,94855.70209153614,1.0133707895521404,True,0,0.4501261512792923,0.7143831239819566,0.7350600356650954,0,0,0,0,0,0,4.0,0,0.0,11.821906271990036,26.67915818617385,14.482655,0.6587298987825637,182
ICOS_CZ-wet,flux_only,49.02465,14.77035,426.0,Cfb,train,ok,,2922,2922,0,True,0,0,-0.35791015625,0,0,0,283.1289470341008,96303.1485738578,96310.9607959305,0.9999188854310233,True,0,0.4595453298151624,0.7157715727508065,0.741552692977589,0,0,0,0,0,0,8.0,0,0.0,11.878268388038546,26.321871857973992,15.807912,0.6402149629271803,172
ICOS_DE-Kli,flux_only,50.893044,13.5223,478.0,Cfb,train,ok,,2922,2922,0,True,0,0,-0.1214599609375,0,0,0,282.58274245996495,96620.61374379706,95712.93713903734,1.0094833220240769,True,0,0.44308706671256803,0.7122276491915533,0.7308023381079211,0,0,0,0,0,0,8.0,0,0.0,11.328500797347239,26.736267109171802,15.726762,0.6820721648947005,155
ICOS_DE-Obe,flux_only,50.78666,13.72129,766.0,Dfb,train,ok,,1461,1461,0,True,0,0,-0.135833740234375,0,0,0,281.6323461930773,94890.76707948324,92454.99607189248,1.0263454773790344,True,0,0.45038215566721573,0.7167644091056331,0.7299663938489588,0,0,0,0,0,0,4.0,0,0.0,11.471779991360329,26.57143750171116,15.578454,0.6760819768513431,181
ICOS_ES-Abr,flux_only,38.70184,-6.785881,279.0,Csa,oos,ok,,1461,1461,0,True,0,0,-0.89520263671875,0,0,0,290.8611021779483,98739.98413971595,98017.91275658883,1.0073667288235393,True,0,0.6039380118434647,0.7600622543627136,0.7778818472622234,0,0,0,0,0,0,4.0,0,0.0,17.76454048143562,28.243252954141,19.318628,0.4691315497510421,198
ICOS_ES-Agu,flux_only,36.939384,-2.034044,200.0,Bsk,val,ok,,1461,1461,0,True,0,0,-1.07452392578125,0,0,0,290.79101608453914,97357.16623887749,98945.32344781862,0.9839491432884274,True,0,0.6384859128994088,0.7506819435183814,0.767962898429029,0,0,0,0,0,0,4.0,0,0.0,18.87011261285246,28.258171145790563,20.631295,0.38677416201485343,169
ICOS_ES-Cnd,flux_only,37.914997,-3.227659,368.0,Csa,train,ok,,1461,1461,0,True,0,0,-0.290283203125,0,0,0,290.2632378611477,95506.27241080595,96981.55286615035,0.9847880301795072,True,0,0.6121305184602177,0.7698769722550529,0.7845525684143546,0,0,0,0,0,0,4.0,0,0.0,18.094493358916797,27.27855957152635,18.744645,0.44625214105886446,179
ICOS_ES-LM1,flux_only,39.94269,-5.778683,265.0,Csa,train,ok,,1461,1461,0,True,0,0,-0.452850341796875,0,0,0,289.59944275027675,97239.0913329911,98181.74876586201,0.9903988526918694,True,0,0.5944529139202233,0.7707548578754551,0.7895266834652571,0,0,0,0,0,0,4.0,0,0.0,17.278687350703244,26.93271329226557,17.31498,0.49468533526268715,200
ICOS_ES-LM2,flux_only,39.934593,-5.775881,267.0,Csa,train,ok,,1461,1461,0,True,0,0,-0.452850341796875,0,0,0,289.59944275027675,97239.0913329911,98158.33005501394,0.9906351430234435,True,0,0.5943720390090134,0.7706542012617221,0.7894332695769071,0,0,0,0,0,0,4.0,0,0.0,17.278687350703244,26.93271329226557,17.31498,0.49468533526268715,200
ICOS_ES-LMa,flux_only,39.94033,-5.77465,265.0,Csa,train,ok,,1827,1827,0,True,0,0,-0.314849853515625,0,0,0,290.10896716355364,97471.78928485906,98181.74876586201,0.9927689260995338,True,0,0.5914871616188014,0.7707995529723713,0.7960546297099909,0,0,0,0,0,0,5.002053388090349,0,0.0,17.216833575472325,27.169330942528735,18.600533,0.5006574796742876,195
ICOS_FR-Aur,flux_only,43.54965,1.106103,250.0,Cfb,train,ok,,2191,2191,0,True,0,0,-0.28228759765625,0,0,0,287.6456565143092,99523.09390689182,98357.53334604493,1.011850241879757,True,0,0.5005782907873428,0.7442867577315403,0.7783556785918053,0,0,0,0,0,0,5.9986310746064335,0,0.0,13.895256791842984,28.70271792469192,16.899114,0.5721869368734788,193
ICOS_FR-EM2,flux_only,49.87211,3.02065,85.0,Cfb,train,ok,,2922,2922,0,True,0,0,-0.089080810546875,0,0,0,284.88197965837355,100459.81023539099,100308.03994409522,1.0015130421387992,True,0,0.44501430243706325,0.7308477450565857,0.7583465110164328,0,0,0,0,0,0,8.0,0,0.0,11.659181520139848,27.719153314510606,17.06173,0.6848681098426929,171
ICOS_FR-FBn,flux_only,43.24079,5.67865,436.0,Csa,train,ok,,1461,1461,0,True,0,0,-0.537811279296875,0,0,0,287.44719420843626,97152.32411982375,96195.72190948362,1.0099443321527362,True,0,0.5860877160266311,0.7439117377777776,0.7731816678794192,0,0,0,0,0,0,4.0,0,0.0,16.27467496603521,27.49014961122519,18.888644,0.5019409899636992,187
ICOS_IL-Yat,flux_only,31.345045,35.051987,649.0,Bsh,oos,ok,,1461,1461,0,True,0,0,-1.53790283203125,0,0,0,292.64427875411747,94801.16775218172,93767.52368925873,1.011023476170155,True,0,0.6417420091192246,0.740018386437218,0.756104873609969,0,0,0,0,0,0,4.0,0,0.0,20.182121419149514,29.60658747433265,21.751024,0.3318411963875797,180
ICOS_IT-BCi,flux_only,40.52375,14.957444,10.0,Csa,oos,ok,,1461,1461,0,True,0,0,-0.694244384765625,0,0,0,289.69746673604874,100456.9165864562,101204.92615896827,0.992608960839148,True,0,0.5505805964799044,0.7272939734899733,0.7518005105435716,0,0,0,0,0,0,4.0,0,0.0,15.909487901011255,28.135989462012322,18.808498,0.48544715026979934,185
ICOS_IT-MBo,flux_only,46.01468,11.045831,1550.0,Dfb,train,ok,,1461,1461,0,True,0,0,-0.254425048828125,0,0,0,282.7005772104335,90829.25228867214,84038.47280420345,1.0808056031704687,True,0,0.5191298499289734,0.7534617840459186,0.7859406087388652,0,0,0,0,0,0,4.0,0,0.0,13.286715918807284,24.537596188911703,12.977027,0.5009995607161919,175
ICOS_RU-Fy2,flux_only,49.035976,17.9699,553.0,Dfb,train,ok,,1461,1461,0,True,0,0,-0.17071533203125,0,0,0,282.44105865039865,96123.99772202258,94855.70209153614,1.0133707895521404,True,0,0.4501261512792923,0.7143831239819566,0.7350600356650954,0,0,0,0,0,0,4.0,0,0.0,11.821906271990036,26.67915818617385,14.482655,0.6587298987825637,182
ICOS_RU-Fyo,flux_only,56.46153,32.92208,275.0,Dfb,train,ok,,1461,1461,0,True,0,0,-0.08624267578125,0,0,0,279.4155864154207,98481.61725701574,98064.70043829767,1.0042514464109376,True,0,0.39129238105403413,0.704878649038878,0.7362158665847871,0,0,0,0,0,0,4.0,0,0.0,9.674920111825763,26.16373464202601,11.794709,0.8184234455334818,173
ICOS_UK-AMo,flux_only,55.792545,-3.2436917,268.0,Cfb,train,ok,,1461,1461,0,True,0,0,-0.11627197265625,0,0,0,281.29538210347283,97703.45804457563,98146.62239588267,0.9954846703789815,True,0,0.399802679706529,0.7103547205220524,0.7408472822854412,0,0,0,0,0,0,4.0,0,0.0,9.304088186496367,26.84732919164955,16.976429,0.7795860626778794,157
ICOS_BE-Bra,sm_and_flux,51.30761,4.51984,16.0,Cfb,oos,ok,,1827,1827,0,True,0,0,-0.258056640625,0,0,0,284.87631913776534,101371.01104953476,101132.93717736428,1.0023540686033172,True,0,0.42687938102006845,0.714060876782849,0.7406738975567888,0,0,0,0,0,0,5.002053388090349,0,0.0,10.945454567262146,27.82388179419814,16.887474,0.7086109923284316,153
ICOS_BE-Lon,sm_and_flux,50.55162,4.746234,170.0,Cfb,oos,ok,,2557,2557,0,True,0,0,-0.256744384765625,0,0,0,284.4446946771806,99921.18726168362,99299.36056929467,1.0062621419596656,True,0,0.43730997739927796,0.7203834844511511,0.7494431558334014,0,0,0,0,0,0,7.000684462696783,0,0.0,11.320189095618243,27.596298520922954,16.618992,0.695538622913535,153
ICOS_BE-Maa,sm_and_flux,50.97987,5.631851,85.0,Cfb,oos,ok,,2192,2192,0,True,0,0,-0.2373046875,0,0,0,284.9052328541331,100769.21870010265,100308.03994409522,1.004597625038476,True,0,0.4327005322882315,0.7158084870603776,0.7408498586368851,0,0,0,0,0,0,6.0013689253935665,0,0.0,11.10408004756844,27.68437838001825,16.719348,0.7006792937765822,171
ICOS_BE-Vie,sm_and_flux,50.304962,5.998099,490.0,Cfb,oos,ok,,2557,2557,0,True,0,0,-0.087005615234375,0,0,0,282.63284555971507,96309.79585146168,95575.35960984595,1.0076843680694878,True,0,0.4332729639152194,0.7259002649448082,0.7504295908539896,0,0,0,0,0,0,7.000684462696783,0,0.0,11.269303001758251,27.13628197027767,15.681214,0.6972452805713047,154
ICOS_CH-Dav,sm_and_flux,46.81533,9.85591,1637.0,Et,oos,ok,,2922,2922,0,True,0,0,-0.05078125,0,0,0,274.0298252928184,79646.25367363963,83144.10728673956,0.9579302282838054,True,0,0.5369851345617109,0.7890541523851107,0.8253848185340518,0,0,0,0,0,0,8.0,0,0.0,13.688498038962571,23.324221962696782,12.851584,0.5326159236011899,171
ICOS_CZ-BK1,sm_and_flux,49.502075,18.536882,881.0,Dfb,train,ok,,1461,1461,0,True,0,0,-0.09234619140625,0,0,0,281.4195196737907,94644.20369182067,91179.4417938119,1.037999376063782,True,0,0.44154912793513995,0.7151711196383213,0.7317777372581115,0,0,0,0,0,0,4.0,0,0.0,11.345067212441784,26.44457544695414,14.379968,0.6645043497320221,182
ICOS_CZ-Lnz,sm_and_flux,48.68155,16.946331,182.0,Cfb,train,ok,,1461,1461,0,True,0,0,-0.261688232421875,0,0,0,284.8248063125976,99604.76133106605,99157.62284002123,1.0045093708202972,True,0,0.46730059092144227,0.71392299068,0.7364078534459424,0,0,0,0,0,0,4.0,0,0.0,12.273063780545819,27.161158362765228,15.582038,0.6380625495949662,182
ICOS_DE-Geb,sm_and_flux,51.09973,10.91463,163.0,Cfb,oos,ok,,1461,1461,0,True,0,0,-0.25531005859375,0,0,0,283.7202985425423,99050.00926163586,99382.1166428548,0.9966582782452459,True,0,0.4468983666356362,0.7218485048052322,0.7362483277501001,0,0,0,0,0,0,4.0,0,0.0,11.41652695645273,26.788704917180013,16.268804,0.6842260582192834,182
ICOS_DE-Gri,sm_and_flux,50.950005,13.512533,385.0,Cfb,oos,ok,,1827,1827,0,True,0,0,-0.122589111328125,0,0,0,283.5245814164219,98575.1648279283,96784.60957949985,1.0185004129913615,True,0,0.43768589959891174,0.7109443741685026,0.7297489364603972,0,0,0,0,0,0,5.002053388090349,0,0.0,11.221787704645834,26.86821322167488,15.967888,0.6869979396043784,172
ICOS_DE-Har,sm_and_flux,47.93391,7.59814,201.0,Cfb,train,ok,,1461,1461,0,True,0,0,-0.35198974609375,0,0,0,285.30038232822926,99254.36033752566,98933.53983785397,1.003242788039299,True,0,0.4716543989250973,0.7292803321538183,0.7515840752797308,0,0,0,0,0,0,4.0,0,0.0,12.514883477393013,27.299987239561943,15.53143,0.6327053106752543,165
ICOS_DE-HoH,sm_and_flux,52.08656,11.22235,217.0,Cfb,val,ok,,2922,2922,0,True,0,0,-0.150543212890625,0,0,0,283.97314618141337,99986.38674548683,98745.15656612448,1.0125700360658314,True,0,0.4344259606765008,0.7113556840659464,0.7344990647412379,0,0,0,0,0,0,8.0,0,0.0,11.072646295636082,27.31275164579056,16.561636,0.7086313042576348,155
ICOS_DE-RuR,sm_and_flux,50.621914,6.304126,514.7,Cfb,val,ok,,2922,2922,0,True,0,0,-0.095184326171875,0,0,0,283.68515335281444,98069.5218573537,95292.6831846643,1.0291401037297718,True,0,0.43494417039872135,0.7191408016773017,0.7448218663011895,0,0,0,0,0,0,8.0,0,0.0,11.231330434582011,27.41336281348392,16.281298,0.693708769162111,154
ICOS_DE-RuS,sm_and_flux,50.865906,6.4471445,106.0,Cfb,oos,ok,,2192,2192,0,True,0,0,-0.266815185546875,0,0,0,284.7250260262594,100235.37671433052,100058.06861712688,1.001772051965965,True,0,0.43528343893387245,0.7189298558418745,0.7438334850035759,0,0,0,0,0,0,6.0013689253935665,0,0.0,11.216194175305667,27.633778097171533,16.593554,0.6971248717626728,171
ICOS_DE-RuW,sm_and_flux,50.50493,6.3309627,610.0,Cfb,train,ok,,2557,2557,0,True,0,0,-0.112548828125,0,0,0,282.9602026314674,96568.00289340536,94208.37027175781,1.0250469529919777,True,0,0.4373007434578899,0.7220232024752438,0.7468928764847249,0,0,0,0,0,0,7.000684462696783,0,0.0,11.323107888735176,27.295066268283147,16.067318,0.6919655551486356,171
ICOS_DK-Sor,sm_and_flux,55.48587,11.644645,55.0,Cfb,train,ok,,1461,1461,0,True,0,0,-0.07769775390625,0,0,0,282.78640101626667,100879.03958119439,100666.01880953393,1.002116113999338,True,0,0.46136914027344333,0.7168874914750282,0.7356108323039668,0,0,0,0,0,0,4.0,0,0.0,11.250600942143183,26.659198919233408,16.964368,0.753451562716573,158
ICOS_FI-Hyy,sm_and_flux,61.84741,24.29477,181.0,Dfc,oos,ok,,2557,2557,0,True,0,0,3.0517578125e-05,0,0,0,278.49516240292616,99304.2311913375,99169.42805672505,1.0013593214890313,True,0,0.39563381483018684,0.7245444745847627,0.7474366612500881,0,0,0,0,0,0,7.000684462696783,0,0.0,9.056378420608466,25.594934224481815,13.400581,0.91826151972097,174
ICOS_FI-Ken,sm_and_flux,67.98721,24.24301,347.0,Dfc,train,ok,,2557,2557,0,True,0,0,-0.0013427734375,0,0,0,273.7665591637138,97295.22691080856,97225.28363811263,1.0007193938662733,True,0,0.4217297864260533,0.7181339579233215,0.7512336258404673,0,259,289,184,0,289,7.000684462696783,-30,-4.285295267892061,7.770088035782498,23.904069055924914,12.649864,1.0291364743487679,163
ICOS_FI-Sii,sm_and_flux,61.83265,24.19285,164.0,Dfc,train,ok,,2922,2922,0,True,0,0,9.1552734375e-05,0,0,0,278.4356813789801,99340.39748299538,99370.29092866245,0.9996991711970681,True,0,0.3920627149590673,0.7243414462672221,0.7467771108603685,0,0,0,0,0,0,8.0,0,0.0,8.948990459222667,25.58388922210814,13.402747,0.9224505112540216,174
ICOS_FI-Var,sm_and_flux,67.7549,29.61,395.0,Dfc,train,ok,,1827,1827,0,True,0,0,-0.002044677734375,0,0,0,274.05791523082047,97230.16310464559,96668.91194905888,1.0058059115828517,True,0,0.3983566217022326,0.7205960691401676,0.7458814130029133,0,167,187,105,0,187,5.002053388090349,-20,-3.998357963875205,7.502392391016934,24.250514825396824,13.356287,1.0484731945325034,160
ICOS_FR-Bil,sm_and_flux,44.493652,-0.956092,39.18,Cfb,train,ok,,2922,2922,0,True,0,0,-0.1407470703125,0,0,0,288.10997994153325,101362.46527688655,100855.20916365019,1.0050295479771727,True,0,0.506935661278805,0.741557676748204,0.7774694887640266,0,0,0,0,0,0,8.0,0,0.0,13.91603673437667,28.582582714921283,17.219186,0.5655718702048553,194
ICOS_FR-CLt,sm_and_flux,45.0414,6.41053,2050.6,Cfc,train,ok,,2192,2192,0,True,0,0,-0.252410888671875,0,0,0,274.46921650684664,78016.58836464987,78997.02909721385,0.9875888910789614,True,0,0.5957444673928263,0.8083472398530542,0.8397252204239514,0,0,0,0,0,0,6.0013689253935665,0,0.0,15.700016580415156,22.870006421076642,13.289383,0.49254035351779135,196
ICOS_FR-Gri,sm_and_flux,48.84422,1.95191,125.0,Cfb,oos,ok,,1461,1461,0,True,0,0,-0.08514404296875,0,0,0,285.46119122828304,100465.34893694388,99832.33895467097,1.0063407307581997,True,0,0.45398649593810175,0.7347637051037694,0.7530569386293192,0,0,0,0,0,0,4.0,0,0.0,12.10752746843083,27.771286899383984,18.064698,0.6768956240794135,178
ICOS_FR-Hes,sm_and_flux,48.6741,7.06465,310.0,Cfb,train,ok,,1461,1461,0,True,0,0,-0.0703125,0,0,0,284.29048932732826,97703.59803858658,97655.92074944242,1.0004882170868727,True,0,0.46481158789154003,0.7312160607612501,0.7537533879648026,0,0,0,0,0,0,4.0,0,0.0,12.393389256247392,27.16475437919234,16.827998,0.6645665861269083,149
ICOS_FR-Mej,sm_and_flux,48.1184,-1.79635,40.0,Cfb,train,ok,,2192,2192,0,True,0,0,-0.155242919921875,0,0,0,285.59274143024084,100756.72717908873,100845.39576732281,0.9991207472829134,True,0,0.46797684244932825,0.731662909568505,0.7598387839393032,0,0,0,0,0,0,6.0013689253935665,0,0.0,12.399057160707127,27.95716117198905,18.948038,0.6404102096817682,196
ICOS_FR-Pue,sm_and_flux,43.7413,3.5957,271.0,Csa,oos,ok,,1461,1461,0,True,0,0,-0.0467529296875,0,0,0,287.03230702363,97519.59701189253,98111.50620265733,0.9939669747853819,True,0,0.5546965979123765,0.7501205923659727,0.7645495277105706,0,0,0,0,0,0,4.0,0,0.0,15.268940643717446,27.31635105201916,18.780319,0.5346345384840557,196
ICOS_FR-Tou,sm_and_flux,43.572857,1.37474,158.0,Cfb,oos,ok,,2557,2557,0,True,0,0,-0.271636962890625,0,0,0,288.01716756391767,99999.37774063845,99441.26230870368,1.0056125135479692,True,0,0.49708829709729535,0.7416821022209866,0.7730998947102011,0,0,0,0,0,0,7.000684462696783,0,0.0,13.80166558681887,28.882792314430972,16.88042,0.5743836119391812,197
ICOS_GF-Guy,sm_and_flux,5.2787,-52.9248,40.0,Af,train,ok,,2191,2191,0,True,0,0,-0.0322265625,0,0,0,298.7892063825112,100779.441689725,100845.39576732281,0.9993459882119955,True,0,0.47597764463627407,0.6624626112407462,0.7046746854199891,0,0,0,0,0,0,5.9986310746064335,0,0.0,17.0186799228334,35.93544050981287,32.917991,0.2605213983195778,271
ICOS_IT-BFt,sm_and_flux,45.197754,10.741966,23.0,Cfa,oos,ok,,2192,2192,0,True,0,0,-0.31329345703125,0,0,0,287.6735561677139,100536.27172316948,101049.00244423846,0.9949259200124028,True,0,0.5259764686525396,0.7283052557317786,0.7495138308508976,0,0,0,0,0,0,6.0013689253935665,0,0.0,14.234709955415157,28.308169624543797,18.296488,0.5482159497140363,173
ICOS_IT-Lsn,sm_and_flux,45.740482,12.750297,1.0,Cfa,train,ok,,2556,2556,0,True,0,0,-0.305145263671875,0,0,0,287.189022523883,101013.1061411874,101312.98742745895,0.9970400508968678,True,0,0.5086911326754843,0.7248565349382099,0.752341196040506,0,0,0,0,0,0,6.997946611909651,0,0.0,13.729263132970772,28.358270236697965,17.193593,0.5672730761131364,171
ICOS_IT-SR2,sm_and_flux,43.73202,10.29091,4.0,Csa,train,ok,,1461,1461,0,True,0,0,-0.65228271484375,0,0,0,288.59948022360675,100161.40951189253,101276.9566287693,0.9889851832636933,True,0,0.5452424337585695,0.7346815034760638,0.7580659961304717,0,0,0,0,0,0,4.0,0,0.0,15.185466841462999,28.335826872005477,18.440652,0.5261574078510076,177
ICOS_IT-Tor,sm_and_flux,45.84444,7.578055,2168.0,Dfc,oos,ok,,1827,1827,0,True,0,0,-0.13299560546875,0,0,0,273.4297177002087,76979.73788143131,77850.931204552,0.9888094681766664,True,0,0.5912080656903547,0.8211553823029163,0.8430831128106391,0,0,0,0,0,0,5.002053388090349,0,0.0,15.252015386090827,22.180654067870826,12.582983,0.4989819740399985,145
ICOS_IT-TrF,sm_and_flux,45.82376,7.56089,2100.0,Dfc,oos,ok,,2922,2922,0,True,0,0,-0.0869140625,0,0,0,273.33790986298044,77100.43150560404,78513.11667582182,0.9820070170433978,True,0,0.5873331796271521,0.8191277457176118,0.8429010744405443,0,0,0,0,0,0,8.0,0,0.0,15.190423649503296,22.21511080390144,11.557697,0.5006565067756062,147
ICOS_SE-Deg,sm_and_flux,64.18203,19.55654,270.0,Dfc,oos,ok,,2922,2922,0,True,0,0,-0.000579833984375,0,0,0,276.593767284939,98234.96676078028,98123.21046978793,1.0011389383863134,True,0,0.42347017185961394,0.7238392321035816,0.7454888995324471,0,0,0,0,0,0,8.0,0,0.0,8.89772355162513,24.395293003764547,12.905105,0.9344758628419559,159
ICOS_SE-Htm,sm_and_flux,56.09763,13.41897,115.0,Cfb,train,ok,,2922,2922,0,True,0,0,-0.06243896484375,0,0,0,281.8770498684381,100126.19875887662,99951.09258014525,1.0017519186055015,True,0,0.4182463873250832,0.711272679118548,0.734609916957668,0,0,0,0,0,0,8.0,0,0.0,10.214022098510824,26.690355329568792,15.748989,0.7971387096863932,153
ICOS_SE-Nor,sm_and_flux,60.0865,17.479504,58.0,Dfb,oos,ok,,2557,2557,0,True,0,0,0.000152587890625,0,0,0,280.5984917059978,100794.09297088874,100630.17444050252,1.001628920264698,True,0,0.42883884474506606,0.7148978357382687,0.7303152395904182,0,0,0,0,0,0,7.000684462696783,0,0.0,9.74245089851226,25.81461386312084,14.888409,0.8542729232352865,160
ICOS_SE-Svb,sm_and_flux,64.25611,19.7745,267.0,Dfc,oos,ok,,2922,2922,0,True,0,0,-0.000244140625,0,0,0,276.4174577685597,97912.56849439596,98158.33005501394,0.9974962740250345,True,0,0.42235325119722067,0.7232916371817143,0.7466858983769368,0,0,0,0,0,0,8.0,0,0.0,8.900184019113153,24.388624983230663,12.944017,0.9363089071260553,159
AmeriFlux_CA-Cbo,flux_only,44.3184,-79.9341,210.0,Dfb,oos,ok,,1461,1461,0,True,0,0,-0.26904296875,0,0,0,280.8775610013175,99041.5160046629,98827.53847422803,1.0021651609838556,True,0,0.48353813235530124,0.7716125428651183,0.7945577394256181,0,0,0,0,0,0,4.0,0,0.0,13.445813316480109,26.0104644312115,14.540818,0.630868014617348,184
AmeriFlux_CA-DB2,flux_only,49.119,-122.9951,4.0,Cfb,train,ok,,2192,2192,0,True,0,0,-0.106048583984375,0,0,0,283.51423047754884,101037.4960866218,101276.9566287693,0.9976355871057101,True,0,0.46410763820312384,0.7570817475329096,0.7787628566210214,0,0,0,0,0,0,6.0013689253935665,0,0.0,12.412086596838511,26.45151178330292,14.712109,0.6983144598171133,197
AmeriFlux_CA-DBB,flux_only,49.1293,-122.9849,4.0,Csb,train,ok,,1461,1461,0,True,0,0,-0.106048583984375,0,0,0,283.56643338369884,101091.6423575462,101276.9566287693,0.9981702227496589,True,0,0.46502933157686643,0.7608498489908607,0.7788546594536375,0,0,0,0,0,0,4.0,0,0.0,12.43893560533306,26.438862275838467,16.049367,0.6950411357608103,207
AmeriFlux_CA-DSM,flux_only,49.0887,-122.8954,1.0,Csb,train,ok,,1461,1461,0,True,0,0,-0.078826904296875,0,0,0,283.50138651321066,100676.41971466462,101312.98742745895,0.9937168202324492,True,0,0.47222705921177344,0.7518240522231792,0.7774540638063525,0,0,0,0,0,0,4.0,0,0.0,12.697381617023401,26.533614518138265,14.425836,0.701102017364653,194
AmeriFlux_CA-Mer,flux_only,45.4094,-75.5186,70.0,Dfb,train,ok,,1461,1461,0,True,0,0,-0.08599853515625,0,0,0,279.87289190586097,100481.73336969542,100486.90029678066,0.9999485810879828,True,0,0.4896828522634689,0.7944601312203792,0.8167769342678132,0,0,0,0,0,0,4.0,0,0.0,13.155075450634797,25.62364482683094,11.914364,0.6240619256994329,166
AmeriFlux_US-ALQ,flux_only,46.0308,-89.6067,503.0,Dfb,val,ok,,1826,1826,0,True,0,0,-0.06011962890625,0,0,0,278.8405287660095,95601.5473713034,95426.49803194555,1.0018343892206885,True,0,0.516376258282451,0.7847575715373112,0.8049293017369616,0,0,0,0,0,0,4.999315537303217,0,0.0,13.746791038496537,25.039496348849944,11.971397,0.591300205914944,162
AmeriFlux_US-BZB,flux_only,64.6955,-148.3208,100.0,Dfd,train,ok,,2557,2557,0,True,0,0,-0.09857177734375,0,0,0,272.4323258025132,99470.715868816,100129.43746672753,0.9934212993243828,True,0,0.47516227652556015,0.7579028539418724,0.7799765289806835,0,0,0,0,0,0,7.000684462696783,0,0.0,9.311362796048435,22.595804606961284,10.254906,0.8920171119750984,161
AmeriFlux_US-BZo,flux_only,64.6936,-148.33,100.0,Dfd,train,ok,,1461,1461,0,True,0,0,-0.09857177734375,0,0,0,272.6935138010473,99482.86433200719,100129.43746672753,0.9935426269129376,True,0,0.4738733769473779,0.7623526399279726,0.7799330964567275,0,0,0,0,0,0,4.0,0,0.0,9.28125914811198,22.6342511026694,10.582184,0.890488755275481,161
AmeriFlux_US-Bi1,flux_only,38.0992,-121.4993,-2.7,Csa,train,ok,,2922,2922,0,True,0,0,-0.607635498046875,0,0,0,289.7751669965322,101357.14957648871,101357.4397068177,0.9999971375527061,True,0,0.6380918681912954,0.7688699861986937,0.789515901340803,0,0,0,0,0,0,8.0,0,0.0,19.04082227441774,27.349118345995898,20.050736,0.45536576616938074,176
AmeriFlux_US-Bi2,flux_only,38.1091,-121.5351,-5.0,Csa,train,ok,,1826,1826,0,True,0,0,-0.682586669921875,0,0,0,289.90424538285424,101232.94452953861,101385.08016385027,0.9984994277849779,True,0,0.6349061128218102,0.7673588690928049,0.7881410378636893,0,0,0,0,0,0,4.999315537303217,0,0.0,18.955262119246648,27.43395357721796,20.21299,0.45794453477851255,176
AmeriFlux_US-DFC,flux_only,43.3448,-89.7117,264.9,Dfb,oos,ok,,2191,2191,0,True,0,0,-0.223907470703125,0,0,0,281.9547791195917,98009.50862905066,98182.919820154,0.9982337947229418,True,0,0.5299814303948814,0.7813550961398693,0.8017674032304705,0,0,0,0,0,0,5.9986310746064335,0,0.0,14.439764114797127,26.22059398995892,11.550875,0.5527018673833395,185
AmeriFlux_US-DS2,flux_only,38.1375,-121.514,-6.0,Csa,train,ok,,1461,1461,0,True,0,0,-0.5194091796875,0,0,0,289.73567793974723,101259.72792607803,101397.0996574423,0.9986452104465674,True,0,0.6466563542360507,0.7709392137484263,0.7886524914315116,0,0,0,0,0,0,4.0,0,0.0,19.251868116641067,27.24540350034223,20.21299,0.4448347325057781,176
AmeriFlux_US-Dmg,flux_only,38.0015,-121.6691,1.0,Csa,train,ok,,1461,1461,0,True,0,0,-0.5321044921875,0,0,0,289.26769451373735,101497.30184270191,101312.98742745895,1.0018192575297904,True,0,0.6367403635283198,0.7705543458582627,0.7889555528905294,0,0,0,0,0,0,4.0,0,0.0,19.10809449450458,27.102669238193016,20.289252,0.4588098305044033,173
AmeriFlux_US-Esm,flux_only,25.4379,-80.5946,1.07,Aw,oos,ok,,2556,2556,0,True,0,0,-0.960540771484375,0,0,0,297.7623252570163,101645.04363813087,101312.14659056987,1.0032858552381319,True,0,0.5583373246706402,0.7433972605205434,0.7699791122821896,0,0,0,0,0,0,6.997946611909651,0,0.0,18.170718671311928,34.01016626173709,21.299191,0.2725566674613655,123
AmeriFlux_US-EvM,flux_only,25.3539,-80.381,0.332,Aw,train,ok,,1461,1461,0,True,0,0,-1.160400390625,0,0,0,298.25921221451756,101657.5130422228,101321.01169803376,1.0033211407836304,True,0,0.5695522008536257,0.733916812773349,0.7547506636868717,0,0,0,0,0,0,4.0,0,0.0,18.611620070097604,34.18447266255989,22.010999,0.2775933996294669,123
AmeriFlux_US-GLE,flux_only,41.3665,-106.2399,3197.0,Dfc,train,ok,,1461,1461,0,True,0,0,-0.800048828125,0,0,0,273.00413773240984,70065.13382849931,68369.90056680555,1.0247950230677507,True,0,0.6722082048530565,0.8198102879051405,0.8417275352326199,0,0,0,0,0,0,4.0,0,0.0,18.69192381340003,21.430018414784396,11.303337,0.41961565010690477,157
AmeriFlux_US-HB1,flux_only,33.3455,-79.1957,0.1,Cfa,val,ok,,1461,1461,0,True,0,0,-0.168243408203125,0,0,0,292.50809685030185,101776.87519250513,101323.79869084894,1.0044715704258047,True,0,0.5404370497440296,0.7608242411220842,0.7809619512788845,0,0,0,0,0,0,4.0,0,0.0,16.478211286344536,30.896348331964404,18.003092,0.4164800275267451,124
AmeriFlux_US-HB3,flux_only,33.3482,-79.2322,7.3,Cfa,train,ok,,1461,1461,0,True,0,0,-0.163299560546875,0,0,0,292.41138574703353,101736.96152036276,101237.33473512056,1.0049352028730254,True,0,0.5393880827758908,0.7612995559704643,0.7821214867062246,0,0,0,0,0,0,4.0,0,0.0,16.441715182306204,30.852171005475704,17.55953,0.4176666564861672,124
AmeriFlux_US-HB4,flux_only,33.2015,-79.2975,1.0,Cfa,train,ok,,1827,1827,0,True,0,0,-0.166290283203125,0,0,0,292.40160599965895,101700.08015616448,101312.98742745895,1.0038207611732177,True,0,0.5436058693116729,0.7633260288116206,0.7818365815504934,0,0,0,0,0,0,5.002053388090349,0,0.0,16.55377151088557,30.7559033727422,17.527192,0.410865655763254,123
AmeriFlux_US-Ho1,flux_only,45.2041,-68.7402,60.0,Dfb,oos,ok,,2556,2556,0,True,0,0,-0.017822265625,0,0,0,280.33668542542557,100070.1979105536,100606.28393657808,0.9946714459072713,True,0,0.5045712335684647,0.7885137179886409,0.8081788653026644,0,0,0,0,0,0,6.997946611909651,0,0.0,13.300998939700037,25.49325559115806,10.099836,0.6039049652676385,146
AmeriFlux_US-Ho2,flux_only,45.2091,-68.747,61.0,Dfb,oos,ok,,1461,1461,0,True,0,0,-0.017822265625,0,0,0,280.84688023456886,100096.32298618241,100594.34040699142,0.9950492500990205,True,0,0.5036764621123324,0.7820302944622823,0.8072811949562622,0,0,0,0,0,0,4.0,0,0.0,13.295553486935384,25.67530305817933,10.099836,0.5992911789107203,146
AmeriFlux_US-Hsm,flux_only,38.2368,-122.0212,1.113,Csa,oos,ok,,1461,1461,0,True,0,0,-0.339569091796875,0,0,0,288.8626374356311,99754.60431104552,101311.63007928256,0.9846313225143197,True,0,0.6319156984476074,0.7686707378081011,0.787990622886698,0,0,0,0,0,0,4.0,0,0.0,18.92228574570239,27.298940237508553,20.461464,0.46398820679487107,173
AmeriFlux_US-ICs,flux_only,68.6058,-149.311,920.0,Et,val,ok,,1461,1461,0,True,0,0,-0.141387939453125,0,0,0,265.0160149189807,91567.7281880989,90750.112921302,1.0090095234096945,True,0,0.5098191180049385,0.7996874482770618,0.8141623143243675,0,178,197,153,0,197,4.0,-19,-4.75,8.487292901695715,20.628980810403835,9.809362,0.9732874917504785,149
AmeriFlux_US-ICt,flux_only,68.6063,-149.3041,930.0,Et,val,ok,,1461,1461,0,True,0,0,-0.141387939453125,0,0,0,265.0160149189807,91567.7281880989,90640.29269490215,1.01023204433285,True,0,0.509847970999084,0.7996994490046951,0.8141661830010423,0,178,197,153,0,197,4.0,-19,-4.75,8.487292901695715,20.628980810403835,9.809362,0.9732874917504785,149
AmeriFlux_US-Jo1,flux_only,32.582,-106.635,1188.0,Bwk,train,ok,,1826,1826,0,True,0,0,-2.01580810546875,0,0,0,291.756112674241,86446.05870499041,87843.91310375699,0.9840870659175269,True,0,0.6921000045557505,0.8011789738414341,0.8103727557337461,0,0,0,0,0,0,4.999315537303217,0,0.0,21.290822314208313,26.794736056955095,17.476254,0.3224397189451237,143
AmeriFlux_US-Jo2,flux_only,32.5849,-106.6032,1469.0,Bwk,train,ok,,1461,1461,0,True,0,0,-2.01580810546875,0,0,0,291.7775522554516,86425.89428259754,84878.14533439603,1.018234952496945,True,0,0.6922355449626355,0.8004678049231956,0.808087267618798,0,0,0,0,0,0,4.0,0,0.0,21.322502080340477,26.818167282683095,17.476254,0.32627042073218265,142
AmeriFlux_US-KFS,flux_only,39.0561,-95.1907,310.0,Cfa,oos,ok,,1095,1095,0,True,0,0,-0.269195556640625,0,0,0,286.40858793911866,98119.70276113013,97655.92074944242,1.0047491438115426,True,0,0.5476980196282438,0.7602263756651192,0.8085141948599791,0,0,0,0,0,0,2.9979466119096507,0,0.0,15.735671674393327,27.934205940639266,13.291154,0.4875459397499325,157
AmeriFlux_US-KLS,flux_only,38.7745,-97.5684,373.0,Cfa,oos,ok,,1095,1095,0,True,0,0,-0.214080810546875,0,0,0,286.9309079801655,96902.70688498858,96923.59471586568,0.9997844917851187,True,0,0.58371959275696,0.7690443550598371,0.80510768477369,0,0,0,0,0,0,2.9979466119096507,0,0.0,16.745404315489218,27.67157701643836,14.454677,0.4551359911599128,186
AmeriFlux_US-Kon,flux_only,39.0824,-96.5603,417.0,Cfa,train,ok,,1095,1095,0,True,0,0,-0.14703369140625,0,0,0,286.5024615004727,97135.88309075343,96414.77134637345,1.0074792662401215,True,0,0.5710495428655796,0.7667912003737631,0.8169164929945063,0,0,0,0,0,0,2.9979466119096507,0,0.0,16.3363426150326,27.64381966484018,14.125642,0.46829439105892756,157
AmeriFlux_US-MMS,flux_only,39.3232,-86.4131,275.0,Cfa,val,ok,,1461,1461,0,True,0,0,-0.034820556640625,0,0,0,285.8766194264584,99226.91019635524,98064.70043829767,1.0118514588110004,True,0,0.5066360655749795,0.7726745079950142,0.7915411374304199,0,0,0,0,0,0,4.0,0,0.0,14.69993671962864,27.97041137577002,13.355877,0.5375187391143165,158
AmeriFlux_US-MN2,flux_only,45.627,-96.1271,339.0,Dwb,train,ok,,2192,2192,0,True,0,0,-0.362579345703125,0,0,0,280.6315985491676,97664.59189310561,97318.26381710358,1.003558716138349,True,0,0.5692705978947817,0.7961952083987972,0.8172688830864648,0,0,0,0,0,0,6.0013689253935665,0,0.0,14.989893786619536,25.355922859032844,9.582741,0.5396599684018336,159
AmeriFlux_US-MN3,flux_only,45.6091,-96.1265,339.0,Dwb,train,ok,,1827,1827,0,True,0,0,-0.395843505859375,0,0,0,281.09203704015505,97657.82846281472,97318.26381710358,1.0034892180808868,True,0,0.5732906231280317,0.79160760495233,0.8168225625772595,0,0,0,0,0,0,5.002053388090349,0,0.0,15.129639733107792,25.418595519430763,10.708696,0.5355185309500451,159
AmeriFlux_US-Me2,flux_only,44.4526,-121.5589,1253.0,Csb,train,ok,,1826,1826,0,True,0,0,-0.239532470703125,0,0,0,281.5284451237122,89765.70410477136,87150.53482484927,1.030007495480985,True,0,0.5746203189539092,0.7890424365114288,0.8228032112540865,0,0,0,0,0,0,4.999315537303217,0,0.0,16.006425097795834,24.498441499452355,13.927972,0.567486958503902,200
AmeriFlux_US-Mo1,flux_only,39.2298,-92.1167,260.0,Cfa,val,ok,,2557,2557,0,True,0,0,-0.105316162109375,0,0,0,286.4837843887872,98692.46884777083,98240.31533696441,1.0046025250352213,True,0,0.5473241729361892,0.7690548462332278,0.8009373865018591,0,0,0,0,0,0,7.000684462696783,0,0.0,15.708212973600254,27.930406128275326,13.087024,0.4907759709642439,161
AmeriFlux_US-Mo2,flux_only,38.9488,-91.9945,275.0,Cfa,train,ok,,2191,2191,0,True,0,0,-0.16680908203125,0,0,0,286.4265017072015,98652.55577504564,98064.70043829767,1.0059945661804968,True,0,0.5412482018549476,0.7701791133910776,0.8005396253568784,0,0,0,0,0,0,5.9986310746064335,0,0.0,15.580696723651531,27.9652004710178,13.248438,0.4950032380585893,160
AmeriFlux_US-Mo3,flux_only,39.2322,-92.1493,261.0,Cfa,val,ok,,1826,1826,0,True,0,0,-0.260467529296875,0,0,0,286.401929966069,98686.97671224672,98228.59976024023,1.0046664306843964,True,0,0.5343396873663211,0.7689174651015654,0.7930212637200037,0,0,0,0,0,0,4.999315537303217,0,0.0,15.38045498562124,28.06359199561884,13.087024,0.5058763597355366,160
AmeriFlux_US-Mpj,flux_only,34.4385,-106.2377,2196.0,Bsk,train,ok,,2922,2922,0,True,0,0,-0.62091064453125,0,0,0,285.913669635791,80302.33965926591,77579.58451333735,1.0350962841965268,True,0,0.6962039033562445,0.8156561818814911,0.8424535517860654,0,0,0,0,0,0,8.0,0,0.0,20.930742281262365,24.18048892436687,14.420042,0.3301984962219411,164
AmeriFlux_US-MtB,flux_only,32.416,-110.7256,2573.0,Dwb,oos,ok,,2192,2192,0,True,0,0,-0.642242431640625,0,0,0,289.21210347474926,84082.66656806,74000.04984191337,1.1362514856096202,True,0,0.6881681859740661,0.8017249447564417,0.8129252619143202,0,0,0,0,0,0,6.0013689253935665,0,0.0,21.16505260231297,26.942499006843068,17.579923,0.3174325093546435,150
AmeriFlux_US-NC3,flux_only,35.799,-76.656,5.0,Cfa,train,ok,,1461,1461,0,True,0,0,-0.0960693359375,0,0,0,290.5503981614423,101695.23985604894,101264.94866856826,1.0042491621547054,True,0,0.5200538445770283,0.7654211804503983,0.7814004340932794,0,0,0,0,0,0,4.0,0,0.0,15.437148032428091,30.14104336618754,15.363925,0.4615817953104748,181
AmeriFlux_US-Ne1,flux_only,41.1651,-96.4766,361.0,Dfa,oos,ok,,2922,2922,0,True,0,0,-0.242919921875,0,0,0,284.9410497154951,97283.89389223991,97062.74142036935,1.0022784486470744,True,0,0.583564988157902,0.7773013905122031,0.836408599297353,0,0,0,0,0,0,8.0,0,0.0,16.181278223083034,26.781164724503764,11.375557,0.4763941031126548,160
AmeriFlux_US-Ne2,flux_only,41.1649,-96.4701,362.0,Dfa,oos,ok,,2922,2922,0,True,0,0,-0.242919921875,0,0,0,284.9410497154951,97283.89389223991,97051.13968715067,1.0023982634911814,True,0,0.5835627456329522,0.7772974118455414,0.836404914091728,0,0,0,0,0,0,8.0,0,0.0,16.181278223083034,26.781164724503764,11.375557,0.4763941031126548,160
AmeriFlux_US-ONA,flux_only,27.3836,-81.9509,25.0,Cfa,train,ok,,1826,1826,0,True,0,0,-0.726531982421875,0,0,0,296.24193229549945,101481.41371166483,101025.03145533304,1.004517516597197,True,0,0.5531468763342204,0.7561657565048948,0.7797491664727594,0,0,0,0,0,0,4.999315537303217,0,0.0,17.68748146800394,33.081331721796275,20.370053,0.29907077976829893,123
AmeriFlux_US-RGB,flux_only,39.5782,-121.8579,33.0,Csa,val,ok,,1461,1461,0,True,0,0,-0.613311767578125,0,0,0,291.73998359194525,100463.04727605236,100929.19354016356,0.9953814526029507,True,0,0.6336658949743628,0.7738709380005567,0.788480186937112,0,0,0,0,0,0,4.0,0,0.0,18.686213907235587,27.502338169062284,19.454611,0.4831980471353912,173
AmeriFlux_US-RGo,flux_only,39.6805,-122.0026,40.0,Csa,val,ok,,1461,1461,0,True,0,0,-0.71124267578125,0,0,0,291.565067319981,99415.5114166239,100845.39576732281,0.9858210249479505,True,0,0.6354934212501655,0.777756379269505,0.7934375265402898,0,0,0,0,0,0,4.0,0,0.0,18.703068186496367,27.2702910109514,18.870111,0.4822413788296653,173
AmeriFlux_US-Rls,flux_only,43.1439,-116.7356,1608.0,Bsh,train,ok,,2556,2556,0,True,0,0,-0.8973388671875,0,0,0,282.1190745393995,84850.49693735328,83441.36850120033,1.0168876477155655,True,0,0.6329156606178865,0.7885268791816687,0.8056884592321635,0,0,0,0,0,0,6.997946611909651,0,0.0,17.487619970998942,24.41522017175274,14.066541,0.484552156083197,190
AmeriFlux_US-Rms,flux_only,43.0645,-116.7486,2111.0,Bsh,train,ok,,2556,2556,0,True,0,0,-0.792816162109375,0,0,0,280.6161332466233,82286.61393229167,78405.69034968571,1.0494979836960459,True,0,0.6388209788158579,0.7934840712985749,0.8175593300129506,0,0,0,0,0,0,6.997946611909651,0,0.0,17.606870328588926,24.17567550978091,13.861905,0.476990947401695,190
AmeriFlux_US-Ro4,flux_only,44.6781,-93.0723,274.0,Dfa,val,ok,,2922,2922,0,True,0,0,-0.17926025390625,0,0,0,281.307539629822,98139.73659683009,98076.40018393022,1.0006457864764722,True,0,0.5424050092786579,0.7878432953743456,0.8099891824088835,0,0,0,0,0,0,8.0,0,0.0,14.452355832254836,25.856959040041065,10.476331,0.5465977257303045,158
AmeriFlux_US-Ro5,flux_only,44.691,-93.0576,283.0,Dfa,val,ok,,2922,2922,0,True,0,0,-0.17926025390625,0,0,0,281.307539629822,98139.73659683009,97971.14315218595,1.0017208479887005,True,0,0.5425589697754378,0.7880654279303204,0.8101120888613454,0,0,0,0,0,0,8.0,0,0.0,14.452355832254836,25.856959040041065,10.476331,0.5465977257303045,158
AmeriFlux_US-Ro6,flux_only,44.6946,-93.0578,282.0,Dfa,val,ok,,2922,2922,0,True,0,0,-0.17926025390625,0,0,0,281.307539629822,98139.73659683009,97982.83385883151,1.00160132884322,True,0,0.542601965307612,0.7881274502442612,0.8101464020181142,0,0,0,0,0,0,8.0,0,0.0,14.452355832254836,25.856959040041065,10.476331,0.5465977257303045,158
AmeriFlux_US-Rwf,flux_only,43.1207,-116.7231,1878.0,Bsh,train,ok,,2556,2556,0,True,0,0,-0.8973388671875,0,0,0,282.1190745393995,84850.49693735328,80706.7819630226,1.0513428348094613,True,0,0.6326244230268133,0.7883279342774817,0.8053479510557574,0,0,0,0,0,0,6.997946611909651,0,0.0,17.487619970998942,24.41522017175274,14.066541,0.484552156083197,190
AmeriFlux_US-Rws,flux_only,43.1675,-116.7132,1425.0,Bsk,train,ok,,2556,2556,0,True,0,0,-0.8973388671875,0,0,0,282.1190745393995,84850.49693735328,85337.1030833864,0.9942978361292901,True,0,0.633212474933064,0.7887294907379678,0.806035268820969,0,0,0,0,0,0,6.997946611909651,0,0.0,17.487619970998942,24.41522017175274,14.066541,0.484552156083197,190
AmeriFlux_US-SHC,flux_only,39.4315,-120.2398,1934.0,Dsb,train,ok,,1461,1461,0,True,0,0,-0.090850830078125,0,0,0,279.93724635526956,79949.47278191308,80148.80208915351,0.9975130095267212,True,0,0.6619804168627342,0.8046117632031311,0.8329280122053642,0,0,0,0,0,0,4.0,0,0.0,19.16332600641851,23.146377689253935,14.927634,0.4387623439926242,179
AmeriFlux_US-Seg,flux_only,34.3623,-106.702,1596.0,Bsk,train,ok,,2922,2922,0,True,0,0,-1.594207763671875,0,0,0,289.2951409185202,84425.70277207393,83564.62458795232,1.0103043385687125,True,0,0.6971303781587127,0.8125586847652805,0.8324452888880275,0,0,0,0,0,0,8.0,0,0.0,20.982643499605967,24.738797183778235,14.910842,0.3281311668146449,149
AmeriFlux_US-Ses,flux_only,34.3349,-106.7442,1604.0,Bsk,train,ok,,1461,1461,0,True,0,0,-1.7799072265625,0,0,0,289.25494083976355,84459.7531602926,83482.43749550765,1.0117068415118755,True,0,0.6943056406582622,0.8110484695790304,0.8255362760301594,0,0,0,0,0,0,4.0,0,0.0,20.913642629289253,24.73137768856947,14.910842,0.33046762217210696,166
AmeriFlux_US-Sne,flux_only,38.0369,-121.7547,-5.0,Csa,train,ok,,1461,1461,0,True,0,0,-0.809539794921875,0,0,0,289.4506417339098,101338.3263764117,101385.08016385027,0.9995388494306755,True,0,0.6312506454714512,0.765793693102152,0.7860306137276918,0,0,0,0,0,0,4.0,0,0.0,18.791953357547875,27.263468292950037,20.100922,0.4545027902597508,178
AmeriFlux_US-Tw4,flux_only,38.1027,-121.6413,-5.0,Csa,train,ok,,2191,2191,0,True,0,0,-0.489898681640625,0,0,0,289.7125101790261,101105.37215455272,101385.08016385027,0.9972411324344223,True,0,0.6382217328318147,0.7696502102951235,0.7887954485148719,0,0,0,0,0,0,5.9986310746064335,0,0.0,19.0352508612177,27.3047835759927,20.215866,0.45281555350074676,176
AmeriFlux_US-UC1,flux_only,40.7536,-78.0056,390.0,Dfb,oos,ok,,1827,1827,0,True,0,0,-0.000701904296875,0,0,0,283.28880899697623,95754.7415289751,96726.74675691997,0.9899510191282709,True,0,0.5008639325466788,0.778133293194002,0.7950118453098326,0,0,0,0,0,0,5.002053388090349,0,0.0,14.245917822872437,26.84333518226601,14.058191,0.5512004150093595,174
AmeriFlux_US-UMB,flux_only,45.5598,-84.7138,234.0,Dfb,train,ok,,1826,1826,0,True,0,0,-0.264739990234375,0,0,0,280.22303949128366,98726.01374674836,98545.31770443819,1.0018336339718557,True,0,0.5225649730846443,0.7810279352061593,0.8082431650313855,0,0,0,0,0,0,4.999315537303217,0,0.0,14.301364931952017,25.67391122124863,14.937906,0.6008600172482786,160
AmeriFlux_US-Vcm,flux_only,35.8884,-106.5321,3030.0,Dfb,train,ok,,2556,2556,0,True,0,0,-0.315826416015625,0,0,0,280.245220620121,75120.82157484839,69841.4699632405,1.0755904996613983,True,0,0.6873009032780366,0.8254230481035318,0.8478600058571337,0,0,0,0,0,0,6.997946611909651,0,0.0,20.265841467086577,22.600072260172144,13.567555,0.34276370653559457,165
AmeriFlux_US-Vcp,flux_only,35.8642,-106.5967,2500.0,Dfb,oos,ok,,1461,1461,0,True,0,0,-0.56451416015625,0,0,0,280.1313793644523,75142.00063633641,74682.51228281349,1.006152556193917,True,0,0.6861194902671155,0.8250212248800559,0.8474480965028696,0,0,0,0,0,0,4.0,0,0.0,20.199961439063102,22.59935209240247,14.179132,0.33992045084457934,161
AmeriFlux_US-Wjs,flux_only,34.4255,-105.8615,1931.0,Bsk,train,ok,,2922,2922,0,True,0,0,-0.830810546875,0,0,0,286.1541762668576,80523.46037870037,80178.61445548748,1.0043009713444766,True,0,0.701193665893707,0.8168052345246608,0.8410420420273316,0,0,0,0,0,0,8.0,0,0.0,21.077055716580638,24.296493333675567,14.369208,0.32751602875306274,164
AmeriFlux_US-xBR,flux_only,44.0639,-71.2873,232.0,Dfb,train,ok,,1827,1827,0,True,0,0,-0.000701904296875,0,0,0,279.49468183178163,95858.91607655994,98568.81114689517,0.9725075808584449,True,0,0.5088936311431075,0.7890245469951823,0.8103546346997762,0,0,0,0,0,0,5.002053388090349,0,0.0,13.656196123912391,25.614279859879584,10.458732,0.5723407979586034,140
AmeriFlux_US-xCL,flux_only,33.4012,-97.57,259.0,Cfa,train,ok,,1461,1461,0,True,0,0,-0.127777099609375,0,0,0,292.57841039470907,98128.78375256674,98252.03204510754,0.9987455903967033,True,0,0.5804811079497338,0.7607348181165365,0.7773337195549367,0,0,0,0,0,0,4.0,0,0.0,17.63775598526433,30.054653544832302,17.183737,0.3993088730257538,171
AmeriFlux_US-xCP,flux_only,40.8155,-104.7456,1654.0,Bsk,train,ok,,1461,1461,0,True,0,0,-0.91552734375,0,0,0,282.43871879185986,82361.79055441478,82970.24978062784,0.9926665373694569,True,0,0.654906772088103,0.8143861517205093,0.8342462034637448,0,0,0,0,0,0,4.0,0,0.0,18.1203245766401,23.757841298425735,12.661413,0.4009303603765833,163
AmeriFlux_US-xDJ,flux_only,63.8811,-145.7514,529.0,Dfc,train,ok,,2192,2192,0,True,0,0,-0.47418212890625,0,0,0,271.34661039644783,94394.62081218636,95129.33809014187,0.9922766489002655,True,0,0.4740617251627538,0.7651598480149481,0.7905793495883603,0,0,0,0,0,0,6.0013689253935665,0,0.0,9.445515688079388,21.995154710310217,9.708168,0.8724595716896008,163
AmeriFlux_US-xDL,flux_only,32.5417,-87.8039,22.0,Cfa,train,ok,,1827,1827,0,True,0,0,-0.02386474609375,0,0,0,292.4633873750032,101211.30974616858,101060.98966567333,1.0014874194384256,True,0,0.5382366117293224,0.7618696133738786,0.7803988440404614,0,0,0,0,0,0,5.002053388090349,0,0.0,16.57287006698847,30.811813482211274,17.035423,0.4219136467629579,168
AmeriFlux_US-xHA,flux_only,42.5369,-72.1727,351.0,Dfb,train,ok,,1827,1827,0,True,0,0,-0.002716064453125,0,0,0,282.8187225625759,98451.80046695402,97178.82053119426,1.013099355690895,True,0,0.514798847308104,0.7808416646315148,0.8106398332710476,0,0,0,0,0,0,5.002053388090349,0,0.0,14.109492482970957,26.201106258347014,11.357582,0.5587070533863149,140
AmeriFlux_US-xJE,flux_only,31.1948,-84.4686,44.0,Cfa,train,ok,,1826,1826,0,True,0,0,-0.189727783203125,0,0,0,293.3358092292376,101089.95722378149,100797.53662562383,1.0029010688946074,True,0,0.5451939010535285,0.7671389748796762,0.781984346049584,0,0,0,0,0,0,4.999315537303217,0,0.0,17.01237331122381,31.32898237404162,18.584504,0.3973309426703524,122
AmeriFlux_US-xJR,flux_only,32.5907,-106.8425,1329.0,Bsk,train,ok,,1826,1826,0,True,0,0,-1.979736328125,0,0,0,291.84979022424034,86905.30883762322,86345.44266835465,1.0064840268573174,True,0,0.7005854586686262,0.806315006628515,0.8154838110865161,0,0,0,0,0,0,4.999315537303217,0,0.0,21.52522427288865,26.569587606243157,16.955678,0.31621935306440113,147
AmeriFlux_US-xKA,flux_only,39.1104,-96.6129,1329.0,Cfa,train,ok,,1461,1461,0,True,0,0,-0.2503662109375,0,0,0,287.6952980349604,97279.31803452258,86345.44266835465,1.126629443642602,True,0,0.5952212855211328,0.7722471377868363,0.7913286867366983,0,0,0,0,0,0,4.0,0,0.0,16.967706246729087,27.47124623340178,12.918049,0.4411413504720491,165
AmeriFlux_US-xNG,flux_only,46.7697,-100.9154,578.0,Dfb,train,ok,,1461,1461,0,True,0,0,-0.330657958984375,0,0,0,280.5092522675333,94960.70259561088,94571.34268180566,1.0041171025256062,True,0,0.5959731728306594,0.8000330664191516,0.8355546682128945,0,0,0,0,0,0,4.0,0,0.0,15.34142498457987,24.726196687885007,10.823962,0.5304577437181779,198
AmeriFlux_US-xRM,flux_only,40.2759,-105.5459,2743.0,Dfc,val,ok,,1461,1461,0,True,0,0,-0.574127197265625,0,0,0,274.6874415758617,72064.33619952088,72430.31175808291,0.9949472044275554,True,0,0.6831393779571733,0.8448450047351175,0.865354481234522,0,0,0,0,0,0,4.0,0,0.0,19.048306108467617,21.237418529089663,11.664983,0.37993957290845365,165
AmeriFlux_US-xSC,flux_only,38.8929,-78.1395,361.0,Cfa,train,ok,,1461,1461,0,True,0,0,-0.002105712890625,0,0,0,286.2924514968945,97865.23535891513,97062.74142036935,1.0082677856281665,True,0,0.5363862152622805,0.771917633140421,0.7878941342346689,0,0,0,0,0,0,4.0,0,0.0,15.35726093119178,27.556446315537304,14.409184,0.48690219150534475,173
AmeriFlux_US-xSE,flux_only,38.8901,-76.56,15.0,Cfa,train,ok,,1827,1827,0,True,0,0,-0.037078857421875,0,0,0,287.88225915801286,101373.36910320881,101144.93246061618,1.0022585080343158,True,0,0.5284167940902573,0.7656219606559769,0.7796705696079365,0,0,0,0,0,0,5.002053388090349,0,0.0,15.138534030863676,28.372789095785443,15.176652,0.49818963858159804,182
AmeriFlux_US-xSJ,flux_only,37.1088,-119.7323,368.0,Csa,train,ok,,1827,1827,0,True,0,0,-0.3062744140625,0,0,0,290.5284717144311,96221.05978037766,96981.55286615035,0.9921583738010229,True,0,0.6670006618850551,0.7777083101755426,0.7859234666540192,0,0,0,0,0,0,5.002053388090349,0,0.0,19.90005455850462,26.665318812260534,18.667236,0.4146894961698282,187
AmeriFlux_US-xUK,flux_only,39.0404,-95.1921,335.0,Cfa,oos,ok,,1827,1827,0,True,0,0,-0.045013427734375,0,0,0,286.99156231559164,98070.41895012316,97364.78089982986,1.0072473644347772,True,0,0.5701713167082857,0.7691609479930062,0.7879705446862594,0,0,0,0,0,0,5.002053388090349,0,0.0,16.28521895587736,27.72071065353038,12.751459,0.46253915517602606,163
AmeriFlux_US-xUN,flux_only,46.2339,-89.5373,518.0,Dfb,train,ok,,1461,1461,0,True,0,0,-0.037933349609375,0,0,0,279.41182067996425,95575.68416859172,95254.96802027545,1.0033669230590472,True,0,0.5139360463086016,0.7781510677579528,0.802338237370009,0,0,0,0,0,0,4.0,0,0.0,13.72064118718083,25.37036349007529,12.487928,0.5954376107130801,155
AmeriFlux_US-xWD,flux_only,47.1282,-99.2414,579.0,Dfb,train,ok,,2192,2192,0,True,0,0,-0.12054443359375,0,0,0,278.7461250750688,94758.13203552691,94559.98267967174,1.0020954884956612,True,0,0.5831988218671931,0.8038816148251536,0.8309972280736679,0,0,0,0,0,0,6.0013689253935665,0,0.0,14.94195562147355,24.51724141560219,9.979577,0.5445852221865677,159
AmeriFlux_CA-TP1,sm_and_flux,42.6609,-80.5595,265.0,Dfb,train,ok,,1826,1826,0,True,0,0,-0.090728759765625,0,0,0,282.87187456379587,99116.70892233707,98181.74876586201,1.0095227490671888,True,0,0.5254875820951139,0.775285644727963,0.8009124143753908,0,0,0,0,0,0,4.999315537303217,0,0.0,14.926475574093471,26.660229157174154,14.489355,0.5604721458539217,175
AmeriFlux_CA-TP3,sm_and_flux,42.7068,-80.3483,184.0,Dfb,oos,ok,,2191,2191,0,True,0,0,-0.09234619140625,0,0,0,282.81606231090524,98949.97817064126,99134.01582038528,0.9981435469125203,True,0,0.5195468152283805,0.7762780395559672,0.794430015728101,0,0,0,0,0,0,5.9986310746064335,0,0.0,14.740571739625974,26.671048605203104,14.267509,0.5665199347497719,184
AmeriFlux_CA-TPD,sm_and_flux,42.6353,-80.5577,260.0,Dfb,train,ok,,2556,2556,0,True,0,0,-0.090728759765625,0,0,0,282.81127838349676,99124.33804956474,98240.31533696441,1.00899857364635,True,0,0.5211732345532039,0.7751704533483653,0.8044420181028833,0,0,0,0,0,0,6.997946611909651,0,0.0,14.817075996038064,26.696685227308294,14.489355,0.5661855452122119,183
AmeriFlux_US-ARM,sm_and_flux,36.6058,-97.4888,314.0,Cfa,oos,ok,,2556,2556,0,True,0,0,-0.338348388671875,0,0,0,289.3686824852312,97810.13107638889,97609.29106305403,1.0020575911488294,True,0,0.5884471989445206,0.7686599747438522,0.8050332237725095,0,0,0,0,0,0,6.997946611909651,0,0.0,17.306229293377655,28.54208530477309,14.388327,0.42662697023795054,169
AmeriFlux_US-Me6,sm_and_flux,44.3233,-121.6078,998.0,Csb,train,ok,,1827,1827,0,True,0,0,-0.179412841796875,0,0,0,281.14085409063165,88815.08812260536,89896.36555124776,0.9879719561295724,True,0,0.5703695532113287,0.7891902286880503,0.8056766620731348,0,0,0,0,0,0,5.002053388090349,0,0.0,15.978263734202486,24.541320743295017,13.933776,0.5728660721418266,198
AmeriFlux_US-SRG,sm_and_flux,31.7894,-110.8277,1291.0,Bsk,oos,ok,,2557,2557,0,True,0,0,-0.712371826171875,0,0,0,291.9544059147721,87844.85075894604,86747.23245695981,1.0126530642061786,True,0,0.6909981331094781,0.8043815177342138,0.818550038701409,0,0,0,0,0,0,7.000684462696783,0,0.0,21.344905537542374,27.093476478685957,17.577554,0.3096109381812174,149
AmeriFlux_US-SRM,sm_and_flux,31.8214,-110.8661,1120.0,Bsk,train,ok,,1461,1461,0,True,0,0,-0.817138671875,0,0,0,293.3399687864289,90376.14250192505,88574.06759090953,1.0203454008608774,True,0,0.6898737110970069,0.8053504997388401,0.8184851141651307,0,0,0,0,0,0,4.0,0,0.0,21.30363400092359,27.281295083504446,17.724066,0.30912294737273166,149
AmeriFlux_US-Ton,sm_and_flux,38.4309,-120.966,177.0,Csa,oos,ok,,1461,1461,0,True,0,0,-0.492431640625,0,0,0,289.7233819458927,99394.2390111653,99216.66030473735,1.001789807335608,True,0,0.6337813700325774,0.7678497129676498,0.7857271345833429,0,0,0,0,0,0,4.0,0,0.0,18.758974890744312,27.33484630527036,19.261204,0.46271000905948034,178
AmeriFlux_US-UMd,sm_and_flux,45.5625,-84.6975,239.0,Dfb,train,ok,,2556,2556,0,True,0,0,-0.08551025390625,0,0,0,280.4548436673781,98933.04747713712,98486.60393472131,1.00453303824662,True,0,0.522869275866365,0.7825054895134563,0.81228830271075,0,0,0,0,0,0,6.997946611909651,0,0.0,14.314464512469987,25.6727481443662,14.635098,0.6018084058855767,185
AmeriFlux_US-Var,sm_and_flux,38.4133,-120.9508,129.0,Csa,oos,ok,,1826,1826,0,True,0,0,-0.492431640625,0,0,0,289.730265906711,99414.1595444277,99784.86950598129,0.9962849080888825,True,0,0.6362466275238657,0.7703247746099153,0.7882632566996537,0,0,0,0,0,0,4.999315537303217,0,0.0,18.89677862636604,27.290723810514788,19.261204,0.4641119124681902,176
AmeriFlux_US-Whs,sm_and_flux,31.7438,-110.0522,1370.0,Bsk,oos,ok,,1461,1461,0,True,0,0,-1.142913818359375,0,0,0,291.4737931916683,86528.55397095311,85913.6240477971,1.007157536769883,True,0,0.6844758835293887,0.8067546122639878,0.8219806795371741,0,0,0,0,0,0,4.0,0,0.0,21.185415234344585,26.336690976043805,16.622292,0.3175482718881092,142
AmeriFlux_US-Wkg,sm_and_flux,31.7365,-109.9419,1531.0,Bsk,train,ok,,2922,2922,0,True,0,0,-1.043548583984375,0,0,0,290.0463264042347,84402.71778212697,84234.82652449684,1.001993133535822,True,0,0.6919177068184902,0.8113865791094712,0.8220289497548947,0,0,0,0,0,0,8.0,0,0.0,21.38118110124868,26.18925067932923,16.648802,0.30905521277881054,148
