folder,ok,fail,n,ssrd_min,ssrd_max,ssrd_mean,ssrd_season_ratio,strd_min,strd_max
ISMN_AMMA-CATCH_Banizoumbou,True,,1096,4135024.0,28217212.0,22704608.0,0.1340784728527069,25083614.0,38525656.0
ISMN_AMMA-CATCH_Tondikiboro,True,,1096,4135024.0,28217212.0,22704608.0,0.1340784728527069,25083614.0,38525656.0
ISMN_ARM_Anthony,True,,2192,817992.0,30558288.0,17370938.0,0.4188491106033325,14779423.0,37785476.0
ISMN_ARM_Ashton,True,,2922,806508.0,30960196.0,17163322.0,0.4282335937023163,13960225.0,37615264.0
ISMN_ARM_Byron,True,,2192,921196.0,30512224.0,17532632.0,0.4130798578262329,15251465.0,37612760.0
ISMN_ARM_Lamont-CF1,True,,3653,914100.0,30760808.0,17406840.0,0.41579678654670715,14388327.0,37842952.0
ISMN_ARM_Lamont-CF2,True,,1826,1674084.0,30406940.0,17577704.0,0.40382930636405945,14388327.0,37842952.0
ISMN_ARM_MapleCity,True,,1826,859816.0,30445732.0,17449080.0,0.4211755692958832,14205913.0,37606104.0
ISMN_ARM_Marshall,True,,2922,970508.0,30947488.0,17432758.0,0.4176025390625,14684401.0,37667960.0
ISMN_ARM_Medford,True,,3653,935268.0,30509060.0,17554610.0,0.411577433347702,14402083.0,37727000.0
ISMN_ARM_Morrison,True,,3653,821672.0,31027188.0,17187180.0,0.42286771535873413,14458823.0,37694044.0
ISMN_ARM_Newkirk,True,,3653,827184.0,30986516.0,17139488.0,0.42607006430625916,14050203.0,37886256.0
ISMN_ARM_Omega,True,,2192,1070556.0,30882296.0,17633020.0,0.4075930416584015,15841404.0,37199104.0
ISMN_ARM_Pawhuska,True,,3653,811516.0,30850880.0,16858098.0,0.43735936284065247,13944245.0,37999928.0
ISMN_ARM_Ringwood,True,,2922,995140.0,30522924.0,17727364.0,0.4067716896533966,14852055.0,37432468.0
ISMN_ARM_Tryon,True,,2922,850484.0,31073128.0,17153974.0,0.42750003933906555,14832543.0,37515224.0
ISMN_ARM_Tyro,True,,3653,777748.0,30764584.0,16562958.0,0.4507414400577545,13806329.0,38256200.0
ISMN_ARM_Waukomis,True,,3653,1102200.0,30621740.0,17683828.0,0.4053756296634674,14694833.0,37621424.0
ISMN_Berlin_DWDBerlin-Spaeth,True,,1826,164240.0,28925484.0,10871177.0,0.7167810797691345,16830648.0,35097124.0
ISMN_Berlin_DWDBerlinTempel,True,,1461,164240.0,28925484.0,11006401.0,0.711243748664856,16830648.0,35097124.0
ISMN_Berlin_PSA14wiltinger,True,,1461,135496.0,28992680.0,10954082.0,0.7170442342758179,16989968.0,35061564.0
ISMN_Berlin_PSA15bucherchaus,True,,1461,131432.0,29029872.0,10939897.0,0.7167072892189026,16976852.0,35010692.0
ISMN_Berlin_PSA16krugwiesen,True,,1461,145576.0,28991988.0,10957494.0,0.7140138745307922,16913158.0,35031832.0
ISMN_Berlin_PSA17suedpark,True,,1461,162964.0,28935572.0,10986399.0,0.711578905582428,16827042.0,35075220.0
ISMN_Berlin_PSA18Pfaueninsel,True,,1461,168728.0,28876088.0,11043340.0,0.7115319967269897,16856544.0,35150324.0
ISMN_Berlin_PSA1BerlinerStr,True,,1827,167304.0,28679708.0,10859599.0,0.7204857468605042,16843142.0,35139132.0
ISMN_Berlin_PSA2Tiergarten,True,,2192,148620.0,28965640.0,10865429.0,0.7197511792182922,16872808.0,35078756.0
ISMN_Berlin_PSA4Heerstrasse,True,,1827,150828.0,28681776.0,10826471.0,0.7236203551292419,16894340.0,35103256.0
ISMN_Berlin_PSA6Plaenterwald,True,,2192,164240.0,28925484.0,10880656.0,0.7170698046684265,16830648.0,35097124.0
ISMN_Berlin_PSA7Ruebezahl,True,,2192,161688.0,28947676.0,10848358.0,0.7181304693222046,16820432.0,35051600.0
ISMN_Berlin_PflABerlin11Humb,True,,1461,148620.0,28965640.0,10987765.0,0.7137788534164429,16926220.0,35078756.0
ISMN_Berlin_PflABerlin12Schi,True,,1461,147044.0,28978664.0,10972186.0,0.7138159871101379,16920474.0,35055732.0
ISMN_Berlin_PflABerlin13Marz,True,,1461,145576.0,28991988.0,10957494.0,0.7140138745307922,16913158.0,35031832.0
ISMN_COSMOS_KLEE,True,,1096,5975844.0,29378840.0,22198774.0,0.16495177149772644,24905504.0,32666712.0
ISMN_COSMOS-UK_AliceHolt,True,,2557,372228.0,29753404.0,11011786.0,0.6963350772857666,18315744.0,34772948.0
ISMN_COSMOS-UK_Balruddery,True,,1461,169388.0,29382428.0,9241988.0,0.7830893993377686,18414612.0,33477760.0
ISMN_COSMOS-UK_BickleyHall,True,,2557,274864.0,30024328.0,10072797.0,0.7300466299057007,18470778.0,34585708.0
ISMN_COSMOS-UK_BunnyPark,True,,2557,247824.0,30063148.0,10077530.0,0.7229472398757935,18631620.0,34908108.0
ISMN_COSMOS-UK_Cardington,True,,2557,307056.0,29854612.0,10392203.0,0.7117294669151306,18484288.0,35150840.0
ISMN_COSMOS-UK_ChimneyMeadows,True,,1461,332036.0,30116280.0,10258614.0,0.7112311124801636,18371982.0,34908696.0
ISMN_COSMOS-UK_Cochno,True,,1461,116676.0,29630088.0,8580730.0,0.8233931660652161,18606024.0,33483650.0
ISMN_COSMOS-UK_CwmGarw,True,,1461,324048.0,30225084.0,11527250.0,0.7164201140403748,18641128.0,34287344.0
ISMN_COSMOS-UK_Elmsett,True,,1461,473852.0,29920620.0,11072179.0,0.6886606216430664,19129956.0,35262032.0
ISMN_COSMOS-UK_Euston,True,,1461,218472.0,29431036.0,10875859.0,0.6971114873886108,18916520.0,34567460.0
ISMN_COSMOS-UK_Fincham,True,,2191,250736.0,29674180.0,10972713.0,0.7014530897140503,19225384.0,34486556.0
ISMN_COSMOS-UK_Fivemiletown,True,,1826,162328.0,29836084.0,8889185.0,0.7634502649307251,18934188.0,34167112.0
ISMN_COSMOS-UK_HartwoodHome,True,,2191,146540.0,30053736.0,8854238.0,0.7958449125289917,17582668.0,33535838.0
ISMN_COSMOS-UK_Heytesbury,True,,1826,327764.0,30046272.0,10853718.0,0.7091849446296692,18098204.0,34755628.0
ISMN_COSMOS-UK_HollinHill,True,,1826,287756.0,30014632.0,10218191.0,0.734818696975708,19255440.0,34112128.0
ISMN_COSMOS-UK_HolmeLacy,True,,1826,289568.0,30185148.0,10377164.0,0.7233726978302002,18034648.0,34619884.0
ISMN_COSMOS-UK_Loddington,True,,1461,282056.0,30008168.0,10093008.0,0.7176863551139832,18607254.0,34875376.0
ISMN_COSMOS-UK_LullingtonHeath,True,,1826,398264.0,29742052.0,12241898.0,0.6769771575927734,19437204.0,34196044.0
ISMN_COSMOS-UK_MoretonMorrell,True,,1826,291288.0,30155604.0,10357173.0,0.7247983813285828,18236332.0,34952308.0
ISMN_COSMOS-UK_Morley,True,,2557,270796.0,29653560.0,11366410.0,0.6923677325248718,19281076.0,35346904.0
ISMN_COSMOS-UK_PortonDown,True,,1096,333976.0,29933000.0,10591714.0,0.6964826583862305,18235604.0,34521628.0
ISMN_COSMOS-UK_Redhill,True,,2192,409220.0,29745500.0,11812221.0,0.6756314635276794,19183980.0,34709352.0
ISMN_COSMOS-UK_Redmere,True,,1096,301596.0,29866612.0,10493126.0,0.7114562392234802,19173372.0,35322728.0
ISMN_COSMOS-UK_Rothamsted,True,,2191,347848.0,29810836.0,10538390.0,0.7135381102561951,18403588.0,34644188.0
ISMN_COSMOS-UK_Sheepdrove,True,,2557,344440.0,30088352.0,10533725.0,0.7114032506942749,18126728.0,34971320.0
ISMN_COSMOS-UK_SpenFarm,True,,1827,166640.0,30045016.0,9711733.0,0.7469276785850525,19091288.0,34108460.0
ISMN_COSMOS-UK_Stoughton,True,,2192,281456.0,30047420.0,10089812.0,0.7229276299476624,18516394.0,34900672.0
ISMN_COSMOS-UK_Waddesdon,True,,1096,322552.0,30055216.0,10236162.0,0.7168401479721069,18430396.0,34971760.0
ISMN_COSMOS-UK_Writtle,True,,2191,450176.0,30048028.0,11211577.0,0.6903027296066284,18588952.0,34272908.0
ISMN_CW3E_BoyesCreekCanyon,True,,1826,561200.0,32293004.0,18484258.0,0.4966695308685303,18069952.0,32852008.0
ISMN_CW3E_BrownsValleySchool,True,,1826,604188.0,31807696.0,18719454.0,0.48315104842185974,19943612.0,35091364.0
ISMN_CW3E_Deerwood,True,,3287,548388.0,32239260.0,18473406.0,0.4911421239376068,18474716.0,34025256.0
ISMN_CW3E_FeatherRiverCollege,True,,2192,835004.0,32882328.0,18831034.0,0.47061601281166077,15213523.0,31880512.0
ISMN_CW3E_NorthCowMountain,True,,3287,562132.0,32540728.0,18540550.0,0.48953941464424133,18361972.0,34192396.0
ISMN_CW3E_PotterValleyNorth,True,,2557,561200.0,32293004.0,18442548.0,0.4934379458427429,18069952.0,33836184.0
ISMN_CW3E_SkylineHarvest,True,,2192,399572.0,32675596.0,18712998.0,0.4816032648086548,17703166.0,32876720.0
ISMN_CW3E_YucaipaValley,True,,1461,1282416.0,32870992.0,20505094.0,0.36787402629852295,17838022.0,34059388.0
ISMN_FLUXNET-AMERIFLUX_BouldinIslandAlfalfa,True,,1461,1151276.0,31853776.0,18707354.0,0.4701305031776428,20226270.0,34705920.0
ISMN_FLUXNET-AMERIFLUX_TonziRanch,True,,1461,736576.0,31913832.0,18758974.0,0.4627099931240082,19261204.0,35667024.0
ISMN_FLUXNET-AMERIFLUX_VairaRanch,True,,1827,736576.0,31913832.0,18716246.0,0.4695798456668854,19261204.0,35667024.0
ISMN_FMI_SAA111,True,,2192,0.0,29687148.0,7475825.0,1.0500943660736084,13117656.0,33711528.0
ISMN_FMI_SAA112,True,,1461,0.0,29563136.0,7498859.0,1.0511234998703003,13117656.0,33254190.0
ISMN_FMI_SAA120,True,,1461,0.0,29288040.0,7161076.5,1.0485202074050903,14041257.0,34086532.0
ISMN_FMI_SOD011,True,,2192,0.0,29765084.0,7710926.5,1.032660961151123,12872251.0,33994284.0
ISMN_FMI_SOD012,True,,2192,0.0,29765084.0,7710926.5,1.032660961151123,12872251.0,33994284.0
ISMN_FMI_SOD013,True,,1461,0.0,29659480.0,7439118.0,1.0305901765823364,12127815.0,34339816.0
ISMN_FMI_SOD071,True,,2192,0.0,29765084.0,7710926.5,1.032660961151123,12872251.0,33994284.0
ISMN_FMI_SOD072,True,,1461,0.0,29441504.0,7724851.5,1.0222177505493164,13579391.0,33994284.0
ISMN_FMI_SOD073,True,,1461,0.0,29441504.0,7724851.5,1.0222177505493164,13579391.0,33994284.0
ISMN_FMI_SOD081,True,,2192,0.0,29765084.0,7710926.5,1.032660961151123,12872251.0,33994284.0
ISMN_FMI_SOD083,True,,1826,0.0,29441504.0,7665144.0,1.0300477743148804,12872251.0,33994284.0
ISMN_FMI_SOD101,True,,1827,0.0,29765084.0,7539326.5,1.0342299938201904,12127815.0,34339816.0
ISMN_FMI_SOD102,True,,1827,0.0,29765084.0,7539326.5,1.0342299938201904,12127815.0,34339816.0
ISMN_FMI_SOD103,True,,1827,0.0,29765084.0,7539326.5,1.0342299938201904,12127815.0,34339816.0
ISMN_FMI_SOD130,True,,1827,0.0,29794172.0,7560518.0,1.0337705612182617,12099709.0,34355012.0
ISMN_FMI_SOD140,True,,1461,0.0,29621004.0,7492981.5,1.028175950050354,12144671.0,34349620.0
ISMN_FR_Aqui_fraye,True,,1461,532212.0,30707448.0,13853615.0,0.5665196180343628,17095268.0,35130996.0
ISMN_FR_Aqui_hillan2,True,,1826,532212.0,30707448.0,13910090.0,0.5730071067810059,17095268.0,35130996.0
ISMN_FR_Aqui_parcmeteo,True,,2191,447892.0,30705748.0,13887300.0,0.5760903358459473,17023486.0,35356264.0
ISMN_HOBE_1.05,True,,1461,202932.0,29453172.0,10171977.0,0.7961168885231018,17497500.0,34228140.0
ISMN_HOBE_1.07,True,,1461,202932.0,29453172.0,10171977.0,0.7961168885231018,17497500.0,34228140.0
ISMN_HOBE_2.01,True,,1461,231140.0,29481524.0,10254937.0,0.7911955714225769,17589116.0,34048512.0
ISMN_HOBE_2.11,True,,1461,219632.0,29451284.0,10201216.0,0.7930094599723816,17523832.0,34076480.0
ISMN_HOBE_3.06,True,,1461,232020.0,29458580.0,10295191.0,0.7896869778633118,17491006.0,34087416.0
ISMN_LAB-net_OromoCalibrationSite,True,,1096,477512.0,34185988.0,14119084.0,0.6261288523674011,20138098.0,34448056.0
ISMN_LABFLUX_Bussolenobosco,True,,2192,1603424.0,30562936.0,14404144.0,0.498883455991745,14414389.0,32093196.0
ISMN_LABFLUX_Nivolet,True,,1826,1334316.0,30867792.0,15011696.0,0.4859073758125305,12855441.0,31157676.0
ISMN_MOL-RAO_Falkenberg,True,,1827,265680.0,29057524.0,11003995.0,0.7115739583969116,16199111.0,34850672.0
ISMN_NAQU_NQKema,True,,1096,8609076.0,33546532.0,21133256.0,0.22997528314590454,9575338.0,27739160.0
ISMN_NAQU_NQMS,True,,1096,8459588.0,33644056.0,21023738.0,0.2296338975429535,9615268.0,27972764.0
ISMN_NAQU_NQNorth,True,,1096,8473808.0,33440152.0,20938010.0,0.22987665235996246,9599842.0,28026504.0
ISMN_NGARI_ALI01,True,,1096,9358300.0,33843220.0,22259600.0,0.26206302642822266,8790692.0,26597774.0
ISMN_NGARI_ALI02,True,,1096,9239928.0,33909160.0,22273174.0,0.2634611129760742,8675028.0,26566606.0
ISMN_NGARI_ALI03,True,,1096,9239928.0,33909160.0,22273174.0,0.2634611129760742,8675028.0,26566606.0
ISMN_NGARI_SQ19,True,,1461,7477696.0,33757544.0,22489446.0,0.25453436374664307,8984104.0,27467156.0
ISMN_NGARI_SQ20,True,,1461,7616396.0,33735244.0,22483858.0,0.25536301732063293,9077422.0,27574684.0
ISMN_NGARI_SQ21,True,,1461,8371072.0,33735996.0,22532866.0,0.25417783856391907,8848742.0,27099724.0
ISMN_REMEDHUS_Canizal,True,,1461,749988.0,31508228.0,16825664.0,0.51435387134552,18554676.0,33395330.0
ISMN_REMEDHUS_Carretoro,True,,1827,665484.0,31798640.0,16713067.0,0.5142894983291626,18226952.0,33433600.0
ISMN_REMEDHUS_CasaPeriles,True,,3288,625732.0,31821856.0,16652771.0,0.5190783739089966,18243344.0,33687860.0
ISMN_REMEDHUS_ConcejodelMonte,True,,1461,790952.0,31490704.0,16781544.0,0.5159763693809509,18493288.0,33305418.0
ISMN_REMEDHUS_ElCoto,True,,2192,611920.0,31871900.0,16625279.0,0.5188273191452026,18294520.0,33761336.0
ISMN_REMEDHUS_ElTomillar,True,,1461,712848.0,31450420.0,16638724.0,0.5226973295211792,18199704.0,33265412.0
ISMN_REMEDHUS_Granja-g,True,,2922,739896.0,31821856.0,16692127.0,0.5166981220245361,18243344.0,33687860.0
ISMN_REMEDHUS_Guarrati,True,,1096,648316.0,31310812.0,16707253.0,0.5125653147697449,18237716.0,33297746.0
ISMN_REMEDHUS_LaCruzdeElias,True,,1827,665484.0,31798640.0,16713067.0,0.5142894983291626,18226952.0,33433600.0
ISMN_REMEDHUS_LasArenas,True,,2192,694176.0,31928384.0,16626860.0,0.5226354002952576,18156884.0,33815348.0
ISMN_REMEDHUS_LasBrozas,True,,2557,740120.0,31799116.0,16535852.0,0.524091362953186,18072012.0,33849424.0
ISMN_REMEDHUS_LasEritas,True,,3288,648316.0,31845888.0,16699576.0,0.5168712139129639,18237716.0,33509532.0
ISMN_REMEDHUS_LasTresRayas,True,,3288,630276.0,31885144.0,16676705.0,0.5178950428962708,18253848.0,33583376.0
ISMN_REMEDHUS_LasVacas,True,,1827,636744.0,31764732.0,16652116.0,0.5163611769676208,18289660.0,33593532.0
ISMN_REMEDHUS_LasVictorias,True,,3288,601464.0,31799116.0,16597168.0,0.5217690467834473,18072012.0,33849424.0
ISMN_REMEDHUS_LlanosdelaBoveda,True,,2192,625732.0,31821856.0,16631905.0,0.5182598233222961,18288192.0,33687860.0
ISMN_REMEDHUS_Paredinas,True,,2192,590492.0,31849180.0,16584188.0,0.5209978818893433,18329316.0,33919872.0
ISMN_REMEDHUS_Zamarron,True,,2192,630276.0,31885144.0,16667833.0,0.5169475674629211,18253848.0,33583376.0
ISMN_ROMPS_AbramovGlacier,True,,2192,4127172.0,33567644.0,19171512.0,0.37011438608169556,10351551.0,27906664.0
ISMN_ROMPS_Baytik,True,,2192,3291364.0,32736844.0,16981998.0,0.40459105372428894,10333147.0,29352748.0
ISMN_ROMPS_GolubinGlacier,True,,2922,3689048.0,33569916.0,17174312.0,0.39369237422943115,8795052.0,28310620.0
ISMN_ROMPS_Kokomeren,True,,2192,3093916.0,31881676.0,17284684.0,0.4030972719192505,10522923.0,29108708.0
ISMN_ROMPS_Maidanak,True,,3653,1743544.0,30847820.0,17996432.0,0.42816096544265747,12956337.0,32122266.0
ISMN_ROMPS_Maydantal,True,,3653,1897724.0,31620416.0,17863772.0,0.4252943694591522,10348009.0,28470638.0
ISMN_RSMN_Alexandria,True,,1461,700440.0,29068008.0,14185474.0,0.5521412491798401,16856768.0,35503860.0
ISMN_RSMN_Bacles,True,,2557,492416.0,29538308.0,14087632.0,0.5633851289749146,17012654.0,35429328.0
ISMN_RSMN_Banloc,True,,1827,520872.0,29274000.0,13596477.0,0.5737566947937012,15157943.0,36036952.0
ISMN_RSMN_Barlad,True,,3288,405148.0,29505020.0,13255887.0,0.5889924764633179,15096687.0,35429860.0
ISMN_RSMN_Calarasi,True,,2557,517724.0,30064944.0,14004125.0,0.5591675043106079,16351640.0,35679384.0
ISMN_RSMN_Cotnari,True,,3288,379860.0,29049700.0,12716459.0,0.6102069020271301,14667055.0,35666244.0
ISMN_RSMN_Darabani,True,,3288,328348.0,28880876.0,12391227.0,0.6304775476455688,14717389.0,36044888.0
ISMN_RSMN_Dumbraveni,True,,2192,549244.0,28881344.0,13135387.0,0.5796188712120056,15570425.0,34586236.0
ISMN_RSMN_Iasi,True,,2557,363676.0,29506564.0,12882695.0,0.613876461982727,16666656.0,35514016.0
ISMN_RSMN_Oradea,True,,1461,478976.0,29376504.0,12931048.0,0.6086244583129883,14555531.0,36123608.0
ISMN_RSMN_RosioriideVede,True,,1826,552404.0,29660940.0,14217745.0,0.5428535342216492,17585606.0,35563632.0
ISMN_RSMN_SannicolauMare,True,,1827,556424.0,29032708.0,13423078.0,0.5846556425094604,14907707.0,36459628.0
ISMN_RSMN_SatuMare,True,,2192,338024.0,28953700.0,12664069.0,0.6308382153511047,16247174.0,35234664.0
ISMN_RSMN_Slatina,True,,1826,539660.0,29663076.0,14040038.0,0.5481476187705994,17172156.0,35301176.0
ISMN_RSMN_Tecuci,True,,2557,485200.0,29434668.0,13390265.0,0.5775458812713623,15704941.0,35117972.0
ISMN_SCAN_AAMU-JTG,True,,2922,706432.0,30749964.0,15936560.0,0.46360471844673157,15334896.0,37540716.0
ISMN_SCAN_Abrams,True,,2557,793408.0,31037612.0,17009220.0,0.43137603998184204,13881077.0,37425476.0
ISMN_SCAN_AdamsRanch#1,True,,3653,2372276.0,33440916.0,21256552.0,0.3046713173389435,15200066.0,34121928.0
ISMN_SCAN_Alcalde,True,,1096,2857680.0,33557232.0,20451948.0,0.3415234088897705,13323347.0,31440070.0
ISMN_SCAN_AlkaliMesa,True,,3653,2128212.0,33718824.0,20557292.0,0.374587744474411,14148698.0,32885080.0
ISMN_SCAN_AllenFarms,True,,1826,722660.0,30927820.0,16101185.0,0.4461946189403534,15237112.0,37312992.0
ISMN_SCAN_Ames,True,,2922,598620.0,31432472.0,15349436.0,0.5071792006492615,10470363.0,37066744.0
ISMN_SCAN_AshValley,True,,1827,1302986.0,32889980.0,18926230.0,0.4495179057121277,13772409.0,32083196.0
ISMN_SCAN_BlueCreek,True,,3653,1888308.0,32910524.0,18304142.0,0.45454999804496765,12863847.0,33129984.0
ISMN_SCAN_BodieHills,True,,3653,3294616.0,33706624.0,20876080.0,0.36468306183815,12974576.0,30641084.0
ISMN_SCAN_BraggFarm,True,,1827,858244.0,30700296.0,15848393.0,0.4719012975692749,15326945.0,37513068.0
ISMN_SCAN_Buckhorn,True,,2192,1554416.0,32952140.0,19279098.0,0.43537014722824097,13387815.0,32788892.0
ISMN_SCAN_BuffaloJump,True,,3653,2709264.0,33288200.0,18924430.0,0.42527422308921814,12013693.0,31121530.0
ISMN_SCAN_Bushland#1,True,,1461,1074160.0,31638412.0,19612646.0,0.35195615887641907,15520318.0,35411348.0
ISMN_SCAN_CPER,True,,1827,2619832.0,31852028.0,18034200.0,0.4066886305809021,12449775.0,33019976.0
ISMN_SCAN_CacheJunction,True,,3288,1947016.0,33081072.0,18365064.0,0.45177575945854187,12608249.0,32346900.0
ISMN_SCAN_CarverFarm,True,,1461,934052.0,30694400.0,15225453.0,0.5043970942497253,13512924.0,37213632.0
ISMN_SCAN_CaveValley,True,,2557,1804520.0,33430004.0,20417856.0,0.37031319737434387,14197131.0,32663332.0
ISMN_SCAN_CentraliaLake,True,,2191,935816.0,31035072.0,16256117.0,0.46812596917152405,12562635.0,37108736.0
ISMN_SCAN_Charkiln,True,,3653,2111468.0,33241296.0,20935092.0,0.36342111229896545,15684636.0,34441640.0
ISMN_SCAN_ChickenRidge,True,,3653,2175032.0,33207120.0,18765026.0,0.43915820121765137,12395649.0,31328718.0
ISMN_SCAN_Circleville,True,,2557,2638532.0,33635340.0,20019224.0,0.36124101281166077,12408724.0,31158840.0
ISMN_SCAN_ConradAgRc,True,,1827,1269496.0,31895484.0,15334473.0,0.5524391531944275,11126722.0,31978954.0
ISMN_SCAN_CrescentLake#1,True,,3653,546480.0,31600736.0,14383264.0,0.5530393719673157,10122343.0,36879648.0
ISMN_SCAN_Crossroads,True,,3653,1502148.0,32357732.0,20204500.0,0.33615151047706604,15986639.0,35363428.0
ISMN_SCAN_Cullman-NAHRC,True,,2922,755580.0,30574640.0,16070615.0,0.44974252581596375,15652882.0,37206080.0
ISMN_SCAN_DeepSprings,True,,3653,2289412.0,33625844.0,21225760.0,0.35392406582832336,14074192.0,32371640.0
ISMN_SCAN_Dexter,True,,1827,807460.0,30347024.0,15707019.0,0.49081552028656006,14732229.0,37553220.0
ISMN_SCAN_DoeRidge,True,,3653,2596732.0,33883460.0,21071728.0,0.36784854531288147,12357674.0,30447112.0
ISMN_SCAN_EagleLake,True,,1827,1285488.0,32959964.0,18721582.0,0.45624375343322754,15129615.0,30405336.0
ISMN_SCAN_Eastland,True,,2557,2591436.0,33303268.0,20459718.0,0.37092772126197815,13958204.0,32813184.0
ISMN_SCAN_EastviewFarm,True,,1826,750580.0,30943228.0,15837606.0,0.45466023683547974,15020836.0,37124200.0
ISMN_SCAN_ElsberryPMC,True,,3288,777072.0,31185288.0,15529994.0,0.49848151206970215,13098856.0,38674228.0
ISMN_SCAN_Enterprise,True,,3288,1468900.0,33344956.0,20413386.0,0.3764441907405853,13964272.0,32608464.0
ISMN_SCAN_Ephraim,True,,2557,2285904.0,33318428.0,19624252.0,0.3949301540851593,13530936.0,31892024.0
ISMN_SCAN_ErosDataCenter,True,,3653,488456.0,31216104.0,15541872.0,0.5120790004730225,10141837.0,36905296.0
ISMN_SCAN_EvergladesARS,True,,1461,2254244.0,29190980.0,18127644.0,0.27591753005981445,21299192.0,37984548.0
ISMN_SCAN_FortAssiniboine#1,True,,1461,1650972.0,31744096.0,15423503.0,0.5554872751235962,11493912.0,32659616.0
ISMN_SCAN_FortReno#1,True,,2922,1013288.0,30959560.0,17741182.0,0.4072738587856293,15786841.0,37161728.0
ISMN_SCAN_Fortuna,True,,1096,2068580.0,28074288.0,20668838.0,0.1909293830394745,29609596.0,37546900.0
ISMN_SCAN_FrenchGulch,True,,1461,690256.0,32448872.0,17829670.0,0.5092258453369141,16756401.0,32844260.0
ISMN_SCAN_Geneva#1,True,,1461,535788.0,31247568.0,13479459.0,0.5952168703079224,13650003.0,36584968.0
ISMN_SCAN_GlacialRidge,True,,2192,799408.0,31096432.0,14100533.0,0.5849929451942444,9605285.0,36309276.0
ISMN_SCAN_GoodwinCkTimber,True,,3653,784376.0,30701108.0,16274053.0,0.4513336420059204,15680257.0,38017516.0
ISMN_SCAN_Goshute,True,,2557,2538652.0,33120952.0,19531968.0,0.3980461359024048,13743355.0,33214388.0
ISMN_SCAN_Grantsville,True,,1461,1825380.0,32863276.0,18514758.0,0.45084047317504883,13717739.0,32991428.0
ISMN_SCAN_GreenRiver,True,,2922,2748924.0,33390592.0,20188610.0,0.3870125412940979,14770930.0,33528256.0
ISMN_SCAN_GrouseCreek,True,,3653,2667812.0,32890144.0,18681550.0,0.4302724003791809,12520763.0,32905000.0
ISMN_SCAN_HalsCanyon,True,,2557,1986968.0,33346092.0,20202876.0,0.37806347012519836,13922295.0,33125910.0
ISMN_SCAN_HarmsWay,True,,3653,1975612.0,33463752.0,20123374.0,0.38331565260887146,14032470.0,32892916.0
ISMN_SCAN_Hodges,True,,1826,751268.0,30837508.0,16016183.0,0.44450244307518005,15504674.0,37268972.0
ISMN_SCAN_Holden,True,,3653,1645864.0,33040120.0,19914348.0,0.4122651517391205,13699066.0,33971388.0
ISMN_SCAN_HubbardBrook,True,,3653,436428.0,31780020.0,13452052.0,0.5869508385658264,10642212.0,36186744.0
ISMN_SCAN_IsbellFarms,True,,3288,684916.0,30870728.0,15922160.0,0.46369409561157227,15524943.0,37658744.0
ISMN_SCAN_JohnsonFarm,True,,2192,1708412.0,31623108.0,17820530.0,0.4164728820323944,12743311.0,35424076.0
ISMN_SCAN_Jordan,True,,3653,1211652.0,31876912.0,15583850.0,0.5399852991104126,9792799.0,35859232.0
ISMN_SCAN_JornadaExpRange,True,,1827,2914892.0,33056804.0,21336090.0,0.32478755712509155,17200082.0,34796152.0
ISMN_SCAN_JournaganRanch,True,,1827,983888.0,30816560.0,15628424.0,0.4818418323993683,14501818.0,36841424.0
ISMN_SCAN_KnoxCity,True,,1096,1418252.0,30162616.0,18574714.0,0.3772714138031006,16585747.0,37261088.0
ISMN_SCAN_KoptisFarms,True,,2556,1452040.0,30011204.0,16983940.0,0.38442331552505493,17753840.0,38206004.0
ISMN_SCAN_KyleCanyon,True,,3653,2304252.0,33190296.0,20969870.0,0.3589361906051636,15644852.0,34120696.0
ISMN_SCAN_LTSP,True,,1826,921096.0,31006988.0,16222743.0,0.4629005789756775,13586147.0,38239780.0
ISMN_SCAN_Lehman,True,,1827,1336688.0,32189268.0,19962884.0,0.3470779061317444,15967399.0,35120880.0
ISMN_SCAN_Levelland,True,,2192,1492212.0,32108000.0,19796170.0,0.3462507724761963,15641993.0,35342180.0
ISMN_SCAN_Lind#1,True,,3653,764800.0,31947348.0,16125038.0,0.5723442435264587,13773383.0,36665716.0
ISMN_SCAN_LittleRedFox,True,,3653,2515728.0,33401952.0,19558734.0,0.38961291313171387,13523582.0,32250742.0
ISMN_SCAN_LittleRiver,True,,2192,853192.0,30594208.0,16948004.0,0.394010990858078,17794788.0,37913028.0
ISMN_SCAN_LosLunasPMC,True,,2922,1699072.0,33587872.0,20910452.0,0.3349873423576355,15121776.0,32983122.0
ISMN_SCAN_LovellSummit,True,,3653,2281060.0,33192588.0,21001826.0,0.3587966859340668,15711920.0,34347416.0
ISMN_SCAN_LovelockNNR,True,,1827,2278964.0,33118224.0,19432810.0,0.43462884426116943,15178390.0,33860888.0
ISMN_SCAN_LyeBrook,True,,2922,472696.0,31485176.0,13900419.0,0.568993330001831,10946362.0,35870632.0
ISMN_SCAN_MahantangoCk,True,,1096,519396.0,31006634.0,13813881.0,0.5514070391654968,13798347.0,36649552.0
ISMN_SCAN_MammothCave,True,,1827,693764.0,30998820.0,15118292.0,0.5022547245025635,14304901.0,36951120.0
ISMN_SCAN_Mandan#1,True,,3653,586516.0,31442004.0,15220711.0,0.5380309224128723,10615498.0,36110968.0
ISMN_SCAN_Manderfield,True,,3287,1816856.0,33336192.0,20009488.0,0.3793206512928009,13631552.0,32300764.0
ISMN_SCAN_MarbleCreek,True,,1827,4187300.0,33514364.0,21212392.0,0.35233810544013977,13270480.0,31530104.0
ISMN_SCAN_MaricaoForest,True,,1096,1487654.0,27672828.0,20755788.0,0.1901482194662094,30311780.0,37824092.0
ISMN_SCAN_Mason#1,True,,3287,669084.0,31343818.0,15374662.0,0.5070059895515442,11378313.0,38243220.0
ISMN_SCAN_Mayday,True,,1827,1173792.0,30423476.0,16732339.0,0.4367068111896515,16900268.0,38414864.0
ISMN_SCAN_McAllisterFarm,True,,3653,725720.0,30893600.0,15873923.0,0.4619814455509186,15149325.0,37309724.0
ISMN_SCAN_MccrackenMesa,True,,3653,2328216.0,33826988.0,20672994.0,0.3766901195049286,14378804.0,33673432.0
ISMN_SCAN_Milford,True,,3653,1890552.0,33192200.0,20060668.0,0.3843892812728882,13527736.0,33380648.0
ISMN_SCAN_Moccasin,True,,3653,1414664.0,32373512.0,15753426.0,0.5201810598373413,9366817.0,33037444.0
ISMN_SCAN_MonoclineRidge,True,,2192,1382060.0,32139928.0,20052932.0,0.41104239225387573,19337922.0,36992992.0
ISMN_SCAN_Morgan,True,,3653,1420732.0,32964396.0,18715076.0,0.45215606689453125,13641467.0,32426294.0
ISMN_SCAN_MorrisFarms,True,,1827,857716.0,30292228.0,16404431.0,0.4287576973438263,17519484.0,37684140.0
ISMN_SCAN_MountainHome,True,,3288,2393180.0,33405012.0,19336772.0,0.39450427889823914,13361534.0,31671614.0
ISMN_SCAN_MtVernon,True,,1827,843832.0,30743044.0,15871168.0,0.4753435552120209,14816116.0,36848208.0
ISMN_SCAN_NPiedmontArec,True,,3653,472868.0,31570512.0,15322181.0,0.4811913073062897,13924985.0,37372284.0
ISMN_SCAN_Nacogdoches,True,,1826,790868.0,30372140.0,16142352.0,0.4489082098007202,17461440.0,38145664.0
ISMN_SCAN_Nephi,True,,3653,1926552.0,33159248.0,19518100.0,0.4073905348777771,13270644.0,32692246.0
ISMN_SCAN_NorthIssaquena,True,,2192,1104300.0,30254948.0,16398086.0,0.4508827030658722,16799572.0,37983276.0
ISMN_SCAN_Nunn#1,True,,1461,2267358.0,32626216.0,18021382.0,0.39933905005455017,12661413.0,33067608.0
ISMN_SCAN_Onward,True,,3653,1021068.0,30328452.0,16666099.0,0.43568718433380127,16767536.0,38407452.0
ISMN_SCAN_OrchardRangeSite,True,,1826,1288028.0,32321760.0,17743354.0,0.49510711431503296,15043474.0,35680040.0
ISMN_SCAN_Panguitch,True,,2557,2428568.0,33709968.0,20129078.0,0.356567919254303,12451428.0,31159272.0
ISMN_SCAN_ParkValley,True,,2557,2512116.0,32875716.0,18517274.0,0.4405018389225006,12932661.0,33547896.0
ISMN_SCAN_PeeDee,True,,2557,593676.0,31002984.0,16166209.0,0.43213850259780884,16498228.0,38611112.0
ISMN_SCAN_PerdidoRivFarms,True,,1827,971012.0,29937744.0,16521587.0,0.4096217453479767,17652724.0,37942984.0
ISMN_SCAN_Perthshire,True,,2192,706028.0,30142112.0,16179906.0,0.46329912543296814,15938185.0,38095824.0
ISMN_SCAN_Phillipsburg,True,,3653,702884.0,31437816.0,17247128.0,0.43621981143951416,12700635.0,36843540.0
ISMN_SCAN_PineNut,True,,1826,2280568.0,32938336.0,20765176.0,0.3650461733341217,17166308.0,35577384.0
ISMN_SCAN_PowderMill,True,,3653,508828.0,31529200.0,14885842.0,0.503368079662323,13524541.0,37490956.0
ISMN_SCAN_PowellGardens,True,,2192,751976.0,30984860.0,15635563.0,0.4855794310569763,13305916.0,37451268.0
ISMN_SCAN_PrairieView#1,True,,2557,947136.0,30344700.0,16419107.0,0.41856831312179565,17869352.0,38345436.0
ISMN_SCAN_Price,True,,3653,1877676.0,33450248.0,19667568.0,0.3839339315891266,13108264.0,31854492.0
ISMN_SCAN_Princeton#1,True,,1096,746128.0,30430772.0,15411426.0,0.4859175980091095,14393489.0,37087776.0
ISMN_SCAN_ReeseCenter,True,,2192,1344668.0,31973764.0,19676426.0,0.3478253185749054,15642635.0,35524964.0
ISMN_SCAN_ReynoldsHomestead,True,,1826,593608.0,31801920.0,16030407.0,0.4478442966938019,14458672.0,36727480.0
ISMN_SCAN_RiverRoadFarms,True,,1461,908732.0,29880224.0,17049158.0,0.3861427903175354,18037392.0,37929464.0
ISMN_SCAN_RockSpringsPa,True,,3287,510468.0,31528924.0,13982327.0,0.5519718527793884,11700993.0,36263144.0
ISMN_SCAN_RogersFarm#1,True,,2192,649996.0,31144108.0,16000308.0,0.480236291885376,12115254.0,36851120.0
ISMN_SCAN_SanAngelo,True,,2557,1090536.0,31140016.0,18905072.0,0.3640274703502655,16715973.0,36871880.0
ISMN_SCAN_SandyRidge,True,,3653,725412.0,30392136.0,16580014.0,0.44554200768470764,16185033.0,38164432.0
ISMN_SCAN_Scott,True,,1826,1144654.0,30371080.0,16675978.0,0.4363175332546234,16395395.0,38201824.0
ISMN_SCAN_SellersLake#1,True,,2557,1016822.4375,30085752.0,16735759.0,0.342913419008255,19567680.0,37781220.0
ISMN_SCAN_Selma,True,,2922,831332.0,30160260.0,16548664.0,0.42315009236335754,17152258.0,37876808.0
ISMN_SCAN_Sevilleta,True,,1461,2732372.0,33269772.0,20937226.0,0.3312973976135254,14905500.0,32669212.0
ISMN_SCAN_ShagbarkHills,True,,1827,503408.0,31232060.0,15330884.0,0.5104235410690308,11077591.0,36655436.0
ISMN_SCAN_Shenandoah,True,,1096,558264.0,31154106.0,15168872.0,0.4918200373649597,13445943.0,35884676.0
ISMN_SCAN_Sidney,True,,2192,822234.0,31468620.0,15431205.0,0.5389648675918579,10846746.0,35016900.0
ISMN_SCAN_SilverCity,True,,2192,1084184.0,30350644.0,16445107.0,0.4487643837928772,16829896.0,37987144.0
ISMN_SCAN_SinkinForest,True,,1826,878676.0,31016164.0,16141597.0,0.4671356976032257,13330661.0,37909036.0
ISMN_SCAN_Spickard,True,,2557,714128.0,31109360.0,15897869.0,0.47561877965927124,12021389.0,38052216.0
ISMN_SCAN_SplitMountain,True,,3653,1833900.0,33336188.0,19476874.0,0.4088224172592163,12728287.0,32647910.0
ISMN_SCAN_StanleyFarm,True,,1461,749580.0,30590872.0,16285233.0,0.4347802400588989,15502692.0,37288764.0
ISMN_SCAN_Starkville,True,,1827,694604.0,30404256.0,16210917.0,0.44607773423194885,17133600.0,38109780.0
ISMN_SCAN_Stephenville,True,,1827,965484.0,30745920.0,17610500.0,0.4085371792316437,16342149.0,38007600.0
ISMN_SCAN_Stubblefield,True,,1461,2245004.0,32585904.0,20742498.0,0.38560178875923157,18575852.0,35533648.0
ISMN_SCAN_SudduthFarms,True,,3288,764372.0,30569576.0,16093398.0,0.4525097906589508,15808064.0,37786496.0
ISMN_SCAN_SunleafNursery,True,,1827,730376.0,31230240.0,14280939.0,0.5839917063713074,16209017.0,36160388.0
ISMN_SCAN_TableMountain,True,,3653,1664352.0,32463488.0,16502586.0,0.5064139366149902,11046588.0,32248364.0
ISMN_SCAN_TidewaterArec,True,,1461,689548.0,31031480.0,15378004.0,0.47692638635635376,14848127.0,37571152.0
ISMN_SCAN_TncFortBayou,True,,2192,1092908.0,29892732.0,16354110.0,0.39908280968666077,17920752.0,37761712.0
ISMN_SCAN_Torrington#1,True,,3653,1608684.0,32433336.0,17662022.0,0.43791547417640686,12527309.0,34085628.0
ISMN_SCAN_TroughSprings,True,,1096,2771276.0,32724608.0,20858462.0,0.36041370034217834,16019869.0,34238464.0
ISMN_SCAN_TuleValley,True,,2922,1977428.0,33216332.0,19905732.0,0.3953629732131958,13283310.0,33745376.0
ISMN_SCAN_Tunica,True,,1827,654180.0,30281744.0,16043726.0,0.4725067913532257,15779569.0,37921276.0
ISMN_SCAN_TwinPinesConservationArea,True,,1826,906108.0,30968252.0,16284281.0,0.460739403963089,13617737.0,37947884.0
ISMN_SCAN_UWPlatteville,True,,2922,549076.0,31310360.0,14691981.0,0.5407297015190125,11033369.0,37339112.0
ISMN_SCAN_Uapb-Earle,True,,3653,628048.0,30867860.0,16292942.0,0.46538546681404114,15746225.0,38401712.0
ISMN_SCAN_UapbCampus-PB,True,,1826,937976.0,30420936.0,16476241.0,0.4488047659397125,16305477.0,38176220.0
ISMN_SCAN_UapbDewitt,True,,2191,710160.0,30451148.0,16240825.0,0.4672234058380127,15893671.0,38376776.0
ISMN_SCAN_UapbPointRemove,True,,1826,775180.0,30876196.0,16381636.0,0.4572291672229767,14681855.0,37665264.0
ISMN_SCAN_Uvalde,True,,1827,1105620.0,29910936.0,17544786.0,0.40207695960998535,18982240.0,38043504.0
ISMN_SCAN_Vallecitos,True,,1461,1408816.0,32163076.0,20131582.0,0.40897610783576965,20039624.0,34913556.0
ISMN_SCAN_Vermillion,True,,3653,2454244.0,33681280.0,20547932.0,0.3582472801208496,13778971.0,33063280.0
ISMN_SCAN_Vernon,True,,2192,1228668.0,30830148.0,18283804.0,0.38583630323410034,16524867.0,37563152.0
ISMN_SCAN_Violett,True,,2192,1463992.0,32017932.0,15429151.0,0.5512244701385498,10933202.0,34242276.0
ISMN_SCAN_Wabeno#1,True,,2557,681596.0,31544044.0,13781970.0,0.578176736831665,10906207.0,36464960.0
ISMN_SCAN_Wakulla#1,True,,3287,1136124.0,29924870.0,17185186.0,0.3645237684249878,18334728.0,37904432.0
ISMN_SCAN_WalnutGulch#1,True,,3288,1826800.0,33199580.0,21363604.0,0.3084225058555603,16622292.0,34740940.0
ISMN_SCAN_Watkinsville#1,True,,1826,1007360.0,30979672.0,16295866.0,0.4330224096775055,15570674.0,37447608.0
ISMN_SCAN_WestSummit,True,,2922,2401416.0,33650872.0,20285490.0,0.37488600611686707,13847538.0,32928592.0
ISMN_SCAN_WillowWells,True,,3287,1393460.0,32502592.0,20420466.0,0.3315766751766205,15756840.0,35216140.0
ISMN_SCAN_Wtars,True,,1096,838200.0,30643968.0,15894134.0,0.46634241938591003,15314215.0,37460048.0
ISMN_SCAN_YoumansFarm,True,,2557,914484.0,30354928.0,16405540.0,0.40905633568763733,17352936.0,37746776.0
ISMN_SD_DEM_Demokeya,True,,1827,5324712.0,29277754.0,23255992.0,0.1257523149251938,23169140.0,37367984.0
ISMN_SMOSMANIA_Barnas,True,,1826,557280.0,30417712.0,14718945.0,0.562432050704956,18003312.0,34052104.0
ISMN_SMOSMANIA_Berzeme,True,,2556,569016.0,30247816.0,14885088.0,0.5560513138771057,15932586.0,34747740.0
ISMN_SMOSMANIA_CabrieresdAvignon,True,,2922,428452.0,30300172.0,15821062.0,0.5189661979675293,17968644.0,34916488.0
ISMN_SMOSMANIA_Condom,True,,2557,634220.0,30815824.0,13917095.0,0.5707070231437683,16730314.0,36763460.0
ISMN_SMOSMANIA_CreondArmagnac,True,,2922,525708.0,30779976.0,13764758.0,0.5693705081939697,16885788.0,36026432.0
ISMN_SMOSMANIA_LaGrandCombe,True,,2922,517264.0,30883680.0,15010643.0,0.5605795979499817,15118274.0,34981816.0
ISMN_SMOSMANIA_Lahas,True,,2922,577988.0,30986396.0,13859473.0,0.5625029802322388,16860932.0,36508036.0
ISMN_SMOSMANIA_LezignanCorbieres,True,,2922,742036.0,30468596.0,14980939.0,0.5360219478607178,16937688.0,36488788.0
ISMN_SMOSMANIA_Mazan-Abbaye,True,,2556,533620.0,30955656.0,14555831.0,0.5666460990905762,14612784.0,33628500.0
ISMN_SMOSMANIA_Mejannes-le-Clap,True,,2557,523212.0,30529492.0,15135471.0,0.5566250681877136,15833168.0,34990320.0
ISMN_SMOSMANIA_Montaut,True,,3288,507232.0,30560828.0,13790049.0,0.5644327402114868,17021626.0,36105392.0
ISMN_SMOSMANIA_Mouthoumet,True,,3288,961240.0,30525196.0,14866140.0,0.5193560719490051,17272930.0,36045744.0
ISMN_SMOSMANIA_Narbonne,True,,2922,755828.0,30483996.0,15270578.0,0.5282886624336243,17074538.0,36360504.0
ISMN_SMOSMANIA_PeyrusseGrande,True,,3288,386140.0,31180848.0,13814588.0,0.5593488812446594,16678624.0,36241352.0
ISMN_SMOSMANIA_Pezenas,True,,2922,726336.0,30233488.0,15667260.0,0.5247547030448914,16704514.0,35674760.0
ISMN_SMOSMANIA_Prades-le-Lez,True,,1096,726336.0,29982528.0,15677287.0,0.5298093557357788,16704514.0,35084632.0
ISMN_SMOSMANIA_Sabres,True,,2922,443980.0,30721420.0,13936936.0,0.5598105788230896,17133756.0,35968492.0
ISMN_SMOSMANIA_SaintFelixdeLauragais,True,,3288,547348.0,30773428.0,13873688.0,0.5742245316505432,16704280.0,36809944.0
ISMN_SMOSMANIA_Savenes,True,,1827,653720.0,30711724.0,14040820.0,0.5767940282821655,16777394.0,36519524.0
ISMN_SMOSMANIA_Urgons,True,,2557,435212.0,31035832.0,13627919.0,0.5622643232345581,16858924.0,35857348.0
ISMN_SMOSMANIA_Villevielle,True,,2922,753812.0,30455936.0,15650367.0,0.5310469269752502,16174068.0,35286968.0
ISMN_SNOTEL_AguaCanyon,True,,1827,3067720.0,33474982.0,20407290.0,0.35260963439941406,12654218.0,31218068.0
ISMN_SNOTEL_AmericanCreek,True,,2192,14756.0,29510388.0,9618673.0,0.8819721937179565,9371862.0,32462692.0
ISMN_SNOTEL_AnchorRiverDivide,True,,3653,173276.0,30456560.0,9450879.0,0.8036575317382812,13858880.0,32448476.0
ISMN_SNOTEL_Aniak,True,,2191,93816.0,29887368.0,8779866.0,0.8543853759765625,10510904.0,33332008.0
ISMN_SNOTEL_ArapahoRidge,True,,3287,2085312.0,33632140.0,19019902.0,0.41484150290489197,11684453.0,29667276.0
ISMN_SNOTEL_AtlantaSummit,True,,3288,1027308.0,33340160.0,17478524.0,0.5057057738304138,12951501.0,31471080.0
ISMN_SNOTEL_Atwater,True,,1461,1617456.0,33047876.0,19141222.0,0.43181219696998596,13310926.0,32192394.0
ISMN_SNOTEL_BakerButte,True,,3653,1343396.0,33586440.0,20561774.0,0.3468687832355499,15542860.0,33155640.0
ISMN_SNOTEL_BakerButteSmt,True,,2922,1364708.0,33613784.0,20535378.0,0.3475065231323242,15321937.0,32821684.0
ISMN_SNOTEL_Baldy,True,,1827,3292424.0,34126740.0,20527748.0,0.3302939236164093,13623301.0,31106780.0
ISMN_SNOTEL_BannerSummit,True,,3653,938392.0,33206428.0,17012194.0,0.5179627537727356,11935722.0,30484428.0
ISMN_SNOTEL_BarM,True,,3653,2194428.0,33687268.0,20536996.0,0.3469488322734833,15275875.0,32695728.0
ISMN_SNOTEL_BearCanyon,True,,1827,2780360.0,33302696.0,18434608.0,0.44240573048591614,11098853.0,30429928.0
ISMN_SNOTEL_BearCreek,True,,2557,2519564.0,32763652.0,18729946.0,0.42861974239349365,12852097.0,31896076.0
ISMN_SNOTEL_BearRiverRS,True,,3653,2232332.0,33629912.0,18715726.0,0.42575350403785706,12643829.0,30393734.0
ISMN_SNOTEL_BeaverDams,True,,3653,2117012.0,33361292.0,19678130.0,0.39115849137306213,13376488.0,31976208.0
ISMN_SNOTEL_BeaverDivide,True,,3653,1962056.0,33395856.0,19056606.0,0.423237681388855,13019234.0,30810542.0
ISMN_SNOTEL_BenLomondPeak,True,,1827,1684572.0,32900216.0,18458806.0,0.45845404267311096,13619577.0,32517184.0
ISMN_SNOTEL_BenLomondTrail,True,,1827,1684572.0,32900216.0,18458806.0,0.45845404267311096,13619577.0,32517184.0
ISMN_SNOTEL_BerryCreek,True,,3653,3376820.0,33629708.0,20001628.0,0.38309603929519653,12908386.0,31722782.0
ISMN_SNOTEL_BerthoudSummit,True,,2556,2814572.0,33968084.0,19338566.0,0.37771397829055786,11494093.0,28690196.0
ISMN_SNOTEL_BevansCabin,True,,2557,1449012.0,32995428.0,18787462.0,0.4372074604034424,13771529.0,33248166.0
ISMN_SNOTEL_BigBend,True,,3653,1993240.0,33157216.0,18748524.0,0.43655094504356384,12381361.0,31731728.0
ISMN_SNOTEL_BigCreekSum,True,,3653,2750004.0,33857340.0,20157398.0,0.390448659658432,13632424.0,32031004.0
ISMN_SNOTEL_BigFlat,True,,3653,1950100.0,33434872.0,19937426.0,0.3762645721435547,12918840.0,31497628.0
ISMN_SNOTEL_BigMeadow,True,,3653,936256.0,33277500.0,19601332.0,0.42120593786239624,14936376.0,31389708.0
ISMN_SNOTEL_BigSandyOpening,True,,2192,2591268.0,33537528.0,18459222.0,0.4330964684486389,12190357.0,30816032.0
ISMN_SNOTEL_BirdCreek,True,,1827,3853360.0,33140208.0,19926156.0,0.3851706385612488,12959836.0,31879094.0
ISMN_SNOTEL_BlackFlat-U.M.Ck,True,,3653,2963556.0,33482056.0,19853264.0,0.3707379102706909,12837486.0,31453548.0
ISMN_SNOTEL_BlackhallMtn,True,,3653,2417528.0,33372976.0,18798534.0,0.4267422556877136,11175669.0,30619136.0
ISMN_SNOTEL_BlacksForkJct,True,,3653,2311984.0,33781616.0,18572418.0,0.414230614900589,12149709.0,30267992.0
ISMN_SNOTEL_BlazedAlder,True,,1461,394224.0,32260756.0,14334180.0,0.6529719233512878,14613732.0,32512864.0
ISMN_SNOTEL_BlueLakes,True,,3653,847896.0,33596476.0,19727776.0,0.4296787977218628,14204384.0,30814268.0
ISMN_SNOTEL_BobsHollow,True,,3653,2103576.0,33123744.0,19908822.0,0.3928464353084564,13714528.0,32776956.0
ISMN_SNOTEL_BogusBasin,True,,3653,897328.0,32572476.0,17317054.0,0.5125691294670105,13902972.0,34241752.0
ISMN_SNOTEL_BostetterR.S.,True,,3653,1845272.0,32759012.0,18299950.0,0.451288640499115,12679367.0,33449560.0
ISMN_SNOTEL_Bourne,True,,1826,849236.0,32542060.0,16495052.0,0.533980667591095,13715066.0,32298768.0
ISMN_SNOTEL_BoxCreek,True,,1826,2106208.0,33445308.0,19904736.0,0.37407878041267395,13334337.0,31290048.0
ISMN_SNOTEL_BoxSprings,True,,1827,3790924.0,33376794.0,19938846.0,0.3715277314186096,12559788.0,31421924.0
ISMN_SNOTEL_BrianHead,True,,3653,1984716.0,33609284.0,20258750.0,0.3657931089401245,13212685.0,31657312.0
ISMN_SNOTEL_Brighton,True,,3653,1603432.0,33121644.0,19136064.0,0.4329151511192322,13306874.0,31859170.0
ISMN_SNOTEL_BristleconeTrail,True,,3653,2333532.0,33179536.0,20940160.0,0.3596112132072449,15622754.0,34169584.0
ISMN_SNOTEL_BrooklynLake,True,,2557,2979200.0,33270556.0,18745546.0,0.4167340397834778,11905517.0,30358476.0
ISMN_SNOTEL_BrownDuck,True,,1827,3010748.0,33733284.0,18978932.0,0.41137465834617615,13088103.0,30175320.0
ISMN_SNOTEL_BrownTop,True,,1826,371272.0,32441080.0,13431242.0,0.6479602456092834,10540678.0,32058352.0
ISMN_SNOTEL_BuckFlat,True,,3653,2064552.0,33367728.0,19613812.0,0.39325758814811707,13323362.0,31806440.0
ISMN_SNOTEL_BuckPasture,True,,3653,2286564.0,33803328.0,18608046.0,0.41993507742881775,12444559.0,30118396.0
ISMN_SNOTEL_BuckboardFlat,True,,3653,1987376.0,33630268.0,20461488.0,0.3759552836418152,14175012.0,32782388.0
ISMN_SNOTEL_Buckinghorse,True,,2192,482772.0,31456856.0,13046755.0,0.6647274494171143,16902008.0,33005998.0
ISMN_SNOTEL_BuckskinJoe,True,,2192,3017556.0,33935204.0,19703732.0,0.38026076555252075,11493124.0,28638356.0
ISMN_SNOTEL_BuckskinLower,True,,3653,1943464.0,32848596.0,18832320.0,0.4448499083518982,12671947.0,33335828.0
ISMN_SNOTEL_BugLake,True,,3653,1766056.0,33211064.0,18454556.0,0.45185646414756775,12046539.0,31012754.0
ISMN_SNOTEL_BurntMountain,True,,2192,330628.0,31760640.0,12862094.0,0.6807227730751038,15869542.0,33414200.0
ISMN_SNOTEL_BurroMountain,True,,2192,2041916.0,33633348.0,19165486.0,0.41700273752212524,12950582.0,29885706.0
ISMN_SNOTEL_BurtsMillerRanch,True,,2557,2263964.0,33525788.0,18833800.0,0.41903775930404663,12880254.0,30579210.0
ISMN_SNOTEL_Butte,True,,3287,1788060.0,34142568.0,19778142.0,0.3860637843608856,11567172.0,28913462.0
ISMN_SNOTEL_CampJackson,True,,2922,1987376.0,33630268.0,20518810.0,0.37488770484924316,14175012.0,32537956.0
ISMN_SNOTEL_CarsonPass,True,,2922,746268.0,33446348.0,19609074.0,0.43273553252220154,14546074.0,31022912.0
ISMN_SNOTEL_Cascade#2,True,,2192,1973760.0,33635312.0,19972912.0,0.37594175338745117,12262167.0,30161604.0
ISMN_SNOTEL_CascadeMountain,True,,2192,1712216.0,33185780.0,19054378.0,0.43120723962783813,13828079.0,31839168.0
ISMN_SNOTEL_CastleValley,True,,2922,1973256.0,33646972.0,20250074.0,0.36558830738067627,12991345.0,31241552.0
ISMN_SNOTEL_CaveMountain,True,,3653,2351932.0,33580712.0,20127776.0,0.37850192189216614,12846364.0,31637744.0
ISMN_SNOTEL_Chalender,True,,2922,2439952.0,33902808.0,20620326.0,0.3469589352607727,14436641.0,32012784.0
ISMN_SNOTEL_ChalkCreek#1,True,,3653,2197332.0,33359652.0,18851382.0,0.42950382828712463,12912669.0,30868758.0
ISMN_SNOTEL_ChalkCreek#2,True,,2922,2197332.0,33359652.0,18812246.0,0.4276900589466095,12912669.0,30868758.0
ISMN_SNOTEL_Chepeta,True,,3653,2074896.0,33539172.0,18621724.0,0.4041372239589691,12442189.0,30326904.0
ISMN_SNOTEL_Chisana,True,,2922,229976.0,32013344.0,11135344.0,0.7875913977622986,9309192.0,29988340.0
ISMN_SNOTEL_ChocolateGulch,True,,1827,2330496.0,33535896.0,17860250.0,0.47481435537338257,12283512.0,28468308.0
ISMN_SNOTEL_CinnabarPark,True,,1827,2370044.0,33263712.0,18676966.0,0.41909557580947876,11214651.0,30541976.0
ISMN_SNOTEL_ClackamasLake,True,,2192,506576.0,32495912.0,14878614.0,0.6251049041748047,14217214.0,33617600.0
ISMN_SNOTEL_ClaytonSprings,True,,2557,2671420.0,33821724.0,20246282.0,0.34999626874923706,12170214.0,31011424.0
ISMN_SNOTEL_ClearCreek#1,True,,3653,1904824.0,33334312.0,19310666.0,0.41040292382240295,12946466.0,31508922.0
ISMN_SNOTEL_ClearCreek#2,True,,3653,1904824.0,33334312.0,19310666.0,0.41040292382240295,12946466.0,31508922.0
ISMN_SNOTEL_Coldfoot,True,,3653,0.0,30744796.0,8962988.0,0.9665557742118835,9001996.0,31918848.0
ISMN_SNOTEL_CorralCanyon,True,,3287,2720320.0,33482360.0,19687278.0,0.41051292419433594,13138749.0,32291908.0
ISMN_SNOTEL_CouchSummit,True,,1826,950840.0,33041964.0,18008876.0,0.47874754667282104,12545706.0,31538252.0
ISMN_SNOTEL_CrabCreek,True,,3653,1636980.0,33025576.0,17136834.0,0.4961531460285187,10777971.0,31234024.0
ISMN_SNOTEL_CraterMeadows,True,,1096,796580.0,32093408.0,14916978.0,0.6110802888870239,13267841.0,30180902.0
ISMN_SNOTEL_CrowCreek,True,,3653,3165852.0,33320664.0,18546620.0,0.3947715163230896,11338359.0,31417540.0
ISMN_SNOTEL_CssLab,True,,3653,531384.0,33204632.0,19130502.0,0.453056275844574,15322140.0,31185768.0
ISMN_SNOTEL_Culebra#2,True,,2922,2443212.0,33787988.0,20077568.0,0.33357346057891846,12942702.0,31398036.0
ISMN_SNOTEL_CurrantCreek,True,,3653,1812736.0,33361240.0,19270708.0,0.41471806168556213,12842282.0,31043398.0
ISMN_SNOTEL_Daniels-Strawberry,True,,3653,1531000.0,33332144.0,19244518.0,0.4215826988220215,12922570.0,31381274.0
ISMN_SNOTEL_DillsCamp,True,,3653,2087172.0,33376044.0,19664644.0,0.3889315128326416,13280774.0,31767316.0
ISMN_SNOTEL_DisasterPeak,True,,3653,1530440.0,32724540.0,18735638.0,0.44658246636390686,13443655.0,33585752.0
ISMN_SNOTEL_DonkeyReservoir,True,,3653,3303680.0,33760588.0,20193852.0,0.35269269347190857,12576326.0,31288828.0
ISMN_SNOTEL_DorseyBasin,True,,3653,2397244.0,33068356.0,19273110.0,0.42729127407073975,12509443.0,32402836.0
ISMN_SNOTEL_DrawCreek,True,,3653,2566072.0,33232816.0,18826782.0,0.42862099409103394,12208777.0,31529488.0
ISMN_SNOTEL_DryBreadPond,True,,3653,1519256.0,33130416.0,18492178.0,0.4554874002933502,12583417.0,31380942.0
ISMN_SNOTEL_DryCreek,True,,2557,2397244.0,33068356.0,19218910.0,0.4271814227104187,12509443.0,32402836.0
ISMN_SNOTEL_DryFork,True,,3653,1383604.0,32979976.0,18720846.0,0.44578102231025696,13416758.0,33303214.0
ISMN_SNOTEL_DryLake,True,,3287,2362240.0,33483220.0,18932314.0,0.42262399196624756,11767143.0,30391120.0
ISMN_SNOTEL_EFBlacksForkGS,True,,3653,2309488.0,33880720.0,18553654.0,0.4174868166446686,12348987.0,30037028.0
ISMN_SNOTEL_EagleSummit,True,,2192,16812.0,30065848.0,9421258.0,0.9018247723579407,9214586.0,31366684.0
ISMN_SNOTEL_EastRimDivide,True,,3653,979684.0,33665772.0,17738724.0,0.4820046126842499,10611380.0,29553068.0
ISMN_SNOTEL_EastWillowCreek,True,,3653,3232676.0,33423428.0,19930452.0,0.3786236643791199,13724105.0,32636412.0
ISMN_SNOTEL_EbbettsPass,True,,2557,941908.0,33376888.0,19915280.0,0.42141035199165344,13887046.0,30572028.0
ISMN_SNOTEL_EchoPeak,True,,2922,817188.0,33288196.0,19693958.0,0.42811474204063416,14671268.0,31226704.0
ISMN_SNOTEL_ElkCabin,True,,1827,2935988.0,33464408.0,20580802.0,0.3378662168979645,13791705.0,31621582.0
ISMN_SNOTEL_ExitGlacier,True,,3653,243392.0,31347604.0,8919266.0,0.8540416359901428,11870124.0,30988148.0
ISMN_SNOTEL_FallenLeaf,True,,1826,787384.0,33077320.0,19645442.0,0.4319484531879425,15521496.0,31343036.0
ISMN_SNOTEL_Farmington,True,,3653,1281692.0,32832312.0,18590564.0,0.4584825336933136,13765270.0,33174726.0
ISMN_SNOTEL_FarmingtonLower,True,,3653,1281692.0,32832312.0,18590564.0,0.4584825336933136,13765270.0,33174726.0
ISMN_SNOTEL_FarnsworthLake,True,,3653,2460608.0,33441676.0,19834852.0,0.3755253255367279,12918902.0,31611264.0
ISMN_SNOTEL_FawnCreek,True,,3653,1855132.0,33055032.0,18583936.0,0.44647276401519775,12369485.0,32346532.0
ISMN_SNOTEL_FieldingLake,True,,2557,127212.0,31178048.0,9933844.0,0.8408833742141724,9672816.0,30673312.0
ISMN_SNOTEL_Fifteenmile,True,,1461,568092.0,32361636.0,14888467.0,0.6221932768821716,14342940.0,32646008.0
ISMN_SNOTEL_FishLakeUtah,True,,3653,2282168.0,33542996.0,19777492.0,0.37211015820503235,12435994.0,31219232.0
ISMN_SNOTEL_FivePointsLake,True,,2557,2286592.0,33870164.0,18661652.0,0.41289299726486206,12533645.0,30060626.0
ISMN_SNOTEL_ForestdaleCreek,True,,3653,847896.0,33596476.0,19727776.0,0.4296787977218628,14204384.0,30814268.0
ISMN_SNOTEL_FranklinBasin,True,,3653,1771196.0,33078264.0,18080126.0,0.46769559383392334,12487975.0,31521584.0
ISMN_SNOTEL_FredonyerPeak,True,,3653,1234998.0,32958260.0,18963272.0,0.4492987394332886,13867659.0,31757744.0
ISMN_SNOTEL_FremontPass,True,,3653,3017556.0,34434008.0,19710392.0,0.3784642815589905,11378158.0,28638356.0
ISMN_SNOTEL_FryCanyon,True,,3653,1645732.0,33063984.0,18912802.0,0.4388068914413452,12421989.0,31925944.0
ISMN_SNOTEL_GBRCHQ,True,,3653,2258768.0,33358252.0,19629118.0,0.3954834043979645,13432408.0,31732980.0
ISMN_SNOTEL_GBRCMeadows,True,,3653,2258768.0,33358252.0,19629118.0,0.3954834043979645,13432408.0,31732980.0
ISMN_SNOTEL_GalenaAK,True,,2922,14856.0,29967148.0,8657115.0,0.9234588146209717,9905633.0,33082822.0
ISMN_SNOTEL_GalenaSummit,True,,3653,997776.0,33580340.0,17627034.0,0.4909551441669464,11595177.0,30147604.0
ISMN_SNOTEL_GallegosPeak,True,,2556,2426840.0,33688460.0,20434818.0,0.3314564824104309,13615947.0,30858178.0
ISMN_SNOTEL_GardenCitySummit,True,,3653,1625552.0,33128968.0,18106396.0,0.4655614495277405,12381071.0,31281660.0
ISMN_SNOTEL_GardnerPeak,True,,3653,1634684.0,33301416.0,20432334.0,0.3703024387359619,14146693.0,32777376.0
ISMN_SNOTEL_GaritaPeak,True,,3287,2075272.0,34059120.0,20210828.0,0.34279927611351013,12953767.0,31708000.0
ISMN_SNOTEL_GeorgeCreek,True,,2557,2693332.0,32818144.0,18499372.0,0.43434223532676697,12812651.0,33051164.0
ISMN_SNOTEL_Giveout,True,,1096,1836112.0,33299100.0,17865198.0,0.47686707973480225,12427583.0,29756836.0
ISMN_SNOTEL_GobblersKnob,True,,2557,0.0,29994028.0,8972071.0,0.9560843706130981,9779455.0,32392916.0
ISMN_SNOTEL_Golconda,True,,3653,1744988.0,33218672.0,19180276.0,0.44264906644821167,12962849.0,34260496.0
ISMN_SNOTEL_GoldAxeCamp,True,,1826,714080.0,32131324.0,14656006.0,0.6055436730384827,11082839.0,33357936.0
ISMN_SNOTEL_GoldBasin,True,,1826,1940348.0,33409180.0,20149538.0,0.382511168718338,14180166.0,32614622.0
ISMN_SNOTEL_GooseberryRS,True,,3653,2256756.0,33402616.0,19855964.0,0.3785097301006317,13113864.0,31812112.0
ISMN_SNOTEL_GooseberryRSUp,True,,3653,2460608.0,33441676.0,19834852.0,0.3755253255367279,12918902.0,31611264.0
ISMN_SNOTEL_GrandTarghee,True,,3653,1171288.0,33336708.0,17224122.0,0.5112754106521606,11588786.0,31033584.0
ISMN_SNOTEL_GraniteCreek,True,,3653,950748.0,33534424.0,17434716.0,0.49855002760887146,10961644.0,29984514.0
ISMN_SNOTEL_GraniteCrk,True,,1827,65504.0,29301640.0,9426766.0,0.8554162979125977,10718549.0,31789976.0
ISMN_SNOTEL_GranitePeak,True,,3653,1927932.0,32903184.0,18889576.0,0.44382163882255554,12624253.0,33262624.0
ISMN_SNOTEL_GreenMountain,True,,3653,2900740.0,33355560.0,19641298.0,0.4136607348918915,12944037.0,32365928.0
ISMN_SNOTEL_GrizzlyPeak,True,,2192,2824984.0,33808756.0,19488298.0,0.378924161195755,11139590.0,28523808.0
ISMN_SNOTEL_GulkanaRiver,True,,2557,128656.0,29520656.0,9754010.0,0.8331524729728699,10551710.0,32102336.0
ISMN_SNOTEL_GutzPeak,True,,3287,1331272.0,33148652.0,20440600.0,0.37298890948295593,14384186.0,33286088.0
ISMN_SNOTEL_HagansMeadow,True,,3288,914920.0,33395256.0,19771494.0,0.42264288663864136,14422596.0,31155260.0
ISMN_SNOTEL_HappyJack,True,,2922,2078076.0,33721264.0,20599170.0,0.343530535697937,14956489.0,32889444.0
ISMN_SNOTEL_Hardscrabble,True,,3288,1307716.0,32874468.0,18639936.0,0.45487847924232483,13713276.0,32850046.0
ISMN_SNOTEL_HarrisFlat,True,,3287,1727216.0,33769020.0,20351590.0,0.3586384952068329,12829939.0,31178852.0
ISMN_SNOTEL_HawleyLake,True,,2922,1901464.0,34057964.0,20476460.0,0.3337370455265045,13980923.0,32086324.0
ISMN_SNOTEL_HaydenFork,True,,3653,2250644.0,33659952.0,18805646.0,0.4235055446624756,12847321.0,30419270.0
ISMN_SNOTEL_HeavenlyValley,True,,3653,880060.0,33296720.0,19700932.0,0.4239580035209656,14582768.0,31298860.0
ISMN_SNOTEL_Hewinta,True,,3653,2313168.0,33842024.0,18514690.0,0.41297629475593567,12071543.0,30203072.0
ISMN_SNOTEL_HickersonPark,True,,1827,2830076.0,33525408.0,18612350.0,0.4016716182231903,11819133.0,30091062.0
ISMN_SNOTEL_HighLonesome,True,,2922,2821280.0,33688504.0,19242560.0,0.38222748041152954,11332883.0,29017668.0
ISMN_SNOTEL_HighRidge,True,,1461,626476.0,32081144.0,15839669.0,0.5669126510620117,13988576.0,33206880.0
ISMN_SNOTEL_HiltsCreek,True,,1461,3212708.0,33427492.0,18110808.0,0.44669413566589355,12369877.0,28753118.0
ISMN_SNOTEL_HobbleCreek,True,,2557,1610640.0,33305620.0,19198838.0,0.42052650451660156,13623488.0,31667742.0
ISMN_SNOTEL_Hole-in-Mountain,True,,3653,2503452.0,33131316.0,19184390.0,0.4255150556564331,12371443.0,32346312.0
ISMN_SNOTEL_Hole-in-Rock,True,,2557,2230088.0,33877584.0,18552044.0,0.40408855676651,11873583.0,30255508.0
ISMN_SNOTEL_HollandMeadows,True,,1461,449836.0,32108668.0,15289875.0,0.6107622385025024,15972736.0,33473524.0
ISMN_SNOTEL_HoosierPass,True,,2922,3403896.0,34366636.0,19741316.0,0.37337926030158997,11465688.0,28676500.0
ISMN_SNOTEL_Hopewell,True,,3653,2064028.0,33946760.0,20431366.0,0.35632264614105225,13095796.0,30003754.0
ISMN_SNOTEL_HorseMeadow,True,,3653,1019860.0,33489268.0,19866714.0,0.4173870086669922,14215580.0,31122204.0
ISMN_SNOTEL_HorseRidge,True,,3653,1810504.0,33161128.0,18645946.0,0.4477566182613373,12600727.0,31402430.0
ISMN_SNOTEL_HuntingtonHorse,True,,3653,1927172.0,33327248.0,19434124.0,0.40420642495155334,13125822.0,31728646.0
ISMN_SNOTEL_ImnaviatCreek,True,,2922,0.0,31184308.0,8411395.0,0.9642132520675659,9383008.0,32214912.0
ISMN_SNOTEL_IndependenceCamp,True,,3653,658312.0,33272952.0,19235978.0,0.4451082646846771,14927634.0,30918696.0
ISMN_SNOTEL_IndependenceCreek,True,,3653,658312.0,33272952.0,19235978.0,0.4451082646846771,14927634.0,30918696.0
ISMN_SNOTEL_IndependenceLake,True,,3653,579108.0,33252424.0,19129516.0,0.4525492489337921,15113250.0,30928996.0
ISMN_SNOTEL_IslandPark,True,,3288,1494196.0,33102508.0,16769009.0,0.5212690830230713,10757689.0,30320296.0
ISMN_SNOTEL_JackCreekUpper,True,,3653,1652116.0,33043116.0,18903184.0,0.43925121426582336,12409805.0,32097556.0
ISMN_SNOTEL_JackWadeJct,True,,2556,27364.0,30118464.0,9806068.0,0.8484808802604675,9304800.0,32071260.0
ISMN_SNOTEL_JacksPeak,True,,2922,2346408.0,33043116.0,18834372.0,0.43755972385406494,12409805.0,32097556.0
ISMN_SNOTEL_JacksonPeak,True,,2557,959224.0,32967920.0,17154412.0,0.5156139731407166,12841221.0,31231704.0
ISMN_SNOTEL_JackwhackerGulch,True,,2192,3005852.0,33798148.0,19527108.0,0.3767644464969635,11250274.0,28591716.0
ISMN_SNOTEL_JonesCorral,True,,3653,2131468.0,33743500.0,20100150.0,0.3583717346191406,12170920.0,31011928.0
ISMN_SNOTEL_JonesPass,True,,2557,2536816.0,34124524.0,19460194.0,0.3811147212982178,11454809.0,28462996.0
ISMN_SNOTEL_Kalamazoo,True,,3653,3866672.0,33649520.0,19884780.0,0.38753435015678406,13029084.0,31913934.0
ISMN_SNOTEL_KelleyR.S.,True,,2557,2161560.0,33125336.0,18260710.0,0.4516288936138153,12282884.0,30418580.0
ISMN_SNOTEL_KellyStation,True,,2922,0.0,30466708.0,8615594.0,0.9986915588378906,9507326.0,32922400.0
ISMN_SNOTEL_KenaiMoosePens,True,,3653,140756.0,30165216.0,9218881.0,0.8288716673851013,13227948.0,32650324.0
ISMN_SNOTEL_KilfoilCreek,True,,3653,1872564.0,33138980.0,18721572.0,0.4455377459526062,12835681.0,31611334.0
ISMN_SNOTEL_KimberlyMine,True,,2922,1934760.0,33359944.0,19984682.0,0.3789578676223755,13583807.0,31690600.0
ISMN_SNOTEL_KingsCabin,True,,2922,1984752.0,33155096.0,18833650.0,0.4041358232498169,12258609.0,30898528.0
ISMN_SNOTEL_KlondikeNarrows,True,,3653,1451816.0,33104064.0,18038756.0,0.4716646671295166,12359319.0,31296716.0
ISMN_SNOTEL_Kolob,True,,3653,1844172.0,33525260.0,20355846.0,0.3678315281867981,13738254.0,32116836.0
ISMN_SNOTEL_Lakefork#1,True,,3653,2261456.0,33694552.0,18971410.0,0.4066567122936249,13068773.0,30543694.0
ISMN_SNOTEL_LakeforkBasin,True,,2192,2300792.0,33476584.0,18775594.0,0.41585084795951843,12800514.0,30102710.0
ISMN_SNOTEL_LamanceCreek,True,,3653,1871004.0,32959124.0,18888638.0,0.4473722279071808,12659065.0,33371448.0
ISMN_SNOTEL_Lamoille#3,True,,3653,2695748.0,33123288.0,19547428.0,0.41665247082710266,12625077.0,32584572.0
ISMN_SNOTEL_LamoilleUpper,True,,1461,3221364.0,33100488.0,19745614.0,0.4113631546497345,13672464.0,32104008.0
ISMN_SNOTEL_LapreleCreek,True,,3653,2501204.0,33081068.0,18310874.0,0.4272332191467285,12042087.0,31703592.0
ISMN_SNOTEL_LarsenCreek,True,,2922,2637608.0,33346256.0,18523422.0,0.426191121339798,12407590.0,30864296.0
ISMN_SNOTEL_LasalMountain,True,,2192,2369324.0,33204828.0,20077378.0,0.388700395822525,14549856.0,32979488.0
ISMN_SNOTEL_LasalMountain-Lower,True,,3653,1940348.0,33409180.0,20106846.0,0.38565242290496826,14180166.0,32979488.0
ISMN_SNOTEL_LaurelDraw,True,,3653,1886476.0,33068736.0,18687686.0,0.4447343051433563,12412877.0,32081948.0
ISMN_SNOTEL_LeavittLake,True,,3653,1630104.0,33764060.0,20244784.0,0.40567654371261597,13469012.0,30274976.0
ISMN_SNOTEL_LeavittMeadows,True,,2192,1963008.0,33548514.0,20368482.0,0.39649155735969543,13289668.0,29261218.0
ISMN_SNOTEL_LeeCanyon,True,,3653,2333532.0,33179536.0,20940160.0,0.3596112132072449,15622754.0,34169584.0
ISMN_SNOTEL_LewisLakeDivide,True,,2192,1015016.0,33509708.0,16928596.0,0.5191510319709778,11952861.0,29977684.0
ISMN_SNOTEL_LewisPeak,True,,3653,2371704.0,33410692.0,19489010.0,0.4275035262107849,14287193.0,33625224.0
ISMN_SNOTEL_LightningRidge,True,,2192,1810504.0,32870772.0,18762538.0,0.4454752206802368,13297954.0,31402430.0
ISMN_SNOTEL_LilyLake,True,,3653,2257928.0,33724480.0,18659436.0,0.422945111989975,12539001.0,30225178.0
ISMN_SNOTEL_LilyPond,True,,3287,2246724.0,34170456.0,20331768.0,0.35232415795326233,11936272.0,29791804.0
ISMN_SNOTEL_LittleBear,True,,3653,1492500.0,32995652.0,18483522.0,0.455722838640213,13192367.0,32339850.0
ISMN_SNOTEL_LittleChenaRidge,True,,1461,29356.0,30767808.0,9331208.0,0.881402850151062,10505736.0,32236452.0
ISMN_SNOTEL_LittleGrassy,True,,3653,1370936.0,33175308.0,20439482.0,0.37209442257881165,14346057.0,33110330.0
ISMN_SNOTEL_LittleSnakeRiver,True,,2192,2100204.0,33363360.0,18707874.0,0.4372970163822174,11332559.0,30854072.0
ISMN_SNOTEL_LittleValley,True,,3653,915128.0,33322104.0,19704314.0,0.41619640588760376,14751418.0,31466700.0
ISMN_SNOTEL_LizardHeadPass,True,,3653,1358908.0,34100756.0,19985440.0,0.37514224648475647,12130336.0,30160544.0
ISMN_SNOTEL_LobdellLake,True,,3653,2578588.0,33676860.0,20472088.0,0.3820574879646301,13705794.0,30993212.0
ISMN_SNOTEL_LoneCone,True,,2557,2127416.0,33504924.0,19965468.0,0.3743438720703125,12879584.0,30711950.0
ISMN_SNOTEL_LonesomeBeaver,True,,3653,2406200.0,33378652.0,20442196.0,0.37216562032699585,14891668.0,33736652.0
ISMN_SNOTEL_LongDrawResv,True,,1827,2474688.0,33690796.0,18984674.0,0.40047669410705566,11155333.0,29234528.0
ISMN_SNOTEL_LongFlat,True,,1827,2026704.0,33132864.0,20380248.0,0.37338384985923767,14113829.0,32722588.0
ISMN_SNOTEL_LongValley,True,,1096,1388996.0,32740732.0,16535986.0,0.5482593178749084,13478463.0,29564428.0
ISMN_SNOTEL_LongValleyJct,True,,3653,1727216.0,33769020.0,20321556.0,0.3588300049304962,12829939.0,31178852.0
ISMN_SNOTEL_Lookout,True,,3653,480728.0,32057152.0,14604984.0,0.6113123893737793,10737601.0,32851296.0
ISMN_SNOTEL_LookoutPeak,True,,2192,1472704.0,32874468.0,18630076.0,0.4570944309234619,13943355.0,32267388.0
ISMN_SNOTEL_LostCreekResv,True,,3653,2135488.0,33188892.0,18819412.0,0.4376298487186432,12604599.0,31505626.0
ISMN_SNOTEL_LostDog,True,,1461,2582216.0,33403316.0,18836174.0,0.42711886763572693,12322147.0,29707172.0
ISMN_SNOTEL_LouisMeadow,True,,3288,1307716.0,32874468.0,18639936.0,0.45487847924232483,13713276.0,32850046.0
ISMN_SNOTEL_MagicMountain,True,,1827,2601804.0,32776936.0,18175644.0,0.4550350606441498,12659317.0,32513708.0
ISMN_SNOTEL_Mammoth-Cottonwood,True,,2192,1927172.0,33327248.0,19426954.0,0.4051213264465332,13313854.0,31592612.0
ISMN_SNOTEL_MarletteLake,True,,3653,892360.0,33316364.0,19691712.0,0.41795727610588074,14707716.0,31498300.0
ISMN_SNOTEL_MayCreek,True,,2557,214076.0,30953620.0,9947029.0,0.8385798931121826,10234058.0,31488184.0
ISMN_SNOTEL_McGrath,True,,2557,37516.0,29557780.0,8659360.0,0.8877821564674377,9784634.0,33393336.0
ISMN_SNOTEL_McneilRiverSGS,True,,1461,258248.0,30052768.0,9734719.0,0.8076429963111877,13968426.0,32419328.0
ISMN_SNOTEL_MedBow,True,,3653,2376512.0,33304636.0,18698082.0,0.4211711585521698,11289753.0,30743680.0
ISMN_SNOTEL_MerchantValley,True,,2922,1876832.0,33391464.0,19986450.0,0.37887194752693176,13537787.0,31606944.0
ISMN_SNOTEL_MicaCreek,True,,2557,435696.0,31918340.0,14802412.0,0.6105125546455383,11567931.0,33498856.0
ISMN_SNOTEL_MichiganCreek,True,,2191,3056720.0,34330852.0,19604540.0,0.3756731152534485,11868764.0,28450048.0
ISMN_SNOTEL_MiddleForkCamp,True,,2192,2374220.0,33759408.0,19447980.0,0.3875487446784973,11243030.0,28569088.0
ISMN_SNOTEL_MidwayValley,True,,3653,1926972.0,33632240.0,20292784.0,0.36477726697921753,13270967.0,31630432.0
ISMN_SNOTEL_Mill-DNorth,True,,2557,1498252.0,33019112.0,18970356.0,0.438357949256897,13547137.0,32296202.0
ISMN_SNOTEL_MiningFork,True,,3653,1730816.0,32979256.0,19059704.0,0.42500627040863037,13253302.0,34040536.0
ISMN_SNOTEL_MonitorPass,True,,3653,1478320.0,33697484.0,20075508.0,0.4044950008392334,13961314.0,31083940.0
ISMN_SNOTEL_MonteCristo,True,,3653,1765104.0,33175732.0,18577278.0,0.44935059547424316,12395277.0,31230266.0
ISMN_SNOTEL_MonumentCreek,True,,1461,39816.0,30937908.0,9296043.0,0.8745663166046143,10368698.0,31878708.0
ISMN_SNOTEL_MooreCreekBridge,True,,1826,377828.0,30794196.0,10221715.0,0.7778224945068359,9444306.0,30733106.0
ISMN_SNOTEL_MormonMountain,True,,2557,3154864.0,33417528.0,20525738.0,0.34351879358291626,14967387.0,32309108.0
ISMN_SNOTEL_MormonMtnSummit,True,,3653,2723112.0,33739196.0,20574754.0,0.34321606159210205,14967387.0,32309108.0
ISMN_SNOTEL_MosbyMtn.,True,,3287,1999100.0,33185484.0,18891260.0,0.3996407687664032,12728111.0,30898526.0
ISMN_SNOTEL_MoscowMountain,True,,3653,584392.0,32038196.0,15300529.0,0.6001107692718506,12718553.0,34593408.0
ISMN_SNOTEL_MosesMtn,True,,1826,812608.0,32100276.0,15282822.0,0.5999252200126648,11820737.0,34497808.0
ISMN_SNOTEL_MosquitoRidge,True,,3288,512372.0,31783368.0,14194472.0,0.6484995484352112,11953235.0,33357240.0
ISMN_SNOTEL_Mt.Ryan,True,,1461,39440.0,30951796.0,9384575.0,0.8728988170623779,10193154.0,31803900.0
ISMN_SNOTEL_MtBaldy,True,,2922,2617092.0,33361292.0,19655560.0,0.3899659812450409,13376488.0,31976208.0
ISMN_SNOTEL_MtPennell,True,,3653,2565688.0,33358264.0,20469724.0,0.37201225757598877,14993076.0,33832820.0
ISMN_SNOTEL_MtRoseSkiArea,True,,3653,957940.0,33299508.0,19701866.0,0.41544511914253235,14895732.0,31527756.0
ISMN_SNOTEL_MudFlat,True,,1096,2315952.0,32804820.0,17941314.0,0.4726019501686096,13355595.0,31841452.0
ISMN_SNOTEL_MyrtleCreek,True,,3287,444108.0,31970544.0,14243498.0,0.6265297532081604,10252331.0,32969892.0
ISMN_SNOTEL_NavajoWhiskeyCk,True,,3653,3789020.0,34031032.0,20618494.0,0.3445189297199249,13718364.0,31692232.0
ISMN_SNOTEL_NukaGlacier,True,,3653,247264.0,31146684.0,9904249.0,0.7979607582092285,12376524.0,31860336.0
ISMN_SNOTEL_ONeilCreek,True,,2922,2659332.0,32842180.0,18681700.0,0.42703956365585327,12558355.0,32123776.0
ISMN_SNOTEL_OakCreek,True,,3653,1670096.0,33073048.0,19793326.0,0.4024601876735687,13600278.0,33224742.0
ISMN_SNOTEL_PalisadesTahoe,True,,3653,556336.0,33199940.0,19283328.0,0.4463469684123993,15240352.0,31266588.0
ISMN_SNOTEL_Palo,True,,2922,2253832.0,33716432.0,20247584.0,0.32853972911834717,13489919.0,30453228.0
ISMN_SNOTEL_PanguitchLakeRS,True,,3653,1900900.0,33651572.0,20089264.0,0.3663231134414673,12752693.0,31256748.0
ISMN_SNOTEL_ParkCone,True,,1826,2678428.0,34213756.0,19841212.0,0.37254348397254944,11430048.0,28480288.0
ISMN_SNOTEL_ParkReservoir,True,,2192,2287468.0,33450728.0,19304090.0,0.402709424495697,13821390.0,30971824.0
ISMN_SNOTEL_ParleysSummit,True,,3653,1365336.0,32976684.0,18852258.0,0.4461238980293274,13593752.0,32397450.0
ISMN_SNOTEL_ParleysUpper,True,,2557,1365336.0,32976684.0,18882208.0,0.4454304277896881,13593752.0,32397450.0
ISMN_SNOTEL_ParrishCreek,True,,3653,1281692.0,32832312.0,18590564.0,0.4584825336933136,13765270.0,33174726.0
ISMN_SNOTEL_PaysonR.S.,True,,3653,1925504.0,33224752.0,19210812.0,0.4221895933151245,13124788.0,32433670.0
ISMN_SNOTEL_PebbleCreek,True,,1826,1994296.0,32989304.0,17894360.0,0.47655630111694336,12372597.0,32226520.0
ISMN_SNOTEL_PhantomValley,True,,2922,2283120.0,34005692.0,19093106.0,0.3996483087539673,11298389.0,29151156.0
ISMN_SNOTEL_PickleKeg,True,,2557,2772312.0,33374660.0,19716738.0,0.38622328639030457,13306300.0,31914132.0
ISMN_SNOTEL_PierceR.S.,True,,3653,390828.0,32008564.0,14914869.0,0.6115908622741699,13383737.0,33695596.0
ISMN_SNOTEL_PineCreek,True,,3653,2002240.0,33148272.0,19955622.0,0.39366230368614197,13697588.0,32986384.0
ISMN_SNOTEL_PocketCreek,True,,2556,2834632.0,33753908.0,18341892.0,0.43585336208343506,12084979.0,30557264.0
ISMN_SNOTEL_PoisonFlat,True,,2557,1598924.0,33407258.0,20186468.0,0.4004755914211273,13635042.0,30690664.0
ISMN_SNOTEL_PoleCanyon,True,,3653,2417888.0,33084908.0,19255972.0,0.42724308371543884,12519889.0,32182236.0
ISMN_SNOTEL_PoleCreekR.S.,True,,1461,2137696.0,33175896.0,18400950.0,0.43821725249290466,12341043.0,31309956.0
ISMN_SNOTEL_PorphyryCreek,True,,2557,3709560.0,33754824.0,20037234.0,0.35632866621017456,12266354.0,29493214.0
ISMN_SNOTEL_PorterCanyon,True,,3653,2790420.0,33572852.0,19953414.0,0.40126872062683105,14530593.0,32893684.0
ISMN_SNOTEL_PowderMountain,True,,1461,1558172.0,32694824.0,18584464.0,0.45113906264305115,13579208.0,32159586.0
ISMN_SNOTEL_QuartzMountain,True,,1461,749696.0,32802558.0,17901330.0,0.4877864420413971,13920971.0,31952600.0
ISMN_SNOTEL_QuartzPeak,True,,2557,415332.0,31774932.0,14816403.0,0.6222152709960938,12173299.0,34182672.0
ISMN_SNOTEL_Quemazon,True,,2922,1732784.0,33962528.0,20345898.0,0.340698778629303,13939152.0,31717044.0
ISMN_SNOTEL_RaggedMountain,True,,3653,415332.0,31774932.0,14768745.0,0.6259797215461731,12173299.0,34182672.0
ISMN_SNOTEL_RainbowCanyon,True,,3653,2304252.0,33190296.0,20969870.0,0.3589361906051636,15644852.0,34120696.0
ISMN_SNOTEL_RainyPass,True,,1826,528912.0,32668264.0,14341144.0,0.6207413673400879,11446794.0,31761032.0
ISMN_SNOTEL_ReddenMineLwr,True,,3653,1761888.0,33225468.0,19126304.0,0.427507609128952,13147996.0,31132698.0
ISMN_SNOTEL_ReesFlat,True,,3653,1992936.0,33237556.0,19596694.0,0.4017784893512726,13449232.0,32403714.0
ISMN_SNOTEL_ReynoldsCreek,True,,1461,1812216.0,32701412.0,17345488.0,0.5023496747016907,14081699.0,32395612.0
ISMN_SNOTEL_RioSantaBarbara,True,,3287,2595748.0,33693352.0,20470350.0,0.3345564007759094,13582663.0,30995702.0
ISMN_SNOTEL_RockCreek,True,,3653,2294724.0,33743168.0,19009124.0,0.4115717113018036,13002594.0,30513466.0
ISMN_SNOTEL_RockSprings,True,,1461,911768.0,32686172.0,17148450.0,0.5066160559654236,13677815.0,31506576.0
ISMN_SNOTEL_RockwoodGS,True,,1461,2003612.0,33151720.0,19958536.0,0.38684648275375366,13637200.0,31815088.0
ISMN_SNOTEL_RockyBasin-Settleme,True,,2557,1449012.0,32995428.0,18787462.0,0.4372074604034424,13771529.0,33248166.0
ISMN_SNOTEL_RoughAndTumble,True,,2192,4507344.0,33707404.0,20047764.0,0.3637959957122803,11857914.0,28908814.0
ISMN_SNOTEL_Rubicon#2,True,,3653,704648.0,33184452.0,19463120.0,0.4394915699958801,14997848.0,31340224.0
ISMN_SNOTEL_SageCreekBasin,True,,1827,3264460.0,33395968.0,19147622.0,0.4166337847709656,11376291.0,31622532.0
ISMN_SNOTEL_SaltRiverSummit,True,,3653,1578956.0,33409064.0,17869050.0,0.47269535064697266,11922460.0,30439608.0
ISMN_SNOTEL_SandstoneRS,True,,3287,2139768.0,33272580.0,18855800.0,0.43429118394851685,11428927.0,31253428.0
ISMN_SNOTEL_SantaFe,True,,3653,2816024.0,33752292.0,20493922.0,0.33497369289398193,13797339.0,31368678.0
ISMN_SNOTEL_SantaquinMeadows,True,,3288,1932456.0,33191356.0,19202304.0,0.42006048560142517,13100804.0,32684270.0
ISMN_SNOTEL_SavagePass,True,,2922,1041512.0,32466748.0,15417284.0,0.5669295191764832,12309808.0,31835552.0
ISMN_SNOTEL_Sawtooth,True,,1826,3298276.0,33057928.0,19097564.0,0.3794667422771454,12451553.0,29649344.0
ISMN_SNOTEL_SchofieldPass,True,,3653,1536236.0,34084116.0,19627642.0,0.3964537978172302,11866358.0,28995700.0
ISMN_SNOTEL_SeeleyCreek,True,,3653,2258768.0,33358252.0,19629118.0,0.3954834043979645,13432408.0,31732980.0
ISMN_SNOTEL_SenoritaDivide#2,True,,1826,2245196.0,34079932.0,20353098.0,0.33753737807273865,12997382.0,31829556.0
ISMN_SNOTEL_SeventysixCreek,True,,2922,2129960.0,33200384.0,18694878.0,0.43023478984832764,12301803.0,31625364.0
ISMN_SNOTEL_ShanghiSummit,True,,2557,384692.0,32029624.0,14940049.0,0.6071030497550964,13240359.0,33598124.0
ISMN_SNOTEL_Sharkstooth,True,,1827,2045320.0,33485776.0,20088662.0,0.3791169226169586,12719087.0,30847024.0
ISMN_SNOTEL_SheepMtn.,True,,3653,1435760.0,33039220.0,17547514.0,0.4911932349205017,12060374.0,31930976.0
ISMN_SNOTEL_Sheldon,True,,2922,2367076.0,33128016.0,18535286.0,0.46106114983558655,13308293.0,32301572.0
ISMN_SNOTEL_Sherwin,True,,2192,487096.0,31916768.0,14955124.0,0.6102020740509033,12272343.0,33897676.0
ISMN_SNOTEL_Shuree,True,,2557,4193208.0,33762656.0,20171586.0,0.3295578062534332,13341986.0,30751328.0
ISMN_SNOTEL_Silvies,True,,1461,1274844.0,32615028.0,18134980.0,0.47128498554229736,13789127.0,32736502.0
ISMN_SNOTEL_Slumgullion,True,,3287,2664412.0,34161732.0,19923832.0,0.3651692569255829,11692208.0,29797210.0
ISMN_SNOTEL_SmithMorehouse,True,,2557,2069380.0,33384260.0,18932744.0,0.4259990155696869,13102339.0,30866226.0
ISMN_SNOTEL_SnakeRiverStation,True,,3653,989028.0,33515680.0,16961106.0,0.514933168888092,10885299.0,30149012.0
ISMN_SNOTEL_Snowbird,True,,2557,1617456.0,33097968.0,19135222.0,0.43235963582992554,13310926.0,32192394.0
ISMN_SNOTEL_SomsenRanch,True,,3653,1085244.0,33151592.0,17570982.0,0.49157634377479553,11889466.0,31126140.0
ISMN_SNOTEL_SonoraPass,True,,2922,1963008.0,33815716.0,20349854.0,0.394533634185791,13289668.0,30244496.0
ISMN_SNOTEL_SourdoughGulch,True,,3653,649156.0,31991724.0,15723330.0,0.5744518041610718,13663751.0,34360500.0
ISMN_SNOTEL_SouthBrushCreek,True,,3287,2514984.0,33355416.0,18762490.0,0.4227050542831421,11269315.0,30912740.0
ISMN_SNOTEL_SouthMtn.,True,,3653,1942632.0,32847328.0,18040240.0,0.4637449383735657,13304849.0,33454032.0
ISMN_SNOTEL_SpiritLk,True,,3288,2106432.0,33766584.0,18507816.0,0.40641236305236816,12105937.0,30142688.0
ISMN_SNOTEL_SprattCreek,True,,2192,1272576.0,33394004.0,19865010.0,0.42234325408935547,13947166.0,29777780.0
ISMN_SNOTEL_SpringCreek,True,,2557,254324.0,29190864.0,9122432.0,0.8299856185913086,11419756.0,32341646.0
ISMN_SNOTEL_StateLine,True,,1826,554028.0,32691404.0,18303264.0,0.4767449200153351,13893995.0,32222948.0
ISMN_SNOTEL_SteelCreekPark,True,,3653,2311984.0,33781616.0,18572418.0,0.414230614900589,12149709.0,30267992.0
ISMN_SNOTEL_StickneyMill,True,,3653,1644456.0,33563392.0,18163212.0,0.4565529227256775,10908105.0,30103268.0
ISMN_SNOTEL_StillwaterCreek,True,,2192,2261016.0,33801344.0,19174530.0,0.39794522523880005,11245201.0,29066764.0
ISMN_SNOTEL_StrawberryDivide,True,,3653,1595976.0,33323952.0,19237546.0,0.4196832776069641,12913238.0,31436114.0
ISMN_SNOTEL_SummitCreek,True,,2192,282224.0,30595376.0,9128979.0,0.8311090469360352,11816822.0,32173526.0
ISMN_SNOTEL_SummitLk,True,,2922,1347488.0,33154432.0,18994868.0,0.4415818452835083,13533531.0,33266696.0
ISMN_SNOTEL_SummitMeadow,True,,3653,1952284.0,33815716.0,20341298.0,0.3972030580043793,13289668.0,30244496.0
ISMN_SNOTEL_SummitRanch,True,,2192,2255276.0,33737364.0,19449792.0,0.3906375765800476,11353532.0,28698604.0
ISMN_SNOTEL_SunflowerFlat,True,,3653,3160968.0,33611336.0,20246726.0,0.35600948333740234,13109002.0,31685096.0
ISMN_SNOTEL_Sunset,True,,2192,637048.0,31929552.0,14431353.0,0.627184271812439,13377439.0,32709908.0
ISMN_SNOTEL_SusitnaValleyHigh,True,,3288,114524.0,30158612.0,9054274.0,0.8417823910713196,11451450.0,33089268.0
ISMN_SNOTEL_SuuRanch,True,,3653,1885200.0,33588328.0,20336508.0,0.3659326732158661,13529486.0,31860852.0
ISMN_SNOTEL_SwedePeak,True,,2557,1519592.0,33239056.0,18224862.0,0.45266595482826233,11490009.0,30579340.0
ISMN_SNOTEL_TahoeCityCross,True,,3653,659888.0,33261836.0,19398958.0,0.4392722547054291,14975964.0,31151364.0
ISMN_SNOTEL_TakkaWiiya,True,,3288,2831236.0,33403268.0,19668306.0,0.38893646001815796,13328632.0,32500456.0
ISMN_SNOTEL_TaosPowderhorn,True,,3653,2233192.0,33779488.0,20320462.0,0.33041641116142273,13506829.0,30555332.0
ISMN_SNOTEL_TaosPueblo,True,,1826,4583700.0,33746800.0,20196934.0,0.33038628101348877,13496788.0,30539692.0
ISMN_SNOTEL_TaylorCanyon,True,,1826,2900084.0,33033464.0,19163076.0,0.4240480363368988,13300505.0,32660528.0
ISMN_SNOTEL_TelaquanaLake,True,,3653,157400.0,31007948.0,9373708.0,0.8098551630973816,9683798.0,32134516.0
ISMN_SNOTEL_TempleFork,True,,2922,1545256.0,32995376.0,18321182.0,0.45800331234931946,12924370.0,31173180.0
ISMN_SNOTEL_ThaynesCanyon,True,,1827,1675636.0,33034768.0,19001570.0,0.43785133957862854,13454577.0,31484052.0
ISMN_SNOTEL_ThistleFlat,True,,3653,2113960.0,33324520.0,19626686.0,0.39487579464912415,13453594.0,31940352.0
ISMN_SNOTEL_ThumbDivide,True,,3653,1093416.0,33510244.0,16990470.0,0.5067830085754395,10498943.0,29786668.0
ISMN_SNOTEL_Timberline,True,,3653,1977176.0,33389316.0,19734690.0,0.3794580399990082,13299210.0,31876308.0
ISMN_SNOTEL_TimpanogosDivide,True,,3653,1677876.0,33123516.0,19089886.0,0.4321724772453308,13246540.0,32196374.0
ISMN_SNOTEL_Tipton,True,,1461,893720.0,32528264.0,16501820.0,0.5296940207481384,13828684.0,31505216.0
ISMN_SNOTEL_ToeJam,True,,3288,2416260.0,33026896.0,19029314.0,0.43449732661247253,12390175.0,32658496.0
ISMN_SNOTEL_Tok,True,,1826,75816.0,29716372.0,9892402.0,0.8460954427719116,9689532.0,31877492.0
ISMN_SNOTEL_TokositnaValley,True,,3287,105068.0,30879448.0,9844370.0,0.8450018763542175,10411245.0,31467644.0
ISMN_SNOTEL_TonyGroveLake,True,,3653,1695304.0,33121864.0,18214874.0,0.46266475319862366,12335683.0,31418192.0
ISMN_SNOTEL_TonyGroveRS,True,,1827,1568064.0,33134232.0,18116662.0,0.4673440456390381,12266315.0,30664424.0
ISMN_SNOTEL_Touchet,True,,1827,1125072.0,32020544.0,15781757.0,0.5785986185073853,14314557.0,32937228.0
ISMN_SNOTEL_TresRitos,True,,3653,2426840.0,33688460.0,20430014.0,0.3317559063434601,13615947.0,30858178.0
ISMN_SNOTEL_TrialLake,True,,2922,2086820.0,33551796.0,18956542.0,0.41984644532203674,12944950.0,30643086.0
ISMN_SNOTEL_TriplePeak,True,,3653,1610096.0,33505356.0,17838142.0,0.47120046615600586,11543276.0,30065648.0
ISMN_SNOTEL_Trough,True,,1461,894144.0,32341584.0,15764677.0,0.5754537582397461,14643396.0,34312248.0
ISMN_SNOTEL_TroutCreek,True,,3653,1983476.0,33204780.0,18821542.0,0.4021535813808441,12320805.0,30759336.0
ISMN_SNOTEL_Truckee#2,True,,3653,693536.0,33306528.0,19352674.0,0.4386516213417053,14822536.0,30997576.0
ISMN_SNOTEL_UpperJoesValley,True,,1827,2729868.0,33235748.0,19616510.0,0.3940359055995941,13211404.0,31640840.0
ISMN_SNOTEL_UpperNomeCreek,True,,1827,29772.0,30890220.0,9369640.0,0.8868208527565002,10294794.0,32001972.0
ISMN_SNOTEL_UpperRioGrande,True,,2556,2240592.0,34305104.0,20007508.0,0.3633783757686615,11822417.0,29578442.0
ISMN_SNOTEL_UpperSanJuan,True,,2922,1955444.0,34273244.0,20144030.0,0.35798585414886475,11782507.0,29745288.0
ISMN_SNOTEL_UpperTaylor,True,,3653,2013560.0,34197372.0,19753040.0,0.3851887583732605,11458108.0,28633502.0
ISMN_SNOTEL_UpperTsainaRiver,True,,2922,238032.0,31581364.0,9831946.0,0.8253106474876404,10260024.0,31251672.0
ISMN_SNOTEL_UsuDocDaniel,True,,3653,1485188.0,33134232.0,18160214.0,0.46589455008506775,12266315.0,31229780.0
ISMN_SNOTEL_VacarroSprings,True,,3653,2735144.0,33629704.0,19935166.0,0.39291027188301086,13839806.0,32787712.0
ISMN_SNOTEL_VacasLocas,True,,2922,2245196.0,34079932.0,20350954.0,0.3397882878780365,12999665.0,31829556.0
ISMN_SNOTEL_VernonCreek,True,,3653,1515272.0,33022572.0,19377576.0,0.41150468587875366,13021814.0,33514634.0
ISMN_SNOTEL_VirginiaLakesRidge,True,,3653,2298696.0,33901960.0,20920382.0,0.3737659752368927,12645916.0,30011868.0
ISMN_SNOTEL_WardCreek#3,True,,3653,556336.0,33199940.0,19283328.0,0.4463469684123993,15240352.0,31266588.0
ISMN_SNOTEL_WardMountain,True,,2192,2808336.0,33276400.0,20099304.0,0.3863533139228821,13001612.0,31532642.0
ISMN_SNOTEL_WebsterFlat,True,,3653,1885200.0,33588328.0,20336508.0,0.3659326732158661,13529486.0,31860852.0
ISMN_SNOTEL_WesnerSprings,True,,1826,2614228.0,32917168.0,20369414.0,0.334497332572937,14066872.0,30815224.0
ISMN_SNOTEL_WheelerPeak,True,,2922,2336244.0,33514620.0,20161826.0,0.37159574031829834,13185860.0,31878300.0
ISMN_SNOTEL_WhiteRiver#1,True,,3653,2218324.0,33497100.0,19477244.0,0.3967999815940857,12746874.0,31183982.0
ISMN_SNOTEL_Widtsoe#3,True,,3653,2522956.0,33815724.0,20343152.0,0.35208094120025635,12353670.0,31221800.0
ISMN_SNOTEL_WilburBench,True,,3653,2407092.0,33456488.0,19626606.0,0.3845135569572449,12808626.0,31318120.0
ISMN_SNOTEL_WildBasin,True,,2557,2888280.0,33487120.0,19077338.0,0.3901703357696533,11760128.0,29340388.0
ISMN_SNOTEL_WildhorseDivide,True,,1827,2404516.0,32799072.0,17773580.0,0.47638240456581116,12815043.0,31799992.0
ISMN_SNOTEL_WilsonCreek,True,,1827,2099880.0,33027812.0,18282484.0,0.4441620111465454,12589283.0,31965792.0
ISMN_SNOTEL_WindyPeak,True,,1827,2784236.0,32823824.0,18103290.0,0.4245234727859497,12340883.0,32021900.0
ISMN_SNOTEL_WolfCreekPeak,True,,2192,2227028.0,33328616.0,19260916.0,0.4169323146343231,12881058.0,30856926.0
ISMN_SNOTEL_WolfCreekSummit,True,,2557,1955444.0,33933484.0,20117268.0,0.3564104437828064,11782507.0,29745288.0
ISMN_SNOTEL_WrigleyCreek,True,,3653,2202132.0,33378124.0,19605786.0,0.392785906791687,13283242.0,31751060.0
ISMN_SNOTEL_YankeeReservoir,True,,3653,1863672.0,33611428.0,20144758.0,0.3669433891773224,12984115.0,31471584.0
ISMN_SNOTEL_Zirkel,True,,3653,2345364.0,33500060.0,18833612.0,0.42219629883766174,11186373.0,30113368.0
ISMN_SOILSCAPE_Lucky-Hills-1503,True,,1461,3272916.0,32870824.0,21588800.0,0.2993776500225067,16878904.0,34740940.0
ISMN_SOILSCAPE_Lucky-Hills-1506,True,,1461,3272916.0,32870824.0,21588800.0,0.2993776500225067,16878904.0,34740940.0
ISMN_STEMS_CarpenetopermanentGrassCoverNoTrackposition,True,,1826,488576.0,29572680.0,13950323.0,0.5583072304725647,17116088.0,34993352.0
ISMN_STEMS_CarpenetopermanentGrassCoverTrackposition,True,,1826,488576.0,29572680.0,13950323.0,0.5583072304725647,17116088.0,34993352.0
ISMN_TERENO_Gevenich,True,,2192,308060.0,29209832.0,11223145.0,0.6954443454742432,16668914.0,34919912.0
ISMN_TERENO_Merzenhausen,True,,1827,361628.0,29649564.0,11305485.0,0.6902189254760742,16823018.0,34896136.0
ISMN_TERENO_Schoeneseiffen,True,,1827,338776.0,29693660.0,11318508.0,0.6883671283721924,16208814.0,34248504.0
ISMN_TERENO_Selhausen,True,,2922,326020.0,29655968.0,11292477.0,0.6917846202850342,16593554.0,34723528.0
ISMN_TWENTE_Hupsel,True,,1461,305464.0,29533920.0,10942999.0,0.7154836654663086,17312552.0,34791476.0
ISMN_TWENTE_ITCSM-07b,True,,1827,251000.0,29491448.0,10675779.0,0.7202903032302856,17155262.0,34723896.0
ISMN_TWENTE_ITCSM-08b,True,,1827,290396.0,29507460.0,10805468.0,0.7144454121589661,17236210.0,34773812.0
ISMN_TWENTE_ITCSM-09,True,,1827,283988.0,29500876.0,10796957.0,0.7152436971664429,17199100.0,34760732.0
ISMN_TWENTE_ITCSM-13,True,,1827,286304.0,29514604.0,10832239.0,0.71183842420578,17355158.0,34769788.0
ISMN_TWENTE_ITCSM-15b,True,,1461,231540.0,29473096.0,10717234.0,0.7098328471183777,17218152.0,34324416.0
ISMN_TWENTE_ITCSM-16b,True,,1461,227284.0,29462540.0,10731925.0,0.7087808847427368,17242932.0,34301536.0
ISMN_TWENTE_ITCSM-17c,True,,1827,223432.0,29462392.0,10689285.0,0.7181316018104553,17247476.0,34665848.0
ISMN_TxSON_CR1000-1,True,,1826,892124.0,30870276.0,17730426.0,0.4002518355846405,17394032.0,37255912.0
ISMN_TxSON_CR1000-2,True,,2192,872800.0,30943784.0,17332620.0,0.40566903352737427,17430096.0,37459740.0
ISMN_TxSON_CR1000-3,True,,2557,872800.0,30943784.0,17493192.0,0.40425506234169006,17430096.0,37459740.0
ISMN_TxSON_CR1000-4,True,,2557,893548.0,30885144.0,17780466.0,0.39599311351776123,17217272.0,37228592.0
ISMN_TxSON_CR1000-5,True,,2557,850180.0,30858780.0,17472888.0,0.4060169756412506,17399732.0,37530728.0
ISMN_TxSON_CR1000-6,True,,2557,892124.0,30870276.0,17701162.0,0.3992663621902466,17236200.0,37290636.0
ISMN_TxSON_CR200-1,True,,2192,892124.0,30870276.0,17546396.0,0.4009639024734497,17236200.0,37290636.0
ISMN_TxSON_CR200-10,True,,1461,869312.0,29661036.0,17404658.0,0.41084104776382446,17352140.0,37413228.0
ISMN_TxSON_CR200-11,True,,1461,872800.0,29672148.0,17335200.0,0.41255319118499756,17430096.0,37459740.0
ISMN_TxSON_CR200-12,True,,2557,895528.0,30981240.0,17563508.0,0.4014555513858795,17386020.0,37398656.0
ISMN_TxSON_CR200-13,True,,2557,892124.0,30870276.0,17701162.0,0.3992663621902466,17236200.0,37290636.0
ISMN_TxSON_CR200-14,True,,2557,892124.0,30870276.0,17701162.0,0.3992663621902466,17236200.0,37290636.0
ISMN_TxSON_CR200-15,True,,2557,872800.0,30943784.0,17493192.0,0.40425506234169006,17430096.0,37459740.0
ISMN_TxSON_CR200-16,True,,2557,872800.0,30943784.0,17493192.0,0.40425506234169006,17430096.0,37459740.0
ISMN_TxSON_CR200-17,True,,2557,872800.0,30943784.0,17493192.0,0.40425506234169006,17430096.0,37459740.0
ISMN_TxSON_CR200-18,True,,2557,851380.0,30907660.0,17416468.0,0.40727725625038147,17474300.0,37559424.0
ISMN_TxSON_CR200-19,True,,2192,892124.0,30870276.0,17546396.0,0.4009639024734497,17236200.0,37290636.0
ISMN_TxSON_CR200-2,True,,2557,872800.0,30943784.0,17493192.0,0.40425506234169006,17430096.0,37459740.0
ISMN_TxSON_CR200-21,True,,2557,872260.0,30844436.0,17613356.0,0.40212124586105347,17281192.0,37370480.0
ISMN_TxSON_CR200-22,True,,1461,892124.0,29663980.0,17550392.0,0.40702685713768005,17236200.0,37290636.0
ISMN_TxSON_CR200-23,True,,2557,851380.0,30907660.0,17416468.0,0.40727725625038147,17474300.0,37559424.0
ISMN_TxSON_CR200-24,True,,2557,851380.0,30907660.0,17416468.0,0.40727725625038147,17474300.0,37559424.0
ISMN_TxSON_CR200-25,True,,2557,851380.0,30907660.0,17416468.0,0.40727725625038147,17474300.0,37559424.0
ISMN_TxSON_CR200-26,True,,2557,892124.0,30870276.0,17701162.0,0.3992663621902466,17236200.0,37290636.0
ISMN_TxSON_CR200-28,True,,2557,892124.0,30870276.0,17701162.0,0.3992663621902466,17236200.0,37290636.0
ISMN_TxSON_CR200-29,True,,2557,892124.0,30870276.0,17701162.0,0.3992663621902466,17236200.0,37290636.0
ISMN_TxSON_CR200-3,True,,2557,892124.0,30870276.0,17701162.0,0.3992663621902466,17236200.0,37290636.0
ISMN_TxSON_CR200-4,True,,2191,872260.0,30844436.0,17638062.0,0.403604656457901,17281192.0,37366824.0
ISMN_TxSON_CR200-5,True,,2557,872800.0,30943784.0,17493192.0,0.40425506234169006,17430096.0,37459740.0
ISMN_TxSON_CR200-6,True,,2557,872800.0,30943784.0,17493192.0,0.40425506234169006,17430096.0,37459740.0
ISMN_TxSON_CR200-7,True,,1461,872800.0,29672148.0,17335200.0,0.41255319118499756,17430096.0,37459740.0
ISMN_TxSON_CR200-8,True,,2557,851380.0,30907660.0,17416468.0,0.40727725625038147,17474300.0,37559424.0
ISMN_TxSON_CR200-9,True,,2557,892124.0,30870276.0,17701162.0,0.3992663621902466,17236200.0,37290636.0
ISMN_TxSON_LCRA-1,True,,2557,854880.0,30816616.0,17524632.0,0.4051612913608551,17331960.0,37500508.0
ISMN_TxSON_LCRA-2,True,,2557,892124.0,30870276.0,17701162.0,0.3992663621902466,17236200.0,37290636.0
ISMN_TxSON_LCRA-3,True,,2557,853212.0,30911484.0,17358088.0,0.4087884724140167,17549496.0,37569000.0
ISMN_TxSON_LCRA-4,True,,2557,891216.0,30919896.0,17635074.0,0.400154709815979,17308596.0,37342596.0
ISMN_TxSON_LCRA-5,True,,2557,850180.0,30858780.0,17472888.0,0.4060169756412506,17399732.0,37530728.0
ISMN_TxSON_LCRA-6,True,,2557,851380.0,30907660.0,17416468.0,0.40727725625038147,17474300.0,37559424.0
ISMN_TxSON_LCRA-7,True,,2557,924848.0,31052432.0,17553972.0,0.40077582001686096,17426380.0,37407552.0
ISMN_USCRN_Asheville-13-S,True,,2192,751364.0,31956916.0,15785087.0,0.45510753989219666,14021013.0,35491192.0
ISMN_USCRN_Austin-33-NW,True,,2192,836952.0,30668580.0,16991000.0,0.42046648263931274,17433392.0,37914656.0
ISMN_USCRN_Baker-5-W,True,,1827,4093096.0,33181664.0,20097738.0,0.3722527325153351,13029618.0,31248728.0
ISMN_USCRN_Batesville-8-WNW,True,,2192,816902.0,30683444.0,15855115.0,0.47381624579429626,15654976.0,37669176.0
ISMN_USCRN_Bedford-5-WNW,True,,1461,661672.0,30860458.0,14800690.0,0.5260003209114075,13712065.0,37140376.0
ISMN_USCRN_Bowling-Green-21-NNE,True,,1461,743824.0,30617984.0,15196881.0,0.4999876618385315,14295133.0,36909736.0
ISMN_USCRN_Bronte-11-NNE,True,,1826,1210872.0,30994368.0,18705476.0,0.3694531321525574,16596705.0,36806520.0
ISMN_USCRN_Brunswick-23-S,True,,1461,1158964.0,29880608.0,17073142.0,0.36978912353515625,18991060.0,37935124.0
ISMN_USCRN_Charlottesville-2-SSE,True,,2192,634208.0,31481952.0,15288565.0,0.48541131615638733,13981915.0,36917024.0
ISMN_USCRN_Chatham-1-SE,True,,2192,500304.0,31671256.0,13776965.0,0.6226851344108582,14370794.0,35878652.0
ISMN_USCRN_Cortez-8-SE,True,,1096,2728788.0,33295660.0,20307860.0,0.3759252429008484,13790315.0,32229632.0
ISMN_USCRN_Corvallis-10-SSW,True,,2192,388516.0,31439376.0,14109815.0,0.6512185335159302,17424232.0,33696152.0
ISMN_USCRN_Crossville-7-NW,True,,1096,969344.0,31074200.0,15261653.0,0.48707276582717896,14303173.0,36540964.0
ISMN_USCRN_Durham-11-W,True,,2192,822456.0,31166292.0,15696920.0,0.46769794821739197,15184492.0,37341420.0
ISMN_USCRN_Durham-2-N,True,,1096,520936.0,31204620.0,13888128.0,0.5790063738822937,12175401.0,36372740.0
ISMN_USCRN_Elgin-5-S,True,,1826,1816224.0,33115856.0,21204108.0,0.3124971091747284,16813602.0,34120868.0
ISMN_USCRN_Elkins-21-ENE,True,,1827,700560.0,31273696.0,14457864.0,0.5128200650215149,12275893.0,35075212.0
ISMN_USCRN_Everglades-City-5-NE,True,,1827,2607340.0,29566764.0,18074260.0,0.2806389033794403,22788628.0,37922328.0
ISMN_USCRN_Fallbrook-5-NE,True,,2192,1034124.0,32379468.0,20253142.0,0.3523799777030945,19412352.0,34638840.0
ISMN_USCRN_Gadsden-19-N,True,,2192,725108.0,30903988.0,15844103.0,0.4584888815879822,15869873.0,37423048.0
ISMN_USCRN_Goodwell-2-E,True,,1461,984160.0,31414700.0,19050340.0,0.37966224551200867,15439675.0,35464336.0
ISMN_USCRN_Goodwell-2-SE,True,,2192,1001268.0,31753804.0,19105208.0,0.37213727831840515,14190121.0,35397288.0
ISMN_USCRN_John-Day-35-WNW,True,,2192,1023796.0,32622316.0,16392158.0,0.5429745316505432,13807697.0,33437444.0
ISMN_USCRN_Joplin-24-N,True,,2192,834796.0,30873760.0,15931115.0,0.4728017747402191,14804606.0,37480640.0
ISMN_USCRN_Lafayette-13-SE,True,,2192,1241968.0,30211160.0,16272700.0,0.39095765352249146,18470500.0,38404740.0
ISMN_USCRN_Las-Cruces-20-N,True,,2192,3175560.0,33126456.0,21386170.0,0.32219743728637695,17172374.0,35039912.0
ISMN_USCRN_Los-Alamos-13-W,True,,1827,2770148.0,33460948.0,20256686.0,0.34327825903892517,13567555.0,30925406.0
ISMN_USCRN_McClellanville-7-NE,True,,2192,586596.0,30258316.0,16707900.0,0.40739336609840393,17500552.0,37901656.0
ISMN_USCRN_Mercury-3-SSW,True,,2192,2325648.0,33129108.0,20971688.0,0.36488401889801025,15946750.0,34860072.0
ISMN_USCRN_Monahans-6-ENE,True,,2192,1906868.0,32402012.0,20358870.0,0.3301510214805603,16958444.0,36650976.0
ISMN_USCRN_Monroe-26-N,True,,1461,990852.0,29655520.0,16110577.0,0.4484039843082428,16665183.0,38526348.0
ISMN_USCRN_Muleshoe-19-S,True,,1826,1427766.0,32199228.0,19921302.0,0.34329721331596375,15781641.0,35205188.0
ISMN_USCRN_Newton-5-ENE,True,,2192,742108.0,30465696.0,16250495.0,0.4334894120693207,17146328.0,37588752.0
ISMN_USCRN_Newton-8-W,True,,1096,1057448.0,29858846.0,17063616.0,0.3844507336616516,17882192.0,37962088.0
ISMN_USCRN_Panther-Junction-2-N,True,,2192,1746600.0,31474556.0,21209710.0,0.2921789288520813,18722436.0,36524188.0
ISMN_USCRN_Quinault-4-NE,True,,2192,343776.0,31113012.0,12761447.0,0.678101658821106,16797944.0,33299244.0
ISMN_USCRN_Salem-10-W,True,,2192,802436.0,30883040.0,15451196.0,0.49066469073295593,13868340.0,36680996.0
ISMN_USCRN_Santa-Barbara-11-W,True,,1826,1113444.0,32004556.0,20697242.0,0.36109256744384766,19973664.0,34560156.0
ISMN_USCRN_Socorro-20-N,True,,2192,1600732.0,33514088.0,20923996.0,0.32815879583358765,14906656.0,32934916.0
ISMN_USCRN_Spokane-17-SSW,True,,1826,726080.0,31953260.0,15478762.0,0.5929622650146484,14544991.0,34836492.0
ISMN_USCRN_Stillwater-2-W,True,,2192,815904.0,31062852.0,16995844.0,0.43028226494789124,15780625.0,37585844.0
ISMN_USCRN_Stillwater-5-WNW,True,,1827,828524.0,31055756.0,17091300.0,0.4318866729736328,16061736.0,37624408.0
ISMN_USCRN_Stovepipe-Wells-1-SW,True,,2192,1970888.0,32805184.0,21066044.0,0.36444637179374695,16454148.0,35541216.0
ISMN_USCRN_Tucson-11-W,True,,2192,1966830.0,33192128.0,21317640.0,0.3160928785800934,18498944.0,37162736.0
ISMN_USCRN_Versailles-3-NNW,True,,2192,718060.0,31050196.0,14915804.0,0.5113061666488647,14187089.0,36847408.0
ISMN_USCRN_Watkinsville-5-SSE,True,,2192,761108.0,31067144.0,16115226.0,0.446027547121048,16834928.0,37388736.0
ISMN_USCRN_Yosemite-Village-12-W,True,,1461,938296.0,32648474.0,19849668.0,0.4234859347343445,16111436.0,32011336.0
ISMN_USCRN_Yuma-27-ENE,True,,2192,3156532.0,32354144.0,21424954.0,0.3182058334350586,19870024.0,39811552.0
ISMN_WATERLINE_Kerasia,True,,1826,929284.0,30546480.0,15633779.0,0.49278342723846436,16997984.0,35637220.0
ISMN_WATERLINE_Komotini,True,,1461,998436.0,30538600.0,15718061.0,0.4900527596473694,16939476.0,35619104.0
ISMN_WATERLINE_Nymfaia,True,,1826,829216.0,30485516.0,15506059.0,0.4982766807079315,16902704.0,35477752.0
ISMN_XMS-CAT_BatlliudeSort,True,,3653,1361116.0,31701072.0,15996576.0,0.45685040950775146,15388229.0,31581366.0
ISMN_XMS-CAT_BordaColl,True,,1826,1270188.0,31294688.0,16089258.0,0.4571792483329773,14639099.0,31563068.0
ISMN_XMS-CAT_CamidelsNerets,True,,3287,1166548.0,31239628.0,16182598.0,0.47100594639778137,16527647.0,32882984.0
ISMN_XMS-CAT_Clarella,True,,1826,980148.0,30355572.0,15308861.0,0.4648594558238983,17631352.0,33296624.0
ISMN_XMS-CAT_ClotdelesPeresII,True,,1826,1900932.0,31151032.0,16226394.0,0.4758908152580261,16652633.0,33041592.0
ISMN_XMS-CAT_ColldePaller,True,,2557,1231584.0,31466644.0,16059143.0,0.4708765149116516,16330063.0,32185936.0
ISMN_XMS-CAT_ElBoixer,True,,2557,1624844.0,31335540.0,16070186.0,0.46851086616516113,15794365.0,31899212.0
ISMN_XMS-CAT_ElMiracle,True,,1826,1271056.0,30852720.0,15947904.0,0.46986472606658936,17686984.0,33067240.0
ISMN_XMS-CAT_LaCultiadAreu,True,,2192,1289340.0,31376608.0,15903157.0,0.45597684383392334,14668837.0,31574424.0
ISMN_XMS-CAT_Llivia,True,,1826,1269592.0,31084372.0,15791742.0,0.45844128727912903,15482477.0,32277552.0
ISMN_XMS-CAT_LosCoscolls,True,,3287,1166548.0,31239628.0,16182598.0,0.47100594639778137,16527647.0,32882984.0
ISMN_XMS-CAT_Pessonada,True,,3287,1362072.0,31442820.0,16048225.0,0.47259780764579773,15870709.0,32016972.0
ISMN_XMS-CAT_RiberadeSio,True,,2192,960104.0,30657192.0,16428174.0,0.4663926064968109,18225406.0,34967804.0
ISMN_XMS-CAT_SerradeCostaAmpla,True,,2556,1407392.0,31429780.0,16155912.0,0.4669162929058075,16555810.0,32357952.0
ISMN_iRON_BrushCreek,True,,2557,1716708.0,34050844.0,19505968.0,0.40163105726242065,12230410.0,29249424.0
ISMN_iRON_GlenwoodSprings,True,,2557,2000816.0,33750400.0,19258664.0,0.41324007511138916,12810906.0,29872892.0
ISMN_iRON_NorthstarAspenGrove,True,,2192,1956244.0,33918456.0,19642906.0,0.39449477195739746,11808544.0,28817836.0
ISMN_iRON_NorthstarTransitionZone,True,,2192,2138728.0,34138440.0,19715972.0,0.3885626196861267,11671072.0,28817836.0
ISMN_iRON_SkyMountain,True,,2557,1716708.0,34050844.0,19505968.0,0.40163105726242065,12230410.0,29249424.0
ICOS_CH-Cha,True,,1461,466296.0,29540204.0,12889861.0,0.6112798452377319,16534142.0,33517208.0
ICOS_CH-Fru,True,,1461,440868.0,29887060.0,12914514.0,0.6020732522010803,16031864.0,32845864.0
ICOS_CH-Lae,True,,1461,488212.0,29831780.0,12836043.0,0.6162434816360474,16633594.0,33678516.0
ICOS_CH-Oe2,True,,1461,398328.0,29825756.0,12740427.0,0.618187427520752,15928562.0,33115700.0
ICOS_CZ-KrP,True,,1461,408776.0,28812148.0,11731235.0,0.657638669013977,15876746.0,33568620.0
ICOS_CZ-RAJ,True,,1461,298216.0,28551960.0,11714933.0,0.6644920110702515,16064532.0,33674516.0
ICOS_CZ-Stn,True,,1461,438360.0,28727920.0,11821905.0,0.6587299704551697,14482655.0,33876368.0
ICOS_CZ-wet,True,,2922,496140.0,30005016.0,11878268.0,0.6402149796485901,15807912.0,33780212.0
ICOS_DE-Kli,True,,2922,343524.0,29182040.0,11328501.0,0.6820721626281738,15726762.0,34303304.0
ICOS_DE-Obe,True,,1461,376820.0,29124996.0,11471780.0,0.6760820150375366,15578454.0,33883500.0
ICOS_ES-Abr,True,,1461,1054916.0,31638848.0,17764540.0,0.46913155913352966,19318628.0,35295448.0
ICOS_ES-Agu,True,,1461,2042480.0,30674116.0,18870112.0,0.3867741823196411,20631296.0,35205432.0
ICOS_ES-Cnd,True,,1461,956400.0,31448488.0,18094494.0,0.44625213742256165,18744644.0,33555392.0
ICOS_ES-LM1,True,,1461,916624.0,31805480.0,17278688.0,0.4946852922439575,17314980.0,33549754.0
ICOS_ES-LM2,True,,1461,916624.0,31805480.0,17278688.0,0.4946852922439575,17314980.0,33549754.0
ICOS_ES-LMa,True,,1827,780072.0,31620868.0,17216834.0,0.5006574392318726,18600532.0,33853212.0
ICOS_FR-Aur,True,,2191,587608.0,30866232.0,13895257.0,0.5721868872642517,16899114.0,36578580.0
ICOS_FR-EM2,True,,2922,308536.0,29704736.0,11659182.0,0.6848680377006531,17061730.0,34672064.0
ICOS_FR-FBn,True,,1461,803860.0,30078172.0,16274675.0,0.5019409656524658,18888644.0,34998832.0
ICOS_IL-Yat,True,,1461,3741564.0,29913900.0,20182122.0,0.33184120059013367,21751024.0,36702460.0
ICOS_IT-BCi,True,,1461,725312.0,29677564.0,15909488.0,0.48544713854789734,18808498.0,34353876.0
ICOS_IT-MBo,True,,1461,664576.0,29866656.0,13286716.0,0.5009995698928833,12977027.0,31773848.0
ICOS_RU-Fy2,True,,1461,438360.0,28727920.0,11821905.0,0.6587299704551697,14482655.0,33876368.0
ICOS_RU-Fyo,True,,1461,203704.0,29061276.0,9674920.0,0.8184234499931335,11794709.0,33717148.0
ICOS_UK-AMo,True,,1461,157412.0,29886520.0,9304088.0,0.7795860767364502,16976428.0,34139544.0
ICOS_BE-Bra,True,,1827,222644.0,29052448.0,10945455.0,0.7086109519004822,16887474.0,34776376.0
ICOS_BE-Lon,True,,2557,215184.0,29657416.0,11320189.0,0.6955386400222778,16618992.0,34289564.0
ICOS_BE-Maa,True,,2192,334064.0,29298220.0,11104080.0,0.7006793022155762,16719348.0,34736840.0
ICOS_BE-Vie,True,,2557,294676.0,29817876.0,11269303.0,0.6972452402114868,15681214.0,33772524.0
ICOS_CH-Dav,True,,2922,443504.0,31405644.0,13688498.0,0.5326159000396729,12851584.0,30607304.0
ICOS_CZ-BK1,True,,1461,404052.0,28797766.0,11345066.0,0.6645044088363647,14379968.0,33751324.0
ICOS_CZ-Lnz,True,,1461,469344.0,28535656.0,12273063.0,0.638062596321106,15582038.0,35009604.0
ICOS_DE-Geb,True,,1461,311564.0,29537300.0,11416527.0,0.6842260956764221,16268804.0,33840996.0
ICOS_DE-Gri,True,,1827,296276.0,28963836.0,11221788.0,0.6869978904724121,15967888.0,34355068.0
ICOS_DE-Har,True,,1461,489328.0,30299712.0,12514884.0,0.6327053308486938,15531430.0,34207788.0
ICOS_DE-HoH,True,,2922,266376.0,29269632.0,11072646.0,0.7086312770843506,16561636.0,34887208.0
ICOS_DE-RuR,True,,2922,322332.0,29653532.0,11231331.0,0.6937087178230286,16281298.0,34422900.0
ICOS_DE-RuS,True,,2192,326020.0,29432060.0,11216194.0,0.6971248984336853,16593554.0,34723528.0
ICOS_DE-RuW,True,,2557,353152.0,29693660.0,11323108.0,0.6919655799865723,16067318.0,34248504.0
ICOS_DK-Sor,True,,1461,239392.0,29575536.0,11250600.0,0.7534516453742981,16964368.0,33792604.0
ICOS_FI-Hyy,True,,2557,45308.0,29367216.0,9056379.0,0.9182614684104919,13400581.0,34166708.0
ICOS_FI-Ken,True,,2557,0.0,29718096.0,7770088.0,1.0291364192962646,12649864.0,33664040.0
ICOS_FI-Sii,True,,2922,45308.0,29344004.0,8948990.0,0.922450602054596,13402747.0,34147668.0
ICOS_FI-Var,True,,1827,0.0,29900696.0,7502392.5,1.0484732389450073,13356287.0,33447936.0
ICOS_FR-Bil,True,,2922,527884.0,30692056.0,13916037.0,0.5655718445777893,17219186.0,36021240.0
ICOS_FR-CLt,True,,2192,1168764.0,31310288.0,15700017.0,0.4925403296947479,13289383.0,29902276.0
ICOS_FR-Gri,True,,1461,363260.0,29674720.0,12107528.0,0.6768956184387207,18064698.0,34480976.0
ICOS_FR-Hes,True,,1461,315384.0,29722784.0,12393389.0,0.6645665764808655,16827998.0,34517244.0
ICOS_FR-Mej,True,,2192,454168.0,29913000.0,12399057.0,0.6404101848602295,18948038.0,35218968.0
ICOS_FR-Pue,True,,1461,759644.0,30343252.0,15268940.0,0.534634530544281,18780320.0,35169712.0
ICOS_FR-Tou,True,,2557,559088.0,30799012.0,13801665.0,0.5743836164474487,16880420.0,36863212.0
ICOS_GF-Guy,True,,2191,2054266.0,25747864.0,17018680.0,0.26052138209342957,32917992.0,37444796.0
ICOS_IT-BFt,True,,2192,432648.0,29772264.0,14234710.0,0.548215925693512,18296488.0,36368576.0
ICOS_IT-Lsn,True,,2556,550400.0,28742084.0,13729263.0,0.5672730803489685,17193592.0,35955644.0
ICOS_IT-SR2,True,,1461,818400.0,29051032.0,15185467.0,0.5261574387550354,18440652.0,35410440.0
ICOS_IT-Tor,True,,1827,1786308.0,31595728.0,15252015.0,0.4989819824695587,12582983.0,30026122.0
ICOS_IT-TrF,True,,2922,1352732.0,31983400.0,15190424.0,0.5006565451622009,11557697.0,30416452.0
ICOS_SE-Deg,True,,2922,20284.0,29611140.0,8897723.0,0.9344759583473206,12905105.0,34944112.0
ICOS_SE-Htm,True,,2922,161976.0,29596960.0,10214022.0,0.7971387505531311,15748989.0,34479840.0
ICOS_SE-Nor,True,,2557,109812.0,29486932.0,9742451.0,0.8542729020118713,14888409.0,35120424.0
ICOS_SE-Svb,True,,2922,18536.0,29510444.0,8900185.0,0.9363088607788086,12944017.0,34769332.0
AmeriFlux_CA-Cbo,True,,1461,355968.0,31635924.0,13445812.0,0.6308680176734924,14540818.0,35759896.0
AmeriFlux_CA-DB2,True,,2192,248812.0,31332624.0,12412087.0,0.6983144879341125,14712109.0,33122342.0
AmeriFlux_CA-DBB,True,,1461,248812.0,30260932.0,12438935.0,0.6950411796569824,16049367.0,33097436.0
AmeriFlux_CA-DSM,True,,1461,271724.0,31308684.0,12697381.0,0.701102077960968,14425836.0,33638152.0
AmeriFlux_CA-Mer,True,,1461,402388.0,31447420.0,13155075.0,0.6240619421005249,11914364.0,36946024.0
AmeriFlux_US-ALQ,True,,1826,604544.0,31617628.0,13746791.0,0.5913001894950867,11971397.0,36159056.0
AmeriFlux_US-BZB,True,,2557,9872.0,28961956.0,9311363.0,0.892017126083374,10254906.0,32789396.0
AmeriFlux_US-BZo,True,,1461,9872.0,27883824.0,9281259.0,0.8904888033866882,10582184.0,32789396.0
AmeriFlux_US-Bi1,True,,2922,759856.0,31853776.0,19040822.0,0.45536574721336365,20050736.0,35839200.0
AmeriFlux_US-Bi2,True,,1826,1137476.0,31862720.0,18955260.0,0.4579446017742157,20212990.0,35951228.0
AmeriFlux_US-DFC,True,,2191,543164.0,31595912.0,14439764.0,0.5527018904685974,11550875.0,37284000.0
AmeriFlux_US-DS2,True,,1461,745592.0,31817904.0,19251868.0,0.44483476877212524,20212990.0,35951228.0
AmeriFlux_US-Dmg,True,,1461,764480.0,31672084.0,19108096.0,0.45880982279777527,20289252.0,33549980.0
AmeriFlux_US-Esm,True,,2556,659984.0,29279566.0,18170718.0,0.2725566625595093,21299192.0,37984548.0
AmeriFlux_US-EvM,True,,1461,1941176.0,28868892.0,18611620.0,0.27759337425231934,22011000.0,38014256.0
AmeriFlux_US-GLE,True,,1461,2340644.0,32766216.0,18691924.0,0.41961565613746643,11303337.0,30679084.0
AmeriFlux_US-HB1,True,,1461,552064.0,30586436.0,16478212.0,0.41648000478744507,18003092.0,37710676.0
AmeriFlux_US-HB3,True,,1461,534180.0,30620372.0,16441715.0,0.41766664385795593,17559530.0,37678408.0
AmeriFlux_US-HB4,True,,1827,1202544.0,30593732.0,16553772.0,0.4108656346797943,17527192.0,37854080.0
AmeriFlux_US-Ho1,True,,2556,298036.0,31383536.0,13300999.0,0.6039049625396729,10099836.0,36419904.0
AmeriFlux_US-Ho2,True,,1461,298036.0,31383536.0,13295554.0,0.5992911458015442,10099836.0,36419904.0
AmeriFlux_US-Hsm,True,,1461,706740.0,31841724.0,18922286.0,0.46398818492889404,20461464.0,33954816.0
AmeriFlux_US-ICs,True,,1461,0.0,31023908.0,8487293.0,0.9732874631881714,9809362.0,31396920.0
AmeriFlux_US-ICt,True,,1461,0.0,31023908.0,8487293.0,0.9732874631881714,9809362.0,31396920.0
AmeriFlux_US-Jo1,True,,1826,2914892.0,33056804.0,21290822.0,0.32243970036506653,17476254.0,34974696.0
AmeriFlux_US-Jo2,True,,1461,2914892.0,33056804.0,21322502.0,0.3262704312801361,17476254.0,34627700.0
AmeriFlux_US-KFS,True,,1095,860516.0,30609348.0,15735672.0,0.487545907497406,13291154.0,37118768.0
AmeriFlux_US-KLS,True,,1095,938320.0,31000816.0,16745406.0,0.4551359713077545,14454677.0,37110620.0
AmeriFlux_US-Kon,True,,1095,1033136.0,30977140.0,16336344.0,0.4682943522930145,14125642.0,36788248.0
AmeriFlux_US-MMS,True,,1461,689132.0,30926592.0,14699936.0,0.5375187993049622,13355877.0,36972688.0
AmeriFlux_US-MN2,True,,2192,367304.0,31260632.0,14989894.0,0.5396599769592285,9582741.0,37088320.0
AmeriFlux_US-MN3,True,,1827,367304.0,31260632.0,15129640.0,0.5355184674263,10708696.0,37088320.0
AmeriFlux_US-Me2,True,,1826,811972.0,32574968.0,16006424.0,0.5674869418144226,13927972.0,33257252.0
AmeriFlux_US-Mo1,True,,2557,883504.0,31178530.0,15708213.0,0.4907759726047516,13087024.0,37577160.0
AmeriFlux_US-Mo2,True,,2191,921632.0,31055442.0,15580697.0,0.49500319361686707,13248438.0,37900764.0
AmeriFlux_US-Mo3,True,,1826,830892.0,31196628.0,15380455.0,0.505876362323761,13087024.0,37258864.0
AmeriFlux_US-Mpj,True,,2922,2861540.0,33500216.0,20930742.0,0.3301984965801239,14420042.0,32665536.0
AmeriFlux_US-MtB,True,,2192,2210020.0,33042356.0,21165052.0,0.3174325227737427,17579924.0,36110008.0
AmeriFlux_US-NC3,True,,1461,764284.0,31154260.0,15437148.0,0.4615817666053772,15363925.0,37864712.0
AmeriFlux_US-Ne1,True,,2922,612180.0,31387520.0,16181277.0,0.4763941466808319,11375557.0,37004408.0
AmeriFlux_US-Ne2,True,,2922,612180.0,31387520.0,16181277.0,0.4763941466808319,11375557.0,37004408.0
AmeriFlux_US-ONA,True,,1826,1129389.75,29557114.0,17687482.0,0.2990707755088806,20370052.0,37493328.0
AmeriFlux_US-RGB,True,,1461,706612.0,32069620.0,18686212.0,0.4831981062889099,19454612.0,35623984.0
AmeriFlux_US-RGo,True,,1461,748628.0,32185572.0,18703068.0,0.48224136233329773,18870112.0,35468480.0
AmeriFlux_US-Rls,True,,2556,2005628.0,32738712.0,17487618.0,0.48455220460891724,14066541.0,34774052.0
AmeriFlux_US-Rms,True,,2556,2343660.0,32787100.0,17606870.0,0.4769909083843231,13861905.0,34380888.0
AmeriFlux_US-Ro4,True,,2922,508460.0,31457380.0,14452356.0,0.5465977191925049,10476331.0,36901952.0
AmeriFlux_US-Ro5,True,,2922,508460.0,31457380.0,14452356.0,0.5465977191925049,10476331.0,36901952.0
AmeriFlux_US-Ro6,True,,2922,508460.0,31457380.0,14452356.0,0.5465977191925049,10476331.0,36901952.0
AmeriFlux_US-Rwf,True,,2556,2005628.0,32738712.0,17487618.0,0.48455220460891724,14066541.0,34774052.0
AmeriFlux_US-Rws,True,,2556,2005628.0,32738712.0,17487618.0,0.48455220460891724,14066541.0,34774052.0
AmeriFlux_US-SHC,True,,1461,1294608.0,33272952.0,19163326.0,0.438762366771698,14927634.0,30331120.0
AmeriFlux_US-Seg,True,,2922,2776796.0,33530008.0,20982644.0,0.32813113927841187,14910842.0,33670768.0
AmeriFlux_US-Ses,True,,1461,2776796.0,33280060.0,20913644.0,0.3304676115512848,14910842.0,32676040.0
AmeriFlux_US-Sne,True,,1461,1170444.0,31879880.0,18791954.0,0.45450276136398315,20100922.0,35379880.0
AmeriFlux_US-Tw4,True,,2191,746852.0,31878624.0,19035250.0,0.45281559228897095,20215866.0,35802152.0
AmeriFlux_US-UC1,True,,1827,576980.0,31516784.0,14245918.0,0.5512003898620605,14058191.0,36191192.0
AmeriFlux_US-UMB,True,,1826,718524.0,31638460.0,14301366.0,0.6008599996566772,14937906.0,35461160.0
AmeriFlux_US-Vcm,True,,2556,2177056.0,33915508.0,20265842.0,0.3427636921405792,13567555.0,31960480.0
AmeriFlux_US-Vcp,True,,1461,2177056.0,33915508.0,20199960.0,0.3399204611778259,14179132.0,31960480.0
AmeriFlux_US-Wjs,True,,2922,2941530.0,33536468.0,21077056.0,0.32751601934432983,14369208.0,32845536.0
AmeriFlux_US-xBR,True,,1827,488036.0,31601716.0,13656196.0,0.5723407864570618,10458732.0,36108944.0
AmeriFlux_US-xCL,True,,1461,1178096.0,29760868.0,17637758.0,0.39930883049964905,17183736.0,38382140.0
AmeriFlux_US-xCP,True,,1461,2267358.0,32394540.0,18120326.0,0.40093034505844116,12661413.0,32722908.0
AmeriFlux_US-xDJ,True,,2192,52944.0,29674200.0,9445515.0,0.8724596500396729,9708168.0,31805520.0
AmeriFlux_US-xDL,True,,1827,1078920.0,30153560.0,16572870.0,0.42191365361213684,17035424.0,37926148.0
AmeriFlux_US-xHA,True,,1827,435344.0,31549036.0,14109493.0,0.558707058429718,11357582.0,36362816.0
AmeriFlux_US-xJE,True,,1826,839244.0,30236584.0,17012372.0,0.3973309397697449,18584504.0,38057056.0
AmeriFlux_US-xJR,True,,1826,3221480.0,33028436.0,21525224.0,0.31621935963630676,16955678.0,35348936.0
AmeriFlux_US-xKA,True,,1461,894880.0,30828540.0,16967706.0,0.44114136695861816,12918049.0,37406304.0
AmeriFlux_US-xNG,True,,1461,586516.0,31442004.0,15341424.0,0.5304577946662903,10823962.0,34677632.0
AmeriFlux_US-xRM,True,,1461,3349244.0,33227176.0,19048306.0,0.37993958592414856,11664983.0,29843716.0
AmeriFlux_US-xSC,True,,1461,464616.0,31682344.0,15357261.0,0.4869021773338318,14409184.0,37128884.0
AmeriFlux_US-xSE,True,,1827,538072.0,31394184.0,15138534.0,0.49818965792655945,15176652.0,37474768.0
AmeriFlux_US-xSJ,True,,1827,713432.0,32299140.0,19900056.0,0.41468945145606995,18667236.0,35702596.0
AmeriFlux_US-xUK,True,,1827,831532.0,30846120.0,16285218.0,0.4625391662120819,12751459.0,37207656.0
AmeriFlux_US-xUN,True,,1461,616396.0,31660600.0,13720641.0,0.5954376459121704,12487928.0,36576064.0
AmeriFlux_US-xWD,True,,2192,740140.0,31315444.0,14941956.0,0.5445851683616638,9979577.0,35908552.0
AmeriFlux_CA-TP1,True,,1826,787416.0,31671984.0,14926476.0,0.5604721307754517,14489355.0,35979208.0
AmeriFlux_CA-TP3,True,,2191,768440.0,31683572.0,14740571.0,0.5665199756622314,14267509.0,36121744.0
AmeriFlux_CA-TPD,True,,2556,787416.0,31671984.0,14817076.0,0.5661855340003967,14489355.0,35979208.0
AmeriFlux_US-ARM,True,,2556,914100.0,30760808.0,17306228.0,0.426626980304718,14388327.0,37842952.0
AmeriFlux_US-Me6,True,,1827,763852.0,32563220.0,15978264.0,0.5728660225868225,13933776.0,32956700.0
AmeriFlux_US-SRG,True,,2557,1831092.0,32913744.0,21344904.0,0.3096109628677368,17577554.0,36302588.0
AmeriFlux_US-SRM,True,,1461,2552808.0,32981328.0,21303632.0,0.3091229796409607,17724066.0,35892904.0
AmeriFlux_US-Ton,True,,1461,736576.0,31913832.0,18758974.0,0.4627099931240082,19261204.0,35667024.0
AmeriFlux_US-UMd,True,,2556,674540.0,31772900.0,14314466.0,0.6018083095550537,14635098.0,35488848.0
AmeriFlux_US-Var,True,,1826,736576.0,31913832.0,18896778.0,0.46411192417144775,19261204.0,35667024.0
AmeriFlux_US-Whs,True,,1461,1826800.0,33199580.0,21185414.0,0.31754830479621887,16622292.0,34227656.0
AmeriFlux_US-Wkg,True,,2922,1819792.0,33222340.0,21381182.0,0.3090552091598511,16648802.0,34766304.0
