station,split,year,s2,s1
AmeriFlux_CA-Cbo,oos,2017,6,81
AmeriFlux_CA-Cbo,oos,2018,27,82
AmeriFlux_CA-Cbo,oos,2019,27,86
AmeriFlux_CA-Cbo,oos,2020,44,83
AmeriFlux_CA-DB2,train,2019,1,10
AmeriFlux_CA-DB2,train,2020,23,88
AmeriFlux_CA-DB2,train,2021,22,93
AmeriFlux_CA-DB2,train,2022,18,47
AmeriFlux_CA-DB2,train,2023,21,60
AmeriFlux_CA-DB2,train,2024,17,48
AmeriFlux_CA-DBB,train,2018,22,76
AmeriFlux_CA-DBB,train,2019,25,89
AmeriFlux_CA-DBB,train,2020,25,88
AmeriFlux_CA-DBB,train,2021,21,90
AmeriFlux_CA-DSM,train,2021,5,28
AmeriFlux_CA-DSM,train,2022,23,47
AmeriFlux_CA-DSM,train,2023,25,60
AmeriFlux_CA-DSM,train,2024,24,48
AmeriFlux_CA-Mer,train,2017,34,61
AmeriFlux_CA-Mer,train,2018,50,54
AmeriFlux_CA-Mer,train,2019,40,63
AmeriFlux_CA-Mer,train,2020,46,59
AmeriFlux_CA-TP1,train,2019,12,19
AmeriFlux_CA-TP1,train,2020,30,26
AmeriFlux_CA-TP1,train,2021,31,28
AmeriFlux_CA-TP1,train,2022,22,24
AmeriFlux_CA-TP1,train,2023,21,25
AmeriFlux_CA-TP3,oos,2018,8,10
AmeriFlux_CA-TP3,oos,2019,20,31
AmeriFlux_CA-TP3,oos,2020,26,26
AmeriFlux_CA-TP3,oos,2021,27,28
AmeriFlux_CA-TP3,oos,2022,22,24
AmeriFlux_CA-TP3,oos,2023,18,25
AmeriFlux_CA-TPD,train,2017,6,30
AmeriFlux_CA-TPD,train,2018,22,30
AmeriFlux_CA-TPD,train,2019,16,31
AmeriFlux_CA-TPD,train,2020,28,26
AmeriFlux_CA-TPD,train,2021,27,28
AmeriFlux_CA-TPD,train,2022,23,24
AmeriFlux_CA-TPD,train,2023,23,25
AmeriFlux_US-ALQ,val,2019,40,29
AmeriFlux_US-ALQ,val,2020,49,31
AmeriFlux_US-ALQ,val,2021,48,29
AmeriFlux_US-ALQ,val,2022,38,0
AmeriFlux_US-ALQ,val,2023,1,0
AmeriFlux_US-ARM,train,2017,17,24
AmeriFlux_US-ARM,train,2018,34,49
AmeriFlux_US-ARM,train,2019,38,55
AmeriFlux_US-ARM,train,2020,34,54
AmeriFlux_US-ARM,train,2021,40,58
AmeriFlux_US-ARM,train,2022,41,27
AmeriFlux_US-ARM,train,2023,10,11
AmeriFlux_US-BZB,train,2018,49,74
AmeriFlux_US-BZB,train,2019,56,74
AmeriFlux_US-BZB,train,2020,67,81
AmeriFlux_US-BZB,train,2021,57,80
AmeriFlux_US-BZB,train,2022,61,50
AmeriFlux_US-BZB,train,2023,46,79
AmeriFlux_US-BZB,train,2024,56,52
AmeriFlux_US-BZo,train,2018,39,63
AmeriFlux_US-BZo,train,2019,53,74
AmeriFlux_US-BZo,train,2020,67,81
AmeriFlux_US-BZo,train,2021,55,72
AmeriFlux_US-Bi1,train,2017,33,63
AmeriFlux_US-Bi1,train,2018,45,63
AmeriFlux_US-Bi1,train,2019,44,125
AmeriFlux_US-Bi1,train,2020,50,145
AmeriFlux_US-Bi1,train,2021,50,148
AmeriFlux_US-Bi1,train,2022,52,86
AmeriFlux_US-Bi1,train,2023,50,86
AmeriFlux_US-Bi1,train,2024,51,79
AmeriFlux_US-Bi2,train,2017,31,56
AmeriFlux_US-Bi2,train,2018,43,73
AmeriFlux_US-Bi2,train,2019,44,149
AmeriFlux_US-Bi2,train,2020,51,171
AmeriFlux_US-Bi2,train,2021,50,176
AmeriFlux_US-DFC,oos,2018,8,12
AmeriFlux_US-DFC,oos,2019,27,59
AmeriFlux_US-DFC,oos,2020,34,61
AmeriFlux_US-DFC,oos,2021,23,57
AmeriFlux_US-DFC,oos,2022,26,28
AmeriFlux_US-DFC,oos,2023,28,28
AmeriFlux_US-DS2,train,2020,46,142
AmeriFlux_US-DS2,train,2021,51,176
AmeriFlux_US-DS2,train,2022,51,86
AmeriFlux_US-DS2,train,2023,41,67
AmeriFlux_US-Dmg,train,2021,13,70
AmeriFlux_US-Dmg,train,2022,49,115
AmeriFlux_US-Dmg,train,2023,50,112
AmeriFlux_US-Dmg,train,2024,51,104
AmeriFlux_US-Esm,oos,2017,3,4
AmeriFlux_US-Esm,oos,2018,18,25
AmeriFlux_US-Esm,oos,2019,22,33
AmeriFlux_US-Esm,oos,2020,17,28
AmeriFlux_US-Esm,oos,2021,15,29
AmeriFlux_US-Esm,oos,2022,23,27
AmeriFlux_US-Esm,oos,2023,15,20
AmeriFlux_US-EvM,train,2020,17,18
AmeriFlux_US-EvM,train,2021,37,29
AmeriFlux_US-EvM,train,2022,37,27
AmeriFlux_US-EvM,train,2023,17,12
AmeriFlux_US-GL1,train,2019,32,33
AmeriFlux_US-GL1,train,2020,51,59
AmeriFlux_US-GL1,train,2021,41,50
AmeriFlux_US-GL1,train,2022,39,30
AmeriFlux_US-GLE,train,2017,19,53
AmeriFlux_US-GLE,train,2018,36,49
AmeriFlux_US-GLE,train,2019,37,51
AmeriFlux_US-GLE,train,2020,27,40
AmeriFlux_US-HB1,val,2019,6,5
AmeriFlux_US-HB1,val,2020,47,56
AmeriFlux_US-HB1,val,2021,65,58
AmeriFlux_US-HB1,val,2022,68,56
AmeriFlux_US-HB3,train,2019,64,62
AmeriFlux_US-HB3,train,2020,52,56
AmeriFlux_US-HB3,train,2021,55,58
AmeriFlux_US-HB3,train,2022,63,56
AmeriFlux_US-HB4,train,2020,41,46
AmeriFlux_US-HB4,train,2021,57,58
AmeriFlux_US-HB4,train,2022,60,56
AmeriFlux_US-HB4,train,2023,61,56
AmeriFlux_US-HB4,train,2024,60,51
AmeriFlux_US-Ho1,oos,2017,12,28
AmeriFlux_US-Ho1,oos,2018,22,44
AmeriFlux_US-Ho1,oos,2019,23,52
AmeriFlux_US-Ho1,oos,2020,27,57
AmeriFlux_US-Ho1,oos,2021,24,58
AmeriFlux_US-Ho1,oos,2022,23,28
AmeriFlux_US-Ho1,oos,2023,22,30
AmeriFlux_US-Ho2,oos,2020,22,48
AmeriFlux_US-Ho2,oos,2021,25,58
AmeriFlux_US-Ho2,oos,2022,24,28
AmeriFlux_US-Ho2,oos,2023,13,18
AmeriFlux_US-Hsm,oos,2021,44,124
AmeriFlux_US-Hsm,oos,2022,51,85
AmeriFlux_US-Hsm,oos,2023,47,81
AmeriFlux_US-Hsm,oos,2024,49,79
AmeriFlux_US-ICs,val,2017,16,59
AmeriFlux_US-ICs,val,2018,43,79
AmeriFlux_US-ICs,val,2019,42,82
AmeriFlux_US-ICs,val,2020,33,60
AmeriFlux_US-ICt,val,2017,16,59
AmeriFlux_US-ICt,val,2018,40,79
AmeriFlux_US-ICt,val,2019,40,82
AmeriFlux_US-ICt,val,2020,25,58
AmeriFlux_US-Jo1,train,2017,14,31
AmeriFlux_US-Jo1,train,2018,54,89
AmeriFlux_US-Jo1,train,2019,49,90
AmeriFlux_US-Jo1,train,2020,66,88
AmeriFlux_US-Jo1,train,2021,11,24
AmeriFlux_US-Jo2,train,2017,1,3
AmeriFlux_US-Jo2,train,2018,53,89
AmeriFlux_US-Jo2,train,2019,54,90
AmeriFlux_US-Jo2,train,2020,64,88
AmeriFlux_US-KFS,oos,2017,30,51
AmeriFlux_US-KFS,oos,2018,60,56
AmeriFlux_US-KFS,oos,2019,62,50
AmeriFlux_US-KLS,oos,2017,31,23
AmeriFlux_US-KLS,oos,2018,68,26
AmeriFlux_US-KLS,oos,2019,72,27
AmeriFlux_US-Kon,train,2017,17,45
AmeriFlux_US-Kon,train,2018,25,53
AmeriFlux_US-Kon,train,2019,35,47
AmeriFlux_US-MMS,val,2017,11,45
AmeriFlux_US-MMS,val,2018,22,48
AmeriFlux_US-MMS,val,2019,15,57
AmeriFlux_US-MMS,val,2020,30,58
AmeriFlux_US-MN2,train,2019,25,49
AmeriFlux_US-MN2,train,2020,27,52
AmeriFlux_US-MN2,train,2021,32,52
AmeriFlux_US-MN2,train,2022,25,16
AmeriFlux_US-MN2,train,2023,39,24
AmeriFlux_US-MN2,train,2024,29,24
AmeriFlux_US-MN3,train,2020,20,37
AmeriFlux_US-MN3,train,2021,34,52
AmeriFlux_US-MN3,train,2022,27,16
AmeriFlux_US-MN3,train,2023,38,24
AmeriFlux_US-MN3,train,2024,30,24
AmeriFlux_US-Me2,train,2019,28,61
AmeriFlux_US-Me2,train,2020,38,60
AmeriFlux_US-Me2,train,2021,32,65
AmeriFlux_US-Me2,train,2022,12,23
AmeriFlux_US-Me6,train,2020,24,33
AmeriFlux_US-Me6,train,2021,36,65
AmeriFlux_US-Me6,train,2022,33,51
AmeriFlux_US-Me6,train,2023,37,56
AmeriFlux_US-Me6,train,2024,32,54
AmeriFlux_US-Mo1,val,2018,56,28
AmeriFlux_US-Mo1,val,2019,48,26
AmeriFlux_US-Mo1,val,2020,51,25
AmeriFlux_US-Mo1,val,2021,58,28
AmeriFlux_US-Mo1,val,2022,65,20
AmeriFlux_US-Mo1,val,2023,74,19
AmeriFlux_US-Mo1,val,2024,73,21
AmeriFlux_US-Mo2,train,2018,30,29
AmeriFlux_US-Mo2,train,2019,26,26
AmeriFlux_US-Mo2,train,2020,35,25
AmeriFlux_US-Mo2,train,2021,27,28
AmeriFlux_US-Mo2,train,2022,28,22
AmeriFlux_US-Mo2,train,2023,2,2
AmeriFlux_US-Mo3,val,2017,33,27
AmeriFlux_US-Mo3,val,2018,59,29
AmeriFlux_US-Mo3,val,2019,50,26
AmeriFlux_US-Mo3,val,2020,55,25
AmeriFlux_US-Mo3,val,2021,55,28
AmeriFlux_US-Mpj,train,2017,37,104
AmeriFlux_US-Mpj,train,2018,88,108
AmeriFlux_US-Mpj,train,2019,82,110
AmeriFlux_US-Mpj,train,2020,108,114
AmeriFlux_US-Mpj,train,2021,92,117
AmeriFlux_US-Mpj,train,2022,87,66
AmeriFlux_US-Mpj,train,2023,104,87
AmeriFlux_US-Mpj,train,2024,40,40
AmeriFlux_US-MtB,oos,2019,37,67
AmeriFlux_US-MtB,oos,2020,43,90
AmeriFlux_US-MtB,oos,2021,43,117
AmeriFlux_US-MtB,oos,2022,41,80
AmeriFlux_US-MtB,oos,2023,48,85
AmeriFlux_US-MtB,oos,2024,51,78
AmeriFlux_US-NC3,train,2017,11,28
AmeriFlux_US-NC3,train,2018,30,28
AmeriFlux_US-NC3,train,2019,32,29
AmeriFlux_US-NC3,train,2020,5,4
AmeriFlux_US-Ne1,oos,2017,28,22
AmeriFlux_US-Ne1,oos,2018,55,27
AmeriFlux_US-Ne1,oos,2019,63,20
AmeriFlux_US-Ne1,oos,2020,63,27
AmeriFlux_US-Ne1,oos,2021,65,28
AmeriFlux_US-Ne1,oos,2022,77,28
AmeriFlux_US-Ne1,oos,2023,70,27
AmeriFlux_US-Ne1,oos,2024,71,22
AmeriFlux_US-Ne2,oos,2017,28,22
AmeriFlux_US-Ne2,oos,2018,54,27
AmeriFlux_US-Ne2,oos,2019,62,20
AmeriFlux_US-Ne2,oos,2020,66,27
AmeriFlux_US-Ne2,oos,2021,67,28
AmeriFlux_US-Ne2,oos,2022,75,28
AmeriFlux_US-Ne2,oos,2023,71,27
AmeriFlux_US-Ne2,oos,2024,19,7
AmeriFlux_US-ONA,train,2018,14,36
AmeriFlux_US-ONA,train,2019,19,60
AmeriFlux_US-ONA,train,2020,27,59
AmeriFlux_US-ONA,train,2021,24,56
AmeriFlux_US-ONA,train,2022,25,56
AmeriFlux_US-RGB,val,2021,44,211
AmeriFlux_US-RGB,val,2022,52,115
AmeriFlux_US-RGB,val,2023,50,113
AmeriFlux_US-RGB,val,2024,18,45
AmeriFlux_US-RGo,val,2021,52,115
AmeriFlux_US-RGo,val,2022,108,115
AmeriFlux_US-RGo,val,2023,95,113
AmeriFlux_US-RGo,val,2024,90,110
AmeriFlux_US-Rls,train,2017,47,82
AmeriFlux_US-Rls,train,2018,67,91
AmeriFlux_US-Rls,train,2019,53,109
AmeriFlux_US-Rls,train,2020,69,178
AmeriFlux_US-Rls,train,2021,69,176
AmeriFlux_US-Rls,train,2022,72,87
AmeriFlux_US-Rls,train,2023,45,66
AmeriFlux_US-Rms,train,2017,43,83
AmeriFlux_US-Rms,train,2018,62,91
AmeriFlux_US-Rms,train,2019,56,109
AmeriFlux_US-Rms,train,2020,75,178
AmeriFlux_US-Rms,train,2021,64,176
AmeriFlux_US-Rms,train,2022,70,87
AmeriFlux_US-Rms,train,2023,45,66
AmeriFlux_US-Ro4,val,2017,29,30
AmeriFlux_US-Ro4,val,2018,56,30
AmeriFlux_US-Ro4,val,2019,45,30
AmeriFlux_US-Ro4,val,2020,56,31
AmeriFlux_US-Ro4,val,2021,53,30
AmeriFlux_US-Ro4,val,2022,62,16
AmeriFlux_US-Ro4,val,2023,56,18
AmeriFlux_US-Ro4,val,2024,56,15
AmeriFlux_US-Ro5,val,2017,0,30
AmeriFlux_US-Ro5,val,2018,27,30
AmeriFlux_US-Ro5,val,2019,48,30
AmeriFlux_US-Ro5,val,2020,58,31
AmeriFlux_US-Ro5,val,2021,59,30
AmeriFlux_US-Ro5,val,2022,62,16
AmeriFlux_US-Ro5,val,2023,57,18
AmeriFlux_US-Ro5,val,2024,64,20
AmeriFlux_US-Ro6,val,2017,0,30
AmeriFlux_US-Ro6,val,2018,28,30
AmeriFlux_US-Ro6,val,2019,49,30
AmeriFlux_US-Ro6,val,2020,59,31
AmeriFlux_US-Ro6,val,2021,58,30
AmeriFlux_US-Ro6,val,2022,62,16
AmeriFlux_US-Ro6,val,2023,56,18
AmeriFlux_US-Ro6,val,2024,65,20
AmeriFlux_US-Rwf,train,2017,45,83
AmeriFlux_US-Rwf,train,2018,55,91
AmeriFlux_US-Rwf,train,2019,50,109
AmeriFlux_US-Rwf,train,2020,72,178
AmeriFlux_US-Rwf,train,2021,59,176
AmeriFlux_US-Rwf,train,2022,55,87
AmeriFlux_US-Rwf,train,2023,24,66
AmeriFlux_US-Rws,train,2017,43,82
AmeriFlux_US-Rws,train,2018,61,91
AmeriFlux_US-Rws,train,2019,55,109
AmeriFlux_US-Rws,train,2020,73,178
AmeriFlux_US-Rws,train,2021,69,176
AmeriFlux_US-Rws,train,2022,70,87
AmeriFlux_US-Rws,train,2023,48,66
AmeriFlux_US-SHC,train,2017,26,27
AmeriFlux_US-SHC,train,2018,85,63
AmeriFlux_US-SHC,train,2019,83,98
AmeriFlux_US-SHC,train,2020,79,88
AmeriFlux_US-SRG,oos,2018,30,43
AmeriFlux_US-SRG,oos,2019,49,77
AmeriFlux_US-SRG,oos,2020,52,90
AmeriFlux_US-SRG,oos,2021,47,117
AmeriFlux_US-SRG,oos,2022,52,80
AmeriFlux_US-SRG,oos,2023,58,86
AmeriFlux_US-SRG,oos,2024,21,30
AmeriFlux_US-SRM,train,2019,49,77
AmeriFlux_US-SRM,train,2020,56,90
AmeriFlux_US-SRM,train,2021,48,117
AmeriFlux_US-SRM,train,2022,28,35
AmeriFlux_US-Seg,train,2017,17,78
AmeriFlux_US-Seg,train,2018,59,89
AmeriFlux_US-Seg,train,2019,57,90
AmeriFlux_US-Seg,train,2020,53,88
AmeriFlux_US-Seg,train,2021,45,87
AmeriFlux_US-Seg,train,2022,83,55
AmeriFlux_US-Seg,train,2023,101,57
AmeriFlux_US-Seg,train,2024,92,57
AmeriFlux_US-Ses,train,2018,28,31
AmeriFlux_US-Ses,train,2019,95,90
AmeriFlux_US-Ses,train,2020,108,88
AmeriFlux_US-Ses,train,2021,89,87
AmeriFlux_US-Sne,train,2017,37,117
AmeriFlux_US-Sne,train,2018,45,103
AmeriFlux_US-Sne,train,2019,47,179
AmeriFlux_US-Sne,train,2020,61,202
AmeriFlux_US-Ton,train,2017,18,53
AmeriFlux_US-Ton,train,2018,37,62
AmeriFlux_US-Ton,train,2019,41,98
AmeriFlux_US-Ton,train,2020,51,119
AmeriFlux_US-Tw4,train,2017,35,117
AmeriFlux_US-Tw4,train,2018,45,103
AmeriFlux_US-Tw4,train,2019,44,179
AmeriFlux_US-Tw4,train,2020,58,202
AmeriFlux_US-Tw4,train,2021,52,211
AmeriFlux_US-Tw4,train,2022,50,105
AmeriFlux_US-UC1,oos,2020,9,14
AmeriFlux_US-UC1,oos,2021,22,25
AmeriFlux_US-UC1,oos,2022,23,24
AmeriFlux_US-UC1,oos,2023,14,27
AmeriFlux_US-UC1,oos,2024,0,1
AmeriFlux_US-UMB,train,2017,12,56
AmeriFlux_US-UMB,train,2018,39,57
AmeriFlux_US-UMB,train,2019,34,59
AmeriFlux_US-UMB,train,2020,43,57
AmeriFlux_US-UMB,train,2021,50,51
AmeriFlux_US-UMd,train,2017,10,47
AmeriFlux_US-UMd,train,2018,38,57
AmeriFlux_US-UMd,train,2019,35,59
AmeriFlux_US-UMd,train,2020,38,57
AmeriFlux_US-UMd,train,2021,50,51
AmeriFlux_US-UMd,train,2022,34,20
AmeriFlux_US-UMd,train,2023,44,28
AmeriFlux_US-Var,train,2017,2,5
AmeriFlux_US-Var,train,2018,40,60
AmeriFlux_US-Var,train,2019,42,98
AmeriFlux_US-Var,train,2020,49,119
AmeriFlux_US-Var,train,2021,37,96
AmeriFlux_US-Vcm,train,2017,17,79
AmeriFlux_US-Vcm,train,2018,35,77
AmeriFlux_US-Vcm,train,2019,26,80
AmeriFlux_US-Vcm,train,2020,39,85
AmeriFlux_US-Vcm,train,2021,34,89
AmeriFlux_US-Vcm,train,2022,39,39
AmeriFlux_US-Vcm,train,2023,39,56
AmeriFlux_US-Vcp,oos,2021,38,84
AmeriFlux_US-Vcp,oos,2022,41,39
AmeriFlux_US-Vcp,oos,2023,38,56
AmeriFlux_US-Vcp,oos,2024,40,58
AmeriFlux_US-Whs,oos,2017,54,77
AmeriFlux_US-Whs,oos,2018,92,64
AmeriFlux_US-Whs,oos,2019,99,76
AmeriFlux_US-Whs,oos,2020,109,89
AmeriFlux_US-Wjs,train,2017,7,25
AmeriFlux_US-Wjs,train,2018,35,78
AmeriFlux_US-Wjs,train,2019,42,78
AmeriFlux_US-Wjs,train,2020,55,84
AmeriFlux_US-Wjs,train,2021,41,86
AmeriFlux_US-Wjs,train,2022,43,38
AmeriFlux_US-Wjs,train,2023,45,60
AmeriFlux_US-Wjs,train,2024,46,53
AmeriFlux_US-Wkg,train,2017,53,77
AmeriFlux_US-Wkg,train,2018,91,64
AmeriFlux_US-Wkg,train,2019,90,76
AmeriFlux_US-Wkg,train,2020,102,89
AmeriFlux_US-Wkg,train,2021,88,85
AmeriFlux_US-Wkg,train,2022,88,51
AmeriFlux_US-Wkg,train,2023,108,57
AmeriFlux_US-Wkg,train,2024,108,52
AmeriFlux_US-xBR,train,2020,2,6
AmeriFlux_US-xBR,train,2021,21,82
AmeriFlux_US-xBR,train,2022,19,71
AmeriFlux_US-xBR,train,2023,22,59
AmeriFlux_US-xBR,train,2024,20,32
AmeriFlux_US-xCL,train,2021,28,54
AmeriFlux_US-xCL,train,2022,40,58
AmeriFlux_US-xCL,train,2023,38,55
AmeriFlux_US-xCL,train,2024,41,55
AmeriFlux_US-xCP,train,2021,55,60
AmeriFlux_US-xCP,train,2022,76,68
AmeriFlux_US-xCP,train,2023,87,85
AmeriFlux_US-xCP,train,2024,78,85
AmeriFlux_US-xDJ,train,2019,0,7
AmeriFlux_US-xDJ,train,2020,39,55
AmeriFlux_US-xDJ,train,2021,41,51
AmeriFlux_US-xDJ,train,2022,37,25
AmeriFlux_US-xDJ,train,2023,30,55
AmeriFlux_US-xDJ,train,2024,34,48
AmeriFlux_US-xDL,train,2020,2,2
AmeriFlux_US-xDL,train,2021,25,28
AmeriFlux_US-xDL,train,2022,41,29
AmeriFlux_US-xDL,train,2023,33,29
AmeriFlux_US-xDL,train,2024,34,28
AmeriFlux_US-xHA,train,2020,11,12
AmeriFlux_US-xHA,train,2021,22,24
AmeriFlux_US-xHA,train,2022,26,49
AmeriFlux_US-xHA,train,2023,26,31
AmeriFlux_US-xHA,train,2024,11,15
AmeriFlux_US-xJE,train,2019,30,12
AmeriFlux_US-xJE,train,2020,54,32
AmeriFlux_US-xJE,train,2021,60,27
AmeriFlux_US-xJE,train,2022,64,30
AmeriFlux_US-xJE,train,2023,8,2
AmeriFlux_US-xJR,train,2019,61,54
AmeriFlux_US-xJR,train,2020,116,88
AmeriFlux_US-xJR,train,2021,104,87
AmeriFlux_US-xJR,train,2022,100,56
AmeriFlux_US-xJR,train,2023,3,3
AmeriFlux_US-xKA,train,2021,9,14
AmeriFlux_US-xKA,train,2022,48,54
AmeriFlux_US-xKA,train,2023,34,55
AmeriFlux_US-xKA,train,2024,42,49
AmeriFlux_US-xNG,train,2021,14,22
AmeriFlux_US-xNG,train,2022,36,74
AmeriFlux_US-xNG,train,2023,36,85
AmeriFlux_US-xNG,train,2024,32,79
AmeriFlux_US-xRM,val,2021,10,34
AmeriFlux_US-xRM,val,2022,32,79
AmeriFlux_US-xRM,val,2023,31,115
AmeriFlux_US-xRM,val,2024,38,111
AmeriFlux_US-xSC,train,2021,7,12
AmeriFlux_US-xSC,train,2022,30,55
AmeriFlux_US-xSC,train,2023,23,54
AmeriFlux_US-xSC,train,2024,26,51
AmeriFlux_US-xSE,train,2020,27,55
AmeriFlux_US-xSE,train,2021,27,55
AmeriFlux_US-xSE,train,2022,33,57
AmeriFlux_US-xSE,train,2023,29,54
AmeriFlux_US-xSE,train,2024,28,51
AmeriFlux_US-xSJ,train,2020,3,12
AmeriFlux_US-xSJ,train,2021,50,116
AmeriFlux_US-xSJ,train,2022,49,59
AmeriFlux_US-xSJ,train,2023,51,60
AmeriFlux_US-xSJ,train,2024,2,3
AmeriFlux_US-xUK,oos,2020,61,57
AmeriFlux_US-xUK,oos,2021,66,58
AmeriFlux_US-xUK,oos,2022,80,48
AmeriFlux_US-xUK,oos,2023,67,51
AmeriFlux_US-xUK,oos,2024,74,45
AmeriFlux_US-xUN,train,2021,22,14
AmeriFlux_US-xUN,train,2022,41,0
AmeriFlux_US-xUN,train,2023,36,0
AmeriFlux_US-xUN,train,2024,43,0
AmeriFlux_US-xWD,train,2019,1,1
AmeriFlux_US-xWD,train,2020,63,50
AmeriFlux_US-xWD,train,2021,71,56
AmeriFlux_US-xWD,train,2022,62,51
AmeriFlux_US-xWD,train,2023,67,57
AmeriFlux_US-xWD,train,2024,57,48
ICOS_BE-Bra,oos,2020,41,234
ICOS_BE-Bra,oos,2021,31,233
ICOS_BE-Bra,oos,2022,40,118
ICOS_BE-Bra,oos,2023,25,117
ICOS_BE-Bra,oos,2024,16,109
ICOS_BE-Lon,oos,2018,31,158
ICOS_BE-Lon,oos,2019,35,234
ICOS_BE-Lon,oos,2020,50,234
ICOS_BE-Lon,oos,2021,29,233
ICOS_BE-Lon,oos,2022,44,118
ICOS_BE-Lon,oos,2023,34,118
ICOS_BE-Lon,oos,2024,3,29
ICOS_BE-Maa,oos,2019,8,59
ICOS_BE-Maa,oos,2020,47,173
ICOS_BE-Maa,oos,2021,32,174
ICOS_BE-Maa,oos,2022,43,87
ICOS_BE-Maa,oos,2023,27,88
ICOS_BE-Maa,oos,2024,26,81
ICOS_BE-Vie,oos,2018,12,82
ICOS_BE-Vie,oos,2019,17,179
ICOS_BE-Vie,oos,2020,25,170
ICOS_BE-Vie,oos,2021,15,176
ICOS_BE-Vie,oos,2022,21,89
ICOS_BE-Vie,oos,2023,16,88
ICOS_BE-Vie,oos,2024,11,83
ICOS_CH-Cha,train,2017,39,168
ICOS_CH-Cha,train,2018,49,176
ICOS_CH-Cha,train,2019,44,173
ICOS_CH-Cha,train,2020,51,173
ICOS_CH-Dav,oos,2017,22,216
ICOS_CH-Dav,oos,2018,33,232
ICOS_CH-Dav,oos,2019,26,230
ICOS_CH-Dav,oos,2020,33,238
ICOS_CH-Dav,oos,2021,29,218
ICOS_CH-Dav,oos,2022,34,117
ICOS_CH-Dav,oos,2023,31,116
ICOS_CH-Dav,oos,2024,31,109
ICOS_CH-Fru,train,2017,36,167
ICOS_CH-Fru,train,2018,47,175
ICOS_CH-Fru,train,2019,46,173
ICOS_CH-Fru,train,2020,53,173
ICOS_CH-Lae,val,2017,32,218
ICOS_CH-Lae,val,2018,50,232
ICOS_CH-Lae,val,2019,52,232
ICOS_CH-Lae,val,2020,47,234
ICOS_CH-Oe2,train,2017,22,219
ICOS_CH-Oe2,train,2018,28,233
ICOS_CH-Oe2,train,2019,28,232
ICOS_CH-Oe2,train,2020,24,234
ICOS_CZ-BK1,train,2017,9,172
ICOS_CZ-BK1,train,2018,17,176
ICOS_CZ-BK1,train,2019,16,177
ICOS_CZ-BK1,train,2020,17,175
ICOS_CZ-KrP,train,2017,0,235
ICOS_CZ-KrP,train,2018,41,235
ICOS_CZ-KrP,train,2019,43,239
ICOS_CZ-KrP,train,2020,37,239
ICOS_CZ-Lnz,train,2017,32,177
ICOS_CZ-Lnz,train,2018,53,175
ICOS_CZ-Lnz,train,2019,50,178
ICOS_CZ-Lnz,train,2020,50,175
ICOS_CZ-RAJ,train,2017,26,177
ICOS_CZ-RAJ,train,2018,39,175
ICOS_CZ-RAJ,train,2019,39,178
ICOS_CZ-RAJ,train,2020,39,176
ICOS_CZ-Stn,train,2017,14,233
ICOS_CZ-Stn,train,2018,23,236
ICOS_CZ-Stn,train,2019,21,236
ICOS_CZ-Stn,train,2020,24,234
ICOS_CZ-wet,train,2017,22,174
ICOS_CZ-wet,train,2018,54,176
ICOS_CZ-wet,train,2019,50,180
ICOS_CZ-wet,train,2020,49,180
ICOS_CZ-wet,train,2021,31,174
ICOS_CZ-wet,train,2022,11,88
ICOS_CZ-wet,train,2023,34,89
ICOS_CZ-wet,train,2024,36,75
ICOS_DE-Geb,oos,2017,22,236
ICOS_DE-Geb,oos,2018,43,234
ICOS_DE-Geb,oos,2019,43,229
ICOS_DE-Geb,oos,2020,0,1
ICOS_DE-Gri,oos,2020,5,32
ICOS_DE-Gri,oos,2021,20,219
ICOS_DE-Gri,oos,2022,32,113
ICOS_DE-Gri,oos,2023,23,117
ICOS_DE-Gri,oos,2024,36,109
ICOS_DE-Har,train,2021,6,108
ICOS_DE-Har,train,2022,32,121
ICOS_DE-Har,train,2023,20,117
ICOS_DE-Har,train,2024,11,107
ICOS_DE-HoH,val,2017,20,236
ICOS_DE-HoH,val,2018,52,234
ICOS_DE-HoH,val,2019,33,234
ICOS_DE-HoH,val,2020,37,240
ICOS_DE-HoH,val,2021,26,231
ICOS_DE-HoH,val,2022,34,115
ICOS_DE-HoH,val,2023,25,115
ICOS_DE-HoH,val,2024,31,115
ICOS_DE-Kli,train,2017,18,235
ICOS_DE-Kli,train,2018,40,234
ICOS_DE-Kli,train,2019,32,234
ICOS_DE-Kli,train,2020,41,239
ICOS_DE-Kli,train,2021,23,234
ICOS_DE-Kli,train,2022,36,113
ICOS_DE-Kli,train,2023,25,117
ICOS_DE-Kli,train,2024,12,33
ICOS_DE-Obe,train,2017,4,171
ICOS_DE-Obe,train,2018,24,175
ICOS_DE-Obe,train,2019,18,178
ICOS_DE-Obe,train,2020,23,178
ICOS_DE-RuR,val,2017,8,182
ICOS_DE-RuR,val,2018,20,179
ICOS_DE-RuR,val,2019,17,179
ICOS_DE-RuR,val,2020,23,176
ICOS_DE-RuR,val,2021,12,176
ICOS_DE-RuR,val,2022,16,89
ICOS_DE-RuR,val,2023,12,88
ICOS_DE-RuR,val,2024,13,83
ICOS_DE-RuS,oos,2019,14,159
ICOS_DE-RuS,oos,2020,23,232
ICOS_DE-RuS,oos,2021,15,236
ICOS_DE-RuS,oos,2022,20,119
ICOS_DE-RuS,oos,2023,13,117
ICOS_DE-RuS,oos,2024,15,105
ICOS_DE-RuW,train,2018,1,31
ICOS_DE-RuW,train,2019,14,179
ICOS_DE-RuW,train,2020,20,176
ICOS_DE-RuW,train,2021,11,176
ICOS_DE-RuW,train,2022,16,89
ICOS_DE-RuW,train,2023,12,88
ICOS_DE-RuW,train,2024,10,83
ICOS_DK-Sor,train,2021,3,24
ICOS_DK-Sor,train,2022,33,115
ICOS_DK-Sor,train,2023,30,114
ICOS_DK-Sor,train,2024,27,113
ICOS_ES-Abr,oos,2017,69,239
ICOS_ES-Abr,oos,2018,74,235
ICOS_ES-Abr,oos,2019,88,240
ICOS_ES-Abr,oos,2020,76,239
ICOS_ES-Agu,val,2017,9,37
ICOS_ES-Agu,val,2018,41,155
ICOS_ES-Agu,val,2019,49,143
ICOS_ES-Agu,val,2020,43,157
ICOS_ES-Cnd,train,2017,37,118
ICOS_ES-Cnd,train,2018,41,120
ICOS_ES-Cnd,train,2019,49,115
ICOS_ES-Cnd,train,2020,4,11
ICOS_ES-LM1,train,2017,35,120
ICOS_ES-LM1,train,2018,44,117
ICOS_ES-LM1,train,2019,49,121
ICOS_ES-LM1,train,2020,38,119
ICOS_ES-LM2,train,2017,35,120
ICOS_ES-LM2,train,2018,43,117
ICOS_ES-LM2,train,2019,47,121
ICOS_ES-LM2,train,2020,37,119
ICOS_ES-LMa,train,2020,38,119
ICOS_ES-LMa,train,2021,41,116
ICOS_ES-LMa,train,2022,43,59
ICOS_ES-LMa,train,2023,40,58
ICOS_ES-LMa,train,2024,44,51
ICOS_FI-Hyy,oos,2018,1,12
ICOS_FI-Hyy,oos,2019,28,89
ICOS_FI-Hyy,oos,2020,28,90
ICOS_FI-Hyy,oos,2021,26,150
ICOS_FI-Hyy,oos,2022,34,111
ICOS_FI-Hyy,oos,2023,36,117
ICOS_FI-Hyy,oos,2024,27,114
ICOS_FI-Ken,train,2018,40,346
ICOS_FI-Ken,train,2019,36,350
ICOS_FI-Ken,train,2020,38,351
ICOS_FI-Ken,train,2021,39,349
ICOS_FI-Ken,train,2022,28,176
ICOS_FI-Ken,train,2023,39,177
ICOS_FI-Ken,train,2024,38,166
ICOS_FI-Sii,train,2017,9,113
ICOS_FI-Sii,train,2018,42,114
ICOS_FI-Sii,train,2019,36,89
ICOS_FI-Sii,train,2020,29,90
ICOS_FI-Sii,train,2021,29,150
ICOS_FI-Sii,train,2022,35,111
ICOS_FI-Sii,train,2023,35,117
ICOS_FI-Sii,train,2024,32,114
ICOS_FI-Var,train,2020,29,330
ICOS_FI-Var,train,2021,35,331
ICOS_FI-Var,train,2022,32,178
ICOS_FI-Var,train,2023,45,171
ICOS_FI-Var,train,2024,31,153
ICOS_FR-Aur,train,2017,25,200
ICOS_FR-Aur,train,2018,30,176
ICOS_FR-Aur,train,2019,26,172
ICOS_FR-Aur,train,2020,30,210
ICOS_FR-Aur,train,2021,25,204
ICOS_FR-Aur,train,2022,9,53
ICOS_FR-Bil,train,2017,18,175
ICOS_FR-Bil,train,2018,20,177
ICOS_FR-Bil,train,2019,34,170
ICOS_FR-Bil,train,2020,27,178
ICOS_FR-Bil,train,2021,23,173
ICOS_FR-Bil,train,2022,19,90
ICOS_FR-Bil,train,2023,22,87
ICOS_FR-Bil,train,2024,17,80
ICOS_FR-CLt,train,2019,40,148
ICOS_FR-CLt,train,2020,44,163
ICOS_FR-CLt,train,2021,37,172
ICOS_FR-CLt,train,2022,45,89
ICOS_FR-CLt,train,2023,41,91
ICOS_FR-CLt,train,2024,34,80
ICOS_FR-EM2,train,2017,24,215
ICOS_FR-EM2,train,2018,51,183
ICOS_FR-EM2,train,2019,40,178
ICOS_FR-EM2,train,2020,51,179
ICOS_FR-EM2,train,2021,34,173
ICOS_FR-EM2,train,2022,48,88
ICOS_FR-EM2,train,2023,33,89
ICOS_FR-EM2,train,2024,19,82
ICOS_FR-FBn,train,2017,26,76
ICOS_FR-FBn,train,2018,31,119
ICOS_FR-FBn,train,2019,46,118
ICOS_FR-FBn,train,2020,34,119
ICOS_FR-Gri,oos,2017,26,237
ICOS_FR-Gri,oos,2018,48,209
ICOS_FR-Gri,oos,2019,36,199
ICOS_FR-Gri,oos,2020,23,120
ICOS_FR-Hes,train,2017,24,140
ICOS_FR-Hes,train,2018,48,148
ICOS_FR-Hes,train,2019,43,146
ICOS_FR-Hes,train,2020,54,149
ICOS_FR-Mej,train,2019,9,46
ICOS_FR-Mej,train,2020,41,177
ICOS_FR-Mej,train,2021,31,178
ICOS_FR-Mej,train,2022,46,90
ICOS_FR-Mej,train,2023,33,89
ICOS_FR-Mej,train,2024,26,91
ICOS_FR-Pue,oos,2021,2,14
ICOS_FR-Pue,oos,2022,34,57
ICOS_FR-Pue,oos,2023,36,56
ICOS_FR-Pue,oos,2024,29,60
ICOS_FR-Tou,oos,2018,26,91
ICOS_FR-Tou,oos,2019,26,82
ICOS_FR-Tou,oos,2020,30,120
ICOS_FR-Tou,oos,2021,25,116
ICOS_FR-Tou,oos,2022,30,61
ICOS_FR-Tou,oos,2023,24,57
ICOS_FR-Tou,oos,2024,25,54
ICOS_GF-Guy,train,2017,4,134
ICOS_GF-Guy,train,2018,3,147
ICOS_GF-Guy,train,2019,3,151
ICOS_GF-Guy,train,2020,5,147
ICOS_GF-Guy,train,2021,5,147
ICOS_GF-Guy,train,2022,0,36
ICOS_IL-Yat,oos,2017,40,159
ICOS_IL-Yat,oos,2018,46,169
ICOS_IL-Yat,oos,2019,51,175
ICOS_IL-Yat,oos,2020,50,175
ICOS_IT-BCi,oos,2017,39,118
ICOS_IT-BCi,oos,2018,43,118
ICOS_IT-BCi,oos,2019,43,117
ICOS_IT-BCi,oos,2020,49,115
ICOS_IT-BFt,oos,2019,71,233
ICOS_IT-BFt,oos,2020,72,237
ICOS_IT-BFt,oos,2021,69,231
ICOS_IT-BFt,oos,2022,78,116
ICOS_IT-BFt,oos,2023,71,117
ICOS_IT-BFt,oos,2024,59,108
ICOS_IT-Lsn,train,2017,51,171
ICOS_IT-Lsn,train,2018,65,173
ICOS_IT-Lsn,train,2019,64,179
ICOS_IT-Lsn,train,2020,73,178
ICOS_IT-Lsn,train,2021,63,172
ICOS_IT-Lsn,train,2022,76,87
ICOS_IT-Lsn,train,2023,1,4
ICOS_IT-MBo,train,2017,44,219
ICOS_IT-MBo,train,2018,58,184
ICOS_IT-MBo,train,2019,58,178
ICOS_IT-MBo,train,2020,64,139
ICOS_IT-SR2,train,2017,65,120
ICOS_IT-SR2,train,2018,71,116
ICOS_IT-SR2,train,2019,70,112
ICOS_IT-SR2,train,2020,17,32
ICOS_IT-Tor,oos,2020,21,49
ICOS_IT-Tor,oos,2021,57,174
ICOS_IT-Tor,oos,2022,70,91
ICOS_IT-Tor,oos,2023,67,89
ICOS_IT-Tor,oos,2024,54,78
ICOS_IT-TrF,oos,2017,0,176
ICOS_IT-TrF,oos,2018,29,175
ICOS_IT-TrF,oos,2019,72,177
ICOS_IT-TrF,oos,2020,72,177
ICOS_IT-TrF,oos,2021,57,174
ICOS_IT-TrF,oos,2022,72,91
ICOS_IT-TrF,oos,2023,66,89
ICOS_IT-TrF,oos,2024,44,60
ICOS_RU-Fy2,train,2017,14,233
ICOS_RU-Fy2,train,2018,23,236
ICOS_RU-Fy2,train,2019,21,236
ICOS_RU-Fy2,train,2020,24,234
ICOS_RU-Fyo,train,2017,0,3
ICOS_RU-Fyo,train,2018,34,52
ICOS_RU-Fyo,train,2019,23,58
ICOS_RU-Fyo,train,2020,26,53
ICOS_SE-Deg,oos,2017,0,204
ICOS_SE-Deg,oos,2018,0,218
ICOS_SE-Deg,oos,2019,9,222
ICOS_SE-Deg,oos,2020,52,227
ICOS_SE-Deg,oos,2021,44,221
ICOS_SE-Deg,oos,2022,45,145
ICOS_SE-Deg,oos,2023,48,143
ICOS_SE-Deg,oos,2024,46,125
ICOS_SE-Htm,train,2017,0,211
ICOS_SE-Htm,train,2018,0,209
ICOS_SE-Htm,train,2019,16,203
ICOS_SE-Htm,train,2020,27,210
ICOS_SE-Htm,train,2021,35,210
ICOS_SE-Htm,train,2022,37,117
ICOS_SE-Htm,train,2023,29,118
ICOS_SE-Htm,train,2024,28,112
ICOS_SE-Nor,oos,2018,10,102
ICOS_SE-Nor,oos,2019,34,221
ICOS_SE-Nor,oos,2020,38,227
ICOS_SE-Nor,oos,2021,26,222
ICOS_SE-Nor,oos,2022,43,146
ICOS_SE-Nor,oos,2023,39,145
ICOS_SE-Nor,oos,2024,37,127
ICOS_SE-Svb,oos,2017,0,208
ICOS_SE-Svb,oos,2018,0,216
ICOS_SE-Svb,oos,2019,0,222
ICOS_SE-Svb,oos,2020,0,227
ICOS_SE-Svb,oos,2021,0,221
ICOS_SE-Svb,oos,2022,32,146
ICOS_SE-Svb,oos,2023,52,144
ICOS_SE-Svb,oos,2024,47,128
ICOS_UK-AMo,train,2021,3,25
ICOS_UK-AMo,train,2022,26,106
ICOS_UK-AMo,train,2023,18,103
ICOS_UK-AMo,train,2024,15,96
ISMN_AMMA-CATCH_Banizoumbou,train,2016,19,27
ISMN_AMMA-CATCH_Banizoumbou,train,2017,34,28
ISMN_AMMA-CATCH_Banizoumbou,train,2018,50,29
ISMN_AMMA-CATCH_Tondikiboro,train,2016,20,27
ISMN_AMMA-CATCH_Tondikiboro,train,2017,30,28
ISMN_AMMA-CATCH_Tondikiboro,train,2018,52,29
ISMN_ARM_Anthony,train,2016,14,22
ISMN_ARM_Anthony,train,2017,31,23
ISMN_ARM_Anthony,train,2018,76,49
ISMN_ARM_Anthony,train,2019,73,55
ISMN_ARM_Anthony,train,2020,81,54
ISMN_ARM_Anthony,train,2021,55,43
ISMN_ARM_Ashton,train,2016,6,20
ISMN_ARM_Ashton,train,2017,15,24
ISMN_ARM_Ashton,train,2018,32,49
ISMN_ARM_Ashton,train,2019,38,55
ISMN_ARM_Ashton,train,2020,38,54
ISMN_ARM_Ashton,train,2021,40,58
ISMN_ARM_Ashton,train,2022,41,27
ISMN_ARM_Ashton,train,2023,25,21
ISMN_ARM_Byron,train,2016,16,43
ISMN_ARM_Byron,train,2017,32,43
ISMN_ARM_Byron,train,2018,78,71
ISMN_ARM_Byron,train,2019,73,84
ISMN_ARM_Byron,train,2020,78,85
ISMN_ARM_Byron,train,2021,73,81
ISMN_ARM_Lamont-CF1,train,2016,8,21
ISMN_ARM_Lamont-CF1,train,2017,17,24
ISMN_ARM_Lamont-CF1,train,2018,33,49
ISMN_ARM_Lamont-CF1,train,2019,38,55
ISMN_ARM_Lamont-CF1,train,2020,34,54
ISMN_ARM_Lamont-CF1,train,2021,38,58
ISMN_ARM_Lamont-CF1,train,2022,41,27
ISMN_ARM_Lamont-CF1,train,2023,32,28
ISMN_ARM_Lamont-CF1,train,2024,41,28
ISMN_ARM_Lamont-CF1,train,2025,39,31
ISMN_ARM_Lamont-CF2,train,2021,16,24
ISMN_ARM_Lamont-CF2,train,2022,41,27
ISMN_ARM_Lamont-CF2,train,2023,32,28
ISMN_ARM_Lamont-CF2,train,2024,42,28
ISMN_ARM_Lamont-CF2,train,2025,38,31
ISMN_ARM_MapleCity,oos,2019,18,14
ISMN_ARM_MapleCity,oos,2020,76,54
ISMN_ARM_MapleCity,oos,2021,67,58
ISMN_ARM_MapleCity,oos,2022,88,27
ISMN_ARM_MapleCity,oos,2023,50,21
ISMN_ARM_Marshall,train,2016,7,16
ISMN_ARM_Marshall,train,2017,19,24
ISMN_ARM_Marshall,train,2018,35,49
ISMN_ARM_Marshall,train,2019,37,55
ISMN_ARM_Marshall,train,2020,35,54
ISMN_ARM_Marshall,train,2021,40,58
ISMN_ARM_Marshall,train,2022,44,27
ISMN_ARM_Marshall,train,2023,25,21
ISMN_ARM_Medford,oos,2016,15,20
ISMN_ARM_Medford,oos,2017,35,24
ISMN_ARM_Medford,oos,2018,69,49
ISMN_ARM_Medford,oos,2019,78,55
ISMN_ARM_Medford,oos,2020,73,54
ISMN_ARM_Medford,oos,2021,73,58
ISMN_ARM_Medford,oos,2022,83,27
ISMN_ARM_Medford,oos,2023,66,28
ISMN_ARM_Medford,oos,2024,84,28
ISMN_ARM_Medford,oos,2025,79,31
ISMN_ARM_Morrison,train,2016,10,22
ISMN_ARM_Morrison,train,2017,19,24
ISMN_ARM_Morrison,train,2018,30,49
ISMN_ARM_Morrison,train,2019,40,55
ISMN_ARM_Morrison,train,2020,35,54
ISMN_ARM_Morrison,train,2021,37,58
ISMN_ARM_Morrison,train,2022,39,27
ISMN_ARM_Morrison,train,2023,33,28
ISMN_ARM_Morrison,train,2024,44,28
ISMN_ARM_Morrison,train,2025,38,31
ISMN_ARM_Newkirk,train,2016,6,21
ISMN_ARM_Newkirk,train,2017,17,24
ISMN_ARM_Newkirk,train,2018,28,49
ISMN_ARM_Newkirk,train,2019,36,55
ISMN_ARM_Newkirk,train,2020,33,54
ISMN_ARM_Newkirk,train,2021,35,58
ISMN_ARM_Newkirk,train,2022,36,27
ISMN_ARM_Newkirk,train,2023,36,28
ISMN_ARM_Newkirk,train,2024,43,28
ISMN_ARM_Newkirk,train,2025,37,31
ISMN_ARM_Omega,oos,2016,17,48
ISMN_ARM_Omega,oos,2017,37,43
ISMN_ARM_Omega,oos,2018,71,71
ISMN_ARM_Omega,oos,2019,72,84
ISMN_ARM_Omega,oos,2020,80,85
ISMN_ARM_Omega,oos,2021,23,37
ISMN_ARM_Pawhuska,train,2016,9,40
ISMN_ARM_Pawhuska,train,2017,16,46
ISMN_ARM_Pawhuska,train,2018,33,76
ISMN_ARM_Pawhuska,train,2019,34,75
ISMN_ARM_Pawhuska,train,2020,27,81
ISMN_ARM_Pawhuska,train,2021,35,86
ISMN_ARM_Pawhuska,train,2022,40,55
ISMN_ARM_Pawhuska,train,2023,29,55
ISMN_ARM_Pawhuska,train,2024,39,50
ISMN_ARM_Pawhuska,train,2025,35,60
ISMN_ARM_Ringwood,train,2016,15,43
ISMN_ARM_Ringwood,train,2017,36,43
ISMN_ARM_Ringwood,train,2018,77,71
ISMN_ARM_Ringwood,train,2019,78,84
ISMN_ARM_Ringwood,train,2020,74,85
ISMN_ARM_Ringwood,train,2021,78,87
ISMN_ARM_Ringwood,train,2022,85,57
ISMN_ARM_Ringwood,train,2023,57,40
ISMN_ARM_Tryon,train,2016,10,20
ISMN_ARM_Tryon,train,2017,16,24
ISMN_ARM_Tryon,train,2018,31,49
ISMN_ARM_Tryon,train,2019,35,55
ISMN_ARM_Tryon,train,2020,39,54
ISMN_ARM_Tryon,train,2021,36,58
ISMN_ARM_Tryon,train,2022,45,28
ISMN_ARM_Tryon,train,2023,25,21
ISMN_ARM_Tyro,train,2016,20,23
ISMN_ARM_Tyro,train,2017,31,22
ISMN_ARM_Tyro,train,2018,58,27
ISMN_ARM_Tyro,train,2019,61,20
ISMN_ARM_Tyro,train,2020,65,28
ISMN_ARM_Tyro,train,2021,68,28
ISMN_ARM_Tyro,train,2022,75,28
ISMN_ARM_Tyro,train,2023,69,27
ISMN_ARM_Tyro,train,2024,77,22
ISMN_ARM_Tyro,train,2025,65,29
ISMN_ARM_Waukomis,train,2016,14,22
ISMN_ARM_Waukomis,train,2017,28,24
ISMN_ARM_Waukomis,train,2018,61,49
ISMN_ARM_Waukomis,train,2019,53,55
ISMN_ARM_Waukomis,train,2020,57,54
ISMN_ARM_Waukomis,train,2021,51,58
ISMN_ARM_Waukomis,train,2022,51,27
ISMN_ARM_Waukomis,train,2023,40,28
ISMN_ARM_Waukomis,train,2024,57,28
ISMN_ARM_Waukomis,train,2025,44,31
ISMN_Berlin_DWDBerlin-Spaeth,oos,2021,4,58
ISMN_Berlin_DWDBerlin-Spaeth,oos,2022,43,114
ISMN_Berlin_DWDBerlin-Spaeth,oos,2023,28,118
ISMN_Berlin_DWDBerlin-Spaeth,oos,2024,41,111
ISMN_Berlin_DWDBerlin-Spaeth,oos,2025,49,209
ISMN_Berlin_DWDBerlinTempel,oos,2022,18,57
ISMN_Berlin_DWDBerlinTempel,oos,2023,28,118
ISMN_Berlin_DWDBerlinTempel,oos,2024,40,111
ISMN_Berlin_DWDBerlinTempel,oos,2025,48,209
ISMN_Berlin_PSA14wiltinger,train,2022,1,10
ISMN_Berlin_PSA14wiltinger,train,2023,32,118
ISMN_Berlin_PSA14wiltinger,train,2024,39,110
ISMN_Berlin_PSA14wiltinger,train,2025,53,209
ISMN_Berlin_PSA15bucherchaus,train,2022,1,10
ISMN_Berlin_PSA15bucherchaus,train,2023,27,118
ISMN_Berlin_PSA15bucherchaus,train,2024,39,110
ISMN_Berlin_PSA15bucherchaus,train,2025,56,209
ISMN_Berlin_PSA16krugwiesen,train,2022,1,10
ISMN_Berlin_PSA16krugwiesen,train,2023,29,118
ISMN_Berlin_PSA16krugwiesen,train,2024,32,110
ISMN_Berlin_PSA16krugwiesen,train,2025,45,209
ISMN_Berlin_PSA17suedpark,train,2022,0,10
ISMN_Berlin_PSA17suedpark,train,2023,28,118
ISMN_Berlin_PSA17suedpark,train,2024,38,111
ISMN_Berlin_PSA17suedpark,train,2025,46,209
ISMN_Berlin_PSA18Pfaueninsel,train,2022,0,10
ISMN_Berlin_PSA18Pfaueninsel,train,2023,27,118
ISMN_Berlin_PSA18Pfaueninsel,train,2024,35,111
ISMN_Berlin_PSA18Pfaueninsel,train,2025,55,209
ISMN_Berlin_PSA1BerlinerStr,val,2020,2,24
ISMN_Berlin_PSA1BerlinerStr,val,2021,29,234
ISMN_Berlin_PSA1BerlinerStr,val,2022,49,114
ISMN_Berlin_PSA1BerlinerStr,val,2023,28,118
ISMN_Berlin_PSA1BerlinerStr,val,2024,10,29
ISMN_Berlin_PSA2Tiergarten,train,2020,1,24
ISMN_Berlin_PSA2Tiergarten,train,2021,33,234
ISMN_Berlin_PSA2Tiergarten,train,2022,49,114
ISMN_Berlin_PSA2Tiergarten,train,2023,33,118
ISMN_Berlin_PSA2Tiergarten,train,2024,38,111
ISMN_Berlin_PSA2Tiergarten,train,2025,54,209
ISMN_Berlin_PSA4Heerstrasse,train,2020,1,24
ISMN_Berlin_PSA4Heerstrasse,train,2021,31,234
ISMN_Berlin_PSA4Heerstrasse,train,2022,43,114
ISMN_Berlin_PSA4Heerstrasse,train,2023,31,118
ISMN_Berlin_PSA4Heerstrasse,train,2024,7,23
ISMN_Berlin_PSA6Plaenterwald,train,2020,1,23
ISMN_Berlin_PSA6Plaenterwald,train,2021,32,234
ISMN_Berlin_PSA6Plaenterwald,train,2022,40,114
ISMN_Berlin_PSA6Plaenterwald,train,2023,26,118
ISMN_Berlin_PSA6Plaenterwald,train,2024,39,111
ISMN_Berlin_PSA6Plaenterwald,train,2025,50,209
ISMN_Berlin_PSA7Ruebezahl,val,2020,1,23
ISMN_Berlin_PSA7Ruebezahl,val,2021,26,234
ISMN_Berlin_PSA7Ruebezahl,val,2022,43,114
ISMN_Berlin_PSA7Ruebezahl,val,2023,27,118
ISMN_Berlin_PSA7Ruebezahl,val,2024,35,111
ISMN_Berlin_PSA7Ruebezahl,val,2025,24,67
ISMN_Berlin_PflABerlin11Humb,train,2022,1,15
ISMN_Berlin_PflABerlin11Humb,train,2023,32,118
ISMN_Berlin_PflABerlin11Humb,train,2024,43,111
ISMN_Berlin_PflABerlin11Humb,train,2025,51,209
ISMN_Berlin_PflABerlin12Schi,train,2022,1,15
ISMN_Berlin_PflABerlin12Schi,train,2023,27,118
ISMN_Berlin_PflABerlin12Schi,train,2024,40,111
ISMN_Berlin_PflABerlin12Schi,train,2025,52,188
ISMN_Berlin_PflABerlin13Marz,train,2022,3,15
ISMN_Berlin_PflABerlin13Marz,train,2023,33,118
ISMN_Berlin_PflABerlin13Marz,train,2024,40,109
ISMN_Berlin_PflABerlin13Marz,train,2025,52,209
ISMN_COSMOS-UK_AliceHolt,train,2016,4,138
ISMN_COSMOS-UK_AliceHolt,train,2017,7,236
ISMN_COSMOS-UK_AliceHolt,train,2018,23,233
ISMN_COSMOS-UK_AliceHolt,train,2019,13,225
ISMN_COSMOS-UK_AliceHolt,train,2020,20,234
ISMN_COSMOS-UK_AliceHolt,train,2021,14,232
ISMN_COSMOS-UK_AliceHolt,train,2022,16,117
ISMN_COSMOS-UK_Balruddery,val,2016,12,144
ISMN_COSMOS-UK_Balruddery,val,2017,20,237
ISMN_COSMOS-UK_Balruddery,val,2018,37,230
ISMN_COSMOS-UK_Balruddery,val,2019,4,18
ISMN_COSMOS-UK_BickleyHall,oos,2016,7,139
ISMN_COSMOS-UK_BickleyHall,oos,2017,12,226
ISMN_COSMOS-UK_BickleyHall,oos,2018,16,184
ISMN_COSMOS-UK_BickleyHall,oos,2019,10,169
ISMN_COSMOS-UK_BickleyHall,oos,2020,14,172
ISMN_COSMOS-UK_BickleyHall,oos,2021,12,176
ISMN_COSMOS-UK_BickleyHall,oos,2022,14,85
ISMN_COSMOS-UK_BunnyPark,train,2016,8,131
ISMN_COSMOS-UK_BunnyPark,train,2017,21,223
ISMN_COSMOS-UK_BunnyPark,train,2018,36,232
ISMN_COSMOS-UK_BunnyPark,train,2019,21,225
ISMN_COSMOS-UK_BunnyPark,train,2020,35,234
ISMN_COSMOS-UK_BunnyPark,train,2021,27,231
ISMN_COSMOS-UK_BunnyPark,train,2022,30,118
ISMN_COSMOS-UK_Cardington,train,2016,5,102
ISMN_COSMOS-UK_Cardington,train,2017,8,177
ISMN_COSMOS-UK_Cardington,train,2018,24,176
ISMN_COSMOS-UK_Cardington,train,2019,15,171
ISMN_COSMOS-UK_Cardington,train,2020,27,175
ISMN_COSMOS-UK_Cardington,train,2021,14,173
ISMN_COSMOS-UK_Cardington,train,2022,10,44
ISMN_COSMOS-UK_ChimneyMeadows,oos,2016,8,136
ISMN_COSMOS-UK_ChimneyMeadows,oos,2017,21,235
ISMN_COSMOS-UK_ChimneyMeadows,oos,2018,38,233
ISMN_COSMOS-UK_ChimneyMeadows,oos,2019,21,161
ISMN_COSMOS-UK_Cochno,train,2017,9,85
ISMN_COSMOS-UK_Cochno,train,2018,28,229
ISMN_COSMOS-UK_Cochno,train,2019,18,227
ISMN_COSMOS-UK_Cochno,train,2020,13,207
ISMN_COSMOS-UK_CwmGarw,oos,2017,9,214
ISMN_COSMOS-UK_CwmGarw,oos,2018,24,184
ISMN_COSMOS-UK_CwmGarw,oos,2019,15,173
ISMN_COSMOS-UK_CwmGarw,oos,2020,17,146
ISMN_COSMOS-UK_Elmsett,train,2016,6,78
ISMN_COSMOS-UK_Elmsett,train,2017,14,237
ISMN_COSMOS-UK_Elmsett,train,2018,43,234
ISMN_COSMOS-UK_Elmsett,train,2019,24,217
ISMN_COSMOS-UK_Euston,train,2019,16,131
ISMN_COSMOS-UK_Euston,train,2020,37,237
ISMN_COSMOS-UK_Euston,train,2021,23,228
ISMN_COSMOS-UK_Euston,train,2022,37,119
ISMN_COSMOS-UK_Fincham,val,2017,14,136
ISMN_COSMOS-UK_Fincham,val,2018,46,233
ISMN_COSMOS-UK_Fincham,val,2019,32,229
ISMN_COSMOS-UK_Fincham,val,2020,35,237
ISMN_COSMOS-UK_Fincham,val,2021,24,228
ISMN_COSMOS-UK_Fincham,val,2022,36,119
ISMN_COSMOS-UK_Fivemiletown,train,2018,7,91
ISMN_COSMOS-UK_Fivemiletown,train,2019,17,177
ISMN_COSMOS-UK_Fivemiletown,train,2020,16,176
ISMN_COSMOS-UK_Fivemiletown,train,2021,18,177
ISMN_COSMOS-UK_Fivemiletown,train,2022,20,88
ISMN_COSMOS-UK_HartwoodHome,val,2017,7,203
ISMN_COSMOS-UK_HartwoodHome,val,2018,22,228
ISMN_COSMOS-UK_HartwoodHome,val,2019,23,227
ISMN_COSMOS-UK_HartwoodHome,val,2020,15,238
ISMN_COSMOS-UK_HartwoodHome,val,2021,30,234
ISMN_COSMOS-UK_HartwoodHome,val,2022,11,64
ISMN_COSMOS-UK_Heytesbury,train,2018,10,71
ISMN_COSMOS-UK_Heytesbury,train,2019,28,172
ISMN_COSMOS-UK_Heytesbury,train,2020,41,176
ISMN_COSMOS-UK_Heytesbury,train,2021,15,175
ISMN_COSMOS-UK_Heytesbury,train,2022,18,50
ISMN_COSMOS-UK_HollinHill,train,2018,22,114
ISMN_COSMOS-UK_HollinHill,train,2019,29,171
ISMN_COSMOS-UK_HollinHill,train,2020,31,175
ISMN_COSMOS-UK_HollinHill,train,2021,27,214
ISMN_COSMOS-UK_HollinHill,train,2022,5,15
ISMN_COSMOS-UK_HolmeLacy,oos,2018,23,123
ISMN_COSMOS-UK_HolmeLacy,oos,2019,27,174
ISMN_COSMOS-UK_HolmeLacy,oos,2020,39,176
ISMN_COSMOS-UK_HolmeLacy,oos,2021,27,176
ISMN_COSMOS-UK_HolmeLacy,oos,2022,23,85
ISMN_COSMOS-UK_Loddington,oos,2016,7,104
ISMN_COSMOS-UK_Loddington,oos,2017,22,234
ISMN_COSMOS-UK_Loddington,oos,2018,42,232
ISMN_COSMOS-UK_Loddington,oos,2019,23,143
ISMN_COSMOS-UK_LullingtonHeath,train,2018,4,35
ISMN_COSMOS-UK_LullingtonHeath,train,2019,42,229
ISMN_COSMOS-UK_LullingtonHeath,train,2020,32,237
ISMN_COSMOS-UK_LullingtonHeath,train,2021,29,232
ISMN_COSMOS-UK_LullingtonHeath,train,2022,3,11
ISMN_COSMOS-UK_MoretonMorrell,train,2018,4,27
ISMN_COSMOS-UK_MoretonMorrell,train,2019,21,225
ISMN_COSMOS-UK_MoretonMorrell,train,2020,31,234
ISMN_COSMOS-UK_MoretonMorrell,train,2021,22,231
ISMN_COSMOS-UK_MoretonMorrell,train,2022,29,117
ISMN_COSMOS-UK_Morley,train,2016,14,137
ISMN_COSMOS-UK_Morley,train,2017,16,237
ISMN_COSMOS-UK_Morley,train,2018,47,234
ISMN_COSMOS-UK_Morley,train,2019,33,229
ISMN_COSMOS-UK_Morley,train,2020,35,237
ISMN_COSMOS-UK_Morley,train,2021,21,228
ISMN_COSMOS-UK_Morley,train,2022,14,45
ISMN_COSMOS-UK_PortonDown,train,2016,6,138
ISMN_COSMOS-UK_PortonDown,train,2017,19,235
ISMN_COSMOS-UK_PortonDown,train,2018,36,215
ISMN_COSMOS-UK_Redhill,train,2016,9,122
ISMN_COSMOS-UK_Redhill,train,2017,17,238
ISMN_COSMOS-UK_Redhill,train,2018,45,235
ISMN_COSMOS-UK_Redhill,train,2019,35,217
ISMN_COSMOS-UK_Redhill,train,2020,34,233
ISMN_COSMOS-UK_Redhill,train,2021,21,215
ISMN_COSMOS-UK_Redmere,train,2016,15,129
ISMN_COSMOS-UK_Redmere,train,2017,18,226
ISMN_COSMOS-UK_Redmere,train,2018,27,170
ISMN_COSMOS-UK_Rothamsted,oos,2017,14,110
ISMN_COSMOS-UK_Rothamsted,oos,2018,43,118
ISMN_COSMOS-UK_Rothamsted,oos,2019,26,110
ISMN_COSMOS-UK_Rothamsted,oos,2020,32,116
ISMN_COSMOS-UK_Rothamsted,oos,2021,23,115
ISMN_COSMOS-UK_Rothamsted,oos,2022,34,60
ISMN_COSMOS-UK_Sheepdrove,train,2016,7,138
ISMN_COSMOS-UK_Sheepdrove,train,2017,20,235
ISMN_COSMOS-UK_Sheepdrove,train,2018,37,233
ISMN_COSMOS-UK_Sheepdrove,train,2019,33,225
ISMN_COSMOS-UK_Sheepdrove,train,2020,38,234
ISMN_COSMOS-UK_Sheepdrove,train,2021,27,232
ISMN_COSMOS-UK_Sheepdrove,train,2022,33,117
ISMN_COSMOS-UK_SpenFarm,train,2016,2,26
ISMN_COSMOS-UK_SpenFarm,train,2017,17,236
ISMN_COSMOS-UK_SpenFarm,train,2018,33,231
ISMN_COSMOS-UK_SpenFarm,train,2019,28,225
ISMN_COSMOS-UK_SpenFarm,train,2020,21,210
ISMN_COSMOS-UK_Stoughton,train,2016,8,139
ISMN_COSMOS-UK_Stoughton,train,2017,16,234
ISMN_COSMOS-UK_Stoughton,train,2018,40,232
ISMN_COSMOS-UK_Stoughton,train,2019,24,225
ISMN_COSMOS-UK_Stoughton,train,2020,35,234
ISMN_COSMOS-UK_Stoughton,train,2021,8,98
ISMN_COSMOS-UK_Waddesdon,train,2016,5,140
ISMN_COSMOS-UK_Waddesdon,train,2017,14,235
ISMN_COSMOS-UK_Waddesdon,train,2018,15,139
ISMN_COSMOS-UK_Writtle,train,2017,13,119
ISMN_COSMOS-UK_Writtle,train,2018,51,235
ISMN_COSMOS-UK_Writtle,train,2019,35,229
ISMN_COSMOS-UK_Writtle,train,2020,37,237
ISMN_COSMOS-UK_Writtle,train,2021,28,229
ISMN_COSMOS-UK_Writtle,train,2022,34,119
ISMN_COSMOS_KLEE,train,2016,17,5
ISMN_COSMOS_KLEE,train,2017,29,58
ISMN_COSMOS_KLEE,train,2018,8,20
ISMN_CW3E_BoyesCreekCanyon,train,2021,2,8
ISMN_CW3E_BoyesCreekCanyon,train,2022,49,57
ISMN_CW3E_BoyesCreekCanyon,train,2023,44,54
ISMN_CW3E_BoyesCreekCanyon,train,2024,40,56
ISMN_CW3E_BoyesCreekCanyon,train,2025,56,77
ISMN_CW3E_BrownsValleySchool,train,2021,34,152
ISMN_CW3E_BrownsValleySchool,train,2022,52,115
ISMN_CW3E_BrownsValleySchool,train,2023,47,112
ISMN_CW3E_BrownsValleySchool,train,2024,47,106
ISMN_CW3E_BrownsValleySchool,train,2025,56,182
ISMN_CW3E_Deerwood,oos,2017,6,13
ISMN_CW3E_Deerwood,oos,2018,52,40
ISMN_CW3E_Deerwood,oos,2019,47,81
ISMN_CW3E_Deerwood,oos,2020,53,83
ISMN_CW3E_Deerwood,oos,2021,52,94
ISMN_CW3E_Deerwood,oos,2022,51,57
ISMN_CW3E_Deerwood,oos,2023,44,54
ISMN_CW3E_Deerwood,oos,2024,42,52
ISMN_CW3E_Deerwood,oos,2025,57,74
ISMN_CW3E_FeatherRiverCollege,train,2019,3,14
ISMN_CW3E_FeatherRiverCollege,train,2020,49,119
ISMN_CW3E_FeatherRiverCollege,train,2021,43,118
ISMN_CW3E_FeatherRiverCollege,train,2022,50,58
ISMN_CW3E_FeatherRiverCollege,train,2023,45,59
ISMN_CW3E_FeatherRiverCollege,train,2024,4,9
ISMN_CW3E_NorthCowMountain,oos,2017,11,13
ISMN_CW3E_NorthCowMountain,oos,2018,91,40
ISMN_CW3E_NorthCowMountain,oos,2019,90,81
ISMN_CW3E_NorthCowMountain,oos,2020,97,83
ISMN_CW3E_NorthCowMountain,oos,2021,97,94
ISMN_CW3E_NorthCowMountain,oos,2022,100,57
ISMN_CW3E_NorthCowMountain,oos,2023,89,54
ISMN_CW3E_NorthCowMountain,oos,2024,93,52
ISMN_CW3E_NorthCowMountain,oos,2025,78,52
ISMN_CW3E_PotterValleyNorth,val,2019,43,68
ISMN_CW3E_PotterValleyNorth,val,2020,50,83
ISMN_CW3E_PotterValleyNorth,val,2021,48,94
ISMN_CW3E_PotterValleyNorth,val,2022,50,57
ISMN_CW3E_PotterValleyNorth,val,2023,43,54
ISMN_CW3E_PotterValleyNorth,val,2024,42,56
ISMN_CW3E_PotterValleyNorth,val,2025,3,6
ISMN_CW3E_SkylineHarvest,oos,2020,24,51
ISMN_CW3E_SkylineHarvest,oos,2021,43,117
ISMN_CW3E_SkylineHarvest,oos,2022,51,58
ISMN_CW3E_SkylineHarvest,oos,2023,37,58
ISMN_CW3E_SkylineHarvest,oos,2024,46,54
ISMN_CW3E_SkylineHarvest,oos,2025,61,105
ISMN_CW3E_YucaipaValley,oos,2022,4,8
ISMN_CW3E_YucaipaValley,oos,2023,40,83
ISMN_CW3E_YucaipaValley,oos,2024,54,77
ISMN_CW3E_YucaipaValley,oos,2025,64,156
ISMN_FLUXNET-AMERIFLUX_BouldinIslandAlfalfa,train,2016,9,19
ISMN_FLUXNET-AMERIFLUX_BouldinIslandAlfalfa,train,2017,33,63
ISMN_FLUXNET-AMERIFLUX_BouldinIslandAlfalfa,train,2018,45,63
ISMN_FLUXNET-AMERIFLUX_BouldinIslandAlfalfa,train,2019,44,125
ISMN_FLUXNET-AMERIFLUX_TonziRanch,train,2017,18,51
ISMN_FLUXNET-AMERIFLUX_TonziRanch,train,2018,39,62
ISMN_FLUXNET-AMERIFLUX_TonziRanch,train,2019,42,98
ISMN_FLUXNET-AMERIFLUX_TonziRanch,train,2020,2,12
ISMN_FLUXNET-AMERIFLUX_VairaRanch,train,2016,11,7
ISMN_FLUXNET-AMERIFLUX_VairaRanch,train,2017,18,42
ISMN_FLUXNET-AMERIFLUX_VairaRanch,train,2018,40,60
ISMN_FLUXNET-AMERIFLUX_VairaRanch,train,2019,41,98
ISMN_FLUXNET-AMERIFLUX_VairaRanch,train,2020,2,12
ISMN_FMI_SAA111,oos,2020,11,192
ISMN_FMI_SAA111,oos,2021,32,345
ISMN_FMI_SAA111,oos,2022,30,176
ISMN_FMI_SAA111,oos,2023,40,171
ISMN_FMI_SAA111,oos,2024,36,159
ISMN_FMI_SAA111,oos,2025,35,308
ISMN_FMI_SAA112,oos,2021,15,228
ISMN_FMI_SAA112,oos,2022,31,176
ISMN_FMI_SAA112,oos,2023,41,171
ISMN_FMI_SAA112,oos,2024,21,94
ISMN_FMI_SAA120,oos,2016,9,114
ISMN_FMI_SAA120,oos,2017,16,302
ISMN_FMI_SAA120,oos,2018,44,327
ISMN_FMI_SAA120,oos,2019,23,217
ISMN_FMI_SOD011,val,2020,11,187
ISMN_FMI_SOD011,val,2021,30,317
ISMN_FMI_SOD011,val,2022,39,176
ISMN_FMI_SOD011,val,2023,44,171
ISMN_FMI_SOD011,val,2024,43,165
ISMN_FMI_SOD011,val,2025,47,299
ISMN_FMI_SOD012,val,2020,11,187
ISMN_FMI_SOD012,val,2021,30,317
ISMN_FMI_SOD012,val,2022,38,176
ISMN_FMI_SOD012,val,2023,43,171
ISMN_FMI_SOD012,val,2024,43,165
ISMN_FMI_SOD012,val,2025,46,299
ISMN_FMI_SOD013,val,2016,18,94
ISMN_FMI_SOD013,val,2017,15,288
ISMN_FMI_SOD013,val,2018,53,326
ISMN_FMI_SOD013,val,2019,34,223
ISMN_FMI_SOD071,val,2020,10,187
ISMN_FMI_SOD071,val,2021,31,317
ISMN_FMI_SOD071,val,2022,38,176
ISMN_FMI_SOD071,val,2023,42,171
ISMN_FMI_SOD071,val,2024,46,165
ISMN_FMI_SOD071,val,2025,45,299
ISMN_FMI_SOD072,val,2022,28,137
ISMN_FMI_SOD072,val,2023,43,171
ISMN_FMI_SOD072,val,2024,46,165
ISMN_FMI_SOD072,val,2025,45,299
ISMN_FMI_SOD073,val,2022,28,137
ISMN_FMI_SOD073,val,2023,42,171
ISMN_FMI_SOD073,val,2024,46,165
ISMN_FMI_SOD073,val,2025,45,299
ISMN_FMI_SOD081,val,2020,12,187
ISMN_FMI_SOD081,val,2021,31,317
ISMN_FMI_SOD081,val,2022,38,176
ISMN_FMI_SOD081,val,2023,46,171
ISMN_FMI_SOD081,val,2024,44,160
ISMN_FMI_SOD081,val,2025,52,299
ISMN_FMI_SOD083,val,2021,0,20
ISMN_FMI_SOD083,val,2022,38,176
ISMN_FMI_SOD083,val,2023,46,171
ISMN_FMI_SOD083,val,2024,44,160
ISMN_FMI_SOD083,val,2025,51,299
ISMN_FMI_SOD101,val,2016,17,94
ISMN_FMI_SOD101,val,2017,13,288
ISMN_FMI_SOD101,val,2018,50,327
ISMN_FMI_SOD101,val,2019,39,342
ISMN_FMI_SOD101,val,2020,21,91
ISMN_FMI_SOD102,val,2016,17,94
ISMN_FMI_SOD102,val,2017,13,288
ISMN_FMI_SOD102,val,2018,50,327
ISMN_FMI_SOD102,val,2019,39,342
ISMN_FMI_SOD102,val,2020,21,91
ISMN_FMI_SOD103,val,2016,17,94
ISMN_FMI_SOD103,val,2017,13,288
ISMN_FMI_SOD103,val,2018,50,327
ISMN_FMI_SOD103,val,2019,39,342
ISMN_FMI_SOD103,val,2020,21,91
ISMN_FMI_SOD130,train,2016,15,93
ISMN_FMI_SOD130,train,2017,14,304
ISMN_FMI_SOD130,train,2018,52,344
ISMN_FMI_SOD130,train,2019,37,342
ISMN_FMI_SOD130,train,2020,19,89
ISMN_FMI_SOD140,oos,2016,15,91
ISMN_FMI_SOD140,oos,2017,15,282
ISMN_FMI_SOD140,oos,2018,55,326
ISMN_FMI_SOD140,oos,2019,24,140
ISMN_FR_Aqui_fraye,train,2016,12,105
ISMN_FR_Aqui_fraye,train,2017,17,175
ISMN_FR_Aqui_fraye,train,2018,24,176
ISMN_FR_Aqui_fraye,train,2019,15,75
ISMN_FR_Aqui_hillan2,train,2018,12,84
ISMN_FR_Aqui_hillan2,train,2019,28,170
ISMN_FR_Aqui_hillan2,train,2020,20,178
ISMN_FR_Aqui_hillan2,train,2021,28,173
ISMN_FR_Aqui_hillan2,train,2022,4,18
ISMN_FR_Aqui_parcmeteo,train,2017,10,76
ISMN_FR_Aqui_parcmeteo,train,2018,22,176
ISMN_FR_Aqui_parcmeteo,train,2019,31,170
ISMN_FR_Aqui_parcmeteo,train,2020,22,178
ISMN_FR_Aqui_parcmeteo,train,2021,31,173
ISMN_FR_Aqui_parcmeteo,train,2022,2,7
ISMN_HOBE_1.05,oos,2016,18,129
ISMN_HOBE_1.05,oos,2017,13,279
ISMN_HOBE_1.05,oos,2018,34,239
ISMN_HOBE_1.05,oos,2019,1,29
ISMN_HOBE_1.07,train,2016,17,112
ISMN_HOBE_1.07,train,2017,18,237
ISMN_HOBE_1.07,train,2018,34,231
ISMN_HOBE_1.07,train,2019,1,29
ISMN_HOBE_2.01,train,2016,19,121
ISMN_HOBE_2.01,train,2017,15,255
ISMN_HOBE_2.01,train,2018,27,238
ISMN_HOBE_2.01,train,2019,2,30
ISMN_HOBE_2.11,train,2016,10,113
ISMN_HOBE_2.11,train,2017,3,237
ISMN_HOBE_2.11,train,2018,17,231
ISMN_HOBE_2.11,train,2019,1,30
ISMN_HOBE_3.06,oos,2016,18,113
ISMN_HOBE_3.06,oos,2017,17,237
ISMN_HOBE_3.06,oos,2018,34,231
ISMN_HOBE_3.06,oos,2019,3,30
ISMN_LAB-net_OromoCalibrationSite,train,2016,5,4
ISMN_LAB-net_OromoCalibrationSite,train,2017,8,29
ISMN_LAB-net_OromoCalibrationSite,train,2018,8,7
ISMN_LABFLUX_Bussolenobosco,train,2020,0,89
ISMN_LABFLUX_Bussolenobosco,train,2021,0,157
ISMN_LABFLUX_Bussolenobosco,train,2022,0,91
ISMN_LABFLUX_Bussolenobosco,train,2023,23,89
ISMN_LABFLUX_Bussolenobosco,train,2024,68,84
ISMN_LABFLUX_Bussolenobosco,train,2025,14,24
ISMN_LABFLUX_Nivolet,oos,2019,0,177
ISMN_LABFLUX_Nivolet,oos,2020,12,177
ISMN_LABFLUX_Nivolet,oos,2021,34,174
ISMN_LABFLUX_Nivolet,oos,2022,43,91
ISMN_LABFLUX_Nivolet,oos,2023,32,74
ISMN_MOL-RAO_Falkenberg,train,2016,0,112
ISMN_MOL-RAO_Falkenberg,train,2017,0,178
ISMN_MOL-RAO_Falkenberg,train,2018,40,178
ISMN_MOL-RAO_Falkenberg,train,2019,42,179
ISMN_MOL-RAO_Falkenberg,train,2020,23,86
ISMN_NAQU_NQKema,train,2016,7,0
ISMN_NAQU_NQKema,train,2017,14,76
ISMN_NAQU_NQKema,train,2018,8,47
ISMN_NAQU_NQMS,train,2016,11,0
ISMN_NAQU_NQMS,train,2017,17,76
ISMN_NAQU_NQMS,train,2018,8,47
ISMN_NAQU_NQNorth,train,2016,6,0
ISMN_NAQU_NQNorth,train,2017,10,76
ISMN_NAQU_NQNorth,train,2018,9,47
ISMN_NGARI_ALI01,train,2016,15,0
ISMN_NGARI_ALI01,train,2017,26,48
ISMN_NGARI_ALI01,train,2018,36,36
ISMN_NGARI_ALI02,oos,2016,19,0
ISMN_NGARI_ALI02,oos,2017,28,48
ISMN_NGARI_ALI02,oos,2018,9,14
ISMN_NGARI_ALI03,oos,2016,19,0
ISMN_NGARI_ALI03,oos,2017,28,48
ISMN_NGARI_ALI03,oos,2018,28,36
ISMN_NGARI_SQ02,train,2016,6,8
ISMN_NGARI_SQ02,train,2017,18,52
ISMN_NGARI_SQ02,train,2018,30,54
ISMN_NGARI_SQ02,train,2019,18,30
ISMN_NGARI_SQ03,train,2016,2,8
ISMN_NGARI_SQ03,train,2017,17,52
ISMN_NGARI_SQ03,train,2018,30,54
ISMN_NGARI_SQ03,train,2019,16,30
ISMN_NGARI_SQ07,train,2016,9,8
ISMN_NGARI_SQ07,train,2017,14,52
ISMN_NGARI_SQ07,train,2018,22,54
ISMN_NGARI_SQ07,train,2019,16,30
ISMN_NGARI_SQ14,train,2016,9,8
ISMN_NGARI_SQ14,train,2017,14,75
ISMN_NGARI_SQ14,train,2018,29,80
ISMN_NGARI_SQ14,train,2019,14,40
ISMN_NGARI_SQ17,oos,2016,5,8
ISMN_NGARI_SQ17,oos,2017,14,75
ISMN_NGARI_SQ17,oos,2018,25,60
ISMN_NGARI_SQ17,oos,2019,12,29
ISMN_NGARI_SQ19,val,2016,5,8
ISMN_NGARI_SQ19,val,2017,14,52
ISMN_NGARI_SQ19,val,2018,20,54
ISMN_NGARI_SQ19,val,2019,10,29
ISMN_NGARI_SQ20,train,2016,5,8
ISMN_NGARI_SQ20,train,2017,10,52
ISMN_NGARI_SQ20,train,2018,16,54
ISMN_NGARI_SQ20,train,2019,5,29
ISMN_NGARI_SQ21,train,2016,5,8
ISMN_NGARI_SQ21,train,2017,12,52
ISMN_NGARI_SQ21,train,2018,19,54
ISMN_NGARI_SQ21,train,2019,13,29
ISMN_REMEDHUS_Canizal,train,2021,36,166
ISMN_REMEDHUS_Canizal,train,2022,40,88
ISMN_REMEDHUS_Canizal,train,2023,34,85
ISMN_REMEDHUS_Canizal,train,2024,28,75
ISMN_REMEDHUS_Carretoro,train,2016,10,107
ISMN_REMEDHUS_Carretoro,train,2017,30,179
ISMN_REMEDHUS_Carretoro,train,2018,31,177
ISMN_REMEDHUS_Carretoro,train,2019,41,178
ISMN_REMEDHUS_Carretoro,train,2020,34,168
ISMN_REMEDHUS_CasaPeriles,train,2016,9,106
ISMN_REMEDHUS_CasaPeriles,train,2017,30,179
ISMN_REMEDHUS_CasaPeriles,train,2018,35,177
ISMN_REMEDHUS_CasaPeriles,train,2019,46,179
ISMN_REMEDHUS_CasaPeriles,train,2020,34,178
ISMN_REMEDHUS_CasaPeriles,train,2021,38,176
ISMN_REMEDHUS_CasaPeriles,train,2022,45,88
ISMN_REMEDHUS_CasaPeriles,train,2023,36,85
ISMN_REMEDHUS_CasaPeriles,train,2024,28,76
ISMN_REMEDHUS_ConcejodelMonte,oos,2021,34,169
ISMN_REMEDHUS_ConcejodelMonte,oos,2022,43,88
ISMN_REMEDHUS_ConcejodelMonte,oos,2023,35,85
ISMN_REMEDHUS_ConcejodelMonte,oos,2024,25,76
ISMN_REMEDHUS_ElCoto,train,2016,7,67
ISMN_REMEDHUS_ElCoto,train,2017,30,179
ISMN_REMEDHUS_ElCoto,train,2018,36,129
ISMN_REMEDHUS_ElCoto,train,2019,38,121
ISMN_REMEDHUS_ElCoto,train,2020,36,119
ISMN_REMEDHUS_ElTomillar,train,2021,35,110
ISMN_REMEDHUS_ElTomillar,train,2022,38,59
ISMN_REMEDHUS_ElTomillar,train,2023,33,58
ISMN_REMEDHUS_ElTomillar,train,2024,28,49
ISMN_REMEDHUS_Granja-g,train,2017,15,70
ISMN_REMEDHUS_Granja-g,train,2018,36,177
ISMN_REMEDHUS_Granja-g,train,2019,46,178
ISMN_REMEDHUS_Granja-g,train,2020,33,178
ISMN_REMEDHUS_Granja-g,train,2021,33,176
ISMN_REMEDHUS_Granja-g,train,2022,40,88
ISMN_REMEDHUS_Granja-g,train,2023,38,85
ISMN_REMEDHUS_Granja-g,train,2024,32,76
ISMN_REMEDHUS_Guarrati,train,2016,10,72
ISMN_REMEDHUS_Guarrati,train,2017,29,120
ISMN_REMEDHUS_Guarrati,train,2018,36,111
ISMN_REMEDHUS_LaCruzdeElias,train,2016,13,107
ISMN_REMEDHUS_LaCruzdeElias,train,2017,29,179
ISMN_REMEDHUS_LaCruzdeElias,train,2018,33,177
ISMN_REMEDHUS_LaCruzdeElias,train,2019,45,177
ISMN_REMEDHUS_LaCruzdeElias,train,2020,29,132
ISMN_REMEDHUS_LasArenas,train,2019,32,68
ISMN_REMEDHUS_LasArenas,train,2020,58,119
ISMN_REMEDHUS_LasArenas,train,2021,64,116
ISMN_REMEDHUS_LasArenas,train,2022,56,59
ISMN_REMEDHUS_LasArenas,train,2023,51,58
ISMN_REMEDHUS_LasArenas,train,2024,42,49
ISMN_REMEDHUS_LasBrozas,train,2018,17,75
ISMN_REMEDHUS_LasBrozas,train,2019,42,179
ISMN_REMEDHUS_LasBrozas,train,2020,33,178
ISMN_REMEDHUS_LasBrozas,train,2021,38,176
ISMN_REMEDHUS_LasBrozas,train,2022,40,88
ISMN_REMEDHUS_LasBrozas,train,2023,34,85
ISMN_REMEDHUS_LasBrozas,train,2024,6,22
ISMN_REMEDHUS_LasEritas,train,2016,11,72
ISMN_REMEDHUS_LasEritas,train,2017,28,120
ISMN_REMEDHUS_LasEritas,train,2018,34,117
ISMN_REMEDHUS_LasEritas,train,2019,42,121
ISMN_REMEDHUS_LasEritas,train,2020,29,119
ISMN_REMEDHUS_LasEritas,train,2021,37,116
ISMN_REMEDHUS_LasEritas,train,2022,39,59
ISMN_REMEDHUS_LasEritas,train,2023,35,58
ISMN_REMEDHUS_LasEritas,train,2024,26,49
ISMN_REMEDHUS_LasTresRayas,train,2016,30,106
ISMN_REMEDHUS_LasTresRayas,train,2017,60,180
ISMN_REMEDHUS_LasTresRayas,train,2018,67,129
ISMN_REMEDHUS_LasTresRayas,train,2019,83,121
ISMN_REMEDHUS_LasTresRayas,train,2020,60,119
ISMN_REMEDHUS_LasTresRayas,train,2021,71,116
ISMN_REMEDHUS_LasTresRayas,train,2022,71,59
ISMN_REMEDHUS_LasTresRayas,train,2023,64,58
ISMN_REMEDHUS_LasTresRayas,train,2024,51,47
ISMN_REMEDHUS_LasVacas,oos,2016,8,69
ISMN_REMEDHUS_LasVacas,oos,2017,27,179
ISMN_REMEDHUS_LasVacas,oos,2018,36,177
ISMN_REMEDHUS_LasVacas,oos,2019,42,179
ISMN_REMEDHUS_LasVacas,oos,2020,27,132
ISMN_REMEDHUS_LasVictorias,train,2016,10,106
ISMN_REMEDHUS_LasVictorias,train,2017,35,179
ISMN_REMEDHUS_LasVictorias,train,2018,35,176
ISMN_REMEDHUS_LasVictorias,train,2019,42,179
ISMN_REMEDHUS_LasVictorias,train,2020,36,178
ISMN_REMEDHUS_LasVictorias,train,2021,37,176
ISMN_REMEDHUS_LasVictorias,train,2022,41,88
ISMN_REMEDHUS_LasVictorias,train,2023,34,85
ISMN_REMEDHUS_LasVictorias,train,2024,28,76
ISMN_REMEDHUS_LlanosdelaBoveda,train,2016,11,106
ISMN_REMEDHUS_LlanosdelaBoveda,train,2017,29,179
ISMN_REMEDHUS_LlanosdelaBoveda,train,2018,36,177
ISMN_REMEDHUS_LlanosdelaBoveda,train,2019,45,179
ISMN_REMEDHUS_LlanosdelaBoveda,train,2020,35,178
ISMN_REMEDHUS_LlanosdelaBoveda,train,2021,1,16
ISMN_REMEDHUS_Paredinas,train,2016,11,106
ISMN_REMEDHUS_Paredinas,train,2017,32,179
ISMN_REMEDHUS_Paredinas,train,2018,31,177
ISMN_REMEDHUS_Paredinas,train,2019,41,179
ISMN_REMEDHUS_Paredinas,train,2020,36,178
ISMN_REMEDHUS_Paredinas,train,2021,36,150
ISMN_REMEDHUS_Zamarron,oos,2016,12,72
ISMN_REMEDHUS_Zamarron,oos,2017,29,120
ISMN_REMEDHUS_Zamarron,oos,2018,34,117
ISMN_REMEDHUS_Zamarron,oos,2019,42,121
ISMN_REMEDHUS_Zamarron,oos,2020,28,119
ISMN_ROMPS_AbramovGlacier,train,2016,14,13
ISMN_ROMPS_AbramovGlacier,train,2017,32,106
ISMN_ROMPS_AbramovGlacier,train,2018,72,116
ISMN_ROMPS_AbramovGlacier,train,2019,90,117
ISMN_ROMPS_AbramovGlacier,train,2020,79,121
ISMN_ROMPS_AbramovGlacier,train,2021,80,112
ISMN_ROMPS_Baytik,oos,2016,15,0
ISMN_ROMPS_Baytik,oos,2017,38,103
ISMN_ROMPS_Baytik,oos,2018,67,112
ISMN_ROMPS_Baytik,oos,2019,74,121
ISMN_ROMPS_Baytik,oos,2020,89,120
ISMN_ROMPS_Baytik,oos,2021,42,60
ISMN_ROMPS_GolubinGlacier,train,2018,33,41
ISMN_ROMPS_GolubinGlacier,train,2019,62,91
ISMN_ROMPS_GolubinGlacier,train,2020,76,91
ISMN_ROMPS_GolubinGlacier,train,2021,78,89
ISMN_ROMPS_GolubinGlacier,train,2022,66,89
ISMN_ROMPS_GolubinGlacier,train,2023,78,85
ISMN_ROMPS_GolubinGlacier,train,2024,67,81
ISMN_ROMPS_GolubinGlacier,train,2025,88,94
ISMN_ROMPS_Kokomeren,train,2016,17,0
ISMN_ROMPS_Kokomeren,train,2017,32,76
ISMN_ROMPS_Kokomeren,train,2018,87,82
ISMN_ROMPS_Kokomeren,train,2019,86,91
ISMN_ROMPS_Kokomeren,train,2020,84,91
ISMN_ROMPS_Kokomeren,train,2021,95,87
ISMN_ROMPS_Maidanak,train,2016,15,3
ISMN_ROMPS_Maidanak,train,2017,33,63
ISMN_ROMPS_Maidanak,train,2018,43,58
ISMN_ROMPS_Maidanak,train,2019,33,59
ISMN_ROMPS_Maidanak,train,2020,44,61
ISMN_ROMPS_Maidanak,train,2021,45,61
ISMN_ROMPS_Maidanak,train,2022,45,57
ISMN_ROMPS_Maidanak,train,2023,50,55
ISMN_ROMPS_Maidanak,train,2024,40,49
ISMN_ROMPS_Maidanak,train,2025,60,60
ISMN_ROMPS_Maydantal,train,2016,6,10
ISMN_ROMPS_Maydantal,train,2017,21,100
ISMN_ROMPS_Maydantal,train,2018,50,117
ISMN_ROMPS_Maydantal,train,2019,48,114
ISMN_ROMPS_Maydantal,train,2020,52,120
ISMN_ROMPS_Maydantal,train,2021,46,115
ISMN_ROMPS_Maydantal,train,2022,47,118
ISMN_ROMPS_Maydantal,train,2023,48,115
ISMN_ROMPS_Maydantal,train,2024,40,107
ISMN_ROMPS_Maydantal,train,2025,61,139
ISMN_RSMN_Alexandria,oos,2016,15,108
ISMN_RSMN_Alexandria,oos,2017,41,233
ISMN_RSMN_Alexandria,oos,2018,61,231
ISMN_RSMN_Alexandria,oos,2019,33,134
ISMN_RSMN_Bacles,train,2016,21,104
ISMN_RSMN_Bacles,train,2017,44,233
ISMN_RSMN_Bacles,train,2018,60,234
ISMN_RSMN_Bacles,train,2019,70,239
ISMN_RSMN_Bacles,train,2020,67,240
ISMN_RSMN_Bacles,train,2021,62,234
ISMN_RSMN_Bacles,train,2022,49,79
ISMN_RSMN_Banloc,train,2016,20,107
ISMN_RSMN_Banloc,train,2017,33,227
ISMN_RSMN_Banloc,train,2018,59,236
ISMN_RSMN_Banloc,train,2019,63,237
ISMN_RSMN_Banloc,train,2020,39,163
ISMN_RSMN_Barlad,train,2016,10,80
ISMN_RSMN_Barlad,train,2017,22,180
ISMN_RSMN_Barlad,train,2018,30,171
ISMN_RSMN_Barlad,train,2019,27,180
ISMN_RSMN_Barlad,train,2020,35,178
ISMN_RSMN_Barlad,train,2021,27,178
ISMN_RSMN_Barlad,train,2022,26,87
ISMN_RSMN_Barlad,train,2023,27,85
ISMN_RSMN_Barlad,train,2024,3,10
ISMN_RSMN_Calarasi,train,2019,5,17
ISMN_RSMN_Calarasi,train,2020,81,237
ISMN_RSMN_Calarasi,train,2021,66,235
ISMN_RSMN_Calarasi,train,2022,78,117
ISMN_RSMN_Calarasi,train,2023,67,112
ISMN_RSMN_Calarasi,train,2024,69,111
ISMN_RSMN_Calarasi,train,2025,67,134
ISMN_RSMN_Cotnari,train,2016,22,106
ISMN_RSMN_Cotnari,train,2017,35,235
ISMN_RSMN_Cotnari,train,2018,48,184
ISMN_RSMN_Cotnari,train,2019,57,180
ISMN_RSMN_Cotnari,train,2020,57,178
ISMN_RSMN_Cotnari,train,2021,45,176
ISMN_RSMN_Cotnari,train,2022,46,89
ISMN_RSMN_Cotnari,train,2023,48,83
ISMN_RSMN_Cotnari,train,2024,2,8
ISMN_RSMN_Darabani,train,2016,19,90
ISMN_RSMN_Darabani,train,2017,30,224
ISMN_RSMN_Darabani,train,2018,51,231
ISMN_RSMN_Darabani,train,2019,51,240
ISMN_RSMN_Darabani,train,2020,52,239
ISMN_RSMN_Darabani,train,2021,51,236
ISMN_RSMN_Darabani,train,2022,47,119
ISMN_RSMN_Darabani,train,2023,44,115
ISMN_RSMN_Darabani,train,2024,3,9
ISMN_RSMN_Dumbraveni,train,2016,11,79
ISMN_RSMN_Dumbraveni,train,2017,16,173
ISMN_RSMN_Dumbraveni,train,2018,29,176
ISMN_RSMN_Dumbraveni,train,2019,40,181
ISMN_RSMN_Dumbraveni,train,2020,28,180
ISMN_RSMN_Dumbraveni,train,2021,0,9
ISMN_RSMN_Iasi,oos,2019,1,13
ISMN_RSMN_Iasi,oos,2020,29,178
ISMN_RSMN_Iasi,oos,2021,27,178
ISMN_RSMN_Iasi,oos,2022,26,87
ISMN_RSMN_Iasi,oos,2023,19,85
ISMN_RSMN_Iasi,oos,2024,29,86
ISMN_RSMN_Iasi,oos,2025,33,99
ISMN_RSMN_Oradea,train,2016,21,107
ISMN_RSMN_Oradea,train,2017,44,226
ISMN_RSMN_Oradea,train,2018,51,234
ISMN_RSMN_Oradea,train,2019,37,158
ISMN_RSMN_RosioriideVede,train,2019,4,17
ISMN_RSMN_RosioriideVede,train,2020,66,240
ISMN_RSMN_RosioriideVede,train,2021,56,234
ISMN_RSMN_RosioriideVede,train,2022,69,120
ISMN_RSMN_RosioriideVede,train,2023,22,54
ISMN_RSMN_SannicolauMare,oos,2016,21,81
ISMN_RSMN_SannicolauMare,oos,2017,50,169
ISMN_RSMN_SannicolauMare,oos,2018,57,177
ISMN_RSMN_SannicolauMare,oos,2019,68,180
ISMN_RSMN_SannicolauMare,oos,2020,6,20
ISMN_RSMN_SatuMare,oos,2019,0,17
ISMN_RSMN_SatuMare,oos,2020,23,238
ISMN_RSMN_SatuMare,oos,2021,28,230
ISMN_RSMN_SatuMare,oos,2022,29,118
ISMN_RSMN_SatuMare,oos,2023,31,116
ISMN_RSMN_SatuMare,oos,2024,13,40
ISMN_RSMN_Slatina,oos,2019,3,8
ISMN_RSMN_Slatina,oos,2020,37,121
ISMN_RSMN_Slatina,oos,2021,27,118
ISMN_RSMN_Slatina,oos,2022,33,59
ISMN_RSMN_Slatina,oos,2023,27,49
ISMN_RSMN_Tecuci,train,2016,9,109
ISMN_RSMN_Tecuci,train,2017,24,240
ISMN_RSMN_Tecuci,train,2018,34,230
ISMN_RSMN_Tecuci,train,2019,26,240
ISMN_RSMN_Tecuci,train,2020,35,237
ISMN_RSMN_Tecuci,train,2021,24,236
ISMN_RSMN_Tecuci,train,2022,32,105
ISMN_SCAN_AAMU-JTG,train,2016,14,9
ISMN_SCAN_AAMU-JTG,train,2017,22,21
ISMN_SCAN_AAMU-JTG,train,2018,43,21
ISMN_SCAN_AAMU-JTG,train,2019,55,30
ISMN_SCAN_AAMU-JTG,train,2020,46,27
ISMN_SCAN_AAMU-JTG,train,2021,48,31
ISMN_SCAN_AAMU-JTG,train,2022,63,29
ISMN_SCAN_AAMU-JTG,train,2023,53,23
ISMN_SCAN_Abrams,train,2016,8,22
ISMN_SCAN_Abrams,train,2017,18,24
ISMN_SCAN_Abrams,train,2018,32,49
ISMN_SCAN_Abrams,train,2019,37,55
ISMN_SCAN_Abrams,train,2020,34,54
ISMN_SCAN_Abrams,train,2021,36,58
ISMN_SCAN_Abrams,train,2022,15,13
ISMN_SCAN_AdamsRanch#1,train,2016,13,2
ISMN_SCAN_AdamsRanch#1,train,2017,24,55
ISMN_SCAN_AdamsRanch#1,train,2018,47,48
ISMN_SCAN_AdamsRanch#1,train,2019,50,50
ISMN_SCAN_AdamsRanch#1,train,2020,62,55
ISMN_SCAN_AdamsRanch#1,train,2021,42,58
ISMN_SCAN_AdamsRanch#1,train,2022,54,51
ISMN_SCAN_AdamsRanch#1,train,2023,54,59
ISMN_SCAN_AdamsRanch#1,train,2024,50,55
ISMN_SCAN_AdamsRanch#1,train,2025,62,66
ISMN_SCAN_Alcalde,train,2016,24,2
ISMN_SCAN_Alcalde,train,2017,44,78
ISMN_SCAN_Alcalde,train,2018,41,30
ISMN_SCAN_AlkaliMesa,train,2016,10,10
ISMN_SCAN_AlkaliMesa,train,2017,21,105
ISMN_SCAN_AlkaliMesa,train,2018,45,79
ISMN_SCAN_AlkaliMesa,train,2019,40,77
ISMN_SCAN_AlkaliMesa,train,2020,54,87
ISMN_SCAN_AlkaliMesa,train,2021,45,84
ISMN_SCAN_AlkaliMesa,train,2022,46,37
ISMN_SCAN_AlkaliMesa,train,2023,43,57
ISMN_SCAN_AlkaliMesa,train,2024,50,57
ISMN_SCAN_AlkaliMesa,train,2025,62,95
ISMN_SCAN_AllenFarms,train,2021,22,25
ISMN_SCAN_AllenFarms,train,2022,34,30
ISMN_SCAN_AllenFarms,train,2023,30,27
ISMN_SCAN_AllenFarms,train,2024,32,20
ISMN_SCAN_AllenFarms,train,2025,35,30
ISMN_SCAN_Ames,train,2016,10,32
ISMN_SCAN_Ames,train,2017,25,56
ISMN_SCAN_Ames,train,2018,55,58
ISMN_SCAN_Ames,train,2019,52,55
ISMN_SCAN_Ames,train,2020,53,55
ISMN_SCAN_Ames,train,2021,80,58
ISMN_SCAN_Ames,train,2022,70,40
ISMN_SCAN_Ames,train,2023,5,5
ISMN_SCAN_AshValley,train,2020,7,13
ISMN_SCAN_AshValley,train,2021,43,91
ISMN_SCAN_AshValley,train,2022,48,58
ISMN_SCAN_AshValley,train,2023,39,58
ISMN_SCAN_AshValley,train,2024,40,53
ISMN_SCAN_BlueCreek,train,2016,7,7
ISMN_SCAN_BlueCreek,train,2017,16,86
ISMN_SCAN_BlueCreek,train,2018,33,60
ISMN_SCAN_BlueCreek,train,2019,35,76
ISMN_SCAN_BlueCreek,train,2020,38,90
ISMN_SCAN_BlueCreek,train,2021,31,94
ISMN_SCAN_BlueCreek,train,2022,42,51
ISMN_SCAN_BlueCreek,train,2023,36,55
ISMN_SCAN_BlueCreek,train,2024,37,53
ISMN_SCAN_BlueCreek,train,2025,36,103
ISMN_SCAN_BodieHills,train,2016,10,24
ISMN_SCAN_BodieHills,train,2017,18,88
ISMN_SCAN_BodieHills,train,2018,43,88
ISMN_SCAN_BodieHills,train,2019,50,147
ISMN_SCAN_BodieHills,train,2020,49,177
ISMN_SCAN_BodieHills,train,2021,47,171
ISMN_SCAN_BodieHills,train,2022,45,89
ISMN_SCAN_BodieHills,train,2023,46,88
ISMN_SCAN_BodieHills,train,2024,49,73
ISMN_SCAN_BodieHills,train,2025,55,157
ISMN_SCAN_BraggFarm,train,2016,6,9
ISMN_SCAN_BraggFarm,train,2017,10,21
ISMN_SCAN_BraggFarm,train,2018,22,21
ISMN_SCAN_BraggFarm,train,2019,26,30
ISMN_SCAN_BraggFarm,train,2020,9,9
ISMN_SCAN_Buckhorn,train,2020,9,20
ISMN_SCAN_Buckhorn,train,2021,73,146
ISMN_SCAN_Buckhorn,train,2022,75,87
ISMN_SCAN_Buckhorn,train,2023,74,87
ISMN_SCAN_Buckhorn,train,2024,82,78
ISMN_SCAN_Buckhorn,train,2025,101,131
ISMN_SCAN_BuffaloJump,train,2016,9,5
ISMN_SCAN_BuffaloJump,train,2017,13,83
ISMN_SCAN_BuffaloJump,train,2018,34,59
ISMN_SCAN_BuffaloJump,train,2019,39,66
ISMN_SCAN_BuffaloJump,train,2020,37,89
ISMN_SCAN_BuffaloJump,train,2021,39,85
ISMN_SCAN_BuffaloJump,train,2022,42,59
ISMN_SCAN_BuffaloJump,train,2023,35,57
ISMN_SCAN_BuffaloJump,train,2024,41,53
ISMN_SCAN_BuffaloJump,train,2025,41,79
ISMN_SCAN_Bushland#1,val,2022,50,94
ISMN_SCAN_Bushland#1,val,2023,43,115
ISMN_SCAN_Bushland#1,val,2024,47,103
ISMN_SCAN_Bushland#1,val,2025,55,131
ISMN_SCAN_CPER,train,2016,16,6
ISMN_SCAN_CPER,train,2017,29,70
ISMN_SCAN_CPER,train,2018,80,89
ISMN_SCAN_CPER,train,2019,64,87
ISMN_SCAN_CPER,train,2020,47,56
ISMN_SCAN_CacheJunction,train,2016,19,7
ISMN_SCAN_CacheJunction,train,2017,25,78
ISMN_SCAN_CacheJunction,train,2018,73,60
ISMN_SCAN_CacheJunction,train,2019,78,76
ISMN_SCAN_CacheJunction,train,2020,82,90
ISMN_SCAN_CacheJunction,train,2021,73,84
ISMN_SCAN_CacheJunction,train,2022,79,30
ISMN_SCAN_CacheJunction,train,2023,76,28
ISMN_SCAN_CacheJunction,train,2024,13,9
ISMN_SCAN_CarverFarm,train,2018,23,18
ISMN_SCAN_CarverFarm,train,2019,22,26
ISMN_SCAN_CarverFarm,train,2020,32,26
ISMN_SCAN_CarverFarm,train,2021,18,15
ISMN_SCAN_CaveValley,train,2019,5,4
ISMN_SCAN_CaveValley,train,2020,101,88
ISMN_SCAN_CaveValley,train,2021,90,88
ISMN_SCAN_CaveValley,train,2022,95,30
ISMN_SCAN_CaveValley,train,2023,90,28
ISMN_SCAN_CaveValley,train,2024,85,26
ISMN_SCAN_CaveValley,train,2025,67,44
ISMN_SCAN_CentraliaLake,train,2017,10,10
ISMN_SCAN_CentraliaLake,train,2018,29,27
ISMN_SCAN_CentraliaLake,train,2019,37,20
ISMN_SCAN_CentraliaLake,train,2020,37,27
ISMN_SCAN_CentraliaLake,train,2021,44,28
ISMN_SCAN_CentraliaLake,train,2022,23,16
ISMN_SCAN_Charkiln,train,2016,19,5
ISMN_SCAN_Charkiln,train,2017,50,45
ISMN_SCAN_Charkiln,train,2018,94,58
ISMN_SCAN_Charkiln,train,2019,84,68
ISMN_SCAN_Charkiln,train,2020,107,90
ISMN_SCAN_Charkiln,train,2021,87,90
ISMN_SCAN_Charkiln,train,2022,103,29
ISMN_SCAN_Charkiln,train,2023,85,27
ISMN_SCAN_Charkiln,train,2024,95,27
ISMN_SCAN_Charkiln,train,2025,112,74
ISMN_SCAN_ChickenRidge,oos,2016,16,5
ISMN_SCAN_ChickenRidge,oos,2017,26,83
ISMN_SCAN_ChickenRidge,oos,2018,55,59
ISMN_SCAN_ChickenRidge,oos,2019,63,66
ISMN_SCAN_ChickenRidge,oos,2020,70,89
ISMN_SCAN_ChickenRidge,oos,2021,59,85
ISMN_SCAN_ChickenRidge,oos,2022,60,59
ISMN_SCAN_ChickenRidge,oos,2023,47,57
ISMN_SCAN_ChickenRidge,oos,2024,53,53
ISMN_SCAN_ChickenRidge,oos,2025,48,79
ISMN_SCAN_Circleville,oos,2016,9,5
ISMN_SCAN_Circleville,oos,2017,16,50
ISMN_SCAN_Circleville,oos,2018,40,47
ISMN_SCAN_Circleville,oos,2019,46,58
ISMN_SCAN_Circleville,oos,2020,50,61
ISMN_SCAN_Circleville,oos,2021,45,58
ISMN_SCAN_Circleville,oos,2022,42,26
ISMN_SCAN_Combate,val,2019,9,8
ISMN_SCAN_Combate,val,2020,43,59
ISMN_SCAN_Combate,val,2021,43,52
ISMN_SCAN_Combate,val,2022,46,55
ISMN_SCAN_Combate,val,2023,47,46
ISMN_SCAN_Combate,val,2024,15,7
ISMN_SCAN_ConradAgRc,val,2016,12,7
ISMN_SCAN_ConradAgRc,val,2017,24,93
ISMN_SCAN_ConradAgRc,val,2018,62,94
ISMN_SCAN_ConradAgRc,val,2019,49,106
ISMN_SCAN_ConradAgRc,val,2020,51,89
ISMN_SCAN_CrescentLake#1,val,2016,3,30
ISMN_SCAN_CrescentLake#1,val,2017,8,50
ISMN_SCAN_CrescentLake#1,val,2018,26,59
ISMN_SCAN_CrescentLake#1,val,2019,30,59
ISMN_SCAN_CrescentLake#1,val,2020,29,57
ISMN_SCAN_CrescentLake#1,val,2021,33,54
ISMN_SCAN_CrescentLake#1,val,2022,28,32
ISMN_SCAN_CrescentLake#1,val,2023,21,42
ISMN_SCAN_CrescentLake#1,val,2024,25,45
ISMN_SCAN_CrescentLake#1,val,2025,33,49
ISMN_SCAN_Crossroads,oos,2016,13,2
ISMN_SCAN_Crossroads,oos,2017,19,45
ISMN_SCAN_Crossroads,oos,2018,37,53
ISMN_SCAN_Crossroads,oos,2019,37,44
ISMN_SCAN_Crossroads,oos,2020,49,59
ISMN_SCAN_Crossroads,oos,2021,48,59
ISMN_SCAN_Crossroads,oos,2022,53,43
ISMN_SCAN_Crossroads,oos,2023,49,58
ISMN_SCAN_Crossroads,oos,2024,48,52
ISMN_SCAN_Crossroads,oos,2025,46,72
ISMN_SCAN_Cullman-NAHRC,train,2018,12,16
ISMN_SCAN_Cullman-NAHRC,train,2019,29,30
ISMN_SCAN_Cullman-NAHRC,train,2020,27,28
ISMN_SCAN_Cullman-NAHRC,train,2021,27,31
ISMN_SCAN_Cullman-NAHRC,train,2022,34,29
ISMN_SCAN_Cullman-NAHRC,train,2023,34,27
ISMN_SCAN_Cullman-NAHRC,train,2024,33,21
ISMN_SCAN_Cullman-NAHRC,train,2025,30,27
ISMN_SCAN_DeepSprings,oos,2016,0,16
ISMN_SCAN_DeepSprings,oos,2017,0,85
ISMN_SCAN_DeepSprings,oos,2018,0,82
ISMN_SCAN_DeepSprings,oos,2019,0,134
ISMN_SCAN_DeepSprings,oos,2020,49,175
ISMN_SCAN_DeepSprings,oos,2021,104,172
ISMN_SCAN_DeepSprings,oos,2022,114,90
ISMN_SCAN_DeepSprings,oos,2023,99,85
ISMN_SCAN_DeepSprings,oos,2024,115,75
ISMN_SCAN_DeepSprings,oos,2025,127,150
ISMN_SCAN_Dexter,oos,2016,8,35
ISMN_SCAN_Dexter,oos,2017,8,56
ISMN_SCAN_Dexter,oos,2018,28,57
ISMN_SCAN_Dexter,oos,2019,29,56
ISMN_SCAN_Dexter,oos,2020,22,42
ISMN_SCAN_DoeRidge,oos,2016,9,19
ISMN_SCAN_DoeRidge,oos,2017,23,70
ISMN_SCAN_DoeRidge,oos,2018,47,55
ISMN_SCAN_DoeRidge,oos,2019,52,91
ISMN_SCAN_DoeRidge,oos,2020,54,116
ISMN_SCAN_DoeRidge,oos,2021,49,114
ISMN_SCAN_DoeRidge,oos,2022,49,59
ISMN_SCAN_DoeRidge,oos,2023,51,57
ISMN_SCAN_DoeRidge,oos,2024,47,48
ISMN_SCAN_DoeRidge,oos,2025,51,68
ISMN_SCAN_EagleLake,train,2016,10,5
ISMN_SCAN_EagleLake,train,2017,20,52
ISMN_SCAN_EagleLake,train,2018,40,63
ISMN_SCAN_EagleLake,train,2019,44,86
ISMN_SCAN_EagleLake,train,2020,21,40
ISMN_SCAN_Eastland,train,2016,10,10
ISMN_SCAN_Eastland,train,2017,20,80
ISMN_SCAN_Eastland,train,2018,48,73
ISMN_SCAN_Eastland,train,2019,39,77
ISMN_SCAN_Eastland,train,2020,56,87
ISMN_SCAN_Eastland,train,2021,41,84
ISMN_SCAN_Eastland,train,2022,24,13
ISMN_SCAN_EastviewFarm,val,2021,43,51
ISMN_SCAN_EastviewFarm,val,2022,60,60
ISMN_SCAN_EastviewFarm,val,2023,60,57
ISMN_SCAN_EastviewFarm,val,2024,59,48
ISMN_SCAN_EastviewFarm,val,2025,70,58
ISMN_SCAN_ElsberryPMC,train,2016,4,35
ISMN_SCAN_ElsberryPMC,train,2017,15,56
ISMN_SCAN_ElsberryPMC,train,2018,26,57
ISMN_SCAN_ElsberryPMC,train,2019,22,56
ISMN_SCAN_ElsberryPMC,train,2020,28,55
ISMN_SCAN_ElsberryPMC,train,2021,33,56
ISMN_SCAN_ElsberryPMC,train,2022,35,50
ISMN_SCAN_ElsberryPMC,train,2023,36,49
ISMN_SCAN_ElsberryPMC,train,2024,31,49
ISMN_SCAN_Enterprise,val,2016,0,5
ISMN_SCAN_Enterprise,val,2017,27,54
ISMN_SCAN_Enterprise,val,2018,48,62
ISMN_SCAN_Enterprise,val,2019,46,78
ISMN_SCAN_Enterprise,val,2020,50,116
ISMN_SCAN_Enterprise,val,2021,42,119
ISMN_SCAN_Enterprise,val,2022,45,59
ISMN_SCAN_Enterprise,val,2023,43,56
ISMN_SCAN_Enterprise,val,2024,21,25
ISMN_SCAN_Ephraim,val,2016,9,11
ISMN_SCAN_Ephraim,val,2017,15,103
ISMN_SCAN_Ephraim,val,2018,44,77
ISMN_SCAN_Ephraim,val,2019,35,95
ISMN_SCAN_Ephraim,val,2020,44,120
ISMN_SCAN_Ephraim,val,2021,43,114
ISMN_SCAN_Ephraim,val,2022,32,37
ISMN_SCAN_ErosDataCenter,oos,2016,0,11
ISMN_SCAN_ErosDataCenter,oos,2017,0,26
ISMN_SCAN_ErosDataCenter,oos,2018,0,26
ISMN_SCAN_ErosDataCenter,oos,2019,25,29
ISMN_SCAN_ErosDataCenter,oos,2020,31,28
ISMN_SCAN_ErosDataCenter,oos,2021,35,28
ISMN_SCAN_ErosDataCenter,oos,2022,30,0
ISMN_SCAN_ErosDataCenter,oos,2023,34,0
ISMN_SCAN_ErosDataCenter,oos,2024,27,0
ISMN_SCAN_ErosDataCenter,oos,2025,37,17
ISMN_SCAN_EvergladesARS,train,2019,14,28
ISMN_SCAN_EvergladesARS,train,2020,24,28
ISMN_SCAN_EvergladesARS,train,2021,18,29
ISMN_SCAN_EvergladesARS,train,2022,19,20
ISMN_SCAN_FordDryLake,train,2016,1,2
ISMN_SCAN_FordDryLake,train,2017,18,72
ISMN_SCAN_FordDryLake,train,2018,10,88
ISMN_SCAN_FordDryLake,train,2019,28,60
ISMN_SCAN_FortAssiniboine#1,oos,2016,0,8
ISMN_SCAN_FortAssiniboine#1,oos,2017,14,99
ISMN_SCAN_FortAssiniboine#1,oos,2018,63,89
ISMN_SCAN_FortAssiniboine#1,oos,2019,47,69
ISMN_SCAN_FortReno#1,train,2016,0,49
ISMN_SCAN_FortReno#1,train,2017,0,43
ISMN_SCAN_FortReno#1,train,2018,0,71
ISMN_SCAN_FortReno#1,train,2019,0,84
ISMN_SCAN_FortReno#1,train,2020,9,85
ISMN_SCAN_FortReno#1,train,2021,32,87
ISMN_SCAN_FortReno#1,train,2022,41,58
ISMN_SCAN_FortReno#1,train,2023,8,14
ISMN_SCAN_Fortuna,train,2016,14,23
ISMN_SCAN_Fortuna,train,2017,21,67
ISMN_SCAN_Fortuna,train,2018,20,29
ISMN_SCAN_FrenchGulch,oos,2017,28,34
ISMN_SCAN_FrenchGulch,oos,2018,76,40
ISMN_SCAN_FrenchGulch,oos,2019,81,81
ISMN_SCAN_FrenchGulch,oos,2020,65,60
ISMN_SCAN_Geneva#1,train,2016,7,20
ISMN_SCAN_Geneva#1,train,2017,4,59
ISMN_SCAN_Geneva#1,train,2018,20,53
ISMN_SCAN_Geneva#1,train,2019,17,52
ISMN_SCAN_GlacialRidge,oos,2016,14,16
ISMN_SCAN_GlacialRidge,oos,2017,20,21
ISMN_SCAN_GlacialRidge,oos,2018,59,29
ISMN_SCAN_GlacialRidge,oos,2019,54,29
ISMN_SCAN_GlacialRidge,oos,2020,62,26
ISMN_SCAN_GlacialRidge,oos,2021,13,6
ISMN_SCAN_GoodwinCkTimber,oos,2016,8,29
ISMN_SCAN_GoodwinCkTimber,oos,2017,12,57
ISMN_SCAN_GoodwinCkTimber,oos,2018,27,57
ISMN_SCAN_GoodwinCkTimber,oos,2019,31,57
ISMN_SCAN_GoodwinCkTimber,oos,2020,32,59
ISMN_SCAN_GoodwinCkTimber,oos,2021,28,56
ISMN_SCAN_GoodwinCkTimber,oos,2022,31,51
ISMN_SCAN_GoodwinCkTimber,oos,2023,30,51
ISMN_SCAN_GoodwinCkTimber,oos,2024,27,51
ISMN_SCAN_GoodwinCkTimber,oos,2025,32,58
ISMN_SCAN_Goshute,oos,2016,10,10
ISMN_SCAN_Goshute,oos,2017,20,32
ISMN_SCAN_Goshute,oos,2018,42,20
ISMN_SCAN_Goshute,oos,2019,37,38
ISMN_SCAN_Goshute,oos,2020,41,58
ISMN_SCAN_Goshute,oos,2021,37,69
ISMN_SCAN_Goshute,oos,2022,15,4
ISMN_SCAN_Grantsville,train,2016,20,5
ISMN_SCAN_Grantsville,train,2017,29,50
ISMN_SCAN_Grantsville,train,2018,78,47
ISMN_SCAN_Grantsville,train,2019,78,55
ISMN_SCAN_GreenRiver,oos,2018,49,5
ISMN_SCAN_GreenRiver,oos,2019,92,37
ISMN_SCAN_GreenRiver,oos,2020,102,59
ISMN_SCAN_GreenRiver,oos,2021,104,56
ISMN_SCAN_GreenRiver,oos,2022,101,29
ISMN_SCAN_GreenRiver,oos,2023,88,29
ISMN_SCAN_GreenRiver,oos,2024,98,27
ISMN_SCAN_GreenRiver,oos,2025,119,50
ISMN_SCAN_GrouseCreek,train,2016,23,10
ISMN_SCAN_GrouseCreek,train,2017,41,33
ISMN_SCAN_GrouseCreek,train,2018,66,20
ISMN_SCAN_GrouseCreek,train,2019,61,38
ISMN_SCAN_GrouseCreek,train,2020,74,58
ISMN_SCAN_GrouseCreek,train,2021,67,68
ISMN_SCAN_GrouseCreek,train,2022,71,21
ISMN_SCAN_GrouseCreek,train,2023,68,27
ISMN_SCAN_GrouseCreek,train,2024,72,26
ISMN_SCAN_GrouseCreek,train,2025,81,73
ISMN_SCAN_HalsCanyon,oos,2016,16,5
ISMN_SCAN_HalsCanyon,oos,2017,22,53
ISMN_SCAN_HalsCanyon,oos,2018,30,62
ISMN_SCAN_HalsCanyon,oos,2019,27,78
ISMN_SCAN_HalsCanyon,oos,2020,35,116
ISMN_SCAN_HalsCanyon,oos,2021,29,119
ISMN_SCAN_HalsCanyon,oos,2022,3,7
ISMN_SCAN_HarmsWay,train,2016,12,10
ISMN_SCAN_HarmsWay,train,2017,17,105
ISMN_SCAN_HarmsWay,train,2018,43,90
ISMN_SCAN_HarmsWay,train,2019,42,96
ISMN_SCAN_HarmsWay,train,2020,53,117
ISMN_SCAN_HarmsWay,train,2021,41,114
ISMN_SCAN_HarmsWay,train,2022,48,66
ISMN_SCAN_HarmsWay,train,2023,39,87
ISMN_SCAN_HarmsWay,train,2024,42,83
ISMN_SCAN_HarmsWay,train,2025,49,123
ISMN_SCAN_Hodges,train,2021,20,12
ISMN_SCAN_Hodges,train,2022,70,29
ISMN_SCAN_Hodges,train,2023,61,27
ISMN_SCAN_Hodges,train,2024,64,21
ISMN_SCAN_Hodges,train,2025,68,30
ISMN_SCAN_Holden,train,2016,28,5
ISMN_SCAN_Holden,train,2017,49,50
ISMN_SCAN_Holden,train,2018,73,47
ISMN_SCAN_Holden,train,2019,74,58
ISMN_SCAN_Holden,train,2020,92,61
ISMN_SCAN_Holden,train,2021,85,58
ISMN_SCAN_Holden,train,2022,86,30
ISMN_SCAN_Holden,train,2023,78,28
ISMN_SCAN_Holden,train,2024,77,27
ISMN_SCAN_Holden,train,2025,89,50
ISMN_SCAN_HubbardBrook,train,2016,0,3
ISMN_SCAN_HubbardBrook,train,2017,6,85
ISMN_SCAN_HubbardBrook,train,2018,18,91
ISMN_SCAN_HubbardBrook,train,2019,23,80
ISMN_SCAN_HubbardBrook,train,2020,22,85
ISMN_SCAN_HubbardBrook,train,2021,20,82
ISMN_SCAN_HubbardBrook,train,2022,16,71
ISMN_SCAN_HubbardBrook,train,2023,16,59
ISMN_SCAN_HubbardBrook,train,2024,24,49
ISMN_SCAN_HubbardBrook,train,2025,25,89
ISMN_SCAN_IsbellFarms,train,2016,5,13
ISMN_SCAN_IsbellFarms,train,2017,15,48
ISMN_SCAN_IsbellFarms,train,2018,16,49
ISMN_SCAN_IsbellFarms,train,2019,24,60
ISMN_SCAN_IsbellFarms,train,2020,30,61
ISMN_SCAN_IsbellFarms,train,2021,28,59
ISMN_SCAN_IsbellFarms,train,2022,34,58
ISMN_SCAN_IsbellFarms,train,2023,33,56
ISMN_SCAN_IsbellFarms,train,2024,17,23
ISMN_SCAN_JohnsonFarm,oos,2020,36,22
ISMN_SCAN_JohnsonFarm,oos,2021,84,58
ISMN_SCAN_JohnsonFarm,oos,2022,90,86
ISMN_SCAN_JohnsonFarm,oos,2023,79,83
ISMN_SCAN_JohnsonFarm,oos,2024,93,79
ISMN_SCAN_JohnsonFarm,oos,2025,89,109
ISMN_SCAN_Jordan,train,2016,13,7
ISMN_SCAN_Jordan,train,2017,18,94
ISMN_SCAN_Jordan,train,2018,61,94
ISMN_SCAN_Jordan,train,2019,67,95
ISMN_SCAN_Jordan,train,2020,63,112
ISMN_SCAN_Jordan,train,2021,56,118
ISMN_SCAN_Jordan,train,2022,62,58
ISMN_SCAN_Jordan,train,2023,71,56
ISMN_SCAN_Jordan,train,2024,65,53
ISMN_SCAN_Jordan,train,2025,55,93
ISMN_SCAN_JornadaExpRange,train,2016,24,3
ISMN_SCAN_JornadaExpRange,train,2017,44,78
ISMN_SCAN_JornadaExpRange,train,2018,107,89
ISMN_SCAN_JornadaExpRange,train,2019,104,90
ISMN_SCAN_JornadaExpRange,train,2020,77,57
ISMN_SCAN_JournaganRanch,train,2016,3,30
ISMN_SCAN_JournaganRanch,train,2017,10,57
ISMN_SCAN_JournaganRanch,train,2018,26,58
ISMN_SCAN_JournaganRanch,train,2019,28,57
ISMN_SCAN_JournaganRanch,train,2020,5,14
ISMN_SCAN_Kainaliu,oos,2016,9,60
ISMN_SCAN_Kainaliu,oos,2017,5,77
ISMN_SCAN_Kainaliu,oos,2018,21,99
ISMN_SCAN_Kainaliu,oos,2019,21,116
ISMN_SCAN_Kainaliu,oos,2020,18,115
ISMN_SCAN_Kainaliu,oos,2021,4,27
ISMN_SCAN_KemoleGulch,train,2016,23,43
ISMN_SCAN_KemoleGulch,train,2017,31,30
ISMN_SCAN_KemoleGulch,train,2018,51,61
ISMN_SCAN_KemoleGulch,train,2019,52,116
ISMN_SCAN_KemoleGulch,train,2020,71,110
ISMN_SCAN_KnoxCity,train,2016,6,36
ISMN_SCAN_KnoxCity,train,2017,18,26
ISMN_SCAN_KnoxCity,train,2018,24,9
ISMN_SCAN_KoptisFarms,train,2017,22,10
ISMN_SCAN_KoptisFarms,train,2018,42,30
ISMN_SCAN_KoptisFarms,train,2019,62,30
ISMN_SCAN_KoptisFarms,train,2020,58,33
ISMN_SCAN_KoptisFarms,train,2021,60,28
ISMN_SCAN_KoptisFarms,train,2022,56,29
ISMN_SCAN_KoptisFarms,train,2023,21,11
ISMN_SCAN_Kukuihaele,train,2016,9,60
ISMN_SCAN_Kukuihaele,train,2017,29,77
ISMN_SCAN_Kukuihaele,train,2018,26,100
ISMN_SCAN_Kukuihaele,train,2019,49,116
ISMN_SCAN_Kukuihaele,train,2020,39,88
ISMN_SCAN_KyleCanyon,oos,2016,31,5
ISMN_SCAN_KyleCanyon,oos,2017,48,45
ISMN_SCAN_KyleCanyon,oos,2018,91,58
ISMN_SCAN_KyleCanyon,oos,2019,86,68
ISMN_SCAN_KyleCanyon,oos,2020,111,90
ISMN_SCAN_KyleCanyon,oos,2021,86,90
ISMN_SCAN_KyleCanyon,oos,2022,103,29
ISMN_SCAN_KyleCanyon,oos,2023,86,27
ISMN_SCAN_KyleCanyon,oos,2024,85,27
ISMN_SCAN_KyleCanyon,oos,2025,109,74
ISMN_SCAN_LTSP,train,2021,0,1
ISMN_SCAN_LTSP,train,2022,35,22
ISMN_SCAN_LTSP,train,2023,28,19
ISMN_SCAN_LTSP,train,2024,32,22
ISMN_SCAN_LTSP,train,2025,43,23
ISMN_SCAN_Lehman,train,2016,14,2
ISMN_SCAN_Lehman,train,2017,21,45
ISMN_SCAN_Lehman,train,2018,37,53
ISMN_SCAN_Lehman,train,2019,39,44
ISMN_SCAN_Lehman,train,2020,30,40
ISMN_SCAN_Levelland,train,2016,6,2
ISMN_SCAN_Levelland,train,2017,22,45
ISMN_SCAN_Levelland,train,2018,37,53
ISMN_SCAN_Levelland,train,2019,45,44
ISMN_SCAN_Levelland,train,2020,52,59
ISMN_SCAN_Levelland,train,2021,19,26
ISMN_SCAN_Lind#1,train,2016,11,3
ISMN_SCAN_Lind#1,train,2017,19,44
ISMN_SCAN_Lind#1,train,2018,31,59
ISMN_SCAN_Lind#1,train,2019,32,59
ISMN_SCAN_Lind#1,train,2020,34,61
ISMN_SCAN_Lind#1,train,2021,27,58
ISMN_SCAN_Lind#1,train,2022,30,0
ISMN_SCAN_Lind#1,train,2023,28,0
ISMN_SCAN_Lind#1,train,2024,30,0
ISMN_SCAN_Lind#1,train,2025,38,21
ISMN_SCAN_LittleRedFox,oos,2016,10,2
ISMN_SCAN_LittleRedFox,oos,2017,15,51
ISMN_SCAN_LittleRedFox,oos,2018,49,30
ISMN_SCAN_LittleRedFox,oos,2019,47,37
ISMN_SCAN_LittleRedFox,oos,2020,49,59
ISMN_SCAN_LittleRedFox,oos,2021,44,56
ISMN_SCAN_LittleRedFox,oos,2022,48,29
ISMN_SCAN_LittleRedFox,oos,2023,44,29
ISMN_SCAN_LittleRedFox,oos,2024,40,27
ISMN_SCAN_LittleRedFox,oos,2025,52,51
ISMN_SCAN_LittleRiver,train,2016,6,18
ISMN_SCAN_LittleRiver,train,2017,8,25
ISMN_SCAN_LittleRiver,train,2018,29,29
ISMN_SCAN_LittleRiver,train,2019,30,29
ISMN_SCAN_LittleRiver,train,2020,26,31
ISMN_SCAN_LittleRiver,train,2021,9,7
ISMN_SCAN_LosLunasPMC,oos,2016,25,3
ISMN_SCAN_LosLunasPMC,oos,2017,48,53
ISMN_SCAN_LosLunasPMC,oos,2018,61,60
ISMN_SCAN_LosLunasPMC,oos,2019,65,60
ISMN_SCAN_LosLunasPMC,oos,2020,60,59
ISMN_SCAN_LosLunasPMC,oos,2021,61,59
ISMN_SCAN_LosLunasPMC,oos,2022,62,28
ISMN_SCAN_LosLunasPMC,oos,2023,7,3
ISMN_SCAN_LovellSummit,train,2016,27,5
ISMN_SCAN_LovellSummit,train,2017,44,45
ISMN_SCAN_LovellSummit,train,2018,86,58
ISMN_SCAN_LovellSummit,train,2019,77,68
ISMN_SCAN_LovellSummit,train,2020,104,90
ISMN_SCAN_LovellSummit,train,2021,86,90
ISMN_SCAN_LovellSummit,train,2022,90,29
ISMN_SCAN_LovellSummit,train,2023,72,27
ISMN_SCAN_LovellSummit,train,2024,68,27
ISMN_SCAN_LovellSummit,train,2025,86,74
ISMN_SCAN_LovelockNNR,train,2016,9,5
ISMN_SCAN_LovelockNNR,train,2017,22,57
ISMN_SCAN_LovelockNNR,train,2018,46,51
ISMN_SCAN_LovelockNNR,train,2019,38,78
ISMN_SCAN_LovelockNNR,train,2020,31,60
ISMN_SCAN_LyeBrook,train,2018,5,12
ISMN_SCAN_LyeBrook,train,2019,44,59
ISMN_SCAN_LyeBrook,train,2020,37,55
ISMN_SCAN_LyeBrook,train,2021,33,53
ISMN_SCAN_LyeBrook,train,2022,34,77
ISMN_SCAN_LyeBrook,train,2023,34,59
ISMN_SCAN_LyeBrook,train,2024,39,56
ISMN_SCAN_LyeBrook,train,2025,37,73
ISMN_SCAN_MahantangoCk,train,2016,17,20
ISMN_SCAN_MahantangoCk,train,2017,25,58
ISMN_SCAN_MahantangoCk,train,2018,30,40
ISMN_SCAN_MammothCave,train,2016,4,37
ISMN_SCAN_MammothCave,train,2017,11,44
ISMN_SCAN_MammothCave,train,2018,22,48
ISMN_SCAN_MammothCave,train,2019,23,57
ISMN_SCAN_MammothCave,train,2020,12,33
ISMN_SCAN_ManaHouse,oos,2020,5,5
ISMN_SCAN_ManaHouse,oos,2021,47,110
ISMN_SCAN_ManaHouse,oos,2022,55,60
ISMN_SCAN_ManaHouse,oos,2023,61,55
ISMN_SCAN_ManaHouse,oos,2024,50,48
ISMN_SCAN_ManaHouse,oos,2025,53,89
ISMN_SCAN_Mandan#1,train,2016,4,44
ISMN_SCAN_Mandan#1,train,2017,9,51
ISMN_SCAN_Mandan#1,train,2018,28,54
ISMN_SCAN_Mandan#1,train,2019,26,56
ISMN_SCAN_Mandan#1,train,2020,34,53
ISMN_SCAN_Mandan#1,train,2021,32,57
ISMN_SCAN_Mandan#1,train,2022,36,74
ISMN_SCAN_Mandan#1,train,2023,35,85
ISMN_SCAN_Mandan#1,train,2024,32,79
ISMN_SCAN_Mandan#1,train,2025,38,105
ISMN_SCAN_Manderfield,train,2017,36,35
ISMN_SCAN_Manderfield,train,2018,87,47
ISMN_SCAN_Manderfield,train,2019,82,58
ISMN_SCAN_Manderfield,train,2020,98,61
ISMN_SCAN_Manderfield,train,2021,89,58
ISMN_SCAN_Manderfield,train,2022,94,30
ISMN_SCAN_Manderfield,train,2023,88,28
ISMN_SCAN_Manderfield,train,2024,80,28
ISMN_SCAN_Manderfield,train,2025,93,50
ISMN_SCAN_MarbleCreek,val,2020,84,86
ISMN_SCAN_MarbleCreek,val,2021,101,114
ISMN_SCAN_MarbleCreek,val,2022,108,59
ISMN_SCAN_MarbleCreek,val,2023,101,57
ISMN_SCAN_MarbleCreek,val,2024,86,36
ISMN_SCAN_MaricaoForest,train,2016,3,10
ISMN_SCAN_MaricaoForest,train,2017,8,59
ISMN_SCAN_MaricaoForest,train,2018,5,12
ISMN_SCAN_Mason#1,oos,2017,24,25
ISMN_SCAN_Mason#1,oos,2018,59,27
ISMN_SCAN_Mason#1,oos,2019,57,30
ISMN_SCAN_Mason#1,oos,2020,56,30
ISMN_SCAN_Mason#1,oos,2021,56,28
ISMN_SCAN_Mason#1,oos,2022,59,28
ISMN_SCAN_Mason#1,oos,2023,54,29
ISMN_SCAN_Mason#1,oos,2024,54,28
ISMN_SCAN_Mason#1,oos,2025,11,6
ISMN_SCAN_Mayday,train,2020,5,4
ISMN_SCAN_Mayday,train,2021,20,28
ISMN_SCAN_Mayday,train,2022,31,22
ISMN_SCAN_Mayday,train,2023,25,22
ISMN_SCAN_Mayday,train,2024,5,11
ISMN_SCAN_McAllisterFarm,oos,2016,5,9
ISMN_SCAN_McAllisterFarm,oos,2017,10,21
ISMN_SCAN_McAllisterFarm,oos,2018,21,21
ISMN_SCAN_McAllisterFarm,oos,2019,26,30
ISMN_SCAN_McAllisterFarm,oos,2020,22,28
ISMN_SCAN_McAllisterFarm,oos,2021,22,31
ISMN_SCAN_McAllisterFarm,oos,2022,40,30
ISMN_SCAN_McAllisterFarm,oos,2023,32,27
ISMN_SCAN_McAllisterFarm,oos,2024,36,20
ISMN_SCAN_McAllisterFarm,oos,2025,38,30
ISMN_SCAN_MccrackenMesa,train,2016,12,10
ISMN_SCAN_MccrackenMesa,train,2017,19,83
ISMN_SCAN_MccrackenMesa,train,2018,45,73
ISMN_SCAN_MccrackenMesa,train,2019,37,77
ISMN_SCAN_MccrackenMesa,train,2020,50,87
ISMN_SCAN_MccrackenMesa,train,2021,45,84
ISMN_SCAN_MccrackenMesa,train,2022,42,36
ISMN_SCAN_MccrackenMesa,train,2023,43,57
ISMN_SCAN_MccrackenMesa,train,2024,47,56
ISMN_SCAN_MccrackenMesa,train,2025,14,14
ISMN_SCAN_Milford,oos,2016,27,10
ISMN_SCAN_Milford,oos,2017,44,55
ISMN_SCAN_Milford,oos,2018,91,50
ISMN_SCAN_Milford,oos,2019,87,68
ISMN_SCAN_Milford,oos,2020,101,88
ISMN_SCAN_Milford,oos,2021,91,88
ISMN_SCAN_Milford,oos,2022,98,30
ISMN_SCAN_Milford,oos,2023,93,28
ISMN_SCAN_Milford,oos,2024,85,28
ISMN_SCAN_Milford,oos,2025,59,44
ISMN_SCAN_Moccasin,train,2016,15,4
ISMN_SCAN_Moccasin,train,2017,28,74
ISMN_SCAN_Moccasin,train,2018,58,69
ISMN_SCAN_Moccasin,train,2019,60,78
ISMN_SCAN_Moccasin,train,2020,66,89
ISMN_SCAN_Moccasin,train,2021,52,87
ISMN_SCAN_Moccasin,train,2022,63,59
ISMN_SCAN_Moccasin,train,2023,68,57
ISMN_SCAN_Moccasin,train,2024,51,56
ISMN_SCAN_Moccasin,train,2025,12,12
ISMN_SCAN_MonoclineRidge,train,2016,29,42
ISMN_SCAN_MonoclineRidge,train,2017,51,85
ISMN_SCAN_MonoclineRidge,train,2018,107,95
ISMN_SCAN_MonoclineRidge,train,2019,99,139
ISMN_SCAN_MonoclineRidge,train,2020,98,180
ISMN_SCAN_MonoclineRidge,train,2021,94,149
ISMN_SCAN_Morgan,train,2016,20,9
ISMN_SCAN_Morgan,train,2017,30,79
ISMN_SCAN_Morgan,train,2018,73,60
ISMN_SCAN_Morgan,train,2019,80,75
ISMN_SCAN_Morgan,train,2020,74,90
ISMN_SCAN_Morgan,train,2021,74,84
ISMN_SCAN_Morgan,train,2022,82,30
ISMN_SCAN_Morgan,train,2023,70,28
ISMN_SCAN_Morgan,train,2024,74,27
ISMN_SCAN_Morgan,train,2025,83,72
ISMN_SCAN_MorrisFarms,oos,2016,4,8
ISMN_SCAN_MorrisFarms,oos,2017,14,23
ISMN_SCAN_MorrisFarms,oos,2018,30,23
ISMN_SCAN_MorrisFarms,oos,2019,32,30
ISMN_SCAN_MorrisFarms,oos,2020,10,7
ISMN_SCAN_MountainHome,train,2016,11,4
ISMN_SCAN_MountainHome,train,2017,15,53
ISMN_SCAN_MountainHome,train,2018,40,30
ISMN_SCAN_MountainHome,train,2019,45,37
ISMN_SCAN_MountainHome,train,2020,50,59
ISMN_SCAN_MountainHome,train,2021,45,56
ISMN_SCAN_MountainHome,train,2022,44,29
ISMN_SCAN_MountainHome,train,2023,45,29
ISMN_SCAN_MountainHome,train,2024,40,24
ISMN_SCAN_MtVernon,oos,2016,1,8
ISMN_SCAN_MtVernon,oos,2017,15,29
ISMN_SCAN_MtVernon,oos,2018,25,29
ISMN_SCAN_MtVernon,oos,2019,24,30
ISMN_SCAN_MtVernon,oos,2020,21,29
ISMN_SCAN_NPiedmontArec,oos,2016,6,21
ISMN_SCAN_NPiedmontArec,oos,2017,10,57
ISMN_SCAN_NPiedmontArec,oos,2018,24,58
ISMN_SCAN_NPiedmontArec,oos,2019,26,60
ISMN_SCAN_NPiedmontArec,oos,2020,30,55
ISMN_SCAN_NPiedmontArec,oos,2021,29,54
ISMN_SCAN_NPiedmontArec,oos,2022,26,55
ISMN_SCAN_NPiedmontArec,oos,2023,31,55
ISMN_SCAN_NPiedmontArec,oos,2024,35,51
ISMN_SCAN_NPiedmontArec,oos,2025,39,57
ISMN_SCAN_Nacogdoches,oos,2018,44,20
ISMN_SCAN_Nacogdoches,oos,2019,49,20
ISMN_SCAN_Nacogdoches,oos,2020,55,30
ISMN_SCAN_Nacogdoches,oos,2021,50,28
ISMN_SCAN_Nacogdoches,oos,2022,39,16
ISMN_SCAN_Nephi,val,2016,11,10
ISMN_SCAN_Nephi,val,2017,13,103
ISMN_SCAN_Nephi,val,2018,36,66
ISMN_SCAN_Nephi,val,2019,38,76
ISMN_SCAN_Nephi,val,2020,32,90
ISMN_SCAN_Nephi,val,2021,39,84
ISMN_SCAN_Nephi,val,2022,43,30
ISMN_SCAN_Nephi,val,2023,43,28
ISMN_SCAN_Nephi,val,2024,39,27
ISMN_SCAN_Nephi,val,2025,6,5
ISMN_SCAN_NorthIssaquena,train,2016,7,21
ISMN_SCAN_NorthIssaquena,train,2017,10,30
ISMN_SCAN_NorthIssaquena,train,2018,27,29
ISMN_SCAN_NorthIssaquena,train,2019,29,27
ISMN_SCAN_NorthIssaquena,train,2020,38,27
ISMN_SCAN_NorthIssaquena,train,2021,8,10
ISMN_SCAN_Nunn#1,train,2022,79,68
ISMN_SCAN_Nunn#1,train,2023,87,85
ISMN_SCAN_Nunn#1,train,2024,78,85
ISMN_SCAN_Nunn#1,train,2025,82,98
ISMN_SCAN_Onward,train,2016,7,21
ISMN_SCAN_Onward,train,2017,10,29
ISMN_SCAN_Onward,train,2018,30,29
ISMN_SCAN_Onward,train,2019,32,27
ISMN_SCAN_Onward,train,2020,37,27
ISMN_SCAN_Onward,train,2021,27,28
ISMN_SCAN_Onward,train,2022,38,22
ISMN_SCAN_Onward,train,2023,30,22
ISMN_SCAN_Onward,train,2024,27,23
ISMN_SCAN_Onward,train,2025,34,28
ISMN_SCAN_OrchardRangeSite,train,2021,58,94
ISMN_SCAN_OrchardRangeSite,train,2022,74,58
ISMN_SCAN_OrchardRangeSite,train,2023,76,58
ISMN_SCAN_OrchardRangeSite,train,2024,82,54
ISMN_SCAN_OrchardRangeSite,train,2025,86,98
ISMN_SCAN_Panguitch,train,2016,10,5
ISMN_SCAN_Panguitch,train,2017,16,50
ISMN_SCAN_Panguitch,train,2018,43,47
ISMN_SCAN_Panguitch,train,2019,41,58
ISMN_SCAN_Panguitch,train,2020,48,61
ISMN_SCAN_Panguitch,train,2021,41,58
ISMN_SCAN_Panguitch,train,2022,22,13
ISMN_SCAN_ParkValley,train,2016,9,5
ISMN_SCAN_ParkValley,train,2017,18,57
ISMN_SCAN_ParkValley,train,2018,33,47
ISMN_SCAN_ParkValley,train,2019,34,57
ISMN_SCAN_ParkValley,train,2020,36,61
ISMN_SCAN_ParkValley,train,2021,40,68
ISMN_SCAN_ParkValley,train,2022,19,25
ISMN_SCAN_PeeDee,val,2019,26,57
ISMN_SCAN_PeeDee,val,2020,30,58
ISMN_SCAN_PeeDee,val,2021,33,58
ISMN_SCAN_PeeDee,val,2022,34,56
ISMN_SCAN_PeeDee,val,2023,44,56
ISMN_SCAN_PeeDee,val,2024,29,50
ISMN_SCAN_PeeDee,val,2025,41,60
ISMN_SCAN_PerdidoRivFarms,train,2016,13,9
ISMN_SCAN_PerdidoRivFarms,train,2017,23,27
ISMN_SCAN_PerdidoRivFarms,train,2018,53,30
ISMN_SCAN_PerdidoRivFarms,train,2019,53,30
ISMN_SCAN_PerdidoRivFarms,train,2020,28,14
ISMN_SCAN_Perthshire,train,2016,7,14
ISMN_SCAN_Perthshire,train,2017,11,31
ISMN_SCAN_Perthshire,train,2018,30,29
ISMN_SCAN_Perthshire,train,2019,33,27
ISMN_SCAN_Perthshire,train,2020,35,26
ISMN_SCAN_Perthshire,train,2021,24,20
ISMN_SCAN_Phillipsburg,train,2016,0,45
ISMN_SCAN_Phillipsburg,train,2017,0,42
ISMN_SCAN_Phillipsburg,train,2018,0,47
ISMN_SCAN_Phillipsburg,train,2019,0,56
ISMN_SCAN_Phillipsburg,train,2020,0,60
ISMN_SCAN_Phillipsburg,train,2021,0,59
ISMN_SCAN_Phillipsburg,train,2022,29,81
ISMN_SCAN_Phillipsburg,train,2023,83,83
ISMN_SCAN_Phillipsburg,train,2024,85,70
ISMN_SCAN_Phillipsburg,train,2025,84,86
ISMN_SCAN_PineNut,val,2021,22,58
ISMN_SCAN_PineNut,val,2022,48,29
ISMN_SCAN_PineNut,val,2023,42,28
ISMN_SCAN_PineNut,val,2024,39,26
ISMN_SCAN_PineNut,val,2025,31,47
ISMN_SCAN_PowderMill,val,2016,0,20
ISMN_SCAN_PowderMill,val,2017,0,57
ISMN_SCAN_PowderMill,val,2018,0,33
ISMN_SCAN_PowderMill,val,2019,0,29
ISMN_SCAN_PowderMill,val,2020,2,29
ISMN_SCAN_PowderMill,val,2021,30,26
ISMN_SCAN_PowderMill,val,2022,30,26
ISMN_SCAN_PowderMill,val,2023,27,26
ISMN_SCAN_PowderMill,val,2024,28,26
ISMN_SCAN_PowderMill,val,2025,27,31
ISMN_SCAN_PowellGardens,train,2016,8,16
ISMN_SCAN_PowellGardens,train,2017,16,29
ISMN_SCAN_PowellGardens,train,2018,33,29
ISMN_SCAN_PowellGardens,train,2019,28,30
ISMN_SCAN_PowellGardens,train,2020,28,30
ISMN_SCAN_PowellGardens,train,2021,13,16
ISMN_SCAN_PrairieView#1,train,2016,0,45
ISMN_SCAN_PrairieView#1,train,2017,0,85
ISMN_SCAN_PrairieView#1,train,2018,2,87
ISMN_SCAN_PrairieView#1,train,2019,28,89
ISMN_SCAN_PrairieView#1,train,2020,33,90
ISMN_SCAN_PrairieView#1,train,2021,24,89
ISMN_SCAN_PrairieView#1,train,2022,12,18
ISMN_SCAN_Price,train,2016,0,6
ISMN_SCAN_Price,train,2017,0,53
ISMN_SCAN_Price,train,2018,0,30
ISMN_SCAN_Price,train,2019,0,37
ISMN_SCAN_Price,train,2020,0,59
ISMN_SCAN_Price,train,2021,0,56
ISMN_SCAN_Price,train,2022,0,29
ISMN_SCAN_Price,train,2023,45,29
ISMN_SCAN_Price,train,2024,42,27
ISMN_SCAN_Price,train,2025,58,28
ISMN_SCAN_Princeton#1,train,2016,10,22
ISMN_SCAN_Princeton#1,train,2017,22,20
ISMN_SCAN_Princeton#1,train,2018,10,3
ISMN_SCAN_ReeseCenter,train,2016,0,12
ISMN_SCAN_ReeseCenter,train,2017,0,36
ISMN_SCAN_ReeseCenter,train,2018,0,52
ISMN_SCAN_ReeseCenter,train,2019,0,56
ISMN_SCAN_ReeseCenter,train,2020,53,58
ISMN_SCAN_ReeseCenter,train,2021,27,26
ISMN_SCAN_ReynoldsHomestead,train,2021,0,6
ISMN_SCAN_ReynoldsHomestead,train,2022,0,55
ISMN_SCAN_ReynoldsHomestead,train,2023,10,57
ISMN_SCAN_ReynoldsHomestead,train,2024,32,49
ISMN_SCAN_ReynoldsHomestead,train,2025,36,58
ISMN_SCAN_RiverRoadFarms,train,2016,0,31
ISMN_SCAN_RiverRoadFarms,train,2017,0,48
ISMN_SCAN_RiverRoadFarms,train,2018,17,54
ISMN_SCAN_RiverRoadFarms,train,2019,38,38
ISMN_SCAN_RockSpringsPa,train,2017,8,28
ISMN_SCAN_RockSpringsPa,train,2018,13,26
ISMN_SCAN_RockSpringsPa,train,2019,21,27
ISMN_SCAN_RockSpringsPa,train,2020,19,28
ISMN_SCAN_RockSpringsPa,train,2021,20,25
ISMN_SCAN_RockSpringsPa,train,2022,20,24
ISMN_SCAN_RockSpringsPa,train,2023,16,27
ISMN_SCAN_RockSpringsPa,train,2024,18,22
ISMN_SCAN_RockSpringsPa,train,2025,23,28
ISMN_SCAN_RogersFarm#1,val,2016,9,21
ISMN_SCAN_RogersFarm#1,val,2017,27,22
ISMN_SCAN_RogersFarm#1,val,2018,58,27
ISMN_SCAN_RogersFarm#1,val,2019,65,20
ISMN_SCAN_RogersFarm#1,val,2020,70,27
ISMN_SCAN_RogersFarm#1,val,2021,3,1
ISMN_SCAN_SanAngelo,train,2016,5,10
ISMN_SCAN_SanAngelo,train,2017,16,18
ISMN_SCAN_SanAngelo,train,2018,44,22
ISMN_SCAN_SanAngelo,train,2019,44,30
ISMN_SCAN_SanAngelo,train,2020,30,30
ISMN_SCAN_SanAngelo,train,2021,42,31
ISMN_SCAN_SanAngelo,train,2022,10,10
ISMN_SCAN_SandHollow,train,2016,35,10
ISMN_SCAN_SandHollow,train,2017,51,55
ISMN_SCAN_SandHollow,train,2018,109,51
ISMN_SCAN_SandHollow,train,2019,96,68
ISMN_SCAN_SandHollow,train,2020,114,88
ISMN_SCAN_SandHollow,train,2021,63,54
ISMN_SCAN_SandyRidge,train,2016,8,20
ISMN_SCAN_SandyRidge,train,2017,11,31
ISMN_SCAN_SandyRidge,train,2018,30,29
ISMN_SCAN_SandyRidge,train,2019,30,27
ISMN_SCAN_SandyRidge,train,2020,38,27
ISMN_SCAN_SandyRidge,train,2021,25,28
ISMN_SCAN_SandyRidge,train,2022,35,22
ISMN_SCAN_SandyRidge,train,2023,28,22
ISMN_SCAN_SandyRidge,train,2024,27,23
ISMN_SCAN_SandyRidge,train,2025,35,28
ISMN_SCAN_Scott,train,2021,10,10
ISMN_SCAN_Scott,train,2022,38,22
ISMN_SCAN_Scott,train,2023,26,22
ISMN_SCAN_Scott,train,2024,29,23
ISMN_SCAN_Scott,train,2025,38,28
ISMN_SCAN_SellersLake#1,train,2016,8,13
ISMN_SCAN_SellersLake#1,train,2017,11,24
ISMN_SCAN_SellersLake#1,train,2018,23,26
ISMN_SCAN_SellersLake#1,train,2019,23,32
ISMN_SCAN_SellersLake#1,train,2020,24,28
ISMN_SCAN_SellersLake#1,train,2021,25,29
ISMN_SCAN_SellersLake#1,train,2022,6,4
ISMN_SCAN_Selma,train,2016,10,7
ISMN_SCAN_Selma,train,2017,26,22
ISMN_SCAN_Selma,train,2018,54,23
ISMN_SCAN_Selma,train,2019,63,30
ISMN_SCAN_Selma,train,2020,59,28
ISMN_SCAN_Selma,train,2021,55,31
ISMN_SCAN_Selma,train,2022,72,30
ISMN_SCAN_Selma,train,2023,54,22
ISMN_SCAN_Sevilleta,train,2018,63,63
ISMN_SCAN_Sevilleta,train,2019,96,90
ISMN_SCAN_Sevilleta,train,2020,102,88
ISMN_SCAN_Sevilleta,train,2021,55,55
ISMN_SCAN_ShagbarkHills,train,2016,7,38
ISMN_SCAN_ShagbarkHills,train,2017,14,43
ISMN_SCAN_ShagbarkHills,train,2018,28,56
ISMN_SCAN_ShagbarkHills,train,2019,27,49
ISMN_SCAN_ShagbarkHills,train,2020,7,12
ISMN_SCAN_Shenandoah,train,2016,6,10
ISMN_SCAN_Shenandoah,train,2017,9,29
ISMN_SCAN_Shenandoah,train,2018,6,9
ISMN_SCAN_Sidney,train,2020,31,12
ISMN_SCAN_Sidney,train,2021,62,30
ISMN_SCAN_Sidney,train,2022,64,29
ISMN_SCAN_Sidney,train,2023,74,27
ISMN_SCAN_Sidney,train,2024,61,31
ISMN_SCAN_Sidney,train,2025,56,43
ISMN_SCAN_SilverCity,oos,2016,8,23
ISMN_SCAN_SilverCity,oos,2017,12,31
ISMN_SCAN_SilverCity,oos,2018,31,29
ISMN_SCAN_SilverCity,oos,2019,31,27
ISMN_SCAN_SilverCity,oos,2020,36,31
ISMN_SCAN_SilverCity,oos,2021,17,16
ISMN_SCAN_SilverSword,train,2017,6,22
ISMN_SCAN_SilverSword,train,2018,27,99
ISMN_SCAN_SilverSword,train,2019,40,116
ISMN_SCAN_SilverSword,train,2020,39,115
ISMN_SCAN_SilverSword,train,2021,40,110
ISMN_SCAN_SilverSword,train,2022,2,4
ISMN_SCAN_SinkinForest,train,2021,12,13
ISMN_SCAN_SinkinForest,train,2022,30,22
ISMN_SCAN_SinkinForest,train,2023,26,22
ISMN_SCAN_SinkinForest,train,2024,27,22
ISMN_SCAN_SinkinForest,train,2025,6,7
ISMN_SCAN_Spickard,train,2019,14,18
ISMN_SCAN_Spickard,train,2020,28,30
ISMN_SCAN_Spickard,train,2021,33,30
ISMN_SCAN_Spickard,train,2022,40,20
ISMN_SCAN_Spickard,train,2023,39,24
ISMN_SCAN_Spickard,train,2024,40,22
ISMN_SCAN_Spickard,train,2025,34,23
ISMN_SCAN_SplitMountain,train,2016,24,10
ISMN_SCAN_SplitMountain,train,2017,36,103
ISMN_SCAN_SplitMountain,train,2018,91,88
ISMN_SCAN_SplitMountain,train,2019,82,96
ISMN_SCAN_SplitMountain,train,2020,93,117
ISMN_SCAN_SplitMountain,train,2021,89,114
ISMN_SCAN_SplitMountain,train,2022,92,66
ISMN_SCAN_SplitMountain,train,2023,86,86
ISMN_SCAN_SplitMountain,train,2024,93,82
ISMN_SCAN_SplitMountain,train,2025,21,21
ISMN_SCAN_Spooky,train,2016,8,11
ISMN_SCAN_Spooky,train,2017,13,76
ISMN_SCAN_Spooky,train,2018,34,50
ISMN_SCAN_Spooky,train,2019,36,65
ISMN_SCAN_Spooky,train,2020,20,90
ISMN_SCAN_Spooky,train,2021,28,85
ISMN_SCAN_Spooky,train,2022,41,29
ISMN_SCAN_Spooky,train,2023,42,29
ISMN_SCAN_Spooky,train,2024,34,26
ISMN_SCAN_Spooky,train,2025,42,46
ISMN_SCAN_StanleyFarm,train,2022,52,24
ISMN_SCAN_StanleyFarm,train,2023,61,27
ISMN_SCAN_StanleyFarm,train,2024,58,21
ISMN_SCAN_StanleyFarm,train,2025,64,30
ISMN_SCAN_Starkville,oos,2016,17,11
ISMN_SCAN_Starkville,oos,2017,22,27
ISMN_SCAN_Starkville,oos,2018,48,28
ISMN_SCAN_Starkville,oos,2019,59,30
ISMN_SCAN_Starkville,oos,2020,34,26
ISMN_SCAN_Stephenville,train,2016,9,22
ISMN_SCAN_Stephenville,train,2017,11,21
ISMN_SCAN_Stephenville,train,2018,36,23
ISMN_SCAN_Stephenville,train,2019,33,29
ISMN_SCAN_Stephenville,train,2020,13,13
ISMN_SCAN_Stubblefield,train,2016,23,30
ISMN_SCAN_Stubblefield,train,2017,34,60
ISMN_SCAN_Stubblefield,train,2018,52,68
ISMN_SCAN_Stubblefield,train,2019,13,30
ISMN_SCAN_SudduthFarms,train,2016,6,17
ISMN_SCAN_SudduthFarms,train,2017,13,47
ISMN_SCAN_SudduthFarms,train,2018,20,49
ISMN_SCAN_SudduthFarms,train,2019,27,60
ISMN_SCAN_SudduthFarms,train,2020,33,59
ISMN_SCAN_SudduthFarms,train,2021,24,59
ISMN_SCAN_SudduthFarms,train,2022,34,58
ISMN_SCAN_SudduthFarms,train,2023,29,56
ISMN_SCAN_SudduthFarms,train,2024,22,38
ISMN_SCAN_SunleafNursery,oos,2016,12,29
ISMN_SCAN_SunleafNursery,oos,2017,18,59
ISMN_SCAN_SunleafNursery,oos,2018,42,55
ISMN_SCAN_SunleafNursery,oos,2019,40,58
ISMN_SCAN_SunleafNursery,oos,2020,19,25
ISMN_SCAN_TableMountain,train,2016,8,3
ISMN_SCAN_TableMountain,train,2017,11,80
ISMN_SCAN_TableMountain,train,2018,29,70
ISMN_SCAN_TableMountain,train,2019,20,77
ISMN_SCAN_TableMountain,train,2020,28,90
ISMN_SCAN_TableMountain,train,2021,32,85
ISMN_SCAN_TableMountain,train,2022,33,51
ISMN_SCAN_TableMountain,train,2023,34,55
ISMN_SCAN_TableMountain,train,2024,20,55
ISMN_SCAN_TableMountain,train,2025,3,12
ISMN_SCAN_TidewaterArec,train,2016,12,11
ISMN_SCAN_TidewaterArec,train,2017,15,28
ISMN_SCAN_TidewaterArec,train,2018,26,29
ISMN_SCAN_TidewaterArec,train,2019,20,11
ISMN_SCAN_TncFortBayou,train,2016,1,5
ISMN_SCAN_TncFortBayou,train,2017,20,53
ISMN_SCAN_TncFortBayou,train,2018,17,59
ISMN_SCAN_TncFortBayou,train,2019,26,57
ISMN_SCAN_TncFortBayou,train,2020,28,61
ISMN_SCAN_TncFortBayou,train,2021,9,23
ISMN_SCAN_Torrington#1,train,2016,10,20
ISMN_SCAN_Torrington#1,train,2017,31,57
ISMN_SCAN_Torrington#1,train,2018,81,57
ISMN_SCAN_Torrington#1,train,2019,72,66
ISMN_SCAN_Torrington#1,train,2020,79,86
ISMN_SCAN_Torrington#1,train,2021,73,86
ISMN_SCAN_Torrington#1,train,2022,79,53
ISMN_SCAN_Torrington#1,train,2023,84,57
ISMN_SCAN_Torrington#1,train,2024,81,56
ISMN_SCAN_Torrington#1,train,2025,14,14
ISMN_SCAN_TroughSprings,oos,2016,27,5
ISMN_SCAN_TroughSprings,oos,2017,44,45
ISMN_SCAN_TroughSprings,oos,2018,43,35
ISMN_SCAN_TuleValley,train,2016,17,10
ISMN_SCAN_TuleValley,train,2017,30,59
ISMN_SCAN_TuleValley,train,2018,39,50
ISMN_SCAN_TuleValley,train,2019,39,68
ISMN_SCAN_TuleValley,train,2020,55,88
ISMN_SCAN_TuleValley,train,2021,41,98
ISMN_SCAN_TuleValley,train,2022,46,51
ISMN_SCAN_TuleValley,train,2023,41,50
ISMN_SCAN_Tunica,train,2016,6,18
ISMN_SCAN_Tunica,train,2017,11,31
ISMN_SCAN_Tunica,train,2018,31,29
ISMN_SCAN_Tunica,train,2019,34,27
ISMN_SCAN_Tunica,train,2020,12,12
ISMN_SCAN_TwinPinesConservationArea,oos,2021,30,27
ISMN_SCAN_TwinPinesConservationArea,oos,2022,37,22
ISMN_SCAN_TwinPinesConservationArea,oos,2023,35,19
ISMN_SCAN_TwinPinesConservationArea,oos,2024,31,22
ISMN_SCAN_TwinPinesConservationArea,oos,2025,9,7
ISMN_SCAN_UWPlatteville,train,2016,5,17
ISMN_SCAN_UWPlatteville,train,2017,13,14
ISMN_SCAN_UWPlatteville,train,2018,29,0
ISMN_SCAN_UWPlatteville,train,2019,25,0
ISMN_SCAN_UWPlatteville,train,2020,32,10
ISMN_SCAN_UWPlatteville,train,2021,23,28
ISMN_SCAN_UWPlatteville,train,2022,24,28
ISMN_SCAN_UWPlatteville,train,2023,22,24
ISMN_SCAN_Uapb-Earle,oos,2016,6,11
ISMN_SCAN_Uapb-Earle,oos,2017,12,31
ISMN_SCAN_Uapb-Earle,oos,2018,29,29
ISMN_SCAN_Uapb-Earle,oos,2019,32,26
ISMN_SCAN_Uapb-Earle,oos,2020,30,26
ISMN_SCAN_Uapb-Earle,oos,2021,26,28
ISMN_SCAN_Uapb-Earle,oos,2022,36,22
ISMN_SCAN_Uapb-Earle,oos,2023,28,21
ISMN_SCAN_Uapb-Earle,oos,2024,23,23
ISMN_SCAN_Uapb-Earle,oos,2025,40,23
ISMN_SCAN_UapbCampus-PB,train,2021,23,47
ISMN_SCAN_UapbCampus-PB,train,2022,25,47
ISMN_SCAN_UapbCampus-PB,train,2023,25,46
ISMN_SCAN_UapbCampus-PB,train,2024,24,50
ISMN_SCAN_UapbCampus-PB,train,2025,32,47
ISMN_SCAN_UapbDewitt,train,2017,22,30
ISMN_SCAN_UapbDewitt,train,2018,61,29
ISMN_SCAN_UapbDewitt,train,2019,62,27
ISMN_SCAN_UapbDewitt,train,2020,61,26
ISMN_SCAN_UapbDewitt,train,2021,62,28
ISMN_SCAN_UapbDewitt,train,2022,56,15
ISMN_SCAN_UapbPointRemove,train,2021,17,13
ISMN_SCAN_UapbPointRemove,train,2022,30,25
ISMN_SCAN_UapbPointRemove,train,2023,37,25
ISMN_SCAN_UapbPointRemove,train,2024,32,27
ISMN_SCAN_UapbPointRemove,train,2025,44,25
ISMN_SCAN_Uvalde,train,2016,9,10
ISMN_SCAN_Uvalde,train,2017,13,43
ISMN_SCAN_Uvalde,train,2018,27,52
ISMN_SCAN_Uvalde,train,2019,32,60
ISMN_SCAN_Uvalde,train,2020,12,24
ISMN_SCAN_Vallecitos,train,2022,12,19
ISMN_SCAN_Vallecitos,train,2023,95,117
ISMN_SCAN_Vallecitos,train,2024,99,105
ISMN_SCAN_Vallecitos,train,2025,115,198
ISMN_SCAN_Vermillion,train,2016,12,5
ISMN_SCAN_Vermillion,train,2017,17,75
ISMN_SCAN_Vermillion,train,2018,48,65
ISMN_SCAN_Vermillion,train,2019,54,77
ISMN_SCAN_Vermillion,train,2020,52,91
ISMN_SCAN_Vermillion,train,2021,42,88
ISMN_SCAN_Vermillion,train,2022,47,59
ISMN_SCAN_Vermillion,train,2023,49,57
ISMN_SCAN_Vermillion,train,2024,46,53
ISMN_SCAN_Vermillion,train,2025,55,78
ISMN_SCAN_Vernon,oos,2016,19,26
ISMN_SCAN_Vernon,oos,2017,29,20
ISMN_SCAN_Vernon,oos,2018,79,23
ISMN_SCAN_Vernon,oos,2019,77,29
ISMN_SCAN_Vernon,oos,2020,80,31
ISMN_SCAN_Vernon,oos,2021,21,9
ISMN_SCAN_Violett,train,2016,14,7
ISMN_SCAN_Violett,train,2017,24,95
ISMN_SCAN_Violett,train,2018,68,94
ISMN_SCAN_Violett,train,2019,53,106
ISMN_SCAN_Violett,train,2020,70,119
ISMN_SCAN_Violett,train,2021,4,3
ISMN_SCAN_Wabeno#1,train,2016,8,18
ISMN_SCAN_Wabeno#1,train,2017,10,35
ISMN_SCAN_Wabeno#1,train,2018,25,54
ISMN_SCAN_Wabeno#1,train,2019,20,57
ISMN_SCAN_Wabeno#1,train,2020,17,62
ISMN_SCAN_Wabeno#1,train,2021,24,56
ISMN_SCAN_WaimeaPlain,train,2016,6,60
ISMN_SCAN_WaimeaPlain,train,2017,17,77
ISMN_SCAN_WaimeaPlain,train,2018,18,100
ISMN_SCAN_WaimeaPlain,train,2019,30,116
ISMN_SCAN_WaimeaPlain,train,2020,32,115
ISMN_SCAN_WaimeaPlain,train,2021,3,7
ISMN_SCAN_Wakulla#1,train,2017,7,10
ISMN_SCAN_Wakulla#1,train,2018,22,31
ISMN_SCAN_Wakulla#1,train,2019,28,29
ISMN_SCAN_Wakulla#1,train,2020,28,33
ISMN_SCAN_Wakulla#1,train,2021,24,27
ISMN_SCAN_Wakulla#1,train,2022,29,30
ISMN_SCAN_Wakulla#1,train,2023,18,30
ISMN_SCAN_Wakulla#1,train,2024,36,29
ISMN_SCAN_Wakulla#1,train,2025,7,6
ISMN_SCAN_WalnutGulch#1,oos,2016,34,6
ISMN_SCAN_WalnutGulch#1,oos,2017,57,77
ISMN_SCAN_WalnutGulch#1,oos,2018,94,64
ISMN_SCAN_WalnutGulch#1,oos,2019,102,76
ISMN_SCAN_WalnutGulch#1,oos,2020,111,89
ISMN_SCAN_WalnutGulch#1,oos,2021,93,85
ISMN_SCAN_WalnutGulch#1,oos,2022,104,51
ISMN_SCAN_WalnutGulch#1,oos,2023,112,57
ISMN_SCAN_WalnutGulch#1,oos,2024,51,24
ISMN_SCAN_Watkinsville#1,val,2021,14,22
ISMN_SCAN_Watkinsville#1,val,2022,28,56
ISMN_SCAN_Watkinsville#1,val,2023,27,53
ISMN_SCAN_Watkinsville#1,val,2024,30,51
ISMN_SCAN_Watkinsville#1,val,2025,44,52
ISMN_SCAN_WestSummit,train,2016,14,10
ISMN_SCAN_WestSummit,train,2017,20,80
ISMN_SCAN_WestSummit,train,2018,42,73
ISMN_SCAN_WestSummit,train,2019,37,77
ISMN_SCAN_WestSummit,train,2020,53,87
ISMN_SCAN_WestSummit,train,2021,41,84
ISMN_SCAN_WestSummit,train,2022,48,37
ISMN_SCAN_WestSummit,train,2023,10,23
ISMN_SCAN_WillowWells,train,2017,15,66
ISMN_SCAN_WillowWells,train,2018,36,66
ISMN_SCAN_WillowWells,train,2019,39,55
ISMN_SCAN_WillowWells,train,2020,50,75
ISMN_SCAN_WillowWells,train,2021,53,74
ISMN_SCAN_WillowWells,train,2022,52,52
ISMN_SCAN_WillowWells,train,2023,45,77
ISMN_SCAN_WillowWells,train,2024,47,74
ISMN_SCAN_WillowWells,train,2025,52,103
ISMN_SCAN_Wtars,train,2016,13,9
ISMN_SCAN_Wtars,train,2017,23,21
ISMN_SCAN_Wtars,train,2018,29,5
ISMN_SCAN_YoumansFarm,train,2016,9,25
ISMN_SCAN_YoumansFarm,train,2017,13,50
ISMN_SCAN_YoumansFarm,train,2018,23,55
ISMN_SCAN_YoumansFarm,train,2019,28,60
ISMN_SCAN_YoumansFarm,train,2020,31,56
ISMN_SCAN_YoumansFarm,train,2021,33,57
ISMN_SCAN_YoumansFarm,train,2022,26,42
ISMN_SD_DEM_Demokeya,train,2016,18,10
ISMN_SD_DEM_Demokeya,train,2017,40,21
ISMN_SD_DEM_Demokeya,train,2018,51,27
ISMN_SD_DEM_Demokeya,train,2019,53,30
ISMN_SD_DEM_Demokeya,train,2020,43,25
ISMN_SMOSMANIA_Barnas,train,2019,6,57
ISMN_SMOSMANIA_Barnas,train,2020,27,177
ISMN_SMOSMANIA_Barnas,train,2021,24,174
ISMN_SMOSMANIA_Barnas,train,2022,30,85
ISMN_SMOSMANIA_Barnas,train,2023,9,43
ISMN_SMOSMANIA_Berzeme,train,2017,0,131
ISMN_SMOSMANIA_Berzeme,train,2018,0,237
ISMN_SMOSMANIA_Berzeme,train,2019,2,240
ISMN_SMOSMANIA_Berzeme,train,2020,62,238
ISMN_SMOSMANIA_Berzeme,train,2021,69,232
ISMN_SMOSMANIA_Berzeme,train,2022,74,115
ISMN_SMOSMANIA_Berzeme,train,2023,33,58
ISMN_SMOSMANIA_CabrieresdAvignon,train,2016,0,146
ISMN_SMOSMANIA_CabrieresdAvignon,train,2017,0,239
ISMN_SMOSMANIA_CabrieresdAvignon,train,2018,0,237
ISMN_SMOSMANIA_CabrieresdAvignon,train,2019,0,240
ISMN_SMOSMANIA_CabrieresdAvignon,train,2020,67,238
ISMN_SMOSMANIA_CabrieresdAvignon,train,2021,86,232
ISMN_SMOSMANIA_CabrieresdAvignon,train,2022,91,115
ISMN_SMOSMANIA_CabrieresdAvignon,train,2023,40,58
ISMN_SMOSMANIA_Condom,train,2018,0,137
ISMN_SMOSMANIA_Condom,train,2019,0,195
ISMN_SMOSMANIA_Condom,train,2020,0,240
ISMN_SMOSMANIA_Condom,train,2021,0,232
ISMN_SMOSMANIA_Condom,train,2022,40,120
ISMN_SMOSMANIA_Condom,train,2023,59,115
ISMN_SMOSMANIA_Condom,train,2024,40,103
ISMN_SMOSMANIA_CreondArmagnac,train,2017,0,43
ISMN_SMOSMANIA_CreondArmagnac,train,2018,0,117
ISMN_SMOSMANIA_CreondArmagnac,train,2019,0,113
ISMN_SMOSMANIA_CreondArmagnac,train,2020,0,120
ISMN_SMOSMANIA_CreondArmagnac,train,2021,0,116
ISMN_SMOSMANIA_CreondArmagnac,train,2022,35,59
ISMN_SMOSMANIA_CreondArmagnac,train,2023,50,59
ISMN_SMOSMANIA_CreondArmagnac,train,2024,38,53
ISMN_SMOSMANIA_LaGrandCombe,train,2016,11,68
ISMN_SMOSMANIA_LaGrandCombe,train,2017,26,121
ISMN_SMOSMANIA_LaGrandCombe,train,2018,31,118
ISMN_SMOSMANIA_LaGrandCombe,train,2019,33,122
ISMN_SMOSMANIA_LaGrandCombe,train,2020,31,119
ISMN_SMOSMANIA_LaGrandCombe,train,2021,32,118
ISMN_SMOSMANIA_LaGrandCombe,train,2022,35,57
ISMN_SMOSMANIA_LaGrandCombe,train,2023,15,28
ISMN_SMOSMANIA_Lahas,train,2016,6,148
ISMN_SMOSMANIA_Lahas,train,2017,25,235
ISMN_SMOSMANIA_Lahas,train,2018,27,209
ISMN_SMOSMANIA_Lahas,train,2019,27,195
ISMN_SMOSMANIA_Lahas,train,2020,31,240
ISMN_SMOSMANIA_Lahas,train,2021,24,232
ISMN_SMOSMANIA_Lahas,train,2022,29,120
ISMN_SMOSMANIA_Lahas,train,2023,10,41
ISMN_SMOSMANIA_LezignanCorbieres,train,2017,22,151
ISMN_SMOSMANIA_LezignanCorbieres,train,2018,35,209
ISMN_SMOSMANIA_LezignanCorbieres,train,2019,30,204
ISMN_SMOSMANIA_LezignanCorbieres,train,2020,28,239
ISMN_SMOSMANIA_LezignanCorbieres,train,2021,27,234
ISMN_SMOSMANIA_LezignanCorbieres,train,2022,27,118
ISMN_SMOSMANIA_LezignanCorbieres,train,2023,42,113
ISMN_SMOSMANIA_LezignanCorbieres,train,2024,29,114
ISMN_SMOSMANIA_Mazan-Abbaye,val,2017,4,41
ISMN_SMOSMANIA_Mazan-Abbaye,val,2018,27,178
ISMN_SMOSMANIA_Mazan-Abbaye,val,2019,24,181
ISMN_SMOSMANIA_Mazan-Abbaye,val,2020,26,177
ISMN_SMOSMANIA_Mazan-Abbaye,val,2021,19,174
ISMN_SMOSMANIA_Mazan-Abbaye,val,2022,25,85
ISMN_SMOSMANIA_Mazan-Abbaye,val,2023,0,4
ISMN_SMOSMANIA_Mejannes-le-Clap,val,2016,23,92
ISMN_SMOSMANIA_Mejannes-le-Clap,val,2017,59,239
ISMN_SMOSMANIA_Mejannes-le-Clap,val,2018,68,235
ISMN_SMOSMANIA_Mejannes-le-Clap,val,2019,77,240
ISMN_SMOSMANIA_Mejannes-le-Clap,val,2020,70,238
ISMN_SMOSMANIA_Mejannes-le-Clap,val,2021,69,232
ISMN_SMOSMANIA_Mejannes-le-Clap,val,2022,71,85
ISMN_SMOSMANIA_Montaut,train,2016,20,76
ISMN_SMOSMANIA_Montaut,train,2017,44,119
ISMN_SMOSMANIA_Montaut,train,2018,57,93
ISMN_SMOSMANIA_Montaut,train,2019,48,82
ISMN_SMOSMANIA_Montaut,train,2020,56,120
ISMN_SMOSMANIA_Montaut,train,2021,47,116
ISMN_SMOSMANIA_Montaut,train,2022,63,61
ISMN_SMOSMANIA_Montaut,train,2023,56,57
ISMN_SMOSMANIA_Montaut,train,2024,49,54
ISMN_SMOSMANIA_Mouthoumet,train,2016,25,149
ISMN_SMOSMANIA_Mouthoumet,train,2017,47,240
ISMN_SMOSMANIA_Mouthoumet,train,2018,50,210
ISMN_SMOSMANIA_Mouthoumet,train,2019,53,201
ISMN_SMOSMANIA_Mouthoumet,train,2020,57,237
ISMN_SMOSMANIA_Mouthoumet,train,2021,44,234
ISMN_SMOSMANIA_Mouthoumet,train,2022,61,118
ISMN_SMOSMANIA_Mouthoumet,train,2023,56,113
ISMN_SMOSMANIA_Mouthoumet,train,2024,53,114
ISMN_SMOSMANIA_Narbonne,train,2017,14,89
ISMN_SMOSMANIA_Narbonne,train,2018,37,210
ISMN_SMOSMANIA_Narbonne,train,2019,34,203
ISMN_SMOSMANIA_Narbonne,train,2020,27,239
ISMN_SMOSMANIA_Narbonne,train,2021,29,234
ISMN_SMOSMANIA_Narbonne,train,2022,30,118
ISMN_SMOSMANIA_Narbonne,train,2023,37,113
ISMN_SMOSMANIA_Narbonne,train,2024,32,114
ISMN_SMOSMANIA_PeyrusseGrande,train,2016,22,148
ISMN_SMOSMANIA_PeyrusseGrande,train,2017,41,235
ISMN_SMOSMANIA_PeyrusseGrande,train,2018,48,210
ISMN_SMOSMANIA_PeyrusseGrande,train,2019,52,195
ISMN_SMOSMANIA_PeyrusseGrande,train,2020,52,240
ISMN_SMOSMANIA_PeyrusseGrande,train,2021,48,232
ISMN_SMOSMANIA_PeyrusseGrande,train,2022,43,120
ISMN_SMOSMANIA_PeyrusseGrande,train,2023,56,116
ISMN_SMOSMANIA_PeyrusseGrande,train,2024,45,108
ISMN_SMOSMANIA_Pezenas,train,2016,10,46
ISMN_SMOSMANIA_Pezenas,train,2017,30,121
ISMN_SMOSMANIA_Pezenas,train,2018,37,116
ISMN_SMOSMANIA_Pezenas,train,2019,35,122
ISMN_SMOSMANIA_Pezenas,train,2020,36,119
ISMN_SMOSMANIA_Pezenas,train,2021,26,118
ISMN_SMOSMANIA_Pezenas,train,2022,33,57
ISMN_SMOSMANIA_Pezenas,train,2023,20,28
ISMN_SMOSMANIA_Prades-le-Lez,train,2016,16,73
ISMN_SMOSMANIA_Prades-le-Lez,train,2017,29,121
ISMN_SMOSMANIA_Prades-le-Lez,train,2018,34,108
ISMN_SMOSMANIA_Sabres,train,2016,13,92
ISMN_SMOSMANIA_Sabres,train,2017,15,175
ISMN_SMOSMANIA_Sabres,train,2018,23,177
ISMN_SMOSMANIA_Sabres,train,2019,25,162
ISMN_SMOSMANIA_Sabres,train,2020,19,174
ISMN_SMOSMANIA_Sabres,train,2021,27,174
ISMN_SMOSMANIA_Sabres,train,2022,21,90
ISMN_SMOSMANIA_Sabres,train,2023,15,65
ISMN_SMOSMANIA_SaintFelixdeLauragais,oos,2016,19,73
ISMN_SMOSMANIA_SaintFelixdeLauragais,oos,2017,40,119
ISMN_SMOSMANIA_SaintFelixdeLauragais,oos,2018,49,92
ISMN_SMOSMANIA_SaintFelixdeLauragais,oos,2019,51,82
ISMN_SMOSMANIA_SaintFelixdeLauragais,oos,2020,57,120
ISMN_SMOSMANIA_SaintFelixdeLauragais,oos,2021,51,116
ISMN_SMOSMANIA_SaintFelixdeLauragais,oos,2022,61,61
ISMN_SMOSMANIA_SaintFelixdeLauragais,oos,2023,61,57
ISMN_SMOSMANIA_SaintFelixdeLauragais,oos,2024,48,54
ISMN_SMOSMANIA_Savenes,train,2016,7,148
ISMN_SMOSMANIA_Savenes,train,2017,25,235
ISMN_SMOSMANIA_Savenes,train,2018,33,209
ISMN_SMOSMANIA_Savenes,train,2019,28,195
ISMN_SMOSMANIA_Savenes,train,2020,6,50
ISMN_SMOSMANIA_Urgons,train,2018,7,15
ISMN_SMOSMANIA_Urgons,train,2019,55,113
ISMN_SMOSMANIA_Urgons,train,2020,56,120
ISMN_SMOSMANIA_Urgons,train,2021,47,116
ISMN_SMOSMANIA_Urgons,train,2022,55,59
ISMN_SMOSMANIA_Urgons,train,2023,55,59
ISMN_SMOSMANIA_Urgons,train,2024,44,54
ISMN_SMOSMANIA_Villevielle,train,2016,20,73
ISMN_SMOSMANIA_Villevielle,train,2017,32,121
ISMN_SMOSMANIA_Villevielle,train,2018,39,117
ISMN_SMOSMANIA_Villevielle,train,2019,38,122
ISMN_SMOSMANIA_Villevielle,train,2020,34,119
ISMN_SMOSMANIA_Villevielle,train,2021,37,118
ISMN_SMOSMANIA_Villevielle,train,2022,40,57
ISMN_SMOSMANIA_Villevielle,train,2023,20,28
ISMN_SNOTEL_AguaCanyon,oos,2016,9,5
ISMN_SNOTEL_AguaCanyon,oos,2017,11,75
ISMN_SNOTEL_AguaCanyon,oos,2018,40,65
ISMN_SNOTEL_AguaCanyon,oos,2019,47,77
ISMN_SNOTEL_AguaCanyon,oos,2020,38,68
ISMN_SNOTEL_AmericanCreek,oos,2020,19,57
ISMN_SNOTEL_AmericanCreek,oos,2021,50,111
ISMN_SNOTEL_AmericanCreek,oos,2022,47,78
ISMN_SNOTEL_AmericanCreek,oos,2023,41,68
ISMN_SNOTEL_AmericanCreek,oos,2024,47,68
ISMN_SNOTEL_AmericanCreek,oos,2025,48,108
ISMN_SNOTEL_AnchorRiverDivide,train,2016,5,9
ISMN_SNOTEL_AnchorRiverDivide,train,2017,9,65
ISMN_SNOTEL_AnchorRiverDivide,train,2018,28,70
ISMN_SNOTEL_AnchorRiverDivide,train,2019,28,68
ISMN_SNOTEL_AnchorRiverDivide,train,2020,30,75
ISMN_SNOTEL_AnchorRiverDivide,train,2021,37,78
ISMN_SNOTEL_AnchorRiverDivide,train,2022,37,25
ISMN_SNOTEL_AnchorRiverDivide,train,2023,27,24
ISMN_SNOTEL_AnchorRiverDivide,train,2024,29,25
ISMN_SNOTEL_AnchorRiverDivide,train,2025,18,60
ISMN_SNOTEL_Aniak,train,2017,5,33
ISMN_SNOTEL_Aniak,train,2018,23,25
ISMN_SNOTEL_Aniak,train,2019,27,27
ISMN_SNOTEL_Aniak,train,2020,39,50
ISMN_SNOTEL_Aniak,train,2021,31,57
ISMN_SNOTEL_Aniak,train,2022,14,11
ISMN_SNOTEL_ArapahoRidge,train,2017,6,22
ISMN_SNOTEL_ArapahoRidge,train,2018,35,49
ISMN_SNOTEL_ArapahoRidge,train,2019,32,51
ISMN_SNOTEL_ArapahoRidge,train,2020,32,56
ISMN_SNOTEL_ArapahoRidge,train,2021,33,61
ISMN_SNOTEL_ArapahoRidge,train,2022,34,39
ISMN_SNOTEL_ArapahoRidge,train,2023,30,57
ISMN_SNOTEL_ArapahoRidge,train,2024,34,58
ISMN_SNOTEL_ArapahoRidge,train,2025,32,62
ISMN_SNOTEL_AtigunPass,train,2016,15,8
ISMN_SNOTEL_AtigunPass,train,2017,26,59
ISMN_SNOTEL_AtigunPass,train,2018,69,83
ISMN_SNOTEL_AtigunPass,train,2019,84,82
ISMN_SNOTEL_AtigunPass,train,2020,88,86
ISMN_SNOTEL_AtigunPass,train,2021,75,87
ISMN_SNOTEL_AtigunPass,train,2022,74,58
ISMN_SNOTEL_AtigunPass,train,2023,56,82
ISMN_SNOTEL_AtigunPass,train,2024,63,76
ISMN_SNOTEL_AtigunPass,train,2025,65,105
ISMN_SNOTEL_AtlantaSummit,train,2016,16,3
ISMN_SNOTEL_AtlantaSummit,train,2017,17,31
ISMN_SNOTEL_AtlantaSummit,train,2018,31,32
ISMN_SNOTEL_AtlantaSummit,train,2019,28,51
ISMN_SNOTEL_AtlantaSummit,train,2020,35,116
ISMN_SNOTEL_AtlantaSummit,train,2021,30,116
ISMN_SNOTEL_AtlantaSummit,train,2022,36,58
ISMN_SNOTEL_AtlantaSummit,train,2023,31,59
ISMN_SNOTEL_AtlantaSummit,train,2024,21,32
ISMN_SNOTEL_Atwater,oos,2022,28,21
ISMN_SNOTEL_Atwater,oos,2023,70,57
ISMN_SNOTEL_Atwater,oos,2024,63,53
ISMN_SNOTEL_Atwater,oos,2025,71,101
ISMN_SNOTEL_BakerButte,train,2016,25,3
ISMN_SNOTEL_BakerButte,train,2017,52,48
ISMN_SNOTEL_BakerButte,train,2018,92,36
ISMN_SNOTEL_BakerButte,train,2019,77,47
ISMN_SNOTEL_BakerButte,train,2020,111,61
ISMN_SNOTEL_BakerButte,train,2021,80,59
ISMN_SNOTEL_BakerButte,train,2022,84,29
ISMN_SNOTEL_BakerButte,train,2023,94,29
ISMN_SNOTEL_BakerButte,train,2024,86,27
ISMN_SNOTEL_BakerButte,train,2025,86,39
ISMN_SNOTEL_BakerButteSmt,train,2016,34,3
ISMN_SNOTEL_BakerButteSmt,train,2017,53,48
ISMN_SNOTEL_BakerButteSmt,train,2018,93,36
ISMN_SNOTEL_BakerButteSmt,train,2019,80,47
ISMN_SNOTEL_BakerButteSmt,train,2020,110,61
ISMN_SNOTEL_BakerButteSmt,train,2021,79,59
ISMN_SNOTEL_BakerButteSmt,train,2022,87,29
ISMN_SNOTEL_BakerButteSmt,train,2023,50,15
ISMN_SNOTEL_Baldy,train,2016,6,2
ISMN_SNOTEL_Baldy,train,2017,18,55
ISMN_SNOTEL_Baldy,train,2018,37,45
ISMN_SNOTEL_Baldy,train,2019,40,48
ISMN_SNOTEL_Baldy,train,2020,25,25
ISMN_SNOTEL_BannerSummit,train,2016,25,3
ISMN_SNOTEL_BannerSummit,train,2017,45,12
ISMN_SNOTEL_BannerSummit,train,2018,54,2
ISMN_SNOTEL_BannerSummit,train,2019,59,27
ISMN_SNOTEL_BannerSummit,train,2020,68,116
ISMN_SNOTEL_BannerSummit,train,2021,63,116
ISMN_SNOTEL_BannerSummit,train,2022,62,58
ISMN_SNOTEL_BannerSummit,train,2023,55,59
ISMN_SNOTEL_BannerSummit,train,2024,55,56
ISMN_SNOTEL_BannerSummit,train,2025,66,76
ISMN_SNOTEL_BarM,train,2016,23,3
ISMN_SNOTEL_BarM,train,2017,37,48
ISMN_SNOTEL_BarM,train,2018,96,36
ISMN_SNOTEL_BarM,train,2019,86,47
ISMN_SNOTEL_BarM,train,2020,114,61
ISMN_SNOTEL_BarM,train,2021,88,59
ISMN_SNOTEL_BarM,train,2022,94,29
ISMN_SNOTEL_BarM,train,2023,95,29
ISMN_SNOTEL_BarM,train,2024,88,27
ISMN_SNOTEL_BarM,train,2025,88,39
ISMN_SNOTEL_BearCanyon,train,2020,65,73
ISMN_SNOTEL_BearCanyon,train,2021,70,93
ISMN_SNOTEL_BearCanyon,train,2022,68,48
ISMN_SNOTEL_BearCanyon,train,2023,64,57
ISMN_SNOTEL_BearCanyon,train,2024,17,21
ISMN_SNOTEL_BearCreek,train,2019,6,17
ISMN_SNOTEL_BearCreek,train,2020,39,116
ISMN_SNOTEL_BearCreek,train,2021,35,124
ISMN_SNOTEL_BearCreek,train,2022,36,79
ISMN_SNOTEL_BearCreek,train,2023,32,85
ISMN_SNOTEL_BearCreek,train,2024,37,75
ISMN_SNOTEL_BearCreek,train,2025,38,107
ISMN_SNOTEL_BearRiverRS,train,2016,0,5
ISMN_SNOTEL_BearRiverRS,train,2017,0,80
ISMN_SNOTEL_BearRiverRS,train,2018,0,59
ISMN_SNOTEL_BearRiverRS,train,2019,1,66
ISMN_SNOTEL_BearRiverRS,train,2020,24,89
ISMN_SNOTEL_BearRiverRS,train,2021,34,85
ISMN_SNOTEL_BearRiverRS,train,2022,39,59
ISMN_SNOTEL_BearRiverRS,train,2023,27,57
ISMN_SNOTEL_BearRiverRS,train,2024,31,53
ISMN_SNOTEL_BearRiverRS,train,2025,39,79
ISMN_SNOTEL_BeaverDams,train,2016,0,11
ISMN_SNOTEL_BeaverDams,train,2017,0,103
ISMN_SNOTEL_BeaverDams,train,2018,0,77
ISMN_SNOTEL_BeaverDams,train,2019,0,95
ISMN_SNOTEL_BeaverDams,train,2020,26,120
ISMN_SNOTEL_BeaverDams,train,2021,35,114
ISMN_SNOTEL_BeaverDams,train,2022,37,59
ISMN_SNOTEL_BeaverDams,train,2023,37,57
ISMN_SNOTEL_BeaverDams,train,2024,36,54
ISMN_SNOTEL_BeaverDams,train,2025,50,100
ISMN_SNOTEL_BeaverDivide,train,2016,0,5
ISMN_SNOTEL_BeaverDivide,train,2017,0,80
ISMN_SNOTEL_BeaverDivide,train,2018,0,59
ISMN_SNOTEL_BeaverDivide,train,2019,0,66
ISMN_SNOTEL_BeaverDivide,train,2020,28,89
ISMN_SNOTEL_BeaverDivide,train,2021,40,85
ISMN_SNOTEL_BeaverDivide,train,2022,37,59
ISMN_SNOTEL_BeaverDivide,train,2023,29,57
ISMN_SNOTEL_BeaverDivide,train,2024,36,53
ISMN_SNOTEL_BeaverDivide,train,2025,42,79
ISMN_SNOTEL_BenLomondPeak,oos,2016,17,10
ISMN_SNOTEL_BenLomondPeak,oos,2017,31,81
ISMN_SNOTEL_BenLomondPeak,oos,2018,71,60
ISMN_SNOTEL_BenLomondPeak,oos,2019,79,75
ISMN_SNOTEL_BenLomondPeak,oos,2020,20,35
ISMN_SNOTEL_BenLomondTrail,oos,2016,17,10
ISMN_SNOTEL_BenLomondTrail,oos,2017,34,81
ISMN_SNOTEL_BenLomondTrail,oos,2018,64,60
ISMN_SNOTEL_BenLomondTrail,oos,2019,75,75
ISMN_SNOTEL_BenLomondTrail,oos,2020,36,53
ISMN_SNOTEL_BerryCreek,train,2016,23,6
ISMN_SNOTEL_BerryCreek,train,2017,45,9
ISMN_SNOTEL_BerryCreek,train,2018,69,3
ISMN_SNOTEL_BerryCreek,train,2019,63,10
ISMN_SNOTEL_BerryCreek,train,2020,88,27
ISMN_SNOTEL_BerryCreek,train,2021,62,40
ISMN_SNOTEL_BerryCreek,train,2022,73,21
ISMN_SNOTEL_BerryCreek,train,2023,66,27
ISMN_SNOTEL_BerryCreek,train,2024,62,25
ISMN_SNOTEL_BerryCreek,train,2025,74,51
ISMN_SNOTEL_BerthoudSummit,train,2017,18,32
ISMN_SNOTEL_BerthoudSummit,train,2018,40,49
ISMN_SNOTEL_BerthoudSummit,train,2019,26,51
ISMN_SNOTEL_BerthoudSummit,train,2020,38,56
ISMN_SNOTEL_BerthoudSummit,train,2021,28,61
ISMN_SNOTEL_BerthoudSummit,train,2022,32,39
ISMN_SNOTEL_BerthoudSummit,train,2023,23,41
ISMN_SNOTEL_BevansCabin,val,2016,17,5
ISMN_SNOTEL_BevansCabin,val,2017,25,50
ISMN_SNOTEL_BevansCabin,val,2018,57,47
ISMN_SNOTEL_BevansCabin,val,2019,74,57
ISMN_SNOTEL_BevansCabin,val,2020,66,61
ISMN_SNOTEL_BevansCabin,val,2021,72,58
ISMN_SNOTEL_BevansCabin,val,2022,72,22
ISMN_SNOTEL_BigBend,oos,2016,9,9
ISMN_SNOTEL_BigBend,oos,2017,15,56
ISMN_SNOTEL_BigBend,oos,2018,34,60
ISMN_SNOTEL_BigBend,oos,2019,24,81
ISMN_SNOTEL_BigBend,oos,2020,35,147
ISMN_SNOTEL_BigBend,oos,2021,40,145
ISMN_SNOTEL_BigBend,oos,2022,42,58
ISMN_SNOTEL_BigBend,oos,2023,32,58
ISMN_SNOTEL_BigBend,oos,2024,37,55
ISMN_SNOTEL_BigBend,oos,2025,38,96
ISMN_SNOTEL_BigCreekSum,oos,2016,16,10
ISMN_SNOTEL_BigCreekSum,oos,2017,28,82
ISMN_SNOTEL_BigCreekSum,oos,2018,78,73
ISMN_SNOTEL_BigCreekSum,oos,2019,64,88
ISMN_SNOTEL_BigCreekSum,oos,2020,87,109
ISMN_SNOTEL_BigCreekSum,oos,2021,82,106
ISMN_SNOTEL_BigCreekSum,oos,2022,84,41
ISMN_SNOTEL_BigCreekSum,oos,2023,75,40
ISMN_SNOTEL_BigCreekSum,oos,2024,79,45
ISMN_SNOTEL_BigCreekSum,oos,2025,93,109
ISMN_SNOTEL_BigFlat,oos,2016,8,5
ISMN_SNOTEL_BigFlat,oos,2017,18,50
ISMN_SNOTEL_BigFlat,oos,2018,35,47
ISMN_SNOTEL_BigFlat,oos,2019,41,58
ISMN_SNOTEL_BigFlat,oos,2020,45,61
ISMN_SNOTEL_BigFlat,oos,2021,36,58
ISMN_SNOTEL_BigFlat,oos,2022,40,30
ISMN_SNOTEL_BigFlat,oos,2023,33,28
ISMN_SNOTEL_BigFlat,oos,2024,34,28
ISMN_SNOTEL_BigFlat,oos,2025,42,50
ISMN_SNOTEL_BigMeadow,train,2016,20,10
ISMN_SNOTEL_BigMeadow,train,2017,38,110
ISMN_SNOTEL_BigMeadow,train,2018,90,115
ISMN_SNOTEL_BigMeadow,train,2019,80,189
ISMN_SNOTEL_BigMeadow,train,2020,97,235
ISMN_SNOTEL_BigMeadow,train,2021,82,231
ISMN_SNOTEL_BigMeadow,train,2022,97,117
ISMN_SNOTEL_BigMeadow,train,2023,77,116
ISMN_SNOTEL_BigMeadow,train,2024,99,101
ISMN_SNOTEL_BigMeadow,train,2025,9,11
ISMN_SNOTEL_BigSandyOpening,train,2016,19,3
ISMN_SNOTEL_BigSandyOpening,train,2017,30,48
ISMN_SNOTEL_BigSandyOpening,train,2018,60,42
ISMN_SNOTEL_BigSandyOpening,train,2019,72,48
ISMN_SNOTEL_BigSandyOpening,train,2020,85,59
ISMN_SNOTEL_BigSandyOpening,train,2021,47,37
ISMN_SNOTEL_BirdCreek,oos,2016,27,6
ISMN_SNOTEL_BirdCreek,oos,2017,43,9
ISMN_SNOTEL_BirdCreek,oos,2018,76,3
ISMN_SNOTEL_BirdCreek,oos,2019,78,10
ISMN_SNOTEL_BirdCreek,oos,2020,92,26
ISMN_SNOTEL_BlackFlat-U.M.Ck,train,2016,7,11
ISMN_SNOTEL_BlackFlat-U.M.Ck,train,2017,14,103
ISMN_SNOTEL_BlackFlat-U.M.Ck,train,2018,38,77
ISMN_SNOTEL_BlackFlat-U.M.Ck,train,2019,43,95
ISMN_SNOTEL_BlackFlat-U.M.Ck,train,2020,37,120
ISMN_SNOTEL_BlackFlat-U.M.Ck,train,2021,37,114
ISMN_SNOTEL_BlackFlat-U.M.Ck,train,2022,37,59
ISMN_SNOTEL_BlackFlat-U.M.Ck,train,2023,35,57
ISMN_SNOTEL_BlackFlat-U.M.Ck,train,2024,38,54
ISMN_SNOTEL_BlackFlat-U.M.Ck,train,2025,46,100
ISMN_SNOTEL_BlackhallMtn,train,2016,10,4
ISMN_SNOTEL_BlackhallMtn,train,2017,18,81
ISMN_SNOTEL_BlackhallMtn,train,2018,39,80
ISMN_SNOTEL_BlackhallMtn,train,2019,43,81
ISMN_SNOTEL_BlackhallMtn,train,2020,43,85
ISMN_SNOTEL_BlackhallMtn,train,2021,29,91
ISMN_SNOTEL_BlackhallMtn,train,2022,40,68
ISMN_SNOTEL_BlackhallMtn,train,2023,47,83
ISMN_SNOTEL_BlackhallMtn,train,2024,46,85
ISMN_SNOTEL_BlackhallMtn,train,2025,65,92
ISMN_SNOTEL_BlacksForkJct,oos,2016,4,5
ISMN_SNOTEL_BlacksForkJct,oos,2017,11,53
ISMN_SNOTEL_BlacksForkJct,oos,2018,33,30
ISMN_SNOTEL_BlacksForkJct,oos,2019,39,37
ISMN_SNOTEL_BlacksForkJct,oos,2020,25,59
ISMN_SNOTEL_BlacksForkJct,oos,2021,35,56
ISMN_SNOTEL_BlacksForkJct,oos,2022,38,29
ISMN_SNOTEL_BlacksForkJct,oos,2023,28,29
ISMN_SNOTEL_BlacksForkJct,oos,2024,32,26
ISMN_SNOTEL_BlacksForkJct,oos,2025,34,51
ISMN_SNOTEL_BlazedAlder,val,2022,9,30
ISMN_SNOTEL_BlazedAlder,val,2023,28,84
ISMN_SNOTEL_BlazedAlder,val,2024,21,78
ISMN_SNOTEL_BlazedAlder,val,2025,27,96
ISMN_SNOTEL_BlueLakes,train,2016,0,7
ISMN_SNOTEL_BlueLakes,train,2017,0,83
ISMN_SNOTEL_BlueLakes,train,2018,58,94
ISMN_SNOTEL_BlueLakes,train,2019,85,139
ISMN_SNOTEL_BlueLakes,train,2020,105,180
ISMN_SNOTEL_BlueLakes,train,2021,97,176
ISMN_SNOTEL_BlueLakes,train,2022,96,87
ISMN_SNOTEL_BlueLakes,train,2023,86,86
ISMN_SNOTEL_BlueLakes,train,2024,94,78
ISMN_SNOTEL_BlueLakes,train,2025,110,158
ISMN_SNOTEL_BobsHollow,train,2016,0,3
ISMN_SNOTEL_BobsHollow,train,2017,0,50
ISMN_SNOTEL_BobsHollow,train,2018,11,47
ISMN_SNOTEL_BobsHollow,train,2019,14,58
ISMN_SNOTEL_BobsHollow,train,2020,11,61
ISMN_SNOTEL_BobsHollow,train,2021,14,58
ISMN_SNOTEL_BobsHollow,train,2022,24,30
ISMN_SNOTEL_BobsHollow,train,2023,27,28
ISMN_SNOTEL_BobsHollow,train,2024,25,28
ISMN_SNOTEL_BobsHollow,train,2025,28,50
ISMN_SNOTEL_BogusBasin,oos,2016,0,5
ISMN_SNOTEL_BogusBasin,oos,2017,0,82
ISMN_SNOTEL_BogusBasin,oos,2018,0,90
ISMN_SNOTEL_BogusBasin,oos,2019,0,109
ISMN_SNOTEL_BogusBasin,oos,2020,25,178
ISMN_SNOTEL_BogusBasin,oos,2021,68,176
ISMN_SNOTEL_BogusBasin,oos,2022,69,87
ISMN_SNOTEL_BogusBasin,oos,2023,61,88
ISMN_SNOTEL_BogusBasin,oos,2024,72,82
ISMN_SNOTEL_BogusBasin,oos,2025,86,127
ISMN_SNOTEL_BostetterR.S.,oos,2016,25,11
ISMN_SNOTEL_BostetterR.S.,oos,2017,43,35
ISMN_SNOTEL_BostetterR.S.,oos,2018,63,18
ISMN_SNOTEL_BostetterR.S.,oos,2019,56,33
ISMN_SNOTEL_BostetterR.S.,oos,2020,65,61
ISMN_SNOTEL_BostetterR.S.,oos,2021,55,67
ISMN_SNOTEL_BostetterR.S.,oos,2022,65,48
ISMN_SNOTEL_BostetterR.S.,oos,2023,53,56
ISMN_SNOTEL_BostetterR.S.,oos,2024,68,52
ISMN_SNOTEL_BostetterR.S.,oos,2025,77,102
ISMN_SNOTEL_Bourne,train,2021,42,37
ISMN_SNOTEL_Bourne,train,2022,68,52
ISMN_SNOTEL_Bourne,train,2023,55,55
ISMN_SNOTEL_Bourne,train,2024,61,49
ISMN_SNOTEL_Bourne,train,2025,80,79
ISMN_SNOTEL_BoxCreek,train,2021,5,22
ISMN_SNOTEL_BoxCreek,train,2022,40,59
ISMN_SNOTEL_BoxCreek,train,2023,34,57
ISMN_SNOTEL_BoxCreek,train,2024,39,54
ISMN_SNOTEL_BoxCreek,train,2025,44,79
ISMN_SNOTEL_BoxSprings,train,2016,10,5
ISMN_SNOTEL_BoxSprings,train,2017,13,75
ISMN_SNOTEL_BoxSprings,train,2018,44,64
ISMN_SNOTEL_BoxSprings,train,2019,38,77
ISMN_SNOTEL_BoxSprings,train,2020,9,27
ISMN_SNOTEL_BrianHead,oos,2016,26,10
ISMN_SNOTEL_BrianHead,oos,2017,38,55
ISMN_SNOTEL_BrianHead,oos,2018,75,50
ISMN_SNOTEL_BrianHead,oos,2019,77,68
ISMN_SNOTEL_BrianHead,oos,2020,93,88
ISMN_SNOTEL_BrianHead,oos,2021,71,88
ISMN_SNOTEL_BrianHead,oos,2022,78,30
ISMN_SNOTEL_BrianHead,oos,2023,69,28
ISMN_SNOTEL_BrianHead,oos,2024,65,28
ISMN_SNOTEL_BrianHead,oos,2025,80,69
ISMN_SNOTEL_Brighton,train,2016,14,10
ISMN_SNOTEL_Brighton,train,2017,28,103
ISMN_SNOTEL_Brighton,train,2018,65,77
ISMN_SNOTEL_Brighton,train,2019,68,94
ISMN_SNOTEL_Brighton,train,2020,67,120
ISMN_SNOTEL_Brighton,train,2021,76,114
ISMN_SNOTEL_Brighton,train,2022,59,59
ISMN_SNOTEL_Brighton,train,2023,51,57
ISMN_SNOTEL_Brighton,train,2024,57,53
ISMN_SNOTEL_Brighton,train,2025,58,101
ISMN_SNOTEL_BristleconeTrail,train,2016,31,5
ISMN_SNOTEL_BristleconeTrail,train,2017,42,45
ISMN_SNOTEL_BristleconeTrail,train,2018,86,58
ISMN_SNOTEL_BristleconeTrail,train,2019,80,68
ISMN_SNOTEL_BristleconeTrail,train,2020,103,90
ISMN_SNOTEL_BristleconeTrail,train,2021,85,90
ISMN_SNOTEL_BristleconeTrail,train,2022,99,29
ISMN_SNOTEL_BristleconeTrail,train,2023,79,27
ISMN_SNOTEL_BristleconeTrail,train,2024,82,27
ISMN_SNOTEL_BristleconeTrail,train,2025,101,74
ISMN_SNOTEL_BrooklynLake,train,2018,16,21
ISMN_SNOTEL_BrooklynLake,train,2019,36,51
ISMN_SNOTEL_BrooklynLake,train,2020,37,56
ISMN_SNOTEL_BrooklynLake,train,2021,28,61
ISMN_SNOTEL_BrooklynLake,train,2022,41,39
ISMN_SNOTEL_BrooklynLake,train,2023,37,56
ISMN_SNOTEL_BrooklynLake,train,2024,24,44
ISMN_SNOTEL_BrownDuck,train,2016,6,5
ISMN_SNOTEL_BrownDuck,train,2017,11,53
ISMN_SNOTEL_BrownDuck,train,2018,38,30
ISMN_SNOTEL_BrownDuck,train,2019,46,37
ISMN_SNOTEL_BrownDuck,train,2020,25,42
ISMN_SNOTEL_BrownTop,train,2021,8,28
ISMN_SNOTEL_BrownTop,train,2022,48,71
ISMN_SNOTEL_BrownTop,train,2023,54,83
ISMN_SNOTEL_BrownTop,train,2024,39,74
ISMN_SNOTEL_BrownTop,train,2025,42,77
ISMN_SNOTEL_BuckFlat,train,2016,7,11
ISMN_SNOTEL_BuckFlat,train,2017,12,103
ISMN_SNOTEL_BuckFlat,train,2018,36,77
ISMN_SNOTEL_BuckFlat,train,2019,40,95
ISMN_SNOTEL_BuckFlat,train,2020,41,120
ISMN_SNOTEL_BuckFlat,train,2021,38,114
ISMN_SNOTEL_BuckFlat,train,2022,36,59
ISMN_SNOTEL_BuckFlat,train,2023,39,57
ISMN_SNOTEL_BuckFlat,train,2024,37,54
ISMN_SNOTEL_BuckFlat,train,2025,48,100
ISMN_SNOTEL_BuckPasture,train,2016,3,5
ISMN_SNOTEL_BuckPasture,train,2017,12,79
ISMN_SNOTEL_BuckPasture,train,2018,31,35
ISMN_SNOTEL_BuckPasture,train,2019,29,37
ISMN_SNOTEL_BuckPasture,train,2020,25,59
ISMN_SNOTEL_BuckPasture,train,2021,33,56
ISMN_SNOTEL_BuckPasture,train,2022,37,29
ISMN_SNOTEL_BuckPasture,train,2023,27,29
ISMN_SNOTEL_BuckPasture,train,2024,28,26
ISMN_SNOTEL_BuckPasture,train,2025,21,30
ISMN_SNOTEL_BuckboardFlat,oos,2016,8,6
ISMN_SNOTEL_BuckboardFlat,oos,2017,17,80
ISMN_SNOTEL_BuckboardFlat,oos,2018,44,62
ISMN_SNOTEL_BuckboardFlat,oos,2019,38,67
ISMN_SNOTEL_BuckboardFlat,oos,2020,49,88
ISMN_SNOTEL_BuckboardFlat,oos,2021,39,86
ISMN_SNOTEL_BuckboardFlat,oos,2022,40,58
ISMN_SNOTEL_BuckboardFlat,oos,2023,37,56
ISMN_SNOTEL_BuckboardFlat,oos,2024,37,53
ISMN_SNOTEL_BuckboardFlat,oos,2025,49,81
ISMN_SNOTEL_Buckinghorse,train,2020,10,30
ISMN_SNOTEL_Buckinghorse,train,2021,24,117
ISMN_SNOTEL_Buckinghorse,train,2022,25,69
ISMN_SNOTEL_Buckinghorse,train,2023,30,89
ISMN_SNOTEL_Buckinghorse,train,2024,18,76
ISMN_SNOTEL_Buckinghorse,train,2025,35,100
ISMN_SNOTEL_BuckskinJoe,val,2016,6,5
ISMN_SNOTEL_BuckskinJoe,val,2017,15,52
ISMN_SNOTEL_BuckskinJoe,val,2018,40,49
ISMN_SNOTEL_BuckskinJoe,val,2019,36,51
ISMN_SNOTEL_BuckskinJoe,val,2020,45,56
ISMN_SNOTEL_BuckskinJoe,val,2021,25,46
ISMN_SNOTEL_BuckskinLower,train,2016,6,5
ISMN_SNOTEL_BuckskinLower,train,2017,19,79
ISMN_SNOTEL_BuckskinLower,train,2018,38,89
ISMN_SNOTEL_BuckskinLower,train,2019,37,90
ISMN_SNOTEL_BuckskinLower,train,2020,46,91
ISMN_SNOTEL_BuckskinLower,train,2021,44,100
ISMN_SNOTEL_BuckskinLower,train,2022,38,60
ISMN_SNOTEL_BuckskinLower,train,2023,44,58
ISMN_SNOTEL_BuckskinLower,train,2024,35,52
ISMN_SNOTEL_BuckskinLower,train,2025,23,27
ISMN_SNOTEL_BugLake,train,2016,13,4
ISMN_SNOTEL_BugLake,train,2017,26,98
ISMN_SNOTEL_BugLake,train,2018,58,61
ISMN_SNOTEL_BugLake,train,2019,69,67
ISMN_SNOTEL_BugLake,train,2020,75,89
ISMN_SNOTEL_BugLake,train,2021,71,85
ISMN_SNOTEL_BugLake,train,2022,84,59
ISMN_SNOTEL_BugLake,train,2023,64,57
ISMN_SNOTEL_BugLake,train,2024,75,53
ISMN_SNOTEL_BugLake,train,2025,70,79
ISMN_SNOTEL_BurntMountain,train,2020,7,26
ISMN_SNOTEL_BurntMountain,train,2021,34,117
ISMN_SNOTEL_BurntMountain,train,2022,45,95
ISMN_SNOTEL_BurntMountain,train,2023,43,113
ISMN_SNOTEL_BurntMountain,train,2024,36,99
ISMN_SNOTEL_BurntMountain,train,2025,49,142
ISMN_SNOTEL_BurroMountain,val,2020,55,77
ISMN_SNOTEL_BurroMountain,val,2021,61,119
ISMN_SNOTEL_BurroMountain,val,2022,65,76
ISMN_SNOTEL_BurroMountain,val,2023,65,115
ISMN_SNOTEL_BurroMountain,val,2024,67,113
ISMN_SNOTEL_BurroMountain,val,2025,72,134
ISMN_SNOTEL_BurtsMillerRanch,oos,2019,24,58
ISMN_SNOTEL_BurtsMillerRanch,oos,2020,29,89
ISMN_SNOTEL_BurtsMillerRanch,oos,2021,38,85
ISMN_SNOTEL_BurtsMillerRanch,oos,2022,43,59
ISMN_SNOTEL_BurtsMillerRanch,oos,2023,30,57
ISMN_SNOTEL_BurtsMillerRanch,oos,2024,37,53
ISMN_SNOTEL_BurtsMillerRanch,oos,2025,44,79
ISMN_SNOTEL_Butte,train,2017,7,34
ISMN_SNOTEL_Butte,train,2018,36,77
ISMN_SNOTEL_Butte,train,2019,33,80
ISMN_SNOTEL_Butte,train,2020,43,85
ISMN_SNOTEL_Butte,train,2021,37,89
ISMN_SNOTEL_Butte,train,2022,43,47
ISMN_SNOTEL_Butte,train,2023,38,87
ISMN_SNOTEL_Butte,train,2024,38,87
ISMN_SNOTEL_Butte,train,2025,40,105
ISMN_SNOTEL_CampJackson,train,2018,25,22
ISMN_SNOTEL_CampJackson,train,2019,39,67
ISMN_SNOTEL_CampJackson,train,2020,49,88
ISMN_SNOTEL_CampJackson,train,2021,38,86
ISMN_SNOTEL_CampJackson,train,2022,35,58
ISMN_SNOTEL_CampJackson,train,2023,36,56
ISMN_SNOTEL_CampJackson,train,2024,42,53
ISMN_SNOTEL_CampJackson,train,2025,49,81
ISMN_SNOTEL_CarsonPass,train,2016,20,7
ISMN_SNOTEL_CarsonPass,train,2017,36,82
ISMN_SNOTEL_CarsonPass,train,2018,87,94
ISMN_SNOTEL_CarsonPass,train,2019,85,139
ISMN_SNOTEL_CarsonPass,train,2020,104,180
ISMN_SNOTEL_CarsonPass,train,2021,99,176
ISMN_SNOTEL_CarsonPass,train,2022,103,87
ISMN_SNOTEL_CarsonPass,train,2023,72,66
ISMN_SNOTEL_Cascade#2,train,2016,17,4
ISMN_SNOTEL_Cascade#2,train,2017,29,79
ISMN_SNOTEL_Cascade#2,train,2018,71,89
ISMN_SNOTEL_Cascade#2,train,2019,71,90
ISMN_SNOTEL_Cascade#2,train,2020,73,88
ISMN_SNOTEL_Cascade#2,train,2021,33,40
ISMN_SNOTEL_CascadeMountain,train,2016,8,10
ISMN_SNOTEL_CascadeMountain,train,2017,15,103
ISMN_SNOTEL_CascadeMountain,train,2018,36,77
ISMN_SNOTEL_CascadeMountain,train,2019,36,94
ISMN_SNOTEL_CascadeMountain,train,2020,39,120
ISMN_SNOTEL_CascadeMountain,train,2021,4,15
ISMN_SNOTEL_CastleValley,train,2018,35,29
ISMN_SNOTEL_CastleValley,train,2019,85,68
ISMN_SNOTEL_CastleValley,train,2020,91,88
ISMN_SNOTEL_CastleValley,train,2021,70,88
ISMN_SNOTEL_CastleValley,train,2022,81,30
ISMN_SNOTEL_CastleValley,train,2023,78,28
ISMN_SNOTEL_CastleValley,train,2024,70,28
ISMN_SNOTEL_CastleValley,train,2025,83,69
ISMN_SNOTEL_CaveMountain,train,2016,25,6
ISMN_SNOTEL_CaveMountain,train,2017,42,10
ISMN_SNOTEL_CaveMountain,train,2018,78,3
ISMN_SNOTEL_CaveMountain,train,2019,65,10
ISMN_SNOTEL_CaveMountain,train,2020,98,27
ISMN_SNOTEL_CaveMountain,train,2021,73,40
ISMN_SNOTEL_CaveMountain,train,2022,68,21
ISMN_SNOTEL_CaveMountain,train,2023,66,27
ISMN_SNOTEL_CaveMountain,train,2024,62,25
ISMN_SNOTEL_CaveMountain,train,2025,75,51
ISMN_SNOTEL_Chalender,train,2016,12,3
ISMN_SNOTEL_Chalender,train,2017,19,75
ISMN_SNOTEL_Chalender,train,2018,48,65
ISMN_SNOTEL_Chalender,train,2019,47,77
ISMN_SNOTEL_Chalender,train,2020,54,91
ISMN_SNOTEL_Chalender,train,2021,42,88
ISMN_SNOTEL_Chalender,train,2022,45,59
ISMN_SNOTEL_Chalender,train,2023,25,28
ISMN_SNOTEL_ChalkCreek#1,oos,2016,7,5
ISMN_SNOTEL_ChalkCreek#1,oos,2017,12,59
ISMN_SNOTEL_ChalkCreek#1,oos,2018,29,44
ISMN_SNOTEL_ChalkCreek#1,oos,2019,39,47
ISMN_SNOTEL_ChalkCreek#1,oos,2020,30,59
ISMN_SNOTEL_ChalkCreek#1,oos,2021,36,55
ISMN_SNOTEL_ChalkCreek#1,oos,2022,41,55
ISMN_SNOTEL_ChalkCreek#1,oos,2023,31,57
ISMN_SNOTEL_ChalkCreek#1,oos,2024,36,53
ISMN_SNOTEL_ChalkCreek#1,oos,2025,41,79
ISMN_SNOTEL_ChalkCreek#2,train,2016,6,5
ISMN_SNOTEL_ChalkCreek#2,train,2017,12,80
ISMN_SNOTEL_ChalkCreek#2,train,2018,33,59
ISMN_SNOTEL_ChalkCreek#2,train,2019,41,66
ISMN_SNOTEL_ChalkCreek#2,train,2020,33,89
ISMN_SNOTEL_ChalkCreek#2,train,2021,36,85
ISMN_SNOTEL_ChalkCreek#2,train,2022,42,59
ISMN_SNOTEL_ChalkCreek#2,train,2023,8,21
ISMN_SNOTEL_Chepeta,train,2016,0,10
ISMN_SNOTEL_Chepeta,train,2017,0,76
ISMN_SNOTEL_Chepeta,train,2018,13,56
ISMN_SNOTEL_Chepeta,train,2019,72,66
ISMN_SNOTEL_Chepeta,train,2020,68,88
ISMN_SNOTEL_Chepeta,train,2021,68,83
ISMN_SNOTEL_Chepeta,train,2022,74,29
ISMN_SNOTEL_Chepeta,train,2023,62,30
ISMN_SNOTEL_Chepeta,train,2024,71,26
ISMN_SNOTEL_Chepeta,train,2025,81,73
ISMN_SNOTEL_Chisana,train,2018,16,43
ISMN_SNOTEL_Chisana,train,2019,42,105
ISMN_SNOTEL_Chisana,train,2020,44,113
ISMN_SNOTEL_Chisana,train,2021,51,111
ISMN_SNOTEL_Chisana,train,2022,38,78
ISMN_SNOTEL_Chisana,train,2023,40,69
ISMN_SNOTEL_Chisana,train,2024,42,67
ISMN_SNOTEL_Chisana,train,2025,41,112
ISMN_SNOTEL_ChocolateGulch,train,2016,18,6
ISMN_SNOTEL_ChocolateGulch,train,2017,27,60
ISMN_SNOTEL_ChocolateGulch,train,2018,31,50
ISMN_SNOTEL_ChocolateGulch,train,2019,31,79
ISMN_SNOTEL_ChocolateGulch,train,2020,24,79
ISMN_SNOTEL_CinnabarPark,train,2016,6,2
ISMN_SNOTEL_CinnabarPark,train,2017,15,53
ISMN_SNOTEL_CinnabarPark,train,2018,35,49
ISMN_SNOTEL_CinnabarPark,train,2019,32,51
ISMN_SNOTEL_CinnabarPark,train,2020,25,42
ISMN_SNOTEL_ClackamasLake,train,2020,3,8
ISMN_SNOTEL_ClackamasLake,train,2021,25,65
ISMN_SNOTEL_ClackamasLake,train,2022,28,51
ISMN_SNOTEL_ClackamasLake,train,2023,25,56
ISMN_SNOTEL_ClackamasLake,train,2024,28,54
ISMN_SNOTEL_ClackamasLake,train,2025,38,66
ISMN_SNOTEL_ClaytonSprings,oos,2016,9,5
ISMN_SNOTEL_ClaytonSprings,oos,2017,13,75
ISMN_SNOTEL_ClaytonSprings,oos,2018,39,64
ISMN_SNOTEL_ClaytonSprings,oos,2019,46,77
ISMN_SNOTEL_ClaytonSprings,oos,2020,45,91
ISMN_SNOTEL_ClaytonSprings,oos,2021,32,88
ISMN_SNOTEL_ClaytonSprings,oos,2022,33,47
ISMN_SNOTEL_ClearCreek#1,train,2016,0,10
ISMN_SNOTEL_ClearCreek#1,train,2017,0,103
ISMN_SNOTEL_ClearCreek#1,train,2018,0,77
ISMN_SNOTEL_ClearCreek#1,train,2019,0,95
ISMN_SNOTEL_ClearCreek#1,train,2020,0,120
ISMN_SNOTEL_ClearCreek#1,train,2021,34,114
ISMN_SNOTEL_ClearCreek#1,train,2022,36,59
ISMN_SNOTEL_ClearCreek#1,train,2023,38,57
ISMN_SNOTEL_ClearCreek#1,train,2024,36,54
ISMN_SNOTEL_ClearCreek#1,train,2025,44,79
ISMN_SNOTEL_ClearCreek#2,train,2016,0,10
ISMN_SNOTEL_ClearCreek#2,train,2017,0,103
ISMN_SNOTEL_ClearCreek#2,train,2018,0,77
ISMN_SNOTEL_ClearCreek#2,train,2019,0,95
ISMN_SNOTEL_ClearCreek#2,train,2020,0,120
ISMN_SNOTEL_ClearCreek#2,train,2021,32,114
ISMN_SNOTEL_ClearCreek#2,train,2022,40,59
ISMN_SNOTEL_ClearCreek#2,train,2023,35,57
ISMN_SNOTEL_ClearCreek#2,train,2024,36,54
ISMN_SNOTEL_ClearCreek#2,train,2025,45,101
ISMN_SNOTEL_Coldfoot,train,2016,0,18
ISMN_SNOTEL_Coldfoot,train,2017,0,69
ISMN_SNOTEL_Coldfoot,train,2018,0,93
ISMN_SNOTEL_Coldfoot,train,2019,0,93
ISMN_SNOTEL_Coldfoot,train,2020,0,106
ISMN_SNOTEL_Coldfoot,train,2021,0,109
ISMN_SNOTEL_Coldfoot,train,2022,0,57
ISMN_SNOTEL_Coldfoot,train,2023,0,81
ISMN_SNOTEL_Coldfoot,train,2024,6,78
ISMN_SNOTEL_Coldfoot,train,2025,44,124
ISMN_SNOTEL_CorralCanyon,train,2017,11,42
ISMN_SNOTEL_CorralCanyon,train,2018,36,60
ISMN_SNOTEL_CorralCanyon,train,2019,34,92
ISMN_SNOTEL_CorralCanyon,train,2020,43,118
ISMN_SNOTEL_CorralCanyon,train,2021,40,130
ISMN_SNOTEL_CorralCanyon,train,2022,41,52
ISMN_SNOTEL_CorralCanyon,train,2023,37,55
ISMN_SNOTEL_CorralCanyon,train,2024,43,53
ISMN_SNOTEL_CorralCanyon,train,2025,51,99
ISMN_SNOTEL_CouchSummit,train,2021,6,35
ISMN_SNOTEL_CouchSummit,train,2022,43,75
ISMN_SNOTEL_CouchSummit,train,2023,37,77
ISMN_SNOTEL_CouchSummit,train,2024,40,62
ISMN_SNOTEL_CouchSummit,train,2025,48,113
ISMN_SNOTEL_CrabCreek,train,2016,8,2
ISMN_SNOTEL_CrabCreek,train,2017,11,67
ISMN_SNOTEL_CrabCreek,train,2018,28,41
ISMN_SNOTEL_CrabCreek,train,2019,19,48
ISMN_SNOTEL_CrabCreek,train,2020,27,59
ISMN_SNOTEL_CrabCreek,train,2021,32,65
ISMN_SNOTEL_CrabCreek,train,2022,28,51
ISMN_SNOTEL_CrabCreek,train,2023,24,54
ISMN_SNOTEL_CrabCreek,train,2024,21,54
ISMN_SNOTEL_CrabCreek,train,2025,37,81
ISMN_SNOTEL_CraterMeadows,train,2016,15,8
ISMN_SNOTEL_CraterMeadows,train,2017,39,60
ISMN_SNOTEL_CraterMeadows,train,2018,10,10
ISMN_SNOTEL_CrowCreek,oos,2016,4,8
ISMN_SNOTEL_CrowCreek,oos,2017,15,73
ISMN_SNOTEL_CrowCreek,oos,2018,37,79
ISMN_SNOTEL_CrowCreek,oos,2019,31,77
ISMN_SNOTEL_CrowCreek,oos,2020,39,83
ISMN_SNOTEL_CrowCreek,oos,2021,35,88
ISMN_SNOTEL_CrowCreek,oos,2022,41,51
ISMN_SNOTEL_CrowCreek,oos,2023,36,86
ISMN_SNOTEL_CrowCreek,oos,2024,40,85
ISMN_SNOTEL_CrowCreek,oos,2025,49,102
ISMN_SNOTEL_CssLab,oos,2016,21,5
ISMN_SNOTEL_CssLab,oos,2017,35,53
ISMN_SNOTEL_CssLab,oos,2018,93,63
ISMN_SNOTEL_CssLab,oos,2019,85,98
ISMN_SNOTEL_CssLab,oos,2020,107,119
ISMN_SNOTEL_CssLab,oos,2021,91,117
ISMN_SNOTEL_CssLab,oos,2022,102,58
ISMN_SNOTEL_CssLab,oos,2023,89,58
ISMN_SNOTEL_CssLab,oos,2024,97,54
ISMN_SNOTEL_CssLab,oos,2025,111,105
ISMN_SNOTEL_Culebra#2,train,2018,63,48
ISMN_SNOTEL_Culebra#2,train,2019,65,50
ISMN_SNOTEL_Culebra#2,train,2020,73,55
ISMN_SNOTEL_Culebra#2,train,2021,58,58
ISMN_SNOTEL_Culebra#2,train,2022,61,39
ISMN_SNOTEL_Culebra#2,train,2023,58,60
ISMN_SNOTEL_Culebra#2,train,2024,66,53
ISMN_SNOTEL_Culebra#2,train,2025,58,67
ISMN_SNOTEL_CurrantCreek,train,2016,8,5
ISMN_SNOTEL_CurrantCreek,train,2017,14,80
ISMN_SNOTEL_CurrantCreek,train,2018,38,59
ISMN_SNOTEL_CurrantCreek,train,2019,43,66
ISMN_SNOTEL_CurrantCreek,train,2020,38,89
ISMN_SNOTEL_CurrantCreek,train,2021,34,85
ISMN_SNOTEL_CurrantCreek,train,2022,38,59
ISMN_SNOTEL_CurrantCreek,train,2023,34,57
ISMN_SNOTEL_CurrantCreek,train,2024,36,54
ISMN_SNOTEL_CurrantCreek,train,2025,41,64
ISMN_SNOTEL_Daniels-Strawberry,train,2016,11,10
ISMN_SNOTEL_Daniels-Strawberry,train,2017,14,103
ISMN_SNOTEL_Daniels-Strawberry,train,2018,34,77
ISMN_SNOTEL_Daniels-Strawberry,train,2019,42,94
ISMN_SNOTEL_Daniels-Strawberry,train,2020,37,120
ISMN_SNOTEL_Daniels-Strawberry,train,2021,35,114
ISMN_SNOTEL_Daniels-Strawberry,train,2022,40,59
ISMN_SNOTEL_Daniels-Strawberry,train,2023,38,57
ISMN_SNOTEL_Daniels-Strawberry,train,2024,36,54
ISMN_SNOTEL_Daniels-Strawberry,train,2025,48,101
ISMN_SNOTEL_DillsCamp,oos,2016,8,11
ISMN_SNOTEL_DillsCamp,oos,2017,15,103
ISMN_SNOTEL_DillsCamp,oos,2018,39,77
ISMN_SNOTEL_DillsCamp,oos,2019,43,95
ISMN_SNOTEL_DillsCamp,oos,2020,39,120
ISMN_SNOTEL_DillsCamp,oos,2021,40,114
ISMN_SNOTEL_DillsCamp,oos,2022,40,59
ISMN_SNOTEL_DillsCamp,oos,2023,43,57
ISMN_SNOTEL_DillsCamp,oos,2024,39,54
ISMN_SNOTEL_DillsCamp,oos,2025,45,100
ISMN_SNOTEL_DisasterPeak,train,2016,7,10
ISMN_SNOTEL_DisasterPeak,train,2017,17,77
ISMN_SNOTEL_DisasterPeak,train,2018,42,77
ISMN_SNOTEL_DisasterPeak,train,2019,35,108
ISMN_SNOTEL_DisasterPeak,train,2020,45,117
ISMN_SNOTEL_DisasterPeak,train,2021,43,115
ISMN_SNOTEL_DisasterPeak,train,2022,42,59
ISMN_SNOTEL_DisasterPeak,train,2023,42,58
ISMN_SNOTEL_DisasterPeak,train,2024,38,46
ISMN_SNOTEL_DisasterPeak,train,2025,57,100
ISMN_SNOTEL_DonkeyReservoir,val,2016,7,11
ISMN_SNOTEL_DonkeyReservoir,val,2017,14,103
ISMN_SNOTEL_DonkeyReservoir,val,2018,39,78
ISMN_SNOTEL_DonkeyReservoir,val,2019,41,95
ISMN_SNOTEL_DonkeyReservoir,val,2020,40,120
ISMN_SNOTEL_DonkeyReservoir,val,2021,27,114
ISMN_SNOTEL_DonkeyReservoir,val,2022,43,59
ISMN_SNOTEL_DonkeyReservoir,val,2023,39,57
ISMN_SNOTEL_DonkeyReservoir,val,2024,36,54
ISMN_SNOTEL_DonkeyReservoir,val,2025,45,99
ISMN_SNOTEL_DorseyBasin,train,2016,7,5
ISMN_SNOTEL_DorseyBasin,train,2017,13,36
ISMN_SNOTEL_DorseyBasin,train,2018,32,32
ISMN_SNOTEL_DorseyBasin,train,2019,29,62
ISMN_SNOTEL_DorseyBasin,train,2020,39,87
ISMN_SNOTEL_DorseyBasin,train,2021,33,99
ISMN_SNOTEL_DorseyBasin,train,2022,37,52
ISMN_SNOTEL_DorseyBasin,train,2023,30,56
ISMN_SNOTEL_DorseyBasin,train,2024,35,53
ISMN_SNOTEL_DorseyBasin,train,2025,51,78
ISMN_SNOTEL_DrawCreek,train,2016,7,5
ISMN_SNOTEL_DrawCreek,train,2017,14,37
ISMN_SNOTEL_DrawCreek,train,2018,32,32
ISMN_SNOTEL_DrawCreek,train,2019,27,62
ISMN_SNOTEL_DrawCreek,train,2020,45,87
ISMN_SNOTEL_DrawCreek,train,2021,37,99
ISMN_SNOTEL_DrawCreek,train,2022,42,52
ISMN_SNOTEL_DrawCreek,train,2023,33,56
ISMN_SNOTEL_DrawCreek,train,2024,40,55
ISMN_SNOTEL_DrawCreek,train,2025,47,78
ISMN_SNOTEL_DryBreadPond,train,2016,14,10
ISMN_SNOTEL_DryBreadPond,train,2017,21,81
ISMN_SNOTEL_DryBreadPond,train,2018,50,60
ISMN_SNOTEL_DryBreadPond,train,2019,62,75
ISMN_SNOTEL_DryBreadPond,train,2020,61,90
ISMN_SNOTEL_DryBreadPond,train,2021,60,84
ISMN_SNOTEL_DryBreadPond,train,2022,61,30
ISMN_SNOTEL_DryBreadPond,train,2023,60,28
ISMN_SNOTEL_DryBreadPond,train,2024,57,27
ISMN_SNOTEL_DryBreadPond,train,2025,71,72
ISMN_SNOTEL_DryCreek,train,2016,8,5
ISMN_SNOTEL_DryCreek,train,2017,14,36
ISMN_SNOTEL_DryCreek,train,2018,37,32
ISMN_SNOTEL_DryCreek,train,2019,34,62
ISMN_SNOTEL_DryCreek,train,2020,43,87
ISMN_SNOTEL_DryCreek,train,2021,39,99
ISMN_SNOTEL_DryCreek,train,2022,27,35
ISMN_SNOTEL_DryFork,train,2016,16,7
ISMN_SNOTEL_DryFork,train,2017,28,76
ISMN_SNOTEL_DryFork,train,2018,71,51
ISMN_SNOTEL_DryFork,train,2019,75,57
ISMN_SNOTEL_DryFork,train,2020,76,61
ISMN_SNOTEL_DryFork,train,2021,80,58
ISMN_SNOTEL_DryFork,train,2022,82,30
ISMN_SNOTEL_DryFork,train,2023,69,28
ISMN_SNOTEL_DryFork,train,2024,67,27
ISMN_SNOTEL_DryFork,train,2025,63,38
ISMN_SNOTEL_DryLake,train,2017,11,32
ISMN_SNOTEL_DryLake,train,2018,73,80
ISMN_SNOTEL_DryLake,train,2019,74,81
ISMN_SNOTEL_DryLake,train,2020,83,85
ISMN_SNOTEL_DryLake,train,2021,69,91
ISMN_SNOTEL_DryLake,train,2022,79,68
ISMN_SNOTEL_DryLake,train,2023,73,85
ISMN_SNOTEL_DryLake,train,2024,83,84
ISMN_SNOTEL_DryLake,train,2025,78,92
ISMN_SNOTEL_EFBlacksForkGS,train,2016,3,5
ISMN_SNOTEL_EFBlacksForkGS,train,2017,11,53
ISMN_SNOTEL_EFBlacksForkGS,train,2018,32,30
ISMN_SNOTEL_EFBlacksForkGS,train,2019,33,37
ISMN_SNOTEL_EFBlacksForkGS,train,2020,25,59
ISMN_SNOTEL_EFBlacksForkGS,train,2021,32,56
ISMN_SNOTEL_EFBlacksForkGS,train,2022,34,29
ISMN_SNOTEL_EFBlacksForkGS,train,2023,25,29
ISMN_SNOTEL_EFBlacksForkGS,train,2024,33,26
ISMN_SNOTEL_EFBlacksForkGS,train,2025,34,51
ISMN_SNOTEL_EagleSummit,train,2020,11,31
ISMN_SNOTEL_EagleSummit,train,2021,36,77
ISMN_SNOTEL_EagleSummit,train,2022,40,25
ISMN_SNOTEL_EagleSummit,train,2023,42,55
ISMN_SNOTEL_EagleSummit,train,2024,45,47
ISMN_SNOTEL_EagleSummit,train,2025,29,21
ISMN_SNOTEL_EastRimDivide,train,2016,8,5
ISMN_SNOTEL_EastRimDivide,train,2017,13,104
ISMN_SNOTEL_EastRimDivide,train,2018,32,83
ISMN_SNOTEL_EastRimDivide,train,2019,39,96
ISMN_SNOTEL_EastRimDivide,train,2020,44,118
ISMN_SNOTEL_EastRimDivide,train,2021,39,113
ISMN_SNOTEL_EastRimDivide,train,2022,44,59
ISMN_SNOTEL_EastRimDivide,train,2023,27,57
ISMN_SNOTEL_EastRimDivide,train,2024,35,55
ISMN_SNOTEL_EastRimDivide,train,2025,48,102
ISMN_SNOTEL_EastWillowCreek,train,2016,15,10
ISMN_SNOTEL_EastWillowCreek,train,2017,25,104
ISMN_SNOTEL_EastWillowCreek,train,2018,81,89
ISMN_SNOTEL_EastWillowCreek,train,2019,69,96
ISMN_SNOTEL_EastWillowCreek,train,2020,78,117
ISMN_SNOTEL_EastWillowCreek,train,2021,70,114
ISMN_SNOTEL_EastWillowCreek,train,2022,74,66
ISMN_SNOTEL_EastWillowCreek,train,2023,69,87
ISMN_SNOTEL_EastWillowCreek,train,2024,61,83
ISMN_SNOTEL_EastWillowCreek,train,2025,93,123
ISMN_SNOTEL_EbbettsPass,train,2016,10,19
ISMN_SNOTEL_EbbettsPass,train,2017,20,114
ISMN_SNOTEL_EbbettsPass,train,2018,45,114
ISMN_SNOTEL_EbbettsPass,train,2019,42,189
ISMN_SNOTEL_EbbettsPass,train,2020,56,235
ISMN_SNOTEL_EbbettsPass,train,2021,49,231
ISMN_SNOTEL_EbbettsPass,train,2022,33,73
ISMN_SNOTEL_EchoPeak,oos,2018,45,47
ISMN_SNOTEL_EchoPeak,oos,2019,88,139
ISMN_SNOTEL_EchoPeak,oos,2020,111,180
ISMN_SNOTEL_EchoPeak,oos,2021,89,176
ISMN_SNOTEL_EchoPeak,oos,2022,104,87
ISMN_SNOTEL_EchoPeak,oos,2023,93,87
ISMN_SNOTEL_EchoPeak,oos,2024,101,77
ISMN_SNOTEL_EchoPeak,oos,2025,112,158
ISMN_SNOTEL_ElkCabin,oos,2016,16,2
ISMN_SNOTEL_ElkCabin,oos,2017,33,78
ISMN_SNOTEL_ElkCabin,oos,2018,79,78
ISMN_SNOTEL_ElkCabin,oos,2019,78,68
ISMN_SNOTEL_ElkCabin,oos,2020,82,52
ISMN_SNOTEL_ExitGlacier,train,2016,7,5
ISMN_SNOTEL_ExitGlacier,train,2017,25,41
ISMN_SNOTEL_ExitGlacier,train,2018,56,62
ISMN_SNOTEL_ExitGlacier,train,2019,49,70
ISMN_SNOTEL_ExitGlacier,train,2020,59,77
ISMN_SNOTEL_ExitGlacier,train,2021,59,75
ISMN_SNOTEL_ExitGlacier,train,2022,52,47
ISMN_SNOTEL_ExitGlacier,train,2023,46,51
ISMN_SNOTEL_ExitGlacier,train,2024,51,48
ISMN_SNOTEL_ExitGlacier,train,2025,45,79
ISMN_SNOTEL_FallenLeaf,oos,2021,44,97
ISMN_SNOTEL_FallenLeaf,oos,2022,104,87
ISMN_SNOTEL_FallenLeaf,oos,2023,97,87
ISMN_SNOTEL_FallenLeaf,oos,2024,98,77
ISMN_SNOTEL_FallenLeaf,oos,2025,112,158
ISMN_SNOTEL_Farmington,oos,2016,17,10
ISMN_SNOTEL_Farmington,oos,2017,24,79
ISMN_SNOTEL_Farmington,oos,2018,72,60
ISMN_SNOTEL_Farmington,oos,2019,74,75
ISMN_SNOTEL_Farmington,oos,2020,73,90
ISMN_SNOTEL_Farmington,oos,2021,72,84
ISMN_SNOTEL_Farmington,oos,2022,88,30
ISMN_SNOTEL_Farmington,oos,2023,67,28
ISMN_SNOTEL_Farmington,oos,2024,69,27
ISMN_SNOTEL_Farmington,oos,2025,77,72
ISMN_SNOTEL_FarmingtonLower,oos,2016,17,10
ISMN_SNOTEL_FarmingtonLower,oos,2017,29,79
ISMN_SNOTEL_FarmingtonLower,oos,2018,73,60
ISMN_SNOTEL_FarmingtonLower,oos,2019,83,75
ISMN_SNOTEL_FarmingtonLower,oos,2020,77,90
ISMN_SNOTEL_FarmingtonLower,oos,2021,79,84
ISMN_SNOTEL_FarmingtonLower,oos,2022,86,30
ISMN_SNOTEL_FarmingtonLower,oos,2023,74,28
ISMN_SNOTEL_FarmingtonLower,oos,2024,71,27
ISMN_SNOTEL_FarmingtonLower,oos,2025,69,56
ISMN_SNOTEL_FarnsworthLake,train,2016,6,11
ISMN_SNOTEL_FarnsworthLake,train,2017,11,103
ISMN_SNOTEL_FarnsworthLake,train,2018,36,77
ISMN_SNOTEL_FarnsworthLake,train,2019,39,95
ISMN_SNOTEL_FarnsworthLake,train,2020,36,120
ISMN_SNOTEL_FarnsworthLake,train,2021,42,114
ISMN_SNOTEL_FarnsworthLake,train,2022,33,59
ISMN_SNOTEL_FarnsworthLake,train,2023,31,57
ISMN_SNOTEL_FarnsworthLake,train,2024,35,54
ISMN_SNOTEL_FarnsworthLake,train,2025,49,100
ISMN_SNOTEL_FawnCreek,train,2016,9,11
ISMN_SNOTEL_FawnCreek,train,2017,13,58
ISMN_SNOTEL_FawnCreek,train,2018,36,60
ISMN_SNOTEL_FawnCreek,train,2019,30,81
ISMN_SNOTEL_FawnCreek,train,2020,35,147
ISMN_SNOTEL_FawnCreek,train,2021,42,145
ISMN_SNOTEL_FawnCreek,train,2022,37,58
ISMN_SNOTEL_FawnCreek,train,2023,35,58
ISMN_SNOTEL_FawnCreek,train,2024,35,55
ISMN_SNOTEL_FawnCreek,train,2025,46,96
ISMN_SNOTEL_FieldingLake,train,2019,10,20
ISMN_SNOTEL_FieldingLake,train,2020,49,55
ISMN_SNOTEL_FieldingLake,train,2021,40,51
ISMN_SNOTEL_FieldingLake,train,2022,34,25
ISMN_SNOTEL_FieldingLake,train,2023,25,55
ISMN_SNOTEL_FieldingLake,train,2024,35,48
ISMN_SNOTEL_FieldingLake,train,2025,31,68
ISMN_SNOTEL_Fifteenmile,train,2022,7,21
ISMN_SNOTEL_Fifteenmile,train,2023,25,84
ISMN_SNOTEL_Fifteenmile,train,2024,27,78
ISMN_SNOTEL_Fifteenmile,train,2025,42,113
ISMN_SNOTEL_FishLakeUtah,train,2016,9,5
ISMN_SNOTEL_FishLakeUtah,train,2017,13,75
ISMN_SNOTEL_FishLakeUtah,train,2018,45,64
ISMN_SNOTEL_FishLakeUtah,train,2019,43,77
ISMN_SNOTEL_FishLakeUtah,train,2020,45,91
ISMN_SNOTEL_FishLakeUtah,train,2021,42,88
ISMN_SNOTEL_FishLakeUtah,train,2022,39,59
ISMN_SNOTEL_FishLakeUtah,train,2023,41,57
ISMN_SNOTEL_FishLakeUtah,train,2024,32,54
ISMN_SNOTEL_FishLakeUtah,train,2025,47,79
ISMN_SNOTEL_FivePointsLake,train,2016,5,5
ISMN_SNOTEL_FivePointsLake,train,2017,11,53
ISMN_SNOTEL_FivePointsLake,train,2018,38,30
ISMN_SNOTEL_FivePointsLake,train,2019,34,37
ISMN_SNOTEL_FivePointsLake,train,2020,34,59
ISMN_SNOTEL_FivePointsLake,train,2021,34,56
ISMN_SNOTEL_FivePointsLake,train,2022,20,13
ISMN_SNOTEL_ForestdaleCreek,oos,2016,0,7
ISMN_SNOTEL_ForestdaleCreek,oos,2017,0,82
ISMN_SNOTEL_ForestdaleCreek,oos,2018,0,94
ISMN_SNOTEL_ForestdaleCreek,oos,2019,0,139
ISMN_SNOTEL_ForestdaleCreek,oos,2020,0,180
ISMN_SNOTEL_ForestdaleCreek,oos,2021,52,176
ISMN_SNOTEL_ForestdaleCreek,oos,2022,97,87
ISMN_SNOTEL_ForestdaleCreek,oos,2023,90,87
ISMN_SNOTEL_ForestdaleCreek,oos,2024,103,77
ISMN_SNOTEL_ForestdaleCreek,oos,2025,113,158
ISMN_SNOTEL_FranklinBasin,oos,2016,0,7
ISMN_SNOTEL_FranklinBasin,oos,2017,0,79
ISMN_SNOTEL_FranklinBasin,oos,2018,0,60
ISMN_SNOTEL_FranklinBasin,oos,2019,0,76
ISMN_SNOTEL_FranklinBasin,oos,2020,5,90
ISMN_SNOTEL_FranklinBasin,oos,2021,73,84
ISMN_SNOTEL_FranklinBasin,oos,2022,83,30
ISMN_SNOTEL_FranklinBasin,oos,2023,64,28
ISMN_SNOTEL_FranklinBasin,oos,2024,58,27
ISMN_SNOTEL_FranklinBasin,oos,2025,71,72
ISMN_SNOTEL_FredonyerPeak,val,2016,0,2
ISMN_SNOTEL_FredonyerPeak,val,2017,0,52
ISMN_SNOTEL_FredonyerPeak,val,2018,0,63
ISMN_SNOTEL_FredonyerPeak,val,2019,0,86
ISMN_SNOTEL_FredonyerPeak,val,2020,30,90
ISMN_SNOTEL_FredonyerPeak,val,2021,39,91
ISMN_SNOTEL_FredonyerPeak,val,2022,51,58
ISMN_SNOTEL_FredonyerPeak,val,2023,35,58
ISMN_SNOTEL_FredonyerPeak,val,2024,43,54
ISMN_SNOTEL_FredonyerPeak,val,2025,57,82
ISMN_SNOTEL_FremontPass,train,2016,0,5
ISMN_SNOTEL_FremontPass,train,2017,0,52
ISMN_SNOTEL_FremontPass,train,2018,0,49
ISMN_SNOTEL_FremontPass,train,2019,16,51
ISMN_SNOTEL_FremontPass,train,2020,38,56
ISMN_SNOTEL_FremontPass,train,2021,32,61
ISMN_SNOTEL_FremontPass,train,2022,35,39
ISMN_SNOTEL_FremontPass,train,2023,41,57
ISMN_SNOTEL_FremontPass,train,2024,36,58
ISMN_SNOTEL_FremontPass,train,2025,19,27
ISMN_SNOTEL_FryCanyon,train,2016,0,10
ISMN_SNOTEL_FryCanyon,train,2017,0,56
ISMN_SNOTEL_FryCanyon,train,2018,0,60
ISMN_SNOTEL_FryCanyon,train,2019,0,71
ISMN_SNOTEL_FryCanyon,train,2020,34,87
ISMN_SNOTEL_FryCanyon,train,2021,43,99
ISMN_SNOTEL_FryCanyon,train,2022,39,31
ISMN_SNOTEL_FryCanyon,train,2023,33,29
ISMN_SNOTEL_FryCanyon,train,2024,38,29
ISMN_SNOTEL_FryCanyon,train,2025,48,67
ISMN_SNOTEL_GBRCHQ,train,2016,0,11
ISMN_SNOTEL_GBRCHQ,train,2017,0,103
ISMN_SNOTEL_GBRCHQ,train,2018,0,77
ISMN_SNOTEL_GBRCHQ,train,2019,0,95
ISMN_SNOTEL_GBRCHQ,train,2020,0,120
ISMN_SNOTEL_GBRCHQ,train,2021,0,114
ISMN_SNOTEL_GBRCHQ,train,2022,13,59
ISMN_SNOTEL_GBRCHQ,train,2023,37,57
ISMN_SNOTEL_GBRCHQ,train,2024,36,54
ISMN_SNOTEL_GBRCHQ,train,2025,51,100
ISMN_SNOTEL_GBRCMeadows,train,2016,7,11
ISMN_SNOTEL_GBRCMeadows,train,2017,11,103
ISMN_SNOTEL_GBRCMeadows,train,2018,38,77
ISMN_SNOTEL_GBRCMeadows,train,2019,32,95
ISMN_SNOTEL_GBRCMeadows,train,2020,39,120
ISMN_SNOTEL_GBRCMeadows,train,2021,39,114
ISMN_SNOTEL_GBRCMeadows,train,2022,39,59
ISMN_SNOTEL_GBRCMeadows,train,2023,42,57
ISMN_SNOTEL_GBRCMeadows,train,2024,38,54
ISMN_SNOTEL_GBRCMeadows,train,2025,48,100
ISMN_SNOTEL_GalenaAK,train,2018,10,30
ISMN_SNOTEL_GalenaAK,train,2019,39,74
ISMN_SNOTEL_GalenaAK,train,2020,35,102
ISMN_SNOTEL_GalenaAK,train,2021,35,112
ISMN_SNOTEL_GalenaAK,train,2022,40,54
ISMN_SNOTEL_GalenaAK,train,2023,28,55
ISMN_SNOTEL_GalenaAK,train,2024,35,49
ISMN_SNOTEL_GalenaAK,train,2025,31,103
ISMN_SNOTEL_GalenaSummit,train,2016,16,6
ISMN_SNOTEL_GalenaSummit,train,2017,22,41
ISMN_SNOTEL_GalenaSummit,train,2018,33,41
ISMN_SNOTEL_GalenaSummit,train,2019,34,79
ISMN_SNOTEL_GalenaSummit,train,2020,43,147
ISMN_SNOTEL_GalenaSummit,train,2021,37,155
ISMN_SNOTEL_GalenaSummit,train,2022,38,79
ISMN_SNOTEL_GalenaSummit,train,2023,34,86
ISMN_SNOTEL_GalenaSummit,train,2024,33,81
ISMN_SNOTEL_GalenaSummit,train,2025,44,129
ISMN_SNOTEL_GallegosPeak,train,2017,2,2
ISMN_SNOTEL_GallegosPeak,train,2018,82,48
ISMN_SNOTEL_GallegosPeak,train,2019,74,50
ISMN_SNOTEL_GallegosPeak,train,2020,90,55
ISMN_SNOTEL_GallegosPeak,train,2021,79,58
ISMN_SNOTEL_GallegosPeak,train,2022,77,39
ISMN_SNOTEL_GallegosPeak,train,2023,28,22
ISMN_SNOTEL_GardenCitySummit,train,2016,17,4
ISMN_SNOTEL_GardenCitySummit,train,2017,29,68
ISMN_SNOTEL_GardenCitySummit,train,2018,68,42
ISMN_SNOTEL_GardenCitySummit,train,2019,73,48
ISMN_SNOTEL_GardenCitySummit,train,2020,75,59
ISMN_SNOTEL_GardenCitySummit,train,2021,73,55
ISMN_SNOTEL_GardenCitySummit,train,2022,83,30
ISMN_SNOTEL_GardenCitySummit,train,2023,66,28
ISMN_SNOTEL_GardenCitySummit,train,2024,71,27
ISMN_SNOTEL_GardenCitySummit,train,2025,71,50
ISMN_SNOTEL_GardnerPeak,train,2016,30,5
ISMN_SNOTEL_GardnerPeak,train,2017,38,32
ISMN_SNOTEL_GardnerPeak,train,2018,89,32
ISMN_SNOTEL_GardnerPeak,train,2019,84,40
ISMN_SNOTEL_GardnerPeak,train,2020,91,57
ISMN_SNOTEL_GardnerPeak,train,2021,77,59
ISMN_SNOTEL_GardnerPeak,train,2022,84,30
ISMN_SNOTEL_GardnerPeak,train,2023,72,28
ISMN_SNOTEL_GardnerPeak,train,2024,76,26
ISMN_SNOTEL_GardnerPeak,train,2025,76,48
ISMN_SNOTEL_GaritaPeak,train,2017,13,62
ISMN_SNOTEL_GaritaPeak,train,2018,38,77
ISMN_SNOTEL_GaritaPeak,train,2019,35,80
ISMN_SNOTEL_GaritaPeak,train,2020,38,85
ISMN_SNOTEL_GaritaPeak,train,2021,40,89
ISMN_SNOTEL_GaritaPeak,train,2022,34,39
ISMN_SNOTEL_GaritaPeak,train,2023,39,56
ISMN_SNOTEL_GaritaPeak,train,2024,33,58
ISMN_SNOTEL_GaritaPeak,train,2025,54,85
ISMN_SNOTEL_GeorgeCreek,train,2016,6,5
ISMN_SNOTEL_GeorgeCreek,train,2017,12,57
ISMN_SNOTEL_GeorgeCreek,train,2018,21,47
ISMN_SNOTEL_GeorgeCreek,train,2019,29,58
ISMN_SNOTEL_GeorgeCreek,train,2020,31,61
ISMN_SNOTEL_GeorgeCreek,train,2021,29,68
ISMN_SNOTEL_GeorgeCreek,train,2022,19,26
ISMN_SNOTEL_Giveout,train,2016,18,2
ISMN_SNOTEL_Giveout,train,2017,30,56
ISMN_SNOTEL_Giveout,train,2018,21,23
ISMN_SNOTEL_GobblersKnob,train,2016,13,11
ISMN_SNOTEL_GobblersKnob,train,2017,22,69
ISMN_SNOTEL_GobblersKnob,train,2018,62,93
ISMN_SNOTEL_GobblersKnob,train,2019,56,93
ISMN_SNOTEL_GobblersKnob,train,2020,55,106
ISMN_SNOTEL_GobblersKnob,train,2021,50,108
ISMN_SNOTEL_GobblersKnob,train,2022,39,24
ISMN_SNOTEL_Golconda,train,2016,6,10
ISMN_SNOTEL_Golconda,train,2017,17,110
ISMN_SNOTEL_Golconda,train,2018,41,107
ISMN_SNOTEL_Golconda,train,2019,36,139
ISMN_SNOTEL_Golconda,train,2020,50,146
ISMN_SNOTEL_Golconda,train,2021,41,157
ISMN_SNOTEL_Golconda,train,2022,45,89
ISMN_SNOTEL_Golconda,train,2023,42,87
ISMN_SNOTEL_Golconda,train,2024,45,76
ISMN_SNOTEL_Golconda,train,2025,56,100
ISMN_SNOTEL_GoldAxeCamp,train,2021,24,48
ISMN_SNOTEL_GoldAxeCamp,train,2022,55,47
ISMN_SNOTEL_GoldAxeCamp,train,2023,51,54
ISMN_SNOTEL_GoldAxeCamp,train,2024,47,54
ISMN_SNOTEL_GoldAxeCamp,train,2025,40,65
ISMN_SNOTEL_GoldBasin,train,2021,7,30
ISMN_SNOTEL_GoldBasin,train,2022,40,66
ISMN_SNOTEL_GoldBasin,train,2023,33,87
ISMN_SNOTEL_GoldBasin,train,2024,33,82
ISMN_SNOTEL_GoldBasin,train,2025,48,123
ISMN_SNOTEL_GooseberryRS,train,2016,6,11
ISMN_SNOTEL_GooseberryRS,train,2017,11,103
ISMN_SNOTEL_GooseberryRS,train,2018,37,77
ISMN_SNOTEL_GooseberryRS,train,2019,36,95
ISMN_SNOTEL_GooseberryRS,train,2020,35,120
ISMN_SNOTEL_GooseberryRS,train,2021,41,114
ISMN_SNOTEL_GooseberryRS,train,2022,37,59
ISMN_SNOTEL_GooseberryRS,train,2023,38,57
ISMN_SNOTEL_GooseberryRS,train,2024,38,54
ISMN_SNOTEL_GooseberryRS,train,2025,49,100
ISMN_SNOTEL_GooseberryRSUp,train,2016,6,11
ISMN_SNOTEL_GooseberryRSUp,train,2017,12,103
ISMN_SNOTEL_GooseberryRSUp,train,2018,34,77
ISMN_SNOTEL_GooseberryRSUp,train,2019,35,95
ISMN_SNOTEL_GooseberryRSUp,train,2020,35,120
ISMN_SNOTEL_GooseberryRSUp,train,2021,43,114
ISMN_SNOTEL_GooseberryRSUp,train,2022,39,59
ISMN_SNOTEL_GooseberryRSUp,train,2023,34,57
ISMN_SNOTEL_GooseberryRSUp,train,2024,35,54
ISMN_SNOTEL_GooseberryRSUp,train,2025,49,100
ISMN_SNOTEL_GrandTarghee,train,2016,12,5
ISMN_SNOTEL_GrandTarghee,train,2017,25,104
ISMN_SNOTEL_GrandTarghee,train,2018,55,64
ISMN_SNOTEL_GrandTarghee,train,2019,58,67
ISMN_SNOTEL_GrandTarghee,train,2020,63,89
ISMN_SNOTEL_GrandTarghee,train,2021,70,85
ISMN_SNOTEL_GrandTarghee,train,2022,68,59
ISMN_SNOTEL_GrandTarghee,train,2023,59,57
ISMN_SNOTEL_GrandTarghee,train,2024,53,55
ISMN_SNOTEL_GrandTarghee,train,2025,62,76
ISMN_SNOTEL_GraniteCreek,train,2016,8,5
ISMN_SNOTEL_GraniteCreek,train,2017,12,104
ISMN_SNOTEL_GraniteCreek,train,2018,32,83
ISMN_SNOTEL_GraniteCreek,train,2019,39,96
ISMN_SNOTEL_GraniteCreek,train,2020,37,118
ISMN_SNOTEL_GraniteCreek,train,2021,35,113
ISMN_SNOTEL_GraniteCreek,train,2022,41,59
ISMN_SNOTEL_GraniteCreek,train,2023,26,57
ISMN_SNOTEL_GraniteCreek,train,2024,29,55
ISMN_SNOTEL_GraniteCreek,train,2025,39,102
ISMN_SNOTEL_GraniteCrk,train,2016,5,3
ISMN_SNOTEL_GraniteCrk,train,2017,19,40
ISMN_SNOTEL_GraniteCrk,train,2018,36,53
ISMN_SNOTEL_GraniteCrk,train,2019,46,52
ISMN_SNOTEL_GraniteCrk,train,2020,19,20
ISMN_SNOTEL_GranitePeak,oos,2016,3,5
ISMN_SNOTEL_GranitePeak,oos,2017,16,79
ISMN_SNOTEL_GranitePeak,oos,2018,34,89
ISMN_SNOTEL_GranitePeak,oos,2019,37,90
ISMN_SNOTEL_GranitePeak,oos,2020,44,91
ISMN_SNOTEL_GranitePeak,oos,2021,39,102
ISMN_SNOTEL_GranitePeak,oos,2022,39,60
ISMN_SNOTEL_GranitePeak,oos,2023,38,58
ISMN_SNOTEL_GranitePeak,oos,2024,33,52
ISMN_SNOTEL_GranitePeak,oos,2025,52,77
ISMN_SNOTEL_GreenMountain,train,2016,8,10
ISMN_SNOTEL_GreenMountain,train,2017,12,62
ISMN_SNOTEL_GreenMountain,train,2018,37,60
ISMN_SNOTEL_GreenMountain,train,2019,31,92
ISMN_SNOTEL_GreenMountain,train,2020,45,118
ISMN_SNOTEL_GreenMountain,train,2021,41,130
ISMN_SNOTEL_GreenMountain,train,2022,39,52
ISMN_SNOTEL_GreenMountain,train,2023,33,56
ISMN_SNOTEL_GreenMountain,train,2024,43,53
ISMN_SNOTEL_GreenMountain,train,2025,55,99
ISMN_SNOTEL_GrizzlyPeak,oos,2016,9,5
ISMN_SNOTEL_GrizzlyPeak,oos,2017,25,52
ISMN_SNOTEL_GrizzlyPeak,oos,2018,35,49
ISMN_SNOTEL_GrizzlyPeak,oos,2019,26,51
ISMN_SNOTEL_GrizzlyPeak,oos,2020,34,56
ISMN_SNOTEL_GrizzlyPeak,oos,2021,12,32
ISMN_SNOTEL_GulkanaRiver,train,2019,40,35
ISMN_SNOTEL_GulkanaRiver,train,2020,51,55
ISMN_SNOTEL_GulkanaRiver,train,2021,58,52
ISMN_SNOTEL_GulkanaRiver,train,2022,62,25
ISMN_SNOTEL_GulkanaRiver,train,2023,53,55
ISMN_SNOTEL_GulkanaRiver,train,2024,59,48
ISMN_SNOTEL_GulkanaRiver,train,2025,51,64
ISMN_SNOTEL_GutzPeak,train,2017,23,35
ISMN_SNOTEL_GutzPeak,train,2018,46,62
ISMN_SNOTEL_GutzPeak,train,2019,43,78
ISMN_SNOTEL_GutzPeak,train,2020,48,116
ISMN_SNOTEL_GutzPeak,train,2021,39,119
ISMN_SNOTEL_GutzPeak,train,2022,40,59
ISMN_SNOTEL_GutzPeak,train,2023,41,56
ISMN_SNOTEL_GutzPeak,train,2024,35,52
ISMN_SNOTEL_GutzPeak,train,2025,56,101
ISMN_SNOTEL_HagansMeadow,train,2016,21,12
ISMN_SNOTEL_HagansMeadow,train,2017,37,111
ISMN_SNOTEL_HagansMeadow,train,2018,84,114
ISMN_SNOTEL_HagansMeadow,train,2019,86,189
ISMN_SNOTEL_HagansMeadow,train,2020,107,235
ISMN_SNOTEL_HagansMeadow,train,2021,74,231
ISMN_SNOTEL_HagansMeadow,train,2022,79,117
ISMN_SNOTEL_HagansMeadow,train,2023,83,116
ISMN_SNOTEL_HagansMeadow,train,2024,1,0
ISMN_SNOTEL_HappyJack,oos,2016,11,2
ISMN_SNOTEL_HappyJack,oos,2017,31,48
ISMN_SNOTEL_HappyJack,oos,2018,91,36
ISMN_SNOTEL_HappyJack,oos,2019,79,47
ISMN_SNOTEL_HappyJack,oos,2020,108,61
ISMN_SNOTEL_HappyJack,oos,2021,79,59
ISMN_SNOTEL_HappyJack,oos,2022,89,29
ISMN_SNOTEL_HappyJack,oos,2023,26,10
ISMN_SNOTEL_Hardscrabble,train,2016,19,10
ISMN_SNOTEL_Hardscrabble,train,2017,29,79
ISMN_SNOTEL_Hardscrabble,train,2018,64,60
ISMN_SNOTEL_Hardscrabble,train,2019,77,75
ISMN_SNOTEL_Hardscrabble,train,2020,83,90
ISMN_SNOTEL_Hardscrabble,train,2021,76,84
ISMN_SNOTEL_Hardscrabble,train,2022,77,30
ISMN_SNOTEL_Hardscrabble,train,2023,62,28
ISMN_SNOTEL_Hardscrabble,train,2024,27,10
ISMN_SNOTEL_HarrisFlat,train,2017,12,41
ISMN_SNOTEL_HarrisFlat,train,2018,40,47
ISMN_SNOTEL_HarrisFlat,train,2019,48,58
ISMN_SNOTEL_HarrisFlat,train,2020,53,61
ISMN_SNOTEL_HarrisFlat,train,2021,40,58
ISMN_SNOTEL_HarrisFlat,train,2022,48,30
ISMN_SNOTEL_HarrisFlat,train,2023,47,28
ISMN_SNOTEL_HarrisFlat,train,2024,42,26
ISMN_SNOTEL_HarrisFlat,train,2025,51,49
ISMN_SNOTEL_HawleyLake,train,2016,11,3
ISMN_SNOTEL_HawleyLake,train,2017,19,55
ISMN_SNOTEL_HawleyLake,train,2018,34,45
ISMN_SNOTEL_HawleyLake,train,2019,37,48
ISMN_SNOTEL_HawleyLake,train,2020,46,58
ISMN_SNOTEL_HawleyLake,train,2021,42,56
ISMN_SNOTEL_HawleyLake,train,2022,37,29
ISMN_SNOTEL_HawleyLake,train,2023,16,9
ISMN_SNOTEL_HaydenFork,train,2016,4,5
ISMN_SNOTEL_HaydenFork,train,2017,10,80
ISMN_SNOTEL_HaydenFork,train,2018,33,59
ISMN_SNOTEL_HaydenFork,train,2019,34,66
ISMN_SNOTEL_HaydenFork,train,2020,29,89
ISMN_SNOTEL_HaydenFork,train,2021,34,85
ISMN_SNOTEL_HaydenFork,train,2022,35,59
ISMN_SNOTEL_HaydenFork,train,2023,28,57
ISMN_SNOTEL_HaydenFork,train,2024,29,53
ISMN_SNOTEL_HaydenFork,train,2025,40,79
ISMN_SNOTEL_HeavenlyValley,train,2016,0,12
ISMN_SNOTEL_HeavenlyValley,train,2017,0,112
ISMN_SNOTEL_HeavenlyValley,train,2018,0,115
ISMN_SNOTEL_HeavenlyValley,train,2019,0,189
ISMN_SNOTEL_HeavenlyValley,train,2020,93,235
ISMN_SNOTEL_HeavenlyValley,train,2021,81,231
ISMN_SNOTEL_HeavenlyValley,train,2022,101,117
ISMN_SNOTEL_HeavenlyValley,train,2023,89,116
ISMN_SNOTEL_HeavenlyValley,train,2024,102,101
ISMN_SNOTEL_HeavenlyValley,train,2025,48,77
ISMN_SNOTEL_Hewinta,train,2016,3,5
ISMN_SNOTEL_Hewinta,train,2017,9,53
ISMN_SNOTEL_Hewinta,train,2018,30,29
ISMN_SNOTEL_Hewinta,train,2019,31,37
ISMN_SNOTEL_Hewinta,train,2020,32,59
ISMN_SNOTEL_Hewinta,train,2021,34,56
ISMN_SNOTEL_Hewinta,train,2022,35,29
ISMN_SNOTEL_Hewinta,train,2023,24,29
ISMN_SNOTEL_Hewinta,train,2024,32,26
ISMN_SNOTEL_Hewinta,train,2025,27,41
ISMN_SNOTEL_HickersonPark,train,2016,16,10
ISMN_SNOTEL_HickersonPark,train,2017,29,76
ISMN_SNOTEL_HickersonPark,train,2018,62,56
ISMN_SNOTEL_HickersonPark,train,2019,65,66
ISMN_SNOTEL_HickersonPark,train,2020,50,67
ISMN_SNOTEL_HighLonesome,train,2018,0,22
ISMN_SNOTEL_HighLonesome,train,2019,0,77
ISMN_SNOTEL_HighLonesome,train,2020,0,83
ISMN_SNOTEL_HighLonesome,train,2021,0,88
ISMN_SNOTEL_HighLonesome,train,2022,15,51
ISMN_SNOTEL_HighLonesome,train,2023,34,86
ISMN_SNOTEL_HighLonesome,train,2024,34,84
ISMN_SNOTEL_HighLonesome,train,2025,37,101
ISMN_SNOTEL_HighRidge,oos,2022,0,7
ISMN_SNOTEL_HighRidge,oos,2023,0,29
ISMN_SNOTEL_HighRidge,oos,2024,24,22
ISMN_SNOTEL_HighRidge,oos,2025,65,51
ISMN_SNOTEL_HiltsCreek,oos,2016,26,3
ISMN_SNOTEL_HiltsCreek,oos,2017,44,29
ISMN_SNOTEL_HiltsCreek,oos,2018,65,18
ISMN_SNOTEL_HiltsCreek,oos,2019,29,16
ISMN_SNOTEL_HobbleCreek,train,2016,9,10
ISMN_SNOTEL_HobbleCreek,train,2017,15,103
ISMN_SNOTEL_HobbleCreek,train,2018,37,77
ISMN_SNOTEL_HobbleCreek,train,2019,39,94
ISMN_SNOTEL_HobbleCreek,train,2020,32,120
ISMN_SNOTEL_HobbleCreek,train,2021,39,114
ISMN_SNOTEL_HobbleCreek,train,2022,43,59
ISMN_SNOTEL_Hole-in-Mountain,train,2016,3,3
ISMN_SNOTEL_Hole-in-Mountain,train,2017,13,36
ISMN_SNOTEL_Hole-in-Mountain,train,2018,41,32
ISMN_SNOTEL_Hole-in-Mountain,train,2019,39,62
ISMN_SNOTEL_Hole-in-Mountain,train,2020,48,87
ISMN_SNOTEL_Hole-in-Mountain,train,2021,42,99
ISMN_SNOTEL_Hole-in-Mountain,train,2022,43,52
ISMN_SNOTEL_Hole-in-Mountain,train,2023,42,56
ISMN_SNOTEL_Hole-in-Mountain,train,2024,40,53
ISMN_SNOTEL_Hole-in-Mountain,train,2025,50,78
ISMN_SNOTEL_Hole-in-Rock,oos,2016,6,8
ISMN_SNOTEL_Hole-in-Rock,oos,2017,11,76
ISMN_SNOTEL_Hole-in-Rock,oos,2018,30,36
ISMN_SNOTEL_Hole-in-Rock,oos,2019,40,37
ISMN_SNOTEL_Hole-in-Rock,oos,2020,30,59
ISMN_SNOTEL_Hole-in-Rock,oos,2021,39,56
ISMN_SNOTEL_Hole-in-Rock,oos,2022,21,15
ISMN_SNOTEL_HollandMeadows,oos,2022,6,19
ISMN_SNOTEL_HollandMeadows,oos,2023,28,115
ISMN_SNOTEL_HollandMeadows,oos,2024,24,103
ISMN_SNOTEL_HollandMeadows,oos,2025,37,162
ISMN_SNOTEL_HoosierPass,train,2016,7,5
ISMN_SNOTEL_HoosierPass,train,2017,15,52
ISMN_SNOTEL_HoosierPass,train,2018,43,49
ISMN_SNOTEL_HoosierPass,train,2019,38,51
ISMN_SNOTEL_HoosierPass,train,2020,43,56
ISMN_SNOTEL_HoosierPass,train,2021,35,61
ISMN_SNOTEL_HoosierPass,train,2022,37,39
ISMN_SNOTEL_HoosierPass,train,2023,8,7
ISMN_SNOTEL_Hopewell,oos,2016,6,2
ISMN_SNOTEL_Hopewell,oos,2017,19,78
ISMN_SNOTEL_Hopewell,oos,2018,37,78
ISMN_SNOTEL_Hopewell,oos,2019,38,81
ISMN_SNOTEL_Hopewell,oos,2020,45,85
ISMN_SNOTEL_Hopewell,oos,2021,46,89
ISMN_SNOTEL_Hopewell,oos,2022,44,67
ISMN_SNOTEL_Hopewell,oos,2023,34,87
ISMN_SNOTEL_Hopewell,oos,2024,40,83
ISMN_SNOTEL_Hopewell,oos,2025,52,92
ISMN_SNOTEL_HorseMeadow,train,2016,23,12
ISMN_SNOTEL_HorseMeadow,train,2017,38,111
ISMN_SNOTEL_HorseMeadow,train,2018,88,114
ISMN_SNOTEL_HorseMeadow,train,2019,86,189
ISMN_SNOTEL_HorseMeadow,train,2020,104,235
ISMN_SNOTEL_HorseMeadow,train,2021,82,231
ISMN_SNOTEL_HorseMeadow,train,2022,99,117
ISMN_SNOTEL_HorseMeadow,train,2023,86,116
ISMN_SNOTEL_HorseMeadow,train,2024,93,101
ISMN_SNOTEL_HorseMeadow,train,2025,113,209
ISMN_SNOTEL_HorseRidge,val,2016,19,10
ISMN_SNOTEL_HorseRidge,val,2017,15,106
ISMN_SNOTEL_HorseRidge,val,2018,51,77
ISMN_SNOTEL_HorseRidge,val,2019,60,94
ISMN_SNOTEL_HorseRidge,val,2020,62,120
ISMN_SNOTEL_HorseRidge,val,2021,55,114
ISMN_SNOTEL_HorseRidge,val,2022,57,59
ISMN_SNOTEL_HorseRidge,val,2023,46,57
ISMN_SNOTEL_HorseRidge,val,2024,57,53
ISMN_SNOTEL_HorseRidge,val,2025,64,101
ISMN_SNOTEL_HuntingtonHorse,train,2016,7,11
ISMN_SNOTEL_HuntingtonHorse,train,2017,15,103
ISMN_SNOTEL_HuntingtonHorse,train,2018,34,77
ISMN_SNOTEL_HuntingtonHorse,train,2019,35,95
ISMN_SNOTEL_HuntingtonHorse,train,2020,38,120
ISMN_SNOTEL_HuntingtonHorse,train,2021,38,114
ISMN_SNOTEL_HuntingtonHorse,train,2022,43,59
ISMN_SNOTEL_HuntingtonHorse,train,2023,41,57
ISMN_SNOTEL_HuntingtonHorse,train,2024,39,54
ISMN_SNOTEL_HuntingtonHorse,train,2025,48,101
ISMN_SNOTEL_ImnaviatCreek,val,2016,11,8
ISMN_SNOTEL_ImnaviatCreek,val,2017,9,59
ISMN_SNOTEL_ImnaviatCreek,val,2018,34,79
ISMN_SNOTEL_ImnaviatCreek,val,2019,37,82
ISMN_SNOTEL_ImnaviatCreek,val,2020,37,86
ISMN_SNOTEL_ImnaviatCreek,val,2021,48,86
ISMN_SNOTEL_ImnaviatCreek,val,2022,49,58
ISMN_SNOTEL_ImnaviatCreek,val,2023,27,55
ISMN_SNOTEL_IndependenceCamp,train,2016,20,5
ISMN_SNOTEL_IndependenceCamp,train,2017,37,53
ISMN_SNOTEL_IndependenceCamp,train,2018,91,63
ISMN_SNOTEL_IndependenceCamp,train,2019,85,98
ISMN_SNOTEL_IndependenceCamp,train,2020,111,119
ISMN_SNOTEL_IndependenceCamp,train,2021,91,117
ISMN_SNOTEL_IndependenceCamp,train,2022,100,58
ISMN_SNOTEL_IndependenceCamp,train,2023,92,58
ISMN_SNOTEL_IndependenceCamp,train,2024,96,54
ISMN_SNOTEL_IndependenceCamp,train,2025,106,105
ISMN_SNOTEL_IndependenceCreek,train,2016,21,5
ISMN_SNOTEL_IndependenceCreek,train,2017,40,53
ISMN_SNOTEL_IndependenceCreek,train,2018,90,63
ISMN_SNOTEL_IndependenceCreek,train,2019,84,98
ISMN_SNOTEL_IndependenceCreek,train,2020,103,119
ISMN_SNOTEL_IndependenceCreek,train,2021,84,117
ISMN_SNOTEL_IndependenceCreek,train,2022,101,58
ISMN_SNOTEL_IndependenceCreek,train,2023,84,58
ISMN_SNOTEL_IndependenceCreek,train,2024,92,54
ISMN_SNOTEL_IndependenceCreek,train,2025,109,105
ISMN_SNOTEL_IndependenceLake,train,2016,19,5
ISMN_SNOTEL_IndependenceLake,train,2017,36,53
ISMN_SNOTEL_IndependenceLake,train,2018,89,63
ISMN_SNOTEL_IndependenceLake,train,2019,83,98
ISMN_SNOTEL_IndependenceLake,train,2020,104,119
ISMN_SNOTEL_IndependenceLake,train,2021,87,117
ISMN_SNOTEL_IndependenceLake,train,2022,101,58
ISMN_SNOTEL_IndependenceLake,train,2023,83,58
ISMN_SNOTEL_IndependenceLake,train,2024,89,54
ISMN_SNOTEL_IndependenceLake,train,2025,104,105
ISMN_SNOTEL_IslandPark,train,2016,5,1
ISMN_SNOTEL_IslandPark,train,2017,30,56
ISMN_SNOTEL_IslandPark,train,2018,60,41
ISMN_SNOTEL_IslandPark,train,2019,58,48
ISMN_SNOTEL_IslandPark,train,2020,62,59
ISMN_SNOTEL_IslandPark,train,2021,66,55
ISMN_SNOTEL_IslandPark,train,2022,66,30
ISMN_SNOTEL_IslandPark,train,2023,66,28
ISMN_SNOTEL_IslandPark,train,2024,50,23
ISMN_SNOTEL_JackCreekUpper,train,2016,7,10
ISMN_SNOTEL_JackCreekUpper,train,2017,15,56
ISMN_SNOTEL_JackCreekUpper,train,2018,39,60
ISMN_SNOTEL_JackCreekUpper,train,2019,26,71
ISMN_SNOTEL_JackCreekUpper,train,2020,36,87
ISMN_SNOTEL_JackCreekUpper,train,2021,42,99
ISMN_SNOTEL_JackCreekUpper,train,2022,42,31
ISMN_SNOTEL_JackCreekUpper,train,2023,30,29
ISMN_SNOTEL_JackCreekUpper,train,2024,36,29
ISMN_SNOTEL_JackCreekUpper,train,2025,46,67
ISMN_SNOTEL_JackWadeJct,train,2017,2,38
ISMN_SNOTEL_JackWadeJct,train,2018,53,95
ISMN_SNOTEL_JackWadeJct,train,2019,37,105
ISMN_SNOTEL_JackWadeJct,train,2020,46,112
ISMN_SNOTEL_JackWadeJct,train,2021,45,111
ISMN_SNOTEL_JackWadeJct,train,2022,47,78
ISMN_SNOTEL_JackWadeJct,train,2023,23,25
ISMN_SNOTEL_JacksPeak,val,2016,4,10
ISMN_SNOTEL_JacksPeak,val,2017,11,56
ISMN_SNOTEL_JacksPeak,val,2018,32,60
ISMN_SNOTEL_JacksPeak,val,2019,20,71
ISMN_SNOTEL_JacksPeak,val,2020,31,87
ISMN_SNOTEL_JacksPeak,val,2021,33,99
ISMN_SNOTEL_JacksPeak,val,2022,33,31
ISMN_SNOTEL_JacksPeak,val,2023,18,20
ISMN_SNOTEL_JacksonPeak,oos,2018,10,0
ISMN_SNOTEL_JacksonPeak,oos,2019,62,27
ISMN_SNOTEL_JacksonPeak,oos,2020,71,116
ISMN_SNOTEL_JacksonPeak,oos,2021,69,116
ISMN_SNOTEL_JacksonPeak,oos,2022,75,58
ISMN_SNOTEL_JacksonPeak,oos,2023,70,59
ISMN_SNOTEL_JacksonPeak,oos,2024,22,24
ISMN_SNOTEL_JackwhackerGulch,val,2016,10,5
ISMN_SNOTEL_JackwhackerGulch,val,2017,26,52
ISMN_SNOTEL_JackwhackerGulch,val,2018,39,49
ISMN_SNOTEL_JackwhackerGulch,val,2019,33,51
ISMN_SNOTEL_JackwhackerGulch,val,2020,42,56
ISMN_SNOTEL_JackwhackerGulch,val,2021,34,60
ISMN_SNOTEL_JonesCorral,train,2016,7,5
ISMN_SNOTEL_JonesCorral,train,2017,13,75
ISMN_SNOTEL_JonesCorral,train,2018,44,64
ISMN_SNOTEL_JonesCorral,train,2019,39,77
ISMN_SNOTEL_JonesCorral,train,2020,44,91
ISMN_SNOTEL_JonesCorral,train,2021,36,88
ISMN_SNOTEL_JonesCorral,train,2022,40,59
ISMN_SNOTEL_JonesCorral,train,2023,35,57
ISMN_SNOTEL_JonesCorral,train,2024,32,54
ISMN_SNOTEL_JonesCorral,train,2025,44,78
ISMN_SNOTEL_JonesPass,train,2018,7,11
ISMN_SNOTEL_JonesPass,train,2019,31,51
ISMN_SNOTEL_JonesPass,train,2020,36,56
ISMN_SNOTEL_JonesPass,train,2021,31,61
ISMN_SNOTEL_JonesPass,train,2022,30,39
ISMN_SNOTEL_JonesPass,train,2023,34,57
ISMN_SNOTEL_JonesPass,train,2024,20,44
ISMN_SNOTEL_Kalamazoo,train,2016,24,6
ISMN_SNOTEL_Kalamazoo,train,2017,46,9
ISMN_SNOTEL_Kalamazoo,train,2018,73,3
ISMN_SNOTEL_Kalamazoo,train,2019,66,10
ISMN_SNOTEL_Kalamazoo,train,2020,96,27
ISMN_SNOTEL_Kalamazoo,train,2021,71,40
ISMN_SNOTEL_Kalamazoo,train,2022,80,21
ISMN_SNOTEL_Kalamazoo,train,2023,65,27
ISMN_SNOTEL_Kalamazoo,train,2024,69,24
ISMN_SNOTEL_Kalamazoo,train,2025,80,49
ISMN_SNOTEL_KelleyR.S.,train,2019,34,66
ISMN_SNOTEL_KelleyR.S.,train,2020,35,89
ISMN_SNOTEL_KelleyR.S.,train,2021,36,85
ISMN_SNOTEL_KelleyR.S.,train,2022,41,59
ISMN_SNOTEL_KelleyR.S.,train,2023,32,57
ISMN_SNOTEL_KelleyR.S.,train,2024,28,55
ISMN_SNOTEL_KelleyR.S.,train,2025,39,79
ISMN_SNOTEL_KellyStation,train,2016,19,4
ISMN_SNOTEL_KellyStation,train,2017,23,95
ISMN_SNOTEL_KellyStation,train,2018,64,101
ISMN_SNOTEL_KellyStation,train,2019,56,102
ISMN_SNOTEL_KellyStation,train,2020,61,120
ISMN_SNOTEL_KellyStation,train,2021,66,143
ISMN_SNOTEL_KellyStation,train,2022,67,85
ISMN_SNOTEL_KellyStation,train,2023,35,53
ISMN_SNOTEL_KenaiMoosePens,train,2016,5,5
ISMN_SNOTEL_KenaiMoosePens,train,2017,9,40
ISMN_SNOTEL_KenaiMoosePens,train,2018,33,50
ISMN_SNOTEL_KenaiMoosePens,train,2019,35,49
ISMN_SNOTEL_KenaiMoosePens,train,2020,41,49
ISMN_SNOTEL_KenaiMoosePens,train,2021,36,52
ISMN_SNOTEL_KenaiMoosePens,train,2022,36,25
ISMN_SNOTEL_KenaiMoosePens,train,2023,29,25
ISMN_SNOTEL_KenaiMoosePens,train,2024,30,25
ISMN_SNOTEL_KenaiMoosePens,train,2025,28,43
ISMN_SNOTEL_KilfoilCreek,oos,2016,19,10
ISMN_SNOTEL_KilfoilCreek,oos,2017,26,106
ISMN_SNOTEL_KilfoilCreek,oos,2018,64,77
ISMN_SNOTEL_KilfoilCreek,oos,2019,75,94
ISMN_SNOTEL_KilfoilCreek,oos,2020,77,120
ISMN_SNOTEL_KilfoilCreek,oos,2021,72,114
ISMN_SNOTEL_KilfoilCreek,oos,2022,81,59
ISMN_SNOTEL_KilfoilCreek,oos,2023,71,57
ISMN_SNOTEL_KilfoilCreek,oos,2024,73,53
ISMN_SNOTEL_KilfoilCreek,oos,2025,11,12
ISMN_SNOTEL_KimberlyMine,train,2018,27,19
ISMN_SNOTEL_KimberlyMine,train,2019,72,58
ISMN_SNOTEL_KimberlyMine,train,2020,83,61
ISMN_SNOTEL_KimberlyMine,train,2021,78,58
ISMN_SNOTEL_KimberlyMine,train,2022,76,30
ISMN_SNOTEL_KimberlyMine,train,2023,74,28
ISMN_SNOTEL_KimberlyMine,train,2024,75,28
ISMN_SNOTEL_KimberlyMine,train,2025,77,50
ISMN_SNOTEL_KingsCabin,train,2016,16,10
ISMN_SNOTEL_KingsCabin,train,2017,29,92
ISMN_SNOTEL_KingsCabin,train,2018,71,83
ISMN_SNOTEL_KingsCabin,train,2019,67,91
ISMN_SNOTEL_KingsCabin,train,2020,77,115
ISMN_SNOTEL_KingsCabin,train,2021,72,107
ISMN_SNOTEL_KingsCabin,train,2022,83,66
ISMN_SNOTEL_KingsCabin,train,2023,24,45
ISMN_SNOTEL_KlondikeNarrows,train,2016,20,7
ISMN_SNOTEL_KlondikeNarrows,train,2017,28,79
ISMN_SNOTEL_KlondikeNarrows,train,2018,66,60
ISMN_SNOTEL_KlondikeNarrows,train,2019,76,76
ISMN_SNOTEL_KlondikeNarrows,train,2020,72,90
ISMN_SNOTEL_KlondikeNarrows,train,2021,69,84
ISMN_SNOTEL_KlondikeNarrows,train,2022,85,30
ISMN_SNOTEL_KlondikeNarrows,train,2023,65,28
ISMN_SNOTEL_KlondikeNarrows,train,2024,61,27
ISMN_SNOTEL_KlondikeNarrows,train,2025,71,72
ISMN_SNOTEL_Kolob,train,2016,27,10
ISMN_SNOTEL_Kolob,train,2017,42,51
ISMN_SNOTEL_Kolob,train,2018,83,50
ISMN_SNOTEL_Kolob,train,2019,90,68
ISMN_SNOTEL_Kolob,train,2020,100,88
ISMN_SNOTEL_Kolob,train,2021,80,88
ISMN_SNOTEL_Kolob,train,2022,87,30
ISMN_SNOTEL_Kolob,train,2023,84,28
ISMN_SNOTEL_Kolob,train,2024,76,26
ISMN_SNOTEL_Kolob,train,2025,80,68
ISMN_SNOTEL_Lakefork#1,train,2016,6,5
ISMN_SNOTEL_Lakefork#1,train,2017,11,53
ISMN_SNOTEL_Lakefork#1,train,2018,38,30
ISMN_SNOTEL_Lakefork#1,train,2019,46,37
ISMN_SNOTEL_Lakefork#1,train,2020,37,59
ISMN_SNOTEL_Lakefork#1,train,2021,40,56
ISMN_SNOTEL_Lakefork#1,train,2022,37,29
ISMN_SNOTEL_Lakefork#1,train,2023,32,29
ISMN_SNOTEL_Lakefork#1,train,2024,36,26
ISMN_SNOTEL_Lakefork#1,train,2025,42,51
ISMN_SNOTEL_LakeforkBasin,train,2020,11,25
ISMN_SNOTEL_LakeforkBasin,train,2021,39,56
ISMN_SNOTEL_LakeforkBasin,train,2022,36,29
ISMN_SNOTEL_LakeforkBasin,train,2023,30,29
ISMN_SNOTEL_LakeforkBasin,train,2024,30,26
ISMN_SNOTEL_LakeforkBasin,train,2025,41,51
ISMN_SNOTEL_LamanceCreek,val,2016,1,4
ISMN_SNOTEL_LamanceCreek,val,2017,16,107
ISMN_SNOTEL_LamanceCreek,val,2018,41,108
ISMN_SNOTEL_LamanceCreek,val,2019,35,140
ISMN_SNOTEL_LamanceCreek,val,2020,44,146
ISMN_SNOTEL_LamanceCreek,val,2021,42,157
ISMN_SNOTEL_LamanceCreek,val,2022,42,89
ISMN_SNOTEL_LamanceCreek,val,2023,40,87
ISMN_SNOTEL_LamanceCreek,val,2024,32,76
ISMN_SNOTEL_LamanceCreek,val,2025,50,126
ISMN_SNOTEL_Lamoille#3,val,2016,9,10
ISMN_SNOTEL_Lamoille#3,val,2017,13,62
ISMN_SNOTEL_Lamoille#3,val,2018,35,60
ISMN_SNOTEL_Lamoille#3,val,2019,31,92
ISMN_SNOTEL_Lamoille#3,val,2020,42,118
ISMN_SNOTEL_Lamoille#3,val,2021,32,129
ISMN_SNOTEL_Lamoille#3,val,2022,42,52
ISMN_SNOTEL_Lamoille#3,val,2023,34,56
ISMN_SNOTEL_Lamoille#3,val,2024,37,53
ISMN_SNOTEL_Lamoille#3,val,2025,51,99
ISMN_SNOTEL_LamoilleUpper,oos,2022,17,24
ISMN_SNOTEL_LamoilleUpper,oos,2023,36,56
ISMN_SNOTEL_LamoilleUpper,oos,2024,43,53
ISMN_SNOTEL_LamoilleUpper,oos,2025,50,99
ISMN_SNOTEL_LapreleCreek,oos,2016,0,5
ISMN_SNOTEL_LapreleCreek,oos,2017,0,72
ISMN_SNOTEL_LapreleCreek,oos,2018,0,67
ISMN_SNOTEL_LapreleCreek,oos,2019,0,59
ISMN_SNOTEL_LapreleCreek,oos,2020,0,83
ISMN_SNOTEL_LapreleCreek,oos,2021,0,89
ISMN_SNOTEL_LapreleCreek,oos,2022,47,28
ISMN_SNOTEL_LapreleCreek,oos,2023,64,27
ISMN_SNOTEL_LapreleCreek,oos,2024,58,31
ISMN_SNOTEL_LapreleCreek,oos,2025,57,61
ISMN_SNOTEL_LarsenCreek,oos,2018,0,23
ISMN_SNOTEL_LarsenCreek,oos,2019,0,78
ISMN_SNOTEL_LarsenCreek,oos,2020,0,88
ISMN_SNOTEL_LarsenCreek,oos,2021,0,88
ISMN_SNOTEL_LarsenCreek,oos,2022,42,58
ISMN_SNOTEL_LarsenCreek,oos,2023,41,56
ISMN_SNOTEL_LarsenCreek,oos,2024,50,54
ISMN_SNOTEL_LarsenCreek,oos,2025,58,82
ISMN_SNOTEL_LasalMountain,train,2016,11,10
ISMN_SNOTEL_LasalMountain,train,2017,15,105
ISMN_SNOTEL_LasalMountain,train,2018,37,90
ISMN_SNOTEL_LasalMountain,train,2019,37,96
ISMN_SNOTEL_LasalMountain,train,2020,48,117
ISMN_SNOTEL_LasalMountain,train,2021,19,52
ISMN_SNOTEL_LasalMountain-Lower,train,2016,0,10
ISMN_SNOTEL_LasalMountain-Lower,train,2017,0,105
ISMN_SNOTEL_LasalMountain-Lower,train,2018,0,90
ISMN_SNOTEL_LasalMountain-Lower,train,2019,0,96
ISMN_SNOTEL_LasalMountain-Lower,train,2020,44,117
ISMN_SNOTEL_LasalMountain-Lower,train,2021,37,114
ISMN_SNOTEL_LasalMountain-Lower,train,2022,41,66
ISMN_SNOTEL_LasalMountain-Lower,train,2023,37,87
ISMN_SNOTEL_LasalMountain-Lower,train,2024,41,82
ISMN_SNOTEL_LasalMountain-Lower,train,2025,48,123
ISMN_SNOTEL_LaurelDraw,train,2016,6,11
ISMN_SNOTEL_LaurelDraw,train,2017,11,55
ISMN_SNOTEL_LaurelDraw,train,2018,30,60
ISMN_SNOTEL_LaurelDraw,train,2019,19,81
ISMN_SNOTEL_LaurelDraw,train,2020,27,147
ISMN_SNOTEL_LaurelDraw,train,2021,34,145
ISMN_SNOTEL_LaurelDraw,train,2022,33,58
ISMN_SNOTEL_LaurelDraw,train,2023,30,58
ISMN_SNOTEL_LaurelDraw,train,2024,37,55
ISMN_SNOTEL_LaurelDraw,train,2025,43,95
ISMN_SNOTEL_LeavittLake,train,2016,5,12
ISMN_SNOTEL_LeavittLake,train,2017,20,114
ISMN_SNOTEL_LeavittLake,train,2018,48,114
ISMN_SNOTEL_LeavittLake,train,2019,44,189
ISMN_SNOTEL_LeavittLake,train,2020,57,235
ISMN_SNOTEL_LeavittLake,train,2021,48,231
ISMN_SNOTEL_LeavittLake,train,2022,50,117
ISMN_SNOTEL_LeavittLake,train,2023,52,115
ISMN_SNOTEL_LeavittLake,train,2024,50,100
ISMN_SNOTEL_LeavittLake,train,2025,59,209
ISMN_SNOTEL_LeavittMeadows,train,2016,10,24
ISMN_SNOTEL_LeavittMeadows,train,2017,20,112
ISMN_SNOTEL_LeavittMeadows,train,2018,50,114
ISMN_SNOTEL_LeavittMeadows,train,2019,49,189
ISMN_SNOTEL_LeavittMeadows,train,2020,52,235
ISMN_SNOTEL_LeavittMeadows,train,2021,12,57
ISMN_SNOTEL_LeeCanyon,train,2016,30,5
ISMN_SNOTEL_LeeCanyon,train,2017,44,45
ISMN_SNOTEL_LeeCanyon,train,2018,88,58
ISMN_SNOTEL_LeeCanyon,train,2019,84,68
ISMN_SNOTEL_LeeCanyon,train,2020,104,90
ISMN_SNOTEL_LeeCanyon,train,2021,88,90
ISMN_SNOTEL_LeeCanyon,train,2022,99,29
ISMN_SNOTEL_LeeCanyon,train,2023,83,27
ISMN_SNOTEL_LeeCanyon,train,2024,83,27
ISMN_SNOTEL_LeeCanyon,train,2025,100,74
ISMN_SNOTEL_LewisLakeDivide,train,2016,14,5
ISMN_SNOTEL_LewisLakeDivide,train,2017,23,104
ISMN_SNOTEL_LewisLakeDivide,train,2018,55,82
ISMN_SNOTEL_LewisLakeDivide,train,2019,50,96
ISMN_SNOTEL_LewisLakeDivide,train,2020,62,118
ISMN_SNOTEL_LewisLakeDivide,train,2021,50,72
ISMN_SNOTEL_LewisPeak,train,2016,15,5
ISMN_SNOTEL_LewisPeak,train,2017,35,53
ISMN_SNOTEL_LewisPeak,train,2018,77,58
ISMN_SNOTEL_LewisPeak,train,2019,70,61
ISMN_SNOTEL_LewisPeak,train,2020,88,60
ISMN_SNOTEL_LewisPeak,train,2021,83,70
ISMN_SNOTEL_LewisPeak,train,2022,90,31
ISMN_SNOTEL_LewisPeak,train,2023,75,28
ISMN_SNOTEL_LewisPeak,train,2024,92,29
ISMN_SNOTEL_LewisPeak,train,2025,91,48
ISMN_SNOTEL_LightningRidge,train,2020,6,20
ISMN_SNOTEL_LightningRidge,train,2021,67,113
ISMN_SNOTEL_LightningRidge,train,2022,80,59
ISMN_SNOTEL_LightningRidge,train,2023,67,57
ISMN_SNOTEL_LightningRidge,train,2024,66,53
ISMN_SNOTEL_LightningRidge,train,2025,9,12
ISMN_SNOTEL_LilyLake,val,2016,4,5
ISMN_SNOTEL_LilyLake,val,2017,12,80
ISMN_SNOTEL_LilyLake,val,2018,28,59
ISMN_SNOTEL_LilyLake,val,2019,32,66
ISMN_SNOTEL_LilyLake,val,2020,25,89
ISMN_SNOTEL_LilyLake,val,2021,32,85
ISMN_SNOTEL_LilyLake,val,2022,37,59
ISMN_SNOTEL_LilyLake,val,2023,27,57
ISMN_SNOTEL_LilyLake,val,2024,28,53
ISMN_SNOTEL_LilyLake,val,2025,39,79
ISMN_SNOTEL_LilyPond,train,2017,9,31
ISMN_SNOTEL_LilyPond,train,2018,43,77
ISMN_SNOTEL_LilyPond,train,2019,37,80
ISMN_SNOTEL_LilyPond,train,2020,41,85
ISMN_SNOTEL_LilyPond,train,2021,41,89
ISMN_SNOTEL_LilyPond,train,2022,44,45
ISMN_SNOTEL_LilyPond,train,2023,37,87
ISMN_SNOTEL_LilyPond,train,2024,34,88
ISMN_SNOTEL_LilyPond,train,2025,51,106
ISMN_SNOTEL_LittleBear,oos,2016,14,10
ISMN_SNOTEL_LittleBear,oos,2017,24,81
ISMN_SNOTEL_LittleBear,oos,2018,52,60
ISMN_SNOTEL_LittleBear,oos,2019,59,75
ISMN_SNOTEL_LittleBear,oos,2020,70,90
ISMN_SNOTEL_LittleBear,oos,2021,66,84
ISMN_SNOTEL_LittleBear,oos,2022,67,30
ISMN_SNOTEL_LittleBear,oos,2023,65,28
ISMN_SNOTEL_LittleBear,oos,2024,64,27
ISMN_SNOTEL_LittleBear,oos,2025,72,72
ISMN_SNOTEL_LittleChenaRidge,oos,2016,9,6
ISMN_SNOTEL_LittleChenaRidge,oos,2017,12,40
ISMN_SNOTEL_LittleChenaRidge,oos,2018,36,55
ISMN_SNOTEL_LittleChenaRidge,oos,2019,27,30
ISMN_SNOTEL_LittleGrassy,train,2016,20,5
ISMN_SNOTEL_LittleGrassy,train,2017,30,54
ISMN_SNOTEL_LittleGrassy,train,2018,51,62
ISMN_SNOTEL_LittleGrassy,train,2019,39,78
ISMN_SNOTEL_LittleGrassy,train,2020,49,116
ISMN_SNOTEL_LittleGrassy,train,2021,41,119
ISMN_SNOTEL_LittleGrassy,train,2022,48,59
ISMN_SNOTEL_LittleGrassy,train,2023,43,56
ISMN_SNOTEL_LittleGrassy,train,2024,36,52
ISMN_SNOTEL_LittleGrassy,train,2025,55,101
ISMN_SNOTEL_LittleSnakeRiver,train,2016,11,5
ISMN_SNOTEL_LittleSnakeRiver,train,2017,23,81
ISMN_SNOTEL_LittleSnakeRiver,train,2018,60,80
ISMN_SNOTEL_LittleSnakeRiver,train,2019,60,81
ISMN_SNOTEL_LittleSnakeRiver,train,2020,72,85
ISMN_SNOTEL_LittleSnakeRiver,train,2021,29,41
ISMN_SNOTEL_LittleValley,train,2016,20,11
ISMN_SNOTEL_LittleValley,train,2017,41,111
ISMN_SNOTEL_LittleValley,train,2018,87,115
ISMN_SNOTEL_LittleValley,train,2019,70,189
ISMN_SNOTEL_LittleValley,train,2020,104,235
ISMN_SNOTEL_LittleValley,train,2021,82,231
ISMN_SNOTEL_LittleValley,train,2022,94,117
ISMN_SNOTEL_LittleValley,train,2023,61,116
ISMN_SNOTEL_LittleValley,train,2024,91,101
ISMN_SNOTEL_LittleValley,train,2025,102,209
ISMN_SNOTEL_LizardHeadPass,train,2016,17,4
ISMN_SNOTEL_LizardHeadPass,train,2017,29,79
ISMN_SNOTEL_LizardHeadPass,train,2018,72,89
ISMN_SNOTEL_LizardHeadPass,train,2019,75,90
ISMN_SNOTEL_LizardHeadPass,train,2020,77,88
ISMN_SNOTEL_LizardHeadPass,train,2021,75,89
ISMN_SNOTEL_LizardHeadPass,train,2022,78,65
ISMN_SNOTEL_LizardHeadPass,train,2023,70,84
ISMN_SNOTEL_LizardHeadPass,train,2024,69,88
ISMN_SNOTEL_LizardHeadPass,train,2025,80,100
ISMN_SNOTEL_LobdellLake,train,2016,8,23
ISMN_SNOTEL_LobdellLake,train,2017,19,88
ISMN_SNOTEL_LobdellLake,train,2018,44,88
ISMN_SNOTEL_LobdellLake,train,2019,48,147
ISMN_SNOTEL_LobdellLake,train,2020,54,177
ISMN_SNOTEL_LobdellLake,train,2021,50,171
ISMN_SNOTEL_LobdellLake,train,2022,47,89
ISMN_SNOTEL_LobdellLake,train,2023,47,88
ISMN_SNOTEL_LobdellLake,train,2024,50,75
ISMN_SNOTEL_LobdellLake,train,2025,58,157
ISMN_SNOTEL_LoneCone,oos,2016,22,4
ISMN_SNOTEL_LoneCone,oos,2017,30,52
ISMN_SNOTEL_LoneCone,oos,2018,78,59
ISMN_SNOTEL_LoneCone,oos,2019,78,59
ISMN_SNOTEL_LoneCone,oos,2020,84,58
ISMN_SNOTEL_LoneCone,oos,2021,72,58
ISMN_SNOTEL_LoneCone,oos,2022,37,11
ISMN_SNOTEL_LonesomeBeaver,train,2016,17,11
ISMN_SNOTEL_LonesomeBeaver,train,2017,30,76
ISMN_SNOTEL_LonesomeBeaver,train,2018,74,49
ISMN_SNOTEL_LonesomeBeaver,train,2019,80,65
ISMN_SNOTEL_LonesomeBeaver,train,2020,86,90
ISMN_SNOTEL_LonesomeBeaver,train,2021,80,85
ISMN_SNOTEL_LonesomeBeaver,train,2022,88,29
ISMN_SNOTEL_LonesomeBeaver,train,2023,75,29
ISMN_SNOTEL_LonesomeBeaver,train,2024,76,26
ISMN_SNOTEL_LonesomeBeaver,train,2025,95,71
ISMN_SNOTEL_LongDrawResv,train,2016,6,11
ISMN_SNOTEL_LongDrawResv,train,2017,14,70
ISMN_SNOTEL_LongDrawResv,train,2018,32,79
ISMN_SNOTEL_LongDrawResv,train,2019,29,77
ISMN_SNOTEL_LongDrawResv,train,2020,0,3
ISMN_SNOTEL_LongFlat,train,2016,22,10
ISMN_SNOTEL_LongFlat,train,2017,39,55
ISMN_SNOTEL_LongFlat,train,2018,81,50
ISMN_SNOTEL_LongFlat,train,2019,80,68
ISMN_SNOTEL_LongFlat,train,2020,29,31
ISMN_SNOTEL_LongValley,train,2016,24,3
ISMN_SNOTEL_LongValley,train,2017,45,37
ISMN_SNOTEL_LongValley,train,2018,3,7
ISMN_SNOTEL_LongValleyJct,train,2016,11,5
ISMN_SNOTEL_LongValleyJct,train,2017,15,50
ISMN_SNOTEL_LongValleyJct,train,2018,45,47
ISMN_SNOTEL_LongValleyJct,train,2019,51,58
ISMN_SNOTEL_LongValleyJct,train,2020,51,61
ISMN_SNOTEL_LongValleyJct,train,2021,38,58
ISMN_SNOTEL_LongValleyJct,train,2022,49,30
ISMN_SNOTEL_LongValleyJct,train,2023,45,28
ISMN_SNOTEL_LongValleyJct,train,2024,39,26
ISMN_SNOTEL_LongValleyJct,train,2025,48,49
ISMN_SNOTEL_Lookout,train,2016,4,7
ISMN_SNOTEL_Lookout,train,2017,9,69
ISMN_SNOTEL_Lookout,train,2018,19,81
ISMN_SNOTEL_Lookout,train,2019,19,96
ISMN_SNOTEL_Lookout,train,2020,27,119
ISMN_SNOTEL_Lookout,train,2021,26,117
ISMN_SNOTEL_Lookout,train,2022,23,29
ISMN_SNOTEL_Lookout,train,2023,21,29
ISMN_SNOTEL_Lookout,train,2024,20,22
ISMN_SNOTEL_Lookout,train,2025,31,83
ISMN_SNOTEL_LookoutPeak,train,2016,17,10
ISMN_SNOTEL_LookoutPeak,train,2017,28,79
ISMN_SNOTEL_LookoutPeak,train,2018,66,60
ISMN_SNOTEL_LookoutPeak,train,2019,77,75
ISMN_SNOTEL_LookoutPeak,train,2020,75,90
ISMN_SNOTEL_LookoutPeak,train,2021,9,18
ISMN_SNOTEL_LostCreekResv,train,2016,19,10
ISMN_SNOTEL_LostCreekResv,train,2017,28,106
ISMN_SNOTEL_LostCreekResv,train,2018,66,77
ISMN_SNOTEL_LostCreekResv,train,2019,77,94
ISMN_SNOTEL_LostCreekResv,train,2020,82,120
ISMN_SNOTEL_LostCreekResv,train,2021,84,114
ISMN_SNOTEL_LostCreekResv,train,2022,88,59
ISMN_SNOTEL_LostCreekResv,train,2023,71,57
ISMN_SNOTEL_LostCreekResv,train,2024,77,53
ISMN_SNOTEL_LostCreekResv,train,2025,76,101
ISMN_SNOTEL_LostDog,train,2019,31,47
ISMN_SNOTEL_LostDog,train,2020,66,85
ISMN_SNOTEL_LostDog,train,2021,66,91
ISMN_SNOTEL_LostDog,train,2022,40,31
ISMN_SNOTEL_LouisMeadow,train,2016,19,10
ISMN_SNOTEL_LouisMeadow,train,2017,28,79
ISMN_SNOTEL_LouisMeadow,train,2018,65,60
ISMN_SNOTEL_LouisMeadow,train,2019,75,75
ISMN_SNOTEL_LouisMeadow,train,2020,77,90
ISMN_SNOTEL_LouisMeadow,train,2021,75,84
ISMN_SNOTEL_LouisMeadow,train,2022,82,30
ISMN_SNOTEL_LouisMeadow,train,2023,67,28
ISMN_SNOTEL_LouisMeadow,train,2024,6,2
ISMN_SNOTEL_MagicMountain,train,2016,21,11
ISMN_SNOTEL_MagicMountain,train,2017,36,35
ISMN_SNOTEL_MagicMountain,train,2018,63,20
ISMN_SNOTEL_MagicMountain,train,2019,65,43
ISMN_SNOTEL_MagicMountain,train,2020,51,57
ISMN_SNOTEL_Mammoth-Cottonwood,train,2016,9,10
ISMN_SNOTEL_Mammoth-Cottonwood,train,2017,15,103
ISMN_SNOTEL_Mammoth-Cottonwood,train,2018,34,77
ISMN_SNOTEL_Mammoth-Cottonwood,train,2019,37,95
ISMN_SNOTEL_Mammoth-Cottonwood,train,2020,38,120
ISMN_SNOTEL_Mammoth-Cottonwood,train,2021,7,25
ISMN_SNOTEL_MarletteLake,train,2016,0,12
ISMN_SNOTEL_MarletteLake,train,2017,0,110
ISMN_SNOTEL_MarletteLake,train,2018,0,115
ISMN_SNOTEL_MarletteLake,train,2019,0,189
ISMN_SNOTEL_MarletteLake,train,2020,0,235
ISMN_SNOTEL_MarletteLake,train,2021,0,231
ISMN_SNOTEL_MarletteLake,train,2022,12,117
ISMN_SNOTEL_MarletteLake,train,2023,84,116
ISMN_SNOTEL_MarletteLake,train,2024,98,101
ISMN_SNOTEL_MarletteLake,train,2025,109,209
ISMN_SNOTEL_MayCreek,oos,2019,0,57
ISMN_SNOTEL_MayCreek,oos,2020,0,87
ISMN_SNOTEL_MayCreek,oos,2021,0,84
ISMN_SNOTEL_MayCreek,oos,2022,5,60
ISMN_SNOTEL_MayCreek,oos,2023,33,56
ISMN_SNOTEL_MayCreek,oos,2024,45,45
ISMN_SNOTEL_MayCreek,oos,2025,37,81
ISMN_SNOTEL_McGrath,train,2019,0,18
ISMN_SNOTEL_McGrath,train,2020,0,54
ISMN_SNOTEL_McGrath,train,2021,24,54
ISMN_SNOTEL_McGrath,train,2022,31,24
ISMN_SNOTEL_McGrath,train,2023,25,26
ISMN_SNOTEL_McGrath,train,2024,30,25
ISMN_SNOTEL_McGrath,train,2025,10,10
ISMN_SNOTEL_McneilRiverSGS,train,2016,9,4
ISMN_SNOTEL_McneilRiverSGS,train,2017,18,41
ISMN_SNOTEL_McneilRiverSGS,train,2018,38,46
ISMN_SNOTEL_McneilRiverSGS,train,2019,10,27
ISMN_SNOTEL_MedBow,train,2016,0,2
ISMN_SNOTEL_MedBow,train,2017,0,53
ISMN_SNOTEL_MedBow,train,2018,0,49
ISMN_SNOTEL_MedBow,train,2019,0,51
ISMN_SNOTEL_MedBow,train,2020,0,56
ISMN_SNOTEL_MedBow,train,2021,0,61
ISMN_SNOTEL_MedBow,train,2022,0,39
ISMN_SNOTEL_MedBow,train,2023,0,56
ISMN_SNOTEL_MedBow,train,2024,37,58
ISMN_SNOTEL_MedBow,train,2025,65,62
ISMN_SNOTEL_MerchantValley,train,2018,20,15
ISMN_SNOTEL_MerchantValley,train,2019,82,58
ISMN_SNOTEL_MerchantValley,train,2020,93,61
ISMN_SNOTEL_MerchantValley,train,2021,81,58
ISMN_SNOTEL_MerchantValley,train,2022,79,30
ISMN_SNOTEL_MerchantValley,train,2023,71,28
ISMN_SNOTEL_MerchantValley,train,2024,72,28
ISMN_SNOTEL_MerchantValley,train,2025,78,50
ISMN_SNOTEL_MicaCreek,train,2019,20,60
ISMN_SNOTEL_MicaCreek,train,2020,22,88
ISMN_SNOTEL_MicaCreek,train,2021,28,88
ISMN_SNOTEL_MicaCreek,train,2022,26,29
ISMN_SNOTEL_MicaCreek,train,2023,25,29
ISMN_SNOTEL_MicaCreek,train,2024,21,24
ISMN_SNOTEL_MicaCreek,train,2025,32,62
ISMN_SNOTEL_MichiganCreek,train,2017,18,41
ISMN_SNOTEL_MichiganCreek,train,2018,37,49
ISMN_SNOTEL_MichiganCreek,train,2019,31,51
ISMN_SNOTEL_MichiganCreek,train,2020,45,56
ISMN_SNOTEL_MichiganCreek,train,2021,27,61
ISMN_SNOTEL_MichiganCreek,train,2022,17,21
ISMN_SNOTEL_MiddleForkCamp,train,2016,11,5
ISMN_SNOTEL_MiddleForkCamp,train,2017,28,52
ISMN_SNOTEL_MiddleForkCamp,train,2018,34,49
ISMN_SNOTEL_MiddleForkCamp,train,2019,30,51
ISMN_SNOTEL_MiddleForkCamp,train,2020,39,56
ISMN_SNOTEL_MiddleForkCamp,train,2021,17,32
ISMN_SNOTEL_MidwayValley,train,2016,27,10
ISMN_SNOTEL_MidwayValley,train,2017,37,55
ISMN_SNOTEL_MidwayValley,train,2018,76,50
ISMN_SNOTEL_MidwayValley,train,2019,83,68
ISMN_SNOTEL_MidwayValley,train,2020,93,88
ISMN_SNOTEL_MidwayValley,train,2021,68,88
ISMN_SNOTEL_MidwayValley,train,2022,86,30
ISMN_SNOTEL_MidwayValley,train,2023,82,28
ISMN_SNOTEL_MidwayValley,train,2024,72,26
ISMN_SNOTEL_MidwayValley,train,2025,79,69
ISMN_SNOTEL_Mill-DNorth,train,2016,16,10
ISMN_SNOTEL_Mill-DNorth,train,2017,25,103
ISMN_SNOTEL_Mill-DNorth,train,2018,64,77
ISMN_SNOTEL_Mill-DNorth,train,2019,71,94
ISMN_SNOTEL_Mill-DNorth,train,2020,68,120
ISMN_SNOTEL_Mill-DNorth,train,2021,76,114
ISMN_SNOTEL_Mill-DNorth,train,2022,21,14
ISMN_SNOTEL_MiningFork,train,2016,18,5
ISMN_SNOTEL_MiningFork,train,2017,25,50
ISMN_SNOTEL_MiningFork,train,2018,60,47
ISMN_SNOTEL_MiningFork,train,2019,70,57
ISMN_SNOTEL_MiningFork,train,2020,62,61
ISMN_SNOTEL_MiningFork,train,2021,76,58
ISMN_SNOTEL_MiningFork,train,2022,78,30
ISMN_SNOTEL_MiningFork,train,2023,65,28
ISMN_SNOTEL_MiningFork,train,2024,63,27
ISMN_SNOTEL_MiningFork,train,2025,71,50
ISMN_SNOTEL_MonitorPass,train,2016,9,12
ISMN_SNOTEL_MonitorPass,train,2017,18,112
ISMN_SNOTEL_MonitorPass,train,2018,41,114
ISMN_SNOTEL_MonitorPass,train,2019,41,189
ISMN_SNOTEL_MonitorPass,train,2020,51,235
ISMN_SNOTEL_MonitorPass,train,2021,49,231
ISMN_SNOTEL_MonitorPass,train,2022,49,117
ISMN_SNOTEL_MonitorPass,train,2023,49,115
ISMN_SNOTEL_MonitorPass,train,2024,47,101
ISMN_SNOTEL_MonitorPass,train,2025,62,209
ISMN_SNOTEL_MonteCristo,train,2016,14,10
ISMN_SNOTEL_MonteCristo,train,2017,26,106
ISMN_SNOTEL_MonteCristo,train,2018,56,66
ISMN_SNOTEL_MonteCristo,train,2019,69,75
ISMN_SNOTEL_MonteCristo,train,2020,72,90
ISMN_SNOTEL_MonteCristo,train,2021,66,84
ISMN_SNOTEL_MonteCristo,train,2022,77,30
ISMN_SNOTEL_MonteCristo,train,2023,66,28
ISMN_SNOTEL_MonteCristo,train,2024,58,27
ISMN_SNOTEL_MonteCristo,train,2025,69,72
ISMN_SNOTEL_MonumentCreek,oos,2016,9,6
ISMN_SNOTEL_MonumentCreek,oos,2017,18,40
ISMN_SNOTEL_MonumentCreek,oos,2018,49,55
ISMN_SNOTEL_MonumentCreek,oos,2019,41,30
ISMN_SNOTEL_MooreCreekBridge,train,2017,5,28
ISMN_SNOTEL_MooreCreekBridge,train,2018,33,54
ISMN_SNOTEL_MooreCreekBridge,train,2019,38,58
ISMN_SNOTEL_MooreCreekBridge,train,2020,34,62
ISMN_SNOTEL_MooreCreekBridge,train,2021,19,19
ISMN_SNOTEL_MormonMountain,oos,2016,22,3
ISMN_SNOTEL_MormonMountain,oos,2017,40,48
ISMN_SNOTEL_MormonMountain,oos,2018,86,36
ISMN_SNOTEL_MormonMountain,oos,2019,82,47
ISMN_SNOTEL_MormonMountain,oos,2020,109,61
ISMN_SNOTEL_MormonMountain,oos,2021,78,59
ISMN_SNOTEL_MormonMountain,oos,2022,70,22
ISMN_SNOTEL_MormonMtnSummit,train,2016,20,3
ISMN_SNOTEL_MormonMtnSummit,train,2017,38,48
ISMN_SNOTEL_MormonMtnSummit,train,2018,88,36
ISMN_SNOTEL_MormonMtnSummit,train,2019,78,47
ISMN_SNOTEL_MormonMtnSummit,train,2020,115,61
ISMN_SNOTEL_MormonMtnSummit,train,2021,80,59
ISMN_SNOTEL_MormonMtnSummit,train,2022,86,29
ISMN_SNOTEL_MormonMtnSummit,train,2023,84,29
ISMN_SNOTEL_MormonMtnSummit,train,2024,77,27
ISMN_SNOTEL_MormonMtnSummit,train,2025,23,6
ISMN_SNOTEL_MosbyMtn.,train,2017,25,48
ISMN_SNOTEL_MosbyMtn.,train,2018,79,57
ISMN_SNOTEL_MosbyMtn.,train,2019,77,66
ISMN_SNOTEL_MosbyMtn.,train,2020,88,88
ISMN_SNOTEL_MosbyMtn.,train,2021,74,84
ISMN_SNOTEL_MosbyMtn.,train,2022,82,37
ISMN_SNOTEL_MosbyMtn.,train,2023,65,58
ISMN_SNOTEL_MosbyMtn.,train,2024,78,56
ISMN_SNOTEL_MosbyMtn.,train,2025,86,93
ISMN_SNOTEL_MoscowMountain,oos,2016,19,6
ISMN_SNOTEL_MoscowMountain,oos,2017,33,53
ISMN_SNOTEL_MoscowMountain,oos,2018,53,61
ISMN_SNOTEL_MoscowMountain,oos,2019,52,68
ISMN_SNOTEL_MoscowMountain,oos,2020,54,89
ISMN_SNOTEL_MoscowMountain,oos,2021,46,90
ISMN_SNOTEL_MoscowMountain,oos,2022,43,29
ISMN_SNOTEL_MoscowMountain,oos,2023,47,29
ISMN_SNOTEL_MoscowMountain,oos,2024,42,24
ISMN_SNOTEL_MoscowMountain,oos,2025,62,71
ISMN_SNOTEL_MosesMtn,train,2021,6,24
ISMN_SNOTEL_MosesMtn,train,2022,43,24
ISMN_SNOTEL_MosesMtn,train,2023,35,26
ISMN_SNOTEL_MosesMtn,train,2024,42,32
ISMN_SNOTEL_MosesMtn,train,2025,7,5
ISMN_SNOTEL_MosquitoRidge,oos,2016,3,3
ISMN_SNOTEL_MosquitoRidge,oos,2017,15,69
ISMN_SNOTEL_MosquitoRidge,oos,2018,34,57
ISMN_SNOTEL_MosquitoRidge,oos,2019,40,67
ISMN_SNOTEL_MosquitoRidge,oos,2020,41,89
ISMN_SNOTEL_MosquitoRidge,oos,2021,42,89
ISMN_SNOTEL_MosquitoRidge,oos,2022,34,29
ISMN_SNOTEL_MosquitoRidge,oos,2023,37,29
ISMN_SNOTEL_MosquitoRidge,oos,2024,32,15
ISMN_SNOTEL_Mt.Ryan,train,2016,7,6
ISMN_SNOTEL_Mt.Ryan,train,2017,15,40
ISMN_SNOTEL_Mt.Ryan,train,2018,49,55
ISMN_SNOTEL_Mt.Ryan,train,2019,34,30
ISMN_SNOTEL_MtBaldy,oos,2016,5,11
ISMN_SNOTEL_MtBaldy,oos,2017,9,103
ISMN_SNOTEL_MtBaldy,oos,2018,38,77
ISMN_SNOTEL_MtBaldy,oos,2019,35,95
ISMN_SNOTEL_MtBaldy,oos,2020,39,120
ISMN_SNOTEL_MtBaldy,oos,2021,37,114
ISMN_SNOTEL_MtBaldy,oos,2022,36,59
ISMN_SNOTEL_MtBaldy,oos,2023,21,39
ISMN_SNOTEL_MtPennell,train,2016,19,11
ISMN_SNOTEL_MtPennell,train,2017,34,76
ISMN_SNOTEL_MtPennell,train,2018,82,49
ISMN_SNOTEL_MtPennell,train,2019,82,65
ISMN_SNOTEL_MtPennell,train,2020,91,90
ISMN_SNOTEL_MtPennell,train,2021,81,85
ISMN_SNOTEL_MtPennell,train,2022,92,29
ISMN_SNOTEL_MtPennell,train,2023,84,29
ISMN_SNOTEL_MtPennell,train,2024,87,26
ISMN_SNOTEL_MtPennell,train,2025,99,72
ISMN_SNOTEL_MtRoseSkiArea,oos,2016,22,10
ISMN_SNOTEL_MtRoseSkiArea,oos,2017,39,110
ISMN_SNOTEL_MtRoseSkiArea,oos,2018,88,115
ISMN_SNOTEL_MtRoseSkiArea,oos,2019,79,189
ISMN_SNOTEL_MtRoseSkiArea,oos,2020,107,235
ISMN_SNOTEL_MtRoseSkiArea,oos,2021,95,231
ISMN_SNOTEL_MtRoseSkiArea,oos,2022,104,117
ISMN_SNOTEL_MtRoseSkiArea,oos,2023,86,116
ISMN_SNOTEL_MtRoseSkiArea,oos,2024,92,101
ISMN_SNOTEL_MtRoseSkiArea,oos,2025,107,204
ISMN_SNOTEL_MudFlat,train,2016,27,11
ISMN_SNOTEL_MudFlat,train,2017,49,80
ISMN_SNOTEL_MudFlat,train,2018,13,31
ISMN_SNOTEL_MyrtleCreek,oos,2017,6,20
ISMN_SNOTEL_MyrtleCreek,oos,2018,38,66
ISMN_SNOTEL_MyrtleCreek,oos,2019,44,70
ISMN_SNOTEL_MyrtleCreek,oos,2020,57,82
ISMN_SNOTEL_MyrtleCreek,oos,2021,50,81
ISMN_SNOTEL_MyrtleCreek,oos,2022,41,29
ISMN_SNOTEL_MyrtleCreek,oos,2023,44,29
ISMN_SNOTEL_MyrtleCreek,oos,2024,40,22
ISMN_SNOTEL_MyrtleCreek,oos,2025,59,49
ISMN_SNOTEL_NavajoWhiskeyCk,train,2016,9,6
ISMN_SNOTEL_NavajoWhiskeyCk,train,2017,14,81
ISMN_SNOTEL_NavajoWhiskeyCk,train,2018,39,73
ISMN_SNOTEL_NavajoWhiskeyCk,train,2019,28,77
ISMN_SNOTEL_NavajoWhiskeyCk,train,2020,47,87
ISMN_SNOTEL_NavajoWhiskeyCk,train,2021,37,84
ISMN_SNOTEL_NavajoWhiskeyCk,train,2022,41,29
ISMN_SNOTEL_NavajoWhiskeyCk,train,2023,41,27
ISMN_SNOTEL_NavajoWhiskeyCk,train,2024,39,26
ISMN_SNOTEL_NavajoWhiskeyCk,train,2025,12,7
ISMN_SNOTEL_NukaGlacier,train,2016,7,5
ISMN_SNOTEL_NukaGlacier,train,2017,11,41
ISMN_SNOTEL_NukaGlacier,train,2018,36,45
ISMN_SNOTEL_NukaGlacier,train,2019,39,41
ISMN_SNOTEL_NukaGlacier,train,2020,46,46
ISMN_SNOTEL_NukaGlacier,train,2021,43,50
ISMN_SNOTEL_NukaGlacier,train,2022,37,25
ISMN_SNOTEL_NukaGlacier,train,2023,33,24
ISMN_SNOTEL_NukaGlacier,train,2024,33,25
ISMN_SNOTEL_NukaGlacier,train,2025,30,55
ISMN_SNOTEL_ONeilCreek,train,2018,24,19
ISMN_SNOTEL_ONeilCreek,train,2019,31,51
ISMN_SNOTEL_ONeilCreek,train,2020,42,116
ISMN_SNOTEL_ONeilCreek,train,2021,36,125
ISMN_SNOTEL_ONeilCreek,train,2022,40,79
ISMN_SNOTEL_ONeilCreek,train,2023,38,85
ISMN_SNOTEL_ONeilCreek,train,2024,46,80
ISMN_SNOTEL_ONeilCreek,train,2025,5,16
ISMN_SNOTEL_OakCreek,val,2016,24,5
ISMN_SNOTEL_OakCreek,val,2017,42,50
ISMN_SNOTEL_OakCreek,val,2018,69,47
ISMN_SNOTEL_OakCreek,val,2019,70,58
ISMN_SNOTEL_OakCreek,val,2020,78,61
ISMN_SNOTEL_OakCreek,val,2021,77,58
ISMN_SNOTEL_OakCreek,val,2022,84,30
ISMN_SNOTEL_OakCreek,val,2023,70,28
ISMN_SNOTEL_OakCreek,val,2024,80,27
ISMN_SNOTEL_OakCreek,val,2025,80,50
ISMN_SNOTEL_PalisadesTahoe,train,2016,19,7
ISMN_SNOTEL_PalisadesTahoe,train,2017,36,53
ISMN_SNOTEL_PalisadesTahoe,train,2018,92,63
ISMN_SNOTEL_PalisadesTahoe,train,2019,85,98
ISMN_SNOTEL_PalisadesTahoe,train,2020,103,119
ISMN_SNOTEL_PalisadesTahoe,train,2021,90,117
ISMN_SNOTEL_PalisadesTahoe,train,2022,103,58
ISMN_SNOTEL_PalisadesTahoe,train,2023,86,58
ISMN_SNOTEL_PalisadesTahoe,train,2024,93,54
ISMN_SNOTEL_PalisadesTahoe,train,2025,111,105
ISMN_SNOTEL_Palo,train,2016,10,2
ISMN_SNOTEL_Palo,train,2017,18,51
ISMN_SNOTEL_Palo,train,2018,43,48
ISMN_SNOTEL_Palo,train,2019,44,50
ISMN_SNOTEL_Palo,train,2020,41,55
ISMN_SNOTEL_Palo,train,2021,36,58
ISMN_SNOTEL_Palo,train,2022,39,39
ISMN_SNOTEL_Palo,train,2023,16,22
ISMN_SNOTEL_PanguitchLakeRS,oos,2016,24,6
ISMN_SNOTEL_PanguitchLakeRS,oos,2017,39,50
ISMN_SNOTEL_PanguitchLakeRS,oos,2018,84,47
ISMN_SNOTEL_PanguitchLakeRS,oos,2019,81,58
ISMN_SNOTEL_PanguitchLakeRS,oos,2020,89,61
ISMN_SNOTEL_PanguitchLakeRS,oos,2021,69,58
ISMN_SNOTEL_PanguitchLakeRS,oos,2022,86,30
ISMN_SNOTEL_PanguitchLakeRS,oos,2023,77,28
ISMN_SNOTEL_PanguitchLakeRS,oos,2024,67,28
ISMN_SNOTEL_PanguitchLakeRS,oos,2025,85,49
ISMN_SNOTEL_ParkCone,train,2021,31,51
ISMN_SNOTEL_ParkCone,train,2022,41,39
ISMN_SNOTEL_ParkCone,train,2023,37,57
ISMN_SNOTEL_ParkCone,train,2024,36,58
ISMN_SNOTEL_ParkCone,train,2025,11,12
ISMN_SNOTEL_ParkReservoir,train,2016,15,4
ISMN_SNOTEL_ParkReservoir,train,2017,29,79
ISMN_SNOTEL_ParkReservoir,train,2018,74,86
ISMN_SNOTEL_ParkReservoir,train,2019,69,84
ISMN_SNOTEL_ParkReservoir,train,2020,74,79
ISMN_SNOTEL_ParkReservoir,train,2021,32,39
ISMN_SNOTEL_ParleysSummit,train,2016,0,10
ISMN_SNOTEL_ParleysSummit,train,2017,0,104
ISMN_SNOTEL_ParleysSummit,train,2018,0,77
ISMN_SNOTEL_ParleysSummit,train,2019,0,94
ISMN_SNOTEL_ParleysSummit,train,2020,67,120
ISMN_SNOTEL_ParleysSummit,train,2021,74,114
ISMN_SNOTEL_ParleysSummit,train,2022,88,59
ISMN_SNOTEL_ParleysSummit,train,2023,65,57
ISMN_SNOTEL_ParleysSummit,train,2024,70,53
ISMN_SNOTEL_ParleysSummit,train,2025,71,101
ISMN_SNOTEL_ParleysUpper,train,2019,0,42
ISMN_SNOTEL_ParleysUpper,train,2020,0,120
ISMN_SNOTEL_ParleysUpper,train,2021,0,114
ISMN_SNOTEL_ParleysUpper,train,2022,0,59
ISMN_SNOTEL_ParleysUpper,train,2023,7,57
ISMN_SNOTEL_ParleysUpper,train,2024,66,53
ISMN_SNOTEL_ParleysUpper,train,2025,71,101
ISMN_SNOTEL_ParrishCreek,oos,2016,19,10
ISMN_SNOTEL_ParrishCreek,oos,2017,31,79
ISMN_SNOTEL_ParrishCreek,oos,2018,69,60
ISMN_SNOTEL_ParrishCreek,oos,2019,80,75
ISMN_SNOTEL_ParrishCreek,oos,2020,72,90
ISMN_SNOTEL_ParrishCreek,oos,2021,76,84
ISMN_SNOTEL_ParrishCreek,oos,2022,85,30
ISMN_SNOTEL_ParrishCreek,oos,2023,68,28
ISMN_SNOTEL_ParrishCreek,oos,2024,72,27
ISMN_SNOTEL_ParrishCreek,oos,2025,79,72
ISMN_SNOTEL_PaysonR.S.,oos,2016,8,10
ISMN_SNOTEL_PaysonR.S.,oos,2017,14,103
ISMN_SNOTEL_PaysonR.S.,oos,2018,38,77
ISMN_SNOTEL_PaysonR.S.,oos,2019,38,95
ISMN_SNOTEL_PaysonR.S.,oos,2020,31,120
ISMN_SNOTEL_PaysonR.S.,oos,2021,36,114
ISMN_SNOTEL_PaysonR.S.,oos,2022,39,59
ISMN_SNOTEL_PaysonR.S.,oos,2023,34,57
ISMN_SNOTEL_PaysonR.S.,oos,2024,41,54
ISMN_SNOTEL_PaysonR.S.,oos,2025,48,101
ISMN_SNOTEL_PebbleCreek,oos,2021,3,16
ISMN_SNOTEL_PebbleCreek,oos,2022,37,30
ISMN_SNOTEL_PebbleCreek,oos,2023,32,28
ISMN_SNOTEL_PebbleCreek,oos,2024,26,28
ISMN_SNOTEL_PebbleCreek,oos,2025,39,72
ISMN_SNOTEL_PhantomValley,train,2016,6,11
ISMN_SNOTEL_PhantomValley,train,2017,12,70
ISMN_SNOTEL_PhantomValley,train,2018,38,79
ISMN_SNOTEL_PhantomValley,train,2019,30,77
ISMN_SNOTEL_PhantomValley,train,2020,37,83
ISMN_SNOTEL_PhantomValley,train,2021,37,88
ISMN_SNOTEL_PhantomValley,train,2022,32,51
ISMN_SNOTEL_PhantomValley,train,2023,31,85
ISMN_SNOTEL_PickleKeg,train,2016,6,11
ISMN_SNOTEL_PickleKeg,train,2017,12,103
ISMN_SNOTEL_PickleKeg,train,2018,37,77
ISMN_SNOTEL_PickleKeg,train,2019,36,95
ISMN_SNOTEL_PickleKeg,train,2020,39,120
ISMN_SNOTEL_PickleKeg,train,2021,39,114
ISMN_SNOTEL_PickleKeg,train,2022,7,8
ISMN_SNOTEL_PierceR.S.,train,2016,9,8
ISMN_SNOTEL_PierceR.S.,train,2017,16,60
ISMN_SNOTEL_PierceR.S.,train,2018,23,51
ISMN_SNOTEL_PierceR.S.,train,2019,26,67
ISMN_SNOTEL_PierceR.S.,train,2020,29,89
ISMN_SNOTEL_PierceR.S.,train,2021,29,98
ISMN_SNOTEL_PierceR.S.,train,2022,27,29
ISMN_SNOTEL_PierceR.S.,train,2023,22,29
ISMN_SNOTEL_PierceR.S.,train,2024,20,24
ISMN_SNOTEL_PierceR.S.,train,2025,36,83
ISMN_SNOTEL_PineCreek,oos,2016,21,5
ISMN_SNOTEL_PineCreek,oos,2017,37,50
ISMN_SNOTEL_PineCreek,oos,2018,71,47
ISMN_SNOTEL_PineCreek,oos,2019,66,58
ISMN_SNOTEL_PineCreek,oos,2020,87,61
ISMN_SNOTEL_PineCreek,oos,2021,79,58
ISMN_SNOTEL_PineCreek,oos,2022,73,30
ISMN_SNOTEL_PineCreek,oos,2023,63,28
ISMN_SNOTEL_PineCreek,oos,2024,73,28
ISMN_SNOTEL_PineCreek,oos,2025,70,50
ISMN_SNOTEL_PocketCreek,train,2017,22,25
ISMN_SNOTEL_PocketCreek,train,2018,59,41
ISMN_SNOTEL_PocketCreek,train,2019,71,48
ISMN_SNOTEL_PocketCreek,train,2020,77,59
ISMN_SNOTEL_PocketCreek,train,2021,57,58
ISMN_SNOTEL_PocketCreek,train,2022,63,29
ISMN_SNOTEL_PocketCreek,train,2023,43,21
ISMN_SNOTEL_PoisonFlat,train,2016,8,19
ISMN_SNOTEL_PoisonFlat,train,2017,20,114
ISMN_SNOTEL_PoisonFlat,train,2018,45,114
ISMN_SNOTEL_PoisonFlat,train,2019,44,189
ISMN_SNOTEL_PoisonFlat,train,2020,52,235
ISMN_SNOTEL_PoisonFlat,train,2021,51,231
ISMN_SNOTEL_PoisonFlat,train,2022,29,64
ISMN_SNOTEL_PoleCanyon,train,2016,7,5
ISMN_SNOTEL_PoleCanyon,train,2017,13,36
ISMN_SNOTEL_PoleCanyon,train,2018,37,32
ISMN_SNOTEL_PoleCanyon,train,2019,32,62
ISMN_SNOTEL_PoleCanyon,train,2020,42,87
ISMN_SNOTEL_PoleCanyon,train,2021,44,99
ISMN_SNOTEL_PoleCanyon,train,2022,38,52
ISMN_SNOTEL_PoleCanyon,train,2023,37,56
ISMN_SNOTEL_PoleCanyon,train,2024,39,53
ISMN_SNOTEL_PoleCanyon,train,2025,49,78
ISMN_SNOTEL_PoleCreekR.S.,train,2016,18,5
ISMN_SNOTEL_PoleCreekR.S.,train,2017,21,34
ISMN_SNOTEL_PoleCreekR.S.,train,2018,36,32
ISMN_SNOTEL_PoleCreekR.S.,train,2019,13,21
ISMN_SNOTEL_PorphyryCreek,train,2016,9,5
ISMN_SNOTEL_PorphyryCreek,train,2017,13,52
ISMN_SNOTEL_PorphyryCreek,train,2018,35,49
ISMN_SNOTEL_PorphyryCreek,train,2019,33,51
ISMN_SNOTEL_PorphyryCreek,train,2020,43,56
ISMN_SNOTEL_PorphyryCreek,train,2021,28,61
ISMN_SNOTEL_PorphyryCreek,train,2022,16,15
ISMN_SNOTEL_PortGraham,train,2016,4,4
ISMN_SNOTEL_PortGraham,train,2017,14,41
ISMN_SNOTEL_PortGraham,train,2018,35,42
ISMN_SNOTEL_PortGraham,train,2019,34,41
ISMN_SNOTEL_PortGraham,train,2020,41,46
ISMN_SNOTEL_PortGraham,train,2021,39,53
ISMN_SNOTEL_PortGraham,train,2022,15,12
ISMN_SNOTEL_PorterCanyon,val,2016,12,10
ISMN_SNOTEL_PorterCanyon,val,2017,29,110
ISMN_SNOTEL_PorterCanyon,val,2018,87,110
ISMN_SNOTEL_PorterCanyon,val,2019,70,164
ISMN_SNOTEL_PorterCanyon,val,2020,92,206
ISMN_SNOTEL_PorterCanyon,val,2021,82,202
ISMN_SNOTEL_PorterCanyon,val,2022,89,90
ISMN_SNOTEL_PorterCanyon,val,2023,74,86
ISMN_SNOTEL_PorterCanyon,val,2024,90,76
ISMN_SNOTEL_PorterCanyon,val,2025,93,155
ISMN_SNOTEL_PowderMountain,oos,2022,39,15
ISMN_SNOTEL_PowderMountain,oos,2023,68,28
ISMN_SNOTEL_PowderMountain,oos,2024,66,27
ISMN_SNOTEL_PowderMountain,oos,2025,77,72
ISMN_SNOTEL_QuartzMountain,train,2022,16,39
ISMN_SNOTEL_QuartzMountain,train,2023,30,112
ISMN_SNOTEL_QuartzMountain,train,2024,41,105
ISMN_SNOTEL_QuartzMountain,train,2025,47,161
ISMN_SNOTEL_QuartzPeak,oos,2019,15,36
ISMN_SNOTEL_QuartzPeak,oos,2020,45,119
ISMN_SNOTEL_QuartzPeak,oos,2021,47,119
ISMN_SNOTEL_QuartzPeak,oos,2022,41,29
ISMN_SNOTEL_QuartzPeak,oos,2023,47,29
ISMN_SNOTEL_QuartzPeak,oos,2024,38,22
ISMN_SNOTEL_QuartzPeak,oos,2025,55,70
ISMN_SNOTEL_Quemazon,train,2018,53,71
ISMN_SNOTEL_Quemazon,train,2019,67,110
ISMN_SNOTEL_Quemazon,train,2020,78,114
ISMN_SNOTEL_Quemazon,train,2021,65,117
ISMN_SNOTEL_Quemazon,train,2022,71,67
ISMN_SNOTEL_Quemazon,train,2023,66,86
ISMN_SNOTEL_Quemazon,train,2024,66,83
ISMN_SNOTEL_Quemazon,train,2025,16,19
ISMN_SNOTEL_RaggedMountain,val,2016,8,6
ISMN_SNOTEL_RaggedMountain,val,2017,15,72
ISMN_SNOTEL_RaggedMountain,val,2018,41,92
ISMN_SNOTEL_RaggedMountain,val,2019,49,98
ISMN_SNOTEL_RaggedMountain,val,2020,46,119
ISMN_SNOTEL_RaggedMountain,val,2021,50,119
ISMN_SNOTEL_RaggedMountain,val,2022,38,29
ISMN_SNOTEL_RaggedMountain,val,2023,47,29
ISMN_SNOTEL_RaggedMountain,val,2024,41,22
ISMN_SNOTEL_RaggedMountain,val,2025,8,7
ISMN_SNOTEL_RainbowCanyon,oos,2016,31,5
ISMN_SNOTEL_RainbowCanyon,oos,2017,44,45
ISMN_SNOTEL_RainbowCanyon,oos,2018,90,58
ISMN_SNOTEL_RainbowCanyon,oos,2019,89,68
ISMN_SNOTEL_RainbowCanyon,oos,2020,105,90
ISMN_SNOTEL_RainbowCanyon,oos,2021,88,90
ISMN_SNOTEL_RainbowCanyon,oos,2022,102,29
ISMN_SNOTEL_RainbowCanyon,oos,2023,88,27
ISMN_SNOTEL_RainbowCanyon,oos,2024,88,27
ISMN_SNOTEL_RainbowCanyon,oos,2025,111,74
ISMN_SNOTEL_RainyPass,oos,2021,25,54
ISMN_SNOTEL_RainyPass,oos,2022,29,48
ISMN_SNOTEL_RainyPass,oos,2023,23,54
ISMN_SNOTEL_RainyPass,oos,2024,21,50
ISMN_SNOTEL_RainyPass,oos,2025,29,64
ISMN_SNOTEL_ReddenMineLwr,train,2016,8,7
ISMN_SNOTEL_ReddenMineLwr,train,2017,14,100
ISMN_SNOTEL_ReddenMineLwr,train,2018,31,60
ISMN_SNOTEL_ReddenMineLwr,train,2019,40,66
ISMN_SNOTEL_ReddenMineLwr,train,2020,29,89
ISMN_SNOTEL_ReddenMineLwr,train,2021,38,85
ISMN_SNOTEL_ReddenMineLwr,train,2022,42,59
ISMN_SNOTEL_ReddenMineLwr,train,2023,35,57
ISMN_SNOTEL_ReddenMineLwr,train,2024,32,53
ISMN_SNOTEL_ReddenMineLwr,train,2025,6,12
ISMN_SNOTEL_ReesFlat,train,2016,12,11
ISMN_SNOTEL_ReesFlat,train,2017,12,103
ISMN_SNOTEL_ReesFlat,train,2018,42,77
ISMN_SNOTEL_ReesFlat,train,2019,37,95
ISMN_SNOTEL_ReesFlat,train,2020,39,120
ISMN_SNOTEL_ReesFlat,train,2021,38,114
ISMN_SNOTEL_ReesFlat,train,2022,41,59
ISMN_SNOTEL_ReesFlat,train,2023,40,57
ISMN_SNOTEL_ReesFlat,train,2024,38,54
ISMN_SNOTEL_ReesFlat,train,2025,39,89
ISMN_SNOTEL_ReynoldsCreek,train,2016,11,5
ISMN_SNOTEL_ReynoldsCreek,train,2017,23,82
ISMN_SNOTEL_ReynoldsCreek,train,2018,30,91
ISMN_SNOTEL_ReynoldsCreek,train,2019,25,65
ISMN_SNOTEL_RioSantaBarbara,oos,2017,15,16
ISMN_SNOTEL_RioSantaBarbara,oos,2018,82,48
ISMN_SNOTEL_RioSantaBarbara,oos,2019,70,50
ISMN_SNOTEL_RioSantaBarbara,oos,2020,92,55
ISMN_SNOTEL_RioSantaBarbara,oos,2021,80,58
ISMN_SNOTEL_RioSantaBarbara,oos,2022,72,39
ISMN_SNOTEL_RioSantaBarbara,oos,2023,71,60
ISMN_SNOTEL_RioSantaBarbara,oos,2024,74,52
ISMN_SNOTEL_RioSantaBarbara,oos,2025,79,65
ISMN_SNOTEL_RockCreek,oos,2016,6,5
ISMN_SNOTEL_RockCreek,oos,2017,10,53
ISMN_SNOTEL_RockCreek,oos,2018,36,30
ISMN_SNOTEL_RockCreek,oos,2019,41,37
ISMN_SNOTEL_RockCreek,oos,2020,31,59
ISMN_SNOTEL_RockCreek,oos,2021,39,56
ISMN_SNOTEL_RockCreek,oos,2022,35,29
ISMN_SNOTEL_RockCreek,oos,2023,30,29
ISMN_SNOTEL_RockCreek,oos,2024,28,26
ISMN_SNOTEL_RockCreek,oos,2025,3,5
ISMN_SNOTEL_RockSprings,train,2022,42,46
ISMN_SNOTEL_RockSprings,train,2023,61,83
ISMN_SNOTEL_RockSprings,train,2024,60,75
ISMN_SNOTEL_RockSprings,train,2025,82,128
ISMN_SNOTEL_RockwoodGS,oos,2022,21,10
ISMN_SNOTEL_RockwoodGS,oos,2023,64,28
ISMN_SNOTEL_RockwoodGS,oos,2024,72,28
ISMN_SNOTEL_RockwoodGS,oos,2025,69,50
ISMN_SNOTEL_RockyBasin-Settleme,train,2016,18,5
ISMN_SNOTEL_RockyBasin-Settleme,train,2017,26,50
ISMN_SNOTEL_RockyBasin-Settleme,train,2018,59,47
ISMN_SNOTEL_RockyBasin-Settleme,train,2019,74,57
ISMN_SNOTEL_RockyBasin-Settleme,train,2020,66,61
ISMN_SNOTEL_RockyBasin-Settleme,train,2021,70,58
ISMN_SNOTEL_RockyBasin-Settleme,train,2022,46,16
ISMN_SNOTEL_RoughAndTumble,train,2016,10,5
ISMN_SNOTEL_RoughAndTumble,train,2017,18,52
ISMN_SNOTEL_RoughAndTumble,train,2018,41,49
ISMN_SNOTEL_RoughAndTumble,train,2019,34,51
ISMN_SNOTEL_RoughAndTumble,train,2020,41,56
ISMN_SNOTEL_RoughAndTumble,train,2021,22,36
ISMN_SNOTEL_Rubicon#2,train,2016,18,7
ISMN_SNOTEL_Rubicon#2,train,2017,33,83
ISMN_SNOTEL_Rubicon#2,train,2018,81,95
ISMN_SNOTEL_Rubicon#2,train,2019,84,139
ISMN_SNOTEL_Rubicon#2,train,2020,97,180
ISMN_SNOTEL_Rubicon#2,train,2021,74,176
ISMN_SNOTEL_Rubicon#2,train,2022,89,87
ISMN_SNOTEL_Rubicon#2,train,2023,83,87
ISMN_SNOTEL_Rubicon#2,train,2024,91,77
ISMN_SNOTEL_Rubicon#2,train,2025,106,158
ISMN_SNOTEL_SageCreekBasin,train,2016,16,4
ISMN_SNOTEL_SageCreekBasin,train,2017,28,98
ISMN_SNOTEL_SageCreekBasin,train,2018,70,85
ISMN_SNOTEL_SageCreekBasin,train,2019,73,81
ISMN_SNOTEL_SageCreekBasin,train,2020,18,28
ISMN_SNOTEL_SaltRiverSummit,train,2016,15,2
ISMN_SNOTEL_SaltRiverSummit,train,2017,18,81
ISMN_SNOTEL_SaltRiverSummit,train,2018,53,59
ISMN_SNOTEL_SaltRiverSummit,train,2019,60,67
ISMN_SNOTEL_SaltRiverSummit,train,2020,77,89
ISMN_SNOTEL_SaltRiverSummit,train,2021,65,85
ISMN_SNOTEL_SaltRiverSummit,train,2022,69,59
ISMN_SNOTEL_SaltRiverSummit,train,2023,58,57
ISMN_SNOTEL_SaltRiverSummit,train,2024,53,55
ISMN_SNOTEL_SaltRiverSummit,train,2025,62,79
ISMN_SNOTEL_SandstoneRS,oos,2017,14,35
ISMN_SNOTEL_SandstoneRS,oos,2018,64,80
ISMN_SNOTEL_SandstoneRS,oos,2019,63,81
ISMN_SNOTEL_SandstoneRS,oos,2020,79,85
ISMN_SNOTEL_SandstoneRS,oos,2021,57,91
ISMN_SNOTEL_SandstoneRS,oos,2022,72,68
ISMN_SNOTEL_SandstoneRS,oos,2023,69,83
ISMN_SNOTEL_SandstoneRS,oos,2024,73,85
ISMN_SNOTEL_SandstoneRS,oos,2025,72,92
ISMN_SNOTEL_SantaFe,train,2016,14,2
ISMN_SNOTEL_SantaFe,train,2017,27,78
ISMN_SNOTEL_SantaFe,train,2018,79,78
ISMN_SNOTEL_SantaFe,train,2019,67,81
ISMN_SNOTEL_SantaFe,train,2020,88,85
ISMN_SNOTEL_SantaFe,train,2021,73,89
ISMN_SNOTEL_SantaFe,train,2022,69,67
ISMN_SNOTEL_SantaFe,train,2023,76,86
ISMN_SNOTEL_SantaFe,train,2024,77,83
ISMN_SNOTEL_SantaFe,train,2025,79,92
ISMN_SNOTEL_SantaquinMeadows,val,2016,1,5
ISMN_SNOTEL_SantaquinMeadows,val,2017,13,103
ISMN_SNOTEL_SantaquinMeadows,val,2018,30,77
ISMN_SNOTEL_SantaquinMeadows,val,2019,41,95
ISMN_SNOTEL_SantaquinMeadows,val,2020,33,120
ISMN_SNOTEL_SantaquinMeadows,val,2021,39,114
ISMN_SNOTEL_SantaquinMeadows,val,2022,39,59
ISMN_SNOTEL_SantaquinMeadows,val,2023,36,57
ISMN_SNOTEL_SantaquinMeadows,val,2024,2,0
ISMN_SNOTEL_SavagePass,train,2018,18,12
ISMN_SNOTEL_SavagePass,train,2019,30,38
ISMN_SNOTEL_SavagePass,train,2020,44,58
ISMN_SNOTEL_SavagePass,train,2021,43,68
ISMN_SNOTEL_SavagePass,train,2022,46,0
ISMN_SNOTEL_SavagePass,train,2023,44,0
ISMN_SNOTEL_SavagePass,train,2024,38,0
ISMN_SNOTEL_SavagePass,train,2025,46,53
ISMN_SNOTEL_Sawtooth,val,2018,36,98
ISMN_SNOTEL_Sawtooth,val,2019,34,107
ISMN_SNOTEL_Sawtooth,val,2020,39,112
ISMN_SNOTEL_Sawtooth,val,2021,32,116
ISMN_SNOTEL_Sawtooth,val,2022,10,16
ISMN_SNOTEL_SchofieldPass,train,2016,8,9
ISMN_SNOTEL_SchofieldPass,train,2017,12,104
ISMN_SNOTEL_SchofieldPass,train,2018,34,108
ISMN_SNOTEL_SchofieldPass,train,2019,31,110
ISMN_SNOTEL_SchofieldPass,train,2020,39,114
ISMN_SNOTEL_SchofieldPass,train,2021,35,119
ISMN_SNOTEL_SchofieldPass,train,2022,34,76
ISMN_SNOTEL_SchofieldPass,train,2023,37,115
ISMN_SNOTEL_SchofieldPass,train,2024,34,114
ISMN_SNOTEL_SchofieldPass,train,2025,48,135
ISMN_SNOTEL_SeeleyCreek,train,2016,9,11
ISMN_SNOTEL_SeeleyCreek,train,2017,11,103
ISMN_SNOTEL_SeeleyCreek,train,2018,40,77
ISMN_SNOTEL_SeeleyCreek,train,2019,35,95
ISMN_SNOTEL_SeeleyCreek,train,2020,36,120
ISMN_SNOTEL_SeeleyCreek,train,2021,37,114
ISMN_SNOTEL_SeeleyCreek,train,2022,41,59
ISMN_SNOTEL_SeeleyCreek,train,2023,42,57
ISMN_SNOTEL_SeeleyCreek,train,2024,39,54
ISMN_SNOTEL_SeeleyCreek,train,2025,40,75
ISMN_SNOTEL_SenoritaDivide#2,train,2021,35,74
ISMN_SNOTEL_SenoritaDivide#2,train,2022,37,39
ISMN_SNOTEL_SenoritaDivide#2,train,2023,39,56
ISMN_SNOTEL_SenoritaDivide#2,train,2024,38,58
ISMN_SNOTEL_SenoritaDivide#2,train,2025,14,12
ISMN_SNOTEL_SeventysixCreek,train,2016,10,5
ISMN_SNOTEL_SeventysixCreek,train,2017,13,37
ISMN_SNOTEL_SeventysixCreek,train,2018,33,32
ISMN_SNOTEL_SeventysixCreek,train,2019,21,67
ISMN_SNOTEL_SeventysixCreek,train,2020,32,117
ISMN_SNOTEL_SeventysixCreek,train,2021,36,127
ISMN_SNOTEL_SeventysixCreek,train,2022,31,79
ISMN_SNOTEL_SeventysixCreek,train,2023,20,60
ISMN_SNOTEL_ShanghiSummit,train,2019,9,28
ISMN_SNOTEL_ShanghiSummit,train,2020,26,89
ISMN_SNOTEL_ShanghiSummit,train,2021,25,98
ISMN_SNOTEL_ShanghiSummit,train,2022,25,29
ISMN_SNOTEL_ShanghiSummit,train,2023,23,29
ISMN_SNOTEL_ShanghiSummit,train,2024,16,24
ISMN_SNOTEL_ShanghiSummit,train,2025,32,83
ISMN_SNOTEL_Sharkstooth,oos,2016,22,4
ISMN_SNOTEL_Sharkstooth,oos,2017,31,79
ISMN_SNOTEL_Sharkstooth,oos,2018,76,89
ISMN_SNOTEL_Sharkstooth,oos,2019,65,90
ISMN_SNOTEL_Sharkstooth,oos,2020,41,48
ISMN_SNOTEL_SheepMtn.,oos,2016,16,2
ISMN_SNOTEL_SheepMtn.,oos,2017,27,56
ISMN_SNOTEL_SheepMtn.,oos,2018,62,42
ISMN_SNOTEL_SheepMtn.,oos,2019,66,48
ISMN_SNOTEL_SheepMtn.,oos,2020,73,59
ISMN_SNOTEL_SheepMtn.,oos,2021,66,55
ISMN_SNOTEL_SheepMtn.,oos,2022,72,30
ISMN_SNOTEL_SheepMtn.,oos,2023,64,28
ISMN_SNOTEL_SheepMtn.,oos,2024,57,28
ISMN_SNOTEL_SheepMtn.,oos,2025,73,50
ISMN_SNOTEL_Sheldon,train,2016,18,5
ISMN_SNOTEL_Sheldon,train,2017,29,79
ISMN_SNOTEL_Sheldon,train,2018,73,76
ISMN_SNOTEL_Sheldon,train,2019,82,109
ISMN_SNOTEL_Sheldon,train,2020,80,115
ISMN_SNOTEL_Sheldon,train,2021,89,118
ISMN_SNOTEL_Sheldon,train,2022,79,87
ISMN_SNOTEL_Sheldon,train,2023,21,32
ISMN_SNOTEL_Sherwin,val,2020,4,13
ISMN_SNOTEL_Sherwin,val,2021,29,70
ISMN_SNOTEL_Sherwin,val,2022,23,29
ISMN_SNOTEL_Sherwin,val,2023,21,29
ISMN_SNOTEL_Sherwin,val,2024,20,24
ISMN_SNOTEL_Sherwin,val,2025,34,62
ISMN_SNOTEL_Shuree,train,2019,25,35
ISMN_SNOTEL_Shuree,train,2020,43,55
ISMN_SNOTEL_Shuree,train,2021,41,58
ISMN_SNOTEL_Shuree,train,2022,40,39
ISMN_SNOTEL_Shuree,train,2023,40,60
ISMN_SNOTEL_Shuree,train,2024,35,52
ISMN_SNOTEL_Shuree,train,2025,53,65
ISMN_SNOTEL_Silvies,oos,2022,17,22
ISMN_SNOTEL_Silvies,oos,2023,63,84
ISMN_SNOTEL_Silvies,oos,2024,70,73
ISMN_SNOTEL_Silvies,oos,2025,90,129
ISMN_SNOTEL_Slumgullion,train,2017,7,16
ISMN_SNOTEL_Slumgullion,train,2018,35,77
ISMN_SNOTEL_Slumgullion,train,2019,37,80
ISMN_SNOTEL_Slumgullion,train,2020,42,85
ISMN_SNOTEL_Slumgullion,train,2021,36,89
ISMN_SNOTEL_Slumgullion,train,2022,42,36
ISMN_SNOTEL_Slumgullion,train,2023,42,57
ISMN_SNOTEL_Slumgullion,train,2024,33,61
ISMN_SNOTEL_Slumgullion,train,2025,48,85
ISMN_SNOTEL_SmithMorehouse,train,2016,4,5
ISMN_SNOTEL_SmithMorehouse,train,2017,14,80
ISMN_SNOTEL_SmithMorehouse,train,2018,34,59
ISMN_SNOTEL_SmithMorehouse,train,2019,39,66
ISMN_SNOTEL_SmithMorehouse,train,2020,28,89
ISMN_SNOTEL_SmithMorehouse,train,2021,40,85
ISMN_SNOTEL_SmithMorehouse,train,2022,40,58
ISMN_SNOTEL_SnakeRiverStation,val,2016,13,5
ISMN_SNOTEL_SnakeRiverStation,val,2017,23,104
ISMN_SNOTEL_SnakeRiverStation,val,2018,48,82
ISMN_SNOTEL_SnakeRiverStation,val,2019,48,96
ISMN_SNOTEL_SnakeRiverStation,val,2020,59,118
ISMN_SNOTEL_SnakeRiverStation,val,2021,61,113
ISMN_SNOTEL_SnakeRiverStation,val,2022,63,59
ISMN_SNOTEL_SnakeRiverStation,val,2023,57,57
ISMN_SNOTEL_SnakeRiverStation,val,2024,48,55
ISMN_SNOTEL_SnakeRiverStation,val,2025,63,101
ISMN_SNOTEL_Snowbird,train,2019,44,56
ISMN_SNOTEL_Snowbird,train,2020,74,120
ISMN_SNOTEL_Snowbird,train,2021,73,114
ISMN_SNOTEL_Snowbird,train,2022,78,59
ISMN_SNOTEL_Snowbird,train,2023,65,57
ISMN_SNOTEL_Snowbird,train,2024,62,53
ISMN_SNOTEL_Snowbird,train,2025,71,101
ISMN_SNOTEL_SomsenRanch,train,2016,19,2
ISMN_SNOTEL_SomsenRanch,train,2017,22,56
ISMN_SNOTEL_SomsenRanch,train,2018,54,42
ISMN_SNOTEL_SomsenRanch,train,2019,60,48
ISMN_SNOTEL_SomsenRanch,train,2020,65,59
ISMN_SNOTEL_SomsenRanch,train,2021,75,55
ISMN_SNOTEL_SomsenRanch,train,2022,71,30
ISMN_SNOTEL_SomsenRanch,train,2023,62,28
ISMN_SNOTEL_SomsenRanch,train,2024,58,28
ISMN_SNOTEL_SomsenRanch,train,2025,69,50
ISMN_SNOTEL_SonoraPass,val,2016,11,24
ISMN_SNOTEL_SonoraPass,val,2017,21,105
ISMN_SNOTEL_SonoraPass,val,2018,50,114
ISMN_SNOTEL_SonoraPass,val,2019,43,189
ISMN_SNOTEL_SonoraPass,val,2020,55,235
ISMN_SNOTEL_SonoraPass,val,2021,49,224
ISMN_SNOTEL_SonoraPass,val,2022,49,57
ISMN_SNOTEL_SonoraPass,val,2023,21,27
ISMN_SNOTEL_SourdoughGulch,train,2016,29,6
ISMN_SNOTEL_SourdoughGulch,train,2017,45,56
ISMN_SNOTEL_SourdoughGulch,train,2018,52,61
ISMN_SNOTEL_SourdoughGulch,train,2019,64,68
ISMN_SNOTEL_SourdoughGulch,train,2020,58,89
ISMN_SNOTEL_SourdoughGulch,train,2021,63,89
ISMN_SNOTEL_SourdoughGulch,train,2022,55,29
ISMN_SNOTEL_SourdoughGulch,train,2023,57,29
ISMN_SNOTEL_SourdoughGulch,train,2024,55,24
ISMN_SNOTEL_SourdoughGulch,train,2025,32,27
ISMN_SNOTEL_SouthBrushCreek,train,2017,17,35
ISMN_SNOTEL_SouthBrushCreek,train,2018,57,80
ISMN_SNOTEL_SouthBrushCreek,train,2019,62,81
ISMN_SNOTEL_SouthBrushCreek,train,2020,75,85
ISMN_SNOTEL_SouthBrushCreek,train,2021,55,91
ISMN_SNOTEL_SouthBrushCreek,train,2022,69,68
ISMN_SNOTEL_SouthBrushCreek,train,2023,64,83
ISMN_SNOTEL_SouthBrushCreek,train,2024,61,85
ISMN_SNOTEL_SouthBrushCreek,train,2025,70,92
ISMN_SNOTEL_SouthMtn.,val,2016,30,5
ISMN_SNOTEL_SouthMtn.,val,2017,41,79
ISMN_SNOTEL_SouthMtn.,val,2018,60,89
ISMN_SNOTEL_SouthMtn.,val,2019,57,94
ISMN_SNOTEL_SouthMtn.,val,2020,81,121
ISMN_SNOTEL_SouthMtn.,val,2021,51,118
ISMN_SNOTEL_SouthMtn.,val,2022,66,60
ISMN_SNOTEL_SouthMtn.,val,2023,59,58
ISMN_SNOTEL_SouthMtn.,val,2024,68,51
ISMN_SNOTEL_SouthMtn.,val,2025,86,79
ISMN_SNOTEL_SpiritLk,train,2016,14,10
ISMN_SNOTEL_SpiritLk,train,2017,28,52
ISMN_SNOTEL_SpiritLk,train,2018,65,44
ISMN_SNOTEL_SpiritLk,train,2019,66,48
ISMN_SNOTEL_SpiritLk,train,2020,71,59
ISMN_SNOTEL_SpiritLk,train,2021,62,57
ISMN_SNOTEL_SpiritLk,train,2022,69,29
ISMN_SNOTEL_SpiritLk,train,2023,51,30
ISMN_SNOTEL_SpiritLk,train,2024,69,26
ISMN_SNOTEL_SprattCreek,train,2016,23,12
ISMN_SNOTEL_SprattCreek,train,2017,39,111
ISMN_SNOTEL_SprattCreek,train,2018,82,114
ISMN_SNOTEL_SprattCreek,train,2019,86,189
ISMN_SNOTEL_SprattCreek,train,2020,99,235
ISMN_SNOTEL_SprattCreek,train,2021,53,123
ISMN_SNOTEL_SpringCreek,train,2019,0,5
ISMN_SNOTEL_SpringCreek,train,2020,40,74
ISMN_SNOTEL_SpringCreek,train,2021,44,74
ISMN_SNOTEL_SpringCreek,train,2022,35,47
ISMN_SNOTEL_SpringCreek,train,2023,36,52
ISMN_SNOTEL_SpringCreek,train,2024,30,47
ISMN_SNOTEL_SpringCreek,train,2025,32,79
ISMN_SNOTEL_StateLine,train,2021,22,92
ISMN_SNOTEL_StateLine,train,2022,45,117
ISMN_SNOTEL_StateLine,train,2023,36,112
ISMN_SNOTEL_StateLine,train,2024,40,105
ISMN_SNOTEL_StateLine,train,2025,9,25
ISMN_SNOTEL_SteelCreekPark,train,2016,3,5
ISMN_SNOTEL_SteelCreekPark,train,2017,11,53
ISMN_SNOTEL_SteelCreekPark,train,2018,34,30
ISMN_SNOTEL_SteelCreekPark,train,2019,32,37
ISMN_SNOTEL_SteelCreekPark,train,2020,28,59
ISMN_SNOTEL_SteelCreekPark,train,2021,38,56
ISMN_SNOTEL_SteelCreekPark,train,2022,35,29
ISMN_SNOTEL_SteelCreekPark,train,2023,26,29
ISMN_SNOTEL_SteelCreekPark,train,2024,32,26
ISMN_SNOTEL_SteelCreekPark,train,2025,38,51
ISMN_SNOTEL_StickneyMill,oos,2016,5,3
ISMN_SNOTEL_StickneyMill,oos,2017,27,41
ISMN_SNOTEL_StickneyMill,oos,2018,33,20
ISMN_SNOTEL_StickneyMill,oos,2019,31,55
ISMN_SNOTEL_StickneyMill,oos,2020,41,147
ISMN_SNOTEL_StickneyMill,oos,2021,38,155
ISMN_SNOTEL_StickneyMill,oos,2022,35,79
ISMN_SNOTEL_StickneyMill,oos,2023,34,86
ISMN_SNOTEL_StickneyMill,oos,2024,35,81
ISMN_SNOTEL_StickneyMill,oos,2025,41,129
ISMN_SNOTEL_StillwaterCreek,train,2020,6,8
ISMN_SNOTEL_StillwaterCreek,train,2021,35,61
ISMN_SNOTEL_StillwaterCreek,train,2022,33,39
ISMN_SNOTEL_StillwaterCreek,train,2023,40,57
ISMN_SNOTEL_StillwaterCreek,train,2024,40,58
ISMN_SNOTEL_StillwaterCreek,train,2025,38,62
ISMN_SNOTEL_StrawberryDivide,oos,2016,2,4
ISMN_SNOTEL_StrawberryDivide,oos,2017,15,103
ISMN_SNOTEL_StrawberryDivide,oos,2018,42,77
ISMN_SNOTEL_StrawberryDivide,oos,2019,41,94
ISMN_SNOTEL_StrawberryDivide,oos,2020,34,120
ISMN_SNOTEL_StrawberryDivide,oos,2021,41,114
ISMN_SNOTEL_StrawberryDivide,oos,2022,44,59
ISMN_SNOTEL_StrawberryDivide,oos,2023,36,57
ISMN_SNOTEL_StrawberryDivide,oos,2024,38,54
ISMN_SNOTEL_StrawberryDivide,oos,2025,45,101
ISMN_SNOTEL_SummitCreek,train,2016,2,5
ISMN_SNOTEL_SummitCreek,train,2017,10,40
ISMN_SNOTEL_SummitCreek,train,2018,28,60
ISMN_SNOTEL_SummitCreek,train,2019,36,70
ISMN_SNOTEL_SummitCreek,train,2020,36,74
ISMN_SNOTEL_SummitCreek,train,2021,27,53
ISMN_SNOTEL_SummitLk,train,2018,32,24
ISMN_SNOTEL_SummitLk,train,2019,74,108
ISMN_SNOTEL_SummitLk,train,2020,82,115
ISMN_SNOTEL_SummitLk,train,2021,83,120
ISMN_SNOTEL_SummitLk,train,2022,86,86
ISMN_SNOTEL_SummitLk,train,2023,68,85
ISMN_SNOTEL_SummitLk,train,2024,77,71
ISMN_SNOTEL_SummitLk,train,2025,100,109
ISMN_SNOTEL_SummitMeadow,train,2016,11,24
ISMN_SNOTEL_SummitMeadow,train,2017,19,114
ISMN_SNOTEL_SummitMeadow,train,2018,46,114
ISMN_SNOTEL_SummitMeadow,train,2019,48,189
ISMN_SNOTEL_SummitMeadow,train,2020,53,235
ISMN_SNOTEL_SummitMeadow,train,2021,50,231
ISMN_SNOTEL_SummitMeadow,train,2022,50,117
ISMN_SNOTEL_SummitMeadow,train,2023,48,115
ISMN_SNOTEL_SummitMeadow,train,2024,52,102
ISMN_SNOTEL_SummitMeadow,train,2025,55,185
ISMN_SNOTEL_SummitRanch,train,2016,17,5
ISMN_SNOTEL_SummitRanch,train,2017,24,52
ISMN_SNOTEL_SummitRanch,train,2018,40,49
ISMN_SNOTEL_SummitRanch,train,2019,33,51
ISMN_SNOTEL_SummitRanch,train,2020,38,56
ISMN_SNOTEL_SummitRanch,train,2021,21,36
ISMN_SNOTEL_SunflowerFlat,val,2016,8,11
ISMN_SNOTEL_SunflowerFlat,val,2017,14,89
ISMN_SNOTEL_SunflowerFlat,val,2018,37,49
ISMN_SNOTEL_SunflowerFlat,val,2019,40,65
ISMN_SNOTEL_SunflowerFlat,val,2020,37,90
ISMN_SNOTEL_SunflowerFlat,val,2021,34,85
ISMN_SNOTEL_SunflowerFlat,val,2022,38,29
ISMN_SNOTEL_SunflowerFlat,val,2023,36,29
ISMN_SNOTEL_SunflowerFlat,val,2024,28,26
ISMN_SNOTEL_SunflowerFlat,val,2025,36,62
ISMN_SNOTEL_Sunset,train,2016,2,3
ISMN_SNOTEL_Sunset,train,2017,10,69
ISMN_SNOTEL_Sunset,train,2018,19,81
ISMN_SNOTEL_Sunset,train,2019,18,96
ISMN_SNOTEL_Sunset,train,2020,23,119
ISMN_SNOTEL_Sunset,train,2021,20,83
ISMN_SNOTEL_SusitnaValleyHigh,train,2016,0,5
ISMN_SNOTEL_SusitnaValleyHigh,train,2017,0,40
ISMN_SNOTEL_SusitnaValleyHigh,train,2018,0,50
ISMN_SNOTEL_SusitnaValleyHigh,train,2019,0,43
ISMN_SNOTEL_SusitnaValleyHigh,train,2020,0,49
ISMN_SNOTEL_SusitnaValleyHigh,train,2021,0,51
ISMN_SNOTEL_SusitnaValleyHigh,train,2022,28,25
ISMN_SNOTEL_SusitnaValleyHigh,train,2023,55,25
ISMN_SNOTEL_SusitnaValleyHigh,train,2024,24,6
ISMN_SNOTEL_SuuRanch,train,2016,0,10
ISMN_SNOTEL_SuuRanch,train,2017,0,55
ISMN_SNOTEL_SuuRanch,train,2018,0,50
ISMN_SNOTEL_SuuRanch,train,2019,0,68
ISMN_SNOTEL_SuuRanch,train,2020,0,88
ISMN_SNOTEL_SuuRanch,train,2021,0,88
ISMN_SNOTEL_SuuRanch,train,2022,0,30
ISMN_SNOTEL_SuuRanch,train,2023,28,28
ISMN_SNOTEL_SuuRanch,train,2024,76,26
ISMN_SNOTEL_SuuRanch,train,2025,84,69
ISMN_SNOTEL_SwedePeak,train,2019,0,37
ISMN_SNOTEL_SwedePeak,train,2020,0,61
ISMN_SNOTEL_SwedePeak,train,2021,0,74
ISMN_SNOTEL_SwedePeak,train,2022,0,25
ISMN_SNOTEL_SwedePeak,train,2023,0,35
ISMN_SNOTEL_SwedePeak,train,2024,32,44
ISMN_SNOTEL_SwedePeak,train,2025,76,89
ISMN_SNOTEL_TahoeCityCross,train,2016,22,7
ISMN_SNOTEL_TahoeCityCross,train,2017,39,81
ISMN_SNOTEL_TahoeCityCross,train,2018,91,95
ISMN_SNOTEL_TahoeCityCross,train,2019,83,139
ISMN_SNOTEL_TahoeCityCross,train,2020,110,180
ISMN_SNOTEL_TahoeCityCross,train,2021,86,176
ISMN_SNOTEL_TahoeCityCross,train,2022,100,87
ISMN_SNOTEL_TahoeCityCross,train,2023,88,87
ISMN_SNOTEL_TahoeCityCross,train,2024,91,77
ISMN_SNOTEL_TahoeCityCross,train,2025,113,158
ISMN_SNOTEL_TakkaWiiya,train,2016,4,4
ISMN_SNOTEL_TakkaWiiya,train,2017,28,33
ISMN_SNOTEL_TakkaWiiya,train,2018,32,21
ISMN_SNOTEL_TakkaWiiya,train,2019,36,38
ISMN_SNOTEL_TakkaWiiya,train,2020,40,58
ISMN_SNOTEL_TakkaWiiya,train,2021,29,69
ISMN_SNOTEL_TakkaWiiya,train,2022,30,21
ISMN_SNOTEL_TakkaWiiya,train,2023,33,27
ISMN_SNOTEL_TakkaWiiya,train,2024,8,8
ISMN_SNOTEL_TaosPowderhorn,train,2016,17,1
ISMN_SNOTEL_TaosPowderhorn,train,2017,30,51
ISMN_SNOTEL_TaosPowderhorn,train,2018,89,48
ISMN_SNOTEL_TaosPowderhorn,train,2019,74,50
ISMN_SNOTEL_TaosPowderhorn,train,2020,88,55
ISMN_SNOTEL_TaosPowderhorn,train,2021,78,58
ISMN_SNOTEL_TaosPowderhorn,train,2022,65,39
ISMN_SNOTEL_TaosPowderhorn,train,2023,78,60
ISMN_SNOTEL_TaosPowderhorn,train,2024,75,52
ISMN_SNOTEL_TaosPowderhorn,train,2025,84,65
ISMN_SNOTEL_TaosPueblo,train,2021,9,16
ISMN_SNOTEL_TaosPueblo,train,2022,34,39
ISMN_SNOTEL_TaosPueblo,train,2023,41,60
ISMN_SNOTEL_TaosPueblo,train,2024,31,52
ISMN_SNOTEL_TaosPueblo,train,2025,10,14
ISMN_SNOTEL_TaylorCanyon,train,2019,22,41
ISMN_SNOTEL_TaylorCanyon,train,2020,37,87
ISMN_SNOTEL_TaylorCanyon,train,2021,36,99
ISMN_SNOTEL_TaylorCanyon,train,2022,43,31
ISMN_SNOTEL_TaylorCanyon,train,2023,11,11
ISMN_SNOTEL_TelaquanaLake,val,2016,1,2
ISMN_SNOTEL_TelaquanaLake,val,2017,18,40
ISMN_SNOTEL_TelaquanaLake,val,2018,49,53
ISMN_SNOTEL_TelaquanaLake,val,2019,52,70
ISMN_SNOTEL_TelaquanaLake,val,2020,63,81
ISMN_SNOTEL_TelaquanaLake,val,2021,52,83
ISMN_SNOTEL_TelaquanaLake,val,2022,47,49
ISMN_SNOTEL_TelaquanaLake,val,2023,41,51
ISMN_SNOTEL_TelaquanaLake,val,2024,46,50
ISMN_SNOTEL_TelaquanaLake,val,2025,51,85
ISMN_SNOTEL_TempleFork,train,2018,13,16
ISMN_SNOTEL_TempleFork,train,2019,71,76
ISMN_SNOTEL_TempleFork,train,2020,67,90
ISMN_SNOTEL_TempleFork,train,2021,65,84
ISMN_SNOTEL_TempleFork,train,2022,83,30
ISMN_SNOTEL_TempleFork,train,2023,63,28
ISMN_SNOTEL_TempleFork,train,2024,59,27
ISMN_SNOTEL_TempleFork,train,2025,66,72
ISMN_SNOTEL_ThaynesCanyon,train,2016,7,10
ISMN_SNOTEL_ThaynesCanyon,train,2017,11,103
ISMN_SNOTEL_ThaynesCanyon,train,2018,37,76
ISMN_SNOTEL_ThaynesCanyon,train,2019,43,94
ISMN_SNOTEL_ThaynesCanyon,train,2020,3,10
ISMN_SNOTEL_ThistleFlat,train,2016,8,11
ISMN_SNOTEL_ThistleFlat,train,2017,12,103
ISMN_SNOTEL_ThistleFlat,train,2018,34,77
ISMN_SNOTEL_ThistleFlat,train,2019,32,95
ISMN_SNOTEL_ThistleFlat,train,2020,34,120
ISMN_SNOTEL_ThistleFlat,train,2021,39,114
ISMN_SNOTEL_ThistleFlat,train,2022,36,59
ISMN_SNOTEL_ThistleFlat,train,2023,41,57
ISMN_SNOTEL_ThistleFlat,train,2024,32,54
ISMN_SNOTEL_ThistleFlat,train,2025,47,100
ISMN_SNOTEL_ThumbDivide,train,2016,12,5
ISMN_SNOTEL_ThumbDivide,train,2017,26,104
ISMN_SNOTEL_ThumbDivide,train,2018,47,82
ISMN_SNOTEL_ThumbDivide,train,2019,43,96
ISMN_SNOTEL_ThumbDivide,train,2020,52,118
ISMN_SNOTEL_ThumbDivide,train,2021,57,113
ISMN_SNOTEL_ThumbDivide,train,2022,61,59
ISMN_SNOTEL_ThumbDivide,train,2023,62,57
ISMN_SNOTEL_ThumbDivide,train,2024,50,55
ISMN_SNOTEL_ThumbDivide,train,2025,16,20
ISMN_SNOTEL_Timberline,train,2016,9,6
ISMN_SNOTEL_Timberline,train,2017,15,53
ISMN_SNOTEL_Timberline,train,2018,39,30
ISMN_SNOTEL_Timberline,train,2019,44,37
ISMN_SNOTEL_Timberline,train,2020,40,59
ISMN_SNOTEL_Timberline,train,2021,35,56
ISMN_SNOTEL_Timberline,train,2022,41,29
ISMN_SNOTEL_Timberline,train,2023,35,29
ISMN_SNOTEL_Timberline,train,2024,38,27
ISMN_SNOTEL_Timberline,train,2025,50,51
ISMN_SNOTEL_TimpanogosDivide,train,2016,8,9
ISMN_SNOTEL_TimpanogosDivide,train,2017,15,103
ISMN_SNOTEL_TimpanogosDivide,train,2018,37,77
ISMN_SNOTEL_TimpanogosDivide,train,2019,38,94
ISMN_SNOTEL_TimpanogosDivide,train,2020,36,120
ISMN_SNOTEL_TimpanogosDivide,train,2021,35,114
ISMN_SNOTEL_TimpanogosDivide,train,2022,41,59
ISMN_SNOTEL_TimpanogosDivide,train,2023,36,57
ISMN_SNOTEL_TimpanogosDivide,train,2024,36,54
ISMN_SNOTEL_TimpanogosDivide,train,2025,48,101
ISMN_SNOTEL_Tipton,oos,2022,42,30
ISMN_SNOTEL_Tipton,oos,2023,54,56
ISMN_SNOTEL_Tipton,oos,2024,63,51
ISMN_SNOTEL_Tipton,oos,2025,80,120
ISMN_SNOTEL_ToeJam,train,2016,8,10
ISMN_SNOTEL_ToeJam,train,2017,20,56
ISMN_SNOTEL_ToeJam,train,2018,57,60
ISMN_SNOTEL_ToeJam,train,2019,40,71
ISMN_SNOTEL_ToeJam,train,2020,57,87
ISMN_SNOTEL_ToeJam,train,2021,56,99
ISMN_SNOTEL_ToeJam,train,2022,49,31
ISMN_SNOTEL_ToeJam,train,2023,34,29
ISMN_SNOTEL_ToeJam,train,2024,22,16
ISMN_SNOTEL_Tok,train,2021,34,45
ISMN_SNOTEL_Tok,train,2022,32,30
ISMN_SNOTEL_Tok,train,2023,30,29
ISMN_SNOTEL_Tok,train,2024,31,23
ISMN_SNOTEL_Tok,train,2025,3,7
ISMN_SNOTEL_TokositnaValley,train,2017,12,35
ISMN_SNOTEL_TokositnaValley,train,2018,40,50
ISMN_SNOTEL_TokositnaValley,train,2019,35,43
ISMN_SNOTEL_TokositnaValley,train,2020,45,49
ISMN_SNOTEL_TokositnaValley,train,2021,47,52
ISMN_SNOTEL_TokositnaValley,train,2022,39,25
ISMN_SNOTEL_TokositnaValley,train,2023,39,25
ISMN_SNOTEL_TokositnaValley,train,2024,28,25
ISMN_SNOTEL_TokositnaValley,train,2025,28,55
ISMN_SNOTEL_TonyGroveLake,train,2016,20,7
ISMN_SNOTEL_TonyGroveLake,train,2017,29,79
ISMN_SNOTEL_TonyGroveLake,train,2018,67,60
ISMN_SNOTEL_TonyGroveLake,train,2019,73,76
ISMN_SNOTEL_TonyGroveLake,train,2020,78,90
ISMN_SNOTEL_TonyGroveLake,train,2021,74,84
ISMN_SNOTEL_TonyGroveLake,train,2022,84,30
ISMN_SNOTEL_TonyGroveLake,train,2023,61,28
ISMN_SNOTEL_TonyGroveLake,train,2024,65,27
ISMN_SNOTEL_TonyGroveLake,train,2025,70,72
ISMN_SNOTEL_TonyGroveRS,train,2016,20,7
ISMN_SNOTEL_TonyGroveRS,train,2017,28,79
ISMN_SNOTEL_TonyGroveRS,train,2018,65,60
ISMN_SNOTEL_TonyGroveRS,train,2019,73,76
ISMN_SNOTEL_TonyGroveRS,train,2020,16,39
ISMN_SNOTEL_Touchet,train,2016,20,3
ISMN_SNOTEL_Touchet,train,2017,39,77
ISMN_SNOTEL_Touchet,train,2018,51,90
ISMN_SNOTEL_Touchet,train,2019,53,88
ISMN_SNOTEL_Touchet,train,2020,43,75
ISMN_SNOTEL_TresRitos,train,2016,13,2
ISMN_SNOTEL_TresRitos,train,2017,21,51
ISMN_SNOTEL_TresRitos,train,2018,44,48
ISMN_SNOTEL_TresRitos,train,2019,44,50
ISMN_SNOTEL_TresRitos,train,2020,50,55
ISMN_SNOTEL_TresRitos,train,2021,41,58
ISMN_SNOTEL_TresRitos,train,2022,36,39
ISMN_SNOTEL_TresRitos,train,2023,39,60
ISMN_SNOTEL_TresRitos,train,2024,44,52
ISMN_SNOTEL_TresRitos,train,2025,49,65
ISMN_SNOTEL_TrialLake,train,2016,5,5
ISMN_SNOTEL_TrialLake,train,2017,11,80
ISMN_SNOTEL_TrialLake,train,2018,35,59
ISMN_SNOTEL_TrialLake,train,2019,39,66
ISMN_SNOTEL_TrialLake,train,2020,30,89
ISMN_SNOTEL_TrialLake,train,2021,38,85
ISMN_SNOTEL_TrialLake,train,2022,36,59
ISMN_SNOTEL_TrialLake,train,2023,2,5
ISMN_SNOTEL_TriplePeak,train,2016,2,2
ISMN_SNOTEL_TriplePeak,train,2017,11,104
ISMN_SNOTEL_TriplePeak,train,2018,34,83
ISMN_SNOTEL_TriplePeak,train,2019,29,96
ISMN_SNOTEL_TriplePeak,train,2020,38,118
ISMN_SNOTEL_TriplePeak,train,2021,35,113
ISMN_SNOTEL_TriplePeak,train,2022,34,59
ISMN_SNOTEL_TriplePeak,train,2023,34,57
ISMN_SNOTEL_TriplePeak,train,2024,31,55
ISMN_SNOTEL_TriplePeak,train,2025,7,9
ISMN_SNOTEL_Trough,train,2020,42,50
ISMN_SNOTEL_Trough,train,2021,61,86
ISMN_SNOTEL_Trough,train,2022,71,48
ISMN_SNOTEL_Trough,train,2023,56,49
ISMN_SNOTEL_TroutCreek,train,2016,15,10
ISMN_SNOTEL_TroutCreek,train,2017,29,76
ISMN_SNOTEL_TroutCreek,train,2018,69,56
ISMN_SNOTEL_TroutCreek,train,2019,64,66
ISMN_SNOTEL_TroutCreek,train,2020,75,88
ISMN_SNOTEL_TroutCreek,train,2021,68,83
ISMN_SNOTEL_TroutCreek,train,2022,75,29
ISMN_SNOTEL_TroutCreek,train,2023,61,30
ISMN_SNOTEL_TroutCreek,train,2024,65,26
ISMN_SNOTEL_TroutCreek,train,2025,82,73
ISMN_SNOTEL_Truckee#2,train,2016,19,5
ISMN_SNOTEL_Truckee#2,train,2017,44,53
ISMN_SNOTEL_Truckee#2,train,2018,84,63
ISMN_SNOTEL_Truckee#2,train,2019,77,98
ISMN_SNOTEL_Truckee#2,train,2020,106,119
ISMN_SNOTEL_Truckee#2,train,2021,91,117
ISMN_SNOTEL_Truckee#2,train,2022,102,58
ISMN_SNOTEL_Truckee#2,train,2023,85,58
ISMN_SNOTEL_Truckee#2,train,2024,92,54
ISMN_SNOTEL_Truckee#2,train,2025,16,14
ISMN_SNOTEL_UpperJoesValley,train,2016,7,11
ISMN_SNOTEL_UpperJoesValley,train,2017,11,103
ISMN_SNOTEL_UpperJoesValley,train,2018,35,77
ISMN_SNOTEL_UpperJoesValley,train,2019,36,95
ISMN_SNOTEL_UpperJoesValley,train,2020,15,55
ISMN_SNOTEL_UpperNomeCreek,train,2016,8,6
ISMN_SNOTEL_UpperNomeCreek,train,2017,9,40
ISMN_SNOTEL_UpperNomeCreek,train,2018,40,55
ISMN_SNOTEL_UpperNomeCreek,train,2019,29,44
ISMN_SNOTEL_UpperNomeCreek,train,2020,33,47
ISMN_SNOTEL_UpperRioGrande,val,2017,9,60
ISMN_SNOTEL_UpperRioGrande,val,2018,37,77
ISMN_SNOTEL_UpperRioGrande,val,2019,36,80
ISMN_SNOTEL_UpperRioGrande,val,2020,44,85
ISMN_SNOTEL_UpperRioGrande,val,2021,40,89
ISMN_SNOTEL_UpperRioGrande,val,2022,46,47
ISMN_SNOTEL_UpperRioGrande,val,2023,19,46
ISMN_SNOTEL_UpperSanJuan,oos,2016,9,6
ISMN_SNOTEL_UpperSanJuan,oos,2017,15,79
ISMN_SNOTEL_UpperSanJuan,oos,2018,39,77
ISMN_SNOTEL_UpperSanJuan,oos,2019,32,80
ISMN_SNOTEL_UpperSanJuan,oos,2020,43,85
ISMN_SNOTEL_UpperSanJuan,oos,2021,43,89
ISMN_SNOTEL_UpperSanJuan,oos,2022,39,47
ISMN_SNOTEL_UpperSanJuan,oos,2023,23,51
ISMN_SNOTEL_UpperTaylor,train,2016,9,7
ISMN_SNOTEL_UpperTaylor,train,2017,14,72
ISMN_SNOTEL_UpperTaylor,train,2018,36,54
ISMN_SNOTEL_UpperTaylor,train,2019,34,51
ISMN_SNOTEL_UpperTaylor,train,2020,45,56
ISMN_SNOTEL_UpperTaylor,train,2021,40,61
ISMN_SNOTEL_UpperTaylor,train,2022,39,39
ISMN_SNOTEL_UpperTaylor,train,2023,35,57
ISMN_SNOTEL_UpperTaylor,train,2024,36,58
ISMN_SNOTEL_UpperTaylor,train,2025,40,62
ISMN_SNOTEL_UpperTsainaRiver,train,2018,13,14
ISMN_SNOTEL_UpperTsainaRiver,train,2019,45,52
ISMN_SNOTEL_UpperTsainaRiver,train,2020,48,54
ISMN_SNOTEL_UpperTsainaRiver,train,2021,52,53
ISMN_SNOTEL_UpperTsainaRiver,train,2022,30,22
ISMN_SNOTEL_UpperTsainaRiver,train,2023,29,27
ISMN_SNOTEL_UpperTsainaRiver,train,2024,31,28
ISMN_SNOTEL_UpperTsainaRiver,train,2025,33,59
ISMN_SNOTEL_UsuDocDaniel,train,2016,16,7
ISMN_SNOTEL_UsuDocDaniel,train,2017,23,78
ISMN_SNOTEL_UsuDocDaniel,train,2018,59,60
ISMN_SNOTEL_UsuDocDaniel,train,2019,67,76
ISMN_SNOTEL_UsuDocDaniel,train,2020,66,90
ISMN_SNOTEL_UsuDocDaniel,train,2021,65,84
ISMN_SNOTEL_UsuDocDaniel,train,2022,79,30
ISMN_SNOTEL_UsuDocDaniel,train,2023,64,28
ISMN_SNOTEL_UsuDocDaniel,train,2024,62,27
ISMN_SNOTEL_UsuDocDaniel,train,2025,63,72
ISMN_SNOTEL_VacarroSprings,train,2016,5,11
ISMN_SNOTEL_VacarroSprings,train,2017,14,61
ISMN_SNOTEL_VacarroSprings,train,2018,39,61
ISMN_SNOTEL_VacarroSprings,train,2019,30,71
ISMN_SNOTEL_VacarroSprings,train,2020,38,87
ISMN_SNOTEL_VacarroSprings,train,2021,41,110
ISMN_SNOTEL_VacarroSprings,train,2022,41,52
ISMN_SNOTEL_VacarroSprings,train,2023,36,55
ISMN_SNOTEL_VacarroSprings,train,2024,35,54
ISMN_SNOTEL_VacarroSprings,train,2025,47,95
ISMN_SNOTEL_VacasLocas,train,2016,6,5
ISMN_SNOTEL_VacasLocas,train,2017,17,79
ISMN_SNOTEL_VacasLocas,train,2018,40,76
ISMN_SNOTEL_VacasLocas,train,2019,30,80
ISMN_SNOTEL_VacasLocas,train,2020,37,85
ISMN_SNOTEL_VacasLocas,train,2021,39,89
ISMN_SNOTEL_VacasLocas,train,2022,39,39
ISMN_SNOTEL_VacasLocas,train,2023,16,31
ISMN_SNOTEL_VernonCreek,train,2016,0,5
ISMN_SNOTEL_VernonCreek,train,2017,19,50
ISMN_SNOTEL_VernonCreek,train,2018,66,47
ISMN_SNOTEL_VernonCreek,train,2019,74,58
ISMN_SNOTEL_VernonCreek,train,2020,70,61
ISMN_SNOTEL_VernonCreek,train,2021,86,58
ISMN_SNOTEL_VernonCreek,train,2022,73,30
ISMN_SNOTEL_VernonCreek,train,2023,79,28
ISMN_SNOTEL_VernonCreek,train,2024,69,27
ISMN_SNOTEL_VernonCreek,train,2025,74,50
ISMN_SNOTEL_VirginiaLakesRidge,train,2016,7,24
ISMN_SNOTEL_VirginiaLakesRidge,train,2017,26,88
ISMN_SNOTEL_VirginiaLakesRidge,train,2018,43,88
ISMN_SNOTEL_VirginiaLakesRidge,train,2019,48,147
ISMN_SNOTEL_VirginiaLakesRidge,train,2020,52,177
ISMN_SNOTEL_VirginiaLakesRidge,train,2021,51,171
ISMN_SNOTEL_VirginiaLakesRidge,train,2022,50,89
ISMN_SNOTEL_VirginiaLakesRidge,train,2023,46,88
ISMN_SNOTEL_VirginiaLakesRidge,train,2024,45,73
ISMN_SNOTEL_VirginiaLakesRidge,train,2025,61,152
ISMN_SNOTEL_WardCreek#3,train,2016,0,7
ISMN_SNOTEL_WardCreek#3,train,2017,0,53
ISMN_SNOTEL_WardCreek#3,train,2018,0,63
ISMN_SNOTEL_WardCreek#3,train,2019,0,98
ISMN_SNOTEL_WardCreek#3,train,2020,39,119
ISMN_SNOTEL_WardCreek#3,train,2021,86,117
ISMN_SNOTEL_WardCreek#3,train,2022,95,58
ISMN_SNOTEL_WardCreek#3,train,2023,77,58
ISMN_SNOTEL_WardCreek#3,train,2024,91,54
ISMN_SNOTEL_WardCreek#3,train,2025,95,91
ISMN_SNOTEL_WardMountain,train,2016,24,6
ISMN_SNOTEL_WardMountain,train,2017,45,10
ISMN_SNOTEL_WardMountain,train,2018,79,3
ISMN_SNOTEL_WardMountain,train,2019,74,10
ISMN_SNOTEL_WardMountain,train,2020,95,27
ISMN_SNOTEL_WardMountain,train,2021,37,14
ISMN_SNOTEL_WebsterFlat,train,2016,26,10
ISMN_SNOTEL_WebsterFlat,train,2017,39,55
ISMN_SNOTEL_WebsterFlat,train,2018,81,50
ISMN_SNOTEL_WebsterFlat,train,2019,82,68
ISMN_SNOTEL_WebsterFlat,train,2020,101,88
ISMN_SNOTEL_WebsterFlat,train,2021,68,88
ISMN_SNOTEL_WebsterFlat,train,2022,82,30
ISMN_SNOTEL_WebsterFlat,train,2023,75,28
ISMN_SNOTEL_WebsterFlat,train,2024,69,26
ISMN_SNOTEL_WebsterFlat,train,2025,74,69
ISMN_SNOTEL_WesnerSprings,train,2018,25,32
ISMN_SNOTEL_WesnerSprings,train,2019,42,50
ISMN_SNOTEL_WesnerSprings,train,2020,43,55
ISMN_SNOTEL_WesnerSprings,train,2021,32,58
ISMN_SNOTEL_WesnerSprings,train,2022,16,10
ISMN_SNOTEL_WheelerPeak,train,2018,21,18
ISMN_SNOTEL_WheelerPeak,train,2019,31,48
ISMN_SNOTEL_WheelerPeak,train,2020,48,86
ISMN_SNOTEL_WheelerPeak,train,2021,37,90
ISMN_SNOTEL_WheelerPeak,train,2022,43,29
ISMN_SNOTEL_WheelerPeak,train,2023,36,27
ISMN_SNOTEL_WheelerPeak,train,2024,39,25
ISMN_SNOTEL_WheelerPeak,train,2025,37,64
ISMN_SNOTEL_WhiteRiver#1,train,2016,6,5
ISMN_SNOTEL_WhiteRiver#1,train,2017,13,80
ISMN_SNOTEL_WhiteRiver#1,train,2018,33,59
ISMN_SNOTEL_WhiteRiver#1,train,2019,36,67
ISMN_SNOTEL_WhiteRiver#1,train,2020,37,89
ISMN_SNOTEL_WhiteRiver#1,train,2021,36,85
ISMN_SNOTEL_WhiteRiver#1,train,2022,40,59
ISMN_SNOTEL_WhiteRiver#1,train,2023,30,57
ISMN_SNOTEL_WhiteRiver#1,train,2024,37,54
ISMN_SNOTEL_WhiteRiver#1,train,2025,49,79
ISMN_SNOTEL_Widtsoe#3,train,2016,9,5
ISMN_SNOTEL_Widtsoe#3,train,2017,19,75
ISMN_SNOTEL_Widtsoe#3,train,2018,40,64
ISMN_SNOTEL_Widtsoe#3,train,2019,42,77
ISMN_SNOTEL_Widtsoe#3,train,2020,43,91
ISMN_SNOTEL_Widtsoe#3,train,2021,30,88
ISMN_SNOTEL_Widtsoe#3,train,2022,42,59
ISMN_SNOTEL_Widtsoe#3,train,2023,45,57
ISMN_SNOTEL_Widtsoe#3,train,2024,38,54
ISMN_SNOTEL_Widtsoe#3,train,2025,42,78
ISMN_SNOTEL_WilburBench,train,2016,8,5
ISMN_SNOTEL_WilburBench,train,2017,14,53
ISMN_SNOTEL_WilburBench,train,2018,35,30
ISMN_SNOTEL_WilburBench,train,2019,37,37
ISMN_SNOTEL_WilburBench,train,2020,40,59
ISMN_SNOTEL_WilburBench,train,2021,39,56
ISMN_SNOTEL_WilburBench,train,2022,38,29
ISMN_SNOTEL_WilburBench,train,2023,31,29
ISMN_SNOTEL_WilburBench,train,2024,39,27
ISMN_SNOTEL_WilburBench,train,2025,38,51
ISMN_SNOTEL_WildBasin,train,2016,3,8
ISMN_SNOTEL_WildBasin,train,2017,13,70
ISMN_SNOTEL_WildBasin,train,2018,40,79
ISMN_SNOTEL_WildBasin,train,2019,33,77
ISMN_SNOTEL_WildBasin,train,2020,42,83
ISMN_SNOTEL_WildBasin,train,2021,37,88
ISMN_SNOTEL_WildBasin,train,2022,15,16
ISMN_SNOTEL_WildhorseDivide,val,2016,7,7
ISMN_SNOTEL_WildhorseDivide,val,2017,12,85
ISMN_SNOTEL_WildhorseDivide,val,2018,27,60
ISMN_SNOTEL_WildhorseDivide,val,2019,31,76
ISMN_SNOTEL_WildhorseDivide,val,2020,20,53
ISMN_SNOTEL_WilsonCreek,train,2016,19,6
ISMN_SNOTEL_WilsonCreek,train,2017,23,39
ISMN_SNOTEL_WilsonCreek,train,2018,33,32
ISMN_SNOTEL_WilsonCreek,train,2019,23,51
ISMN_SNOTEL_WilsonCreek,train,2020,26,84
ISMN_SNOTEL_WindyPeak,train,2016,8,5
ISMN_SNOTEL_WindyPeak,train,2017,14,72
ISMN_SNOTEL_WindyPeak,train,2018,42,67
ISMN_SNOTEL_WindyPeak,train,2019,35,59
ISMN_SNOTEL_WindyPeak,train,2020,10,27
ISMN_SNOTEL_WolfCreekPeak,train,2020,12,29
ISMN_SNOTEL_WolfCreekPeak,train,2021,40,85
ISMN_SNOTEL_WolfCreekPeak,train,2022,40,34
ISMN_SNOTEL_WolfCreekPeak,train,2023,36,28
ISMN_SNOTEL_WolfCreekPeak,train,2024,31,27
ISMN_SNOTEL_WolfCreekPeak,train,2025,40,50
ISMN_SNOTEL_WolfCreekSummit,oos,2016,9,6
ISMN_SNOTEL_WolfCreekSummit,oos,2017,13,79
ISMN_SNOTEL_WolfCreekSummit,oos,2018,42,77
ISMN_SNOTEL_WolfCreekSummit,oos,2019,33,80
ISMN_SNOTEL_WolfCreekSummit,oos,2020,41,85
ISMN_SNOTEL_WolfCreekSummit,oos,2021,37,89
ISMN_SNOTEL_WolfCreekSummit,oos,2022,15,8
ISMN_SNOTEL_WrigleyCreek,oos,2016,7,11
ISMN_SNOTEL_WrigleyCreek,oos,2017,12,103
ISMN_SNOTEL_WrigleyCreek,oos,2018,40,77
ISMN_SNOTEL_WrigleyCreek,oos,2019,44,95
ISMN_SNOTEL_WrigleyCreek,oos,2020,41,120
ISMN_SNOTEL_WrigleyCreek,oos,2021,43,114
ISMN_SNOTEL_WrigleyCreek,oos,2022,41,59
ISMN_SNOTEL_WrigleyCreek,oos,2023,33,57
ISMN_SNOTEL_WrigleyCreek,oos,2024,35,54
ISMN_SNOTEL_WrigleyCreek,oos,2025,43,100
ISMN_SNOTEL_YankeeReservoir,oos,2016,22,10
ISMN_SNOTEL_YankeeReservoir,oos,2017,38,55
ISMN_SNOTEL_YankeeReservoir,oos,2018,87,50
ISMN_SNOTEL_YankeeReservoir,oos,2019,81,68
ISMN_SNOTEL_YankeeReservoir,oos,2020,96,88
ISMN_SNOTEL_YankeeReservoir,oos,2021,70,88
ISMN_SNOTEL_YankeeReservoir,oos,2022,83,30
ISMN_SNOTEL_YankeeReservoir,oos,2023,70,28
ISMN_SNOTEL_YankeeReservoir,oos,2024,73,28
ISMN_SNOTEL_YankeeReservoir,oos,2025,83,69
ISMN_SNOTEL_Zirkel,val,2016,13,5
ISMN_SNOTEL_Zirkel,val,2017,28,78
ISMN_SNOTEL_Zirkel,val,2018,69,80
ISMN_SNOTEL_Zirkel,val,2019,74,81
ISMN_SNOTEL_Zirkel,val,2020,80,85
ISMN_SNOTEL_Zirkel,val,2021,67,91
ISMN_SNOTEL_Zirkel,val,2022,72,68
ISMN_SNOTEL_Zirkel,val,2023,65,85
ISMN_SNOTEL_Zirkel,val,2024,73,84
ISMN_SNOTEL_Zirkel,val,2025,14,19
ISMN_SOILSCAPE_Lucky-Hills-1503,oos,2022,33,21
ISMN_SOILSCAPE_Lucky-Hills-1503,oos,2023,111,57
ISMN_SOILSCAPE_Lucky-Hills-1503,oos,2024,112,52
ISMN_SOILSCAPE_Lucky-Hills-1503,oos,2025,114,94
ISMN_SOILSCAPE_Lucky-Hills-1506,oos,2022,31,21
ISMN_SOILSCAPE_Lucky-Hills-1506,oos,2023,111,57
ISMN_SOILSCAPE_Lucky-Hills-1506,oos,2024,113,52
ISMN_SOILSCAPE_Lucky-Hills-1506,oos,2025,123,104
ISMN_STEMS_CarpenetopermanentGrassCoverNoTrackposition,train,2017,26,136
ISMN_STEMS_CarpenetopermanentGrassCoverNoTrackposition,train,2018,32,219
ISMN_STEMS_CarpenetopermanentGrassCoverNoTrackposition,train,2019,34,218
ISMN_STEMS_CarpenetopermanentGrassCoverNoTrackposition,train,2020,30,234
ISMN_STEMS_CarpenetopermanentGrassCoverNoTrackposition,train,2021,2,12
ISMN_STEMS_CarpenetopermanentGrassCoverTrackposition,train,2017,26,136
ISMN_STEMS_CarpenetopermanentGrassCoverTrackposition,train,2018,31,219
ISMN_STEMS_CarpenetopermanentGrassCoverTrackposition,train,2019,35,218
ISMN_STEMS_CarpenetopermanentGrassCoverTrackposition,train,2020,30,234
ISMN_STEMS_CarpenetopermanentGrassCoverTrackposition,train,2021,2,12
ISMN_TERENO_Gevenich,oos,2020,3,25
ISMN_TERENO_Gevenich,oos,2021,19,236
ISMN_TERENO_Gevenich,oos,2022,23,119
ISMN_TERENO_Gevenich,oos,2023,14,117
ISMN_TERENO_Gevenich,oos,2024,12,105
ISMN_TERENO_Gevenich,oos,2025,27,199
ISMN_TERENO_Merzenhausen,train,2016,12,133
ISMN_TERENO_Merzenhausen,train,2017,5,231
ISMN_TERENO_Merzenhausen,train,2018,22,231
ISMN_TERENO_Merzenhausen,train,2019,14,234
ISMN_TERENO_Merzenhausen,train,2020,3,53
ISMN_TERENO_Schoeneseiffen,train,2016,9,125
ISMN_TERENO_Schoeneseiffen,train,2017,4,225
ISMN_TERENO_Schoeneseiffen,train,2018,21,185
ISMN_TERENO_Schoeneseiffen,train,2019,15,179
ISMN_TERENO_Schoeneseiffen,train,2020,2,41
ISMN_TERENO_Selhausen,oos,2016,14,133
ISMN_TERENO_Selhausen,oos,2017,6,227
ISMN_TERENO_Selhausen,oos,2018,21,231
ISMN_TERENO_Selhausen,oos,2019,18,234
ISMN_TERENO_Selhausen,oos,2020,22,232
ISMN_TERENO_Selhausen,oos,2021,16,236
ISMN_TERENO_Selhausen,oos,2022,20,119
ISMN_TERENO_Selhausen,oos,2023,8,69
ISMN_TWENTE_Hupsel,train,2017,0,8
ISMN_TWENTE_Hupsel,train,2018,41,232
ISMN_TWENTE_Hupsel,train,2019,38,234
ISMN_TWENTE_Hupsel,train,2020,38,233
ISMN_TWENTE_ITCSM-07b,oos,2016,8,134
ISMN_TWENTE_ITCSM-07b,oos,2017,8,237
ISMN_TWENTE_ITCSM-07b,oos,2018,21,232
ISMN_TWENTE_ITCSM-07b,oos,2019,21,233
ISMN_TWENTE_ITCSM-07b,oos,2020,21,233
ISMN_TWENTE_ITCSM-08b,train,2016,14,134
ISMN_TWENTE_ITCSM-08b,train,2017,9,237
ISMN_TWENTE_ITCSM-08b,train,2018,38,232
ISMN_TWENTE_ITCSM-08b,train,2019,30,234
ISMN_TWENTE_ITCSM-08b,train,2020,35,233
ISMN_TWENTE_ITCSM-09,train,2016,10,134
ISMN_TWENTE_ITCSM-09,train,2017,8,237
ISMN_TWENTE_ITCSM-09,train,2018,24,232
ISMN_TWENTE_ITCSM-09,train,2019,22,234
ISMN_TWENTE_ITCSM-09,train,2020,22,233
ISMN_TWENTE_ITCSM-13,train,2016,19,130
ISMN_TWENTE_ITCSM-13,train,2017,15,225
ISMN_TWENTE_ITCSM-13,train,2018,40,232
ISMN_TWENTE_ITCSM-13,train,2019,39,234
ISMN_TWENTE_ITCSM-13,train,2020,44,233
ISMN_TWENTE_ITCSM-15b,train,2016,18,116
ISMN_TWENTE_ITCSM-15b,train,2017,23,237
ISMN_TWENTE_ITCSM-15b,train,2018,47,232
ISMN_TWENTE_ITCSM-15b,train,2019,6,48
ISMN_TWENTE_ITCSM-16b,train,2016,18,134
ISMN_TWENTE_ITCSM-16b,train,2017,20,237
ISMN_TWENTE_ITCSM-16b,train,2018,44,232
ISMN_TWENTE_ITCSM-16b,train,2019,30,199
ISMN_TWENTE_ITCSM-17c,train,2016,16,108
ISMN_TWENTE_ITCSM-17c,train,2017,21,237
ISMN_TWENTE_ITCSM-17c,train,2018,43,232
ISMN_TWENTE_ITCSM-17c,train,2019,36,232
ISMN_TWENTE_ITCSM-17c,train,2020,2,33
ISMN_TxSON_CR1000-1,oos,2018,23,15
ISMN_TxSON_CR1000-1,oos,2019,34,33
ISMN_TxSON_CR1000-1,oos,2020,38,31
ISMN_TxSON_CR1000-1,oos,2021,28,29
ISMN_TxSON_CR1000-1,oos,2022,16,9
ISMN_TxSON_CR1000-2,val,2016,8,23
ISMN_TxSON_CR1000-2,val,2017,9,22
ISMN_TxSON_CR1000-2,val,2018,34,24
ISMN_TxSON_CR1000-2,val,2019,35,33
ISMN_TxSON_CR1000-2,val,2020,35,31
ISMN_TxSON_CR1000-2,val,2021,11,12
ISMN_TxSON_CR1000-3,train,2016,8,23
ISMN_TxSON_CR1000-3,train,2017,10,22
ISMN_TxSON_CR1000-3,train,2018,34,24
ISMN_TxSON_CR1000-3,train,2019,33,33
ISMN_TxSON_CR1000-3,train,2020,35,31
ISMN_TxSON_CR1000-3,train,2021,28,29
ISMN_TxSON_CR1000-3,train,2022,36,26
ISMN_TxSON_CR1000-4,train,2016,9,33
ISMN_TxSON_CR1000-4,train,2017,9,40
ISMN_TxSON_CR1000-4,train,2018,35,46
ISMN_TxSON_CR1000-4,train,2019,31,63
ISMN_TxSON_CR1000-4,train,2020,37,61
ISMN_TxSON_CR1000-4,train,2021,35,60
ISMN_TxSON_CR1000-4,train,2022,45,52
ISMN_TxSON_CR1000-5,train,2016,8,23
ISMN_TxSON_CR1000-5,train,2017,9,22
ISMN_TxSON_CR1000-5,train,2018,33,24
ISMN_TxSON_CR1000-5,train,2019,34,33
ISMN_TxSON_CR1000-5,train,2020,35,31
ISMN_TxSON_CR1000-5,train,2021,29,29
ISMN_TxSON_CR1000-5,train,2022,42,26
ISMN_TxSON_CR1000-6,oos,2016,9,22
ISMN_TxSON_CR1000-6,oos,2017,10,22
ISMN_TxSON_CR1000-6,oos,2018,35,24
ISMN_TxSON_CR1000-6,oos,2019,35,33
ISMN_TxSON_CR1000-6,oos,2020,37,31
ISMN_TxSON_CR1000-6,oos,2021,27,29
ISMN_TxSON_CR1000-6,oos,2022,41,26
ISMN_TxSON_CR200-1,oos,2016,8,22
ISMN_TxSON_CR200-1,oos,2017,9,22
ISMN_TxSON_CR200-1,oos,2018,32,24
ISMN_TxSON_CR200-1,oos,2019,38,33
ISMN_TxSON_CR200-1,oos,2020,39,31
ISMN_TxSON_CR200-1,oos,2021,19,21
ISMN_TxSON_CR200-10,val,2016,8,23
ISMN_TxSON_CR200-10,val,2017,8,22
ISMN_TxSON_CR200-10,val,2018,34,24
ISMN_TxSON_CR200-10,val,2019,28,30
ISMN_TxSON_CR200-11,train,2016,6,23
ISMN_TxSON_CR200-11,train,2017,9,22
ISMN_TxSON_CR200-11,train,2018,33,24
ISMN_TxSON_CR200-11,train,2019,5,6
ISMN_TxSON_CR200-12,train,2016,8,23
ISMN_TxSON_CR200-12,train,2017,9,22
ISMN_TxSON_CR200-12,train,2018,33,24
ISMN_TxSON_CR200-12,train,2019,31,33
ISMN_TxSON_CR200-12,train,2020,36,31
ISMN_TxSON_CR200-12,train,2021,27,29
ISMN_TxSON_CR200-12,train,2022,40,26
ISMN_TxSON_CR200-13,oos,2016,8,22
ISMN_TxSON_CR200-13,oos,2017,10,22
ISMN_TxSON_CR200-13,oos,2018,35,24
ISMN_TxSON_CR200-13,oos,2019,36,33
ISMN_TxSON_CR200-13,oos,2020,39,31
ISMN_TxSON_CR200-13,oos,2021,26,29
ISMN_TxSON_CR200-13,oos,2022,41,26
ISMN_TxSON_CR200-14,oos,2016,8,21
ISMN_TxSON_CR200-14,oos,2017,9,22
ISMN_TxSON_CR200-14,oos,2018,34,24
ISMN_TxSON_CR200-14,oos,2019,36,33
ISMN_TxSON_CR200-14,oos,2020,37,31
ISMN_TxSON_CR200-14,oos,2021,28,29
ISMN_TxSON_CR200-14,oos,2022,41,26
ISMN_TxSON_CR200-15,val,2016,8,23
ISMN_TxSON_CR200-15,val,2017,8,22
ISMN_TxSON_CR200-15,val,2018,34,24
ISMN_TxSON_CR200-15,val,2019,35,33
ISMN_TxSON_CR200-15,val,2020,37,31
ISMN_TxSON_CR200-15,val,2021,27,29
ISMN_TxSON_CR200-15,val,2022,37,26
ISMN_TxSON_CR200-16,train,2016,7,23
ISMN_TxSON_CR200-16,train,2017,9,22
ISMN_TxSON_CR200-16,train,2018,35,24
ISMN_TxSON_CR200-16,train,2019,30,33
ISMN_TxSON_CR200-16,train,2020,34,31
ISMN_TxSON_CR200-16,train,2021,26,29
ISMN_TxSON_CR200-16,train,2022,26,16
ISMN_TxSON_CR200-17,train,2016,8,23
ISMN_TxSON_CR200-17,train,2017,10,22
ISMN_TxSON_CR200-17,train,2018,33,24
ISMN_TxSON_CR200-17,train,2019,32,33
ISMN_TxSON_CR200-17,train,2020,36,31
ISMN_TxSON_CR200-17,train,2021,28,29
ISMN_TxSON_CR200-17,train,2022,35,26
ISMN_TxSON_CR200-18,val,2016,6,23
ISMN_TxSON_CR200-18,val,2017,9,22
ISMN_TxSON_CR200-18,val,2018,32,24
ISMN_TxSON_CR200-18,val,2019,34,33
ISMN_TxSON_CR200-18,val,2020,36,31
ISMN_TxSON_CR200-18,val,2021,27,29
ISMN_TxSON_CR200-18,val,2022,34,26
ISMN_TxSON_CR200-19,oos,2016,8,17
ISMN_TxSON_CR200-19,oos,2017,10,21
ISMN_TxSON_CR200-19,oos,2018,35,24
ISMN_TxSON_CR200-19,oos,2019,37,33
ISMN_TxSON_CR200-19,oos,2020,37,31
ISMN_TxSON_CR200-19,oos,2021,3,3
ISMN_TxSON_CR200-2,train,2016,8,23
ISMN_TxSON_CR200-2,train,2017,9,22
ISMN_TxSON_CR200-2,train,2018,35,24
ISMN_TxSON_CR200-2,train,2019,30,33
ISMN_TxSON_CR200-2,train,2020,37,31
ISMN_TxSON_CR200-2,train,2021,25,29
ISMN_TxSON_CR200-2,train,2022,36,26
ISMN_TxSON_CR200-21,oos,2016,9,17
ISMN_TxSON_CR200-21,oos,2017,10,21
ISMN_TxSON_CR200-21,oos,2018,35,24
ISMN_TxSON_CR200-21,oos,2019,37,33
ISMN_TxSON_CR200-21,oos,2020,38,31
ISMN_TxSON_CR200-21,oos,2021,30,29
ISMN_TxSON_CR200-21,oos,2022,40,26
ISMN_TxSON_CR200-22,oos,2016,9,22
ISMN_TxSON_CR200-22,oos,2017,10,22
ISMN_TxSON_CR200-22,oos,2018,36,24
ISMN_TxSON_CR200-22,oos,2019,2,3
ISMN_TxSON_CR200-23,train,2016,10,23
ISMN_TxSON_CR200-23,train,2017,11,22
ISMN_TxSON_CR200-23,train,2018,36,24
ISMN_TxSON_CR200-23,train,2019,36,33
ISMN_TxSON_CR200-23,train,2020,35,31
ISMN_TxSON_CR200-23,train,2021,28,29
ISMN_TxSON_CR200-23,train,2022,39,26
ISMN_TxSON_CR200-24,val,2016,6,23
ISMN_TxSON_CR200-24,val,2017,8,22
ISMN_TxSON_CR200-24,val,2018,33,24
ISMN_TxSON_CR200-24,val,2019,34,33
ISMN_TxSON_CR200-24,val,2020,35,31
ISMN_TxSON_CR200-24,val,2021,28,29
ISMN_TxSON_CR200-24,val,2022,36,26
ISMN_TxSON_CR200-25,val,2016,6,23
ISMN_TxSON_CR200-25,val,2017,9,22
ISMN_TxSON_CR200-25,val,2018,34,24
ISMN_TxSON_CR200-25,val,2019,34,33
ISMN_TxSON_CR200-25,val,2020,37,31
ISMN_TxSON_CR200-25,val,2021,28,29
ISMN_TxSON_CR200-25,val,2022,34,26
ISMN_TxSON_CR200-26,oos,2016,7,17
ISMN_TxSON_CR200-26,oos,2017,12,21
ISMN_TxSON_CR200-26,oos,2018,33,24
ISMN_TxSON_CR200-26,oos,2019,34,33
ISMN_TxSON_CR200-26,oos,2020,38,31
ISMN_TxSON_CR200-26,oos,2021,29,29
ISMN_TxSON_CR200-26,oos,2022,40,26
ISMN_TxSON_CR200-28,oos,2016,7,22
ISMN_TxSON_CR200-28,oos,2017,11,22
ISMN_TxSON_CR200-28,oos,2018,36,24
ISMN_TxSON_CR200-28,oos,2019,34,33
ISMN_TxSON_CR200-28,oos,2020,37,31
ISMN_TxSON_CR200-28,oos,2021,27,29
ISMN_TxSON_CR200-28,oos,2022,42,26
ISMN_TxSON_CR200-29,oos,2016,9,22
ISMN_TxSON_CR200-29,oos,2017,10,22
ISMN_TxSON_CR200-29,oos,2018,36,24
ISMN_TxSON_CR200-29,oos,2019,34,33
ISMN_TxSON_CR200-29,oos,2020,36,31
ISMN_TxSON_CR200-29,oos,2021,26,29
ISMN_TxSON_CR200-29,oos,2022,25,16
ISMN_TxSON_CR200-3,oos,2016,8,17
ISMN_TxSON_CR200-3,oos,2017,11,21
ISMN_TxSON_CR200-3,oos,2018,35,24
ISMN_TxSON_CR200-3,oos,2019,36,33
ISMN_TxSON_CR200-3,oos,2020,37,31
ISMN_TxSON_CR200-3,oos,2021,30,29
ISMN_TxSON_CR200-3,oos,2022,42,26
ISMN_TxSON_CR200-4,oos,2017,9,20
ISMN_TxSON_CR200-4,oos,2018,35,24
ISMN_TxSON_CR200-4,oos,2019,37,33
ISMN_TxSON_CR200-4,oos,2020,38,31
ISMN_TxSON_CR200-4,oos,2021,29,29
ISMN_TxSON_CR200-4,oos,2022,38,26
ISMN_TxSON_CR200-5,train,2016,6,23
ISMN_TxSON_CR200-5,train,2017,10,22
ISMN_TxSON_CR200-5,train,2018,34,24
ISMN_TxSON_CR200-5,train,2019,31,33
ISMN_TxSON_CR200-5,train,2020,36,31
ISMN_TxSON_CR200-5,train,2021,24,29
ISMN_TxSON_CR200-5,train,2022,34,24
ISMN_TxSON_CR200-6,val,2016,8,23
ISMN_TxSON_CR200-6,val,2017,10,22
ISMN_TxSON_CR200-6,val,2018,36,24
ISMN_TxSON_CR200-6,val,2019,34,33
ISMN_TxSON_CR200-6,val,2020,36,31
ISMN_TxSON_CR200-6,val,2021,28,29
ISMN_TxSON_CR200-6,val,2022,35,26
ISMN_TxSON_CR200-7,val,2016,8,23
ISMN_TxSON_CR200-7,val,2017,11,22
ISMN_TxSON_CR200-7,val,2018,36,24
ISMN_TxSON_CR200-7,val,2019,32,31
ISMN_TxSON_CR200-8,train,2016,8,23
ISMN_TxSON_CR200-8,train,2017,9,22
ISMN_TxSON_CR200-8,train,2018,32,24
ISMN_TxSON_CR200-8,train,2019,34,33
ISMN_TxSON_CR200-8,train,2020,38,31
ISMN_TxSON_CR200-8,train,2021,24,29
ISMN_TxSON_CR200-8,train,2022,36,26
ISMN_TxSON_CR200-9,oos,2016,8,22
ISMN_TxSON_CR200-9,oos,2017,10,22
ISMN_TxSON_CR200-9,oos,2018,35,24
ISMN_TxSON_CR200-9,oos,2019,38,33
ISMN_TxSON_CR200-9,oos,2020,38,31
ISMN_TxSON_CR200-9,oos,2021,29,29
ISMN_TxSON_CR200-9,oos,2022,41,26
ISMN_TxSON_LCRA-1,train,2016,9,22
ISMN_TxSON_LCRA-1,train,2017,8,22
ISMN_TxSON_LCRA-1,train,2018,34,24
ISMN_TxSON_LCRA-1,train,2019,31,33
ISMN_TxSON_LCRA-1,train,2020,35,31
ISMN_TxSON_LCRA-1,train,2021,27,29
ISMN_TxSON_LCRA-1,train,2022,36,26
ISMN_TxSON_LCRA-2,oos,2016,8,17
ISMN_TxSON_LCRA-2,oos,2017,10,21
ISMN_TxSON_LCRA-2,oos,2018,35,24
ISMN_TxSON_LCRA-2,oos,2019,37,33
ISMN_TxSON_LCRA-2,oos,2020,37,31
ISMN_TxSON_LCRA-2,oos,2021,26,29
ISMN_TxSON_LCRA-2,oos,2022,38,26
ISMN_TxSON_LCRA-3,train,2016,8,23
ISMN_TxSON_LCRA-3,train,2017,12,22
ISMN_TxSON_LCRA-3,train,2018,36,24
ISMN_TxSON_LCRA-3,train,2019,34,33
ISMN_TxSON_LCRA-3,train,2020,35,31
ISMN_TxSON_LCRA-3,train,2021,29,29
ISMN_TxSON_LCRA-3,train,2022,38,26
ISMN_TxSON_LCRA-4,oos,2016,9,22
ISMN_TxSON_LCRA-4,oos,2017,9,22
ISMN_TxSON_LCRA-4,oos,2018,36,24
ISMN_TxSON_LCRA-4,oos,2019,34,33
ISMN_TxSON_LCRA-4,oos,2020,37,31
ISMN_TxSON_LCRA-4,oos,2021,29,29
ISMN_TxSON_LCRA-4,oos,2022,40,26
ISMN_TxSON_LCRA-5,oos,2016,5,12
ISMN_TxSON_LCRA-5,oos,2017,11,22
ISMN_TxSON_LCRA-5,oos,2018,33,24
ISMN_TxSON_LCRA-5,oos,2019,33,33
ISMN_TxSON_LCRA-5,oos,2020,31,31
ISMN_TxSON_LCRA-5,oos,2021,27,29
ISMN_TxSON_LCRA-5,oos,2022,9,6
ISMN_TxSON_LCRA-6,oos,2016,8,23
ISMN_TxSON_LCRA-6,oos,2017,8,22
ISMN_TxSON_LCRA-6,oos,2018,32,24
ISMN_TxSON_LCRA-6,oos,2019,36,33
ISMN_TxSON_LCRA-6,oos,2020,36,31
ISMN_TxSON_LCRA-6,oos,2021,29,29
ISMN_TxSON_LCRA-6,oos,2022,9,6
ISMN_TxSON_LCRA-7,train,2016,7,33
ISMN_TxSON_LCRA-7,train,2017,7,40
ISMN_TxSON_LCRA-7,train,2018,35,46
ISMN_TxSON_LCRA-7,train,2019,32,63
ISMN_TxSON_LCRA-7,train,2020,33,61
ISMN_TxSON_LCRA-7,train,2021,25,60
ISMN_TxSON_LCRA-7,train,2022,9,12
ISMN_USCRN_Asheville-13-S,oos,2016,8,10
ISMN_USCRN_Asheville-13-S,oos,2017,11,21
ISMN_USCRN_Asheville-13-S,oos,2018,28,25
ISMN_USCRN_Asheville-13-S,oos,2019,30,29
ISMN_USCRN_Asheville-13-S,oos,2020,31,26
ISMN_USCRN_Asheville-13-S,oos,2021,26,21
ISMN_USCRN_Austin-33-NW,train,2016,8,22
ISMN_USCRN_Austin-33-NW,train,2017,10,22
ISMN_USCRN_Austin-33-NW,train,2018,33,24
ISMN_USCRN_Austin-33-NW,train,2019,29,33
ISMN_USCRN_Austin-33-NW,train,2020,35,31
ISMN_USCRN_Austin-33-NW,train,2021,18,24
ISMN_USCRN_Baker-5-W,oos,2016,19,5
ISMN_USCRN_Baker-5-W,oos,2017,27,10
ISMN_USCRN_Baker-5-W,oos,2018,37,3
ISMN_USCRN_Baker-5-W,oos,2019,37,10
ISMN_USCRN_Baker-5-W,oos,2020,1,0
ISMN_USCRN_Batesville-8-WNW,train,2016,6,33
ISMN_USCRN_Batesville-8-WNW,train,2017,10,60
ISMN_USCRN_Batesville-8-WNW,train,2018,24,58
ISMN_USCRN_Batesville-8-WNW,train,2019,26,57
ISMN_USCRN_Batesville-8-WNW,train,2020,25,58
ISMN_USCRN_Batesville-8-WNW,train,2021,20,51
ISMN_USCRN_Bedford-5-WNW,train,2018,26,47
ISMN_USCRN_Bedford-5-WNW,train,2019,22,57
ISMN_USCRN_Bedford-5-WNW,train,2020,29,58
ISMN_USCRN_Bedford-5-WNW,train,2021,19,51
ISMN_USCRN_Bodega-6-WSW,train,2016,19,21
ISMN_USCRN_Bodega-6-WSW,train,2017,38,59
ISMN_USCRN_Bodega-6-WSW,train,2018,62,40
ISMN_USCRN_Bodega-6-WSW,train,2019,65,81
ISMN_USCRN_Bowling-Green-21-NNE,oos,2016,4,37
ISMN_USCRN_Bowling-Green-21-NNE,oos,2017,9,43
ISMN_USCRN_Bowling-Green-21-NNE,oos,2018,21,48
ISMN_USCRN_Bowling-Green-21-NNE,oos,2019,17,44
ISMN_USCRN_Bronte-11-NNE,train,2017,14,14
ISMN_USCRN_Bronte-11-NNE,train,2018,42,22
ISMN_USCRN_Bronte-11-NNE,train,2019,36,30
ISMN_USCRN_Bronte-11-NNE,train,2020,31,30
ISMN_USCRN_Bronte-11-NNE,train,2021,32,26
ISMN_USCRN_Brunswick-23-S,train,2016,11,13
ISMN_USCRN_Brunswick-23-S,train,2017,15,24
ISMN_USCRN_Brunswick-23-S,train,2018,32,27
ISMN_USCRN_Brunswick-23-S,train,2019,9,12
ISMN_USCRN_Cape-Charles-5-ENE,oos,2016,14,21
ISMN_USCRN_Cape-Charles-5-ENE,oos,2017,22,58
ISMN_USCRN_Cape-Charles-5-ENE,oos,2018,32,57
ISMN_USCRN_Cape-Charles-5-ENE,oos,2019,38,58
ISMN_USCRN_Cape-Charles-5-ENE,oos,2020,25,60
ISMN_USCRN_Cape-Charles-5-ENE,oos,2021,26,45
ISMN_USCRN_Charlottesville-2-SSE,oos,2016,3,21
ISMN_USCRN_Charlottesville-2-SSE,oos,2017,8,57
ISMN_USCRN_Charlottesville-2-SSE,oos,2018,20,59
ISMN_USCRN_Charlottesville-2-SSE,oos,2019,24,60
ISMN_USCRN_Charlottesville-2-SSE,oos,2020,27,55
ISMN_USCRN_Charlottesville-2-SSE,oos,2021,20,45
ISMN_USCRN_Chatham-1-SE,train,2016,13,21
ISMN_USCRN_Chatham-1-SE,train,2017,13,38
ISMN_USCRN_Chatham-1-SE,train,2018,46,57
ISMN_USCRN_Chatham-1-SE,train,2019,38,57
ISMN_USCRN_Chatham-1-SE,train,2020,40,59
ISMN_USCRN_Chatham-1-SE,train,2021,40,43
ISMN_USCRN_Cortez-8-SE,train,2016,21,10
ISMN_USCRN_Cortez-8-SE,train,2017,36,83
ISMN_USCRN_Cortez-8-SE,train,2018,4,5
ISMN_USCRN_Corvallis-10-SSW,oos,2016,13,10
ISMN_USCRN_Corvallis-10-SSW,oos,2017,28,73
ISMN_USCRN_Corvallis-10-SSW,oos,2018,59,59
ISMN_USCRN_Corvallis-10-SSW,oos,2019,46,87
ISMN_USCRN_Corvallis-10-SSW,oos,2020,56,85
ISMN_USCRN_Corvallis-10-SSW,oos,2021,54,78
ISMN_USCRN_Crossville-7-NW,train,2016,7,9
ISMN_USCRN_Crossville-7-NW,train,2017,13,23
ISMN_USCRN_Crossville-7-NW,train,2018,0,1
ISMN_USCRN_Durham-11-W,train,2016,8,14
ISMN_USCRN_Durham-11-W,train,2017,13,29
ISMN_USCRN_Durham-11-W,train,2018,24,34
ISMN_USCRN_Durham-11-W,train,2019,28,33
ISMN_USCRN_Durham-11-W,train,2020,28,26
ISMN_USCRN_Durham-11-W,train,2021,15,13
ISMN_USCRN_Durham-2-N,oos,2016,13,38
ISMN_USCRN_Durham-2-N,oos,2017,22,78
ISMN_USCRN_Durham-2-N,oos,2018,5,7
ISMN_USCRN_Elgin-5-S,oos,2017,12,40
ISMN_USCRN_Elgin-5-S,oos,2018,43,50
ISMN_USCRN_Elgin-5-S,oos,2019,50,58
ISMN_USCRN_Elgin-5-S,oos,2020,56,60
ISMN_USCRN_Elgin-5-S,oos,2021,26,29
ISMN_USCRN_Elkins-21-ENE,train,2016,13,10
ISMN_USCRN_Elkins-21-ENE,train,2017,17,29
ISMN_USCRN_Elkins-21-ENE,train,2018,29,31
ISMN_USCRN_Elkins-21-ENE,train,2019,38,31
ISMN_USCRN_Elkins-21-ENE,train,2020,25,19
ISMN_USCRN_Everglades-City-5-NE,train,2016,14,14
ISMN_USCRN_Everglades-City-5-NE,train,2017,24,24
ISMN_USCRN_Everglades-City-5-NE,train,2018,51,26
ISMN_USCRN_Everglades-City-5-NE,train,2019,59,34
ISMN_USCRN_Everglades-City-5-NE,train,2020,17,7
ISMN_USCRN_Fallbrook-5-NE,train,2016,31,30
ISMN_USCRN_Fallbrook-5-NE,train,2017,45,74
ISMN_USCRN_Fallbrook-5-NE,train,2018,70,80
ISMN_USCRN_Fallbrook-5-NE,train,2019,70,131
ISMN_USCRN_Fallbrook-5-NE,train,2020,72,173
ISMN_USCRN_Fallbrook-5-NE,train,2021,71,154
ISMN_USCRN_Gadsden-19-N,train,2016,4,29
ISMN_USCRN_Gadsden-19-N,train,2017,10,46
ISMN_USCRN_Gadsden-19-N,train,2018,31,47
ISMN_USCRN_Gadsden-19-N,train,2019,29,58
ISMN_USCRN_Gadsden-19-N,train,2020,23,60
ISMN_USCRN_Gadsden-19-N,train,2021,23,51
ISMN_USCRN_Goodwell-2-E,train,2017,17,25
ISMN_USCRN_Goodwell-2-E,train,2018,37,23
ISMN_USCRN_Goodwell-2-E,train,2019,39,18
ISMN_USCRN_Goodwell-2-E,train,2020,16,11
ISMN_USCRN_Goodwell-2-SE,train,2016,12,19
ISMN_USCRN_Goodwell-2-SE,train,2017,19,28
ISMN_USCRN_Goodwell-2-SE,train,2018,36,23
ISMN_USCRN_Goodwell-2-SE,train,2019,35,18
ISMN_USCRN_Goodwell-2-SE,train,2020,47,31
ISMN_USCRN_Goodwell-2-SE,train,2021,35,25
ISMN_USCRN_John-Day-35-WNW,train,2016,17,3
ISMN_USCRN_John-Day-35-WNW,train,2017,23,52
ISMN_USCRN_John-Day-35-WNW,train,2018,30,45
ISMN_USCRN_John-Day-35-WNW,train,2019,36,55
ISMN_USCRN_John-Day-35-WNW,train,2020,37,57
ISMN_USCRN_John-Day-35-WNW,train,2021,36,51
ISMN_USCRN_Joplin-24-N,train,2017,16,51
ISMN_USCRN_Joplin-24-N,train,2018,28,56
ISMN_USCRN_Joplin-24-N,train,2019,29,50
ISMN_USCRN_Joplin-24-N,train,2020,28,59
ISMN_USCRN_Joplin-24-N,train,2021,1,7
ISMN_USCRN_Lafayette-13-SE,val,2016,10,16
ISMN_USCRN_Lafayette-13-SE,val,2017,21,30
ISMN_USCRN_Lafayette-13-SE,val,2018,29,29
ISMN_USCRN_Lafayette-13-SE,val,2019,27,30
ISMN_USCRN_Lafayette-13-SE,val,2020,31,34
ISMN_USCRN_Lafayette-13-SE,val,2021,18,27
ISMN_USCRN_Las-Cruces-20-N,train,2016,24,3
ISMN_USCRN_Las-Cruces-20-N,train,2017,47,78
ISMN_USCRN_Las-Cruces-20-N,train,2018,108,89
ISMN_USCRN_Las-Cruces-20-N,train,2019,97,90
ISMN_USCRN_Las-Cruces-20-N,train,2020,117,88
ISMN_USCRN_Las-Cruces-20-N,train,2021,86,73
ISMN_USCRN_Los-Alamos-13-W,train,2016,8,5
ISMN_USCRN_Los-Alamos-13-W,train,2017,18,79
ISMN_USCRN_Los-Alamos-13-W,train,2018,40,77
ISMN_USCRN_Los-Alamos-13-W,train,2019,36,80
ISMN_USCRN_Los-Alamos-13-W,train,2020,40,80
ISMN_USCRN_McClellanville-7-NE,train,2016,17,25
ISMN_USCRN_McClellanville-7-NE,train,2017,25,58
ISMN_USCRN_McClellanville-7-NE,train,2018,54,61
ISMN_USCRN_McClellanville-7-NE,train,2019,67,61
ISMN_USCRN_McClellanville-7-NE,train,2020,53,56
ISMN_USCRN_McClellanville-7-NE,train,2021,44,49
ISMN_USCRN_Mercury-3-SSW,train,2016,37,4
ISMN_USCRN_Mercury-3-SSW,train,2017,56,72
ISMN_USCRN_Mercury-3-SSW,train,2018,107,88
ISMN_USCRN_Mercury-3-SSW,train,2019,99,111
ISMN_USCRN_Mercury-3-SSW,train,2020,111,149
ISMN_USCRN_Mercury-3-SSW,train,2021,88,125
ISMN_USCRN_Monahans-6-ENE,train,2016,13,2
ISMN_USCRN_Monahans-6-ENE,train,2017,23,48
ISMN_USCRN_Monahans-6-ENE,train,2018,45,53
ISMN_USCRN_Monahans-6-ENE,train,2019,45,44
ISMN_USCRN_Monahans-6-ENE,train,2020,50,58
ISMN_USCRN_Monahans-6-ENE,train,2021,45,50
ISMN_USCRN_Monroe-26-N,val,2016,13,14
ISMN_USCRN_Monroe-26-N,val,2017,19,30
ISMN_USCRN_Monroe-26-N,val,2018,47,29
ISMN_USCRN_Monroe-26-N,val,2019,4,2
ISMN_USCRN_Muleshoe-19-S,val,2017,20,40
ISMN_USCRN_Muleshoe-19-S,val,2018,37,53
ISMN_USCRN_Muleshoe-19-S,val,2019,43,44
ISMN_USCRN_Muleshoe-19-S,val,2020,51,59
ISMN_USCRN_Muleshoe-19-S,val,2021,42,50
ISMN_USCRN_Newton-5-ENE,oos,2016,3,14
ISMN_USCRN_Newton-5-ENE,oos,2017,12,54
ISMN_USCRN_Newton-5-ENE,oos,2018,23,57
ISMN_USCRN_Newton-5-ENE,oos,2019,25,57
ISMN_USCRN_Newton-5-ENE,oos,2020,30,60
ISMN_USCRN_Newton-5-ENE,oos,2021,15,46
ISMN_USCRN_Newton-8-W,train,2016,11,19
ISMN_USCRN_Newton-8-W,train,2017,22,27
ISMN_USCRN_Newton-8-W,train,2018,41,24
ISMN_USCRN_Panther-Junction-2-N,train,2016,10,15
ISMN_USCRN_Panther-Junction-2-N,train,2017,19,133
ISMN_USCRN_Panther-Junction-2-N,train,2018,45,154
ISMN_USCRN_Panther-Junction-2-N,train,2019,46,154
ISMN_USCRN_Panther-Junction-2-N,train,2020,49,175
ISMN_USCRN_Panther-Junction-2-N,train,2021,36,147
ISMN_USCRN_Quinault-4-NE,train,2016,2,36
ISMN_USCRN_Quinault-4-NE,train,2017,11,77
ISMN_USCRN_Quinault-4-NE,train,2018,23,90
ISMN_USCRN_Quinault-4-NE,train,2019,21,114
ISMN_USCRN_Quinault-4-NE,train,2020,21,114
ISMN_USCRN_Quinault-4-NE,train,2021,11,53
ISMN_USCRN_Salem-10-W,val,2016,3,11
ISMN_USCRN_Salem-10-W,val,2017,15,28
ISMN_USCRN_Salem-10-W,val,2018,24,29
ISMN_USCRN_Salem-10-W,val,2019,24,27
ISMN_USCRN_Salem-10-W,val,2020,28,26
ISMN_USCRN_Salem-10-W,val,2021,3,4
ISMN_USCRN_Santa-Barbara-11-W,train,2017,31,43
ISMN_USCRN_Santa-Barbara-11-W,train,2018,44,68
ISMN_USCRN_Santa-Barbara-11-W,train,2019,47,97
ISMN_USCRN_Santa-Barbara-11-W,train,2020,44,122
ISMN_USCRN_Santa-Barbara-11-W,train,2021,35,103
ISMN_USCRN_Socorro-20-N,train,2016,11,3
ISMN_USCRN_Socorro-20-N,train,2017,22,53
ISMN_USCRN_Socorro-20-N,train,2018,51,60
ISMN_USCRN_Socorro-20-N,train,2019,46,60
ISMN_USCRN_Socorro-20-N,train,2020,48,59
ISMN_USCRN_Socorro-20-N,train,2021,38,50
ISMN_USCRN_Spokane-17-SSW,train,2017,18,66
ISMN_USCRN_Spokane-17-SSW,train,2018,63,92
ISMN_USCRN_Spokane-17-SSW,train,2019,55,98
ISMN_USCRN_Spokane-17-SSW,train,2020,56,119
ISMN_USCRN_Spokane-17-SSW,train,2021,53,101
ISMN_USCRN_Stillwater-2-W,train,2016,11,22
ISMN_USCRN_Stillwater-2-W,train,2017,16,24
ISMN_USCRN_Stillwater-2-W,train,2018,34,49
ISMN_USCRN_Stillwater-2-W,train,2019,39,55
ISMN_USCRN_Stillwater-2-W,train,2020,37,54
ISMN_USCRN_Stillwater-2-W,train,2021,31,50
ISMN_USCRN_Stillwater-5-WNW,train,2016,11,22
ISMN_USCRN_Stillwater-5-WNW,train,2017,18,24
ISMN_USCRN_Stillwater-5-WNW,train,2018,34,49
ISMN_USCRN_Stillwater-5-WNW,train,2019,40,55
ISMN_USCRN_Stillwater-5-WNW,train,2020,33,50
ISMN_USCRN_Stovepipe-Wells-1-SW,train,2016,11,7
ISMN_USCRN_Stovepipe-Wells-1-SW,train,2017,24,82
ISMN_USCRN_Stovepipe-Wells-1-SW,train,2018,56,78
ISMN_USCRN_Stovepipe-Wells-1-SW,train,2019,49,123
ISMN_USCRN_Stovepipe-Wells-1-SW,train,2020,59,145
ISMN_USCRN_Stovepipe-Wells-1-SW,train,2021,50,128
ISMN_USCRN_Tucson-11-W,oos,2016,25,3
ISMN_USCRN_Tucson-11-W,oos,2017,36,74
ISMN_USCRN_Tucson-11-W,oos,2018,47,67
ISMN_USCRN_Tucson-11-W,oos,2019,51,77
ISMN_USCRN_Tucson-11-W,oos,2020,58,90
ISMN_USCRN_Tucson-11-W,oos,2021,47,102
ISMN_USCRN_Versailles-3-NNW,oos,2016,8,41
ISMN_USCRN_Versailles-3-NNW,oos,2017,20,47
ISMN_USCRN_Versailles-3-NNW,oos,2018,41,51
ISMN_USCRN_Versailles-3-NNW,oos,2019,30,56
ISMN_USCRN_Versailles-3-NNW,oos,2020,33,57
ISMN_USCRN_Versailles-3-NNW,oos,2021,33,46
ISMN_USCRN_Watkinsville-5-SSE,train,2016,7,30
ISMN_USCRN_Watkinsville-5-SSE,train,2017,13,45
ISMN_USCRN_Watkinsville-5-SSE,train,2018,28,51
ISMN_USCRN_Watkinsville-5-SSE,train,2019,28,59
ISMN_USCRN_Watkinsville-5-SSE,train,2020,36,57
ISMN_USCRN_Watkinsville-5-SSE,train,2021,30,47
ISMN_USCRN_Yosemite-Village-12-W,train,2018,18,44
ISMN_USCRN_Yosemite-Village-12-W,train,2019,42,139
ISMN_USCRN_Yosemite-Village-12-W,train,2020,49,180
ISMN_USCRN_Yosemite-Village-12-W,train,2021,50,156
ISMN_USCRN_Yuma-27-ENE,oos,2016,53,6
ISMN_USCRN_Yuma-27-ENE,oos,2017,75,59
ISMN_USCRN_Yuma-27-ENE,oos,2018,108,61
ISMN_USCRN_Yuma-27-ENE,oos,2019,111,70
ISMN_USCRN_Yuma-27-ENE,oos,2020,125,88
ISMN_USCRN_Yuma-27-ENE,oos,2021,91,105
ISMN_WATERLINE_Kerasia,train,2021,3,20
ISMN_WATERLINE_Kerasia,train,2022,37,60
ISMN_WATERLINE_Kerasia,train,2023,24,58
ISMN_WATERLINE_Kerasia,train,2024,32,49
ISMN_WATERLINE_Kerasia,train,2025,17,37
ISMN_WATERLINE_Komotini,oos,2022,41,56
ISMN_WATERLINE_Komotini,oos,2023,30,58
ISMN_WATERLINE_Komotini,oos,2024,37,49
ISMN_WATERLINE_Komotini,oos,2025,21,37
ISMN_WATERLINE_Nymfaia,train,2021,3,26
ISMN_WATERLINE_Nymfaia,train,2022,33,60
ISMN_WATERLINE_Nymfaia,train,2023,29,58
ISMN_WATERLINE_Nymfaia,train,2024,33,49
ISMN_WATERLINE_Nymfaia,train,2025,14,37
ISMN_XMS-CAT_BatlliudeSort,train,2016,10,64
ISMN_XMS-CAT_BatlliudeSort,train,2017,33,176
ISMN_XMS-CAT_BatlliudeSort,train,2018,44,151
ISMN_XMS-CAT_BatlliudeSort,train,2019,44,136
ISMN_XMS-CAT_BatlliudeSort,train,2020,35,179
ISMN_XMS-CAT_BatlliudeSort,train,2021,37,175
ISMN_XMS-CAT_BatlliudeSort,train,2022,34,90
ISMN_XMS-CAT_BatlliudeSort,train,2023,37,86
ISMN_XMS-CAT_BatlliudeSort,train,2024,41,81
ISMN_XMS-CAT_BatlliudeSort,train,2025,55,150
ISMN_XMS-CAT_BordaColl,train,2021,9,12
ISMN_XMS-CAT_BordaColl,train,2022,86,90
ISMN_XMS-CAT_BordaColl,train,2023,87,86
ISMN_XMS-CAT_BordaColl,train,2024,77,81
ISMN_XMS-CAT_BordaColl,train,2025,95,150
ISMN_XMS-CAT_CamidelsNerets,train,2017,32,134
ISMN_XMS-CAT_CamidelsNerets,train,2018,41,150
ISMN_XMS-CAT_CamidelsNerets,train,2019,43,136
ISMN_XMS-CAT_CamidelsNerets,train,2020,35,178
ISMN_XMS-CAT_CamidelsNerets,train,2021,31,175
ISMN_XMS-CAT_CamidelsNerets,train,2022,38,90
ISMN_XMS-CAT_CamidelsNerets,train,2023,43,86
ISMN_XMS-CAT_CamidelsNerets,train,2024,38,79
ISMN_XMS-CAT_CamidelsNerets,train,2025,57,150
ISMN_XMS-CAT_Clarella,train,2021,8,12
ISMN_XMS-CAT_Clarella,train,2022,52,89
ISMN_XMS-CAT_Clarella,train,2023,49,85
ISMN_XMS-CAT_Clarella,train,2024,53,83
ISMN_XMS-CAT_Clarella,train,2025,47,152
ISMN_XMS-CAT_ClotdelesPeresII,train,2021,27,148
ISMN_XMS-CAT_ClotdelesPeresII,train,2022,39,90
ISMN_XMS-CAT_ClotdelesPeresII,train,2023,44,86
ISMN_XMS-CAT_ClotdelesPeresII,train,2024,39,79
ISMN_XMS-CAT_ClotdelesPeresII,train,2025,54,150
ISMN_XMS-CAT_ColldePaller,train,2019,63,118
ISMN_XMS-CAT_ColldePaller,train,2020,70,178
ISMN_XMS-CAT_ColldePaller,train,2021,63,175
ISMN_XMS-CAT_ColldePaller,train,2022,82,90
ISMN_XMS-CAT_ColldePaller,train,2023,81,86
ISMN_XMS-CAT_ColldePaller,train,2024,72,79
ISMN_XMS-CAT_ColldePaller,train,2025,78,150
ISMN_XMS-CAT_ElBoixer,train,2019,28,118
ISMN_XMS-CAT_ElBoixer,train,2020,38,179
ISMN_XMS-CAT_ElBoixer,train,2021,33,175
ISMN_XMS-CAT_ElBoixer,train,2022,32,90
ISMN_XMS-CAT_ElBoixer,train,2023,36,86
ISMN_XMS-CAT_ElBoixer,train,2024,35,81
ISMN_XMS-CAT_ElBoixer,train,2025,48,150
ISMN_XMS-CAT_ElMiracle,train,2021,24,60
ISMN_XMS-CAT_ElMiracle,train,2022,82,90
ISMN_XMS-CAT_ElMiracle,train,2023,82,86
ISMN_XMS-CAT_ElMiracle,train,2024,65,79
ISMN_XMS-CAT_ElMiracle,train,2025,76,150
ISMN_XMS-CAT_LaCultiadAreu,train,2020,58,151
ISMN_XMS-CAT_LaCultiadAreu,train,2021,72,175
ISMN_XMS-CAT_LaCultiadAreu,train,2022,79,90
ISMN_XMS-CAT_LaCultiadAreu,train,2023,76,86
ISMN_XMS-CAT_LaCultiadAreu,train,2024,63,81
ISMN_XMS-CAT_LaCultiadAreu,train,2025,90,150
ISMN_XMS-CAT_Llivia,train,2021,37,87
ISMN_XMS-CAT_Llivia,train,2022,75,89
ISMN_XMS-CAT_Llivia,train,2023,81,85
ISMN_XMS-CAT_Llivia,train,2024,70,83
ISMN_XMS-CAT_Llivia,train,2025,88,152
ISMN_XMS-CAT_LosCoscolls,train,2017,6,30
ISMN_XMS-CAT_LosCoscolls,train,2018,44,151
ISMN_XMS-CAT_LosCoscolls,train,2019,40,136
ISMN_XMS-CAT_LosCoscolls,train,2020,36,178
ISMN_XMS-CAT_LosCoscolls,train,2021,33,175
ISMN_XMS-CAT_LosCoscolls,train,2022,36,90
ISMN_XMS-CAT_LosCoscolls,train,2023,45,86
ISMN_XMS-CAT_LosCoscolls,train,2024,39,79
ISMN_XMS-CAT_LosCoscolls,train,2025,57,150
ISMN_XMS-CAT_Pessonada,val,2017,30,133
ISMN_XMS-CAT_Pessonada,val,2018,47,151
ISMN_XMS-CAT_Pessonada,val,2019,47,136
ISMN_XMS-CAT_Pessonada,val,2020,39,178
ISMN_XMS-CAT_Pessonada,val,2021,39,175
ISMN_XMS-CAT_Pessonada,val,2022,40,90
ISMN_XMS-CAT_Pessonada,val,2023,40,86
ISMN_XMS-CAT_Pessonada,val,2024,40,79
ISMN_XMS-CAT_Pessonada,val,2025,57,150
ISMN_XMS-CAT_RiberadeSio,train,2020,34,150
ISMN_XMS-CAT_RiberadeSio,train,2021,34,175
ISMN_XMS-CAT_RiberadeSio,train,2022,42,90
ISMN_XMS-CAT_RiberadeSio,train,2023,43,86
ISMN_XMS-CAT_RiberadeSio,train,2024,35,79
ISMN_XMS-CAT_RiberadeSio,train,2025,51,149
ISMN_XMS-CAT_SerradeCostaAmpla,train,2017,31,133
ISMN_XMS-CAT_SerradeCostaAmpla,train,2018,45,151
ISMN_XMS-CAT_SerradeCostaAmpla,train,2019,40,136
ISMN_XMS-CAT_SerradeCostaAmpla,train,2020,36,178
ISMN_XMS-CAT_SerradeCostaAmpla,train,2021,30,175
ISMN_XMS-CAT_SerradeCostaAmpla,train,2022,39,90
ISMN_XMS-CAT_SerradeCostaAmpla,train,2023,18,42
ISMN_iRON_BrushCreek,oos,2016,7,9
ISMN_iRON_BrushCreek,oos,2017,13,78
ISMN_iRON_BrushCreek,oos,2018,38,77
ISMN_iRON_BrushCreek,oos,2019,39,80
ISMN_iRON_BrushCreek,oos,2020,40,85
ISMN_iRON_BrushCreek,oos,2021,41,89
ISMN_iRON_BrushCreek,oos,2022,19,13
ISMN_iRON_GlenwoodSprings,train,2016,0,7
ISMN_iRON_GlenwoodSprings,train,2017,0,103
ISMN_iRON_GlenwoodSprings,train,2018,61,108
ISMN_iRON_GlenwoodSprings,train,2019,88,110
ISMN_iRON_GlenwoodSprings,train,2020,95,114
ISMN_iRON_GlenwoodSprings,train,2021,87,119
ISMN_iRON_GlenwoodSprings,train,2022,33,21
ISMN_iRON_NorthstarAspenGrove,oos,2016,8,8
ISMN_iRON_NorthstarAspenGrove,oos,2017,16,75
ISMN_iRON_NorthstarAspenGrove,oos,2018,43,54
ISMN_iRON_NorthstarAspenGrove,oos,2019,35,51
ISMN_iRON_NorthstarAspenGrove,oos,2020,41,56
ISMN_iRON_NorthstarAspenGrove,oos,2021,18,32
ISMN_iRON_NorthstarTransitionZone,oos,2020,31,39
ISMN_iRON_NorthstarTransitionZone,oos,2021,41,61
ISMN_iRON_NorthstarTransitionZone,oos,2022,41,39
ISMN_iRON_NorthstarTransitionZone,oos,2023,45,57
ISMN_iRON_NorthstarTransitionZone,oos,2024,41,58
ISMN_iRON_NorthstarTransitionZone,oos,2025,35,48
ISMN_iRON_SkyMountain,oos,2016,9,9
ISMN_iRON_SkyMountain,oos,2017,13,78
ISMN_iRON_SkyMountain,oos,2018,37,77
ISMN_iRON_SkyMountain,oos,2019,32,80
ISMN_iRON_SkyMountain,oos,2020,39,85
ISMN_iRON_SkyMountain,oos,2021,39,89
ISMN_iRON_SkyMountain,oos,2022,19,13
