dir_name,soil_moisture_am,soil_moisture_pm,tb_h_corrected_am,tb_v_corrected_am,vegetation_water_content_am,year
ISMN_LAB-net_OromoCalibrationSite,0.3211776912212372,0.3186309039592743,237.94631958007812,252.46900939941406,5.594985485076904,2016
ISMN_COSMOS_KLEE,0.14474649727344513,0.13026002049446106,247.49703979492188,269.7602233886719,0.6044405102729797,2016
ISMN_AMMA-CATCH_Banizoumbou,0.05492228642106056,0.06379405409097672,263.6003112792969,288.9894104003906,0.5303981304168701,2016
ISMN_AMMA-CATCH_Tondikiboro,0.05089554190635681,0.05896305665373802,264.8393859863281,289.6515808105469,0.5945560336112976,2016
ISMN_SD_DEM_Demokeya,0.0367826484143734,0.0424896776676178,268.8131408691406,291.5988464355469,0.5927268266677856,2016
ISMN_SCAN_Combate,,,262.9971008300781,272.68719482421875,4.054894924163818,2016
ISMN_SCAN_Fortuna,0.4997221827507019,0.4997221827507019,77.33489227294922,116.01031494140625,7.280428886413574,2016
ISMN_SCAN_MaricaoForest,0.36704978346824646,0.40299490094184875,264.5138244628906,271.7691650390625,11.611442565917969,2016
ISMN_USCRN_Panther-Junction-2-N,0.1224314272403717,0.11135745048522949,255.04795837402344,274.1914367675781,0.311882883310318,2016
ISMN_SCAN_Uvalde,0.18736997246742249,0.18113785982131958,249.86764526367188,268.6466064453125,0.8719292879104614,2016
ISMN_SCAN_EvergladesARS,0.4655829966068268,0.4608733057975769,169.60292053222656,208.14218139648438,2.6290791034698486,2016
ISMN_USCRN_Everglades-City-5-NE,0.3556026518344879,0.3526504635810852,220.37461853027344,242.0997772216797,4.503078937530518,2016
ISMN_SCAN_SellersLake#1,0.26088809967041016,0.2580726742744446,254.80877685546875,266.6241760253906,7.512575626373291,2016
ISMN_USCRN_Fallbrook-5-NE,0.1267094761133194,0.1268927901983261,257.02960205078125,271.1871032714844,1.4781440496444702,2016
ISMN_USCRN_Santa-Barbara-11-W,,,77.13497924804688,116.83458709716797,3.1073501110076904,2016
ISMN_SCAN_Stubblefield,0.11971049755811691,0.1169830709695816,253.8063507080078,271.0076904296875,0.69479900598526,2016
ISMN_SNOTEL_BakerButteSmt,0.18130245804786682,0.18062050640583038,254.68057250976562,264.31463623046875,4.158054351806641,2016
ISMN_SNOTEL_BakerButte,0.18130245804786682,0.18062050640583038,254.68057250976562,264.31463623046875,4.158054351806641,2016
ISMN_SNOTEL_BarM,0.1967397928237915,0.20305179059505463,249.50054931640625,261.3297119140625,5.211990833282471,2016
ISMN_SNOTEL_MormonMtnSummit,0.1791793704032898,0.18403129279613495,248.21908569335938,261.41815185546875,4.027172088623047,2016
ISMN_SCAN_AdamsRanch#1,0.09571157395839691,0.08345221728086472,249.2742156982422,272.52288818359375,0.2631710469722748,2016
ISMN_SCAN_JornadaExpRange,0.09451872110366821,0.08575154840946198,252.7730712890625,273.5251159667969,0.33937501907348633,2016
ISMN_USCRN_Las-Cruces-20-N,0.09234170615673065,0.08334362506866455,252.71823120117188,273.9986572265625,0.23990999162197113,2016
ISMN_SNOTEL_HawleyLake,0.24250361323356628,0.2521950900554657,250.92987060546875,260.00189208984375,10.024346351623535,2016
ISMN_SNOTEL_Baldy,0.20782159268856049,0.2160155028104782,247.46051025390625,258.7979431152344,8.00101375579834,2016
ISMN_USCRN_Socorro-20-N,0.09477529674768448,0.09235648065805435,250.8291473388672,270.4017639160156,0.20049968361854553,2016
ISMN_SCAN_Sevilleta,0.0877765417098999,0.08572657406330109,253.02816772460938,271.7135925292969,0.23964515328407288,2016
ISMN_SCAN_SanAngelo,0.17941352725028992,0.17226195335388184,240.37962341308594,263.29266357421875,0.7050046324729919,2016
ISMN_USCRN_Monahans-6-ENE,0.07204802334308624,0.0712248682975769,256.6376953125,277.8562316894531,0.3594367504119873,2016
ISMN_USCRN_Bronte-11-NNE,0.1768956333398819,0.1746591478586197,240.99234008789062,263.5396423339844,0.6583561897277832,2016
ISMN_SCAN_WillowWells,0.075245201587677,0.07282322645187378,254.96241760253906,274.1880798339844,0.43397217988967896,2016
ISMN_SCAN_Levelland,0.10890890657901764,0.10015150904655457,250.35833740234375,270.64300537109375,0.577394425868988,2016
ISMN_SCAN_ReeseCenter,0.12786951661109924,0.11647794395685196,245.24301147460938,267.50299072265625,0.7316140532493591,2016
ISMN_SCAN_Lehman,0.09616628289222717,0.09254907071590424,252.93267822265625,272.3802795410156,0.555492639541626,2016
ISMN_USCRN_Muleshoe-19-S,0.1016760915517807,0.10156816244125366,251.6635284423828,271.18487548828125,0.4001310467720032,2016
ISMN_SCAN_PrairieView#1,0.2595228850841522,0.25666892528533936,238.17990112304688,257.0608215332031,2.279240846633911,2016
ISMN_TxSON_LCRA-7,0.2089071422815323,0.20964698493480682,244.79693603515625,262.7248229980469,1.0105938911437988,2016
ISMN_TxSON_LCRA-3,0.20567631721496582,0.20921136438846588,245.09458923339844,263.2707824707031,0.9973897933959961,2016
ISMN_TxSON_CR200-23,0.20567631721496582,0.20921136438846588,245.09458923339844,263.2707824707031,0.9973897933959961,2016
ISMN_TxSON_CR200-12,0.2051667422056198,0.2077246904373169,245.1370391845703,263.1343078613281,0.9878089427947998,2016
ISMN_TxSON_CR200-11,0.20514579117298126,0.20986013114452362,245.25210571289062,263.2832946777344,0.9965188503265381,2016
ISMN_TxSON_CR200-7,0.20567631721496582,0.20921136438846588,245.09458923339844,263.2707824707031,0.9973897933959961,2016
ISMN_TxSON_CR200-5,0.20003001391887665,0.20477722585201263,245.80123901367188,263.81536865234375,1.000274896621704,2016
ISMN_TxSON_CR200-6,0.20104916393756866,0.204762801527977,245.59872436523438,263.79742431640625,1.0122050046920776,2016
ISMN_TxSON_CR1000-2,0.20104916393756866,0.204762801527977,245.59872436523438,263.79742431640625,1.0122050046920776,2016
ISMN_TxSON_CR200-18,0.20104916393756866,0.204762801527977,245.59872436523438,263.79742431640625,1.0122050046920776,2016
ISMN_TxSON_CR200-25,0.20104916393756866,0.204762801527977,245.59872436523438,263.79742431640625,1.0122050046920776,2016
ISMN_TxSON_CR200-15,0.20104916393756866,0.204762801527977,245.59872436523438,263.79742431640625,1.0122050046920776,2016
ISMN_TxSON_CR200-24,0.20104916393756866,0.204762801527977,245.59872436523438,263.79742431640625,1.0122050046920776,2016
ISMN_TxSON_CR200-17,0.20003001391887665,0.20477722585201263,245.80123901367188,263.81536865234375,1.000274896621704,2016
ISMN_TxSON_CR1000-3,0.20003001391887665,0.20477722585201263,245.80123901367188,263.81536865234375,1.000274896621704,2016
ISMN_TxSON_CR200-8,0.20104916393756866,0.204762801527977,245.59872436523438,263.79742431640625,1.0122050046920776,2016
ISMN_TxSON_CR200-16,0.20003001391887665,0.20477722585201263,245.80123901367188,263.81536865234375,1.000274896621704,2016
ISMN_TxSON_CR200-2,0.20003001391887665,0.20477722585201263,245.80123901367188,263.81536865234375,1.000274896621704,2016
ISMN_TxSON_CR200-10,0.20003001391887665,0.20477722585201263,245.80123901367188,263.81536865234375,1.000274896621704,2016
ISMN_TxSON_CR1000-5,0.19707965850830078,0.19803540408611298,246.4342041015625,264.39923095703125,1.0876097679138184,2016
ISMN_TxSON_LCRA-1,0.19291920959949493,0.1927429735660553,247.4146270751953,265.0625305175781,1.1784160137176514,2016
ISMN_TxSON_CR1000-4,0.19011053442955017,0.1912868320941925,247.21946716308594,264.8428039550781,1.0336661338806152,2016
ISMN_USCRN_Austin-33-NW,0.22638817131519318,0.22022807598114014,242.6548614501953,261.3500061035156,1.3596293926239014,2016
ISMN_SCAN_Stephenville,0.2145508974790573,0.2113143354654312,238.5626678466797,259.4338073730469,0.9957733750343323,2016
ISMN_SCAN_KnoxCity,0.15975695848464966,0.15230904519557953,242.19204711914062,265.1954345703125,0.7617590427398682,2016
ISMN_USCRN_Lafayette-13-SE,0.3469734489917755,0.3490726351737976,227.44154357910156,247.9034881591797,3.532735586166382,2016
ISMN_SCAN_Onward,0.3137182891368866,0.3171517252922058,230.6414794921875,250.69119262695312,5.210233688354492,2016
ISMN_SCAN_Mayday,0.29851269721984863,0.29896968603134155,235.1024627685547,253.25372314453125,3.8587050437927246,2016
ISMN_USCRN_Monroe-26-N,0.37855690717697144,0.3832595646381378,240.97341918945312,253.65066528320312,9.42597484588623,2016
ISMN_SCAN_NorthIssaquena,0.2859158515930176,0.28375765681266785,222.73680114746094,247.5696258544922,2.3303682804107666,2016
ISMN_SCAN_Scott,0.2991042137145996,0.29553109407424927,221.07818603515625,246.295166015625,4.2132415771484375,2016
ISMN_SCAN_SandyRidge,0.2765090763568878,0.27616259455680847,214.31240844726562,243.20315551757812,1.7186013460159302,2016
ISMN_SCAN_Perthshire,0.2839200794696808,0.28239020705223083,220.49618530273438,246.68634033203125,2.9382646083831787,2016
ISMN_SCAN_UapbCampus-PB,0.3235405683517456,0.3218150734901428,235.1580352783203,252.1317901611328,6.027695178985596,2016
ISMN_SCAN_UapbDewitt,0.32088109850883484,0.319060355424881,217.9573211669922,242.41688537597656,3.1300573348999023,2016
ISMN_SCAN_Tunica,0.2846872806549072,0.2893487811088562,222.6861114501953,247.89529418945312,2.976152181625366,2016
ISMN_SCAN_TncFortBayou,0.22334565222263336,0.2460467666387558,246.5172119140625,262.51336669921875,3.860955238342285,2016
ISMN_SCAN_KoptisFarms,0.1922459751367569,0.21059605479240417,250.6658172607422,264.75750732421875,3.268786668777466,2016
ISMN_SCAN_RiverRoadFarms,0.20962297916412354,0.21660268306732178,247.7078857421875,263.7899475097656,3.208794593811035,2016
ISMN_SCAN_PerdidoRivFarms,0.24645298719406128,0.2564050257205963,252.24118041992188,263.4602355957031,4.7755537033081055,2016
ISMN_SCAN_Selma,0.2828153371810913,0.2861107587814331,250.60255432128906,261.5069580078125,5.0473504066467285,2016
ISMN_SCAN_SudduthFarms,0.3024260103702545,0.3206039071083069,254.72988891601562,263.2728576660156,9.015563011169434,2016
ISMN_SCAN_Cullman-NAHRC,0.22634664177894592,0.23392035067081451,249.11143493652344,260.9642639160156,4.29800271987915,2016
ISMN_USCRN_Gadsden-19-N,0.2125108242034912,0.21950241923332214,247.784423828125,260.9832458496094,4.47472620010376,2016
ISMN_SCAN_StanleyFarm,0.2138344943523407,0.2241145372390747,246.30934143066406,259.8594665527344,4.013502597808838,2016
ISMN_SCAN_Hodges,0.19536395370960236,0.20444288849830627,248.33157348632812,261.84051513671875,4.854979038238525,2016
ISMN_SCAN_AAMU-JTG,0.22623242437839508,0.23337014019489288,244.36541748046875,259.8693542480469,4.7012834548950195,2016
ISMN_SCAN_IsbellFarms,0.226192444562912,0.24339312314987183,255.68368530273438,265.0933532714844,8.829758644104004,2016
ISMN_SCAN_BraggFarm,0.21927320957183838,0.22494088113307953,241.73667907714844,258.4068603515625,2.976651191711426,2016
ISMN_SCAN_Wtars,0.22411060333251953,0.23085102438926697,243.60140991210938,259.1897277832031,3.913800001144409,2016
ISMN_SCAN_Wakulla#1,0.328856885433197,0.3450573980808258,253.36831665039062,264.3333740234375,11.039308547973633,2016
ISMN_USCRN_Brunswick-23-S,,,250.48692321777344,272.9877624511719,5.7470383644104,2016
ISMN_USCRN_Newton-8-W,0.20108731091022491,0.206619530916214,248.790771484375,264.35809326171875,3.8416264057159424,2016
ISMN_SCAN_LittleRiver,0.20542532205581665,0.20911665260791779,246.48487854003906,261.9943542480469,2.820819854736328,2016
ISMN_SCAN_YoumansFarm,0.29980742931365967,0.3025357127189636,250.68197631835938,261.41961669921875,7.191491603851318,2016
ISMN_USCRN_Watkinsville-5-SSE,0.2537415623664856,0.25937825441360474,252.55650329589844,262.9858093261719,6.268255233764648,2016
ISMN_SCAN_Watkinsville#1,0.24101097881793976,0.24636854231357574,251.4939422607422,262.39117431640625,4.329360008239746,2016
ISMN_USCRN_McClellanville-7-NE,0.2078394740819931,0.23086939752101898,241.49295043945312,262.2208251953125,8.110563278198242,2016
ISMN_SCAN_PeeDee,0.3250393271446228,0.32820722460746765,243.07424926757812,257.00244140625,7.198611259460449,2016
ISMN_NGARI_SQ20,0.09445231407880783,0.08505725860595703,240.58309936523438,257.66131591796875,1.0794310156825304e-07,2016
ISMN_NGARI_SQ21,0.09933532774448395,0.09167880564928055,240.78208923339844,257.0721740722656,0.0010024658404290676,2016
ISMN_NGARI_ALI01,0.13148345053195953,0.12180081009864807,242.41038513183594,255.42420959472656,0.0025454165879637003,2016
ISMN_NGARI_SQ19,0.09070533514022827,0.08257366716861725,240.75440979003906,258.26422119140625,5.043627606937662e-05,2016
ISMN_NAQU_NQMS,0.22387202084064484,0.18683184683322906,225.38067626953125,248.53138732910156,0.392434298992157,2016
ISMN_NAQU_NQKema,0.2380545437335968,0.21736249327659607,226.7080078125,246.6783447265625,0.4179367125034332,2016
ISMN_NAQU_NQNorth,0.224670872092247,0.17767181992530823,224.47743225097656,248.19317626953125,0.3869551718235016,2016
ISMN_SCAN_Vallecitos,0.15480443835258484,0.14795023202896118,255.31459045410156,268.0124816894531,1.3452370166778564,2016
ISMN_SCAN_MonoclineRidge,0.15920913219451904,0.14383386075496674,250.0350799560547,266.6739196777344,0.9640878438949585,2016
ISMN_FLUXNET-AMERIFLUX_BouldinIslandAlfalfa,0.2628609836101532,0.24187979102134705,230.72161865234375,252.65208435058594,2.1576459407806396,2016
ISMN_FLUXNET-AMERIFLUX_VairaRanch,0.20212192833423615,0.1986216902732849,243.18145751953125,260.546875,1.7239421606063843,2016
ISMN_FLUXNET-AMERIFLUX_TonziRanch,0.20212192833423615,0.1986216902732849,243.18145751953125,260.546875,1.7239421606063843,2016
ISMN_SNOTEL_CarsonPass,0.17171961069107056,0.20680595934391022,252.0738525390625,259.3292236328125,7.519829273223877,2016
ISMN_SNOTEL_Rubicon#2,0.1505817323923111,0.18649809062480927,253.82675170898438,261.5811767578125,8.374201774597168,2016
ISMN_SNOTEL_WardCreek#3,0.18686431646347046,0.21844936907291412,253.7160186767578,260.92181396484375,10.045437812805176,2016
ISMN_SNOTEL_TahoeCityCross,0.18686431646347046,0.21844936907291412,253.7160186767578,260.92181396484375,10.045437812805176,2016
ISMN_SNOTEL_PalisadesTahoe,0.21593880653381348,0.25162288546562195,253.32713317871094,260.0176086425781,10.227945327758789,2016
ISMN_CW3E_BrownsValleySchool,0.29372599720954895,0.28193947672843933,233.07919311523438,251.5927276611328,2.482574462890625,2016
ISMN_SNOTEL_Truckee#2,0.19085778295993805,0.2268887162208557,251.7201385498047,259.92919921875,9.533621788024902,2016
ISMN_CW3E_BoyesCreekCanyon,0.3055626153945923,0.31372755765914917,256.1005859375,262.01019287109375,7.871838092803955,2016
ISMN_CW3E_PotterValleyNorth,0.3063994348049164,0.31664854288101196,255.93728637695312,262.0608825683594,8.668071746826172,2016
ISMN_SNOTEL_IndependenceLake,0.24344225227832794,0.26884302496910095,249.66029357910156,257.4720458984375,9.51187515258789,2016
ISMN_SNOTEL_IndependenceCamp,0.219928577542305,0.24888959527015686,249.68896484375,258.16046142578125,9.207204818725586,2016
ISMN_SNOTEL_IndependenceCreek,0.219928577542305,0.24888959527015686,249.68896484375,258.16046142578125,9.207204818725586,2016
ISMN_CW3E_FeatherRiverCollege,0.30612272024154663,0.3426378071308136,254.51473999023438,259.77642822265625,12.093527793884277,2016
ISMN_SCAN_LovellSummit,0.10201127082109451,0.10374753922224045,251.48838806152344,269.2583312988281,0.9561042785644531,2016
ISMN_SNOTEL_LeeCanyon,0.10484425723552704,0.10804110020399094,251.48724365234375,269.0535888671875,1.1593879461288452,2016
ISMN_SNOTEL_BristleconeTrail,0.10731272399425507,0.11154502630233765,251.85142517089844,269.2917175292969,1.2753163576126099,2016
ISMN_SCAN_Charkiln,0.10439593344926834,0.10725356638431549,251.97242736816406,269.9347229003906,1.0535039901733398,2016
ISMN_SCAN_PineNut,0.10683613270521164,0.11108046025037766,251.69268798828125,269.950439453125,0.4297873079776764,2016
ISMN_USCRN_Stovepipe-Wells-1-SW,0.11293308436870575,0.12288106232881546,258.8661804199219,275.0650634765625,0.022991230711340904,2016
ISMN_USCRN_Mercury-3-SSW,0.086076520383358,0.08845007419586182,250.62913513183594,272.39324951171875,0.1832047998905182,2016
ISMN_USCRN_Yosemite-Village-12-W,0.25051239132881165,0.2700437903404236,254.82412719726562,261.5506896972656,9.150825500488281,2016
ISMN_SCAN_MarbleCreek,0.08005040138959885,0.09913717210292816,255.7740020751953,269.10565185546875,0.33996281027793884,2016
ISMN_SNOTEL_VirginiaLakesRidge,0.13935117423534393,0.17147453129291534,250.6439208984375,259.4102783203125,1.7300136089324951,2016
ISMN_SCAN_BodieHills,0.10942257940769196,0.12940643727779388,252.42929077148438,263.73797607421875,0.7265415191650391,2016
ISMN_SNOTEL_LeavittLake,0.1509755551815033,0.18330992758274078,250.59071350097656,258.29730224609375,2.803422212600708,2016
ISMN_SNOTEL_LeavittMeadows,0.13707081973552704,0.16404779255390167,250.63792419433594,258.86126708984375,1.739648699760437,2016
ISMN_SNOTEL_SonoraPass,0.1509755551815033,0.18330992758274078,250.59071350097656,258.29730224609375,2.803422212600708,2016
ISMN_SNOTEL_SummitMeadow,0.13001199066638947,0.15864403545856476,251.55380249023438,260.0014953613281,2.565108060836792,2016
ISMN_SNOTEL_LobdellLake,0.10756059736013412,0.1233750656247139,252.47891235351562,263.0436706542969,0.8186555504798889,2016
ISMN_SNOTEL_PoisonFlat,0.14019657671451569,0.16738170385360718,251.90684509277344,260.9524230957031,5.146162033081055,2016
ISMN_SNOTEL_EbbettsPass,0.17073582112789154,0.21224649250507355,252.24407958984375,259.5556640625,7.253350734710693,2016
ISMN_SNOTEL_BlueLakes,0.16933573782444,0.20817425847053528,251.85543823242188,259.36663818359375,7.105640411376953,2016
ISMN_SNOTEL_SprattCreek,0.16018924117088318,0.19153162837028503,251.4078826904297,259.680908203125,6.863334655761719,2016
ISMN_SNOTEL_MonitorPass,0.1272825300693512,0.14340393245220184,250.76121520996094,262.33599853515625,2.549938678741455,2016
ISMN_SNOTEL_HorseMeadow,0.15834113955497742,0.18899038434028625,251.18600463867188,260.46258544921875,6.741565227508545,2016
ISMN_SNOTEL_HagansMeadow,0.15834113955497742,0.18899038434028625,251.18600463867188,260.46258544921875,6.741565227508545,2016
ISMN_SNOTEL_HeavenlyValley,0.14739090204238892,0.17806309461593628,251.56788635253906,261.67681884765625,6.540297508239746,2016
ISMN_SNOTEL_MarletteLake,0.10832443833351135,0.1341487318277359,252.974365234375,264.312744140625,5.83683443069458,2016
ISMN_SNOTEL_LittleValley,0.11684077978134155,0.13851340115070343,252.20408630371094,263.9124450683594,6.047508716583252,2016
ISMN_SNOTEL_VacarroSprings,0.10252602398395538,0.1069556176662445,246.1999053955078,263.9111328125,0.4221569001674652,2016
ISMN_SNOTEL_BigMeadow,0.1274683177471161,0.1407473087310791,249.61756896972656,262.7778625488281,4.640923976898193,2016
ISMN_SNOTEL_PorterCanyon,0.10046884417533875,0.10704001784324646,246.65773010253906,263.9890441894531,0.37437817454338074,2016
ISMN_SNOTEL_Chalender,0.16173416376113892,0.16093699634075165,248.10984802246094,261.89788818359375,3.1367743015289307,2016
ISMN_SCAN_Vermillion,0.11381305754184723,0.12316697835922241,253.81781005859375,266.7585754394531,0.36046382784843445,2016
ISMN_SCAN_CaveValley,0.12988851964473724,0.1346026211977005,254.01080322265625,264.9136962890625,0.7130197286605835,2016
ISMN_SNOTEL_GardnerPeak,0.12337115406990051,0.12605859339237213,254.3347930908203,266.4685974121094,2.1372506618499756,2016
ISMN_SNOTEL_LittleGrassy,0.11306992918252945,0.11212938278913498,253.9594268798828,267.5325012207031,0.663682758808136,2016
ISMN_SNOTEL_LongValleyJct,0.15562406182289124,0.1629006713628769,251.76608276367188,261.7857360839844,1.9842923879623413,2016
ISMN_SNOTEL_HarrisFlat,0.15520741045475006,0.16072054207324982,251.9473419189453,261.48687744140625,2.134061574935913,2016
ISMN_SNOTEL_GutzPeak,0.11175092309713364,0.11025375127792358,254.46322631835938,267.7618408203125,0.7676603198051453,2016
ISMN_SNOTEL_LongFlat,0.12330733984708786,0.12354256957769394,253.1513214111328,265.42840576171875,2.2691190242767334,2016
ISMN_SNOTEL_Kolob,0.13251255452632904,0.13503572344779968,250.7954559326172,262.8013610839844,1.2873437404632568,2016
ISMN_SNOTEL_MidwayValley,0.1526067703962326,0.15437033772468567,251.3223114013672,260.70452880859375,2.8534512519836426,2016
ISMN_SNOTEL_WebsterFlat,0.14635694026947021,0.14882366359233856,251.05557250976562,261.1053466796875,2.004612684249878,2016
ISMN_SNOTEL_SuuRanch,0.13955733180046082,0.13915489614009857,250.00038146972656,261.41064453125,2.812241315841675,2016
ISMN_SCAN_Enterprise,0.10440532863140106,0.10277032852172852,250.0389862060547,266.2997741699219,0.5368397831916809,2016
ISMN_SNOTEL_CastleValley,0.14384576678276062,0.14509044587612152,250.75054931640625,260.7002258300781,3.593196153640747,2016
ISMN_SNOTEL_Widtsoe#3,0.13931743800640106,0.14357198774814606,251.0693817138672,261.89776611328125,2.9180212020874023,2016
ISMN_SCAN_Panguitch,0.12108389288187027,0.12264322489500046,249.4600830078125,261.83648681640625,1.2020838260650635,2016
ISMN_SNOTEL_MtPennell,0.10306497663259506,0.1039535328745842,255.3432159423828,268.44964599609375,0.41844651103019714,2016
ISMN_SNOTEL_SunflowerFlat,0.1313755214214325,0.1407567858695984,251.94374084472656,263.127197265625,2.7181284427642822,2016
ISMN_SNOTEL_LonesomeBeaver,0.10306497663259506,0.1039535328745842,255.3432159423828,268.44964599609375,0.41844651103019714,2016
ISMN_SNOTEL_JonesCorral,0.1246170848608017,0.12643969058990479,249.62437438964844,261.5726623535156,1.6467647552490234,2016
ISMN_SNOTEL_DonkeyReservoir,0.1415559947490692,0.15210343897342682,249.0166015625,261.2951965332031,3.648942232131958,2016
ISMN_SNOTEL_MerchantValley,0.12952911853790283,0.13370108604431152,250.9446258544922,262.0656433105469,4.40635347366333,2016
ISMN_SCAN_Manderfield,0.10864577442407608,0.11043336242437363,249.70985412597656,263.48187255859375,1.9316391944885254,2016
ISMN_SNOTEL_KimberlyMine,0.12267783284187317,0.12835276126861572,251.04441833496094,262.7876281738281,2.64078426361084,2016
ISMN_SNOTEL_BoxSprings,0.13019134104251862,0.13857167959213257,250.2626190185547,262.09716796875,3.0703389644622803,2016
ISMN_SNOTEL_FishLakeUtah,0.1254824995994568,0.13320386409759521,248.77696228027344,261.49420166015625,2.1170408725738525,2016
ISMN_SNOTEL_BoxCreek,0.13019134104251862,0.13857167959213257,250.2626190185547,262.09716796875,3.0703389644622803,2016
ISMN_SNOTEL_BlackFlat-U.M.Ck,0.13954250514507294,0.1461891531944275,250.28355407714844,261.3672180175781,2.3242626190185547,2016
ISMN_SNOTEL_FarnsworthLake,0.13762471079826355,0.14530952274799347,249.7986297607422,261.0262756347656,2.5467662811279297,2016
ISMN_SNOTEL_GooseberryRSUp,0.13762471079826355,0.14530952274799347,249.7986297607422,261.0262756347656,2.5467662811279297,2016
ISMN_SNOTEL_GooseberryRS,0.13762471079826355,0.14530952274799347,249.7986297607422,261.0262756347656,2.5467662811279297,2016
ISMN_SNOTEL_BobsHollow,0.12807050347328186,0.13733723759651184,249.3555908203125,262.580810546875,2.097043991088867,2016
ISMN_SNOTEL_WheelerPeak,0.09393122047185898,0.1048671305179596,249.75086975097656,265.08001708984375,1.519270896911621,2016
ISMN_SNOTEL_PickleKeg,0.14351139962673187,0.14966170489788055,249.30227661132812,260.8072509765625,1.7024990320205688,2016
ISMN_SNOTEL_WardMountain,0.09995965659618378,0.10665219277143478,249.2886962890625,263.9909362792969,0.47439518570899963,2016
ISMN_SNOTEL_BuckFlat,0.15282177925109863,0.16028283536434174,248.41880798339844,260.042236328125,1.8642827272415161,2016
ISMN_SNOTEL_BeaverDams,0.15282177925109863,0.16028283536434174,248.41880798339844,260.042236328125,1.8642827272415161,2016
ISMN_SNOTEL_CaveMountain,0.0988723635673523,0.10814647376537323,249.30364990234375,264.03125,0.6886400580406189,2016
ISMN_SCAN_Holden,0.11561555415391922,0.12412441521883011,242.81863403320312,263.6420593261719,0.31204548478126526,2016
ISMN_SCAN_TuleValley,0.11794775724411011,0.12960411608219147,240.74513244628906,262.9045104980469,0.18246157467365265,2016
ISMN_SNOTEL_ThistleFlat,0.150045707821846,0.1584548056125641,247.76617431640625,259.8028259277344,1.643970251083374,2016
ISMN_SNOTEL_GBRCMeadows,0.1503894329071045,0.16036003828048706,247.14047241210938,259.5753479003906,2.0784270763397217,2016
ISMN_SNOTEL_SeeleyCreek,0.1503894329071045,0.16036003828048706,247.14047241210938,259.5753479003906,2.0784270763397217,2016
ISMN_SNOTEL_BerryCreek,0.10472994297742844,0.11255347728729248,248.1050262451172,263.44647216796875,0.8974748253822327,2016
ISMN_SNOTEL_GBRCHQ,0.1503894329071045,0.16036003828048706,247.14047241210938,259.5753479003906,2.0784270763397217,2016
ISMN_SNOTEL_OakCreek,0.1022128313779831,0.1078273132443428,248.3824462890625,265.3069763183594,0.4658091366291046,2016
ISMN_SCAN_Ephraim,0.14223498106002808,0.15027153491973877,246.67034912109375,260.0875244140625,1.3142355680465698,2016
ISMN_SNOTEL_UpperJoesValley,0.15458951890468597,0.1629944145679474,248.80296325683594,259.6549072265625,2.3689684867858887,2016
ISMN_SNOTEL_ReesFlat,0.13640479743480682,0.14282037317752838,246.79183959960938,260.8854064941406,0.6750472187995911,2016
ISMN_SCAN_Price,0.1212993934750557,0.12384206056594849,247.9316864013672,264.0890808105469,0.21030418574810028,2016
ISMN_SNOTEL_Kalamazoo,0.10146933794021606,0.10779793560504913,247.45504760742188,263.78509521484375,0.655371904373169,2016
ISMN_SNOTEL_HuntingtonHorse,0.15537196397781372,0.16659460961818695,249.0472869873047,259.3940124511719,2.0056543350219727,2016
ISMN_SCAN_Nephi,0.12113556265830994,0.1243111714720726,247.6067657470703,262.84466552734375,0.6364068984985352,2016
ISMN_SNOTEL_Timberline,0.1393953561782837,0.147049218416214,252.2313690185547,263.2760009765625,1.8777871131896973,2016
ISMN_SNOTEL_Mammoth-Cottonwood,0.15537196397781372,0.16659460961818695,249.0472869873047,259.3940124511719,2.0056543350219727,2016
ISMN_SNOTEL_TakkaWiiya,0.10043635219335556,0.10515917837619781,246.10816955566406,264.7242431640625,0.6619112491607666,2016
ISMN_SNOTEL_ClearCreek#1,0.15518797934055328,0.17261084914207458,251.80349731445312,260.6836242675781,2.5165538787841797,2016
ISMN_SNOTEL_WilburBench,0.15051111578941345,0.16496515274047852,252.55494689941406,261.5782470703125,0.8670308589935303,2016
ISMN_SNOTEL_ClearCreek#2,0.15518797934055328,0.17261084914207458,251.80349731445312,260.6836242675781,2.5165538787841797,2016
ISMN_SNOTEL_SantaquinMeadows,0.14171302318572998,0.1484082192182541,249.64149475097656,262.05975341796875,1.943140983581543,2016
ISMN_SNOTEL_VernonCreek,0.08980225026607513,0.09608333557844162,249.20391845703125,266.62841796875,0.3780854046344757,2016
ISMN_SNOTEL_WhiteRiver#1,0.14777477085590363,0.1653253436088562,252.580322265625,260.91943359375,1.0643759965896606,2016
ISMN_SNOTEL_SantaFe,0.15415550768375397,0.1568480134010315,253.06072998046875,262.8724060058594,7.144411563873291,2016
ISMN_SNOTEL_WesnerSprings,0.2162189930677414,0.2332741767168045,253.03790283203125,260.79632568359375,10.017194747924805,2016
ISMN_USCRN_Los-Alamos-13-W,0.17697082459926605,0.18504293262958527,252.95849609375,262.7922668457031,8.359916687011719,2016
ISMN_SNOTEL_Quemazon,0.15138289332389832,0.16072900593280792,252.41354370117188,263.1234130859375,5.479344367980957,2016
ISMN_SNOTEL_SenoritaDivide#2,0.154337540268898,0.1614518165588379,251.18064880371094,261.9089050292969,6.344991683959961,2016
ISMN_SNOTEL_GaritaPeak,0.1628825068473816,0.1709277182817459,252.13406372070312,262.336669921875,6.1926069259643555,2016
ISMN_SNOTEL_VacasLocas,0.154337540268898,0.1614518165588379,251.18064880371094,261.9089050292969,6.344991683959961,2016
ISMN_SCAN_Alcalde,0.12075319141149521,0.12302536517381668,250.92538452148438,264.6994323730469,0.3071550726890564,2016
ISMN_SNOTEL_TresRitos,0.21176135540008545,0.22166283428668976,252.9894256591797,260.8260803222656,10.12002944946289,2016
ISMN_SNOTEL_NavajoWhiskeyCk,0.11626270413398743,0.11599041521549225,251.60337829589844,266.0184020996094,2.5399463176727295,2016
ISMN_SNOTEL_GallegosPeak,0.18226434290409088,0.1919064074754715,252.45925903320312,261.03131103515625,9.009994506835938,2016
ISMN_SNOTEL_Palo,0.18155290186405182,0.20140179991722107,252.13401794433594,260.60284423828125,8.744379997253418,2016
ISMN_SNOTEL_TaosPueblo,0.1789892464876175,0.1979506015777588,252.25611877441406,260.59649658203125,8.264575958251953,2016
ISMN_SNOTEL_TaosPowderhorn,0.161945641040802,0.17750181257724762,251.8030548095703,261.0762634277344,6.8368401527404785,2016
ISMN_SNOTEL_Shuree,0.15884117782115936,0.16714709997177124,251.12673950195312,260.3763427734375,4.780259132385254,2016
ISMN_SNOTEL_Culebra#2,0.14473775029182434,0.15238837897777557,250.51406860351562,261.1600341796875,5.075588703155518,2016
ISMN_USCRN_Cortez-8-SE,0.12624041736125946,0.12532344460487366,250.11953735351562,263.8280944824219,0.4579319357872009,2016
ISMN_SNOTEL_LilyPond,0.20202022790908813,0.21849703788757324,248.1532440185547,258.01556396484375,7.5116472244262695,2016
ISMN_SCAN_MccrackenMesa,0.09571675211191177,0.0945001170039177,251.64019775390625,267.95343017578125,0.2102852314710617,2016
ISMN_SNOTEL_Cascade#2,0.24935615062713623,0.2829894721508026,249.9900360107422,255.80874633789062,7.074187278747559,2016
ISMN_SCAN_AlkaliMesa,0.10503175854682922,0.10406405478715897,251.900634765625,266.086181640625,0.37192875146865845,2016
ISMN_SNOTEL_UpperRioGrande,0.19102977216243744,0.2146446853876114,248.52001953125,256.6343994140625,4.718332290649414,2016
ISMN_SCAN_Eastland,0.10760083794593811,0.10712376236915588,251.18121337890625,265.1623840332031,0.3352949321269989,2016
ISMN_SNOTEL_LizardHeadPass,0.21372456848621368,0.2372400164604187,249.0343017578125,255.58126831054688,5.0490875244140625,2016
ISMN_SNOTEL_CampJackson,0.12224628031253815,0.12299171090126038,253.2364044189453,264.85125732421875,1.5412893295288086,2016
ISMN_SNOTEL_Slumgullion,0.1592358499765396,0.17995202541351318,249.34617614746094,258.15655517578125,4.439154624938965,2016
ISMN_SCAN_WestSummit,0.10673369467258453,0.10936357080936432,251.4862823486328,265.4110412597656,0.3272114098072052,2016
ISMN_SCAN_HarmsWay,0.1116044893860817,0.11531822383403778,253.04974365234375,265.65869140625,0.735363245010376,2016
ISMN_SNOTEL_GoldBasin,0.1246800571680069,0.13084831833839417,253.69805908203125,264.8995361328125,1.7925066947937012,2016
ISMN_SNOTEL_LasalMountain-Lower,0.1246800571680069,0.13084831833839417,253.69805908203125,264.8995361328125,1.7925066947937012,2016
ISMN_SNOTEL_LasalMountain,0.1246800571680069,0.13084831833839417,253.69805908203125,264.8995361328125,1.7925066947937012,2016
ISMN_SNOTEL_PorphyryCreek,0.14311231672763824,0.1688675731420517,251.97315979003906,259.610595703125,5.495763301849365,2016
ISMN_SNOTEL_ParkCone,0.17874032258987427,0.20924970507621765,251.1774139404297,258.08013916015625,6.472114086151123,2016
ISMN_SNOTEL_Butte,0.19655105471611023,0.21702724695205688,249.81956481933594,256.8230285644531,3.5807156562805176,2016
ISMN_SNOTEL_UpperTaylor,0.20491281151771545,0.23661118745803833,250.63658142089844,256.8459777832031,5.359656810760498,2016
ISMN_SNOTEL_SchofieldPass,0.1951543390750885,0.21615932881832123,250.2645721435547,256.5394592285156,2.719125270843506,2016
ISMN_SNOTEL_RoughAndTumble,0.12578988075256348,0.13868483901023865,247.66311645507812,259.48486328125,3.16363263130188,2016
ISMN_SNOTEL_ParkReservoir,0.18000510334968567,0.18128284811973572,246.5714569091797,257.7483825683594,4.6238627433776855,2016
ISMN_SNOTEL_BuckskinJoe,0.1587618738412857,0.18050888180732727,248.1390838623047,257.3331604003906,4.434490203857422,2016
ISMN_SNOTEL_EastWillowCreek,0.13987228274345398,0.14608438313007355,253.59381103515625,263.5311279296875,0.6155064105987549,2016
ISMN_SNOTEL_HoosierPass,0.15244562923908234,0.17312833666801453,247.53005981445312,257.5408630371094,4.110101699829102,2016
ISMN_SNOTEL_FremontPass,0.1861945241689682,0.22010447084903717,249.89822387695312,257.3562927246094,6.588229179382324,2016
ISMN_SNOTEL_MichiganCreek,0.16296416521072388,0.187721848487854,248.84805297851562,257.72802734375,5.249964237213135,2016
ISMN_iRON_GlenwoodSprings,0.17369700968265533,0.18599610030651093,250.4501495361328,258.7834167480469,2.916616439819336,2016
ISMN_SNOTEL_JackwhackerGulch,0.16347269713878632,0.19634400308132172,250.42588806152344,258.1497497558594,5.873448371887207,2016
ISMN_SNOTEL_SummitRanch,0.16955535113811493,0.202312633395195,251.2559814453125,258.3058166503906,6.506232261657715,2016
ISMN_SNOTEL_JonesPass,0.17480376362800598,0.20946970582008362,251.3385009765625,258.1865539550781,6.448138236999512,2016
ISMN_SNOTEL_MiddleForkCamp,0.18564650416374207,0.22107267379760742,251.0208740234375,258.4148254394531,7.319127082824707,2016
ISMN_SNOTEL_BerthoudSummit,0.17834456264972687,0.21290388703346252,251.58888244628906,258.3324890136719,6.564576625823975,2016
ISMN_SNOTEL_BurroMountain,0.18403126299381256,0.2057650089263916,248.65126037597656,257.4366455078125,5.443689823150635,2016
ISMN_SCAN_Bushland#1,0.1404564380645752,0.13348388671875,244.29013061523438,265.613525390625,0.5546797513961792,2016
ISMN_USCRN_Goodwell-2-SE,0.10901093482971191,0.11143755167722702,250.20143127441406,269.7442321777344,0.5550476312637329,2016
ISMN_USCRN_Goodwell-2-E,0.10901093482971191,0.11143755167722702,250.20143127441406,269.7442321777344,0.5550476312637329,2016
ISMN_SCAN_FortReno#1,0.169991597533226,0.16639603674411774,239.04547119140625,260.9490966796875,1.0308085680007935,2016
ISMN_ARM_Tryon,0.20316524803638458,0.20624764263629913,239.2053680419922,258.46771240234375,1.1565719842910767,2016
ISMN_ARM_Marshall,0.18360410630702972,0.18196699023246765,236.2484588623047,259.2431335449219,0.9574543237686157,2016
ISMN_USCRN_Stillwater-2-W,0.21484847366809845,0.21119815111160278,234.42349243164062,256.1314392089844,1.2480894327163696,2016
ISMN_USCRN_Stillwater-5-WNW,0.20850268006324768,0.2098827362060547,235.54330444335938,257.3197326660156,1.2183558940887451,2016
ISMN_ARM_Waukomis,0.16163316369056702,0.15812531113624573,240.34231567382812,262.6153869628906,1.427578330039978,2016
ISMN_ARM_Morrison,0.20969398319721222,0.20867331326007843,232.47975158691406,255.68736267089844,0.9953085780143738,2016
ISMN_ARM_Ringwood,0.14310996234416962,0.14043119549751282,243.2650604248047,264.50567626953125,1.081993579864502,2016
ISMN_ARM_Lamont-CF1,0.1858002245426178,0.18194569647312164,232.1298065185547,257.8560485839844,1.2339897155761719,2016
ISMN_ARM_Lamont-CF2,0.1858002245426178,0.18194569647312164,232.1298065185547,257.8560485839844,1.2339897155761719,2016
ISMN_ARM_Pawhuska,0.22981590032577515,0.22601717710494995,226.5653839111328,251.93865966796875,1.1052850484848022,2016
ISMN_ARM_Byron,0.15867570042610168,0.15954090654850006,239.99166870117188,262.4106750488281,1.1523367166519165,2016
ISMN_ARM_Newkirk,0.21576353907585144,0.2114221155643463,226.4395751953125,252.96859741210938,1.091040015220642,2016
ISMN_ARM_Tyro,0.24353134632110596,0.2426588237285614,227.02488708496094,251.10968017578125,1.1488633155822754,2016
ISMN_SCAN_Abrams,0.22425952553749084,0.21845711767673492,225.28347778320312,252.0016326904297,1.2885972261428833,2016
ISMN_ARM_Ashton,0.2081208974123001,0.20201079547405243,227.5804901123047,254.20376586914062,1.4346160888671875,2016
ISMN_ARM_Anthony,0.1716500073671341,0.16958028078079224,236.56431579589844,260.0946044921875,1.3503533601760864,2016
ISMN_SCAN_CentraliaLake,0.2211664915084839,0.22936123609542847,229.2666473388672,253.8040008544922,1.6441991329193115,2016
ISMN_SCAN_Phillipsburg,0.16333310306072235,0.17590124905109406,234.33535766601562,258.4284362792969,0.7834056615829468,2016
ISMN_SCAN_UapbPointRemove,0.279910683631897,0.2821499705314636,242.82589721679688,256.70672607421875,3.80473256111145,2016
ISMN_USCRN_Batesville-8-WNW,0.22647196054458618,0.2480698525905609,250.8778533935547,261.5790710449219,6.90153169631958,2016
ISMN_SCAN_JournaganRanch,0.20463256537914276,0.22606320679187775,247.55545043945312,259.15338134765625,5.36146354675293,2016
ISMN_SCAN_LTSP,0.2586110532283783,0.2838534712791443,258.0908203125,264.7876892089844,11.134721755981445,2016
ISMN_USCRN_Joplin-24-N,0.25639575719833374,0.25472649931907654,228.49362182617188,251.1888885498047,2.168654441833496,2016
ISMN_SCAN_SinkinForest,0.27859461307525635,0.3154492676258087,256.952392578125,264.0831604003906,11.333049774169922,2016
ISMN_USCRN_Salem-10-W,0.18317212164402008,0.20122189819812775,249.49288940429688,260.2486572265625,4.8105268478393555,2016
ISMN_SCAN_CarverFarm,0.24508027732372284,0.2556825876235962,239.3106231689453,254.0504913330078,3.2628793716430664,2016
ISMN_SCAN_PowellGardens,0.2539103925228119,0.2583892047405243,232.27943420410156,252.28311157226562,2.7044878005981445,2016
ISMN_SCAN_ElsberryPMC,0.2648487687110901,0.2691238224506378,235.097900390625,252.787353515625,4.355785846710205,2016
ISMN_SCAN_AllenFarms,0.21571272611618042,0.22439740598201752,244.16879272460938,258.69140625,3.6690640449523926,2016
ISMN_SCAN_EastviewFarm,0.2289273589849472,0.2346682995557785,245.56129455566406,258.7912902832031,4.686975002288818,2016
ISMN_USCRN_Crossville-7-NW,0.26405784487724304,0.28496628999710083,250.76492309570312,260.1729431152344,8.399395942687988,2016
ISMN_SCAN_Princeton#1,0.27247923612594604,0.2789198160171509,238.6905975341797,254.59292602539062,4.047443866729736,2016
ISMN_SCAN_MammothCave,0.27535301446914673,0.2871364653110504,239.6776123046875,254.8583526611328,5.8294219970703125,2016
ISMN_USCRN_Bedford-5-WNW,0.24974310398101807,0.26960381865501404,244.61331176757812,256.5799865722656,4.8720622062683105,2016
ISMN_SCAN_ReynoldsHomestead,0.3178120255470276,0.3409110903739929,251.97596740722656,260.1904296875,10.165617942810059,2016
ISMN_USCRN_Durham-11-W,0.3029608726501465,0.30421122908592224,247.4056854248047,258.6360778808594,7.802478790283203,2016
ISMN_SCAN_TidewaterArec,0.2661559283733368,0.2617655098438263,240.40365600585938,254.5550537109375,4.7237982749938965,2016
ISMN_SCAN_Shenandoah,0.23956725001335144,0.26119014620780945,251.0338134765625,259.94976806640625,8.052986145019531,2016
ISMN_USCRN_Elkins-21-ENE,0.33725547790527344,0.37943196296691895,255.3227996826172,260.70501708984375,11.823047637939453,2016
ISMN_SCAN_PowderMill,,,245.2448272705078,260.3929443359375,4.852667331695557,2016
ISMN_ROMPS_Maidanak,0.1760397106409073,0.17306745052337646,239.8086395263672,257.1939697265625,0.3668114244937897,2016
ISMN_ROMPS_AbramovGlacier,0.19685745239257812,0.22817590832710266,250.149658203125,254.71690368652344,0.06009221076965332,2016
ISMN_SCAN_EagleLake,0.24402961134910583,0.25592562556266785,240.7682647705078,253.8588104248047,6.509420871734619,2016
ISMN_SNOTEL_FredonyerPeak,0.13947315514087677,0.1411098688840866,247.0284423828125,261.6624450683594,2.0714728832244873,2016
ISMN_SCAN_AshValley,0.17186470329761505,0.1683427393436432,242.44921875,256.9874267578125,2.484247922897339,2016
ISMN_SNOTEL_StateLine,0.20542125403881073,0.2003396600484848,240.70999145507812,256.4818420410156,4.751317977905273,2016
ISMN_SNOTEL_QuartzMountain,0.20850373804569244,0.2044319212436676,244.55711364746094,256.050537109375,7.088067531585693,2016
ISMN_SCAN_LovelockNNR,0.12124942243099213,0.12281542271375656,238.3239288330078,262.6305847167969,0.2792893946170807,2016
ISMN_SNOTEL_CorralCanyon,0.130540132522583,0.14019472897052765,241.29994201660156,259.00299072265625,0.38792693614959717,2016
ISMN_SNOTEL_LewisPeak,0.11072947084903717,0.11769527941942215,242.92686462402344,262.332763671875,0.24846230447292328,2016
ISMN_SNOTEL_GreenMountain,0.1350778043270111,0.1458008885383606,240.47933959960938,258.22296142578125,0.37497225403785706,2016
ISMN_SNOTEL_Lamoille#3,0.1452542543411255,0.15297649800777435,240.62484741210938,257.53131103515625,0.5574440360069275,2016
ISMN_SNOTEL_PoleCanyon,0.12803487479686737,0.13947367668151855,240.77577209472656,259.47845458984375,0.3806721568107605,2016
ISMN_SNOTEL_DryCreek,0.1390509158372879,0.14699316024780273,240.27915954589844,258.1334228515625,0.5275335907936096,2016
ISMN_SCAN_Buckhorn,0.1292390376329422,0.13674916326999664,243.2730712890625,261.74432373046875,0.27786797285079956,2016
ISMN_SNOTEL_Golconda,0.09386613965034485,0.10318818688392639,246.0227508544922,264.9833984375,0.2764083445072174,2016
ISMN_SNOTEL_DorseyBasin,0.1390509158372879,0.14699316024780273,240.27915954589844,258.1334228515625,0.5275335907936096,2016
ISMN_SNOTEL_Hole-in-Mountain,0.13118578493595123,0.14223827421665192,240.6994171142578,259.2170104980469,0.443541944026947,2016
ISMN_SNOTEL_TaylorCanyon,0.11282313615083694,0.11937181651592255,243.069580078125,260.2497253417969,0.3203897178173065,2016
ISMN_SNOTEL_ToeJam,0.11728235334157944,0.1218114048242569,243.42112731933594,259.8185729980469,0.39394962787628174,2016
ISMN_SNOTEL_SummitLk,0.08993840217590332,0.09512188285589218,247.90614318847656,265.7183837890625,0.21494609117507935,2016
ISMN_SNOTEL_JacksPeak,0.12447318434715271,0.13351579010486603,243.53128051757812,259.0047912597656,0.4692161977291107,2016
ISMN_SNOTEL_LamanceCreek,0.10141819715499878,0.10815710574388504,245.56747436523438,263.56817626953125,0.35235393047332764,2016
ISMN_SNOTEL_JackCreekUpper,0.12447318434715271,0.13351579010486603,243.53128051757812,259.0047912597656,0.4692161977291107,2016
ISMN_SNOTEL_FryCanyon,0.12321435660123825,0.130561962723732,244.03994750976562,259.1090087890625,0.4397701323032379,2016
ISMN_SNOTEL_DrawCreek,0.1207689419388771,0.13060207664966583,245.1973876953125,259.80181884765625,0.4442918002605438,2016
ISMN_SNOTEL_SeventysixCreek,0.122194305062294,0.13244304060935974,245.5984344482422,259.2677001953125,0.5264210104942322,2016
ISMN_SNOTEL_BuckskinLower,0.09814957529306412,0.10620420426130295,247.08612060546875,263.5856018066406,0.33008480072021484,2016
ISMN_SNOTEL_LaurelDraw,0.13377824425697327,0.14413593709468842,243.6240997314453,258.42156982421875,0.5442991256713867,2016
ISMN_SNOTEL_FawnCreek,0.13974353671073914,0.14615631103515625,242.28411865234375,257.86151123046875,0.5312286615371704,2016
ISMN_SNOTEL_BearCreek,0.122194305062294,0.13244304060935974,245.5984344482422,259.2677001953125,0.5264210104942322,2016
ISMN_SNOTEL_ONeilCreek,0.1182086318731308,0.1282878965139389,243.6903839111328,260.3981018066406,0.30825015902519226,2016
ISMN_SNOTEL_PoleCreekR.S.,0.11967603862285614,0.13021090626716614,244.88021850585938,259.6932067871094,0.4644249379634857,2016
ISMN_SNOTEL_Sheldon,0.09780055284500122,0.10010410100221634,246.11729431152344,263.9415588378906,0.24892668426036835,2016
ISMN_SNOTEL_DisasterPeak,0.09013061225414276,0.09599602222442627,246.25128173828125,264.1632385253906,0.30247101187705994,2016
ISMN_SNOTEL_WilsonCreek,0.12269198894500732,0.12899149954319,241.85719299316406,259.4747314453125,0.40750789642333984,2016
ISMN_SNOTEL_MudFlat,0.12492088973522186,0.125507190823555,245.9887237548828,261.63592529296875,0.7266225814819336,2016
ISMN_SNOTEL_SouthMtn.,0.12124141305685043,0.12015940994024277,247.0126953125,261.3055725097656,1.5510450601577759,2016
ISMN_SNOTEL_ReynoldsCreek,0.11871255189180374,0.11676251143217087,244.6742401123047,262.8267822265625,0.4076307713985443,2016
ISMN_SCAN_OrchardRangeSite,0.1054256334900856,0.12078702449798584,246.14353942871094,265.92779541015625,0.3789733350276947,2016
ISMN_SNOTEL_AtlantaSummit,0.18487298488616943,0.2155039757490158,254.30506896972656,259.2686767578125,4.503717422485352,2016
ISMN_SNOTEL_RockSprings,0.1769927591085434,0.17663973569869995,247.31405639648438,257.892822265625,6.913364887237549,2016
ISMN_SNOTEL_BannerSummit,0.2556811571121216,0.30406662821769714,251.0536346435547,256.9032897949219,7.437065601348877,2016
ISMN_USCRN_John-Day-35-WNW,0.17249950766563416,0.17331404983997345,245.42410278320312,258.4781188964844,2.813753604888916,2016
ISMN_SNOTEL_LongValley,0.23879940807819366,0.27840009331703186,248.90545654296875,257.0548400878906,8.900907516479492,2016
ISMN_SNOTEL_Bourne,0.19748759269714355,0.21483168005943298,247.97723388671875,257.7229309082031,8.649781227111816,2016
ISMN_SNOTEL_HobbleCreek,0.1472657173871994,0.161497563123703,252.7567596435547,261.4712829589844,2.1584086418151855,2016
ISMN_SNOTEL_CascadeMountain,0.12864971160888672,0.14301295578479767,253.89541625976562,264.5312805175781,1.9221731424331665,2016
ISMN_SNOTEL_Daniels-Strawberry,0.14597176015377045,0.1647612601518631,252.50625610351562,260.873046875,2.0264315605163574,2016
ISMN_SNOTEL_CurrantCreek,0.15226542949676514,0.17309679090976715,251.46701049804688,259.95318603515625,1.9952483177185059,2016
ISMN_SCAN_MountainHome,0.13384267687797546,0.14316175878047943,246.44052124023438,260.53662109375,0.6647080183029175,2016
ISMN_SNOTEL_TimpanogosDivide,0.1294301599264145,0.14444023370742798,252.927978515625,263.05035400390625,2.044039011001587,2016
ISMN_SNOTEL_RockyBasin-Settleme,0.13723362982273102,0.14583860337734222,244.21629333496094,260.5113220214844,0.7525789737701416,2016
ISMN_SNOTEL_BevansCabin,0.13723362982273102,0.14583860337734222,244.21629333496094,260.5113220214844,0.7525789737701416,2016
ISMN_SNOTEL_WolfCreekPeak,0.16097064316272736,0.18243858218193054,250.3989715576172,258.9945373535156,2.4652795791625977,2016
ISMN_SNOTEL_MiningFork,0.15099680423736572,0.15873879194259644,239.32139587402344,258.41455078125,0.5421233773231506,2016
ISMN_SNOTEL_DryFork,0.16154597699642181,0.16465961933135986,241.2875518798828,258.0496826171875,0.9282727837562561,2016
ISMN_SNOTEL_Snowbird,0.1317180097103119,0.14362463355064392,251.85618591308594,263.06353759765625,2.809305429458618,2016
ISMN_SNOTEL_BrownDuck,0.1619051843881607,0.18356184661388397,249.07777404785156,258.3795166015625,3.5548501014709473,2016
ISMN_SCAN_Grantsville,0.28265872597694397,0.29401734471321106,222.51068115234375,241.97113037109375,0.4793161451816559,2016
ISMN_SNOTEL_Lakefork#1,0.15996317565441132,0.1815926432609558,247.73023986816406,257.0467224121094,3.1555163860321045,2016
ISMN_SNOTEL_Brighton,0.14383219182491302,0.1589052677154541,251.4006805419922,261.2760925292969,2.461294651031494,2016
ISMN_SNOTEL_BeaverDivide,0.17992834746837616,0.19606131315231323,248.4346160888672,257.355224609375,4.032282829284668,2016
ISMN_SNOTEL_ThaynesCanyon,0.1491323709487915,0.1652481108903885,250.69317626953125,260.4682312011719,1.9281201362609863,2016
ISMN_SNOTEL_Mill-DNorth,0.14383219182491302,0.1589052677154541,251.4006805419922,261.2760925292969,2.461294651031494,2016
ISMN_SNOTEL_ReddenMineLwr,0.17307651042938232,0.18692000210285187,248.50209045410156,257.91595458984375,3.1799583435058594,2016
ISMN_SNOTEL_TrialLake,0.182636559009552,0.20506028831005096,248.72572326660156,257.0625,4.780299186706543,2016
ISMN_SNOTEL_ParleysUpper,0.14383219182491302,0.1589052677154541,251.4006805419922,261.2760925292969,2.461294651031494,2016
ISMN_SNOTEL_FivePointsLake,0.15996317565441132,0.1815926432609558,247.73023986816406,257.0467224121094,3.1555163860321045,2016
ISMN_SNOTEL_LakeforkBasin,0.16799049079418182,0.1928377002477646,248.88687133789062,256.9703063964844,3.646876096725464,2016
ISMN_SNOTEL_ParleysSummit,0.14944316446781158,0.16633164882659912,250.7591552734375,260.8386535644531,2.383124589920044,2016
ISMN_SNOTEL_Chepeta,0.1792750358581543,0.19985099136829376,247.33995056152344,257.8285827636719,5.581920623779297,2016
ISMN_SNOTEL_SmithMorehouse,0.17681293189525604,0.19187447428703308,247.67449951171875,257.052001953125,3.567683219909668,2016
ISMN_SNOTEL_HaydenFork,0.18615573644638062,0.20721377432346344,247.66012573242188,256.444580078125,4.833273887634277,2016
ISMN_SNOTEL_LouisMeadow,0.17359264194965363,0.18322163820266724,245.92947387695312,259.5606994628906,2.377436637878418,2016
ISMN_SNOTEL_LookoutPeak,0.16423258185386658,0.17652694880962372,248.76156616210938,260.34820556640625,2.5207226276397705,2016
ISMN_SNOTEL_SpiritLk,0.16741351783275604,0.18911504745483398,246.3878173828125,257.46649169921875,4.509181022644043,2016
ISMN_SNOTEL_BuckPasture,0.18846666812896729,0.2109186202287674,246.2373504638672,255.5178680419922,4.729246139526367,2016
ISMN_SNOTEL_LilyLake,0.18429268896579742,0.20536395907402039,245.9363250732422,255.6389923095703,4.323976039886475,2016
ISMN_SNOTEL_Hardscrabble,0.16423258185386658,0.17652694880962372,248.76156616210938,260.34820556640625,2.5207226276397705,2016
ISMN_SNOTEL_EFBlacksForkGS,0.18653057515621185,0.21037131547927856,245.85708618164062,255.28436279296875,4.954054355621338,2016
ISMN_SNOTEL_BearRiverRS,0.18429268896579742,0.20536395907402039,245.9363250732422,255.6389923095703,4.323976039886475,2016
ISMN_SNOTEL_ChalkCreek#2,0.17720524966716766,0.19434992969036102,246.4045867919922,256.41912841796875,3.7219276428222656,2016
ISMN_SNOTEL_SteelCreekPark,0.1802382618188858,0.20508302748203278,245.86309814453125,255.5203094482422,4.722524166107178,2016
ISMN_SNOTEL_Hewinta,0.18076832592487335,0.2033032327890396,244.1588592529297,255.24090576171875,5.111701965332031,2016
ISMN_SCAN_Morgan,0.164302796125412,0.17937171459197998,248.105224609375,259.84912109375,1.666769027709961,2016
ISMN_SNOTEL_LostCreekResv,0.15864185988903046,0.17559410631656647,247.9148712158203,258.9849853515625,0.8655818104743958,2016
ISMN_SNOTEL_HorseRidge,0.16673311591148376,0.1845301240682602,248.16319274902344,258.6303405761719,1.1059629917144775,2016
ISMN_SCAN_BuffaloJump,0.14646969735622406,0.1633923202753067,244.03392028808594,258.4105224609375,0.4844355285167694,2016
ISMN_SNOTEL_LightningRidge,0.16673311591148376,0.1845301240682602,248.16319274902344,258.6303405761719,1.1059629917144775,2016
ISMN_SNOTEL_DryBreadPond,0.16624602675437927,0.1845507174730301,247.65980529785156,258.32879638671875,0.9435199499130249,2016
ISMN_SNOTEL_MonteCristo,0.16624602675437927,0.1845507174730301,247.65980529785156,258.32879638671875,0.9435199499130249,2016
ISMN_SNOTEL_BugLake,0.170048326253891,0.18717528879642487,247.2230224609375,258.13201904296875,1.9103881120681763,2016
ISMN_SCAN_ParkValley,0.16049990057945251,0.17751172184944153,230.15350341796875,253.40919494628906,0.28286197781562805,2016
ISMN_SCAN_GrouseCreek,0.12391549348831177,0.13721172511577606,242.7669677734375,260.4179992675781,0.4124627411365509,2016
ISMN_SNOTEL_TempleFork,0.1679801195859909,0.182510644197464,247.43992614746094,258.2272033691406,1.9197651147842407,2016
ISMN_SCAN_CacheJunction,0.20091921091079712,0.20336943864822388,233.9080810546875,252.79122924804688,0.9183772802352905,2016
ISMN_SNOTEL_UsuDocDaniel,0.1679801195859909,0.182510644197464,247.43992614746094,258.2272033691406,1.9197651147842407,2016
ISMN_SNOTEL_TonyGroveRS,0.16556893289089203,0.17792512476444244,247.47393798828125,258.4446716308594,1.9089393615722656,2016
ISMN_SNOTEL_TonyGroveLake,0.17952275276184082,0.18958620727062225,246.11349487304688,257.20953369140625,2.1016860008239746,2016
ISMN_SNOTEL_GeorgeCreek,0.1273236870765686,0.14407092332839966,238.99684143066406,259.0261535644531,0.3966655433177948,2016
ISMN_SNOTEL_GardenCitySummit,0.16556893289089203,0.17792512476444244,247.47393798828125,258.4446716308594,1.9089393615722656,2016
ISMN_SCAN_BlueCreek,0.16435331106185913,0.17208226025104523,234.58827209472656,254.91253662109375,0.39601102471351624,2016
ISMN_SNOTEL_KlondikeNarrows,0.18043185770511627,0.18898120522499084,245.39315795898438,256.9958190917969,2.287792205810547,2016
ISMN_SNOTEL_MagicMountain,0.13907252252101898,0.14407706260681152,242.1837615966797,258.8933410644531,0.6006950736045837,2016
ISMN_SNOTEL_KelleyR.S.,0.1664080023765564,0.17669963836669922,244.50636291503906,256.69677734375,1.6569126844406128,2016
ISMN_SNOTEL_Giveout,0.17866650223731995,0.18402047455310822,244.40353393554688,256.22711181640625,1.4245452880859375,2016
ISMN_SNOTEL_SaltRiverSummit,0.1771930754184723,0.1904265433549881,247.01942443847656,256.5557861328125,2.049513101577759,2016
ISMN_SNOTEL_WildhorseDivide,0.12939080595970154,0.13682757318019867,245.40087890625,261.6339416503906,0.7695180773735046,2016
ISMN_SNOTEL_TriplePeak,0.1901899129152298,0.21079067885875702,246.90846252441406,256.2593688964844,5.80162239074707,2016
ISMN_SNOTEL_SomsenRanch,0.19050705432891846,0.19867515563964844,241.63616943359375,254.40162658691406,1.8939436674118042,2016
ISMN_SNOTEL_EastRimDivide,0.17394790053367615,0.19429126381874084,244.70265197753906,255.9447021484375,4.081998348236084,2016
ISMN_SNOTEL_GraniteCreek,0.1858920454978943,0.21179567277431488,248.13294982910156,256.2716979980469,5.427176475524902,2016
ISMN_SNOTEL_CouchSummit,0.1372496485710144,0.15235020220279694,250.8072052001953,259.26629638671875,2.455380916595459,2016
ISMN_SNOTEL_SwedePeak,0.13986706733703613,0.15434329211711884,249.86984252929688,259.4034729003906,1.1481891870498657,2016
ISMN_SNOTEL_BearCanyon,0.14133894443511963,0.1546463966369629,249.9574432373047,259.1886291503906,1.323752760887146,2016
ISMN_SNOTEL_ChocolateGulch,0.16020525991916656,0.1901572048664093,253.1493377685547,259.5840148925781,3.4426393508911133,2016
ISMN_SNOTEL_GrandTarghee,0.18186503648757935,0.19522744417190552,246.0836181640625,255.33172607421875,4.353589057922363,2016
ISMN_SNOTEL_GalenaSummit,0.17867819964885712,0.2105572521686554,252.92401123046875,258.5504150390625,4.014397144317627,2016
ISMN_SNOTEL_SnakeRiverStation,0.1917119175195694,0.21988147497177124,249.6925506591797,257.4051513671875,5.8768181800842285,2016
ISMN_SNOTEL_LewisLakeDivide,0.1917119175195694,0.21988147497177124,249.6925506591797,257.4051513671875,5.8768181800842285,2016
ISMN_SNOTEL_ThumbDivide,0.22301174700260162,0.2440807968378067,254.0580291748047,260.8714599609375,7.290060520172119,2016
ISMN_SNOTEL_IslandPark,0.20159848034381866,0.21778663992881775,246.71022033691406,256.9792785644531,8.056517601013184,2016
ISMN_SNOTEL_CrabCreek,0.14910297095775604,0.1478109210729599,242.5712432861328,257.54058837890625,3.5185019969940186,2016
ISMN_SNOTEL_HighLonesome,0.16445313394069672,0.1941714733839035,251.46844482421875,258.8137512207031,5.453067779541016,2016
ISMN_SNOTEL_Sawtooth,0.15721534192562103,0.18521329760551453,252.41180419921875,259.79351806640625,7.327331066131592,2016
ISMN_SNOTEL_WildBasin,0.16934598982334137,0.20458996295928955,252.48326110839844,259.2394714355469,7.348481178283691,2016
ISMN_SNOTEL_StillwaterCreek,0.17573200166225433,0.209095761179924,251.57110595703125,259.1595153808594,6.878329753875732,2016
ISMN_SNOTEL_ArapahoRidge,0.14964008331298828,0.1717064082622528,247.59703063964844,258.4543151855469,4.44635534286499,2016
ISMN_SCAN_SplitMountain,0.12251543998718262,0.12559160590171814,245.92994689941406,262.61712646484375,0.22572852671146393,2016
ISMN_SNOTEL_PhantomValley,0.19369053840637207,0.234519362449646,251.9022216796875,259.0011901855469,9.006304740905762,2016
ISMN_SNOTEL_LongDrawResv,0.15823425352573395,0.19997148215770721,252.0946807861328,259.17572021484375,8.00374698638916,2016
ISMN_SNOTEL_DryLake,0.1859903335571289,0.2095276415348053,244.943359375,255.55209350585938,5.763415813446045,2016
ISMN_SNOTEL_MosbyMtn.,0.15799999237060547,0.17424097657203674,247.3526611328125,258.9857177734375,4.670793533325195,2016
ISMN_SNOTEL_KingsCabin,0.14149165153503418,0.1511816829442978,246.49314880371094,260.1908264160156,1.8752353191375732,2016
ISMN_SNOTEL_TroutCreek,0.1534757912158966,0.16592609882354736,247.40658569335938,259.77349853515625,4.5017242431640625,2016
ISMN_SNOTEL_Zirkel,0.15204167366027832,0.16895276308059692,244.10777282714844,256.5254821777344,2.966179847717285,2016
ISMN_SNOTEL_LostDog,0.18191011250019073,0.20575416088104248,245.7541961669922,255.8811798095703,5.973374843597412,2016
ISMN_SNOTEL_HickersonPark,0.16741351783275604,0.18911504745483398,246.3878173828125,257.46649169921875,4.509181022644043,2016
ISMN_SNOTEL_BlackhallMtn,0.15826216340065002,0.182026669383049,247.146484375,257.8669128417969,5.9911417961120605,2016
ISMN_SNOTEL_LittleSnakeRiver,0.19420769810676575,0.22248809039592743,247.4339599609375,257.3269348144531,8.397237777709961,2016
ISMN_SNOTEL_CinnabarPark,0.14316126704216003,0.1645219922065735,246.85801696777344,259.04034423828125,7.583601951599121,2016
ISMN_SNOTEL_SouthBrushCreek,0.1519724279642105,0.1705223023891449,246.09707641601562,258.20159912109375,6.039364814758301,2016
ISMN_SNOTEL_BrooklynLake,0.1422753930091858,0.16165444254875183,245.49122619628906,258.2254943847656,6.762050151824951,2016
ISMN_SNOTEL_MedBow,0.16392207145690918,0.1882985532283783,246.90032958984375,258.2539978027344,8.218786239624023,2016
ISMN_SNOTEL_SageCreekBasin,0.1159951388835907,0.12193414568901062,244.27272033691406,260.1300964355469,1.8337582349777222,2016
ISMN_SNOTEL_WindyPeak,0.11653606593608856,0.12833252549171448,244.54006958007812,260.15863037109375,1.3206148147583008,2016
ISMN_SNOTEL_BigSandyOpening,0.14756684005260468,0.1696515530347824,245.52357482910156,256.91680908203125,3.2373104095458984,2016
ISMN_SNOTEL_PocketCreek,0.16349270939826965,0.19006770849227905,244.47361755371094,255.60934448242188,3.515568494796753,2016
ISMN_SCAN_CPER,0.11910635232925415,0.13082537055015564,238.0694122314453,261.2993469238281,0.43053916096687317,2016
ISMN_SCAN_Nunn#1,0.11482003331184387,0.1311819851398468,237.5078887939453,261.32476806640625,0.317874938249588,2016
ISMN_SCAN_Torrington#1,0.10987475514411926,0.1215839609503746,242.12594604492188,263.49847412109375,0.5360231399536133,2016
ISMN_SCAN_RogersFarm#1,0.2325468361377716,0.23460592329502106,229.07943725585938,253.00631713867188,1.710018515586853,2016
ISMN_SCAN_ShagbarkHills,0.20918798446655273,0.20677118003368378,236.10145568847656,256.217041015625,1.6397696733474731,2016
ISMN_SCAN_Spickard,0.255668044090271,0.26001545786857605,230.91909790039062,251.6951446533203,2.584906816482544,2016
ISMN_SCAN_Ames,0.20830580592155457,0.20468275249004364,236.3932647705078,256.68292236328125,1.6978729963302612,2016
ISMN_SCAN_UWPlatteville,0.26234835386276245,0.2605040371417999,232.21473693847656,251.07923889160156,2.380995988845825,2016
ISMN_SCAN_MahantangoCk,0.22576110064983368,0.24059444665908813,247.33932495117188,258.6283874511719,7.621087074279785,2016
ISMN_SCAN_RockSpringsPa,0.22749687731266022,0.24700699746608734,250.73306274414062,259.9532775878906,8.68762493133545,2016
ISMN_SCAN_Geneva#1,0.190401092171669,0.19874738156795502,237.61532592773438,254.05633544921875,3.103456974029541,2016
ISMN_SCAN_LyeBrook,0.30841368436813354,0.35137754678726196,253.475341796875,259.1320495605469,11.876413345336914,2016
ISMN_SCAN_HubbardBrook,0.31373557448387146,0.3503986597061157,254.4827117919922,259.1961669921875,12.103979110717773,2016
ISMN_REMEDHUS_Canizal,0.1402776539325714,0.1372494250535965,238.15087890625,261.7857666015625,1.0024727582931519,2016
ISMN_REMEDHUS_LasEritas,0.1402776539325714,0.1372494250535965,238.15087890625,261.7857666015625,1.0024727582931519,2016
ISMN_REMEDHUS_Carretoro,0.1402776539325714,0.1372494250535965,238.15087890625,261.7857666015625,1.0024727582931519,2016
ISMN_REMEDHUS_LasTresRayas,0.1613236665725708,0.15962377190589905,234.6641387939453,258.79473876953125,1.2296160459518433,2016
ISMN_REMEDHUS_LaCruzdeElias,0.1377786546945572,0.13448932766914368,238.4337158203125,262.0510559082031,0.9756075143814087,2016
ISMN_REMEDHUS_Guarrati,0.14381936192512512,0.14131134748458862,237.46034240722656,261.3638916015625,1.0407484769821167,2016
ISMN_REMEDHUS_Granja-g,0.1402776539325714,0.1372494250535965,238.15087890625,261.7857666015625,1.0024727582931519,2016
ISMN_REMEDHUS_ElTomillar,0.14266639947891235,0.13908527791500092,238.48004150390625,261.589111328125,0.9633208513259888,2016
ISMN_REMEDHUS_LlanosdelaBoveda,0.13502129912376404,0.13131695985794067,239.69204711914062,262.63604736328125,0.9522764682769775,2016
ISMN_REMEDHUS_LasArenas,0.15118002891540527,0.14690490067005157,237.1796417236328,260.3179016113281,1.0607733726501465,2016
ISMN_REMEDHUS_ElCoto,0.14266639947891235,0.13908527791500092,238.48004150390625,261.589111328125,0.9633208513259888,2016
ISMN_REMEDHUS_CasaPeriles,0.13502129912376404,0.13131695985794067,239.69204711914062,262.63604736328125,0.9522764682769775,2016
ISMN_REMEDHUS_LasVictorias,0.13865342736244202,0.1337878555059433,240.07472229003906,262.3831787109375,1.002539038658142,2016
ISMN_REMEDHUS_LasBrozas,0.13865342736244202,0.1337878555059433,240.07472229003906,262.3831787109375,1.002539038658142,2016
ISMN_REMEDHUS_Paredinas,0.13865342736244202,0.1337878555059433,240.07472229003906,262.3831787109375,1.002539038658142,2016
ISMN_SMOSMANIA_Urgons,0.22034288942813873,0.22835029661655426,245.49717712402344,259.3410949707031,2.691539764404297,2016
ISMN_SMOSMANIA_CreondArmagnac,0.21217259764671326,0.21788117289543152,251.150390625,262.1815490722656,6.729727745056152,2016
ISMN_SMOSMANIA_Sabres,0.21252867579460144,0.21420849859714508,251.27716064453125,262.4836730957031,4.235119819641113,2016
ISMN_FR_Aqui_fraye,0.2396187037229538,0.2348361313343048,251.41366577148438,261.8205871582031,7.213581085205078,2016
ISMN_FR_Aqui_hillan2,0.23366624116897583,0.23315811157226562,251.89654541015625,262.32470703125,7.019962310791016,2016
ISMN_FR_Aqui_parcmeteo,0.23068910837173462,0.2256433516740799,247.02215576171875,259.5315246582031,4.867666721343994,2016
ISMN_XMS-CAT_RiberadeSio,0.16671589016914368,0.16366958618164062,244.0680389404297,263.971923828125,1.891947865486145,2016
ISMN_XMS-CAT_ElMiracle,0.17904120683670044,0.18597383797168732,250.20309448242188,265.0517883300781,2.350545644760132,2016
ISMN_XMS-CAT_Clarella,0.1862333118915558,0.20986029505729675,257.1922607421875,265.5234680175781,8.406997680664062,2016
ISMN_XMS-CAT_LosCoscolls,0.1925325095653534,0.2038923054933548,252.51609802246094,262.9532775878906,3.4334962368011475,2016
ISMN_XMS-CAT_CamidelsNerets,0.18817254900932312,0.1960977017879486,252.0534210205078,262.7911682128906,2.916574478149414,2016
ISMN_XMS-CAT_ClotdelesPeresII,0.19036416709423065,0.1979171335697174,251.48422241210938,262.48150634765625,3.0699779987335205,2016
ISMN_XMS-CAT_ColldePaller,0.20562131702899933,0.2260179966688156,253.49034118652344,263.07354736328125,5.722031593322754,2016
ISMN_XMS-CAT_SerradeCostaAmpla,0.2014097273349762,0.21441243588924408,252.27183532714844,261.77728271484375,3.998434543609619,2016
ISMN_XMS-CAT_Pessonada,0.20201200246810913,0.21917234361171722,252.82736206054688,261.9418640136719,4.39624547958374,2016
ISMN_XMS-CAT_ElBoixer,0.2132987678050995,0.23393641412258148,252.1215057373047,259.2305908203125,4.778198719024658,2016
ISMN_XMS-CAT_BordaColl,0.22308140993118286,0.26041552424430847,255.1927490234375,261.15509033203125,8.753807067871094,2016
ISMN_XMS-CAT_BatlliudeSort,0.21841593086719513,0.24721230566501617,253.4718475341797,260.0402526855469,6.595556259155273,2016
ISMN_XMS-CAT_Llivia,0.1870022863149643,0.2203514277935028,252.6070098876953,259.7762145996094,5.245662689208984,2016
ISMN_XMS-CAT_LaCultiadAreu,0.2213630974292755,0.26018670201301575,254.77804565429688,259.54913330078125,7.437413692474365,2016
ISMN_SMOSMANIA_Mouthoumet,0.23314043879508972,0.23666711151599884,255.11424255371094,264.5316162109375,8.862508773803711,2016
ISMN_SMOSMANIA_Narbonne,0.18418161571025848,0.1932661533355713,248.63050842285156,263.61566162109375,2.149380922317505,2016
ISMN_SMOSMANIA_LezignanCorbieres,0.1894657164812088,0.1939430683851242,251.62510681152344,263.6705627441406,4.5969038009643555,2016
ISMN_SMOSMANIA_Montaut,0.2051919847726822,0.20494836568832397,241.73422241210938,259.776611328125,1.9343338012695312,2016
ISMN_SMOSMANIA_Prades-le-Lez,0.18707509338855743,0.20177792012691498,247.26954650878906,263.1073913574219,2.6326546669006348,2016
ISMN_SMOSMANIA_Pezenas,0.18707509338855743,0.20177792012691498,247.26954650878906,263.1073913574219,2.6326546669006348,2016
ISMN_SMOSMANIA_Lahas,0.21754813194274902,0.2142641842365265,239.8515625,258.7720642089844,1.8405429124832153,2016
ISMN_SMOSMANIA_PeyrusseGrande,0.22356878221035004,0.22172366082668304,242.3606719970703,259.31439208984375,2.2048282623291016,2016
ISMN_SMOSMANIA_Villevielle,0.22894573211669922,0.2400311380624771,242.42604064941406,259.3396911621094,3.297023057937622,2016
ISMN_SMOSMANIA_Savenes,0.2191714197397232,0.21321672201156616,239.63912963867188,257.83477783203125,1.9363242387771606,2016
ISMN_SMOSMANIA_Condom,0.2205149084329605,0.2149461805820465,242.87596130371094,259.84124755859375,2.6164300441741943,2016
ISMN_SMOSMANIA_Mejannes-le-Clap,0.23205295205116272,0.23368360102176666,249.98121643066406,261.99468994140625,5.851903915405273,2016
ISMN_SMOSMANIA_LaGrandCombe,0.24591214954853058,0.2574614882469177,253.40794372558594,261.9477233886719,8.101892471313477,2016
ISMN_SMOSMANIA_Berzeme,0.2450595498085022,0.2468549907207489,249.65402221679688,260.2000732421875,6.37408447265625,2016
ISMN_SMOSMANIA_Barnas,0.241886705160141,0.27148300409317017,253.2366943359375,260.7132873535156,9.85656452178955,2016
ISMN_SMOSMANIA_Mazan-Abbaye,0.24165189266204834,0.27354174852371216,251.95372009277344,259.9162902832031,10.000771522521973,2016
ISMN_SMOSMANIA_CabrieresdAvignon,0.19970789551734924,0.19986698031425476,249.87332153320312,263.3274230957031,4.05104923248291,2016
ISMN_STEMS_CarpenetopermanentGrassCoverTrackposition,0.21436399221420288,0.22383826971054077,251.8782196044922,263.3011474609375,6.138860702514648,2016
ISMN_STEMS_CarpenetopermanentGrassCoverNoTrackposition,0.21436399221420288,0.22383826971054077,251.8782196044922,263.3011474609375,6.138860702514648,2016
ISMN_RSMN_RosioriideVede,0.23137931525707245,0.21962536871433258,230.32394409179688,252.8800048828125,1.821703314781189,2016
ISMN_RSMN_Bacles,0.23418022692203522,0.23721598088741302,238.46261596679688,255.50328063964844,2.547011375427246,2016
ISMN_WATERLINE_Kerasia,0.1863427311182022,0.191275492310524,251.73973083496094,264.0333251953125,4.6880106925964355,2016
ISMN_WATERLINE_Nymfaia,0.17698390781879425,0.18288181722164154,252.1090087890625,264.6930847167969,4.394692897796631,2016
ISMN_RSMN_Calarasi,0.2144685685634613,0.21195337176322937,237.52037048339844,257.52056884765625,2.1012935638427734,2016
ISMN_ROMPS_Kokomeren,0.18307405710220337,0.19440074265003204,249.40765380859375,257.26629638671875,0.3492712676525116,2016
ISMN_ROMPS_Maydantal,0.20241650938987732,0.2223787158727646,250.15298461914062,255.13221740722656,0.2908959984779358,2016
ISMN_ROMPS_GolubinGlacier,0.20461654663085938,0.22843939065933228,244.4847412109375,252.55401611328125,0.5159249901771545,2016
ISMN_SNOTEL_ClackamasLake,0.3067496120929718,0.3219170570373535,251.7616729736328,258.36126708984375,13.510784149169922,2016
ISMN_SNOTEL_Fifteenmile,0.25184065103530884,0.27597782015800476,252.4083709716797,258.8194885253906,12.515486717224121,2016
ISMN_SNOTEL_BlazedAlder,0.36449065804481506,0.391365110874176,253.7246551513672,258.75640869140625,14.20492935180664,2016
ISMN_SNOTEL_BurntMountain,0.35603639483451843,0.36886391043663025,250.97222900390625,256.6988830566406,13.140877723693848,2016
ISMN_SNOTEL_Trough,0.1697268933057785,0.16522245109081268,246.09628295898438,258.8680419921875,5.091599941253662,2016
ISMN_USCRN_Quinault-4-NE,0.6677243709564209,0.6539843678474426,248.44606018066406,253.26036071777344,14.511981010437012,2016
ISMN_SNOTEL_Buckinghorse,0.3881303369998932,0.4293223023414612,255.12696838378906,258.0306396484375,12.339801788330078,2016
ISMN_SNOTEL_BrownTop,0.33758845925331116,0.37734296917915344,254.54940795898438,257.3645324707031,10.516355514526367,2016
ISMN_SNOTEL_Touchet,0.2210794985294342,0.23781125247478485,249.79151916503906,258.6587829589844,8.988299369812012,2016
ISMN_SNOTEL_SourdoughGulch,0.18367667496204376,0.1922672539949417,247.63941955566406,259.5458984375,5.302783012390137,2016
ISMN_SNOTEL_PierceR.S.,0.3673156499862671,0.39270949363708496,250.5911865234375,256.8373107910156,13.383252143859863,2016
ISMN_SNOTEL_CraterMeadows,0.368037611246109,0.43152347207069397,254.13116455078125,258.0971984863281,13.229655265808105,2016
ISMN_SNOTEL_ShanghiSummit,0.3639608323574066,0.3986002206802368,251.62228393554688,257.308837890625,13.56029224395752,2016
ISMN_SNOTEL_Sherwin,0.3415397107601166,0.37344619631767273,250.5425262451172,256.98822021484375,13.740453720092773,2016
ISMN_SCAN_Lind#1,0.14318226277828217,0.15308362245559692,243.5233612060547,261.9219055175781,0.4293699264526367,2016
ISMN_SNOTEL_MicaCreek,0.3338644802570343,0.36741378903388977,251.0609130859375,256.993408203125,13.366390228271484,2016
ISMN_USCRN_Spokane-17-SSW,0.18609607219696045,0.1830340474843979,235.125732421875,254.82440185546875,2.5932843685150146,2016
ISMN_SNOTEL_Lookout,0.33870476484298706,0.40188509225845337,254.44290161132812,258.4686279296875,12.973827362060547,2016
ISMN_SNOTEL_Sunset,0.33151164650917053,0.3906688392162323,254.17796325683594,258.4515686035156,13.066465377807617,2016
ISMN_SNOTEL_RaggedMountain,0.23810797929763794,0.24036702513694763,245.31942749023438,257.3496398925781,9.658158302307129,2016
ISMN_SNOTEL_MosesMtn,0.21356318891048431,0.22534029185771942,246.6143341064453,257.71331787109375,9.335312843322754,2016
ISMN_SNOTEL_GoldAxeCamp,0.21188877522945404,0.2304629236459732,249.85626220703125,258.59027099609375,9.909557342529297,2016
ISMN_SCAN_TableMountain,0.14655546844005585,0.16052912175655365,236.58311462402344,257.23095703125,0.42033153772354126,2016
ISMN_SNOTEL_SavagePass,0.3464604318141937,0.42000168561935425,251.5863494873047,256.7250061035156,11.982147216796875,2016
ISMN_SCAN_ConradAgRc,0.12529446184635162,0.14572185277938843,241.4833526611328,261.34478759765625,0.4255327582359314,2016
ISMN_SCAN_Violett,0.12248450517654419,0.1417713165283203,242.95086669921875,262.1380615234375,0.2508136034011841,2016
ISMN_SCAN_Moccasin,0.17115922272205353,0.18086056411266327,233.9046630859375,255.1587677001953,0.5007016062736511,2016
ISMN_SCAN_Jordan,0.16235622763633728,0.16921062767505646,234.33602905273438,256.5076599121094,0.3338989317417145,2016
ISMN_SCAN_Mandan#1,0.1752803921699524,0.18767502903938293,233.7417449951172,256.3877868652344,1.2651238441467285,2016
ISMN_SCAN_Sidney,0.16241493821144104,0.17756594717502594,233.03543090820312,256.0861511230469,0.5464954376220703,2016
ISMN_SCAN_CrescentLake#1,0.240694060921669,0.24145439267158508,232.68922424316406,251.29269409179688,2.4026825428009033,2016
ISMN_SCAN_Wabeno#1,0.326107919216156,0.3442665636539459,252.88568115234375,258.7440185546875,11.718937873840332,2016
ISMN_USCRN_Chatham-1-SE,0.38326409459114075,0.3510395288467407,249.97637939453125,256.5521545410156,11.273324966430664,2016
ISMN_LABFLUX_Bussolenobosco,0.22543072700500488,0.2666856050491333,251.5821533203125,257.5809631347656,5.510940074920654,2016
ISMN_RSMN_Banloc,0.24265863001346588,0.23813974857330322,229.99839782714844,252.52232360839844,1.981215000152588,2016
ISMN_RSMN_Dumbraveni,0.27345529198646545,0.2906419634819031,238.62054443359375,252.8372039794922,4.57208251953125,2016
ISMN_RSMN_Oradea,0.2620876729488373,0.26269885897636414,229.81094360351562,249.90939331054688,2.974620819091797,2016
ISMN_RSMN_Tecuci,0.21979445219039917,0.21615052223205566,232.8382568359375,253.8289031982422,1.650970697402954,2016
ISMN_RSMN_Barlad,0.2088456004858017,0.2087542861700058,236.67135620117188,256.0727844238281,1.8958081007003784,2016
ISMN_RSMN_Cotnari,0.2187923640012741,0.22294239699840546,231.886474609375,253.25323486328125,1.8542115688323975,2016
ISMN_RSMN_Darabani,0.20372352004051208,0.20711670815944672,234.23529052734375,255.15914916992188,2.221585988998413,2016
ISMN_COSMOS-UK_Fivemiletown,0.4104870855808258,0.41030752658843994,231.89682006835938,243.73651123046875,3.1694202423095703,2016
ISMN_COSMOS-UK_PortonDown,0.23452064394950867,0.23804068565368652,233.02090454101562,253.30352783203125,3.0181822776794434,2016
ISMN_COSMOS-UK_AliceHolt,0.20710298418998718,0.22463560104370117,241.21942138671875,258.8836975097656,6.812731742858887,2016
ISMN_COSMOS-UK_Heytesbury,0.25830593705177307,0.263655424118042,231.1226043701172,250.92047119140625,2.773104190826416,2016
ISMN_COSMOS-UK_Sheepdrove,0.24969246983528137,0.24656778573989868,229.30580139160156,251.0107421875,2.5704689025878906,2016
ISMN_COSMOS-UK_Waddesdon,0.2331140637397766,0.23425158858299255,231.56422424316406,253.35340881347656,3.0410611629486084,2016
ISMN_COSMOS-UK_Cardington,0.20198333263397217,0.19952906668186188,232.6426239013672,256.1325988769531,2.401876926422119,2016
ISMN_COSMOS-UK_MoretonMorrell,0.24792946875095367,0.24842771887779236,228.7584228515625,250.86952209472656,2.641336441040039,2016
ISMN_COSMOS-UK_Stoughton,0.24449090659618378,0.24344179034233093,228.65834045410156,251.22189331054688,2.884613037109375,2016
ISMN_COSMOS-UK_BunnyPark,0.22318294644355774,0.2233767956495285,230.48219299316406,253.07363891601562,3.023571729660034,2016
ISMN_COSMOS-UK_SpenFarm,0.24061839282512665,0.23628418147563934,225.70314025878906,248.76583862304688,2.6523334980010986,2016
ISMN_COSMOS-UK_HollinHill,0.2643316984176636,0.2592044770717621,223.66490173339844,246.521484375,3.0109877586364746,2016
ISMN_COSMOS-UK_LullingtonHeath,0.23094868659973145,0.23580177128314972,236.4007110595703,254.03622436523438,2.3838629722595215,2016
ISMN_COSMOS-UK_Redhill,0.1635136902332306,0.15813148021697998,240.88429260253906,261.30194091796875,3.2902846336364746,2016
ISMN_COSMOS-UK_Writtle,0.16909708082675934,0.16079886257648468,237.2015838623047,260.99371337890625,2.6447417736053467,2016
ISMN_COSMOS-UK_Elmsett,0.20836037397384644,0.21041274070739746,231.38255310058594,254.47509765625,2.3178489208221436,2016
ISMN_COSMOS-UK_Euston,0.21227985620498657,0.21803252398967743,233.29078674316406,254.71780395507812,3.4783782958984375,2016
ISMN_COSMOS-UK_Redmere,0.2291097790002823,0.22752645611763,229.3180694580078,252.00169372558594,2.5334255695343018,2016
ISMN_COSMOS-UK_Morley,0.21422606706619263,0.21576158702373505,232.54942321777344,254.11012268066406,2.514469861984253,2016
ISMN_COSMOS-UK_Fincham,0.22982673346996307,0.2265346348285675,230.05691528320312,252.20753479003906,3.193666458129883,2016
ISMN_TERENO_Schoeneseiffen,0.3000927269458771,0.30466359853744507,241.82106018066406,254.6920928955078,9.711501121520996,2016
ISMN_TERENO_Merzenhausen,0.22724980115890503,0.22305670380592346,233.5763702392578,252.9570770263672,4.181039810180664,2016
ISMN_TWENTE_Hupsel,0.2306058406829834,0.22966723144054413,232.3689727783203,249.56893920898438,3.6256556510925293,2016
ISMN_TWENTE_ITCSM-08b,0.22808638215065002,0.23131097853183746,232.51193237304688,249.90460205078125,3.8327085971832275,2016
ISMN_TWENTE_ITCSM-09,0.22231459617614746,0.22185665369033813,232.5621795654297,250.25840759277344,3.7916958332061768,2016
ISMN_TWENTE_ITCSM-13,0.25576189160346985,0.25858408212661743,231.92901611328125,248.6162109375,4.272361755371094,2016
ISMN_TWENTE_ITCSM-15b,0.2618069350719452,0.25977951288223267,231.69732666015625,248.3887481689453,4.562742233276367,2016
ISMN_TWENTE_ITCSM-16b,0.2691020965576172,0.2671198844909668,231.37620544433594,247.9272003173828,4.624248027801514,2016
ISMN_TWENTE_ITCSM-17c,0.26899251341819763,0.2704560160636902,230.14328002929688,247.3208465576172,4.57531213760376,2016
ISMN_MOL-RAO_Falkenberg,0.22403837740421295,0.23518450558185577,244.5669403076172,257.3678283691406,7.929059028625488,2016
ISMN_Berlin_PSA17suedpark,0.19756905734539032,0.18886809051036835,242.53616333007812,257.29547119140625,4.967289447784424,2016
ISMN_Berlin_PSA7Ruebezahl,0.2083047777414322,0.2022961527109146,242.59823608398438,257.2073974609375,6.077272891998291,2016
ISMN_Berlin_PSA18Pfaueninsel,0.21561995148658752,0.2114356905221939,241.44088745117188,256.8216552734375,7.1953911781311035,2016
ISMN_Berlin_PSA1BerlinerStr,,,242.22726440429688,257.4728698730469,5.46080207824707,2016
ISMN_Berlin_PSA6Plaenterwald,,,242.49929809570312,257.4553527832031,4.40437650680542,2016
ISMN_Berlin_PSA4Heerstrasse,0.20626597106456757,0.19889642298221588,241.89271545410156,257.17767333984375,6.397758960723877,2016
ISMN_Berlin_PflABerlin12Schi,,,242.49929809570312,257.4553527832031,4.40437650680542,2016
ISMN_Berlin_PSA2Tiergarten,,,242.43368530273438,257.5714416503906,4.547792911529541,2016
ISMN_Berlin_PflABerlin13Marz,0.19756905734539032,0.18886809051036835,242.53616333007812,257.29547119140625,4.967289447784424,2016
ISMN_Berlin_PflABerlin11Humb,,,242.43368530273438,257.5714416503906,4.547792911529541,2016
ISMN_Berlin_PSA16krugwiesen,0.19851432740688324,0.19298891723155975,243.07101440429688,257.5867614746094,5.777528285980225,2016
ISMN_Berlin_PSA15bucherchaus,0.19984498620033264,0.19249185919761658,243.0191192626953,257.7012023925781,5.892809867858887,2016
ISMN_Berlin_PSA14wiltinger,0.2019420713186264,0.19864653050899506,242.7595977783203,256.9896545410156,6.188680648803711,2016
ISMN_SNOTEL_McneilRiverSGS,0.25113028287887573,0.26310089230537415,240.7665252685547,251.5966033935547,1.8429136276245117,2016
ISMN_SNOTEL_PortGraham,,,77.87096405029297,116.50993347167969,8.708348274230957,2016
ISMN_SNOTEL_NukaGlacier,0.19803185760974884,0.22048626840114594,247.60548400878906,256.4821472167969,3.2155001163482666,2016
ISMN_SNOTEL_AnchorRiverDivide,0.15322117507457733,0.18350958824157715,251.96690368652344,258.8617248535156,2.5685794353485107,2016
ISMN_SNOTEL_MooreCreekBridge,0.23619107902050018,0.2701830267906189,249.5011749267578,255.08265686035156,1.9231358766555786,2016
ISMN_COSMOS-UK_HartwoodHome,0.2670885920524597,0.26359614729881287,234.2550048828125,249.4783477783203,2.843614101409912,2016
ISMN_COSMOS-UK_Cochno,0.26264530420303345,0.2625853717327118,236.1240692138672,250.83680725097656,3.282552480697632,2016
ISMN_COSMOS-UK_Balruddery,0.2521430253982544,0.25338107347488403,225.619873046875,246.63307189941406,2.8046557903289795,2016
ISMN_HOBE_2.01,0.22521649301052094,0.23762093484401703,233.6681671142578,251.85641479492188,3.713543176651001,2016
ISMN_HOBE_2.11,0.22919052839279175,0.24092453718185425,232.9793243408203,251.36805725097656,3.7199437618255615,2016
ISMN_HOBE_1.07,0.23192563652992249,0.24346432089805603,233.6483917236328,251.59913635253906,4.409084320068359,2016
ISMN_SNOTEL_Aniak,0.27333807945251465,0.29392820596694946,245.11558532714844,254.12806701660156,1.8534644842147827,2016
ISMN_SNOTEL_McGrath,0.2603612542152405,0.2702675461769104,248.68641662597656,256.59613037109375,2.5464093685150146,2016
ISMN_SNOTEL_GalenaAK,0.33059099316596985,0.3574243485927582,245.89175415039062,253.68280029296875,2.6308774948120117,2016
ISMN_SNOTEL_KenaiMoosePens,0.35259491205215454,0.3412856161594391,249.93760681152344,257.9235534667969,9.482063293457031,2016
ISMN_SNOTEL_TelaquanaLake,0.21846425533294678,0.2439732402563095,252.8170623779297,258.0099792480469,2.4429662227630615,2016
ISMN_SNOTEL_SusitnaValleyHigh,0.3199807107448578,0.3427155017852783,250.55078125,257.62481689453125,5.472477912902832,2016
ISMN_SNOTEL_TokositnaValley,0.2675345242023468,0.2857811748981476,247.02854919433594,254.60789489746094,2.394171953201294,2016
ISMN_SNOTEL_ExitGlacier,0.1465054750442505,0.15675373375415802,250.30458068847656,258.20684814453125,1.6271693706512451,2016
ISMN_SNOTEL_SummitCreek,0.20988808572292328,0.24266599118709564,250.2939453125,255.6074676513672,2.9161744117736816,2016
ISMN_SNOTEL_UpperTsainaRiver,0.19188207387924194,0.21253405511379242,250.3291015625,256.4949951171875,0.6621922850608826,2016
ISMN_SNOTEL_SpringCreek,0.21038956940174103,0.23354512453079224,252.3068084716797,258.96356201171875,4.822378158569336,2016
ISMN_SNOTEL_GulkanaRiver,0.17013441026210785,0.18459206819534302,253.19979858398438,259.31640625,3.189464569091797,2016
ISMN_SNOTEL_FieldingLake,0.19624760746955872,0.21552975475788116,248.7982177734375,256.516845703125,1.5328381061553955,2016
ISMN_SNOTEL_GraniteCrk,0.15537375211715698,0.18334431946277618,254.49887084960938,261.47064208984375,5.545440196990967,2016
ISMN_SNOTEL_Chisana,0.18799233436584473,0.21026988327503204,249.25074768066406,255.4591522216797,1.2065013647079468,2016
ISMN_SNOTEL_Tok,0.14230398833751678,0.16504238545894623,256.0906677246094,261.19879150390625,4.477820873260498,2016
ISMN_SNOTEL_JackWadeJct,0.14379790425300598,0.1748824566602707,256.6419372558594,261.7742614746094,2.7599549293518066,2016
ISMN_SNOTEL_KellyStation,0.18578895926475525,0.20523858070373535,246.83204650878906,255.71278381347656,1.20505952835083,2016
ISMN_SNOTEL_GobblersKnob,0.15747331082820892,0.17871983349323273,252.4104766845703,260.0337219238281,1.806427240371704,2016
ISMN_SNOTEL_Coldfoot,0.15239644050598145,0.1736285537481308,254.0178985595703,259.64044189453125,1.658482551574707,2016
ISMN_SNOTEL_Mt.Ryan,0.12383869290351868,0.1494140923023224,255.3783721923828,261.5920104980469,1.9737706184387207,2016
ISMN_SNOTEL_UpperNomeCreek,0.1325431615114212,0.15598632395267487,254.56956481933594,260.95703125,1.6369867324829102,2016
ISMN_SNOTEL_EagleSummit,0.11940925568342209,0.14300668239593506,255.33245849609375,261.4951477050781,1.724893569946289,2016
ISMN_SNOTEL_ImnaviatCreek,0.1876012682914734,0.20552580058574677,246.0554962158203,255.23876953125,1.0285683870315552,2016
ISMN_FMI_SOD130,0.31058236956596375,0.3158677816390991,242.40081787109375,252.00137329101562,3.4449303150177,2016
ISMN_FMI_SOD073,0.3598743677139282,0.35582348704338074,240.4935760498047,250.46109008789062,3.4709584712982178,2016
ISMN_FMI_SOD071,0.3598743677139282,0.35582348704338074,240.4935760498047,250.46109008789062,3.4709584712982178,2016
ISMN_FMI_SOD072,0.3598743677139282,0.35582348704338074,240.4935760498047,250.46109008789062,3.4709584712982178,2016
ISMN_FMI_SOD103,0.3598743677139282,0.35582348704338074,240.4935760498047,250.46109008789062,3.4709584712982178,2016
ISMN_FMI_SOD101,0.3598743677139282,0.35582348704338074,240.4935760498047,250.46109008789062,3.4709584712982178,2016
ISMN_FMI_SOD102,0.3598743677139282,0.35582348704338074,240.4935760498047,250.46109008789062,3.4709584712982178,2016
ISMN_FMI_SOD012,0.3335261642932892,0.3267928659915924,241.0633087158203,250.99757385253906,3.4542465209960938,2016
ISMN_FMI_SOD011,0.3335261642932892,0.3267928659915924,241.0633087158203,250.99757385253906,3.4542465209960938,2016
ISMN_FMI_SOD013,0.3335261642932892,0.3267928659915924,241.0633087158203,250.99757385253906,3.4542465209960938,2016
ISMN_FMI_SOD081,0.3335261642932892,0.3267928659915924,241.0633087158203,250.99757385253906,3.4542465209960938,2016
ISMN_FMI_SOD083,0.3335261642932892,0.3267928659915924,241.0633087158203,250.99757385253906,3.4542465209960938,2016
ISMN_LAB-net_OromoCalibrationSite,0.3519884943962097,0.351299911737442,236.28927612304688,249.96461486816406,5.594676494598389,2017
ISMN_COSMOS_KLEE,0.14920365810394287,0.1340198963880539,245.72726440429688,269.3247375488281,0.6053248047828674,2017
ISMN_AMMA-CATCH_Banizoumbou,0.061770737171173096,0.05928909778594971,261.4809875488281,287.16375732421875,0.531425952911377,2017
ISMN_AMMA-CATCH_Tondikiboro,0.05718135088682175,0.055202241986989975,262.89813232421875,287.9261169433594,0.5956417322158813,2017
ISMN_SD_DEM_Demokeya,0.035114459693431854,0.03497769683599472,269.538818359375,292.22235107421875,0.5942555665969849,2017
ISMN_SCAN_Combate,,,262.66357421875,271.9809875488281,4.060390949249268,2017
ISMN_SCAN_Fortuna,0.4997221827507019,0.4997221827507019,77.6480484008789,115.9912338256836,7.282716274261475,2017
ISMN_SCAN_MaricaoForest,0.36692941188812256,0.3920458257198334,263.8480224609375,270.7101745605469,11.61345386505127,2017
ISMN_USCRN_Panther-Junction-2-N,0.1188691258430481,0.10889582335948944,256.5624084472656,275.5648193359375,0.31162765622138977,2017
ISMN_SCAN_Uvalde,0.1732598841190338,0.16868473589420319,253.8603057861328,271.6474304199219,0.8736406564712524,2017
ISMN_SCAN_EvergladesARS,0.41755515336990356,0.4099021255970001,187.8250732421875,221.36256408691406,2.627323865890503,2017
ISMN_USCRN_Everglades-City-5-NE,0.3302300274372101,0.3414740562438965,224.4427032470703,244.97250366210938,4.502804756164551,2017
ISMN_SCAN_SellersLake#1,0.2570675313472748,0.2601197063922882,254.98605346679688,266.9130859375,7.512940883636475,2017
ISMN_USCRN_Fallbrook-5-NE,0.12967297434806824,0.13054263591766357,257.80364990234375,271.2640380859375,1.4765459299087524,2017
ISMN_USCRN_Santa-Barbara-11-W,,,76.89559936523438,116.60981750488281,3.1049387454986572,2017
ISMN_SCAN_Stubblefield,0.13274015486240387,0.12855391204357147,252.96311950683594,269.6845703125,0.6950584053993225,2017
ISMN_SNOTEL_BakerButteSmt,0.17866438627243042,0.16882136464118958,255.7138671875,265.0738220214844,4.1578240394592285,2017
ISMN_SNOTEL_BakerButte,0.17866438627243042,0.16882136464118958,255.7138671875,265.0738220214844,4.1578240394592285,2017
ISMN_SNOTEL_BarM,0.19348439574241638,0.18874119222164154,250.3275604248047,261.8753662109375,5.212425231933594,2017
ISMN_SNOTEL_MormonMtnSummit,0.17302194237709045,0.16868245601654053,249.07073974609375,262.0465393066406,4.027826309204102,2017
ISMN_SCAN_AdamsRanch#1,0.10150657594203949,0.09038161486387253,248.32791137695312,272.3529052734375,0.26301175355911255,2017
ISMN_SCAN_JornadaExpRange,0.10191814601421356,0.08761105686426163,250.08753967285156,272.105224609375,0.3392352759838104,2017
ISMN_USCRN_Las-Cruces-20-N,0.10305041074752808,0.0881015807390213,249.89915466308594,272.2906494140625,0.2398703545331955,2017
ISMN_SNOTEL_HawleyLake,0.21196460723876953,0.21645675599575043,252.81466674804688,261.5918273925781,10.024145126342773,2017
ISMN_SNOTEL_Baldy,0.17759579420089722,0.18655870854854584,249.9907684326172,260.7337646484375,8.000545501708984,2017
ISMN_USCRN_Socorro-20-N,0.10142812132835388,0.09346941113471985,251.45420837402344,271.42041015625,0.20626258850097656,2017
ISMN_SCAN_Sevilleta,0.0937085673213005,0.0889473482966423,253.11375427246094,272.1899719238281,0.2394585907459259,2017
ISMN_SCAN_SanAngelo,0.1653708815574646,0.1552356779575348,245.48402404785156,266.6929016113281,0.7054544687271118,2017
ISMN_USCRN_Monahans-6-ENE,0.07164750248193741,0.07079346477985382,257.1351623535156,278.2813720703125,0.3595751225948334,2017
ISMN_USCRN_Bronte-11-NNE,0.15878629684448242,0.15051206946372986,245.50633239746094,266.06732177734375,0.6460933685302734,2017
ISMN_SCAN_WillowWells,0.08217649161815643,0.07924784719944,253.04763793945312,273.5845031738281,0.4348900616168976,2017
ISMN_SCAN_Levelland,0.10795418918132782,0.0940813422203064,250.6322021484375,271.2453918457031,0.5782039165496826,2017
ISMN_SCAN_ReeseCenter,0.13171251118183136,0.11410785466432571,244.68211364746094,267.33160400390625,0.7324402332305908,2017
ISMN_SCAN_Lehman,0.09686270356178284,0.08876993507146835,252.8830108642578,272.65985107421875,0.5565145611763,2017
ISMN_USCRN_Muleshoe-19-S,0.10679883509874344,0.10136919468641281,249.69252014160156,270.35198974609375,0.39776086807250977,2017
ISMN_SCAN_PrairieView#1,0.23814745247364044,0.24711377918720245,243.68003845214844,261.1199951171875,2.30838942527771,2017
ISMN_TxSON_LCRA-7,0.1941639631986618,0.19323988258838654,248.9033203125,265.8887634277344,1.0228526592254639,2017
ISMN_TxSON_LCRA-3,0.19347365200519562,0.19318412244319916,248.40843200683594,265.7210388183594,1.002589225769043,2017
ISMN_TxSON_CR200-23,0.19347365200519562,0.19318412244319916,248.40843200683594,265.7210388183594,1.002589225769043,2017
ISMN_TxSON_CR200-12,0.1931164562702179,0.195071280002594,248.651123046875,265.8139953613281,1.0017874240875244,2017
ISMN_TxSON_CR200-11,0.19445015490055084,0.1937119960784912,248.54150390625,265.62298583984375,1.0042694807052612,2017
ISMN_TxSON_CR200-7,0.19347365200519562,0.19318412244319916,248.40843200683594,265.7210388183594,1.002589225769043,2017
ISMN_TxSON_CR200-5,0.18828877806663513,0.18867991864681244,249.21249389648438,266.31732177734375,1.00764000415802,2017
ISMN_TxSON_CR200-6,0.18819329142570496,0.18877631425857544,249.0802001953125,266.3337707519531,1.017258882522583,2017
ISMN_TxSON_CR1000-2,0.18819329142570496,0.18877631425857544,249.0802001953125,266.3337707519531,1.017258882522583,2017
ISMN_TxSON_CR200-18,0.18819329142570496,0.18877631425857544,249.0802001953125,266.3337707519531,1.017258882522583,2017
ISMN_TxSON_CR200-25,0.18819329142570496,0.18877631425857544,249.0802001953125,266.3337707519531,1.017258882522583,2017
ISMN_TxSON_CR200-15,0.18819329142570496,0.18877631425857544,249.0802001953125,266.3337707519531,1.017258882522583,2017
ISMN_TxSON_CR200-24,0.18819329142570496,0.18877631425857544,249.0802001953125,266.3337707519531,1.017258882522583,2017
ISMN_TxSON_CR200-17,0.18828877806663513,0.18867991864681244,249.21249389648438,266.31732177734375,1.00764000415802,2017
ISMN_TxSON_CR1000-3,0.18828877806663513,0.18867991864681244,249.21249389648438,266.31732177734375,1.00764000415802,2017
ISMN_TxSON_CR200-8,0.18819329142570496,0.18877631425857544,249.0802001953125,266.3337707519531,1.017258882522583,2017
ISMN_TxSON_CR200-16,0.18828877806663513,0.18867991864681244,249.21249389648438,266.31732177734375,1.00764000415802,2017
ISMN_TxSON_CR200-2,0.18828877806663513,0.18867991864681244,249.21249389648438,266.31732177734375,1.00764000415802,2017
ISMN_TxSON_CR200-10,0.18828877806663513,0.18867991864681244,249.21249389648438,266.31732177734375,1.00764000415802,2017
ISMN_TxSON_CR1000-5,0.1837865710258484,0.18469063937664032,250.0309295654297,266.9981689453125,1.0926114320755005,2017
ISMN_TxSON_LCRA-1,0.1797299087047577,0.18008850514888763,251.0869140625,267.6755065917969,1.183489203453064,2017
ISMN_TxSON_CR1000-4,0.17387865483760834,0.1764717996120453,251.5217742919922,268.3323059082031,1.0430375337600708,2017
ISMN_USCRN_Austin-33-NW,0.21671152114868164,0.21697668731212616,246.00587463378906,263.87060546875,1.3628431558609009,2017
ISMN_SCAN_Stephenville,0.1937417834997177,0.19586849212646484,244.2820587158203,263.8528137207031,1.0102567672729492,2017
ISMN_SCAN_KnoxCity,0.1325976401567459,0.11897002905607224,247.78494262695312,268.983642578125,0.7568964958190918,2017
ISMN_USCRN_Lafayette-13-SE,0.3556143641471863,0.3488440215587616,227.76605224609375,248.230712890625,3.5227036476135254,2017
ISMN_SCAN_Onward,0.34382158517837524,0.3436477482318878,227.5290985107422,248.54537963867188,5.127326965332031,2017
ISMN_SCAN_Mayday,0.3249039053916931,0.3218539357185364,233.3934326171875,252.0059814453125,3.852036237716675,2017
ISMN_USCRN_Monroe-26-N,0.38819268345832825,0.3934957981109619,245.35231018066406,257.2779235839844,9.433356285095215,2017
ISMN_SCAN_NorthIssaquena,0.30224305391311646,0.3005702793598175,221.11798095703125,246.68283081054688,2.310659170150757,2017
ISMN_SCAN_Scott,0.30771520733833313,0.30085983872413635,221.90460205078125,247.15054321289062,4.198054790496826,2017
ISMN_SCAN_SandyRidge,0.29727399349212646,0.2879199683666229,210.14588928222656,239.76002502441406,1.6016734838485718,2017
ISMN_SCAN_Perthshire,0.290385901927948,0.2875182628631592,221.81375122070312,247.63551330566406,2.9237780570983887,2017
ISMN_SCAN_UapbCampus-PB,0.31951555609703064,0.32278305292129517,236.74468994140625,253.376708984375,6.020080089569092,2017
ISMN_SCAN_UapbDewitt,0.3338160812854767,0.33008328080177307,218.84783935546875,243.57911682128906,3.1417653560638428,2017
ISMN_SCAN_Tunica,0.3081602156162262,0.3021222651004791,220.013916015625,245.3939971923828,2.875181198120117,2017
ISMN_SCAN_TncFortBayou,0.23870930075645447,0.2541607618331909,244.56565856933594,261.1170959472656,3.856928586959839,2017
ISMN_SCAN_KoptisFarms,0.20638443529605865,0.21920906007289886,249.17510986328125,263.8416442871094,3.265516996383667,2017
ISMN_SCAN_RiverRoadFarms,0.2052977830171585,0.21105633676052094,248.46438598632812,264.3542175292969,3.164954423904419,2017
ISMN_SCAN_PerdidoRivFarms,0.27288535237312317,0.2835335433483124,250.34136962890625,261.8844299316406,4.772887706756592,2017
ISMN_SCAN_Selma,0.315369576215744,0.32315635681152344,248.0104522705078,259.4306945800781,5.044832706451416,2017
ISMN_SCAN_SudduthFarms,0.33282679319381714,0.3459978997707367,251.73355102539062,260.68670654296875,8.988459587097168,2017
ISMN_SCAN_Cullman-NAHRC,0.2617824673652649,0.27814874053001404,244.94338989257812,257.5759582519531,4.295553684234619,2017
ISMN_USCRN_Gadsden-19-N,0.2716851830482483,0.2866452932357788,241.30902099609375,255.6102294921875,4.472224235534668,2017
ISMN_SCAN_StanleyFarm,0.2538498044013977,0.27047184109687805,241.3597412109375,255.92430114746094,4.010793685913086,2017
ISMN_SCAN_Hodges,0.25154024362564087,0.2667723000049591,241.82191467285156,256.4515075683594,4.852780818939209,2017
ISMN_SCAN_AAMU-JTG,0.27685418725013733,0.28447574377059937,238.88229370117188,255.03768920898438,4.696352958679199,2017
ISMN_SCAN_IsbellFarms,0.2397378385066986,0.26112401485443115,255.0694122314453,264.2290344238281,8.845309257507324,2017
ISMN_SCAN_BraggFarm,0.26489636301994324,0.27334800362586975,236.1313934326172,253.5023651123047,2.9707748889923096,2017
ISMN_SCAN_Wtars,0.272859126329422,0.28056618571281433,238.1139678955078,254.34671020507812,3.907773971557617,2017
ISMN_SCAN_Wakulla#1,0.3308662474155426,0.345672607421875,253.47271728515625,264.7369689941406,11.03819751739502,2017
ISMN_USCRN_Brunswick-23-S,,,248.33834838867188,271.7870178222656,5.747921943664551,2017
ISMN_USCRN_Newton-8-W,0.1927255541086197,0.1997503787279129,250.5721893310547,265.7658386230469,3.838369131088257,2017
ISMN_SCAN_LittleRiver,0.21323668956756592,0.22049641609191895,245.9425506591797,261.7041931152344,2.81748628616333,2017
ISMN_SCAN_YoumansFarm,0.2892186641693115,0.29785263538360596,252.71018981933594,263.1678161621094,7.1946492195129395,2017
ISMN_USCRN_Watkinsville-5-SSE,0.28113704919815063,0.290537029504776,250.7044677734375,261.316650390625,6.267052173614502,2017
ISMN_SCAN_Watkinsville#1,0.26860037446022034,0.27616482973098755,249.45391845703125,260.4848937988281,4.328215599060059,2017
ISMN_USCRN_McClellanville-7-NE,0.20971296727657318,0.23091816902160645,242.5934295654297,262.5388488769531,8.114620208740234,2017
ISMN_SCAN_PeeDee,0.29910120368003845,0.2989015579223633,247.7620086669922,260.5391540527344,7.202518939971924,2017
ISMN_NGARI_SQ20,0.10740846395492554,0.10166066139936447,239.73336791992188,256.5496826171875,8.746792445890605e-08,2017
ISMN_NGARI_SQ21,0.10857793688774109,0.1027505174279213,239.97906494140625,256.2821350097656,0.0010327420895919204,2017
ISMN_NGARI_ALI01,0.1423664391040802,0.13835951685905457,241.80870056152344,254.80528259277344,0.0026164401788264513,2017
ISMN_NGARI_SQ19,0.10877025872468948,0.10400895029306412,239.4083251953125,256.8225402832031,5.217936268309131e-05,2017
ISMN_NAQU_NQMS,0.23970824480056763,0.22769306600093842,223.88389587402344,248.09957885742188,0.3923245966434479,2017
ISMN_NAQU_NQKema,0.27478793263435364,0.25570347905158997,220.99887084960938,244.09674072265625,0.46984031796455383,2017
ISMN_NAQU_NQNorth,0.23437651991844177,0.2118157297372818,223.04177856445312,248.02610778808594,0.3869949281215668,2017
ISMN_SCAN_Vallecitos,0.15275657176971436,0.13762091100215912,255.82958984375,268.21221923828125,1.3452472686767578,2017
ISMN_SCAN_MonoclineRidge,0.15530116856098175,0.13529351353645325,251.1949005126953,267.31207275390625,0.9598096609115601,2017
ISMN_FLUXNET-AMERIFLUX_BouldinIslandAlfalfa,0.2657195031642914,0.25516727566719055,228.4227294921875,250.7675323486328,2.1576504707336426,2017
ISMN_FLUXNET-AMERIFLUX_VairaRanch,0.2063504308462143,0.20189741253852844,242.9058837890625,260.08319091796875,1.7248464822769165,2017
ISMN_FLUXNET-AMERIFLUX_TonziRanch,0.2063504308462143,0.20189741253852844,242.9058837890625,260.08319091796875,1.7248464822769165,2017
ISMN_SNOTEL_CarsonPass,0.18089982867240906,0.22308915853500366,251.56280517578125,258.94390869140625,7.518901824951172,2017
ISMN_SNOTEL_Rubicon#2,0.16392859816551208,0.2028641551733017,252.64060974121094,260.5784912109375,8.37419319152832,2017
ISMN_SNOTEL_WardCreek#3,0.19540399312973022,0.22627657651901245,252.677978515625,259.8446350097656,10.035884857177734,2017
ISMN_SNOTEL_TahoeCityCross,0.19540399312973022,0.22627657651901245,252.677978515625,259.8446350097656,10.035884857177734,2017
ISMN_SNOTEL_PalisadesTahoe,0.21617956459522247,0.2557135224342346,253.31915283203125,259.8063659667969,10.217164039611816,2017
ISMN_CW3E_BrownsValleySchool,0.2919565439224243,0.28235313296318054,232.7994384765625,251.02743530273438,2.483562469482422,2017
ISMN_SNOTEL_Truckee#2,0.20416094362735748,0.24671074748039246,250.4617462158203,258.7241516113281,9.52625846862793,2017
ISMN_CW3E_BoyesCreekCanyon,0.31984347105026245,0.31682872772216797,255.29586791992188,261.4017333984375,7.873043537139893,2017
ISMN_CW3E_PotterValleyNorth,0.3170981705188751,0.3198011815547943,255.483642578125,261.7259216308594,8.666648864746094,2017
ISMN_SNOTEL_IndependenceLake,0.24177312850952148,0.2842174768447876,249.9900665283203,257.9056701660156,9.519280433654785,2017
ISMN_SNOTEL_IndependenceCamp,0.2229013741016388,0.2670386731624603,249.4948272705078,258.2457275390625,9.208179473876953,2017
ISMN_SNOTEL_IndependenceCreek,0.2229013741016388,0.2670386731624603,249.4948272705078,258.2457275390625,9.208179473876953,2017
ISMN_CW3E_FeatherRiverCollege,0.3036591708660126,0.34433111548423767,254.97325134277344,260.21197509765625,12.091951370239258,2017
ISMN_SCAN_LovellSummit,0.08998463302850723,0.08990170061588287,254.41297912597656,271.4286193847656,0.955626368522644,2017
ISMN_SNOTEL_LeeCanyon,0.09337664395570755,0.09712957590818405,254.41744995117188,270.9189147949219,1.1590420007705688,2017
ISMN_SNOTEL_BristleconeTrail,0.09616243839263916,0.10235323011875153,254.86065673828125,271.08135986328125,1.2749357223510742,2017
ISMN_SCAN_Charkiln,0.09398850053548813,0.09917986392974854,255.04055786132812,271.9009704589844,1.053221583366394,2017
ISMN_SCAN_PineNut,0.10165026038885117,0.1073911041021347,254.4389190673828,272.08349609375,0.4288105368614197,2017
ISMN_USCRN_Stovepipe-Wells-1-SW,0.12172672897577286,0.1319177746772766,258.52227783203125,274.83984375,0.022970961406826973,2017
ISMN_USCRN_Mercury-3-SSW,0.07565349340438843,0.08115273714065552,254.1861114501953,274.6998596191406,0.18312031030654907,2017
ISMN_USCRN_Yosemite-Village-12-W,0.2370370626449585,0.2594010531902313,255.76339721679688,262.2939758300781,9.150581359863281,2017
ISMN_SCAN_MarbleCreek,0.09344793111085892,0.11506706476211548,254.83880615234375,268.0010986328125,0.3393500745296478,2017
ISMN_SNOTEL_VirginiaLakesRidge,0.1511843204498291,0.18077655136585236,249.59608459472656,258.6589660644531,1.7298352718353271,2017
ISMN_SCAN_BodieHills,0.12198812514543533,0.1441338211297989,250.13584899902344,262.1469421386719,0.7263357043266296,2017
ISMN_SNOTEL_LeavittLake,0.16809846460819244,0.1999855786561966,249.77291870117188,257.6571044921875,2.803293228149414,2017
ISMN_SNOTEL_LeavittMeadows,0.15396341681480408,0.17627134919166565,249.44650268554688,257.92584228515625,1.739531397819519,2017
ISMN_SNOTEL_SonoraPass,0.16809846460819244,0.1999855786561966,249.77291870117188,257.6571044921875,2.803293228149414,2017
ISMN_SNOTEL_SummitMeadow,0.14111115038394928,0.16940180957317352,250.17079162597656,258.9642028808594,2.5647897720336914,2017
ISMN_SNOTEL_LobdellLake,0.11683626472949982,0.13400256633758545,250.58328247070312,261.54302978515625,0.818849503993988,2017
ISMN_SNOTEL_PoisonFlat,0.1532006561756134,0.18301884829998016,250.61997985839844,259.7560729980469,5.146468162536621,2017
ISMN_SNOTEL_EbbettsPass,0.1854175478219986,0.22985826432704926,251.35189819335938,258.77520751953125,7.252488136291504,2017
ISMN_SNOTEL_BlueLakes,0.184694305062294,0.22161735594272614,251.23802185058594,258.6558837890625,7.104969024658203,2017
ISMN_SNOTEL_SprattCreek,0.17337191104888916,0.2106848657131195,250.49844360351562,258.9306640625,6.863070011138916,2017
ISMN_SNOTEL_MonitorPass,0.14151163399219513,0.16136206686496735,248.73109436035156,260.6779479980469,2.5510566234588623,2017
ISMN_SNOTEL_HorseMeadow,0.17559856176376343,0.212903693318367,250.00442504882812,259.3478698730469,6.742741107940674,2017
ISMN_SNOTEL_HagansMeadow,0.17559856176376343,0.212903693318367,250.00442504882812,259.3478698730469,6.742741107940674,2017
ISMN_SNOTEL_HeavenlyValley,0.16852837800979614,0.2036975771188736,249.75144958496094,260.2888488769531,6.542574882507324,2017
ISMN_SNOTEL_MarletteLake,0.13074429333209991,0.15901850163936615,250.71104431152344,262.3609619140625,5.837350368499756,2017
ISMN_SNOTEL_LittleValley,0.13995926082134247,0.1643933653831482,250.02365112304688,261.74945068359375,6.047386169433594,2017
ISMN_SNOTEL_VacarroSprings,0.0995345413684845,0.11402784287929535,247.18313598632812,264.89227294921875,0.4221337139606476,2017
ISMN_SNOTEL_BigMeadow,0.1448623239994049,0.16086576879024506,247.5700225830078,260.7553405761719,4.6402812004089355,2017
ISMN_SNOTEL_PorterCanyon,0.1061817854642868,0.1173383966088295,245.56594848632812,263.3426818847656,0.37410715222358704,2017
ISMN_SNOTEL_Chalender,0.15436817705631256,0.1459600031375885,248.99722290039062,262.49853515625,3.138424873352051,2017
ISMN_SCAN_Vermillion,0.102406807243824,0.1193404421210289,256.6332092285156,268.7200012207031,0.3603372573852539,2017
ISMN_SCAN_CaveValley,0.11481022089719772,0.12134263664484024,256.26519775390625,266.5939025878906,0.7148999571800232,2017
ISMN_SNOTEL_GardnerPeak,0.10863039642572403,0.11341773718595505,256.3894958496094,268.01629638671875,2.138420581817627,2017
ISMN_SNOTEL_LittleGrassy,0.10717859119176865,0.10830458253622055,255.54000854492188,268.5079040527344,0.6644742488861084,2017
ISMN_SNOTEL_LongValleyJct,0.13772502541542053,0.1495579332113266,253.7590789794922,263.3157958984375,1.9856709241867065,2017
ISMN_SNOTEL_HarrisFlat,0.13880303502082825,0.150345578789711,253.7149658203125,262.92547607421875,2.1358065605163574,2017
ISMN_SNOTEL_GutzPeak,0.10536641627550125,0.10661163926124573,256.0912170410156,268.9643249511719,0.7678027749061584,2017
ISMN_SNOTEL_LongFlat,0.11090046912431717,0.11353348940610886,254.93014526367188,266.47772216796875,2.2703375816345215,2017
ISMN_SNOTEL_Kolob,0.12432165443897247,0.13074220716953278,252.22317504882812,263.980224609375,1.290676474571228,2017
ISMN_SNOTEL_MidwayValley,0.14242659509181976,0.15045426785945892,252.22239685058594,261.6648254394531,2.857264518737793,2017
ISMN_SNOTEL_WebsterFlat,0.13778023421764374,0.14625900983810425,252.0977783203125,262.1297912597656,2.0092387199401855,2017
ISMN_SNOTEL_SuuRanch,0.13676717877388,0.14382043480873108,250.5601806640625,262.00396728515625,2.815711259841919,2017
ISMN_SCAN_Enterprise,0.10525964945554733,0.10948798805475235,250.3193817138672,266.7240905761719,0.5396718382835388,2017
ISMN_SNOTEL_CastleValley,0.13429942727088928,0.1395258605480194,251.1016387939453,261.30157470703125,3.5953540802001953,2017
ISMN_SNOTEL_Widtsoe#3,0.11572080105543137,0.12114041298627853,253.32876586914062,263.6265869140625,2.918710708618164,2017
ISMN_SCAN_Panguitch,0.11392636597156525,0.11744998395442963,249.91104125976562,262.49591064453125,1.20325767993927,2017
ISMN_SNOTEL_MtPennell,0.0969780758023262,0.09898056089878082,256.88946533203125,269.830322265625,0.41850537061691284,2017
ISMN_SNOTEL_SunflowerFlat,0.11761076003313065,0.12955904006958008,253.90237426757812,264.8040466308594,2.7215211391448975,2017
ISMN_SNOTEL_LonesomeBeaver,0.0969780758023262,0.09898056089878082,256.88946533203125,269.830322265625,0.41850537061691284,2017
ISMN_SNOTEL_JonesCorral,0.11060823500156403,0.11233077943325043,250.83209228515625,262.65618896484375,1.6486409902572632,2017
ISMN_SNOTEL_DonkeyReservoir,0.13079272210597992,0.14177206158638,250.62612915039062,263.0863342285156,3.66192364692688,2017
ISMN_SNOTEL_MerchantValley,0.12575925886631012,0.13087567687034607,251.1129913330078,262.4822082519531,4.408337116241455,2017
ISMN_SCAN_Manderfield,0.10736394673585892,0.10801728814840317,250.15621948242188,263.9313049316406,1.934184193611145,2017
ISMN_SNOTEL_KimberlyMine,0.12259728461503983,0.1309340000152588,251.4805908203125,263.3109436035156,2.643315076828003,2017
ISMN_SNOTEL_BoxSprings,0.13326922059059143,0.14155800640583038,250.2806396484375,262.45233154296875,3.0730626583099365,2017
ISMN_SNOTEL_FishLakeUtah,0.1275070309638977,0.13504673540592194,248.69383239746094,261.4619445800781,2.1197896003723145,2017
ISMN_SNOTEL_BoxCreek,0.13326922059059143,0.14155800640583038,250.2806396484375,262.45233154296875,3.0730626583099365,2017
ISMN_SNOTEL_BlackFlat-U.M.Ck,0.1398429423570633,0.14747348427772522,249.8898468017578,261.0486755371094,2.327817916870117,2017
ISMN_SNOTEL_FarnsworthLake,0.14152482151985168,0.14910343289375305,249.4004669189453,260.7438659667969,2.550182580947876,2017
ISMN_SNOTEL_GooseberryRSUp,0.14152482151985168,0.14910343289375305,249.4004669189453,260.7438659667969,2.550182580947876,2017
ISMN_SNOTEL_GooseberryRS,0.14152482151985168,0.14910343289375305,249.4004669189453,260.7438659667969,2.550182580947876,2017
ISMN_SNOTEL_BobsHollow,0.1260598748922348,0.13430987298488617,249.80577087402344,262.97412109375,2.0996696949005127,2017
ISMN_SNOTEL_WheelerPeak,0.09176374971866608,0.10508575290441513,251.51351928710938,266.57305908203125,1.5217251777648926,2017
ISMN_SNOTEL_PickleKeg,0.14418011903762817,0.15180805325508118,249.04661560058594,260.5538330078125,1.7056961059570312,2017
ISMN_SNOTEL_WardMountain,0.09967772662639618,0.11060405522584915,250.1465301513672,264.62603759765625,0.4742845296859741,2017
ISMN_SNOTEL_BuckFlat,0.15454541146755219,0.16359420120716095,247.982177734375,259.60443115234375,1.8684147596359253,2017
ISMN_SNOTEL_BeaverDams,0.15454541146755219,0.16359420120716095,247.982177734375,259.60443115234375,1.8684147596359253,2017
ISMN_SNOTEL_CaveMountain,0.10078718513250351,0.1102629005908966,249.52833557128906,264.0652770996094,0.6889238953590393,2017
ISMN_SCAN_Holden,0.11153817176818848,0.11949477344751358,243.96896362304688,264.2486267089844,0.31343522667884827,2017
ISMN_SCAN_TuleValley,0.11416711658239365,0.13012710213661194,242.3458251953125,264.1382141113281,0.18257609009742737,2017
ISMN_SNOTEL_ThistleFlat,0.15447434782981873,0.16371023654937744,247.17747497558594,259.3227844238281,1.648306131362915,2017
ISMN_SNOTEL_GBRCMeadows,0.15840597450733185,0.1674502193927765,246.61611938476562,259.0647277832031,2.082582712173462,2017
ISMN_SNOTEL_SeeleyCreek,0.15840597450733185,0.1674502193927765,246.61611938476562,259.0647277832031,2.082582712173462,2017
ISMN_SNOTEL_BerryCreek,0.10710066556930542,0.11546921730041504,248.34080505371094,263.47674560546875,0.8980389833450317,2017
ISMN_SNOTEL_GBRCHQ,0.15840597450733185,0.1674502193927765,246.61611938476562,259.0647277832031,2.082582712173462,2017
ISMN_SNOTEL_OakCreek,0.10085088014602661,0.1097077950835228,249.28643798828125,265.8358459472656,0.46654239296913147,2017
ISMN_SCAN_Ephraim,0.15063786506652832,0.15851934254169464,246.336181640625,259.6856994628906,1.317435622215271,2017
ISMN_SNOTEL_UpperJoesValley,0.1508062332868576,0.160353884100914,248.54637145996094,259.33148193359375,2.373549461364746,2017
ISMN_SNOTEL_ReesFlat,0.14160867035388947,0.15086397528648376,246.9652099609375,260.930419921875,0.6784029603004456,2017
ISMN_SCAN_Price,0.1110057681798935,0.109623983502388,248.60667419433594,263.9591369628906,0.20905551314353943,2017
ISMN_SNOTEL_Kalamazoo,0.10064442455768585,0.11151383072137833,248.2354278564453,264.441162109375,0.6555184721946716,2017
ISMN_SNOTEL_HuntingtonHorse,0.15286919474601746,0.16290049254894257,248.68614196777344,259.2549743652344,2.0109028816223145,2017
ISMN_SCAN_Nephi,0.11707419902086258,0.12564057111740112,248.59962463378906,263.62652587890625,0.6391992568969727,2017
ISMN_SNOTEL_Timberline,0.1252422332763672,0.12834705412387848,253.3599395751953,264.0727233886719,1.878415584564209,2017
ISMN_SNOTEL_Mammoth-Cottonwood,0.15286919474601746,0.16290049254894257,248.68614196777344,259.2549743652344,2.0109028816223145,2017
ISMN_SNOTEL_TakkaWiiya,0.0983150377869606,0.10800439864397049,246.96011352539062,264.8634033203125,0.6620562672615051,2017
ISMN_SNOTEL_ClearCreek#1,0.15307271480560303,0.16396081447601318,251.17462158203125,260.2295837402344,2.5210084915161133,2017
ISMN_SNOTEL_WilburBench,0.1340734213590622,0.1427701711654663,252.61805725097656,261.55462646484375,0.8652982711791992,2017
ISMN_SNOTEL_ClearCreek#2,0.15307271480560303,0.16396081447601318,251.17462158203125,260.2295837402344,2.5210084915161133,2017
ISMN_SNOTEL_SantaquinMeadows,0.1467093825340271,0.1528954952955246,248.8340606689453,261.4551696777344,1.9495307207107544,2017
ISMN_SNOTEL_VernonCreek,0.08797190338373184,0.09713994711637497,249.36842346191406,266.5696105957031,0.37806129455566406,2017
ISMN_SNOTEL_WhiteRiver#1,0.13544145226478577,0.1433977633714676,252.79998779296875,261.2334289550781,1.084168553352356,2017
ISMN_SNOTEL_SantaFe,0.15679417550563812,0.15397267043590546,252.86569213867188,262.6375732421875,7.144069671630859,2017
ISMN_SNOTEL_WesnerSprings,0.20779748260974884,0.22457751631736755,252.81915283203125,260.4444274902344,10.000589370727539,2017
ISMN_USCRN_Los-Alamos-13-W,0.1760265827178955,0.18103179335594177,252.7256317138672,262.6838684082031,8.360581398010254,2017
ISMN_SNOTEL_Quemazon,0.15530666708946228,0.16041609644889832,252.13868713378906,262.992431640625,5.488748073577881,2017
ISMN_SNOTEL_SenoritaDivide#2,0.15206438302993774,0.15875980257987976,251.4881591796875,262.0840148925781,6.345473289489746,2017
ISMN_SNOTEL_GaritaPeak,0.1621437966823578,0.17121297121047974,252.00640869140625,262.36993408203125,6.193180084228516,2017
ISMN_SNOTEL_VacasLocas,0.15206438302993774,0.15875980257987976,251.4881591796875,262.0840148925781,6.345473289489746,2017
ISMN_SCAN_Alcalde,0.12420693784952164,0.12499608099460602,250.65687561035156,264.5063781738281,0.30752384662628174,2017
ISMN_SNOTEL_TresRitos,0.2232457548379898,0.23395290970802307,251.58743286132812,259.5572814941406,10.096126556396484,2017
ISMN_SNOTEL_NavajoWhiskeyCk,0.11453618109226227,0.11489337682723999,252.7645263671875,266.4761657714844,2.5397918224334717,2017
ISMN_SNOTEL_GallegosPeak,0.19570331275463104,0.20456059277057648,250.92198181152344,259.6811218261719,8.98965835571289,2017
ISMN_SNOTEL_Palo,0.20623575150966644,0.22023896872997284,249.99961853027344,258.6981506347656,8.728342056274414,2017
ISMN_SNOTEL_TaosPueblo,0.20315712690353394,0.21873314678668976,249.9503631591797,258.7320861816406,8.250432968139648,2017
ISMN_SNOTEL_TaosPowderhorn,0.1811545193195343,0.1886696070432663,249.59437561035156,259.0970764160156,6.812874794006348,2017
ISMN_SNOTEL_Shuree,0.17893479764461517,0.18640664219856262,248.63746643066406,258.21343994140625,4.763657569885254,2017
ISMN_SNOTEL_Culebra#2,0.15920189023017883,0.16648916900157928,247.6475372314453,258.7488098144531,5.059924125671387,2017
ISMN_USCRN_Cortez-8-SE,0.12187635898590088,0.1205490231513977,251.4405517578125,264.70318603515625,0.4587433338165283,2017
ISMN_SNOTEL_LilyPond,0.20854845643043518,0.21858283877372742,247.2411346435547,257.50408935546875,7.5124993324279785,2017
ISMN_SCAN_MccrackenMesa,0.08533870428800583,0.08654429018497467,255.4027557373047,270.6197509765625,0.21030235290527344,2017
ISMN_SNOTEL_Cascade#2,0.23581263422966003,0.2581503689289093,251.15667724609375,256.6129150390625,7.075108528137207,2017
ISMN_SCAN_AlkaliMesa,0.09474842250347137,0.10381200909614563,254.81077575683594,268.2873840332031,0.3721046447753906,2017
ISMN_SNOTEL_UpperRioGrande,0.1880415678024292,0.20331454277038574,248.86248779296875,256.9842224121094,4.719033718109131,2017
ISMN_SCAN_Eastland,0.09576273709535599,0.10532376915216446,253.087890625,267.159423828125,0.3360708951950073,2017
ISMN_SNOTEL_LizardHeadPass,0.19545197486877441,0.2168544977903366,249.9467010498047,256.36871337890625,5.050024032592773,2017
ISMN_SNOTEL_CampJackson,0.10909740626811981,0.11870680004358292,255.59303283691406,266.99151611328125,1.5427318811416626,2017
ISMN_SNOTEL_Slumgullion,0.1595287024974823,0.17830589413642883,249.0791015625,258.0069274902344,4.440109729766846,2017
ISMN_SCAN_WestSummit,0.09415033459663391,0.10506384819746017,253.6884765625,267.56683349609375,0.3275187015533447,2017
ISMN_SCAN_HarmsWay,0.09886270761489868,0.11156956851482391,255.5506134033203,268.03521728515625,0.7369184494018555,2017
ISMN_SNOTEL_GoldBasin,0.11405206471681595,0.12417951971292496,255.7467498779297,266.8307800292969,1.7959973812103271,2017
ISMN_SNOTEL_LasalMountain-Lower,0.11405206471681595,0.12417951971292496,255.7467498779297,266.8307800292969,1.7959973812103271,2017
ISMN_SNOTEL_LasalMountain,0.11405206471681595,0.12417951971292496,255.7467498779297,266.8307800292969,1.7959973812103271,2017
ISMN_SNOTEL_PorphyryCreek,0.16151900589466095,0.18062911927700043,250.59405517578125,258.778076171875,5.496599197387695,2017
ISMN_SNOTEL_ParkCone,0.19745761156082153,0.22133001685142517,250.46458435058594,257.517578125,6.472424507141113,2017
ISMN_SNOTEL_Butte,0.19594891369342804,0.2178213894367218,249.91326904296875,256.854248046875,3.582307815551758,2017
ISMN_SNOTEL_UpperTaylor,0.21189817786216736,0.23307260870933533,250.5723419189453,256.91046142578125,5.359858512878418,2017
ISMN_SNOTEL_SchofieldPass,0.19127903878688812,0.21060462296009064,250.85601806640625,256.9039001464844,2.7199437618255615,2017
ISMN_SNOTEL_RoughAndTumble,0.13926470279693604,0.1542537361383438,246.3968963623047,258.5327453613281,3.1644575595855713,2017
ISMN_SNOTEL_ParkReservoir,0.16853907704353333,0.1699967235326767,247.81216430664062,258.5975341796875,4.600262641906738,2017
ISMN_SNOTEL_BuckskinJoe,0.17128406465053558,0.1968403458595276,247.642333984375,256.92120361328125,4.4342241287231445,2017
ISMN_SNOTEL_EastWillowCreek,0.13249802589416504,0.13567335903644562,254.10838317871094,264.3699035644531,0.6167230606079102,2017
ISMN_SNOTEL_HoosierPass,0.16489385068416595,0.1860186755657196,246.71031188964844,257.08966064453125,4.110255718231201,2017
ISMN_SNOTEL_FremontPass,0.1948685646057129,0.22464871406555176,249.6898651123047,257.0057678222656,6.587996006011963,2017
ISMN_SNOTEL_MichiganCreek,0.17309942841529846,0.1992383450269699,247.91043090820312,257.3956604003906,5.250298023223877,2017
ISMN_iRON_GlenwoodSprings,0.16605891287326813,0.18087106943130493,251.0842742919922,259.5935363769531,2.921199321746826,2017
ISMN_SNOTEL_JackwhackerGulch,0.17763371765613556,0.20752663910388947,249.5005645751953,257.7250061035156,5.873382568359375,2017
ISMN_SNOTEL_SummitRanch,0.16625426709651947,0.19123046100139618,251.05137634277344,258.1374206542969,6.507260322570801,2017
ISMN_SNOTEL_JonesPass,0.18188194930553436,0.2131194919347763,251.06373596191406,257.77789306640625,6.447665691375732,2017
ISMN_SNOTEL_MiddleForkCamp,0.18777601420879364,0.21923495829105377,250.74163818359375,258.10498046875,7.319919586181641,2017
ISMN_SNOTEL_BerthoudSummit,0.1898292601108551,0.21842917799949646,251.06752014160156,257.8590087890625,6.5642409324646,2017
ISMN_SNOTEL_BurroMountain,0.18542151153087616,0.2069714516401291,248.6825408935547,257.7317810058594,5.433658123016357,2017
ISMN_SCAN_Bushland#1,0.15137997269630432,0.14684870839118958,241.02835083007812,263.4307556152344,0.5580428242683411,2017
ISMN_USCRN_Goodwell-2-SE,0.1281886249780655,0.1269143968820572,245.22544860839844,265.9258117675781,0.5581980347633362,2017
ISMN_USCRN_Goodwell-2-E,0.1281886249780655,0.1269143968820572,245.22544860839844,265.9258117675781,0.5581980347633362,2017
ISMN_SCAN_FortReno#1,0.18262441456317902,0.1736355721950531,235.2099609375,258.46087646484375,1.0313739776611328,2017
ISMN_ARM_Tryon,0.21543681621551514,0.21497918665409088,239.0780029296875,258.34979248046875,1.201684594154358,2017
ISMN_ARM_Marshall,0.20548008382320404,0.19686239957809448,230.76747131347656,255.52093505859375,0.9608124494552612,2017
ISMN_USCRN_Stillwater-2-W,0.2265901416540146,0.22168776392936707,233.5094757080078,255.57003784179688,1.290842890739441,2017
ISMN_USCRN_Stillwater-5-WNW,0.22455866634845734,0.2173626720905304,232.55665588378906,255.06114196777344,1.2245526313781738,2017
ISMN_ARM_Waukomis,0.17668865621089935,0.1646735519170761,235.29733276367188,259.5181884765625,1.4262652397155762,2017
ISMN_ARM_Morrison,0.22663570940494537,0.2197686731815338,229.3219757080078,253.33935546875,1.0105209350585938,2017
ISMN_ARM_Ringwood,0.1526152491569519,0.14316588640213013,240.28317260742188,262.6189880371094,1.0816289186477661,2017
ISMN_ARM_Lamont-CF1,0.20276033878326416,0.19238290190696716,226.57130432128906,254.22821044921875,1.2350621223449707,2017
ISMN_ARM_Lamont-CF2,0.20276033878326416,0.19238290190696716,226.57130432128906,254.22821044921875,1.2350621223449707,2017
ISMN_ARM_Pawhuska,0.24135877192020416,0.23766739666461945,224.67893981933594,250.10858154296875,1.1135810613632202,2017
ISMN_ARM_Byron,0.15795248746871948,0.15527622401714325,239.2415771484375,262.0146484375,1.1540260314941406,2017
ISMN_ARM_Newkirk,0.2227219045162201,0.2128942608833313,223.65711975097656,251.00790405273438,1.0965797901153564,2017
ISMN_ARM_Tyro,0.24700123071670532,0.2419951856136322,226.24053955078125,250.16355895996094,1.1347119808197021,2017
ISMN_SCAN_Abrams,0.22408872842788696,0.21669158339500427,223.7943878173828,250.98289489746094,1.2949349880218506,2017
ISMN_ARM_Ashton,0.2038213610649109,0.19420741498470306,225.75790405273438,253.22869873046875,1.438433051109314,2017
ISMN_ARM_Anthony,0.1606086939573288,0.15669870376586914,237.50042724609375,260.83074951171875,1.3496791124343872,2017
ISMN_SCAN_CentraliaLake,0.21429412066936493,0.20932818949222565,231.2561492919922,254.82504272460938,1.653971791267395,2017
ISMN_SCAN_Phillipsburg,0.1679946482181549,0.17405889928340912,234.9743194580078,258.2170715332031,0.7891842126846313,2017
ISMN_SCAN_UapbPointRemove,0.26776278018951416,0.27962127327919006,244.73947143554688,257.95635986328125,3.798149585723877,2017
ISMN_USCRN_Batesville-8-WNW,0.22830352187156677,0.2503635585308075,251.42620849609375,261.8985595703125,6.89571475982666,2017
ISMN_SCAN_JournaganRanch,0.18659918010234833,0.20402118563652039,249.71397399902344,261.1387939453125,5.35512638092041,2017
ISMN_SCAN_LTSP,0.2511245906352997,0.27830520272254944,258.62799072265625,265.27508544921875,11.128905296325684,2017
ISMN_USCRN_Joplin-24-N,0.27552688121795654,0.2707074284553528,225.13523864746094,248.43345642089844,2.173163890838623,2017
ISMN_SCAN_SinkinForest,0.26400044560432434,0.29705238342285156,257.7152404785156,264.84130859375,11.327292442321777,2017
ISMN_USCRN_Salem-10-W,0.1750977635383606,0.19597497582435608,250.24806213378906,261.4484558105469,4.804616451263428,2017
ISMN_SCAN_CarverFarm,0.23882725834846497,0.2509271502494812,239.8632354736328,254.7950897216797,3.25651216506958,2017
ISMN_SCAN_PowellGardens,0.2634216845035553,0.261506587266922,231.23275756835938,251.2442169189453,2.7066383361816406,2017
ISMN_SCAN_ElsberryPMC,0.2599213719367981,0.2589780390262604,235.93629455566406,253.32594299316406,4.3475823402404785,2017
ISMN_SCAN_AllenFarms,0.2543664574623108,0.2640951871871948,240.1310272216797,254.82827758789062,3.6657958030700684,2017
ISMN_SCAN_EastviewFarm,0.2679685652256012,0.2818436324596405,241.31155395507812,255.14503479003906,4.683164119720459,2017
ISMN_USCRN_Crossville-7-NW,0.305301308631897,0.3248350918292999,247.39772033691406,257.4332275390625,8.395164489746094,2017
ISMN_SCAN_Princeton#1,0.264994740486145,0.2688741683959961,238.7977752685547,254.62081909179688,4.042718887329102,2017
ISMN_SCAN_MammothCave,0.2888696789741516,0.29888081550598145,237.80325317382812,253.28651428222656,5.825368881225586,2017
ISMN_USCRN_Bedford-5-WNW,0.2419680804014206,0.2509564459323883,243.58389282226562,255.82333374023438,4.834959983825684,2017
ISMN_SCAN_ReynoldsHomestead,0.32322433590888977,0.3435918092727661,252.51795959472656,260.2549743652344,10.172239303588867,2017
ISMN_USCRN_Durham-11-W,0.27876362204551697,0.2794427275657654,250.03933715820312,260.6794738769531,7.808984756469727,2017
ISMN_SCAN_TidewaterArec,0.23365427553653717,0.23376038670539856,244.27963256835938,257.43206787109375,4.724336624145508,2017
ISMN_SCAN_Shenandoah,0.23190376162528992,0.2546441853046417,251.9765625,260.619384765625,8.058609962463379,2017
ISMN_USCRN_Elkins-21-ENE,0.33904922008514404,0.37539947032928467,255.12709045410156,260.402587890625,11.825907707214355,2017
ISMN_SCAN_PowderMill,,,244.49156188964844,259.8976745605469,4.853932857513428,2017
ISMN_ROMPS_Maidanak,0.14489243924617767,0.13471545279026031,243.86399841308594,259.9745788574219,0.3684619665145874,2017
ISMN_ROMPS_AbramovGlacier,0.17890571057796478,0.2183394879102707,250.59060668945312,255.0594482421875,0.060026321560144424,2017
ISMN_SCAN_EagleLake,0.27609169483184814,0.28338325023651123,238.09579467773438,251.23678588867188,6.508204936981201,2017
ISMN_SNOTEL_FredonyerPeak,0.16702471673488617,0.17224165797233582,242.25428771972656,257.6157531738281,2.0717175006866455,2017
ISMN_SCAN_AshValley,0.18761999905109406,0.19437728822231293,239.70025634765625,254.9736328125,2.4844067096710205,2017
ISMN_SNOTEL_StateLine,0.23107506334781647,0.22732242941856384,237.79080200195312,253.8282012939453,4.7502970695495605,2017
ISMN_SNOTEL_QuartzMountain,0.21311187744140625,0.22232604026794434,244.11920166015625,255.73370361328125,7.086396217346191,2017
ISMN_SCAN_LovelockNNR,0.15243063867092133,0.15396516025066376,232.3605194091797,257.50616455078125,0.2817930579185486,2017
ISMN_SNOTEL_CorralCanyon,0.1426950842142105,0.15384845435619354,240.36300659179688,257.9657897949219,0.3889441192150116,2017
ISMN_SNOTEL_LewisPeak,0.11663832515478134,0.12258782237768173,242.9387664794922,262.293212890625,0.25019407272338867,2017
ISMN_SNOTEL_GreenMountain,0.15217989683151245,0.16453656554222107,238.98651123046875,256.6624755859375,0.37605831027030945,2017
ISMN_SNOTEL_Lamoille#3,0.15549005568027496,0.16735075414180756,240.03729248046875,257.12310791015625,0.5590633749961853,2017
ISMN_SNOTEL_PoleCanyon,0.13923279941082,0.15530595183372498,240.23455810546875,258.8980712890625,0.38149866461753845,2017
ISMN_SNOTEL_DryCreek,0.1521114706993103,0.16367536783218384,239.64181518554688,257.5191650390625,0.5287860035896301,2017
ISMN_SCAN_Buckhorn,0.1494467705488205,0.15366318821907043,238.8154754638672,257.9297790527344,0.2781130373477936,2017
ISMN_SNOTEL_Golconda,0.10781583189964294,0.11618460714817047,243.27593994140625,262.73089599609375,0.2775336503982544,2017
ISMN_SNOTEL_DorseyBasin,0.1521114706993103,0.16367536783218384,239.64181518554688,257.5191650390625,0.5287860035896301,2017
ISMN_SNOTEL_Hole-in-Mountain,0.14340466260910034,0.15816563367843628,239.77346801757812,258.42279052734375,0.4446125328540802,2017
ISMN_SNOTEL_TaylorCanyon,0.12329890578985214,0.1326259821653366,242.4047393798828,259.6991271972656,0.32070013880729675,2017
ISMN_SNOTEL_ToeJam,0.13449066877365112,0.1433829367160797,241.56234741210938,258.9604187011719,0.4032239615917206,2017
ISMN_SNOTEL_SummitLk,0.10108285397291183,0.10588685423135757,246.0210418701172,264.3547058105469,0.21584688127040863,2017
ISMN_SNOTEL_JacksPeak,0.13571015000343323,0.14544691145420074,242.82388305664062,258.4167175292969,0.4701154828071594,2017
ISMN_SNOTEL_LamanceCreek,0.12145765870809555,0.12953025102615356,242.16574096679688,261.034912109375,0.35357803106307983,2017
ISMN_SNOTEL_JackCreekUpper,0.13571015000343323,0.14544691145420074,242.82388305664062,258.4167175292969,0.4701154828071594,2017
ISMN_SNOTEL_FryCanyon,0.13000519573688507,0.13974066078662872,243.74118041992188,258.7806701660156,0.4406437277793884,2017
ISMN_SNOTEL_DrawCreek,0.1184430718421936,0.13001933693885803,245.78500366210938,260.2440185546875,0.4454430341720581,2017
ISMN_SNOTEL_SeventysixCreek,0.11600484699010849,0.12754613161087036,245.8386993408203,259.4859313964844,0.5281239748001099,2017
ISMN_SNOTEL_BuckskinLower,0.11665930598974228,0.12597039341926575,244.12762451171875,261.3307800292969,0.3309124708175659,2017
ISMN_SNOTEL_LaurelDraw,0.14505735039710999,0.15455080568790436,242.87998962402344,257.7428283691406,0.5467464327812195,2017
ISMN_SNOTEL_FawnCreek,0.15379269421100616,0.16292208433151245,241.64544677734375,257.26611328125,0.5458323359489441,2017
ISMN_SNOTEL_BearCreek,0.11600484699010849,0.12754613161087036,245.8386993408203,259.4859313964844,0.5281239748001099,2017
ISMN_SNOTEL_ONeilCreek,0.11353609710931778,0.12576785683631897,244.74337768554688,261.03887939453125,0.3088313043117523,2017
ISMN_SNOTEL_PoleCreekR.S.,0.11888984590768814,0.12893755733966827,245.57855224609375,260.0490417480469,0.46562662720680237,2017
ISMN_SNOTEL_Sheldon,0.11168601363897324,0.11893957853317261,243.37069702148438,261.6410827636719,0.24393001198768616,2017
ISMN_SNOTEL_DisasterPeak,0.1111852303147316,0.11726324260234833,243.4197998046875,261.9806823730469,0.30364176630973816,2017
ISMN_SNOTEL_WilsonCreek,0.12519308924674988,0.13564683496952057,241.80923461914062,259.54931640625,0.40818312764167786,2017
ISMN_SNOTEL_MudFlat,0.1418094038963318,0.14850303530693054,243.49432373046875,259.6109313964844,0.7263724207878113,2017
ISMN_SNOTEL_SouthMtn.,0.14107631146907806,0.14304235577583313,243.65708923339844,258.8733825683594,1.5503969192504883,2017
ISMN_SNOTEL_ReynoldsCreek,0.12729497253894806,0.13428951799869537,241.2423858642578,260.2412109375,0.4094657897949219,2017
ISMN_SCAN_OrchardRangeSite,0.12556776404380798,0.13021734356880188,240.5372314453125,262.03369140625,0.3769105076789856,2017
ISMN_SNOTEL_AtlantaSummit,0.18549305200576782,0.210700124502182,254.74728393554688,259.5190124511719,4.514583110809326,2017
ISMN_SNOTEL_RockSprings,0.17566631734371185,0.17851421236991882,247.1665802001953,258.0597229003906,6.912497043609619,2017
ISMN_SNOTEL_BannerSummit,0.25404679775238037,0.31457746028900146,251.88902282714844,257.722412109375,7.442965984344482,2017
ISMN_USCRN_John-Day-35-WNW,0.17326059937477112,0.17322459816932678,245.0207061767578,258.11651611328125,2.8141322135925293,2017
ISMN_SNOTEL_LongValley,0.2510095238685608,0.29183509945869446,248.2314453125,256.542236328125,8.897114753723145,2017
ISMN_SNOTEL_Bourne,0.20831851661205292,0.22809836268424988,247.1057891845703,257.14837646484375,8.650494575500488,2017
ISMN_SNOTEL_HobbleCreek,0.15169364213943481,0.15900933742523193,251.6667022705078,260.6402282714844,2.165526866912842,2017
ISMN_SNOTEL_CascadeMountain,0.1354966014623642,0.1430240273475647,252.33714294433594,263.3612365722656,1.9307490587234497,2017
ISMN_SNOTEL_Daniels-Strawberry,0.1485425978899002,0.16142791509628296,251.3826141357422,260.0248718261719,2.032796621322632,2017
ISMN_SNOTEL_CurrantCreek,0.15536920726299286,0.16963128745555878,250.40673828125,259.2611083984375,2.001471519470215,2017
ISMN_SCAN_MountainHome,0.13414281606674194,0.1360144317150116,246.25155639648438,260.24072265625,0.6671955585479736,2017
ISMN_SNOTEL_TimpanogosDivide,0.12978583574295044,0.13790147006511688,252.34042358398438,262.916748046875,2.051262617111206,2017
ISMN_SNOTEL_RockyBasin-Settleme,0.12902945280075073,0.13419772684574127,244.50814819335938,260.9988708496094,0.7552734613418579,2017
ISMN_SNOTEL_BevansCabin,0.12902945280075073,0.13419772684574127,244.50814819335938,260.9988708496094,0.7552734613418579,2017
ISMN_SNOTEL_WolfCreekPeak,0.16292241215705872,0.1775783747434616,249.6556396484375,258.3677978515625,2.4705421924591064,2017
ISMN_SNOTEL_MiningFork,0.1449417769908905,0.15200424194335938,240.75450134277344,259.20556640625,0.5423709154129028,2017
ISMN_SNOTEL_DryFork,0.14771877229213715,0.14493902027606964,241.84182739257812,259.0508117675781,0.931856095790863,2017
ISMN_SNOTEL_Snowbird,0.13015048205852509,0.13171380758285522,251.8575897216797,263.5620422363281,2.8160576820373535,2017
ISMN_SNOTEL_BrownDuck,0.16251970827579498,0.17313483357429504,248.7566375732422,258.1340026855469,3.5570056438446045,2017
ISMN_SCAN_Grantsville,0.2627721428871155,0.2733222544193268,225.81451416015625,244.82406616210938,0.47993746399879456,2017
ISMN_SNOTEL_Lakefork#1,0.16191905736923218,0.17445120215415955,247.3209991455078,256.79193115234375,3.157233476638794,2017
ISMN_SNOTEL_Brighton,0.1411580592393875,0.1453922986984253,251.08554077148438,261.5397644042969,2.4685935974121094,2017
ISMN_SNOTEL_BeaverDivide,0.18263794481754303,0.1984872967004776,247.6442108154297,256.96246337890625,4.03770637512207,2017
ISMN_SNOTEL_ThaynesCanyon,0.14918793737888336,0.15763114392757416,250.25021362304688,260.31671142578125,1.9348905086517334,2017
ISMN_SNOTEL_Mill-DNorth,0.1411580592393875,0.1453922986984253,251.08554077148438,261.5397644042969,2.4685935974121094,2017
ISMN_SNOTEL_ReddenMineLwr,0.17560891807079315,0.18827761709690094,247.4785919189453,257.33880615234375,3.1859054565429688,2017
ISMN_SNOTEL_TrialLake,0.18342921137809753,0.19525544345378876,248.51165771484375,256.6337585449219,4.78347110748291,2017
ISMN_SNOTEL_ParleysUpper,0.1411580592393875,0.1453922986984253,251.08554077148438,261.5397644042969,2.4685935974121094,2017
ISMN_SNOTEL_FivePointsLake,0.16191905736923218,0.17445120215415955,247.3209991455078,256.79193115234375,3.157233476638794,2017
ISMN_SNOTEL_LakeforkBasin,0.17629115283489227,0.18792720139026642,248.306640625,256.64373779296875,3.65232253074646,2017
ISMN_SNOTEL_ParleysSummit,0.15107941627502441,0.15626966953277588,250.35104370117188,260.83514404296875,2.3901495933532715,2017
ISMN_SNOTEL_Chepeta,0.16961729526519775,0.17992615699768066,247.1457061767578,257.653564453125,5.582770824432373,2017
ISMN_SNOTEL_SmithMorehouse,0.17867538332939148,0.19378989934921265,247.0356903076172,256.7464294433594,3.5732154846191406,2017
ISMN_SNOTEL_HaydenFork,0.1846323013305664,0.19999799132347107,247.45062255859375,256.1394958496094,4.836587429046631,2017
ISMN_SNOTEL_LouisMeadow,0.16613200306892395,0.16357912123203278,246.14260864257812,260.4081726074219,2.3837637901306152,2017
ISMN_SNOTEL_LookoutPeak,0.16293169558048248,0.16534613072872162,248.67466735839844,260.74664306640625,2.527686834335327,2017
ISMN_SNOTEL_SpiritLk,0.16173158586025238,0.17158889770507812,246.2546844482422,257.3462219238281,4.510260581970215,2017
ISMN_SNOTEL_BuckPasture,0.19118031859397888,0.20689080655574799,245.681396484375,255.14248657226562,4.717875003814697,2017
ISMN_SNOTEL_LilyLake,0.1827656477689743,0.20094092190265656,245.83351135253906,255.45120239257812,4.32729959487915,2017
ISMN_SNOTEL_Hardscrabble,0.16293169558048248,0.16534613072872162,248.67466735839844,260.74664306640625,2.527686834335327,2017
ISMN_SNOTEL_EFBlacksForkGS,0.193389892578125,0.20763058960437775,245.68260192871094,255.119873046875,4.959628582000732,2017
ISMN_SNOTEL_BearRiverRS,0.1827656477689743,0.20094092190265656,245.83351135253906,255.45120239257812,4.32729959487915,2017
ISMN_SNOTEL_ChalkCreek#2,0.1765991896390915,0.19136326014995575,246.06005859375,256.3253173828125,3.726598024368286,2017
ISMN_SNOTEL_SteelCreekPark,0.18416893482208252,0.20007115602493286,245.7039031982422,255.37884521484375,4.725747585296631,2017
ISMN_SNOTEL_Hewinta,0.1825220286846161,0.2011439949274063,244.15354919433594,255.4356689453125,5.120843887329102,2017
ISMN_SCAN_Morgan,0.16239802539348602,0.16744203865528107,248.06671142578125,259.815185546875,1.6731445789337158,2017
ISMN_SNOTEL_LostCreekResv,0.1594230830669403,0.17249950766563416,247.90293884277344,258.9775085449219,0.8703548908233643,2017
ISMN_SNOTEL_HorseRidge,0.16394878923892975,0.17813867330551147,248.24009704589844,258.7623596191406,1.1114438772201538,2017
ISMN_SCAN_BuffaloJump,0.14771558344364166,0.1604820340871811,244.18701171875,258.28814697265625,0.4866398870944977,2017
ISMN_SNOTEL_LightningRidge,0.16394878923892975,0.17813867330551147,248.24009704589844,258.7623596191406,1.1114438772201538,2017
ISMN_SNOTEL_DryBreadPond,0.16396711766719818,0.1774928718805313,247.7278594970703,258.3165283203125,0.9483569860458374,2017
ISMN_SNOTEL_MonteCristo,0.16396711766719818,0.1774928718805313,247.7278594970703,258.3165283203125,0.9483569860458374,2017
ISMN_SNOTEL_BugLake,0.1698993742465973,0.18310974538326263,246.67642211914062,257.6575927734375,1.9140346050262451,2017
ISMN_SCAN_ParkValley,0.15096034109592438,0.16559967398643494,233.8211212158203,255.41404724121094,0.2802604138851166,2017
ISMN_SCAN_GrouseCreek,0.11530856043100357,0.12663505971431732,244.13377380371094,261.0755920410156,0.41242367029190063,2017
ISMN_SNOTEL_TempleFork,0.1689920574426651,0.180391326546669,246.4748077392578,257.5793151855469,1.9235267639160156,2017
ISMN_SCAN_CacheJunction,0.19939373433589935,0.20304976403713226,233.71212768554688,252.66981506347656,0.9248189330101013,2017
ISMN_SNOTEL_UsuDocDaniel,0.1689920574426651,0.180391326546669,246.4748077392578,257.5793151855469,1.9235267639160156,2017
ISMN_SNOTEL_TonyGroveRS,0.16762515902519226,0.1762373447418213,246.14248657226562,257.46331787109375,1.9125535488128662,2017
ISMN_SNOTEL_TonyGroveLake,0.18059156835079193,0.1899424046278,245.09201049804688,256.5009460449219,2.105994462966919,2017
ISMN_SNOTEL_GeorgeCreek,0.12751717865467072,0.13480640947818756,239.16859436035156,258.4068603515625,0.3903396725654602,2017
ISMN_SNOTEL_GardenCitySummit,0.16762515902519226,0.1762373447418213,246.14248657226562,257.46331787109375,1.9125535488128662,2017
ISMN_SCAN_BlueCreek,0.15812058746814728,0.16399912536144257,235.51788330078125,255.5229034423828,0.3970099687576294,2017
ISMN_SNOTEL_KlondikeNarrows,0.18275347352027893,0.18721547722816467,244.3402557373047,256.10186767578125,2.2916085720062256,2017
ISMN_SNOTEL_MagicMountain,0.1370311975479126,0.148387148976326,242.1828155517578,258.99896240234375,0.6019211411476135,2017
ISMN_SNOTEL_KelleyR.S.,0.16676057875156403,0.17829148471355438,243.97305297851562,256.1562805175781,1.6592422723770142,2017
ISMN_SNOTEL_Giveout,0.17297840118408203,0.18628297746181488,243.4574432373047,255.40750122070312,1.4273245334625244,2017
ISMN_SNOTEL_SaltRiverSummit,0.17831943929195404,0.1954604536294937,246.43618774414062,255.8533477783203,2.0522754192352295,2017
ISMN_SNOTEL_WildhorseDivide,0.14341747760772705,0.15076442062854767,242.99728393554688,259.8387451171875,0.7852707505226135,2017
ISMN_SNOTEL_TriplePeak,0.1980505734682083,0.2256377935409546,246.5861358642578,256.0144348144531,5.804068088531494,2017
ISMN_SNOTEL_SomsenRanch,0.18663543462753296,0.20078332722187042,240.49563598632812,253.5552978515625,1.897862195968628,2017
ISMN_SNOTEL_EastRimDivide,0.19608135521411896,0.2187364399433136,243.49423217773438,254.6973876953125,4.081914901733398,2017
ISMN_SNOTEL_GraniteCreek,0.20399175584316254,0.23238174617290497,247.26473999023438,255.48057556152344,5.429302215576172,2017
ISMN_SNOTEL_CouchSummit,0.13581125438213348,0.15349972248077393,250.7631378173828,259.3026428222656,2.4565107822418213,2017
ISMN_SNOTEL_SwedePeak,0.132322758436203,0.14442041516304016,249.77159118652344,259.2616271972656,1.149795413017273,2017
ISMN_SNOTEL_BearCanyon,0.13599839806556702,0.1516004204750061,249.9691162109375,259.09686279296875,1.325363278388977,2017
ISMN_SNOTEL_ChocolateGulch,0.1569431871175766,0.18681588768959045,253.63034057617188,259.84307861328125,3.4452919960021973,2017
ISMN_SNOTEL_GrandTarghee,0.18409904837608337,0.19542299211025238,245.0530548095703,254.7720489501953,4.358094692230225,2017
ISMN_SNOTEL_GalenaSummit,0.17335286736488342,0.20481498539447784,253.6444854736328,259.1658630371094,4.016571998596191,2017
ISMN_SNOTEL_SnakeRiverStation,0.19926661252975464,0.23086538910865784,250.08438110351562,257.5595397949219,5.879798889160156,2017
ISMN_SNOTEL_LewisLakeDivide,0.19926661252975464,0.23086538910865784,250.08438110351562,257.5595397949219,5.879798889160156,2017
ISMN_SNOTEL_ThumbDivide,0.24902023375034332,0.2591968774795532,254.95274353027344,261.5448303222656,7.292377948760986,2017
ISMN_SNOTEL_IslandPark,0.20404747128486633,0.22609762847423553,246.08505249023438,256.26715087890625,8.057713508605957,2017
ISMN_SNOTEL_CrabCreek,0.1464615762233734,0.1649615317583084,242.43638610839844,257.5357360839844,3.5280699729919434,2017
ISMN_SNOTEL_HighLonesome,0.1716572642326355,0.19653280079364777,250.71835327148438,258.19329833984375,5.454394817352295,2017
ISMN_SNOTEL_Sawtooth,0.16701765358448029,0.18977166712284088,251.33941650390625,259.13134765625,7.327468395233154,2017
ISMN_SNOTEL_WildBasin,0.17792564630508423,0.2079867273569107,251.40689086914062,258.6186218261719,7.348384380340576,2017
ISMN_SNOTEL_StillwaterCreek,0.18304356932640076,0.2151484489440918,250.63954162597656,258.5151062011719,6.880140781402588,2017
ISMN_SNOTEL_ArapahoRidge,0.163404181599617,0.1872129887342453,245.63893127441406,257.109375,4.449852466583252,2017
ISMN_SCAN_SplitMountain,0.10959011316299438,0.11214277148246765,247.7430877685547,264.1790771484375,0.22711753845214844,2017
ISMN_SNOTEL_PhantomValley,0.2124188244342804,0.25534480810165405,250.66883850097656,258.16046142578125,9.006441116333008,2017
ISMN_SNOTEL_LongDrawResv,0.18269939720630646,0.21544800698757172,250.56919860839844,258.02264404296875,8.003745079040527,2017
ISMN_SNOTEL_DryLake,0.2018464356660843,0.22833044826984406,244.16616821289062,255.1387939453125,5.76450777053833,2017
ISMN_SNOTEL_MosbyMtn.,0.15124596655368805,0.1589132398366928,247.29258728027344,258.7122802734375,4.671787261962891,2017
ISMN_SNOTEL_KingsCabin,0.12735748291015625,0.1335289031267166,247.16275024414062,260.8160095214844,1.8761807680130005,2017
ISMN_SNOTEL_TroutCreek,0.1444023996591568,0.14840570092201233,247.53440856933594,259.7931213378906,4.502628803253174,2017
ISMN_SNOTEL_Zirkel,0.17085331678390503,0.19127751886844635,242.1978759765625,255.0094757080078,2.96700119972229,2017
ISMN_SNOTEL_LostDog,0.19896800816059113,0.2262066751718521,245.0804443359375,255.3251190185547,5.973727226257324,2017
ISMN_SNOTEL_HickersonPark,0.16173158586025238,0.17158889770507812,246.2546844482422,257.3462219238281,4.510260581970215,2017
ISMN_SNOTEL_BlackhallMtn,0.17701400816440582,0.2011800855398178,245.322509765625,256.7048645019531,5.991828918457031,2017
ISMN_SNOTEL_LittleSnakeRiver,0.2054213285446167,0.238475501537323,246.95396423339844,256.8529357910156,8.397833824157715,2017
ISMN_SNOTEL_CinnabarPark,0.17309941351413727,0.19387352466583252,244.0750732421875,257.1502990722656,7.584094524383545,2017
ISMN_SNOTEL_SouthBrushCreek,0.170719176530838,0.1893923431634903,244.09254455566406,256.70941162109375,6.04020357131958,2017
ISMN_SNOTEL_BrooklynLake,0.16524294018745422,0.18551672995090485,242.9457244873047,256.6225891113281,6.76243782043457,2017
ISMN_SNOTEL_MedBow,0.18974089622497559,0.21281830966472626,244.75918579101562,256.6939392089844,8.218953132629395,2017
ISMN_SNOTEL_SageCreekBasin,0.1221582219004631,0.13258931040763855,243.39645385742188,259.8369140625,1.837004542350769,2017
ISMN_SNOTEL_WindyPeak,0.14295905828475952,0.15304934978485107,240.28466796875,257.0064392089844,1.321916937828064,2017
ISMN_SNOTEL_BigSandyOpening,0.1484236717224121,0.16316929459571838,245.25619506835938,256.71405029296875,3.238786458969116,2017
ISMN_SNOTEL_PocketCreek,0.1673496812582016,0.18339090049266815,244.26829528808594,255.30508422851562,3.5169990062713623,2017
ISMN_SCAN_CPER,0.11613121628761292,0.12444410473108292,238.88099670410156,261.9511413574219,0.43265727162361145,2017
ISMN_SCAN_Nunn#1,0.11086299270391464,0.12203339487314224,238.66595458984375,262.02276611328125,0.31984561681747437,2017
ISMN_SCAN_Torrington#1,0.12043028324842453,0.12575991451740265,238.6199493408203,261.1025390625,0.5072815418243408,2017
ISMN_SCAN_RogersFarm#1,0.22459940612316132,0.2227296084165573,230.1644744873047,253.65753173828125,1.7198978662490845,2017
ISMN_SCAN_ShagbarkHills,0.19676914811134338,0.20057636499404907,235.29812622070312,255.94432067871094,1.651834487915039,2017
ISMN_SCAN_Spickard,0.24443277716636658,0.24547749757766724,232.90798950195312,252.88412475585938,2.587512493133545,2017
ISMN_SCAN_Ames,0.19856078922748566,0.1938522458076477,233.5836181640625,255.0375213623047,1.6938116550445557,2017
ISMN_SCAN_UWPlatteville,0.2378043234348297,0.24801458418369293,233.33982849121094,252.08694458007812,2.3665993213653564,2017
ISMN_SCAN_MahantangoCk,0.24202601611614227,0.26533666253089905,246.16891479492188,257.6563415527344,7.639255523681641,2017
ISMN_SCAN_RockSpringsPa,0.2541508972644806,0.2724723517894745,249.09092712402344,258.3768005371094,8.691194534301758,2017
ISMN_SCAN_Geneva#1,0.26071473956108093,0.26237788796424866,230.44842529296875,248.62539672851562,3.1049232482910156,2017
ISMN_SCAN_LyeBrook,0.3444686233997345,0.3846414089202881,252.17625427246094,257.9215087890625,11.847391128540039,2017
ISMN_SCAN_HubbardBrook,0.36862480640411377,0.4070618450641632,253.47406005859375,258.3782653808594,12.101541519165039,2017
ISMN_REMEDHUS_Canizal,0.09563849121332169,0.09346988052129745,250.5446014404297,270.2496032714844,1.0197595357894897,2017
ISMN_REMEDHUS_LasEritas,0.09563849121332169,0.09346988052129745,250.5446014404297,270.2496032714844,1.0197595357894897,2017
ISMN_REMEDHUS_Carretoro,0.09563849121332169,0.09346988052129745,250.5446014404297,270.2496032714844,1.0197595357894897,2017
ISMN_REMEDHUS_LasTresRayas,0.10852452367544174,0.10813480615615845,248.30850219726562,268.841064453125,1.2406368255615234,2017
ISMN_REMEDHUS_LaCruzdeElias,0.09409776329994202,0.09009049087762833,250.9268341064453,270.3615417480469,0.991581916809082,2017
ISMN_REMEDHUS_Guarrati,0.09814587980508804,0.09671714156866074,250.0639190673828,269.9980163574219,1.0595996379852295,2017
ISMN_REMEDHUS_Granja-g,0.09563849121332169,0.09346988052129745,250.5446014404297,270.2496032714844,1.0197595357894897,2017
ISMN_REMEDHUS_ElTomillar,0.10144485533237457,0.09883791208267212,250.0125732421875,269.4106140136719,0.9758140444755554,2017
ISMN_REMEDHUS_LlanosdelaBoveda,0.09388048201799393,0.08987490087747574,251.12094116210938,270.4446105957031,0.9647186398506165,2017
ISMN_REMEDHUS_LasArenas,0.10736649483442307,0.10485678911209106,248.9755096435547,268.7591247558594,1.0697015523910522,2017
ISMN_REMEDHUS_ElCoto,0.10144485533237457,0.09883791208267212,250.0125732421875,269.4106140136719,0.9758140444755554,2017
ISMN_REMEDHUS_CasaPeriles,0.09388048201799393,0.08987490087747574,251.12094116210938,270.4446105957031,0.9647186398506165,2017
ISMN_REMEDHUS_LasVictorias,0.10077406466007233,0.09681107103824615,250.4379425048828,269.5130615234375,1.010396957397461,2017
ISMN_REMEDHUS_LasBrozas,0.10077406466007233,0.09681107103824615,250.4379425048828,269.5130615234375,1.010396957397461,2017
ISMN_REMEDHUS_Paredinas,0.10077406466007233,0.09681107103824615,250.4379425048828,269.5130615234375,1.010396957397461,2017
ISMN_SMOSMANIA_Urgons,0.20707087218761444,0.22037912905216217,246.4862823486328,260.27032470703125,2.687318801879883,2017
ISMN_SMOSMANIA_CreondArmagnac,0.1933981478214264,0.2028845250606537,252.1905059814453,263.25604248046875,6.72819709777832,2017
ISMN_SMOSMANIA_Sabres,0.19838182628154755,0.20358368754386902,252.5894775390625,263.3656005859375,4.232387065887451,2017
ISMN_FR_Aqui_fraye,0.2186957150697708,0.21230646967887878,253.03025817871094,263.0704650878906,7.211820602416992,2017
ISMN_FR_Aqui_hillan2,0.2155149132013321,0.21204373240470886,253.23379516601562,263.435546875,7.018033027648926,2017
ISMN_FR_Aqui_parcmeteo,0.2110362946987152,0.20501059293746948,248.85838317871094,261.1603088378906,4.867938995361328,2017
ISMN_XMS-CAT_RiberadeSio,0.1606500744819641,0.15969808399677277,246.3144989013672,265.1931457519531,1.8978782892227173,2017
ISMN_XMS-CAT_ElMiracle,0.17144903540611267,0.17917904257774353,251.74615478515625,265.92327880859375,2.3550822734832764,2017
ISMN_XMS-CAT_Clarella,0.17692087590694427,0.19751876592636108,257.71942138671875,266.5220947265625,8.409954071044922,2017
ISMN_XMS-CAT_LosCoscolls,0.1795504242181778,0.19168902933597565,254.10072326660156,264.5255432128906,3.438676118850708,2017
ISMN_XMS-CAT_CamidelsNerets,0.17322559654712677,0.18389864265918732,254.3198699951172,264.8538818359375,2.917681932449341,2017
ISMN_XMS-CAT_ClotdelesPeresII,0.17432451248168945,0.1849294751882553,254.15866088867188,264.699462890625,3.073500871658325,2017
ISMN_XMS-CAT_ColldePaller,0.19444623589515686,0.21861238777637482,254.73727416992188,263.9242248535156,5.722314834594727,2017
ISMN_XMS-CAT_SerradeCostaAmpla,0.18800941109657288,0.20241226255893707,254.64541625976562,263.61346435546875,4.004319190979004,2017
ISMN_XMS-CAT_Pessonada,0.1904221922159195,0.20649415254592896,254.5853271484375,263.46075439453125,4.402472019195557,2017
ISMN_XMS-CAT_ElBoixer,0.19808487594127655,0.21663573384284973,254.38540649414062,261.1877136230469,4.792744159698486,2017
ISMN_XMS-CAT_BordaColl,0.20855556428432465,0.2506892681121826,256.144287109375,262.065185546875,8.754185676574707,2017
ISMN_XMS-CAT_BatlliudeSort,0.20593634247779846,0.2354678362607956,254.86129760742188,261.59136962890625,6.603730201721191,2017
ISMN_XMS-CAT_Llivia,0.18150243163108826,0.21587567031383514,253.4989776611328,260.3558349609375,5.247251033782959,2017
ISMN_XMS-CAT_LaCultiadAreu,0.2134275883436203,0.25413674116134644,255.47439575195312,260.4407043457031,7.438135623931885,2017
ISMN_SMOSMANIA_Mouthoumet,0.223556786775589,0.2300935536623001,255.57994079589844,265.19146728515625,8.863075256347656,2017
ISMN_SMOSMANIA_Narbonne,0.17590783536434174,0.17738063633441925,250.6254425048828,264.8469543457031,2.149135112762451,2017
ISMN_SMOSMANIA_LezignanCorbieres,0.18420438468456268,0.18811346590518951,252.7007293701172,264.40765380859375,4.597020626068115,2017
ISMN_SMOSMANIA_Montaut,0.20226870477199554,0.19878681004047394,243.3605499267578,260.4279479980469,1.9404374361038208,2017
ISMN_SMOSMANIA_Prades-le-Lez,0.16681982576847076,0.18416984379291534,250.66717529296875,265.4585266113281,2.6329262256622314,2017
ISMN_SMOSMANIA_Pezenas,0.16681982576847076,0.18416984379291534,250.66717529296875,265.4585266113281,2.6329262256622314,2017
ISMN_SMOSMANIA_Lahas,0.20826399326324463,0.2045315057039261,241.02944946289062,259.6319885253906,1.849963665008545,2017
ISMN_SMOSMANIA_PeyrusseGrande,0.21608857810497284,0.2203134149312973,243.25205993652344,259.9126281738281,2.211752414703369,2017
ISMN_SMOSMANIA_Villevielle,0.19331641495227814,0.2067011445760727,246.78138732910156,263.1864318847656,3.2973415851593018,2017
ISMN_SMOSMANIA_Savenes,0.20726852118968964,0.20273108780384064,241.5111541748047,259.4987487792969,1.943161129951477,2017
ISMN_SMOSMANIA_Condom,0.21093541383743286,0.2111794650554657,244.1468505859375,260.6842041015625,2.624971389770508,2017
ISMN_SMOSMANIA_Mejannes-le-Clap,0.19326959550380707,0.2019103467464447,253.91973876953125,265.513427734375,5.853782653808594,2017
ISMN_SMOSMANIA_LaGrandCombe,0.2175959199666977,0.23394961655139923,255.04116821289062,263.60662841796875,8.097993850708008,2017
ISMN_SMOSMANIA_Berzeme,0.21418990194797516,0.2276412844657898,252.390625,262.8171081542969,6.378171443939209,2017
ISMN_SMOSMANIA_Barnas,0.2165299952030182,0.24927714467048645,254.381591796875,261.90679931640625,9.84532642364502,2017
ISMN_SMOSMANIA_Mazan-Abbaye,0.2146986424922943,0.2498563528060913,252.93443298339844,261.0231628417969,9.986907958984375,2017
ISMN_SMOSMANIA_CabrieresdAvignon,0.17781831324100494,0.18605203926563263,252.4375457763672,265.57525634765625,4.052839756011963,2017
ISMN_STEMS_CarpenetopermanentGrassCoverTrackposition,0.18008115887641907,0.1929367482662201,253.99514770507812,265.8024597167969,6.140336513519287,2017
ISMN_STEMS_CarpenetopermanentGrassCoverNoTrackposition,0.18008115887641907,0.1929367482662201,253.99514770507812,265.8024597167969,6.140336513519287,2017
ISMN_RSMN_RosioriideVede,0.2152266800403595,0.20410971343517303,234.65872192382812,256.41064453125,1.8374123573303223,2017
ISMN_RSMN_Bacles,0.20709791779518127,0.21247082948684692,243.59304809570312,259.8001708984375,2.566215753555298,2017
ISMN_WATERLINE_Kerasia,0.21008983254432678,0.21581046283245087,249.75897216796875,261.66961669921875,4.703182697296143,2017
ISMN_WATERLINE_Nymfaia,0.2061065435409546,0.21489949524402618,249.0460662841797,261.7806701660156,4.407663345336914,2017
ISMN_RSMN_Calarasi,0.2135017067193985,0.21110188961029053,237.84095764160156,257.7369689941406,2.1158530712127686,2017
ISMN_ROMPS_Kokomeren,0.16683371365070343,0.1871519684791565,251.17123413085938,258.72027587890625,0.3376557528972626,2017
ISMN_ROMPS_Maydantal,0.1857936531305313,0.21105501055717468,251.62619018554688,256.4662780761719,0.29167690873146057,2017
ISMN_ROMPS_GolubinGlacier,0.16186507046222687,0.18977411091327667,247.4860076904297,255.10020446777344,0.5066518783569336,2017
ISMN_SNOTEL_ClackamasLake,0.3103756308555603,0.35692745447158813,251.4671173095703,258.1435546875,13.50776195526123,2017
ISMN_SNOTEL_Fifteenmile,0.26108255982398987,0.2942948341369629,251.80665588378906,258.34197998046875,12.511249542236328,2017
ISMN_SNOTEL_BlazedAlder,0.35104838013648987,0.38199329376220703,253.1319580078125,257.9905090332031,14.184459686279297,2017
ISMN_SNOTEL_BurntMountain,0.3299000859260559,0.3416549861431122,251.09678649902344,256.9327697753906,13.136011123657227,2017
ISMN_SNOTEL_Trough,0.15233974158763885,0.15197548270225525,246.73822021484375,259.4677429199219,5.09420108795166,2017
ISMN_USCRN_Quinault-4-NE,0.6530583500862122,0.6332822442054749,247.28858947753906,252.35739135742188,14.507404327392578,2017
ISMN_SNOTEL_Buckinghorse,0.3290845453739166,0.3700103163719177,255.50306701660156,258.2040100097656,12.32918643951416,2017
ISMN_SNOTEL_BrownTop,0.3224475383758545,0.3919508755207062,255.52993774414062,258.14056396484375,10.512056350708008,2017
ISMN_SNOTEL_Touchet,0.21786905825138092,0.22689558565616608,250.28228759765625,258.7385559082031,8.988932609558105,2017
ISMN_SNOTEL_SourdoughGulch,0.18652449548244476,0.193706214427948,247.6021728515625,259.1350402832031,5.303699493408203,2017
ISMN_SNOTEL_PierceR.S.,0.3649330139160156,0.39262014627456665,251.11053466796875,257.3260192871094,13.383682250976562,2017
ISMN_SNOTEL_CraterMeadows,0.3389764130115509,0.40543457865715027,255.01927185058594,258.698974609375,13.224580764770508,2017
ISMN_SNOTEL_ShanghiSummit,0.3545114994049072,0.38868242502212524,252.37057495117188,257.7669372558594,13.560748100280762,2017
ISMN_SNOTEL_Sherwin,0.36923709511756897,0.4009358584880829,250.77120971679688,257.0659484863281,13.741045951843262,2017
ISMN_SCAN_Lind#1,0.14100521802902222,0.1552712619304657,243.40606689453125,261.41961669921875,0.4312651455402374,2017
ISMN_SNOTEL_MicaCreek,0.3522614538669586,0.39068758487701416,251.35374450683594,257.34234619140625,13.366934776306152,2017
ISMN_USCRN_Spokane-17-SSW,0.19764858484268188,0.1936131715774536,232.86036682128906,252.70184326171875,2.5895462036132812,2017
ISMN_SNOTEL_Lookout,0.32792651653289795,0.39893198013305664,255.4291534423828,259.2640380859375,12.9752197265625,2017
ISMN_SNOTEL_Sunset,0.32678839564323425,0.393176406621933,255.02818298339844,259.14410400390625,13.068392753601074,2017
ISMN_SNOTEL_RaggedMountain,0.2351904660463333,0.24400046467781067,245.33236694335938,257.3588562011719,9.65945053100586,2017
ISMN_SNOTEL_MosesMtn,0.18951813876628876,0.20669712126255035,248.3964385986328,259.1485900878906,9.3413724899292,2017
ISMN_SNOTEL_GoldAxeCamp,0.1891462504863739,0.2186039537191391,252.26548767089844,260.3919372558594,9.915099143981934,2017
ISMN_SCAN_TableMountain,0.15550123155117035,0.1669480800628662,235.58497619628906,256.017822265625,0.4225674271583557,2017
ISMN_SNOTEL_SavagePass,0.3011295199394226,0.3878442049026489,253.0885772705078,257.8955993652344,11.984430313110352,2017
ISMN_SCAN_ConradAgRc,0.13632124662399292,0.1540733277797699,238.53955078125,258.92218017578125,0.41729500889778137,2017
ISMN_SCAN_Violett,0.13471050560474396,0.15748968720436096,241.50790405273438,260.818359375,0.2511737644672394,2017
ISMN_SCAN_Moccasin,0.15534423291683197,0.175333634018898,235.1127166748047,256.23480224609375,0.5025837421417236,2017
ISMN_SCAN_Jordan,0.12009814381599426,0.12753237783908844,241.68646240234375,262.11639404296875,0.34019896388053894,2017
ISMN_SCAN_Mandan#1,0.1718524843454361,0.18200932443141937,234.93357849121094,256.6562194824219,1.2779865264892578,2017
ISMN_SCAN_Sidney,0.14365600049495697,0.15428900718688965,236.5143585205078,258.6385498046875,0.5812286734580994,2017
ISMN_SCAN_CrescentLake#1,0.23871929943561554,0.24627797305583954,231.377685546875,250.0128173828125,2.390296459197998,2017
ISMN_SCAN_Wabeno#1,0.36230379343032837,0.38065287470817566,251.2566375732422,257.3784484863281,11.711819648742676,2017
ISMN_USCRN_Chatham-1-SE,0.41551637649536133,0.40506285429000854,248.24826049804688,254.91439819335938,11.270186424255371,2017
ISMN_LABFLUX_Bussolenobosco,0.21049223840236664,0.25867947936058044,252.6849365234375,258.6165466308594,5.514580249786377,2017
ISMN_RSMN_Banloc,0.19913074374198914,0.19046726822853088,238.82595825195312,259.27947998046875,2.0112993717193604,2017
ISMN_RSMN_Dumbraveni,0.2588064968585968,0.26999279856681824,241.39358520507812,254.94601440429688,4.58612585067749,2017
ISMN_RSMN_Oradea,0.24222011864185333,0.23831327259540558,235.22372436523438,253.9241485595703,2.9948079586029053,2017
ISMN_RSMN_Tecuci,0.20925401151180267,0.19997139275074005,237.4792022705078,256.8273010253906,1.6723370552062988,2017
ISMN_RSMN_Barlad,0.201894611120224,0.1969377100467682,239.40565490722656,257.7495422363281,1.9208093881607056,2017
ISMN_RSMN_Cotnari,0.22903096675872803,0.22127386927604675,232.64337158203125,253.29348754882812,1.8791992664337158,2017
ISMN_RSMN_Darabani,0.22894234955310822,0.21810202300548553,232.59625244140625,253.16986083984375,2.1898114681243896,2017
ISMN_COSMOS-UK_Fivemiletown,0.36658403277397156,0.37794947624206543,236.4992218017578,247.52621459960938,3.1740856170654297,2017
ISMN_COSMOS-UK_PortonDown,0.20415237545967102,0.21337608993053436,237.68618774414062,256.97698974609375,3.0329537391662598,2017
ISMN_COSMOS-UK_AliceHolt,0.17286460101604462,0.19711804389953613,245.70730590820312,262.4270324707031,6.8196797370910645,2017
ISMN_COSMOS-UK_Heytesbury,0.23487229645252228,0.23857857286930084,235.5028076171875,253.94915771484375,2.788294553756714,2017
ISMN_COSMOS-UK_Sheepdrove,0.21887870132923126,0.22570142149925232,235.0120849609375,255.18887329101562,2.588869094848633,2017
ISMN_COSMOS-UK_Waddesdon,0.20989084243774414,0.20823456346988678,236.36680603027344,256.60260009765625,3.0572221279144287,2017
ISMN_COSMOS-UK_Cardington,0.18917997181415558,0.19106586277484894,235.4875946044922,258.1289978027344,2.425027847290039,2017
ISMN_COSMOS-UK_MoretonMorrell,0.22798357903957367,0.22565332055091858,233.8170928955078,254.14244079589844,2.6600372791290283,2017
ISMN_COSMOS-UK_Stoughton,0.22254391014575958,0.2204175591468811,233.63478088378906,254.5387725830078,2.900630474090576,2017
ISMN_COSMOS-UK_BunnyPark,0.2087150663137436,0.2063959240913391,234.28375244140625,255.42710876464844,3.0367696285247803,2017
ISMN_COSMOS-UK_SpenFarm,0.21905027329921722,0.2156999409198761,230.92153930664062,252.53590393066406,2.668195962905884,2017
ISMN_COSMOS-UK_HollinHill,0.24748612940311432,0.2459784746170044,228.28680419921875,249.72764587402344,3.0265586376190186,2017
ISMN_COSMOS-UK_LullingtonHeath,0.18113936483860016,0.18941615521907806,244.63729858398438,260.4063415527344,2.3914337158203125,2017
ISMN_COSMOS-UK_Redhill,0.14453275501728058,0.13551165163516998,245.07801818847656,263.8127746582031,3.300814390182495,2017
ISMN_COSMOS-UK_Writtle,0.15328721702098846,0.14952324330806732,240.93191528320312,263.28680419921875,2.6634609699249268,2017
ISMN_COSMOS-UK_Elmsett,0.1869092881679535,0.19314239919185638,237.01661682128906,257.837158203125,2.3405492305755615,2017
ISMN_COSMOS-UK_Euston,0.19147442281246185,0.19421616196632385,238.88436889648438,257.82318115234375,3.492258310317993,2017
ISMN_COSMOS-UK_Redmere,0.206132709980011,0.20800665020942688,235.05484008789062,255.6370086669922,2.559131622314453,2017
ISMN_COSMOS-UK_Morley,0.19014857709407806,0.19350463151931763,238.6918182373047,257.662841796875,2.5318033695220947,2017
ISMN_COSMOS-UK_Fincham,0.2065104842185974,0.20354098081588745,235.60275268554688,255.75242614746094,3.209357500076294,2017
ISMN_TERENO_Schoeneseiffen,0.2769731283187866,0.27788081765174866,244.54344177246094,256.5286560058594,9.714249610900879,2017
ISMN_TERENO_Merzenhausen,0.21351198852062225,0.1992468684911728,236.7595977783203,254.96495056152344,4.1864914894104,2017
ISMN_TWENTE_Hupsel,0.2193300575017929,0.2209877222776413,234.90032958984375,251.12451171875,3.6285345554351807,2017
ISMN_TWENTE_ITCSM-08b,0.2154456526041031,0.2164648026227951,235.11241149902344,251.57379150390625,3.8357291221618652,2017
ISMN_TWENTE_ITCSM-09,0.20795854926109314,0.2079276293516159,235.42449951171875,252.094482421875,3.7949256896972656,2017
ISMN_TWENTE_ITCSM-13,0.2428523749113083,0.24459342658519745,234.14407348632812,250.27896118164062,4.275720119476318,2017
ISMN_TWENTE_ITCSM-15b,0.25002944469451904,0.2543509006500244,233.27658081054688,249.68011474609375,4.566657543182373,2017
ISMN_TWENTE_ITCSM-16b,0.25696927309036255,0.26175862550735474,233.19717407226562,249.41714477539062,4.629970073699951,2017
ISMN_TWENTE_ITCSM-17c,0.2619760036468506,0.26836299896240234,232.29029846191406,248.75204467773438,4.58170747756958,2017
ISMN_MOL-RAO_Falkenberg,0.2476094514131546,0.2513185441493988,242.87318420410156,256.0899963378906,7.929945468902588,2017
ISMN_Berlin_PSA17suedpark,0.2194427251815796,0.2047639787197113,240.49656677246094,255.5679931640625,4.968400955200195,2017
ISMN_Berlin_PSA7Ruebezahl,0.23070523142814636,0.21872706711292267,240.80947875976562,255.6795654296875,6.078512668609619,2017
ISMN_Berlin_PSA18Pfaueninsel,0.25262176990509033,0.24154157936573029,238.38926696777344,254.17779541015625,7.1992621421813965,2017
ISMN_Berlin_PSA1BerlinerStr,,,239.756591796875,255.19119262695312,5.465693473815918,2017
ISMN_Berlin_PSA6Plaenterwald,,,240.16571044921875,255.56398010253906,4.406981468200684,2017
ISMN_Berlin_PSA4Heerstrasse,0.2402401566505432,0.22705647349357605,239.24691772460938,254.72506713867188,6.402822494506836,2017
ISMN_Berlin_PflABerlin12Schi,,,240.16571044921875,255.56398010253906,4.406981468200684,2017
ISMN_Berlin_PSA2Tiergarten,,,239.9723663330078,255.46641540527344,4.551494121551514,2017
ISMN_Berlin_PflABerlin13Marz,0.2194427251815796,0.2047639787197113,240.49656677246094,255.5679931640625,4.968400955200195,2017
ISMN_Berlin_PflABerlin11Humb,,,239.9723663330078,255.46641540527344,4.551494121551514,2017
ISMN_Berlin_PSA16krugwiesen,0.2237703502178192,0.21001946926116943,240.6131591796875,255.6335906982422,5.778803825378418,2017
ISMN_Berlin_PSA15bucherchaus,0.22866658866405487,0.21426284313201904,240.42576599121094,255.53274536132812,5.895566463470459,2017
ISMN_Berlin_PSA14wiltinger,0.23999227583408356,0.22903035581111908,239.42613220214844,254.34234619140625,6.1929826736450195,2017
ISMN_SNOTEL_McneilRiverSGS,0.2630099952220917,0.2838187515735626,244.22132873535156,254.32716369628906,1.8397212028503418,2017
ISMN_SNOTEL_PortGraham,,,77.16700744628906,116.05382537841797,8.6898193359375,2017
ISMN_SNOTEL_NukaGlacier,0.2047075629234314,0.23521986603736877,248.65814208984375,257.0064392089844,3.223275899887085,2017
ISMN_SNOTEL_AnchorRiverDivide,0.15431365370750427,0.18618318438529968,252.7346954345703,259.1133117675781,2.5664985179901123,2017
ISMN_SNOTEL_MooreCreekBridge,0.2624436020851135,0.30259406566619873,248.71035766601562,254.63922119140625,1.9239121675491333,2017
ISMN_COSMOS-UK_HartwoodHome,0.2771998345851898,0.2720538079738617,234.17266845703125,249.001220703125,2.848586320877075,2017
ISMN_COSMOS-UK_Cochno,0.2869739830493927,0.2836694121360779,235.20364379882812,249.28392028808594,3.2869186401367188,2017
ISMN_COSMOS-UK_Balruddery,0.2305700182914734,0.23756642639636993,229.92420959472656,250.12083435058594,2.8450417518615723,2017
ISMN_HOBE_2.01,0.23600567877292633,0.245238795876503,232.8711395263672,250.97824096679688,3.717466354370117,2017
ISMN_HOBE_2.11,0.24303951859474182,0.24966837465763092,232.6359100341797,250.65760803222656,3.7482659816741943,2017
ISMN_HOBE_1.07,0.2454843521118164,0.2526950538158417,232.8104705810547,250.52587890625,4.417263507843018,2017
ISMN_SNOTEL_Aniak,0.2670544981956482,0.28315749764442444,244.3323516845703,253.64666748046875,1.8459656238555908,2017
ISMN_SNOTEL_McGrath,0.21843399107456207,0.23294492065906525,249.76368713378906,257.5135192871094,2.542889356613159,2017
ISMN_SNOTEL_GalenaAK,0.29705673456192017,0.3254556655883789,246.90196228027344,254.37818908691406,2.626349687576294,2017
ISMN_SNOTEL_KenaiMoosePens,0.3792112469673157,0.3838593661785126,249.61732482910156,257.17572021484375,9.48176097869873,2017
ISMN_SNOTEL_TelaquanaLake,0.2089749425649643,0.24361425638198853,252.78079223632812,257.5959167480469,2.439992666244507,2017
ISMN_SNOTEL_SusitnaValleyHigh,0.3145158886909485,0.34309080243110657,251.2417449951172,258.1609191894531,5.472067832946777,2017
ISMN_SNOTEL_TokositnaValley,0.24823950231075287,0.2773393392562866,249.5106201171875,256.3421325683594,2.3966948986053467,2017
ISMN_SNOTEL_ExitGlacier,0.18039318919181824,0.1972874253988266,250.75816345214844,258.240234375,1.626753330230713,2017
ISMN_SNOTEL_SummitCreek,0.2225143015384674,0.2599039375782013,250.8146209716797,255.58847045898438,2.9160685539245605,2017
ISMN_SNOTEL_UpperTsainaRiver,0.19931034743785858,0.21712684631347656,249.3876190185547,255.62779235839844,0.6614466309547424,2017
ISMN_SNOTEL_SpringCreek,0.2149188220500946,0.24542775750160217,252.23110961914062,258.5147399902344,4.822056293487549,2017
ISMN_SNOTEL_GulkanaRiver,0.1777343600988388,0.19016827642917633,253.06454467773438,259.28411865234375,3.18955135345459,2017
ISMN_SNOTEL_FieldingLake,0.19728682935237885,0.21683479845523834,248.52468872070312,256.0973205566406,1.5328558683395386,2017
ISMN_SNOTEL_GraniteCrk,0.1662432998418808,0.18948310613632202,254.2033233642578,261.3197326660156,5.5459089279174805,2017
ISMN_SNOTEL_Chisana,0.19791606068611145,0.2185547649860382,248.9014129638672,255.01699829101562,1.2093744277954102,2017
ISMN_SNOTEL_Tok,0.15808475017547607,0.1804906576871872,255.7353973388672,260.87249755859375,4.476820468902588,2017
ISMN_SNOTEL_JackWadeJct,0.1317683607339859,0.16395148634910583,256.92608642578125,261.765380859375,2.7594382762908936,2017
ISMN_SNOTEL_KellyStation,0.20414908230304718,0.22273008525371552,245.65896606445312,254.9678955078125,1.2018343210220337,2017
ISMN_SNOTEL_GobblersKnob,0.16529665887355804,0.1892223209142685,252.4146270751953,259.9190368652344,1.8037420511245728,2017
ISMN_SNOTEL_Coldfoot,0.16722579300403595,0.19407640397548676,253.8985137939453,259.3236999511719,1.6559120416641235,2017
ISMN_SNOTEL_Mt.Ryan,0.12214897572994232,0.14581717550754547,255.8573455810547,261.67626953125,1.9666924476623535,2017
ISMN_SNOTEL_UpperNomeCreek,0.12702475488185883,0.1497059464454651,255.02456665039062,261.23040771484375,1.6377819776535034,2017
ISMN_SNOTEL_EagleSummit,0.11727797985076904,0.14213891327381134,255.5264129638672,261.63751220703125,1.7251601219177246,2017
ISMN_SNOTEL_ImnaviatCreek,0.1833869367837906,0.20168209075927734,245.58091735839844,255.39431762695312,1.027711033821106,2017
ISMN_FMI_SOD130,0.25352364778518677,0.2551276385784149,244.8883056640625,253.71630859375,3.446074962615967,2017
ISMN_FMI_SOD073,0.29204556345939636,0.28780898451805115,243.2711639404297,252.41885375976562,3.4722044467926025,2017
ISMN_FMI_SOD071,0.29204556345939636,0.28780898451805115,243.2711639404297,252.41885375976562,3.4722044467926025,2017
ISMN_FMI_SOD072,0.29204556345939636,0.28780898451805115,243.2711639404297,252.41885375976562,3.4722044467926025,2017
ISMN_FMI_SOD103,0.29204556345939636,0.28780898451805115,243.2711639404297,252.41885375976562,3.4722044467926025,2017
ISMN_FMI_SOD101,0.29204556345939636,0.28780898451805115,243.2711639404297,252.41885375976562,3.4722044467926025,2017
ISMN_FMI_SOD102,0.29204556345939636,0.28780898451805115,243.2711639404297,252.41885375976562,3.4722044467926025,2017
ISMN_FMI_SOD012,0.27031052112579346,0.2670546770095825,243.70689392089844,252.7725067138672,3.455428123474121,2017
ISMN_FMI_SOD011,0.27031052112579346,0.2670546770095825,243.70689392089844,252.7725067138672,3.455428123474121,2017
ISMN_FMI_SOD013,0.27031052112579346,0.2670546770095825,243.70689392089844,252.7725067138672,3.455428123474121,2017
ISMN_FMI_SOD081,0.27031052112579346,0.2670546770095825,243.70689392089844,252.7725067138672,3.455428123474121,2017
ISMN_FMI_SOD083,0.27031052112579346,0.2670546770095825,243.70689392089844,252.7725067138672,3.455428123474121,2017
ISMN_LAB-net_OromoCalibrationSite,0.3663451373577118,0.3648107647895813,234.94625854492188,249.00283813476562,5.596877574920654,2018
ISMN_COSMOS_KLEE,0.16944682598114014,0.1609179675579071,242.66262817382812,265.6935119628906,0.6055511832237244,2018
ISMN_AMMA-CATCH_Banizoumbou,0.05874095857143402,0.058279164135456085,262.0064697265625,287.8528137207031,0.5317896604537964,2018
ISMN_AMMA-CATCH_Tondikiboro,0.054644882678985596,0.05235207453370094,263.2445373535156,288.4782409667969,0.5960195660591125,2018
ISMN_SD_DEM_Demokeya,0.04426044225692749,0.038360413163900375,265.72491455078125,289.4030456542969,0.5957275629043579,2018
ISMN_SCAN_Combate,,,262.9851989746094,272.8396911621094,4.060597896575928,2018
ISMN_SCAN_Fortuna,0.4997221827507019,0.4997221827507019,77.77086639404297,116.08010864257812,7.284626483917236,2018
ISMN_SCAN_MaricaoForest,0.3335539996623993,0.3637622892856598,265.1021728515625,271.8724670410156,11.615302085876465,2018
ISMN_USCRN_Panther-Junction-2-N,0.12878765165805817,0.11857784539461136,254.6107177734375,273.44415283203125,0.3121090233325958,2018
ISMN_SCAN_Uvalde,0.17947255074977875,0.17203137278556824,251.16213989257812,269.4229431152344,0.8709292411804199,2018
ISMN_SCAN_EvergladesARS,0.41946423053741455,0.4069322645664215,185.8585662841797,220.49639892578125,2.6274492740631104,2018
ISMN_USCRN_Everglades-City-5-NE,0.30368149280548096,0.30922403931617737,227.10707092285156,248.1231231689453,4.503986358642578,2018
ISMN_SCAN_SellersLake#1,0.2965429127216339,0.2993973195552826,249.99168395996094,263.5005798339844,7.5132293701171875,2018
ISMN_USCRN_Fallbrook-5-NE,0.13032294809818268,0.13112515211105347,257.70758056640625,271.3419494628906,1.4759169816970825,2018
ISMN_USCRN_Santa-Barbara-11-W,,,76.54834747314453,116.17759704589844,3.1033427715301514,2018
ISMN_SCAN_Stubblefield,0.11380845308303833,0.10684119164943695,256.25469970703125,272.83880615234375,0.6948249340057373,2018
ISMN_SNOTEL_BakerButteSmt,0.1788230836391449,0.18070471286773682,254.99835205078125,264.93798828125,4.158846855163574,2018
ISMN_SNOTEL_BakerButte,0.1788230836391449,0.18070471286773682,254.99835205078125,264.93798828125,4.158846855163574,2018
ISMN_SNOTEL_BarM,0.17761367559432983,0.1896342635154724,251.1698455810547,263.1378479003906,5.213495254516602,2018
ISMN_SNOTEL_MormonMtnSummit,0.16298766434192657,0.1749836951494217,249.8026580810547,263.3788146972656,4.028948783874512,2018
ISMN_SCAN_AdamsRanch#1,0.10557755827903748,0.09476137161254883,247.15335083007812,271.4662170410156,0.26313042640686035,2018
ISMN_SCAN_JornadaExpRange,0.10601921379566193,0.09262213110923767,249.41354370117188,271.8990173339844,0.33934059739112854,2018
ISMN_USCRN_Las-Cruces-20-N,0.106516033411026,0.09267781674861908,249.34397888183594,271.9998474121094,0.2398892641067505,2018
ISMN_SNOTEL_HawleyLake,0.22646600008010864,0.24897755682468414,251.84117126464844,261.1098327636719,10.026632308959961,2018
ISMN_SNOTEL_Baldy,0.19150711596012115,0.21081258356571198,248.75100708007812,260.18487548828125,8.004061698913574,2018
ISMN_USCRN_Socorro-20-N,0.10370747745037079,0.09852242469787598,250.038818359375,270.7989501953125,0.20440331101417542,2018
ISMN_SCAN_Sevilleta,0.10318601131439209,0.09559653699398041,250.85549926757812,271.1411437988281,0.23990760743618011,2018
ISMN_SCAN_SanAngelo,0.180693581700325,0.16880078613758087,241.0254364013672,263.4456481933594,0.7065912485122681,2018
ISMN_USCRN_Monahans-6-ENE,0.07516482472419739,0.07496517896652222,256.6451416015625,277.6593933105469,0.35996249318122864,2018
ISMN_USCRN_Bronte-11-NNE,0.17708729207515717,0.1686745584011078,240.7421875,262.74603271484375,0.6551544070243835,2018
ISMN_SCAN_WillowWells,0.08254262059926987,0.07456182688474655,253.23004150390625,273.7798767089844,0.43597525358200073,2018
ISMN_SCAN_Levelland,0.11523381620645523,0.10207731276750565,247.87974548339844,269.7866516113281,0.5856669545173645,2018
ISMN_SCAN_ReeseCenter,0.13489721715450287,0.1182650700211525,243.0532989501953,266.42010498046875,0.7384219765663147,2018
ISMN_SCAN_Lehman,0.10467246174812317,0.09041491895914078,250.56097412109375,271.3774719238281,0.5632185935974121,2018
ISMN_USCRN_Muleshoe-19-S,0.10758338123559952,0.09800296276807785,248.7110595703125,269.7879943847656,0.3928256928920746,2018
ISMN_SCAN_PrairieView#1,0.2580452561378479,0.268473744392395,238.6280059814453,257.3149108886719,2.292949676513672,2018
ISMN_TxSON_LCRA-7,0.19832243025302887,0.2056320607662201,247.04750061035156,264.7792663574219,1.0220491886138916,2018
ISMN_TxSON_LCRA-3,0.20191538333892822,0.20205794274806976,245.0777130126953,263.42767333984375,1.0000611543655396,2018
ISMN_TxSON_CR200-23,0.20191538333892822,0.20205794274806976,245.0777130126953,263.42767333984375,1.0000611543655396,2018
ISMN_TxSON_CR200-12,0.19816072285175323,0.19989241659641266,246.47286987304688,264.3756408691406,1.0005441904067993,2018
ISMN_TxSON_CR200-11,0.2008303850889206,0.19824261963367462,245.48587036132812,263.6373596191406,1.003136157989502,2018
ISMN_TxSON_CR200-7,0.20191538333892822,0.20205794274806976,245.0777130126953,263.42767333984375,1.0000611543655396,2018
ISMN_TxSON_CR200-5,0.19543153047561646,0.1934572458267212,246.25149536132812,264.357666015625,1.008140206336975,2018
ISMN_TxSON_CR200-6,0.1970219761133194,0.19650965929031372,245.69688415527344,263.9964294433594,1.0148428678512573,2018
ISMN_TxSON_CR1000-2,0.1970219761133194,0.19650965929031372,245.69688415527344,263.9964294433594,1.0148428678512573,2018
ISMN_TxSON_CR200-18,0.1970219761133194,0.19650965929031372,245.69688415527344,263.9964294433594,1.0148428678512573,2018
ISMN_TxSON_CR200-25,0.1970219761133194,0.19650965929031372,245.69688415527344,263.9964294433594,1.0148428678512573,2018
ISMN_TxSON_CR200-15,0.1970219761133194,0.19650965929031372,245.69688415527344,263.9964294433594,1.0148428678512573,2018
ISMN_TxSON_CR200-24,0.1970219761133194,0.19650965929031372,245.69688415527344,263.9964294433594,1.0148428678512573,2018
ISMN_TxSON_CR200-17,0.19543153047561646,0.1934572458267212,246.25149536132812,264.357666015625,1.008140206336975,2018
ISMN_TxSON_CR1000-3,0.19543153047561646,0.1934572458267212,246.25149536132812,264.357666015625,1.008140206336975,2018
ISMN_TxSON_CR200-8,0.1970219761133194,0.19650965929031372,245.69688415527344,263.9964294433594,1.0148428678512573,2018
ISMN_TxSON_CR200-16,0.19543153047561646,0.1934572458267212,246.25149536132812,264.357666015625,1.008140206336975,2018
ISMN_TxSON_CR200-2,0.19543153047561646,0.1934572458267212,246.25149536132812,264.357666015625,1.008140206336975,2018
ISMN_TxSON_CR200-10,0.19543153047561646,0.1934572458267212,246.25149536132812,264.357666015625,1.008140206336975,2018
ISMN_TxSON_CR1000-5,0.19355589151382446,0.1922542303800583,246.65907287597656,264.6187744140625,1.090445876121521,2018
ISMN_TxSON_LCRA-1,0.18986688554286957,0.18924887478351593,247.82281494140625,265.37054443359375,1.1817665100097656,2018
ISMN_TxSON_CR1000-4,0.18362948298454285,0.1869606226682663,247.91448974609375,265.70196533203125,1.0408203601837158,2018
ISMN_USCRN_Austin-33-NW,0.22178173065185547,0.21808302402496338,243.74766540527344,262.1204528808594,1.3619968891143799,2018
ISMN_SCAN_Stephenville,0.20090767741203308,0.2036595344543457,240.84205627441406,261.3643798828125,1.0072193145751953,2018
ISMN_SCAN_KnoxCity,0.16081711649894714,0.1412838250398636,238.1181182861328,262.0779113769531,0.7566608786582947,2018
ISMN_USCRN_Lafayette-13-SE,0.34355080127716064,0.3503914475440979,227.67074584960938,247.85040283203125,3.5233216285705566,2018
ISMN_SCAN_Onward,0.35688069462776184,0.35508954524993896,219.75962829589844,241.55735778808594,5.150173187255859,2018
ISMN_SCAN_Mayday,0.33623483777046204,0.33512523770332336,227.8304901123047,247.1370849609375,3.838688611984253,2018
ISMN_USCRN_Monroe-26-N,0.3818587362766266,0.3860451579093933,241.1290283203125,253.5341339111328,9.431612014770508,2018
ISMN_SCAN_NorthIssaquena,0.32545891404151917,0.3234308362007141,212.5413360595703,239.4957733154297,2.2934021949768066,2018
ISMN_SCAN_Scott,0.33562737703323364,0.330054372549057,210.58750915527344,238.0980987548828,4.187633514404297,2018
ISMN_SCAN_SandyRidge,0.3233647346496582,0.311822772026062,197.29470825195312,229.34478759765625,1.6140263080596924,2018
ISMN_SCAN_Perthshire,0.32355085015296936,0.31761977076530457,208.96800231933594,237.3975067138672,2.91560435295105,2018
ISMN_SCAN_UapbCampus-PB,0.3546708822250366,0.35004594922065735,230.02003479003906,247.74867248535156,6.021312713623047,2018
ISMN_SCAN_UapbDewitt,0.34972354769706726,0.34909719228744507,212.07781982421875,237.8050537109375,3.1862425804138184,2018
ISMN_SCAN_Tunica,0.33497554063796997,0.31577327847480774,209.06283569335938,236.45431518554688,2.8997156620025635,2018
ISMN_SCAN_TncFortBayou,0.24318471550941467,0.2603127956390381,244.06983947753906,260.32135009765625,3.857630491256714,2018
ISMN_SCAN_KoptisFarms,0.2039157748222351,0.2176511138677597,249.18756103515625,263.546875,3.2692694664001465,2018
ISMN_SCAN_RiverRoadFarms,0.23449623584747314,0.24082496762275696,243.74293518066406,260.7369079589844,3.1750831604003906,2018
ISMN_SCAN_PerdidoRivFarms,0.25446993112564087,0.26720213890075684,251.3765411376953,262.43524169921875,4.7754340171813965,2018
ISMN_SCAN_Selma,0.3140655755996704,0.3174907863140106,248.2936553955078,259.29461669921875,5.047535419464111,2018
ISMN_SCAN_SudduthFarms,0.3218447268009186,0.32886800169944763,252.41744995117188,260.7562561035156,8.986787796020508,2018
ISMN_SCAN_Cullman-NAHRC,0.24985624849796295,0.2569780945777893,246.7711639404297,258.4525146484375,4.298489093780518,2018
ISMN_USCRN_Gadsden-19-N,0.2520149350166321,0.2615971267223358,244.35592651367188,257.2607116699219,4.474938869476318,2018
ISMN_SCAN_StanleyFarm,0.24584545195102692,0.2554185688495636,243.1074676513672,256.62530517578125,4.014157772064209,2018
ISMN_SCAN_Hodges,0.23541760444641113,0.24552519619464874,244.68826293945312,257.9081115722656,4.855853080749512,2018
ISMN_SCAN_AAMU-JTG,0.26686394214630127,0.2755911946296692,240.4790496826172,255.7515869140625,4.702619552612305,2018
ISMN_SCAN_IsbellFarms,0.25573810935020447,0.27547940611839294,253.738525390625,263.3040771484375,8.852560043334961,2018
ISMN_SCAN_BraggFarm,0.255977988243103,0.26585400104522705,237.8593292236328,254.24639892578125,2.9784603118896484,2018
ISMN_SCAN_Wtars,0.2611809968948364,0.27045634388923645,239.9803466796875,255.25860595703125,3.9159164428710938,2018
ISMN_SCAN_Wakulla#1,0.3505268394947052,0.36534732580184937,251.3433837890625,263.0791015625,11.038531303405762,2018
ISMN_USCRN_Brunswick-23-S,,,245.1214599609375,270.01318359375,5.748418807983398,2018
ISMN_USCRN_Newton-8-W,0.2251507043838501,0.2317475527524948,245.3013916015625,261.9944152832031,3.8399317264556885,2018
ISMN_SCAN_LittleRiver,0.23021814227104187,0.24235175549983978,242.7860565185547,259.3069763183594,2.8192145824432373,2018
ISMN_SCAN_YoumansFarm,0.28358376026153564,0.28317493200302124,252.04591369628906,262.68768310546875,7.194180488586426,2018
ISMN_USCRN_Watkinsville-5-SSE,0.27617231011390686,0.2862079441547394,250.94679260253906,260.86053466796875,6.267765522003174,2018
ISMN_SCAN_Watkinsville#1,0.2657586932182312,0.27353277802467346,249.40652465820312,259.9283752441406,4.3288397789001465,2018
ISMN_USCRN_McClellanville-7-NE,0.21146716177463531,0.22688357532024384,240.60414123535156,261.906982421875,8.11700439453125,2018
ISMN_SCAN_PeeDee,0.3107023537158966,0.3200036585330963,245.0548553466797,258.3555908203125,7.201841831207275,2018
ISMN_NGARI_SQ20,0.10543461889028549,0.0984458401799202,239.78814697265625,256.7608337402344,1.271304768124537e-07,2018
ISMN_NGARI_SQ21,0.11052476614713669,0.1036665216088295,240.0336151123047,256.3254699707031,0.0010626597795635462,2018
ISMN_NGARI_ALI01,0.1375105232000351,0.13344040513038635,242.15362548828125,255.07305908203125,0.0026913543697446585,2018
ISMN_NGARI_SQ19,0.10305515676736832,0.09614720195531845,239.71812438964844,257.0093078613281,5.44976101082284e-05,2018
ISMN_NAQU_NQMS,0.29957854747772217,0.286761999130249,220.2573699951172,244.8261260986328,0.3941776752471924,2018
ISMN_NAQU_NQKema,0.3284165561199188,0.3226814270019531,218.68899536132812,242.1553192138672,0.44823354482650757,2018
ISMN_NAQU_NQNorth,0.2859368324279785,0.2808023989200592,217.80650329589844,243.23162841796875,0.3885194659233093,2018
ISMN_SCAN_Vallecitos,0.1495143622159958,0.1364673227071762,256.5253601074219,268.85211181640625,1.3478813171386719,2018
ISMN_SCAN_MonoclineRidge,0.1577865183353424,0.13693279027938843,251.3047637939453,267.37152099609375,0.9559316039085388,2018
ISMN_FLUXNET-AMERIFLUX_BouldinIslandAlfalfa,0.25585711002349854,0.24119386076927185,232.8517303466797,254.1010284423828,2.1592977046966553,2018
ISMN_FLUXNET-AMERIFLUX_VairaRanch,0.1918279379606247,0.19076724350452423,246.1698455810547,262.5176086425781,1.7193459272384644,2018
ISMN_FLUXNET-AMERIFLUX_TonziRanch,0.1918279379606247,0.19076724350452423,246.1698455810547,262.5176086425781,1.7193459272384644,2018
ISMN_SNOTEL_CarsonPass,0.1543506234884262,0.19081921875476837,253.78089904785156,260.83245849609375,7.5213541984558105,2018
ISMN_SNOTEL_Rubicon#2,0.14579738676548004,0.17065349221229553,254.1014404296875,261.9088134765625,8.37397289276123,2018
ISMN_SNOTEL_WardCreek#3,0.16851049661636353,0.19730323553085327,255.3782501220703,262.1864929199219,10.046426773071289,2018
ISMN_SNOTEL_TahoeCityCross,0.16851049661636353,0.19730323553085327,255.3782501220703,262.1864929199219,10.046426773071289,2018
ISMN_SNOTEL_PalisadesTahoe,0.18212439119815826,0.22393187880516052,255.73635864257812,262.1654052734375,10.229790687561035,2018
ISMN_CW3E_BrownsValleySchool,0.2785784602165222,0.26875901222229004,236.39674377441406,253.96791076660156,2.48075532913208,2018
ISMN_SNOTEL_Truckee#2,0.16796214878559113,0.20326581597328186,253.93280029296875,261.83917236328125,9.537158012390137,2018
ISMN_CW3E_BoyesCreekCanyon,0.2814807593822479,0.2994112968444824,256.8011779785156,263.24029541015625,7.870346546173096,2018
ISMN_CW3E_PotterValleyNorth,0.29102566838264465,0.30403122305870056,256.0622253417969,262.79815673828125,8.666911125183105,2018
ISMN_SNOTEL_IndependenceLake,0.20022234320640564,0.24499668180942535,252.7863006591797,259.7788391113281,9.518507957458496,2018
ISMN_SNOTEL_IndependenceCamp,0.19124054908752441,0.22942793369293213,252.4910125732422,260.4186706542969,9.208574295043945,2018
ISMN_SNOTEL_IndependenceCreek,0.19124054908752441,0.22942793369293213,252.4910125732422,260.4186706542969,9.208574295043945,2018
ISMN_CW3E_FeatherRiverCollege,0.2536661922931671,0.29141002893447876,256.5584411621094,261.3889465332031,12.094513893127441,2018
ISMN_SCAN_LovellSummit,0.08921057730913162,0.08887685090303421,254.36370849609375,272.3382873535156,0.955924928188324,2018
ISMN_SNOTEL_LeeCanyon,0.09234070777893066,0.09715230762958527,254.4788360595703,271.90960693359375,1.1594502925872803,2018
ISMN_SNOTEL_BristleconeTrail,0.09274473786354065,0.09957700967788696,255.26112365722656,272.4028625488281,1.2754212617874146,2018
ISMN_SCAN_Charkiln,0.08710650354623795,0.0938495323061943,255.8690948486328,273.55938720703125,1.0536357164382935,2018
ISMN_SCAN_PineNut,0.10227834433317184,0.1068810522556305,253.87924194335938,272.3740539550781,0.4287889003753662,2018
ISMN_USCRN_Stovepipe-Wells-1-SW,0.11385142803192139,0.12450648099184036,259.3594055175781,275.7438659667969,0.022951822727918625,2018
ISMN_USCRN_Mercury-3-SSW,0.07900235801935196,0.08311980962753296,253.0843963623047,274.7216796875,0.18314528465270996,2018
ISMN_USCRN_Yosemite-Village-12-W,0.2075112760066986,0.2341688722372055,257.538330078125,263.8676452636719,9.151127815246582,2018
ISMN_SCAN_MarbleCreek,0.08782355487346649,0.10279222577810287,255.39414978027344,269.06072998046875,0.3394964039325714,2018
ISMN_SNOTEL_VirginiaLakesRidge,0.1450328379869461,0.17599700391292572,251.10507202148438,259.8869323730469,1.7312240600585938,2018
ISMN_SCAN_BodieHills,0.11398635804653168,0.13555121421813965,252.21385192871094,263.8280944824219,0.7273798584938049,2018
ISMN_SNOTEL_LeavittLake,0.15016093850135803,0.17773115634918213,252.0171661376953,259.6160888671875,2.8059020042419434,2018
ISMN_SNOTEL_LeavittMeadows,0.13812890648841858,0.16504697501659393,251.8992919921875,259.9202575683594,1.7422208786010742,2018
ISMN_SNOTEL_SonoraPass,0.15016093850135803,0.17773115634918213,252.0171661376953,259.6160888671875,2.8059020042419434,2018
ISMN_SNOTEL_SummitMeadow,0.12834686040878296,0.15393276512622833,252.58270263671875,260.9773254394531,2.5673489570617676,2018
ISMN_SNOTEL_LobdellLake,0.10806547850370407,0.12451533228158951,252.84608459472656,263.3189697265625,0.819735586643219,2018
ISMN_SNOTEL_PoisonFlat,0.13321828842163086,0.16181506216526031,253.18309020996094,261.9538269042969,5.148021697998047,2018
ISMN_SNOTEL_EbbettsPass,0.15592831373214722,0.19400401413440704,253.84683227539062,260.8788146972656,7.254787921905518,2018
ISMN_SNOTEL_BlueLakes,0.15540379285812378,0.1907634437084198,253.64453125,260.7501525878906,7.107061862945557,2018
ISMN_SNOTEL_SprattCreek,0.14513878524303436,0.17755873501300812,253.21006774902344,261.156494140625,6.86484432220459,2018
ISMN_SNOTEL_MonitorPass,0.12123154103755951,0.1345469355583191,251.95362854003906,263.21600341796875,2.5509047508239746,2018
ISMN_SNOTEL_HorseMeadow,0.14605812728405,0.17717894911766052,252.8560791015625,261.9057312011719,6.744178771972656,2018
ISMN_SNOTEL_HagansMeadow,0.14605812728405,0.17717894911766052,252.8560791015625,261.9057312011719,6.744178771972656,2018
ISMN_SNOTEL_HeavenlyValley,0.1363486498594284,0.166159987449646,252.97947692871094,263.0505065917969,6.543590068817139,2018
ISMN_SNOTEL_MarletteLake,0.10817920416593552,0.13003124296665192,253.4733428955078,264.886962890625,5.838152885437012,2018
ISMN_SNOTEL_LittleValley,0.11816432327032089,0.13757801055908203,252.59445190429688,264.0904541015625,6.047253131866455,2018
ISMN_SNOTEL_VacarroSprings,0.0942852646112442,0.11139779537916183,248.50421142578125,266.0518798828125,0.42144662141799927,2018
ISMN_SNOTEL_BigMeadow,0.12754063308238983,0.13727238774299622,250.01492309570312,262.85369873046875,4.639505863189697,2018
ISMN_SNOTEL_PorterCanyon,0.09742692112922668,0.10823571681976318,248.4634246826172,266.023193359375,0.3735106289386749,2018
ISMN_SNOTEL_Chalender,0.14813394844532013,0.1569415181875229,249.731201171875,263.5896301269531,3.138674020767212,2018
ISMN_SCAN_Vermillion,0.11288979649543762,0.12770980596542358,254.6479949951172,267.81256103515625,0.3605998456478119,2018
ISMN_SCAN_CaveValley,0.1216660663485527,0.1294608861207962,255.61817932128906,266.4620056152344,0.7132140398025513,2018
ISMN_SNOTEL_GardnerPeak,0.11816277354955673,0.12102525681257248,255.2263641357422,267.36871337890625,2.1378612518310547,2018
ISMN_SNOTEL_LittleGrassy,0.1118927150964737,0.11559803783893585,254.39752197265625,268.07232666015625,0.6643002033233643,2018
ISMN_SNOTEL_LongValleyJct,0.1467439830303192,0.16098806262016296,253.6355438232422,263.4090881347656,1.9847890138626099,2018
ISMN_SNOTEL_HarrisFlat,0.14856721460819244,0.15819963812828064,253.9088592529297,263.11236572265625,2.134488821029663,2018
ISMN_SNOTEL_GutzPeak,0.10981567203998566,0.11321011185646057,254.8159637451172,268.57794189453125,0.7680650353431702,2018
ISMN_SNOTEL_LongFlat,0.11877165734767914,0.12382908165454865,254.32293701171875,266.3290710449219,2.269808769226074,2018
ISMN_SNOTEL_Kolob,0.12848468124866486,0.1361885368824005,252.62850952148438,264.5514221191406,1.2872222661972046,2018
ISMN_SNOTEL_MidwayValley,0.14805671572685242,0.15717466175556183,252.83033752441406,262.53399658203125,2.853505849838257,2018
ISMN_SNOTEL_WebsterFlat,0.14223749935626984,0.14994896948337555,252.84335327148438,262.9676818847656,2.0042991638183594,2018
ISMN_SNOTEL_SuuRanch,0.13484345376491547,0.14146563410758972,251.36236572265625,262.9820861816406,2.8121917247772217,2018
ISMN_SCAN_Enterprise,0.10799815505743027,0.11255526542663574,249.67579650878906,266.4548645019531,0.5385757088661194,2018
ISMN_SNOTEL_CastleValley,0.13972389698028564,0.14808911085128784,251.599853515625,262.2476501464844,3.5936498641967773,2018
ISMN_SNOTEL_Widtsoe#3,0.12657974660396576,0.13603751361370087,252.99169921875,263.72418212890625,2.9183504581451416,2018
ISMN_SCAN_Panguitch,0.11577299237251282,0.12225784361362457,250.00120544433594,262.7638854980469,1.202589750289917,2018
ISMN_SNOTEL_MtPennell,0.09947948157787323,0.10616806894540787,257.021728515625,269.8706970214844,0.4189063608646393,2018
ISMN_SNOTEL_SunflowerFlat,0.11750961095094681,0.13293680548667908,254.61647033691406,265.75262451171875,2.7233307361602783,2018
ISMN_SNOTEL_LonesomeBeaver,0.09947948157787323,0.10616806894540787,257.021728515625,269.8706970214844,0.4189063608646393,2018
ISMN_SNOTEL_JonesCorral,0.11689227819442749,0.12240178138017654,250.7901153564453,263.0267028808594,1.6473768949508667,2018
ISMN_SNOTEL_DonkeyReservoir,0.12613128125667572,0.13959309458732605,251.84078979492188,264.0617370605469,3.662151336669922,2018
ISMN_SNOTEL_MerchantValley,0.1278107464313507,0.14245565235614777,251.3726043701172,262.92041015625,4.406979084014893,2018
ISMN_SCAN_Manderfield,0.11202577501535416,0.11656549572944641,249.72535705566406,263.8564147949219,1.9321998357772827,2018
ISMN_SNOTEL_KimberlyMine,0.12215141952037811,0.13456889986991882,251.41783142089844,263.6625061035156,2.6409287452697754,2018
ISMN_SNOTEL_BoxSprings,0.12260011583566666,0.13383901119232178,251.39830017089844,263.4837646484375,3.070843458175659,2018
ISMN_SNOTEL_FishLakeUtah,0.11572945863008499,0.12809114158153534,250.27980041503906,263.0764465332031,2.116792678833008,2018
ISMN_SNOTEL_BoxCreek,0.12260011583566666,0.13383901119232178,251.39830017089844,263.4837646484375,3.070843458175659,2018
ISMN_SNOTEL_BlackFlat-U.M.Ck,0.12994526326656342,0.14410971105098724,252.30563354492188,263.1051330566406,2.3233482837677,2018
ISMN_SNOTEL_FarnsworthLake,0.12949343025684357,0.14244630932807922,251.6622314453125,262.75250244140625,2.5458648204803467,2018
ISMN_SNOTEL_GooseberryRSUp,0.12949343025684357,0.14244630932807922,251.6622314453125,262.75250244140625,2.5458648204803467,2018
ISMN_SNOTEL_GooseberryRS,0.12949343025684357,0.14244630932807922,251.6622314453125,262.75250244140625,2.5458648204803467,2018
ISMN_SNOTEL_BobsHollow,0.12946012616157532,0.14615437388420105,249.80856323242188,263.3699951171875,2.096822738647461,2018
ISMN_SNOTEL_WheelerPeak,0.10059249401092529,0.10678111016750336,250.0603790283203,265.990478515625,1.521307349205017,2018
ISMN_SNOTEL_PickleKeg,0.1315731257200241,0.1465340256690979,251.5765380859375,262.7853088378906,1.7016112804412842,2018
ISMN_SNOTEL_WardMountain,0.0994863212108612,0.11162418872117996,250.67250061035156,265.439208984375,0.4738948345184326,2018
ISMN_SNOTEL_BuckFlat,0.1412491649389267,0.15517966449260712,250.81141662597656,262.0916442871094,1.8631967306137085,2018
ISMN_SNOTEL_BeaverDams,0.1412491649389267,0.15517966449260712,250.81141662597656,262.0916442871094,1.8631967306137085,2018
ISMN_SNOTEL_CaveMountain,0.10084071010351181,0.11086585372686386,250.05491638183594,265.084228515625,0.688467800617218,2018
ISMN_SCAN_Holden,0.1159893348813057,0.12343437969684601,242.81202697753906,263.8653564453125,0.31274354457855225,2018
ISMN_SCAN_TuleValley,0.11986871063709259,0.12973853945732117,240.41290283203125,263.0962829589844,0.18259011209011078,2018
ISMN_SNOTEL_ThistleFlat,0.14030124247074127,0.1537953019142151,250.0811767578125,261.6373291015625,1.6431713104248047,2018
ISMN_SNOTEL_GBRCMeadows,0.14192792773246765,0.15482105314731598,249.38284301757812,261.4385986328125,2.07790207862854,2018
ISMN_SNOTEL_SeeleyCreek,0.14192792773246765,0.15482105314731598,249.38284301757812,261.4385986328125,2.07790207862854,2018
ISMN_SNOTEL_BerryCreek,0.10367771238088608,0.11279501765966415,249.3939208984375,264.7842712402344,0.89729243516922,2018
ISMN_SNOTEL_GBRCHQ,0.14192792773246765,0.15482105314731598,249.38284301757812,261.4385986328125,2.07790207862854,2018
ISMN_SNOTEL_OakCreek,0.10443770885467529,0.11488334834575653,248.46551513671875,265.71795654296875,0.4655231535434723,2018
ISMN_SCAN_Ephraim,0.1344277709722519,0.1481039673089981,248.66720581054688,261.74176025390625,1.313538670539856,2018
ISMN_SNOTEL_UpperJoesValley,0.14094440639019012,0.15469305217266083,251.4801483154297,261.8373718261719,2.3680508136749268,2018
ISMN_SNOTEL_ReesFlat,0.12768128514289856,0.13977953791618347,248.42245483398438,262.5852355957031,0.6742709279060364,2018
ISMN_SCAN_Price,0.10250061750411987,0.11205154657363892,250.96832275390625,266.33740234375,0.20960332453250885,2018
ISMN_SNOTEL_Kalamazoo,0.0950159803032875,0.1036728024482727,249.50636291503906,265.70062255859375,0.654951274394989,2018
ISMN_SNOTEL_HuntingtonHorse,0.14088022708892822,0.1544893980026245,251.67897033691406,261.8426818847656,2.0039021968841553,2018
ISMN_SCAN_Nephi,0.11401896178722382,0.12129366397857666,248.3035125732422,263.9889831542969,0.6359726786613464,2018
ISMN_SNOTEL_Timberline,0.12158322334289551,0.13334070146083832,255.31692504882812,265.7749328613281,1.8795504570007324,2018
ISMN_SNOTEL_Mammoth-Cottonwood,0.14088022708892822,0.1544893980026245,251.67897033691406,261.8426818847656,2.0039021968841553,2018
ISMN_SNOTEL_TakkaWiiya,0.09815866500139236,0.10310356318950653,248.0781707763672,266.37750244140625,0.6643587350845337,2018
ISMN_SNOTEL_ClearCreek#1,0.14414604008197784,0.1618768721818924,253.52903747558594,262.1236572265625,2.5146732330322266,2018
ISMN_SNOTEL_WilburBench,0.13637150824069977,0.15302453935146332,255.08758544921875,263.6997375488281,0.86934894323349,2018
ISMN_SNOTEL_ClearCreek#2,0.14414604008197784,0.1618768721818924,253.52903747558594,262.1236572265625,2.5146732330322266,2018
ISMN_SNOTEL_SantaquinMeadows,0.14106151461601257,0.1487608402967453,248.87185668945312,261.9526672363281,1.9432417154312134,2018
ISMN_SNOTEL_VernonCreek,0.09000451117753983,0.1001947820186615,249.9255828857422,267.36749267578125,0.37736690044403076,2018
ISMN_SNOTEL_WhiteRiver#1,0.13601504266262054,0.1524740308523178,254.81312561035156,263.0635070800781,1.0724658966064453,2018
ISMN_SNOTEL_SantaFe,0.15306705236434937,0.14743299782276154,254.0008087158203,263.9539794921875,7.144923686981201,2018
ISMN_SNOTEL_WesnerSprings,0.20802222192287445,0.2136688530445099,254.31443786621094,261.93914794921875,10.005647659301758,2018
ISMN_USCRN_Los-Alamos-13-W,0.16614381968975067,0.18062959611415863,254.39405822753906,264.2361755371094,8.361003875732422,2018
ISMN_SNOTEL_Quemazon,0.14317476749420166,0.15094467997550964,253.98707580566406,264.72039794921875,5.489155292510986,2018
ISMN_SNOTEL_SenoritaDivide#2,0.1409682333469391,0.15057861804962158,253.2329559326172,264.0428466796875,6.346251487731934,2018
ISMN_SNOTEL_GaritaPeak,0.14665734767913818,0.15550115704536438,254.16265869140625,264.134033203125,6.193633556365967,2018
ISMN_SNOTEL_VacasLocas,0.1409682333469391,0.15057861804962158,253.2329559326172,264.0428466796875,6.346251487731934,2018
ISMN_SCAN_Alcalde,0.11464377492666245,0.11429720371961594,252.6075439453125,266.3993835449219,0.3086218237876892,2018
ISMN_SNOTEL_TresRitos,0.19567452371120453,0.20259550213813782,254.13461303710938,261.80926513671875,10.106392860412598,2018
ISMN_SNOTEL_NavajoWhiskeyCk,0.09940546005964279,0.10528825968503952,255.1243438720703,268.92230224609375,2.5406088829040527,2018
ISMN_SNOTEL_GallegosPeak,0.16797946393489838,0.17337661981582642,253.6972198486328,262.1792907714844,8.99919605255127,2018
ISMN_SNOTEL_Palo,0.17119739949703217,0.18137627840042114,252.7832794189453,261.122314453125,8.722626686096191,2018
ISMN_SNOTEL_TaosPueblo,0.17101772129535675,0.17730353772640228,252.88870239257812,261.1194763183594,8.247300148010254,2018
ISMN_SNOTEL_TaosPowderhorn,0.14575116336345673,0.15016548335552216,253.33534240722656,262.38043212890625,6.823362827301025,2018
ISMN_SNOTEL_Shuree,0.14597974717617035,0.15346229076385498,252.47227478027344,261.1241149902344,4.759356498718262,2018
ISMN_SNOTEL_Culebra#2,0.12922552227973938,0.13590580224990845,252.13265991210938,262.4171447753906,5.069619178771973,2018
ISMN_USCRN_Cortez-8-SE,0.10640615969896317,0.11065521836280823,255.00921630859375,267.915283203125,0.4598325490951538,2018
ISMN_SNOTEL_LilyPond,0.17537635564804077,0.18652363121509552,250.780517578125,260.3883972167969,7.512701988220215,2018
ISMN_SCAN_MccrackenMesa,0.07916456460952759,0.08018024265766144,257.0819091796875,272.3113708496094,0.21016430854797363,2018
ISMN_SNOTEL_Cascade#2,0.2161337435245514,0.2350902408361435,252.97682189941406,258.5732116699219,7.075353145599365,2018
ISMN_SCAN_AlkaliMesa,0.09068543463945389,0.09562422335147858,256.3251037597656,270.0544738769531,0.37211334705352783,2018
ISMN_SNOTEL_UpperRioGrande,0.15889230370521545,0.1758643388748169,251.32626342773438,258.7664489746094,4.719577789306641,2018
ISMN_SCAN_Eastland,0.09343621134757996,0.10290785878896713,254.62026977539062,268.5497741699219,0.3362431526184082,2018
ISMN_SNOTEL_LizardHeadPass,0.18584896624088287,0.2079639583826065,252.32843017578125,258.47088623046875,5.050568580627441,2018
ISMN_SNOTEL_CampJackson,0.10666002333164215,0.11841259896755219,256.4537658691406,268.1402893066406,1.5437899827957153,2018
ISMN_SNOTEL_Slumgullion,0.14001718163490295,0.15659545361995697,251.44781494140625,259.6647644042969,4.4401679039001465,2018
ISMN_SCAN_WestSummit,0.09403762221336365,0.10235156863927841,254.42523193359375,268.481689453125,0.32778286933898926,2018
ISMN_SCAN_HarmsWay,0.09900027513504028,0.11096463352441788,256.3602294921875,268.5027160644531,0.7371429800987244,2018
ISMN_SNOTEL_GoldBasin,0.11253368109464645,0.12588496506214142,256.9369812011719,267.7186279296875,1.7961987257003784,2018
ISMN_SNOTEL_LasalMountain-Lower,0.11253368109464645,0.12588496506214142,256.9369812011719,267.7186279296875,1.7961987257003784,2018
ISMN_SNOTEL_LasalMountain,0.11253368109464645,0.12588496506214142,256.9369812011719,267.7186279296875,1.7961987257003784,2018
ISMN_SNOTEL_PorphyryCreek,0.13749326765537262,0.1597597599029541,253.07794189453125,260.617919921875,5.496811866760254,2018
ISMN_SNOTEL_ParkCone,0.170271098613739,0.2059583216905594,252.47589111328125,259.044921875,6.4731550216674805,2018
ISMN_SNOTEL_Butte,0.17518991231918335,0.2023867964744568,252.40797424316406,258.8709411621094,3.5818519592285156,2018
ISMN_SNOTEL_UpperTaylor,0.18358008563518524,0.22169989347457886,252.46371459960938,258.64178466796875,5.361036777496338,2018
ISMN_SNOTEL_SchofieldPass,0.17168301343917847,0.19918401539325714,253.03756713867188,258.9173889160156,2.720669984817505,2018
ISMN_SNOTEL_RoughAndTumble,0.11698848009109497,0.13210947811603546,249.5656280517578,260.993896484375,3.164520263671875,2018
ISMN_SNOTEL_ParkReservoir,0.15632402896881104,0.15813221037387848,250.080322265625,260.88861083984375,4.591499328613281,2018
ISMN_SNOTEL_BuckskinJoe,0.14642281830310822,0.17322228848934174,249.9548797607422,258.6219787597656,4.4354095458984375,2018
ISMN_SNOTEL_EastWillowCreek,0.12005657702684402,0.12837935984134674,256.7091979980469,266.3883056640625,0.6174687743186951,2018
ISMN_SNOTEL_HoosierPass,0.1389409750699997,0.16647401452064514,249.4357147216797,259.0071716308594,4.111037254333496,2018
ISMN_SNOTEL_FremontPass,0.17106413841247559,0.20830485224723816,251.46957397460938,258.5393981933594,6.589219093322754,2018
ISMN_SNOTEL_MichiganCreek,0.14700238406658173,0.17780190706253052,250.5166015625,259.2349548339844,5.2508955001831055,2018
ISMN_iRON_GlenwoodSprings,0.15359988808631897,0.1714690923690796,253.22850036621094,261.3464050292969,2.9179527759552,2018
ISMN_SNOTEL_JackwhackerGulch,0.15065167844295502,0.18925350904464722,251.78582763671875,259.35125732421875,5.874542713165283,2018
ISMN_SNOTEL_SummitRanch,0.15441904962062836,0.1852598935365677,252.85791015625,259.4947509765625,6.507140636444092,2018
ISMN_SNOTEL_JonesPass,0.15933412313461304,0.2001645416021347,252.71498107910156,259.2814636230469,6.449397563934326,2018
ISMN_SNOTEL_MiddleForkCamp,0.16782869398593903,0.20654574036598206,252.62147521972656,259.4945373535156,7.320035934448242,2018
ISMN_SNOTEL_BerthoudSummit,0.1641005426645279,0.20294086635112762,252.8274383544922,259.3367919921875,6.565923690795898,2018
ISMN_SNOTEL_BurroMountain,0.16748173534870148,0.1886748969554901,251.77523803710938,260.25439453125,5.426208972930908,2018
ISMN_SCAN_Bushland#1,0.13036282360553741,0.12414483726024628,244.8542938232422,266.7336730957031,0.5586525201797485,2018
ISMN_USCRN_Goodwell-2-SE,0.11977862566709518,0.11935560405254364,246.39212036132812,267.6448974609375,0.5590324401855469,2018
ISMN_USCRN_Goodwell-2-E,0.11977862566709518,0.11935560405254364,246.39212036132812,267.6448974609375,0.5590324401855469,2018
ISMN_SCAN_FortReno#1,0.17691634595394135,0.172113299369812,235.45774841308594,258.748779296875,1.028247594833374,2018
ISMN_ARM_Tryon,0.22116288542747498,0.2246151864528656,236.59519958496094,256.4368591308594,1.1857069730758667,2018
ISMN_ARM_Marshall,0.19820405542850494,0.19826975464820862,231.80592346191406,256.1894836425781,0.9523678421974182,2018
ISMN_USCRN_Stillwater-2-W,0.22133733332157135,0.22515247762203217,232.67782592773438,254.9625701904297,1.2599868774414062,2018
ISMN_USCRN_Stillwater-5-WNW,0.2167360633611679,0.2205009162425995,232.5557403564453,255.21514892578125,1.2135424613952637,2018
ISMN_ARM_Waukomis,0.1695662885904312,0.1637173593044281,236.56504821777344,260.379150390625,1.4224225282669067,2018
ISMN_ARM_Morrison,0.21344992518424988,0.21141432225704193,231.00328063964844,254.64195251464844,0.9986907243728638,2018
ISMN_ARM_Ringwood,0.14812657237052917,0.14152096211910248,240.93914794921875,263.1122131347656,1.0779231786727905,2018
ISMN_ARM_Lamont-CF1,0.18672634661197662,0.18341588973999023,230.4510040283203,256.7230224609375,1.2273876667022705,2018
ISMN_ARM_Lamont-CF2,0.18672634661197662,0.18341588973999023,230.4510040283203,256.7230224609375,1.2273876667022705,2018
ISMN_ARM_Pawhuska,0.2349892258644104,0.24103759229183197,225.22283935546875,250.7158966064453,1.1028318405151367,2018
ISMN_ARM_Byron,0.15416811406612396,0.14971710741519928,239.6853485107422,262.31256103515625,1.1471952199935913,2018
ISMN_ARM_Newkirk,0.2093292474746704,0.20709049701690674,227.1000518798828,253.3677978515625,1.0855540037155151,2018
ISMN_ARM_Tyro,0.2558477520942688,0.2559719383716583,223.52064514160156,247.97276306152344,1.1218500137329102,2018
ISMN_SCAN_Abrams,0.21710218489170074,0.21528473496437073,226.364501953125,252.64013671875,1.283241629600525,2018
ISMN_ARM_Ashton,0.2013404667377472,0.19494718313217163,228.10923767089844,254.36575317382812,1.4278775453567505,2018
ISMN_ARM_Anthony,0.16501297056674957,0.15588299930095673,236.10140991210938,259.9893798828125,1.3435890674591064,2018
ISMN_SCAN_CentraliaLake,0.22220270335674286,0.22291190922260284,230.37962341308594,253.9558868408203,1.6381057500839233,2018
ISMN_SCAN_Phillipsburg,0.18535450100898743,0.19754810631275177,231.78204345703125,255.49024963378906,0.7884871363639832,2018
ISMN_SCAN_UapbPointRemove,0.2905125916004181,0.29257795214653015,240.5791473388672,254.84591674804688,3.798438549041748,2018
ISMN_USCRN_Batesville-8-WNW,0.24093571305274963,0.25566038489341736,249.44329833984375,260.23114013671875,6.893709659576416,2018
ISMN_SCAN_JournaganRanch,0.22344151139259338,0.2374303787946701,244.05245971679688,257.2289733886719,5.353578090667725,2018
ISMN_SCAN_LTSP,0.2574189305305481,0.28305184841156006,257.15765380859375,264.2530517578125,11.125712394714355,2018
ISMN_USCRN_Joplin-24-N,0.2624875605106354,0.26341089606285095,226.73121643066406,249.51077270507812,2.173424005508423,2018
ISMN_SCAN_SinkinForest,0.2873639762401581,0.3153842091560364,255.83364868164062,263.2740478515625,11.323944091796875,2018
ISMN_USCRN_Salem-10-W,0.20296862721443176,0.2145644873380661,246.7953643798828,258.3431091308594,4.802258014678955,2018
ISMN_SCAN_CarverFarm,0.25089266896247864,0.2564077079296112,237.74539184570312,252.89999389648438,3.255803346633911,2018
ISMN_SCAN_PowellGardens,0.25204160809516907,0.25798723101615906,232.07977294921875,251.90841674804688,2.7062792778015137,2018
ISMN_SCAN_ElsberryPMC,0.2829287350177765,0.2780259847640991,233.23016357421875,250.80796813964844,4.347081184387207,2018
ISMN_SCAN_AllenFarms,0.24292513728141785,0.25003162026405334,241.69740295410156,255.6816864013672,3.6690526008605957,2018
ISMN_SCAN_EastviewFarm,0.2573227286338806,0.2711072564125061,242.4297332763672,255.85816955566406,4.687738418579102,2018
ISMN_USCRN_Crossville-7-NW,0.3050747811794281,0.3192387819290161,247.65806579589844,257.36785888671875,8.397660255432129,2018
ISMN_SCAN_Princeton#1,0.28639766573905945,0.2804771661758423,236.9385223388672,252.5604248046875,4.037142276763916,2018
ISMN_SCAN_MammothCave,0.3012257516384125,0.30833756923675537,236.50958251953125,252.24505615234375,5.829767227172852,2018
ISMN_USCRN_Bedford-5-WNW,0.24539944529533386,0.25216254591941833,243.87890625,255.7188720703125,4.861495494842529,2018
ISMN_SCAN_ReynoldsHomestead,0.3487810790538788,0.36797383427619934,250.7574920654297,258.9029846191406,10.169768333435059,2018
ISMN_USCRN_Durham-11-W,0.309367835521698,0.31711965799331665,247.62632751464844,258.53582763671875,7.806851863861084,2018
ISMN_SCAN_TidewaterArec,0.25634872913360596,0.24994157254695892,242.6870880126953,255.84689331054688,4.729544639587402,2018
ISMN_SCAN_Shenandoah,0.2731057405471802,0.2947600483894348,248.9833526611328,258.16448974609375,8.056075096130371,2018
ISMN_USCRN_Elkins-21-ENE,0.39075425267219543,0.4294869005680084,253.6259002685547,259.2401123046875,11.824206352233887,2018
ISMN_SCAN_PowderMill,,,241.45819091796875,257.3672790527344,4.854464530944824,2018
ISMN_ROMPS_Maidanak,0.18062344193458557,0.17364738881587982,240.43991088867188,257.217041015625,0.36291342973709106,2018
ISMN_ROMPS_AbramovGlacier,0.18347005546092987,0.24229003489017487,250.57821655273438,255.22393798828125,0.060604240745306015,2018
ISMN_SCAN_EagleLake,0.24065008759498596,0.2565172016620636,241.5727996826172,254.3090057373047,6.508243083953857,2018
ISMN_SNOTEL_FredonyerPeak,0.1416402906179428,0.15129731595516205,247.03546142578125,261.4840087890625,2.068394184112549,2018
ISMN_SCAN_AshValley,0.16491669416427612,0.1685560941696167,244.4365997314453,258.6024475097656,2.481297016143799,2018
ISMN_SNOTEL_StateLine,0.1961936056613922,0.19530996680259705,242.71095275878906,257.98419189453125,4.748712539672852,2018
ISMN_SNOTEL_QuartzMountain,0.18503589928150177,0.19281303882598877,247.3709716796875,258.18511962890625,7.0864787101745605,2018
ISMN_SCAN_LovelockNNR,0.13437078893184662,0.13529691100120544,236.6156463623047,260.9476623535156,0.2815532386302948,2018
ISMN_SNOTEL_CorralCanyon,0.11222425848245621,0.12637914717197418,245.81466674804688,262.5987548828125,0.38638341426849365,2018
ISMN_SNOTEL_LewisPeak,0.09052978456020355,0.10406245291233063,249.0996856689453,266.7318420410156,0.24831761419773102,2018
ISMN_SNOTEL_GreenMountain,0.11424023658037186,0.12840484082698822,245.42633056640625,262.3075866699219,0.3736276626586914,2018
ISMN_SNOTEL_Lamoille#3,0.120228111743927,0.1351017951965332,246.133056640625,261.90545654296875,0.554996907711029,2018
ISMN_SNOTEL_PoleCanyon,0.10559339076280594,0.12139343470335007,246.6610870361328,263.8524475097656,0.3785709738731384,2018
ISMN_SNOTEL_DryCreek,0.11661836504936218,0.13519784808158875,245.7019500732422,262.4139404296875,0.5236954092979431,2018
ISMN_SCAN_Buckhorn,0.1235852986574173,0.12725688517093658,245.0315704345703,263.1112060546875,0.2764905095100403,2018
ISMN_SNOTEL_Golconda,0.08486398309469223,0.09618251025676727,249.5843048095703,267.5375061035156,0.2757227122783661,2018
ISMN_SNOTEL_DorseyBasin,0.11661836504936218,0.13519784808158875,245.7019500732422,262.4139404296875,0.5236954092979431,2018
ISMN_SNOTEL_Hole-in-Mountain,0.10903138667345047,0.125155508518219,246.31393432617188,263.4519348144531,0.4411558508872986,2018
ISMN_SNOTEL_TaylorCanyon,0.09648575633764267,0.11235903203487396,248.12210083007812,264.4524841308594,0.31669148802757263,2018
ISMN_SNOTEL_ToeJam,0.09930574893951416,0.11480297893285751,249.0438232421875,264.6531066894531,0.39732345938682556,2018
ISMN_SNOTEL_SummitLk,0.08841723948717117,0.09438510984182358,249.1007080078125,266.8928527832031,0.2145504504442215,2018
ISMN_SNOTEL_JacksPeak,0.10694407671689987,0.12372913211584091,248.14671325683594,262.8564147949219,0.46418091654777527,2018
ISMN_SNOTEL_LamanceCreek,0.08959322422742844,0.10157297551631927,249.76382446289062,266.6571044921875,0.3523809313774109,2018
ISMN_SNOTEL_JackCreekUpper,0.10694407671689987,0.12372913211584091,248.14671325683594,262.8564147949219,0.46418091654777527,2018
ISMN_SNOTEL_FryCanyon,0.1062227189540863,0.12515270709991455,248.5193634033203,262.9222412109375,0.43558040261268616,2018
ISMN_SNOTEL_DrawCreek,0.10219205170869827,0.1194700226187706,249.61183166503906,263.54571533203125,0.44201451539993286,2018
ISMN_SNOTEL_SeventysixCreek,0.10451781004667282,0.11940918862819672,249.9246826171875,262.8597412109375,0.5242056846618652,2018
ISMN_SNOTEL_BuckskinLower,0.095819853246212,0.10855020582675934,249.72523498535156,265.760498046875,0.32907649874687195,2018
ISMN_SNOTEL_LaurelDraw,0.1155700758099556,0.1341300755739212,247.97694396972656,262.1221923828125,0.5445504784584045,2018
ISMN_SNOTEL_FawnCreek,0.11799132078886032,0.135182723402977,247.50784301757812,262.15985107421875,0.5447775721549988,2018
ISMN_SNOTEL_BearCreek,0.10451781004667282,0.11940918862819672,249.9246826171875,262.8597412109375,0.5242056846618652,2018
ISMN_SNOTEL_ONeilCreek,0.10097429901361465,0.1184571161866188,248.0537567138672,263.84820556640625,0.30568915605545044,2018
ISMN_SNOTEL_PoleCreekR.S.,0.10375543683767319,0.12091578543186188,249.2540740966797,263.16656494140625,0.46220117807388306,2018
ISMN_SNOTEL_Sheldon,0.0926472470164299,0.1024051159620285,246.9427490234375,265.01202392578125,0.24095043540000916,2018
ISMN_SNOTEL_DisasterPeak,0.08966147899627686,0.0990600734949112,249.12689208984375,266.2921447753906,0.30223122239112854,2018
ISMN_SNOTEL_WilsonCreek,0.1083836704492569,0.12694916129112244,245.91236877441406,262.7469482421875,0.4041239023208618,2018
ISMN_SNOTEL_MudFlat,0.12409830838441849,0.1306864619255066,246.6859893798828,262.31494140625,0.7239737510681152,2018
ISMN_SNOTEL_SouthMtn.,0.12059857696294785,0.12012036144733429,247.40452575683594,261.7177734375,1.5487898588180542,2018
ISMN_SNOTEL_ReynoldsCreek,0.1188993901014328,0.12100041657686234,244.8896026611328,263.1766357421875,0.4058641791343689,2018
ISMN_SCAN_OrchardRangeSite,0.10440085083246231,0.11051063239574432,245.23728942871094,265.4525451660156,0.37596243619918823,2018
ISMN_SNOTEL_AtlantaSummit,0.16470949351787567,0.19384627044200897,257.32421875,261.90826416015625,4.520341396331787,2018
ISMN_SNOTEL_RockSprings,0.15421704947948456,0.16924132406711578,249.8505401611328,260.31842041015625,6.911869525909424,2018
ISMN_SNOTEL_BannerSummit,0.2290809005498886,0.2762436866760254,253.28787231445312,259.1177062988281,7.443049430847168,2018
ISMN_USCRN_John-Day-35-WNW,0.16300314664840698,0.16469500958919525,246.31883239746094,259.4590148925781,2.8091888427734375,2018
ISMN_SNOTEL_LongValley,0.22117552161216736,0.25654542446136475,251.16720581054688,258.7312316894531,8.900433540344238,2018
ISMN_SNOTEL_Bourne,0.1894715577363968,0.21030756831169128,248.8541259765625,258.707763671875,8.65229606628418,2018
ISMN_SNOTEL_HobbleCreek,0.13977015018463135,0.15089550614356995,253.64048767089844,262.5,2.156982898712158,2018
ISMN_SNOTEL_CascadeMountain,0.12312938272953033,0.1295263022184372,253.26614379882812,264.75836181640625,1.9228311777114868,2018
ISMN_SNOTEL_Daniels-Strawberry,0.1372254341840744,0.15086108446121216,254.13645935058594,262.47589111328125,2.024306297302246,2018
ISMN_SNOTEL_CurrantCreek,0.13846853375434875,0.15617594122886658,253.8186492919922,262.1133728027344,1.9926899671554565,2018
ISMN_SCAN_MountainHome,0.11512349545955658,0.12404201924800873,249.9062042236328,263.8086242675781,0.6682170629501343,2018
ISMN_SNOTEL_TimpanogosDivide,0.1137194037437439,0.11859888583421707,254.08074951171875,264.83740234375,2.0443358421325684,2018
ISMN_SNOTEL_RockyBasin-Settleme,0.12666454911231995,0.13243596255779266,245.55078125,262.43408203125,0.7519057989120483,2018
ISMN_SNOTEL_BevansCabin,0.12666454911231995,0.13243596255779266,245.55078125,262.43408203125,0.7519057989120483,2018
ISMN_SNOTEL_WolfCreekPeak,0.14360077679157257,0.15969596803188324,253.13719177246094,261.307373046875,2.4632973670959473,2018
ISMN_SNOTEL_MiningFork,0.13150164484977722,0.13701359927654266,243.7246551513672,261.5311584472656,0.5413246750831604,2018
ISMN_SNOTEL_DryFork,0.14329858124256134,0.13851690292358398,241.99647521972656,260.10894775390625,0.9277326464653015,2018
ISMN_SNOTEL_Snowbird,0.1115165650844574,0.10732735693454742,253.6410675048828,265.4413146972656,2.810023784637451,2018
ISMN_SNOTEL_BrownDuck,0.14967729151248932,0.16198843717575073,251.70034790039062,260.44073486328125,3.5539743900299072,2018
ISMN_SCAN_Grantsville,0.2554273307323456,0.25818559527397156,225.727783203125,245.0296173095703,0.47913476824760437,2018
ISMN_SNOTEL_Lakefork#1,0.14527148008346558,0.16099795699119568,250.5154266357422,259.532958984375,3.1607279777526855,2018
ISMN_SNOTEL_Brighton,0.12106718868017197,0.12724649906158447,253.5832977294922,264.01177978515625,2.4613568782806396,2018
ISMN_SNOTEL_BeaverDivide,0.15460658073425293,0.1688796430826187,251.36483764648438,260.02777099609375,4.0314621925354,2018
ISMN_SNOTEL_ThaynesCanyon,0.12956751883029938,0.14143866300582886,252.88192749023438,262.8390808105469,1.9279305934906006,2018
ISMN_SNOTEL_Mill-DNorth,0.12106718868017197,0.12724649906158447,253.5832977294922,264.01177978515625,2.4613568782806396,2018
ISMN_SNOTEL_ReddenMineLwr,0.15046356618404388,0.16340869665145874,251.1006317138672,260.3381652832031,3.17879319190979,2018
ISMN_SNOTEL_TrialLake,0.15784338116645813,0.17498987913131714,251.88717651367188,259.54443359375,4.780843257904053,2018
ISMN_SNOTEL_ParleysUpper,0.12106718868017197,0.12724649906158447,253.5832977294922,264.01177978515625,2.4613568782806396,2018
ISMN_SNOTEL_FivePointsLake,0.14527148008346558,0.16099795699119568,250.5154266357422,259.532958984375,3.1607279777526855,2018
ISMN_SNOTEL_LakeforkBasin,0.1553223878145218,0.17138546705245972,251.2923126220703,259.0065002441406,3.649322509765625,2018
ISMN_SNOTEL_ParleysSummit,0.12530682981014252,0.1332252323627472,252.92959594726562,263.462890625,2.3824350833892822,2018
ISMN_SNOTEL_Chepeta,0.15453170239925385,0.16596989333629608,250.64169311523438,260.474853515625,5.583779811859131,2018
ISMN_SNOTEL_SmithMorehouse,0.15144236385822296,0.16396254301071167,250.70547485351562,259.8558654785156,3.5666496753692627,2018
ISMN_SNOTEL_HaydenFork,0.15959373116493225,0.17595696449279785,251.0138702392578,259.1170654296875,4.833660125732422,2018
ISMN_SNOTEL_LouisMeadow,0.14533394575119019,0.14095330238342285,247.19871520996094,261.78717041015625,2.3772356510162354,2018
ISMN_SNOTEL_LookoutPeak,0.1391330361366272,0.14117459952831268,250.64395141601562,262.6652526855469,2.519773483276367,2018
ISMN_SNOTEL_SpiritLk,0.14486141502857208,0.15307052433490753,249.68153381347656,260.0851135253906,4.511014938354492,2018
ISMN_SNOTEL_BuckPasture,0.16392327845096588,0.18090121448040009,249.50762939453125,258.05633544921875,4.720848560333252,2018
ISMN_SNOTEL_LilyLake,0.1560794711112976,0.17285025119781494,249.74884033203125,258.7568359375,4.324015140533447,2018
ISMN_SNOTEL_Hardscrabble,0.1391330361366272,0.14117459952831268,250.64395141601562,262.6652526855469,2.519773483276367,2018
ISMN_SNOTEL_EFBlacksForkGS,0.16429972648620605,0.18119357526302338,249.09295654296875,257.7673034667969,4.954578399658203,2018
ISMN_SNOTEL_BearRiverRS,0.1560794711112976,0.17285025119781494,249.74884033203125,258.7568359375,4.324015140533447,2018
ISMN_SNOTEL_ChalkCreek#2,0.14970862865447998,0.16356956958770752,249.95167541503906,259.54095458984375,3.720918893814087,2018
ISMN_SNOTEL_SteelCreekPark,0.16287781298160553,0.17570890486240387,248.70033264160156,257.9139404296875,4.727680206298828,2018
ISMN_SNOTEL_Hewinta,0.16033637523651123,0.1734326332807541,247.7164764404297,258.3172607421875,5.117342472076416,2018
ISMN_SCAN_Morgan,0.1398419886827469,0.14555194973945618,250.01052856445312,261.8028869628906,1.6649460792541504,2018
ISMN_SNOTEL_LostCreekResv,0.13401906192302704,0.15121206641197205,251.17373657226562,261.8404846191406,0.8613191246986389,2018
ISMN_SNOTEL_HorseRidge,0.13810665905475616,0.15408757328987122,251.9363555908203,261.7664489746094,1.1007699966430664,2018
ISMN_SCAN_BuffaloJump,0.12503571808338165,0.14357048273086548,247.41229248046875,261.3512268066406,0.4815441370010376,2018
ISMN_SNOTEL_LightningRidge,0.13810665905475616,0.15408757328987122,251.9363555908203,261.7664489746094,1.1007699966430664,2018
ISMN_SNOTEL_DryBreadPond,0.13707387447357178,0.15374678373336792,251.5873260498047,261.5262145996094,0.9381642937660217,2018
ISMN_SNOTEL_MonteCristo,0.13707387447357178,0.15374678373336792,251.5873260498047,261.5262145996094,0.9381642937660217,2018
ISMN_SNOTEL_BugLake,0.1406354159116745,0.154405876994133,250.3856201171875,260.5786437988281,1.9060633182525635,2018
ISMN_SCAN_ParkValley,0.1322837769985199,0.14995796978473663,236.62896728515625,258.3951110839844,0.277411550283432,2018
ISMN_SCAN_GrouseCreek,0.10273955762386322,0.11835890263319016,247.8706817626953,264.2574768066406,0.4094191789627075,2018
ISMN_SNOTEL_TempleFork,0.14081798493862152,0.15320974588394165,249.91085815429688,260.3221740722656,1.9155155420303345,2018
ISMN_SCAN_CacheJunction,0.17037464678287506,0.1733594387769699,238.1984405517578,256.65057373046875,0.9176673889160156,2018
ISMN_SNOTEL_UsuDocDaniel,0.14081798493862152,0.15320974588394165,249.91085815429688,260.3221740722656,1.9155155420303345,2018
ISMN_SNOTEL_TonyGroveRS,0.13990694284439087,0.1505354642868042,249.42503356933594,260.11370849609375,1.9048844575881958,2018
ISMN_SNOTEL_TonyGroveLake,0.15330234169960022,0.16169998049736023,248.61199951171875,259.34625244140625,2.098346471786499,2018
ISMN_SNOTEL_GeorgeCreek,0.10796110332012177,0.12127198278903961,243.37452697753906,262.0964050292969,0.3883856236934662,2018
ISMN_SNOTEL_GardenCitySummit,0.13990694284439087,0.1505354642868042,249.42503356933594,260.11370849609375,1.9048844575881958,2018
ISMN_SCAN_BlueCreek,0.14115768671035767,0.14755144715309143,239.1294708251953,258.74871826171875,0.39354997873306274,2018
ISMN_SNOTEL_KlondikeNarrows,0.1545458287000656,0.16067761182785034,247.73094177246094,259.05322265625,2.285076379776001,2018
ISMN_SNOTEL_MagicMountain,0.11599163711071014,0.13325004279613495,246.0157470703125,262.017333984375,0.5957161784172058,2018
ISMN_SNOTEL_KelleyR.S.,0.1428387314081192,0.15260715782642365,247.74368286132812,259.4379577636719,1.6525424718856812,2018
ISMN_SNOTEL_Giveout,0.15012472867965698,0.1604425013065338,247.5202178955078,258.9664001464844,1.4199466705322266,2018
ISMN_SNOTEL_SaltRiverSummit,0.15253564715385437,0.16566070914268494,250.08509826660156,259.15740966796875,2.0451059341430664,2018
ISMN_SNOTEL_WildhorseDivide,0.11519500613212585,0.12295156717300415,246.8687286376953,263.2295227050781,0.7823925018310547,2018
ISMN_SNOTEL_TriplePeak,0.17150531709194183,0.19430622458457947,249.04017639160156,257.9979248046875,5.800778865814209,2018
ISMN_SNOTEL_SomsenRanch,0.15974079072475433,0.16890986263751984,246.23715209960938,257.89361572265625,1.888256549835205,2018
ISMN_SNOTEL_EastRimDivide,0.1634397655725479,0.18212193250656128,246.51905822753906,257.13916015625,4.076577186584473,2018
ISMN_SNOTEL_GraniteCreek,0.18043389916419983,0.20074933767318726,249.31539916992188,257.06781005859375,5.426710605621338,2018
ISMN_SNOTEL_CouchSummit,0.12730731070041656,0.1475355178117752,253.4629364013672,261.7867126464844,2.4535603523254395,2018
ISMN_SNOTEL_SwedePeak,0.1254335194826126,0.13996724784374237,252.04989624023438,261.11407470703125,1.147353172302246,2018
ISMN_SNOTEL_BearCanyon,0.12786470353603363,0.1448734551668167,251.69529724121094,260.6700744628906,1.3238825798034668,2018
ISMN_SNOTEL_ChocolateGulch,0.13682682812213898,0.16651776432991028,255.70436096191406,261.6854553222656,3.443660259246826,2018
ISMN_SNOTEL_GrandTarghee,0.17082837224006653,0.1866663247346878,248.01870727539062,256.8276672363281,4.35476016998291,2018
ISMN_SNOTEL_GalenaSummit,0.1627819538116455,0.19964535534381866,255.21958923339844,260.5968933105469,4.0169291496276855,2018
ISMN_SNOTEL_SnakeRiverStation,0.1903708577156067,0.2170369029045105,250.89276123046875,258.1472473144531,5.878452301025391,2018
ISMN_SNOTEL_LewisLakeDivide,0.1903708577156067,0.2170369029045105,250.89276123046875,258.1472473144531,5.878452301025391,2018
ISMN_SNOTEL_ThumbDivide,0.22147972881793976,0.24043072760105133,255.071533203125,261.5882873535156,7.291262626647949,2018
ISMN_SNOTEL_IslandPark,0.19274553656578064,0.2112894505262375,249.24781799316406,258.5719299316406,8.054269790649414,2018
ISMN_SNOTEL_CrabCreek,0.13884441554546356,0.15135937929153442,244.73580932617188,259.125244140625,3.520810604095459,2018
ISMN_SNOTEL_HighLonesome,0.1544342041015625,0.18206460773944855,252.73109436035156,259.6455078125,5.453737735748291,2018
ISMN_SNOTEL_Sawtooth,0.15067711472511292,0.1789100021123886,252.81655883789062,260.541748046875,7.328619480133057,2018
ISMN_SNOTEL_WildBasin,0.1644296646118164,0.200858011841774,253.0181427001953,260.0091857910156,7.349722862243652,2018
ISMN_SNOTEL_StillwaterCreek,0.16337880492210388,0.19363808631896973,252.76815795898438,260.0343322753906,6.878660202026367,2018
ISMN_SNOTEL_ArapahoRidge,0.1451624482870102,0.16401250660419464,249.2119140625,259.6924133300781,4.446256160736084,2018
ISMN_SCAN_SplitMountain,0.0953238233923912,0.09802287071943283,251.43421936035156,267.3056640625,0.22761765122413635,2018
ISMN_SNOTEL_PhantomValley,0.19427229464054108,0.23642803728580475,252.649658203125,259.6123046875,9.007213592529297,2018
ISMN_SNOTEL_LongDrawResv,0.16704519093036652,0.2049596905708313,252.59384155273438,259.521484375,8.005064964294434,2018
ISMN_SNOTEL_DryLake,0.17011994123458862,0.18913450837135315,247.98681640625,257.9662170410156,5.764287948608398,2018
ISMN_SNOTEL_MosbyMtn.,0.13112516701221466,0.13899607956409454,251.25062561035156,262.1058654785156,4.672581672668457,2018
ISMN_SNOTEL_KingsCabin,0.11207879334688187,0.11811929941177368,251.51284790039062,264.2086181640625,1.8765901327133179,2018
ISMN_SNOTEL_TroutCreek,0.12461453676223755,0.13334336876869202,251.74432373046875,263.27288818359375,4.503359317779541,2018
ISMN_SNOTEL_Zirkel,0.1472480744123459,0.1603599637746811,246.14300537109375,257.8877258300781,2.9667599201202393,2018
ISMN_SNOTEL_LostDog,0.17066305875778198,0.1903982311487198,248.394775390625,257.779296875,5.974466800689697,2018
ISMN_SNOTEL_HickersonPark,0.14486141502857208,0.15307052433490753,249.68153381347656,260.0851135253906,4.511014938354492,2018
ISMN_SNOTEL_BlackhallMtn,0.15121415257453918,0.169173926115036,248.72764587402344,259.13714599609375,5.991815567016602,2018
ISMN_SNOTEL_LittleSnakeRiver,0.1765805333852768,0.2006813883781433,250.35264587402344,259.5207214355469,8.398015975952148,2018
ISMN_SNOTEL_CinnabarPark,0.14683480560779572,0.16650281846523285,247.89151000976562,259.7510986328125,7.5844597816467285,2018
ISMN_SNOTEL_SouthBrushCreek,0.14854107797145844,0.1691242754459381,247.39739990234375,259.09857177734375,6.040423393249512,2018
ISMN_SNOTEL_BrooklynLake,0.14282162487506866,0.16093604266643524,246.75331115722656,259.2013854980469,6.763031482696533,2018
ISMN_SNOTEL_MedBow,0.16622892022132874,0.1894720196723938,247.77845764160156,258.766357421875,8.220117568969727,2018
ISMN_SNOTEL_SageCreekBasin,0.10616615414619446,0.11351010948419571,247.58682250976562,262.48309326171875,1.8238519430160522,2018
ISMN_SNOTEL_WindyPeak,0.12609875202178955,0.14074282348155975,242.97805786132812,259.04791259765625,1.3213310241699219,2018
ISMN_SNOTEL_BigSandyOpening,0.14128105342388153,0.15884308516979218,246.99977111816406,257.99664306640625,3.2394471168518066,2018
ISMN_SNOTEL_PocketCreek,0.15996667742729187,0.18044675886631012,245.9202880859375,256.6276550292969,3.519401788711548,2018
ISMN_SCAN_CPER,0.10261975973844528,0.11003339290618896,241.38058471679688,263.7982177734375,0.4309670925140381,2018
ISMN_SCAN_Nunn#1,0.1011662483215332,0.11015239357948303,240.89170837402344,263.6051940917969,0.31773489713668823,2018
ISMN_SCAN_Torrington#1,0.1197780966758728,0.13439887762069702,237.90908813476562,260.73651123046875,0.5237401127815247,2018
ISMN_SCAN_RogersFarm#1,0.23464897274971008,0.23741623759269714,231.9259796142578,253.36109924316406,1.708261251449585,2018
ISMN_SCAN_ShagbarkHills,0.20501625537872314,0.2189529836177826,236.93084716796875,256.1571960449219,1.6409878730773926,2018
ISMN_SCAN_Spickard,0.23803289234638214,0.24869713187217712,233.13450622558594,252.83204650878906,2.5888864994049072,2018
ISMN_SCAN_Ames,0.21875067055225372,0.22206637263298035,229.94894409179688,252.61131286621094,1.698296070098877,2018
ISMN_SCAN_UWPlatteville,0.25107789039611816,0.2636775076389313,232.2862548828125,251.2224578857422,2.3701231479644775,2018
ISMN_SCAN_MahantangoCk,0.27057263255119324,0.2968296706676483,244.1319122314453,255.827392578125,7.632663726806641,2018
ISMN_SCAN_RockSpringsPa,0.2862289547920227,0.30555567145347595,247.0549774169922,256.7290954589844,8.689555168151855,2018
ISMN_SCAN_Geneva#1,0.21266312897205353,0.21292318403720856,234.72633361816406,251.16732788085938,3.1055846214294434,2018
ISMN_SCAN_LyeBrook,0.35089975595474243,0.3787150979042053,252.35458374023438,257.939697265625,11.84221076965332,2018
ISMN_SCAN_HubbardBrook,0.3647215962409973,0.3935447931289673,254.53726196289062,259.0868225097656,12.108467102050781,2018
ISMN_REMEDHUS_Canizal,0.14135560393333435,0.13943888247013092,236.7059783935547,261.52886962890625,1.0060975551605225,2018
ISMN_REMEDHUS_LasEritas,0.14135560393333435,0.13943888247013092,236.7059783935547,261.52886962890625,1.0060975551605225,2018
ISMN_REMEDHUS_Carretoro,0.14135560393333435,0.13943888247013092,236.7059783935547,261.52886962890625,1.0060975551605225,2018
ISMN_REMEDHUS_LasTresRayas,0.15298397839069366,0.1531773805618286,235.9987030029297,260.49346923828125,1.219619631767273,2018
ISMN_REMEDHUS_LaCruzdeElias,0.13985846936702728,0.13755552470684052,236.73399353027344,261.6083984375,0.9785052537918091,2018
ISMN_REMEDHUS_Guarrati,0.1431746482849121,0.14274181425571442,236.7090301513672,261.5262451171875,1.0433937311172485,2018
ISMN_REMEDHUS_Granja-g,0.14135560393333435,0.13943888247013092,236.7059783935547,261.52886962890625,1.0060975551605225,2018
ISMN_REMEDHUS_ElTomillar,0.1418786346912384,0.14087970554828644,238.0838623046875,261.86181640625,0.9611383676528931,2018
ISMN_REMEDHUS_LlanosdelaBoveda,0.1379518210887909,0.13426944613456726,238.11387634277344,262.1326904296875,0.9543824791908264,2018
ISMN_REMEDHUS_LasArenas,0.1469266712665558,0.14761412143707275,237.72979736328125,261.447021484375,1.04799485206604,2018
ISMN_REMEDHUS_ElCoto,0.1418786346912384,0.14087970554828644,238.0838623046875,261.86181640625,0.9611383676528931,2018
ISMN_REMEDHUS_CasaPeriles,0.1379518210887909,0.13426944613456726,238.11387634277344,262.1326904296875,0.9543824791908264,2018
ISMN_REMEDHUS_LasVictorias,0.1386246383190155,0.13537469506263733,238.90438842773438,262.3558044433594,1.0038771629333496,2018
ISMN_REMEDHUS_LasBrozas,0.1386246383190155,0.13537469506263733,238.90438842773438,262.3558044433594,1.0038771629333496,2018
ISMN_REMEDHUS_Paredinas,0.1386246383190155,0.13537469506263733,238.90438842773438,262.3558044433594,1.0038771629333496,2018
ISMN_SMOSMANIA_Urgons,0.2352951169013977,0.2388565093278885,243.33982849121094,257.79962158203125,2.6995720863342285,2018
ISMN_SMOSMANIA_CreondArmagnac,0.22846214473247528,0.23358255624771118,249.72166442871094,261.20556640625,6.731701850891113,2018
ISMN_SMOSMANIA_Sabres,0.21691446006298065,0.2187758982181549,251.39926147460938,262.1601867675781,4.2366509437561035,2018
ISMN_FR_Aqui_fraye,0.2518094778060913,0.24550537765026093,251.09014892578125,261.38018798828125,7.215919494628906,2018
ISMN_FR_Aqui_hillan2,0.24617500603199005,0.24023328721523285,251.56617736816406,261.83941650390625,7.022031307220459,2018
ISMN_FR_Aqui_parcmeteo,0.2478301227092743,0.24173462390899658,246.12132263183594,258.68603515625,4.870613098144531,2018
ISMN_XMS-CAT_RiberadeSio,0.19101008772850037,0.19105303287506104,240.40408325195312,261.0019836425781,1.898230791091919,2018
ISMN_XMS-CAT_ElMiracle,0.21129406988620758,0.22112925350666046,245.0063934326172,260.9961853027344,2.3440074920654297,2018
ISMN_XMS-CAT_Clarella,0.22460754215717316,0.2518266439437866,254.1329803466797,263.33050537109375,8.410550117492676,2018
ISMN_XMS-CAT_LosCoscolls,0.2238422930240631,0.23928682506084442,250.01287841796875,260.8585510253906,3.433072805404663,2018
ISMN_XMS-CAT_CamidelsNerets,0.21705181896686554,0.22974976897239685,249.8093719482422,261.01165771484375,2.9139885902404785,2018
ISMN_XMS-CAT_ClotdelesPeresII,0.22330039739608765,0.2312696874141693,248.70343017578125,260.118896484375,3.067610025405884,2018
ISMN_XMS-CAT_ColldePaller,0.24971899390220642,0.2718646228313446,250.38145446777344,260.2534484863281,5.722275257110596,2018
ISMN_XMS-CAT_SerradeCostaAmpla,0.23527370393276215,0.2499256283044815,250.337890625,260.0506286621094,4.001640319824219,2018
ISMN_XMS-CAT_Pessonada,0.23748041689395905,0.2549148201942444,250.90213012695312,260.1523132324219,4.39922571182251,2018
ISMN_XMS-CAT_ElBoixer,0.24768798053264618,0.2722230851650238,250.69334411621094,258.0318603515625,4.787739276885986,2018
ISMN_XMS-CAT_BordaColl,0.2808625102043152,0.3181214928627014,253.4932403564453,259.3720703125,8.756232261657715,2018
ISMN_XMS-CAT_BatlliudeSort,0.2589646279811859,0.2914268970489502,252.07757568359375,259.0263366699219,6.609572887420654,2018
ISMN_XMS-CAT_Llivia,0.2192561775445938,0.2507571578025818,251.01023864746094,258.05810546875,5.251106262207031,2018
ISMN_XMS-CAT_LaCultiadAreu,0.25600889325141907,0.29449906945228577,253.3506317138672,258.5605773925781,7.441226005554199,2018
ISMN_SMOSMANIA_Mouthoumet,0.28073427081108093,0.28804677724838257,252.5534210205078,262.40582275390625,8.863545417785645,2018
ISMN_SMOSMANIA_Narbonne,0.21687956154346466,0.21410629153251648,244.91842651367188,260.6718444824219,2.1513473987579346,2018
ISMN_SMOSMANIA_LezignanCorbieres,0.22379529476165771,0.22517240047454834,248.4451446533203,261.1225891113281,4.599567413330078,2018
ISMN_SMOSMANIA_Montaut,0.23904144763946533,0.2312615066766739,236.31167602539062,255.44178771972656,1.9358357191085815,2018
ISMN_SMOSMANIA_Prades-le-Lez,0.2079768031835556,0.22092118859291077,244.70394897460938,261.2458801269531,2.635425567626953,2018
ISMN_SMOSMANIA_Pezenas,0.2079768031835556,0.22092118859291077,244.70394897460938,261.2458801269531,2.635425567626953,2018
ISMN_SMOSMANIA_Lahas,0.2324264645576477,0.22929859161376953,236.1066131591797,256.3081359863281,1.8488800525665283,2018
ISMN_SMOSMANIA_PeyrusseGrande,0.24609169363975525,0.2451341152191162,238.93443298339844,256.6825866699219,2.2082509994506836,2018
ISMN_SMOSMANIA_Villevielle,0.25456494092941284,0.26418063044548035,238.7329864501953,256.5473937988281,3.297376871109009,2018
ISMN_SMOSMANIA_Savenes,0.22901517152786255,0.22177201509475708,237.56214904785156,256.70135498046875,1.942566156387329,2018
ISMN_SMOSMANIA_Condom,0.23986051976680756,0.2339516282081604,239.94216918945312,257.65936279296875,2.618403911590576,2018
ISMN_SMOSMANIA_Mejannes-le-Clap,0.2534976601600647,0.25933724641799927,248.46302795410156,261.0093688964844,5.854454517364502,2018
ISMN_SMOSMANIA_LaGrandCombe,0.27163609862327576,0.289315402507782,251.49249267578125,260.6419372558594,8.097110748291016,2018
ISMN_SMOSMANIA_Berzeme,0.26026567816734314,0.2716509997844696,248.85682678222656,259.9950256347656,6.382237911224365,2018
ISMN_SMOSMANIA_Barnas,0.27592241764068604,0.3012244701385498,251.62184143066406,259.53692626953125,9.846577644348145,2018
ISMN_SMOSMANIA_Mazan-Abbaye,0.2760795056819916,0.30568036437034607,250.3408966064453,258.8323974609375,9.997518539428711,2018
ISMN_SMOSMANIA_CabrieresdAvignon,0.2219444066286087,0.2302049994468689,248.40235900878906,262.0708923339844,4.054374694824219,2018
ISMN_STEMS_CarpenetopermanentGrassCoverTrackposition,0.24255309998989105,0.2493615448474884,247.37615966796875,260.940673828125,6.146267890930176,2018
ISMN_STEMS_CarpenetopermanentGrassCoverNoTrackposition,0.24255309998989105,0.2493615448474884,247.37615966796875,260.940673828125,6.146267890930176,2018
ISMN_RSMN_RosioriideVede,0.21327269077301025,0.20710442960262299,234.7705535888672,256.325439453125,1.8263050317764282,2018
ISMN_RSMN_Bacles,0.21069540083408356,0.2161920815706253,243.26123046875,258.7498474121094,2.560870885848999,2018
ISMN_WATERLINE_Kerasia,0.21916110813617706,0.22432520985603333,249.49603271484375,261.6343688964844,4.70519495010376,2018
ISMN_WATERLINE_Nymfaia,0.21707168221473694,0.22127003967761993,248.6092987060547,261.2413024902344,4.401793479919434,2018
ISMN_RSMN_Calarasi,0.20233850181102753,0.20151229202747345,241.73974609375,259.6468811035156,2.10758900642395,2018
ISMN_ROMPS_Kokomeren,0.16315127909183502,0.18289202451705933,251.3213653564453,258.9652099609375,0.3323526382446289,2018
ISMN_ROMPS_Maydantal,0.1827145367860794,0.21111315488815308,252.68609619140625,257.1612854003906,0.2884271740913391,2018
ISMN_ROMPS_GolubinGlacier,0.1842091977596283,0.2208208590745926,246.26187133789062,254.0113067626953,0.502109706401825,2018
ISMN_SNOTEL_ClackamasLake,0.25935548543930054,0.29500389099121094,253.0941619873047,259.5540771484375,13.510534286499023,2018
ISMN_SNOTEL_Fifteenmile,0.22098234295845032,0.2548622488975525,253.448486328125,259.9022521972656,12.51572322845459,2018
ISMN_SNOTEL_BlazedAlder,0.31486889719963074,0.35115599632263184,254.3142852783203,259.09368896484375,14.202017784118652,2018
ISMN_SNOTEL_BurntMountain,0.3173176646232605,0.3290337026119232,251.78639221191406,257.69158935546875,13.146358489990234,2018
ISMN_SNOTEL_Trough,0.14804883301258087,0.15556804835796356,247.79039001464844,260.52685546875,5.088884353637695,2018
ISMN_USCRN_Quinault-4-NE,0.664943277835846,0.6466290950775146,248.5843048095703,253.3008575439453,14.512423515319824,2018
ISMN_SNOTEL_Buckinghorse,0.3655393719673157,0.4146650433540344,255.39169311523438,258.2677307128906,12.343788146972656,2018
ISMN_SNOTEL_BrownTop,0.3586350679397583,0.4220835566520691,254.9362335205078,257.64141845703125,10.52503490447998,2018
ISMN_SNOTEL_Touchet,0.18245773017406464,0.19285622239112854,252.1661376953125,260.38104248046875,8.98652172088623,2018
ISMN_SNOTEL_SourdoughGulch,0.16804903745651245,0.17614172399044037,249.74468994140625,260.7745361328125,5.2951130867004395,2018
ISMN_SNOTEL_PierceR.S.,0.3462599813938141,0.36964210867881775,251.62098693847656,257.7909240722656,13.387468338012695,2018
ISMN_SNOTEL_CraterMeadows,0.3780548870563507,0.41386833786964417,254.5540313720703,258.33294677734375,13.223480224609375,2018
ISMN_SNOTEL_ShanghiSummit,0.35326117277145386,0.3825697898864746,252.59765625,258.0927734375,13.565526962280273,2018
ISMN_SNOTEL_Sherwin,0.3016124665737152,0.33406057953834534,251.92503356933594,258.302978515625,13.74483871459961,2018
ISMN_SCAN_Lind#1,0.12882249057292938,0.1471165418624878,245.8554229736328,263.1697692871094,0.4190102219581604,2018
ISMN_SNOTEL_MicaCreek,0.2979637384414673,0.3256813585758209,252.30972290039062,258.18023681640625,13.37012004852295,2018
ISMN_USCRN_Spokane-17-SSW,0.1806880086660385,0.17663469910621643,236.09864807128906,255.1392059326172,2.576000452041626,2018
ISMN_SNOTEL_Lookout,0.3355127274990082,0.37239697575569153,255.08631896972656,259.111328125,12.980286598205566,2018
ISMN_SNOTEL_Sunset,0.31440499424934387,0.35109299421310425,255.07972717285156,259.2337646484375,13.072790145874023,2018
ISMN_SNOTEL_RaggedMountain,0.1994941383600235,0.2055184543132782,247.0105438232422,258.6292724609375,9.657373428344727,2018
ISMN_SNOTEL_MosesMtn,0.166102796792984,0.18715178966522217,250.26641845703125,260.8701477050781,9.34034252166748,2018
ISMN_SNOTEL_GoldAxeCamp,0.17007388174533844,0.19961722195148468,252.19171142578125,260.4084777832031,9.910831451416016,2018
ISMN_SCAN_TableMountain,0.16132213175296783,0.17281509935855865,233.43505859375,254.29360961914062,0.41799768805503845,2018
ISMN_SNOTEL_SavagePass,0.34204602241516113,0.39694106578826904,252.22084045410156,256.99462890625,11.988594055175781,2018
ISMN_SCAN_ConradAgRc,0.13981972634792328,0.1432599127292633,238.6158905029297,258.4639587402344,0.41796794533729553,2018
ISMN_SCAN_Violett,0.13142630457878113,0.13574108481407166,241.87107849121094,260.6708068847656,0.24723513424396515,2018
ISMN_SCAN_Moccasin,0.18250080943107605,0.19203869998455048,229.99171447753906,252.6338653564453,0.4914904236793518,2018
ISMN_SCAN_Jordan,0.15444783866405487,0.16376739740371704,235.87510681152344,257.49468994140625,0.34160926938056946,2018
ISMN_SCAN_Mandan#1,0.19784878194332123,0.20385593175888062,231.69903564453125,254.4042205810547,1.2703678607940674,2018
ISMN_SCAN_Sidney,0.16537484526634216,0.17800892889499664,232.5045928955078,255.48379516601562,0.5585869550704956,2018
ISMN_SCAN_CrescentLake#1,0.22647792100906372,0.23098503053188324,236.77615356445312,253.43643188476562,2.3686420917510986,2018
ISMN_SCAN_Wabeno#1,0.31468716263771057,0.3352874219417572,254.64956665039062,259.8709716796875,11.709314346313477,2018
ISMN_USCRN_Chatham-1-SE,0.3776114284992218,0.35347050428390503,242.3004913330078,250.322509765625,11.267791748046875,2018
ISMN_LABFLUX_Bussolenobosco,0.25801852345466614,0.30160772800445557,250.29273986816406,256.5313720703125,5.523421764373779,2018
ISMN_RSMN_Banloc,0.20077157020568848,0.20353750884532928,237.18264770507812,258.4825134277344,2.0023865699768066,2018
ISMN_RSMN_Dumbraveni,0.2372083216905594,0.25636234879493713,242.59457397460938,256.2513427734375,4.586477279663086,2018
ISMN_RSMN_Oradea,0.2400670200586319,0.2435050755739212,234.7536163330078,253.83775329589844,2.9900522232055664,2018
ISMN_RSMN_Tecuci,0.18442890048027039,0.18235111236572266,241.71287536621094,259.9546203613281,1.6642842292785645,2018
ISMN_RSMN_Barlad,0.18311084806919098,0.1802624613046646,243.00595092773438,260.3154602050781,1.91070556640625,2018
ISMN_RSMN_Cotnari,0.20433595776557922,0.21064110100269318,237.48548889160156,256.2906188964844,1.8796582221984863,2018
ISMN_RSMN_Darabani,0.20573009550571442,0.2077540159225464,237.28097534179688,255.59410095214844,2.1795809268951416,2018
ISMN_COSMOS-UK_Fivemiletown,0.3367214798927307,0.34385988116264343,236.97474670410156,248.6524658203125,3.177311897277832,2018
ISMN_COSMOS-UK_PortonDown,0.21960268914699554,0.2323758602142334,236.0804901123047,255.5761260986328,3.020207643508911,2018
ISMN_COSMOS-UK_AliceHolt,0.2067357748746872,0.22203786671161652,243.43544006347656,259.6711730957031,6.816693305969238,2018
ISMN_COSMOS-UK_Heytesbury,0.24195408821105957,0.24259266257286072,234.06666564941406,253.22181701660156,2.775023937225342,2018
ISMN_COSMOS-UK_Sheepdrove,0.23068493604660034,0.23646341264247894,231.9405975341797,253.41188049316406,2.5722923278808594,2018
ISMN_COSMOS-UK_Waddesdon,0.2073621153831482,0.2055365890264511,232.50291442871094,256.2014465332031,3.0444698333740234,2018
ISMN_COSMOS-UK_Cardington,0.20713241398334503,0.20210592448711395,232.11434936523438,255.58689880371094,2.402765989303589,2018
ISMN_COSMOS-UK_MoretonMorrell,0.24070481956005096,0.23610888421535492,230.50698852539062,252.15538024902344,2.643726348876953,2018
ISMN_COSMOS-UK_Stoughton,0.22778357565402985,0.22349245846271515,231.34156799316406,253.3602294921875,2.889097213745117,2018
ISMN_COSMOS-UK_BunnyPark,0.213775634765625,0.20861868560314178,232.4313201904297,254.5249481201172,3.0283730030059814,2018
ISMN_COSMOS-UK_SpenFarm,0.22155140340328217,0.2135740965604782,230.0640869140625,251.66531372070312,2.660979747772217,2018
ISMN_COSMOS-UK_HollinHill,0.24652467668056488,0.24615037441253662,227.92649841308594,249.13897705078125,3.0198869705200195,2018
ISMN_COSMOS-UK_LullingtonHeath,0.21684838831424713,0.22231827676296234,240.52163696289062,256.5751647949219,2.390305995941162,2018
ISMN_COSMOS-UK_Redhill,0.16775916516780853,0.15819323062896729,241.66761779785156,261.39447021484375,3.2940902709960938,2018
ISMN_COSMOS-UK_Writtle,0.17853336036205292,0.1724684238433838,237.18960571289062,259.986572265625,2.645773410797119,2018
ISMN_COSMOS-UK_Elmsett,0.20640359818935394,0.2069750279188156,233.66847229003906,255.1898193359375,2.3268203735351562,2018
ISMN_COSMOS-UK_Euston,0.2048063576221466,0.20472508668899536,236.06809997558594,256.027587890625,3.4905998706817627,2018
ISMN_COSMOS-UK_Redmere,0.2197100669145584,0.2263333648443222,232.24948120117188,253.5833740234375,2.5668110847473145,2018
ISMN_COSMOS-UK_Morley,0.2049579620361328,0.20682001113891602,235.7569580078125,255.70822143554688,2.5259454250335693,2018
ISMN_COSMOS-UK_Fincham,0.21877723932266235,0.2222621887922287,233.01197814941406,253.90675354003906,3.217679262161255,2018
ISMN_TERENO_Schoeneseiffen,0.2711830139160156,0.2768265902996063,244.97305297851562,257.52056884765625,9.717302322387695,2018
ISMN_TERENO_Merzenhausen,0.19807079434394836,0.19481243193149567,238.65512084960938,257.16290283203125,4.193990707397461,2018
ISMN_TWENTE_Hupsel,0.19343127310276031,0.2026948481798172,238.19972229003906,254.4742889404297,3.6320297718048096,2018
ISMN_TWENTE_ITCSM-08b,0.19111274182796478,0.20361684262752533,238.4554901123047,254.8569793701172,3.839123010635376,2018
ISMN_TWENTE_ITCSM-09,0.18601183593273163,0.19454330205917358,238.5976104736328,255.22024536132812,3.798276901245117,2018
ISMN_TWENTE_ITCSM-13,0.21160489320755005,0.22590135037899017,237.7859649658203,253.7506561279297,4.281369686126709,2018
ISMN_TWENTE_ITCSM-15b,0.2272660732269287,0.2419627159833908,236.42916870117188,252.6268310546875,4.571073532104492,2018
ISMN_TWENTE_ITCSM-16b,0.22888213396072388,0.24838334321975708,236.9147491455078,252.88217163085938,4.6387434005737305,2018
ISMN_TWENTE_ITCSM-17c,0.23344819247722626,0.25333118438720703,235.95965576171875,252.23614501953125,4.596208095550537,2018
ISMN_MOL-RAO_Falkenberg,0.19897527992725372,0.2177492082118988,247.3523406982422,259.7687683105469,7.932100772857666,2018
ISMN_Berlin_PSA17suedpark,0.1798514872789383,0.174335315823555,245.11138916015625,259.3963317871094,4.9710564613342285,2018
ISMN_Berlin_PSA7Ruebezahl,0.18829329311847687,0.18596263229846954,245.38438415527344,259.3725280761719,6.080996990203857,2018
ISMN_Berlin_PSA18Pfaueninsel,0.19653967022895813,0.1961527019739151,244.11569213867188,258.98150634765625,7.20278263092041,2018
ISMN_Berlin_PSA1BerlinerStr,,,244.6407012939453,259.3276672363281,5.469384670257568,2018
ISMN_Berlin_PSA6Plaenterwald,,,244.96200561523438,259.4335632324219,4.410117149353027,2018
ISMN_Berlin_PSA4Heerstrasse,0.18994443118572235,0.18747472763061523,244.38504028320312,259.20745849609375,6.406580924987793,2018
ISMN_Berlin_PflABerlin12Schi,,,244.96200561523438,259.4335632324219,4.410117149353027,2018
ISMN_Berlin_PSA2Tiergarten,,,244.82955932617188,259.4160461425781,4.554872989654541,2018
ISMN_Berlin_PflABerlin13Marz,0.1798514872789383,0.174335315823555,245.11138916015625,259.3963317871094,4.9710564613342285,2018
ISMN_Berlin_PflABerlin11Humb,,,244.82955932617188,259.4160461425781,4.554872989654541,2018
ISMN_Berlin_PSA16krugwiesen,0.18230760097503662,0.17822910845279694,245.4459228515625,259.4938049316406,5.781118392944336,2018
ISMN_Berlin_PSA15bucherchaus,0.1864282339811325,0.180584117770195,245.26348876953125,259.40032958984375,5.898227214813232,2018
ISMN_Berlin_PSA14wiltinger,0.18747830390930176,0.18970946967601776,245.00213623046875,258.75042724609375,6.196470260620117,2018
ISMN_SNOTEL_McneilRiverSGS,0.25791123509407043,0.2774425446987152,238.64419555664062,249.5189666748047,1.8367648124694824,2018
ISMN_SNOTEL_PortGraham,,,77.48223114013672,116.23135375976562,8.689955711364746,2018
ISMN_SNOTEL_NukaGlacier,0.2057076096534729,0.23396353423595428,248.47242736816406,256.6882019042969,3.2228798866271973,2018
ISMN_SNOTEL_AnchorRiverDivide,0.14795319736003876,0.1829509139060974,252.65965270996094,259.1632995605469,2.554572105407715,2018
ISMN_SNOTEL_MooreCreekBridge,0.23475348949432373,0.26672375202178955,248.3819122314453,254.27659606933594,1.9235035181045532,2018
ISMN_COSMOS-UK_HartwoodHome,0.25613319873809814,0.25321969389915466,235.59666442871094,250.5175323486328,2.848078966140747,2018
ISMN_COSMOS-UK_Cochno,0.25582337379455566,0.2542678713798523,237.5013885498047,251.42868041992188,3.2863216400146484,2018
ISMN_COSMOS-UK_Balruddery,0.2263638973236084,0.23289012908935547,230.65098571777344,250.31178283691406,2.8194568157196045,2018
ISMN_HOBE_2.01,0.21012769639492035,0.21567071974277496,236.45294189453125,253.96710205078125,3.7292847633361816,2018
ISMN_HOBE_2.11,0.2140570878982544,0.2188953459262848,236.29600524902344,253.78419494628906,3.7619550228118896,2018
ISMN_HOBE_1.07,0.21483074128627777,0.22108912467956543,236.87940979003906,253.9922637939453,4.440042972564697,2018
ISMN_SNOTEL_Aniak,0.28290820121765137,0.29870060086250305,244.0384979248047,253.3284912109375,1.8516671657562256,2018
ISMN_SNOTEL_McGrath,0.2289499193429947,0.2440243661403656,249.5935516357422,257.2877502441406,2.5440797805786133,2018
ISMN_SNOTEL_GalenaAK,0.3020121455192566,0.3316076397895813,247.48431396484375,254.8445281982422,2.6274049282073975,2018
ISMN_SNOTEL_KenaiMoosePens,0.3364216387271881,0.3384265601634979,243.55503845214844,252.3599853515625,9.475301742553711,2018
ISMN_SNOTEL_TelaquanaLake,0.21291790902614594,0.23642925918102264,253.2705078125,258.23504638671875,2.438654899597168,2018
ISMN_SNOTEL_SusitnaValleyHigh,0.32744938135147095,0.35576581954956055,250.13609313964844,257.38482666015625,5.46353816986084,2018
ISMN_SNOTEL_TokositnaValley,0.24759109318256378,0.27026715874671936,248.91261291503906,256.171875,2.4029805660247803,2018
ISMN_SNOTEL_ExitGlacier,0.1660987287759781,0.18391644954681396,250.7562713623047,258.16754150390625,1.626071572303772,2018
ISMN_SNOTEL_SummitCreek,0.20855732262134552,0.25130695104599,251.75262451171875,256.435302734375,2.9124393463134766,2018
ISMN_SNOTEL_UpperTsainaRiver,0.21230965852737427,0.22473962604999542,249.41232299804688,255.63031005859375,0.6602981686592102,2018
ISMN_SNOTEL_SpringCreek,0.21970728039741516,0.24640017747879028,250.4563751220703,257.1173095703125,4.814613342285156,2018
ISMN_SNOTEL_GulkanaRiver,0.20566220581531525,0.22512774169445038,251.17486572265625,257.9705505371094,3.1841588020324707,2018
ISMN_SNOTEL_FieldingLake,0.19465824961662292,0.21767495572566986,248.59877014160156,256.596435546875,1.5280307531356812,2018
ISMN_SNOTEL_GraniteCrk,0.1614150106906891,0.18690957129001617,253.57183837890625,260.86871337890625,5.53893518447876,2018
ISMN_SNOTEL_Chisana,0.18117409944534302,0.2078634798526764,250.03390502929688,256.0773620605469,1.2124043703079224,2018
ISMN_SNOTEL_Tok,0.14651794731616974,0.17489704489707947,255.29322814941406,260.47967529296875,4.472813606262207,2018
ISMN_SNOTEL_JackWadeJct,0.12489872425794601,0.1572844535112381,256.95556640625,261.6745300292969,2.7565083503723145,2018
ISMN_SNOTEL_KellyStation,0.19740596413612366,0.2188035398721695,247.305908203125,256.3038635253906,1.203123688697815,2018
ISMN_SNOTEL_GobblersKnob,0.1566781848669052,0.1768798828125,252.86605834960938,260.4045715332031,1.8015767335891724,2018
ISMN_SNOTEL_Coldfoot,0.158696711063385,0.18174518644809723,254.43655395507812,259.90985107421875,1.6556971073150635,2018
ISMN_SNOTEL_Mt.Ryan,0.10987973213195801,0.13866086304187775,256.3809509277344,262.1444091796875,1.9611735343933105,2018
ISMN_SNOTEL_UpperNomeCreek,0.11599049717187881,0.14412854611873627,255.34132385253906,261.6273193359375,1.6325340270996094,2018
ISMN_SNOTEL_EagleSummit,0.11167735606431961,0.1376379281282425,256.12359619140625,262.12005615234375,1.7212495803833008,2018
ISMN_SNOTEL_ImnaviatCreek,0.19533485174179077,0.2121082991361618,246.0899658203125,255.50912475585938,1.028334617614746,2018
ISMN_FMI_SOD130,0.24282552301883698,0.2429293692111969,246.82476806640625,255.09365844726562,3.4489266872406006,2018
ISMN_FMI_SOD073,0.2750946581363678,0.27042531967163086,245.3177032470703,254.0220947265625,3.475034475326538,2018
ISMN_FMI_SOD071,0.2750946581363678,0.27042531967163086,245.3177032470703,254.0220947265625,3.475034475326538,2018
ISMN_FMI_SOD072,0.2750946581363678,0.27042531967163086,245.3177032470703,254.0220947265625,3.475034475326538,2018
ISMN_FMI_SOD103,0.2750946581363678,0.27042531967163086,245.3177032470703,254.0220947265625,3.475034475326538,2018
ISMN_FMI_SOD101,0.2750946581363678,0.27042531967163086,245.3177032470703,254.0220947265625,3.475034475326538,2018
ISMN_FMI_SOD102,0.2750946581363678,0.27042531967163086,245.3177032470703,254.0220947265625,3.475034475326538,2018
ISMN_FMI_SOD012,0.2537250220775604,0.25255465507507324,245.9093017578125,254.5386962890625,3.458216905593872,2018
ISMN_FMI_SOD011,0.2537250220775604,0.25255465507507324,245.9093017578125,254.5386962890625,3.458216905593872,2018
ISMN_FMI_SOD013,0.2537250220775604,0.25255465507507324,245.9093017578125,254.5386962890625,3.458216905593872,2018
ISMN_FMI_SOD081,0.2537250220775604,0.25255465507507324,245.9093017578125,254.5386962890625,3.458216905593872,2018
ISMN_FMI_SOD083,0.2537250220775604,0.25255465507507324,245.9093017578125,254.5386962890625,3.458216905593872,2018
ISMN_LAB-net_OromoCalibrationSite,0.32567882537841797,0.3194581866264343,237.94854736328125,251.9031524658203,5.602096080780029,2019
ISMN_COSMOS_KLEE,0.1750505566596985,0.16546152532100677,242.83316040039062,265.8696594238281,0.6052794456481934,2019
ISMN_AMMA-CATCH_Banizoumbou,0.06178099289536476,0.06006783992052078,261.3976135253906,287.2396240234375,0.5337058901786804,2019
ISMN_AMMA-CATCH_Tondikiboro,0.05796064808964729,0.05682298168540001,262.2640380859375,287.7869873046875,0.598122775554657,2019
ISMN_SD_DEM_Demokeya,0.040644265711307526,0.04019533470273018,267.398681640625,290.06353759765625,0.5991873741149902,2019
ISMN_SCAN_Combate,,,263.1972961425781,272.63623046875,4.064198017120361,2019
ISMN_SCAN_Fortuna,0.4997221827507019,,78.42082977294922,117.30084991455078,7.285208225250244,2019
ISMN_SCAN_MaricaoForest,0.3308159410953522,0.36484721302986145,265.06201171875,271.9749755859375,11.618583679199219,2019
ISMN_USCRN_Panther-Junction-2-N,0.12739253044128418,0.11545755714178085,254.88294982910156,273.2489929199219,0.3121102452278137,2019
ISMN_SCAN_Uvalde,0.16254672408103943,0.15491273999214172,255.13648986816406,271.8438415527344,0.8629893660545349,2019
ISMN_SCAN_EvergladesARS,0.3880382180213928,0.3795119822025299,193.83767700195312,227.31878662109375,2.633072853088379,2019
ISMN_USCRN_Everglades-City-5-NE,0.29828667640686035,0.29983893036842346,227.95787048339844,249.1718292236328,4.5035223960876465,2019
ISMN_SCAN_SellersLake#1,0.2892419397830963,0.2831396758556366,250.66903686523438,264.0380554199219,7.506976127624512,2019
ISMN_USCRN_Fallbrook-5-NE,0.16517017781734467,0.1624874472618103,250.97811889648438,265.452880859375,1.4809015989303589,2019
ISMN_USCRN_Santa-Barbara-11-W,,,77.17090606689453,116.55499267578125,3.111569881439209,2019
ISMN_SCAN_Stubblefield,0.14633816480636597,0.1387980729341507,248.0214080810547,265.9001159667969,0.6968197226524353,2019
ISMN_SNOTEL_BakerButteSmt,0.20005352795124054,0.19960066676139832,251.4348602294922,261.30169677734375,4.160837173461914,2019
ISMN_SNOTEL_BakerButte,0.20005352795124054,0.19960066676139832,251.4348602294922,261.30169677734375,4.160837173461914,2019
ISMN_SNOTEL_BarM,0.20432044565677643,0.21277616918087006,247.4099884033203,259.2374267578125,5.212497234344482,2019
ISMN_SNOTEL_MormonMtnSummit,0.17759373784065247,0.18692100048065186,246.60716247558594,259.7071838378906,4.02741813659668,2019
ISMN_SCAN_AdamsRanch#1,0.11380133032798767,0.10186244547367096,243.95831298828125,268.7322998046875,0.26354026794433594,2019
ISMN_SCAN_JornadaExpRange,0.10582281649112701,0.09702790528535843,249.46652221679688,270.9655456542969,0.33900272846221924,2019
ISMN_USCRN_Las-Cruces-20-N,0.10582397878170013,0.09800780564546585,249.14915466308594,271.0513916015625,0.23919743299484253,2019
ISMN_SNOTEL_HawleyLake,0.25137782096862793,0.261036217212677,249.03781127929688,258.1083984375,10.015316009521484,2019
ISMN_SNOTEL_Baldy,0.2160583734512329,0.22555264830589294,245.68887329101562,257.11273193359375,7.992148399353027,2019
ISMN_USCRN_Socorro-20-N,0.1015661433339119,0.09928364306688309,249.561767578125,269.1500244140625,0.2031065821647644,2019
ISMN_SCAN_Sevilleta,0.10161440074443817,0.10033981502056122,249.89852905273438,268.947998046875,0.2401721328496933,2019
ISMN_SCAN_SanAngelo,0.17830467224121094,0.1618661731481552,241.60646057128906,263.1336975097656,0.7062220573425293,2019
ISMN_USCRN_Monahans-6-ENE,0.07335231453180313,0.06940895318984985,256.3002014160156,276.7145080566406,0.3586508631706238,2019
ISMN_USCRN_Bronte-11-NNE,0.1806253045797348,0.17026759684085846,239.30117797851562,261.2831726074219,0.6481985449790955,2019
ISMN_SCAN_WillowWells,0.08213333040475845,0.07740996032953262,252.2113800048828,272.54949951171875,0.4264572262763977,2019
ISMN_SCAN_Levelland,0.1092604249715805,0.09059568494558334,248.54345703125,269.6107177734375,0.5639429092407227,2019
ISMN_SCAN_ReeseCenter,0.13479427993297577,0.11310762912034988,242.3934783935547,265.1511535644531,0.7174369096755981,2019
ISMN_SCAN_Lehman,0.1027907058596611,0.08999021351337433,249.93798828125,270.3135986328125,0.5425618886947632,2019
ISMN_USCRN_Muleshoe-19-S,0.11200247704982758,0.10527915507555008,247.69229125976562,268.822998046875,0.39064058661460876,2019
ISMN_SCAN_PrairieView#1,0.2526261806488037,0.2549365758895874,237.2210235595703,256.1471252441406,2.2633893489837646,2019
ISMN_TxSON_LCRA-7,0.20717692375183105,0.20293410122394562,243.224853515625,261.4114990234375,0.9855766296386719,2019
ISMN_TxSON_LCRA-3,0.20358259975910187,0.20408910512924194,243.3907012939453,262.0283203125,0.9839490056037903,2019
ISMN_TxSON_CR200-23,0.20358259975910187,0.20408910512924194,243.3907012939453,262.0283203125,0.9839490056037903,2019
ISMN_TxSON_CR200-12,0.20472151041030884,0.2047160565853119,243.38787841796875,261.7490539550781,0.9708479642868042,2019
ISMN_TxSON_CR200-11,0.2024187445640564,0.2049744725227356,243.5431671142578,262.11419677734375,0.9826182723045349,2019
ISMN_TxSON_CR200-7,0.20358259975910187,0.20408910512924194,243.3907012939453,262.0283203125,0.9839490056037903,2019
ISMN_TxSON_CR200-5,0.19886146485805511,0.200434610247612,244.1450958251953,262.514892578125,0.9885784983634949,2019
ISMN_TxSON_CR200-6,0.2001657485961914,0.19906698167324066,243.9546356201172,262.4378356933594,1.0003254413604736,2019
ISMN_TxSON_CR1000-2,0.2001657485961914,0.19906698167324066,243.9546356201172,262.4378356933594,1.0003254413604736,2019
ISMN_TxSON_CR200-18,0.2001657485961914,0.19906698167324066,243.9546356201172,262.4378356933594,1.0003254413604736,2019
ISMN_TxSON_CR200-25,0.2001657485961914,0.19906698167324066,243.9546356201172,262.4378356933594,1.0003254413604736,2019
ISMN_TxSON_CR200-15,0.2001657485961914,0.19906698167324066,243.9546356201172,262.4378356933594,1.0003254413604736,2019
ISMN_TxSON_CR200-24,0.2001657485961914,0.19906698167324066,243.9546356201172,262.4378356933594,1.0003254413604736,2019
ISMN_TxSON_CR200-17,0.19886146485805511,0.200434610247612,244.1450958251953,262.514892578125,0.9885784983634949,2019
ISMN_TxSON_CR1000-3,0.19886146485805511,0.200434610247612,244.1450958251953,262.514892578125,0.9885784983634949,2019
ISMN_TxSON_CR200-8,0.2001657485961914,0.19906698167324066,243.9546356201172,262.4378356933594,1.0003254413604736,2019
ISMN_TxSON_CR200-16,0.19886146485805511,0.200434610247612,244.1450958251953,262.514892578125,0.9885784983634949,2019
ISMN_TxSON_CR200-2,0.19886146485805511,0.200434610247612,244.1450958251953,262.514892578125,0.9885784983634949,2019
ISMN_TxSON_CR200-10,0.19886146485805511,0.200434610247612,244.1450958251953,262.514892578125,0.9885784983634949,2019
ISMN_TxSON_CR1000-5,0.19589704275131226,0.19384616613388062,245.0343475341797,263.1709899902344,1.0792502164840698,2019
ISMN_TxSON_LCRA-1,0.18919193744659424,0.18684759736061096,246.43728637695312,264.19903564453125,1.1720085144042969,2019
ISMN_TxSON_CR1000-4,0.18286459147930145,0.1832546591758728,245.99392700195312,264.0382080078125,1.0150421857833862,2019
ISMN_USCRN_Austin-33-NW,0.2286572903394699,0.22320137917995453,241.20172119140625,259.9060363769531,1.3567349910736084,2019
ISMN_SCAN_Stephenville,0.21513214707374573,0.20814545452594757,235.9317626953125,257.32135009765625,0.9854766726493835,2019
ISMN_SCAN_KnoxCity,0.16011950373649597,0.144147589802742,239.0264129638672,262.7737121582031,0.7611825466156006,2019
ISMN_USCRN_Lafayette-13-SE,0.3613165318965912,0.36001694202423096,224.294677734375,244.94406127929688,3.474945545196533,2019
ISMN_SCAN_Onward,0.389116495847702,0.39009764790534973,200.1622772216797,224.6025390625,5.061715602874756,2019
ISMN_SCAN_Mayday,0.377829909324646,0.38207486271858215,216.7611083984375,237.4812774658203,3.7569823265075684,2019
ISMN_USCRN_Monroe-26-N,0.4105868637561798,0.41260233521461487,234.8050537109375,248.28521728515625,9.401277542114258,2019
ISMN_SCAN_NorthIssaquena,0.3612404465675354,0.36258465051651,200.2942352294922,228.75926208496094,2.162503719329834,2019
ISMN_SCAN_Scott,0.35561636090278625,0.3521386384963989,203.77780151367188,231.7564239501953,4.078923225402832,2019
ISMN_SCAN_SandyRidge,0.3199378550052643,0.3191533386707306,198.0826416015625,229.42050170898438,1.5638811588287354,2019
ISMN_SCAN_Perthshire,0.344878613948822,0.34332653880119324,202.62774658203125,231.17454528808594,2.799924612045288,2019
ISMN_SCAN_UapbCampus-PB,0.3737224340438843,0.3703085482120514,227.357666015625,244.98912048339844,5.9667277336120605,2019
ISMN_SCAN_UapbDewitt,0.3779298663139343,0.3764153718948364,204.3698272705078,230.23348999023438,3.025395393371582,2019
ISMN_SCAN_Tunica,0.34685349464416504,0.353721559047699,205.6407012939453,232.8965606689453,2.8456971645355225,2019
ISMN_SCAN_TncFortBayou,0.22639785706996918,0.2303454428911209,245.33592224121094,261.19549560546875,3.8435354232788086,2019
ISMN_SCAN_KoptisFarms,0.19387458264827728,0.2007778286933899,249.7631072998047,263.7410583496094,3.249774932861328,2019
ISMN_SCAN_RiverRoadFarms,0.21823137998580933,0.22004622220993042,245.33651733398438,262.15692138671875,3.1568262577056885,2019
ISMN_SCAN_PerdidoRivFarms,0.25107184052467346,0.25588104128837585,251.34576416015625,262.24615478515625,4.756155014038086,2019
ISMN_SCAN_Selma,0.3038218319416046,0.30359023809432983,248.26376342773438,259.2170715332031,5.018889427185059,2019
ISMN_SCAN_SudduthFarms,0.335491418838501,0.34513744711875916,252.2147216796875,260.47210693359375,8.994317054748535,2019
ISMN_SCAN_Cullman-NAHRC,0.27047425508499146,0.2769751250743866,244.07652282714844,256.2344055175781,4.26594352722168,2019
ISMN_USCRN_Gadsden-19-N,0.26738792657852173,0.27600035071372986,241.5753936767578,255.2252960205078,4.439785957336426,2019
ISMN_SCAN_StanleyFarm,0.2665215730667114,0.27311909198760986,240.40301513671875,254.21649169921875,3.9786946773529053,2019
ISMN_SCAN_Hodges,0.25341928005218506,0.2601165473461151,241.92410278320312,255.88552856445312,4.821620941162109,2019
ISMN_SCAN_AAMU-JTG,0.2765422463417053,0.2765633761882782,237.7651824951172,253.7834014892578,4.646886348724365,2019
ISMN_SCAN_IsbellFarms,0.28382351994514465,0.2936064600944519,249.8765106201172,259.8543701171875,8.768515586853027,2019
ISMN_SCAN_BraggFarm,0.2676853835582733,0.2634146213531494,235.0869140625,252.04788208007812,2.920320987701416,2019
ISMN_SCAN_Wtars,0.2726498246192932,0.2741043269634247,237.0087890625,253.10601806640625,3.853536605834961,2019
ISMN_SCAN_Wakulla#1,0.3154325783252716,0.32748302817344666,253.53677368164062,264.5478210449219,11.030930519104004,2019
ISMN_USCRN_Brunswick-23-S,,,246.3438262939453,270.11859130859375,5.744286060333252,2019
ISMN_USCRN_Newton-8-W,0.21608567237854004,0.2198544144630432,245.34954833984375,262.15704345703125,3.8097610473632812,2019
ISMN_SCAN_LittleRiver,0.2146330624818802,0.21824470162391663,244.08274841308594,260.2370910644531,2.791421413421631,2019
ISMN_SCAN_YoumansFarm,0.27549034357070923,0.27872234582901,251.6537322998047,262.55419921875,7.170446395874023,2019
ISMN_USCRN_Watkinsville-5-SSE,0.2717747390270233,0.2769683301448822,250.3215789794922,260.7628479003906,6.240913391113281,2019
ISMN_SCAN_Watkinsville#1,0.26562994718551636,0.26637354493141174,248.76046752929688,259.6444091796875,4.303157806396484,2019
ISMN_USCRN_McClellanville-7-NE,0.21671409904956818,0.22337853908538818,240.4612274169922,260.9724426269531,8.098043441772461,2019
ISMN_SCAN_PeeDee,0.31677305698394775,0.3135010898113251,243.43690490722656,257.1059265136719,7.1696624755859375,2019
ISMN_NGARI_SQ20,0.10338165611028671,0.09365103393793106,240.1439208984375,255.6826934814453,5.059208163515905e-08,2019
ISMN_NGARI_SQ21,0.10830991715192795,0.09968964010477066,240.19512939453125,255.28245544433594,0.0008783277589827776,2019
ISMN_NGARI_ALI01,0.14514875411987305,0.1349138766527176,240.79322814941406,253.50473022460938,0.0022650405298918486,2019
ISMN_NGARI_SQ19,0.10133740305900574,0.09190584719181061,239.87318420410156,256.04998779296875,4.9695383495418355e-05,2019
ISMN_NAQU_NQMS,0.21152904629707336,0.21430887281894684,227.47030639648438,249.6861572265625,0.3334670066833496,2019
ISMN_NAQU_NQKema,0.23257286846637726,0.24789953231811523,227.1452178955078,248.1759796142578,0.3605436086654663,2019
ISMN_NAQU_NQNorth,0.20348413288593292,0.22079311311244965,226.58554077148438,249.26309204101562,0.331251323223114,2019
ISMN_SCAN_Vallecitos,0.18049535155296326,0.16773255169391632,252.15098571777344,264.8505554199219,1.3495203256607056,2019
ISMN_SCAN_MonoclineRidge,0.17966356873512268,0.15953916311264038,246.1618194580078,263.192138671875,0.9379587173461914,2019
ISMN_FLUXNET-AMERIFLUX_BouldinIslandAlfalfa,0.27645325660705566,0.2592222988605499,226.34255981445312,249.17210388183594,2.1222774982452393,2019
ISMN_FLUXNET-AMERIFLUX_VairaRanch,0.21736584603786469,0.21042583882808685,240.4273681640625,257.83026123046875,1.7473692893981934,2019
ISMN_FLUXNET-AMERIFLUX_TonziRanch,0.21736584603786469,0.21042583882808685,240.4273681640625,257.83026123046875,1.7473692893981934,2019
ISMN_SNOTEL_CarsonPass,0.15920542180538177,0.19700127840042114,252.0043182373047,258.9407653808594,7.513697147369385,2019
ISMN_SNOTEL_Rubicon#2,0.15172934532165527,0.18032903969287872,253.1136474609375,260.7477722167969,8.370575904846191,2019
ISMN_SNOTEL_WardCreek#3,0.19077444076538086,0.21220391988754272,253.7326202392578,260.338134765625,10.039410591125488,2019
ISMN_SNOTEL_TahoeCityCross,0.19077444076538086,0.21220391988754272,253.7326202392578,260.338134765625,10.039410591125488,2019
ISMN_SNOTEL_PalisadesTahoe,0.2004179209470749,0.24987336993217468,253.62445068359375,259.7093200683594,10.2100191116333,2019
ISMN_CW3E_BrownsValleySchool,0.30427002906799316,0.2958165407180786,229.53836059570312,248.3408660888672,2.4771640300750732,2019
ISMN_SNOTEL_Truckee#2,0.18016552925109863,0.21489916741847992,251.26678466796875,259.07086181640625,9.526062965393066,2019
ISMN_CW3E_BoyesCreekCanyon,0.31112468242645264,0.32705989480018616,255.3193817138672,261.83575439453125,7.8742451667785645,2019
ISMN_CW3E_PotterValleyNorth,0.3262505829334259,0.3343018889427185,253.572998046875,260.8944091796875,8.668076515197754,2019
ISMN_SNOTEL_IndependenceLake,0.21938897669315338,0.26731613278388977,250.49929809570312,257.7677917480469,9.508615493774414,2019
ISMN_SNOTEL_IndependenceCamp,0.20160295069217682,0.24409811198711395,249.44338989257812,257.59234619140625,9.195199966430664,2019
ISMN_SNOTEL_IndependenceCreek,0.20160295069217682,0.24409811198711395,249.44338989257812,257.59234619140625,9.195199966430664,2019
ISMN_CW3E_FeatherRiverCollege,0.2906533181667328,0.3220145106315613,254.16128540039062,259.2190246582031,12.087811470031738,2019
ISMN_SCAN_LovellSummit,0.10451982170343399,0.10503419488668442,249.7201690673828,267.75006103515625,0.9564939737319946,2019
ISMN_SNOTEL_LeeCanyon,0.10881391912698746,0.11382292956113815,249.70999145507812,267.1920471191406,1.1600873470306396,2019
ISMN_SNOTEL_BristleconeTrail,0.10978169739246368,0.11781395971775055,250.1309356689453,267.5491027832031,1.2761720418930054,2019
ISMN_SCAN_Charkiln,0.10631196200847626,0.11257332563400269,250.11888122558594,268.1504211425781,1.0542515516281128,2019
ISMN_SCAN_PineNut,0.11494863778352737,0.12055990844964981,248.40933227539062,266.9715270996094,0.4303300678730011,2019
ISMN_USCRN_Stovepipe-Wells-1-SW,0.12926441431045532,0.13606297969818115,253.91073608398438,270.7916564941406,0.023083670064806938,2019
ISMN_USCRN_Mercury-3-SSW,0.09515707939863205,0.09858347475528717,246.9188995361328,269.099365234375,0.18354803323745728,2019
ISMN_USCRN_Yosemite-Village-12-W,0.24453309178352356,0.2608337700366974,254.16351318359375,260.701171875,9.144783020019531,2019
ISMN_SCAN_MarbleCreek,0.09393107891082764,0.11422521620988846,252.60240173339844,265.8885192871094,0.3387588560581207,2019
ISMN_SNOTEL_VirginiaLakesRidge,0.14254316687583923,0.17853358387947083,249.74461364746094,258.15203857421875,1.7220455408096313,2019
ISMN_SCAN_BodieHills,0.12129446864128113,0.14382334053516388,249.67556762695312,261.03179931640625,0.7112122774124146,2019
ISMN_SNOTEL_LeavittLake,0.15084867179393768,0.17962419986724854,250.3076171875,257.64837646484375,2.7986459732055664,2019
ISMN_SNOTEL_LeavittMeadows,0.14112263917922974,0.1712830364704132,250.02679443359375,257.8744201660156,1.7295377254486084,2019
ISMN_SNOTEL_SonoraPass,0.15084867179393768,0.17962419986724854,250.3076171875,257.64837646484375,2.7986459732055664,2019
ISMN_SNOTEL_SummitMeadow,0.13185018301010132,0.1626480519771576,250.4790496826172,258.7203369140625,2.5518083572387695,2019
ISMN_SNOTEL_LobdellLake,0.11260206252336502,0.1320604830980301,250.23622131347656,260.878173828125,0.8039751648902893,2019
ISMN_SNOTEL_PoisonFlat,0.1444615125656128,0.17223982512950897,251.03619384765625,259.6492614746094,5.134347438812256,2019
ISMN_SNOTEL_EbbettsPass,0.16192276775836945,0.2088542878627777,251.78599548339844,258.8552551269531,7.246855735778809,2019
ISMN_SNOTEL_BlueLakes,0.1584472358226776,0.20697765052318573,251.6862030029297,258.7738952636719,7.099344730377197,2019
ISMN_SNOTEL_SprattCreek,0.1510239541530609,0.19273331761360168,251.05078125,259.0347900390625,6.855674743652344,2019
ISMN_SNOTEL_MonitorPass,0.12888194620609283,0.1445252150297165,249.1685028076172,260.5627136230469,2.539264440536499,2019
ISMN_SNOTEL_HorseMeadow,0.15394438803195953,0.18686215579509735,250.4287567138672,259.5894470214844,6.729259967803955,2019
ISMN_SNOTEL_HagansMeadow,0.15394438803195953,0.18686215579509735,250.4287567138672,259.5894470214844,6.729259967803955,2019
ISMN_SNOTEL_HeavenlyValley,0.15086869895458221,0.1772388517856598,250.40740966796875,260.4296875,6.525241374969482,2019
ISMN_SNOTEL_MarletteLake,0.12167008221149445,0.14175647497177124,250.7351531982422,261.9256896972656,5.828160762786865,2019
ISMN_SNOTEL_LittleValley,0.13123473525047302,0.14822697639465332,250.0515899658203,261.25372314453125,6.040034770965576,2019
ISMN_SNOTEL_VacarroSprings,0.110353022813797,0.12066201120615005,243.2394256591797,260.9833679199219,0.4156620502471924,2019
ISMN_SNOTEL_BigMeadow,0.13668902218341827,0.14699934422969818,247.6479949951172,260.30267333984375,4.63412618637085,2019
ISMN_SNOTEL_PorterCanyon,0.11857792735099792,0.13113802671432495,242.4064483642578,260.24029541015625,0.37239915132522583,2019
ISMN_SNOTEL_Chalender,0.1585099697113037,0.16463850438594818,246.83380126953125,260.395751953125,3.139665365219116,2019
ISMN_SCAN_Vermillion,0.12080054730176926,0.13641415536403656,250.9626922607422,264.0519104003906,0.3605020046234131,2019
ISMN_SCAN_CaveValley,0.14275971055030823,0.15279914438724518,250.8336639404297,261.9097900390625,0.70138019323349,2019
ISMN_SNOTEL_GardnerPeak,0.1358361691236496,0.14335305988788605,250.46929931640625,263.0286560058594,2.1312990188598633,2019
ISMN_SNOTEL_LittleGrassy,0.12852902710437775,0.13431857526302338,249.77508544921875,263.4713134765625,0.6603803634643555,2019
ISMN_SNOTEL_LongValleyJct,0.15337242186069489,0.15915945172309875,250.7008514404297,260.243408203125,1.9735623598098755,2019
ISMN_SNOTEL_HarrisFlat,0.15154242515563965,0.15990035235881805,250.9268341064453,260.1531677246094,2.1199941635131836,2019
ISMN_SNOTEL_GutzPeak,0.12662169337272644,0.13351751863956451,250.15118408203125,263.9673156738281,0.7665582299232483,2019
ISMN_SNOTEL_LongFlat,0.13407455384731293,0.13773253560066223,249.6354522705078,261.9356689453125,2.2629573345184326,2019
ISMN_SNOTEL_Kolob,0.14425097405910492,0.1520235389471054,248.02377319335938,260.1471252441406,1.2638132572174072,2019
ISMN_SNOTEL_MidwayValley,0.1524951159954071,0.16366739571094513,250.00567626953125,259.3544006347656,2.8243660926818848,2019
ISMN_SNOTEL_WebsterFlat,0.14725664258003235,0.15699626505374908,249.4126739501953,259.45306396484375,1.9687474966049194,2019
ISMN_SNOTEL_SuuRanch,0.14870963990688324,0.15767066180706024,247.57569885253906,259.2794189453125,2.785590410232544,2019
ISMN_SCAN_Enterprise,0.11863937228918076,0.12994399666786194,245.3278045654297,262.283203125,0.5303704738616943,2019
ISMN_SNOTEL_CastleValley,0.1475505381822586,0.14568020403385162,248.84579467773438,259.0872802734375,3.576977014541626,2019
ISMN_SNOTEL_Widtsoe#3,0.13406193256378174,0.1362410932779312,250.75469970703125,260.8394470214844,2.911932945251465,2019
ISMN_SCAN_Panguitch,0.12358959019184113,0.12356653809547424,247.39431762695312,259.7997741699219,1.198074460029602,2019
ISMN_SNOTEL_MtPennell,0.10932958871126175,0.11300771683454514,252.95431518554688,266.0743103027344,0.4156036972999573,2019
ISMN_SNOTEL_SunflowerFlat,0.1276363879442215,0.13956357538700104,251.71649169921875,262.49371337890625,2.7069449424743652,2019
ISMN_SNOTEL_LonesomeBeaver,0.10932958871126175,0.11300771683454514,252.95431518554688,266.0743103027344,0.4156036972999573,2019
ISMN_SNOTEL_JonesCorral,0.12496864050626755,0.12818720936775208,248.49354553222656,260.2574157714844,1.6381030082702637,2019
ISMN_SNOTEL_DonkeyReservoir,0.13090886175632477,0.14754968881607056,249.20558166503906,261.0513610839844,3.632185220718384,2019
ISMN_SNOTEL_MerchantValley,0.12791405618190765,0.14032892882823944,249.46697998046875,260.4964294433594,4.393993854522705,2019
ISMN_SCAN_Manderfield,0.11434303969144821,0.12669968605041504,246.75665283203125,260.6881103515625,1.9173308610916138,2019
ISMN_SNOTEL_KimberlyMine,0.12499871104955673,0.13370834290981293,248.45143127441406,260.51983642578125,2.6219828128814697,2019
ISMN_SNOTEL_BoxSprings,0.1289719045162201,0.14227785170078278,249.06373596191406,260.9121398925781,3.054354429244995,2019
ISMN_SNOTEL_FishLakeUtah,0.12384480983018875,0.13474486768245697,248.42750549316406,260.7130126953125,2.095238208770752,2019
ISMN_SNOTEL_BoxCreek,0.1289719045162201,0.14227785170078278,249.06373596191406,260.9121398925781,3.054354429244995,2019
ISMN_SNOTEL_BlackFlat-U.M.Ck,0.13751386106014252,0.1497305929660797,249.81488037109375,260.57598876953125,2.2876718044281006,2019
ISMN_SNOTEL_FarnsworthLake,0.1391674280166626,0.15333235263824463,249.19573974609375,260.1578369140625,2.512566566467285,2019
ISMN_SNOTEL_GooseberryRSUp,0.1391674280166626,0.15333235263824463,249.19573974609375,260.1578369140625,2.512566566467285,2019
ISMN_SNOTEL_GooseberryRS,0.1391674280166626,0.15333235263824463,249.19573974609375,260.1578369140625,2.512566566467285,2019
ISMN_SNOTEL_BobsHollow,0.14172759652137756,0.15468406677246094,245.95521545410156,259.63299560546875,2.077594757080078,2019
ISMN_SNOTEL_WheelerPeak,0.10737837851047516,0.12531539797782898,245.80543518066406,261.5906677246094,1.5135834217071533,2019
ISMN_SNOTEL_PickleKeg,0.14803393185138702,0.16139644384384155,247.8011932373047,259.3079833984375,1.6691725254058838,2019
ISMN_SNOTEL_WardMountain,0.11774759739637375,0.13345472514629364,245.85308837890625,260.8139953613281,0.4703209698200226,2019
ISMN_SNOTEL_BuckFlat,0.15984144806861877,0.17229528725147247,246.7870330810547,258.28192138671875,1.818420648574829,2019
ISMN_SNOTEL_BeaverDams,0.15984144806861877,0.17229528725147247,246.7870330810547,258.28192138671875,1.818420648574829,2019
ISMN_SNOTEL_CaveMountain,0.11320629715919495,0.129377543926239,246.1028594970703,261.0401306152344,0.6827450394630432,2019
ISMN_SCAN_Holden,0.13415811955928802,0.14277131855487823,236.56826782226562,258.4429626464844,0.3086448609828949,2019
ISMN_SCAN_TuleValley,0.1317456215620041,0.14793363213539124,235.9276580810547,258.8350524902344,0.18228287994861603,2019
ISMN_SNOTEL_ThistleFlat,0.16027753055095673,0.17262962460517883,245.66567993164062,257.69036865234375,1.5999122858047485,2019
ISMN_SNOTEL_GBRCMeadows,0.16376622021198273,0.17779402434825897,244.62875366210938,257.22723388671875,2.0407230854034424,2019
ISMN_SNOTEL_SeeleyCreek,0.16376622021198273,0.17779402434825897,244.62875366210938,257.22723388671875,2.0407230854034424,2019
ISMN_SNOTEL_BerryCreek,0.12058206647634506,0.1357308179140091,244.6520233154297,260.1629638671875,0.8881309628486633,2019
ISMN_SNOTEL_GBRCHQ,0.16376622021198273,0.17779402434825897,244.62875366210938,257.22723388671875,2.0407230854034424,2019
ISMN_SNOTEL_OakCreek,0.12952439486980438,0.14029529690742493,241.76425170898438,259.831298828125,0.4589020013809204,2019
ISMN_SCAN_Ephraim,0.15822380781173706,0.17079424858093262,243.2604522705078,257.0491943359375,1.2841103076934814,2019
ISMN_SNOTEL_UpperJoesValley,0.1551702916622162,0.1734856367111206,247.72666931152344,258.2615661621094,2.3225924968719482,2019
ISMN_SNOTEL_ReesFlat,0.1553311049938202,0.16761015355587006,242.1120147705078,257.0776062011719,0.646213710308075,2019
ISMN_SCAN_Price,0.11404253542423248,0.12150365859270096,248.06224060058594,263.0628356933594,0.20991279184818268,2019
ISMN_SNOTEL_Kalamazoo,0.11428431421518326,0.1289682686328888,243.68031311035156,260.5561828613281,0.6488897204399109,2019
ISMN_SNOTEL_HuntingtonHorse,0.161577045917511,0.17879804968833923,247.26580810546875,257.7162170410156,1.949941635131836,2019
ISMN_SCAN_Nephi,0.14728008210659027,0.15373468399047852,240.96351623535156,257.4471130371094,0.6145999431610107,2019
ISMN_SNOTEL_Timberline,0.13129419088363647,0.1451595276594162,252.22262573242188,262.57196044921875,1.8604307174682617,2019
ISMN_SNOTEL_Mammoth-Cottonwood,0.161577045917511,0.17879804968833923,247.26580810546875,257.7162170410156,1.949941635131836,2019
ISMN_SNOTEL_TakkaWiiya,0.11750835925340652,0.12543554604053497,241.24673461914062,260.3668518066406,0.6564942598342896,2019
ISMN_SNOTEL_ClearCreek#1,0.17703239619731903,0.1917041689157486,248.07620239257812,257.5244445800781,2.467525005340576,2019
ISMN_SNOTEL_WilburBench,0.15450961887836456,0.1682039350271225,251.52676391601562,260.3635559082031,0.8487047553062439,2019
ISMN_SNOTEL_ClearCreek#2,0.17703239619731903,0.1917041689157486,248.07620239257812,257.5244445800781,2.467525005340576,2019
ISMN_SNOTEL_SantaquinMeadows,0.17222055792808533,0.1806633025407791,242.14764404296875,256.03466796875,1.9009414911270142,2019
ISMN_SNOTEL_VernonCreek,0.11694589257240295,0.12565456330776215,241.20675659179688,260.375732421875,0.37230291962623596,2019
ISMN_SNOTEL_WhiteRiver#1,0.15501326322555542,0.16820065677165985,251.3030242919922,259.7274169921875,1.0357609987258911,2019
ISMN_SNOTEL_SantaFe,0.15752674639225006,0.16664087772369385,251.40626525878906,261.3191833496094,7.1336350440979,2019
ISMN_SNOTEL_WesnerSprings,0.20676828920841217,0.23402084410190582,252.58316040039062,260.03656005859375,9.994626998901367,2019
ISMN_USCRN_Los-Alamos-13-W,0.1848842352628708,0.19641852378845215,251.53245544433594,261.347900390625,8.341875076293945,2019
ISMN_SNOTEL_Quemazon,0.15497848391532898,0.16165755689144135,251.00865173339844,261.8634338378906,5.474292278289795,2019
ISMN_SNOTEL_SenoritaDivide#2,0.1645953506231308,0.17350465059280396,249.3987579345703,260.53326416015625,6.332259178161621,2019
ISMN_SNOTEL_GaritaPeak,0.16061697900295258,0.1672871708869934,251.32505798339844,261.4247741699219,6.17985725402832,2019
ISMN_SNOTEL_VacasLocas,0.1645953506231308,0.17350465059280396,249.3987579345703,260.53326416015625,6.332259178161621,2019
ISMN_SCAN_Alcalde,0.12956757843494415,0.13324753940105438,248.3236541748047,261.92608642578125,0.30413076281547546,2019
ISMN_SNOTEL_TresRitos,0.21050451695919037,0.23492123186588287,251.59002685546875,259.353271484375,10.08437442779541,2019
ISMN_SNOTEL_NavajoWhiskeyCk,0.1241224929690361,0.1277671456336975,249.8734893798828,263.9801330566406,2.535836696624756,2019
ISMN_SNOTEL_GallegosPeak,0.18393975496292114,0.19892296195030212,250.81320190429688,259.4463195800781,8.979952812194824,2019
ISMN_SNOTEL_Palo,0.19441574811935425,0.21132510900497437,250.86973571777344,259.05859375,8.724769592285156,2019
ISMN_SNOTEL_TaosPueblo,0.19204621016979218,0.20838595926761627,250.98060607910156,259.1172180175781,8.248401641845703,2019
ISMN_SNOTEL_TaosPowderhorn,0.15916891396045685,0.17636847496032715,250.42567443847656,259.54205322265625,6.8019490242004395,2019
ISMN_SNOTEL_Shuree,0.15875743329524994,0.17268109321594238,250.58383178710938,259.53265380859375,4.759045600891113,2019
ISMN_SNOTEL_Culebra#2,0.13730666041374207,0.1535957008600235,249.82557678222656,260.06341552734375,5.049886703491211,2019
ISMN_USCRN_Cortez-8-SE,0.128667414188385,0.1341773420572281,249.20660400390625,262.3168029785156,0.45080575346946716,2019
ISMN_SNOTEL_LilyPond,0.18298305571079254,0.20179271697998047,249.86553955078125,259.1272277832031,7.480016231536865,2019
ISMN_SCAN_MccrackenMesa,0.09695093333721161,0.1057707890868187,250.595458984375,266.5516357421875,0.2121785432100296,2019
ISMN_SNOTEL_Cascade#2,0.2034493237733841,0.2261110544204712,252.73190307617188,257.98150634765625,7.041399955749512,2019
ISMN_SCAN_AlkaliMesa,0.1142897680401802,0.12146622687578201,249.39186096191406,264.0644226074219,0.37163299322128296,2019
ISMN_SNOTEL_UpperRioGrande,0.17041389644145966,0.1887800544500351,250.85960388183594,258.3103942871094,4.684871196746826,2019
ISMN_SCAN_Eastland,0.1141912117600441,0.12008201330900192,247.32647705078125,262.3537292480469,0.3327822983264923,2019
ISMN_SNOTEL_LizardHeadPass,0.1795521080493927,0.1941457837820053,251.86090087890625,257.74371337890625,5.012173175811768,2019
ISMN_SNOTEL_CampJackson,0.12620605528354645,0.13550180196762085,250.90585327148438,262.9393615722656,1.5275285243988037,2019
ISMN_SNOTEL_Slumgullion,0.15093348920345306,0.1665859967470169,250.90655517578125,258.9227294921875,4.408944129943848,2019
ISMN_SCAN_WestSummit,0.11558602750301361,0.12565718591213226,247.9582061767578,262.6935729980469,0.3269162178039551,2019
ISMN_SCAN_HarmsWay,0.11333151161670685,0.12231538444757462,251.4296112060547,264.20147705078125,0.7279977798461914,2019
ISMN_SNOTEL_GoldBasin,0.12707458436489105,0.13581795990467072,252.3270721435547,263.6550598144531,1.7688384056091309,2019
ISMN_SNOTEL_LasalMountain-Lower,0.12707458436489105,0.13581795990467072,252.3270721435547,263.6550598144531,1.7688384056091309,2019
ISMN_SNOTEL_LasalMountain,0.12707458436489105,0.13581795990467072,252.3270721435547,263.6550598144531,1.7688384056091309,2019
ISMN_SNOTEL_PorphyryCreek,0.14328382909297943,0.17508089542388916,252.10443115234375,259.42242431640625,5.474016189575195,2019
ISMN_SNOTEL_ParkCone,0.17288142442703247,0.20874083042144775,252.294921875,258.6394348144531,6.451197147369385,2019
ISMN_SNOTEL_Butte,0.1755027025938034,0.19786888360977173,251.57276916503906,257.7493591308594,3.5324652194976807,2019
ISMN_SNOTEL_UpperTaylor,0.18038490414619446,0.20705978572368622,252.22763061523438,258.1430969238281,5.32657527923584,2019
ISMN_SNOTEL_SchofieldPass,0.17369702458381653,0.19495707750320435,251.91624450683594,257.5476379394531,2.67209792137146,2019
ISMN_SNOTEL_RoughAndTumble,0.13177120685577393,0.1504514217376709,247.29112243652344,258.7911376953125,3.144444704055786,2019
ISMN_SNOTEL_ParkReservoir,0.16872340440750122,0.1768558919429779,248.2041473388672,258.8119201660156,4.594421863555908,2019
ISMN_SNOTEL_BuckskinJoe,0.15100084245204926,0.1789160817861557,249.2806396484375,258.0291748046875,4.41033411026001,2019
ISMN_SNOTEL_EastWillowCreek,0.1381562352180481,0.14239977300167084,252.44288635253906,262.07403564453125,0.604515016078949,2019
ISMN_SNOTEL_HoosierPass,0.1490257978439331,0.17336979508399963,248.41990661621094,258.1271057128906,4.085973262786865,2019
ISMN_SNOTEL_FremontPass,0.17064322531223297,0.2072179615497589,251.23963928222656,258.2265319824219,6.562633991241455,2019
ISMN_SNOTEL_MichiganCreek,0.15540865063667297,0.1848297268152237,249.84080505371094,258.6712646484375,5.225266933441162,2019
ISMN_iRON_GlenwoodSprings,0.1590317338705063,0.17730183899402618,250.771484375,258.77032470703125,2.8639872074127197,2019
ISMN_SNOTEL_JackwhackerGulch,0.15612953901290894,0.18789982795715332,251.64930725097656,259.2495422363281,5.849353790283203,2019
ISMN_SNOTEL_SummitRanch,0.15783655643463135,0.1867249310016632,252.0942840576172,258.9051208496094,6.477484703063965,2019
ISMN_SNOTEL_JonesPass,0.15895578265190125,0.19792720675468445,252.8119354248047,259.1359558105469,6.427138328552246,2019
ISMN_SNOTEL_MiddleForkCamp,0.17126436531543732,0.20458650588989258,252.16360473632812,259.1543884277344,7.2930121421813965,2019
ISMN_SNOTEL_BerthoudSummit,0.16203933954238892,0.198567196726799,253.13206481933594,259.6366882324219,6.541959762573242,2019
ISMN_SNOTEL_BurroMountain,0.1788627654314041,0.20153728127479553,249.41851806640625,257.83282470703125,5.393618583679199,2019
ISMN_SCAN_Bushland#1,0.16143305599689484,0.15953053534030914,235.4593048095703,259.72784423828125,0.5407172441482544,2019
ISMN_USCRN_Goodwell-2-SE,0.12662452459335327,0.13708488643169403,241.742431640625,264.1080322265625,0.5309229493141174,2019
ISMN_USCRN_Goodwell-2-E,0.12662452459335327,0.13708488643169403,241.742431640625,264.1080322265625,0.5309229493141174,2019
ISMN_SCAN_FortReno#1,0.20847401022911072,0.20396630465984344,224.90805053710938,251.04673767089844,1.0254340171813965,2019
ISMN_ARM_Tryon,0.2705065608024597,0.2626175880432129,224.15139770507812,245.75523376464844,1.0783745050430298,2019
ISMN_ARM_Marshall,0.24528853595256805,0.2362397015094757,219.30499267578125,245.91297912597656,0.9291146397590637,2019
ISMN_USCRN_Stillwater-2-W,0.28067031502723694,0.27849215269088745,219.1843719482422,243.59918212890625,1.2141269445419312,2019
ISMN_USCRN_Stillwater-5-WNW,0.27547240257263184,0.2699079215526581,219.24136352539062,243.97508239746094,1.1672435998916626,2019
ISMN_ARM_Waukomis,0.20983843505382538,0.20287169516086578,224.04986572265625,251.1688995361328,1.4357874393463135,2019
ISMN_ARM_Morrison,0.2775678336620331,0.2716834247112274,215.89747619628906,241.9713897705078,0.9524180293083191,2019
ISMN_ARM_Ringwood,0.18865731358528137,0.18517562747001648,228.3216552734375,254.0074005126953,1.0720585584640503,2019
ISMN_ARM_Lamont-CF1,0.23653574287891388,0.22742871940135956,214.52259826660156,244.68234252929688,1.2235112190246582,2019
ISMN_ARM_Lamont-CF2,0.23653574287891388,0.22742871940135956,214.52259826660156,244.68234252929688,1.2235112190246582,2019
ISMN_ARM_Pawhuska,0.2810876965522766,0.27942031621932983,213.5881805419922,240.4385223388672,1.0203531980514526,2019
ISMN_ARM_Byron,0.2013261467218399,0.1977616548538208,225.1868438720703,251.63311767578125,1.138755440711975,2019
ISMN_ARM_Newkirk,0.2617669403553009,0.2552376985549927,211.4547119140625,240.88925170898438,1.0419201850891113,2019
ISMN_ARM_Tyro,0.3054143488407135,0.29806551337242126,212.33731079101562,238.18722534179688,1.075435757637024,2019
ISMN_SCAN_Abrams,0.26573827862739563,0.25676146149635315,211.51092529296875,240.816650390625,1.2342854738235474,2019
ISMN_ARM_Ashton,0.24749141931533813,0.23884357511997223,212.7334747314453,242.76486206054688,1.4074642658233643,2019
ISMN_ARM_Anthony,0.20182421803474426,0.19639448821544647,224.42445373535156,251.16525268554688,1.3537464141845703,2019
ISMN_SCAN_CentraliaLake,0.2728404402732849,0.27274757623672485,216.68182373046875,243.50257873535156,1.5144355297088623,2019
ISMN_SCAN_Phillipsburg,0.19459092617034912,0.2046145647764206,228.37730407714844,252.35398864746094,0.7602409720420837,2019
ISMN_SCAN_UapbPointRemove,0.33360961079597473,0.32453152537345886,235.50941467285156,250.14830017089844,3.7592012882232666,2019
ISMN_USCRN_Batesville-8-WNW,0.2727263867855072,0.2894739508628845,245.3157501220703,256.7557067871094,6.859142303466797,2019
ISMN_SCAN_JournaganRanch,0.2535593509674072,0.2681073546409607,240.41986083984375,253.6975860595703,5.317571640014648,2019
ISMN_SCAN_LTSP,0.29157352447509766,0.3083486258983612,254.62081909179688,261.66448974609375,11.081697463989258,2019
ISMN_USCRN_Joplin-24-N,0.3265824019908905,0.32159167528152466,211.630615234375,237.48179626464844,2.0943751335144043,2019
ISMN_SCAN_SinkinForest,0.3147679269313812,0.3431330621242523,253.47740173339844,261.012451171875,11.278746604919434,2019
ISMN_USCRN_Salem-10-W,0.21482598781585693,0.22986166179180145,244.2459716796875,256.0148620605469,4.768101215362549,2019
ISMN_SCAN_CarverFarm,0.30148980021476746,0.30642274022102356,231.2245330810547,247.221435546875,3.21515154838562,2019
ISMN_SCAN_PowellGardens,0.3053874373435974,0.30885958671569824,221.76544189453125,243.3998565673828,2.6379268169403076,2019
ISMN_SCAN_ElsberryPMC,0.3481295108795166,0.3441365361213684,222.97976684570312,242.5745086669922,4.289009094238281,2019
ISMN_SCAN_AllenFarms,0.2598898708820343,0.2652265727519989,238.6534881591797,253.31802368164062,3.627734661102295,2019
ISMN_SCAN_EastviewFarm,0.26943305134773254,0.27733033895492554,240.11410522460938,253.92259216308594,4.641952037811279,2019
ISMN_USCRN_Crossville-7-NW,0.3012421131134033,0.3208070397377014,246.38453674316406,256.5438232421875,8.350464820861816,2019
ISMN_SCAN_Princeton#1,0.2830464243888855,0.2950599193572998,235.39602661132812,251.1506805419922,3.973611831665039,2019
ISMN_SCAN_MammothCave,0.30623364448547363,0.31360575556755066,233.9920196533203,250.2974395751953,5.783729076385498,2019
ISMN_USCRN_Bedford-5-WNW,0.26198914647102356,0.26764246821403503,240.3373260498047,252.51051330566406,4.786741256713867,2019
ISMN_SCAN_ReynoldsHomestead,0.34203243255615234,0.36002224683761597,249.517333984375,258.1178283691406,10.121582984924316,2019
ISMN_USCRN_Durham-11-W,0.31795626878738403,0.31564241647720337,245.72325134277344,257.1103820800781,7.770679473876953,2019
ISMN_SCAN_TidewaterArec,0.26084965467453003,0.25885501503944397,240.6363525390625,254.30865478515625,4.698404312133789,2019
ISMN_SCAN_Shenandoah,0.26288604736328125,0.28081661462783813,248.06539916992188,257.5235595703125,8.00800895690918,2019
ISMN_USCRN_Elkins-21-ENE,0.3469058871269226,0.38561809062957764,253.45687866210938,258.8739318847656,11.761343955993652,2019
ISMN_SCAN_PowderMill,,,243.04257202148438,258.65887451171875,4.825250625610352,2019
ISMN_ROMPS_Maidanak,0.20956282317638397,0.20243628323078156,233.2830047607422,250.97323608398438,0.3660392463207245,2019
ISMN_ROMPS_AbramovGlacier,0.17428463697433472,0.21786901354789734,250.688232421875,254.8436737060547,0.04804883524775505,2019
ISMN_SCAN_EagleLake,0.2742665708065033,0.28371167182922363,237.65769958496094,250.4458465576172,6.504016876220703,2019
ISMN_SNOTEL_FredonyerPeak,0.16616743803024292,0.17345580458641052,241.8834991455078,256.4810791015625,2.061352491378784,2019
ISMN_SCAN_AshValley,0.19242626428604126,0.1956910341978073,239.0611572265625,253.5525360107422,2.4730687141418457,2019
ISMN_SNOTEL_StateLine,0.22677744925022125,0.22769923508167267,236.3648681640625,252.373291015625,4.75087833404541,2019
ISMN_SNOTEL_QuartzMountain,0.21025687456130981,0.2227829098701477,243.2417755126953,254.8025665283203,7.083908557891846,2019
ISMN_SCAN_LovelockNNR,0.15977290272712708,0.1676643043756485,228.68934631347656,254.15655517578125,0.2722081243991852,2019
ISMN_SNOTEL_CorralCanyon,0.1387348622083664,0.15146154165267944,239.49258422851562,256.5455017089844,0.36535781621932983,2019
ISMN_SNOTEL_LewisPeak,0.11650128662586212,0.12851817905902863,242.2595977783203,260.9739990234375,0.24371634423732758,2019
ISMN_SNOTEL_GreenMountain,0.1420903354883194,0.15585115551948547,239.12786865234375,256.2088623046875,0.35141339898109436,2019
ISMN_SNOTEL_Lamoille#3,0.15141357481479645,0.16466344892978668,239.78787231445312,256.0496826171875,0.5243987441062927,2019
ISMN_SNOTEL_PoleCanyon,0.1395837664604187,0.15317294001579285,239.37130737304688,257.3148193359375,0.35873886942863464,2019
ISMN_SNOTEL_DryCreek,0.1506642997264862,0.16312329471111298,238.7395477294922,256.0777282714844,0.4941130578517914,2019
ISMN_SCAN_Buckhorn,0.1504582166671753,0.15869344770908356,237.58851623535156,256.42138671875,0.2712962329387665,2019
ISMN_SNOTEL_Golconda,0.10921776294708252,0.11994989216327667,242.90841674804688,261.4830322265625,0.26952168345451355,2019
ISMN_SNOTEL_DorseyBasin,0.1506642997264862,0.16312329471111298,238.7395477294922,256.0777282714844,0.4941130578517914,2019
ISMN_SNOTEL_Hole-in-Mountain,0.14609460532665253,0.15910804271697998,238.83631896972656,256.8570251464844,0.41746851801872253,2019
ISMN_SNOTEL_TaylorCanyon,0.120063915848732,0.12607000768184662,242.65213012695312,259.0740966796875,0.30045396089553833,2019
ISMN_SNOTEL_ToeJam,0.1231846958398819,0.13005082309246063,242.8921356201172,258.9659423828125,0.36510056257247925,2019
ISMN_SNOTEL_SummitLk,0.11278335750102997,0.1206170916557312,242.4904327392578,260.78704833984375,0.2034609615802765,2019
ISMN_SNOTEL_JacksPeak,0.13751329481601715,0.14404575526714325,242.3345947265625,257.65814208984375,0.4309004247188568,2019
ISMN_SNOTEL_LamanceCreek,0.1140841543674469,0.12653973698616028,243.0455322265625,260.8150939941406,0.32900190353393555,2019
ISMN_SNOTEL_JackCreekUpper,0.13751329481601715,0.14404575526714325,242.3345947265625,257.65814208984375,0.4309004247188568,2019
ISMN_SNOTEL_FryCanyon,0.1325671374797821,0.14013627171516418,241.95901489257812,257.4184875488281,0.4047488272190094,2019
ISMN_SNOTEL_DrawCreek,0.12821513414382935,0.13994526863098145,244.0692901611328,258.46563720703125,0.417347252368927,2019
ISMN_SNOTEL_SeventysixCreek,0.12938089668750763,0.13982054591178894,244.99037170410156,258.3354797363281,0.4896596074104309,2019
ISMN_SNOTEL_BuckskinLower,0.11683112382888794,0.12565889954566956,244.2355499267578,260.77239990234375,0.3030557930469513,2019
ISMN_SNOTEL_LaurelDraw,0.14643368124961853,0.15403304994106293,240.70623779296875,256.40972900390625,0.4996316134929657,2019
ISMN_SNOTEL_FawnCreek,0.14845162630081177,0.15862034261226654,239.86807250976562,256.21087646484375,0.4910488426685333,2019
ISMN_SNOTEL_BearCreek,0.12938089668750763,0.13982054591178894,244.99037170410156,258.3354797363281,0.4896596074104309,2019
ISMN_SNOTEL_ONeilCreek,0.12218283861875534,0.13251550495624542,243.18646240234375,259.16302490234375,0.2888043224811554,2019
ISMN_SNOTEL_PoleCreekR.S.,0.1224982813000679,0.1354375183582306,244.2504425048828,258.68414306640625,0.4350373148918152,2019
ISMN_SNOTEL_Sheldon,0.11362794786691666,0.11444047838449478,242.64353942871094,260.6322937011719,0.23856768012046814,2019
ISMN_SNOTEL_DisasterPeak,0.11564251780509949,0.12297852337360382,242.578369140625,260.4551696777344,0.28540483117103577,2019
ISMN_SNOTEL_WilsonCreek,0.12306356430053711,0.13220471143722534,241.6898193359375,258.8741455078125,0.37878793478012085,2019
ISMN_SNOTEL_MudFlat,0.14139807224273682,0.1420394778251648,242.30316162109375,258.29473876953125,0.7169219851493835,2019
ISMN_SNOTEL_SouthMtn.,0.1463932991027832,0.15119710564613342,243.02964782714844,257.7566833496094,1.5353822708129883,2019
ISMN_SNOTEL_ReynoldsCreek,0.12815138697624207,0.13473209738731384,240.7021026611328,259.562744140625,0.39481067657470703,2019
ISMN_SCAN_OrchardRangeSite,0.11145458370447159,0.12327179312705994,242.96531677246094,263.17327880859375,0.38490936160087585,2019
ISMN_SNOTEL_AtlantaSummit,0.17749682068824768,0.20994944870471954,254.44265747070312,259.22784423828125,4.476058006286621,2019
ISMN_SNOTEL_RockSprings,0.19717532396316528,0.20936739444732666,245.71719360351562,256.587890625,6.903294086456299,2019
ISMN_SNOTEL_BannerSummit,0.23392309248447418,0.29403647780418396,252.5390625,258.4209899902344,7.425853252410889,2019
ISMN_USCRN_John-Day-35-WNW,0.1825450360774994,0.19032423198223114,242.9561004638672,256.1104431152344,2.8100459575653076,2019
ISMN_SNOTEL_LongValley,0.2357068806886673,0.2899865508079529,249.56399536132812,257.4135437011719,8.864798545837402,2019
ISMN_SNOTEL_Bourne,0.21416355669498444,0.23622123897075653,246.5537109375,256.49359130859375,8.627635955810547,2019
ISMN_SNOTEL_HobbleCreek,0.17390930652618408,0.18921348452568054,248.48167419433594,258.077880859375,2.0961062908172607,2019
ISMN_SNOTEL_CascadeMountain,0.1540372371673584,0.16083264350891113,248.07376098632812,259.8238220214844,1.8717806339263916,2019
ISMN_SNOTEL_Daniels-Strawberry,0.16810059547424316,0.1880403310060501,249.8243408203125,258.4854736328125,1.9628607034683228,2019
ISMN_SNOTEL_CurrantCreek,0.16757062077522278,0.19042149186134338,250.17274475097656,258.8031311035156,1.9232076406478882,2019
ISMN_SCAN_MountainHome,0.13391919434070587,0.1452169418334961,245.45567321777344,259.0621032714844,0.6492210626602173,2019
ISMN_SNOTEL_TimpanogosDivide,0.13706138730049133,0.14615701138973236,249.7994384765625,260.5018615722656,1.994642972946167,2019
ISMN_SNOTEL_RockyBasin-Settleme,0.15814101696014404,0.16418534517288208,238.31520080566406,255.81060791015625,0.7281615734100342,2019
ISMN_SNOTEL_BevansCabin,0.15814101696014404,0.16418534517288208,238.31520080566406,255.81060791015625,0.7281615734100342,2019
ISMN_SNOTEL_WolfCreekPeak,0.16999337077140808,0.18980897963047028,249.8076629638672,258.2704162597656,2.4044344425201416,2019
ISMN_SNOTEL_MiningFork,0.16556872427463531,0.1680290251970291,234.47161865234375,253.88436889648438,0.5355319380760193,2019
ISMN_SNOTEL_DryFork,0.17584112286567688,0.175629124045372,235.43792724609375,253.5772247314453,0.9006814956665039,2019
ISMN_SNOTEL_Snowbird,0.13489949703216553,0.13911816477775574,249.0808563232422,260.89837646484375,2.766321897506714,2019
ISMN_SNOTEL_BrownDuck,0.16278749704360962,0.180032417178154,249.06982421875,257.7545471191406,3.534761428833008,2019
ISMN_SCAN_Grantsville,0.28340965509414673,0.2932998239994049,220.60751342773438,240.28257751464844,0.4760203957557678,2019
ISMN_SNOTEL_Lakefork#1,0.15705417096614838,0.17637449502944946,248.13661193847656,256.9505920410156,3.1400110721588135,2019
ISMN_SNOTEL_Brighton,0.14763100445270538,0.16339914500713348,249.29981994628906,259.73388671875,2.4084436893463135,2019
ISMN_SNOTEL_BeaverDivide,0.1860000491142273,0.20875899493694305,248.1505126953125,256.954345703125,3.985044240951538,2019
ISMN_SNOTEL_ThaynesCanyon,0.1585673689842224,0.17663347721099854,249.01731872558594,258.8592529296875,1.8778632879257202,2019
ISMN_SNOTEL_Mill-DNorth,0.14763100445270538,0.16339914500713348,249.29981994628906,259.73388671875,2.4084436893463135,2019
ISMN_SNOTEL_ReddenMineLwr,0.18178677558898926,0.20218658447265625,247.70339965820312,257.1065979003906,3.129209518432617,2019
ISMN_SNOTEL_TrialLake,0.18439236283302307,0.20686815679073334,248.9397430419922,256.84173583984375,4.7571234703063965,2019
ISMN_SNOTEL_ParleysUpper,0.14763100445270538,0.16339914500713348,249.29981994628906,259.73388671875,2.4084436893463135,2019
ISMN_SNOTEL_FivePointsLake,0.15705417096614838,0.17637449502944946,248.13661193847656,256.9505920410156,3.1400110721588135,2019
ISMN_SNOTEL_LakeforkBasin,0.1735157072544098,0.19100013375282288,249.0389862060547,256.9342956542969,3.6361289024353027,2019
ISMN_SNOTEL_ParleysSummit,0.15409843623638153,0.1703697144985199,248.50628662109375,259.1553039550781,2.326144218444824,2019
ISMN_SNOTEL_Chepeta,0.15960964560508728,0.17604219913482666,248.639404296875,258.2392272949219,5.566587448120117,2019
ISMN_SNOTEL_SmithMorehouse,0.18302671611309052,0.2029200941324234,247.51869201660156,256.7863464355469,3.516908645629883,2019
ISMN_SNOTEL_HaydenFork,0.18711648881435394,0.2074183076620102,248.03359985351562,256.4066467285156,4.806326866149902,2019
ISMN_SNOTEL_LouisMeadow,0.181777223944664,0.18267114460468292,241.70127868652344,256.34954833984375,2.332477569580078,2019
ISMN_SNOTEL_LookoutPeak,0.1721448302268982,0.1789906769990921,245.62472534179688,257.8417053222656,2.4648070335388184,2019
ISMN_SNOTEL_SpiritLk,0.15409690141677856,0.17176081240177155,247.8583984375,258.11907958984375,4.493843078613281,2019
ISMN_SNOTEL_BuckPasture,0.19073373079299927,0.21043547987937927,247.13156127929688,256.0723876953125,4.704614639282227,2019
ISMN_SNOTEL_LilyLake,0.1843200922012329,0.20686893165111542,246.91876220703125,256.144775390625,4.29472017288208,2019
ISMN_SNOTEL_Hardscrabble,0.1721448302268982,0.1789906769990921,245.62472534179688,257.8417053222656,2.4648070335388184,2019
ISMN_SNOTEL_EFBlacksForkGS,0.19318215548992157,0.2099321037530899,247.05990600585938,256.1618957519531,4.946335792541504,2019
ISMN_SNOTEL_BearRiverRS,0.1843200922012329,0.20686893165111542,246.91876220703125,256.144775390625,4.29472017288208,2019
ISMN_SNOTEL_ChalkCreek#2,0.18459688127040863,0.20484896004199982,246.72398376464844,256.4066162109375,3.675004243850708,2019
ISMN_SNOTEL_SteelCreekPark,0.17761662602424622,0.19825856387615204,247.08628845214844,256.1857604980469,4.709517478942871,2019
ISMN_SNOTEL_Hewinta,0.1805814653635025,0.1950342208147049,245.69309997558594,256.3288269042969,5.091610908508301,2019
ISMN_SCAN_Morgan,0.17016418278217316,0.18163447082042694,244.909912109375,256.9545593261719,1.608583927154541,2019
ISMN_SNOTEL_LostCreekResv,0.16269181668758392,0.1827813684940338,246.95590209960938,257.9457092285156,0.8010738492012024,2019
ISMN_SNOTEL_HorseRidge,0.16489407420158386,0.18808701634407043,247.25616455078125,257.7790222167969,1.0290420055389404,2019
ISMN_SCAN_BuffaloJump,0.1476031243801117,0.1653250902891159,243.77383422851562,257.73809814453125,0.4475117623806,2019
ISMN_SNOTEL_LightningRidge,0.16489407420158386,0.18808701634407043,247.25616455078125,257.7790222167969,1.0290420055389404,2019
ISMN_SNOTEL_DryBreadPond,0.16253145039081573,0.1839415431022644,247.07415771484375,257.5317077636719,0.8697822690010071,2019
ISMN_SNOTEL_MonteCristo,0.16253145039081573,0.1839415431022644,247.07415771484375,257.5317077636719,0.8697822690010071,2019
ISMN_SNOTEL_BugLake,0.16975660622119904,0.19140100479125977,246.18795776367188,257.0056457519531,1.8538684844970703,2019
ISMN_SCAN_ParkValley,0.1607864797115326,0.17809975147247314,230.1396026611328,252.19712829589844,0.27270007133483887,2019
ISMN_SCAN_GrouseCreek,0.12940599024295807,0.13893680274486542,240.89695739746094,258.197998046875,0.39389878511428833,2019
ISMN_SNOTEL_TempleFork,0.17121896147727966,0.19254523515701294,245.89427185058594,256.916748046875,1.8624423742294312,2019
ISMN_SCAN_CacheJunction,0.20879587531089783,0.21195386350154877,231.29788208007812,250.32481384277344,0.8759441375732422,2019
ISMN_SNOTEL_UsuDocDaniel,0.17121896147727966,0.19254523515701294,245.89427185058594,256.916748046875,1.8624423742294312,2019
ISMN_SNOTEL_TonyGroveRS,0.17018398642539978,0.18916043639183044,245.59771728515625,256.8457946777344,1.85211980342865,2019
ISMN_SNOTEL_TonyGroveLake,0.1827796995639801,0.2004760056734085,244.3892822265625,255.60589599609375,2.0433852672576904,2019
ISMN_SNOTEL_GeorgeCreek,0.13250476121902466,0.1430143564939499,238.1525421142578,257.40582275390625,0.38702401518821716,2019
ISMN_SNOTEL_GardenCitySummit,0.17018398642539978,0.18916043639183044,245.59771728515625,256.8457946777344,1.85211980342865,2019
ISMN_SCAN_BlueCreek,0.17553725838661194,0.18169048428535461,231.1647186279297,251.75022888183594,0.3772239089012146,2019
ISMN_SNOTEL_KlondikeNarrows,0.18470045924186707,0.19824782013893127,243.6558380126953,255.1958770751953,2.236778497695923,2019
ISMN_SNOTEL_MagicMountain,0.13732102513313293,0.14959876239299774,242.17518615722656,258.3373718261719,0.5571697354316711,2019
ISMN_SNOTEL_KelleyR.S.,0.167138010263443,0.18366548418998718,245.08741760253906,256.90557861328125,1.608141541481018,2019
ISMN_SNOTEL_Giveout,0.1787908971309662,0.1943902224302292,244.02139282226562,255.60580444335938,1.3708131313323975,2019
ISMN_SNOTEL_SaltRiverSummit,0.18091967701911926,0.1993108093738556,247.0199737548828,256.2171630859375,1.9950058460235596,2019
ISMN_SNOTEL_WildhorseDivide,0.13090385496616364,0.14433513581752777,243.14402770996094,259.6639404296875,0.721329927444458,2019
ISMN_SNOTEL_TriplePeak,0.19249023497104645,0.22332654893398285,247.5139617919922,256.6331481933594,5.768596172332764,2019
ISMN_SNOTEL_SomsenRanch,0.1922684907913208,0.21065877377986908,241.91741943359375,254.65415954589844,1.8224626779556274,2019
ISMN_SNOTEL_EastRimDivide,0.1839517056941986,0.1997177004814148,244.904052734375,256.03839111328125,4.036687850952148,2019
ISMN_SNOTEL_GraniteCreek,0.1922362744808197,0.21625332534313202,248.4467010498047,256.27001953125,5.402613162994385,2019
ISMN_SNOTEL_CouchSummit,0.1379941999912262,0.15789546072483063,250.87745666503906,259.19219970703125,2.427154779434204,2019
ISMN_SNOTEL_SwedePeak,0.1371728479862213,0.15552689135074615,249.93580627441406,259.2848815917969,1.1223641633987427,2019
ISMN_SNOTEL_BearCanyon,0.13692569732666016,0.15732358396053314,250.13804626464844,259.3083190917969,1.3024637699127197,2019
ISMN_SNOTEL_ChocolateGulch,0.14884459972381592,0.17896156013011932,254.02301025390625,260.11737060546875,3.420719623565674,2019
ISMN_SNOTEL_GrandTarghee,0.1864778995513916,0.20445643365383148,246.20245361328125,255.32687377929688,4.321905612945557,2019
ISMN_SNOTEL_GalenaSummit,0.16909199953079224,0.20878328382968903,254.27554321289062,259.6488037109375,4.003159999847412,2019
ISMN_SNOTEL_SnakeRiverStation,0.19637486338615417,0.22337423264980316,251.81472778320312,258.75885009765625,5.856518745422363,2019
ISMN_SNOTEL_LewisLakeDivide,0.19637486338615417,0.22337423264980316,251.81472778320312,258.75885009765625,5.856518745422363,2019
ISMN_SNOTEL_ThumbDivide,0.22979405522346497,0.25156718492507935,256.77447509765625,262.8313293457031,7.275729179382324,2019
ISMN_SNOTEL_IslandPark,0.22266894578933716,0.24405178427696228,247.4686737060547,257.2586364746094,8.026653289794922,2019
ISMN_SNOTEL_CrabCreek,0.15852640569210052,0.17626404762268066,243.00003051757812,257.56195068359375,3.4769668579101562,2019
ISMN_SNOTEL_HighLonesome,0.15306144952774048,0.18030783534049988,252.6891326904297,259.5894470214844,5.426130771636963,2019
ISMN_SNOTEL_Sawtooth,0.1460396945476532,0.17391113936901093,252.9642791748047,260.7103271484375,7.311500072479248,2019
ISMN_SNOTEL_WildBasin,0.1607619822025299,0.19892188906669617,253.08367919921875,259.8847961425781,7.33306360244751,2019
ISMN_SNOTEL_StillwaterCreek,0.16576433181762695,0.192235067486763,252.5039520263672,259.745361328125,6.850497722625732,2019
ISMN_SNOTEL_ArapahoRidge,0.1582847535610199,0.17624816298484802,247.4878387451172,257.9071044921875,4.402021408081055,2019
ISMN_SCAN_SplitMountain,0.10988877713680267,0.1116582602262497,246.13934326171875,262.28857421875,0.22308136522769928,2019
ISMN_SNOTEL_PhantomValley,0.18927040696144104,0.2293979376554489,252.60284423828125,259.42510986328125,8.985260963439941,2019
ISMN_SNOTEL_LongDrawResv,0.1640070080757141,0.20283976197242737,252.13162231445312,259.2094421386719,7.984841346740723,2019
ISMN_SNOTEL_DryLake,0.18740591406822205,0.20980426669120789,244.7061004638672,254.87428283691406,5.717981815338135,2019
ISMN_SNOTEL_MosbyMtn.,0.14147792756557465,0.15626761317253113,248.2129669189453,259.05780029296875,4.657851696014404,2019
ISMN_SNOTEL_KingsCabin,0.12547458708286285,0.1380900889635086,247.6006622314453,260.530517578125,1.8611558675765991,2019
ISMN_SNOTEL_TroutCreek,0.1354563981294632,0.15252451598644257,248.50390625,260.129638671875,4.4885478019714355,2019
ISMN_SNOTEL_Zirkel,0.15903247892856598,0.17617228627204895,243.7950897216797,255.77078247070312,2.9306838512420654,2019
ISMN_SNOTEL_LostDog,0.18073402345180511,0.2021639198064804,245.63699340820312,255.0895233154297,5.9354777336120605,2019
ISMN_SNOTEL_HickersonPark,0.15409690141677856,0.17176081240177155,247.8583984375,258.11907958984375,4.493843078613281,2019
ISMN_SNOTEL_BlackhallMtn,0.16890425980091095,0.19274313747882843,245.96620178222656,256.7821044921875,5.964670658111572,2019
ISMN_SNOTEL_LittleSnakeRiver,0.19544805586338043,0.22403697669506073,246.85902404785156,256.2637634277344,8.35985279083252,2019
ISMN_SNOTEL_CinnabarPark,0.1615031361579895,0.18593041598796844,245.4923553466797,257.6278076171875,7.563052654266357,2019
ISMN_SNOTEL_SouthBrushCreek,0.16377435624599457,0.18717342615127563,245.2266387939453,257.0928649902344,6.0120158195495605,2019
ISMN_SNOTEL_BrooklynLake,0.1577681005001068,0.18068967759609222,244.47256469726562,257.02398681640625,6.740077018737793,2019
ISMN_SNOTEL_MedBow,0.17932680249214172,0.2055848091840744,246.03517150878906,257.118408203125,8.197468757629395,2019
ISMN_SNOTEL_SageCreekBasin,0.1271582990884781,0.13926181197166443,242.2715606689453,258.3193359375,1.7997031211853027,2019
ISMN_SNOTEL_WindyPeak,0.14372487366199493,0.15858204662799835,239.9815216064453,256.0964660644531,1.2989342212677002,2019
ISMN_SNOTEL_BigSandyOpening,0.14447477459907532,0.1654970496892929,246.4779510498047,257.0042419433594,3.21746826171875,2019
ISMN_SNOTEL_PocketCreek,0.1622447520494461,0.1842307448387146,245.53707885742188,255.87339782714844,3.4972310066223145,2019
ISMN_SCAN_CPER,0.11285635828971863,0.12033218890428543,237.3591766357422,260.8111877441406,0.4017947316169739,2019
ISMN_SCAN_Nunn#1,0.11193040013313293,0.1220262348651886,236.69320678710938,260.462890625,0.29485902190208435,2019
ISMN_SCAN_Torrington#1,0.1416257619857788,0.15578986704349518,233.28741455078125,256.5352478027344,0.49647286534309387,2019
ISMN_SCAN_RogersFarm#1,0.24676698446273804,0.24525712430477142,225.96221923828125,249.20272827148438,1.5566790103912354,2019
ISMN_SCAN_ShagbarkHills,0.21873009204864502,0.22369419038295746,232.34768676757812,252.41583251953125,1.455000638961792,2019
ISMN_SCAN_Spickard,0.3188822269439697,0.3156849443912506,220.7583770751953,242.63987731933594,2.500033140182495,2019
ISMN_SCAN_Ames,0.22839850187301636,0.22404131293296814,227.5721893310547,250.06802368164062,1.4845608472824097,2019
ISMN_SCAN_UWPlatteville,0.2788688540458679,0.27971839904785156,227.3809814453125,246.98037719726562,2.252871513366699,2019
ISMN_SCAN_MahantangoCk,0.2678276300430298,0.2822239398956299,242.4420928955078,254.52102661132812,7.573668956756592,2019
ISMN_SCAN_RockSpringsPa,0.2727924883365631,0.28567609190940857,245.89950561523438,255.78147888183594,8.635210037231445,2019
ISMN_SCAN_Geneva#1,0.2524062395095825,0.2559390366077423,230.70497131347656,247.65162658691406,3.0681087970733643,2019
ISMN_SCAN_LyeBrook,0.370059609413147,0.40735578536987305,250.9539794921875,256.72344970703125,11.82472038269043,2019
ISMN_SCAN_HubbardBrook,0.4173411726951599,0.4624139964580536,251.9874267578125,257.1129455566406,12.051264762878418,2019
ISMN_REMEDHUS_Canizal,0.11789955198764801,0.1121373325586319,243.75038146972656,265.0634765625,1.0478368997573853,2019
ISMN_REMEDHUS_LasEritas,0.11789955198764801,0.1121373325586319,243.75038146972656,265.0634765625,1.0478368997573853,2019
ISMN_REMEDHUS_Carretoro,0.11789955198764801,0.1121373325586319,243.75038146972656,265.0634765625,1.0478368997573853,2019
ISMN_REMEDHUS_LasTresRayas,0.13859404623508453,0.13318760693073273,239.6087646484375,262.0406799316406,1.2700119018554688,2019
ISMN_REMEDHUS_LaCruzdeElias,0.11624519526958466,0.11101309210062027,243.85067749023438,265.13787841796875,1.0172358751296997,2019
ISMN_REMEDHUS_Guarrati,0.12117277830839157,0.11592051386833191,243.3182373046875,264.7718811035156,1.0888220071792603,2019
ISMN_REMEDHUS_Granja-g,0.11789955198764801,0.1121373325586319,243.75038146972656,265.0634765625,1.0478368997573853,2019
ISMN_REMEDHUS_ElTomillar,0.12211347371339798,0.11648638546466827,243.54214477539062,264.565673828125,0.9982789158821106,2019
ISMN_REMEDHUS_LlanosdelaBoveda,0.11569999903440475,0.10994048416614532,244.4315185546875,265.27239990234375,0.9831570982933044,2019
ISMN_REMEDHUS_LasArenas,0.13089238107204437,0.1239686906337738,241.77340698242188,263.22198486328125,1.0930347442626953,2019
ISMN_REMEDHUS_ElCoto,0.12211347371339798,0.11648638546466827,243.54214477539062,264.565673828125,0.9982789158821106,2019
ISMN_REMEDHUS_CasaPeriles,0.11569999903440475,0.10994048416614532,244.4315185546875,265.27239990234375,0.9831570982933044,2019
ISMN_REMEDHUS_LasVictorias,0.12040097266435623,0.11408120393753052,244.23524475097656,264.8356018066406,1.0215398073196411,2019
ISMN_REMEDHUS_LasBrozas,0.12040097266435623,0.11408120393753052,244.23524475097656,264.8356018066406,1.0215398073196411,2019
ISMN_REMEDHUS_Paredinas,0.12040097266435623,0.11408120393753052,244.23524475097656,264.8356018066406,1.0215398073196411,2019
ISMN_SMOSMANIA_Urgons,0.23475754261016846,0.23640461266040802,243.1497039794922,257.0282287597656,2.6388673782348633,2019
ISMN_SMOSMANIA_CreondArmagnac,0.23442387580871582,0.23507100343704224,249.04159545898438,259.7947082519531,6.705798149108887,2019
ISMN_SMOSMANIA_Sabres,0.21864859759807587,0.21711914241313934,250.92523193359375,261.3056335449219,4.204474925994873,2019
ISMN_FR_Aqui_fraye,0.2554900050163269,0.246343731880188,249.83639526367188,260.3880310058594,7.185695648193359,2019
ISMN_FR_Aqui_hillan2,0.2485925257205963,0.24436692893505096,250.28573608398438,260.89031982421875,6.991127967834473,2019
ISMN_FR_Aqui_parcmeteo,0.24927465617656708,0.23982954025268555,245.50396728515625,257.831298828125,4.849606513977051,2019
ISMN_XMS-CAT_RiberadeSio,0.1751687228679657,0.17606548964977264,242.6192626953125,261.93939208984375,1.8866575956344604,2019
ISMN_XMS-CAT_ElMiracle,0.18653763830661774,0.19641761481761932,248.5570068359375,262.8044738769531,2.3791372776031494,2019
ISMN_XMS-CAT_Clarella,0.18357527256011963,0.20137928426265717,256.3832092285156,265.0639343261719,8.404389381408691,2019
ISMN_XMS-CAT_LosCoscolls,0.20494407415390015,0.21515607833862305,250.9454345703125,261.1260986328125,3.4360129833221436,2019
ISMN_XMS-CAT_CamidelsNerets,0.19727958738803864,0.20812387764453888,250.62030029296875,261.0447998046875,2.9118475914001465,2019
ISMN_XMS-CAT_ClotdelesPeresII,0.19986191391944885,0.20786233246326447,250.41481018066406,261.0359802246094,3.065154552459717,2019
ISMN_XMS-CAT_ColldePaller,0.22448518872261047,0.24549032747745514,252.069091796875,261.0911865234375,5.721953868865967,2019
ISMN_XMS-CAT_SerradeCostaAmpla,0.21267059445381165,0.22518034279346466,251.10377502441406,260.1639099121094,3.9881317615509033,2019
ISMN_XMS-CAT_Pessonada,0.21470782160758972,0.22924299538135529,251.61050415039062,260.3197326660156,4.391317367553711,2019
ISMN_XMS-CAT_ElBoixer,0.223598450422287,0.24242369830608368,251.73416137695312,258.66632080078125,4.762502193450928,2019
ISMN_XMS-CAT_BordaColl,0.24333930015563965,0.2721481919288635,254.18258666992188,260.10009765625,8.740381240844727,2019
ISMN_XMS-CAT_BatlliudeSort,0.23317067325115204,0.25832316279411316,252.39608764648438,259.08465576171875,6.572590351104736,2019
ISMN_XMS-CAT_Llivia,0.19725120067596436,0.22555994987487793,251.47021484375,258.60791015625,5.217214584350586,2019
ISMN_XMS-CAT_LaCultiadAreu,0.22206473350524902,0.2572416663169861,254.30209350585938,259.1581726074219,7.415460586547852,2019
ISMN_SMOSMANIA_Mouthoumet,0.2510225474834442,0.2531379461288452,253.60406494140625,262.8866882324219,8.852688789367676,2019
ISMN_SMOSMANIA_Narbonne,0.1856129765510559,0.1902068555355072,248.67245483398438,262.921630859375,2.142629384994507,2019
ISMN_SMOSMANIA_LezignanCorbieres,0.19741111993789673,0.200788214802742,250.6740264892578,262.3100891113281,4.585842132568359,2019
ISMN_SMOSMANIA_Montaut,0.21996428072452545,0.21223381161689758,240.13380432128906,257.44451904296875,1.9102778434753418,2019
ISMN_SMOSMANIA_Prades-le-Lez,0.1766556054353714,0.1951119303703308,248.35049438476562,263.2862243652344,2.6231722831726074,2019
ISMN_SMOSMANIA_Pezenas,0.1766556054353714,0.1951119303703308,248.35049438476562,263.2862243652344,2.6231722831726074,2019
ISMN_SMOSMANIA_Lahas,0.22238732874393463,0.213900625705719,238.81472778320312,257.6621398925781,1.8593883514404297,2019
ISMN_SMOSMANIA_PeyrusseGrande,0.2422725111246109,0.23999391496181488,239.26612854003906,256.3280944824219,2.197761058807373,2019
ISMN_SMOSMANIA_Villevielle,0.2187311202287674,0.22657565772533417,242.3060760498047,259.3009033203125,3.2971129417419434,2019
ISMN_SMOSMANIA_Savenes,0.22175011038780212,0.21258977055549622,238.66539001464844,256.96697998046875,1.9084725379943848,2019
ISMN_SMOSMANIA_Condom,0.23407691717147827,0.2286302149295807,240.46359252929688,257.45635986328125,2.5906224250793457,2019
ISMN_SMOSMANIA_Mejannes-le-Clap,0.22746750712394714,0.22860144078731537,249.52334594726562,261.67584228515625,5.846699237823486,2019
ISMN_SMOSMANIA_LaGrandCombe,0.23621073365211487,0.2605513632297516,253.08090209960938,261.934814453125,8.098546028137207,2019
ISMN_SMOSMANIA_Berzeme,0.23779122531414032,0.24829843640327454,249.0809783935547,259.87445068359375,6.358206748962402,2019
ISMN_SMOSMANIA_Barnas,0.2513340711593628,0.28766095638275146,251.94583129882812,259.91937255859375,9.841520309448242,2019
ISMN_SMOSMANIA_Mazan-Abbaye,0.25777989625930786,0.2948611378669739,250.04930114746094,258.6739807128906,9.981558799743652,2019
ISMN_SMOSMANIA_CabrieresdAvignon,0.2119549959897995,0.2106342613697052,248.29229736328125,261.4073486328125,4.0514373779296875,2019
ISMN_STEMS_CarpenetopermanentGrassCoverTrackposition,0.2407141625881195,0.2481885701417923,248.03785705566406,259.9264831542969,6.107993125915527,2019
ISMN_STEMS_CarpenetopermanentGrassCoverNoTrackposition,0.2407141625881195,0.2481885701417923,248.03785705566406,259.9264831542969,6.107993125915527,2019
ISMN_RSMN_RosioriideVede,0.18767210841178894,0.18025729060173035,241.0727081298828,260.3515319824219,1.8068642616271973,2019
ISMN_RSMN_Bacles,0.20995287597179413,0.2121940553188324,243.4306182861328,258.573974609375,2.505880117416382,2019
ISMN_WATERLINE_Kerasia,0.22015702724456787,0.22806231677532196,247.94984436035156,260.5279541015625,4.667823314666748,2019
ISMN_WATERLINE_Nymfaia,0.21890544891357422,0.2244853377342224,247.69508361816406,260.473876953125,4.379233360290527,2019
ISMN_RSMN_Calarasi,0.1903325617313385,0.19447335600852966,241.46173095703125,260.511474609375,2.060621500015259,2019
ISMN_ROMPS_Kokomeren,0.17549018561840057,0.19332316517829895,250.53045654296875,258.1028137207031,0.3075641095638275,2019
ISMN_ROMPS_Maydantal,0.18564163148403168,0.22218038141727448,250.9131317138672,255.75672912597656,0.25811994075775146,2019
ISMN_ROMPS_GolubinGlacier,0.1871263086795807,0.2207341492176056,246.0895538330078,253.90599060058594,0.4811555743217468,2019
ISMN_SNOTEL_ClackamasLake,0.29117393493652344,0.3335365951061249,251.44680786132812,258.0821838378906,13.505880355834961,2019
ISMN_SNOTEL_Fifteenmile,0.24567152559757233,0.28129369020462036,251.94003295898438,258.3765563964844,12.508332252502441,2019
ISMN_SNOTEL_BlazedAlder,0.3199640214443207,0.35261186957359314,253.64598083496094,258.3753967285156,14.19149112701416,2019
ISMN_SNOTEL_BurntMountain,0.30516138672828674,0.3186870515346527,251.47006225585938,257.3500061035156,13.13267707824707,2019
ISMN_SNOTEL_Trough,0.16323120892047882,0.17314843833446503,246.4407196044922,258.9438781738281,5.080720901489258,2019
ISMN_USCRN_Quinault-4-NE,0.6616431474685669,0.6498302221298218,248.46859741210938,253.1325225830078,14.507041931152344,2019
ISMN_SNOTEL_Buckinghorse,0.3592377007007599,0.4074384868144989,255.04034423828125,257.9407653808594,12.338905334472656,2019
ISMN_SNOTEL_BrownTop,0.304622620344162,0.34032219648361206,254.69947814941406,257.3814392089844,10.51158332824707,2019
ISMN_SNOTEL_Touchet,0.19773700833320618,0.21966516971588135,250.53582763671875,258.9338684082031,8.959972381591797,2019
ISMN_SNOTEL_SourdoughGulch,0.17041224241256714,0.18024614453315735,248.3084716796875,259.58056640625,5.274649143218994,2019
ISMN_SNOTEL_PierceR.S.,0.34051331877708435,0.37596940994262695,250.7242431640625,256.82830810546875,13.3649320602417,2019
ISMN_SNOTEL_CraterMeadows,0.33612263202667236,0.3814150094985962,254.22923278808594,257.94976806640625,13.199360847473145,2019
ISMN_SNOTEL_ShanghiSummit,0.33299994468688965,0.3821517527103424,251.75453186035156,257.1545104980469,13.540776252746582,2019
ISMN_SNOTEL_Sherwin,0.31535735726356506,0.3571752905845642,250.7264404296875,257.09161376953125,13.722271919250488,2019
ISMN_SCAN_Lind#1,0.13140854239463806,0.15137909352779388,244.5393829345703,261.7283630371094,0.4226413667201996,2019
ISMN_SNOTEL_MicaCreek,0.3059006929397583,0.34282854199409485,251.1173095703125,257.1579284667969,13.349453926086426,2019
ISMN_USCRN_Spokane-17-SSW,0.17971491813659668,0.1848018616437912,235.81967163085938,254.93914794921875,2.5094776153564453,2019
ISMN_SNOTEL_Lookout,0.3067459762096405,0.3659925162792206,254.3709716796875,258.35693359375,12.949796676635742,2019
ISMN_SNOTEL_Sunset,0.2950277030467987,0.3533528447151184,254.3937225341797,258.466064453125,13.045602798461914,2019
ISMN_SNOTEL_RaggedMountain,0.21689434349536896,0.23024103045463562,245.93429565429688,257.4998779296875,9.635942459106445,2019
ISMN_SNOTEL_MosesMtn,0.2006022036075592,0.2196229100227356,247.24375915527344,258.3174743652344,9.316967010498047,2019
ISMN_SNOTEL_GoldAxeCamp,0.1955336332321167,0.22256478667259216,250.90646362304688,259.38922119140625,9.888962745666504,2019
ISMN_SCAN_TableMountain,0.167958602309227,0.1819826066493988,233.22698974609375,253.65673828125,0.3774925172328949,2019
ISMN_SNOTEL_SavagePass,0.3342200517654419,0.3994736969470978,251.77169799804688,256.5473937988281,11.961477279663086,2019
ISMN_SCAN_ConradAgRc,0.1583189070224762,0.1724393367767334,234.5975341796875,255.50125122070312,0.36419782042503357,2019
ISMN_SCAN_Violett,0.14228004217147827,0.1540093719959259,240.38638305664062,258.88916015625,0.2184944599866867,2019
ISMN_SCAN_Moccasin,0.19742034375667572,0.20966736972332,228.6928253173828,250.54364013671875,0.4276653826236725,2019
ISMN_SCAN_Jordan,0.190621018409729,0.2006550431251526,228.48207092285156,251.25889587402344,0.3075583577156067,2019
ISMN_SCAN_Mandan#1,0.24096135795116425,0.23761393129825592,223.81845092773438,247.51866149902344,1.1480152606964111,2019
ISMN_SCAN_Sidney,0.19521662592887878,0.20360243320465088,228.02825927734375,251.22494506835938,0.48860305547714233,2019
ISMN_SCAN_CrescentLake#1,0.2633312940597534,0.264640212059021,230.14772033691406,248.00265502929688,2.3055355548858643,2019
ISMN_SCAN_Wabeno#1,0.37788042426109314,0.4148518741130829,251.23117065429688,257.0825500488281,11.653046607971191,2019
ISMN_USCRN_Chatham-1-SE,0.3979012668132782,0.3805437684059143,243.30264282226562,250.6393280029297,11.215680122375488,2019
ISMN_LABFLUX_Bussolenobosco,0.2500002384185791,0.2885611355304718,250.07708740234375,256.13800048828125,5.468940734863281,2019
ISMN_RSMN_Banloc,0.19169092178344727,0.18803755939006805,236.2545166015625,257.9519348144531,1.9373517036437988,2019
ISMN_RSMN_Dumbraveni,0.24734127521514893,0.26046088337898254,240.5527801513672,254.36239624023438,4.522723197937012,2019
ISMN_RSMN_Oradea,0.21997439861297607,0.21946391463279724,235.94801330566406,254.66305541992188,2.9287571907043457,2019
ISMN_RSMN_Tecuci,0.19944413006305695,0.199222132563591,237.849365234375,257.3858337402344,1.577528715133667,2019
ISMN_RSMN_Barlad,0.20332050323486328,0.2058812826871872,239.81451416015625,257.8702697753906,1.8395451307296753,2019
ISMN_RSMN_Cotnari,0.22315263748168945,0.22469019889831543,234.28782653808594,254.10736083984375,1.7950804233551025,2019
ISMN_RSMN_Darabani,0.21020056307315826,0.20827071368694305,236.1918487548828,255.67367553710938,2.1881418228149414,2019
ISMN_COSMOS-UK_Fivemiletown,0.3604622483253479,0.3717465102672577,235.59800720214844,246.98025512695312,3.1612114906311035,2019
ISMN_COSMOS-UK_PortonDown,0.24136339128017426,0.23466767370700836,231.91160583496094,251.9911651611328,2.979640245437622,2019
ISMN_COSMOS-UK_AliceHolt,0.22998079657554626,0.23511028289794922,240.45867919921875,256.6470642089844,6.794549942016602,2019
ISMN_COSMOS-UK_Heytesbury,0.26527154445648193,0.2663573622703552,230.37380981445312,249.76951599121094,2.738445520401001,2019
ISMN_COSMOS-UK_Sheepdrove,0.25048115849494934,0.25054579973220825,228.33607482910156,250.072021484375,2.535571336746216,2019
ISMN_COSMOS-UK_Waddesdon,0.1987525075674057,0.19037330150604248,231.28121948242188,255.83314514160156,3.024369716644287,2019
ISMN_COSMOS-UK_Cardington,0.2138819843530655,0.20536871254444122,230.4368896484375,253.8353271484375,2.3725714683532715,2019
ISMN_COSMOS-UK_MoretonMorrell,0.262495756149292,0.25468894839286804,228.21829223632812,249.28762817382812,2.611414670944214,2019
ISMN_COSMOS-UK_Stoughton,0.25735366344451904,0.2486896812915802,227.38218688964844,249.37850952148438,2.8564233779907227,2019
ISMN_COSMOS-UK_BunnyPark,0.24645675718784332,0.23867307603359222,227.8348846435547,250.00494384765625,3.0055253505706787,2019
ISMN_COSMOS-UK_SpenFarm,0.2371441274881363,0.2286330610513687,227.02235412597656,249.29867553710938,2.6082918643951416,2019
ISMN_COSMOS-UK_HollinHill,0.26828160881996155,0.26385512948036194,223.92025756835938,246.06007385253906,2.9593114852905273,2019
ISMN_COSMOS-UK_LullingtonHeath,0.2563330829143524,0.26507750153541565,236.05105590820312,252.1057586669922,2.373060464859009,2019
ISMN_COSMOS-UK_Redhill,0.17168425023555756,0.15298618376255035,240.02456665039062,260.0263977050781,3.281770944595337,2019
ISMN_COSMOS-UK_Writtle,0.18342532217502594,0.1706245243549347,235.7021026611328,258.4959411621094,2.62274169921875,2019
ISMN_COSMOS-UK_Elmsett,0.21885526180267334,0.21779973804950714,230.89747619628906,252.86334228515625,2.273422956466675,2019
ISMN_COSMOS-UK_Euston,0.21628203988075256,0.21462295949459076,233.62271118164062,253.7900848388672,3.4366211891174316,2019
ISMN_COSMOS-UK_Redmere,0.2306438386440277,0.22442778944969177,229.18077087402344,251.21730041503906,2.477372884750366,2019
ISMN_COSMOS-UK_Morley,0.2168377935886383,0.2154485583305359,233.08847045898438,253.3060760498047,2.4673783779144287,2019
ISMN_COSMOS-UK_Fincham,0.22999632358551025,0.22490240633487701,230.09817504882812,251.57882690429688,3.1419291496276855,2019
ISMN_TERENO_Schoeneseiffen,0.3133394718170166,0.31501421332359314,240.59884643554688,253.7517547607422,9.68904972076416,2019
ISMN_TERENO_Merzenhausen,0.2407548427581787,0.22966068983078003,231.5779266357422,251.22337341308594,4.12919807434082,2019
ISMN_TWENTE_Hupsel,0.23080995678901672,0.22476816177368164,232.30406188964844,249.8607635498047,3.60947322845459,2019
ISMN_TWENTE_ITCSM-08b,0.22806647419929504,0.21603573858737946,232.38665771484375,250.22523498535156,3.8163504600524902,2019
ISMN_TWENTE_ITCSM-09,0.22341731190681458,0.21615204215049744,232.43650817871094,250.51531982421875,3.775406837463379,2019
ISMN_TWENTE_ITCSM-13,0.2552855610847473,0.252388060092926,231.8548583984375,248.7843017578125,4.257274150848389,2019
ISMN_TWENTE_ITCSM-15b,0.2719487249851227,0.26197806000709534,230.30479431152344,247.7591552734375,4.543237209320068,2019
ISMN_TWENTE_ITCSM-16b,0.2795955240726471,0.27518656849861145,230.03114318847656,247.33058166503906,4.607708930969238,2019
ISMN_TWENTE_ITCSM-17c,0.2867547571659088,0.27739518880844116,228.21575927734375,246.06134033203125,4.55424690246582,2019
ISMN_MOL-RAO_Falkenberg,0.22441956400871277,0.23565562069416046,243.9452362060547,256.94647216796875,7.917539596557617,2019
ISMN_Berlin_PSA17suedpark,0.21154531836509705,0.20099398493766785,240.4983367919922,255.75543212890625,4.948978424072266,2019
ISMN_Berlin_PSA7Ruebezahl,0.22158493101596832,0.21354490518569946,240.90245056152344,255.7887420654297,6.058910846710205,2019
ISMN_Berlin_PSA18Pfaueninsel,0.22804194688796997,0.22199755907058716,239.45213317871094,255.41281127929688,7.1734795570373535,2019
ISMN_Berlin_PSA1BerlinerStr,,,240.0149383544922,255.8063201904297,5.440154075622559,2019
ISMN_Berlin_PSA6Plaenterwald,,,240.1962127685547,255.7949981689453,4.385136604309082,2019
ISMN_Berlin_PSA4Heerstrasse,0.2212243378162384,0.21182526648044586,239.76499938964844,255.6175537109375,6.376129627227783,2019
ISMN_Berlin_PflABerlin12Schi,,,240.1962127685547,255.7949981689453,4.385136604309082,2019
ISMN_Berlin_PSA2Tiergarten,,,240.05552673339844,255.85894775390625,4.528553009033203,2019
ISMN_Berlin_PflABerlin13Marz,0.21154531836509705,0.20099398493766785,240.4983367919922,255.75543212890625,4.948978424072266,2019
ISMN_Berlin_PflABerlin11Humb,,,240.05552673339844,255.85894775390625,4.528553009033203,2019
ISMN_Berlin_PSA16krugwiesen,0.21270906925201416,0.2035457193851471,241.07000732421875,256.10906982421875,5.758650779724121,2019
ISMN_Berlin_PSA15bucherchaus,0.21592843532562256,0.20489513874053955,240.9886474609375,256.1253356933594,5.874435901641846,2019
ISMN_Berlin_PSA14wiltinger,0.2128322422504425,0.2084198147058487,241.36172485351562,255.9314422607422,6.16801118850708,2019
ISMN_SNOTEL_McneilRiverSGS,0.2405230551958084,0.2523382306098938,239.07025146484375,249.73397827148438,1.7957843542099,2019
ISMN_SNOTEL_PortGraham,,,77.52156066894531,116.15190124511719,8.640035629272461,2019
ISMN_SNOTEL_NukaGlacier,0.1942373812198639,0.21942678093910217,248.1423797607422,256.1907958984375,3.1870415210723877,2019
ISMN_SNOTEL_AnchorRiverDivide,0.1411880999803543,0.17269009351730347,252.1678009033203,258.6435241699219,2.507063388824463,2019
ISMN_SNOTEL_MooreCreekBridge,0.23852647840976715,0.2656742036342621,249.45053100585938,254.9019775390625,1.916768193244934,2019
ISMN_COSMOS-UK_HartwoodHome,0.2578754425048828,0.2509317100048065,235.0706787109375,250.11485290527344,2.8104593753814697,2019
ISMN_COSMOS-UK_Cochno,0.23498450219631195,0.23749275505542755,239.1995391845703,253.3473663330078,3.2537925243377686,2019
ISMN_COSMOS-UK_Balruddery,0.25312551856040955,0.25341832637786865,225.2104949951172,246.06704711914062,2.694112777709961,2019
ISMN_HOBE_2.01,0.25253990292549133,0.2577029764652252,229.79441833496094,248.81622314453125,3.636063575744629,2019
ISMN_HOBE_2.11,0.26007580757141113,0.26130637526512146,228.55984497070312,247.80191040039062,3.6365761756896973,2019
ISMN_HOBE_1.07,0.2595076262950897,0.2602038085460663,230.25396728515625,248.61868286132812,4.3387932777404785,2019
ISMN_SNOTEL_Aniak,0.24807441234588623,0.26513686776161194,244.21908569335938,253.49923706054688,1.813159704208374,2019
ISMN_SNOTEL_McGrath,0.2091163694858551,0.2217453122138977,248.8086395263672,256.8294982910156,2.513206720352173,2019
ISMN_SNOTEL_GalenaAK,0.28234952688217163,0.3063005805015564,248.00582885742188,255.3785400390625,2.590345621109009,2019
ISMN_SNOTEL_KenaiMoosePens,0.3387210965156555,0.3534155488014221,241.8590545654297,250.81536865234375,9.441822052001953,2019
ISMN_SNOTEL_TelaquanaLake,0.1954423487186432,0.21718202531337738,253.57310485839844,258.3840637207031,2.409712314605713,2019
ISMN_SNOTEL_SusitnaValleyHigh,0.2821308374404907,0.31140267848968506,250.28271484375,257.1393737792969,5.4208083152771,2019
ISMN_SNOTEL_TokositnaValley,0.22128212451934814,0.2344810515642166,248.01304626464844,254.84945678710938,2.3497157096862793,2019
ISMN_SNOTEL_ExitGlacier,0.15508650243282318,0.1705629676580429,251.17523193359375,258.335693359375,1.615676999092102,2019
ISMN_SNOTEL_SummitCreek,0.1945953518152237,0.22011733055114746,250.9976043701172,255.8050537109375,2.8890457153320312,2019
ISMN_SNOTEL_UpperTsainaRiver,0.19101935625076294,0.20278014242649078,250.08938598632812,255.94491577148438,0.6493320465087891,2019
ISMN_SNOTEL_SpringCreek,0.19427984952926636,0.21223416924476624,250.62013244628906,257.196044921875,4.771243095397949,2019
ISMN_SNOTEL_GulkanaRiver,0.16073766350746155,0.18081970512866974,253.23135375976562,259.21441650390625,3.1541614532470703,2019
ISMN_SNOTEL_FieldingLake,0.17005182802677155,0.19304649531841278,250.31570434570312,257.574951171875,1.4966102838516235,2019
ISMN_SNOTEL_GraniteCrk,0.1632733792066574,0.18315981328487396,253.72901916503906,260.5545959472656,5.502605438232422,2019
ISMN_SNOTEL_Chisana,0.1828034669160843,0.21485069394111633,249.91835021972656,255.76736450195312,1.1828373670578003,2019
ISMN_SNOTEL_Tok,0.15174078941345215,0.17347587645053864,255.9164276123047,260.68524169921875,4.440367221832275,2019
ISMN_SNOTEL_JackWadeJct,0.13481898605823517,0.17022766172885895,257.2242736816406,261.8331604003906,2.733422040939331,2019
ISMN_SNOTEL_KellyStation,0.20535574853420258,0.2187163531780243,245.49717712402344,255.14845275878906,1.1771246194839478,2019
ISMN_SNOTEL_GobblersKnob,0.15474039316177368,0.17698372900485992,252.40074157714844,260.210693359375,1.7704998254776,2019
ISMN_SNOTEL_Coldfoot,0.15943695604801178,0.18176081776618958,254.2043914794922,259.9009094238281,1.6248409748077393,2019
ISMN_SNOTEL_Mt.Ryan,0.12024092674255371,0.14593185484409332,255.7290496826172,261.70458984375,1.9438884258270264,2019
ISMN_SNOTEL_UpperNomeCreek,0.12125597149133682,0.14767859876155853,255.0993194580078,261.2882080078125,1.6069785356521606,2019
ISMN_SNOTEL_EagleSummit,0.11772691458463669,0.1424626111984253,255.3503875732422,261.4560852050781,1.6937849521636963,2019
ISMN_SNOTEL_ImnaviatCreek,0.19142211973667145,0.21228545904159546,245.9726104736328,255.18284606933594,1.0085052251815796,2019
ISMN_FMI_SOD130,0.22257040441036224,0.22963576018810272,246.38558959960938,254.92308044433594,3.4227540493011475,2019
ISMN_FMI_SOD073,0.24995124340057373,0.252495139837265,245.13290405273438,254.0031280517578,3.446474313735962,2019
ISMN_FMI_SOD071,0.24995124340057373,0.252495139837265,245.13290405273438,254.0031280517578,3.446474313735962,2019
ISMN_FMI_SOD072,0.24995124340057373,0.252495139837265,245.13290405273438,254.0031280517578,3.446474313735962,2019
ISMN_FMI_SOD103,0.24995124340057373,0.252495139837265,245.13290405273438,254.0031280517578,3.446474313735962,2019
ISMN_FMI_SOD101,0.24995124340057373,0.252495139837265,245.13290405273438,254.0031280517578,3.446474313735962,2019
ISMN_FMI_SOD102,0.24995124340057373,0.252495139837265,245.13290405273438,254.0031280517578,3.446474313735962,2019
ISMN_FMI_SOD012,0.23421548306941986,0.2372346818447113,245.66796875,254.37611389160156,3.431382179260254,2019
ISMN_FMI_SOD011,0.23421548306941986,0.2372346818447113,245.66796875,254.37611389160156,3.431382179260254,2019
ISMN_FMI_SOD013,0.23421548306941986,0.2372346818447113,245.66796875,254.37611389160156,3.431382179260254,2019
ISMN_FMI_SOD081,0.23421548306941986,0.2372346818447113,245.66796875,254.37611389160156,3.431382179260254,2019
ISMN_FMI_SOD083,0.23421548306941986,0.2372346818447113,245.66796875,254.37611389160156,3.431382179260254,2019
ISMN_LAB-net_OromoCalibrationSite,0.3585149347782135,0.35931774973869324,235.3827362060547,249.5117645263672,5.595057487487793,2020
ISMN_COSMOS_KLEE,0.19553732872009277,0.1874036341905594,243.2966766357422,264.1193542480469,0.6044095158576965,2020
ISMN_AMMA-CATCH_Banizoumbou,0.06380023062229156,0.06567870080471039,260.4183349609375,286.53924560546875,0.5318167209625244,2020
ISMN_AMMA-CATCH_Tondikiboro,0.05988132208585739,0.0624624639749527,261.3893737792969,287.1443786621094,0.596051037311554,2020
ISMN_SD_DEM_Demokeya,0.03715953230857849,0.03476319834589958,269.16400146484375,290.87213134765625,0.5941815972328186,2020
ISMN_SCAN_Combate,,,263.421630859375,273.5614318847656,4.065956115722656,2020
ISMN_SCAN_Fortuna,0.4997221827507019,0.4997221827507019,77.54940032958984,115.65043640136719,7.2811126708984375,2020
ISMN_SCAN_MaricaoForest,0.2954213619232178,0.32884472608566284,267.4460754394531,274.27362060546875,11.611984252929688,2020
ISMN_USCRN_Panther-Junction-2-N,0.11690334230661392,0.10655710846185684,258.3515625,276.72039794921875,0.3118242919445038,2020
ISMN_SCAN_Uvalde,0.15755711495876312,0.1457826942205429,255.53302001953125,273.5408020019531,0.8735807538032532,2020
ISMN_SCAN_EvergladesARS,0.4165083169937134,0.4129955768585205,185.7193145751953,219.71304321289062,2.627732992172241,2020
ISMN_USCRN_Everglades-City-5-NE,0.2996806502342224,0.31205955147743225,229.2640838623047,249.48123168945312,4.503142356872559,2020
ISMN_SCAN_SellersLake#1,0.2894253134727478,0.28675252199172974,251.72119140625,265.0242004394531,7.512408256530762,2020
ISMN_USCRN_Fallbrook-5-NE,0.13679473102092743,0.13664329051971436,257.423828125,270.7525329589844,1.4770489931106567,2020
ISMN_USCRN_Santa-Barbara-11-W,,,76.53224182128906,116.53341674804688,3.1018083095550537,2020
ISMN_SCAN_Stubblefield,0.1100497841835022,0.10795306414365768,257.7298889160156,273.22503662109375,0.6925675272941589,2020
ISMN_SNOTEL_BakerButteSmt,0.1663753092288971,0.17115181684494019,257.09600830078125,266.3984680175781,4.158853530883789,2020
ISMN_SNOTEL_BakerButte,0.1663753092288971,0.17115181684494019,257.09600830078125,266.3984680175781,4.158853530883789,2020
ISMN_SNOTEL_BarM,0.16353033483028412,0.1711713969707489,254.03555297851562,265.18841552734375,5.213072299957275,2020
ISMN_SNOTEL_MormonMtnSummit,0.14593975245952606,0.1545291692018509,253.5220489501953,265.7725524902344,4.028499126434326,2020
ISMN_SCAN_AdamsRanch#1,0.10211113840341568,0.09919992089271545,249.75897216796875,272.9122009277344,0.26312723755836487,2020
ISMN_SCAN_JornadaExpRange,0.09868360310792923,0.09401541203260422,253.81491088867188,274.45025634765625,0.33942434191703796,2020
ISMN_USCRN_Las-Cruces-20-N,0.0974692851305008,0.09181211143732071,253.93275451660156,274.6861572265625,0.24000826478004456,2020
ISMN_SNOTEL_HawleyLake,0.20227165520191193,0.2271847277879715,254.0087890625,262.5767822265625,10.026944160461426,2020
ISMN_SNOTEL_Baldy,0.16879408061504364,0.18604616820812225,251.29660034179688,261.91876220703125,8.003637313842773,2020
ISMN_USCRN_Socorro-20-N,0.09380673617124557,0.09337937831878662,254.3009796142578,272.9638671875,0.20394521951675415,2020
ISMN_SCAN_Sevilleta,0.08927272260189056,0.09035082906484604,255.6885223388672,273.3980712890625,0.2399018555879593,2020
ISMN_SCAN_SanAngelo,0.1645536571741104,0.15277113020420074,246.61268615722656,267.3246765136719,0.7048067450523376,2020
ISMN_USCRN_Monahans-6-ENE,0.06606286764144897,0.06820058077573776,259.96575927734375,280.0941162109375,0.359508752822876,2020
ISMN_USCRN_Bronte-11-NNE,0.16577228903770447,0.15460340678691864,244.73202514648438,265.55487060546875,0.6505957841873169,2020
ISMN_SCAN_WillowWells,0.06645531952381134,0.0642782673239708,258.6725769042969,277.9237976074219,0.435427188873291,2020
ISMN_SCAN_Levelland,0.09169374406337738,0.08240079134702682,255.87054443359375,275.21380615234375,0.5803185701370239,2020
ISMN_SCAN_ReeseCenter,0.11253388971090317,0.09883959591388702,250.59222412109375,271.802734375,0.7341812252998352,2020
ISMN_SCAN_Lehman,0.08384298533201218,0.0754525363445282,257.5085144042969,276.0716247558594,0.5583255290985107,2020
ISMN_USCRN_Muleshoe-19-S,0.08803795278072357,0.08583486080169678,255.6844024658203,274.9544982910156,0.3988335132598877,2020
ISMN_SCAN_PrairieView#1,0.22371633350849152,0.23053741455078125,245.87742614746094,262.84490966796875,2.288469076156616,2020
ISMN_TxSON_LCRA-7,0.19101499021053314,0.1872328817844391,248.8889923095703,266.1270446777344,1.0148553848266602,2020
ISMN_TxSON_LCRA-3,0.19185297191143036,0.18772563338279724,247.95040893554688,265.6751403808594,1.0006052255630493,2020
ISMN_TxSON_CR200-23,0.19185297191143036,0.18772563338279724,247.95040893554688,265.6751403808594,1.0006052255630493,2020
ISMN_TxSON_CR200-12,0.19051049649715424,0.18459376692771912,248.2891387939453,265.8145751953125,0.9914505481719971,2020
ISMN_TxSON_CR200-11,0.19109070301055908,0.18559043109416962,248.17922973632812,265.7688293457031,1.0021953582763672,2020
ISMN_TxSON_CR200-7,0.19185297191143036,0.18772563338279724,247.95040893554688,265.6751403808594,1.0006052255630493,2020
ISMN_TxSON_CR200-5,0.18676522374153137,0.18297846615314484,248.78445434570312,266.2242126464844,1.0040525197982788,2020
ISMN_TxSON_CR200-6,0.188711017370224,0.18408270180225372,248.49961853027344,266.0866394042969,1.0154539346694946,2020
ISMN_TxSON_CR1000-2,0.188711017370224,0.18408270180225372,248.49961853027344,266.0866394042969,1.0154539346694946,2020
ISMN_TxSON_CR200-18,0.188711017370224,0.18408270180225372,248.49961853027344,266.0866394042969,1.0154539346694946,2020
ISMN_TxSON_CR200-25,0.188711017370224,0.18408270180225372,248.49961853027344,266.0866394042969,1.0154539346694946,2020
ISMN_TxSON_CR200-15,0.188711017370224,0.18408270180225372,248.49961853027344,266.0866394042969,1.0154539346694946,2020
ISMN_TxSON_CR200-24,0.188711017370224,0.18408270180225372,248.49961853027344,266.0866394042969,1.0154539346694946,2020
ISMN_TxSON_CR200-17,0.18676522374153137,0.18297846615314484,248.78445434570312,266.2242126464844,1.0040525197982788,2020
ISMN_TxSON_CR1000-3,0.18676522374153137,0.18297846615314484,248.78445434570312,266.2242126464844,1.0040525197982788,2020
ISMN_TxSON_CR200-8,0.188711017370224,0.18408270180225372,248.49961853027344,266.0866394042969,1.0154539346694946,2020
ISMN_TxSON_CR200-16,0.18676522374153137,0.18297846615314484,248.78445434570312,266.2242126464844,1.0040525197982788,2020
ISMN_TxSON_CR200-2,0.18676522374153137,0.18297846615314484,248.78445434570312,266.2242126464844,1.0040525197982788,2020
ISMN_TxSON_CR200-10,0.18676522374153137,0.18297846615314484,248.78445434570312,266.2242126464844,1.0040525197982788,2020
ISMN_TxSON_CR1000-5,0.1854778379201889,0.18063166737556458,249.36036682128906,266.6899108886719,1.0910181999206543,2020
ISMN_TxSON_LCRA-1,0.18151700496673584,0.17638914287090302,250.2957000732422,267.39337158203125,1.1819578409194946,2020
ISMN_TxSON_CR1000-4,0.17270547151565552,0.1715516895055771,251.63185119628906,268.66387939453125,1.0400567054748535,2020
ISMN_USCRN_Austin-33-NW,0.21598967909812927,0.20556536316871643,246.03311157226562,263.793701171875,1.3611116409301758,2020
ISMN_SCAN_Stephenville,0.20614579319953918,0.19845233857631683,241.297607421875,261.3205261230469,1.001099944114685,2020
ISMN_SCAN_KnoxCity,0.15586595237255096,0.14241935312747955,242.57496643066406,265.17828369140625,0.7583472728729248,2020
ISMN_USCRN_Lafayette-13-SE,0.3543574810028076,0.3502051532268524,227.91542053222656,247.5904541015625,3.525329351425171,2020
ISMN_SCAN_Onward,0.37256887555122375,0.3722116947174072,210.33456420898438,233.5941162109375,5.1586127281188965,2020
ISMN_SCAN_Mayday,0.3569965362548828,0.3541065454483032,223.1873321533203,243.21510314941406,3.8458447456359863,2020
ISMN_USCRN_Monroe-26-N,0.41751357913017273,0.41992655396461487,237.9293212890625,250.62484741210938,9.430514335632324,2020
ISMN_SCAN_NorthIssaquena,0.33095115423202515,0.3294934332370758,210.0657196044922,237.1638946533203,2.3109548091888428,2020
ISMN_SCAN_Scott,0.33830711245536804,0.3299272358417511,210.54481506347656,237.79734802246094,4.1987738609313965,2020
ISMN_SCAN_SandyRidge,0.3193441331386566,0.30522581934928894,200.7879180908203,232.06529235839844,1.610209345817566,2020
ISMN_SCAN_Perthshire,0.32532885670661926,0.3217619061470032,209.3097686767578,237.4597930908203,2.9240503311157227,2020
ISMN_SCAN_UapbCampus-PB,0.378445565700531,0.37296366691589355,227.83609008789062,245.83078002929688,6.019548416137695,2020
ISMN_SCAN_UapbDewitt,0.37202560901641846,0.36620986461639404,207.01571655273438,233.68136596679688,3.135226011276245,2020
ISMN_SCAN_Tunica,0.33760765194892883,0.32622453570365906,207.993896484375,235.57215881347656,2.8833134174346924,2020
ISMN_SCAN_TncFortBayou,0.2110133171081543,0.22702649235725403,248.43338012695312,263.62548828125,3.855731964111328,2020
ISMN_SCAN_KoptisFarms,0.18937009572982788,0.20190401375293732,251.54331970214844,265.20965576171875,3.2642996311187744,2020
ISMN_SCAN_RiverRoadFarms,0.2148061990737915,0.2232101708650589,245.7084503173828,262.7862854003906,3.163742780685425,2020
ISMN_SCAN_PerdidoRivFarms,0.25307607650756836,0.2661452889442444,252.3766326904297,263.16400146484375,4.77170467376709,2020
ISMN_SCAN_Selma,0.3046100437641144,0.3092198073863983,249.34213256835938,259.8549499511719,5.04410457611084,2020
ISMN_SCAN_SudduthFarms,0.3535693287849426,0.3591585159301758,250.99826049804688,259.4501647949219,8.989972114562988,2020
ISMN_SCAN_Cullman-NAHRC,0.28194931149482727,0.28886672854423523,244.46200561523438,256.2373046875,4.294912815093994,2020
ISMN_USCRN_Gadsden-19-N,0.27908873558044434,0.2857929766178131,241.61761474609375,254.9990692138672,4.471403121948242,2020
ISMN_SCAN_StanleyFarm,0.280582457780838,0.28804710507392883,239.9853057861328,253.86643981933594,4.0102338790893555,2020
ISMN_SCAN_Hodges,0.2647770345211029,0.2695525586605072,241.63616943359375,255.53030395507812,4.852298736572266,2020
ISMN_SCAN_AAMU-JTG,0.29043349623680115,0.28944581747055054,237.32481384277344,253.2828826904297,4.6943159103393555,2020
ISMN_SCAN_IsbellFarms,0.2928336560726166,0.3115244507789612,250.93405151367188,260.7469787597656,8.828832626342773,2020
ISMN_SCAN_BraggFarm,0.27669012546539307,0.277690589427948,234.60740661621094,251.8128662109375,2.9690353870391846,2020
ISMN_SCAN_Wtars,0.28264570236206055,0.2797340154647827,236.7492218017578,252.8961639404297,3.9058289527893066,2020
ISMN_SCAN_Wakulla#1,0.3135184645652771,0.3237539827823639,254.5369415283203,265.5812072753906,11.038352966308594,2020
ISMN_USCRN_Brunswick-23-S,,,247.0590057373047,271.9915771484375,5.7473249435424805,2020
ISMN_USCRN_Newton-8-W,0.21595272421836853,0.22442884743213654,246.47853088378906,263.0088806152344,3.8357632160186768,2020
ISMN_SCAN_LittleRiver,0.21809671819210052,0.23089924454689026,244.5789337158203,260.66754150390625,2.814695358276367,2020
ISMN_SCAN_YoumansFarm,0.3146376609802246,0.3193897604942322,249.1864776611328,260.72509765625,7.192086219787598,2020
ISMN_USCRN_Watkinsville-5-SSE,0.29265326261520386,0.300921231508255,250.22109985351562,260.2957458496094,6.266236782073975,2020
ISMN_SCAN_Watkinsville#1,0.2809253931045532,0.2812199592590332,248.79652404785156,259.364990234375,4.327667236328125,2020
ISMN_USCRN_McClellanville-7-NE,0.2241445779800415,0.23516206443309784,238.84475708007812,260.8749694824219,8.114389419555664,2020
ISMN_SCAN_PeeDee,0.37204691767692566,0.36777830123901367,239.52268981933594,254.22079467773438,7.199310302734375,2020
ISMN_NGARI_SQ20,0.07882971316576004,0.08871786296367645,243.8435516357422,259.02838134765625,1.0535912053910579e-07,2020
ISMN_NGARI_SQ21,0.08556921035051346,0.09727621078491211,243.5585479736328,258.32135009765625,0.0010355078848078847,2020
ISMN_NGARI_ALI01,0.12166468799114227,0.13139605522155762,243.81398010253906,256.0964660644531,0.0026339227333664894,2020
ISMN_NGARI_SQ19,0.07660534977912903,0.08690370619297028,243.81173706054688,259.33758544921875,5.272397902444936e-05,2020
ISMN_NAQU_NQMS,0.3035122752189636,0.3015942871570587,218.48635864257812,242.85604858398438,0.3983932435512543,2020
ISMN_NAQU_NQKema,0.3307172358036041,0.3307550549507141,215.38787841796875,239.25906372070312,0.4736580550670624,2020
ISMN_NAQU_NQNorth,0.29832592606544495,0.27757880091667175,215.49803161621094,240.87008666992188,0.39252087473869324,2020
ISMN_SCAN_Vallecitos,0.14197465777397156,0.13590368628501892,258.8025207519531,270.4452209472656,1.3424322605133057,2020
ISMN_SCAN_MonoclineRidge,0.1511610746383667,0.135305717587471,254.0275115966797,269.5223083496094,0.961463451385498,2020
ISMN_FLUXNET-AMERIFLUX_BouldinIslandAlfalfa,0.24075838923454285,0.21929743885993958,237.19808959960938,258.0002136230469,2.1591086387634277,2020
ISMN_FLUXNET-AMERIFLUX_VairaRanch,0.1718524694442749,0.16632089018821716,249.25137329101562,265.6731262207031,1.717313528060913,2020
ISMN_FLUXNET-AMERIFLUX_TonziRanch,0.1718524694442749,0.16632089018821716,249.25137329101562,265.6731262207031,1.717313528060913,2020
ISMN_SNOTEL_CarsonPass,0.15045566856861115,0.18454638123512268,254.79156494140625,261.423095703125,7.522940635681152,2020
ISMN_SNOTEL_Rubicon#2,0.13393455743789673,0.1632353961467743,255.78823852539062,263.2938537597656,8.375458717346191,2020
ISMN_SNOTEL_WardCreek#3,0.16332413256168365,0.18169277906417847,255.58114624023438,262.1591796875,10.040201187133789,2020
ISMN_SNOTEL_TahoeCityCross,0.16332413256168365,0.18169277906417847,255.58114624023438,262.1591796875,10.040201187133789,2020
ISMN_SNOTEL_PalisadesTahoe,0.177398219704628,0.2152400016784668,256.0115051269531,262.2569885253906,10.229854583740234,2020
ISMN_CW3E_BrownsValleySchool,0.26723480224609375,0.2596585154533386,238.34088134765625,256.35650634765625,2.4811151027679443,2020
ISMN_SNOTEL_Truckee#2,0.15130335092544556,0.18297845125198364,255.00294494628906,262.419189453125,9.53345775604248,2020
ISMN_CW3E_BoyesCreekCanyon,0.27424556016921997,0.29068171977996826,257.95172119140625,264.2962646484375,7.873514652252197,2020
ISMN_CW3E_PotterValleyNorth,0.2699117660522461,0.29173192381858826,258.1634216308594,264.7430725097656,8.666845321655273,2020
ISMN_SNOTEL_IndependenceLake,0.18477076292037964,0.2265206277370453,254.34603881835938,261.2368469238281,9.520255088806152,2020
ISMN_SNOTEL_IndependenceCamp,0.16591811180114746,0.20353734493255615,254.63685607910156,262.2255859375,9.215285301208496,2020
ISMN_SNOTEL_IndependenceCreek,0.16591811180114746,0.20353734493255615,254.63685607910156,262.2255859375,9.215285301208496,2020
ISMN_CW3E_FeatherRiverCollege,0.23034797608852386,0.2772400975227356,257.78070068359375,262.623779296875,12.095283508300781,2020
ISMN_SCAN_LovellSummit,0.0890284851193428,0.09164074063301086,255.55247497558594,272.2439270019531,0.9557780027389526,2020
ISMN_SNOTEL_LeeCanyon,0.09358064830303192,0.10093327611684799,255.16632080078125,271.52606201171875,1.1592353582382202,2020
ISMN_SNOTEL_BristleconeTrail,0.09531761705875397,0.1040266901254654,255.4853515625,271.7699890136719,1.2751809358596802,2020
ISMN_SCAN_Charkiln,0.09245561063289642,0.10020481050014496,255.63340759277344,272.415283203125,1.053432583808899,2020
ISMN_SCAN_PineNut,0.09639998525381088,0.10698219388723373,255.55032348632812,272.8899841308594,0.4293743669986725,2020
ISMN_USCRN_Stovepipe-Wells-1-SW,0.1141313910484314,0.12566107511520386,259.7109680175781,275.6017761230469,0.022979769855737686,2020
ISMN_USCRN_Mercury-3-SSW,0.07630223780870438,0.08182784169912338,254.92613220214844,274.93328857421875,0.1831800937652588,2020
ISMN_USCRN_Yosemite-Village-12-W,0.19741955399513245,0.2289189100265503,258.4211730957031,264.6817626953125,9.15170669555664,2020
ISMN_SCAN_MarbleCreek,0.07741773873567581,0.09715151786804199,258.10919189453125,270.89434814453125,0.3398938477039337,2020
ISMN_SNOTEL_VirginiaLakesRidge,0.13748538494110107,0.16722676157951355,252.5052947998047,260.94525146484375,1.7313607931137085,2020
ISMN_SCAN_BodieHills,0.10136956721544266,0.12321902066469193,254.93740844726562,265.9328918457031,0.7268818616867065,2020
ISMN_SNOTEL_LeavittLake,0.1391683667898178,0.17128226161003113,252.9818115234375,260.3758544921875,2.8072588443756104,2020
ISMN_SNOTEL_LeavittMeadows,0.12936726212501526,0.15767429769039154,253.18209838867188,260.8741455078125,1.7429144382476807,2020
ISMN_SNOTEL_SonoraPass,0.1391683667898178,0.17128226161003113,252.9818115234375,260.3758544921875,2.8072588443756104,2020
ISMN_SNOTEL_SummitMeadow,0.11953170597553253,0.14589399099349976,254.14698791503906,262.1651611328125,2.567685842514038,2020
ISMN_SNOTEL_LobdellLake,0.0965232327580452,0.11202424764633179,255.23822021484375,265.3434753417969,0.8192727565765381,2020
ISMN_SNOTEL_PoisonFlat,0.12290066480636597,0.15058539807796478,254.7762451171875,263.1813659667969,5.14857292175293,2020
ISMN_SNOTEL_EbbettsPass,0.14903877675533295,0.18802222609519958,254.77389526367188,261.6619873046875,7.256354331970215,2020
ISMN_SNOTEL_BlueLakes,0.15072490274906158,0.18441374599933624,254.6024627685547,261.40093994140625,7.10835075378418,2020
ISMN_SNOTEL_SprattCreek,0.14176148176193237,0.17308306694030762,254.42044067382812,261.9329528808594,6.866172790527344,2020
ISMN_SNOTEL_MonitorPass,0.11086949706077576,0.12791314721107483,253.92034912109375,265.0282897949219,2.551668643951416,2020
ISMN_SNOTEL_HorseMeadow,0.13681019842624664,0.16879184544086456,254.285888671875,262.8185729980469,6.745466232299805,2020
ISMN_SNOTEL_HagansMeadow,0.13681019842624664,0.16879184544086456,254.285888671875,262.8185729980469,6.745466232299805,2020
ISMN_SNOTEL_HeavenlyValley,0.1284371167421341,0.15599900484085083,254.50973510742188,264.0224304199219,6.544782638549805,2020
ISMN_SNOTEL_MarletteLake,0.09561506658792496,0.1164284348487854,255.84934997558594,266.5198059082031,5.8392333984375,2020
ISMN_SNOTEL_LittleValley,0.1032249704003334,0.11937437206506729,255.21063232421875,265.9770812988281,6.049131393432617,2020
ISMN_SNOTEL_VacarroSprings,0.07526646554470062,0.09019171446561813,253.76075744628906,269.6391906738281,0.4209457039833069,2020
ISMN_SNOTEL_BigMeadow,0.10802303999662399,0.11538397520780563,253.7970428466797,265.7926940917969,4.642217636108398,2020
ISMN_SNOTEL_PorterCanyon,0.07627370953559875,0.08923947811126709,253.75839233398438,269.52716064453125,0.3735818564891815,2020
ISMN_SNOTEL_Chalender,0.12090596556663513,0.12543471157550812,254.53384399414062,267.3416442871094,3.138749599456787,2020
ISMN_SCAN_Vermillion,0.08795854449272156,0.10933534801006317,260.4394226074219,271.6852111816406,0.36059558391571045,2020
ISMN_SCAN_CaveValley,0.10196232050657272,0.1058788150548935,259.8368835449219,269.3327941894531,0.7147080898284912,2020
ISMN_SNOTEL_GardnerPeak,0.093684621155262,0.09248846769332886,259.6847839355469,270.8666076660156,2.1381449699401855,2020
ISMN_SNOTEL_LittleGrassy,0.08825308829545975,0.08598406612873077,259.38720703125,271.68304443359375,0.6644553542137146,2020
ISMN_SNOTEL_LongValleyJct,0.12142696976661682,0.13705500960350037,257.1820373535156,265.9631042480469,1.9858527183532715,2020
ISMN_SNOTEL_HarrisFlat,0.12103737890720367,0.1347237229347229,257.17926025390625,265.5050964355469,2.1359407901763916,2020
ISMN_SNOTEL_GutzPeak,0.08710044622421265,0.08557640761137009,259.8005676269531,272.01025390625,0.768090009689331,2020
ISMN_SNOTEL_LongFlat,0.09319424629211426,0.09548590332269669,259.144775390625,269.86932373046875,2.270617961883545,2020
ISMN_SNOTEL_Kolob,0.10833199322223663,0.11572003364562988,256.6882629394531,267.1095275878906,1.2884801626205444,2020
ISMN_SNOTEL_MidwayValley,0.1220477893948555,0.1321468949317932,255.89878845214844,264.4648132324219,2.856651544570923,2020
ISMN_SNOTEL_WebsterFlat,0.12083765119314194,0.13083332777023315,255.92178344726562,264.9676208496094,2.008358955383301,2020
ISMN_SNOTEL_SuuRanch,0.11424247920513153,0.12352180480957031,254.96951293945312,265.20599365234375,2.815143346786499,2020
ISMN_SCAN_Enterprise,0.08213315159082413,0.08608230203390121,256.23956298828125,271.1682434082031,0.5391442775726318,2020
ISMN_SNOTEL_CastleValley,0.10733683407306671,0.11290585994720459,254.90203857421875,264.279052734375,3.5952160358428955,2020
ISMN_SNOTEL_Widtsoe#3,0.10705205798149109,0.11686857789754868,256.41778564453125,265.8678283691406,2.9190280437469482,2020
ISMN_SCAN_Panguitch,0.09403988718986511,0.10373973846435547,253.9761505126953,265.4878234863281,1.2033108472824097,2020
ISMN_SNOTEL_MtPennell,0.08596424013376236,0.0928637757897377,260.276611328125,271.73614501953125,0.418854296207428,2020
ISMN_SNOTEL_SunflowerFlat,0.10474143177270889,0.11979146301746368,256.739501953125,266.7640380859375,2.7201907634735107,2020
ISMN_SNOTEL_LonesomeBeaver,0.08596424013376236,0.0928637757897377,260.276611328125,271.73614501953125,0.418854296207428,2020
ISMN_SNOTEL_JonesCorral,0.0980585440993309,0.10683473199605942,254.05377197265625,265.3272399902344,1.648425579071045,2020
ISMN_SNOTEL_DonkeyReservoir,0.11053388565778732,0.1226525828242302,253.9656524658203,265.2283020019531,3.6598477363586426,2020
ISMN_SNOTEL_MerchantValley,0.09760894626379013,0.11154544353485107,255.6922607421875,265.7200622558594,4.408369541168213,2020
ISMN_SCAN_Manderfield,0.0797683373093605,0.08929752558469772,255.56817626953125,267.845458984375,1.93394136428833,2020
ISMN_SNOTEL_KimberlyMine,0.0911775603890419,0.1029655784368515,256.44403076171875,267.0217590332031,2.643056631088257,2020
ISMN_SNOTEL_BoxSprings,0.10580983757972717,0.11672993749380112,254.5559539794922,265.596435546875,3.072723150253296,2020
ISMN_SNOTEL_FishLakeUtah,0.1020880714058876,0.11221177875995636,252.9376220703125,264.7799072265625,2.1192667484283447,2020
ISMN_SNOTEL_BoxCreek,0.10580983757972717,0.11672993749380112,254.5559539794922,265.596435546875,3.072723150253296,2020
ISMN_SNOTEL_BlackFlat-U.M.Ck,0.11156430840492249,0.12258841842412949,254.72406005859375,264.65802001953125,2.327117681503296,2020
ISMN_SNOTEL_FarnsworthLake,0.11221010237932205,0.12516097724437714,254.26136779785156,264.49627685546875,2.549442768096924,2020
ISMN_SNOTEL_GooseberryRSUp,0.11221010237932205,0.12516097724437714,254.26136779785156,264.49627685546875,2.549442768096924,2020
ISMN_SNOTEL_GooseberryRS,0.11221010237932205,0.12516097724437714,254.26136779785156,264.49627685546875,2.549442768096924,2020
ISMN_SNOTEL_BobsHollow,0.10805895924568176,0.12423287332057953,254.58677673339844,266.3337707519531,2.099208354949951,2020
ISMN_SNOTEL_WheelerPeak,0.07571574300527573,0.09030015021562576,255.80490112304688,269.6405029296875,1.522170066833496,2020
ISMN_SNOTEL_PickleKeg,0.12049881368875504,0.13404445350170135,253.85670471191406,264.06976318359375,1.7050825357437134,2020
ISMN_SNOTEL_WardMountain,0.08139357715845108,0.09949930757284164,255.0738067626953,268.4754638671875,0.47328969836235046,2020
ISMN_SNOTEL_BuckFlat,0.1305493712425232,0.14745144546031952,252.82492065429688,263.23541259765625,1.8675634860992432,2020
ISMN_SNOTEL_BeaverDams,0.1305493712425232,0.14745144546031952,252.82492065429688,263.23541259765625,1.8675634860992432,2020
ISMN_SNOTEL_CaveMountain,0.08147004246711731,0.09763605147600174,254.93577575683594,268.20733642578125,0.6878406405448914,2020
ISMN_SCAN_Holden,0.09024286270141602,0.09999510645866394,251.25074768066406,269.2571716308594,0.3131093978881836,2020
ISMN_SCAN_TuleValley,0.0963272824883461,0.10943982750177383,248.30381774902344,268.357421875,0.1825922280550003,2020
ISMN_SNOTEL_ThistleFlat,0.13020193576812744,0.1465730369091034,251.94522094726562,262.87420654296875,1.6453725099563599,2020
ISMN_SNOTEL_GBRCMeadows,0.13114890456199646,0.14696960151195526,251.48971557617188,262.7684020996094,2.081634998321533,2020
ISMN_SNOTEL_SeeleyCreek,0.13114890456199646,0.14696960151195526,251.48971557617188,262.7684020996094,2.081634998321533,2020
ISMN_SNOTEL_BerryCreek,0.08661133795976639,0.1014302596449852,253.96047973632812,267.7039794921875,0.896665632724762,2020
ISMN_SNOTEL_GBRCHQ,0.13114890456199646,0.14696960151195526,251.48971557617188,262.7684020996094,2.081634998321533,2020
ISMN_SNOTEL_OakCreek,0.08337187767028809,0.09750731289386749,254.5020751953125,269.4251708984375,0.46622705459594727,2020
ISMN_SCAN_Ephraim,0.12479283660650253,0.1420736163854599,251.2986297607422,263.3687438964844,1.3164552450180054,2020
ISMN_SNOTEL_UpperJoesValley,0.12744498252868652,0.14409390091896057,252.76449584960938,262.5731506347656,2.3704960346221924,2020
ISMN_SNOTEL_ReesFlat,0.11716324090957642,0.13342569768428802,251.8093719482422,264.4737548828125,0.6772871613502502,2020
ISMN_SCAN_Price,0.09508537501096725,0.10312896221876144,253.62863159179688,267.371337890625,0.20912081003189087,2020
ISMN_SNOTEL_Kalamazoo,0.07933378964662552,0.09339652955532074,253.7582550048828,268.47784423828125,0.6544715166091919,2020
ISMN_SNOTEL_HuntingtonHorse,0.12622679769992828,0.14220958948135376,253.03567504882812,262.6474609375,2.0065574645996094,2020
ISMN_SCAN_Nephi,0.09535910189151764,0.10746206343173981,253.47738647460938,267.1382751464844,0.6383734941482544,2020
ISMN_SNOTEL_Timberline,0.10753767937421799,0.11995828151702881,257.5767822265625,267.1371154785156,1.8793195486068726,2020
ISMN_SNOTEL_Mammoth-Cottonwood,0.12622679769992828,0.14220958948135376,253.03567504882812,262.6474609375,2.0065574645996094,2020
ISMN_SNOTEL_TakkaWiiya,0.08287764340639114,0.09162306785583496,251.74972534179688,268.45001220703125,0.6607491374015808,2020
ISMN_SNOTEL_ClearCreek#1,0.12576709687709808,0.14116095006465912,255.0680389404297,263.4244079589844,2.51672625541687,2020
ISMN_SNOTEL_WilburBench,0.11479439586400986,0.12937135994434357,256.6790466308594,264.5502624511719,0.8625859618186951,2020
ISMN_SNOTEL_ClearCreek#2,0.12576709687709808,0.14116095006465912,255.0680389404297,263.4244079589844,2.51672625541687,2020
ISMN_SNOTEL_SantaquinMeadows,0.12300223857164383,0.13314062356948853,252.47854614257812,264.4924011230469,1.948215365409851,2020
ISMN_SNOTEL_VernonCreek,0.06756951659917831,0.08341272920370102,255.89512634277344,271.46612548828125,0.3777351677417755,2020
ISMN_SNOTEL_WhiteRiver#1,0.11438111215829849,0.1287291944026947,256.3843688964844,264.1229553222656,1.0741925239562988,2020
ISMN_SNOTEL_SantaFe,0.13084864616394043,0.14111867547035217,256.4041748046875,265.5604248046875,7.145444393157959,2020
ISMN_SNOTEL_WesnerSprings,0.17080512642860413,0.1986108422279358,255.97091674804688,262.96051025390625,10.002742767333984,2020
ISMN_USCRN_Los-Alamos-13-W,0.15466265380382538,0.17204922437667847,255.76983642578125,265.173583984375,8.36132526397705,2020
ISMN_SNOTEL_Quemazon,0.1347241997718811,0.1488562673330307,255.43307495117188,265.723388671875,5.489380836486816,2020
ISMN_SNOTEL_SenoritaDivide#2,0.1309349536895752,0.14823339879512787,254.77615356445312,264.77484130859375,6.346432685852051,2020
ISMN_SNOTEL_GaritaPeak,0.13881362974643707,0.15625864267349243,255.47084045410156,265.0579528808594,6.193810939788818,2020
ISMN_SNOTEL_VacasLocas,0.1309349536895752,0.14823339879512787,254.77615356445312,264.77484130859375,6.346432685852051,2020
ISMN_SCAN_Alcalde,0.10906539112329483,0.11687267571687698,254.8711395263672,267.42327880859375,0.30826953053474426,2020
ISMN_SNOTEL_TresRitos,0.17078624665737152,0.19841469824314117,255.54168701171875,262.77813720703125,10.104965209960938,2020
ISMN_SNOTEL_NavajoWhiskeyCk,0.093448705971241,0.10512503981590271,257.1618347167969,269.82476806640625,2.5407650470733643,2020
ISMN_SNOTEL_GallegosPeak,0.15230794250965118,0.17024342715740204,254.98533630371094,262.901611328125,9.00139331817627,2020
ISMN_SNOTEL_Palo,0.15932835638523102,0.18338936567306519,253.8588104248047,261.7040710449219,8.73117733001709,2020
ISMN_SNOTEL_TaosPueblo,0.15488538146018982,0.18027953803539276,253.786376953125,261.76263427734375,8.2507963180542,2020
ISMN_SNOTEL_TaosPowderhorn,0.14028188586235046,0.15714554488658905,253.60513305664062,262.2442321777344,6.826191425323486,2020
ISMN_SNOTEL_Shuree,0.13252900540828705,0.15083210170269012,253.6808624267578,262.1122741699219,4.767749786376953,2020
ISMN_SNOTEL_Culebra#2,0.12353242188692093,0.14043360948562622,252.14486694335938,262.3766784667969,5.061907768249512,2020
ISMN_USCRN_Cortez-8-SE,0.10265412926673889,0.11512890458106995,257.0386962890625,268.85443115234375,0.4601815938949585,2020
ISMN_SNOTEL_LilyPond,0.17851465940475464,0.2032174915075302,250.83474731445312,260.2496337890625,7.512662887573242,2020
ISMN_SCAN_MccrackenMesa,0.07353641837835312,0.08413972705602646,259.3501281738281,273.27490234375,0.2101491242647171,2020
ISMN_SNOTEL_Cascade#2,0.19286324083805084,0.22512191534042358,253.58262634277344,259.00494384765625,7.075557231903076,2020
ISMN_SCAN_AlkaliMesa,0.08896828442811966,0.1007988452911377,257.7944641113281,270.5111999511719,0.3720169961452484,2020
ISMN_SNOTEL_UpperRioGrande,0.16316954791545868,0.1865004003047943,251.6845245361328,259.1334228515625,4.7192792892456055,2020
ISMN_SCAN_Eastland,0.095184326171875,0.10841712355613708,255.48248291015625,268.82904052734375,0.33567360043525696,2020
ISMN_SNOTEL_LizardHeadPass,0.16926178336143494,0.19528521597385406,252.99978637695312,258.8827209472656,5.050571918487549,2020
ISMN_SNOTEL_CampJackson,0.10890443623065948,0.12320909649133682,257.2207946777344,268.19232177734375,1.543318271636963,2020
ISMN_SNOTEL_Slumgullion,0.14408443868160248,0.16596783697605133,251.83111572265625,260.0507507324219,4.440140247344971,2020
ISMN_SCAN_WestSummit,0.0949929803609848,0.10795517265796661,255.29241943359375,268.8456115722656,0.3274272084236145,2020
ISMN_SCAN_HarmsWay,0.0962352305650711,0.1112627163529396,257.3555603027344,269.33135986328125,0.7368882894515991,2020
ISMN_SNOTEL_GoldBasin,0.10808514058589935,0.12159194052219391,257.8627624511719,268.3584289550781,1.7958863973617554,2020
ISMN_SNOTEL_LasalMountain-Lower,0.10808514058589935,0.12159194052219391,257.8627624511719,268.3584289550781,1.7958863973617554,2020
ISMN_SNOTEL_LasalMountain,0.10808514058589935,0.12159194052219391,257.8627624511719,268.3584289550781,1.7958863973617554,2020
ISMN_SNOTEL_PorphyryCreek,0.1378234624862671,0.16263534128665924,253.24606323242188,260.72039794921875,5.496875286102295,2020
ISMN_SNOTEL_ParkCone,0.1690223515033722,0.21034158766269684,252.93466186523438,259.48553466796875,6.472836971282959,2020
ISMN_SNOTEL_Butte,0.17149432003498077,0.2009166181087494,252.572509765625,258.9168395996094,3.581923723220825,2020
ISMN_SNOTEL_UpperTaylor,0.1796274185180664,0.21627917885780334,252.94265747070312,258.8725280761719,5.360261917114258,2020
ISMN_SNOTEL_SchofieldPass,0.16578294336795807,0.19423052668571472,253.31353759765625,258.8941650390625,2.7200067043304443,2020
ISMN_SNOTEL_RoughAndTumble,0.11410737782716751,0.1369817703962326,249.76791381835938,260.88507080078125,3.164623260498047,2020
ISMN_SNOTEL_ParkReservoir,0.15077345073223114,0.16124176979064941,251.09942626953125,261.3031921386719,4.604183673858643,2020
ISMN_SNOTEL_BuckskinJoe,0.14613361656665802,0.17751994729042053,250.1453857421875,258.7759094238281,4.434607982635498,2020
ISMN_SNOTEL_EastWillowCreek,0.11105596274137497,0.12231027334928513,258.3176574707031,267.28076171875,0.6172791123390198,2020
ISMN_SNOTEL_HoosierPass,0.13938958942890167,0.16746750473976135,249.59921264648438,259.0901794433594,4.11054801940918,2020
ISMN_SNOTEL_FremontPass,0.16994087398052216,0.21111388504505157,251.83070373535156,258.7333679199219,6.588425159454346,2020
ISMN_SNOTEL_MichiganCreek,0.14694294333457947,0.1773637980222702,250.7216339111328,259.29473876953125,5.2505669593811035,2020
ISMN_iRON_GlenwoodSprings,0.14742884039878845,0.17204223573207855,253.94737243652344,261.49713134765625,2.9198429584503174,2020
ISMN_SNOTEL_JackwhackerGulch,0.14783522486686707,0.185610830783844,252.1100616455078,259.5981140136719,5.8738274574279785,2020
ISMN_SNOTEL_SummitRanch,0.1481797844171524,0.1824452430009842,253.37652587890625,259.947509765625,6.507279396057129,2020
ISMN_SNOTEL_JonesPass,0.15710343420505524,0.19513656198978424,253.2529754638672,259.58349609375,6.4483442306518555,2020
ISMN_SNOTEL_MiddleForkCamp,0.1610822081565857,0.20047521591186523,253.22491455078125,259.9268493652344,7.320010185241699,2020
ISMN_SNOTEL_BerthoudSummit,0.15871940553188324,0.20070190727710724,253.4140167236328,259.7989807128906,6.564969062805176,2020
ISMN_SNOTEL_BurroMountain,0.15506556630134583,0.1805441826581955,252.41024780273438,260.5062561035156,5.427526950836182,2020
ISMN_SCAN_Bushland#1,0.13457556068897247,0.1281401365995407,245.77996826171875,267.2483215332031,0.5569987297058105,2020
ISMN_USCRN_Goodwell-2-SE,0.12990619242191315,0.13183611631393433,245.24969482421875,266.4307556152344,0.5576022863388062,2020
ISMN_USCRN_Goodwell-2-E,0.12990619242191315,0.13183611631393433,245.24969482421875,266.4307556152344,0.5576022863388062,2020
ISMN_SCAN_FortReno#1,0.19154778122901917,0.1907161921262741,233.70953369140625,257.19940185546875,1.0335499048233032,2020
ISMN_ARM_Tryon,0.23689211905002594,0.2408735156059265,235.27268981933594,254.6975860595703,1.1906781196594238,2020
ISMN_ARM_Marshall,0.21284694969654083,0.20964664220809937,229.7611083984375,253.90692138671875,0.9585413336753845,2020
ISMN_USCRN_Stillwater-2-W,0.2467990517616272,0.24262060225009918,229.2463836669922,251.30313110351562,1.262775182723999,2020
ISMN_USCRN_Stillwater-5-WNW,0.23991896212100983,0.24052701890468597,229.4662322998047,251.89817810058594,1.2189124822616577,2020
ISMN_ARM_Waukomis,0.18912415206432343,0.185883566737175,233.4374542236328,257.5810546875,1.4321370124816895,2020
ISMN_ARM_Morrison,0.24004824459552765,0.23528285324573517,226.43258666992188,250.2470245361328,1.004994511604309,2020
ISMN_ARM_Ringwood,0.17532743513584137,0.17382608354091644,236.037841796875,259.1348876953125,1.084943175315857,2020
ISMN_ARM_Lamont-CF1,0.21260623633861542,0.2060251235961914,223.93585205078125,251.6665496826172,1.2389527559280396,2020
ISMN_ARM_Lamont-CF2,0.21260623633861542,0.2060251235961914,223.93585205078125,251.6665496826172,1.2389527559280396,2020
ISMN_ARM_Pawhuska,0.2693256735801697,0.26645708084106445,221.20814514160156,245.9984130859375,1.107662320137024,2020
ISMN_ARM_Byron,0.18623463809490204,0.18520084023475647,232.89453125,257.07135009765625,1.1557384729385376,2020
ISMN_ARM_Newkirk,0.23374567925930023,0.22935672104358673,221.1083221435547,248.2530517578125,1.0927131175994873,2020
ISMN_ARM_Tyro,0.2802629768848419,0.2749032974243164,220.0448455810547,244.25685119628906,1.1443673372268677,2020
ISMN_SCAN_Abrams,0.24092942476272583,0.2366677075624466,220.56617736816406,247.7915496826172,1.2909928560256958,2020
ISMN_ARM_Ashton,0.22259581089019775,0.21599429845809937,221.91505432128906,249.72622680664062,1.4400362968444824,2020
ISMN_ARM_Anthony,0.1920802891254425,0.18805894255638123,230.16043090820312,255.4431610107422,1.3553818464279175,2020
ISMN_SCAN_CentraliaLake,0.22248126566410065,0.22763410210609436,229.75015258789062,253.47103881835938,1.6484533548355103,2020
ISMN_SCAN_Phillipsburg,0.15482012927532196,0.16820691525936127,238.38670349121094,259.99798583984375,0.7851496934890747,2020
ISMN_SCAN_UapbPointRemove,0.31362542510032654,0.31857728958129883,239.77252197265625,253.60565185546875,3.79703688621521,2020
ISMN_USCRN_Batesville-8-WNW,0.2649860978126526,0.278827041387558,248.4568328857422,258.893798828125,6.892975330352783,2020
ISMN_SCAN_JournaganRanch,0.24700811505317688,0.2506999373435974,243.3186798095703,255.79702758789062,5.35224723815918,2020
ISMN_SCAN_LTSP,0.2992294430732727,0.3092010021209717,256.0243835449219,262.8422546386719,11.124151229858398,2020
ISMN_USCRN_Joplin-24-N,0.28959643840789795,0.28780215978622437,220.08303833007812,243.73936462402344,2.1701457500457764,2020
ISMN_SCAN_SinkinForest,0.3215806782245636,0.3390107750892639,254.81118774414062,262.11614990234375,11.32196044921875,2020
ISMN_USCRN_Salem-10-W,0.2151838093996048,0.22319434583187103,246.36830139160156,257.5820617675781,4.801008224487305,2020
ISMN_SCAN_CarverFarm,0.288160115480423,0.28477075695991516,234.5208740234375,249.70138549804688,3.2548084259033203,2020
ISMN_SCAN_PowellGardens,0.29262101650238037,0.2830536961555481,225.95289611816406,246.6159210205078,2.701256513595581,2020
ISMN_SCAN_ElsberryPMC,0.3084573745727539,0.30192580819129944,228.522216796875,247.25531005859375,4.345024585723877,2020
ISMN_SCAN_AllenFarms,0.2696283757686615,0.27224183082580566,238.4707794189453,253.1958465576172,3.6648733615875244,2020
ISMN_SCAN_EastviewFarm,0.2763676345348358,0.27678045630455017,240.20980834960938,254.1644287109375,4.682199954986572,2020
ISMN_USCRN_Crossville-7-NW,0.3139604330062866,0.32714706659317017,247.31561279296875,256.8567199707031,8.393338203430176,2020
ISMN_SCAN_Princeton#1,0.29165732860565186,0.2893342077732086,236.72598266601562,252.24102783203125,4.039400577545166,2020
ISMN_SCAN_MammothCave,0.3177773654460907,0.3246226906776428,235.18971252441406,250.8455047607422,5.824444770812988,2020
ISMN_USCRN_Bedford-5-WNW,0.25438281893730164,0.26011744141578674,242.60067749023438,254.6367645263672,4.836836814880371,2020
ISMN_SCAN_ReynoldsHomestead,0.36200425028800964,0.37544795870780945,250.066650390625,258.2419738769531,10.166971206665039,2020
ISMN_USCRN_Durham-11-W,0.32337304949760437,0.31313085556030273,247.2814178466797,257.89971923828125,7.804955005645752,2020
ISMN_SCAN_TidewaterArec,0.2832639217376709,0.2868199348449707,239.75836181640625,253.9065704345703,4.7249603271484375,2020
ISMN_SCAN_Shenandoah,0.2727872133255005,0.2882874011993408,248.92442321777344,257.76922607421875,8.053651809692383,2020
ISMN_USCRN_Elkins-21-ENE,0.35672059655189514,0.3934413194656372,254.3666229248047,259.6576232910156,11.819685935974121,2020
ISMN_SCAN_PowderMill,,,243.902587890625,259.19891357421875,4.852845668792725,2020
ISMN_ROMPS_Maidanak,0.18899403512477875,0.1820252388715744,238.89453125,255.50827026367188,0.3671139180660248,2020
ISMN_ROMPS_AbramovGlacier,0.1936207115650177,0.23839204013347626,250.203857421875,254.62400817871094,0.06028421223163605,2020
ISMN_SCAN_EagleLake,0.2091890126466751,0.2283650040626526,245.91807556152344,257.72686767578125,6.5094685554504395,2020
ISMN_SNOTEL_FredonyerPeak,0.11333594471216202,0.12577201426029205,252.29335021972656,265.5372619628906,2.071624755859375,2020
ISMN_SCAN_AshValley,0.13155578076839447,0.1448185294866562,249.8482666015625,262.85614013671875,2.4836513996124268,2020
ISMN_SNOTEL_StateLine,0.14921268820762634,0.15235978364944458,249.4213104248047,263.26678466796875,4.749488353729248,2020
ISMN_SNOTEL_QuartzMountain,0.15118739008903503,0.166861429810524,250.62451171875,261.12408447265625,7.08764123916626,2020
ISMN_SCAN_LovelockNNR,0.11911927163600922,0.11721093207597733,242.9661407470703,265.0275573730469,0.28192055225372314,2020
ISMN_SNOTEL_CorralCanyon,0.09387081861495972,0.11519870907068253,250.69837951660156,265.85797119140625,0.3854711055755615,2020
ISMN_SNOTEL_LewisPeak,0.0733775794506073,0.08457709848880768,254.55731201171875,270.17718505859375,0.2466401904821396,2020
ISMN_SNOTEL_GreenMountain,0.09636145085096359,0.11769694834947586,249.91055297851562,265.33978271484375,0.37293684482574463,2020
ISMN_SNOTEL_Lamoille#3,0.10172346979379654,0.12349674850702286,250.14146423339844,264.8414306640625,0.5544871091842651,2020
ISMN_SNOTEL_PoleCanyon,0.09403348714113235,0.11316393315792084,249.4220428466797,265.8561096191406,0.3782961666584015,2020
ISMN_SNOTEL_DryCreek,0.1020176038146019,0.12383493036031723,249.2802276611328,264.75311279296875,0.5239429473876953,2020
ISMN_SCAN_Buckhorn,0.10790712386369705,0.11209108680486679,248.93067932128906,265.7760925292969,0.2788449823856354,2020
ISMN_SNOTEL_Golconda,0.06571988016366959,0.07715895771980286,255.50282287597656,271.04925537109375,0.27515652775764465,2020
ISMN_SNOTEL_DorseyBasin,0.1020176038146019,0.12383493036031723,249.2802276611328,264.75311279296875,0.5239429473876953,2020
ISMN_SNOTEL_Hole-in-Mountain,0.09677478671073914,0.11311943829059601,249.14828491210938,265.45623779296875,0.440804660320282,2020
ISMN_SNOTEL_TaylorCanyon,0.08268604427576065,0.0964946523308754,251.7685089111328,266.4074401855469,0.31646016240119934,2020
ISMN_SNOTEL_ToeJam,0.08737625181674957,0.09956028312444687,251.7616424560547,266.033447265625,0.3895890712738037,2020
ISMN_SNOTEL_SummitLk,0.08408543467521667,0.09296928346157074,251.4460906982422,267.8189392089844,0.21393191814422607,2020
ISMN_SNOTEL_JacksPeak,0.10327436029911041,0.11454791575670242,249.8297576904297,263.7664794921875,0.46350881457328796,2020
ISMN_SNOTEL_LamanceCreek,0.07874059677124023,0.09267260879278183,253.4357452392578,268.30181884765625,0.3513743281364441,2020
ISMN_SNOTEL_JackCreekUpper,0.10327436029911041,0.11454791575670242,249.8297576904297,263.7664794921875,0.46350881457328796,2020
ISMN_SNOTEL_FryCanyon,0.10428810864686966,0.11031746864318848,249.43307495117188,263.1132507324219,0.43473830819129944,2020
ISMN_SNOTEL_DrawCreek,0.0911976769566536,0.10165363550186157,251.6968536376953,264.4267272949219,0.4410439729690552,2020
ISMN_SNOTEL_SeventysixCreek,0.09211046248674393,0.10366758704185486,251.74993896484375,263.69769287109375,0.5227826833724976,2020
ISMN_SNOTEL_BuckskinLower,0.08640477806329727,0.09995914995670319,251.85702514648438,266.6042785644531,0.328403502702713,2020
ISMN_SNOTEL_LaurelDraw,0.11583665013313293,0.12313669919967651,248.25823974609375,262.16253662109375,0.5389594435691833,2020
ISMN_SNOTEL_FawnCreek,0.11683057993650436,0.12622997164726257,247.7497100830078,262.278076171875,0.5291242003440857,2020
ISMN_SNOTEL_BearCreek,0.09211046248674393,0.10366758704185486,251.74993896484375,263.69769287109375,0.5227826833724976,2020
ISMN_SNOTEL_ONeilCreek,0.0891755223274231,0.09825363010168076,250.83935546875,265.31195068359375,0.3052087426185608,2020
ISMN_SNOTEL_PoleCreekR.S.,0.0906645804643631,0.10166297852993011,251.4981231689453,264.2570495605469,0.46110066771507263,2020
ISMN_SNOTEL_Sheldon,0.08251912891864777,0.09543170034885406,249.8482208251953,266.99285888671875,0.2447502613067627,2020
ISMN_SNOTEL_DisasterPeak,0.08198398351669312,0.09338650107383728,251.6852264404297,267.42230224609375,0.30157360434532166,2020
ISMN_SNOTEL_WilsonCreek,0.0947834849357605,0.10125365108251572,249.016845703125,264.66326904296875,0.4029576778411865,2020
ISMN_SNOTEL_MudFlat,0.12171845883131027,0.12345527857542038,247.6951141357422,262.5865173339844,0.7234631776809692,2020
ISMN_SNOTEL_SouthMtn.,0.12465258687734604,0.12730976939201355,247.91488647460938,261.6378173828125,1.5483477115631104,2020
ISMN_SNOTEL_ReynoldsCreek,0.12112422287464142,0.12595589458942413,244.96389770507812,262.7727966308594,0.40456104278564453,2020
ISMN_SCAN_OrchardRangeSite,0.10307111591100693,0.1139463260769844,247.56809997558594,266.6224670410156,0.3727603852748871,2020
ISMN_SNOTEL_AtlantaSummit,0.16701245307922363,0.1976190209388733,256.6103210449219,261.2220153808594,4.5124287605285645,2020
ISMN_SNOTEL_RockSprings,0.15226079523563385,0.16149479150772095,250.98550415039062,260.7333984375,6.912524700164795,2020
ISMN_SNOTEL_BannerSummit,0.22558213770389557,0.27457037568092346,254.41244506835938,260.1929626464844,7.4429931640625,2020
ISMN_USCRN_John-Day-35-WNW,0.1518186628818512,0.1583162397146225,247.98951721191406,260.3044738769531,2.8105146884918213,2020
ISMN_SNOTEL_LongValley,0.2329476922750473,0.27133408188819885,251.76551818847656,259.14044189453125,8.899253845214844,2020
ISMN_SNOTEL_Bourne,0.18874245882034302,0.20978200435638428,249.69534301757812,259.0786437988281,8.651793479919434,2020
ISMN_SNOTEL_HobbleCreek,0.1301523894071579,0.1415940821170807,255.11038208007812,263.6207275390625,2.163764476776123,2020
ISMN_SNOTEL_CascadeMountain,0.12004349380731583,0.12817427515983582,255.06092834472656,265.8026428222656,1.9292609691619873,2020
ISMN_SNOTEL_Daniels-Strawberry,0.1262667030096054,0.14078553020954132,255.44139099121094,263.27520751953125,2.0309250354766846,2020
ISMN_SNOTEL_CurrantCreek,0.12502071261405945,0.1411719173192978,254.64556884765625,262.4763488769531,1.999640941619873,2020
ISMN_SCAN_MountainHome,0.10858696699142456,0.12003862857818604,251.4340057373047,264.063720703125,0.6673762202262878,2020
ISMN_SNOTEL_TimpanogosDivide,0.11024945974349976,0.11660726368427277,255.7635040283203,265.5369567871094,2.0504069328308105,2020
ISMN_SNOTEL_RockyBasin-Settleme,0.11229629069566727,0.12286439538002014,249.56808471679688,264.37677001953125,0.754595160484314,2020
ISMN_SNOTEL_BevansCabin,0.11229629069566727,0.12286439538002014,249.56808471679688,264.37677001953125,0.754595160484314,2020
ISMN_SNOTEL_WolfCreekPeak,0.13010084629058838,0.14747056365013123,253.7130126953125,261.5668029785156,2.469183921813965,2020
ISMN_SNOTEL_MiningFork,0.11398034542798996,0.12445863336324692,248.7704315185547,264.5909118652344,0.5420280694961548,2020
ISMN_SNOTEL_DryFork,0.13555903732776642,0.13799741864204407,244.8147430419922,260.9541931152344,0.9302862882614136,2020
ISMN_SNOTEL_Snowbird,0.10744249820709229,0.1085721030831337,254.80859375,265.8653259277344,2.814748525619507,2020
ISMN_SNOTEL_BrownDuck,0.12832245230674744,0.14920449256896973,252.5884246826172,261.2106628417969,3.557191848754883,2020
ISMN_SCAN_Grantsville,0.24249161779880524,0.254443883895874,229.8279266357422,247.6029510498047,0.4791691303253174,2020
ISMN_SNOTEL_Lakefork#1,0.1284027099609375,0.15061044692993164,251.26170349121094,259.8392333984375,3.158207893371582,2020
ISMN_SNOTEL_Brighton,0.11691135168075562,0.12425430864095688,254.695556640625,264.4146423339844,2.4667165279388428,2020
ISMN_SNOTEL_BeaverDivide,0.14401112496852875,0.16369369626045227,252.0745391845703,260.29779052734375,4.036022186279297,2020
ISMN_SNOTEL_ThaynesCanyon,0.12491051852703094,0.13658402860164642,254.22496032714844,263.4610900878906,1.9328670501708984,2020
ISMN_SNOTEL_Mill-DNorth,0.11691135168075562,0.12425430864095688,254.695556640625,264.4146423339844,2.4667165279388428,2020
ISMN_SNOTEL_ReddenMineLwr,0.14394958317279816,0.1569661945104599,252.15443420410156,260.8841552734375,3.1836304664611816,2020
ISMN_SNOTEL_TrialLake,0.14268192648887634,0.16338996589183807,251.9433135986328,259.593994140625,4.783530235290527,2020
ISMN_SNOTEL_ParleysUpper,0.11691135168075562,0.12425430864095688,254.695556640625,264.4146423339844,2.4667165279388428,2020
ISMN_SNOTEL_FivePointsLake,0.1284027099609375,0.15061044692993164,251.26170349121094,259.8392333984375,3.158207893371582,2020
ISMN_SNOTEL_LakeforkBasin,0.1370719075202942,0.15637052059173584,251.65562438964844,259.26947021484375,3.6458258628845215,2020
ISMN_SNOTEL_ParleysSummit,0.121440589427948,0.13156253099441528,253.99026489257812,263.93597412109375,2.387925624847412,2020
ISMN_SNOTEL_Chepeta,0.13953609764575958,0.16237899661064148,251.17471313476562,260.7757568359375,5.5836501121521,2020
ISMN_SNOTEL_SmithMorehouse,0.14029066264629364,0.16013406217098236,251.6453857421875,260.2897644042969,3.5713627338409424,2020
ISMN_SNOTEL_HaydenFork,0.14636735618114471,0.16413360834121704,251.1779327392578,259.20428466796875,4.836605072021484,2020
ISMN_SNOTEL_LouisMeadow,0.14972762763500214,0.14961348474025726,248.2599639892578,261.8604431152344,2.3816001415252686,2020
ISMN_SNOTEL_LookoutPeak,0.13788114488124847,0.14477913081645966,251.72076416015625,263.07421875,2.525151491165161,2020
ISMN_SNOTEL_SpiritLk,0.13757245242595673,0.15838703513145447,250.13392639160156,260.463134765625,4.511101722717285,2020
ISMN_SNOTEL_BuckPasture,0.15209029614925385,0.1745566725730896,249.74761962890625,258.3759765625,4.721307277679443,2020
ISMN_SNOTEL_LilyLake,0.14561991393566132,0.1629241406917572,250.0194091796875,258.8067932128906,4.327073574066162,2020
ISMN_SNOTEL_Hardscrabble,0.13788114488124847,0.14477913081645966,251.72076416015625,263.07421875,2.525151491165161,2020
ISMN_SNOTEL_EFBlacksForkGS,0.1527283936738968,0.1753154993057251,249.67193603515625,258.15130615234375,4.9539947509765625,2020
ISMN_SNOTEL_BearRiverRS,0.14561991393566132,0.1629241406917572,250.0194091796875,258.8067932128906,4.327073574066162,2020
ISMN_SNOTEL_ChalkCreek#2,0.14319981634616852,0.16064222157001495,250.64370727539062,259.8421630859375,3.7251265048980713,2020
ISMN_SNOTEL_SteelCreekPark,0.15256963670253754,0.17063723504543304,249.44192504882812,258.29852294921875,4.729053020477295,2020
ISMN_SNOTEL_Hewinta,0.15348374843597412,0.17311789095401764,248.3726348876953,258.5746154785156,5.121109485626221,2020
ISMN_SCAN_Morgan,0.13793393969535828,0.14779037237167358,251.3586883544922,262.3927917480469,1.670403003692627,2020
ISMN_SNOTEL_LostCreekResv,0.1311168372631073,0.1501387506723404,252.54344177246094,262.4271240234375,0.8672047257423401,2020
ISMN_SNOTEL_HorseRidge,0.13790981471538544,0.15111321210861206,252.45806884765625,261.9914245605469,1.1076000928878784,2020
ISMN_SCAN_BuffaloJump,0.11806858330965042,0.1339758336544037,249.73098754882812,262.4588928222656,0.4848278760910034,2020
ISMN_SNOTEL_LightningRidge,0.13790981471538544,0.15111321210861206,252.45806884765625,261.9914245605469,1.1076000928878784,2020
ISMN_SNOTEL_DryBreadPond,0.13815927505493164,0.15180706977844238,251.872314453125,261.5918273925781,0.9445977210998535,2020
ISMN_SNOTEL_MonteCristo,0.13815927505493164,0.15180706977844238,251.872314453125,261.5918273925781,0.9445977210998535,2020
ISMN_SNOTEL_BugLake,0.1452522873878479,0.1600567251443863,250.7293243408203,260.6973876953125,1.9110099077224731,2020
ISMN_SCAN_ParkValley,0.12629282474517822,0.14787159860134125,240.15548706054688,260.1268310546875,0.28087908029556274,2020
ISMN_SCAN_GrouseCreek,0.09365687519311905,0.10789515823125839,249.58282470703125,265.148193359375,0.4088270366191864,2020
ISMN_SNOTEL_TempleFork,0.14767196774482727,0.1603231430053711,250.38394165039062,260.4060363769531,1.9204912185668945,2020
ISMN_SCAN_CacheJunction,0.1663435399532318,0.16985690593719482,241.40139770507812,258.2104187011719,0.9222208261489868,2020
ISMN_SNOTEL_UsuDocDaniel,0.14767196774482727,0.1603231430053711,250.38394165039062,260.4060363769531,1.9204912185668945,2020
ISMN_SNOTEL_TonyGroveRS,0.14658991992473602,0.15806074440479279,249.94935607910156,260.2415771484375,1.9096928834915161,2020
ISMN_SNOTEL_TonyGroveLake,0.15995454788208008,0.16902896761894226,248.95619201660156,259.3828125,2.103358745574951,2020
ISMN_SNOTEL_GeorgeCreek,0.09985633939504623,0.11574605852365494,246.11801147460938,263.5538330078125,0.39034533500671387,2020
ISMN_SNOTEL_GardenCitySummit,0.14658991992473602,0.15806074440479279,249.94935607910156,260.2415771484375,1.9096928834915161,2020
ISMN_SCAN_BlueCreek,0.12828879058361053,0.13307268917560577,243.1663055419922,260.7130432128906,0.3953894376754761,2020
ISMN_SNOTEL_KlondikeNarrows,0.16130118072032928,0.16865400969982147,248.18978881835938,259.0486755371094,2.2895092964172363,2020
ISMN_SNOTEL_MagicMountain,0.10979539155960083,0.11775293946266174,248.4507598876953,263.4059753417969,0.5946319103240967,2020
ISMN_SNOTEL_KelleyR.S.,0.13778801262378693,0.1483401358127594,248.6743927001953,259.8092041015625,1.6536750793457031,2020
ISMN_SNOTEL_Giveout,0.15381772816181183,0.16267307102680206,247.78517150878906,258.63604736328125,1.421251893043518,2020
ISMN_SNOTEL_SaltRiverSummit,0.15206006169319153,0.16519831120967865,250.2775115966797,258.8141784667969,2.046448230743408,2020
ISMN_SNOTEL_WildhorseDivide,0.11667904257774353,0.12681081891059875,248.1357879638672,263.8762512207031,0.7742226123809814,2020
ISMN_SNOTEL_TriplePeak,0.16858118772506714,0.1921805441379547,249.79397583007812,258.59326171875,5.803736686706543,2020
ISMN_SNOTEL_SomsenRanch,0.16658762097358704,0.17484161257743835,246.44036865234375,258.0693054199219,1.8900041580200195,2020
ISMN_SNOTEL_EastRimDivide,0.1623234748840332,0.1816295087337494,247.3153076171875,257.86553955078125,4.0801682472229,2020
ISMN_SNOTEL_GraniteCreek,0.1739494651556015,0.20258711278438568,250.27096557617188,257.9259948730469,5.428864002227783,2020
ISMN_SNOTEL_CouchSummit,0.1073831096291542,0.12865784764289856,255.29531860351562,262.9095458984375,2.45283579826355,2020
ISMN_SNOTEL_SwedePeak,0.10503846406936646,0.12404533475637436,254.40231323242188,262.84869384765625,1.1466679573059082,2020
ISMN_SNOTEL_BearCanyon,0.10968076437711716,0.12824437022209167,254.06919860839844,262.3096008300781,1.3232964277267456,2020
ISMN_SNOTEL_ChocolateGulch,0.12541639804840088,0.15362271666526794,256.84820556640625,262.6001281738281,3.4428117275238037,2020
ISMN_SNOTEL_GrandTarghee,0.170097216963768,0.18704544007778168,249.30894470214844,257.86590576171875,4.357968330383301,2020
ISMN_SNOTEL_GalenaSummit,0.1528042107820511,0.1951722651720047,256.044677734375,261.16754150390625,4.016188144683838,2020
ISMN_SNOTEL_SnakeRiverStation,0.2020544856786728,0.22413191199302673,251.0587921142578,258.3434753417969,5.88057279586792,2020
ISMN_SNOTEL_LewisLakeDivide,0.2020544856786728,0.22413191199302673,251.0587921142578,258.3434753417969,5.88057279586792,2020
ISMN_SNOTEL_ThumbDivide,0.24511073529720306,0.2658766508102417,251.76194763183594,258.8640441894531,7.292995452880859,2020
ISMN_SNOTEL_IslandPark,0.1868421882390976,0.21216145157814026,250.0541229248047,259.4500732421875,8.055449485778809,2020
ISMN_SNOTEL_CrabCreek,0.12841331958770752,0.1389918476343155,247.76661682128906,261.03076171875,3.5184221267700195,2020
ISMN_SNOTEL_HighLonesome,0.14874719083309174,0.18160179257392883,253.24229431152344,260.2537841796875,5.454115390777588,2020
ISMN_SNOTEL_Sawtooth,0.1433752030134201,0.17683644592761993,253.92434692382812,261.1984558105469,7.328188419342041,2020
ISMN_SNOTEL_WildBasin,0.15735138952732086,0.199387326836586,253.89744567871094,260.5234375,7.349067687988281,2020
ISMN_SNOTEL_StillwaterCreek,0.15667624771595,0.1893601417541504,253.28570556640625,260.54473876953125,6.8796610832214355,2020
ISMN_SNOTEL_ArapahoRidge,0.1385422646999359,0.15889443457126617,249.53890991210938,259.93109130859375,4.448448181152344,2020
ISMN_SCAN_SplitMountain,0.09530124813318253,0.10239586979150772,252.69970703125,267.6683349609375,0.22701440751552582,2020
ISMN_SNOTEL_PhantomValley,0.17745551466941833,0.2242880016565323,253.3579559326172,260.2706604003906,9.006834983825684,2020
ISMN_SNOTEL_LongDrawResv,0.1530419886112213,0.20051716268062592,253.1916961669922,260.1188659667969,8.00417709350586,2020
ISMN_SNOTEL_DryLake,0.1612478345632553,0.1831648349761963,248.0557098388672,257.8741760253906,5.765139579772949,2020
ISMN_SNOTEL_MosbyMtn.,0.11988507211208344,0.13599583506584167,251.8601837158203,262.26849365234375,4.672295570373535,2020
ISMN_SNOTEL_KingsCabin,0.10509886592626572,0.11872844398021698,252.25537109375,264.4026794433594,1.8762959241867065,2020
ISMN_SNOTEL_TroutCreek,0.1145775318145752,0.12778671085834503,252.4394989013672,263.583984375,4.503042697906494,2020
ISMN_SNOTEL_Zirkel,0.13598471879959106,0.15490840375423431,246.830810546875,258.56170654296875,2.9674181938171387,2020
ISMN_SNOTEL_LostDog,0.15434680879116058,0.17764121294021606,248.8172149658203,258.0369873046875,5.974243640899658,2020
ISMN_SNOTEL_HickersonPark,0.13757245242595673,0.15838703513145447,250.13392639160156,260.463134765625,4.511101722717285,2020
ISMN_SNOTEL_BlackhallMtn,0.13664183020591736,0.16178663074970245,249.34725952148438,259.7001647949219,5.992434978485107,2020
ISMN_SNOTEL_LittleSnakeRiver,0.16125373542308807,0.1897856891155243,250.62631225585938,259.4048767089844,8.398635864257812,2020
ISMN_SNOTEL_CinnabarPark,0.14384955167770386,0.16784045100212097,247.99481201171875,260.03192138671875,7.584719657897949,2020
ISMN_SNOTEL_SouthBrushCreek,0.14281225204467773,0.16315118968486786,248.2899627685547,259.84271240234375,6.041096210479736,2020
ISMN_SNOTEL_BrooklynLake,0.13959908485412598,0.15907752513885498,247.11866760253906,259.540283203125,6.762989044189453,2020
ISMN_SNOTEL_MedBow,0.15926945209503174,0.18254594504833221,248.5869140625,259.4367980957031,8.219647407531738,2020
ISMN_SNOTEL_SageCreekBasin,0.09846237301826477,0.10885009914636612,248.46746826171875,263.26324462890625,1.8411805629730225,2020
ISMN_SNOTEL_WindyPeak,0.11182095855474472,0.12112698704004288,246.12640380859375,261.3478088378906,1.322890281677246,2020
ISMN_SNOTEL_BigSandyOpening,0.1242607980966568,0.14675314724445343,248.59678649902344,259.14794921875,3.239072799682617,2020
ISMN_SNOTEL_PocketCreek,0.14395691454410553,0.17156998813152313,247.27540588378906,257.5921630859375,3.5176148414611816,2020
ISMN_SCAN_CPER,0.1014176607131958,0.11648241430521011,241.837890625,264.7296447753906,0.4330672323703766,2020
ISMN_SCAN_Nunn#1,0.09751788526773453,0.1140497550368309,241.65484619140625,264.7703552246094,0.3202367126941681,2020
ISMN_SCAN_Torrington#1,0.10822103172540665,0.12395783513784409,242.41453552246094,263.8194580078125,0.5247520804405212,2020
ISMN_SCAN_RogersFarm#1,0.2122841328382492,0.21536773443222046,235.001953125,256.1724548339844,1.716340184211731,2020
ISMN_SCAN_ShagbarkHills,0.18389354646205902,0.19658991694450378,240.62408447265625,258.5670471191406,1.6488158702850342,2020
ISMN_SCAN_Spickard,0.27946898341178894,0.2766108512878418,227.61495971679688,248.39422607421875,2.584611415863037,2020
ISMN_SCAN_Ames,0.19314643740653992,0.19202177226543427,238.91494750976562,257.8863220214844,1.7000160217285156,2020
ISMN_SCAN_UWPlatteville,0.2495548576116562,0.25454291701316833,233.4348602294922,251.6302947998047,2.3664705753326416,2020
ISMN_SCAN_MahantangoCk,0.24468548595905304,0.2611043155193329,246.01707458496094,257.589599609375,7.632110595703125,2020
ISMN_SCAN_RockSpringsPa,0.2480343133211136,0.26514294743537903,249.1802520751953,258.5592041015625,8.685796737670898,2020
ISMN_SCAN_Geneva#1,0.21821989119052887,0.21439680457115173,234.6737823486328,251.70582580566406,3.1011545658111572,2020
ISMN_SCAN_LyeBrook,0.32930153608322144,0.3665471374988556,252.43577575683594,258.2517395019531,11.858087539672852,2020
ISMN_SCAN_HubbardBrook,0.35128089785575867,0.3827548027038574,253.79598999023438,258.75640869140625,12.106600761413574,2020
ISMN_REMEDHUS_Canizal,0.13669106364250183,0.13149496912956238,240.6901397705078,263.85919189453125,1.0166552066802979,2020
ISMN_REMEDHUS_LasEritas,0.13669106364250183,0.13149496912956238,240.6901397705078,263.85919189453125,1.0166552066802979,2020
ISMN_REMEDHUS_Carretoro,0.13669106364250183,0.13149496912956238,240.6901397705078,263.85919189453125,1.0166552066802979,2020
ISMN_REMEDHUS_LasTresRayas,0.15038345754146576,0.15019871294498444,239.8350830078125,262.6981201171875,1.2244658470153809,2020
ISMN_REMEDHUS_LaCruzdeElias,0.13571353256702423,0.1295379400253296,240.47996520996094,263.7098388671875,0.9887759685516357,2020
ISMN_REMEDHUS_Guarrati,0.13835382461547852,0.133773073554039,240.77098083496094,263.9015197753906,1.0562580823898315,2020
ISMN_REMEDHUS_Granja-g,0.13669106364250183,0.13149496912956238,240.6901397705078,263.85919189453125,1.0166552066802979,2020
ISMN_REMEDHUS_ElTomillar,0.1403173804283142,0.13434715569019318,240.5340576171875,263.34564208984375,0.9730549454689026,2020
ISMN_REMEDHUS_LlanosdelaBoveda,0.1368902325630188,0.1291089802980423,240.9354705810547,263.6451721191406,0.9627568125724792,2020
ISMN_REMEDHUS_LasArenas,0.1467137187719345,0.141381174325943,240.02244567871094,262.7425231933594,1.0613760948181152,2020
ISMN_REMEDHUS_ElCoto,0.1403173804283142,0.13434715569019318,240.5340576171875,263.34564208984375,0.9730549454689026,2020
ISMN_REMEDHUS_CasaPeriles,0.1368902325630188,0.1291089802980423,240.9354705810547,263.6451721191406,0.9627568125724792,2020
ISMN_REMEDHUS_LasVictorias,0.1409636288881302,0.13293708860874176,240.94134521484375,263.31134033203125,1.0094003677368164,2020
ISMN_REMEDHUS_LasBrozas,0.1409636288881302,0.13293708860874176,240.94134521484375,263.31134033203125,1.0094003677368164,2020
ISMN_REMEDHUS_Paredinas,0.1409636288881302,0.13293708860874176,240.94134521484375,263.31134033203125,1.0094003677368164,2020
ISMN_SMOSMANIA_Urgons,0.23866331577301025,0.240321546792984,244.06504821777344,257.9372253417969,2.6897737979888916,2020
ISMN_SMOSMANIA_CreondArmagnac,0.2381470948457718,0.2373688966035843,250.3612518310547,261.01666259765625,6.727861404418945,2020
ISMN_SMOSMANIA_Sabres,0.22326092422008514,0.21854084730148315,252.48141479492188,262.3588562011719,4.23193883895874,2020
ISMN_FR_Aqui_fraye,0.27138030529022217,0.25575512647628784,250.48219299316406,260.74127197265625,7.211030006408691,2020
ISMN_FR_Aqui_hillan2,0.2670198082923889,0.2524174153804779,250.79420471191406,261.09796142578125,7.017227649688721,2020
ISMN_FR_Aqui_parcmeteo,0.2632984220981598,0.24667252600193024,245.9219512939453,258.0675048828125,4.866495132446289,2020
ISMN_XMS-CAT_RiberadeSio,0.19152037799358368,0.19350503385066986,241.0573272705078,261.2652587890625,1.8999392986297607,2020
ISMN_XMS-CAT_ElMiracle,0.2078164517879486,0.21931318938732147,247.04588317871094,262.2107849121094,2.356525182723999,2020
ISMN_XMS-CAT_Clarella,0.20978468656539917,0.23642103374004364,255.94216918945312,264.4771728515625,8.409699440002441,2020
ISMN_XMS-CAT_LosCoscolls,0.22120918333530426,0.24279433488845825,250.5829620361328,261.1929626464844,3.43428373336792,2020
ISMN_XMS-CAT_CamidelsNerets,0.21287329494953156,0.2322143316268921,250.48570251464844,261.42633056640625,2.914344310760498,2020
ISMN_XMS-CAT_ClotdelesPeresII,0.21266129612922668,0.22952894866466522,250.36373901367188,261.49432373046875,3.072000026702881,2020
ISMN_XMS-CAT_ColldePaller,0.24860985577106476,0.27550506591796875,251.51425170898438,260.8040771484375,5.722001075744629,2020
ISMN_XMS-CAT_SerradeCostaAmpla,0.22672052681446075,0.2480887770652771,251.38302612304688,260.837890625,3.9999101161956787,2020
ISMN_XMS-CAT_Pessonada,0.2299337387084961,0.2553943693637848,251.56944274902344,260.6314392089844,4.397040843963623,2020
ISMN_XMS-CAT_ElBoixer,0.2352752536535263,0.26677653193473816,251.68807983398438,258.8687744140625,4.78799295425415,2020
ISMN_XMS-CAT_BordaColl,0.2606234550476074,0.31103384494781494,254.30145263671875,260.0707092285156,8.753811836242676,2020
ISMN_XMS-CAT_BatlliudeSort,0.24661760032176971,0.2906566858291626,252.72763061523438,259.376220703125,6.60091495513916,2020
ISMN_XMS-CAT_Llivia,0.20080238580703735,0.24256843328475952,251.69122314453125,259.0546569824219,5.246893882751465,2020
ISMN_XMS-CAT_LaCultiadAreu,0.23682405054569244,0.29105016589164734,254.38638305664062,259.3678283691406,7.437953948974609,2020
ISMN_SMOSMANIA_Mouthoumet,0.25409889221191406,0.26593834161758423,254.88600158691406,264.16107177734375,8.862449645996094,2020
ISMN_SMOSMANIA_Narbonne,0.18471550941467285,0.19048359990119934,250.76605224609375,264.657470703125,2.1487300395965576,2020
ISMN_SMOSMANIA_LezignanCorbieres,0.1982802450656891,0.20180144906044006,252.60055541992188,263.8563537597656,4.596397876739502,2020
ISMN_SMOSMANIA_Montaut,0.219220370054245,0.2151736319065094,241.5362548828125,259.0340881347656,1.942069411277771,2020
ISMN_SMOSMANIA_Prades-le-Lez,0.17731860280036926,0.18902850151062012,250.7244873046875,265.1396789550781,2.632622003555298,2020
ISMN_SMOSMANIA_Pezenas,0.17731860280036926,0.18902850151062012,250.7244873046875,265.1396789550781,2.632622003555298,2020
ISMN_SMOSMANIA_Lahas,0.227579265832901,0.217385932803154,239.5375213623047,258.1026611328125,1.858123779296875,2020
ISMN_SMOSMANIA_PeyrusseGrande,0.24597935378551483,0.24274088442325592,240.59930419921875,257.361328125,2.2114405632019043,2020
ISMN_SMOSMANIA_Villevielle,0.2119062840938568,0.21942144632339478,245.86631774902344,262.2267761230469,3.2982540130615234,2020
ISMN_SMOSMANIA_Savenes,0.2233518362045288,0.21454426646232605,239.9499969482422,258.2294921875,1.9454505443572998,2020
ISMN_SMOSMANIA_Condom,0.2373408079147339,0.2314079999923706,241.6353302001953,258.4754943847656,2.623525381088257,2020
ISMN_SMOSMANIA_Mejannes-le-Clap,0.2234336882829666,0.22464601695537567,251.76260375976562,263.4814453125,5.85374641418457,2020
ISMN_SMOSMANIA_LaGrandCombe,0.24127402901649475,0.253242552280426,253.87033081054688,262.596923828125,8.099637031555176,2020
ISMN_SMOSMANIA_Berzeme,0.24212588369846344,0.2444992959499359,250.58038330078125,261.3000183105469,6.378034591674805,2020
ISMN_SMOSMANIA_Barnas,0.2589769661426544,0.28188058733940125,252.827392578125,260.46820068359375,9.845939636230469,2020
ISMN_SMOSMANIA_Mazan-Abbaye,0.26119813323020935,0.29093408584594727,251.34197998046875,259.5921936035156,9.987458229064941,2020
ISMN_SMOSMANIA_CabrieresdAvignon,0.19600751996040344,0.199293851852417,251.3743438720703,264.2380065917969,4.05191707611084,2020
ISMN_STEMS_CarpenetopermanentGrassCoverTrackposition,0.2603803873062134,0.263638973236084,247.39727783203125,259.43951416015625,6.137629508972168,2020
ISMN_STEMS_CarpenetopermanentGrassCoverNoTrackposition,0.2603803873062134,0.263638973236084,247.39727783203125,259.43951416015625,6.137629508972168,2020
ISMN_RSMN_RosioriideVede,0.1857604682445526,0.1813206970691681,242.19815063476562,261.60308837890625,1.8325164318084717,2020
ISMN_RSMN_Bacles,0.2074659764766693,0.21382659673690796,244.48670959472656,259.9396057128906,2.5595624446868896,2020
ISMN_WATERLINE_Kerasia,0.19457459449768066,0.20315250754356384,252.1331329345703,263.7579650878906,4.698038578033447,2020
ISMN_WATERLINE_Nymfaia,0.1880689412355423,0.19542354345321655,252.41587829589844,264.16693115234375,4.403987407684326,2020
ISMN_RSMN_Calarasi,0.19249267876148224,0.1886129230260849,242.73829650878906,261.29791259765625,2.112485885620117,2020
ISMN_ROMPS_Kokomeren,0.19162648916244507,0.20982736349105835,249.38546752929688,257.27264404296875,0.3492453992366791,2020
ISMN_ROMPS_Maydantal,0.17830118536949158,0.20438480377197266,252.94110107421875,258.1203308105469,0.29443177580833435,2020
ISMN_ROMPS_GolubinGlacier,0.18965864181518555,0.22237224876880646,246.09878540039062,254.1008758544922,0.5144906044006348,2020
ISMN_SNOTEL_ClackamasLake,0.27429690957069397,0.3084457218647003,253.1365509033203,259.3770751953125,13.51253604888916,2020
ISMN_SNOTEL_Fifteenmile,0.23248453438282013,0.2617783546447754,253.5161590576172,259.7927551269531,12.51807689666748,2020
ISMN_SNOTEL_BlazedAlder,0.33214208483695984,0.35482335090637207,253.8961639404297,258.63629150390625,14.195428848266602,2020
ISMN_SNOTEL_BurntMountain,0.32009950280189514,0.3260532021522522,251.88241577148438,257.556396484375,13.14378833770752,2020
ISMN_SNOTEL_Trough,0.14189082384109497,0.1536320596933365,250.05288696289062,262.08990478515625,5.093613147735596,2020
ISMN_USCRN_Quinault-4-NE,0.6728453636169434,0.6591621041297913,248.74612426757812,253.4417724609375,14.514005661010742,2020
ISMN_SNOTEL_Buckinghorse,0.3594319224357605,0.39390453696250916,255.4969940185547,258.41064453125,12.343400001525879,2020
ISMN_SNOTEL_BrownTop,0.2987874448299408,0.3355187475681305,255.17001342773438,257.77423095703125,10.520586013793945,2020
ISMN_SNOTEL_Touchet,0.17688311636447906,0.19282707571983337,252.82737731933594,260.8080749511719,8.987174987792969,2020
ISMN_SNOTEL_SourdoughGulch,0.15879617631435394,0.17111505568027496,250.8268280029297,261.6275329589844,5.297218322753906,2020
ISMN_SNOTEL_PierceR.S.,0.34151366353034973,0.378238320350647,251.9781951904297,258.02484130859375,13.388631820678711,2020
ISMN_SNOTEL_CraterMeadows,0.3628275990486145,0.41732993721961975,254.87953186035156,258.65679931640625,13.229940414428711,2020
ISMN_SNOTEL_ShanghiSummit,0.35670173168182373,0.39082270860671997,252.94802856445312,258.1668395996094,13.567025184631348,2020
ISMN_SNOTEL_Sherwin,0.3083832859992981,0.3507596254348755,252.11691284179688,258.1684875488281,13.745606422424316,2020
ISMN_SCAN_Lind#1,0.11326996982097626,0.1340872347354889,250.13858032226562,266.13983154296875,0.42332687973976135,2020
ISMN_SNOTEL_MicaCreek,0.29848021268844604,0.33638811111450195,252.64881896972656,258.2484130859375,13.370707511901855,2020
ISMN_USCRN_Spokane-17-SSW,0.16286367177963257,0.16856473684310913,240.53359985351562,258.3573303222656,2.5772857666015625,2020
ISMN_SNOTEL_Lookout,0.335737407207489,0.3935045301914215,255.5480499267578,259.3697509765625,12.981027603149414,2020
ISMN_SNOTEL_Sunset,0.321433424949646,0.3722872734069824,255.35177612304688,259.4411315917969,13.073596000671387,2020
ISMN_SNOTEL_RaggedMountain,0.2045886516571045,0.21658062934875488,247.57940673828125,258.94171142578125,9.658783912658691,2020
ISMN_SNOTEL_MosesMtn,0.1599811464548111,0.1890508085489273,250.65377807617188,261.0496826171875,9.340188980102539,2020
ISMN_SNOTEL_GoldAxeCamp,0.1789727658033371,0.2050132006406784,252.4825897216797,260.53021240234375,9.915033340454102,2020
ISMN_SCAN_TableMountain,0.1315203756093979,0.14629539847373962,239.8135223388672,259.1856994628906,0.41575443744659424,2020
ISMN_SNOTEL_SavagePass,0.33093544840812683,0.4071405529975891,252.796875,257.5517883300781,11.988875389099121,2020
ISMN_SCAN_ConradAgRc,0.12653082609176636,0.14876633882522583,240.77792358398438,260.3177795410156,0.41613563895225525,2020
ISMN_SCAN_Violett,0.11831635236740112,0.1416560709476471,243.53448486328125,262.2613830566406,0.24822679162025452,2020
ISMN_SCAN_Moccasin,0.15409010648727417,0.17757883667945862,235.88104248046875,256.684814453125,0.4926627278327942,2020
ISMN_SCAN_Jordan,0.14636321365833282,0.17105580866336823,236.83326721191406,258.1302185058594,0.33612555265426636,2020
ISMN_SCAN_Mandan#1,0.1687900424003601,0.18932843208312988,235.1584930419922,256.78948974609375,1.2791757583618164,2020
ISMN_SCAN_Sidney,0.1423414647579193,0.16218042373657227,237.72955322265625,258.94891357421875,0.5691658854484558,2020
ISMN_SCAN_CrescentLake#1,0.21305663883686066,0.2165188491344452,236.66082763671875,253.22169494628906,2.3884336948394775,2020
ISMN_SCAN_Wabeno#1,0.4051678478717804,0.41263464093208313,250.1873321533203,256.5816345214844,11.7073974609375,2020
ISMN_USCRN_Chatham-1-SE,0.4356612265110016,0.4155949652194977,245.28799438476562,252.7054901123047,11.263411521911621,2020
ISMN_LABFLUX_Bussolenobosco,0.23889122903347015,0.2818569242954254,251.2305145263672,257.2940673828125,5.515787601470947,2020
ISMN_RSMN_Banloc,0.21066658198833466,0.20892426371574402,235.54664611816406,257.0339050292969,1.998631238937378,2020
ISMN_RSMN_Dumbraveni,0.2502351999282837,0.26502400636672974,241.387939453125,255.0613555908203,4.582552433013916,2020
ISMN_RSMN_Oradea,0.2244318723678589,0.22956855595111847,236.49298095703125,255.14442443847656,2.9876208305358887,2020
ISMN_RSMN_Tecuci,0.17923323810100555,0.17608392238616943,241.14356994628906,260.8117370605469,1.6649208068847656,2020
ISMN_RSMN_Barlad,0.19356852769851685,0.1922917515039444,240.8969268798828,259.427490234375,1.911926507949829,2020
ISMN_RSMN_Cotnari,0.21235211193561554,0.2146454155445099,234.96592712402344,255.33436584472656,1.8754369020462036,2020
ISMN_RSMN_Darabani,0.22007210552692413,0.22552280128002167,233.90504455566406,253.87033081054688,2.195286273956299,2020
ISMN_COSMOS-UK_Fivemiletown,0.363776296377182,0.3773006796836853,235.7549285888672,247.53378295898438,3.1758856773376465,2020
ISMN_COSMOS-UK_PortonDown,0.25256243348121643,0.25059688091278076,232.0410614013672,252.05189514160156,3.0306472778320312,2020
ISMN_COSMOS-UK_AliceHolt,0.2337719351053238,0.24197213351726532,241.2206268310547,258.3178405761719,6.819918155670166,2020
ISMN_COSMOS-UK_Heytesbury,0.268802285194397,0.26237475872039795,231.3675537109375,250.55740356445312,2.785200834274292,2020
ISMN_COSMOS-UK_Sheepdrove,0.2605125606060028,0.25780290365219116,227.9066619873047,249.7382354736328,2.584867000579834,2020
ISMN_COSMOS-UK_Waddesdon,0.23882795870304108,0.23036043345928192,229.34690856933594,252.39190673828125,3.053877830505371,2020
ISMN_COSMOS-UK_Cardington,0.23044931888580322,0.21779996156692505,228.85121154785156,252.44895935058594,2.417371988296509,2020
ISMN_COSMOS-UK_MoretonMorrell,0.2663593590259552,0.2565920054912567,227.6976776123047,249.29515075683594,2.655515432357788,2020
ISMN_COSMOS-UK_Stoughton,0.2600145637989044,0.24931544065475464,227.07431030273438,249.6231689453125,2.896555185317993,2020
ISMN_COSMOS-UK_BunnyPark,0.25041675567626953,0.234453022480011,228.28089904785156,250.33126831054688,3.033834218978882,2020
ISMN_COSMOS-UK_SpenFarm,0.2341686487197876,0.2298634797334671,227.90000915527344,250.3748779296875,2.6644396781921387,2020
ISMN_COSMOS-UK_HollinHill,0.26394766569137573,0.25745081901550293,225.2281494140625,247.3713836669922,3.0235531330108643,2020
ISMN_COSMOS-UK_LullingtonHeath,0.25968867540359497,0.26154500246047974,235.21937561035156,252.41868591308594,2.389500856399536,2020
ISMN_COSMOS-UK_Redhill,0.19053642451763153,0.16431982815265656,239.3365936279297,259.142578125,3.2965760231018066,2020
ISMN_COSMOS-UK_Writtle,0.19911620020866394,0.1818455010652542,234.3551025390625,257.2037353515625,2.654542922973633,2020
ISMN_COSMOS-UK_Elmsett,0.22497667372226715,0.21623064577579498,230.47024536132812,252.68789672851562,2.3310301303863525,2020
ISMN_COSMOS-UK_Euston,0.2252947837114334,0.2203839123249054,232.3834686279297,253.43336486816406,3.4868481159210205,2020
ISMN_COSMOS-UK_Redmere,0.2440505176782608,0.235469788312912,227.4078369140625,250.23403930664062,2.5434412956237793,2020
ISMN_COSMOS-UK_Morley,0.22352679073810577,0.21740099787712097,231.9942169189453,253.04342651367188,2.5249111652374268,2020
ISMN_COSMOS-UK_Fincham,0.24008683860301971,0.23007558286190033,228.57679748535156,250.93214416503906,3.2014849185943604,2020
ISMN_TERENO_Schoeneseiffen,0.3041446805000305,0.29931411147117615,242.7553253173828,255.6282196044922,9.713554382324219,2020
ISMN_TERENO_Merzenhausen,0.223642036318779,0.2098463773727417,235.31614685058594,254.363037109375,4.185065269470215,2020
ISMN_TWENTE_Hupsel,0.2318490743637085,0.22732464969158173,233.5665740966797,250.81924438476562,3.6285464763641357,2020
ISMN_TWENTE_ITCSM-08b,0.2291896939277649,0.22423288226127625,233.73196411132812,251.1328887939453,3.8356142044067383,2020
ISMN_TWENTE_ITCSM-09,0.22222378849983215,0.21480847895145416,233.7767333984375,251.4710235595703,3.794706344604492,2020
ISMN_TWENTE_ITCSM-13,0.25722891092300415,0.25385379791259766,232.7414093017578,249.6964111328125,4.274424076080322,2020
ISMN_TWENTE_ITCSM-15b,0.2694814205169678,0.2696564495563507,231.47776794433594,248.73765563964844,4.566728115081787,2020
ISMN_TWENTE_ITCSM-16b,0.27695828676223755,0.2751508355140686,231.15432739257812,248.3173370361328,4.627845764160156,2020
ISMN_TWENTE_ITCSM-17c,0.28254154324531555,0.2829052805900574,229.9224395751953,247.3927001953125,4.582866668701172,2020
ISMN_MOL-RAO_Falkenberg,0.2253100574016571,0.23117695748806,244.5824432373047,257.98138427734375,7.9282145500183105,2020
ISMN_Berlin_PSA17suedpark,0.20350414514541626,0.18692868947982788,242.1371612548828,257.49761962890625,4.965129375457764,2020
ISMN_Berlin_PSA7Ruebezahl,0.21366192400455475,0.19910039007663727,242.5582275390625,257.50213623046875,6.07533073425293,2020
ISMN_Berlin_PSA18Pfaueninsel,0.23086583614349365,0.21771802008152008,240.3798828125,256.3436584472656,7.196028709411621,2020
ISMN_Berlin_PSA1BerlinerStr,,,241.3769989013672,256.8905334472656,5.462508678436279,2020
ISMN_Berlin_PSA6Plaenterwald,,,241.81585693359375,257.3837585449219,4.403789043426514,2020
ISMN_Berlin_PSA4Heerstrasse,0.22250725328922272,0.20541635155677795,240.99217224121094,256.6709899902344,6.399535655975342,2020
ISMN_Berlin_PflABerlin12Schi,,,241.81585693359375,257.3837585449219,4.403789043426514,2020
ISMN_Berlin_PSA2Tiergarten,,,241.6702117919922,257.1595458984375,4.548392295837402,2020
ISMN_Berlin_PflABerlin13Marz,0.20350414514541626,0.18692868947982788,242.1371612548828,257.49761962890625,4.965129375457764,2020
ISMN_Berlin_PflABerlin11Humb,,,241.6702117919922,257.1595458984375,4.548392295837402,2020
ISMN_Berlin_PSA16krugwiesen,0.20526966452598572,0.19068576395511627,242.6465606689453,257.7662048339844,5.775788307189941,2020
ISMN_Berlin_PSA15bucherchaus,0.21050387620925903,0.19227616488933563,242.5120849609375,257.6037902832031,5.892868518829346,2020
ISMN_Berlin_PSA14wiltinger,0.21277883648872375,0.20025962591171265,241.96588134765625,256.9382629394531,6.190149307250977,2020
ISMN_SNOTEL_McneilRiverSGS,0.2531529664993286,0.26775363087654114,240.9605255126953,251.28289794921875,1.8425053358078003,2020
ISMN_SNOTEL_PortGraham,,,82.11365509033203,119.87142181396484,8.694104194641113,2020
ISMN_SNOTEL_NukaGlacier,0.20300675928592682,0.232949361205101,249.5201416015625,257.42071533203125,3.2195489406585693,2020
ISMN_SNOTEL_AnchorRiverDivide,0.14887495338916779,0.18740308284759521,252.9705047607422,259.4202880859375,2.565504789352417,2020
ISMN_SNOTEL_MooreCreekBridge,0.25660401582717896,0.2889217138290405,249.30389404296875,254.87156677246094,1.922928810119629,2020
ISMN_COSMOS-UK_HartwoodHome,0.28798365592956543,0.27748799324035645,233.77745056152344,248.42295837402344,2.849771499633789,2020
ISMN_COSMOS-UK_Cochno,0.28592514991760254,0.2783207595348358,236.310302734375,249.85955810546875,3.2883503437042236,2020
ISMN_COSMOS-UK_Balruddery,0.25510579347610474,0.2632729709148407,226.1838836669922,247.31747436523438,2.8413193225860596,2020
ISMN_HOBE_2.01,0.24695993959903717,0.25247064232826233,232.07984924316406,250.38511657714844,3.7142536640167236,2020
ISMN_HOBE_2.11,0.2551131546497345,0.26026618480682373,231.48886108398438,249.79434204101562,3.731407880783081,2020
ISMN_HOBE_1.07,0.2521512806415558,0.2561820447444916,232.64471435546875,250.38197326660156,4.410587787628174,2020
ISMN_SNOTEL_Aniak,0.2571139633655548,0.27726122736930847,244.85455322265625,254.1142578125,1.8498144149780273,2020
ISMN_SNOTEL_McGrath,0.22735776007175446,0.2442248910665512,248.59152221679688,256.5990295410156,2.5431108474731445,2020
ISMN_SNOTEL_GalenaAK,0.32852306962013245,0.3587604761123657,246.45584106445312,254.12623596191406,2.627558708190918,2020
ISMN_SNOTEL_KenaiMoosePens,0.3927467465400696,0.40446504950523376,243.4895782470703,252.62364196777344,9.480101585388184,2020
ISMN_SNOTEL_TelaquanaLake,0.2116532325744629,0.2410958856344223,253.59719848632812,258.44696044921875,2.440669059753418,2020
ISMN_SNOTEL_SusitnaValleyHigh,0.32361334562301636,0.346309095621109,250.39138793945312,257.5364685058594,5.47141170501709,2020
ISMN_SNOTEL_TokositnaValley,0.28418514132499695,0.29733288288116455,246.51150512695312,254.24371337890625,2.3963303565979004,2020
ISMN_SNOTEL_ExitGlacier,0.15906475484371185,0.18007810413837433,251.80853271484375,259.0408020019531,1.6251827478408813,2020
ISMN_SNOTEL_SummitCreek,0.20800797641277313,0.24492257833480835,254.53871154785156,258.9219665527344,2.9133412837982178,2020
ISMN_SNOTEL_UpperTsainaRiver,0.19865156710147858,0.21729892492294312,249.7163848876953,255.9882049560547,0.6618077158927917,2020
ISMN_SNOTEL_SpringCreek,0.2133299559354782,0.23954997956752777,251.15513610839844,257.6419982910156,4.820217132568359,2020
ISMN_SNOTEL_GulkanaRiver,0.20462875068187714,0.22225122153759003,251.6693115234375,258.3082580566406,3.1871557235717773,2020
ISMN_SNOTEL_FieldingLake,0.19659841060638428,0.2190314084291458,248.470703125,256.605224609375,1.5302749872207642,2020
ISMN_SNOTEL_GraniteCrk,0.18886040151119232,0.2143888771533966,252.7796630859375,260.05645751953125,5.542294025421143,2020
ISMN_SNOTEL_Chisana,0.18794690072536469,0.2131664752960205,248.5118408203125,254.67552185058594,1.207826852798462,2020
ISMN_SNOTEL_Tok,0.1682392656803131,0.19287678599357605,254.9947967529297,260.1811828613281,4.47390604019165,2020
ISMN_SNOTEL_JackWadeJct,0.13695956766605377,0.17472884058952332,256.9372863769531,261.7909240722656,2.7575182914733887,2020
ISMN_SNOTEL_KellyStation,0.19336263835430145,0.21296602487564087,246.1155242919922,254.9169464111328,1.2095829248428345,2020
ISMN_SNOTEL_GobblersKnob,0.16821564733982086,0.18761113286018372,251.46339416503906,259.43634033203125,1.8048417568206787,2020
ISMN_SNOTEL_Coldfoot,0.16667866706848145,0.19087211787700653,252.92962646484375,258.93499755859375,1.656417727470398,2020
ISMN_SNOTEL_Mt.Ryan,0.1311109960079193,0.16164140403270721,254.82717895507812,261.1182861328125,1.964329481124878,2020
ISMN_SNOTEL_UpperNomeCreek,0.13314515352249146,0.15919193625450134,254.41917419433594,260.77447509765625,1.6354345083236694,2020
ISMN_SNOTEL_EagleSummit,0.125671848654747,0.15366850793361664,254.648193359375,261.09222412109375,1.722235918045044,2020
ISMN_SNOTEL_ImnaviatCreek,0.18236999213695526,0.20153500139713287,244.7993621826172,254.3137664794922,1.0271883010864258,2020
ISMN_FMI_SOD130,0.30544954538345337,0.30219346284866333,240.1865692138672,250.48008728027344,3.4448671340942383,2020
ISMN_FMI_SOD073,0.34937718510627747,0.34151899814605713,238.1680450439453,248.97877502441406,3.4709627628326416,2020
ISMN_FMI_SOD071,0.34937718510627747,0.34151899814605713,238.1680450439453,248.97877502441406,3.4709627628326416,2020
ISMN_FMI_SOD072,0.34937718510627747,0.34151899814605713,238.1680450439453,248.97877502441406,3.4709627628326416,2020
ISMN_FMI_SOD103,0.34937718510627747,0.34151899814605713,238.1680450439453,248.97877502441406,3.4709627628326416,2020
ISMN_FMI_SOD101,0.34937718510627747,0.34151899814605713,238.1680450439453,248.97877502441406,3.4709627628326416,2020
ISMN_FMI_SOD102,0.34937718510627747,0.34151899814605713,238.1680450439453,248.97877502441406,3.4709627628326416,2020
ISMN_FMI_SOD012,0.3268055319786072,0.32037031650543213,238.8558807373047,249.48240661621094,3.4543004035949707,2020
ISMN_FMI_SOD011,0.3268055319786072,0.32037031650543213,238.8558807373047,249.48240661621094,3.4543004035949707,2020
ISMN_FMI_SOD013,0.3268055319786072,0.32037031650543213,238.8558807373047,249.48240661621094,3.4543004035949707,2020
ISMN_FMI_SOD081,0.3268055319786072,0.32037031650543213,238.8558807373047,249.48240661621094,3.4543004035949707,2020
ISMN_FMI_SOD083,0.3268055319786072,0.32037031650543213,238.8558807373047,249.48240661621094,3.4543004035949707,2020
ISMN_LAB-net_OromoCalibrationSite,0.3266087472438812,0.3215210735797882,238.02609252929688,252.32162475585938,5.596607208251953,2021
ISMN_COSMOS_KLEE,0.15889297425746918,0.1509455293416977,248.15975952148438,270.0220031738281,0.6046532392501831,2021
ISMN_AMMA-CATCH_Banizoumbou,0.06151808798313141,0.05650106817483902,262.1048583984375,287.8531494140625,0.5307896733283997,2021
ISMN_AMMA-CATCH_Tondikiboro,0.05683626979589462,0.05352875590324402,263.3826599121094,288.59698486328125,0.5949669480323792,2021
ISMN_SD_DEM_Demokeya,0.03422681242227554,0.03575366362929344,271.03936767578125,292.1669921875,0.5941011905670166,2021
ISMN_SCAN_Combate,,,263.4390869140625,273.00604248046875,4.053750038146973,2021
ISMN_SCAN_Fortuna,0.4997221827507019,0.4997221827507019,77.52647399902344,115.90750122070312,7.281838893890381,2021
ISMN_SCAN_MaricaoForest,0.33082297444343567,0.35841166973114014,265.5611877441406,272.2386474609375,11.61265754699707,2021
ISMN_USCRN_Panther-Junction-2-N,0.1208384558558464,0.11896727234125137,257.2977600097656,275.506103515625,0.3117204010486603,2021
ISMN_SCAN_Uvalde,0.1655009388923645,0.15342849493026733,251.53123474121094,270.62237548828125,0.8752384781837463,2021
ISMN_SCAN_EvergladesARS,0.4119032621383667,0.40942275524139404,184.24095153808594,219.60208129882812,2.627664804458618,2021
ISMN_USCRN_Everglades-City-5-NE,0.3150261342525482,0.31923791766166687,227.38958740234375,247.4583282470703,4.502996444702148,2021
ISMN_SCAN_SellersLake#1,0.29734325408935547,0.28811758756637573,250.9479522705078,263.986328125,7.512773513793945,2021
ISMN_USCRN_Fallbrook-5-NE,0.13400007784366608,0.1317419856786728,257.569580078125,270.93988037109375,1.4771833419799805,2021
ISMN_USCRN_Santa-Barbara-11-W,,,76.23728942871094,115.93565368652344,3.1034047603607178,2021
ISMN_SCAN_Stubblefield,0.10771303623914719,0.10434740781784058,258.1213073730469,273.9842834472656,0.6940789222717285,2021
ISMN_SNOTEL_BakerButteSmt,0.18679481744766235,0.1809913069009781,254.48460388183594,264.3577880859375,4.158454418182373,2021
ISMN_SNOTEL_BakerButte,0.18679481744766235,0.1809913069009781,254.48460388183594,264.3577880859375,4.158454418182373,2021
ISMN_SNOTEL_BarM,0.18272577226161957,0.18470197916030884,251.0572967529297,262.9085388183594,5.212696075439453,2021
ISMN_SNOTEL_MormonMtnSummit,0.1649649739265442,0.16456368565559387,250.08201599121094,263.1927795410156,4.027934551239014,2021
ISMN_SCAN_AdamsRanch#1,0.10371345281600952,0.09746348857879639,248.74464416503906,272.295654296875,0.26312389969825745,2021
ISMN_SCAN_JornadaExpRange,0.09902941435575485,0.09074701368808746,252.90284729003906,273.7366943359375,0.33928030729293823,2021
ISMN_USCRN_Las-Cruces-20-N,0.09725813567638397,0.08993102610111237,252.85812377929688,274.1053466796875,0.23985716700553894,2021
ISMN_SNOTEL_HawleyLake,0.23187783360481262,0.2564793527126312,251.63137817382812,260.7899169921875,10.023200988769531,2021
ISMN_SNOTEL_Baldy,0.196397602558136,0.21822664141654968,248.8123321533203,259.9897766113281,7.99903678894043,2021
ISMN_USCRN_Socorro-20-N,0.09827850013971329,0.09709267318248749,252.64688110351562,271.7580871582031,0.20340126752853394,2021
ISMN_SCAN_Sevilleta,0.09251245111227036,0.09340933710336685,254.17803955078125,272.88385009765625,0.24024291336536407,2021
ISMN_SCAN_SanAngelo,0.16241346299648285,0.1511460542678833,245.98582458496094,266.56365966796875,0.7066261172294617,2021
ISMN_USCRN_Monahans-6-ENE,0.05951433256268501,0.06043972447514534,261.0037841796875,280.7414245605469,0.35966572165489197,2021
ISMN_USCRN_Bronte-11-NNE,0.1595686376094818,0.1524447351694107,245.84130859375,266.1144714355469,0.6583869457244873,2021
ISMN_SCAN_WillowWells,0.07573418319225311,0.0790131539106369,255.81924438476562,275.9090881347656,0.4349314868450165,2021
ISMN_SCAN_Levelland,0.1056756004691124,0.08989565819501877,251.94215393066406,272.3236999511719,0.5790833830833435,2021
ISMN_SCAN_ReeseCenter,0.12052006274461746,0.10072852671146393,247.71034240722656,269.6904602050781,0.7336888313293457,2021
ISMN_SCAN_Lehman,0.0933811217546463,0.08265599608421326,254.2400360107422,274.08221435546875,0.5577151775360107,2021
ISMN_USCRN_Muleshoe-19-S,0.09697213768959045,0.09002576023340225,253.192626953125,272.94635009765625,0.3943479359149933,2021
ISMN_SCAN_PrairieView#1,0.2652134299278259,0.2666531205177307,238.31150817871094,256.82861328125,2.293487787246704,2021
ISMN_TxSON_LCRA-7,0.2012966126203537,0.20068641006946564,245.90023803710938,263.6093444824219,1.0085439682006836,2021
ISMN_TxSON_LCRA-3,0.2025940865278244,0.20541910827159882,245.3603057861328,263.48095703125,1.002691388130188,2021
ISMN_TxSON_CR200-23,0.2025940865278244,0.20541910827159882,245.3603057861328,263.48095703125,1.002691388130188,2021
ISMN_TxSON_CR200-12,0.20056867599487305,0.20040486752986908,245.8627166748047,263.6867370605469,0.9912994503974915,2021
ISMN_TxSON_CR200-11,0.20266960561275482,0.20118139684200287,245.4409637451172,263.4167175292969,1.0043747425079346,2021
ISMN_TxSON_CR200-7,0.2025940865278244,0.20541910827159882,245.3603057861328,263.48095703125,1.002691388130188,2021
ISMN_TxSON_CR200-5,0.19833563268184662,0.19779251515865326,246.0044403076172,263.8597717285156,1.0056406259536743,2021
ISMN_TxSON_CR200-6,0.19861389696598053,0.20023463666439056,245.7678985595703,263.8645935058594,1.015356421470642,2021
ISMN_TxSON_CR1000-2,0.19861389696598053,0.20023463666439056,245.7678985595703,263.8645935058594,1.015356421470642,2021
ISMN_TxSON_CR200-18,0.19861389696598053,0.20023463666439056,245.7678985595703,263.8645935058594,1.015356421470642,2021
ISMN_TxSON_CR200-25,0.19861389696598053,0.20023463666439056,245.7678985595703,263.8645935058594,1.015356421470642,2021
ISMN_TxSON_CR200-15,0.19861389696598053,0.20023463666439056,245.7678985595703,263.8645935058594,1.015356421470642,2021
ISMN_TxSON_CR200-24,0.19861389696598053,0.20023463666439056,245.7678985595703,263.8645935058594,1.015356421470642,2021
ISMN_TxSON_CR200-17,0.19833563268184662,0.19779251515865326,246.0044403076172,263.8597717285156,1.0056406259536743,2021
ISMN_TxSON_CR1000-3,0.19833563268184662,0.19779251515865326,246.0044403076172,263.8597717285156,1.0056406259536743,2021
ISMN_TxSON_CR200-8,0.19861389696598053,0.20023463666439056,245.7678985595703,263.8645935058594,1.015356421470642,2021
ISMN_TxSON_CR200-16,0.19833563268184662,0.19779251515865326,246.0044403076172,263.8597717285156,1.0056406259536743,2021
ISMN_TxSON_CR200-2,0.19833563268184662,0.19779251515865326,246.0044403076172,263.8597717285156,1.0056406259536743,2021
ISMN_TxSON_CR200-10,0.19833563268184662,0.19779251515865326,246.0044403076172,263.8597717285156,1.0056406259536743,2021
ISMN_TxSON_CR1000-5,0.19528260827064514,0.19534751772880554,246.57298278808594,264.4072570800781,1.0908095836639404,2021
ISMN_TxSON_LCRA-1,0.19136115908622742,0.19039323925971985,247.51858520507812,265.04638671875,1.1816421747207642,2021
ISMN_TxSON_CR1000-4,0.1835133284330368,0.18443208932876587,247.90557861328125,265.6099853515625,1.030150294303894,2021
ISMN_USCRN_Austin-33-NW,0.22049647569656372,0.21132792532444,244.21546936035156,262.09222412109375,1.3627222776412964,2021
ISMN_SCAN_Stephenville,0.19351011514663696,0.1975722759962082,242.6985321044922,262.4613342285156,1.0050967931747437,2021
ISMN_SCAN_KnoxCity,0.15469291806221008,0.1392444521188736,242.72994995117188,265.3469543457031,0.7500710487365723,2021
ISMN_USCRN_Lafayette-13-SE,0.3657151758670807,0.3631730377674103,224.9578399658203,245.31283569335938,3.5239479541778564,2021
ISMN_SCAN_Onward,0.3457280397415161,0.3426898419857025,225.4399871826172,246.06924438476562,5.165287494659424,2021
ISMN_SCAN_Mayday,0.3211788833141327,0.3149740397930145,232.95945739746094,251.07156372070312,3.8538246154785156,2021
ISMN_USCRN_Monroe-26-N,0.3933245539665222,0.39389294385910034,241.69534301757812,253.672607421875,9.435331344604492,2021
ISMN_SCAN_NorthIssaquena,0.3117139935493469,0.30302244424819946,218.5634765625,243.88916015625,2.31980299949646,2021
ISMN_SCAN_Scott,0.33088043332099915,0.3170623779296875,215.80946350097656,241.79112243652344,4.205745697021484,2021
ISMN_SCAN_SandyRidge,0.3057447373867035,0.29233887791633606,207.85781860351562,237.392578125,1.693877935409546,2021
ISMN_SCAN_Perthshire,0.31536000967025757,0.30352795124053955,213.8089599609375,240.8225555419922,2.9319393634796143,2021
ISMN_SCAN_UapbCampus-PB,0.35013920068740845,0.3404369652271271,233.08145141601562,249.64138793945312,6.025576114654541,2021
ISMN_SCAN_UapbDewitt,0.3543662428855896,0.34620681405067444,213.03086853027344,238.15077209472656,3.1515965461730957,2021
ISMN_SCAN_Tunica,0.3280501067638397,0.32094112038612366,214.80184936523438,240.7127685546875,2.9313971996307373,2021
ISMN_SCAN_TncFortBayou,0.22782684862613678,0.24613477289676666,244.78768920898438,261.28656005859375,3.857088565826416,2021
ISMN_SCAN_KoptisFarms,0.2101542055606842,0.22447113692760468,247.67007446289062,262.522705078125,3.267305374145508,2021
ISMN_SCAN_RiverRoadFarms,0.23244960606098175,0.2357042282819748,242.943603515625,260.4541931152344,3.180185079574585,2021
ISMN_SCAN_PerdidoRivFarms,0.27155765891075134,0.2834349572658539,249.82723999023438,261.1507568359375,4.774640083312988,2021
ISMN_SCAN_Selma,0.31480154395103455,0.32318976521492004,248.248046875,258.9183349609375,5.045821189880371,2021
ISMN_SCAN_SudduthFarms,0.35296738147735596,0.37253257632255554,251.40399169921875,259.6040344238281,9.014267921447754,2021
ISMN_SCAN_Cullman-NAHRC,0.27885502576828003,0.293008953332901,244.4199981689453,256.0382080078125,4.296872615814209,2021
ISMN_USCRN_Gadsden-19-N,0.2701338827610016,0.28150293231010437,242.38021850585938,255.46478271484375,4.4737372398376465,2021
ISMN_SCAN_StanleyFarm,0.2726658880710602,0.28603264689445496,240.99716186523438,254.332275390625,4.012445449829102,2021
ISMN_SCAN_Hodges,0.2550099492073059,0.2684263586997986,242.84202575683594,256.0677185058594,4.854105472564697,2021
ISMN_SCAN_AAMU-JTG,0.28010961413383484,0.2854914367198944,239.3391571044922,254.5262908935547,4.699878692626953,2021
ISMN_SCAN_IsbellFarms,0.2923828065395355,0.30880796909332275,251.41551208496094,260.8959045410156,8.828536033630371,2021
ISMN_SCAN_BraggFarm,0.26896753907203674,0.2744290828704834,236.73822021484375,252.99183654785156,2.9745700359344482,2021
ISMN_SCAN_Wtars,0.2748333811759949,0.2814600467681885,238.76734924316406,253.9934844970703,3.911975622177124,2021
ISMN_SCAN_Wakulla#1,0.3472866117954254,0.3519551455974579,251.64598083496094,263.2307434082031,11.03819751739502,2021
ISMN_USCRN_Brunswick-23-S,,,248.3535919189453,272.5541687011719,5.74749231338501,2021
ISMN_USCRN_Newton-8-W,0.23100951313972473,0.23312188684940338,244.0718994140625,260.85894775390625,3.838561534881592,2021
ISMN_SCAN_LittleRiver,0.2434280812740326,0.24869950115680695,240.79869079589844,257.6107482910156,2.817943572998047,2021
ISMN_SCAN_YoumansFarm,0.29422348737716675,0.30002525448799133,250.6837615966797,261.5706787109375,7.193386554718018,2021
ISMN_USCRN_Watkinsville-5-SSE,0.2805849015712738,0.2838708460330963,250.78590393066406,260.62603759765625,6.265605449676514,2021
ISMN_SCAN_Watkinsville#1,0.2693142592906952,0.26959916949272156,249.34347534179688,259.7431640625,4.326687812805176,2021
ISMN_USCRN_McClellanville-7-NE,0.20011961460113525,0.21280014514923096,242.98097229003906,263.25274658203125,8.1142578125,2021
ISMN_SCAN_PeeDee,0.2947075366973877,0.300312340259552,245.8680877685547,258.8096618652344,7.200985431671143,2021
ISMN_NGARI_SQ20,0.0850096270442009,0.09018528461456299,243.29330444335938,258.66455078125,1.2221381950894283e-07,2021
ISMN_NGARI_SQ21,0.09141026437282562,0.09723912924528122,243.04495239257812,258.0103759765625,0.001012891996651888,2021
ISMN_NGARI_ALI01,0.12581798434257507,0.12666799128055573,243.77496337890625,255.88990783691406,0.0025611810851842165,2021
ISMN_NGARI_SQ19,0.08440975099802017,0.08817942440509796,243.1575164794922,258.9483337402344,5.0872680731117725e-05,2021
ISMN_NAQU_NQMS,0.3135068118572235,0.2885199189186096,216.73973083496094,242.17108154296875,0.3979601562023163,2021
ISMN_NAQU_NQKema,0.33022165298461914,0.31120216846466064,217.25233459472656,241.00364685058594,0.45460981130599976,2021
ISMN_NAQU_NQNorth,0.28568968176841736,0.2589605450630188,213.91604614257812,240.05816650390625,0.39196041226387024,2021
ISMN_SCAN_Vallecitos,0.1349196434020996,0.12508781254291534,259.0330810546875,271.25494384765625,1.3382139205932617,2021
ISMN_SCAN_MonoclineRidge,0.14551489055156708,0.12600208818912506,253.9178466796875,269.7362365722656,0.9564311504364014,2021
ISMN_FLUXNET-AMERIFLUX_BouldinIslandAlfalfa,0.24926790595054626,0.23209725320339203,233.0750732421875,255.3523712158203,2.155867338180542,2021
ISMN_FLUXNET-AMERIFLUX_VairaRanch,0.18235325813293457,0.17359477281570435,246.16009521484375,263.62744140625,1.717053771018982,2021
ISMN_FLUXNET-AMERIFLUX_TonziRanch,0.18235325813293457,0.17359477281570435,246.16009521484375,263.62744140625,1.717053771018982,2021
ISMN_SNOTEL_CarsonPass,0.16610835492610931,0.19943378865718842,253.13037109375,260.48016357421875,7.521734714508057,2021
ISMN_SNOTEL_Rubicon#2,0.1514626145362854,0.17095379531383514,254.8719482421875,262.62860107421875,8.379922866821289,2021
ISMN_SNOTEL_WardCreek#3,0.17138898372650146,0.19415956735610962,255.72915649414062,262.7723693847656,10.047894477844238,2021
ISMN_SNOTEL_TahoeCityCross,0.17138898372650146,0.19415956735610962,255.72915649414062,262.7723693847656,10.047894477844238,2021
ISMN_SNOTEL_PalisadesTahoe,0.18500012159347534,0.22914019227027893,255.57240295410156,261.7113342285156,10.218507766723633,2021
ISMN_CW3E_BrownsValleySchool,0.26959773898124695,0.2581130266189575,237.69436645507812,255.52903747558594,2.4804441928863525,2021
ISMN_SNOTEL_Truckee#2,0.16511838138103485,0.1947859525680542,254.21670532226562,261.85089111328125,9.527933120727539,2021
ISMN_CW3E_BoyesCreekCanyon,0.2991579473018646,0.3104711174964905,256.95025634765625,263.5897521972656,7.874624729156494,2021
ISMN_CW3E_PotterValleyNorth,0.30513304471969604,0.3128313422203064,256.1466979980469,263.4093017578125,8.668350219726562,2021
ISMN_SNOTEL_IndependenceLake,0.19780275225639343,0.2443864494562149,253.38812255859375,260.65924072265625,9.51754093170166,2021
ISMN_SNOTEL_IndependenceCamp,0.18033143877983093,0.21646608412265778,252.96900939941406,260.8710021972656,9.204405784606934,2021
ISMN_SNOTEL_IndependenceCreek,0.18033143877983093,0.21646608412265778,252.96900939941406,260.8710021972656,9.204405784606934,2021
ISMN_CW3E_FeatherRiverCollege,0.27329522371292114,0.3035755157470703,255.17233276367188,260.9842224121094,12.094781875610352,2021
ISMN_SCAN_LovellSummit,0.0874185562133789,0.09111218899488449,255.1831817626953,272.4618835449219,0.955901026725769,2021
ISMN_SNOTEL_LeeCanyon,0.09356521815061569,0.10213299095630646,254.51638793945312,271.311767578125,1.1593824625015259,2021
ISMN_SNOTEL_BristleconeTrail,0.09654758125543594,0.10753945261240005,254.7558135986328,271.37567138671875,1.2753243446350098,2021
ISMN_SCAN_Charkiln,0.09390590339899063,0.1036783903837204,254.94747924804688,272.14947509765625,1.053519368171692,2021
ISMN_SCAN_PineNut,0.09814640879631042,0.1066957339644432,254.4091033935547,272.1845703125,0.4290386438369751,2021
ISMN_USCRN_Stovepipe-Wells-1-SW,0.11261945962905884,0.12597869336605072,259.9344482421875,276.1398010253906,0.022967929020524025,2021
ISMN_USCRN_Mercury-3-SSW,0.07647648453712463,0.08405016362667084,254.58590698242188,275.1432800292969,0.18317511677742004,2021
ISMN_USCRN_Yosemite-Village-12-W,0.19385090470314026,0.2194984406232834,258.5921325683594,264.7691345214844,9.15164566040039,2021
ISMN_SCAN_MarbleCreek,0.0838497132062912,0.10311885923147202,256.7069091796875,269.90771484375,0.33964774012565613,2021
ISMN_SNOTEL_VirginiaLakesRidge,0.14520736038684845,0.1761097013950348,251.32974243164062,260.0110168457031,1.731313943862915,2021
ISMN_SCAN_BodieHills,0.1126161515712738,0.13220079243183136,253.26185607910156,264.4404602050781,0.7277318835258484,2021
ISMN_SNOTEL_LeavittLake,0.1502845138311386,0.17845043540000916,251.74783325195312,259.458251953125,2.8059561252593994,2021
ISMN_SNOTEL_LeavittMeadows,0.13625656068325043,0.16240349411964417,251.72360229492188,260.041015625,1.7421633005142212,2021
ISMN_SNOTEL_SonoraPass,0.1502845138311386,0.17845043540000916,251.74783325195312,259.458251953125,2.8059561252593994,2021
ISMN_SNOTEL_SummitMeadow,0.1300661414861679,0.15357138216495514,252.39625549316406,260.9972839355469,2.567307949066162,2021
ISMN_SNOTEL_LobdellLake,0.1065421774983406,0.12263787537813187,253.02857971191406,264.0333557128906,0.8200857639312744,2021
ISMN_SNOTEL_PoisonFlat,0.1390150934457779,0.16270677745342255,252.87945556640625,261.9521179199219,5.148548126220703,2021
ISMN_SNOTEL_EbbettsPass,0.16730384528636932,0.20425951480865479,253.1625518798828,260.6623229980469,7.25514030456543,2021
ISMN_SNOTEL_BlueLakes,0.16445372998714447,0.1973387748003006,253.0305633544922,260.5559387207031,7.107333660125732,2021
ISMN_SNOTEL_SprattCreek,0.15381672978401184,0.18212054669857025,252.7223358154297,260.96990966796875,6.86531400680542,2021
ISMN_SNOTEL_MonitorPass,0.11999259144067764,0.13160285353660583,251.7248077392578,263.55889892578125,2.5517332553863525,2021
ISMN_SNOTEL_HorseMeadow,0.15006984770298004,0.17674432694911957,252.7349090576172,261.852783203125,6.744873046875,2021
ISMN_SNOTEL_HagansMeadow,0.15006984770298004,0.17674432694911957,252.7349090576172,261.852783203125,6.744873046875,2021
ISMN_SNOTEL_HeavenlyValley,0.14127463102340698,0.1651080846786499,253.12765502929688,263.2117004394531,6.54444694519043,2021
ISMN_SNOTEL_MarletteLake,0.10420501977205276,0.11963997036218643,255.17417907714844,265.9575500488281,5.838808059692383,2021
ISMN_SNOTEL_LittleValley,0.11131300032138824,0.12166368216276169,254.5446319580078,265.52313232421875,6.048716068267822,2021
ISMN_SNOTEL_VacarroSprings,0.09344559907913208,0.10340315848588943,249.3224639892578,266.5830078125,0.42144620418548584,2021
ISMN_SNOTEL_BigMeadow,0.1156555637717247,0.1163787990808487,252.58187866210938,265.0713195800781,4.642484188079834,2021
ISMN_SNOTEL_PorterCanyon,0.09003306925296783,0.10054579377174377,250.75631713867188,267.23895263671875,0.37382617592811584,2021
ISMN_SNOTEL_Chalender,0.1466798335313797,0.1460510790348053,249.41622924804688,263.8563232421875,3.1381571292877197,2021
ISMN_SCAN_Vermillion,0.10411301255226135,0.12130340188741684,256.7813720703125,268.9750061035156,0.36063843965530396,2021
ISMN_SCAN_CaveValley,0.11296967417001724,0.12407822161912918,257.2535400390625,268.18096923828125,0.7125540375709534,2021
ISMN_SNOTEL_GardnerPeak,0.10729765892028809,0.11286377906799316,256.783203125,269.3526306152344,2.1371397972106934,2021
ISMN_SNOTEL_LittleGrassy,0.10174219310283661,0.107333242893219,256.5448303222656,270.0081787109375,0.6631564497947693,2021
ISMN_SNOTEL_LongValleyJct,0.14495420455932617,0.15824861824512482,254.3636932373047,263.81103515625,1.984514594078064,2021
ISMN_SNOTEL_HarrisFlat,0.1476060003042221,0.16061648726463318,254.38575744628906,263.4336853027344,2.134112596511841,2021
ISMN_SNOTEL_GutzPeak,0.1002117320895195,0.10652942210435867,257.1292419433594,270.2019958496094,0.7674161195755005,2021
ISMN_SNOTEL_LongFlat,0.11049684137105942,0.11541584879159927,255.7644500732422,268.200927734375,2.2694382667541504,2021
ISMN_SNOTEL_Kolob,0.12703853845596313,0.13490624725818634,253.48193359375,265.367919921875,1.2864055633544922,2021
ISMN_SNOTEL_MidwayValley,0.15068945288658142,0.15894430875778198,253.49436950683594,262.7652893066406,2.853102445602417,2021
ISMN_SNOTEL_WebsterFlat,0.14512374997138977,0.15160393714904785,253.4579315185547,263.28729248046875,2.0037965774536133,2021
ISMN_SNOTEL_SuuRanch,0.13832998275756836,0.14196635782718658,252.0197296142578,263.2510681152344,2.811851739883423,2021
ISMN_SCAN_Enterprise,0.100846067070961,0.10516731441020966,251.58697509765625,268.2295227050781,0.5362264513969421,2021
ISMN_SNOTEL_CastleValley,0.14508050680160522,0.152886301279068,252.13124084472656,262.3204650878906,3.5935745239257812,2021
ISMN_SNOTEL_Widtsoe#3,0.12648530304431915,0.13483060896396637,253.83145141601562,264.0151672363281,2.918471336364746,2021
ISMN_SCAN_Panguitch,0.11590822786092758,0.11976037919521332,250.63970947265625,263.18646240234375,1.202163815498352,2021
ISMN_SNOTEL_MtPennell,0.10518143326044083,0.10382617264986038,256.1241760253906,269.092529296875,0.4188503324985504,2021
ISMN_SNOTEL_SunflowerFlat,0.12757980823516846,0.13576367497444153,253.74497985839844,264.5255432128906,2.7199699878692627,2021
ISMN_SNOTEL_LonesomeBeaver,0.10518143326044083,0.10382617264986038,256.1241760253906,269.092529296875,0.4188503324985504,2021
ISMN_SNOTEL_JonesCorral,0.11725570261478424,0.12361602485179901,251.42306518554688,263.4495849609375,1.6467567682266235,2021
ISMN_SNOTEL_DonkeyReservoir,0.13442246615886688,0.1441061943769455,250.03689575195312,262.4143981933594,3.649118661880493,2021
ISMN_SNOTEL_MerchantValley,0.12664945423603058,0.12988603115081787,252.2725067138672,263.2349853515625,4.406417369842529,2021
ISMN_SCAN_Manderfield,0.10609735548496246,0.11000698804855347,251.45553588867188,264.6256103515625,1.9305036067962646,2021
ISMN_SNOTEL_KimberlyMine,0.11852246522903442,0.123720183968544,252.76705932617188,264.2213439941406,2.6398744583129883,2021
ISMN_SNOTEL_BoxSprings,0.1261407732963562,0.1332666575908661,251.59019470214844,263.3872985839844,3.069352626800537,2021
ISMN_SNOTEL_FishLakeUtah,0.12370643764734268,0.13075563311576843,250.0258026123047,262.5729675292969,2.1160643100738525,2021
ISMN_SNOTEL_BoxCreek,0.1261407732963562,0.1332666575908661,251.59019470214844,263.3872985839844,3.069352626800537,2021
ISMN_SNOTEL_BlackFlat-U.M.Ck,0.140008345246315,0.14753034710884094,251.73780822753906,262.5029602050781,2.322622776031494,2021
ISMN_SNOTEL_FarnsworthLake,0.13876846432685852,0.1469268500804901,251.29795837402344,262.33038330078125,2.5451278686523438,2021
ISMN_SNOTEL_GooseberryRSUp,0.13876846432685852,0.1469268500804901,251.29795837402344,262.33038330078125,2.5451278686523438,2021
ISMN_SNOTEL_GooseberryRS,0.13876846432685852,0.1469268500804901,251.29795837402344,262.33038330078125,2.5451278686523438,2021
ISMN_SNOTEL_BobsHollow,0.12726010382175446,0.13690440356731415,251.2135467529297,263.93658447265625,2.095897674560547,2021
ISMN_SNOTEL_WheelerPeak,0.0937432199716568,0.10669790208339691,251.2574462890625,266.2595520019531,1.5174877643585205,2021
ISMN_SNOTEL_PickleKeg,0.14201956987380981,0.14746223390102386,251.07034301757812,262.2408752441406,1.7006328105926514,2021
ISMN_SNOTEL_WardMountain,0.09575168788433075,0.10940602421760559,251.927001953125,266.1768798828125,0.47376957535743713,2021
ISMN_SNOTEL_BuckFlat,0.1535419076681137,0.16326193511486053,250.07876586914062,261.24884033203125,1.8617993593215942,2021
ISMN_SNOTEL_BeaverDams,0.1535419076681137,0.16326193511486053,250.07876586914062,261.24884033203125,1.8617993593215942,2021
ISMN_SNOTEL_CaveMountain,0.09671329706907272,0.11117754131555557,251.59544372558594,265.8091735839844,0.6881837248802185,2021
ISMN_SCAN_Holden,0.11567430943250656,0.1193145290017128,244.5762176513672,264.4012756347656,0.3105589747428894,2021
ISMN_SCAN_TuleValley,0.11987852305173874,0.13070623576641083,241.75074768066406,263.637451171875,0.1822139173746109,2021
ISMN_SNOTEL_ThistleFlat,0.15305380523204803,0.16231697797775269,249.2175750732422,260.8714599609375,1.6412619352340698,2021
ISMN_SNOTEL_GBRCMeadows,0.1548732966184616,0.16389209032058716,248.57406616210938,260.6563415527344,2.0754215717315674,2021
ISMN_SNOTEL_SeeleyCreek,0.1548732966184616,0.16389209032058716,248.57406616210938,260.6563415527344,2.0754215717315674,2021
ISMN_SNOTEL_BerryCreek,0.10301906615495682,0.11535440385341644,250.25460815429688,265.118896484375,0.8968474864959717,2021
ISMN_SNOTEL_GBRCHQ,0.1548732966184616,0.16389209032058716,248.57406616210938,260.6563415527344,2.0754215717315674,2021
ISMN_SNOTEL_OakCreek,0.1089906245470047,0.11785861104726791,248.8416290283203,265.3565368652344,0.4639959931373596,2021
ISMN_SCAN_Ephraim,0.14589202404022217,0.15353722870349884,248.20132446289062,261.1679992675781,1.3110886812210083,2021
ISMN_SNOTEL_UpperJoesValley,0.15859994292259216,0.16664069890975952,250.24465942382812,260.8299560546875,2.366881847381592,2021
ISMN_SNOTEL_ReesFlat,0.13864044845104218,0.14592315256595612,248.3349609375,262.0748291015625,0.6715952754020691,2021
ISMN_SCAN_Price,0.11648087203502655,0.11602465808391571,250.13455200195312,265.3992919921875,0.2134367972612381,2021
ISMN_SNOTEL_Kalamazoo,0.09684357047080994,0.10688760876655579,249.8740234375,265.6427001953125,0.6547483801841736,2021
ISMN_SNOTEL_HuntingtonHorse,0.1568187177181244,0.16865715384483337,250.76492309570312,260.8754577636719,2.0025644302368164,2021
ISMN_SCAN_Nephi,0.1222761794924736,0.12603527307510376,248.17250061035156,263.3883056640625,0.6335751414299011,2021
ISMN_SNOTEL_Timberline,0.13703319430351257,0.14046233892440796,253.50955200195312,264.25775146484375,1.8789399862289429,2021
ISMN_SNOTEL_Mammoth-Cottonwood,0.1568187177181244,0.16865715384483337,250.76492309570312,260.8754577636719,2.0025644302368164,2021
ISMN_SNOTEL_TakkaWiiya,0.09850229322910309,0.10492795705795288,247.8704833984375,265.93878173828125,0.6609658002853394,2021
ISMN_SNOTEL_ClearCreek#1,0.16084885597229004,0.17037798464298248,252.41188049316406,261.488525390625,2.513263702392578,2021
ISMN_SNOTEL_WilburBench,0.14656826853752136,0.16051355004310608,254.16455078125,262.9581298828125,0.8701885342597961,2021
ISMN_SNOTEL_ClearCreek#2,0.16084885597229004,0.17037798464298248,252.41188049316406,261.488525390625,2.513263702392578,2021
ISMN_SNOTEL_SantaquinMeadows,0.15015366673469543,0.15164867043495178,248.802978515625,261.8298034667969,1.939852237701416,2021
ISMN_SNOTEL_VernonCreek,0.10090712457895279,0.10812196135520935,247.9983673095703,265.6376953125,0.37631064653396606,2021
ISMN_SNOTEL_WhiteRiver#1,0.14854790270328522,0.15985146164894104,253.65882873535156,262.296630859375,1.0719621181488037,2021
ISMN_SNOTEL_SantaFe,0.13425439596176147,0.14069129526615143,255.63844299316406,265.1856384277344,7.144869327545166,2021
ISMN_SNOTEL_WesnerSprings,0.1916464865207672,0.2154099941253662,255.11268615722656,262.4624328613281,10.014172554016113,2021
ISMN_USCRN_Los-Alamos-13-W,0.15114210546016693,0.17298844456672668,255.52027893066406,265.0669860839844,8.358879089355469,2021
ISMN_SNOTEL_Quemazon,0.13481761515140533,0.14754325151443481,255.04307556152344,265.4345703125,5.48736572265625,2021
ISMN_SNOTEL_SenoritaDivide#2,0.1466066539287567,0.16184306144714355,252.7122344970703,263.4525146484375,6.344708442687988,2021
ISMN_SNOTEL_GaritaPeak,0.14116623997688293,0.15649233758449554,254.74684143066406,264.5862731933594,6.191864490509033,2021
ISMN_SNOTEL_VacasLocas,0.1466066539287567,0.16184306144714355,252.7122344970703,263.4525146484375,6.344708442687988,2021
ISMN_SCAN_Alcalde,0.10855145007371902,0.11362498998641968,254.1668701171875,267.2232666015625,0.3072354793548584,2021
ISMN_SNOTEL_TresRitos,0.19453641772270203,0.22054137289524078,254.0465545654297,261.818603515625,10.106467247009277,2021
ISMN_SNOTEL_NavajoWhiskeyCk,0.10834543406963348,0.11129724979400635,253.9934539794922,267.7803955078125,2.5399820804595947,2021
ISMN_SNOTEL_GallegosPeak,0.16495516896247864,0.18653440475463867,253.76028442382812,262.206787109375,8.99885082244873,2021
ISMN_SNOTEL_Palo,0.1859700232744217,0.20455224812030792,252.5803680419922,260.7801818847656,8.74238109588623,2021
ISMN_SNOTEL_TaosPueblo,0.18423369526863098,0.20120587944984436,252.6285400390625,260.8160400390625,8.265085220336914,2021
ISMN_SNOTEL_TaosPowderhorn,0.1509898453950882,0.16329364478588104,252.5797576904297,261.5483703613281,6.823031425476074,2021
ISMN_SNOTEL_Shuree,0.15761154890060425,0.17153333127498627,251.8595428466797,260.8018493652344,4.779289722442627,2021
ISMN_SNOTEL_Culebra#2,0.13471588492393494,0.14540210366249084,251.58734130859375,261.78887939453125,5.071533203125,2021
ISMN_USCRN_Cortez-8-SE,0.1234269067645073,0.1275143176317215,252.103759765625,265.44158935546875,0.4575713872909546,2021
ISMN_SNOTEL_LilyPond,0.1783037632703781,0.2004653513431549,250.0709686279297,259.7497863769531,7.509688854217529,2021
ISMN_SCAN_MccrackenMesa,0.09343560039997101,0.09060899168252945,254.81857299804688,270.0897521972656,0.2102237492799759,2021
ISMN_SNOTEL_Cascade#2,0.232840433716774,0.2591131627559662,252.6134490966797,258.0838928222656,7.072257041931152,2021
ISMN_SCAN_AlkaliMesa,0.10986770689487457,0.1107826679944992,253.1786346435547,267.3136901855469,0.3721774220466614,2021
ISMN_SNOTEL_UpperRioGrande,0.18507124483585358,0.20097646117210388,250.1552734375,258.0503234863281,4.7158989906311035,2021
ISMN_SCAN_Eastland,0.11595331132411957,0.11643710732460022,250.51345825195312,265.1719055175781,0.3356384038925171,2021
ISMN_SNOTEL_LizardHeadPass,0.20126813650131226,0.2305307537317276,251.66383361816406,257.797119140625,5.0466766357421875,2021
ISMN_SNOTEL_CampJackson,0.12388733774423599,0.12979505956172943,254.06597900390625,265.9023132324219,1.54270601272583,2021
ISMN_SNOTEL_Slumgullion,0.1645781248807907,0.18007081747055054,250.23866271972656,258.8242492675781,4.437062740325928,2021
ISMN_SCAN_WestSummit,0.11344494670629501,0.12006619572639465,250.60350036621094,265.5114440917969,0.32733413577079773,2021
ISMN_SCAN_HarmsWay,0.1146458089351654,0.12154388427734375,253.65013122558594,266.6432189941406,0.7364820241928101,2021
ISMN_SNOTEL_GoldBasin,0.13166409730911255,0.13716645538806915,254.20535278320312,265.87359619140625,1.7948920726776123,2021
ISMN_SNOTEL_LasalMountain-Lower,0.13166409730911255,0.13716645538806915,254.20535278320312,265.87359619140625,1.7948920726776123,2021
ISMN_SNOTEL_LasalMountain,0.13166409730911255,0.13716645538806915,254.20535278320312,265.87359619140625,1.7948920726776123,2021
ISMN_SNOTEL_PorphyryCreek,0.14846171438694,0.17039082944393158,252.28225708007812,260.0549621582031,5.494781970977783,2021
ISMN_SNOTEL_ParkCone,0.19329717755317688,0.22164082527160645,251.95208740234375,258.6891784667969,6.470922946929932,2021
ISMN_SNOTEL_Butte,0.19183118641376495,0.21526680886745453,251.5390167236328,258.23687744140625,3.5779294967651367,2021
ISMN_SNOTEL_UpperTaylor,0.2055821269750595,0.233162522315979,251.8866424560547,258.111083984375,5.357264995574951,2021
ISMN_SNOTEL_SchofieldPass,0.1900937408208847,0.21281982958316803,252.10191345214844,257.9812316894531,2.715885639190674,2021
ISMN_SNOTEL_RoughAndTumble,0.13489237427711487,0.14720585942268372,247.80528259277344,259.5246276855469,3.1624786853790283,2021
ISMN_SNOTEL_ParkReservoir,0.17139676213264465,0.1800515353679657,249.48167419433594,260.4209899902344,4.62222146987915,2021
ISMN_SNOTEL_BuckskinJoe,0.16677705943584442,0.18659380078315735,248.90750122070312,257.91827392578125,4.4322028160095215,2021
ISMN_SNOTEL_EastWillowCreek,0.13577407598495483,0.13858254253864288,255.088623046875,264.7891540527344,0.6168866157531738,2021
ISMN_SNOTEL_HoosierPass,0.15954628586769104,0.17949624359607697,248.077392578125,258.0686950683594,4.107960224151611,2021
ISMN_SNOTEL_FremontPass,0.1901579052209854,0.22151806950569153,250.97146606445312,258.0511779785156,6.5860819816589355,2021
ISMN_SNOTEL_MichiganCreek,0.16747905313968658,0.19434966146945953,249.32357788085938,258.26123046875,5.24790096282959,2021
ISMN_iRON_GlenwoodSprings,0.17472529411315918,0.19450408220291138,251.54855346679688,259.921142578125,2.9148170948028564,2021
ISMN_SNOTEL_JackwhackerGulch,0.17029908299446106,0.1990312784910202,250.8087921142578,258.6200866699219,5.871253967285156,2021
ISMN_SNOTEL_SummitRanch,0.16526825726032257,0.198506161570549,252.18844604492188,259.2574157714844,6.5046234130859375,2021
ISMN_SNOTEL_JonesPass,0.17482833564281464,0.2067728191614151,251.9971466064453,258.60076904296875,6.4461469650268555,2021
ISMN_SNOTEL_MiddleForkCamp,0.18295763432979584,0.21717651188373566,251.693359375,259.0736999511719,7.3174943923950195,2021
ISMN_SNOTEL_BerthoudSummit,0.17763376235961914,0.21342940628528595,252.12806701660156,258.8652038574219,6.562525272369385,2021
ISMN_SNOTEL_BurroMountain,0.18856404721736908,0.21078628301620483,250.78062438964844,259.38275146484375,5.447436332702637,2021
ISMN_SCAN_Bushland#1,0.12088672071695328,0.11836253106594086,248.28265380859375,269.37786865234375,0.5584959983825684,2021
ISMN_USCRN_Goodwell-2-SE,0.11431387811899185,0.11680862307548523,248.95028686523438,269.5987243652344,0.5595439672470093,2021
ISMN_USCRN_Goodwell-2-E,0.11431387811899185,0.11680862307548523,248.95028686523438,269.5987243652344,0.5595439672470093,2021
ISMN_SCAN_FortReno#1,0.18853770196437836,0.18791180849075317,235.27386474609375,258.0481872558594,1.032601237297058,2021
ISMN_ARM_Tryon,0.2413942664861679,0.24223598837852478,233.87611389160156,253.6439666748047,1.15724778175354,2021
ISMN_ARM_Marshall,0.2143421322107315,0.21142998337745667,228.90872192382812,253.5994415283203,0.9594129323959351,2021
ISMN_USCRN_Stillwater-2-W,0.24330267310142517,0.24255642294883728,229.794677734375,252.08998107910156,1.2678101062774658,2021
ISMN_USCRN_Stillwater-5-WNW,0.23854117095470428,0.23820914328098297,229.5587615966797,252.30374145507812,1.2212156057357788,2021
ISMN_ARM_Waukomis,0.18609938025474548,0.18654929101467133,234.03018188476562,258.1990051269531,1.4294182062149048,2021
ISMN_ARM_Morrison,0.2365899533033371,0.23249925673007965,226.88858032226562,251.01695251464844,1.007228970527649,2021
ISMN_ARM_Ringwood,0.1668599545955658,0.16616591811180115,238.71649169921875,261.1215515136719,1.0831005573272705,2021
ISMN_ARM_Lamont-CF1,0.20403186976909637,0.20264671742916107,226.85450744628906,253.63482666015625,1.2360644340515137,2021
ISMN_ARM_Lamont-CF2,0.20403186976909637,0.20264671742916107,226.85450744628906,253.63482666015625,1.2360644340515137,2021
ISMN_ARM_Pawhuska,0.25917643308639526,0.25622567534446716,222.7104034423828,247.5530242919922,1.1090108156204224,2021
ISMN_ARM_Byron,0.16767831146717072,0.17410002648830414,238.4834747314453,261.2392883300781,1.154499888420105,2021
ISMN_ARM_Newkirk,0.22334761917591095,0.22293482720851898,224.3486785888672,250.8911895751953,1.093450903892517,2021
ISMN_ARM_Tyro,0.26173093914985657,0.25873297452926636,223.69203186035156,247.68125915527344,1.1493879556655884,2021
ISMN_SCAN_Abrams,0.22929035127162933,0.22439166903495789,224.3535614013672,250.7855224609375,1.291090726852417,2021
ISMN_ARM_Ashton,0.2108156681060791,0.20834770798683167,225.7711181640625,252.71755981445312,1.4371646642684937,2021
ISMN_ARM_Anthony,0.1770390421152115,0.17812106013298035,235.54800415039062,259.3921203613281,1.3525605201721191,2021
ISMN_SCAN_CentraliaLake,0.21914047002792358,0.22361120581626892,233.2740020751953,255.66824340820312,1.6455503702163696,2021
ISMN_SCAN_Phillipsburg,0.17521555721759796,0.1828879415988922,234.55653381347656,258.1354675292969,0.7911090850830078,2021
ISMN_SCAN_UapbPointRemove,0.2838340103626251,0.2833715081214905,242.89236450195312,256.1903381347656,3.80281138420105,2021
ISMN_USCRN_Batesville-8-WNW,0.24006684124469757,0.24987787008285522,250.47654724121094,260.6147766113281,6.898385047912598,2021
ISMN_SCAN_JournaganRanch,0.23281230032444,0.2493160516023636,244.7596893310547,257.083251953125,5.358144760131836,2021
ISMN_SCAN_LTSP,0.28201907873153687,0.2999539077281952,257.3152770996094,263.9437561035156,11.133208274841309,2021
ISMN_USCRN_Joplin-24-N,0.28832104802131653,0.283968448638916,220.97158813476562,245.263916015625,2.1767327785491943,2021
ISMN_SCAN_SinkinForest,0.31404784321784973,0.33326032757759094,255.8361053466797,262.9640808105469,11.33173942565918,2021
ISMN_USCRN_Salem-10-W,0.2042257934808731,0.2185564935207367,247.7247314453125,258.86981201171875,4.8075690269470215,2021
ISMN_SCAN_CarverFarm,0.27272841334342957,0.2728767693042755,236.9256134033203,251.70608520507812,3.2593941688537598,2021
ISMN_SCAN_PowellGardens,0.2884121835231781,0.28402987122535706,228.25999450683594,248.606689453125,2.709550142288208,2021
ISMN_SCAN_ElsberryPMC,0.3065444231033325,0.30180904269218445,230.429931640625,248.8502655029297,4.351780414581299,2021
ISMN_SCAN_AllenFarms,0.2587508261203766,0.2742672562599182,240.44595336914062,254.22242736816406,3.667571544647217,2021
ISMN_SCAN_EastviewFarm,0.26378771662712097,0.27645134925842285,241.91957092285156,255.1382598876953,4.6859450340271,2021
ISMN_USCRN_Crossville-7-NW,0.300057053565979,0.3187497854232788,248.06256103515625,257.4334716796875,8.398680686950684,2021
ISMN_SCAN_Princeton#1,0.27717944979667664,0.28520467877388,239.57164001464844,254.25123596191406,4.040654182434082,2021
ISMN_SCAN_MammothCave,0.2983626425266266,0.31113389134407043,236.62347412109375,252.1165008544922,5.827840328216553,2021
ISMN_USCRN_Bedford-5-WNW,0.25787553191185,0.2632109522819519,243.1416473388672,254.96669006347656,4.8427863121032715,2021
ISMN_SCAN_ReynoldsHomestead,0.3276911675930023,0.3433223366737366,251.6412353515625,259.5420227050781,10.169103622436523,2021
ISMN_USCRN_Durham-11-W,0.28875496983528137,0.2783023416996002,249.08123779296875,259.53533935546875,7.806404113769531,2021
ISMN_SCAN_TidewaterArec,0.2647944688796997,0.25981420278549194,241.438720703125,254.7939910888672,4.7264556884765625,2021
ISMN_SCAN_Shenandoah,0.24529895186424255,0.26259422302246094,250.60995483398438,259.5135192871094,8.055618286132812,2021
ISMN_USCRN_Elkins-21-ENE,0.3394847512245178,0.3945908546447754,255.05075073242188,260.39984130859375,11.823037147521973,2021
ISMN_SCAN_PowderMill,,,246.79092407226562,261.6386413574219,4.8548479080200195,2021
ISMN_ROMPS_Maidanak,0.1448538601398468,0.14973771572113037,247.47561645507812,263.1040954589844,0.36391714215278625,2021
ISMN_ROMPS_AbramovGlacier,0.17352984845638275,0.22345224022865295,250.98765563964844,255.99691772460938,0.060274817049503326,2021
ISMN_SCAN_EagleLake,0.2121959626674652,0.22636668384075165,245.11825561523438,257.3231201171875,6.509427070617676,2021
ISMN_SNOTEL_FredonyerPeak,0.11511524021625519,0.12151212990283966,251.5652618408203,265.1910400390625,2.0709848403930664,2021
ISMN_SCAN_AshValley,0.13450650870800018,0.14405858516693115,248.9278564453125,262.1910095214844,2.483922243118286,2021
ISMN_SNOTEL_StateLine,0.15528497099876404,0.18886928260326385,253.38302612304688,266.9317626953125,4.751033782958984,2021
ISMN_SNOTEL_QuartzMountain,0.16101227700710297,0.1728537380695343,250.0985565185547,260.8261413574219,7.088150978088379,2021
ISMN_SCAN_LovelockNNR,0.12246636301279068,0.12363120168447495,240.88748168945312,263.64434814453125,0.2820301055908203,2021
ISMN_SNOTEL_CorralCanyon,0.11093506962060928,0.13083603978157043,246.9734649658203,263.5517272949219,0.3856284022331238,2021
ISMN_SNOTEL_LewisPeak,0.08870485424995422,0.0995296984910965,251.10525512695312,267.8226318359375,0.24766212701797485,2021
ISMN_SNOTEL_GreenMountain,0.11166910082101822,0.13223914802074432,246.6151123046875,263.3379821777344,0.37255921959877014,2021
ISMN_SNOTEL_Lamoille#3,0.11802009493112564,0.13729064166545868,247.14198303222656,263.02496337890625,0.5536298155784607,2021
ISMN_SNOTEL_PoleCanyon,0.10248282551765442,0.11932123452425003,247.46966552734375,264.8015441894531,0.3780367076396942,2021
ISMN_SNOTEL_DryCreek,0.11461813002824783,0.13004647195339203,246.892578125,263.43109130859375,0.523621678352356,2021
ISMN_SCAN_Buckhorn,0.11765868216753006,0.11994673311710358,246.76161193847656,264.1356506347656,0.27876991033554077,2021
ISMN_SNOTEL_Golconda,0.08030349016189575,0.09148583561182022,251.4873809814453,268.251220703125,0.27638953924179077,2021
ISMN_SNOTEL_DorseyBasin,0.11461813002824783,0.13004647195339203,246.892578125,263.43109130859375,0.523621678352356,2021
ISMN_SNOTEL_Hole-in-Mountain,0.10589351505041122,0.12233866751194,247.4040985107422,264.4367980957031,0.44047772884368896,2021
ISMN_SNOTEL_TaylorCanyon,0.10028281807899475,0.10940160602331161,248.2948760986328,264.4418640136719,0.3174644112586975,2021
ISMN_SNOTEL_ToeJam,0.10544107854366302,0.11489716172218323,248.58560180664062,264.19000244140625,0.39004382491111755,2021
ISMN_SNOTEL_SummitLk,0.08883879333734512,0.09675803035497665,249.62852478027344,266.8380432128906,0.21496742963790894,2021
ISMN_SNOTEL_JacksPeak,0.1136767789721489,0.12664787471294403,247.89263916015625,262.9837646484375,0.4646510183811188,2021
ISMN_SNOTEL_LamanceCreek,0.089875727891922,0.10348226875066757,250.17276000976562,266.5437316894531,0.35285937786102295,2021
ISMN_SNOTEL_JackCreekUpper,0.1136767789721489,0.12664787471294403,247.89263916015625,262.9837646484375,0.4646510183811188,2021
ISMN_SNOTEL_FryCanyon,0.10926314443349838,0.12381315231323242,248.54637145996094,263.18798828125,0.4356294572353363,2021
ISMN_SNOTEL_DrawCreek,0.09816315770149231,0.11338898539543152,251.06117248535156,264.6047668457031,0.44172385334968567,2021
ISMN_SNOTEL_SeventysixCreek,0.10202625393867493,0.11554542928934097,251.2340545654297,263.72021484375,0.5232311487197876,2021
ISMN_SNOTEL_BuckskinLower,0.0990661084651947,0.10953714698553085,249.0997772216797,265.212158203125,0.3305184841156006,2021
ISMN_SNOTEL_LaurelDraw,0.11772161722183228,0.12920230627059937,247.69412231445312,262.390869140625,0.5402114391326904,2021
ISMN_SNOTEL_FawnCreek,0.12058598548173904,0.13504350185394287,246.70286560058594,262.0442199707031,0.5263382196426392,2021
ISMN_SNOTEL_BearCreek,0.10202625393867493,0.11554542928934097,251.2340545654297,263.72021484375,0.5232311487197876,2021
ISMN_SNOTEL_ONeilCreek,0.09638695418834686,0.11005927622318268,249.63958740234375,265.1034851074219,0.30593594908714294,2021
ISMN_SNOTEL_PoleCreekR.S.,0.09925005584955215,0.11443494260311127,250.59735107421875,264.2249755859375,0.46168991923332214,2021
ISMN_SNOTEL_Sheldon,0.08397730439901352,0.09368029981851578,249.57508850097656,267.297607421875,0.2489778846502304,2021
ISMN_SNOTEL_DisasterPeak,0.0951121523976326,0.10230252891778946,248.51239013671875,265.49371337890625,0.3026956021785736,2021
ISMN_SNOTEL_WilsonCreek,0.10252169519662857,0.1184646487236023,247.8370819091797,264.2212829589844,0.40400758385658264,2021
ISMN_SNOTEL_MudFlat,0.12230250239372253,0.13016235828399658,248.04859924316406,263.36260986328125,0.7253996729850769,2021
ISMN_SNOTEL_SouthMtn.,0.12331098318099976,0.13369323313236237,247.37069702148438,261.8506774902344,1.5498229265213013,2021
ISMN_SNOTEL_ReynoldsCreek,0.11501436680555344,0.1252879500389099,245.91184997558594,263.78985595703125,0.4074796438217163,2021
ISMN_SCAN_OrchardRangeSite,0.10314441472291946,0.11268112063407898,246.8366241455078,266.5724182128906,0.37579402327537537,2021
ISMN_SNOTEL_AtlantaSummit,0.1677592247724533,0.1964053511619568,256.0971374511719,260.69854736328125,4.499568462371826,2021
ISMN_SNOTEL_RockSprings,0.1519244760274887,0.16410958766937256,251.18931579589844,261.2015686035156,6.913053035736084,2021
ISMN_SNOTEL_BannerSummit,0.2142409235239029,0.2580512464046478,253.61822509765625,259.44189453125,7.441756725311279,2021
ISMN_USCRN_John-Day-35-WNW,0.14578242599964142,0.15327145159244537,249.9641571044922,261.86724853515625,2.811622142791748,2021
ISMN_SNOTEL_LongValley,0.22209084033966064,0.25782495737075806,251.51487731933594,259.25341796875,8.899907112121582,2021
ISMN_SNOTEL_Bourne,0.1710687279701233,0.19372625648975372,250.594482421875,260.0275573730469,8.651552200317383,2021
ISMN_SNOTEL_HobbleCreek,0.16026215255260468,0.166952982544899,252.7692413330078,261.86370849609375,2.1541450023651123,2021
ISMN_SNOTEL_CascadeMountain,0.13948145508766174,0.14084233343601227,252.71412658691406,264.1206359863281,1.9189540147781372,2021
ISMN_SNOTEL_Daniels-Strawberry,0.15828384459018707,0.16843080520629883,253.02674865722656,261.55792236328125,2.0221831798553467,2021
ISMN_SNOTEL_CurrantCreek,0.1612435281276703,0.17490607500076294,252.46202087402344,261.0643005371094,1.9914263486862183,2021
ISMN_SCAN_MountainHome,0.12886899709701538,0.13352198898792267,247.9136199951172,262.0359191894531,0.6667560338973999,2021
ISMN_SNOTEL_TimpanogosDivide,0.1274118572473526,0.1304672360420227,253.86737060546875,264.1952819824219,2.0419178009033203,2021
ISMN_SNOTEL_RockyBasin-Settleme,0.13085001707077026,0.130419060587883,245.79385375976562,262.1441650390625,0.7499648928642273,2021
ISMN_SNOTEL_BevansCabin,0.13085001707077026,0.130419060587883,245.79385375976562,262.1441650390625,0.7499648928642273,2021
ISMN_SNOTEL_WolfCreekPeak,0.1704026609659195,0.18066607415676117,251.43507385253906,260.0143737792969,2.462270975112915,2021
ISMN_SNOTEL_MiningFork,0.13814811408519745,0.1384919434785843,242.66458129882812,260.4508056640625,0.5404082536697388,2021
ISMN_SNOTEL_DryFork,0.14953581988811493,0.1432962715625763,242.29684448242188,259.7256164550781,0.925477921962738,2021
ISMN_SNOTEL_Snowbird,0.12057829648256302,0.11832880973815918,253.28515625,265.0380859375,2.808260440826416,2021
ISMN_SNOTEL_BrownDuck,0.16938579082489014,0.17918479442596436,249.70361328125,259.1148681640625,3.555170774459839,2021
ISMN_SCAN_Grantsville,0.231052428483963,0.2348565012216568,229.83583068847656,248.5845947265625,0.47758111357688904,2021
ISMN_SNOTEL_Lakefork#1,0.16790378093719482,0.17771358788013458,248.27236938476562,257.8800048828125,3.156545400619507,2021
ISMN_SNOTEL_Brighton,0.13672952353954315,0.14191409945487976,253.06626892089844,263.2835998535156,2.45920467376709,2021
ISMN_SNOTEL_BeaverDivide,0.18819865584373474,0.1984557956457138,249.7034454345703,258.790283203125,4.0306291580200195,2021
ISMN_SNOTEL_ThaynesCanyon,0.14791375398635864,0.15679162740707397,252.33738708496094,262.06781005859375,1.9255526065826416,2021
ISMN_SNOTEL_Mill-DNorth,0.13672952353954315,0.14191409945487976,253.06626892089844,263.2835998535156,2.45920467376709,2021
ISMN_SNOTEL_ReddenMineLwr,0.17688491940498352,0.18853503465652466,249.76820373535156,259.38470458984375,3.177187919616699,2021
ISMN_SNOTEL_TrialLake,0.1934594362974167,0.20069672167301178,249.71189880371094,257.8478088378906,4.782089710235596,2021
ISMN_SNOTEL_ParleysUpper,0.13672952353954315,0.14191409945487976,253.06626892089844,263.2835998535156,2.45920467376709,2021
ISMN_SNOTEL_FivePointsLake,0.16790378093719482,0.17771358788013458,248.27236938476562,257.8800048828125,3.156545400619507,2021
ISMN_SNOTEL_LakeforkBasin,0.18271572887897491,0.19276465475559235,248.98040771484375,257.42120361328125,3.649378538131714,2021
ISMN_SNOTEL_ParleysSummit,0.14479701220989227,0.1544846147298813,252.48294067382812,262.83935546875,2.3805434703826904,2021
ISMN_SNOTEL_Chepeta,0.17429572343826294,0.1837300956249237,248.88803100585938,259.1465759277344,5.582638740539551,2021
ISMN_SNOTEL_SmithMorehouse,0.1811324805021286,0.19349637627601624,249.2672119140625,258.7516784667969,3.565659999847412,2021
ISMN_SNOTEL_HaydenFork,0.19443543255329132,0.20301951467990875,248.8540496826172,257.5146179199219,4.83486270904541,2021
ISMN_SNOTEL_LouisMeadow,0.16247445344924927,0.15719062089920044,246.79571533203125,260.9918518066406,2.37483286857605,2021
ISMN_SNOTEL_LookoutPeak,0.15543730556964874,0.1591661423444748,250.13720703125,262.047607421875,2.5173771381378174,2021
ISMN_SNOTEL_SpiritLk,0.1633148342370987,0.17696914076805115,247.9163055419922,258.9005432128906,4.509960174560547,2021
ISMN_SNOTEL_BuckPasture,0.19075755774974823,0.20463787019252777,247.26141357421875,256.79656982421875,4.721751689910889,2021
ISMN_SNOTEL_LilyLake,0.1872827708721161,0.19662591814994812,247.6763916015625,257.2579040527344,4.3250579833984375,2021
ISMN_SNOTEL_Hardscrabble,0.15543730556964874,0.1591661423444748,250.13720703125,262.047607421875,2.5173771381378174,2021
ISMN_SNOTEL_EFBlacksForkGS,0.1939980536699295,0.20638790726661682,247.22776794433594,256.644775390625,4.9578070640563965,2021
ISMN_SNOTEL_BearRiverRS,0.1872827708721161,0.19662591814994812,247.6763916015625,257.2579040527344,4.3250579833984375,2021
ISMN_SNOTEL_ChalkCreek#2,0.17908170819282532,0.19151459634304047,248.3938751220703,258.4413146972656,3.72021222114563,2021
ISMN_SNOTEL_SteelCreekPark,0.19363762438297272,0.19855619966983795,246.66639709472656,256.31640625,4.722949504852295,2021
ISMN_SNOTEL_Hewinta,0.18471024930477142,0.1943589299917221,245.74534606933594,256.93487548828125,5.11546516418457,2021
ISMN_SCAN_Morgan,0.15339434146881104,0.16380591690540314,249.38479614257812,261.4946594238281,1.6623666286468506,2021
ISMN_SNOTEL_LostCreekResv,0.14949627220630646,0.16584151983261108,250.7202911376953,261.5035705566406,0.8602287173271179,2021
ISMN_SNOTEL_HorseRidge,0.15411661565303802,0.16947858035564423,251.3365936279297,261.3038635253906,1.100483775138855,2021
ISMN_SCAN_BuffaloJump,0.1354021281003952,0.14892460405826569,247.4731903076172,261.49554443359375,0.4806649088859558,2021
ISMN_SNOTEL_LightningRidge,0.15411661565303802,0.16947858035564423,251.3365936279297,261.3038635253906,1.100483775138855,2021
ISMN_SNOTEL_DryBreadPond,0.15362562239170074,0.16967803239822388,251.0919189453125,261.03753662109375,0.9383962750434875,2021
ISMN_SNOTEL_MonteCristo,0.15362562239170074,0.16967803239822388,251.0919189453125,261.03753662109375,0.9383962750434875,2021
ISMN_SNOTEL_BugLake,0.15477736294269562,0.1726047396659851,250.23377990722656,260.599365234375,1.9058066606521606,2021
ISMN_SCAN_ParkValley,0.1228441670536995,0.14009690284729004,239.7022247314453,260.66314697265625,0.28148582577705383,2021
ISMN_SCAN_GrouseCreek,0.1018037348985672,0.11458200961351395,248.4403839111328,264.6845397949219,0.4097627103328705,2021
ISMN_SNOTEL_TempleFork,0.15327249467372894,0.16994620859622955,250.074951171875,260.4837646484375,1.9151300191879272,2021
ISMN_SCAN_CacheJunction,0.17456947267055511,0.1793411821126938,239.1053009033203,257.06365966796875,0.9131572246551514,2021
ISMN_SNOTEL_UsuDocDaniel,0.15327249467372894,0.16994620859622955,250.074951171875,260.4837646484375,1.9151300191879272,2021
ISMN_SNOTEL_TonyGroveRS,0.15081360936164856,0.1668028086423874,249.7639923095703,260.47808837890625,1.9046788215637207,2021
ISMN_SNOTEL_TonyGroveLake,0.16344189643859863,0.17677603662014008,248.8279571533203,259.4965515136719,2.0979366302490234,2021
ISMN_SNOTEL_GeorgeCreek,0.1022903323173523,0.11987129598855972,245.84556579589844,264.0628967285156,0.40136533975601196,2021
ISMN_SNOTEL_GardenCitySummit,0.15081360936164856,0.1668028086423874,249.7639923095703,260.47808837890625,1.9046788215637207,2021
ISMN_SCAN_BlueCreek,0.14327533543109894,0.14928758144378662,240.13233947753906,259.1695556640625,0.3919914960861206,2021
ISMN_SNOTEL_KlondikeNarrows,0.16388051211833954,0.17518137395381927,248.17820739746094,259.29205322265625,2.2847118377685547,2021
ISMN_SNOTEL_MagicMountain,0.1178625077009201,0.13071921467781067,247.13018798828125,262.9444580078125,0.5956206321716309,2021
ISMN_SNOTEL_KelleyR.S.,0.15589560568332672,0.16497698426246643,247.13717651367188,258.99566650390625,1.6539901494979858,2021
ISMN_SNOTEL_Giveout,0.1691778004169464,0.18069548904895782,246.74441528320312,258.26641845703125,1.42095148563385,2021
ISMN_SNOTEL_SaltRiverSummit,0.17292816936969757,0.1850264072418213,249.07969665527344,258.2101745605469,2.04685640335083,2021
ISMN_SNOTEL_WildhorseDivide,0.11476895958185196,0.1263483315706253,248.17137145996094,264.3505554199219,0.7623255252838135,2021
ISMN_SNOTEL_TriplePeak,0.1831144094467163,0.20483197271823883,248.89332580566406,258.050048828125,5.801412582397461,2021
ISMN_SNOTEL_SomsenRanch,0.17325137555599213,0.18843592703342438,245.4496612548828,257.5814208984375,1.8879504203796387,2021
ISMN_SNOTEL_EastRimDivide,0.1654294729232788,0.1846020668745041,246.4176025390625,257.59124755859375,4.077293395996094,2021
ISMN_SNOTEL_GraniteCreek,0.17734389007091522,0.20288604497909546,249.80638122558594,257.8052673339844,5.427009105682373,2021
ISMN_SNOTEL_CouchSummit,0.12837883830070496,0.15062977373600006,253.83705139160156,261.74090576171875,2.4527125358581543,2021
ISMN_SNOTEL_SwedePeak,0.11988169699907303,0.13843028247356415,253.0301971435547,262.1351623535156,1.1464173793792725,2021
ISMN_SNOTEL_BearCanyon,0.12161858379840851,0.14272446930408478,252.69058227539062,261.7048645019531,1.3226728439331055,2021
ISMN_SNOTEL_ChocolateGulch,0.14228284358978271,0.16648897528648376,255.9437713623047,261.8472900390625,3.441718339920044,2021
ISMN_SNOTEL_GrandTarghee,0.17422884702682495,0.19093865156173706,248.82894897460938,257.6344299316406,4.353232383728027,2021
ISMN_SNOTEL_GalenaSummit,0.1646040678024292,0.19709298014640808,255.41172790527344,260.6894836425781,4.014774799346924,2021
ISMN_SNOTEL_SnakeRiverStation,0.18744362890720367,0.20845653116703033,251.31808471679688,258.68402099609375,5.8774285316467285,2021
ISMN_SNOTEL_LewisLakeDivide,0.18744362890720367,0.20845653116703033,251.31808471679688,258.68402099609375,5.8774285316467285,2021
ISMN_SNOTEL_ThumbDivide,0.21104015409946442,0.22846262156963348,253.0301971435547,260.2125549316406,7.290984630584717,2021
ISMN_SNOTEL_IslandPark,0.19407542049884796,0.2166769802570343,249.15863037109375,258.7718505859375,8.055171012878418,2021
ISMN_SNOTEL_CrabCreek,0.13394084572792053,0.14752522110939026,245.8228302001953,260.263916015625,3.520414113998413,2021
ISMN_SNOTEL_HighLonesome,0.16170406341552734,0.18804317712783813,251.3943328857422,259.24713134765625,5.451373100280762,2021
ISMN_SNOTEL_Sawtooth,0.1461043506860733,0.17420001327991486,253.01341247558594,260.6248474121094,7.326350688934326,2021
ISMN_SNOTEL_WildBasin,0.16654275357723236,0.2042446732521057,252.58731079101562,259.6427917480469,7.3473615646362305,2021
ISMN_SNOTEL_StillwaterCreek,0.17590047419071198,0.20771057903766632,250.73472595214844,259.3634948730469,6.8771562576293945,2021
ISMN_SNOTEL_ArapahoRidge,0.15191930532455444,0.17193427681922913,248.0413818359375,259.35107421875,4.445291042327881,2021
ISMN_SCAN_SplitMountain,0.11513955891132355,0.11865518987178802,248.0499725341797,264.7340087890625,0.22651170194149017,2021
ISMN_SNOTEL_PhantomValley,0.21127861738204956,0.25199639797210693,250.70713806152344,258.8819580078125,9.004883766174316,2021
ISMN_SNOTEL_LongDrawResv,0.1820869892835617,0.21763846278190613,250.6444091796875,258.85162353515625,8.002179145812988,2021
ISMN_SNOTEL_DryLake,0.185561403632164,0.20469927787780762,247.23989868164062,257.68792724609375,5.7612528800964355,2021
ISMN_SNOTEL_MosbyMtn.,0.1507916897535324,0.15703336894512177,249.4720001220703,260.6407775878906,4.671570777893066,2021
ISMN_SNOTEL_KingsCabin,0.13020609319210052,0.1402091085910797,249.03009033203125,262.3432312011719,1.8762866258621216,2021
ISMN_SNOTEL_TroutCreek,0.14451423287391663,0.15284456312656403,249.6730499267578,261.708740234375,4.5026350021362305,2021
ISMN_SNOTEL_Zirkel,0.15377438068389893,0.17170053720474243,244.95706176757812,257.46728515625,2.9644362926483154,2021
ISMN_SNOTEL_LostDog,0.18481658399105072,0.2052382081747055,247.4274444580078,257.3932800292969,5.9710917472839355,2021
ISMN_SNOTEL_HickersonPark,0.1633148342370987,0.17696914076805115,247.9163055419922,258.9005432128906,4.509960174560547,2021
ISMN_SNOTEL_BlackhallMtn,0.16759811341762543,0.19118885695934296,247.05014038085938,258.35546875,5.99022102355957,2021
ISMN_SNOTEL_LittleSnakeRiver,0.1923217624425888,0.22336433827877045,249.50546264648438,258.9555358886719,8.39587688446045,2021
ISMN_SNOTEL_CinnabarPark,0.16197645664215088,0.18616966903209686,245.5225830078125,258.8309020996094,7.582876205444336,2021
ISMN_SNOTEL_SouthBrushCreek,0.15699908137321472,0.18443159759044647,246.0972442626953,258.6724548339844,6.038625717163086,2021
ISMN_SNOTEL_BrooklynLake,0.15334314107894897,0.17413929104804993,245.22010803222656,258.6431884765625,6.760906219482422,2021
ISMN_SNOTEL_MedBow,0.17643272876739502,0.20909924805164337,246.34820556640625,258.45538330078125,8.217634201049805,2021
ISMN_SNOTEL_SageCreekBasin,0.11654794961214066,0.12724635004997253,246.14019775390625,261.6392822265625,1.830440878868103,2021
ISMN_SNOTEL_WindyPeak,0.12346427887678146,0.13623112440109253,244.24607849121094,260.0578308105469,1.3210004568099976,2021
ISMN_SNOTEL_BigSandyOpening,0.13898199796676636,0.15848761796951294,247.26873779296875,258.3353271484375,3.237978935241699,2021
ISMN_SNOTEL_PocketCreek,0.15770913660526276,0.179843932390213,246.0526123046875,256.8614807128906,3.516191244125366,2021
ISMN_SCAN_CPER,0.10055199265480042,0.10710814595222473,242.1752166748047,264.5660705566406,0.4291291832923889,2021
ISMN_SCAN_Nunn#1,0.09611350297927856,0.10350652039051056,241.95677185058594,264.6504211425781,0.3175506889820099,2021
ISMN_SCAN_Torrington#1,0.10877758264541626,0.12227869778871536,242.03451538085938,263.6568298339844,0.5213764905929565,2021
ISMN_SCAN_RogersFarm#1,0.22118963301181793,0.22176682949066162,234.5089111328125,256.0729675292969,1.7090860605239868,2021
ISMN_SCAN_ShagbarkHills,0.19477584958076477,0.20253485441207886,240.98695373535156,259.54168701171875,1.6381357908248901,2021
ISMN_SCAN_Spickard,0.2820059359073639,0.28293511271476746,227.94004821777344,248.72433471679688,2.590876340866089,2021
ISMN_SCAN_Ames,0.1802772581577301,0.18020464479923248,241.86827087402344,260.6237487792969,1.6990077495574951,2021
ISMN_SCAN_UWPlatteville,0.21857281029224396,0.2294120043516159,238.9916229248047,256.1269836425781,2.3747854232788086,2021
ISMN_SCAN_MahantangoCk,0.2611491084098816,0.27337896823883057,245.26832580566406,256.7787780761719,7.620462894439697,2021
ISMN_SCAN_RockSpringsPa,0.25975531339645386,0.27554675936698914,249.20143127441406,258.47686767578125,8.688647270202637,2021
ISMN_SCAN_Geneva#1,0.2325085997581482,0.2391682118177414,233.31527709960938,251.04132080078125,3.1039061546325684,2021
ISMN_SCAN_LyeBrook,0.3923451602458954,0.42390188574790955,252.21173095703125,258.07879638671875,11.876720428466797,2021
ISMN_SCAN_HubbardBrook,0.38013115525245667,0.41780319809913635,254.37774658203125,259.2083740234375,12.1052827835083,2021
ISMN_REMEDHUS_Canizal,0.1333470493555069,0.12797331809997559,241.27633666992188,263.7217712402344,1.0211740732192993,2021
ISMN_REMEDHUS_LasEritas,0.1333470493555069,0.12797331809997559,241.27633666992188,263.7217712402344,1.0211740732192993,2021
ISMN_REMEDHUS_Carretoro,0.1333470493555069,0.12797331809997559,241.27633666992188,263.7217712402344,1.0211740732192993,2021
ISMN_REMEDHUS_LasTresRayas,0.1555635631084442,0.1478540301322937,238.1576385498047,260.83306884765625,1.2405532598495483,2021
ISMN_REMEDHUS_LaCruzdeElias,0.1310763955116272,0.12544497847557068,241.5044403076172,263.9360656738281,0.9928973913192749,2021
ISMN_REMEDHUS_Guarrati,0.13794872164726257,0.1326923817396164,240.84796142578125,263.2264099121094,1.0610874891281128,2021
ISMN_REMEDHUS_Granja-g,0.1333470493555069,0.12797331809997559,241.27633666992188,263.7217712402344,1.0211740732192993,2021
ISMN_REMEDHUS_ElTomillar,0.1369151473045349,0.13218079507350922,241.70150756835938,263.3323974609375,0.9749929904937744,2021
ISMN_REMEDHUS_LlanosdelaBoveda,0.12986545264720917,0.12412066757678986,242.48512268066406,264.2518615722656,0.9655585289001465,2021
ISMN_REMEDHUS_LasArenas,0.14615236222743988,0.13975192606449127,240.3755645751953,262.21490478515625,1.074134349822998,2021
ISMN_REMEDHUS_ElCoto,0.1369151473045349,0.13218079507350922,241.70150756835938,263.3323974609375,0.9749929904937744,2021
ISMN_REMEDHUS_CasaPeriles,0.12986545264720917,0.12412066757678986,242.48512268066406,264.2518615722656,0.9655585289001465,2021
ISMN_REMEDHUS_LasVictorias,0.13342028856277466,0.12736859917640686,242.57765197753906,263.931396484375,1.010824203491211,2021
ISMN_REMEDHUS_LasBrozas,0.13342028856277466,0.12736859917640686,242.57765197753906,263.931396484375,1.010824203491211,2021
ISMN_REMEDHUS_Paredinas,0.13342028856277466,0.12736859917640686,242.57765197753906,263.931396484375,1.010824203491211,2021
ISMN_SMOSMANIA_Urgons,0.2348509132862091,0.2356427162885666,243.9592742919922,257.7953796386719,2.686940908432007,2021
ISMN_SMOSMANIA_CreondArmagnac,0.22963155806064606,0.23401318490505219,250.26950073242188,260.88018798828125,6.727546215057373,2021
ISMN_SMOSMANIA_Sabres,0.21190038323402405,0.20905861258506775,253.23439025878906,262.3249816894531,4.231338977813721,2021
ISMN_FR_Aqui_fraye,0.25699102878570557,0.24895785748958588,250.8955078125,260.8112487792969,7.211348533630371,2021
ISMN_FR_Aqui_hillan2,0.25458770990371704,0.24624139070510864,251.15257263183594,261.09722900390625,7.017457962036133,2021
ISMN_FR_Aqui_parcmeteo,0.24581122398376465,0.23707878589630127,246.37269592285156,258.4699401855469,4.868067741394043,2021
ISMN_XMS-CAT_RiberadeSio,0.1668720245361328,0.171447291970253,245.61422729492188,264.6639404296875,1.900451421737671,2021
ISMN_XMS-CAT_ElMiracle,0.17601768672466278,0.18883967399597168,251.7647247314453,265.47503662109375,2.361203670501709,2021
ISMN_XMS-CAT_Clarella,0.17091934382915497,0.2046753615140915,258.3725891113281,266.6248474121094,8.410562515258789,2021
ISMN_XMS-CAT_LosCoscolls,0.1956869214773178,0.21456250548362732,253.09002685546875,263.122802734375,3.4348642826080322,2021
ISMN_XMS-CAT_CamidelsNerets,0.19050458073616028,0.206051304936409,252.63748168945312,263.0174255371094,2.9126336574554443,2021
ISMN_XMS-CAT_ClotdelesPeresII,0.19028900563716888,0.2063276618719101,252.52682495117188,262.99176025390625,3.066222906112671,2021
ISMN_XMS-CAT_ColldePaller,0.2145491987466812,0.24267050623893738,254.14109802246094,262.82745361328125,5.722544193267822,2021
ISMN_XMS-CAT_SerradeCostaAmpla,0.2052813023328781,0.22481387853622437,252.89801025390625,261.9030456542969,3.9948341846466064,2021
ISMN_XMS-CAT_Pessonada,0.20694415271282196,0.22904612123966217,253.32876586914062,261.99139404296875,4.396029949188232,2021
ISMN_XMS-CAT_ElBoixer,0.2190171629190445,0.24685701727867126,252.71412658691406,259.4313659667969,4.783944129943848,2021
ISMN_XMS-CAT_BordaColl,0.22868962585926056,0.2665103077888489,255.69036865234375,261.31134033203125,8.753448486328125,2021
ISMN_XMS-CAT_BatlliudeSort,0.2274753600358963,0.26397642493247986,253.73007202148438,260.0263671875,6.592400550842285,2021
ISMN_XMS-CAT_Llivia,0.18915848433971405,0.226313978433609,252.86817932128906,259.6495361328125,5.2460126876831055,2021
ISMN_XMS-CAT_LaCultiadAreu,0.2155427187681198,0.2540605068206787,255.3486328125,259.9251708984375,7.43662691116333,2021
ISMN_SMOSMANIA_Mouthoumet,0.23491361737251282,0.2446429431438446,255.70619201660156,264.87890625,8.862977981567383,2021
ISMN_SMOSMANIA_Narbonne,0.17493093013763428,0.17967002093791962,251.2650146484375,265.3428649902344,2.1493148803710938,2021
ISMN_SMOSMANIA_LezignanCorbieres,0.19011232256889343,0.19273804128170013,252.9090118408203,264.17578125,4.596731662750244,2021
ISMN_SMOSMANIA_Montaut,0.217553973197937,0.21901646256446838,241.49766540527344,258.7935791015625,1.9424337148666382,2021
ISMN_SMOSMANIA_Prades-le-Lez,0.1774533987045288,0.1851988583803177,250.36221313476562,264.75555419921875,2.6328365802764893,2021
ISMN_SMOSMANIA_Pezenas,0.1774533987045288,0.1851988583803177,250.36221313476562,264.75555419921875,2.6328365802764893,2021
ISMN_SMOSMANIA_Lahas,0.23110836744308472,0.23073431849479675,238.62905883789062,257.3070068359375,1.8792084455490112,2021
ISMN_SMOSMANIA_PeyrusseGrande,0.2456056773662567,0.2460525780916214,239.84754943847656,256.7450256347656,2.21378755569458,2021
ISMN_SMOSMANIA_Villevielle,0.22548815608024597,0.23162855207920074,243.84788513183594,260.31317138671875,3.2991161346435547,2021
ISMN_SMOSMANIA_Savenes,0.23192770779132843,0.2274928092956543,238.46014404296875,256.6415710449219,1.9458277225494385,2021
ISMN_SMOSMANIA_Condom,0.2386447638273239,0.239562526345253,240.70472717285156,257.68212890625,2.626863479614258,2021
ISMN_SMOSMANIA_Mejannes-le-Clap,0.22056400775909424,0.221182182431221,251.64263916015625,263.2078857421875,5.854541301727295,2021
ISMN_SMOSMANIA_LaGrandCombe,0.23504167795181274,0.2522812485694885,254.1953887939453,262.4833984375,8.112737655639648,2021
ISMN_SMOSMANIA_Berzeme,0.22975969314575195,0.23345902562141418,250.89385986328125,261.2333984375,6.379025936126709,2021
ISMN_SMOSMANIA_Barnas,0.2419871985912323,0.27053627371788025,253.20068359375,260.48675537109375,9.865008354187012,2021
ISMN_SMOSMANIA_Mazan-Abbaye,0.24548423290252686,0.2779473662376404,251.627197265625,259.41778564453125,10.008548736572266,2021
ISMN_SMOSMANIA_CabrieresdAvignon,0.1983577460050583,0.20048463344573975,250.78695678710938,263.6773681640625,4.052483558654785,2021
ISMN_STEMS_CarpenetopermanentGrassCoverTrackposition,0.23588545620441437,0.23780231177806854,249.54049682617188,260.8171691894531,6.1442060470581055,2021
ISMN_STEMS_CarpenetopermanentGrassCoverNoTrackposition,0.23588545620441437,0.23780231177806854,249.54049682617188,260.8171691894531,6.1442060470581055,2021
ISMN_RSMN_RosioriideVede,0.2069188803434372,0.20177504420280457,236.6708526611328,257.4872741699219,1.8264646530151367,2021
ISMN_RSMN_Bacles,0.21237923204898834,0.2133427858352661,243.05007934570312,258.71826171875,2.5530595779418945,2021
ISMN_WATERLINE_Kerasia,0.22542870044708252,0.23087599873542786,248.26600646972656,260.6180114746094,4.692957878112793,2021
ISMN_WATERLINE_Nymfaia,0.2199573516845703,0.22645613551139832,247.6910858154297,260.68328857421875,4.3973708152771,2021
ISMN_RSMN_Calarasi,0.22604206204414368,0.22232480347156525,235.47512817382812,255.29676818847656,2.1035449504852295,2021
ISMN_ROMPS_Kokomeren,0.17649634182453156,0.1924503743648529,250.4274139404297,258.5796203613281,0.3605067729949951,2021
ISMN_ROMPS_Maydantal,0.13047552108764648,0.15508808195590973,254.9819793701172,262.77313232421875,0.29352906346321106,2021
ISMN_ROMPS_GolubinGlacier,0.17480537295341492,0.2140190452337265,246.61573791503906,254.83811950683594,0.520410418510437,2021
ISMN_SNOTEL_ClackamasLake,0.3038344383239746,0.31882911920547485,252.4818878173828,258.9957580566406,13.512371063232422,2021
ISMN_SNOTEL_Fifteenmile,0.2363770455121994,0.25437629222869873,253.57676696777344,259.7497253417969,12.518013954162598,2021
ISMN_SNOTEL_BlazedAlder,0.32623761892318726,0.3361667990684509,254.45794677734375,259.1216735839844,14.201062202453613,2021
ISMN_SNOTEL_BurntMountain,0.3144681751728058,0.31051522493362427,252.24142456054688,257.8800048828125,13.141566276550293,2021
ISMN_SNOTEL_Trough,0.14227822422981262,0.15108181536197662,249.82423400878906,262.1334533691406,5.091643333435059,2021
ISMN_USCRN_Quinault-4-NE,0.6698009967803955,0.6570941209793091,248.54104614257812,253.12449645996094,14.51191520690918,2021
ISMN_SNOTEL_Buckinghorse,0.35316842794418335,0.396287202835083,255.7645263671875,258.51470947265625,12.339463233947754,2021
ISMN_SNOTEL_BrownTop,0.32911416888237,0.375395804643631,254.99057006835938,257.6043395996094,10.519243240356445,2021
ISMN_SNOTEL_Touchet,0.1713666319847107,0.18348917365074158,253.6992645263672,261.6745910644531,8.988677978515625,2021
ISMN_SNOTEL_SourdoughGulch,0.1494574248790741,0.15904298424720764,252.66725158691406,262.76947021484375,5.3007731437683105,2021
ISMN_SNOTEL_PierceR.S.,0.32079705595970154,0.34722086787223816,252.6131134033203,258.5938720703125,13.387248992919922,2021
ISMN_SNOTEL_CraterMeadows,0.3472343981266022,0.39044389128685,255.19671630859375,259.0935974121094,13.23453426361084,2021
ISMN_SNOTEL_ShanghiSummit,0.3293343782424927,0.3566088080406189,253.35000610351562,258.7931213378906,13.565004348754883,2021
ISMN_SNOTEL_Sherwin,0.2971500754356384,0.3251326084136963,252.67787170410156,258.8144836425781,13.744067192077637,2021
ISMN_SCAN_Lind#1,0.10383155941963196,0.12634365260601044,252.62115478515625,267.9635314941406,0.42534372210502625,2021
ISMN_SNOTEL_MicaCreek,0.2915014326572418,0.3201873302459717,252.8809051513672,258.8005065917969,13.369926452636719,2021
ISMN_USCRN_Spokane-17-SSW,0.15638583898544312,0.16099010407924652,243.4913787841797,260.325439453125,2.5849757194519043,2021
ISMN_SNOTEL_Lookout,0.31832993030548096,0.36328741908073425,255.53067016601562,259.62408447265625,12.979706764221191,2021
ISMN_SNOTEL_Sunset,0.3109862506389618,0.3582918047904968,255.45822143554688,259.6679992675781,13.0725679397583,2021
ISMN_SNOTEL_RaggedMountain,0.19555296003818512,0.20367202162742615,248.73533630371094,260.2197570800781,9.659904479980469,2021
ISMN_SNOTEL_MosesMtn,0.16626787185668945,0.18982400000095367,250.7372589111328,261.05609130859375,9.330133438110352,2021
ISMN_SNOTEL_GoldAxeCamp,0.16660332679748535,0.1902068853378296,253.494140625,261.5135803222656,9.913440704345703,2021
ISMN_SCAN_TableMountain,0.11997368931770325,0.13352636992931366,242.04507446289062,261.1112365722656,0.4170410633087158,2021
ISMN_SNOTEL_SavagePass,0.30654409527778625,0.36430615186691284,253.03717041015625,257.9384765625,11.985309600830078,2021
ISMN_SCAN_ConradAgRc,0.10336988419294357,0.12388557940721512,247.1587677001953,264.6794738769531,0.41832613945007324,2021
ISMN_SCAN_Violett,0.10113842785358429,0.1208646297454834,247.69552612304688,265.3305969238281,0.24845756590366364,2021
ISMN_SCAN_Moccasin,0.12710924446582794,0.15113957226276398,242.43861389160156,261.50457763671875,0.4934694170951843,2021
ISMN_SCAN_Jordan,0.10013765096664429,0.10842977464199066,248.89642333984375,266.656005859375,0.3377057611942291,2021
ISMN_SCAN_Mandan#1,0.1643611043691635,0.17585334181785583,236.01446533203125,258.2940673828125,1.2705879211425781,2021
ISMN_SCAN_Sidney,0.1258171945810318,0.1378360241651535,242.3043212890625,262.37933349609375,0.5534371733665466,2021
ISMN_SCAN_CrescentLake#1,0.19676679372787476,0.19815006852149963,240.328857421875,256.3873596191406,2.387507200241089,2021
ISMN_SCAN_Wabeno#1,0.3484708070755005,0.37684813141822815,252.88296508789062,259.0337829589844,11.715911865234375,2021
ISMN_USCRN_Chatham-1-SE,0.37168362736701965,0.35337263345718384,250.05990600585938,256.4988098144531,11.271871566772461,2021
ISMN_LABFLUX_Bussolenobosco,0.2288871854543686,0.27530550956726074,251.50051879882812,257.2922668457031,5.517160892486572,2021
ISMN_RSMN_Banloc,0.22485092282295227,0.21419818699359894,232.4847869873047,254.3711700439453,1.9909123182296753,2021
ISMN_RSMN_Dumbraveni,0.2673625946044922,0.27458420395851135,239.3294219970703,252.75999450683594,4.577153205871582,2021
ISMN_RSMN_Oradea,0.23337595164775848,0.22790543735027313,234.51300048828125,253.29994201660156,2.980351448059082,2021
ISMN_RSMN_Tecuci,0.18571564555168152,0.18368294835090637,239.62388610839844,258.9429931640625,1.6525899171829224,2021
ISMN_RSMN_Barlad,0.19398224353790283,0.19276809692382812,240.5824737548828,258.4602355957031,1.898868441581726,2021
ISMN_RSMN_Cotnari,0.22108015418052673,0.22277672588825226,235.6763458251953,254.56024169921875,1.8618735074996948,2021
ISMN_RSMN_Darabani,0.21245723962783813,0.21501797437667847,237.60003662109375,255.8041534423828,2.2371065616607666,2021
ISMN_COSMOS-UK_Fivemiletown,0.3532852828502655,0.36391234397888184,237.6437530517578,248.76539611816406,3.175363540649414,2021
ISMN_COSMOS-UK_PortonDown,0.2487799972295761,0.25086355209350586,232.42303466796875,252.08221435546875,3.0304856300354004,2021
ISMN_COSMOS-UK_AliceHolt,0.2386212944984436,0.24435028433799744,239.72433471679688,256.58233642578125,6.818930625915527,2021
ISMN_COSMOS-UK_Heytesbury,0.26268312335014343,0.26412731409072876,231.12725830078125,250.59771728515625,2.7852537631988525,2021
ISMN_COSMOS-UK_Sheepdrove,0.26580899953842163,0.2627575099468231,227.2985382080078,249.12059020996094,2.584726333618164,2021
ISMN_COSMOS-UK_Waddesdon,0.26814979314804077,0.25460270047187805,227.86224365234375,249.52699279785156,3.0541248321533203,2021
ISMN_COSMOS-UK_Cardington,0.22967204451560974,0.2219812124967575,227.88864135742188,252.05958557128906,2.419731855392456,2021
ISMN_COSMOS-UK_MoretonMorrell,0.2695651054382324,0.2567138671875,226.30918884277344,248.52015686035156,2.655637502670288,2021
ISMN_COSMOS-UK_Stoughton,0.2554517388343811,0.24322479963302612,226.53134155273438,249.51051330566406,2.896212339401245,2021
ISMN_COSMOS-UK_BunnyPark,0.24178533256053925,0.22542713582515717,228.48680114746094,250.78298950195312,3.03338623046875,2021
ISMN_COSMOS-UK_SpenFarm,0.21831189095973969,0.22422143816947937,229.39454650878906,252.25119018554688,2.6636621952056885,2021
ISMN_COSMOS-UK_HollinHill,0.2591494917869568,0.25834429264068604,226.20407104492188,248.04783630371094,3.0227084159851074,2021
ISMN_COSMOS-UK_LullingtonHeath,0.2821093499660492,0.2780333459377289,232.70603942871094,249.7417755126953,2.3920962810516357,2021
ISMN_COSMOS-UK_Redhill,0.20392990112304688,0.18190838396549225,236.3495635986328,256.610595703125,3.301093816757202,2021
ISMN_COSMOS-UK_Writtle,0.20874978601932526,0.19307014346122742,231.417724609375,255.2847900390625,2.6623616218566895,2021
ISMN_COSMOS-UK_Elmsett,0.23235805332660675,0.22889533638954163,228.34458923339844,251.08001708984375,2.339855194091797,2021
ISMN_COSMOS-UK_Euston,0.23140786588191986,0.22513651847839355,231.24160766601562,252.28343200683594,3.4921414852142334,2021
ISMN_COSMOS-UK_Redmere,0.2401021271944046,0.2368183732032776,227.22589111328125,250.1224822998047,2.549588203430176,2021
ISMN_COSMOS-UK_Morley,0.22838003933429718,0.22585903108119965,230.71844482421875,251.9971466064453,2.530921697616577,2021
ISMN_COSMOS-UK_Fincham,0.23672303557395935,0.2357952892780304,228.51104736328125,250.7955780029297,3.209397792816162,2021
ISMN_TERENO_Schoeneseiffen,0.3213047981262207,0.32478460669517517,239.96876525878906,253.29208374023438,9.714244842529297,2021
ISMN_TERENO_Merzenhausen,0.24453505873680115,0.2296667993068695,232.18966674804688,251.4932861328125,4.187443256378174,2021
ISMN_TWENTE_Hupsel,0.2594054937362671,0.25474080443382263,230.39480590820312,247.81813049316406,3.627563953399658,2021
ISMN_TWENTE_ITCSM-08b,0.25380587577819824,0.24921689927577972,230.7477569580078,248.3650665283203,3.8348255157470703,2021
ISMN_TWENTE_ITCSM-09,0.24494248628616333,0.24185197055339813,231.1326446533203,248.90518188476562,3.7941160202026367,2021
ISMN_TWENTE_ITCSM-13,0.28600940108299255,0.28300243616104126,229.79086303710938,246.8102569580078,4.275485992431641,2021
ISMN_TWENTE_ITCSM-15b,0.3005000948905945,0.2975851893424988,228.197265625,245.69943237304688,4.565447807312012,2021
ISMN_TWENTE_ITCSM-16b,0.30698642134666443,0.3075467646121979,228.14247131347656,245.46876525878906,4.628994941711426,2021
ISMN_TWENTE_ITCSM-17c,0.3105839192867279,0.30789634585380554,226.71754455566406,244.5104522705078,4.578707695007324,2021
ISMN_MOL-RAO_Falkenberg,0.22053492069244385,0.2306397259235382,244.6343231201172,257.463134765625,7.92946195602417,2021
ISMN_Berlin_PSA17suedpark,0.20370523631572723,0.1879439353942871,241.85223388671875,256.49658203125,4.968146800994873,2021
ISMN_Berlin_PSA7Ruebezahl,0.2114972323179245,0.19930928945541382,242.36569213867188,256.706787109375,6.078153133392334,2021
ISMN_Berlin_PSA18Pfaueninsel,0.2361418604850769,0.2243315428495407,239.84703063964844,255.2578887939453,7.198466777801514,2021
ISMN_Berlin_PSA1BerlinerStr,,,240.7677764892578,255.9612579345703,5.464939117431641,2021
ISMN_Berlin_PSA6Plaenterwald,,,241.4318084716797,256.3155822753906,4.406558036804199,2021
ISMN_Berlin_PSA4Heerstrasse,0.22570937871932983,0.21090349555015564,240.40647888183594,255.66168212890625,6.402019023895264,2021
ISMN_Berlin_PflABerlin12Schi,,,241.4318084716797,256.3155822753906,4.406558036804199,2021
ISMN_Berlin_PSA2Tiergarten,,,241.07228088378906,256.1822814941406,4.550937652587891,2021
ISMN_Berlin_PflABerlin13Marz,0.20370523631572723,0.1879439353942871,241.85223388671875,256.49658203125,4.968146800994873,2021
ISMN_Berlin_PflABerlin11Humb,,,241.07228088378906,256.1822814941406,4.550937652587891,2021
ISMN_Berlin_PSA16krugwiesen,0.20729345083236694,0.19371499121189117,242.19985961914062,256.7462158203125,5.7785539627075195,2021
ISMN_Berlin_PSA15bucherchaus,0.2126113772392273,0.19566397368907928,241.81402587890625,256.5541076660156,5.895097255706787,2021
ISMN_Berlin_PSA14wiltinger,0.21899814903736115,0.20767177641391754,241.4740447998047,255.77976989746094,6.192324638366699,2021
ISMN_SNOTEL_McneilRiverSGS,0.27126938104629517,0.2858973741531372,243.25413513183594,254.19500732421875,1.8438997268676758,2021
ISMN_SNOTEL_PortGraham,,,80.59001159667969,118.53392791748047,8.693829536437988,2021
ISMN_SNOTEL_NukaGlacier,0.19108670949935913,0.21980543434619904,250.11744689941406,257.7957763671875,3.217501163482666,2021
ISMN_SNOTEL_AnchorRiverDivide,0.14743024110794067,0.17614027857780457,252.5984649658203,259.2336730957031,2.565497875213623,2021
ISMN_SNOTEL_MooreCreekBridge,0.23415955901145935,0.2584913969039917,249.7288360595703,255.41188049316406,1.9238173961639404,2021
ISMN_COSMOS-UK_HartwoodHome,0.2573525905609131,0.25376418232917786,237.53121948242188,251.3833465576172,2.848869800567627,2021
ISMN_COSMOS-UK_Cochno,0.24945537745952606,0.2497166395187378,240.0343780517578,252.93411254882812,3.2871673107147217,2021
ISMN_COSMOS-UK_Balruddery,0.24451421201229095,0.2466590851545334,227.4086151123047,248.1028594970703,2.7955193519592285,2021
ISMN_HOBE_2.01,0.23680619895458221,0.2394784688949585,234.69532775878906,251.9258270263672,3.716658592224121,2021
ISMN_HOBE_2.11,0.2375999540090561,0.24030271172523499,234.2615203857422,251.6761016845703,3.717266321182251,2021
ISMN_HOBE_1.07,0.23776377737522125,0.24080699682235718,235.4947967529297,252.09829711914062,4.416725158691406,2021
ISMN_SNOTEL_Aniak,0.2631029188632965,0.2779315114021301,245.6902618408203,254.51841735839844,1.8541167974472046,2021
ISMN_SNOTEL_McGrath,0.18940837681293488,0.20288318395614624,252.34417724609375,258.8789367675781,2.544844388961792,2021
ISMN_SNOTEL_GalenaAK,0.29872557520866394,0.33031919598579407,247.5839080810547,254.675048828125,2.631253957748413,2021
ISMN_SNOTEL_KenaiMoosePens,0.38931894302368164,0.39241769909858704,247.50088500976562,255.76422119140625,9.480344772338867,2021
ISMN_SNOTEL_TelaquanaLake,0.19551335275173187,0.2244293987751007,254.20758056640625,258.7308044433594,2.441577196121216,2021
ISMN_SNOTEL_SusitnaValleyHigh,0.30473384261131287,0.3152615427970886,251.60736083984375,258.38909912109375,5.471827030181885,2021
ISMN_SNOTEL_TokositnaValley,0.2418769896030426,0.25191253423690796,249.5856475830078,256.4179382324219,2.39802885055542,2021
ISMN_SNOTEL_ExitGlacier,0.15647363662719727,0.1737571656703949,252.15818786621094,259.02545166015625,1.6268210411071777,2021
ISMN_SNOTEL_SummitCreek,0.2174396812915802,0.24622836709022522,254.01817321777344,258.31939697265625,2.9152586460113525,2021
ISMN_SNOTEL_UpperTsainaRiver,0.19548162817955017,0.21309101581573486,250.50430297851562,256.3194580078125,0.6620259284973145,2021
ISMN_SNOTEL_SpringCreek,0.20475880801677704,0.2252890169620514,252.4636688232422,258.5511169433594,4.821498870849609,2021
ISMN_SNOTEL_GulkanaRiver,0.18033896386623383,0.19854490458965302,251.89114379882812,258.2919006347656,3.18713641166687,2021
ISMN_SNOTEL_FieldingLake,0.1911119520664215,0.21636679768562317,249.2314453125,256.7832946777344,1.5307118892669678,2021
ISMN_SNOTEL_GraniteCrk,0.17068591713905334,0.19557887315750122,254.7041778564453,261.33575439453125,5.542388916015625,2021
ISMN_SNOTEL_Chisana,0.17671622335910797,0.2060042917728424,249.60775756835938,255.62619018554688,1.206385612487793,2021
ISMN_SNOTEL_Tok,0.14043179154396057,0.1665717214345932,256.6990966796875,261.3867492675781,4.4754743576049805,2021
ISMN_SNOTEL_JackWadeJct,0.12003661692142487,0.14645612239837646,257.8498840332031,262.2986145019531,2.758521318435669,2021
ISMN_SNOTEL_KellyStation,0.2130410373210907,0.2277960181236267,246.0780792236328,255.12411499023438,1.2091994285583496,2021
ISMN_SNOTEL_GobblersKnob,0.15194810926914215,0.17340117692947388,252.36854553222656,259.48779296875,1.8061590194702148,2021
ISMN_SNOTEL_Coldfoot,0.16343849897384644,0.18945898115634918,253.16297912597656,258.5718994140625,1.658073902130127,2021
ISMN_SNOTEL_Mt.Ryan,0.1222020611166954,0.15435291826725006,256.1978759765625,262.0111999511719,1.9727482795715332,2021
ISMN_SNOTEL_UpperNomeCreek,0.12425816059112549,0.1527787297964096,255.63284301757812,261.6680908203125,1.6365602016448975,2021
ISMN_SNOTEL_EagleSummit,0.1143927201628685,0.14313027262687683,255.9988555908203,261.86895751953125,1.7225329875946045,2021
ISMN_SNOTEL_ImnaviatCreek,0.1840531975030899,0.20762506127357483,245.79139709472656,254.9517364501953,1.0285240411758423,2021
ISMN_FMI_SOD130,0.2731611430644989,0.2724508047103882,244.90687561035156,253.62203979492188,3.4442036151885986,2021
ISMN_FMI_SOD073,0.30952540040016174,0.30334874987602234,243.0194854736328,252.2711639404297,3.4703474044799805,2021
ISMN_FMI_SOD071,0.30952540040016174,0.30334874987602234,243.0194854736328,252.2711639404297,3.4703474044799805,2021
ISMN_FMI_SOD072,0.30952540040016174,0.30334874987602234,243.0194854736328,252.2711639404297,3.4703474044799805,2021
ISMN_FMI_SOD103,0.30952540040016174,0.30334874987602234,243.0194854736328,252.2711639404297,3.4703474044799805,2021
ISMN_FMI_SOD101,0.30952540040016174,0.30334874987602234,243.0194854736328,252.2711639404297,3.4703474044799805,2021
ISMN_FMI_SOD102,0.30952540040016174,0.30334874987602234,243.0194854736328,252.2711639404297,3.4703474044799805,2021
ISMN_FMI_SOD012,0.2856076955795288,0.2821425497531891,243.7233428955078,252.84707641601562,3.4535763263702393,2021
ISMN_FMI_SOD011,0.2856076955795288,0.2821425497531891,243.7233428955078,252.84707641601562,3.4535763263702393,2021
ISMN_FMI_SOD013,0.2856076955795288,0.2821425497531891,243.7233428955078,252.84707641601562,3.4535763263702393,2021
ISMN_FMI_SOD081,0.2856076955795288,0.2821425497531891,243.7233428955078,252.84707641601562,3.4535763263702393,2021
ISMN_FMI_SOD083,0.2856076955795288,0.2821425497531891,243.7233428955078,252.84707641601562,3.4535763263702393,2021
ISMN_LAB-net_OromoCalibrationSite,0.35022374987602234,0.3482809066772461,235.9739990234375,250.6181182861328,5.600095748901367,2022
ISMN_COSMOS_KLEE,0.13944564759731293,0.12774954736232758,250.52001953125,273.0307922363281,0.6081467270851135,2022
ISMN_AMMA-CATCH_Banizoumbou,0.05206935480237007,0.050831012427806854,264.0456848144531,289.3058166503906,0.5174674391746521,2022
ISMN_AMMA-CATCH_Tondikiboro,0.04834285005927086,0.04711974412202835,264.8378601074219,289.7918395996094,0.5811864733695984,2022
ISMN_SD_DEM_Demokeya,0.033464882522821426,0.03583420440554619,270.4430847167969,292.1674499511719,0.576459527015686,2022
ISMN_SCAN_Combate,,,261.56500244140625,270.79388427734375,4.046523571014404,2022
ISMN_SCAN_Fortuna,0.4997221827507019,0.4997221827507019,77.38526153564453,116.03337860107422,7.275188446044922,2022
ISMN_SCAN_MaricaoForest,0.3472381830215454,0.38009321689605713,264.2624206542969,271.2628479003906,11.60563850402832,2022
ISMN_USCRN_Panther-Junction-2-N,0.11428491026163101,0.10428325086832047,258.0486755371094,276.043701171875,0.30976206064224243,2022
ISMN_SCAN_Uvalde,0.1467423290014267,0.12972097098827362,256.6455078125,274.4043884277344,0.8811251521110535,2022
ISMN_SCAN_EvergladesARS,0.4247261881828308,0.4222355782985687,179.82826232910156,216.37579345703125,2.6308796405792236,2022
ISMN_USCRN_Everglades-City-5-NE,0.3320646286010742,0.3394426703453064,224.62893676757812,245.27944946289062,4.499922275543213,2022
ISMN_SCAN_SellersLake#1,0.29430416226387024,0.2864217162132263,250.1087188720703,263.86541748046875,7.501427173614502,2022
ISMN_USCRN_Fallbrook-5-NE,0.13583870232105255,0.1287342756986618,256.1238708496094,270.0238037109375,1.4853512048721313,2022
ISMN_USCRN_Santa-Barbara-11-W,,,77.03059387207031,116.43791198730469,3.1206164360046387,2022
ISMN_SCAN_Stubblefield,0.11157772690057755,0.10701670497655869,255.2715301513672,271.6980895996094,0.6972953677177429,2022
ISMN_SNOTEL_BakerButteSmt,0.18819643557071686,0.1856500655412674,252.66085815429688,262.93072509765625,4.1516218185424805,2022
ISMN_SNOTEL_BakerButte,0.18819643557071686,0.1856500655412674,252.66085815429688,262.93072509765625,4.1516218185424805,2022
ISMN_SNOTEL_BarM,0.18065869808197021,0.19260232150554657,249.6675567626953,261.7590637207031,5.2031025886535645,2022
ISMN_SNOTEL_MormonMtnSummit,0.16304031014442444,0.17613041400909424,248.5170135498047,261.93829345703125,4.015300273895264,2022
ISMN_SCAN_AdamsRanch#1,0.09311673045158386,0.08688165247440338,250.543701171875,273.0921630859375,0.2605057656764984,2022
ISMN_SCAN_JornadaExpRange,0.09645494073629379,0.0889546349644661,252.20565795898438,273.1104736328125,0.33529308438301086,2022
ISMN_USCRN_Las-Cruces-20-N,0.09712499380111694,0.08843570202589035,251.71279907226562,273.13555908203125,0.23729221522808075,2022
ISMN_SNOTEL_HawleyLake,0.23739340901374817,0.2587098181247711,250.13345336914062,259.43341064453125,10.000609397888184,2022
ISMN_SNOTEL_Baldy,0.20925366878509521,0.22088557481765747,246.53419494628906,257.9320068359375,7.964929580688477,2022
ISMN_USCRN_Socorro-20-N,0.11283757537603378,0.10763236880302429,247.4705352783203,268.1378479003906,0.19354522228240967,2022
ISMN_SCAN_Sevilleta,0.10764585435390472,0.10529281198978424,248.6549835205078,269.0498962402344,0.2313152253627777,2022
ISMN_SCAN_SanAngelo,0.14865320920944214,0.13188382983207703,248.57363891601562,269.15643310546875,0.7004400491714478,2022
ISMN_USCRN_Monahans-6-ENE,0.06431231647729874,0.0647323951125145,258.4583740234375,279.45794677734375,0.35688066482543945,2022
ISMN_USCRN_Bronte-11-NNE,0.13944695889949799,0.1329454481601715,249.25021362304688,269.260986328125,0.6535129547119141,2022
ISMN_SCAN_WillowWells,0.07304016500711441,0.0719919428229332,254.8661346435547,275.4159851074219,0.41980722546577454,2022
ISMN_SCAN_Levelland,0.09772836416959763,0.08111066371202469,252.44833374023438,273.0537414550781,0.5045335292816162,2022
ISMN_SCAN_ReeseCenter,0.11244107037782669,0.0897025316953659,248.53903198242188,270.4969787597656,0.6783157587051392,2022
ISMN_SCAN_Lehman,0.08855795115232468,0.07855972647666931,254.22564697265625,274.3807373046875,0.4925553798675537,2022
ISMN_USCRN_Muleshoe-19-S,0.08890125900506973,0.08534229546785355,254.21090698242188,274.3909606933594,0.3663881719112396,2022
ISMN_SCAN_PrairieView#1,0.21820645034313202,0.2251868098974228,244.4307098388672,262.1397705078125,2.280805826187134,2022
ISMN_TxSON_LCRA-7,0.16253125667572021,0.16509148478507996,252.34210205078125,268.8102722167969,0.9942609667778015,2022
ISMN_TxSON_LCRA-3,0.1617089956998825,0.16767911612987518,252.34725952148438,269.3079833984375,1.0021276473999023,2022
ISMN_TxSON_CR200-23,0.1617089956998825,0.16767911612987518,252.34725952148438,269.3079833984375,1.0021276473999023,2022
ISMN_TxSON_CR200-12,0.16181477904319763,0.16368062794208527,252.49864196777344,269.0606689453125,0.9886952638626099,2022
ISMN_TxSON_CR200-11,0.16140905022621155,0.16491280496120453,252.6297149658203,269.3331604003906,1.003142237663269,2022
ISMN_TxSON_CR200-7,0.1617089956998825,0.16767911612987518,252.34725952148438,269.3079833984375,1.0021276473999023,2022
ISMN_TxSON_CR200-5,0.15674619376659393,0.1600969135761261,253.2925262451172,269.90069580078125,1.0086359977722168,2022
ISMN_TxSON_CR200-6,0.15789036452770233,0.16242606937885284,253.02426147460938,269.7735900878906,1.0193917751312256,2022
ISMN_TxSON_CR1000-2,0.15789036452770233,0.16242606937885284,253.02426147460938,269.7735900878906,1.0193917751312256,2022
ISMN_TxSON_CR200-18,0.15789036452770233,0.16242606937885284,253.02426147460938,269.7735900878906,1.0193917751312256,2022
ISMN_TxSON_CR200-25,0.15789036452770233,0.16242606937885284,253.02426147460938,269.7735900878906,1.0193917751312256,2022
ISMN_TxSON_CR200-15,0.15789036452770233,0.16242606937885284,253.02426147460938,269.7735900878906,1.0193917751312256,2022
ISMN_TxSON_CR200-24,0.15789036452770233,0.16242606937885284,253.02426147460938,269.7735900878906,1.0193917751312256,2022
ISMN_TxSON_CR200-17,0.15674619376659393,0.1600969135761261,253.2925262451172,269.90069580078125,1.0086359977722168,2022
ISMN_TxSON_CR1000-3,0.15674619376659393,0.1600969135761261,253.2925262451172,269.90069580078125,1.0086359977722168,2022
ISMN_TxSON_CR200-8,0.15789036452770233,0.16242606937885284,253.02426147460938,269.7735900878906,1.0193917751312256,2022
ISMN_TxSON_CR200-16,0.15674619376659393,0.1600969135761261,253.2925262451172,269.90069580078125,1.0086359977722168,2022
ISMN_TxSON_CR200-2,0.15674619376659393,0.1600969135761261,253.2925262451172,269.90069580078125,1.0086359977722168,2022
ISMN_TxSON_CR200-10,0.15674619376659393,0.1600969135761261,253.2925262451172,269.90069580078125,1.0086359977722168,2022
ISMN_TxSON_CR1000-5,0.15448805689811707,0.1587759554386139,253.7244415283203,270.3398742675781,1.0972367525100708,2022
ISMN_TxSON_LCRA-1,0.15116745233535767,0.15540871024131775,254.41258239746094,270.9117736816406,1.1899816989898682,2022
ISMN_TxSON_CR1000-4,0.1466745287179947,0.15154190361499786,254.4539794921875,271.00494384765625,1.0278760194778442,2022
ISMN_USCRN_Austin-33-NW,0.18571795523166656,0.18304026126861572,249.38209533691406,266.759033203125,1.3655213117599487,2022
ISMN_SCAN_Stephenville,0.16015826165676117,0.16551446914672852,247.42955017089844,267.103271484375,1.0033791065216064,2022
ISMN_SCAN_KnoxCity,0.12565116584300995,0.12061376869678497,250.2393341064453,271.07232666015625,0.7370577454566956,2022
ISMN_USCRN_Lafayette-13-SE,0.3295251131057739,0.3222324550151825,232.03778076171875,250.70899963378906,3.475099802017212,2022
ISMN_SCAN_Onward,0.326693594455719,0.3292781710624695,227.66477966308594,247.48143005371094,5.109247207641602,2022
ISMN_SCAN_Mayday,0.30953529477119446,0.3106845021247864,233.1433563232422,250.780517578125,3.7838475704193115,2022
ISMN_USCRN_Monroe-26-N,0.3849138021469116,0.38498008251190186,244.43212890625,256.1033020019531,9.40818977355957,2022
ISMN_SCAN_NorthIssaquena,0.2902325689792633,0.2913888394832611,221.93875122070312,246.15345764160156,2.2606632709503174,2022
ISMN_SCAN_Scott,0.3061255216598511,0.3044991195201874,219.57052612304688,244.06796264648438,4.128889083862305,2022
ISMN_SCAN_SandyRidge,0.2843155562877655,0.2868403196334839,212.73533630371094,240.45703125,1.5827620029449463,2022
ISMN_SCAN_Perthshire,0.2968219518661499,0.29905572533607483,217.4398956298828,242.85372924804688,2.822355270385742,2022
ISMN_SCAN_UapbCampus-PB,0.34792113304138184,0.3471038341522217,231.55746459960938,248.42970275878906,5.967433452606201,2022
ISMN_SCAN_UapbDewitt,0.3445679545402527,0.3474249839782715,212.0832977294922,236.81295776367188,2.9957332611083984,2022
ISMN_SCAN_Tunica,0.30819377303123474,0.3133659362792969,216.4400634765625,241.32752990722656,2.8076062202453613,2022
ISMN_SCAN_TncFortBayou,0.21940673887729645,0.2340158373117447,246.93838500976562,262.2176513671875,3.838336944580078,2022
ISMN_SCAN_KoptisFarms,0.1918621063232422,0.2002250701189041,249.81312561035156,264.12640380859375,3.228271722793579,2022
ISMN_SCAN_RiverRoadFarms,0.1986771672964096,0.20700839161872864,247.01449584960938,263.787353515625,3.1130921840667725,2022
ISMN_SCAN_PerdidoRivFarms,0.25457215309143066,0.2570926249027252,250.56521606445312,261.9412841796875,4.737901210784912,2022
ISMN_SCAN_Selma,0.3010459542274475,0.29979777336120605,248.31871032714844,259.0843505859375,5.019740581512451,2022
ISMN_SCAN_SudduthFarms,0.34156134724617004,0.34370702505111694,251.27239990234375,259.59466552734375,8.986078262329102,2022
ISMN_SCAN_Cullman-NAHRC,0.2640744149684906,0.2660408318042755,244.78060913085938,256.55926513671875,4.272576808929443,2022
ISMN_USCRN_Gadsden-19-N,0.2641030550003052,0.2637008726596832,242.3556365966797,255.2499237060547,4.447505474090576,2022
ISMN_SCAN_StanleyFarm,0.25615301728248596,0.2602647542953491,241.5043182373047,255.003662109375,3.9850544929504395,2022
ISMN_SCAN_Hodges,0.24383544921875,0.24796584248542786,242.95556640625,256.23394775390625,4.832088470458984,2022
ISMN_SCAN_AAMU-JTG,0.26349058747291565,0.26059794425964355,239.29989624023438,254.79005432128906,4.639773368835449,2022
ISMN_SCAN_IsbellFarms,0.2785881757736206,0.279077410697937,250.23538208007812,259.9931335449219,8.775980949401855,2022
ISMN_SCAN_BraggFarm,0.2546423375606537,0.2486695796251297,236.811767578125,253.29119873046875,2.90989089012146,2022
ISMN_SCAN_Wtars,0.2597777545452118,0.2588419020175934,238.7053985595703,254.17770385742188,3.8409554958343506,2022
ISMN_SCAN_Wakulla#1,0.31200578808784485,0.32134589552879333,253.36563110351562,264.47259521484375,11.021988868713379,2022
ISMN_USCRN_Brunswick-23-S,,,249.4219207763672,271.4020080566406,5.7355523109436035,2022
ISMN_USCRN_Newton-8-W,0.19233250617980957,0.19824591279029846,248.73231506347656,264.43304443359375,3.778362274169922,2022
ISMN_SCAN_LittleRiver,0.21112875640392303,0.2215067446231842,244.82986450195312,260.7248840332031,2.7560813426971436,2022
ISMN_SCAN_YoumansFarm,0.262260764837265,0.2644864320755005,253.32691955566406,263.5628662109375,7.163938999176025,2022
ISMN_USCRN_Watkinsville-5-SSE,0.2708362638950348,0.27404654026031494,249.87887573242188,260.2763366699219,6.2397966384887695,2022
ISMN_SCAN_Watkinsville#1,0.25440117716789246,0.255007266998291,248.92039489746094,259.7739562988281,4.3037638664245605,2022
ISMN_USCRN_McClellanville-7-NE,0.19963815808296204,0.2058553248643875,244.37274169921875,263.84771728515625,8.099621772766113,2022
ISMN_SCAN_PeeDee,0.2822420001029968,0.28137215971946716,247.94003295898438,260.5565490722656,7.168307781219482,2022
ISMN_NGARI_SQ20,0.08867412805557251,0.08990515023469925,242.30001831054688,258.1065368652344,1.0246712633943389e-07,2022
ISMN_NGARI_SQ21,0.0919579565525055,0.09448447078466415,242.3441162109375,257.58367919921875,0.0007345525082200766,2022
ISMN_NGARI_ALI01,0.12352661788463593,0.12722811102867126,244.01632690429688,256.0296325683594,0.0017113301437348127,2022
ISMN_NGARI_SQ19,0.08711645007133484,0.08975961059331894,242.31781005859375,258.5475158691406,2.2372836610884406e-05,2022
ISMN_NAQU_NQMS,0.21524468064308167,0.2232031226158142,225.16407775878906,248.40066528320312,0.3037503659725189,2022
ISMN_NAQU_NQKema,0.234098881483078,0.24632322788238525,224.1819610595703,246.08001708984375,0.33391445875167847,2022
ISMN_NAQU_NQNorth,0.213251993060112,0.22538763284683228,223.27130126953125,247.05506896972656,0.30219587683677673,2022
ISMN_SCAN_Vallecitos,0.13765642046928406,0.13051551580429077,257.4197082519531,269.7724304199219,1.3489512205123901,2022
ISMN_SCAN_MonoclineRidge,0.14535677433013916,0.1296473741531372,252.58106994628906,268.49853515625,0.9454501271247864,2022
ISMN_FLUXNET-AMERIFLUX_BouldinIslandAlfalfa,0.2481527030467987,0.22582651674747467,232.87454223632812,254.7939910888672,2.1413562297821045,2022
ISMN_FLUXNET-AMERIFLUX_VairaRanch,0.17771849036216736,0.16788475215435028,245.60411071777344,262.9875183105469,1.766974687576294,2022
ISMN_FLUXNET-AMERIFLUX_TonziRanch,0.17771849036216736,0.16788475215435028,245.60411071777344,262.9875183105469,1.766974687576294,2022
ISMN_SNOTEL_CarsonPass,0.15260720252990723,0.18973645567893982,250.8284149169922,258.4901123046875,7.507089614868164,2022
ISMN_SNOTEL_Rubicon#2,0.15467526018619537,0.17881758511066437,253.07125854492188,260.7703857421875,8.36562442779541,2022
ISMN_SNOTEL_WardCreek#3,0.1814316213130951,0.19846636056900024,253.41744995117188,260.3110046386719,10.027466773986816,2022
ISMN_SNOTEL_TahoeCityCross,0.1814316213130951,0.19846636056900024,253.41744995117188,260.3110046386719,10.027466773986816,2022
ISMN_SNOTEL_PalisadesTahoe,0.19650378823280334,0.22958439588546753,252.76914978027344,259.1456604003906,10.198548316955566,2022
ISMN_CW3E_BrownsValleySchool,0.26624032855033875,0.2545863091945648,237.080078125,254.47549438476562,2.49434232711792,2022
ISMN_SNOTEL_Truckee#2,0.16649775207042694,0.1914738118648529,251.55528259277344,259.5419616699219,9.51948070526123,2022
ISMN_CW3E_BoyesCreekCanyon,0.29833778738975525,0.31279876828193665,254.89198303222656,261.7199401855469,7.886378765106201,2022
ISMN_CW3E_PotterValleyNorth,0.2938917279243469,0.3100072741508484,255.03518676757812,262.1373596191406,8.674383163452148,2022
ISMN_SNOTEL_IndependenceLake,0.19817112386226654,0.23904170095920563,251.23095703125,258.31298828125,9.507610321044922,2022
ISMN_SNOTEL_IndependenceCamp,0.18072128295898438,0.21309968829154968,250.87457275390625,258.5575866699219,9.19753646850586,2022
ISMN_SNOTEL_IndependenceCreek,0.18072128295898438,0.21309968829154968,250.87457275390625,258.5575866699219,9.19753646850586,2022
ISMN_CW3E_FeatherRiverCollege,0.2875942289829254,0.3029894232749939,252.56512451171875,258.9801330566406,12.085026741027832,2022
ISMN_SCAN_LovellSummit,0.083932064473629,0.08590317517518997,254.8445281982422,271.52239990234375,0.9562638998031616,2022
ISMN_SNOTEL_LeeCanyon,0.08887950330972672,0.09745372831821442,254.32623291015625,270.6049499511719,1.1591942310333252,2022
ISMN_SNOTEL_BristleconeTrail,0.09202561527490616,0.1018233448266983,254.6253662109375,270.5791320800781,1.2751699686050415,2022
ISMN_SCAN_Charkiln,0.08913242071866989,0.09837707877159119,254.7519989013672,271.314208984375,1.0535584688186646,2022
ISMN_SCAN_PineNut,0.0965004563331604,0.10445255786180496,253.0428466796875,270.6155700683594,0.42999333143234253,2022
ISMN_USCRN_Stovepipe-Wells-1-SW,0.11205711960792542,0.12706904113292694,258.7643737792969,274.5611267089844,0.02324044145643711,2022
ISMN_USCRN_Mercury-3-SSW,0.07120301574468613,0.0787055492401123,254.601318359375,274.4051818847656,0.18379786610603333,2022
ISMN_USCRN_Yosemite-Village-12-W,0.20644879341125488,0.2327614575624466,256.1264953613281,262.8505859375,9.14862060546875,2022
ISMN_SCAN_MarbleCreek,0.08309803903102875,0.10726714879274368,255.62574768066406,268.322509765625,0.3400110900402069,2022
ISMN_SNOTEL_VirginiaLakesRidge,0.13601361215114594,0.17030227184295654,251.07518005371094,259.2397155761719,1.7226300239562988,2022
ISMN_SCAN_BodieHills,0.10138009488582611,0.12611041963100433,253.19842529296875,263.95416259765625,0.7216892838478088,2022
ISMN_SNOTEL_LeavittLake,0.1421390026807785,0.17465166747570038,250.9740753173828,258.2445068359375,2.787952423095703,2022
ISMN_SNOTEL_LeavittMeadows,0.12947167456150055,0.1576048582792282,251.2191925048828,258.8939208984375,1.7235729694366455,2022
ISMN_SNOTEL_SonoraPass,0.1421390026807785,0.17465166747570038,250.9740753173828,258.2445068359375,2.787952423095703,2022
ISMN_SNOTEL_SummitMeadow,0.11849325150251389,0.14400222897529602,252.07691955566406,260.06488037109375,2.550379514694214,2022
ISMN_SNOTEL_LobdellLake,0.09333806484937668,0.11323390901088715,253.30389404296875,263.4455871582031,0.8125724792480469,2022
ISMN_SNOTEL_PoisonFlat,0.12111379951238632,0.14931730926036835,252.1479949951172,261.09686279296875,5.135540962219238,2022
ISMN_SNOTEL_EbbettsPass,0.1510329395532608,0.1884017437696457,251.8784637451172,259.2319030761719,7.240981578826904,2022
ISMN_SNOTEL_BlueLakes,0.1529313176870346,0.19002197682857513,251.32186889648438,258.76953125,7.094741344451904,2022
ISMN_SNOTEL_SprattCreek,0.14678318798542023,0.17565982043743134,250.75732421875,259.1884460449219,6.8530683517456055,2022
ISMN_SNOTEL_MonitorPass,0.11130698025226593,0.13107271492481232,251.18312072753906,262.5908203125,2.5479750633239746,2022
ISMN_SNOTEL_HorseMeadow,0.148352712392807,0.17681679129600525,250.8038330078125,260.112548828125,6.731108665466309,2022
ISMN_SNOTEL_HagansMeadow,0.148352712392807,0.17681679129600525,250.8038330078125,260.112548828125,6.731108665466309,2022
ISMN_SNOTEL_HeavenlyValley,0.14043167233467102,0.16825008392333984,251.43716430664062,261.6124572753906,6.530508995056152,2022
ISMN_SNOTEL_MarletteLake,0.09739427268505096,0.12062614411115646,253.97488403320312,264.6425476074219,5.831480026245117,2022
ISMN_SNOTEL_LittleValley,0.1026964783668518,0.12230505794286728,253.58509826660156,264.295166015625,6.042416572570801,2022
ISMN_SNOTEL_VacarroSprings,0.09075644612312317,0.10428758710622787,248.1269989013672,265.29974365234375,0.4242328107357025,2022
ISMN_SNOTEL_BigMeadow,0.10649874061346054,0.11778736859560013,251.7946319580078,263.80029296875,4.638169288635254,2022
ISMN_SNOTEL_PorterCanyon,0.08736339956521988,0.10744912177324295,249.18600463867188,265.8826904296875,0.3774338662624359,2022
ISMN_SNOTEL_Chalender,0.13519920408725739,0.14951810240745544,249.91969299316406,264.02069091796875,3.1226742267608643,2022
ISMN_SCAN_Vermillion,0.10044308006763458,0.12387727946043015,255.8255615234375,268.0496520996094,0.3600975275039673,2022
ISMN_SCAN_CaveValley,0.11467745155096054,0.1296953409910202,256.0500183105469,266.0197448730469,0.7024809122085571,2022
ISMN_SNOTEL_GardnerPeak,0.1069963276386261,0.12179597467184067,256.2384948730469,267.4483337402344,2.132089376449585,2022
ISMN_SNOTEL_LittleGrassy,0.10152101516723633,0.11657106131315231,255.86842346191406,268.0938720703125,0.6632198691368103,2022
ISMN_SNOTEL_LongValleyJct,0.14063766598701477,0.16019654273986816,252.91506958007812,262.3472595214844,1.9727016687393188,2022
ISMN_SNOTEL_HarrisFlat,0.14338964223861694,0.16030845046043396,252.86444091796875,261.9156494140625,2.118007183074951,2022
ISMN_SNOTEL_GutzPeak,0.09972541779279709,0.11456957459449768,256.44512939453125,268.45855712890625,0.7681647539138794,2022
ISMN_SNOTEL_LongFlat,0.11037101596593857,0.12600773572921753,255.07101440429688,266.1275329589844,2.2628567218780518,2022
ISMN_SNOTEL_Kolob,0.12244433164596558,0.1386706531047821,252.59713745117188,263.8404846191406,1.2663766145706177,2022
ISMN_SNOTEL_MidwayValley,0.1421714872121811,0.15299980342388153,252.34909057617188,261.4560852050781,2.823432683944702,2022
ISMN_SNOTEL_WebsterFlat,0.13712851703166962,0.14633093774318695,252.37673950195312,261.9346618652344,1.970603585243225,2022
ISMN_SNOTEL_SuuRanch,0.13143080472946167,0.14320681989192963,251.13143920898438,262.1315612792969,2.7865657806396484,2022
ISMN_SCAN_Enterprise,0.0977589413523674,0.11464881896972656,251.16217041015625,266.8484191894531,0.5291939973831177,2022
ISMN_SNOTEL_CastleValley,0.13352307677268982,0.1420762985944748,251.44381713867188,261.4101867675781,3.5738017559051514,2022
ISMN_SNOTEL_Widtsoe#3,0.12171883136034012,0.13091690838336945,252.99354553222656,263.421875,2.9094772338867188,2022
ISMN_SCAN_Panguitch,0.10588430613279343,0.11676384508609772,250.4269561767578,262.8490295410156,1.1972522735595703,2022
ISMN_SNOTEL_MtPennell,0.0973249301314354,0.09581181406974792,255.50953674316406,268.3377380371094,0.4162759482860565,2022
ISMN_SNOTEL_SunflowerFlat,0.11707416921854019,0.12706932425498962,253.4656982421875,264.3517761230469,2.702768325805664,2022
ISMN_SNOTEL_LonesomeBeaver,0.0973249301314354,0.09581181406974792,255.50953674316406,268.3377380371094,0.4162759482860565,2022
ISMN_SNOTEL_JonesCorral,0.1077699363231659,0.11826962232589722,251.39979553222656,262.9709777832031,1.6386816501617432,2022
ISMN_SNOTEL_DonkeyReservoir,0.12323158234357834,0.13489842414855957,250.73712158203125,262.39105224609375,3.630297899246216,2022
ISMN_SNOTEL_MerchantValley,0.1120847538113594,0.12439713627099991,252.2947235107422,262.853271484375,4.391388416290283,2022
ISMN_SCAN_Manderfield,0.09492190927267075,0.10778479278087616,251.06874084472656,264.24969482421875,1.9221622943878174,2022
ISMN_SNOTEL_KimberlyMine,0.10751541703939438,0.11511246860027313,252.34329223632812,263.61859130859375,2.62585711479187,2022
ISMN_SNOTEL_BoxSprings,0.11403466016054153,0.12950928509235382,251.7228546142578,263.1320495605469,3.0570125579833984,2022
ISMN_SNOTEL_FishLakeUtah,0.11097700893878937,0.12296398729085922,250.5641326904297,262.66009521484375,2.101186513900757,2022
ISMN_SNOTEL_BoxCreek,0.11403466016054153,0.12950928509235382,251.7228546142578,263.1320495605469,3.0570125579833984,2022
ISMN_SNOTEL_BlackFlat-U.M.Ck,0.12357304990291595,0.13730579614639282,251.98277282714844,262.445068359375,2.293837308883667,2022
ISMN_SNOTEL_FarnsworthLake,0.12375214695930481,0.13539549708366394,251.43630981445312,262.1347351074219,2.520526170730591,2022
ISMN_SNOTEL_GooseberryRSUp,0.12375214695930481,0.13539549708366394,251.43630981445312,262.1347351074219,2.520526170730591,2022
ISMN_SNOTEL_GooseberryRS,0.12375214695930481,0.13539549708366394,251.43630981445312,262.1347351074219,2.520526170730591,2022
ISMN_SNOTEL_BobsHollow,0.11930771172046661,0.14039576053619385,250.61654663085938,263.164794921875,2.0851094722747803,2022
ISMN_SNOTEL_WheelerPeak,0.09255203604698181,0.10688145458698273,249.25357055664062,264.6978454589844,1.5161964893341064,2022
ISMN_SNOTEL_PickleKeg,0.1297615021467209,0.14309798181056976,250.5748748779297,261.662109375,1.680535078048706,2022
ISMN_SNOTEL_WardMountain,0.09419950842857361,0.10863687098026276,250.32530212402344,264.5926513671875,0.4741268754005432,2022
ISMN_SNOTEL_BuckFlat,0.14470091462135315,0.15832573175430298,249.31468200683594,260.43011474609375,1.8336899280548096,2022
ISMN_SNOTEL_BeaverDams,0.14470091462135315,0.15832573175430298,249.31468200683594,260.43011474609375,1.8336899280548096,2022
ISMN_SNOTEL_CaveMountain,0.09578569233417511,0.11126470565795898,249.7501678466797,264.0797119140625,0.686491847038269,2022
ISMN_SCAN_Holden,0.1068330779671669,0.12578466534614563,244.99835205078125,264.5375061035156,0.31438618898391724,2022
ISMN_SCAN_TuleValley,0.11815366894006729,0.13826531171798706,239.98924255371094,262.2359619140625,0.18386965990066528,2022
ISMN_SNOTEL_ThistleFlat,0.14459042251110077,0.15893691778182983,248.32945251464844,259.8658752441406,1.6154192686080933,2022
ISMN_SNOTEL_GBRCMeadows,0.1487852782011032,0.1616109311580658,247.46475219726562,259.3537292480469,2.0573296546936035,2022
ISMN_SNOTEL_SeeleyCreek,0.1487852782011032,0.1616109311580658,247.46475219726562,259.3537292480469,2.0573296546936035,2022
ISMN_SNOTEL_BerryCreek,0.09987153857946396,0.11433371156454086,248.9927978515625,263.5787658691406,0.8932713866233826,2022
ISMN_SNOTEL_GBRCHQ,0.1487852782011032,0.1616109311580658,247.46475219726562,259.3537292480469,2.0573296546936035,2022
ISMN_SNOTEL_OakCreek,0.10073745995759964,0.12069562077522278,248.9353790283203,264.92694091796875,0.47113296389579773,2022
ISMN_SCAN_Ephraim,0.1400929093360901,0.1526755839586258,247.25804138183594,260.0263366699219,1.3024311065673828,2022
ISMN_SNOTEL_UpperJoesValley,0.1515871286392212,0.1653033047914505,248.9761962890625,259.69134521484375,2.3361573219299316,2022
ISMN_SNOTEL_ReesFlat,0.13125786185264587,0.14551089704036713,247.4820098876953,260.9615478515625,0.6659414768218994,2022
ISMN_SCAN_Price,0.10532332956790924,0.1069505363702774,249.85377502441406,264.9512023925781,0.20555691421031952,2022
ISMN_SNOTEL_Kalamazoo,0.09315326064825058,0.10733181983232498,248.5886688232422,264.01458740234375,0.6536336541175842,2022
ISMN_SNOTEL_HuntingtonHorse,0.1541258990764618,0.16404879093170166,249.23240661621094,259.39630126953125,1.9699023962020874,2022
ISMN_SCAN_Nephi,0.1152804046869278,0.127726212143898,247.63180541992188,262.5693054199219,0.6320139169692993,2022
ISMN_SNOTEL_Timberline,0.12499341368675232,0.1320079267024994,253.32774353027344,264.03363037109375,1.8646676540374756,2022
ISMN_SNOTEL_Mammoth-Cottonwood,0.1541258990764618,0.16404879093170166,249.23240661621094,259.39630126953125,1.9699023962020874,2022
ISMN_SNOTEL_TakkaWiiya,0.09849977493286133,0.11095426231622696,245.5680389404297,263.80206298828125,0.6592515110969543,2022
ISMN_SNOTEL_ClearCreek#1,0.15114818513393402,0.1647251695394516,251.68344116210938,260.4875793457031,2.488863945007324,2022
ISMN_SNOTEL_WilburBench,0.14227928221225739,0.1542547345161438,253.22169494628906,262.01898193359375,0.8511543869972229,2022
ISMN_SNOTEL_ClearCreek#2,0.15114818513393402,0.1647251695394516,251.68344116210938,260.4875793457031,2.488863945007324,2022
ISMN_SNOTEL_SantaquinMeadows,0.13759976625442505,0.14905031025409698,248.7691192626953,261.2476501464844,1.918799638748169,2022
ISMN_SNOTEL_VernonCreek,0.08550027012825012,0.10650226473808289,249.19154357910156,266.259033203125,0.38647767901420593,2022
ISMN_SNOTEL_WhiteRiver#1,0.14117933809757233,0.15237663686275482,253.22499084472656,261.5755615234375,1.052681803703308,2022
ISMN_SNOTEL_SantaFe,0.1630815863609314,0.15979112684726715,252.52024841308594,262.667236328125,7.130068302154541,2022
ISMN_SNOTEL_WesnerSprings,0.23475255072116852,0.23351933062076569,252.43643188476562,260.80535888671875,9.9851655960083,2022
ISMN_USCRN_Los-Alamos-13-W,0.18861907720565796,0.19917608797550201,252.31063842773438,262.2642822265625,8.32718563079834,2022
ISMN_SNOTEL_Quemazon,0.1569911539554596,0.16573947668075562,251.8526611328125,262.8621826171875,5.459254741668701,2022
ISMN_SNOTEL_SenoritaDivide#2,0.16352443397045135,0.17224815487861633,250.27406311035156,261.4607238769531,6.325351238250732,2022
ISMN_SNOTEL_GaritaPeak,0.16416336596012115,0.1739029437303543,251.7395782470703,262.09576416015625,6.167773723602295,2022
ISMN_SNOTEL_VacasLocas,0.16352443397045135,0.17224815487861633,250.27406311035156,261.4607238769531,6.325351238250732,2022
ISMN_SCAN_Alcalde,0.11924198269844055,0.12401553243398666,250.52320861816406,264.32232666015625,0.3022424280643463,2022
ISMN_SNOTEL_TresRitos,0.22769974172115326,0.24435898661613464,252.26463317871094,260.4249267578125,10.076813697814941,2022
ISMN_SNOTEL_NavajoWhiskeyCk,0.12385596334934235,0.12172757089138031,249.35153198242188,264.44183349609375,2.5336825847625732,2022
ISMN_SNOTEL_GallegosPeak,0.19089236855506897,0.20514632761478424,251.85533142089844,260.7037658691406,8.974676132202148,2022
ISMN_SNOTEL_Palo,0.19818498194217682,0.21098998188972473,251.72079467773438,260.1479187011719,8.715139389038086,2022
ISMN_SNOTEL_TaosPueblo,0.19618873298168182,0.2075328826904297,251.6925048828125,260.09014892578125,8.238430976867676,2022
ISMN_SNOTEL_TaosPowderhorn,0.16751079261302948,0.17721673846244812,250.9637451171875,260.3361511230469,6.794219017028809,2022
ISMN_SNOTEL_Shuree,0.1693037748336792,0.1748557835817337,250.60760498046875,259.7817687988281,4.7486252784729,2022
ISMN_SNOTEL_Culebra#2,0.1481371968984604,0.15057902038097382,249.63026428222656,260.43023681640625,5.041450500488281,2022
ISMN_USCRN_Cortez-8-SE,0.12316814810037613,0.12750780582427979,250.80950927734375,264.21563720703125,0.45410048961639404,2022
ISMN_SNOTEL_LilyPond,0.20582523941993713,0.23509690165519714,248.64620971679688,258.59503173828125,7.4681901931762695,2022
ISMN_SCAN_MccrackenMesa,0.08885695785284042,0.08312664926052094,253.6523895263672,268.99261474609375,0.21361695230007172,2022
ISMN_SNOTEL_Cascade#2,0.23608504235744476,0.2711047828197479,251.56092834472656,257.16522216796875,7.029842376708984,2022
ISMN_SCAN_AlkaliMesa,0.10067154467105865,0.10142302513122559,253.10633850097656,267.0451354980469,0.3748374879360199,2022
ISMN_SNOTEL_UpperRioGrande,0.1944933384656906,0.22111786901950836,249.1787872314453,257.1318664550781,4.670690536499023,2022
ISMN_SCAN_Eastland,0.10405384004116058,0.11324604600667953,251.2300262451172,265.501953125,0.33886227011680603,2022
ISMN_SNOTEL_LizardHeadPass,0.20636872947216034,0.23459117114543915,250.6964111328125,256.8219299316406,4.9982733726501465,2022
ISMN_SNOTEL_CampJackson,0.11488909274339676,0.12406204640865326,253.79965209960938,265.2609558105469,1.5282405614852905,2022
ISMN_SNOTEL_Slumgullion,0.16964924335479736,0.19144000113010406,249.312744140625,257.7950439453125,4.398797035217285,2022
ISMN_SCAN_WestSummit,0.10622186213731766,0.11657429486513138,250.92987060546875,265.2447509765625,0.32896098494529724,2022
ISMN_SCAN_HarmsWay,0.10733137279748917,0.11600963026285172,252.78724670410156,265.6597900390625,0.72798091173172,2022
ISMN_SNOTEL_GoldBasin,0.12178268283605576,0.13206171989440918,253.3870849609375,264.71014404296875,1.7691322565078735,2022
ISMN_SNOTEL_LasalMountain-Lower,0.12178268283605576,0.13206171989440918,253.3870849609375,264.71014404296875,1.7691322565078735,2022
ISMN_SNOTEL_LasalMountain,0.12178268283605576,0.13206171989440918,253.3870849609375,264.71014404296875,1.7691322565078735,2022
ISMN_SNOTEL_PorphyryCreek,0.15495847165584564,0.18537302315235138,251.44558715820312,259.2184753417969,5.468699932098389,2022
ISMN_SNOTEL_ParkCone,0.19518747925758362,0.2364014983177185,251.36875915527344,257.9797058105469,6.444045066833496,2022
ISMN_SNOTEL_Butte,0.19283872842788696,0.22189104557037354,250.63479614257812,257.2530212402344,3.5292131900787354,2022
ISMN_SNOTEL_UpperTaylor,0.2112746238708496,0.24710583686828613,251.15948486328125,257.13958740234375,5.314672470092773,2022
ISMN_SNOTEL_SchofieldPass,0.1872267723083496,0.2178352028131485,251.02471923828125,256.96551513671875,2.660247325897217,2022
ISMN_SNOTEL_RoughAndTumble,0.14500963687896729,0.16284775733947754,246.4261016845703,258.3953857421875,3.1366114616394043,2022
ISMN_SNOTEL_ParkReservoir,0.17232176661491394,0.18219836056232452,247.75863647460938,258.88531494140625,4.596527099609375,2022
ISMN_SNOTEL_BuckskinJoe,0.17586055397987366,0.2006455659866333,248.0127716064453,257.0235900878906,4.396653652191162,2022
ISMN_SNOTEL_EastWillowCreek,0.12801964581012726,0.1352647840976715,254.56326293945312,264.01190185546875,0.6069490313529968,2022
ISMN_SNOTEL_HoosierPass,0.1679394245147705,0.18945874273777008,247.22000122070312,257.22198486328125,4.072120189666748,2022
ISMN_SNOTEL_FremontPass,0.20207948982715607,0.24341978132724762,250.10067749023438,257.3792419433594,6.549685955047607,2022
ISMN_SNOTEL_MichiganCreek,0.175116166472435,0.2035514861345291,248.6832733154297,257.4947509765625,5.211604118347168,2022
ISMN_iRON_GlenwoodSprings,0.1885940581560135,0.20014624297618866,249.35910034179688,257.86065673828125,2.8760440349578857,2022
ISMN_SNOTEL_JackwhackerGulch,0.17528857290744781,0.21090351045131683,250.30784606933594,257.89617919921875,5.834837913513184,2022
ISMN_SNOTEL_SummitRanch,0.17935766279697418,0.21526166796684265,251.38394165039062,258.2850341796875,6.4701313972473145,2022
ISMN_SNOTEL_JonesPass,0.18581488728523254,0.22737041115760803,251.33018493652344,258.1546325683594,6.410315990447998,2022
ISMN_SNOTEL_MiddleForkCamp,0.19775629043579102,0.2402326762676239,250.89024353027344,258.2960510253906,7.284757614135742,2022
ISMN_SNOTEL_BerthoudSummit,0.1848207712173462,0.23238608241081238,251.4474639892578,258.2202453613281,6.525244235992432,2022
ISMN_SNOTEL_BurroMountain,0.20701225101947784,0.22223471105098724,248.446044921875,257.2114562988281,5.407020568847656,2022
ISMN_SCAN_Bushland#1,0.1174653023481369,0.10330860316753387,247.74072265625,269.15704345703125,0.5389896035194397,2022
ISMN_USCRN_Goodwell-2-SE,0.10033943504095078,0.08965252339839935,250.3502655029297,270.9964904785156,0.5325137972831726,2022
ISMN_USCRN_Goodwell-2-E,0.10033943504095078,0.08965252339839935,250.3502655029297,270.9964904785156,0.5325137972831726,2022
ISMN_SCAN_FortReno#1,0.17756840586662292,0.17406374216079712,235.9244384765625,259.19439697265625,1.0550353527069092,2022
ISMN_ARM_Tryon,0.21731866896152496,0.21276773512363434,235.35247802734375,255.324462890625,1.1193126440048218,2022
ISMN_ARM_Marshall,0.18437950313091278,0.18468397855758667,233.9849090576172,257.81536865234375,0.9674211740493774,2022
ISMN_USCRN_Stillwater-2-W,0.21265548467636108,0.2122635841369629,233.34230041503906,255.48190307617188,1.2398133277893066,2022
ISMN_USCRN_Stillwater-5-WNW,0.2077791839838028,0.20560872554779053,233.93899536132812,256.05523681640625,1.1968697309494019,2022
ISMN_ARM_Waukomis,0.15997043251991272,0.15761245787143707,238.82289123535156,261.84124755859375,1.4828294515609741,2022
ISMN_ARM_Morrison,0.2068609744310379,0.20668411254882812,231.5940704345703,254.9409637451172,0.9893428683280945,2022
ISMN_ARM_Ringwood,0.14322814345359802,0.14347447454929352,241.89710998535156,263.8899230957031,1.1133513450622559,2022
ISMN_ARM_Lamont-CF1,0.17930908501148224,0.17675234377384186,232.24559020996094,257.6459655761719,1.28193998336792,2022
ISMN_ARM_Lamont-CF2,0.17930908501148224,0.17675234377384186,232.24559020996094,257.6459655761719,1.28193998336792,2022
ISMN_ARM_Pawhuska,0.22856192290782928,0.22612616419792175,226.62271118164062,251.05650329589844,1.0675660371780396,2022
ISMN_ARM_Byron,0.14113226532936096,0.14715476334095,242.41915893554688,264.51287841796875,1.1762957572937012,2022
ISMN_ARM_Newkirk,0.1966213881969452,0.1955871731042862,229.43397521972656,254.68017578125,1.074816107749939,2022
ISMN_ARM_Tyro,0.23331798613071442,0.22694703936576843,226.65338134765625,250.56016540527344,1.121411681175232,2022
ISMN_SCAN_Abrams,0.19996799528598785,0.19751708209514618,229.34982299804688,254.5726776123047,1.2611141204833984,2022
ISMN_ARM_Ashton,0.1821422427892685,0.1805335432291031,231.65699768066406,256.8076171875,1.4502935409545898,2022
ISMN_ARM_Anthony,0.1497955024242401,0.15490666031837463,239.89584350585938,262.8243713378906,1.404913067817688,2022
ISMN_SCAN_CentraliaLake,0.20896650850772858,0.21651725471019745,231.58270263671875,255.0663604736328,1.5371521711349487,2022
ISMN_SCAN_Phillipsburg,0.15379779040813446,0.16170154511928558,237.8628692626953,260.2794189453125,0.7653980255126953,2022
ISMN_SCAN_UapbPointRemove,0.29343169927597046,0.29252785444259644,240.14747619628906,254.2708740234375,3.7671027183532715,2022
ISMN_USCRN_Batesville-8-WNW,0.252519428730011,0.2629157602787018,248.37530517578125,259.0519714355469,6.874661445617676,2022
ISMN_SCAN_JournaganRanch,0.2283148467540741,0.2385067343711853,243.7118377685547,256.43572998046875,5.33241081237793,2022
ISMN_SCAN_LTSP,0.27057674527168274,0.28247737884521484,256.54541015625,263.301025390625,11.08769702911377,2022
ISMN_USCRN_Joplin-24-N,0.26432639360427856,0.2565315365791321,223.99179077148438,247.17434692382812,2.113818645477295,2022
ISMN_SCAN_SinkinForest,0.29953405261039734,0.31155794858932495,255.00181579589844,262.2687683105469,11.282759666442871,2022
ISMN_USCRN_Salem-10-W,0.20861780643463135,0.21810737252235413,245.9641876220703,257.5789489746094,4.779036045074463,2022
ISMN_SCAN_CarverFarm,0.26067736744880676,0.25916212797164917,236.81080627441406,251.6251983642578,3.223161458969116,2022
ISMN_SCAN_PowellGardens,0.26901888847351074,0.26475319266319275,228.61367797851562,248.90606689453125,2.6589183807373047,2022
ISMN_SCAN_ElsberryPMC,0.2863404154777527,0.28062158823013306,232.2525177001953,249.71475219726562,4.285995006561279,2022
ISMN_SCAN_AllenFarms,0.24834641814231873,0.2559436559677124,240.0891876220703,254.3904571533203,3.639643430709839,2022
ISMN_SCAN_EastviewFarm,0.2548336386680603,0.25751063227653503,241.4027557373047,255.00686645507812,4.6433820724487305,2022
ISMN_USCRN_Crossville-7-NW,0.29049405455589294,0.30257949233055115,247.29852294921875,257.15777587890625,8.351643562316895,2022
ISMN_SCAN_Princeton#1,0.2519540786743164,0.26144781708717346,239.51492309570312,254.44102478027344,3.981538772583008,2022
ISMN_SCAN_MammothCave,0.2846519649028778,0.2920856475830078,237.11582946777344,252.39500427246094,5.787516117095947,2022
ISMN_USCRN_Bedford-5-WNW,0.24568723142147064,0.2550894021987915,242.3705291748047,254.3465118408203,4.7974534034729,2022
ISMN_SCAN_ReynoldsHomestead,0.333026647567749,0.35164159536361694,250.18125915527344,258.289306640625,10.120555877685547,2022
ISMN_USCRN_Durham-11-W,0.2823904752731323,0.2731028199195862,248.59153747558594,259.0749816894531,7.773907661437988,2022
ISMN_SCAN_TidewaterArec,0.24206312000751495,0.24869756400585175,242.96530151367188,256.04791259765625,4.672696590423584,2022
ISMN_SCAN_Shenandoah,0.25115421414375305,0.2720501720905304,248.88673400878906,257.97503662109375,8.008512496948242,2022
ISMN_USCRN_Elkins-21-ENE,0.3542442321777344,0.38818874955177307,253.3430938720703,258.7249755859375,11.759068489074707,2022
ISMN_SCAN_PowderMill,,,247.06982421875,262.33251953125,4.825172424316406,2022
ISMN_ROMPS_Maidanak,0.20265723764896393,0.19402793049812317,235.77651977539062,253.6526641845703,0.3895016014575958,2022
ISMN_ROMPS_AbramovGlacier,0.18633784353733063,0.24753935635089874,250.16998291015625,255.03643798828125,0.05397161841392517,2022
ISMN_SCAN_EagleLake,0.21730957925319672,0.22935020923614502,243.46266174316406,255.4929656982422,6.511038303375244,2022
ISMN_SNOTEL_FredonyerPeak,0.11074170470237732,0.11967185884714127,250.4932098388672,263.5606994628906,2.0792062282562256,2022
ISMN_SCAN_AshValley,0.13552582263946533,0.1390230655670166,246.88104248046875,259.92889404296875,2.491546869277954,2022
ISMN_SNOTEL_StateLine,0.14878064393997192,0.18121951818466187,251.39920043945312,264.68267822265625,4.762274265289307,2022
ISMN_SNOTEL_QuartzMountain,0.16236738860607147,0.16812169551849365,246.91445922851562,258.5379638671875,7.093101978302002,2022
ISMN_SCAN_LovelockNNR,0.099679134786129,0.10211217403411865,245.03915405273438,266.1302185058594,0.27640795707702637,2022
ISMN_SNOTEL_CorralCanyon,0.09895883500576019,0.11889341473579407,246.8743896484375,262.58978271484375,0.38581299781799316,2022
ISMN_SNOTEL_LewisPeak,0.08053170144557953,0.09801173210144043,250.29476928710938,266.67156982421875,0.25777366757392883,2022
ISMN_SNOTEL_GreenMountain,0.09915568679571152,0.12009544670581818,246.81222534179688,262.4844970703125,0.36976757645606995,2022
ISMN_SNOTEL_Lamoille#3,0.10888709872961044,0.12986525893211365,246.79220581054688,261.7763366699219,0.5522900819778442,2022
ISMN_SNOTEL_PoleCanyon,0.09624647349119186,0.11677286773920059,246.7592315673828,263.29119873046875,0.37834838032722473,2022
ISMN_SNOTEL_DryCreek,0.1076485812664032,0.1281256377696991,246.08505249023438,262.10321044921875,0.5251561403274536,2022
ISMN_SCAN_Buckhorn,0.11359205096960068,0.12144997715950012,245.82791137695312,262.87322998046875,0.2916317880153656,2022
ISMN_SNOTEL_Golconda,0.07273460179567337,0.09174160659313202,250.9484405517578,267.4358825683594,0.28412607312202454,2022
ISMN_SNOTEL_DorseyBasin,0.1076485812664032,0.1281256377696991,246.08505249023438,262.10321044921875,0.5251561403274536,2022
ISMN_SNOTEL_Hole-in-Mountain,0.09893117845058441,0.11900747567415237,246.4899444580078,262.9485168457031,0.44075337052345276,2022
ISMN_SNOTEL_TaylorCanyon,0.08892645686864853,0.10006581246852875,247.9925994873047,263.41265869140625,0.329119473695755,2022
ISMN_SNOTEL_ToeJam,0.0959533154964447,0.10403157025575638,247.27908325195312,262.4278869628906,0.4057027995586395,2022
ISMN_SNOTEL_SummitLk,0.08563052117824554,0.0953250452876091,249.00856018066406,265.66351318359375,0.222505122423172,2022
ISMN_SNOTEL_JacksPeak,0.11033569276332855,0.1227671205997467,247.21717834472656,261.5298156738281,0.4737928509712219,2022
ISMN_SNOTEL_LamanceCreek,0.08536462485790253,0.10532145202159882,249.63650512695312,265.47918701171875,0.3564126193523407,2022
ISMN_SNOTEL_JackCreekUpper,0.11033569276332855,0.1227671205997467,247.21717834472656,261.5298156738281,0.4737928509712219,2022
ISMN_SNOTEL_FryCanyon,0.10947322100400925,0.12411262094974518,247.50485229492188,261.48822021484375,0.4418981373310089,2022
ISMN_SNOTEL_DrawCreek,0.09479355067014694,0.1098150834441185,249.59254455566406,262.74334716796875,0.4437374174594879,2022
ISMN_SNOTEL_SeventysixCreek,0.10100489109754562,0.11271106451749802,249.43408203125,261.8077087402344,0.5204156637191772,2022
ISMN_SNOTEL_BuckskinLower,0.09668710827827454,0.11466789990663528,248.5037078857422,263.84942626953125,0.33779236674308777,2022
ISMN_SNOTEL_LaurelDraw,0.12153807282447815,0.13003334403038025,246.18655395507812,260.3453063964844,0.5460956692695618,2022
ISMN_SNOTEL_FawnCreek,0.12366238236427307,0.1401156485080719,245.2036895751953,260.1157531738281,0.5402304530143738,2022
ISMN_SNOTEL_BearCreek,0.10100489109754562,0.11271106451749802,249.43408203125,261.8077087402344,0.5204156637191772,2022
ISMN_SNOTEL_ONeilCreek,0.09468954056501389,0.10820396989583969,248.35617065429688,263.197509765625,0.31247660517692566,2022
ISMN_SNOTEL_PoleCreekR.S.,0.09774619340896606,0.11092931777238846,249.17218017578125,262.30133056640625,0.46240538358688354,2022
ISMN_SNOTEL_Sheldon,0.08319742977619171,0.09356729686260223,247.3577117919922,264.9081726074219,0.25939059257507324,2022
ISMN_SNOTEL_DisasterPeak,0.08948659151792526,0.1054961085319519,248.16165161132812,264.7023010253906,0.30990782380104065,2022
ISMN_SNOTEL_WilsonCreek,0.10199276357889175,0.111704520881176,246.12106323242188,262.002685546875,0.4109649360179901,2022
ISMN_SNOTEL_MudFlat,0.12882186472415924,0.1384589821100235,245.33189392089844,260.3158874511719,0.7395612597465515,2022
ISMN_SNOTEL_SouthMtn.,0.1260599046945572,0.14008335769176483,245.7533416748047,259.66162109375,1.561777114868164,2022
ISMN_SNOTEL_ReynoldsCreek,0.11353413760662079,0.12765629589557648,244.09213256835938,261.560302734375,0.42488667368888855,2022
ISMN_SCAN_OrchardRangeSite,0.10246305912733078,0.12657396495342255,243.61598205566406,263.6976623535156,0.4022540748119354,2022
ISMN_SNOTEL_AtlantaSummit,0.17047636210918427,0.2023789882659912,253.839599609375,258.5500183105469,4.485306262969971,2022
ISMN_SNOTEL_RockSprings,0.17031846940517426,0.1830555647611618,248.60020446777344,258.838134765625,6.918156147003174,2022
ISMN_SNOTEL_BannerSummit,0.22401241958141327,0.2706016004085541,251.0242462158203,256.9862365722656,7.429255485534668,2022
ISMN_USCRN_John-Day-35-WNW,0.1719067543745041,0.17805562913417816,244.60130310058594,257.3448791503906,2.8319878578186035,2022
ISMN_SNOTEL_LongValley,0.22911223769187927,0.2724819779396057,249.36537170410156,257.0770263671875,8.878215789794922,2022
ISMN_SNOTEL_Bourne,0.20649145543575287,0.22624067962169647,247.49459838867188,257.2701416015625,8.63806438446045,2022
ISMN_SNOTEL_HobbleCreek,0.14286771416664124,0.15152786672115326,252.3423309326172,261.0279541015625,2.115338087081909,2022
ISMN_SNOTEL_CascadeMountain,0.11848558485507965,0.12626029551029205,253.26971435546875,263.864501953125,1.8814489841461182,2022
ISMN_SNOTEL_Daniels-Strawberry,0.14237020909786224,0.15341675281524658,252.52914428710938,260.7548522949219,1.9863104820251465,2022
ISMN_SNOTEL_CurrantCreek,0.151418998837471,0.1636146903038025,251.51783752441406,259.9176940917969,1.9480793476104736,2022
ISMN_SCAN_MountainHome,0.1227346882224083,0.12751850485801697,248.06417846679688,261.69317626953125,0.6547994613647461,2022
ISMN_SNOTEL_TimpanogosDivide,0.10964443534612656,0.11890970915555954,253.7008819580078,263.60699462890625,1.9982558488845825,2022
ISMN_SNOTEL_RockyBasin-Settleme,0.12000135332345963,0.1358972042798996,245.99609375,261.8060302734375,0.7441090941429138,2022
ISMN_SNOTEL_BevansCabin,0.12000135332345963,0.1358972042798996,245.99609375,261.8060302734375,0.7441090941429138,2022
ISMN_SNOTEL_WolfCreekPeak,0.1596822887659073,0.17275629937648773,250.43572998046875,258.93853759765625,2.423448324203491,2022
ISMN_SNOTEL_MiningFork,0.1279652863740921,0.14731276035308838,243.02297973632812,260.5299072265625,0.549126386642456,2022
ISMN_SNOTEL_DryFork,0.13277925550937653,0.1401636153459549,243.91305541992188,260.6155700683594,0.9175487160682678,2022
ISMN_SNOTEL_Snowbird,0.10594707727432251,0.10838812589645386,253.28184509277344,264.390625,2.76492977142334,2022
ISMN_SNOTEL_BrownDuck,0.1654423028230667,0.17423105239868164,248.5041961669922,258.1099853515625,3.5390172004699707,2022
ISMN_SCAN_Grantsville,0.22862061858177185,0.2490745484828949,229.42462158203125,247.87374877929688,0.48853427171707153,2022
ISMN_SNOTEL_Lakefork#1,0.16536638140678406,0.17444774508476257,247.55780029296875,257.0461730957031,3.1374645233154297,2022
ISMN_SNOTEL_Brighton,0.12284470349550247,0.13201333582401276,252.4205780029297,262.30712890625,2.4136874675750732,2022
ISMN_SNOTEL_BeaverDivide,0.1751510351896286,0.1899433583021164,248.67762756347656,257.54815673828125,3.9955899715423584,2022
ISMN_SNOTEL_ThaynesCanyon,0.13429129123687744,0.14622701704502106,251.6927947998047,261.1502990722656,1.8886808156967163,2022
ISMN_SNOTEL_Mill-DNorth,0.12284470349550247,0.13201333582401276,252.4205780029297,262.30712890625,2.4136874675750732,2022
ISMN_SNOTEL_ReddenMineLwr,0.16645203530788422,0.17865616083145142,248.8719024658203,258.1650390625,3.14742374420166,2022
ISMN_SNOTEL_TrialLake,0.18515238165855408,0.19639191031455994,248.51687622070312,256.6316223144531,4.753499984741211,2022
ISMN_SNOTEL_ParleysUpper,0.12284470349550247,0.13201333582401276,252.4205780029297,262.30712890625,2.4136874675750732,2022
ISMN_SNOTEL_FivePointsLake,0.16536638140678406,0.17444774508476257,247.55780029296875,257.0461730957031,3.1374645233154297,2022
ISMN_SNOTEL_LakeforkBasin,0.1827406883239746,0.19391635060310364,247.7229766845703,256.26544189453125,3.6282870769500732,2022
ISMN_SNOTEL_ParleysSummit,0.13202165067195892,0.14303696155548096,251.5231170654297,261.6422119140625,2.3367421627044678,2022
ISMN_SNOTEL_Chepeta,0.1754997819662094,0.18638642132282257,248.1699981689453,258.0650329589844,5.563587665557861,2022
ISMN_SNOTEL_SmithMorehouse,0.17183026671409607,0.18711958825588226,248.19056701660156,257.3397521972656,3.5303192138671875,2022
ISMN_SNOTEL_HaydenFork,0.18679724633693695,0.19933947920799255,247.78158569335938,256.1538391113281,4.804731369018555,2022
ISMN_SNOTEL_LouisMeadow,0.1462242603302002,0.14646601676940918,247.36468505859375,261.1988525390625,2.344007968902588,2022
ISMN_SNOTEL_LookoutPeak,0.14266134798526764,0.1485699713230133,249.73770141601562,261.40643310546875,2.4806365966796875,2022
ISMN_SNOTEL_SpiritLk,0.16858772933483124,0.17933513224124908,247.22076416015625,257.6968994140625,4.491477966308594,2022
ISMN_SNOTEL_BuckPasture,0.2000560462474823,0.2123613953590393,245.8523406982422,255.207763671875,4.694207191467285,2022
ISMN_SNOTEL_LilyLake,0.18844819068908691,0.19976890087127686,246.3798065185547,255.6735076904297,4.29594087600708,2022
ISMN_SNOTEL_Hardscrabble,0.14266134798526764,0.1485699713230133,249.73770141601562,261.40643310546875,2.4806365966796875,2022
ISMN_SNOTEL_EFBlacksForkGS,0.20723587274551392,0.2190597802400589,245.79666137695312,255.1429443359375,4.936647415161133,2022
ISMN_SNOTEL_BearRiverRS,0.18844819068908691,0.19976890087127686,246.3798065185547,255.6735076904297,4.29594087600708,2022
ISMN_SNOTEL_ChalkCreek#2,0.1714366376399994,0.18839871883392334,247.21815490722656,256.765869140625,3.6866161823272705,2022
ISMN_SNOTEL_SteelCreekPark,0.19964133203029633,0.2133212834596634,245.7680206298828,255.3968963623047,4.702460765838623,2022
ISMN_SNOTEL_Hewinta,0.19321532547473907,0.20564867556095123,244.87246704101562,255.83164978027344,5.091258525848389,2022
ISMN_SCAN_Morgan,0.1415131688117981,0.15416046977043152,249.88951110839844,261.1286315917969,1.6340285539627075,2022
ISMN_SNOTEL_LostCreekResv,0.1438101828098297,0.16464190185070038,249.94984436035156,260.017578125,0.844023585319519,2022
ISMN_SNOTEL_HorseRidge,0.1461491584777832,0.1662549525499344,250.13609313964844,259.84051513671875,1.0740833282470703,2022
ISMN_SCAN_BuffaloJump,0.13176226615905762,0.14938132464885712,246.79757690429688,260.0086364746094,0.48239031434059143,2022
ISMN_SNOTEL_LightningRidge,0.1461491584777832,0.1662549525499344,250.13609313964844,259.84051513671875,1.0740833282470703,2022
ISMN_SNOTEL_DryBreadPond,0.1463223099708557,0.16348059475421906,249.70071411132812,259.37689208984375,0.9149041175842285,2022
ISMN_SNOTEL_MonteCristo,0.1463223099708557,0.16348059475421906,249.70071411132812,259.37689208984375,0.9149041175842285,2022
ISMN_SNOTEL_BugLake,0.1477522850036621,0.1639634221792221,249.41015625,259.201416015625,1.8940881490707397,2022
ISMN_SCAN_ParkValley,0.11861583590507507,0.14130647480487823,238.85874938964844,259.2912902832031,0.28477001190185547,2022
ISMN_SCAN_GrouseCreek,0.09660960733890533,0.11443686485290527,247.3386688232422,263.1993408203125,0.41766130924224854,2022
ISMN_SNOTEL_TempleFork,0.14368462562561035,0.1589762270450592,249.8265838623047,259.6559753417969,1.9005566835403442,2022
ISMN_SCAN_CacheJunction,0.16241419315338135,0.17858266830444336,239.59466552734375,256.8906555175781,0.9144728183746338,2022
ISMN_SNOTEL_UsuDocDaniel,0.14368462562561035,0.1589762270450592,249.8265838623047,259.6559753417969,1.9005566835403442,2022
ISMN_SNOTEL_TonyGroveRS,0.14171434938907623,0.15499459207057953,250.15785217285156,260.0577087402344,1.8866593837738037,2022
ISMN_SNOTEL_TonyGroveLake,0.15231899917125702,0.16510891914367676,248.71810913085938,258.82183837890625,2.073779344558716,2022
ISMN_SNOTEL_GeorgeCreek,0.095250703394413,0.12073133885860443,245.56834411621094,263.06353759765625,0.40213045477867126,2022
ISMN_SNOTEL_GardenCitySummit,0.14171434938907623,0.15499459207057953,250.15785217285156,260.0577087402344,1.8866593837738037,2022
ISMN_SCAN_BlueCreek,0.13329142332077026,0.14814473688602448,240.67955017089844,259.04254150390625,0.41153040528297424,2022
ISMN_SNOTEL_KlondikeNarrows,0.15419349074363708,0.1643976867198944,248.2076416015625,258.533203125,2.2623562812805176,2022
ISMN_SNOTEL_MagicMountain,0.11630646884441376,0.12501507997512817,245.10775756835938,260.4936218261719,0.6024436950683594,2022
ISMN_SNOTEL_KelleyR.S.,0.14521048963069916,0.15923753380775452,247.7396697998047,258.6961364746094,1.6475075483322144,2022
ISMN_SNOTEL_Giveout,0.16098608076572418,0.1746390461921692,246.85862731933594,257.5466003417969,1.4124177694320679,2022
ISMN_SNOTEL_SaltRiverSummit,0.16088464856147766,0.17637856304645538,248.65611267089844,257.41241455078125,2.0338857173919678,2022
ISMN_SNOTEL_WildhorseDivide,0.1278359293937683,0.13470891118049622,245.87258911132812,261.5158386230469,0.7779444456100464,2022
ISMN_SNOTEL_TriplePeak,0.18310725688934326,0.2074182629585266,248.09121704101562,256.9456481933594,5.780575275421143,2022
ISMN_SNOTEL_SomsenRanch,0.18862642347812653,0.19620203971862793,243.23703002929688,255.22714233398438,1.8751811981201172,2022
ISMN_SNOTEL_EastRimDivide,0.16804136335849762,0.19225899875164032,246.19833374023438,256.70562744140625,4.06453275680542,2022
ISMN_SNOTEL_GraniteCreek,0.18299801647663116,0.2140851616859436,248.9408721923828,256.6556701660156,5.410949230194092,2022
ISMN_SNOTEL_CouchSummit,0.11903896182775497,0.14219039678573608,252.64414978027344,260.31768798828125,2.4492831230163574,2022
ISMN_SNOTEL_SwedePeak,0.12231350690126419,0.14176253974437714,251.9009552001953,260.3293151855469,1.1414525508880615,2022
ISMN_SNOTEL_BearCanyon,0.1250447779893875,0.14620928466320038,251.78872680664062,260.0967712402344,1.3147528171539307,2022
ISMN_SNOTEL_ChocolateGulch,0.1350674033164978,0.1674521267414093,254.88604736328125,260.3969421386719,3.427609443664551,2022
ISMN_SNOTEL_GrandTarghee,0.17868611216545105,0.19614127278327942,247.04693603515625,255.8580780029297,4.319792747497559,2022
ISMN_SNOTEL_GalenaSummit,0.15915386378765106,0.20051179826259613,253.86366271972656,258.9588928222656,4.000070571899414,2022
ISMN_SNOTEL_SnakeRiverStation,0.19674253463745117,0.21925540268421173,250.4686737060547,257.73651123046875,5.850208282470703,2022
ISMN_SNOTEL_LewisLakeDivide,0.19674253463745117,0.21925540268421173,250.4686737060547,257.73651123046875,5.850208282470703,2022
ISMN_SNOTEL_ThumbDivide,0.259437620639801,0.24052730202674866,255.30059814453125,261.4078063964844,7.2705078125,2022
ISMN_SNOTEL_IslandPark,0.21515800058841705,0.22937308251857758,246.89064025878906,256.5839538574219,8.046130180358887,2022
ISMN_SNOTEL_CrabCreek,0.1582721322774887,0.17420348525047302,242.6150665283203,256.9353332519531,3.5178515911102295,2022
ISMN_SNOTEL_HighLonesome,0.18389058113098145,0.21653826534748077,250.3848876953125,258.13226318359375,5.422342777252197,2022
ISMN_SNOTEL_Sawtooth,0.1559642106294632,0.1875426322221756,251.97830200195312,259.6455383300781,7.301999092102051,2022
ISMN_SNOTEL_WildBasin,0.17805932462215424,0.22281789779663086,251.7244415283203,258.8567810058594,7.321957111358643,2022
ISMN_SNOTEL_StillwaterCreek,0.20882681012153625,0.2370547652244568,249.39976501464844,257.92626953125,6.853639125823975,2022
ISMN_SNOTEL_ArapahoRidge,0.18137915432453156,0.20058287680149078,245.93521118164062,257.42498779296875,4.420845985412598,2022
ISMN_SCAN_SplitMountain,0.1144188866019249,0.12062212824821472,246.9661102294922,263.26934814453125,0.2256225347518921,2022
ISMN_SNOTEL_PhantomValley,0.23594409227371216,0.2848331928253174,249.28363037109375,257.84490966796875,8.97620964050293,2022
ISMN_SNOTEL_LongDrawResv,0.19634310901165009,0.2372218817472458,249.80978393554688,257.82293701171875,7.970184326171875,2022
ISMN_SNOTEL_DryLake,0.2068951278924942,0.22626611590385437,244.17572021484375,254.99374389648438,5.721253871917725,2022
ISMN_SNOTEL_MosbyMtn.,0.15094125270843506,0.15801270306110382,248.6080322265625,259.4424743652344,4.6591105461120605,2022
ISMN_SNOTEL_KingsCabin,0.1345471441745758,0.1395137459039688,248.05441284179688,260.8601989746094,1.8714163303375244,2022
ISMN_SNOTEL_TroutCreek,0.14715705811977386,0.1525242030620575,248.7515411376953,260.2870788574219,4.492635250091553,2022
ISMN_SNOTEL_Zirkel,0.1706121265888214,0.1871664971113205,242.8368377685547,255.44398498535156,2.93609619140625,2022
ISMN_SNOTEL_LostDog,0.20232579112052917,0.2241503894329071,244.7362518310547,254.8705596923828,5.928974151611328,2022
ISMN_SNOTEL_HickersonPark,0.16858772933483124,0.17933513224124908,247.22076416015625,257.6968994140625,4.491477966308594,2022
ISMN_SNOTEL_BlackhallMtn,0.1782809942960739,0.19630806148052216,245.62103271484375,256.9775085449219,5.968796253204346,2022
ISMN_SNOTEL_LittleSnakeRiver,0.21309679746627808,0.24245236814022064,247.38710021972656,257.0386047363281,8.363654136657715,2022
ISMN_SNOTEL_CinnabarPark,0.1595739871263504,0.17848990857601166,245.62539672851562,258.6850891113281,7.5640482902526855,2022
ISMN_SNOTEL_SouthBrushCreek,0.1680191606283188,0.18582984805107117,245.14669799804688,257.5843811035156,6.017171382904053,2022
ISMN_SNOTEL_BrooklynLake,0.14742936193943024,0.1623101532459259,245.69956970214844,258.687744140625,6.737710475921631,2022
ISMN_SNOTEL_MedBow,0.18432560563087463,0.20348091423511505,245.89382934570312,257.6754150390625,8.190844535827637,2022
ISMN_SNOTEL_SageCreekBasin,0.1273166537284851,0.13761013746261597,244.41358947753906,259.7944641113281,1.8225427865982056,2022
ISMN_SNOTEL_WindyPeak,0.11088941246271133,0.12723788619041443,246.2579803466797,260.86126708984375,1.3164020776748657,2022
ISMN_SNOTEL_BigSandyOpening,0.13916270434856415,0.1664065271615982,246.8615264892578,257.4001159667969,3.219985008239746,2022
ISMN_SNOTEL_PocketCreek,0.15756402909755707,0.18612182140350342,245.6784210205078,255.9993438720703,3.496171236038208,2022
ISMN_SCAN_CPER,0.10049375146627426,0.11186284571886063,242.28541564941406,264.1551513671875,0.4045566916465759,2022
ISMN_SCAN_Nunn#1,0.09644786268472672,0.10872295498847961,242.17291259765625,264.30487060546875,0.3060976266860962,2022
ISMN_SCAN_Torrington#1,0.11292770504951477,0.1238895058631897,241.41905212402344,262.6627502441406,0.48243287205696106,2022
ISMN_SCAN_RogersFarm#1,0.19209714233875275,0.19852907955646515,235.8981475830078,257.5498962402344,1.5366491079330444,2022
ISMN_SCAN_ShagbarkHills,0.15765374898910522,0.17309565842151642,242.92633056640625,260.7395324707031,1.4001842737197876,2022
ISMN_SCAN_Spickard,0.27779510617256165,0.2815651595592499,227.08291625976562,247.99424743652344,2.487764835357666,2022
ISMN_SCAN_Ames,0.19973410665988922,0.19899815320968628,232.9042510986328,254.57394409179688,1.478018045425415,2022
ISMN_SCAN_UWPlatteville,0.22996237874031067,0.2450849860906601,234.46229553222656,252.8616485595703,2.226612091064453,2022
ISMN_SCAN_MahantangoCk,0.25841018557548523,0.27920785546302795,243.75823974609375,255.6049346923828,7.5728583335876465,2022
ISMN_SCAN_RockSpringsPa,0.2525078058242798,0.27545610070228577,247.7941131591797,257.0342712402344,8.63082218170166,2022
ISMN_SCAN_Geneva#1,0.23368479311466217,0.2322835773229599,233.00509643554688,250.2506866455078,3.043311357498169,2022
ISMN_SCAN_LyeBrook,0.3400385081768036,0.37419643998146057,252.03021240234375,257.8843688964844,11.814889907836914,2022
ISMN_SCAN_HubbardBrook,0.3345368206501007,0.3753170669078827,253.47769165039062,258.44940185546875,12.03986644744873,2022
ISMN_REMEDHUS_Canizal,0.13053500652313232,0.12645113468170166,241.572998046875,263.99420166015625,1.0814937353134155,2022
ISMN_REMEDHUS_LasEritas,0.13053500652313232,0.12645113468170166,241.572998046875,263.99420166015625,1.0814937353134155,2022
ISMN_REMEDHUS_Carretoro,0.13053500652313232,0.12645113468170166,241.572998046875,263.99420166015625,1.0814937353134155,2022
ISMN_REMEDHUS_LasTresRayas,0.14938698709011078,0.1457366943359375,238.63174438476562,261.24896240234375,1.3148654699325562,2022
ISMN_REMEDHUS_LaCruzdeElias,0.12836338579654694,0.1241152435541153,241.6977996826172,264.192626953125,1.04831063747406,2022
ISMN_REMEDHUS_Guarrati,0.13354304432868958,0.13031356036663055,241.1615447998047,263.6605224609375,1.1250245571136475,2022
ISMN_REMEDHUS_Granja-g,0.13053500652313232,0.12645113468170166,241.572998046875,263.99420166015625,1.0814937353134155,2022
ISMN_REMEDHUS_ElTomillar,0.13536867499351501,0.13013195991516113,241.41384887695312,263.42413330078125,1.0199648141860962,2022
ISMN_REMEDHUS_LlanosdelaBoveda,0.12920436263084412,0.12373572587966919,242.16397094726562,264.1637268066406,1.0048366785049438,2022
ISMN_REMEDHUS_LasArenas,0.14340610802173615,0.1375686526298523,240.10208129882812,262.20947265625,1.125786304473877,2022
ISMN_REMEDHUS_ElCoto,0.13536867499351501,0.13013195991516113,241.41384887695312,263.42413330078125,1.0199648141860962,2022
ISMN_REMEDHUS_CasaPeriles,0.12920436263084412,0.12373572587966919,242.16397094726562,264.1637268066406,1.0048366785049438,2022
ISMN_REMEDHUS_LasVictorias,0.1331028789281845,0.12662234902381897,242.1963348388672,263.81671142578125,1.0318365097045898,2022
ISMN_REMEDHUS_LasBrozas,0.1331028789281845,0.12662234902381897,242.1963348388672,263.81671142578125,1.0318365097045898,2022
ISMN_REMEDHUS_Paredinas,0.1331028789281845,0.12662234902381897,242.1963348388672,263.81671142578125,1.0318365097045898,2022
ISMN_SMOSMANIA_Urgons,0.22056326270103455,0.2227228283882141,246.02296447753906,259.5235595703125,2.6009130477905273,2022
ISMN_SMOSMANIA_CreondArmagnac,0.21004362404346466,0.21152828633785248,252.8445281982422,262.763427734375,6.7039995193481445,2022
ISMN_SMOSMANIA_Sabres,0.18705977499485016,0.18689453601837158,256.016845703125,264.5386657714844,4.2074151039123535,2022
ISMN_FR_Aqui_fraye,0.23617491126060486,0.22777989506721497,252.87625122070312,262.6140441894531,7.187273025512695,2022
ISMN_FR_Aqui_hillan2,0.2293415665626526,0.22173252701759338,253.49876403808594,263.1521911621094,6.994784355163574,2022
ISMN_FR_Aqui_parcmeteo,0.22956572473049164,0.21980020403862,248.27206420898438,260.36444091796875,4.851812839508057,2022
ISMN_XMS-CAT_RiberadeSio,0.16571620106697083,0.1682349443435669,244.8976593017578,264.5865173339844,1.9007270336151123,2022
ISMN_XMS-CAT_ElMiracle,0.17452676594257355,0.1830143928527832,252.0557403564453,265.72265625,2.4154293537139893,2022
ISMN_XMS-CAT_Clarella,0.1614723801612854,0.1839011311531067,259.42791748046875,267.4993591308594,8.397124290466309,2022
ISMN_XMS-CAT_LosCoscolls,0.20375095307826996,0.21857023239135742,252.3022003173828,262.63287353515625,3.4470736980438232,2022
ISMN_XMS-CAT_CamidelsNerets,0.19813178479671478,0.2113233208656311,251.90780639648438,262.4396057128906,2.923506736755371,2022
ISMN_XMS-CAT_ClotdelesPeresII,0.2012927234172821,0.21060287952423096,251.7003173828125,262.45538330078125,3.0733933448791504,2022
ISMN_XMS-CAT_ColldePaller,0.21630237996578217,0.2386101335287094,253.7799072265625,262.8469543457031,5.726339817047119,2022
ISMN_XMS-CAT_SerradeCostaAmpla,0.215969055891037,0.22934114933013916,252.11610412597656,261.5129089355469,4.000119686126709,2022
ISMN_XMS-CAT_Pessonada,0.21597197651863098,0.23180562257766724,252.47698974609375,261.5240478515625,4.398981094360352,2022
ISMN_XMS-CAT_ElBoixer,0.22471201419830322,0.2474507987499237,252.58160400390625,259.4548645019531,4.767877578735352,2022
ISMN_XMS-CAT_BordaColl,0.22806157171726227,0.26469331979751587,255.84521484375,261.5586853027344,8.741251945495605,2022
ISMN_XMS-CAT_BatlliudeSort,0.23411108553409576,0.2645038962364197,253.38352966308594,259.7767028808594,6.578132152557373,2022
ISMN_XMS-CAT_Llivia,0.18535853922367096,0.22010590136051178,252.971435546875,260.0215759277344,5.218832492828369,2022
ISMN_XMS-CAT_LaCultiadAreu,0.2168431431055069,0.25118494033813477,255.5469207763672,260.11102294921875,7.410590171813965,2022
ISMN_SMOSMANIA_Mouthoumet,0.2310958057641983,0.23847724497318268,256.12835693359375,265.3587341308594,8.859036445617676,2022
ISMN_SMOSMANIA_Narbonne,0.17372778058052063,0.18308530747890472,251.4179229736328,265.4775390625,2.147710084915161,2022
ISMN_SMOSMANIA_LezignanCorbieres,0.18767264485359192,0.1923328936100006,253.37109375,264.5545654296875,4.587945461273193,2022
ISMN_SMOSMANIA_Montaut,0.2103666514158249,0.20400892198085785,243.328369140625,260.11151123046875,1.9447599649429321,2022
ISMN_SMOSMANIA_Prades-le-Lez,0.17433926463127136,0.19043360650539398,250.51522827148438,265.091796875,2.6326775550842285,2022
ISMN_SMOSMANIA_Pezenas,0.17433926463127136,0.19043360650539398,250.51522827148438,265.091796875,2.6326775550842285,2022
ISMN_SMOSMANIA_Lahas,0.21488827466964722,0.210341677069664,242.09548950195312,260.0111999511719,1.8976974487304688,2022
ISMN_SMOSMANIA_PeyrusseGrande,0.2278929352760315,0.22655396163463593,242.7772674560547,259.2906799316406,2.199631690979004,2022
ISMN_SMOSMANIA_Villevielle,0.22225572168827057,0.2305191308259964,245.72940063476562,261.3289794921875,3.3149912357330322,2022
ISMN_SMOSMANIA_Savenes,0.21452966332435608,0.20612706243991852,241.5044403076172,259.12762451171875,1.9190099239349365,2022
ISMN_SMOSMANIA_Condom,0.22246681153774261,0.2179742008447647,243.84193420410156,260.236572265625,2.626882553100586,2022
ISMN_SMOSMANIA_Mejannes-le-Clap,0.21373583376407623,0.21638822555541992,253.3544464111328,264.2857971191406,5.858694076538086,2022
ISMN_SMOSMANIA_LaGrandCombe,0.22465869784355164,0.23966704308986664,255.64503479003906,263.72930908203125,8.10442066192627,2022
ISMN_SMOSMANIA_Berzeme,0.22206157445907593,0.22886374592781067,252.1408233642578,262.3061218261719,6.363239765167236,2022
ISMN_SMOSMANIA_Barnas,0.22583414614200592,0.2537926137447357,254.56460571289062,261.99542236328125,9.835840225219727,2022
ISMN_SMOSMANIA_Mazan-Abbaye,0.2270652800798416,0.25228509306907654,253.31832885742188,260.96331787109375,9.97740364074707,2022
ISMN_SMOSMANIA_CabrieresdAvignon,0.19365014135837555,0.19793908298015594,252.12539672851562,264.599365234375,4.062341213226318,2022
ISMN_STEMS_CarpenetopermanentGrassCoverTrackposition,0.2165481597185135,0.22058290243148804,251.54470825195312,262.52197265625,6.123837947845459,2022
ISMN_STEMS_CarpenetopermanentGrassCoverNoTrackposition,0.2165481597185135,0.22058290243148804,251.54470825195312,262.52197265625,6.123837947845459,2022
ISMN_RSMN_RosioriideVede,0.17128370702266693,0.17391842603683472,244.41419982910156,262.468505859375,1.8434953689575195,2022
ISMN_RSMN_Bacles,0.18984423577785492,0.19568125903606415,246.00511169433594,260.5537109375,2.511215925216675,2022
ISMN_WATERLINE_Kerasia,0.19353711605072021,0.2056579738855362,250.26084899902344,262.21331787109375,4.66140604019165,2022
ISMN_WATERLINE_Nymfaia,0.189140185713768,0.19785748422145844,250.2711639404297,262.4201354980469,4.379699230194092,2022
ISMN_RSMN_Calarasi,0.17734965682029724,0.1789492964744568,244.5711669921875,261.7591247558594,2.1109440326690674,2022
ISMN_ROMPS_Kokomeren,0.17316237092018127,0.19793397188186646,250.18431091308594,257.9942626953125,0.3426837623119354,2022
ISMN_ROMPS_Maydantal,0.14584994316101074,0.16945217549800873,252.25782775878906,260.5411682128906,0.2876553535461426,2022
ISMN_ROMPS_GolubinGlacier,0.18916672468185425,0.2229706048965454,245.09637451171875,253.38119506835938,0.5185075998306274,2022
ISMN_SNOTEL_ClackamasLake,0.31542283296585083,0.356235146522522,250.46621704101562,257.2548828125,13.496532440185547,2022
ISMN_SNOTEL_Fifteenmile,0.2571316659450531,0.2879568636417389,251.2422637939453,257.8001403808594,12.497954368591309,2022
ISMN_SNOTEL_BlazedAlder,0.3426203727722168,0.3698987066745758,252.7615966796875,257.560791015625,14.171905517578125,2022
ISMN_SNOTEL_BurntMountain,0.31779944896698,0.32497718930244446,250.9124298095703,256.8346252441406,13.119236946105957,2022
ISMN_SNOTEL_Trough,0.14884649217128754,0.16130582988262177,248.41928100585938,260.36572265625,5.103562355041504,2022
ISMN_USCRN_Quinault-4-NE,0.6699637770652771,0.6603713631629944,247.30836486816406,252.21726989746094,14.496023178100586,2022
ISMN_SNOTEL_Buckinghorse,0.3379649221897125,0.38543614745140076,254.9246063232422,257.7066650390625,12.299232482910156,2022
ISMN_SNOTEL_BrownTop,0.3016810715198517,0.350275456905365,254.82443237304688,257.6435241699219,10.483434677124023,2022
ISMN_SNOTEL_Touchet,0.23129278421401978,0.25283461809158325,248.36802673339844,257.0500183105469,8.989459037780762,2022
ISMN_SNOTEL_SourdoughGulch,0.20398403704166412,0.21438926458358765,245.35594177246094,256.8487243652344,5.323338031768799,2022
ISMN_SNOTEL_PierceR.S.,0.3956129252910614,0.43267500400543213,249.6388702392578,255.98065185546875,13.362051963806152,2022
ISMN_SNOTEL_CraterMeadows,0.37172046303749084,0.4272199273109436,254.00294494628906,257.6506042480469,13.190263748168945,2022
ISMN_SNOTEL_ShanghiSummit,0.39474400877952576,0.43760162591934204,250.83335876464844,256.5154724121094,13.533286094665527,2022
ISMN_SNOTEL_Sherwin,0.36404138803482056,0.4055086076259613,249.6326446533203,256.0843200683594,13.719538688659668,2022
ISMN_SCAN_Lind#1,0.12479806691408157,0.16216163337230682,245.4216766357422,262.79901123046875,0.46347060799598694,2022
ISMN_SNOTEL_MicaCreek,0.35103845596313477,0.38122186064720154,250.2189483642578,256.2169494628906,13.348343849182129,2022
ISMN_USCRN_Spokane-17-SSW,0.17981883883476257,0.1834114044904709,237.62417602539062,255.86265563964844,2.6490015983581543,2022
ISMN_SNOTEL_Lookout,0.35186678171157837,0.4137842059135437,254.28831481933594,258.0916748046875,12.943723678588867,2022
ISMN_SNOTEL_Sunset,0.34349924325942993,0.4047117233276367,254.0642852783203,257.9781494140625,13.037105560302734,2022
ISMN_SNOTEL_RaggedMountain,0.22640693187713623,0.22778980433940887,245.4005126953125,257.14788818359375,9.65520191192627,2022
ISMN_SNOTEL_MosesMtn,0.1806606948375702,0.1991094946861267,248.26878356933594,258.9823303222656,9.333017349243164,2022
ISMN_SNOTEL_GoldAxeCamp,0.19483670592308044,0.2242005169391632,251.0321502685547,259.4029846191406,9.913825988769531,2022
ISMN_SCAN_TableMountain,0.14846621453762054,0.16354432702064514,236.88404846191406,256.6094665527344,0.4192257225513458,2022
ISMN_SNOTEL_SavagePass,0.33146706223487854,0.40530914068222046,251.4387664794922,256.369384765625,11.948354721069336,2022
ISMN_SCAN_ConradAgRc,0.11148273199796677,0.13067440688610077,244.6240234375,262.56597900390625,0.4249984920024872,2022
ISMN_SCAN_Violett,0.1187828853726387,0.1311158388853073,243.0740966796875,261.92047119140625,0.25765636563301086,2022
ISMN_SCAN_Moccasin,0.17069484293460846,0.18953967094421387,232.93881225585938,254.7984161376953,0.5218576192855835,2022
ISMN_SCAN_Jordan,0.1444801390171051,0.15648019313812256,238.27745056152344,258.9677734375,0.3397950232028961,2022
ISMN_SCAN_Mandan#1,0.1773708015680313,0.18913888931274414,232.3321990966797,255.20021057128906,1.2143681049346924,2022
ISMN_SCAN_Sidney,0.17228904366493225,0.19264717400074005,231.2017822265625,254.4978790283203,0.5334362983703613,2022
ISMN_SCAN_CrescentLake#1,0.21874581277370453,0.225479394197464,235.2168426513672,252.7218017578125,2.299062967300415,2022
ISMN_SCAN_Wabeno#1,0.3062499165534973,0.3402010202407837,252.88336181640625,258.5896301269531,11.648066520690918,2022
ISMN_USCRN_Chatham-1-SE,0.3612329065799713,0.3387554883956909,252.01943969726562,257.8963623046875,11.206835746765137,2022
ISMN_LABFLUX_Bussolenobosco,0.22902736067771912,0.2729215621948242,251.64390563964844,257.5965270996094,5.47489595413208,2022
ISMN_RSMN_Banloc,0.20724646747112274,0.20364299416542053,235.86691284179688,256.4620666503906,1.9476042985916138,2022
ISMN_RSMN_Dumbraveni,0.2466696947813034,0.26403430104255676,240.53543090820312,254.07887268066406,4.515401840209961,2022
ISMN_RSMN_Oradea,0.2193530946969986,0.22076889872550964,236.30677795410156,254.6620330810547,2.9267842769622803,2022
ISMN_RSMN_Tecuci,0.16958877444267273,0.16194474697113037,241.1295166015625,260.4273986816406,1.5884571075439453,2022
ISMN_RSMN_Barlad,0.1705096811056137,0.1707659214735031,242.90289306640625,260.7989196777344,1.847906470298767,2022
ISMN_RSMN_Cotnari,0.1902042031288147,0.19562141597270966,238.11618041992188,257.1015319824219,1.7698153257369995,2022
ISMN_RSMN_Darabani,0.17303049564361572,0.17849664390087128,241.38819885253906,259.03594970703125,2.12567138671875,2022
ISMN_COSMOS-UK_Fivemiletown,0.3716423809528351,0.38158100843429565,234.54298400878906,246.4950408935547,3.1428842544555664,2022
ISMN_COSMOS-UK_PortonDown,0.2372032105922699,0.24154643714427948,235.5778350830078,254.0698699951172,3.0609333515167236,2022
ISMN_COSMOS-UK_AliceHolt,0.2194676399230957,0.22805047035217285,242.22940063476562,258.9393005371094,6.81370735168457,2022
ISMN_COSMOS-UK_Heytesbury,0.25157657265663147,0.2516723573207855,234.3065185546875,252.6470184326172,2.8220577239990234,2022
ISMN_COSMOS-UK_Sheepdrove,0.24725572764873505,0.24493063986301422,231.9107208251953,252.3428497314453,2.650420665740967,2022
ISMN_COSMOS-UK_Waddesdon,0.24645888805389404,0.2356141358613968,231.8067169189453,252.73788452148438,3.1034939289093018,2022
ISMN_COSMOS-UK_Cardington,0.2221599668264389,0.21142740547657013,230.531982421875,253.8975067138672,2.518951892852783,2022
ISMN_COSMOS-UK_MoretonMorrell,0.2609362304210663,0.25209736824035645,229.05194091796875,250.34967041015625,2.7192392349243164,2022
ISMN_COSMOS-UK_Stoughton,0.24176467955112457,0.2332174926996231,228.90643310546875,251.68002319335938,2.9470369815826416,2022
ISMN_COSMOS-UK_BunnyPark,0.23822161555290222,0.22569341957569122,229.90838623046875,251.8976287841797,3.069969415664673,2022
ISMN_COSMOS-UK_SpenFarm,0.23174737393856049,0.21917332708835602,229.1688232421875,250.98666381835938,2.6986021995544434,2022
ISMN_COSMOS-UK_HollinHill,0.25151383876800537,0.24587076902389526,227.92828369140625,249.26258850097656,3.049852132797241,2022
ISMN_COSMOS-UK_LullingtonHeath,0.27128782868385315,0.2560524344444275,237.10292053222656,252.24085998535156,2.3886661529541016,2022
ISMN_COSMOS-UK_Redhill,0.1899517923593521,0.1663108617067337,239.80209350585938,259.0580749511719,3.3316352367401123,2022
ISMN_COSMOS-UK_Writtle,0.20125634968280792,0.18131351470947266,234.5470428466797,257.4369812011719,2.7470579147338867,2022
ISMN_COSMOS-UK_Elmsett,0.21588429808616638,0.2090873271226883,231.675048828125,253.7864532470703,2.400350332260132,2022
ISMN_COSMOS-UK_Euston,0.21149131655693054,0.20738939940929413,234.78598022460938,255.1156005859375,3.49756121635437,2022
ISMN_COSMOS-UK_Redmere,0.2281118482351303,0.2174174040555954,230.8201141357422,252.46533203125,2.551828622817993,2022
ISMN_COSMOS-UK_Morley,0.2074403017759323,0.20266033709049225,234.87469482421875,255.2186737060547,2.5588483810424805,2022
ISMN_COSMOS-UK_Fincham,0.22567544877529144,0.2168058604001999,232.06283569335938,253.10325622558594,3.199610948562622,2022
ISMN_TERENO_Schoeneseiffen,0.29374462366104126,0.2945865988731384,242.67433166503906,255.28369140625,9.69228744506836,2022
ISMN_TERENO_Merzenhausen,0.22284768521785736,0.20870161056518555,234.9079132080078,253.72689819335938,4.164618968963623,2022
ISMN_TWENTE_Hupsel,0.23209072649478912,0.2228960245847702,233.28497314453125,250.11773681640625,3.5934135913848877,2022
ISMN_TWENTE_ITCSM-08b,0.22664833068847656,0.2174122929573059,233.6964569091797,250.71914672851562,3.8007137775421143,2022
ISMN_TWENTE_ITCSM-09,0.21769097447395325,0.2103998363018036,234.04391479492188,251.38043212890625,3.7603352069854736,2022
ISMN_TWENTE_ITCSM-13,0.2587526738643646,0.25251418352127075,232.26248168945312,248.73944091796875,4.242359161376953,2022
ISMN_TWENTE_ITCSM-15b,0.2723352015018463,0.2607089579105377,231.06793212890625,247.83851623535156,4.527590751647949,2022
ISMN_TWENTE_ITCSM-16b,0.28071150183677673,0.2703092694282532,230.59788513183594,247.30023193359375,4.587575912475586,2022
ISMN_TWENTE_ITCSM-17c,0.286262184381485,0.27378252148628235,228.76788330078125,246.18223571777344,4.535263538360596,2022
ISMN_MOL-RAO_Falkenberg,0.22317452728748322,0.22920696437358856,244.30311584472656,257.11468505859375,7.921009063720703,2022
ISMN_Berlin_PSA17suedpark,0.2040974348783493,0.18346090614795685,241.8941650390625,256.45953369140625,4.968260765075684,2022
ISMN_Berlin_PSA7Ruebezahl,0.21199186146259308,0.19520044326782227,242.28643798828125,256.62213134765625,6.076704502105713,2022
ISMN_Berlin_PSA18Pfaueninsel,0.23502415418624878,0.21511323750019073,240.32412719726562,255.1889190673828,7.176023006439209,2022
ISMN_Berlin_PSA1BerlinerStr,,,241.1090087890625,256.0061950683594,5.4426727294921875,2022
ISMN_Berlin_PSA6Plaenterwald,,,241.64247131347656,256.4667053222656,4.397750377655029,2022
ISMN_Berlin_PSA4Heerstrasse,0.22427453100681305,0.2012939751148224,240.75352478027344,255.6122283935547,6.377983570098877,2022
ISMN_Berlin_PflABerlin12Schi,,,241.64247131347656,256.4667053222656,4.397750377655029,2022
ISMN_Berlin_PSA2Tiergarten,,,241.38082885742188,256.3445129394531,4.535599708557129,2022
ISMN_Berlin_PflABerlin13Marz,0.2040974348783493,0.18346090614795685,241.8941650390625,256.45953369140625,4.968260765075684,2022
ISMN_Berlin_PflABerlin11Humb,,,241.38082885742188,256.3445129394531,4.535599708557129,2022
ISMN_Berlin_PSA16krugwiesen,0.20579086244106293,0.18820573389530182,242.37001037597656,256.6867370605469,5.775320529937744,2022
ISMN_Berlin_PSA15bucherchaus,0.21029189229011536,0.18883894383907318,242.10072326660156,256.5571594238281,5.882601737976074,2022
ISMN_Berlin_PSA14wiltinger,0.21395756304264069,0.19780224561691284,241.77015686035156,255.84962463378906,6.170843124389648,2022
ISMN_SNOTEL_McneilRiverSGS,0.25388723611831665,0.27935320138931274,244.98008728027344,255.01332092285156,1.7884984016418457,2022
ISMN_SNOTEL_PortGraham,,,78.5800552368164,116.89293670654297,8.611120223999023,2022
ISMN_SNOTEL_NukaGlacier,0.19212856888771057,0.21928377449512482,247.62571716308594,256.2857360839844,3.173757553100586,2022
ISMN_SNOTEL_AnchorRiverDivide,0.14318329095840454,0.17593654990196228,252.04629516601562,258.9033203125,2.508997678756714,2022
ISMN_SNOTEL_MooreCreekBridge,0.2674740254878998,0.294523686170578,249.0143280029297,254.76278686523438,1.9090806245803833,2022
ISMN_COSMOS-UK_HartwoodHome,0.2818852663040161,0.27941417694091797,234.4039764404297,248.6833953857422,2.8083596229553223,2022
ISMN_COSMOS-UK_Cochno,0.28551796078681946,0.2850887179374695,236.01792907714844,249.47711181640625,3.247065782546997,2022
ISMN_COSMOS-UK_Balruddery,0.24392807483673096,0.24571597576141357,228.4379119873047,248.48590087890625,2.8116726875305176,2022
ISMN_HOBE_2.01,0.23135527968406677,0.23227274417877197,234.5144805908203,251.74827575683594,3.6820948123931885,2022
ISMN_HOBE_2.11,0.2394508570432663,0.23436219990253448,233.45849609375,250.81570434570312,3.683661937713623,2022
ISMN_HOBE_1.07,0.23410850763320923,0.2335195094347,234.82183837890625,251.6815185546875,4.378071308135986,2022
ISMN_SNOTEL_Aniak,0.26771223545074463,0.2889971137046814,244.3297119140625,253.36277770996094,1.8165414333343506,2022
ISMN_SNOTEL_McGrath,0.21291173994541168,0.22770242393016815,251.33644104003906,258.2315368652344,2.5227103233337402,2022
ISMN_SNOTEL_GalenaAK,0.3065444529056549,0.34155240654945374,246.88784790039062,254.61814880371094,2.609576463699341,2022
ISMN_SNOTEL_KenaiMoosePens,0.39035531878471375,0.39464905858039856,250.29393005371094,258.0177307128906,9.443791389465332,2022
ISMN_SNOTEL_TelaquanaLake,0.21573702991008759,0.2556476593017578,252.62156677246094,258.0686950683594,2.4169018268585205,2022
ISMN_SNOTEL_SusitnaValleyHigh,0.3563450276851654,0.3678467273712158,249.68148803710938,257.16943359375,5.434890270233154,2022
ISMN_SNOTEL_TokositnaValley,0.25884389877319336,0.27559953927993774,248.49253845214844,255.78436279296875,2.3574166297912598,2022
ISMN_SNOTEL_ExitGlacier,0.16660615801811218,0.18413516879081726,250.33143615722656,258.0358581542969,1.5928927659988403,2022
ISMN_SNOTEL_SummitCreek,0.24176068603992462,0.2773752510547638,252.84288024902344,257.4105224609375,2.8725087642669678,2022
ISMN_SNOTEL_UpperTsainaRiver,0.21117255091667175,0.23270241916179657,250.2617950439453,256.2342529296875,0.6455552577972412,2022
ISMN_SNOTEL_SpringCreek,0.21502196788787842,0.23804333806037903,252.1959991455078,258.594482421875,4.777743816375732,2022
ISMN_SNOTEL_GulkanaRiver,0.21432462334632874,0.23830153048038483,251.48455810546875,258.7138671875,3.1684024333953857,2022
ISMN_SNOTEL_FieldingLake,0.21857880055904388,0.23928163945674896,249.36241149902344,257.18341064453125,1.514909029006958,2022
ISMN_SNOTEL_GraniteCrk,0.1652434766292572,0.1922011524438858,251.80055236816406,260.5966491699219,5.524625301361084,2022
ISMN_SNOTEL_Chisana,0.19423653185367584,0.22597993910312653,250.3867645263672,256.3270568847656,1.1911977529525757,2022
ISMN_SNOTEL_Tok,0.15668609738349915,0.19306987524032593,256.636962890625,261.46807861328125,4.461536407470703,2022
ISMN_SNOTEL_JackWadeJct,0.14134174585342407,0.18232949078083038,257.5002746582031,262.26873779296875,2.745889186859131,2022
ISMN_SNOTEL_KellyStation,0.19807139039039612,0.21837042272090912,245.5348358154297,255.45806884765625,1.1905796527862549,2022
ISMN_SNOTEL_GobblersKnob,0.1516110897064209,0.17737694084644318,253.12539672851562,260.2253112792969,1.7870371341705322,2022
ISMN_SNOTEL_Coldfoot,0.1587613821029663,0.19085446000099182,253.65716552734375,259.4594421386719,1.642381191253662,2022
ISMN_SNOTEL_Mt.Ryan,0.12340757995843887,0.16454245150089264,255.66351318359375,261.8163757324219,1.9640306234359741,2022
ISMN_SNOTEL_UpperNomeCreek,0.11944223940372467,0.15451115369796753,255.38548278808594,261.5492858886719,1.6243407726287842,2022
ISMN_SNOTEL_EagleSummit,0.1136777475476265,0.14864389598369598,255.7413330078125,261.8813781738281,1.712378978729248,2022
ISMN_SNOTEL_ImnaviatCreek,0.1836715191602707,0.2087421417236328,245.88157653808594,254.92127990722656,1.018524408340454,2022
ISMN_FMI_SOD130,0.2491014003753662,0.26407480239868164,246.548095703125,255.2019500732422,3.414724588394165,2022
ISMN_FMI_SOD073,0.2997227609157562,0.30296605825424194,244.580322265625,253.6711883544922,3.439976692199707,2022
ISMN_FMI_SOD071,0.2997227609157562,0.30296605825424194,244.580322265625,253.6711883544922,3.439976692199707,2022
ISMN_FMI_SOD072,0.2997227609157562,0.30296605825424194,244.580322265625,253.6711883544922,3.439976692199707,2022
ISMN_FMI_SOD103,0.2997227609157562,0.30296605825424194,244.580322265625,253.6711883544922,3.439976692199707,2022
ISMN_FMI_SOD101,0.2997227609157562,0.30296605825424194,244.580322265625,253.6711883544922,3.439976692199707,2022
ISMN_FMI_SOD102,0.2997227609157562,0.30296605825424194,244.580322265625,253.6711883544922,3.439976692199707,2022
ISMN_FMI_SOD012,0.2743755877017975,0.2810411751270294,245.32962036132812,254.29598999023438,3.423522710800171,2022
ISMN_FMI_SOD011,0.2743755877017975,0.2810411751270294,245.32962036132812,254.29598999023438,3.423522710800171,2022
ISMN_FMI_SOD013,0.2743755877017975,0.2810411751270294,245.32962036132812,254.29598999023438,3.423522710800171,2022
ISMN_FMI_SOD081,0.2743755877017975,0.2810411751270294,245.32962036132812,254.29598999023438,3.423522710800171,2022
ISMN_FMI_SOD083,0.2743755877017975,0.2810411751270294,245.32962036132812,254.29598999023438,3.423522710800171,2022
