station,split,elevation_m_current,merit_elv,merit_min3,merit_max3,elev_from_sp,elev_flag,merit_suggested_m,band_now,band_if_merit_used,band_would_change
ISMN_AMMA-CATCH_Banizoumbou,train,208.0,208.6999969482422,205.1999969482422,209.6000061035156,256.4702984354949,PROBABLY_SRTM_BACKFILL,,Low,Low,False
ISMN_AMMA-CATCH_Tondikiboro,train,235.0,236.6000061035156,232.90000915527344,239.0,256.4702984354949,OK,,Low,Low,False
ISMN_ARM_Anthony,train,412.0,417.7000122070313,416.8999938964844,418.2000122070313,421.4886697402408,OK,,Low,Low,False
ISMN_ARM_Ashton,train,386.0,380.2000122070313,377.5,385.3000183105469,343.3630612448551,OK,,Low,Low,False
ISMN_ARM_Byron,train,360.0,361.6000061035156,360.8999938964844,362.1000061035156,353.88824076345094,OK,,Low,Low,False
ISMN_ARM_Lamont-CF1,oos,318.0,311.5,308.70001220703125,317.8000183105469,296.7484420974861,OK,,Low,Low,False
ISMN_ARM_Lamont-CF2,oos,315.0,314.3999938964844,313.3999938964844,317.20001220703125,297.4155135288343,PROBABLY_SRTM_BACKFILL,,Low,Low,False
ISMN_ARM_MapleCity,oos,417.0,366.2000122070313,365.0,368.8000183105469,354.46816787420585,OK,,Low,Low,False
ISMN_ARM_Marshall,train,336.0,336.3000183105469,333.0,338.1000061035156,301.94307546553324,PROBABLY_SRTM_BACKFILL,,Low,Low,False
ISMN_ARM_Medford,oos,328.0,336.20001220703125,334.6000061035156,337.20001220703125,332.434005148832,OK,,Low,Low,False
ISMN_ARM_Morrison,train,279.0,310.70001220703125,308.1000061035156,311.6000061035156,267.9686697430833,OK,,Low,Low,False
ISMN_ARM_Newkirk,train,357.0,351.3999938964844,349.3999938964844,352.70001220703125,327.2080375773503,OK,,Low,Low,False
ISMN_ARM_Omega,oos,371.0,364.2000122070313,363.3000183105469,367.7000122070313,368.9163943633398,OK,,Low,Low,False
ISMN_ARM_Pawhuska,train,331.0,331.5,326.8999938964844,333.0,313.0371370828817,PROBABLY_SRTM_BACKFILL,,Low,Low,False
ISMN_ARM_Ringwood,train,418.0,417.3999938964844,415.3999938964844,418.3000183105469,396.8962862987042,PROBABLY_SRTM_BACKFILL,,Low,Low,False
ISMN_ARM_Tryon,train,294.0,294.5,291.70001220703125,295.8000183105469,271.6042367945135,PROBABLY_SRTM_BACKFILL,,Low,Low,False
ISMN_ARM_Tyro,train,248.0,251.6000061035156,250.40000915527344,253.0,239.0584789182188,OK,,Low,Low,False
ISMN_ARM_Waukomis,train,379.0,384.7000122070313,384.7000122070313,387.5,367.23333025401286,OK,,Low,Low,False
ISMN_Berlin_DWDBerlin-Spaeth,oos,9.0,35.5,35.5,36.29999923706055,24.8306075768976,OK,,Low,Low,False
ISMN_Berlin_DWDBerlinTempel,oos,4.0,45.60000228881836,45.400001525878906,48.0,24.47213079178561,OK,,Low,Low,False
ISMN_Berlin_PSA14wiltinger,train,85.0,53.79999923706055,53.10000228881836,55.70000076293945,32.169970583367586,OK,,Low,Low,False
ISMN_Berlin_PSA15bucherchaus,train,49.0,55.60000228881836,55.60000228881836,58.20000076293945,40.27735048747256,OK,,Low,Low,False
ISMN_Berlin_PSA16krugwiesen,train,91.0,61.20000076293945,59.60000228881836,62.0,40.82037923112748,OK,,Low,Low,False
ISMN_Berlin_PSA17suedpark,train,63.0,47.400001525878906,46.60000228881836,47.5,23.907409421930847,OK,,Low,Low,False
ISMN_Berlin_PSA18Pfaueninsel,train,57.0,42.900001525878906,37.900001525878906,43.5,21.07602739800469,OK,,Low,Low,False
ISMN_Berlin_PSA1BerlinerStr,val,89.0,50.29999923706055,50.10000228881836,54.0,25.761411549299837,OK,,Low,Low,False
ISMN_Berlin_PSA2Tiergarten,train,46.0,35.29999923706055,34.60000228881836,36.0,33.43837138212257,OK,,Low,Low,False
ISMN_Berlin_PSA4Heerstrasse,train,5.0,53.5,52.29999923706055,54.20000076293945,32.17968620068117,OK,,Low,Low,False
ISMN_Berlin_PSA6Plaenterwald,train,21.0,38.29999923706055,37.79999923706055,38.400001525878906,24.765852470981077,OK,,Low,Low,False
ISMN_Berlin_PSA7Ruebezahl,val,28.0,37.20000076293945,36.70000076293945,39.0,24.60212513597736,OK,,Low,Low,False
ISMN_Berlin_PflABerlin11Humb,train,99.0,47.5,42.10000228881836,47.5,33.227995261933124,DISAGREES_OUTSIDE_LOCAL_RELIEF,,Low,Low,False
ISMN_Berlin_PflABerlin12Schi,train,93.0,36.79999923706055,33.70000076293945,39.0,35.61914180224187,DISAGREES_OUTSIDE_LOCAL_RELIEF,,Low,Low,False
ISMN_Berlin_PflABerlin13Marz,train,17.0,56.0,53.400001525878906,57.10000228881836,40.82037923112748,OK,,Low,Low,False
ISMN_COSMOS_KLEE,train,1824.0,1812.5,1811.9000244140625,1813.800048828125,1654.99185636658,OK,,High,High,False
ISMN_COSMOS-UK_AliceHolt,train,80.0,78.70000457763672,76.30000305175781,79.20000457763672,89.90114351933298,OK,,Low,Low,False
ISMN_COSMOS-UK_Balruddery,val,130.0,97.3000030517578,91.4000015258789,103.4000015258789,147.17647861684588,OK,,Low,Low,False
ISMN_COSMOS-UK_BickleyHall,oos,78.0,79.0999984741211,76.30000305175781,81.9000015258789,31.04172294609416,OK,,Low,Low,False
ISMN_COSMOS-UK_BunnyPark,train,39.0,41.10000228881836,39.0,41.20000076293945,49.119503587222695,OK,,Low,Low,False
ISMN_COSMOS-UK_Cardington,train,29.0,30.200000762939453,29.80000114440918,32.29999923706055,55.690832913404414,OK,,Low,Low,False
ISMN_COSMOS-UK_ChimneyMeadows,oos,65.0,66.0999984741211,65.70000457763672,66.80000305175781,83.88505877120835,OK,,Low,Low,False
ISMN_COSMOS-UK_Cochno,train,168.0,172.5,162.1999969482422,176.60000610351562,118.6987648620032,OK,,Low,Low,False
ISMN_COSMOS-UK_CwmGarw,oos,299.0,288.70001220703125,277.70001220703125,302.8999938964844,121.47860266222868,OK,,Low,Low,False
ISMN_COSMOS-UK_Elmsett,train,76.0,74.5,72.20000457763672,76.0999984741211,37.240733033808176,OK,,Low,Low,False
ISMN_COSMOS-UK_Euston,train,18.0,43.29999923706055,42.20000076293945,44.29999923706055,18.84834415073938,OK,,Low,Low,False
ISMN_COSMOS-UK_Fincham,val,15.0,17.80000114440918,15.100000381469728,20.700000762939453,25.065643040703204,OK,,Low,Low,False
ISMN_COSMOS-UK_Fivemiletown,train,174.0,175.40000915527344,164.5,186.5,150.2403191313535,OK,,Low,Low,False
ISMN_COSMOS-UK_HartwoodHome,val,225.0,178.1999969482422,173.3000030517578,182.0,189.531773089306,OK,,Low,Low,False
ISMN_COSMOS-UK_Heytesbury,train,166.0,164.5,160.1999969482422,165.40000915527344,72.5952746074721,OK,,Low,Low,False
ISMN_COSMOS-UK_HollinHill,train,82.0,75.0999984741211,53.900001525878906,98.8000030517578,48.16366512251958,OK,,Low,Low,False
ISMN_COSMOS-UK_HolmeLacy,oos,76.0,71.0,69.0,71.9000015258789,93.78961792119289,OK,,Low,Low,False
ISMN_COSMOS-UK_Loddington,oos,186.0,145.10000610351562,140.10000610351562,151.0,113.48439733435866,OK,,Low,Low,False
ISMN_COSMOS-UK_LullingtonHeath,train,119.0,111.20000457763672,103.4000015258789,116.3000030517578,-7.029965963521307,OK,,Low,Low,False
ISMN_COSMOS-UK_MoretonMorrell,train,53.0,55.10000228881836,54.20000076293945,57.29999923706055,60.354679918748246,OK,,Low,Low,False
ISMN_COSMOS-UK_Morley,train,55.0,56.900001525878906,55.900001525878906,57.60000228881836,22.423887056322148,OK,,Low,Low,False
ISMN_COSMOS-UK_PortonDown,train,146.0,117.70000457763672,114.8000030517578,121.5999984741211,83.10717505628848,OK,,Low,Low,False
ISMN_COSMOS-UK_Redhill,train,91.0,91.5999984741211,85.5999984741211,96.3000030517578,54.89082760252223,PROBABLY_SRTM_BACKFILL,,Low,Low,False
ISMN_COSMOS-UK_Redmere,train,3.0,0.3000000119209289,0.3000000119209289,1.600000023841858,-5.500795786369547,OK,,Low,Low,False
ISMN_COSMOS-UK_Rothamsted,oos,131.0,131.8000030517578,130.3000030517578,132.6999969482422,106.05045798250572,PROBABLY_SRTM_BACKFILL,,Low,Low,False
ISMN_COSMOS-UK_Sheepdrove,train,170.0,182.90000915527344,177.60000610351562,183.8000030517578,106.63185721084317,OK,,Low,Low,False
ISMN_COSMOS-UK_SpenFarm,train,57.0,54.10000228881836,54.0,55.10000228881836,85.57655785180273,OK,,Low,Low,False
ISMN_COSMOS-UK_Stoughton,train,130.0,133.10000610351562,131.10000610351562,134.60000610351562,88.24895711778358,OK,,Low,Low,False
ISMN_COSMOS-UK_Waddesdon,train,98.0,91.5,88.5999984741211,95.5,65.24764136157435,OK,,Low,Low,False
ISMN_COSMOS-UK_Writtle,train,44.0,40.60000228881836,37.900001525878906,44.79999923706055,43.59926959127199,OK,,Low,Low,False
ISMN_CW3E_BoyesCreekCanyon,train,350.0,373.1000061035156,346.3999938964844,392.5,593.792464528675,OK,,Low,Low,False
ISMN_CW3E_BrownsValleySchool,train,71.0,72.20000457763672,68.30000305175781,75.20000457763672,79.55847801150821,OK,,Low,Low,False
ISMN_CW3E_Deerwood,oos,280.0,282.8999938964844,268.1000061035156,297.20001220703125,450.1753510018844,OK,,Low,Low,False
ISMN_CW3E_FeatherRiverCollege,train,1047.0,1045.800048828125,1042.5,1047.5999755859375,1232.9120082028458,OK,,Mid,Mid,False
ISMN_CW3E_NorthCowMountain,oos,1041.0,1037.5,1007.2000122070312,1043.800048828125,492.8719296760517,OK,,Mid,Mid,False
ISMN_CW3E_PotterValleyNorth,val,410.0,418.6000061035156,403.7000122070313,455.6000061035156,593.4209575438854,OK,,Low,Low,False
ISMN_CW3E_SkylineHarvest,oos,836.0,828.2000122070312,792.5,864.0,918.0576007312576,OK,,Mid,Mid,False
ISMN_CW3E_YucaipaValley,oos,641.0,647.7000122070312,639.2000122070312,661.7000122070312,819.8885231777223,OK,,Mid,Mid,False
ISMN_FLUXNET-AMERIFLUX_BouldinIslandAlfalfa,train,-2.7,0.3000000119209289,0.3000000119209289,1.600000023841858,-3.288532751727448,OK,,Low,Low,False
ISMN_FLUXNET-AMERIFLUX_TonziRanch,oos,177.0,172.1999969482422,171.90000915527344,174.90000915527344,161.9750144894794,OK,,Low,Low,False
ISMN_FLUXNET-AMERIFLUX_VairaRanch,duplicate,129.0,160.40000915527344,157.60000610351562,163.8000030517578,161.92502626095512,OK,,Low,Low,False
ISMN_FMI_SAA111,oos,441.0,449.3999938964844,442.3000183105469,457.3999938964844,354.9956379297489,OK,,Low,Low,False
ISMN_FMI_SAA112,oos,441.0,449.3999938964844,442.3000183105469,457.3999938964844,350.0533827461302,OK,,Low,Low,False
ISMN_FMI_SAA120,oos,381.0,380.6000061035156,373.6000061035156,389.6000061035156,347.8173745033785,PROBABLY_SRTM_BACKFILL,,Low,Low,False
ISMN_FMI_SOD011,val,179.0,178.0,175.8000030517578,179.40000915527344,247.66673312042676,OK,,Low,Low,False
ISMN_FMI_SOD012,val,179.0,178.0,175.8000030517578,179.40000915527344,247.66673312042676,OK,,Low,Low,False
ISMN_FMI_SOD013,val,179.0,178.0,175.8000030517578,179.40000915527344,239.908490661627,OK,,Low,Low,False
ISMN_FMI_SOD071,val,184.0,184.1999969482422,182.90000915527344,185.5,247.66673312042676,PROBABLY_SRTM_BACKFILL,,Low,Low,False
ISMN_FMI_SOD072,val,184.0,184.1999969482422,182.90000915527344,185.5,245.53810280915823,PROBABLY_SRTM_BACKFILL,,Low,Low,False
ISMN_FMI_SOD073,val,184.0,184.1999969482422,182.90000915527344,185.5,245.53810280915823,PROBABLY_SRTM_BACKFILL,,Low,Low,False
ISMN_FMI_SOD081,val,174.0,181.0,180.10000610351562,181.40000915527344,247.66673312042676,OK,,Low,Low,False
ISMN_FMI_SOD083,val,174.0,181.0,180.10000610351562,181.40000915527344,243.60337754588332,OK,,Low,Low,False
ISMN_FMI_SOD101,val,186.0,184.8000030517578,183.1000061035156,185.40000915527344,245.52251326682065,OK,,Low,Low,False
ISMN_FMI_SOD102,val,186.0,184.8000030517578,183.1000061035156,185.40000915527344,245.52251326682065,OK,,Low,Low,False
ISMN_FMI_SOD103,val,186.0,184.8000030517578,183.1000061035156,185.40000915527344,245.52251326682065,OK,,Low,Low,False
ISMN_FMI_SOD130,train,152.0,175.90000915527344,174.5,176.1999969482422,255.40008866454795,OK,,Low,Low,False
ISMN_FMI_SOD140,oos,255.0,257.5,251.3000030517578,259.6000061035156,259.5817787353441,OK,,Low,Low,False
ISMN_FR_Aqui_fraye,train,52.42,51.900001525878906,51.20000076293945,55.20000076293945,18.201729343895447,PROBABLY_SRTM_BACKFILL,,Low,Low,False
ISMN_FR_Aqui_hillan2,train,53.78,55.70000076293945,54.20000076293945,56.900001525878906,18.2740503394092,OK,,Low,Low,False
ISMN_FR_Aqui_parcmeteo,train,24.88,23.100000381469727,21.700000762939453,26.30000114440918,-3.3806388794166438,OK,,Low,Low,False
ISMN_HOBE_1.05,oos,80.0,70.4000015258789,70.4000015258789,71.5999984741211,68.5053412939717,OK,,Low,Low,False
ISMN_HOBE_1.07,train,60.0,62.10000228881836,62.10000228881836,63.60000228881836,68.5053412939717,OK,,Low,Low,False
ISMN_HOBE_2.01,train,63.0,61.70000076293945,60.400001525878906,62.400001525878906,75.57392253387349,OK,,Low,Low,False
ISMN_HOBE_2.11,train,40.0,40.5,40.5,41.5,48.634331736936325,PROBABLY_SRTM_BACKFILL,,Low,Low,False
ISMN_HOBE_3.06,oos,38.0,34.900001525878906,34.10000228881836,35.10000228881836,32.373434766716855,OK,,Low,Low,False
ISMN_LAB-net_OromoCalibrationSite,train,115.0,110.8000030517578,110.8000030517578,113.0999984741211,80.09129288738859,OK,,Low,Low,False
ISMN_LABFLUX_Bussolenobosco,train,1100.0,626.6000366210938,606.7999877929688,659.4000244140625,1615.115354181399,DISAGREES_OUTSIDE_LOCAL_RELIEF,,Mid,Mid,False
ISMN_LABFLUX_Nivolet,oos,2555.0,2589.699951171875,2533.199951171875,2622.10009765625,2317.709095927207,OK,,High,High,False
ISMN_MOL-RAO_Falkenberg,train,73.0,74.5,74.30000305175781,75.80000305175781,35.51774047561622,OK,,Low,Low,False
ISMN_NAQU_NQKema,train,4465.0,4490.39990234375,4481.30029296875,4500.0,4439.351229985199,OK,,High,High,False
ISMN_NAQU_NQMS,train,4583.0,4583.39990234375,4578.10009765625,4584.5,4477.596876764448,PROBABLY_SRTM_BACKFILL,,High,High,False
ISMN_NAQU_NQNorth,train,4497.0,4510.30029296875,4505.10009765625,4516.5,4461.337182284343,OK,,High,High,False
ISMN_NGARI_ALI01,train,4265.0,4244.39990234375,4242.5,4249.2001953125,4221.57766880425,OK,,High,High,False
ISMN_NGARI_ALI02,oos,4267.0,4247.60009765625,4242.80029296875,4249.10009765625,4242.928006948272,OK,,High,High,False
ISMN_NGARI_ALI03,oos,4268.0,4243.10009765625,4239.7001953125,4243.5,4242.928006948272,OK,,High,High,False
ISMN_NGARI_SQ19,val,4647.0,4612.0,4608.10009765625,4617.39990234375,4747.057617956767,OK,,High,High,False
ISMN_NGARI_SQ20,train,4695.0,4681.2001953125,4678.7001953125,4685.10009765625,4782.6670208315445,OK,,High,High,False
ISMN_NGARI_SQ21,train,4606.0,4596.39990234375,4594.60009765625,4599.0,4553.688394210382,OK,,High,High,False
ISMN_REMEDHUS_Canizal,train,-99.9,798.2999877929688,797.1000366210938,800.2000122070312,761.0067853542606,SENTINEL__MERIT_SUGGESTS,798.2999877929688,Low,Mid,True
ISMN_REMEDHUS_Carretoro,train,-99.9,742.2000122070312,741.2999877929688,742.7999877929688,749.6873734095843,SENTINEL__MERIT_SUGGESTS,742.2000122070312,Low,Mid,True
ISMN_REMEDHUS_CasaPeriles,train,-99.9,747.5,743.6000366210938,759.5,690.5082153016144,SENTINEL__MERIT_SUGGESTS,747.5,Low,Mid,True
ISMN_REMEDHUS_ConcejodelMonte,oos,-99.9,763.4000244140625,755.7000122070312,763.6000366210938,720.6193294983372,SENTINEL__MERIT_SUGGESTS,763.4000244140625,Low,Mid,True
ISMN_REMEDHUS_ElCoto,train,-99.9,727.1000366210938,724.0,730.9000244140625,705.5858275061603,SENTINEL__MERIT_SUGGESTS,727.1000366210938,Low,Mid,True
ISMN_REMEDHUS_ElTomillar,train,-99.9,763.5,763.2000122070312,765.1000366210938,698.6836801473277,SENTINEL__MERIT_SUGGESTS,763.5,Low,Mid,True
ISMN_REMEDHUS_Granja-g,train,-99.9,707.0,706.7000122070312,707.7000122070312,690.3253732263008,SENTINEL__MERIT_SUGGESTS,707.0,Low,Mid,True
ISMN_REMEDHUS_Guarrati,train,-99.9,743.2000122070312,742.7999877929688,746.5,775.9264784768736,SENTINEL__MERIT_SUGGESTS,743.2000122070312,Low,Mid,True
ISMN_REMEDHUS_LaCruzdeElias,train,-99.9,795.5,788.2000122070312,796.7999877929688,749.6873734095843,SENTINEL__MERIT_SUGGESTS,795.5,Low,Mid,True
ISMN_REMEDHUS_LasArenas,train,-99.9,747.7999877929688,737.1000366210938,750.1000366210938,701.4642214495071,SENTINEL__MERIT_SUGGESTS,747.7999877929688,Low,Mid,True
ISMN_REMEDHUS_LasBrozas,train,-99.9,680.1000366210938,676.2000122070312,685.1000366210938,674.4176906182527,SENTINEL__MERIT_SUGGESTS,680.1000366210938,Low,Mid,True
ISMN_REMEDHUS_LasEritas,train,-99.9,836.5,831.2999877929688,848.1000366210938,771.1666362682529,SENTINEL__MERIT_SUGGESTS,836.5,Low,Mid,True
ISMN_REMEDHUS_LasTresRayas,train,-99.9,878.6000366210938,873.1000366210938,879.7000122070312,792.9827571390748,SENTINEL__MERIT_SUGGESTS,878.6000366210938,Low,Mid,True
ISMN_REMEDHUS_LasVacas,oos,-99.9,762.5,761.0,768.2999877929688,676.5944996741574,SENTINEL__MERIT_SUGGESTS,762.5,Low,Mid,True
ISMN_REMEDHUS_LasVictorias,train,-99.9,743.7999877929688,735.7999877929688,751.2999877929688,673.2114376960644,SENTINEL__MERIT_SUGGESTS,743.7999877929688,Low,Mid,True
ISMN_REMEDHUS_LlanosdelaBoveda,train,-99.9,803.2999877929688,799.1000366210938,803.7999877929688,692.8452499566047,SENTINEL__MERIT_SUGGESTS,803.2999877929688,Low,Mid,True
ISMN_REMEDHUS_Paredinas,train,-99.9,668.7000122070312,665.7000122070312,671.5,674.5940171470089,SENTINEL__MERIT_SUGGESTS,668.7000122070312,Low,Mid,True
ISMN_REMEDHUS_Zamarron,oos,-99.9,850.0,846.9000244140625,852.4000244140625,796.4880075183897,SENTINEL__MERIT_SUGGESTS,850.0,Low,Mid,True
ISMN_ROMPS_AbramovGlacier,train,4091.6,4105.0,4023.0,4125.30029296875,3762.588400645703,OK,,High,High,False
ISMN_ROMPS_Baytik,oos,0.0,1583.7000732421875,1578.300048828125,1603.2000732421875,1590.624814372235,SENTINEL__MERIT_SUGGESTS,1583.7000732421875,Low,High,True
ISMN_ROMPS_GolubinGlacier,train,3305.0,3294.400146484375,3258.400146484375,3341.400146484375,3233.741993575719,OK,,High,High,False
ISMN_ROMPS_Kokomeren,train,1442.6,1477.4000244140625,1472.9000244140625,1488.0,1874.8467269916923,OK,,Mid,Mid,False
ISMN_ROMPS_Maidanak,train,2551.3,2579.800048828125,2560.699951171875,2590.800048828125,2051.0819402373413,OK,,High,High,False
ISMN_ROMPS_Maydantal,train,1446.7,1490.5999755859375,1482.4000244140625,1528.300048828125,2715.239938708248,OK,,Mid,Mid,False
ISMN_RSMN_Alexandria,oos,75.46,75.70000457763672,71.20000457763672,78.80000305175781,51.171119820492926,PROBABLY_SRTM_BACKFILL,,Low,Low,False
ISMN_RSMN_Bacles,train,313.0,315.3000183105469,312.3999938964844,316.70001220703125,215.6876528335119,OK,,Low,Low,False
ISMN_RSMN_Banloc,train,83.4,84.80000305175781,84.4000015258789,85.4000015258789,68.57176079366131,OK,,Low,Low,False
ISMN_RSMN_Barlad,train,172.0,172.8000030517578,167.0,178.1999969482422,129.26292727436584,PROBABLY_SRTM_BACKFILL,,Low,Low,False
ISMN_RSMN_Calarasi,train,18.72,20.5,20.100000381469727,20.80000114440918,-5.111401357077993,OK,,Low,Low,False
ISMN_RSMN_Cotnari,train,289.0,289.8000183105469,282.8000183105469,289.8000183105469,141.08899324391146,PROBABLY_SRTM_BACKFILL,,Low,Low,False
ISMN_RSMN_Darabani,train,259.0,256.1000061035156,244.90000915527344,258.3000183105469,162.40602614688288,OK,,Low,Low,False
ISMN_RSMN_Dumbraveni,train,318.0,320.5,319.70001220703125,321.5,409.3373405458229,OK,,Low,Low,False
ISMN_RSMN_Iasi,oos,74.29,72.9000015258789,64.20000457763672,78.0999984741211,61.383168537444696,OK,,Low,Low,False
ISMN_RSMN_Oradea,train,136.0,136.3000030517578,135.60000610351562,136.40000915527344,112.738965440496,PROBABLY_SRTM_BACKFILL,,Low,Low,False
ISMN_RSMN_RosioriideVede,train,102.15,105.9000015258789,103.9000015258789,107.0999984741211,65.87062914933438,OK,,Low,Low,False
ISMN_RSMN_SannicolauMare,oos,85.0,86.0,85.0999984741211,86.4000015258789,53.76866362483696,OK,,Low,Low,False
ISMN_RSMN_SatuMare,oos,123.0,124.5999984741211,124.20000457763672,124.5999984741211,121.90530198987553,OK,,Low,Low,False
ISMN_RSMN_Slatina,oos,172.0,175.3000030517578,150.60000610351562,175.3000030517578,156.51678432279593,OK,,Low,Low,False
ISMN_RSMN_Tecuci,train,60.0,58.79999923706055,55.900001525878906,61.60000228881836,77.97354337600478,OK,,Low,Low,False
ISMN_SCAN_AAMU-JTG,train,241.0,248.1000061035156,239.5,252.40000915527344,186.5882485554206,OK,,Low,Low,False
ISMN_SCAN_Abrams,train,363.0,360.8000183105469,358.3999938964844,362.7000122070313,329.8306784965448,OK,,Low,Low,False
ISMN_SCAN_AdamsRanch#1,train,1868.0,1358.0,1354.5999755859375,1361.800048828125,1372.2671401072878,DISAGREES_OUTSIDE_LOCAL_RELIEF,,High,High,False
ISMN_SCAN_Alcalde,train,1735.0,1732.5999755859375,1731.300048828125,1738.800048828125,1874.9273225835616,OK,,High,High,False
ISMN_SCAN_AlkaliMesa,train,1964.0,1964.300048828125,1960.2000732421875,1967.2000732421875,1905.8620049652163,PROBABLY_SRTM_BACKFILL,,High,High,False
ISMN_SCAN_AllenFarms,train,215.0,210.6000061035156,206.1999969482422,213.3000030517578,200.24646580018188,OK,,Low,Low,False
ISMN_SCAN_Ames,train,327.0,322.6000061035156,322.20001220703125,323.20001220703125,302.3220975510693,OK,,Low,Low,False
ISMN_SCAN_AshValley,train,1554.0,1556.4000244140625,1554.0,1556.7000732421875,1683.7275536758805,OK,,High,High,False
ISMN_SCAN_BlueCreek,train,1579.0,1578.4000244140625,1575.5999755859375,1583.2000732421875,1613.2635347547848,PROBABLY_SRTM_BACKFILL,,High,High,False
ISMN_SCAN_BodieHills,train,2385.0,2385.900146484375,2381.0,2402.699951171875,2238.699985640043,PROBABLY_SRTM_BACKFILL,,High,High,False
ISMN_SCAN_BraggFarm,train,243.0,241.90000915527344,240.5,243.6000061035156,220.0509777512902,OK,,Low,Low,False
ISMN_SCAN_Buckhorn,train,1972.0,1970.2000732421875,1968.2000732421875,1972.7000732421875,1726.055414027489,OK,,High,High,False
ISMN_SCAN_BuffaloJump,train,2037.0,2036.7000732421875,2034.800048828125,2041.0,1999.321178712563,PROBABLY_SRTM_BACKFILL,,High,High,False
ISMN_SCAN_Bushland#1,val,1164.0,1171.2000732421875,1166.7000732421875,1174.7000732421875,1121.617244315499,OK,,Mid,Mid,False
ISMN_SCAN_CPER,train,1625.0,1628.800048828125,1627.300048828125,1629.5999755859375,1707.9875632741832,OK,,High,High,False
ISMN_SCAN_CacheJunction,train,1349.0,1348.300048828125,1347.0999755859375,1349.300048828125,1394.3403990745555,PROBABLY_SRTM_BACKFILL,,Mid,Mid,False
ISMN_SCAN_CarverFarm,train,171.0,168.90000915527344,165.6999969482422,173.0,175.9305214776215,OK,,Low,Low,False
ISMN_SCAN_CaveValley,train,1912.0,1916.0999755859373,1914.0999755859373,1924.7000732421875,1708.379112075059,OK,,High,High,False
ISMN_SCAN_CentraliaLake,train,397.0,399.3999938964844,386.8999938964844,399.3999938964844,352.5522054242981,OK,,Low,Low,False
ISMN_SCAN_Charkiln,train,2037.0,2037.9000244140625,2030.4000244140625,2044.5,1619.7860096197137,PROBABLY_SRTM_BACKFILL,,High,High,False
ISMN_SCAN_ChickenRidge,oos,2331.0,2330.199951171875,2313.5,2344.699951171875,2274.247477377416,PROBABLY_SRTM_BACKFILL,,High,High,False
ISMN_SCAN_Circleville,oos,1865.0,1869.300048828125,1867.0,1871.0999755859373,2267.1538263742555,OK,,High,High,False
ISMN_SCAN_ConradAgRc,val,1130.0,1125.4000244140625,1123.2000732421875,1129.2000732421875,1064.3381962547364,OK,,Mid,Mid,False
ISMN_SCAN_CrescentLake#1,val,299.0,298.0,297.20001220703125,299.3999938964844,290.9926088457752,OK,,Low,Low,False
ISMN_SCAN_Crossroads,oos,1236.0,1236.2000732421875,1235.9000244140625,1236.9000244140625,1221.753984088266,PROBABLY_SRTM_BACKFILL,,Mid,Mid,False
ISMN_SCAN_Cullman-NAHRC,train,244.0,240.0,234.6999969482422,242.1999969482422,212.3342603224117,OK,,Low,Low,False
ISMN_SCAN_DeepSprings,oos,1646.0,1652.800048828125,1641.800048828125,1674.5,1841.173922112289,OK,,High,High,False
ISMN_SCAN_Dexter,oos,93.0,91.5999984741211,90.70000457763672,92.0999984741211,77.74792766705367,OK,,Low,Low,False
ISMN_SCAN_DoeRidge,oos,2237.0,2238.60009765625,2226.199951171875,2238.60009765625,2307.558480549499,OK,,High,High,False
ISMN_SCAN_EagleLake,train,1565.0,1568.4000244140625,1565.9000244140625,1571.300048828125,1672.0962484109953,OK,,High,High,False
ISMN_SCAN_Eastland,train,2084.0,2083.199951171875,2076.800048828125,2085.0,1945.5152037578612,PROBABLY_SRTM_BACKFILL,,High,High,False
ISMN_SCAN_EastviewFarm,val,321.0,318.5,316.8999938964844,322.5,243.0714469544844,OK,,Low,Low,False
ISMN_SCAN_ElsberryPMC,train,138.0,150.40000915527344,140.3000030517578,153.0,149.80504299676605,OK,,Low,Low,False
ISMN_SCAN_Enterprise,val,1600.0,1599.4000244140625,1597.800048828125,1599.7000732421875,1523.1552220208912,PROBABLY_SRTM_BACKFILL,,High,High,False
ISMN_SCAN_Ephraim,val,1686.0,1691.5999755859375,1689.0,1691.5999755859375,1910.5960854620969,OK,,High,High,False
ISMN_SCAN_ErosDataCenter,oos,488.0,486.3999938964844,484.3000183105469,488.3000183105469,446.78300542962063,OK,,Low,Low,False
ISMN_SCAN_EvergladesARS,train,3.0,3.200000047683716,2.900000095367432,3.400000095367432,-27.264404130945216,PROBABLY_SRTM_BACKFILL,,Low,Low,False
ISMN_SCAN_FortAssiniboine#1,oos,826.0,838.6000366210938,837.4000244140625,842.2999877929688,837.040829709735,OK,,Mid,Mid,False
ISMN_SCAN_FortReno#1,train,427.0,420.1000061035156,420.0,421.3999938964844,398.79920800719736,OK,,Low,Low,False
ISMN_SCAN_Fortuna,train,28.0,24.5,22.5,24.80000114440918,325.3811991448281,OK,,Low,Low,False
ISMN_SCAN_FrenchGulch,oos,1129.0,1130.800048828125,1072.5999755859375,1140.4000244140625,853.3685698458827,OK,,Mid,Mid,False
ISMN_SCAN_Geneva#1,train,221.0,214.1000061035156,206.6999969482422,217.90000915527344,205.37437169128845,OK,,Low,Low,False
ISMN_SCAN_GlacialRidge,oos,343.0,348.20001220703125,347.70001220703125,348.3999938964844,296.424716457254,OK,,Low,Low,False
ISMN_SCAN_GoodwinCkTimber,oos,98.0,89.0999984741211,87.0,97.0999984741211,50.22271008072512,OK,,Low,Low,False
ISMN_SCAN_Goshute,oos,1672.0,1673.9000244140625,1670.0,1676.0999755859375,1793.8786274850936,OK,,High,High,False
ISMN_SCAN_Grantsville,train,1322.0,1321.7000732421875,1320.9000244140625,1325.300048828125,1278.4742166895985,PROBABLY_SRTM_BACKFILL,,Mid,Mid,False
ISMN_SCAN_GreenRiver,oos,1251.0,1252.0999755859375,1249.9000244140625,1252.0999755859375,1614.0454652061312,OK,,Mid,Mid,False
ISMN_SCAN_GrouseCreek,train,1779.0,1775.800048828125,1772.300048828125,1781.800048828125,1842.3414768204643,OK,,High,High,False
ISMN_SCAN_HalsCanyon,oos,1603.0,1604.800048828125,1601.9000244140625,1607.4000244140625,1786.555018378958,OK,,High,High,False
ISMN_SCAN_HarmsWay,train,2150.0,2151.300048828125,2144.400146484375,2158.199951171875,2287.1251935871164,OK,,High,High,False
ISMN_SCAN_Hodges,train,223.0,193.8000030517578,193.6000061035156,200.1999969482422,220.9229364172564,OK,,Low,Low,False
ISMN_SCAN_Holden,train,1446.0,1448.300048828125,1447.0,1448.9000244140625,1400.2402722149204,OK,,Mid,Mid,False
ISMN_SCAN_HubbardBrook,train,451.0,457.8999938964844,432.1000061035156,480.8999938964844,533.9229455317142,OK,,Low,Low,False
ISMN_SCAN_IsbellFarms,train,184.0,184.1000061035156,179.90000915527344,187.40000915527344,140.77020382536065,PROBABLY_SRTM_BACKFILL,,Low,Low,False
ISMN_SCAN_JohnsonFarm,oos,1018.0,1017.1000366210938,1016.2999877929688,1018.7000122070312,1008.004373176658,PROBABLY_SRTM_BACKFILL,,Mid,Mid,False
ISMN_SCAN_Jordan,train,860.0,860.0,857.0,862.4000244140625,808.8614723578172,PROBABLY_SRTM_BACKFILL,,Mid,Mid,False
ISMN_SCAN_JornadaExpRange,train,1329.0,1328.7000732421875,1327.4000244140625,1329.300048828125,1321.3604821548256,PROBABLY_SRTM_BACKFILL,,Mid,Mid,False
ISMN_SCAN_JournaganRanch,train,337.0,335.3999938964844,326.70001220703125,338.3000183105469,313.94512325067217,OK,,Low,Low,False
ISMN_SCAN_KnoxCity,train,441.0,448.0,447.2000122070313,448.0,433.3638791033864,OK,,Low,Low,False
ISMN_SCAN_KoptisFarms,train,41.0,41.60000228881836,40.20000076293945,42.60000228881836,6.638234432929759,PROBABLY_SRTM_BACKFILL,,Low,Low,False
ISMN_SCAN_KyleCanyon,oos,2148.0,2143.5,2120.5,2150.0,2295.6682812853164,OK,,High,High,False
ISMN_SCAN_LTSP,train,268.0,261.5,246.40000915527344,271.6000061035156,241.2657538897733,OK,,Low,Low,False
ISMN_SCAN_Lehman,train,1148.0,1147.7000732421875,1146.5999755859375,1147.7000732421875,1117.4363222373422,PROBABLY_SRTM_BACKFILL,,Mid,Mid,False
ISMN_SCAN_Levelland,train,1070.0,1069.300048828125,1067.300048828125,1069.9000244140625,1042.9846849662065,PROBABLY_SRTM_BACKFILL,,Mid,Mid,False
ISMN_SCAN_Lind#1,train,500.0,501.6000061035156,494.8000183105469,503.8999938964844,476.573855668107,OK,,Mid,Mid,False
ISMN_SCAN_LittleRedFox,oos,1644.0,1643.300048828125,1641.4000244140625,1647.300048828125,1879.2318704443628,PROBABLY_SRTM_BACKFILL,,High,High,False
ISMN_SCAN_LittleRiver,train,107.0,102.5,98.5,104.9000015258789,58.64327328272787,OK,,Low,Low,False
ISMN_SCAN_LosLunasPMC,oos,1477.0,1477.0999755859375,1475.7000732421875,1477.5999755859375,1629.0603278866447,PROBABLY_SRTM_BACKFILL,,Mid,Mid,False
ISMN_SCAN_LovellSummit,train,2006.0,2013.9000244140625,2007.5999755859373,2031.4000244140625,1800.134268767623,OK,,High,High,False
ISMN_SCAN_LovelockNNR,train,1199.0,1196.2000732421875,1195.9000244140625,1196.5,1252.1257052825056,OK,,Mid,Mid,False
ISMN_SCAN_LyeBrook,train,742.0,741.2000122070312,731.1000366210938,744.1000366210938,526.9412462985194,PROBABLY_SRTM_BACKFILL,,Mid,Mid,False
ISMN_SCAN_MahantangoCk,train,223.0,240.3000030517578,235.8000030517578,241.5,206.4774754167456,OK,,Low,Low,False
ISMN_SCAN_MammothCave,train,244.0,241.1000061035156,219.6999969482422,241.1999969482422,183.52009020601977,OK,,Low,Low,False
ISMN_SCAN_Mandan#1,train,588.0,587.5,585.2000122070312,590.2999877929688,541.3803995874713,PROBABLY_SRTM_BACKFILL,,Mid,Mid,False
ISMN_SCAN_Manderfield,train,1885.0,1886.7000732421875,1883.4000244140625,1888.9000244140625,1884.8778573853745,OK,,High,High,False
ISMN_SCAN_MarbleCreek,val,1885.0,1890.0,1881.0999755859373,1900.2000732421875,1955.513428345031,OK,,High,High,False
ISMN_SCAN_MaricaoForest,train,747.0,513.2999877929688,484.5,551.4000244140625,87.68628544206864,DISAGREES_OUTSIDE_LOCAL_RELIEF,,Mid,Mid,False
ISMN_SCAN_Mason#1,oos,174.0,150.8000030517578,149.40000915527344,152.1999969482422,120.47363872890132,OK,,Low,Low,False
ISMN_SCAN_Mayday,train,33.0,31.100000381469727,30.0,31.399999618530277,-1.6052159050804249,OK,,Low,Low,False
ISMN_SCAN_McAllisterFarm,oos,278.0,290.0,285.20001220703125,291.1000061035156,197.37111148320324,OK,,Low,Low,False
ISMN_SCAN_MccrackenMesa,train,1620.0,1616.800048828125,1614.0,1618.0999755859375,1669.420974350577,OK,,High,High,False
ISMN_SCAN_Milford,oos,1526.0,1523.9000244140625,1523.7000732421875,1524.5,1685.861959155301,OK,,High,High,False
ISMN_SCAN_Moccasin,train,1297.0,1293.4000244140625,1293.0999755859375,1295.0999755859375,1306.435996839788,OK,,Mid,Mid,False
ISMN_SCAN_MonoclineRidge,train,267.0,272.0,268.6000061035156,292.20001220703125,216.38568711399205,OK,,Low,Low,False
ISMN_SCAN_Morgan,train,1558.0,1559.300048828125,1558.4000244140625,1560.300048828125,1953.891724134475,OK,,High,High,False
ISMN_SCAN_MorrisFarms,oos,67.0,67.80000305175781,65.9000015258789,68.5999984741211,64.59320100971956,PROBABLY_SRTM_BACKFILL,,Low,Low,False
ISMN_SCAN_MountainHome,train,2111.0,2112.800048828125,2108.800048828125,2113.199951171875,2206.987425274216,OK,,High,High,False
ISMN_SCAN_MtVernon,oos,351.0,377.8999938964844,377.6000061035156,379.3999938964844,334.4689124333144,OK,,Low,Low,False
ISMN_SCAN_NPiedmontArec,oos,158.0,170.60000610351562,152.3000030517578,177.8000030517578,79.03053562406888,OK,,Low,Low,False
ISMN_SCAN_Nacogdoches,oos,75.0,80.20000457763672,76.5999984741211,81.80000305175781,75.4888908639711,OK,,Low,Low,False
ISMN_SCAN_Nephi,val,1599.0,1601.4000244140625,1598.300048828125,1603.800048828125,1706.296560345913,OK,,High,High,False
ISMN_SCAN_NorthIssaquena,train,34.0,32.900001525878906,32.20000076293945,33.0,-0.3285605211717621,OK,,Low,Low,False
ISMN_SCAN_Nunn#1,train,1798.0,1668.0999755859375,1666.300048828125,1670.0,1713.1838902557215,DISAGREES_OUTSIDE_LOCAL_RELIEF,,High,High,False
ISMN_SCAN_Onward,train,30.0,31.100000381469727,30.700000762939453,31.30000114440918,1.117301033504432,OK,,Low,Low,False
ISMN_SCAN_OrchardRangeSite,train,975.0,972.6000366210938,972.2000122070312,974.9000244140624,1043.2534165956815,OK,,Mid,Mid,False
ISMN_SCAN_Panguitch,train,1992.0,1992.9000244140625,1990.0999755859373,1994.9000244140625,2189.663639826916,PROBABLY_SRTM_BACKFILL,,High,High,False
ISMN_SCAN_ParkValley,train,1554.0,1552.5999755859375,1551.300048828125,1556.0999755859375,1675.8680510062457,OK,,High,High,False
ISMN_SCAN_PeeDee,val,37.0,35.10000228881836,33.10000228881836,40.900001525878906,2.837928414107835,OK,,Low,Low,False
ISMN_SCAN_PerdidoRivFarms,train,91.0,92.0,91.0999984741211,92.3000030517578,33.78947613394559,OK,,Low,Low,False
ISMN_SCAN_Perthshire,train,61.0,47.0,46.79999923706055,47.20000076293945,12.759835583499568,OK,,Low,Low,False
ISMN_SCAN_Phillipsburg,train,605.0,604.4000244140625,600.5,607.2999877929688,605.131255608798,PROBABLY_SRTM_BACKFILL,,Mid,Mid,False
ISMN_SCAN_PineNut,val,2067.0,2060.800048828125,2048.60009765625,2078.900146484375,1683.2821869952802,OK,,High,High,False
ISMN_SCAN_PowderMill,val,32.0,42.79999923706055,41.60000228881836,44.0,58.28052523565253,OK,,Low,Low,False
ISMN_SCAN_PowellGardens,train,293.0,281.70001220703125,279.3999938964844,283.3000183105469,250.66227376678845,OK,,Low,Low,False
ISMN_SCAN_PrairieView#1,train,82.0,82.5999984741211,82.0,83.5,46.87294619469291,PROBABLY_SRTM_BACKFILL,,Low,Low,False
ISMN_SCAN_Price,train,1718.0,1718.5999755859375,1717.300048828125,1724.0999755859375,1953.6747182620045,PROBABLY_SRTM_BACKFILL,,High,High,False
ISMN_SCAN_Princeton#1,train,187.0,184.5,181.6999969482422,184.8000030517578,119.97289507493208,OK,,Low,Low,False
ISMN_SCAN_ReeseCenter,train,1016.0,1014.7000122070312,1012.7000122070312,1014.7999877929688,986.2482676692388,OK,,Mid,Mid,False
ISMN_SCAN_ReynoldsHomestead,train,344.0,325.8999938964844,318.8999938964844,338.1000061035156,371.2495230004291,OK,,Low,Low,False
ISMN_SCAN_RiverRoadFarms,train,33.0,36.29999923706055,34.70000076293945,39.0,14.623029939300572,OK,,Low,Low,False
ISMN_SCAN_RockSpringsPa,train,372.0,377.6000061035156,373.7000122070313,379.3000183105469,413.8443671433837,OK,,Low,Low,False
ISMN_SCAN_RogersFarm#1,val,370.0,364.7000122070313,364.7000122070313,368.1000061035156,349.1862200975788,OK,,Low,Low,False
ISMN_SCAN_SanAngelo,train,600.0,600.7999877929688,599.7999877929688,602.0,613.9814283884602,PROBABLY_SRTM_BACKFILL,,Mid,Mid,False
ISMN_SCAN_SandyRidge,train,42.0,40.29999923706055,40.0,40.5,1.6528364174902697,OK,,Low,Low,False
ISMN_SCAN_Scott,train,50.0,43.0,42.70000076293945,43.400001525878906,12.818762162324372,OK,,Low,Low,False
ISMN_SCAN_SellersLake#1,train,23.0,18.899999618530277,18.899999618530277,23.899999618530277,-8.41878218820357,OK,,Low,Low,False
ISMN_SCAN_Selma,train,43.0,42.0,39.70000076293945,45.70000076293945,43.13940713093909,OK,,Low,Low,False
ISMN_SCAN_Sevilleta,train,1595.0,1600.5999755859375,1598.0999755859375,1601.5,1552.3752756635438,OK,,High,High,False
ISMN_SCAN_ShagbarkHills,train,427.0,403.7000122070313,400.2000122070313,410.0,374.2833951426567,OK,,Low,Low,False
ISMN_SCAN_Shenandoah,train,537.0,506.8999938964844,494.3999938964844,538.7999877929688,511.05790090656586,OK,,Mid,Mid,False
ISMN_SCAN_Sidney,train,693.0,690.0,689.6000366210938,690.4000244140625,696.298472558569,OK,,Mid,Mid,False
ISMN_SCAN_SilverCity,oos,35.0,34.0,33.70000076293945,34.5,-1.2776879931614449,OK,,Low,Low,False
ISMN_SCAN_SinkinForest,train,405.0,404.7000122070313,397.0,407.2000122070313,344.10668666991427,PROBABLY_SRTM_BACKFILL,,Low,Low,False
ISMN_SCAN_Spickard,train,278.0,265.20001220703125,263.3999938964844,266.8999938964844,246.07941442533885,OK,,Low,Low,False
ISMN_SCAN_SplitMountain,train,1476.0,1479.0999755859375,1476.300048828125,1482.7000732421875,1533.4529135468235,OK,,Mid,Mid,False
ISMN_SCAN_StanleyFarm,train,194.0,233.6999969482422,207.5,251.8000030517578,182.13276172313235,OK,,Low,Low,False
ISMN_SCAN_Starkville,oos,104.0,83.80000305175781,82.0,87.4000015258789,50.75088898391032,OK,,Low,Low,False
ISMN_SCAN_Stephenville,train,400.0,400.5,398.8999938964844,401.8000183105469,354.35714908094224,PROBABLY_SRTM_BACKFILL,,Low,Low,False
ISMN_SCAN_Stubblefield,train,913.0,922.4000244140624,912.2999877929688,936.5,719.4677816808606,OK,,Mid,Mid,False
ISMN_SCAN_SudduthFarms,train,235.0,236.5,213.8000030517578,240.6000061035156,187.18788049856457,OK,,Low,Low,False
ISMN_SCAN_SunleafNursery,oos,204.0,206.1999969482422,206.1999969482422,207.1000061035156,186.7435426597615,OK,,Low,Low,False
ISMN_SCAN_TableMountain,train,1364.0,1360.7000732421875,1359.800048828125,1363.5999755859375,1434.416689206525,OK,,Mid,Mid,False
ISMN_SCAN_TidewaterArec,train,24.0,25.399999618530277,25.200000762939453,25.80000114440918,-17.52327786934641,OK,,Low,Low,False
ISMN_SCAN_TncFortBayou,train,13.0,10.0,9.40000057220459,12.300000190734863,-17.10085101112401,OK,,Low,Low,False
ISMN_SCAN_Torrington#1,train,1305.0,1259.7000732421875,1259.7000732421875,1265.2000732421875,1312.1790675620755,OK,,Mid,Mid,False
ISMN_SCAN_TroughSprings,oos,2391.0,2384.900146484375,2366.60009765625,2412.300048828125,1971.5716923008256,OK,,High,High,False
ISMN_SCAN_TuleValley,train,1400.0,1398.0,1396.2000732421875,1402.7000732421875,1460.3780593327942,OK,,Mid,Mid,False
ISMN_SCAN_Tunica,train,79.0,59.70000076293945,59.20000076293945,59.79999923706055,24.531849163803823,OK,,Low,Low,False
ISMN_SCAN_TwinPinesConservationArea,oos,293.0,295.8999938964844,288.6000061035156,299.70001220703125,276.2457597761406,OK,,Low,Low,False
ISMN_SCAN_UWPlatteville,train,328.0,333.3000183105469,328.3999938964844,335.0,279.87423037322105,OK,,Low,Low,False
ISMN_SCAN_Uapb-Earle,oos,65.0,65.5,64.9000015258789,65.80000305175781,26.823520596244027,PROBABLY_SRTM_BACKFILL,,Low,Low,False
ISMN_SCAN_UapbCampus-PB,train,71.0,68.0,66.9000015258789,69.20000457763672,51.8350562072171,OK,,Low,Low,False
ISMN_SCAN_UapbDewitt,train,60.0,60.10000228881836,59.5,61.10000228881836,22.344825375145057,PROBABLY_SRTM_BACKFILL,,Low,Low,False
ISMN_SCAN_UapbPointRemove,train,96.0,97.0,96.4000015258789,97.5,125.76513647818872,OK,,Low,Low,False
ISMN_SCAN_Uvalde,train,279.0,282.1000061035156,282.1000061035156,285.8000183105469,297.40225013511736,OK,,Low,Low,False
ISMN_SCAN_Vallecitos,train,494.0,496.8000183105469,494.3000183105469,501.6000061035156,552.3010754332726,OK,,Low,Low,False
ISMN_SCAN_Vermillion,train,1948.0,1951.7000732421875,1946.5999755859373,1955.7000732421875,1834.3479975547295,OK,,High,High,False
ISMN_SCAN_Vernon,oos,361.0,362.3999938964844,360.5,363.1000061035156,355.0177737163987,OK,,Low,Low,False
ISMN_SCAN_Violett,train,983.0,980.4000244140624,978.7999877929688,980.7000122070312,981.0839558821784,OK,,Mid,Mid,False
ISMN_SCAN_Wabeno#1,train,482.0,456.7000122070313,449.6000061035156,468.0,441.61315596856895,OK,,Low,Low,False
ISMN_SCAN_Wakulla#1,train,46.0,29.200000762939453,28.200000762939453,29.200000762939453,-6.624788431895025,OK,,Low,Low,False
ISMN_SCAN_WalnutGulch#1,oos,1372.0,1351.9000244140625,1347.300048828125,1359.4000244140625,1315.9951196951913,OK,,Mid,Mid,False
ISMN_SCAN_Watkinsville#1,val,235.0,230.3000030517578,225.90000915527344,232.0,187.179800090806,OK,,Low,Low,False
ISMN_SCAN_WestSummit,train,2131.0,2132.900146484375,2127.10009765625,2134.60009765625,1927.350852019908,OK,,High,High,False
ISMN_SCAN_WillowWells,train,1383.0,1326.5,1324.800048828125,1327.5999755859375,1276.850353116654,DISAGREES_OUTSIDE_LOCAL_RELIEF,,Mid,Mid,False
ISMN_SCAN_Wtars,train,191.0,242.0,240.5,244.3000030517578,202.54921238483405,OK,,Low,Low,False
ISMN_SCAN_YoumansFarm,train,23.0,31.30000114440918,23.700000762939453,33.400001525878906,-7.236729812527105,OK,,Low,Low,False
ISMN_SD_DEM_Demokeya,train,550.0,534.2999877929688,531.4000244140625,537.0,522.7110187303869,OK,,Mid,Mid,False
ISMN_SMOSMANIA_Barnas,train,480.0,473.5,468.7000122070313,506.3999938964844,835.6929893945032,OK,,Low,Low,False
ISMN_SMOSMANIA_Berzeme,train,650.0,667.7999877929688,662.2999877929688,673.4000244140625,485.31926735802216,OK,,Mid,Mid,False
ISMN_SMOSMANIA_CabrieresdAvignon,train,142.0,145.5,141.6999969482422,148.1999969482422,268.8896929330312,OK,,Low,Low,False
ISMN_SMOSMANIA_Condom,train,174.0,174.8000030517578,166.6999969482422,176.6999969482422,93.25590122917336,PROBABLY_SRTM_BACKFILL,,Low,Low,False
ISMN_SMOSMANIA_CreondArmagnac,train,149.0,150.8000030517578,149.6999969482422,151.1999969482422,91.63511206180428,OK,,Low,Low,False
ISMN_SMOSMANIA_LaGrandCombe,train,499.0,494.5,484.5,496.3000183105469,290.9297904846278,OK,,Low,Low,False
ISMN_SMOSMANIA_Lahas,train,249.0,254.1999969482422,237.90000915527344,254.1999969482422,147.82348343700565,OK,,Low,Low,False
ISMN_SMOSMANIA_LezignanCorbieres,train,60.0,61.10000228881836,61.10000228881836,63.70000076293945,31.3362096703702,OK,,Low,Low,False
ISMN_SMOSMANIA_Mazan-Abbaye,val,1240.0,1243.4000244140625,1224.2000732421875,1255.0999755859375,1109.046143525944,OK,,Mid,Mid,False
ISMN_SMOSMANIA_Mejannes-le-Clap,val,318.0,316.3000183105469,312.70001220703125,320.8999938964844,258.5325873733278,OK,,Low,Low,False
ISMN_SMOSMANIA_Montaut,train,295.0,297.3000183105469,295.0,299.5,260.93614902452015,OK,,Low,Low,False
ISMN_SMOSMANIA_Mouthoumet,train,538.0,537.7000122070312,534.0,540.7000122070312,468.3820851275533,PROBABLY_SRTM_BACKFILL,,Mid,Mid,False
ISMN_SMOSMANIA_Narbonne,train,112.0,108.5999984741211,89.30000305175781,110.9000015258789,59.17552104203831,OK,,Low,Low,False
ISMN_SMOSMANIA_PeyrusseGrande,train,245.0,199.1000061035156,188.6999969482422,201.0,136.96771913449797,OK,,Low,Low,False
ISMN_SMOSMANIA_Pezenas,oos,30.0,32.10000228881836,29.100000381469727,36.10000228881836,65.84685154058513,OK,,Low,Low,False
ISMN_SMOSMANIA_Prades-le-Lez,oos,40.0,39.10000228881836,34.900001525878906,40.79999923706055,59.42322093857268,PROBABLY_SRTM_BACKFILL,,Low,Low,False
ISMN_SMOSMANIA_Sabres,train,81.0,80.4000015258789,80.20000457763672,80.5,22.34784997185897,PROBABLY_SRTM_BACKFILL,,Low,Low,False
ISMN_SMOSMANIA_SaintFelixdeLauragais,oos,337.0,321.20001220703125,297.3999938964844,328.3000183105469,190.78372297275925,OK,,Low,Low,False
ISMN_SMOSMANIA_Savenes,train,158.0,155.90000915527344,152.90000915527344,157.0,97.94195130802947,OK,,Low,Low,False
ISMN_SMOSMANIA_Urgons,train,145.0,146.3000030517578,142.6999969482422,147.3000030517578,64.31763153073156,OK,,Low,Low,False
ISMN_SMOSMANIA_Villevielle,train,41.0,41.5,40.900001525878906,46.400001525878906,89.82201329924173,PROBABLY_SRTM_BACKFILL,,Low,Low,False
ISMN_SNOTEL_AguaCanyon,oos,2710.0,2708.0,2692.699951171875,2710.10009765625,2398.322505335419,OK,,High,High,False
ISMN_SNOTEL_AmericanCreek,oos,311.0,309.1000061035156,307.6000061035156,315.6000061035156,616.3057529138551,OK,,Low,Low,False
ISMN_SNOTEL_AnchorRiverDivide,train,494.0,501.3000183105469,493.1000061035156,504.0,496.05571530440807,OK,,Low,Low,False
ISMN_SNOTEL_Aniak,train,27.0,23.600000381469727,22.700000762939453,24.5,102.04498524053722,OK,,Low,Low,False
ISMN_SNOTEL_ArapahoRidge,train,3341.0,3342.300048828125,3331.60009765625,3348.400146484375,2716.3638180336507,OK,,High,High,False
ISMN_SNOTEL_AtlantaSummit,train,2307.0,2309.900146484375,2291.0,2334.300048828125,1749.1603782201082,OK,,High,High,False
ISMN_SNOTEL_Atwater,oos,2667.0,2658.300048828125,2635.10009765625,2687.400146484375,2396.5112635056,OK,,High,High,False
ISMN_SNOTEL_BakerButte,train,2243.0,2243.60009765625,2234.699951171875,2246.0,1834.2081199420668,PROBABLY_SRTM_BACKFILL,,High,High,False
ISMN_SNOTEL_BakerButteSmt,train,2353.0,2373.60009765625,2350.300048828125,2398.199951171875,1960.6997931997948,OK,,High,High,False
ISMN_SNOTEL_Baldy,train,2807.0,2813.800048828125,2807.900146484375,2822.699951171875,2662.387728667837,OK,,High,High,False
ISMN_SNOTEL_BannerSummit,train,2146.0,2154.10009765625,2145.800048828125,2171.10009765625,2157.466853401695,OK,,High,High,False
ISMN_SNOTEL_BarM,train,1945.0,1942.800048828125,1941.0999755859373,1950.7000732421875,1793.7306695259274,OK,,High,High,False
ISMN_SNOTEL_BearCanyon,train,2414.0,2416.900146484375,2406.60009765625,2431.5,2643.5494432711084,OK,,High,High,False
ISMN_SNOTEL_BearCreek,train,2466.0,2470.300048828125,2456.60009765625,2482.10009765625,2070.110125012185,OK,,High,High,False
ISMN_SNOTEL_BearRiverRS,train,2594.0,2596.800048828125,2593.60009765625,2604.5,2671.733247451132,OK,,High,High,False
ISMN_SNOTEL_BeaverDams,train,2429.0,2439.900146484375,2431.5,2451.60009765625,2288.54959083532,OK,,High,High,False
ISMN_SNOTEL_BeaverDivide,train,2509.0,2512.0,2509.5,2520.10009765625,2670.661312166188,OK,,High,High,False
ISMN_SNOTEL_BenLomondPeak,oos,2347.0,2355.199951171875,2327.60009765625,2387.699951171875,1625.0372409536435,OK,,High,High,False
ISMN_SNOTEL_BenLomondTrail,oos,1823.0,1835.0999755859373,1814.5,1864.5999755859373,1625.0372409536435,OK,,High,High,False
ISMN_SNOTEL_BerryCreek,train,2850.0,2864.400146484375,2848.10009765625,2899.400146484375,2367.3057309749515,OK,,High,High,False
ISMN_SNOTEL_BerthoudSummit,train,3444.0,3444.10009765625,3427.0,3457.800048828125,3106.8711774653225,PROBABLY_SRTM_BACKFILL,,High,High,False
ISMN_SNOTEL_BevansCabin,val,1972.0,1993.5999755859373,1972.0,2011.9000244140625,1777.6348817931068,OK,,High,High,False
ISMN_SNOTEL_BigBend,oos,2100.0,2104.60009765625,2095.5,2107.900146484375,1880.896495372276,OK,,High,High,False
ISMN_SNOTEL_BigCreekSum,oos,2655.0,2642.60009765625,2593.400146484375,2688.900146484375,2165.155380874447,OK,,High,High,False
ISMN_SNOTEL_BigFlat,oos,3146.0,3153.400146484375,3143.900146484375,3163.5,2731.01534543134,OK,,High,High,False
ISMN_SNOTEL_BigMeadow,train,2512.0,2512.10009765625,2502.60009765625,2527.10009765625,1908.713140898476,PROBABLY_SRTM_BACKFILL,,High,High,False
ISMN_SNOTEL_BigSandyOpening,train,2774.0,2775.900146484375,2764.400146484375,2786.60009765625,2700.9446632051613,OK,,High,High,False
ISMN_SNOTEL_BirdCreek,oos,2298.0,2308.300048828125,2296.400146484375,2333.900146484375,2214.5441837511053,OK,,High,High,False
ISMN_SNOTEL_BlackFlat-U.M.Ck,train,2871.0,2875.199951171875,2869.699951171875,2881.5,2748.691261415981,OK,,High,High,False
ISMN_SNOTEL_BlackhallMtn,train,2996.0,2998.300048828125,2987.60009765625,3006.400146484375,2632.4349307026896,OK,,High,High,False
ISMN_SNOTEL_BlacksForkJct,oos,2707.0,2708.0,2705.800048828125,2721.699951171875,2736.013466310233,OK,,High,High,False
ISMN_SNOTEL_BlazedAlder,val,1116.0,1115.4000244140625,994.1000366210938,1123.0999755859375,888.1524922859804,PROBABLY_SRTM_BACKFILL,,Mid,Mid,False
ISMN_SNOTEL_BlueLakes,train,2457.0,2463.10009765625,2452.300048828125,2474.5,2299.254135732028,OK,,High,High,False
ISMN_SNOTEL_BobsHollow,train,2841.0,2842.199951171875,2829.699951171875,2849.900146484375,2192.378860011753,OK,,High,High,False
ISMN_SNOTEL_BogusBasin,oos,1942.0,1934.2000732421875,1933.800048828125,1967.9000244140625,1415.9565138650055,OK,,High,High,False
ISMN_SNOTEL_BostetterR.S.,oos,2295.0,2289.900146484375,2278.199951171875,2291.699951171875,2065.1125139895616,OK,,High,High,False
ISMN_SNOTEL_Bourne,train,1783.0,1797.2000732421875,1756.0999755859375,1828.800048828125,1842.4775914538868,OK,,High,High,False
ISMN_SNOTEL_BoxCreek,train,3002.0,3001.800048828125,2989.10009765625,3007.60009765625,2173.904229923823,PROBABLY_SRTM_BACKFILL,,High,High,False
ISMN_SNOTEL_BoxSprings,train,2813.0,2816.60009765625,2804.5,2827.900146484375,2327.152875622438,OK,,High,High,False
ISMN_SNOTEL_BrianHead,oos,3060.0,3066.0,3057.5,3082.60009765625,2460.9692409850486,OK,,High,High,False
ISMN_SNOTEL_Brighton,train,2679.0,2685.0,2671.60009765625,2705.5,2518.7832664564176,OK,,High,High,False
ISMN_SNOTEL_BristleconeTrail,train,2713.0,2735.199951171875,2720.5,2762.400146484375,2085.494154691736,OK,,High,High,False
ISMN_SNOTEL_BrooklynLake,train,3124.0,3119.300048828125,3103.5,3125.699951171875,2994.1184285834493,OK,,High,High,False
ISMN_SNOTEL_BrownDuck,train,3222.0,3227.5,3218.199951171875,3233.800048828125,2923.2604463013804,OK,,High,High,False
ISMN_SNOTEL_BrownTop,train,1783.0,1771.2000732421875,1735.0,1771.2000732421875,1294.2787797943574,OK,,High,High,False
ISMN_SNOTEL_BuckFlat,train,2868.0,2877.800048828125,2869.0,2894.699951171875,2686.802177599509,OK,,High,High,False
ISMN_SNOTEL_BuckPasture,train,2932.0,2944.900146484375,2934.300048828125,2947.800048828125,2841.7616347590583,OK,,High,High,False
ISMN_SNOTEL_BuckboardFlat,oos,2719.0,2739.300048828125,2721.5,2769.400146484375,2326.2988862046946,OK,,High,High,False
ISMN_SNOTEL_Buckinghorse,train,1481.0,1467.5999755859375,1448.300048828125,1493.4000244140625,935.3971317849902,OK,,Mid,Mid,False
ISMN_SNOTEL_BuckskinJoe,val,3402.0,3408.199951171875,3393.5,3448.900146484375,3405.853384464433,OK,,High,High,False
ISMN_SNOTEL_BuckskinLower,train,2109.0,2115.5,2106.199951171875,2131.60009765625,1751.1666414607607,OK,,High,High,False
ISMN_SNOTEL_BugLake,train,2432.0,2440.0,2430.800048828125,2453.400146484375,2079.811772957065,OK,,High,High,False
ISMN_SNOTEL_BurntMountain,train,1268.0,1258.800048828125,1244.7000732421875,1261.300048828125,502.571300019882,OK,,Mid,Mid,False
ISMN_SNOTEL_BurroMountain,val,2832.0,2835.5,2822.699951171875,2848.60009765625,2435.477403024456,OK,,High,High,False
ISMN_SNOTEL_BurtsMillerRanch,oos,2408.0,2410.5,2404.699951171875,2418.10009765625,2414.321839577973,OK,,High,High,False
ISMN_SNOTEL_Butte,train,3106.0,3112.800048828125,3099.5,3125.400146484375,3053.831441208052,OK,,High,High,False
ISMN_SNOTEL_CampJackson,train,2694.0,2697.400146484375,2682.5,2712.800048828125,2319.933888011804,OK,,High,High,False
ISMN_SNOTEL_CarsonPass,train,2548.0,2548.60009765625,2533.300048828125,2561.5,2176.8662781386665,PROBABLY_SRTM_BACKFILL,,High,High,False
ISMN_SNOTEL_Cascade#2,train,2740.0,2743.10009765625,2719.60009765625,2756.0,2939.739690622293,OK,,High,High,False
ISMN_SNOTEL_CascadeMountain,train,2362.0,2358.60009765625,2334.0,2385.60009765625,1702.254126298366,OK,,High,High,False
ISMN_SNOTEL_CastleValley,train,2929.0,2925.199951171875,2921.199951171875,2933.5,2696.759109087503,OK,,High,High,False
ISMN_SNOTEL_CaveMountain,train,3225.0,3226.699951171875,3214.10009765625,3244.699951171875,2353.715675741176,OK,,High,High,False
ISMN_SNOTEL_Chalender,train,2140.0,2143.300048828125,2131.5,2172.800048828125,2054.2487202524053,OK,,High,High,False
ISMN_SNOTEL_ChalkCreek#1,oos,2792.0,2791.800048828125,2786.0,2810.0,2465.5418573565307,PROBABLY_SRTM_BACKFILL,,High,High,False
ISMN_SNOTEL_ChalkCreek#2,train,2499.0,2508.0,2486.199951171875,2522.300048828125,2467.245173025357,OK,,High,High,False
ISMN_SNOTEL_Chepeta,train,3197.0,3203.0,3193.400146484375,3204.5,3113.434648146904,OK,,High,High,False
ISMN_SNOTEL_Chisana,train,1012.0,1013.0,1011.1000366210938,1013.6000366210938,1085.0604943393478,OK,,Mid,Mid,False
ISMN_SNOTEL_ChocolateGulch,train,1923.0,1931.0,1912.4000244140625,1965.800048828125,2348.7826079601364,OK,,High,High,False
ISMN_SNOTEL_CinnabarPark,train,2947.0,2945.199951171875,2939.400146484375,2954.400146484375,2907.113031168136,OK,,High,High,False
ISMN_SNOTEL_ClackamasLake,train,1036.0,1036.5,1034.2000732421875,1047.5,993.5621395995934,PROBABLY_SRTM_BACKFILL,,Mid,Mid,False
ISMN_SNOTEL_ClaytonSprings,oos,3051.0,3055.699951171875,3046.0,3057.60009765625,2473.921358132206,OK,,High,High,False
ISMN_SNOTEL_ClearCreek#1,train,2731.0,2740.900146484375,2728.900146484375,2754.5,2200.462734788407,OK,,High,High,False
ISMN_SNOTEL_ClearCreek#2,train,2393.0,2403.5,2389.400146484375,2439.300048828125,2200.462734788407,OK,,High,High,False
ISMN_SNOTEL_Coldfoot,train,326.0,322.3999938964844,321.6000061035156,323.5,816.0501228598113,OK,,Low,Low,False
ISMN_SNOTEL_CorralCanyon,train,2573.0,2570.300048828125,2543.60009765625,2600.699951171875,1982.099183921846,OK,,High,High,False
ISMN_SNOTEL_CouchSummit,train,2063.0,2067.300048828125,2067.300048828125,2089.400146484375,2072.2206173743134,OK,,High,High,False
ISMN_SNOTEL_CrabCreek,train,2094.0,2110.60009765625,2094.400146484375,2132.0,2186.5560311590907,OK,,High,High,False
ISMN_SNOTEL_CraterMeadows,train,1817.0,1814.9000244140625,1805.300048828125,1835.5999755859373,1474.4775133126948,OK,,High,High,False
ISMN_SNOTEL_CrowCreek,oos,2536.0,2537.300048828125,2530.60009765625,2574.300048828125,2351.971317722613,OK,,High,High,False
ISMN_SNOTEL_CssLab,oos,2097.0,2094.199951171875,2086.400146484375,2113.0,1977.5726757259092,OK,,High,High,False
ISMN_SNOTEL_Culebra#2,train,3222.0,3212.199951171875,3199.0,3230.699951171875,3012.420678847407,OK,,High,High,False
ISMN_SNOTEL_CurrantCreek,train,2414.0,2420.60009765625,2410.300048828125,2442.900146484375,2702.5781935318005,OK,,High,High,False
ISMN_SNOTEL_Daniels-Strawberry,train,2441.0,2443.800048828125,2434.199951171875,2454.60009765625,2408.330254355483,OK,,High,High,False
ISMN_SNOTEL_DillsCamp,oos,2816.0,2815.5,2810.0,2830.800048828125,2867.0700792938965,PROBABLY_SRTM_BACKFILL,,High,High,False
ISMN_SNOTEL_DisasterPeak,train,1908.0,1911.5999755859373,1903.4000244140625,1926.5,1813.030926126448,OK,,High,High,False
ISMN_SNOTEL_DonkeyReservoir,val,2987.0,2989.300048828125,2987.60009765625,2992.699951171875,2258.280123966412,OK,,High,High,False
ISMN_SNOTEL_DorseyBasin,train,2408.0,2411.5,2404.5,2421.5,1853.895884727805,OK,,High,High,False
ISMN_SNOTEL_DrawCreek,train,2225.0,2231.900146484375,2217.10009765625,2243.5,2206.12179350036,OK,,High,High,False
ISMN_SNOTEL_DryBreadPond,train,2527.0,2528.10009765625,2523.300048828125,2538.300048828125,2134.0949047234494,OK,,High,High,False
ISMN_SNOTEL_DryCreek,train,1999.0,2014.0999755859373,1991.800048828125,2031.9000244140625,1854.94818847581,OK,,High,High,False
ISMN_SNOTEL_DryFork,train,2192.0,2201.400146484375,2178.60009765625,2248.5,1835.8692527134235,OK,,High,High,False
ISMN_SNOTEL_DryLake,train,2512.0,2520.300048828125,2515.800048828125,2533.300048828125,2603.4866136453334,OK,,High,High,False
ISMN_SNOTEL_EFBlacksForkGS,train,2853.0,2858.699951171875,2848.900146484375,2863.300048828125,2968.7251331846337,OK,,High,High,False
ISMN_SNOTEL_EagleSummit,train,1106.0,1106.2000732421875,1097.9000244140625,1107.4000244140625,1057.4069422051934,PROBABLY_SRTM_BACKFILL,,Mid,Mid,False
ISMN_SNOTEL_EastRimDivide,train,2441.0,2441.900146484375,2431.60009765625,2452.400146484375,2211.684993652165,PROBABLY_SRTM_BACKFILL,,High,High,False
ISMN_SNOTEL_EastWillowCreek,train,2533.0,2537.800048828125,2530.800048828125,2564.800048828125,2113.961918994179,OK,,High,High,False
ISMN_SNOTEL_EbbettsPass,train,2640.0,2633.199951171875,2618.699951171875,2647.5,2310.6081979409187,OK,,High,High,False
ISMN_SNOTEL_EchoPeak,oos,2332.0,2336.400146484375,2305.900146484375,2370.199951171875,2134.9481174596017,OK,,High,High,False
ISMN_SNOTEL_ElkCabin,oos,2502.0,2508.699951171875,2506.199951171875,2541.60009765625,2254.5666899878875,OK,,High,High,False
ISMN_SNOTEL_ExitGlacier,train,110.0,107.8000030517578,107.8000030517578,109.9000015258789,841.7577364865975,OK,,Low,Low,False
ISMN_SNOTEL_FallenLeaf,oos,1905.0,1905.7000732421875,1899.0999755859373,1913.300048828125,1971.9575500749029,PROBABLY_SRTM_BACKFILL,,High,High,False
ISMN_SNOTEL_Farmington,oos,2414.0,2405.5,2379.699951171875,2423.10009765625,1636.3010626569337,OK,,High,High,False
ISMN_SNOTEL_FarmingtonLower,oos,2088.0,2100.699951171875,2094.60009765625,2147.400146484375,1636.3010626569337,OK,,High,High,False
ISMN_SNOTEL_FarnsworthLake,train,2932.0,2937.0,2921.800048828125,2952.400146484375,2386.161644113249,OK,,High,High,False
ISMN_SNOTEL_FawnCreek,train,2146.0,2147.699951171875,2128.60009765625,2178.0,1688.1824702868555,OK,,High,High,False
ISMN_SNOTEL_FieldingLake,train,917.0,916.6000366210938,915.7999877929688,918.2999877929688,1203.2287983075332,PROBABLY_SRTM_BACKFILL,,Mid,Mid,False
ISMN_SNOTEL_Fifteenmile,train,1820.0,1812.4000244140625,1723.300048828125,1819.0999755859373,1282.6699290806043,OK,,High,High,False
ISMN_SNOTEL_FishLakeUtah,train,2679.0,2679.800048828125,2672.199951171875,2692.699951171875,2589.2086734435798,PROBABLY_SRTM_BACKFILL,,High,High,False
ISMN_SNOTEL_FivePointsLake,train,3328.0,3340.60009765625,3331.199951171875,3353.400146484375,3140.367463098583,OK,,High,High,False
ISMN_SNOTEL_ForestdaleCreek,oos,2454.0,2444.10009765625,2437.400146484375,2454.60009765625,2299.254135732028,OK,,High,High,False
ISMN_SNOTEL_FranklinBasin,oos,2481.0,2485.300048828125,2476.800048828125,2496.5,1912.5647541172543,OK,,High,High,False
ISMN_SNOTEL_FredonyerPeak,val,2201.0,2190.400146484375,2158.10009765625,2213.199951171875,1663.0721387089402,OK,,High,High,False
ISMN_SNOTEL_FremontPass,train,3447.0,3449.199951171875,3429.10009765625,3468.900146484375,3408.453387575015,OK,,High,High,False
ISMN_SNOTEL_FryCanyon,train,2070.0,2079.400146484375,2076.10009765625,2124.60009765625,2127.897217353765,OK,,High,High,False
ISMN_SNOTEL_GBRCHQ,train,2682.0,2686.300048828125,2680.5,2692.699951171875,2057.979126152413,OK,,High,High,False
ISMN_SNOTEL_GBRCMeadows,train,3002.0,3007.900146484375,2993.5,3026.10009765625,2057.979126152413,OK,,High,High,False
ISMN_SNOTEL_GalenaAK,train,104.0,101.3000030517578,100.5999984741211,106.0,80.37247478725257,OK,,Low,Low,False
ISMN_SNOTEL_GalenaSummit,train,2676.0,2683.10009765625,2673.0,2702.60009765625,2325.5851437708056,OK,,High,High,False
ISMN_SNOTEL_GallegosPeak,train,2883.0,2889.400146484375,2873.60009765625,2914.800048828125,2599.5538269306826,OK,,High,High,False
ISMN_SNOTEL_GardenCitySummit,train,2341.0,2346.0,2343.900146484375,2367.800048828125,2186.906691501601,OK,,High,High,False
ISMN_SNOTEL_GardnerPeak,train,2536.0,2534.900146484375,2527.300048828125,2584.400146484375,2161.170028299583,OK,,High,High,False
ISMN_SNOTEL_GaritaPeak,train,3078.0,3082.199951171875,3066.400146484375,3106.400146484375,2473.2884268541384,OK,,High,High,False
ISMN_SNOTEL_GeorgeCreek,train,2731.0,2731.300048828125,2719.800048828125,2747.5,1775.7748363839596,PROBABLY_SRTM_BACKFILL,,High,High,False
ISMN_SNOTEL_Giveout,train,2115.0,2118.5,2113.699951171875,2135.300048828125,2246.887978533455,OK,,High,High,False
ISMN_SNOTEL_GobblersKnob,train,622.0,622.5,614.5,629.5,456.5284425359949,PROBABLY_SRTM_BACKFILL,,Mid,Mid,False
ISMN_SNOTEL_Golconda,train,2021.0,2025.800048828125,2011.4000244140625,2052.900146484375,1700.7578423344364,OK,,High,High,False
ISMN_SNOTEL_GoldAxeCamp,train,1640.0,1639.9000244140625,1621.800048828125,1640.800048828125,915.386571634312,PROBABLY_SRTM_BACKFILL,,High,High,False
ISMN_SNOTEL_GoldBasin,train,3069.0,3081.699951171875,3070.300048828125,3122.400146484375,2468.771419258512,OK,,High,High,False
ISMN_SNOTEL_GooseberryRS,train,2417.0,2429.10009765625,2419.199951171875,2438.800048828125,2069.6176140261105,OK,,High,High,False
ISMN_SNOTEL_GooseberryRSUp,train,2560.0,2562.199951171875,2553.900146484375,2579.800048828125,2386.161644113249,OK,,High,High,False
ISMN_SNOTEL_GrandTarghee,train,2822.0,2832.60009765625,2816.699951171875,2861.699951171875,2258.098528911508,OK,,High,High,False
ISMN_SNOTEL_GraniteCreek,train,2063.0,2068.800048828125,2065.10009765625,2071.900146484375,2742.672191061554,OK,,High,High,False
ISMN_SNOTEL_GraniteCrk,train,381.0,381.7000122070313,380.3000183105469,382.7000122070313,415.0076817938974,PROBABLY_SRTM_BACKFILL,,Low,Low,False
ISMN_SNOTEL_GranitePeak,oos,2591.0,2589.60009765625,2583.300048828125,2619.199951171875,1880.2400645580385,OK,,High,High,False
ISMN_SNOTEL_GreenMountain,train,2493.0,2500.300048828125,2478.300048828125,2540.10009765625,1923.2934176009617,OK,,High,High,False
ISMN_SNOTEL_GrizzlyPeak,oos,3386.0,3393.300048828125,3363.900146484375,3426.300048828125,3300.525923817767,OK,,High,High,False
ISMN_SNOTEL_GulkanaRiver,train,558.0,558.2999877929688,557.2999877929688,559.2999877929688,681.6301537647696,PROBABLY_SRTM_BACKFILL,,Mid,Mid,False
ISMN_SNOTEL_GutzPeak,train,2073.0,2081.900146484375,2073.900146484375,2112.199951171875,1767.4224346667977,OK,,High,High,False
ISMN_SNOTEL_HagansMeadow,train,2359.0,2365.60009765625,2363.10009765625,2381.10009765625,2145.004773081166,OK,,High,High,False
ISMN_SNOTEL_HappyJack,oos,2292.0,2293.5,2293.199951171875,2298.300048828125,1988.5076406312253,OK,,High,High,False
ISMN_SNOTEL_Hardscrabble,train,2216.0,2219.10009765625,2190.5,2239.60009765625,1862.8362038287332,OK,,High,High,False
ISMN_SNOTEL_HarrisFlat,train,2377.0,2375.5,2373.699951171875,2384.5,2291.4413507719064,OK,,High,High,False
ISMN_SNOTEL_HawleyLake,train,2527.0,2540.0,2535.300048828125,2549.60009765625,2194.154137106627,OK,,High,High,False
ISMN_SNOTEL_HaydenFork,train,2792.0,2792.400146484375,2774.300048828125,2825.5,2898.348841660175,PROBABLY_SRTM_BACKFILL,,High,High,False
ISMN_SNOTEL_HeavenlyValley,train,2603.0,2610.5,2603.5,2629.300048828125,1950.5697333321264,OK,,High,High,False
ISMN_SNOTEL_Hewinta,train,2899.0,2900.0,2892.800048828125,2908.900146484375,2773.388903757971,OK,,High,High,False
ISMN_SNOTEL_HickersonPark,train,2783.0,2780.800048828125,2775.300048828125,2786.10009765625,2370.52592775882,OK,,High,High,False
ISMN_SNOTEL_HighLonesome,train,3240.0,3245.10009765625,3225.199951171875,3257.699951171875,2711.6073223669214,OK,,High,High,False
ISMN_SNOTEL_HighRidge,oos,1494.0,1498.300048828125,1486.9000244140625,1504.7000732421875,1155.3272460138385,OK,,Mid,Mid,False
ISMN_SNOTEL_HiltsCreek,oos,2463.0,2474.0,2451.199951171875,2501.300048828125,2479.9846654264597,OK,,High,High,False
ISMN_SNOTEL_HobbleCreek,train,2243.0,2257.900146484375,2237.300048828125,2266.60009765625,2168.969612288598,OK,,High,High,False
ISMN_SNOTEL_Hole-in-Mountain,train,2490.0,2483.60009765625,2470.5,2509.5,2093.679680061452,OK,,High,High,False
ISMN_SNOTEL_Hole-in-Rock,oos,2795.0,2795.900146484375,2785.900146484375,2809.900146484375,2552.281678902082,PROBABLY_SRTM_BACKFILL,,High,High,False
ISMN_SNOTEL_HollandMeadows,oos,1503.0,1483.300048828125,1462.300048828125,1491.2000732421875,862.9093447991021,OK,,High,High,False
ISMN_SNOTEL_HoosierPass,train,3536.0,3533.699951171875,3519.10009765625,3542.5,3452.2825806900064,OK,,High,High,False
ISMN_SNOTEL_Hopewell,oos,3072.0,3075.400146484375,3065.60009765625,3087.400146484375,2941.215505136464,OK,,High,High,False
ISMN_SNOTEL_HorseMeadow,train,2615.0,2623.900146484375,2606.0,2626.60009765625,1976.7942804112604,OK,,High,High,False
ISMN_SNOTEL_HorseRidge,val,2502.0,2498.5,2487.900146484375,2507.400146484375,2280.006971373342,OK,,High,High,False
ISMN_SNOTEL_HuntingtonHorse,train,2941.0,2945.10009765625,2924.800048828125,2947.900146484375,2177.9919966483394,OK,,High,High,False
ISMN_SNOTEL_ImnaviatCreek,val,927.0,932.2000122070312,929.4000244140624,933.2000122070312,849.3138946980505,OK,,Mid,Mid,False
ISMN_SNOTEL_IndependenceCamp,train,2124.0,2124.699951171875,2118.199951171875,2126.300048828125,1950.534803691037,PROBABLY_SRTM_BACKFILL,,High,High,False
ISMN_SNOTEL_IndependenceCreek,train,1963.0,1962.300048828125,1955.0999755859373,1975.9000244140625,1950.534803691037,PROBABLY_SRTM_BACKFILL,,High,High,False
ISMN_SNOTEL_IndependenceLake,train,2542.0,2538.800048828125,2507.900146484375,2549.60009765625,2030.5733948177735,OK,,High,High,False
ISMN_SNOTEL_IslandPark,train,1920.0,1920.300048828125,1918.300048828125,1921.2000732421875,1997.437199566461,PROBABLY_SRTM_BACKFILL,,High,High,False
ISMN_SNOTEL_JackCreekUpper,train,2249.0,2247.900146484375,2240.300048828125,2272.60009765625,2021.6862728011592,OK,,High,High,False
ISMN_SNOTEL_JackWadeJct,train,1052.0,1117.5,1107.5,1120.5,879.6545106218811,DISAGREES_OUTSIDE_LOCAL_RELIEF,,Mid,Mid,False
ISMN_SNOTEL_JacksPeak,val,2573.0,2589.0,2548.800048828125,2625.0,2019.1680974596632,OK,,High,High,False
ISMN_SNOTEL_JacksonPeak,oos,2152.0,2153.699951171875,2144.10009765625,2179.60009765625,1787.531519176875,OK,,High,High,False
ISMN_SNOTEL_JackwhackerGulch,val,3362.0,3358.400146484375,3340.0,3391.5,3212.9251726675675,OK,,High,High,False
ISMN_SNOTEL_JonesCorral,train,2960.0,2963.10009765625,2948.800048828125,2973.800048828125,2355.680505660221,OK,,High,High,False
ISMN_SNOTEL_JonesPass,train,3176.0,3173.199951171875,3157.199951171875,3187.60009765625,3121.8818199974235,OK,,High,High,False
ISMN_SNOTEL_Kalamazoo,train,2359.0,2385.400146484375,2379.0,2429.199951171875,2157.971560612305,OK,,High,High,False
ISMN_SNOTEL_KelleyR.S.,train,2512.0,2515.199951171875,2503.800048828125,2524.199951171875,2153.3612459330834,OK,,High,High,False
ISMN_SNOTEL_KellyStation,train,116.0,98.0,93.20000457763672,105.0,202.41427745946905,OK,,Low,Low,False
ISMN_SNOTEL_KenaiMoosePens,train,91.0,91.20000457763672,89.5999984741211,91.20000457763672,104.77972103176852,PROBABLY_SRTM_BACKFILL,,Low,Low,False
ISMN_SNOTEL_KilfoilCreek,oos,2204.0,2212.900146484375,2203.400146484375,2239.800048828125,2172.6778204687844,OK,,High,High,False
ISMN_SNOTEL_KimberlyMine,train,2777.0,2770.900146484375,2762.10009765625,2796.199951171875,2409.4431713767167,OK,,High,High,False
ISMN_SNOTEL_KingsCabin,train,2664.0,2669.800048828125,2665.199951171875,2679.800048828125,2620.6697654625136,OK,,High,High,False
ISMN_SNOTEL_KlondikeNarrows,train,2219.0,2220.800048828125,2214.400146484375,2233.5,2359.445334093421,OK,,High,High,False
ISMN_SNOTEL_Kolob,train,2819.0,2828.60009765625,2820.300048828125,2846.199951171875,2018.558378054224,OK,,High,High,False
ISMN_SNOTEL_Lakefork#1,train,3085.0,3095.0,3086.400146484375,3112.900146484375,2898.0712217804385,OK,,High,High,False
ISMN_SNOTEL_LakeforkBasin,train,3319.0,3319.699951171875,3310.800048828125,3325.0,2981.4001538047664,PROBABLY_SRTM_BACKFILL,,High,High,False
ISMN_SNOTEL_LamanceCreek,val,1948.0,1951.0999755859373,1941.5999755859373,1955.800048828125,1724.7099255833964,OK,,High,High,False
ISMN_SNOTEL_Lamoille#3,val,2448.0,2458.400146484375,2444.60009765625,2482.900146484375,2207.5195408167165,OK,,High,High,False
ISMN_SNOTEL_LamoilleUpper,oos,2740.0,2739.10009765625,2716.10009765625,2754.400146484375,2404.8621676509624,PROBABLY_SRTM_BACKFILL,,High,High,False
ISMN_SNOTEL_LapreleCreek,oos,2551.0,2558.60009765625,2549.800048828125,2558.60009765625,2340.584558818244,OK,,High,High,False
ISMN_SNOTEL_LarsenCreek,oos,2707.0,2712.10009765625,2703.400146484375,2717.699951171875,2730.008491210577,OK,,High,High,False
ISMN_SNOTEL_LasalMountain,train,2920.0,2923.400146484375,2900.0,2937.60009765625,2490.6205301008085,OK,,High,High,False
ISMN_SNOTEL_LasalMountain-Lower,train,2676.0,2690.800048828125,2672.699951171875,2704.199951171875,2481.84122096968,OK,,High,High,False
ISMN_SNOTEL_LaurelDraw,train,2036.0,2039.5999755859373,2032.5,2046.5,1884.130672018579,OK,,High,High,False
ISMN_SNOTEL_LeavittLake,train,2926.0,2942.5,2919.60009765625,2951.5,2585.298890346639,OK,,High,High,False
ISMN_SNOTEL_LeavittMeadows,train,2195.0,2195.199951171875,2187.300048828125,2206.10009765625,2585.1773891054954,PROBABLY_SRTM_BACKFILL,,High,High,False
ISMN_SNOTEL_LeeCanyon,train,2627.0,2636.0,2616.60009765625,2661.0,2085.494154691736,OK,,High,High,False
ISMN_SNOTEL_LewisLakeDivide,train,2402.0,2402.10009765625,2400.800048828125,2404.199951171875,2417.144703601707,PROBABLY_SRTM_BACKFILL,,High,High,False
ISMN_SNOTEL_LewisPeak,train,2249.0,2252.10009765625,2232.60009765625,2278.60009765625,1920.277123044841,OK,,High,High,False
ISMN_SNOTEL_LightningRidge,train,2499.0,2501.699951171875,2492.10009765625,2511.800048828125,2270.4042140856504,OK,,High,High,False
ISMN_SNOTEL_LilyLake,val,2783.0,2788.199951171875,2775.60009765625,2808.699951171875,2741.494336444636,OK,,High,High,False
ISMN_SNOTEL_LilyPond,train,3371.0,3372.300048828125,3358.800048828125,3379.400146484375,3211.2378214274518,OK,,High,High,False
ISMN_SNOTEL_LittleBear,oos,1993.0,1996.300048828125,1981.9000244140625,2019.9000244140625,1820.4624572645923,OK,,High,High,False
ISMN_SNOTEL_LittleChenaRidge,oos,655.0,653.5,640.6000366210938,656.6000366210938,617.0513654724245,OK,,Mid,Mid,False
ISMN_SNOTEL_LittleGrassy,train,1847.0,1848.7000732421875,1847.800048828125,1866.5,1819.368431428647,OK,,High,High,False
ISMN_SNOTEL_LittleSnakeRiver,train,2722.0,2721.5,2704.10009765625,2732.699951171875,2623.4280147965305,PROBABLY_SRTM_BACKFILL,,High,High,False
ISMN_SNOTEL_LittleValley,train,1981.0,1976.5999755859373,1975.9000244140625,1986.5,2138.324900544829,OK,,High,High,False
ISMN_SNOTEL_LizardHeadPass,train,3106.0,3100.800048828125,3087.699951171875,3117.60009765625,3174.155321469609,OK,,High,High,False
ISMN_SNOTEL_LobdellLake,train,2822.0,2821.300048828125,2804.699951171875,2828.10009765625,2318.1675806220182,PROBABLY_SRTM_BACKFILL,,High,High,False
ISMN_SNOTEL_LoneCone,oos,2966.0,2972.800048828125,2967.10009765625,2974.900146484375,2848.438040067831,OK,,High,High,False
ISMN_SNOTEL_LonesomeBeaver,train,2905.0,2895.199951171875,2816.0,2977.800048828125,2170.7364196834465,OK,,High,High,False
ISMN_SNOTEL_LongDrawResv,train,3045.0,3036.900146484375,3030.400146484375,3053.10009765625,3045.825572300204,OK,,High,High,False
ISMN_SNOTEL_LongFlat,train,2435.0,2436.400146484375,2430.199951171875,2439.5,1916.1176674924368,OK,,High,High,False
ISMN_SNOTEL_LongValley,train,1490.0,1492.9000244140625,1487.2000732421875,1493.7000732421875,1658.1135850856522,OK,,Mid,Mid,False
ISMN_SNOTEL_LongValleyJct,train,2274.0,2274.699951171875,2265.400146484375,2278.0,2292.386002602615,PROBABLY_SRTM_BACKFILL,,High,High,False
ISMN_SNOTEL_Lookout,train,1579.0,1575.0999755859375,1549.9000244140625,1589.5,1479.844081043506,OK,,High,High,False
ISMN_SNOTEL_LookoutPeak,train,2484.0,2494.0,2483.199951171875,2517.699951171875,1867.625271825174,OK,,High,High,False
ISMN_SNOTEL_LostCreekResv,train,1850.0,1854.0,1852.300048828125,1893.0999755859373,2216.838287907281,OK,,High,High,False
ISMN_SNOTEL_LostDog,train,2847.0,2846.60009765625,2826.60009765625,2872.300048828125,2793.127284180312,PROBABLY_SRTM_BACKFILL,,High,High,False
ISMN_SNOTEL_LouisMeadow,train,2057.0,2056.60009765625,2056.60009765625,2111.300048828125,1862.8362038287332,PROBABLY_SRTM_BACKFILL,,High,High,False
ISMN_SNOTEL_MagicMountain,train,2115.0,2126.800048828125,2119.0,2138.5,1985.3496785685024,OK,,High,High,False
ISMN_SNOTEL_Mammoth-Cottonwood,train,2655.0,2655.5,2651.400146484375,2665.699951171875,2185.774268658742,PROBABLY_SRTM_BACKFILL,,High,High,False
ISMN_SNOTEL_MarletteLake,train,2396.0,2394.900146484375,2394.400146484375,2411.10009765625,1939.5807794534576,OK,,High,High,False
ISMN_SNOTEL_MayCreek,oos,482.0,477.8999938964844,472.3999938964844,482.7000122070313,1045.165249985257,OK,,Low,Low,False
ISMN_SNOTEL_McGrath,train,104.0,102.5,102.20000457763672,103.4000015258789,171.53266415199172,OK,,Low,Low,False
ISMN_SNOTEL_McneilRiverSGS,train,34.0,29.100000381469727,29.100000381469727,46.60000228881836,204.9553577909096,OK,,Low,Low,False
ISMN_SNOTEL_MedBow,train,3200.0,3199.800048828125,3192.400146484375,3211.0,2842.409565506825,PROBABLY_SRTM_BACKFILL,,High,High,False
ISMN_SNOTEL_MerchantValley,train,2655.0,2652.10009765625,2637.0,2682.699951171875,2511.093288269128,OK,,High,High,False
ISMN_SNOTEL_MicaCreek,train,1366.0,1377.300048828125,1366.7000732421875,1387.2000732421875,957.5385591196624,OK,,Mid,Mid,False
ISMN_SNOTEL_MichiganCreek,train,3261.0,3262.400146484375,3248.0,3283.400146484375,3194.326769118141,OK,,High,High,False
ISMN_SNOTEL_MiddleForkCamp,train,2731.0,2735.5,2732.199951171875,2737.400146484375,2989.044614480536,OK,,High,High,False
ISMN_SNOTEL_MidwayValley,train,2996.0,3010.60009765625,2983.800048828125,3033.60009765625,2608.343114639497,OK,,High,High,False
ISMN_SNOTEL_Mill-DNorth,train,2725.0,2741.0,2708.0,2753.300048828125,2215.0274018079413,OK,,High,High,False
ISMN_SNOTEL_MiningFork,train,2527.0,2524.0,2488.5,2561.5,1693.2696943372512,OK,,High,High,False
ISMN_SNOTEL_MonitorPass,train,2536.0,2533.800048828125,2524.199951171875,2540.60009765625,2005.08636173094,OK,,High,High,False
ISMN_SNOTEL_MonteCristo,train,2722.0,2723.800048828125,2695.900146484375,2724.699951171875,2260.265852296808,OK,,High,High,False
ISMN_SNOTEL_MonumentCreek,oos,567.0,558.6000366210938,556.6000366210938,562.6000366210938,742.7971110675091,OK,,Mid,Mid,False
ISMN_SNOTEL_MooreCreekBridge,train,1024.0,678.6000366210938,655.2000122070312,699.0,1011.9945363369268,DISAGREES_OUTSIDE_LOCAL_RELIEF,,Mid,Mid,False
ISMN_SNOTEL_MormonMountain,oos,2283.0,2284.699951171875,2284.699951171875,2290.699951171875,2015.854155075179,OK,,High,High,False
ISMN_SNOTEL_MormonMtnSummit,train,2576.0,2583.300048828125,2574.10009765625,2586.699951171875,2025.1741187995635,OK,,High,High,False
ISMN_SNOTEL_MosbyMtn.,train,2911.0,2913.800048828125,2902.400146484375,2922.900146484375,2877.0028169559355,OK,,High,High,False
ISMN_SNOTEL_MoscowMountain,oos,1433.0,1423.4000244140625,1399.7000732421875,1425.300048828125,811.2822582691502,OK,,Mid,Mid,False
ISMN_SNOTEL_MosesMtn,train,1667.0,1662.5999755859375,1648.9000244140625,1667.5,1176.427677185955,OK,,High,High,False
ISMN_SNOTEL_MosquitoRidge,oos,1606.0,1597.4000244140625,1577.7000732421875,1610.0,986.85176224646,OK,,High,High,False
ISMN_SNOTEL_Mt.Ryan,train,838.0,836.9000244140625,823.7999877929688,851.0,776.9183508220365,OK,,Mid,Mid,False
ISMN_SNOTEL_MtBaldy,oos,2905.0,2907.5,2896.10009765625,2926.5,2289.7937189848685,OK,,High,High,False
ISMN_SNOTEL_MtPennell,train,2807.0,2804.0,2766.199951171875,2847.199951171875,2173.2231701232063,OK,,High,High,False
ISMN_SNOTEL_MtRoseSkiArea,oos,2685.0,2686.60009765625,2673.199951171875,2721.400146484375,2006.236283439868,OK,,High,High,False
ISMN_SNOTEL_MudFlat,train,1753.0,1752.9000244140625,1747.800048828125,1757.2000732421875,1667.418547194588,PROBABLY_SRTM_BACKFILL,,High,High,False
ISMN_SNOTEL_MyrtleCreek,oos,1079.0,1078.4000244140625,1050.5999755859375,1118.5999755859375,1410.2973865282595,PROBABLY_SRTM_BACKFILL,,Mid,Mid,False
ISMN_SNOTEL_NavajoWhiskeyCk,train,2758.0,2760.10009765625,2757.699951171875,2760.699951171875,2259.006448137201,OK,,High,High,False
ISMN_SNOTEL_NukaGlacier,train,372.0,379.0,378.3999938964844,379.7000122070313,746.6484566066274,OK,,Low,Low,False
ISMN_SNOTEL_ONeilCreek,train,1981.0,1983.800048828125,1977.7000732421875,2008.9000244140625,2030.199838434732,OK,,High,High,False
ISMN_SNOTEL_OakCreek,val,2390.0,2397.10009765625,2368.800048828125,2438.900146484375,1799.8016157257143,OK,,High,High,False
ISMN_SNOTEL_PalisadesTahoe,train,2441.0,2443.5,2426.60009765625,2463.699951171875,1948.8825823398836,OK,,High,High,False
ISMN_SNOTEL_Palo,train,2844.0,2847.60009765625,2832.60009765625,2873.5,2770.920080144356,OK,,High,High,False
ISMN_SNOTEL_PanguitchLakeRS,oos,2530.0,2530.199951171875,2522.900146484375,2539.60009765625,2541.02019449728,PROBABLY_SRTM_BACKFILL,,High,High,False
ISMN_SNOTEL_ParkCone,train,2926.0,2928.5,2910.0,2950.199951171875,3095.1656022662905,OK,,High,High,False
ISMN_SNOTEL_ParkReservoir,train,3045.0,3051.800048828125,3034.10009765625,3054.400146484375,2667.9666808931584,OK,,High,High,False
ISMN_SNOTEL_ParleysSummit,train,2313.0,2316.800048828125,2298.60009765625,2332.800048828125,2026.857194489092,OK,,High,High,False
ISMN_SNOTEL_ParleysUpper,train,2539.0,2566.400146484375,2548.60009765625,2606.5,2025.347019606187,OK,,High,High,False
ISMN_SNOTEL_ParrishCreek,oos,2365.0,2371.900146484375,2360.300048828125,2384.800048828125,1636.3010626569337,OK,,High,High,False
ISMN_SNOTEL_PaysonR.S.,oos,2454.0,2454.400146484375,2448.199951171875,2460.699951171875,1851.855470793085,PROBABLY_SRTM_BACKFILL,,High,High,False
ISMN_SNOTEL_PebbleCreek,oos,1987.0,1998.7000732421875,1995.5999755859373,2057.400146484375,1794.9979502561746,OK,,High,High,False
ISMN_SNOTEL_PhantomValley,train,2752.0,2755.699951171875,2749.400146484375,2764.199951171875,3058.377120670137,OK,,High,High,False
ISMN_SNOTEL_PickleKeg,train,2746.0,2761.699951171875,2733.60009765625,2798.60009765625,2476.8972713618173,OK,,High,High,False
ISMN_SNOTEL_PierceR.S.,train,939.0,944.0,944.0,969.1000366210938,1110.409818556968,OK,,Mid,Mid,False
ISMN_SNOTEL_PineCreek,oos,2658.0,2669.5,2645.300048828125,2722.10009765625,2055.46997338555,OK,,High,High,False
ISMN_SNOTEL_PocketCreek,train,2856.0,2866.400146484375,2862.400146484375,2880.10009765625,2576.0773286223507,OK,,High,High,False
ISMN_SNOTEL_PoisonFlat,train,2356.0,2361.199951171875,2354.10009765625,2373.400146484375,2237.366324522832,OK,,High,High,False
ISMN_SNOTEL_PoleCanyon,train,2365.0,2374.699951171875,2358.0,2413.199951171875,2127.997299735466,OK,,High,High,False
ISMN_SNOTEL_PoleCreekR.S.,train,2548.0,2556.10009765625,2536.10009765625,2580.5,2229.7881889343307,OK,,High,High,False
ISMN_SNOTEL_PorphyryCreek,train,3289.0,3283.199951171875,3278.60009765625,3297.900146484375,2947.2992808593262,OK,,High,High,False
ISMN_SNOTEL_PorterCanyon,val,2192.0,2190.699951171875,2189.900146484375,2207.5,1802.491868539896,OK,,High,High,False
ISMN_SNOTEL_PowderMountain,oos,2588.0,2596.400146484375,2573.60009765625,2621.60009765625,1917.794842959184,OK,,High,High,False
ISMN_SNOTEL_QuartzMountain,train,1740.0,1738.4000244140625,1729.2000732421875,1743.4000244140625,1500.3001131484048,OK,,High,High,False
ISMN_SNOTEL_QuartzPeak,oos,1436.0,1432.0999755859375,1420.2000732421875,1444.2000732421875,946.3909554268838,OK,,Mid,Mid,False
ISMN_SNOTEL_Quemazon,train,2893.0,2893.400146484375,2884.10009765625,2901.800048828125,2649.015701254879,PROBABLY_SRTM_BACKFILL,,High,High,False
ISMN_SNOTEL_RaggedMountain,val,1283.0,1277.9000244140625,1260.5999755859375,1294.9000244140625,946.0060097271142,OK,,Mid,Mid,False
ISMN_SNOTEL_RainbowCanyon,oos,2390.0,2413.800048828125,2383.199951171875,2444.60009765625,2295.6682812853164,OK,,High,High,False
ISMN_SNOTEL_RainyPass,oos,1487.0,1494.5999755859375,1438.5,1508.2000732421875,1733.9967610033102,OK,,Mid,Mid,False
ISMN_SNOTEL_ReddenMineLwr,train,2603.0,2605.400146484375,2590.0,2610.900146484375,2092.069601071716,OK,,High,High,False
ISMN_SNOTEL_ReesFlat,train,2188.0,2203.5,2177.0,2243.0,2070.718567386388,OK,,High,High,False
ISMN_SNOTEL_ReynoldsCreek,train,1704.0,1706.4000244140625,1699.300048828125,1719.0999755859375,1369.8940915195349,OK,,High,High,False
ISMN_SNOTEL_RioSantaBarbara,oos,3243.0,3254.400146484375,3241.400146484375,3267.400146484375,2563.154774596801,OK,,High,High,False
ISMN_SNOTEL_RockCreek,oos,2402.0,2398.900146484375,2397.5,2415.0,2922.574176254658,OK,,High,High,False
ISMN_SNOTEL_RockSprings,train,1612.0,1608.2000732421875,1591.7000732421875,1619.800048828125,1441.0645254115,OK,,High,High,False
ISMN_SNOTEL_RockwoodGS,oos,2621.0,2620.300048828125,2614.0,2638.199951171875,2055.8003056844286,PROBABLY_SRTM_BACKFILL,,High,High,False
ISMN_SNOTEL_RockyBasin-Settleme,train,2652.0,2650.300048828125,2633.5,2700.60009765625,1777.6348817931068,OK,,High,High,False
ISMN_SNOTEL_RoughAndTumble,train,3176.0,3183.0,3178.0,3187.800048828125,3175.391481596664,OK,,High,High,False
ISMN_SNOTEL_Rubicon#2,train,2307.0,2315.699951171875,2293.60009765625,2341.60009765625,2035.7859196599327,OK,,High,High,False
ISMN_SNOTEL_SageCreekBasin,train,2387.0,2394.60009765625,2386.5,2407.300048828125,2259.5455074595134,OK,,High,High,False
ISMN_SNOTEL_SaltRiverSummit,train,2326.0,2328.10009765625,2315.5,2343.400146484375,2175.299657199092,OK,,High,High,False
ISMN_SNOTEL_SandstoneRS,oos,2484.0,2486.10009765625,2481.900146484375,2498.5,2473.904856796753,OK,,High,High,False
ISMN_SNOTEL_SantaFe,train,3499.0,3500.800048828125,3466.400146484375,3510.699951171875,2595.1493265009194,OK,,High,High,False
ISMN_SNOTEL_SantaquinMeadows,val,2387.0,2386.5,2382.10009765625,2404.5,1643.1927045195805,PROBABLY_SRTM_BACKFILL,,High,High,False
ISMN_SNOTEL_SavagePass,train,1881.0,1883.800048828125,1877.0,1899.7000732421875,1518.8986250517885,OK,,High,High,False
ISMN_SNOTEL_Sawtooth,val,2938.0,2933.800048828125,2918.400146484375,2954.900146484375,2992.4532271599373,OK,,High,High,False
ISMN_SNOTEL_SchofieldPass,train,3243.0,3250.699951171875,3244.10009765625,3277.60009765625,3287.7118982568463,OK,,High,High,False
ISMN_SNOTEL_SeeleyCreek,train,3018.0,3025.400146484375,3022.400146484375,3030.699951171875,2057.979126152413,OK,,High,High,False
ISMN_SNOTEL_SenoritaDivide#2,train,2609.0,2616.699951171875,2609.0,2622.199951171875,2482.319678597272,OK,,High,High,False
ISMN_SNOTEL_SeventysixCreek,train,2243.0,2248.0,2242.5,2256.300048828125,2246.8897267685247,OK,,High,High,False
ISMN_SNOTEL_ShanghiSummit,train,1399.0,1395.300048828125,1388.4000244140625,1399.300048828125,1154.686500099257,OK,,Mid,Mid,False
ISMN_SNOTEL_Sharkstooth,oos,3271.0,3275.60009765625,3270.0,3279.699951171875,2685.056885153947,OK,,High,High,False
ISMN_SNOTEL_SheepMtn.,oos,2021.0,2036.2000732421875,2016.800048828125,2055.0,1916.0037071586305,OK,,High,High,False
ISMN_SNOTEL_Sheldon,train,1786.0,1784.7000732421875,1780.5999755859375,1787.7000732421875,1725.4754360990814,OK,,High,High,False
ISMN_SNOTEL_Sherwin,val,972.0,977.7000122070312,959.0,993.2000122070312,990.1686902777768,OK,,Mid,Mid,False
ISMN_SNOTEL_Shuree,train,3072.0,3068.10009765625,3053.699951171875,3085.699951171875,2819.092093662688,OK,,High,High,False
ISMN_SNOTEL_Silvies,oos,2134.0,2135.5,2132.400146484375,2139.900146484375,1776.2827975472808,OK,,High,High,False
ISMN_SNOTEL_Slumgullion,train,3523.0,3522.900146484375,3519.0,3536.300048828125,3205.8275408983964,PROBABLY_SRTM_BACKFILL,,High,High,False
ISMN_SNOTEL_SmithMorehouse,train,2329.0,2338.800048828125,2320.199951171875,2375.800048828125,2670.514973287737,OK,,High,High,False
ISMN_SNOTEL_SnakeRiverStation,val,2103.0,2103.300048828125,2100.699951171875,2127.10009765625,2342.637023977265,PROBABLY_SRTM_BACKFILL,,High,High,False
ISMN_SNOTEL_Snowbird,train,2795.0,2794.5,2767.199951171875,2812.699951171875,2399.786960253728,PROBABLY_SRTM_BACKFILL,,High,High,False
ISMN_SNOTEL_SomsenRanch,train,2082.0,2083.900146484375,2067.5,2112.900146484375,2009.9481185663296,OK,,High,High,False
ISMN_SNOTEL_SonoraPass,val,2673.0,2676.0,2655.5,2712.10009765625,2590.0941946845587,OK,,High,High,False
ISMN_SNOTEL_SourdoughGulch,train,1207.0,1198.4000244140625,1164.0999755859375,1212.5999755859375,1009.7782945013572,OK,,Mid,Mid,False
ISMN_SNOTEL_SouthBrushCreek,train,2585.0,2589.0,2582.800048828125,2598.400146484375,2365.8048575143093,OK,,High,High,False
ISMN_SNOTEL_SouthMtn.,val,2027.0,2028.5999755859373,2004.0,2040.2000732421875,1642.3130638295563,OK,,High,High,False
ISMN_SNOTEL_SpiritLk,train,3121.0,3115.5,3112.10009765625,3125.0,2898.7243493416736,OK,,High,High,False
ISMN_SNOTEL_SprattCreek,train,1847.0,1855.800048828125,1850.0999755859373,1867.9000244140625,2277.2170570449853,OK,,High,High,False
ISMN_SNOTEL_SpringCreek,train,180.0,176.40000915527344,176.40000915527344,184.1999969482422,454.43034258934034,OK,,Low,Low,False
ISMN_SNOTEL_StateLine,train,1734.0,1734.9000244140625,1733.4000244140625,1737.300048828125,1641.5963684029562,PROBABLY_SRTM_BACKFILL,,High,High,False
ISMN_SNOTEL_SteelCreekPark,train,3091.0,3103.699951171875,3089.300048828125,3123.400146484375,2736.013466310233,OK,,High,High,False
ISMN_SNOTEL_StickneyMill,oos,2268.0,2267.699951171875,2258.0,2274.5,2523.5132527318024,PROBABLY_SRTM_BACKFILL,,High,High,False
ISMN_SNOTEL_StillwaterCreek,train,2670.0,2671.900146484375,2662.5,2682.900146484375,2885.8608447502115,OK,,High,High,False
ISMN_SNOTEL_StrawberryDivide,oos,2469.0,2471.10009765625,2450.0,2490.400146484375,2272.807689705896,OK,,High,High,False
ISMN_SNOTEL_SummitCreek,train,408.0,415.1000061035156,411.5,429.6000061035156,1067.4322179916494,OK,,Low,Low,False
ISMN_SNOTEL_SummitLk,train,2313.0,2329.900146484375,2309.300048828125,2342.10009765625,1878.6660293112736,OK,,High,High,False
ISMN_SNOTEL_SummitMeadow,train,2853.0,2855.900146484375,2838.0,2874.300048828125,2592.03721889718,OK,,High,High,False
ISMN_SNOTEL_SummitRanch,train,2850.0,2849.199951171875,2843.400146484375,2860.699951171875,2972.305939541104,PROBABLY_SRTM_BACKFILL,,High,High,False
ISMN_SNOTEL_SunflowerFlat,val,3051.0,3047.900146484375,3040.800048828125,3066.10009765625,2835.12981914201,OK,,High,High,False
ISMN_SNOTEL_Sunset,train,1701.0,1694.0999755859375,1681.9000244140625,1701.0999755859375,1196.7428560217743,OK,,High,High,False
ISMN_SNOTEL_SusitnaValleyHigh,train,113.0,113.8000030517578,112.0,115.70000457763672,233.7928249463899,PROBABLY_SRTM_BACKFILL,,Low,Low,False
ISMN_SNOTEL_SuuRanch,train,2454.0,2447.10009765625,2441.400146484375,2466.300048828125,2368.256857177544,OK,,High,High,False
ISMN_SNOTEL_SwedePeak,train,2329.0,2336.300048828125,2316.699951171875,2347.5,2553.3687799498234,OK,,High,High,False
ISMN_SNOTEL_TahoeCityCross,train,2060.0,2049.5,2027.7000732421875,2065.5,1945.0069387228707,OK,,High,High,False
ISMN_SNOTEL_TakkaWiiya,train,2777.0,2786.5,2776.0,2806.800048828125,2328.9088203625106,OK,,High,High,False
ISMN_SNOTEL_TaosPowderhorn,train,3362.0,3372.60009765625,3345.5,3407.400146484375,2828.877128024899,OK,,High,High,False
ISMN_SNOTEL_TaosPueblo,train,3350.0,3338.60009765625,3320.800048828125,3352.699951171875,2907.692004740559,OK,,High,High,False
ISMN_SNOTEL_TaylorCanyon,train,1926.0,1937.2000732421875,1935.0,1944.0999755859373,1805.0216465840367,OK,,High,High,False
ISMN_SNOTEL_TelaquanaLake,val,369.0,383.0,366.3000183105469,399.7000122070313,555.8197387104094,OK,,Low,Low,False
ISMN_SNOTEL_TempleFork,train,2262.0,2261.699951171875,2244.10009765625,2280.199951171875,2123.3641199771982,PROBABLY_SRTM_BACKFILL,,High,High,False
ISMN_SNOTEL_ThaynesCanyon,train,2819.0,2826.400146484375,2793.5,2840.0,2317.1724749909667,OK,,High,High,False
ISMN_SNOTEL_ThistleFlat,train,2679.0,2680.5,2667.199951171875,2687.0,2054.631178266658,OK,,High,High,False
ISMN_SNOTEL_ThumbDivide,train,2429.0,2436.0,2435.10009765625,2437.0,2428.586874065981,OK,,High,High,False
ISMN_SNOTEL_Timberline,train,2658.0,2658.300048828125,2652.0,2688.400146484375,2186.580240940036,PROBABLY_SRTM_BACKFILL,,High,High,False
ISMN_SNOTEL_TimpanogosDivide,train,2493.0,2492.800048828125,2483.699951171875,2497.900146484375,2296.2343842931627,PROBABLY_SRTM_BACKFILL,,High,High,False
ISMN_SNOTEL_Tipton,oos,1570.0,1561.800048828125,1560.0999755859375,1566.5,1566.3287841865645,OK,,High,High,False
ISMN_SNOTEL_ToeJam,train,2347.0,2354.5,2346.800048828125,2375.10009765625,1994.9031235764771,OK,,High,High,False
ISMN_SNOTEL_Tok,train,500.0,497.0,497.0,500.3999938964844,574.8729005538291,OK,,Mid,Mid,False
ISMN_SNOTEL_TokositnaValley,train,256.0,260.8999938964844,249.90000915527344,270.0,1032.8119043740112,OK,,Low,Low,False
ISMN_SNOTEL_TonyGroveLake,train,2576.0,2568.300048828125,2558.10009765625,2581.699951171875,2085.5385919376736,OK,,High,High,False
ISMN_SNOTEL_TonyGroveRS,train,1926.0,1926.0999755859373,1918.2000732421875,1955.0999755859373,2307.2186027686407,PROBABLY_SRTM_BACKFILL,,High,High,False
ISMN_SNOTEL_Touchet,train,1682.0,1681.300048828125,1675.2000732421875,1687.0,961.7982565030806,PROBABLY_SRTM_BACKFILL,,High,High,False
ISMN_SNOTEL_TresRitos,train,2664.0,2673.10009765625,2662.0,2689.699951171875,2595.911979667828,OK,,High,High,False
ISMN_SNOTEL_TrialLake,train,3039.0,3038.900146484375,3033.400146484375,3046.300048828125,2852.011458419131,PROBABLY_SRTM_BACKFILL,,High,High,False
ISMN_SNOTEL_TriplePeak,train,2597.0,2602.10009765625,2598.400146484375,2656.900146484375,2555.5426382355845,OK,,High,High,False
ISMN_SNOTEL_Trough,train,1670.0,1662.7000732421875,1653.9000244140625,1670.2000732421875,1086.1649003807408,OK,,High,High,False
ISMN_SNOTEL_TroutCreek,train,2877.0,2879.60009765625,2868.10009765625,2881.60009765625,2710.07407938195,OK,,High,High,False
ISMN_SNOTEL_Truckee#2,train,1981.0,1981.300048828125,1969.4000244140625,1988.7000732421875,1843.5388097200955,PROBABLY_SRTM_BACKFILL,,High,High,False
ISMN_SNOTEL_UpperJoesValley,train,2621.0,2629.199951171875,2617.60009765625,2641.400146484375,2596.80445192526,OK,,High,High,False
ISMN_SNOTEL_UpperNomeCreek,train,762.0,762.7000122070312,759.7000122070312,778.7000122070312,813.7115172175806,PROBABLY_SRTM_BACKFILL,,Mid,Mid,False
ISMN_SNOTEL_UpperRioGrande,val,2856.0,2862.0,2848.400146484375,2889.10009765625,3268.604214800084,OK,,High,High,False
ISMN_SNOTEL_UpperSanJuan,oos,3091.0,3094.0,3084.5,3116.699951171875,3120.957554522848,OK,,High,High,False
ISMN_SNOTEL_UpperTaylor,train,3264.0,3273.300048828125,3248.699951171875,3301.300048828125,3292.605296495888,OK,,High,High,False
ISMN_SNOTEL_UpperTsainaRiver,train,527.0,530.7999877929688,530.7999877929688,530.7999877929688,1181.1015066130212,OK,,Mid,Mid,False
ISMN_SNOTEL_UsuDocDaniel,train,2624.0,2626.300048828125,2617.5,2626.300048828125,2294.2956597001626,OK,,High,High,False
ISMN_SNOTEL_VacarroSprings,train,2405.0,2402.699951171875,2385.900146484375,2420.10009765625,2153.151137993933,OK,,High,High,False
ISMN_SNOTEL_VacasLocas,train,2850.0,2850.0,2841.10009765625,2863.0,2482.742246188125,PROBABLY_SRTM_BACKFILL,,High,High,False
ISMN_SNOTEL_VernonCreek,train,2228.0,2245.400146484375,2233.10009765625,2267.900146484375,1899.225141638291,OK,,High,High,False
ISMN_SNOTEL_VirginiaLakesRidge,train,2865.0,2866.900146484375,2854.0,2880.199951171875,2692.566287378886,OK,,High,High,False
ISMN_SNOTEL_WardCreek#3,train,2057.0,2050.0,2043.9000244140625,2067.0,1948.8825823398836,OK,,High,High,False
ISMN_SNOTEL_WardMountain,train,2795.0,2788.800048828125,2776.0,2812.199951171875,2135.820866241691,OK,,High,High,False
ISMN_SNOTEL_WebsterFlat,train,2789.0,2795.400146484375,2788.10009765625,2806.400146484375,2368.256857177544,OK,,High,High,False
ISMN_SNOTEL_WesnerSprings,train,3386.0,3388.300048828125,3378.0,3408.199951171875,2792.5005573408357,OK,,High,High,False
ISMN_SNOTEL_WheelerPeak,train,3069.0,3073.400146484375,3060.10009765625,3099.800048828125,1785.3608336153764,OK,,High,High,False
ISMN_SNOTEL_WhiteRiver#1,train,2627.0,2628.900146484375,2623.10009765625,2639.5,2465.9083841786246,OK,,High,High,False
ISMN_SNOTEL_Widtsoe#3,train,2938.0,2927.199951171875,2913.800048828125,2949.5,2546.408079594454,OK,,High,High,False
ISMN_SNOTEL_WilburBench,train,2795.0,2796.800048828125,2778.900146484375,2809.800048828125,2412.1639903752443,OK,,High,High,False
ISMN_SNOTEL_WildBasin,train,2868.0,2874.900146484375,2848.900146484375,2908.5,2974.44041292728,OK,,High,High,False
ISMN_SNOTEL_WildhorseDivide,val,1975.0,1978.5999755859373,1970.2000732421875,1999.300048828125,1583.0108906083517,OK,,High,High,False
ISMN_SNOTEL_WilsonCreek,train,2167.0,2175.699951171875,2170.699951171875,2188.800048828125,1788.8706204012435,OK,,High,High,False
ISMN_SNOTEL_WindyPeak,train,2408.0,2404.400146484375,2400.199951171875,2410.900146484375,2279.246628384384,OK,,High,High,False
ISMN_SNOTEL_WolfCreekPeak,train,2978.0,2984.400146484375,2968.800048828125,2995.699951171875,2700.11326220103,OK,,High,High,False
ISMN_SNOTEL_WolfCreekSummit,oos,3331.0,3337.199951171875,3305.199951171875,3377.10009765625,3119.75936657916,OK,,High,High,False
ISMN_SNOTEL_WrigleyCreek,oos,2844.0,2837.300048828125,2826.699951171875,2854.900146484375,2792.456963797225,OK,,High,High,False
ISMN_SNOTEL_YankeeReservoir,oos,2649.0,2648.400146484375,2646.10009765625,2649.400146484375,2348.609471152287,PROBABLY_SRTM_BACKFILL,,High,High,False
ISMN_SNOTEL_Zirkel,val,2841.0,2851.199951171875,2836.10009765625,2865.199951171875,2834.423055614181,OK,,High,High,False
ISMN_SOILSCAPE_Lucky-Hills-1503,oos,1367.5,1370.800048828125,1364.4000244140625,1373.9000244140625,1321.4476772589594,OK,,Mid,Mid,False
ISMN_SOILSCAPE_Lucky-Hills-1506,oos,1370.5,1369.5,1366.5999755859375,1373.9000244140625,1321.4476772589594,OK,,Mid,Mid,False
ISMN_STEMS_CarpenetopermanentGrassCoverNoTrackposition,oos,275.0,271.20001220703125,256.3000183105469,288.8999938964844,195.8374910175457,OK,,Low,Low,False
ISMN_STEMS_CarpenetopermanentGrassCoverTrackposition,oos,275.0,271.20001220703125,256.3000183105469,288.8999938964844,195.8374910175457,OK,,Low,Low,False
ISMN_TERENO_Gevenich,oos,84.0,107.3000030517578,107.0999984741211,108.5999984741211,55.55017486881729,OK,,Low,Low,False
ISMN_TERENO_Merzenhausen,train,94.0,93.20000457763672,93.20000457763672,94.0,57.5551931690458,PROBABLY_SRTM_BACKFILL,,Low,Low,False
ISMN_TERENO_Schoeneseiffen,train,612.0,609.1000366210938,602.1000366210938,615.2999877929688,406.8104588686237,OK,,Mid,Mid,False
ISMN_TERENO_Selhausen,oos,103.76,103.0999984741211,102.9000015258789,104.8000030517578,92.49634479552503,PROBABLY_SRTM_BACKFILL,,Low,Low,False
ISMN_TWENTE_Hupsel,train,27.0,29.899999618530277,29.899999618530277,31.100000381469727,8.643594766148789,OK,,Low,Low,False
ISMN_TWENTE_ITCSM-07b,oos,22.0,24.899999618530277,24.0,25.0,16.180111853160295,OK,,Low,Low,False
ISMN_TWENTE_ITCSM-08b,train,29.0,31.100000381469727,29.899999618530277,32.900001525878906,9.070921217394178,OK,,Low,Low,False
ISMN_TWENTE_ITCSM-09,train,29.0,35.29999923706055,34.60000228881836,36.400001525878906,16.828045822211298,OK,,Low,Low,False
ISMN_TWENTE_ITCSM-13,train,8.0,12.5,12.5,13.600000381469728,8.558521443912271,OK,,Low,Low,False
ISMN_TWENTE_ITCSM-15b,train,9.0,10.90000057220459,10.699999809265137,11.300000190734863,-1.3904255673356956,OK,,Low,Low,False
ISMN_TWENTE_ITCSM-16b,train,8.0,9.800000190734863,9.800000190734863,11.0,-1.851183004299015,OK,,Low,Low,False
ISMN_TWENTE_ITCSM-17c,train,10.0,11.0,10.300000190734863,11.0,-2.7401707047419914,OK,,Low,Low,False
ISMN_TxSON_CR1000-1,oos,543.0,542.5,531.6000366210938,553.5,496.235308809169,PROBABLY_SRTM_BACKFILL,,Mid,Mid,False
ISMN_TxSON_CR1000-2,val,458.0,456.0,453.0,460.3000183105469,479.3215175654036,OK,,Low,Low,False
ISMN_TxSON_CR1000-3,oos,499.0,495.5,491.6000061035156,501.5,479.2313721556761,OK,,Low,Low,False
ISMN_TxSON_CR1000-4,train,588.0,585.2999877929688,574.5,591.2999877929688,507.44482790672527,OK,,Mid,Mid,False
ISMN_TxSON_CR1000-5,train,503.0,499.8999938964844,497.5,505.0,449.881020940675,OK,,Mid,Mid,False
ISMN_TxSON_CR1000-6,oos,538.0,533.6000366210938,530.9000244140625,535.5,497.2394298960483,OK,,Mid,Mid,False
ISMN_TxSON_CR200-1,oos,524.0,519.5,518.6000366210938,524.7999877929688,497.8689062413403,OK,,Mid,Mid,False
ISMN_TxSON_CR200-10,val,505.0,513.0,503.8000183105469,517.9000244140625,493.84322593470574,OK,,Mid,Mid,False
ISMN_TxSON_CR200-11,oos,468.0,466.1000061035156,465.6000061035156,467.1000061035156,479.82760254297295,OK,,Low,Low,False
ISMN_TxSON_CR200-12,train,481.0,479.7000122070313,477.0,481.7000122070313,510.52961287196695,OK,,Low,Low,False
ISMN_TxSON_CR200-13,oos,555.0,552.9000244140625,544.7999877929688,560.5,497.2394298960483,OK,,Mid,Mid,False
ISMN_TxSON_CR200-14,oos,528.0,521.0,520.6000366210938,532.1000366210938,497.2394298960483,OK,,Mid,Mid,False
ISMN_TxSON_CR200-15,val,468.0,463.6000061035156,458.8000183105469,466.8000183105469,479.2313721556761,OK,,Low,Low,False
ISMN_TxSON_CR200-16,oos,501.0,501.8000183105469,500.0,503.8999938964844,479.2313721556761,PROBABLY_SRTM_BACKFILL,,Mid,Mid,False
ISMN_TxSON_CR200-17,oos,502.0,500.2000122070313,494.6000061035156,504.8999938964844,479.2313721556761,OK,,Mid,Mid,False
ISMN_TxSON_CR200-18,val,460.0,462.0,454.5,466.1000061035156,449.352714623652,OK,,Low,Low,False
ISMN_TxSON_CR200-19,oos,595.0,600.4000244140625,588.7999877929688,605.2999877929688,497.8689062413403,OK,,Mid,Mid,False
ISMN_TxSON_CR200-2,oos,523.0,525.5,521.1000366210938,527.2000122070312,479.2313721556761,OK,,Mid,Mid,False
ISMN_TxSON_CR200-21,oos,541.0,539.7999877929688,528.6000366210938,556.0,464.595707784966,OK,,Mid,Mid,False
ISMN_TxSON_CR200-22,oos,548.0,551.6000366210938,546.6000366210938,559.4000244140625,499.66420291833407,OK,,Mid,Mid,False
ISMN_TxSON_CR200-23,train,504.0,496.3000183105469,491.1000061035156,503.0,449.352714623652,OK,,Mid,Mid,False
ISMN_TxSON_CR200-24,val,468.0,468.2000122070313,467.0,471.0,449.352714623652,PROBABLY_SRTM_BACKFILL,,Low,Low,False
ISMN_TxSON_CR200-25,val,465.0,462.1000061035156,460.5,467.0,449.352714623652,OK,,Low,Low,False
ISMN_TxSON_CR200-26,oos,560.0,557.7000122070312,545.7999877929688,580.0,497.2394298960483,OK,,Mid,Mid,False
ISMN_TxSON_CR200-28,oos,604.0,601.2000122070312,582.7999877929688,601.7999877929688,497.2394298960483,OK,,Mid,Mid,False
ISMN_TxSON_CR200-29,oos,596.0,593.2000122070312,580.7999877929688,596.7000122070312,497.2394298960483,OK,,Mid,Mid,False
ISMN_TxSON_CR200-3,oos,527.0,527.7999877929688,525.4000244140625,532.7000122070312,497.2394298960483,PROBABLY_SRTM_BACKFILL,,Mid,Mid,False
ISMN_TxSON_CR200-4,oos,511.0,509.8000183105469,505.8000183105469,510.3999938964844,465.0443124922856,OK,,Mid,Mid,False
ISMN_TxSON_CR200-5,oos,469.0,466.3000183105469,461.7000122070313,467.8000183105469,479.2313721556761,OK,,Low,Low,False
ISMN_TxSON_CR200-6,val,450.0,449.8000183105469,449.5,453.8000183105469,479.2313721556761,PROBABLY_SRTM_BACKFILL,,Low,Low,False
ISMN_TxSON_CR200-7,val,456.0,455.6000061035156,452.0,456.0,479.82760254297295,PROBABLY_SRTM_BACKFILL,,Low,Low,False
ISMN_TxSON_CR200-8,train,539.0,538.7000122070312,530.1000366210938,541.1000366210938,449.352714623652,PROBABLY_SRTM_BACKFILL,,Mid,Mid,False
ISMN_TxSON_CR200-9,oos,534.0,531.2000122070312,528.6000366210938,532.6000366210938,497.2394298960483,OK,,Mid,Mid,False
ISMN_TxSON_LCRA-1,train,430.0,422.7000122070313,418.8999938964844,428.1000061035156,424.1594971135997,OK,,Low,Low,False
ISMN_TxSON_LCRA-2,oos,614.0,612.2999877929688,609.9000244140625,616.9000244140625,497.2394298960483,OK,,Mid,Mid,False
ISMN_TxSON_LCRA-3,train,501.0,502.0,500.3999938964844,507.3000183105469,476.43322702832864,OK,,Mid,Mid,False
ISMN_TxSON_LCRA-4,oos,547.0,552.0,545.9000244140625,552.0,531.4245037351391,OK,,Mid,Mid,False
ISMN_TxSON_LCRA-5,oos,501.0,498.8000183105469,496.6000061035156,500.2000122070313,449.881020940675,OK,,Mid,Mid,False
ISMN_TxSON_LCRA-6,oos,429.0,437.3000183105469,431.8000183105469,437.3999938964844,449.352714623652,OK,,Low,Low,False
ISMN_TxSON_LCRA-7,train,556.0,553.7999877929688,549.2999877929688,562.5,531.2633605132545,OK,,Mid,Mid,False
ISMN_USCRN_Asheville-13-S,oos,641.0,636.4000244140625,627.2999877929688,648.2000122070312,644.7105621311632,OK,,Mid,Mid,False
ISMN_USCRN_Austin-33-NW,train,415.0,412.3000183105469,408.3999938964844,414.0,341.5251553634919,OK,,Low,Low,False
ISMN_USCRN_Baker-5-W,oos,2017.0,2018.0,2007.9000244140625,2024.7000732421875,2042.9498234787168,OK,,High,High,False
ISMN_USCRN_Batesville-8-WNW,train,139.0,138.1999969482422,136.1999969482422,140.10000610351562,137.03933112693724,PROBABLY_SRTM_BACKFILL,,Low,Low,False
ISMN_USCRN_Bedford-5-WNW,train,232.0,230.6000061035156,217.8000030517578,230.6999969482422,163.88993122242815,OK,,Low,Low,False
ISMN_USCRN_Bowling-Green-21-NNE,oos,241.0,233.6999969482422,230.5,246.6000061035156,151.23986337787127,OK,,Low,Low,False
ISMN_USCRN_Bronte-11-NNE,train,609.0,607.0,604.7999877929688,611.7999877929688,617.3802897543262,OK,,Mid,Mid,False
ISMN_USCRN_Brunswick-23-S,train,8.0,7.599999904632568,7.5,10.300000190734863,-33.478564136593654,PROBABLY_SRTM_BACKFILL,,Low,Low,False
ISMN_USCRN_Charlottesville-2-SSE,oos,359.0,358.8000183105469,337.70001220703125,371.2000122070313,143.96491419632417,PROBABLY_SRTM_BACKFILL,,Low,Low,False
ISMN_USCRN_Chatham-1-SE,train,267.0,263.8000183105469,260.6000061035156,271.20001220703125,246.2805669663593,OK,,Low,Low,False
ISMN_USCRN_Cortez-8-SE,train,2449.0,2445.60009765625,2415.199951171875,2452.800048828125,1980.0460082845293,OK,,High,High,False
ISMN_USCRN_Corvallis-10-SSW,oos,95.0,92.5999984741211,88.0999984741211,99.3000030517578,209.4028759795654,OK,,Low,Low,False
ISMN_USCRN_Crossville-7-NW,train,583.0,580.7000122070312,577.7000122070312,585.2999877929688,484.12770632185095,OK,,Mid,Mid,False
ISMN_USCRN_Durham-11-W,train,171.0,172.1999969482422,168.40000915527344,174.8000030517578,123.5676260951645,OK,,Low,Low,False
ISMN_USCRN_Durham-2-N,oos,36.0,37.70000076293945,31.30000114440918,40.900001525878906,33.85065953866611,OK,,Low,Low,False
ISMN_USCRN_Elgin-5-S,oos,1466.0,1467.9000244140625,1463.2000732421875,1471.7000732421875,1328.269831018306,OK,,Mid,Mid,False
ISMN_USCRN_Elkins-21-ENE,train,1033.0,1027.0999755859375,1022.1000366210938,1037.9000244140625,920.146076759748,OK,,Mid,Mid,False
ISMN_USCRN_Everglades-City-5-NE,train,1.0,2.1000001430511475,2.0,2.299999952316284,-28.12249131797397,OK,,Low,Low,False
ISMN_USCRN_Fallbrook-5-NE,train,347.0,332.1000061035156,285.8999938964844,332.1000061035156,367.4481839417595,OK,,Low,Low,False
ISMN_USCRN_Gadsden-19-N,train,351.0,349.1000061035156,349.1000061035156,353.8000183105469,267.4614565289181,OK,,Low,Low,False
ISMN_USCRN_Goodwell-2-E,train,995.0,995.5,991.7000122070312,998.0,965.3679984489116,PROBABLY_SRTM_BACKFILL,,Mid,Mid,False
ISMN_USCRN_Goodwell-2-SE,train,1000.0,999.9000244140624,998.0,1003.9000244140624,994.0352471016312,PROBABLY_SRTM_BACKFILL,,Mid,Mid,False
ISMN_USCRN_John-Day-35-WNW,train,684.0,680.4000244140625,674.9000244140625,691.2000122070312,1164.4019735379925,OK,,Mid,Mid,False
ISMN_USCRN_Joplin-24-N,train,290.0,290.8000183105469,290.1000061035156,291.70001220703125,258.9688924446719,PROBABLY_SRTM_BACKFILL,,Low,Low,False
ISMN_USCRN_Lafayette-13-SE,val,11.0,8.300000190734863,7.300000190734863,8.5,-24.56497058370247,OK,,Low,Low,False
ISMN_USCRN_Las-Cruces-20-N,train,1319.0,1318.5,1313.4000244140625,1318.7000732421875,1252.5614579391354,PROBABLY_SRTM_BACKFILL,,Mid,Mid,False
ISMN_USCRN_Los-Alamos-13-W,train,2657.0,2654.5,2645.199951171875,2665.400146484375,2460.3258961209035,OK,,High,High,False
ISMN_USCRN_McClellanville-7-NE,train,3.0,3.1000001430511475,2.5,4.400000095367432,-34.725444270158256,PROBABLY_SRTM_BACKFILL,,Low,Low,False
ISMN_USCRN_Mercury-3-SSW,train,1001.0,1003.7999877929688,1001.7000122070312,1005.7999877929688,1131.5226941800663,OK,,Mid,Mid,False
ISMN_USCRN_Monahans-6-ENE,train,830.0,830.7000122070312,828.4000244140625,833.2999877929688,810.0891106319064,PROBABLY_SRTM_BACKFILL,,Mid,Mid,False
ISMN_USCRN_Monroe-26-N,val,27.0,28.100000381469727,26.80000114440918,31.600000381469727,12.752528586643944,OK,,Low,Low,False
ISMN_USCRN_Muleshoe-19-S,val,1141.0,1142.5999755859375,1141.5,1143.2000732421875,1147.4323311624246,OK,,Mid,Mid,False
ISMN_USCRN_Newton-5-ENE,oos,114.0,114.0,111.4000015258789,116.70000457763672,91.8593053155739,PROBABLY_SRTM_BACKFILL,,Low,Low,False
ISMN_USCRN_Newton-8-W,train,54.0,53.0,51.900001525878906,53.60000228881836,26.23679733524862,OK,,Low,Low,False
ISMN_USCRN_Panther-Junction-2-N,train,1065.0,1063.5999755859375,1061.4000244140625,1069.2000732421875,1069.9163384276903,OK,,Mid,Mid,False
ISMN_USCRN_Quinault-4-NE,train,87.0,86.0,86.0,89.9000015258789,492.409532450494,OK,,Low,Low,False
ISMN_USCRN_Salem-10-W,val,365.0,364.8999938964844,358.20001220703125,366.3999938964844,323.49472753421566,PROBABLY_SRTM_BACKFILL,,Low,Low,False
ISMN_USCRN_Santa-Barbara-11-W,train,5.0,7.800000190734863,7.800000190734863,12.90000057220459,286.8674196190437,OK,,Low,Low,False
ISMN_USCRN_Socorro-20-N,train,1477.0,1476.2000732421875,1473.300048828125,1482.0,1543.613549028324,PROBABLY_SRTM_BACKFILL,,Mid,Mid,False
ISMN_USCRN_Spokane-17-SSW,train,691.0,690.1000366210938,686.9000244140625,695.2999877929688,685.9495749664937,PROBABLY_SRTM_BACKFILL,,Mid,Mid,False
ISMN_USCRN_Stillwater-2-W,train,271.0,270.5,270.5,272.8999938964844,279.3765608923846,PROBABLY_SRTM_BACKFILL,,Low,Low,False
ISMN_USCRN_Stillwater-5-WNW,train,271.0,271.70001220703125,270.6000061035156,280.3000183105469,290.0138583919883,PROBABLY_SRTM_BACKFILL,,Low,Low,False
ISMN_USCRN_Stovepipe-Wells-1-SW,train,26.0,27.399999618530277,20.80000114440918,35.5,81.70948511998668,OK,,Low,Low,False
ISMN_USCRN_Tucson-11-W,oos,833.0,829.9000244140625,825.6000366210938,838.0,753.7786334718609,OK,,Mid,Mid,False
ISMN_USCRN_Versailles-3-NNW,oos,272.0,267.70001220703125,265.0,270.5,198.5178363362315,OK,,Low,Low,False
ISMN_USCRN_Watkinsville-5-SSE,train,226.0,222.0,219.1999969482422,228.8000030517578,160.65103165650962,OK,,Low,Low,False
ISMN_USCRN_Yosemite-Village-12-W,train,2018.0,2011.300048828125,1967.5999755859373,2016.5,1298.372822986989,OK,,High,High,False
ISMN_USCRN_Yuma-27-ENE,oos,189.0,193.5,191.1000061035156,194.5,309.0342798291072,OK,,Low,Low,False
ISMN_WATERLINE_Kerasia,train,628.0,624.7999877929688,578.5,654.9000244140625,436.6087423852064,OK,,Mid,Mid,False
ISMN_WATERLINE_Komotini,oos,34.0,33.10000228881836,31.600000381469727,33.70000076293945,434.560581073948,PROBABLY_SRTM_BACKFILL,,Low,Low,False
ISMN_WATERLINE_Nymfaia,train,711.0,709.4000244140625,665.2000122070312,749.7000122070312,522.2291918859479,OK,,Mid,Mid,False
ISMN_XMS-CAT_BatlliudeSort,train,890.0,895.6000366210938,877.0,924.1000366210938,1422.636059978346,OK,,Mid,Mid,False
ISMN_XMS-CAT_BordaColl,train,865.0,808.9000244140625,792.1000366210938,866.2999877929688,1719.9868005938183,OK,,Mid,Mid,False
ISMN_XMS-CAT_CamidelsNerets,train,487.0,486.3999938964844,479.8000183105469,504.3000183105469,847.1899728924568,PROBABLY_SRTM_BACKFILL,,Low,Low,False
ISMN_XMS-CAT_Clarella,train,922.0,916.1000366210938,899.2000122070312,927.7000122070312,870.3190968454784,OK,,Mid,Mid,False
ISMN_XMS-CAT_ClotdelesPeresII,train,602.0,605.6000366210938,595.7999877929688,605.6000366210938,711.223418365524,OK,,Mid,Mid,False
ISMN_XMS-CAT_ColldePaller,train,1164.0,1171.5,1153.300048828125,1194.7000732421875,1134.345748816347,OK,,Mid,Mid,False
ISMN_XMS-CAT_ElBoixer,train,1217.0,1224.0,1186.300048828125,1258.0999755859375,1399.6081597100942,OK,,Mid,Mid,False
ISMN_XMS-CAT_ElMiracle,train,811.0,811.7000122070312,794.2000122070312,819.6000366210938,685.4845916653861,PROBABLY_SRTM_BACKFILL,,Mid,Mid,False
ISMN_XMS-CAT_LaCultiadAreu,train,1236.0,1245.2000732421875,1227.800048828125,1308.2000732421875,1997.395500291604,OK,,Mid,Mid,False
ISMN_XMS-CAT_Llivia,train,1219.0,1219.5999755859375,1214.0,1229.7000732421875,1600.6523868585273,PROBABLY_SRTM_BACKFILL,,Mid,Mid,False
ISMN_XMS-CAT_LosCoscolls,train,560.0,562.0,555.9000244140625,568.2999877929688,847.1899728924568,OK,,Mid,Mid,False
ISMN_XMS-CAT_Pessonada,val,911.0,921.2999877929688,905.6000366210938,980.6000366210938,1209.7491043993834,OK,,Mid,Mid,False
ISMN_XMS-CAT_RiberadeSio,train,283.0,289.3999938964844,279.8999938964844,291.20001220703125,483.8232173480775,OK,,Low,Low,False
ISMN_XMS-CAT_SerradeCostaAmpla,train,922.0,917.7000122070312,891.0,932.6000366210938,878.7606742789834,OK,,Mid,Mid,False
ISMN_iRON_BrushCreek,oos,2371.0,2369.800048828125,2366.699951171875,2384.199951171875,2535.995257321502,OK,,High,High,False
ISMN_iRON_GlenwoodSprings,train,1890.0,1903.5999755859373,1886.9000244140625,1942.5,2448.0542282239694,OK,,High,High,False
ISMN_iRON_NorthstarAspenGrove,oos,2454.0,2450.699951171875,2447.5,2461.199951171875,2822.52392861214,OK,,High,High,False
ISMN_iRON_NorthstarTransitionZone,oos,2452.0,2450.699951171875,2447.5,2461.199951171875,2826.628393313472,OK,,High,High,False
ISMN_iRON_SkyMountain,oos,2554.0,2565.5,2538.900146484375,2596.10009765625,2535.995257321502,OK,,High,High,False
ICOS_CH-Cha,train,393.0,392.8999938964844,390.1000061035156,393.2000122070313,555.6510696300971,PROBABLY_SRTM_BACKFILL,,Low,Low,False
ICOS_CH-Fru,train,971.0,974.4000244140624,969.7000122070312,979.5,706.7280465048021,OK,,Mid,Mid,False
ICOS_CH-Lae,val,683.0,691.2000122070312,651.1000366210938,742.6000366210938,491.51731770485736,OK,,Mid,Mid,False
ICOS_CH-Oe2,train,452.0,452.1000061035156,452.1000061035156,453.8999938964844,475.9535326169677,PROBABLY_SRTM_BACKFILL,,Low,Low,False
ICOS_CZ-KrP,train,519.0,542.4000244140625,537.4000244140625,545.5,454.3532519709297,OK,,Mid,Mid,False
ICOS_CZ-RAJ,train,648.0,640.1000366210938,631.7999877929688,643.0,460.4295331608626,OK,,Mid,Mid,False
ICOS_CZ-Stn,train,553.0,556.7000122070312,536.5,569.2999877929688,442.2288556149856,OK,,Mid,Mid,False
ICOS_CZ-wet,train,426.0,428.3000183105469,427.1000061035156,428.3000183105469,426.67760921098426,OK,,Low,Low,False
ICOS_DE-Kli,train,478.0,481.8000183105469,479.8999938964844,483.8000183105469,399.1773872702295,OK,,Low,Low,False
ICOS_DE-Obe,train,766.0,739.5,725.2000122070312,750.7000122070312,549.9213993051453,OK,,Mid,Mid,False
ICOS_ES-Abr,oos,279.0,280.70001220703125,279.5,283.0,217.43965940705948,OK,,Low,Low,False
ICOS_ES-Agu,val,200.0,201.1999969482422,197.6999969482422,203.8000030517578,335.65467811255166,OK,,Low,Low,False
ICOS_ES-Cnd,train,368.0,366.8000183105469,365.6000061035156,368.3999938964844,496.0313068308277,OK,,Low,Low,False
ICOS_ES-LM1,train,265.0,264.3999938964844,264.20001220703125,265.3000183105469,345.8115965301084,PROBABLY_SRTM_BACKFILL,,Low,Low,False
ICOS_ES-LM2,train,267.0,267.8000183105469,265.20001220703125,270.0,345.8115965301084,PROBABLY_SRTM_BACKFILL,,Low,Low,False
ICOS_ES-LMa,train,265.0,265.5,264.0,269.1000061035156,325.80422903078784,PROBABLY_SRTM_BACKFILL,,Low,Low,False
ICOS_FR-Aur,train,250.0,243.8000030517578,240.1999969482422,248.6000061035156,151.08616742092354,OK,,Low,Low,False
ICOS_FR-EM2,train,85.0,86.0999984741211,85.20000457763672,86.80000305175781,72.270499335839,OK,,Low,Low,False
ICOS_FR-FBn,train,436.0,431.2000122070313,426.2000122070313,434.3000183105469,353.28176440913023,OK,,Low,Low,False
ICOS_IL-Yat,oos,649.0,656.9000244140625,643.4000244140625,663.1000366210938,557.7897828825942,OK,,Mid,Mid,False
ICOS_IT-BCi,oos,10.0,10.5,7.900000095367432,10.699999809265137,72.51305404166942,PROBABLY_SRTM_BACKFILL,,Low,Low,False
ICOS_IT-MBo,train,1550.0,1561.5,1552.5,1566.0999755859375,912.7998080783308,OK,,High,High,False
ICOS_RU-Fy2,train,553.0,556.7000122070312,536.5,569.2999877929688,442.2288556149856,OK,,Mid,Mid,False
ICOS_RU-Fyo,train,275.0,269.1000061035156,267.8000183105469,269.8000183105469,239.4247711786257,OK,,Low,Low,False
ICOS_UK-AMo,train,268.0,265.5,261.3000183105469,269.20001220703125,305.92373496246034,OK,,Low,Low,False
ICOS_BE-Bra,oos,16.0,15.0,14.40000057220459,15.90000057220459,-3.829353330242358,OK,,Low,Low,False
ICOS_BE-Lon,oos,170.0,168.10000610351562,167.1999969482422,170.0,117.51735903575953,OK,,Low,Low,False
ICOS_BE-Maa,oos,85.0,84.70000457763672,82.70000457763672,86.5,46.36749676587064,PROBABLY_SRTM_BACKFILL,,Low,Low,False
ICOS_BE-Vie,oos,490.0,487.5,480.6000061035156,489.5,426.10104104011714,OK,,Low,Low,False
ICOS_CH-Dav,oos,1637.0,1645.4000244140625,1626.0,1655.300048828125,1984.707638915913,OK,,High,High,False
ICOS_CZ-BK1,train,881.0,860.1000366210938,839.1000366210938,883.2000122070312,571.588491434125,OK,,Mid,Mid,False
ICOS_CZ-Lnz,train,182.0,164.5,162.0,165.40000915527344,144.19079350082234,OK,,Low,Low,False
ICOS_DE-Geb,oos,163.0,163.3000030517578,161.8000030517578,163.3000030517578,191.1202123791351,PROBABLY_SRTM_BACKFILL,,Low,Low,False
ICOS_DE-Gri,oos,385.0,377.7000122070313,373.6000061035156,379.7000122070313,231.4591765679966,OK,,Low,Low,False
ICOS_DE-Har,train,201.0,202.5,201.5,203.1000061035156,173.8083696966581,OK,,Low,Low,False
ICOS_DE-HoH,val,217.0,203.6999969482422,200.90000915527344,208.0,112.0298050878388,OK,,Low,Low,False
ICOS_DE-RuR,val,514.7,513.7999877929688,512.1000366210938,515.9000244140625,274.58789223991323,PROBABLY_SRTM_BACKFILL,,Mid,Mid,False
ICOS_DE-RuS,oos,106.0,103.0999984741211,102.3000030517578,104.0,91.1000386710178,OK,,Low,Low,False
ICOS_DE-RuW,train,610.0,614.7000122070312,606.9000244140625,621.2999877929688,403.7297064814563,OK,,Mid,Mid,False
ICOS_DK-Sor,train,55.0,41.70000076293945,40.20000076293945,41.79999923706055,37.18901717448167,OK,,Low,Low,False
ICOS_FI-Hyy,oos,181.0,179.0,176.10000610351562,179.3000030517578,169.5878830679476,OK,,Low,Low,False
ICOS_FI-Ken,train,347.0,347.20001220703125,345.1000061035156,349.3000183105469,340.9815148561947,PROBABLY_SRTM_BACKFILL,,Low,Low,False
ICOS_FI-Sii,train,164.0,169.3000030517578,169.3000030517578,170.3000030517578,166.52826401972254,OK,,Low,Low,False
ICOS_FI-Var,train,395.0,395.8999938964844,393.8999938964844,395.8999938964844,346.5800174763981,PROBABLY_SRTM_BACKFILL,,Low,Low,False
ICOS_FR-Bil,train,39.18,39.5,39.10000228881836,40.20000076293945,-3.1182222896752467,PROBABLY_SRTM_BACKFILL,,Low,Low,False
ICOS_FR-CLt,train,2050.6,2051.300048828125,2042.5,2057.300048828125,2150.9448254696968,PROBABLY_SRTM_BACKFILL,,High,High,False
ICOS_FR-Gri,oos,125.0,123.8000030517578,121.8000030517578,125.0,71.80624382233239,OK,,Low,Low,False
ICOS_FR-Hes,train,310.0,307.0,300.0,314.3999938964844,305.9117330187742,OK,,Low,Low,False
ICOS_FR-Mej,train,40.0,40.29999923706055,38.60000228881836,44.0,47.41201129655118,PROBABLY_SRTM_BACKFILL,,Low,Low,False
ICOS_FR-Pue,oos,271.0,268.8999938964844,263.5,271.6000061035156,321.6985113084177,OK,,Low,Low,False
ICOS_FR-Tou,oos,158.0,160.40000915527344,158.10000610351562,161.0,110.93675633100229,OK,,Low,Low,False
ICOS_GF-Guy,train,40.0,31.5,21.700000762939453,38.70000076293945,45.51275003556403,OK,,Low,Low,False
ICOS_IT-BFt,oos,23.0,28.80000114440918,27.5,29.5,65.86330707023453,OK,,Low,Low,False
ICOS_IT-Lsn,train,1.0,2.0,1.7000000476837158,2.1000001430511475,25.995122044282866,OK,,Low,Low,False
ICOS_IT-SR2,train,4.0,3.799999952316284,3.299999952316284,3.900000095367432,97.31322393008551,PROBABLY_SRTM_BACKFILL,,Low,Low,False
ICOS_IT-Tor,oos,2168.0,2162.800048828125,2137.60009765625,2186.900146484375,2258.180131352485,OK,,High,High,False
ICOS_IT-TrF,oos,2100.0,2089.10009765625,2067.800048828125,2101.0,2245.6375738025777,OK,,High,High,False
ICOS_SE-Deg,oos,270.0,268.20001220703125,267.3000183105469,268.3000183105469,260.4565234778458,OK,,Low,Low,False
ICOS_SE-Htm,train,115.0,105.20000457763672,103.9000015258789,111.0999984741211,100.27220409380467,OK,,Low,Low,False
ICOS_SE-Nor,oos,58.0,49.0,49.0,53.900001525878906,44.28787514181766,OK,,Low,Low,False
ICOS_SE-Svb,oos,267.0,272.20001220703125,265.20001220703125,279.6000061035156,288.0118161230416,OK,,Low,Low,False
AmeriFlux_CA-Cbo,oos,210.0,223.1999969482422,218.40000915527344,225.0,191.84035443090232,OK,,Low,Low,False
AmeriFlux_CA-DB2,train,4.0,2.400000095367432,2.400000095367432,2.700000047683716,23.959975656498653,OK,,Low,Low,False
AmeriFlux_CA-DBB,train,4.0,2.900000095367432,2.6000001430511475,3.299999952316284,19.44332273455825,OK,,Low,Low,False
AmeriFlux_CA-DSM,train,1.0,2.299999952316284,0.0,2.299999952316284,54.1296565492393,OK,,Low,Low,False
AmeriFlux_CA-Mer,train,70.0,68.70000457763672,68.70000457763672,69.20000457763672,70.43301740878164,OK,,Low,Low,False
AmeriFlux_US-ALQ,val,503.0,494.5,494.5,500.1000061035156,487.7147332412487,OK,,Mid,Mid,False
AmeriFlux_US-BZB,train,100.0,119.20000457763672,119.20000457763672,120.20000457763672,155.51098109436893,OK,,Low,Low,False
AmeriFlux_US-BZo,train,100.0,118.5999984741211,118.5999984741211,119.0999984741211,154.48453015368577,OK,,Low,Low,False
AmeriFlux_US-Bi1,train,-2.7,0.3000000119209289,0.3000000119209289,1.600000023841858,-2.675855167623256,OK,,Low,Low,False
AmeriFlux_US-Bi2,train,-5.0,0.3000000119209289,0.3000000119209289,1.3000000715255735,7.66571266484243,OK,,Low,Low,False
AmeriFlux_US-DFC,oos,264.9,259.8000183105469,255.1999969482422,261.20001220703125,279.71865440318857,OK,,Low,Low,False
AmeriFlux_US-DS2,train,-6.0,0.4000000059604645,0.3000000119209289,0.6000000238418579,5.434803415567958,OK,,Low,Low,False
AmeriFlux_US-Dmg,train,1.0,0.699999988079071,0.6000000238418579,1.399999976158142,-14.332906090997032,PROBABLY_SRTM_BACKFILL,,Low,Low,False
AmeriFlux_US-Esm,oos,1.07,2.299999952316284,2.299999952316284,2.5,-26.607106604615968,OK,,Low,Low,False
AmeriFlux_US-EvM,train,0.332,2.0,2.0,2.900000095367432,-27.642387616939967,OK,,Low,Low,False
AmeriFlux_US-GLE,train,3197.0,3189.699951171875,3181.400146484375,3200.60009765625,3004.8676735866843,OK,,High,High,False
AmeriFlux_US-HB1,val,0.1,1.5,0.2000000029802322,1.600000023841858,-37.54731410991111,OK,,Low,Low,False
AmeriFlux_US-HB3,train,7.3,5.400000095367432,4.0,6.599999904632568,-34.2362395125602,OK,,Low,Low,False
AmeriFlux_US-HB4,train,1.0,1.8000000715255735,0.800000011920929,1.899999976158142,-31.175777594597605,PROBABLY_SRTM_BACKFILL,,Low,Low,False
AmeriFlux_US-Ho1,oos,60.0,83.70000457763672,82.0999984741211,84.5999984741211,104.98004238825244,OK,,Low,Low,False
AmeriFlux_US-Ho2,oos,61.0,92.20000457763672,90.20000457763672,92.70000457763672,102.78351327059488,OK,,Low,Low,False
AmeriFlux_US-Hsm,oos,1.113,2.6000001430511475,2.200000047683716,2.799999952316284,131.55109273923708,OK,,Low,Low,False
AmeriFlux_US-ICs,val,920.0,898.4000244140625,896.4000244140625,900.4000244140625,845.8561215969654,OK,,Mid,Mid,False
AmeriFlux_US-ICt,val,930.0,918.2999877929688,912.2999877929688,924.2999877929688,845.8561215969654,OK,,Mid,Mid,False
AmeriFlux_US-Jo1,train,1188.0,1400.7000732421875,1398.5,1400.800048828125,1319.470638869069,DISAGREES_OUTSIDE_LOCAL_RELIEF,,Mid,Mid,False
AmeriFlux_US-Jo2,train,1469.0,1470.2000732421875,1467.4000244140625,1471.4000244140625,1321.3796947220171,OK,,Mid,Mid,False
AmeriFlux_US-KFS,oos,310.0,333.0,329.20001220703125,335.0,270.2996847203308,OK,,Low,Low,False
AmeriFlux_US-KLS,oos,373.0,380.8000183105469,377.6000061035156,388.2000122070313,374.80256878110913,OK,,Low,Low,False
AmeriFlux_US-Kon,train,417.0,444.3999938964844,440.5,444.3999938964844,354.69785308134294,OK,,Low,Low,False
AmeriFlux_US-MMS,val,275.0,283.0,267.20001220703125,285.0,176.13216179950834,OK,,Low,Low,False
AmeriFlux_US-MN2,train,339.0,339.3999938964844,339.0,340.3999938964844,309.2563402226639,PROBABLY_SRTM_BACKFILL,,Low,Low,False
AmeriFlux_US-MN3,train,339.0,342.1000061035156,341.70001220703125,342.6000061035156,309.8363849641905,OK,,Low,Low,False
AmeriFlux_US-Me2,train,1253.0,1254.5999755859375,1253.2000732421875,1256.300048828125,1009.9903527591372,OK,,Mid,Mid,False
AmeriFlux_US-Mo1,val,260.0,261.5,261.5,262.6000061035156,221.4793610574973,OK,,Low,Low,False
AmeriFlux_US-Mo2,train,275.0,273.5,272.0,274.3000183105469,224.87394702945784,OK,,Low,Low,False
AmeriFlux_US-Mo3,val,261.0,260.8999938964844,260.6000061035156,261.5,221.9463983477723,PROBABLY_SRTM_BACKFILL,,Low,Low,False
AmeriFlux_US-Mpj,train,2196.0,2194.199951171875,2189.400146484375,2200.0,1918.559253735795,OK,,High,High,False
AmeriFlux_US-MtB,oos,2573.0,2565.0,2544.60009765625,2574.0,1545.7204958268317,OK,,High,High,False
AmeriFlux_US-NC3,train,5.0,8.0,6.0,8.5,-30.774056702898736,OK,,Low,Low,False
AmeriFlux_US-Ne1,oos,361.0,357.3999938964844,357.1000061035156,357.5,341.9564615878736,OK,,Low,Low,False
AmeriFlux_US-Ne2,oos,362.0,356.8000183105469,356.6000061035156,357.0,341.9564615878736,OK,,Low,Low,False
AmeriFlux_US-ONA,train,25.0,27.100000381469727,26.80000114440918,27.399999618530277,-13.012078974513171,OK,,Low,Low,False
AmeriFlux_US-RGB,val,33.0,34.79999923706055,34.79999923706055,35.10000228881836,71.9991671653134,OK,,Low,Low,False
AmeriFlux_US-RGo,val,40.0,40.900001525878906,39.70000076293945,40.900001525878906,160.17660833980054,PROBABLY_SRTM_BACKFILL,,Low,Low,False
AmeriFlux_US-Rls,train,1608.0,1615.5999755859375,1602.5999755859375,1625.4000244140625,1471.6567820330563,OK,,High,High,False
AmeriFlux_US-Rms,train,2111.0,2117.300048828125,2104.10009765625,2132.199951171875,1721.1277388854735,OK,,High,High,False
AmeriFlux_US-Ro4,val,274.0,264.8999938964844,264.1000061035156,266.6000061035156,268.58818993021424,OK,,Low,Low,False
AmeriFlux_US-Ro5,val,283.0,283.20001220703125,281.6000061035156,283.3000183105469,268.58818993021424,PROBABLY_SRTM_BACKFILL,,Low,Low,False
AmeriFlux_US-Ro6,val,282.0,283.5,281.20001220703125,283.5,268.58818993021424,OK,,Low,Low,False
AmeriFlux_US-Rwf,train,1878.0,1883.2000732421875,1871.5999755859373,1912.0999755859373,1471.6567820330563,OK,,High,High,False
AmeriFlux_US-Rws,train,1425.0,1426.800048828125,1415.0,1436.300048828125,1471.6567820330563,OK,,Mid,Mid,False
AmeriFlux_US-SHC,train,1934.0,1933.7000732421875,1930.0,1952.0999755859373,1954.081635757601,PROBABLY_SRTM_BACKFILL,,High,High,False
AmeriFlux_US-Seg,train,1596.0,1595.7000732421875,1594.2000732421875,1596.9000244140625,1512.564368110492,PROBABLY_SRTM_BACKFILL,,High,High,False
AmeriFlux_US-Ses,train,1604.0,1599.0999755859375,1598.4000244140625,1602.4000244140625,1509.2791863235789,OK,,High,High,False
AmeriFlux_US-Sne,train,-5.0,0.3000000119209289,0.3000000119209289,1.3000000715255735,-1.1092567536404907,OK,,Low,Low,False
AmeriFlux_US-Tw4,train,-5.0,0.3000000119209289,0.3000000119209289,0.9000000357627869,18.29835247750198,OK,,Low,Low,False
AmeriFlux_US-UC1,oos,390.0,388.0,384.3000183105469,393.0,474.3564397141564,OK,,Low,Low,False
AmeriFlux_US-UMB,train,234.0,236.6999969482422,233.90000915527344,237.8000030517578,218.627244566464,OK,,Low,Low,False
AmeriFlux_US-Vcm,train,3030.0,3035.199951171875,3025.60009765625,3039.10009765625,2453.400361701666,OK,,High,High,False
AmeriFlux_US-Vcp,oos,2500.0,2494.0,2488.300048828125,2503.199951171875,2451.154253506419,OK,,High,High,False
AmeriFlux_US-Wjs,train,1931.0,1928.300048828125,1928.300048828125,1930.5999755859373,1896.3638537600827,OK,,High,High,False
AmeriFlux_US-xBR,train,232.0,280.3999938964844,273.1000061035156,286.3000183105469,465.2824620686332,OK,,Low,Low,False
AmeriFlux_US-xCL,train,259.0,274.3000183105469,268.3000183105469,276.8999938964844,269.523858657236,OK,,Low,Low,False
AmeriFlux_US-xCP,train,1654.0,1653.9000244140625,1652.2000732421875,1653.9000244140625,1713.7239267981838,PROBABLY_SRTM_BACKFILL,,High,High,False
AmeriFlux_US-xDJ,train,529.0,504.2000122070313,502.2000122070313,506.1000061035156,593.5675252771506,OK,,Mid,Mid,False
AmeriFlux_US-xDL,train,22.0,26.5,26.5,31.700000762939453,9.468119807925165,OK,,Low,Low,False
AmeriFlux_US-xHA,train,351.0,354.1000061035156,349.1000061035156,359.8000183105469,241.96496452595684,OK,,Low,Low,False
AmeriFlux_US-xJE,train,44.0,46.10000228881836,43.70000076293945,47.60000228881836,19.583859929136917,OK,,Low,Low,False
AmeriFlux_US-xJR,train,1329.0,1324.0999755859375,1320.2000732421875,1325.5,1276.088697407038,OK,,Mid,Mid,False
AmeriFlux_US-xKA,train,1329.0,324.3999938964844,322.70001220703125,326.70001220703125,342.35013542422723,DISAGREES_OUTSIDE_LOCAL_RELIEF,,Mid,Mid,False
AmeriFlux_US-xNG,train,578.0,589.2999877929688,588.2999877929688,589.2999877929688,543.784020677201,OK,,Mid,Mid,False
AmeriFlux_US-xRM,val,2743.0,2734.900146484375,2731.0,2745.400146484375,2783.0628712383605,OK,,High,High,False
AmeriFlux_US-xSC,train,361.0,362.6000061035156,344.5,380.3000183105469,292.06354917811126,OK,,Low,Low,False
AmeriFlux_US-xSE,train,15.0,15.300000190734863,11.0,17.399999618530273,-4.02556872291343,PROBABLY_SRTM_BACKFILL,,Low,Low,False
AmeriFlux_US-xSJ,train,368.0,395.8000183105469,388.8000183105469,403.7000122070313,433.8004426196315,OK,,Low,Low,False
AmeriFlux_US-xUK,oos,335.0,318.6000061035156,306.20001220703125,324.1000061035156,274.51121561015697,OK,,Low,Low,False
AmeriFlux_US-xUN,train,518.0,524.9000244140625,517.2000122070312,525.4000244140625,489.97167438040645,OK,,Mid,Mid,False
AmeriFlux_US-xWD,train,579.0,589.4000244140625,584.7999877929688,591.1000366210938,561.5712103081821,OK,,Mid,Mid,False
AmeriFlux_CA-TP1,train,265.0,202.0,198.3000030517578,204.40000915527344,185.4664951672449,DISAGREES_OUTSIDE_LOCAL_RELIEF,,Low,Low,False
AmeriFlux_CA-TP3,oos,184.0,221.6000061035156,220.1000061035156,223.40000915527344,199.60500986138103,OK,,Low,Low,False
AmeriFlux_CA-TPD,train,260.0,203.8000030517578,200.5,206.1000061035156,184.82001765156053,DISAGREES_OUTSIDE_LOCAL_RELIEF,,Low,Low,False
AmeriFlux_US-ARM,oos,314.0,315.70001220703125,312.6000061035156,317.20001220703125,296.78249460677057,OK,,Low,Low,False
AmeriFlux_US-Me6,train,998.0,996.7999877929688,995.2999877929688,997.9000244140624,1097.6531670553832,OK,,Mid,Mid,False
AmeriFlux_US-SRG,oos,1291.0,1292.0999755859375,1286.5,1297.9000244140625,1187.912382248942,OK,,Mid,Mid,False
AmeriFlux_US-SRM,train,1120.0,1120.300048828125,1118.0999755859375,1125.5,954.0932038415212,PROBABLY_SRTM_BACKFILL,,Mid,Mid,False
AmeriFlux_US-Ton,oos,177.0,172.90000915527344,172.10000610351562,175.3000030517578,161.9750144894794,OK,,Low,Low,False
AmeriFlux_US-UMd,train,239.0,242.3000030517578,236.40000915527344,242.6000061035156,201.04178562025743,OK,,Low,Low,False
AmeriFlux_US-Var,oos,129.0,160.40000915527344,157.60000610351562,163.8000030517578,160.29088869379754,OK,,Low,Low,False
AmeriFlux_US-Whs,oos,1370.0,1373.9000244140625,1369.0999755859375,1375.5999755859375,1311.6641970916098,OK,,Mid,Mid,False
AmeriFlux_US-Wkg,train,1531.0,1526.5999755859375,1517.5999755859375,1526.5999755859375,1514.7825667635886,OK,,High,High,False
