station,cat,lat,lon,elev_meta,koppen,split,merit_elv,merit_min3,merit_max3,in_window,status,msg,tag_dist_km,sp_mean,sp_isa,sp_ratio,elev_from_sp,resid_merit,resid_sp,relief3,metadata_bad,srtm_suspect
ISMN_AMMA-CATCH_Banizoumbou,sm_only,13.5325,2.6604,208.0,Bsh,train,208.6999969482422,205.1999969482422,209.60000610351562,True,ok,,0.0,98281.6768718636,98851.08638143427,0.994239724312452,256.4702984354949,-0.6999969482421875,-48.4702984354949,4.4000091552734375,False,True
ISMN_AMMA-CATCH_Tondikiboro,sm_only,13.548,2.6956,235.0,Bsh,train,236.60000610351562,232.90000915527344,239.0,True,ok,,0.0,98281.6768718636,98533.57268364212,0.9974435534517024,256.4702984354949,-1.600006103515625,-21.470298435494897,6.0999908447265625,False,False
ISMN_ARM_Anthony,sm_only,37.2134,-98.0969,412.0,Cfa,train,417.70001220703125,416.8999938964844,418.20001220703125,True,ok,,0.0,96362.98544066492,96472.48301272342,0.9988649864848608,421.4886697402408,-5.70001220703125,-9.488669740240823,1.300018310546875,False,False
ISMN_ARM_Ashton,sm_only,37.133,-97.266,386.0,Cfa,train,380.20001220703125,377.5,385.3000183105469,True,ok,,0.0,97267.54511839066,96773.03477330816,1.005110001419723,343.3630612448551,5.79998779296875,42.63693875514491,7.800018310546875,False,False
ISMN_ARM_Byron,sm_only,36.881,-98.285,360.0,Cfa,train,361.6000061035156,360.8999938964844,362.1000061035156,True,ok,,0.0,97145.2825508953,97074.34427658645,1.000730762333112,353.88824076345094,-1.600006103515625,6.111759236549062,1.20001220703125,False,False
ISMN_ARM_Lamont-CF1,sm_only,36.605,-97.485,318.0,Cfa,oos,311.5,308.70001220703125,317.8000183105469,True,ok,,0.0,97810.52862587255,97562.67940725003,1.0025404101253508,296.7484420974861,6.5,21.251557902513923,9.100006103515625,False,False
ISMN_ARM_Lamont-CF2,sm_only,36.607,-97.488,315.0,Cfa,oos,314.3999938964844,313.3999938964844,317.20001220703125,True,ok,,0.0,97802.74107081736,97597.63645894418,1.0021015325710214,297.4155135288343,0.600006103515625,17.58448647116569,3.800018310546875,False,True
ISMN_ARM_MapleCity,sm_only,37.0694,-97.7606,417.0,Cfa,oos,366.20001220703125,365.0,368.8000183105469,True,ok,,0.0,97138.5496217826,96414.77134637344,1.007506923112527,354.46816787420585,50.79998779296875,62.53183212579415,3.800018310546875,False,False
ISMN_ARM_Marshall,sm_only,36.1166,-97.5112,336.0,Cfa,train,336.3000183105469,333.0,338.1000061035156,True,ok,,0.0,97749.89847225788,97353.14994161352,1.004075353811174,301.94307546553324,-0.300018310546875,34.05692453446676,5.100006103515625,False,True
ISMN_ARM_Medford,sm_only,36.819,-97.8199,328.0,Cfa,oos,336.20001220703125,334.6000061035156,337.20001220703125,True,ok,,0.0,97394.63102672462,97446.22911654296,0.9994704968033536,332.434005148832,-8.20001220703125,-4.434005148832,2.600006103515625,False,False
ISMN_ARM_Morrison,sm_only,36.37354,-97.06905,279.0,Cfa,train,310.70001220703125,308.1000061035156,311.6000061035156,True,ok,,0.0,98146.98918269233,98017.91275658883,1.0013168656878464,267.96866974308335,-31.70001220703125,11.031330256916647,3.5,False,False
ISMN_ARM_Newkirk,sm_only,36.926,-97.082,357.0,Cfa,train,351.3999938964844,349.3999938964844,352.70001220703125,True,ok,,0.0,97455.4474361826,97109.15958406022,1.0035659648750497,327.2080375773503,5.600006103515625,29.791962422649704,3.300018310546875,False,False
ISMN_ARM_Omega,sm_only,35.88,-98.173,371.0,Cfa,oos,364.20001220703125,363.3000183105469,367.70001220703125,True,ok,,0.0,96970.9282618613,96946.77460939504,1.0002491434352878,368.9163943633398,6.79998779296875,2.083605636660195,4.399993896484375,False,False
ISMN_ARM_Pawhuska,sm_only,36.841,-96.427,331.0,Cfa,train,331.5,326.8999938964844,333.0,True,ok,,0.0,97620.51391407748,97411.31598514775,1.0021475731727267,313.0371370828817,-0.5,17.962862917118287,6.100006103515625,False,True
ISMN_ARM_Ringwood,sm_only,36.431,-98.284,418.0,Cfa,train,417.3999938964844,415.3999938964844,418.3000183105469,True,ok,,0.0,96646.98500331536,96403.23236848049,1.0025284695216774,396.89628629870424,0.600006103515625,21.10371370129576,2.9000244140625,False,True
ISMN_ARM_Tryon,sm_only,35.8615,-97.0695,294.0,Cfa,train,294.5,291.70001220703125,295.8000183105469,True,ok,,0.0,98104.43460172828,97842.61990756312,1.0026758757524328,271.6042367945135,-0.5,22.395763205486503,4.100006103515625,False,True
ISMN_ARM_Tyro,sm_only,37.068,-95.788,248.0,Cfa,train,251.60000610351562,250.40000915527344,253.0,True,ok,,0.0,98485.91739879892,98380.9905322464,1.001066535984085,239.0584789182188,-3.600006103515625,8.94152108178119,2.5999908447265625,False,False
ISMN_ARM_Waukomis,sm_only,36.311,-97.928,379.0,Cfa,train,384.70001220703125,384.70001220703125,387.5,True,ok,,0.0,96990.44229913768,96854.08196064018,1.001407894595015,367.23333025401286,-5.70001220703125,11.766669745987144,2.79998779296875,False,False
ISMN_Berlin_DWDBerlin-Spaeth,sm_only,52.45366,13.4577,9.0,Dfb,oos,35.5,35.5,36.29999923706055,True,ok,,0.0,101027.0615287856,101216.9283556498,0.9981241593679164,24.830607576897602,-26.5,-15.830607576897602,0.7999992370605469,False,False
ISMN_Berlin_DWDBerlinTempel,sm_only,52.45388,13.4312,4.0,Dfb,oos,45.60000228881836,45.400001525878906,48.0,True,ok,,0.0,101031.35778148528,101276.9566287693,0.997574978006258,24.47213079178561,-41.60000228881836,-20.47213079178561,2.5999984741210938,False,False
ISMN_Berlin_PSA14wiltinger,sm_only,52.63489,13.28991,85.0,Dfb,train,53.79999923706055,53.10000228881836,55.70000076293945,True,ok,,0.0,100939.13365203628,100308.03994409522,1.0062915565720634,32.169970583367586,31.200000762939453,52.830029416632414,2.5999984741210938,False,False
ISMN_Berlin_PSA15bucherchaus,sm_only,52.62005,13.48854,49.0,Dfb,train,55.60000228881836,55.60000228881836,58.20000076293945,True,ok,,0.0,100842.07673468516,100737.73856327968,1.0010357406558212,40.27735048747256,-6.600002288818359,8.72264951252744,2.5999984741210938,False,False
ISMN_Berlin_PSA16krugwiesen,sm_only,52.56089,13.52688,91.0,Dfb,train,61.20000076293945,59.60000228881836,62.0,True,ok,,0.0,100835.57860626285,100236.5680240487,1.005975968591327,40.82037923112748,29.799999237060547,50.17962076887252,2.3999977111816406,False,False
ISMN_Berlin_PSA17suedpark,sm_only,52.40145,13.51,63.0,Dfb,train,47.400001525878906,46.60000228881836,47.5,True,ok,,0.0,101038.12612294662,100570.4567921471,1.0046501661195202,23.907409421930847,15.599998474121094,39.09259057806915,0.8999977111816406,False,False
ISMN_Berlin_PSA18Pfaueninsel,sm_only,52.43147,13.12135,57.0,Dfb,train,42.900001525878906,37.900001525878906,43.5,True,ok,,0.0,101072.06655330252,100642.12141500926,1.004272019828759,21.076027398004694,14.099998474121094,35.9239726019953,5.599998474121094,False,False
ISMN_Berlin_PSA1BerlinerStr,sm_only,52.43899,13.2726,89.0,Dfb,val,50.29999923706055,50.10000228881836,54.0,True,ok,,0.0,101015.90677168856,100260.38741407216,1.0075355718953702,25.761411549299833,38.70000076293945,63.23858845070016,3.8999977111816406,False,False
ISMN_Berlin_PSA2Tiergarten,sm_only,52.51474,13.36619,46.0,Dfb,train,35.29999923706055,34.60000228881836,36.0,True,ok,,0.0,100923.94409357892,100773.61395255596,1.001491760939463,33.43837138212257,10.700000762939453,12.561628617877432,1.3999977111816406,False,False
ISMN_Berlin_PSA4Heerstrasse,sm_only,52.50821,13.24764,5.0,Dfb,train,53.5,52.29999923706055,54.20000076293945,True,ok,,0.0,100939.01729696908,101264.94866856826,0.9967813999228308,32.17968620068117,-48.5,-27.179686200681168,1.9000015258789062,False,False
ISMN_Berlin_PSA6Plaenterwald,sm_only,52.47629,13.48714,21.0,Dfb,train,38.29999923706055,37.79999923706055,38.400001525878906,True,ok,,0.0,101027.83759124088,101072.97803854254,0.9995533875801657,24.765852470981073,-17.299999237060547,-3.7658524709810735,0.6000022888183594,False,False
ISMN_Berlin_PSA7Ruebezahl,sm_only,52.42399,13.6251,28.0,Dfb,val,37.20000076293945,36.70000076293945,39.0,True,ok,,0.0,101029.7998153798,100989.08360561704,1.0004031743660706,24.60212513597736,-9.200000762939453,3.39787486402264,2.299999237060547,False,False
ISMN_Berlin_PflABerlin11Humb,sm_only,52.54434,13.38112,99.0,Dfb,train,47.5,42.10000228881836,47.5,True,ok,,0.0,100926.46329568788,100141.33628147026,1.0078401891104274,33.227995261933124,51.5,65.77200473806687,5.399997711181641,True,False
ISMN_Berlin_PflABerlin12Schi,sm_only,52.50847,13.42852,93.0,Dfb,train,36.79999923706055,33.70000076293945,39.0,True,ok,,0.0,100897.83290554414,100212.75321645122,1.0068362525437575,35.61914180224187,56.20000076293945,57.38085819775813,5.299999237060547,True,False
ISMN_Berlin_PflABerlin13Marz,sm_only,52.54064,13.57653,17.0,Dfb,train,56.0,53.400001525878906,57.10000228881836,True,ok,,0.0,100835.57860626285,101120.94304605444,0.99717798874105,40.82037923112748,-39.0,-23.820379231127482,3.700000762939453,False,False
ISMN_COSMOS_KLEE,sm_only,0.2825,36.8669,1824.0,Aw,train,1812.5,1811.9000244140625,1813.800048828125,True,ok,,0.0,82960.11524863138,81247.80885198839,1.0210751086193888,1654.99185636658,11.5,169.0081436334201,1.9000244140625,False,False
ISMN_COSMOS-UK_AliceHolt,sm_only,51.15355,-0.85823,80.0,Cfb,train,78.70000457763672,76.30000305175781,79.20000457763672,True,ok,,0.0,100249.6545023465,100367.63139478667,0.9988245523900418,89.90114351933298,1.2999954223632812,-9.901143519332976,2.9000015258789062,False,False
ISMN_COSMOS-UK_Balruddery,sm_only,56.4823,-3.11149,130.0,Cfb,val,97.30000305175781,91.4000015258789,103.4000015258789,True,ok,,0.0,99569.39281741958,99773.00500003362,0.9979592457637816,147.17647861684588,32.69999694824219,-17.176478616845884,12.0,False,False
ISMN_COSMOS-UK_BickleyHall,sm_only,53.02635,-2.70053,78.0,Cfb,oos,79.0999984741211,76.30000305175781,81.9000015258789,True,ok,,0.0,100952.64638125732,100391.47600021216,1.0055898210027712,31.041722946094158,-1.0999984741210938,46.958277053905846,5.599998474121094,False,False
ISMN_COSMOS-UK_BunnyPark,sm_only,52.86073,-1.12685,39.0,Cfb,train,41.10000228881836,39.0,41.20000076293945,True,ok,,0.0,100736.3096982548,100857.36342731628,0.9987997531866006,49.119503587222695,-2.1000022888183594,-10.119503587222695,2.200000762939453,False,False
ISMN_COSMOS-UK_Cardington,sm_only,52.1056,-0.42464,29.0,Cfb,train,30.200000762939453,29.80000114440918,32.29999923706055,True,ok,,0.0,100657.76373680096,100977.10329101128,0.9968375052977108,55.690832913404414,-1.2000007629394531,-26.690832913404414,2.499998092651367,False,False
ISMN_COSMOS-UK_ChimneyMeadows,sm_only,51.70802,-1.47877,65.0,Cfb,oos,66.0999984741211,65.70000457763672,66.80000305175781,True,ok,,0.0,100321.32565451744,100546.57776917842,0.997759723705584,83.88505877120835,-1.0999984741210938,-18.88505877120835,1.0999984741210938,False,False
ISMN_COSMOS-UK_Cochno,sm_only,55.94142,-4.40354,168.0,Cfb,train,172.5,162.1999969482422,176.60000610351562,True,ok,,0.0,99907.15508427448,99322.99946568457,1.0058813731133012,118.69876486200319,-4.5,49.30123513799681,14.400009155273438,False,False
ISMN_COSMOS-UK_CwmGarw,sm_only,51.95136,-4.74658,299.0,Cfb,oos,288.70001220703125,277.70001220703125,302.8999938964844,True,ok,,0.0,99874.1437852926,97784.24540077311,1.0213725470391877,121.47860266222867,10.29998779296875,177.52139733777133,25.199981689453125,False,False
ISMN_COSMOS-UK_Elmsett,sm_only,52.09465,0.99307,76.0,Cfb,train,74.5,72.20000457763672,76.0999984741211,True,ok,,0.0,100878.42052746408,100415.32519244924,1.0046117993854753,37.240733033808176,1.5,38.759266966191824,3.899993896484375,False,False
ISMN_COSMOS-UK_Euston,sm_only,52.33639,0.79592,18.0,Cfb,train,43.29999923706055,42.20000076293945,44.29999923706055,True,ok,,0.0,101098.7767956451,101108.95006660194,0.9998993830818128,18.84834415073938,-25.299999237060547,-0.8483441507393792,2.0999984741210938,False,False
ISMN_COSMOS-UK_Fincham,sm_only,52.61777,0.51073,15.0,Cfb,val,17.80000114440918,15.100000381469727,20.700000762939453,True,ok,,0.0,101024.24476908376,101144.93246061618,0.9988067845951708,25.065643040703204,-2.8000011444091797,-10.065643040703204,5.600000381469727,False,False
ISMN_COSMOS-UK_Fivemiletown,sm_only,54.2985,-7.29186,174.0,Cfb,train,175.40000915527344,164.5,186.5,True,ok,,0.0,99533.10904555724,99252.0964433538,1.0028313014260997,150.2403191313535,-1.4000091552734375,23.759680868646512,22.0,False,False
ISMN_COSMOS-UK_HartwoodHome,sm_only,55.81026,-3.82896,225.0,Cfb,val,178.1999969482422,173.3000030517578,182.0,True,ok,,0.0,99068.74518270767,98651.07391336546,1.0042338238477668,189.53177308930597,46.80000305175781,35.46822691069403,8.699996948242188,False,False
ISMN_COSMOS-UK_Heytesbury,sm_only,51.20289,-2.0796,166.0,Cfb,train,164.5,160.1999969482422,165.40000915527344,True,ok,,0.0,100455.93572015334,99346.64291858324,1.0111658810905084,72.5952746074721,1.5,93.4047253925279,5.20001220703125,False,False
ISMN_COSMOS-UK_HollinHill,sm_only,54.11068,-0.95952,82.0,Cfb,train,75.0999984741211,53.900001525878906,98.80000305175781,True,ok,,0.0,100747.73880322426,100343.79137549804,1.004025634493066,48.16366512251958,6.900001525878906,33.83633487748042,44.900001525878906,False,False
ISMN_COSMOS-UK_HolmeLacy,sm_only,52.02088,-2.66211,76.0,Cfb,oos,71.0,69.0,71.9000015258789,True,ok,,0.0,100203.35217860076,100415.32519244924,0.9978890372217366,93.78961792119289,5.0,-17.789617921192885,2.9000015258789062,False,False
ISMN_COSMOS-UK_Loddington,sm_only,52.61016,-0.82642,186.0,Cfb,oos,145.10000610351562,140.10000610351562,151.0,True,ok,,0.0,99969.10088873203,99110.41335188536,1.0086639486992952,113.48439733435866,40.899993896484375,72.51560266564134,10.899993896484375,False,False
ISMN_COSMOS-UK_LullingtonHeath,sm_only,50.79372,0.18887,119.0,Cfb,train,111.20000457763672,103.4000015258789,116.30000305175781,True,ok,,0.0,101409.48053292716,99903.57741165976,1.0150735655347176,-7.029965963521307,7.799995422363281,126.0299659635213,12.900001525878906,False,False
ISMN_COSMOS-UK_MoretonMorrell,sm_only,52.19941,-1.56308,53.0,Cfb,train,55.10000228881836,54.20000076293945,57.29999923706055,True,ok,,0.0,100602.0476750753,100689.92079863668,0.9991272897737488,60.354679918748246,-2.1000022888183594,-7.354679918748246,3.0999984741210938,False,False
ISMN_COSMOS-UK_Morley,sm_only,52.54815,1.03423,55.0,Cfb,train,56.900001525878906,55.900001525878906,57.60000228881836,True,ok,,0.0,101055.90829707665,100666.01880953393,1.0038730993055405,22.423887056322148,-1.9000015258789062,32.576112943677856,1.7000007629394531,False,False
ISMN_COSMOS-UK_PortonDown,sm_only,51.11988,-1.68125,146.0,Cfb,train,117.70000457763672,114.80000305175781,121.5999984741211,True,ok,,0.0,100330.5958100479,99583.32820339818,1.0075039428801118,83.10717505628848,28.29999542236328,62.89282494371152,6.799995422363281,False,False
ISMN_COSMOS-UK_Redhill,sm_only,51.26287,0.42914,91.0,Cfb,train,91.5999984741211,85.5999984741211,96.30000305175781,True,ok,,0.0,100667.32340970004,100236.5680240487,1.004297387611555,54.89082760252223,-0.5999984741210938,36.10917239747777,10.700004577636719,False,True
ISMN_COSMOS-UK_Redmere,sm_only,52.44577,0.42104,3.0,Cfb,train,0.30000001192092896,0.30000001192092896,1.600000023841858,True,ok,,0.0,101391.09933137546,101288.96574192832,1.0010083387533777,-5.500795786369547,2.699999988079071,8.500795786369547,1.300000011920929,False,False
ISMN_COSMOS-UK_Rothamsted,sm_only,51.81387,-0.37832,131.0,Cfb,oos,131.8000030517578,130.3000030517578,132.6999969482422,True,ok,,0.0,100057.46860380532,99761.14163640748,1.0029703646383463,106.05045798250572,-0.8000030517578125,24.94954201749428,2.399993896484375,False,True
ISMN_COSMOS-UK_Sheepdrove,sm_only,51.53032,-1.48187,170.0,Cfb,train,182.90000915527344,177.60000610351562,183.8000030517578,True,ok,,0.0,100050.55519468617,99299.36056929467,1.0075649492714231,106.63185721084317,-12.900009155273438,63.368142789156835,6.1999969482421875,False,False
ISMN_COSMOS-UK_SpenFarm,sm_only,53.86886,-1.31886,57.0,Cfb,train,54.10000228881836,54.0,55.10000228881836,True,ok,,0.0,100301.17020303092,100642.12141500926,0.9966122414036528,85.57655785180273,2.8999977111816406,-28.576557851802733,1.1000022888183594,False,False
ISMN_COSMOS-UK_Stoughton,sm_only,52.60164,-1.04701,130.0,Cfb,train,133.10000610351562,131.10000610351562,134.60000610351562,True,ok,,0.0,100269.33328937614,99773.00500003362,1.0049745749297854,88.24895711778358,-3.100006103515625,41.751042882216424,3.5,False,False
ISMN_COSMOS-UK_Waddesdon,sm_only,51.83948,-0.94842,98.0,Cfb,train,91.5,88.5999984741211,95.5,True,ok,,0.0,100543.62137174954,100153.23624114506,1.0038978783437864,65.24764136157435,6.5,32.75235863842565,6.900001525878906,False,False
ISMN_COSMOS-UK_Writtle,sm_only,51.734,0.4179,44.0,Cfb,train,40.60000228881836,37.900001525878906,44.79999923706055,True,ok,,0.0,100802.33044985168,100797.53662562383,1.0000475589422948,43.59926959127199,3.3999977111816406,0.400730408728009,6.899997711181641,False,False
ISMN_CW3E_BoyesCreekCanyon,sm_only,39.34053,-123.16349,350.0,Csa,train,373.1000061035156,346.3999938964844,392.5,True,ok,,0.0,94392.06927282996,97190.43462197045,0.9712073995756378,593.792464528675,-23.100006103515625,-243.79246452867505,46.100006103515625,False,False
ISMN_CW3E_BrownsValleySchool,sm_only,39.23586,-121.40621,71.0,Csa,train,72.20000457763672,68.30000305175781,75.20000457763672,True,ok,,0.0,100372.89495909776,100474.96824477272,0.9989840923818328,79.55847801150821,-1.2000045776367188,-8.558478011508214,6.900001525878906,False,False
ISMN_CW3E_Deerwood,sm_only,39.19757,-123.15985,280.0,Csa,oos,282.8999938964844,268.1000061035156,297.20001220703125,True,ok,,0.0,96032.55807917552,98006.21866094944,0.979861884187148,450.1753510018844,-2.899993896484375,-170.1753510018844,29.100006103515625,False,False
ISMN_CW3E_FeatherRiverCollege,sm_only,39.94597,-120.96972,1047.0,Csb,train,1045.800048828125,1042.5,1047.5999755859375,True,ok,,0.0,87364.34573163778,89363.37156980312,0.977630366860052,1232.9120082028458,1.199951171875,-185.91200820284575,5.0999755859375,False,False
ISMN_CW3E_NorthCowMountain,sm_only,39.17967,-123.08009,1041.0,Csa,oos,1037.5,1007.2000122070312,1043.800048828125,True,ok,,0.0,95542.45728675464,89428.49831237574,1.0683670092840285,492.8719296760517,3.5,548.1280703239484,36.60003662109375,False,False
ISMN_CW3E_PotterValleyNorth,sm_only,39.36141,-123.11312,410.0,Csa,val,418.6000061035156,403.70001220703125,455.6000061035156,True,ok,,0.0,94396.28339484749,96495.57551002428,0.9782446800894128,593.4209575438854,-8.600006103515625,-183.42095754388538,51.899993896484375,False,False
ISMN_CW3E_SkylineHarvest,sm_only,39.47095,-121.09175,836.0,Csb,oos,828.2000122070312,792.5,864.0,True,ok,,0.0,90771.45688512204,91676.86339547846,0.9901239366529082,918.0576007312575,7.79998779296875,-82.05760073125748,71.5,False,False
ISMN_CW3E_YucaipaValley,sm_only,34.0074,-117.0916,641.0,Bsk,oos,647.7000122070312,639.2000122070312,661.7000122070312,True,ok,,0.0,91855.48990952258,93857.81729418966,0.97866637598879,819.8885231777223,-6.70001220703125,-178.88852317772228,22.5,False,False
ISMN_FLUXNET-AMERIFLUX_BouldinIslandAlfalfa,sm_only,38.09915,-121.49933,-2.7,Csa,train,0.30000001192092896,0.30000001192092896,1.600000023841858,True,ok,,0.0,101364.5118711499,101357.4397068177,1.0000697744965998,-3.288532751727448,-3.000000011920929,0.5885327517274477,1.300000011920929,False,False
ISMN_FLUXNET-AMERIFLUX_TonziRanch,sm_only,38.4316,-120.966,177.0,Csa,oos,172.1999969482422,171.90000915527344,174.90000915527344,True,ok,,0.0,99394.2390111653,99216.66030473736,1.001789807335608,161.9750144894794,4.8000030517578125,15.024985510520594,3.0,False,False
ISMN_FLUXNET-AMERIFLUX_VairaRanch,sm_only,38.4133,-120.95073,129.0,Csa,duplicate,160.40000915527344,157.60000610351562,163.8000030517578,True,ok,,0.0,99394.83024596333,99784.86950598127,0.9960911983755756,161.92502626095512,-31.400009155273438,-32.92502626095512,6.1999969482421875,False,False
ISMN_FMI_SAA111,sm_only,68.33019,27.55062,441.0,Dfc,oos,449.3999938964844,442.3000183105469,457.3999938964844,True,ok,,0.0,97132.42604499316,96138.14435045452,1.010342218494609,354.9956379297489,-8.399993896484375,86.00436207025109,15.0999755859375,False,False
ISMN_FMI_SAA112,sm_only,68.33025,27.55076,441.0,Dfc,oos,449.3999938964844,442.3000183105469,457.3999938964844,True,ok,,0.0,97189.81460151436,96138.14435045452,1.010939156961738,350.0533827461302,-8.399993896484375,90.94661725386982,15.0999755859375,False,False
ISMN_FMI_SAA120,sm_only,68.33881,27.53543,381.0,Dfc,oos,380.6000061035156,373.6000061035156,389.6000061035156,True,ok,,0.0,97215.78773635352,96830.92001513673,1.0039746366259523,347.8173745033785,0.399993896484375,33.18262549662148,16.0,False,True
ISMN_FMI_SOD011,sm_only,67.36187,26.63378,179.0,Dfc,val,178.0,175.8000030517578,179.40000915527344,True,ok,,0.0,98384.89972413892,99193.04190432392,0.9918528339824028,247.66673312042673,1.0,-68.66673312042673,3.600006103515625,False,False
ISMN_FMI_SOD012,sm_only,67.36179,26.63378,179.0,Dfc,val,178.0,175.8000030517578,179.40000915527344,True,ok,,0.0,98384.89972413892,99193.04190432392,0.9918528339824028,247.66673312042673,1.0,-68.66673312042673,3.600006103515625,False,False
ISMN_FMI_SOD013,sm_only,67.36195,26.63378,179.0,Dfc,val,178.0,175.8000030517578,179.40000915527344,True,ok,,0.0,98475.93879406228,99193.04190432392,0.9927706309183126,239.908490661627,1.0,-60.90849066162701,3.600006103515625,False,False
ISMN_FMI_SOD071,sm_only,67.35687,26.68492,184.0,Dfc,val,184.1999969482422,182.90000915527344,185.5,True,ok,,0.0,98384.89972413892,99134.01582038528,0.9924434000776924,247.66673312042673,-0.1999969482421875,-63.66673312042673,2.5999908447265625,False,True
ISMN_FMI_SOD072,sm_only,67.35693,26.68506,184.0,Dfc,val,184.1999969482422,182.90000915527344,185.5,True,ok,,0.0,98409.87134240246,99134.01582038528,0.9926952976534832,245.53810280915826,-0.1999969482421875,-61.53810280915826,2.5999908447265625,False,True
ISMN_FMI_SOD073,sm_only,67.35681,26.68478,184.0,Dfc,val,184.1999969482422,182.90000915527344,185.5,True,ok,,0.0,98409.87134240246,99134.01582038528,0.9926952976534832,245.53810280915826,-0.1999969482421875,-61.53810280915826,2.5999908447265625,False,True
ISMN_FMI_SOD081,sm_only,67.38425,26.62529,174.0,Dfc,val,181.0,180.10000610351562,181.40000915527344,True,ok,,0.0,98384.89972413892,99252.0964433538,0.991262686126637,247.66673312042673,-7.0,-73.66673312042673,1.3000030517578125,False,False
ISMN_FMI_SOD083,sm_only,67.38431,26.62515,174.0,Dfc,val,181.0,180.10000610351562,181.40000915527344,True,ok,,0.0,98432.57265282722,99252.0964433538,0.99174300775607,243.60337754588335,-7.0,-69.60337754588335,1.3000030517578125,False,False
ISMN_FMI_SOD101,sm_only,67.35919,26.68595,186.0,Dfc,val,184.8000030517578,183.10000610351562,185.40000915527344,True,ok,,0.0,98410.05424705804,99110.41335188536,0.992933546726914,245.52251326682065,1.1999969482421875,-59.52251326682065,2.3000030517578125,False,False
ISMN_FMI_SOD102,sm_only,67.35922,26.68595,186.0,Dfc,val,184.8000030517578,183.10000610351562,185.40000915527344,True,ok,,0.0,98410.05424705804,99110.41335188536,0.992933546726914,245.52251326682065,1.1999969482421875,-59.52251326682065,2.3000030517578125,False,False
ISMN_FMI_SOD103,sm_only,67.35917,26.68594,186.0,Dfc,val,184.8000030517578,183.10000610351562,185.40000915527344,True,ok,,0.0,98410.05424705804,99110.41335188536,0.992933546726914,245.52251326682065,1.1999969482421875,-59.52251326682065,2.3000030517578125,False,False
ISMN_FMI_SOD130,sm_only,67.25729,26.74857,152.0,Dfc,train,175.90000915527344,174.5,176.1999969482422,True,ok,,0.0,98294.22052459633,99512.2747275649,0.987759759222636,255.40008866454795,-23.900009155273438,-103.40008866454795,1.6999969482421875,False,False
ISMN_FMI_SOD140,sm_only,67.15288,26.72914,255.0,Dfc,oos,257.5,251.3000030517578,259.6000061035156,True,ok,,0.0,98245.2153758128,98298.9101935421,0.9994537597861096,259.5817787353441,-2.5,-4.5817787353440735,8.300003051757812,False,False
ISMN_FR_Aqui_fraye,sm_only,44.467,-0.7269,52.42,Cfb,train,51.900001525878906,51.20000076293945,55.20000076293945,True,ok,,0.0,101106.5308703371,100696.85323498884,1.0040684253994734,18.201729343895447,0.5199984741210955,34.21827065610455,4.0,False,True
ISMN_FR_Aqui_hillan2,sm_only,44.49126,-0.758,53.78,Cfb,train,55.70000076293945,54.20000076293945,56.900001525878906,True,ok,,0.0,101105.663587589,100680.59847631842,1.0042219168112172,18.274050339409197,-1.920000762939452,35.5059496605908,2.700000762939453,False,False
ISMN_FR_Aqui_parcmeteo,sm_only,44.7899,-0.5765,24.88,Cfb,train,23.100000381469727,21.700000762939453,26.30000114440918,True,ok,,0.0,101365.61871006388,101026.46958480748,1.0033570323366758,-3.3806388794166433,1.7799996185302724,28.260638879416643,4.600000381469727,False,False
ISMN_HOBE_1.05,sm_only,56.033,9.1912,80.0,Dfb,oos,70.4000015258789,70.4000015258789,71.5999984741211,True,ok,,0.0,100504.73678131418,100367.63139478667,1.0013660319031363,68.5053412939717,9.599998474121094,11.494658706028304,1.1999969482421875,False,False
ISMN_HOBE_1.07,sm_only,56.0426,9.1413,60.0,Dfb,train,62.10000228881836,62.10000228881836,63.60000228881836,True,ok,,0.0,100504.73678131418,100606.28393657808,0.9989906479864824,68.5053412939717,-2.1000022888183594,-8.505341293971696,1.5,False,False
ISMN_HOBE_2.01,sm_only,55.9398,9.2207,63.0,Dfb,train,61.70000076293945,60.400001525878906,62.400001525878906,True,ok,,0.0,100420.40658688398,100570.4567921471,0.9985080091107348,75.57392253387349,1.2999992370605469,-12.573922533873485,2.0,False,False
ISMN_HOBE_2.11,sm_only,55.9704,9.0225,40.0,Dfb,train,40.5,40.5,41.5,True,ok,,0.0,100742.11084017796,100845.3957673228,0.9989758091942724,48.634331736936325,-0.5,-8.634331736936325,1.0,False,True
ISMN_HOBE_3.06,sm_only,55.9115,8.8831,38.0,Dfb,oos,34.900001525878906,34.10000228881836,35.10000228881836,True,ok,,0.0,100936.6969701831,100869.33223730631,1.000667841566734,32.373434766716855,3.0999984741210938,5.626565233283145,1.0,False,False
ISMN_LAB-net_OromoCalibrationSite,sm_only,-40.88502,-73.10873,115.0,Cfb,train,110.80000305175781,110.80000305175781,113.0999984741211,True,ok,,0.0,100366.5430828011,99951.09258014524,1.004156537881992,80.09129288738859,4.1999969482421875,34.90870711261141,2.2999954223632812,False,False
ISMN_LABFLUX_Bussolenobosco,sm_only,45.1186,7.1625,1100.0,Cfb,train,626.6000366210938,606.7999877929688,659.4000244140625,True,ok,,0.0,83368.35382570142,88789.75155676815,0.938941176926252,1615.115354181399,473.39996337890625,-515.115354181399,52.60003662109375,True,False
ISMN_LABFLUX_Nivolet,sm_only,45.51918,7.17144,2555.0,Dfc,oos,2589.699951171875,2533.199951171875,2622.10009765625,True,ok,,0.0,76408.99107081736,74167.85724796519,1.0302170496224448,2317.709095927207,-34.699951171875,237.29090407279318,88.900146484375,False,False
ISMN_MOL-RAO_Falkenberg,sm_only,52.16694,14.12417,73.0,Dfb,train,74.5,74.30000305175781,75.80000305175781,True,ok,,0.0,100899.04690065682,100451.10758255328,1.004459277044162,35.51774047561622,-1.5,37.48225952438378,1.5,False,False
ISMN_NAQU_NQKema,sm_only,31.27209,92.11031,4465.0,Dwc,train,4490.39990234375,4481.30029296875,4500.0,True,ok,,0.0,58191.78702740077,57995.40573750775,1.0033861525304584,4439.351229985199,-25.39990234375,25.648770014800903,18.69970703125,False,False
ISMN_NAQU_NQMS,sm_only,31.22623,91.7833,4583.0,Dwc,train,4583.39990234375,4578.10009765625,4584.5,True,ok,,0.0,57899.15371949133,57098.83258246911,1.0140164185645355,4477.596876764448,-0.39990234375,105.4031232355519,6.39990234375,False,True
ISMN_NAQU_NQNorth,sm_only,31.37878,91.86848,4497.0,Et,train,4510.30029296875,4505.10009765625,4516.5,True,ok,,0.0,58023.41741987911,57751.1486600377,1.004714516787262,4461.337182284343,-13.30029296875,35.662817715657184,11.39990234375,False,False
ISMN_NGARI_ALI01,sm_only,33.43287,79.74763,4265.0,Bwk,train,4244.39990234375,4242.5,4249.2001953125,True,ok,,0.0,59880.97726462705,59541.03655789525,1.005709351505852,4221.57766880425,20.60009765625,43.4223311957503,6.7001953125,False,False
ISMN_NGARI_ALI02,sm_only,33.45517,79.63061,4267.0,Bwk,oos,4247.60009765625,4242.80029296875,4249.10009765625,True,ok,,0.0,59713.63588831547,59525.41687173455,1.0031619940938252,4242.928006948272,19.39990234375,24.071993051727986,6.2998046875,False,False
ISMN_NGARI_ALI03,sm_only,33.45402,79.63412,4268.0,Bwk,oos,4243.10009765625,4239.7001953125,4243.5,True,ok,,0.0,59713.63588831547,59517.60827298792,1.0032936070688263,4242.928006948272,24.89990234375,25.071993051727986,3.7998046875,False,False
ISMN_NGARI_SQ19,sm_only,32.62528,80.00139,4647.0,Dsb,val,4612.0,4608.10009765625,4617.39990234375,True,ok,,0.0,55870.99098434291,56617.27081257604,0.9868188660894024,4747.057617956767,35.0,-100.05761795676699,9.2998046875,False,False
ISMN_NGARI_SQ20,sm_only,32.68417,79.91861,4695.0,Dsb,train,4681.2001953125,4678.7001953125,4685.10009765625,True,ok,,0.0,55607.32825868412,56258.26209374676,0.9884295424203126,4782.6670208315445,13.7998046875,-87.6670208315445,6.39990234375,False,False
ISMN_NGARI_SQ21,sm_only,32.74722,79.79694,4606.0,Dsb,train,4596.39990234375,4594.60009765625,4599.0,True,ok,,0.0,57320.48942023871,56925.391056246175,1.0069406350428431,4553.688394210382,9.60009765625,52.311605789617715,4.39990234375,False,False
ISMN_REMEDHUS_Canizal,sm_only,41.19603,-5.35997,-99.9,Bsk,train,798.2999877929688,797.1000366210938,800.2000122070312,True,ok,,0.0,92510.7052372091,102530.88265199044,0.90227161655487,761.0067853542606,-898.1999877929687,-860.9067853542606,3.0999755859375,True,False
ISMN_REMEDHUS_Carretoro,sm_only,41.26504,-5.38049,-99.9,Bsk,train,742.2000122070312,741.2999877929688,742.7999877929688,True,ok,,0.0,92637.09627719622,102530.88265199044,0.9035043284629116,749.6873734095843,-842.1000122070312,-849.5873734095843,1.5,True,False
ISMN_REMEDHUS_CasaPeriles,sm_only,41.39392,-5.32146,-99.9,Bsk,train,747.5,743.6000366210938,759.5,True,ok,,0.0,93300.16140368384,102530.88265199044,0.9099713080629818,690.5082153016144,-847.4,-790.4082153016144,15.89996337890625,True,False
ISMN_REMEDHUS_ConcejodelMonte,sm_only,41.3001,-5.24704,-99.9,Bsk,oos,763.4000244140625,755.7000122070312,763.6000366210938,True,ok,,0.0,92962.30685853012,102530.88265199044,0.9066761589682406,720.6193294983372,-863.3000244140625,-820.5193294983371,7.9000244140625,True,False
ISMN_REMEDHUS_ElCoto,sm_only,41.38134,-5.42922,-99.9,Bsk,train,727.1000366210938,724.0,730.9000244140625,True,ok,,0.0,93130.86261119982,102530.88265199044,0.9083201100228884,705.5858275061603,-827.0000366210937,-805.4858275061603,6.9000244140625,True,False
ISMN_REMEDHUS_ElTomillar,sm_only,41.34888,-5.49027,-99.9,Bsk,train,763.5,763.2000122070312,765.1000366210938,True,ok,,0.0,93208.33239219712,102530.88265199044,0.9090756851139588,698.6836801473277,-863.4,-798.5836801473276,1.9000244140625,True,False
ISMN_REMEDHUS_Granja-g,sm_only,41.30582,-5.37566,-99.9,Bsk,train,707.0,706.7000122070312,707.7000122070312,True,ok,,0.0,93302.21597204398,102530.88265199044,0.9099913465948564,690.3253732263008,-806.9,-790.2253732263008,1.0,True,False
ISMN_REMEDHUS_Guarrati,sm_only,41.2892,-5.46713,-99.9,Bsk,train,743.2000122070312,742.7999877929688,746.5,True,ok,,0.0,92344.32729100136,102530.88265199044,0.9006489059928976,775.9264784768736,-843.1000122070312,-875.8264784768736,3.70001220703125,True,False
ISMN_REMEDHUS_LaCruzdeElias,sm_only,41.28546,-5.30003,-99.9,Bsk,train,795.5,788.2000122070312,796.7999877929688,True,ok,,0.0,92637.09627719622,102530.88265199044,0.9035043284629116,749.6873734095843,-895.4,-849.5873734095843,8.5999755859375,True,False
ISMN_REMEDHUS_LasArenas,sm_only,41.37338,-5.5485,-99.9,Bsk,train,747.7999877929688,737.1000366210938,750.1000366210938,True,ok,,0.0,93177.1172908588,102530.88265199044,0.9087712392676836,701.4642214495071,-847.6999877929687,-801.3642214495071,13.0,True,False
ISMN_REMEDHUS_LasBrozas,sm_only,41.44649,-5.3587,-99.9,Bsk,train,680.1000366210938,676.2000122070312,685.1000366210938,True,ok,,0.0,93481.1084645092,102530.88265199044,0.9117361135161788,674.4176906182527,-780.0000366210937,-774.3176906182526,8.9000244140625,True,False
ISMN_REMEDHUS_LasEritas,sm_only,41.20548,-5.41558,-99.9,Bsk,train,836.5,831.2999877929688,848.1000366210938,True,ok,,0.0,92397.3806455292,102530.88265199044,0.9011663437946174,771.1666362682529,-936.4,-871.0666362682529,16.800048828125,True,False
ISMN_REMEDHUS_LasTresRayas,sm_only,41.27473,-5.5919,-99.9,Bsk,train,878.6000366210938,873.1000366210938,879.7000122070312,True,ok,,0.0,92154.41998127662,102530.88265199044,0.898796709807585,792.9827571390748,-978.5000366210937,-892.8827571390748,6.5999755859375,True,False
ISMN_REMEDHUS_LasVacas,sm_only,41.34709,-5.22474,-99.9,Bsk,oos,762.5,761.0,768.2999877929688,True,ok,,0.0,93456.61240678024,102530.88265199044,0.911497199570494,676.5944996741574,-862.4,-776.4944996741574,7.29998779296875,True,False
ISMN_REMEDHUS_LasVictorias,sm_only,41.42413,-5.37403,-99.9,Bsk,train,743.7999877929688,735.7999877929688,751.2999877929688,True,ok,,0.0,93494.68490296153,102530.88265199044,0.9118685266789373,673.2114376960644,-843.6999877929687,-773.1114376960644,15.5,True,False
ISMN_REMEDHUS_LlanosdelaBoveda,sm_only,41.35757,-5.33113,-99.9,Bsk,train,803.2999877929688,799.1000366210938,803.7999877929688,True,ok,,0.0,93273.90373018362,102530.88265199044,0.9097152127985983,692.8452499566047,-903.1999877929687,-792.7452499566047,4.699951171875,True,False
ISMN_REMEDHUS_Paredinas,sm_only,41.45586,-5.411,-99.9,Bsk,train,668.7000122070312,665.7000122070312,671.5,True,ok,,0.0,93479.1240341298,102530.88265199044,0.911716759051182,674.5940171470089,-768.6000122070312,-774.4940171470089,5.79998779296875,True,False
ISMN_REMEDHUS_Zamarron,sm_only,41.23923,-5.54427,-99.9,Bsk,oos,850.0,846.9000244140625,852.4000244140625,True,ok,,0.0,92115.43117016424,102530.88265199044,0.898416445733933,796.4880075183897,-949.9,-896.3880075183897,5.5,True,False
ISMN_ROMPS_AbramovGlacier,sm_only,39.64848,71.58556,4091.6,Bwk,train,4105.0,4023.0,4125.30029296875,True,ok,,0.0,63571.35561844206,60907.93898257797,1.043728562817171,3762.588400645703,-13.400000000000091,329.0115993542968,102.30029296875,False,False
ISMN_ROMPS_Baytik,sm_only,42.64932,74.49644,0.0,Dsa,oos,1583.7000732421875,1578.300048828125,1603.2000732421875,True,ok,,0.0,83619.88273765397,101325.0,0.8252640783385539,1590.624814372235,-1583.7000732421875,-1590.624814372235,24.9000244140625,True,False
ISMN_ROMPS_GolubinGlacier,sm_only,42.48161,74.48417,3305.0,Dsa,train,3294.400146484375,3258.400146484375,3341.400146484375,True,ok,,0.0,68049.53249860968,67431.6703195791,1.009162789177583,3233.741993575719,10.599853515625,71.25800642428112,83.0,False,False
ISMN_ROMPS_Kokomeren,sm_only,41.84843,74.33435,1442.6,Dsb,train,1477.4000244140625,1472.9000244140625,1488.0,True,ok,,0.0,80738.29423756844,85153.27946372866,0.9481524933159996,1874.8467269916923,-34.80002441406259,-432.2467269916924,15.0999755859375,False,False
ISMN_ROMPS_Maidanak,sm_only,38.6738,66.8969,2551.3,Bsk,train,2579.800048828125,2560.699951171875,2590.800048828125,True,ok,,0.0,78992.29647079455,74202.38914055776,1.0645519286604574,2051.0819402373413,-28.500048828124818,500.21805976265887,30.10009765625,False,False
ISMN_ROMPS_Maydantal,sm_only,41.99651,70.63916,1446.7,Dsa,train,1490.5999755859375,1482.4000244140625,1528.300048828125,True,ok,,0.0,72684.78233001985,85110.50299711882,0.8540048498183637,2715.239938708248,-43.899975585937455,-1268.5399387082477,45.9000244140625,False,False
ISMN_RSMN_Alexandria,sm_only,43.97781,25.35286,75.46,Dfb,oos,75.70000457763672,71.20000457763672,78.80000305175781,True,ok,,0.0,100711.78175799966,100421.76526084964,1.0028879844563248,51.171119820492926,-0.240004577636725,24.288880179507068,7.599998474121094,False,True
ISMN_RSMN_Bacles,sm_only,44.47617,23.1129,313.0,Cfa,train,315.3000183105469,312.3999938964844,316.70001220703125,True,ok,,0.0,98760.59713837015,97620.94679407548,1.0116742398196434,215.6876528335119,-2.300018310546875,97.31234716648811,4.300018310546875,False,False
ISMN_RSMN_Banloc,sm_only,45.3829,21.13626,83.4,Dfb,train,84.80000305175781,84.4000015258789,85.4000015258789,True,ok,,0.0,100503.94411090584,100327.10609038596,1.0017626145855398,68.57176079366131,-1.4000030517578068,14.828239206338694,1.0,False,False
ISMN_RSMN_Barlad,sm_only,46.23313,27.64438,172.0,Dfb,train,172.8000030517578,167.0,178.1999969482422,True,ok,,0.0,99781.7498930771,99275.72622874168,1.0050971539928046,129.26292727436584,-0.8000030517578125,42.737072725634164,11.199996948242188,False,True
ISMN_RSMN_Calarasi,sm_only,44.20572,27.33852,18.72,Dfa,train,20.5,20.100000381469727,20.80000114440918,True,ok,,0.0,101386.41909464216,101100.31583457872,1.0028298948198298,-5.111401357077993,-1.7800000000000011,23.831401357077993,0.7000007629394531,False,False
ISMN_RSMN_Cotnari,sm_only,47.3583,26.92546,289.0,Dfb,train,289.8000183105469,282.8000183105469,289.8000183105469,True,ok,,0.0,99641.51612159748,97901.02262884086,1.0177780930783034,141.08899324391146,-0.800018310546875,147.91100675608854,7.0,False,True
ISMN_RSMN_Darabani,sm_only,48.19477,26.57325,259.0,Dfb,train,256.1000061035156,244.90000915527344,258.3000183105469,True,ok,,0.0,99389.1413473236,98252.03204510754,1.011573392209273,162.40602614688288,2.899993896484375,96.59397385311712,13.400009155273438,False,False
ISMN_RSMN_Dumbraveni,sm_only,46.22786,24.59161,318.0,Dfc,train,320.5,319.70001220703125,321.5,True,ok,,0.0,96503.22772795965,97562.67940725003,0.9891408099313468,409.3373405458229,-2.5,-91.33734054582288,1.79998779296875,False,False
ISMN_RSMN_Iasi,sm_only,47.16315,27.62546,74.29,Dfb,oos,72.9000015258789,64.20000457763672,78.0999984741211,True,ok,,0.0,100589.76432648122,100435.71988972032,1.0015337614638502,61.383168537444696,1.3899984741211,12.90683146255531,13.899993896484375,False,False
ISMN_RSMN_Oradea,sm_only,47.0358,21.89612,136.0,Dfb,train,136.3000030517578,135.60000610351562,136.40000915527344,True,ok,,0.0,99977.95903383812,99701.84195015563,1.0027694281096684,112.738965440496,-0.3000030517578125,23.261034559503997,0.8000030517578125,False,True
ISMN_RSMN_RosioriideVede,sm_only,44.10711,24.97872,102.15,Dfb,train,105.9000015258789,103.9000015258789,107.0999984741211,True,ok,,0.0,100536.18431681272,100103.85889166234,1.0043187688260675,65.87062914933438,-3.7500015258789006,36.27937085066563,3.1999969482421875,False,False
ISMN_RSMN_SannicolauMare,sm_only,46.07156,20.60159,85.0,Dfa,oos,86.0,85.0999984741211,86.4000015258789,True,ok,,0.0,100680.73396021484,100308.03994409522,1.0037154949526212,53.768663624836954,-1.0,31.231336375163046,1.3000030517578125,False,False
ISMN_RSMN_SatuMare,sm_only,47.72144,22.88737,123.0,Dfb,oos,124.5999984741211,124.20000457763672,124.5999984741211,True,ok,,0.0,99869.07740148836,99856.08053513328,1.0001301559833455,121.90530198987553,-1.5999984741210938,1.0946980101244748,0.399993896484375,False,False
ISMN_RSMN_Slatina,sm_only,44.44211,24.35446,172.0,Dfb,oos,175.3000030517578,150.60000610351562,175.3000030517578,True,ok,,0.0,99458.81294496168,99275.72622874168,1.0018442243957817,156.51678432279593,-3.3000030517578125,15.483215677204072,24.699996948242188,False,False
ISMN_RSMN_Tecuci,sm_only,45.84164,27.40901,60.0,Dfb,train,58.79999923706055,55.900001525878906,61.60000228881836,True,ok,,0.0,100391.79145482989,100606.28393657808,0.997868001149079,77.97354337600478,1.2000007629394531,-17.973543376004784,5.700000762939453,False,False
ISMN_SCAN_AAMU-JTG,sm_only,34.78534,-86.55906,241.0,Cfa,train,248.10000610351562,239.5,252.40000915527344,True,ok,,0.0,99103.47215894508,98463.1263596473,1.0065034071430847,186.5882485554206,-7.100006103515625,54.41175144457941,12.900009155273438,False,False
ISMN_SCAN_Abrams,sm_only,37.1313,-97.0859,363.0,Cfa,train,360.8000183105469,358.3999938964844,362.70001220703125,True,ok,,0.0,97424.92300547515,97039.53907684732,1.0039714113679234,329.8306784965448,2.199981689453125,33.169321503455194,4.300018310546875,False,False
ISMN_SCAN_AdamsRanch#1,sm_only,32.25296,-105.41975,1868.0,Bsk,train,1358.0,1354.5999755859375,1361.800048828125,True,ok,,0.0,85889.7972813441,80806.75139520646,1.0629037277006432,1372.2671401072878,510.0,495.7328598927122,7.2000732421875,True,False
ISMN_SCAN_Alcalde,sm_only,36.0908,-106.05668,1735.0,Dfb,train,1732.5999755859375,1731.300048828125,1738.800048828125,True,ok,,0.0,80737.48868042883,82145.90773574373,0.9828546656292888,1874.9273225835616,2.4000244140625,-139.9273225835616,7.5,False,False
ISMN_SCAN_AlkaliMesa,sm_only,37.67455,-109.36429,1964.0,Dsa,train,1964.300048828125,1960.2000732421875,1967.2000732421875,True,ok,,0.0,80428.77518691828,79851.17179446327,1.007233499264629,1905.8620049652163,-0.300048828125,58.13799503478367,7.0,False,True
ISMN_SCAN_AllenFarms,sm_only,35.0747,-86.8938,215.0,Cfa,train,210.60000610351562,206.1999969482422,213.3000030517578,True,ok,,0.0,98942.41908543264,98768.68857781128,1.0017589633933883,200.24646580018188,4.399993896484375,14.75353419981812,7.100006103515625,False,False
ISMN_SCAN_Ames,sm_only,42.01667,-93.73333,327.0,Dfa,train,322.6000061035156,322.20001220703125,323.20001220703125,True,ok,,0.0,97745.4758352584,97457.86907838688,1.002951088091616,302.3220975510693,4.399993896484375,24.677902448930695,1.0,False,False
ISMN_SCAN_AshValley,sm_only,41.05204,-120.6872,1554.0,Dsb,train,1556.4000244140625,1554.0,1556.7000732421875,True,ok,,0.0,82666.93621715928,83997.18244381393,0.9841632041938496,1683.7275536758805,-2.4000244140625,-129.72755367588047,2.7000732421875,False,False
ISMN_SCAN_BlueCreek,sm_only,41.93531,-112.4336,1579.0,Dfb,train,1578.4000244140625,1575.5999755859375,1583.2000732421875,True,ok,,0.0,83387.35141065562,83739.48970632184,0.995794835902378,1613.2635347547848,0.5999755859375,-34.263534754784814,7.60009765625,False,True
ISMN_SCAN_BodieHills,sm_only,38.26477,-119.12645,2385.0,Csa,train,2385.900146484375,2381.0,2402.699951171875,True,ok,,0.0,77167.25581927525,75767.95582469896,1.0184682294691147,2238.699985640043,-0.900146484375,146.300014359957,21.699951171875,False,True
ISMN_SCAN_BraggFarm,sm_only,34.89375,-86.60236,243.0,Cfa,train,241.90000915527344,240.5,243.60000610351562,True,ok,,0.0,98709.26748939518,98439.65331660512,1.0027388777154966,220.0509777512902,1.0999908447265625,22.94902224870981,3.100006103515625,False,False
ISMN_SCAN_Buckhorn,sm_only,40.87959,-119.9534,1972.0,Bwk,train,1970.2000732421875,1968.2000732421875,1972.7000732421875,True,ok,,0.0,82236.6102446396,79771.95505596278,1.0308962615614443,1726.055414027489,1.7999267578125,245.94458597251105,4.5,False,False
ISMN_SCAN_BuffaloJump,sm_only,41.34363,-111.18798,2037.0,Dfb,train,2036.7000732421875,2034.800048828125,2041.0,True,ok,,0.0,79501.89783226115,79130.67503035202,1.0046912629238502,1999.321178712563,0.2999267578125,37.678821287436904,6.199951171875,False,True
ISMN_SCAN_Bushland#1,sm_only,35.16667,-102.1,1164.0,Bsk,val,1171.2000732421875,1166.7000732421875,1174.7000732421875,True,ok,,0.0,88556.64546436517,88101.0559993014,1.0051712145773528,1121.617244315499,-7.2000732421875,42.382755684501035,8.0,False,False
ISMN_SCAN_CPER,sm_only,40.8228,-104.71068,1625.0,Bsk,train,1628.800048828125,1627.300048828125,1629.5999755859375,True,ok,,0.0,82420.0745116653,83267.00774579502,0.9898287057856658,1707.9875632741832,-3.800048828125,-82.98756327418323,2.2999267578125,False,False
ISMN_SCAN_CacheJunction,sm_only,41.81568,-111.98043,1349.0,Dfa,train,1348.300048828125,1347.0999755859375,1349.300048828125,True,ok,,0.0,85658.09538710842,86134.5804346649,0.9944681329478594,1394.3403990745555,0.699951171875,-45.340399074555535,2.2000732421875,False,True
ISMN_SCAN_CarverFarm,sm_only,38.52557,-92.13475,171.0,Dfa,train,168.90000915527344,165.6999969482422,173.0,True,ok,,0.0,99229.2918591718,99287.54282958052,0.9994133103836732,175.9305214776215,2.0999908447265625,-4.930521477621511,7.3000030517578125,False,False
ISMN_SCAN_CaveValley,sm_only,37.35524,-113.12341,1912.0,Bsk,train,1916.0999755859375,1914.0999755859375,1924.7000732421875,True,ok,,0.0,82416.09514323426,80367.63469760428,1.025488624286849,1708.379112075059,-4.0999755859375,203.62088792494092,10.60009765625,False,False
ISMN_SCAN_CentraliaLake,sm_only,39.70045,-96.1629,397.0,Dfa,train,399.3999938964844,386.8999938964844,399.3999938964844,True,ok,,0.0,97160.79530251598,96645.785867711,1.0053288348807048,352.5522054242981,-2.399993896484375,44.44779457570189,12.5,False,False
ISMN_SCAN_Charkiln,sm_only,36.36651,-115.82047,2037.0,Bwh,train,2037.9000244140625,2030.4000244140625,2044.5,True,ok,,0.0,83320.45371954558,79130.67503035202,1.0529475919115625,1619.7860096197135,-0.9000244140625,417.21399038028653,14.0999755859375,False,True
ISMN_SCAN_ChickenRidge,sm_only,41.33136,-111.3036,2331.0,Dfb,oos,2330.199951171875,2313.5,2344.699951171875,True,ok,,0.0,76825.3497403675,76282.03079796131,1.0071225023340713,2274.2474773774156,0.800048828125,56.752522622584365,31.199951171875,False,True
ISMN_SCAN_Circleville,sm_only,38.15133,-112.25122,1865.0,Bsk,oos,1869.300048828125,1867.0,1871.0999755859375,True,ok,,0.0,76893.48037250685,80836.76176928791,0.951219206330464,2267.1538263742555,-4.300048828125,-402.15382637425546,4.0999755859375,False,False
ISMN_SCAN_ConradAgRc,sm_only,48.30453,-111.92363,1130.0,Bsk,val,1125.4000244140625,1123.2000732421875,1129.2000732421875,True,ok,,0.0,89175.39066776136,88466.38481343647,1.0080144097198058,1064.3381962547364,4.5999755859375,65.66180374526357,6.0,False,False
ISMN_SCAN_CrescentLake#1,sm_only,45.41667,-93.95,299.0,Dfb,val,298.0,297.20001220703125,299.3999938964844,True,ok,,0.0,97877.74449082946,97784.24540077311,1.0009561774463067,290.9926088457752,1.0,8.00739115422482,2.199981689453125,False,False
ISMN_SCAN_Crossroads,sm_only,33.53513,-103.242,1236.0,Bsk,oos,1236.2000732421875,1235.9000244140625,1236.9000244140625,True,ok,,0.0,87483.29194968176,87331.45042038609,1.001738680951304,1221.753984088266,-0.2000732421875,14.246015911734048,1.0,False,True
ISMN_SCAN_Cullman-NAHRC,sm_only,34.19492,-86.79897,244.0,Cfa,train,240.0,234.6999969482422,242.1999969482422,True,ok,,0.0,98800.06074606434,98427.91849438676,1.0037808607290502,212.3342603224117,4.0,31.665739677588306,7.5,False,False
ISMN_SCAN_DeepSprings,sm_only,37.37222,-117.97383,1646.0,Bwk,oos,1652.800048828125,1641.800048828125,1674.5,True,ok,,0.0,81075.42554920613,83052.02837028191,0.9762004268906808,1841.173922112289,-6.800048828125,-195.1739221122889,32.699951171875,False,False
ISMN_SCAN_Dexter,sm_only,36.78333,-89.93333,93.0,Cfa,oos,91.5999984741211,90.70000457763672,92.0999984741211,True,ok,,0.0,100394.48160834018,100212.75321645122,1.001813425797178,77.74792766705367,1.4000015258789062,15.252072332946327,1.399993896484375,False,False
ISMN_SCAN_DoeRidge,sm_only,37.63423,-118.82643,2237.0,Csa,oos,2238.60009765625,2226.199951171875,2238.60009765625,True,ok,,0.0,76506.06918542978,77183.63759162695,0.9912213465529814,2307.558480549499,-1.60009765625,-70.55848054949911,12.400146484375,False,False
ISMN_SCAN_EagleLake,sm_only,40.6175,-120.72472,1565.0,Dsb,train,1568.4000244140625,1565.9000244140625,1571.300048828125,True,ok,,0.0,82785.5046182266,83883.71864828843,0.9869079000340164,1672.0962484109953,-3.4000244140625,-107.09624841099526,5.4000244140625,False,False
ISMN_SCAN_Eastland,sm_only,37.77853,-109.17193,2084.0,Dfa,train,2083.199951171875,2076.800048828125,2085.0,True,ok,,0.0,80034.45360163278,78669.5858802343,1.017349369595975,1945.5152037578614,0.800048828125,138.4847962421386,8.199951171875,False,True
ISMN_SCAN_EastviewFarm,sm_only,35.13905,-86.19113,321.0,Cfa,val,318.5,316.8999938964844,322.5,True,ok,,0.0,98438.8148617196,97527.73249475908,1.0093417773965934,243.07144695448437,2.5,77.92855304551563,5.600006103515625,False,False
ISMN_SCAN_ElsberryPMC,sm_only,39.15306,-90.78278,138.0,Dfa,train,150.40000915527344,140.3000030517578,153.0,True,ok,,0.0,99538.26318478178,99678.13006896128,0.9985968147267338,149.80504299676605,-12.400009155273438,-11.805042996766048,12.699996948242188,False,False
ISMN_SCAN_Enterprise,sm_only,37.63343,-113.64324,1600.0,Bsk,val,1599.4000244140625,1597.800048828125,1599.7000732421875,True,ok,,0.0,84316.00592352875,83523.5228560953,1.0094881422662074,1523.1552220208912,0.5999755859375,76.84477797910881,1.9000244140625,False,True
ISMN_SCAN_Ephraim,sm_only,39.36798,-111.57803,1686.0,Bsk,val,1691.5999755859375,1689.0,1691.5999755859375,True,ok,,0.0,80381.615751491,82643.78718435984,0.9726274471446664,1910.5960854620967,-5.5999755859375,-224.59608546209665,2.5999755859375,False,False
ISMN_SCAN_ErosDataCenter,sm_only,43.73835,-96.61455,488.0,Dfa,oos,486.3999938964844,484.3000183105469,488.3000183105469,True,ok,,0.0,96071.58488955996,95598.27807112092,1.0049509973190824,446.78300542962063,1.600006103515625,41.21699457037937,4.0,False,False
ISMN_SCAN_EvergladesARS,sm_only,25.5,-80.55,3.0,Aw,train,3.200000047683716,2.9000000953674316,3.4000000953674316,True,ok,,0.0,101652.96029046884,101288.96574192832,1.0035936248916584,-27.264404130945216,-0.20000004768371582,30.264404130945216,0.5,False,True
ISMN_SCAN_FortAssiniboine#1,sm_only,48.48333,-109.8,826.0,Bsk,oos,838.6000366210938,837.4000244140625,842.2999877929688,True,ok,,0.0,91665.33348840692,91787.69936309794,0.9986668597694452,837.040829709735,-12.60003662109375,-11.040829709735021,4.89996337890625,False,False
ISMN_SCAN_FortReno#1,sm_only,35.55,-98.01667,427.0,Cfa,train,420.1000061035156,420.0,421.3999938964844,True,ok,,0.0,96624.98538030458,96299.43187944264,1.0033806378138297,398.79920800719736,6.899993896484375,28.200791992802635,1.399993896484375,False,False
ISMN_SCAN_Fortuna,sm_only,18.02502,-66.5279,28.0,Am,train,24.5,22.5,24.80000114440918,True,ok,,0.0,97476.71424498176,100989.08360561704,0.9652203066387668,325.3811991448281,3.5,-297.3811991448281,2.3000011444091797,False,False
ISMN_SCAN_FrenchGulch,sm_only,40.79361,-122.55083,1129.0,Csa,oos,1130.800048828125,1072.5999755859375,1140.4000244140625,True,ok,,0.0,91484.61475979636,88477.1483184981,1.0339914486221014,853.3685698458827,-1.800048828125,275.6314301541173,67.800048828125,False,False
ISMN_SCAN_Geneva#1,sm_only,42.88333,-77.03333,221.0,Dfb,train,214.10000610351562,206.6999969482422,217.90000915527344,True,ok,,0.0,98882.00730450034,98698.10616228756,1.0018632692091416,205.37437169128845,6.899993896484375,15.625628308711555,11.20001220703125,False,False
ISMN_SCAN_GlacialRidge,sm_only,47.71667,-96.26667,343.0,Dfb,oos,348.20001220703125,347.70001220703125,348.3999938964844,True,ok,,0.0,97814.3080591355,97271.76473164032,1.0055776034185455,296.424716457254,-5.20001220703125,46.57528354274598,0.699981689453125,False,False
ISMN_SCAN_GoodwinCkTimber,sm_only,34.23333,-89.9,98.0,Cfa,oos,89.0999984741211,87.0,97.0999984741211,True,ok,,0.0,100723.11979665686,100153.23624114506,1.0056901162348828,50.222710080725115,8.900001525878906,47.777289919274885,10.099998474121094,False,False
ISMN_SCAN_Goshute,sm_only,39.99003,-114.00025,1672.0,Bsk,oos,1673.9000244140625,1670.0,1676.0999755859375,True,ok,,0.0,81550.86893209816,82786.48633936107,0.9850746485096876,1793.8786274850936,-1.9000244140625,-121.8786274850936,6.0999755859375,False,False
ISMN_SCAN_Grantsville,sm_only,40.59089,-112.39258,1322.0,Dfa,train,1321.7000732421875,1320.9000244140625,1325.300048828125,True,ok,,0.0,86880.00402121834,86419.3431215024,1.0053305299841062,1278.4742166895983,0.2999267578125,43.52578331040172,4.4000244140625,False,True
ISMN_SCAN_GreenRiver,sm_only,39.01825,-110.16264,1251.0,Bwk,oos,1252.0999755859375,1249.9000244140625,1252.0999755859375,True,ok,,0.0,83379.32925596766,87171.80324742144,0.9564942578887632,1614.0454652061312,-1.0999755859375,-363.0454652061312,2.199951171875,False,False
ISMN_SCAN_GrouseCreek,sm_only,41.77846,-113.82048,1779.0,Bsk,train,1775.800048828125,1772.300048828125,1781.800048828125,True,ok,,0.0,81063.71697491787,81700.90459644808,0.9922009722575592,1842.3414768204643,3.199951171875,-63.34147682046432,9.5,False,False
ISMN_SCAN_HalsCanyon,sm_only,38.59445,-113.75102,1603.0,Bsk,oos,1604.800048828125,1601.9000244140625,1607.4000244140625,True,ok,,0.0,81624.69209522879,83492.70730112093,0.9776266063674874,1786.555018378958,-1.800048828125,-183.55501837895804,5.5,False,False
ISMN_SCAN_HarmsWay,sm_only,38.31347,-109.23998,2150.0,Bsk,train,2151.300048828125,2144.400146484375,2158.199951171875,True,ok,,0.0,76701.79124820353,78025.77380560065,0.9830314716173684,2287.1251935871164,-1.300048828125,-137.12519358711643,13.7998046875,False,False
ISMN_SCAN_Hodges,sm_only,34.4448,-86.16557,223.0,Cfa,train,193.8000030517578,193.60000610351562,200.1999969482422,True,ok,,0.0,98699.01245892662,98674.58776879712,1.0002475276632188,220.92293641725638,29.199996948242188,2.0770635827436195,6.5999908447265625,False,False
ISMN_SCAN_Holden,sm_only,39.19216,-112.40155,1446.0,Dfa,train,1448.300048828125,1447.0,1448.9000244140625,True,ok,,0.0,85596.25051327675,85117.80506425304,1.005620979637134,1400.2402722149204,-2.300048828125,45.759727785079576,1.9000244140625,False,False
ISMN_SCAN_HubbardBrook,sm_only,43.94843,-71.72644,451.0,Dfb,train,457.8999938964844,432.1000061035156,480.8999938964844,True,ok,,0.0,95073.15708407472,96023.07294901904,0.9901074206878524,533.9229455317142,-6.899993896484375,-82.92294553171416,48.79998779296875,False,False
ISMN_SCAN_IsbellFarms,sm_only,34.81982,-87.98685,184.0,Cfa,train,184.10000610351562,179.90000915527344,187.40000915527344,True,ok,,0.0,99645.2942399445,99134.01582038528,1.0051574468695543,140.77020382536065,-0.100006103515625,43.22979617463935,7.5,False,True
ISMN_SCAN_JohnsonFarm,sm_only,40.37042,-101.7201,1018.0,Bsk,oos,1017.1000366210938,1016.2999877929688,1018.7000122070312,True,ok,,0.0,89787.33511775776,89678.50696604945,1.00121353661418,1008.004373176658,0.89996337890625,9.995626823342036,2.4000244140625,False,True
ISMN_SCAN_Jordan,sm_only,47.522,-107.12731,860.0,Bsk,train,860.0,857.0,862.4000244140625,True,ok,,0.0,91977.9082132836,91411.29918198728,1.0061984572625784,808.8614723578172,0.0,51.138527642182794,5.4000244140625,False,True
ISMN_SCAN_JornadaExpRange,sm_only,32.5566,-106.69997,1329.0,Bsk,train,1328.7000732421875,1327.4000244140625,1329.300048828125,True,ok,,0.0,86426.0971965654,86345.44266835465,1.0009340913164408,1321.3604821548256,0.2999267578125,7.639517845174396,1.9000244140625,False,True
ISMN_SCAN_JournaganRanch,sm_only,36.9973,-92.2594,337.0,Cfa,train,335.3999938964844,326.70001220703125,338.3000183105469,True,ok,,0.0,97609.93066245897,97341.52010847584,1.002757410750151,313.94512325067217,1.600006103515625,23.054876749327832,11.600006103515625,False,False
ISMN_SCAN_KnoxCity,sm_only,33.44635,-99.86657,441.0,Cfa,train,448.0,447.20001220703125,448.0,True,ok,,0.0,96226.08943031478,96138.14435045452,1.00091477821269,433.36387910338635,-7.0,7.636120896613647,0.79998779296875,False,False
ISMN_SCAN_KoptisFarms,sm_only,30.5238,-87.69797,41.0,Cfa,train,41.60000228881836,40.20000076293945,42.60000228881836,True,ok,,0.0,101245.2793060446,100833.42925724134,1.0040844594083236,6.6382344329297585,-0.6000022888183594,34.36176556707024,2.4000015258789062,False,True
ISMN_SCAN_KyleCanyon,sm_only,36.26527,-115.60852,2148.0,Bwh,oos,2143.5,2120.5,2150.0,True,ok,,0.0,76619.91126086436,78045.22037207222,0.9817373939824522,2295.6682812853164,4.5,-147.66828128531643,29.5,False,False
ISMN_SCAN_LTSP,sm_only,37.18167,-91.11778,268.0,Cfa,train,261.5,246.40000915527344,271.6000061035156,True,ok,,0.0,98460.00707232338,98146.62239588267,1.0031930255855026,241.26575388977332,6.5,26.734246110226678,25.199996948242188,False,False
ISMN_SCAN_Lehman,sm_only,33.62647,-102.7453,1148.0,Bsk,train,1147.7000732421875,1146.5999755859375,1147.7000732421875,True,ok,,0.0,88601.69107057335,88272.82295685727,1.003725587363132,1117.4363222373422,0.2999267578125,30.56367776265779,1.10009765625,False,True
ISMN_SCAN_Levelland,sm_only,33.55125,-102.37392,1070.0,Bsk,train,1069.300048828125,1067.300048828125,1069.9000244140625,True,ok,,0.0,89406.95138215671,89114.07473306997,1.003286536385683,1042.9846849662065,0.699951171875,27.015315033793513,2.5999755859375,False,True
ISMN_SCAN_Lind#1,sm_only,47.0,-118.56667,500.0,Bsk,train,501.6000061035156,494.8000183105469,503.8999938964844,True,ok,,0.0,95729.29824587668,95460.83402866428,1.0028122970005875,476.573855668107,-1.600006103515625,23.426144331893,9.0999755859375,False,False
ISMN_SCAN_LittleRedFox,sm_only,40.17957,-110.30464,1644.0,Bsk,oos,1643.300048828125,1641.4000244140625,1647.300048828125,True,ok,,0.0,80694.4739554818,83072.48321236386,0.9713742846617092,1879.2318704443628,0.699951171875,-235.2318704443628,5.9000244140625,False,True
ISMN_SCAN_LittleRiver,sm_only,31.5,-83.55,107.0,Cfa,train,102.5,98.5,104.9000015258789,True,ok,,0.0,100622.48987796532,100046.17781454956,1.0057604605793542,58.64327328272787,4.5,48.35672671727213,6.400001525878906,False,False
ISMN_SCAN_LosLunasPMC,sm_only,34.7715,-106.76288,1477.0,Bsk,oos,1477.0999755859375,1475.7000732421875,1477.5999755859375,True,ok,,0.0,83225.40661094713,84794.91362520632,0.9814905523555764,1629.0603278866447,-0.0999755859375,-152.0603278866447,1.89990234375,False,True
ISMN_SCAN_LovellSummit,sm_only,36.16555,-115.61195,2006.0,Bwh,train,2013.9000244140625,2007.5999755859375,2031.4000244140625,True,ok,,0.0,81487.85387866138,79435.99350737061,1.0258303607809771,1800.134268767623,-7.9000244140625,205.8657312323769,23.800048828125,False,False
ISMN_SCAN_LovelockNNR,sm_only,40.09247,-118.49345,1199.0,Bwk,train,1196.2000732421875,1195.9000244140625,1196.5,True,ok,,0.0,87159.83174261084,87726.25922740466,0.993543239050858,1252.1257052825056,2.7999267578125,-53.12570528250558,0.5999755859375,False,False
ISMN_SCAN_LyeBrook,sm_only,43.05753,-73.03834,742.0,Dfb,train,741.2000122070312,731.1000366210938,744.1000366210938,True,ok,,0.0,95152.84070467572,92723.01215750077,1.0262052374123445,526.9412462985194,0.79998779296875,215.05875370148055,13.0,False,True
ISMN_SCAN_MahantangoCk,sm_only,40.66667,-76.66667,223.0,Dfa,train,240.3000030517578,235.8000030517578,241.5,True,ok,,0.0,98869.01556084624,98674.58776879712,1.0019703937603943,206.4774754167456,-17.300003051757812,16.52252458325441,5.6999969482421875,False,False
ISMN_SCAN_MammothCave,sm_only,37.1864,-86.04093,244.0,Cfa,train,241.10000610351562,219.6999969482422,241.1999969482422,True,ok,,0.0,99139.68002531472,98427.91849438676,1.0072312971950996,183.52009020601977,2.899993896484375,60.47990979398023,21.5,False,False
ISMN_SCAN_Mandan#1,sm_only,46.76667,-100.91667,588.0,Dfb,train,587.5,585.2000122070312,590.2999877929688,True,ok,,0.0,94988.10326272926,94457.79237432333,1.0056142629959464,541.3803995874713,0.5,46.61960041252871,5.0999755859375,False,True
ISMN_SCAN_Manderfield,sm_only,38.36649,-112.64291,1885.0,Dfb,train,1886.7000732421875,1883.4000244140625,1888.9000244140625,True,ok,,0.0,80638.0825577084,80636.86296557114,1.0000151244988014,1884.8778573853745,-1.7000732421875,0.12214261462554532,5.5,False,False
ISMN_SCAN_MarbleCreek,sm_only,37.77767,-118.4209,1885.0,Bwk,val,1890.0,1881.0999755859375,1900.2000732421875,True,ok,,0.0,79935.27622554051,80636.86296557114,0.9912994291416052,1955.5134283450307,-5.0,-70.51342834503066,19.10009765625,False,False
ISMN_SCAN_MaricaoForest,sm_only,18.15,-67.00468,747.0,Af,train,513.2999877929688,484.5,551.4000244140625,True,ok,,0.0,100276.03584768476,92667.12365825984,1.0821101582637362,87.68628544206864,233.70001220703125,659.3137145579313,66.9000244140625,True,False
ISMN_SCAN_Mason#1,sm_only,40.31667,-89.9,174.0,Dfa,oos,150.8000030517578,149.40000915527344,152.1999969482422,True,ok,,0.0,99886.07697463493,99252.0964433538,1.006387578237634,120.47363872890132,23.199996948242188,53.52636127109868,2.79998779296875,False,False
ISMN_SCAN_Mayday,sm_only,32.86153,-90.51989,33.0,Cfa,train,31.100000381469727,30.0,31.399999618530273,True,ok,,0.0,101344.28518404489,100929.19354016356,1.0041127014823137,-1.6052159050804247,1.8999996185302734,34.60521590508043,1.3999996185302734,False,False
ISMN_SCAN_McAllisterFarm,sm_only,35.06445,-86.59137,278.0,Cfa,oos,290.0,285.20001220703125,291.1000061035156,True,ok,,0.0,98976.30666575418,98029.60798205988,1.0096572729727489,197.37111148320324,-12.0,80.62888851679676,5.899993896484375,False,False
ISMN_SCAN_MccrackenMesa,sm_only,37.44671,-109.33776,1620.0,Bsk,train,1616.800048828125,1614.0,1618.0999755859375,True,ok,,0.0,82812.79557256022,83318.2596660847,0.9939333335147632,1669.420974350577,3.199951171875,-49.4209743505769,4.0999755859375,False,False
ISMN_SCAN_Milford,sm_only,38.34196,-113.01053,1526.0,Bsk,oos,1523.9000244140625,1523.7000732421875,1524.5,True,ok,,0.0,82645.19323372912,84286.56024986593,0.9805263495001932,1685.861959155301,2.0999755859375,-159.86195915530107,0.7999267578125,False,False
ISMN_SCAN_Moccasin,sm_only,47.05818,-109.95082,1297.0,Bsk,train,1293.4000244140625,1293.0999755859375,1295.0999755859375,True,ok,,0.0,86583.83907490419,86683.69151629695,0.9988480827287564,1306.435996839788,3.5999755859375,-9.435996839788004,2.0,False,False
ISMN_SCAN_MonoclineRidge,sm_only,36.54417,-120.55463,267.0,Bwk,train,272.0,268.6000061035156,292.20001220703125,True,ok,,0.0,98752.38409201072,98158.33005501394,1.0060519982019238,216.38568711399205,-5.0,50.61431288600795,23.600006103515625,False,False
ISMN_SCAN_Morgan,sm_only,40.9999,-111.68555,1558.0,Dsb,train,1559.300048828125,1558.4000244140625,1560.300048828125,True,ok,,0.0,79951.35595315494,83955.90851214445,0.9523017184858378,1953.891724134475,-1.300048828125,-395.891724134475,1.9000244140625,False,False
ISMN_SCAN_MorrisFarms,sm_only,32.41222,-85.91028,67.0,Cfa,oos,67.80000305175781,65.9000015258789,68.5999984741211,True,ok,,0.0,100551.4343784209,100522.70333741006,1.000285816438048,64.59320100971956,-0.8000030517578125,2.4067989902804356,2.6999969482421875,False,True
ISMN_SCAN_MountainHome,sm_only,40.37263,-110.40602,2111.0,Bsk,train,2112.800048828125,2108.800048828125,2113.199951171875,True,ok,,0.0,77473.31533939706,78405.69034968571,0.9881083247130368,2206.987425274216,-1.800048828125,-95.9874252742161,4.39990234375,False,False
ISMN_SCAN_MtVernon,sm_only,37.06667,-93.88333,351.0,Cfa,oos,377.8999938964844,377.6000061035156,379.3999938964844,True,ok,,0.0,97370.95841457992,97178.82053119426,1.001977158009692,334.4689124333144,-26.899993896484375,16.531087566685585,1.79998779296875,False,False
ISMN_SCAN_NPiedmontArec,sm_only,38.23333,-78.11667,158.0,Cfa,oos,170.60000610351562,152.3000030517578,177.8000030517578,True,ok,,0.0,100379.18906977144,99441.26230870368,1.0094319675685135,79.03053562406888,-12.600006103515625,78.96946437593112,25.5,False,False
ISMN_SCAN_Nacogdoches,sm_only,31.504,-94.75994,75.0,Cfa,oos,80.20000457763672,76.5999984741211,81.80000305175781,True,ok,,0.0,100421.42069841867,100427.2515088331,0.99994193995826,75.4888908639711,-5.200004577636719,-0.4888908639710934,5.200004577636719,False,False
ISMN_SCAN_Nephi,sm_only,39.64554,-111.87044,1599.0,Dfa,val,1601.4000244140625,1598.300048828125,1603.800048828125,True,ok,,0.0,82437.26221170956,83533.7967540581,0.9868731628998384,1706.296560345913,-2.4000244140625,-107.2965603459129,5.5,False,False
ISMN_SCAN_NorthIssaquena,sm_only,32.9972,-91.05993,34.0,Cfa,train,32.900001525878906,32.20000076293945,33.0,True,ok,,0.0,101328.94710880474,100917.21897892262,1.0040798600481462,-0.3285605211717621,1.0999984741210938,34.32856052117176,0.7999992370605469,False,False
ISMN_SCAN_Nunn#1,sm_only,40.85989,-104.74033,1798.0,Bsk,train,1668.0999755859375,1666.300048828125,1670.0,True,ok,,0.0,82367.27613791924,81509.34861027451,1.0105255107821656,1713.1838902557217,129.9000244140625,84.81610974427826,3.699951171875,True,False
ISMN_SCAN_Onward,sm_only,32.75358,-90.94208,30.0,Cfa,train,31.100000381469727,30.700000762939453,31.30000114440918,True,ok,,0.0,101311.57841585684,100965.1241272476,1.0034314253719194,1.117301033504432,-1.1000003814697266,28.882698966495568,0.6000003814697266,False,False
ISMN_SCAN_OrchardRangeSite,sm_only,43.32268,-115.99643,975.0,Bsk,train,972.6000366210938,972.2000122070312,974.9000244140625,True,ok,,0.0,89404.03419359255,90147.43251843171,0.9917535274819148,1043.2534165956815,2.39996337890625,-68.25341659568153,2.70001220703125,False,False
ISMN_SCAN_Panguitch,sm_only,37.86975,-112.43437,1992.0,Bsk,train,1992.9000244140625,1990.0999755859375,1994.9000244140625,True,ok,,0.0,77640.9227366054,79574.19158013463,0.9757048258343616,2189.663639826916,-0.9000244140625,-197.6636398269161,4.800048828125,False,True
ISMN_SCAN_ParkValley,sm_only,41.77318,-113.28596,1554.0,Bsk,train,1552.5999755859375,1551.300048828125,1556.0999755859375,True,ok,,0.0,82747.04015020042,83997.18244381393,0.9851168544319956,1675.8680510062457,1.4000244140625,-121.86805100624565,4.7999267578125,False,False
ISMN_SCAN_PeeDee,sm_only,34.3,-79.73333,37.0,Cfa,val,35.10000228881836,33.10000228881836,40.900001525878906,True,ok,,0.0,101290.9121865223,100881.30219737736,1.0040603162352475,2.837928414107835,1.8999977111816406,34.162071585892164,7.799999237060547,False,False
ISMN_SCAN_PerdidoRivFarms,sm_only,31.10923,-87.55277,91.0,Cfa,train,92.0,91.0999984741211,92.30000305175781,True,ok,,0.0,100919.73981424466,100236.5680240487,1.006815594384996,33.78947613394559,-1.0,57.21052386605441,1.2000045776367188,False,False
ISMN_SCAN_Perthshire,sm_only,33.9737,-90.90496,61.0,Cfa,train,47.0,46.79999923706055,47.20000076293945,True,ok,,0.0,101171.8080484432,100594.34040699142,1.0057405579589809,12.759835583499568,14.0,48.240164416500434,0.40000152587890625,False,False
ISMN_SCAN_Phillipsburg,sm_only,39.78638,-99.32953,605.0,Dfa,train,604.4000244140625,600.5,607.2999877929688,True,ok,,0.0,94263.52301404667,94265.01022879382,0.99998422304582,605.131255608798,0.5999755859375,-0.13125560879802833,6.79998779296875,False,True
ISMN_SCAN_PineNut,sm_only,36.57285,-115.20422,2067.0,Bwh,val,2060.800048828125,2048.60009765625,2078.900146484375,True,ok,,0.0,82671.47370875548,78836.11097600183,1.0486498215763225,1683.2821869952802,6.199951171875,383.7178130047198,30.300048828125,False,False
ISMN_SCAN_PowderMill,sm_only,39.01667,-76.85,32.0,Cfa,val,42.79999923706055,41.60000228881836,44.0,True,ok,,0.0,100626.82321892964,100941.16925190832,0.9968858491009336,58.28052523565253,-10.799999237060547,-26.280525235652533,2.3999977111816406,False,False
ISMN_SCAN_PowellGardens,sm_only,38.86667,-94.03333,293.0,Dfa,train,281.70001220703125,279.3999938964844,283.3000183105469,True,ok,,0.0,98349.766804716,97854.29819432583,1.0050633300686111,250.66227376678845,11.29998779296875,42.337726233211555,3.9000244140625,False,False
ISMN_SCAN_PrairieView#1,sm_only,30.08333,-95.98333,82.0,Cfa,train,82.5999984741211,82.0,83.5,True,ok,,0.0,100763.17379069712,100343.79137549804,1.004179455544287,46.87294619469291,-0.5999984741210938,35.12705380530709,1.5,False,True
ISMN_SCAN_Price,sm_only,39.53288,-110.80604,1718.0,Dfb,train,1718.5999755859375,1717.300048828125,1724.0999755859375,True,ok,,0.0,79953.50783602518,82318.36549950189,0.97127180977019,1953.6747182620043,-0.5999755859375,-235.67471826200426,6.7999267578125,False,True
ISMN_SCAN_Princeton#1,sm_only,37.1,-87.83333,187.0,Cfa,train,184.5,181.6999969482422,184.8000030517578,True,ok,,0.0,99892.02335908989,99098.6138241017,1.0080062626950208,119.97289507493207,2.5,67.02710492506793,3.100006103515625,False,False
ISMN_SCAN_ReeseCenter,sm_only,33.61536,-102.03869,1016.0,Bsk,train,1014.7000122070312,1012.7000122070312,1014.7999877929688,True,ok,,0.0,90024.57609346487,89700.27356691602,1.003615401755792,986.2482676692388,1.29998779296875,29.75173233076123,2.0999755859375,False,False
ISMN_SCAN_ReynoldsHomestead,sm_only,36.63333,-80.13333,344.0,Cfa,train,325.8999938964844,318.8999938964844,338.1000061035156,True,ok,,0.0,96943.88240604463,97260.14277172249,0.9967483045298408,371.2495230004291,18.100006103515625,-27.24952300042912,19.20001220703125,False,False
ISMN_SCAN_RiverRoadFarms,sm_only,31.01912,-85.03693,33.0,Cfa,train,36.29999923706055,34.70000076293945,39.0,True,ok,,0.0,101149.45462226214,100929.19354016356,1.0021823327262684,14.623029939300572,-3.299999237060547,18.376970060699428,4.299999237060547,False,False
ISMN_SCAN_RockSpringsPa,sm_only,40.71667,-77.93333,372.0,Dfa,train,377.6000061035156,373.70001220703125,379.3000183105469,True,ok,,0.0,96451.19145735091,96935.18410158833,0.9950070487953044,413.8443671433837,-5.600006103515625,-41.84436714338369,5.600006103515625,False,False
ISMN_SCAN_RogersFarm#1,sm_only,40.85,-96.46667,370.0,Dfa,val,364.70001220703125,364.70001220703125,368.1000061035156,True,ok,,0.0,97199.88676508324,96958.36623936889,1.0024909714868555,349.1862200975788,5.29998779296875,20.813779902421174,3.399993896484375,False,False
ISMN_SCAN_SanAngelo,sm_only,31.5496,-100.50748,600.0,Bsh,train,600.7999877929688,599.7999877929688,602.0,True,ok,,0.0,94163.28839643626,94321.67775670798,0.9983207533619124,613.9814283884602,-0.79998779296875,-13.981428388460245,2.20001220703125,False,True
ISMN_SCAN_SandyRidge,sm_only,33.65911,-90.57297,42.0,Cfa,train,40.29999923706055,40.0,40.5,True,ok,,0.0,101305.14580481796,100821.46389698742,1.0047974100864547,1.6528364174902697,1.7000007629394531,40.34716358250973,0.5,False,False
ISMN_SCAN_Scott,sm_only,33.61962,-91.10184,50.0,Cfa,train,43.0,42.70000076293945,43.400001525878906,True,ok,,0.0,101171.10102341184,100725.78239860304,1.0044210986919568,12.818762162324372,7.0,37.181237837675624,0.7000007629394531,False,False
ISMN_SCAN_SellersLake#1,sm_only,29.1,-81.63333,23.0,Cfa,train,18.899999618530273,18.899999618530273,23.899999618530273,True,ok,,0.0,101426.1769651936,101049.00244423846,1.0037325902466308,-8.41878218820357,4.100000381469727,31.418782188203572,5.0,False,False
ISMN_SCAN_Selma,sm_only,32.40392,-86.89137,43.0,Cfa,train,42.0,39.70000076293945,45.70000076293945,True,ok,,0.0,100807.8318815238,100809.4996864764,0.9999834558751128,43.139407130939084,1.0,-0.13940713093908386,6.0,False,False
ISMN_SCAN_Sevilleta,sm_only,34.35813,-106.69127,1595.0,Bsk,train,1600.5999755859375,1598.0999755859375,1601.5,True,ok,,0.0,84013.95182559035,83574.9025795122,1.0052533623435629,1552.3752756635438,-5.5999755859375,42.62472433645621,3.4000244140625,False,False
ISMN_SCAN_ShagbarkHills,sm_only,42.43333,-95.76667,427.0,Dfa,train,403.70001220703125,400.20001220703125,410.0,True,ok,,0.0,96908.72259852216,96299.43187944264,1.0063270437549652,374.2833951426567,23.29998779296875,52.71660485734333,9.79998779296875,False,False
ISMN_SCAN_Shenandoah,sm_only,37.91667,-79.2,537.0,Cfa,train,506.8999938964844,494.3999938964844,538.7999877929688,True,ok,,0.0,95334.32218008667,95038.05516521136,1.0031173514058165,511.05790090656586,30.100006103515625,25.942099093434138,44.399993896484375,False,False
ISMN_SCAN_Sidney,sm_only,47.77102,-104.247,693.0,Bsk,train,690.0,689.6000366210938,690.4000244140625,True,ok,,0.0,93235.116118271,93272.16525257888,0.9996027846656336,696.298472558569,3.0,-3.2984725585689603,0.79998779296875,False,False
ISMN_SCAN_SilverCity,sm_only,33.0875,-90.51151,35.0,Cfa,oos,34.0,33.70000076293945,34.5,True,ok,,0.0,101340.34999786154,100905.24556810105,1.004312010018021,-1.2776879931614449,1.0,36.27768799316144,0.7999992370605469,False,False
ISMN_SCAN_SinkinForest,sm_only,37.50138,-91.2594,405.0,Dfa,train,404.70001220703125,397.0,407.20001220703125,True,ok,,0.0,97258.90292990142,96553.32633598472,1.007307636315516,344.10668666991427,0.29998779296875,60.89331333008573,10.20001220703125,False,True
ISMN_SCAN_Spickard,sm_only,40.25,-93.71667,278.0,Dfa,train,265.20001220703125,263.3999938964844,266.8999938964844,True,ok,,0.0,98403.52056242668,98029.60798205988,1.0038142821139835,246.07941442533885,12.79998779296875,31.920585574661146,3.5,False,False
ISMN_SCAN_SplitMountain,sm_only,40.39136,-109.35326,1476.0,Bsk,train,1479.0999755859375,1476.300048828125,1482.7000732421875,True,ok,,0.0,84209.45625598823,84805.31397314355,0.992973816271183,1533.4529135468235,-3.0999755859375,-57.45291354682354,6.4000244140625,False,False
ISMN_SCAN_StanleyFarm,sm_only,34.43333,-86.68333,194.0,Cfa,train,233.6999969482422,207.5,251.8000030517578,True,ok,,0.0,99156.0556446783,99016.04897582234,1.001413979554871,182.13276172313235,-39.69999694824219,11.867238276867653,44.30000305175781,False,False
ISMN_SCAN_Starkville,sm_only,33.47094,-88.78051,104.0,Cfa,oos,83.80000305175781,82.0,87.4000015258789,True,ok,,0.0,100716.80540161466,100081.85365539252,1.0063443244007897,50.75088898391032,20.199996948242188,53.24911101608968,5.400001525878906,False,False
ISMN_SCAN_Stephenville,sm_only,32.24535,-98.19563,400.0,Cfa,train,400.5,398.8999938964844,401.8000183105469,True,ok,,0.0,97139.83851600986,96611.10514553882,1.0054728011823748,354.35714908094224,-0.5,45.642850919057764,2.9000244140625,False,True
ISMN_SCAN_Stubblefield,sm_only,34.97018,-119.47831,913.0,Bsk,train,922.4000244140625,912.2999877929688,936.5,True,ok,,0.0,92975.2092798169,90827.05116702656,1.0236510828568022,719.4677816808606,-9.4000244140625,193.53221831913936,24.20001220703125,False,False
ISMN_SCAN_SudduthFarms,sm_only,34.17973,-87.45618,235.0,Cfa,train,236.5,213.8000030517578,240.60000610351562,True,ok,,0.0,99096.39704987836,98533.57268364212,1.005712006079829,187.18788049856457,-1.5,47.81211950143543,26.800003051757812,False,False
ISMN_SCAN_SunleafNursery,sm_only,41.79618,-81.07653,204.0,Dfb,oos,206.1999969482422,206.1999969482422,207.10000610351562,True,ok,,0.0,99101.63979115352,98898.19582577348,1.0020571049216962,186.7435426597615,-2.1999969482421875,17.256457340238512,0.9000091552734375,False,False
ISMN_SCAN_TableMountain,sm_only,45.80272,-111.58655,1364.0,Dfb,train,1360.7000732421875,1359.800048828125,1363.5999755859375,True,ok,,0.0,85238.71032370655,85976.70755605084,0.9914163120067936,1434.416689206525,3.2999267578125,-70.416689206525,3.7999267578125,False,False
ISMN_SCAN_TidewaterArec,sm_only,36.68333,-76.76667,24.0,Cfa,train,25.399999618530273,25.200000762939453,25.80000114440918,True,ok,,0.0,101535.68689574776,101037.01637415325,1.0049355230339334,-17.52327786934641,-1.3999996185302734,41.52327786934641,0.6000003814697266,False,False
ISMN_SCAN_TncFortBayou,sm_only,30.4712,-88.74162,13.0,Cfa,train,10.0,9.40000057220459,12.300000190734863,True,ok,,0.0,101530.60377936816,101168.92648328452,1.0035749840257857,-17.10085101112401,3.0,30.10085101112401,2.8999996185302734,False,False
ISMN_SCAN_Torrington#1,sm_only,42.06667,-104.13333,1305.0,Bsk,train,1259.7000732421875,1259.7000732421875,1265.2000732421875,True,ok,,0.0,86523.1110688133,86599.02889205914,0.9991233409402264,1312.1790675620757,45.2999267578125,-7.179067562075716,5.5,False,False
ISMN_SCAN_TroughSprings,sm_only,36.37355,-115.78127,2391.0,Bwh,oos,2384.900146484375,2366.60009765625,2412.300048828125,True,ok,,0.0,79776.19458542427,75711.00998580358,1.0536934403646567,1971.5716923008258,6.099853515625,419.4283076991742,45.699951171875,False,False
ISMN_SCAN_TuleValley,sm_only,39.23724,-113.45866,1400.0,Bwk,train,1398.0,1396.2000732421875,1402.7000732421875,True,ok,,0.0,84967.92174666324,85598.76843806483,0.992630189628744,1460.3780593327942,2.0,-60.37805933279424,6.5,False,False
ISMN_SCAN_Tunica,sm_only,34.6764,-90.41142,79.0,Cfa,train,59.70000076293945,59.20000076293945,59.79999923706055,True,ok,,0.0,101030.6420617816,100379.55312419012,1.0064862705334616,24.531849163803823,19.299999237060547,54.46815083619617,0.5999984741210938,False,False
ISMN_SCAN_TwinPinesConservationArea,sm_only,36.99024,-91.30943,293.0,Cfa,oos,295.8999938964844,288.6000061035156,299.70001220703125,True,ok,,0.0,98050.12694670729,97854.29819432583,1.0020012279071535,276.2457597761406,-2.899993896484375,16.754240223859426,11.100006103515625,False,False
ISMN_SCAN_UWPlatteville,sm_only,42.70785,-90.3899,328.0,Dfa,train,333.3000183105469,328.3999938964844,335.0,True,ok,,0.0,98007.68936088296,97446.22911654296,1.0057617441888749,279.87423037322105,-5.300018310546875,48.12576962677895,6.600006103515625,False,False
ISMN_SCAN_Uapb-Earle,sm_only,35.27732,-90.45031,65.0,Cfa,oos,65.5,64.9000015258789,65.80000305175781,True,ok,,0.0,101003.17967252944,100546.57776917842,1.0045411978555772,26.823520596244027,-0.5,38.17647940375598,0.9000015258789062,False,True
ISMN_SCAN_UapbCampus-PB,sm_only,34.25188,-92.02632,71.0,Cfa,train,68.0,66.9000015258789,69.20000457763672,True,ok,,0.0,100703.84515334063,100474.96824477272,1.0022779495486909,51.8350562072171,3.0,19.1649437927829,2.3000030517578125,False,False
ISMN_SCAN_UapbDewitt,sm_only,34.27788,-91.35017,60.0,Cfa,train,60.10000228881836,59.5,61.10000228881836,True,ok,,0.0,101056.85603748288,100606.28393657808,1.0044785681696466,22.344825375145057,-0.10000228881835938,37.65517462485494,1.6000022888183594,False,True
ISMN_SCAN_UapbPointRemove,sm_only,35.20842,-92.92462,96.0,Cfa,train,97.0,96.4000015258789,97.5,True,ok,,0.0,99823.25738893072,100177.0395956283,0.9964684302099,125.76513647818871,-1.0,-29.76513647818871,1.0999984741210938,False,False
ISMN_SCAN_Uvalde,sm_only,29.21578,-99.75517,279.0,Cfa,train,282.1000061035156,282.1000061035156,285.8000183105469,True,ok,,0.0,97802.89590602764,98017.91275658883,0.9978063514666432,297.40225013511736,-3.100006103515625,-18.402250135117356,3.70001220703125,False,False
ISMN_SCAN_Vallecitos,sm_only,36.45976,-120.70601,494.0,Bsk,train,496.8000183105469,494.3000183105469,501.6000061035156,True,ok,,0.0,94863.6618593857,95529.53603431696,0.9930296513248836,552.3010754332726,-2.800018310546875,-58.30107543327256,7.29998779296875,False,False
ISMN_SCAN_Vermillion,sm_only,37.19061,-112.19252,1948.0,Bsk,train,1951.7000732421875,1946.5999755859375,1955.7000732421875,True,ok,,0.0,81143.90529188338,80009.79636933103,1.014174625783538,1834.3479975547298,-3.7000732421875,113.65200244527023,9.10009765625,False,False
ISMN_SCAN_Vernon,sm_only,34.01635,-99.2464,361.0,Cfa,oos,362.3999938964844,360.5,363.1000061035156,True,ok,,0.0,97132.16907005588,97062.74142036936,1.0007152863052349,355.0177737163987,-1.399993896484375,5.982226283601278,2.600006103515625,False,False
ISMN_SCAN_Violett,sm_only,48.43578,-111.18423,983.0,Bsk,train,980.4000244140625,978.7999877929688,980.7000122070312,True,ok,,0.0,90080.9651680828,90060.04056319052,1.0002323406114568,981.0839558821784,2.5999755859375,1.9160441178215706,1.9000244140625,False,False
ISMN_SCAN_Wabeno#1,sm_only,45.46667,-88.58333,482.0,Dfb,train,456.70001220703125,449.6000061035156,468.0,True,ok,,0.0,96131.08546697792,95667.06015691828,1.0048504188306664,441.61315596856895,25.29998779296875,40.38684403143105,18.399993896484375,False,False
ISMN_SCAN_Wakulla#1,sm_only,30.3,-84.41667,46.0,Cfa,train,29.200000762939453,28.200000762939453,29.200000762939453,True,ok,,0.0,101404.6098836325,100773.61395255596,1.0062615193236355,-6.624788431895025,16.799999237060547,52.62478843189503,1.0,False,False
ISMN_SCAN_WalnutGulch#1,sm_only,31.73333,-110.05,1372.0,Bsk,oos,1351.9000244140625,1347.300048828125,1359.4000244140625,True,ok,,0.0,86482.77869335462,85892.60454251437,1.0068710706117676,1315.9951196951913,20.0999755859375,56.004880304808694,12.0999755859375,False,False
ISMN_SCAN_Watkinsville#1,sm_only,33.88333,-83.43333,235.0,Cfa,val,230.3000030517578,225.90000915527344,232.0,True,ok,,0.0,99096.49238858843,98533.57268364212,1.005712973655727,187.17980009080597,4.6999969482421875,47.82019990919403,6.0999908447265625,False,False
ISMN_SCAN_WestSummit,sm_only,38.01394,-109.12745,2131.0,Dfa,train,2132.900146484375,2127.10009765625,2134.60009765625,True,ok,,0.0,80214.8898041795,78210.67469510999,1.025625851162678,1927.3508520199082,-1.900146484375,203.6491479800918,7.5,False,False
ISMN_SCAN_WillowWells,sm_only,33.53382,-103.63097,1383.0,Bsk,train,1326.5,1324.800048828125,1327.5999755859375,True,ok,,0.0,86897.22879192652,85777.07168427018,1.0130589338812992,1276.850353116654,56.5,106.1496468833459,2.7999267578125,True,False
ISMN_SCAN_Wtars,sm_only,34.9,-86.53333,191.0,Cfa,train,242.0,240.5,244.3000030517578,True,ok,,0.0,98915.28676722173,99051.427087451,0.9986255592248148,202.54921238483405,-51.0,-11.54921238483405,3.8000030517578125,False,False
ISMN_SCAN_YoumansFarm,sm_only,32.66667,-81.2,23.0,Cfa,train,31.30000114440918,23.700000762939453,33.400001525878906,True,ok,,0.0,101411.96611935372,101049.00244423846,1.0035919570340694,-7.236729812527105,-8.30000114440918,30.236729812527106,9.700000762939453,False,False
ISMN_SD_DEM_Demokeya,sm_only,13.2829,30.4783,550.0,Bwh,train,534.2999877929688,531.4000244140625,537.0,True,ok,,0.0,95201.14749675014,94889.87169401436,1.0032803901741962,522.7110187303869,15.70001220703125,27.288981269613146,5.5999755859375,False,False
ISMN_SMOSMANIA_Barnas,sm_only,44.666,4.15983,480.0,Dfb,train,473.5,468.70001220703125,506.3999938964844,True,ok,,0.0,91680.26456393756,95689.99642171164,0.9580966453368548,835.6929893945032,6.5,-355.69298939450323,37.699981689453125,False,False
ISMN_SMOSMANIA_Berzeme,sm_only,44.62833,4.56667,650.0,Cfb,train,667.7999877929688,662.2999877929688,673.4000244140625,True,ok,,0.0,95629.00418439457,93756.24193601972,1.019974800714099,485.31926735802216,-17.79998779296875,164.68073264197784,11.10003662109375,False,False
ISMN_SMOSMANIA_CabrieresdAvignon,sm_only,43.88367,5.16483,142.0,Csb,train,145.5,141.6999969482422,148.1999969482422,True,ok,,0.0,98136.20712482888,99630.7200056825,0.9849994772619493,268.8896929330312,-3.5,-126.8896929330312,6.5,False,False
ISMN_SMOSMANIA_Condom,sm_only,43.9744,0.3361,174.0,Cfb,train,174.8000030517578,166.6999969482422,176.6999969482422,True,ok,,0.0,100209.70642782068,99252.0964433538,1.0096482595207792,93.25590122917336,-0.8000030517578125,80.74409877082664,10.0,False,True
ISMN_SMOSMANIA_CreondArmagnac,sm_only,43.9936,-0.0469,149.0,Cfb,train,150.8000030517578,149.6999969482422,151.1999969482422,True,ok,,0.0,100229.00499176506,99547.7963322253,1.0068430310327146,91.63511206180428,-1.8000030517578125,57.36488793819572,1.5,False,False
ISMN_SMOSMANIA_LaGrandCombe,sm_only,44.243,4.01017,499.0,Cfb,train,494.5,484.5,496.3000183105469,True,ok,,0.0,97878.4782816778,95472.28158375568,1.0252030920179824,290.9297904846278,4.5,208.0702095153722,11.800018310546875,False,False
ISMN_SMOSMANIA_Lahas,sm_only,43.5472,0.8878,249.0,Cfb,train,254.1999969482422,237.90000915527344,254.1999969482422,True,ok,,0.0,99561.72972011892,98369.26137297633,1.012122367602429,147.82348343700565,-5.1999969482421875,101.17651656299435,16.29998779296875,False,False
ISMN_SMOSMANIA_LezignanCorbieres,sm_only,43.1733,2.7283,60.0,Cfa,train,61.10000228881836,61.10000228881836,63.70000076293945,True,ok,,0.0,100949.11924890912,100606.28393657808,1.0034076928290798,31.336209670370202,-1.1000022888183594,28.663790329629798,2.5999984741210938,False,False
ISMN_SMOSMANIA_Mazan-Abbaye,sm_only,44.73383,4.08383,1240.0,Dfb,val,1243.4000244140625,1224.2000732421875,1255.0999755859375,True,ok,,0.0,88692.14353787656,87288.85471115379,1.0160763803278938,1109.046143525944,-3.4000244140625,130.953856474056,30.89990234375,False,False
ISMN_SMOSMANIA_Mejannes-le-Clap,sm_only,44.222,4.34483,318.0,Csb,val,316.3000183105469,312.70001220703125,320.8999938964844,True,ok,,0.0,98257.5089704732,97562.67940725003,1.0071218786470877,258.5325873733278,1.699981689453125,59.46741262667223,8.199981689453125,False,False
ISMN_SMOSMANIA_Montaut,sm_only,43.1922,1.6436,295.0,Cfb,train,297.3000183105469,295.0,299.5,True,ok,,0.0,98229.34777742928,97830.94274937986,1.004072382590343,260.93614902452015,-2.300018310546875,34.06385097547985,4.5,False,False
ISMN_SMOSMANIA_Mouthoumet,sm_only,42.96,2.53,538.0,Cfa,train,537.7000122070312,534.0,540.7000122070312,True,ok,,0.0,95823.32028398722,95026.6497883908,1.0083836534000776,468.3820851275533,0.29998779296875,69.6179148724467,6.70001220703125,False,True
ISMN_SMOSMANIA_Narbonne,sm_only,43.15,2.9567,112.0,Csa,train,108.5999984741211,89.30000305175781,110.9000015258789,True,ok,,0.0,100616.13198900582,99986.74096384912,1.0062947448740656,59.17552104203831,3.4000015258789062,52.82447895796169,21.599998474121094,False,False
ISMN_SMOSMANIA_PeyrusseGrande,sm_only,43.6664,0.2217,245.0,Dfb,train,199.10000610351562,188.6999969482422,201.0,True,ok,,0.0,99690.36815931035,98416.1848049254,1.0129468883284856,136.96771913449797,45.899993896484375,108.03228086550203,12.300003051757812,False,False
ISMN_SMOSMANIA_Pezenas,sm_only,43.43833,3.40333,30.0,Csa,oos,32.10000228881836,29.100000381469727,36.10000228881836,True,ok,,0.0,100536.4681591162,100965.1241272476,0.9957544154792386,65.84685154058513,-2.1000022888183594,-35.846851540585135,7.000001907348633,False,False
ISMN_SMOSMANIA_Prades-le-Lez,sm_only,43.43767,3.40033,40.0,Csa,oos,39.10000228881836,34.900001525878906,40.79999923706055,True,ok,,0.0,100613.17323648494,100845.3957673228,0.9976972421093604,59.42322093857268,0.8999977111816406,-19.423220938572683,5.899997711181641,False,True
ISMN_SMOSMANIA_Sabres,sm_only,44.1475,-0.8456,81.0,Cfb,train,80.4000015258789,80.20000457763672,80.5,True,ok,,0.0,101056.8197804372,100355.71081191748,1.0069862388781614,22.34784997185897,0.5999984741210938,58.65215002814103,0.29999542236328125,False,True
ISMN_SMOSMANIA_SaintFelixdeLauragais,sm_only,43.4417,1.88,337.0,Cfb,oos,321.20001220703125,297.3999938964844,328.3000183105469,True,ok,,0.0,99053.9779738823,97341.52010847584,1.017592265494705,190.78372297275925,15.79998779296875,146.21627702724075,30.9000244140625,False,False
ISMN_SMOSMANIA_Savenes,sm_only,43.825,1.1767,158.0,Cfb,train,155.90000915527344,152.90000915527344,157.0,True,ok,,0.0,100153.9270534004,99441.26230870368,1.007166690447717,97.94195130802947,2.0999908447265625,60.05804869197053,4.0999908447265625,False,False
ISMN_SMOSMANIA_Urgons,sm_only,43.6397,-0.435,145.0,Dfc,train,146.3000030517578,142.6999969482422,147.3000030517578,True,ok,,0.0,100554.72439932048,99595.17444229536,1.009634502498724,64.31763153073156,-1.3000030517578125,80.68236846926844,4.600006103515625,False,False
ISMN_SMOSMANIA_Villevielle,sm_only,43.79517,4.09083,41.0,Csa,train,41.5,40.900001525878906,46.400001525878906,True,ok,,0.0,100250.59693168208,100833.42925724134,0.9942198502039202,89.82201329924173,-0.5,-48.82201329924173,5.5,False,True
ISMN_SNOTEL_AguaCanyon,sm_only,37.52217,-112.27118,2710.0,Dfb,oos,2708.0,2692.699951171875,2710.10009765625,True,ok,,0.0,75641.5592458607,72732.89685164316,1.039991015346886,2398.322505335419,2.0,311.677494664581,17.400146484375,False,False
ISMN_SNOTEL_AmericanCreek,sm_only,64.78969,-141.23376,311.0,Dfc,oos,309.1000061035156,307.6000061035156,315.6000061035156,True,ok,,0.0,94136.97805229244,97644.26163718628,0.9640810066450628,616.3057529138551,1.899993896484375,-305.30575291385514,8.0,False,False
ISMN_SNOTEL_AnchorRiverDivide,sm_only,59.8608,-151.31494,494.0,Dsc,train,501.3000183105469,493.1000061035156,504.0,True,ok,,0.0,95505.9928996715,95529.53603431696,0.9997535512510286,496.05571530440807,-7.300018310546875,-2.055715304408068,10.899993896484375,False,False
ISMN_SNOTEL_Aniak,sm_only,61.58337,-159.57708,27.0,Dfc,train,23.600000381469727,22.700000762939453,24.5,True,ok,,0.0,100105.10813056253,101001.06507114958,0.9911292327466458,102.04498524053722,3.3999996185302734,-75.04498524053722,1.7999992370605469,False,False
ISMN_SNOTEL_ArapahoRidge,sm_only,40.35098,-106.38141,3341.0,Dfc,train,3342.300048828125,3331.60009765625,3348.400146484375,True,ok,,0.0,72674.46592637664,67121.25418194027,1.0827340283210996,2716.3638180336507,-1.300048828125,624.6361819663493,16.800048828125,False,False
ISMN_SNOTEL_AtlantaSummit,sm_only,43.7569,-115.23907,2307.0,Dsb,train,2309.900146484375,2291.0,2334.300048828125,True,ok,,0.0,82002.48016936588,76511.41326014338,1.0717679451371855,1749.1603782201082,-2.900146484375,557.8396217798918,43.300048828125,False,False
ISMN_SNOTEL_Atwater,sm_only,40.59124,-111.63775,2667.0,Dsb,oos,2658.300048828125,2635.10009765625,2687.400146484375,True,ok,,0.0,75658.73327344285,73128.70940772978,1.03459686197396,2396.5112635056,8.699951171875,270.4887364944002,52.300048828125,False,False
ISMN_SNOTEL_BakerButte,sm_only,34.45654,-111.40651,2243.0,Csa,train,2243.60009765625,2234.699951171875,2246.0,True,ok,,0.0,81145.30907601629,77125.83165010718,1.0521158390115528,1834.2081199420668,-0.60009765625,408.7918800579332,11.300048828125,False,True
ISMN_SNOTEL_BakerButteSmt,sm_only,34.45552,-111.38262,2353.0,Csa,train,2373.60009765625,2350.300048828125,2398.199951171875,True,ok,,0.0,79883.8692997091,76072.25302267414,1.0501052108434183,1960.6997931997948,-20.60009765625,392.30020680020516,47.89990234375,False,False
ISMN_SNOTEL_Baldy,sm_only,33.97845,-109.50357,2807.0,Dfb,train,2813.800048828125,2807.900146484375,2822.699951171875,True,ok,,0.0,73171.26846863027,71846.38538701106,1.0184404973817751,2662.387728667837,-6.800048828125,144.6122713321629,14.7998046875,False,False
ISMN_SNOTEL_BannerSummit,sm_only,44.30342,-115.23447,2146.0,Dsb,train,2154.10009765625,2145.800048828125,2171.10009765625,True,ok,,0.0,77953.20614050096,78064.67086292438,0.9985721489479006,2157.466853401695,-8.10009765625,-11.466853401695062,25.300048828125,False,False
ISMN_SNOTEL_BarM,sm_only,34.86142,-111.60497,1945.0,Csa,train,1942.800048828125,1941.0999755859375,1950.7000732421875,True,ok,,0.0,81552.35983694908,80039.56686283075,1.018900564226077,1793.7306695259274,2.199951171875,151.2693304740726,9.60009765625,False,False
ISMN_SNOTEL_BearCanyon,sm_only,43.74367,-113.93797,2414.0,Dfb,train,2416.900146484375,2406.60009765625,2431.5,True,ok,,0.0,73345.30429837164,75493.03856030805,0.9715505654177546,2643.5494432711084,-2.900146484375,-229.54944327110843,24.89990234375,False,False
ISMN_SNOTEL_BearCreek,sm_only,41.83391,-115.45278,2466.0,Bsk,train,2470.300048828125,2456.60009765625,2482.10009765625,True,ok,,0.0,78805.62414144994,75002.10632759065,1.0507121466328757,2070.110125012185,-4.300048828125,395.8898749878149,25.5,False,False
ISMN_SNOTEL_BearRiverRS,sm_only,40.8852,-110.8277,2594.0,Dfb,train,2596.800048828125,2593.60009765625,2604.5,True,ok,,0.0,73085.05489922666,73804.66323305073,0.990249825657333,2671.733247451132,-2.800048828125,-77.73324745113177,10.89990234375,False,False
ISMN_SNOTEL_BeaverDams,sm_only,39.13683,-111.55813,2429.0,Bsk,train,2439.900146484375,2431.5,2451.60009765625,True,ok,,0.0,76688.13439938065,75351.15725164679,1.0177432861882774,2288.54959083532,-10.900146484375,140.45040916467997,20.10009765625,False,False
ISMN_SNOTEL_BeaverDivide,sm_only,40.61233,-111.09782,2509.0,Dfb,train,2512.0,2509.5,2520.10009765625,True,ok,,0.0,73094.93945686764,74598.098711523,0.979849898581622,2670.6613121661876,-3.0,-161.6613121661876,10.60009765625,False,False
ISMN_SNOTEL_BenLomondPeak,sm_only,41.37603,-111.94405,2347.0,Dsa,oos,2355.199951171875,2327.60009765625,2387.699951171875,True,ok,,0.0,83266.62610751916,76129.41875814174,1.0937509765055724,1625.0372409536435,-8.199951171875,721.9627590463565,60.099853515625,False,False
ISMN_SNOTEL_BenLomondTrail,sm_only,41.38291,-111.92103,1823.0,Dsa,oos,1835.0999755859375,1814.5,1864.5999755859375,True,ok,,0.0,83266.62610751916,81257.85549174559,1.0247209405615882,1625.0372409536435,-12.0999755859375,197.9627590463565,50.0999755859375,False,False
ISMN_SNOTEL_BerryCreek,sm_only,39.31917,-114.62278,2850.0,Bsk,train,2864.400146484375,2848.10009765625,2899.400146484375,True,ok,,0.0,75936.09364306735,71456.20525219587,1.0626941827523624,2367.3057309749515,-14.400146484375,482.69426902504847,51.300048828125,False,False
ISMN_SNOTEL_BerthoudSummit,sm_only,39.80364,-105.77786,3444.0,Dfc,train,3444.10009765625,3427.0,3457.800048828125,True,ok,,0.0,69160.94465228873,66239.5046423675,1.0441041947051737,3106.8711774653225,-0.10009765625,337.1288225346775,30.800048828125,False,True
ISMN_SNOTEL_BevansCabin,sm_only,40.46182,-112.25233,1972.0,Dfa,val,1993.5999755859375,1972.0,2011.9000244140625,True,ok,,0.0,81714.68159708643,79771.95505596278,1.024353502929203,1777.6348817931068,-21.5999755859375,194.36511820689316,39.9000244140625,False,False
ISMN_SNOTEL_BigBend,sm_only,41.76168,-115.6931,2100.0,Bwk,oos,2104.60009765625,2095.5,2107.900146484375,True,ok,,0.0,80677.84457552012,78513.11667582182,1.027571544620199,1880.896495372276,-4.60009765625,219.10350462772408,12.400146484375,False,False
ISMN_SNOTEL_BigCreekSum,sm_only,39.29148,-117.11506,2655.0,Dfb,oos,2642.60009765625,2593.400146484375,2688.900146484375,True,ok,,0.0,77878.54122253969,73239.47944563978,1.063340998762056,2165.155380874447,12.39990234375,489.844619125553,95.5,False,False
ISMN_SNOTEL_BigFlat,sm_only,38.30183,-112.35672,3146.0,Bsk,oos,3153.400146484375,3143.900146484375,3163.5,True,ok,,0.0,72540.08389080892,68816.61295452625,1.0541071519858602,2731.01534543134,-7.400146484375,414.98465456866006,19.599853515625,False,False
ISMN_SNOTEL_BigMeadow,sm_only,39.455,-119.9422,2512.0,Csb,train,2512.10009765625,2502.60009765625,2527.10009765625,True,ok,,0.0,80400.37037623186,74569.9780294789,1.0781868588515355,1908.7131408984762,-0.10009765625,603.2868591015238,24.5,False,True
ISMN_SNOTEL_BigSandyOpening,sm_only,42.6458,-109.25965,2774.0,Dfb,train,2775.900146484375,2764.400146484375,2786.60009765625,True,ok,,0.0,72816.10617444116,72146.99446072648,1.0092742839631237,2700.9446632051613,-1.900146484375,73.0553367948387,22.199951171875,False,False
ISMN_SNOTEL_BirdCreek,sm_only,39.46138,-114.64863,2298.0,Bsk,oos,2308.300048828125,2296.400146484375,2333.900146484375,True,ok,,0.0,77400.29563492064,76597.57553995115,1.0104797063002444,2214.5441837511053,-10.300048828125,83.45581624889473,37.5,False,False
ISMN_SNOTEL_BlackFlat-U.M.Ck,sm_only,38.6799,-111.59765,2871.0,Bsk,train,2875.199951171875,2869.699951171875,2881.5,True,ok,,0.0,72378.23039710512,71266.2767613122,1.0156028024238886,2748.691261415981,-4.199951171875,122.30873858401901,11.800048828125,False,False
ISMN_SNOTEL_BlackhallMtn,sm_only,41.05623,-106.714,2996.0,Dfb,train,2998.300048828125,2987.60009765625,3006.400146484375,True,ok,,0.0,73448.14185044826,70144.18952211684,1.047102295298311,2632.4349307026896,-2.300048828125,363.5650692973104,18.800048828125,False,False
ISMN_SNOTEL_BlacksForkJct,sm_only,40.95814,-110.5828,2707.0,Dfb,oos,2708.0,2705.800048828125,2721.699951171875,True,ok,,0.0,72494.28778572407,72760.45526311678,0.9963418662454736,2736.0134663102335,-1.0,-29.013466310233525,15.89990234375,False,False
ISMN_SNOTEL_BlazedAlder,sm_only,45.4287,-121.85605,1116.0,Csb,val,1115.4000244140625,994.1000366210938,1123.0999755859375,True,ok,,0.0,91100.58116230322,88617.17040830875,1.028024035777175,888.1524922859804,0.5999755859375,227.84750771401957,128.99993896484375,False,True
ISMN_SNOTEL_BlueLakes,sm_only,38.60801,-119.92455,2457.0,Csb,train,2463.10009765625,2452.300048828125,2474.5,True,ok,,0.0,76585.56425369559,75086.88985299229,1.019959201981031,2299.254135732028,-6.10009765625,157.74586426797214,22.199951171875,False,False
ISMN_SNOTEL_BobsHollow,sm_only,38.94569,-112.15349,2841.0,Bsk,train,2842.199951171875,2829.699951171875,2849.900146484375,True,ok,,0.0,77614.63363160416,71537.72854257627,1.084946855496134,2192.378860011753,-1.199951171875,648.6211399882468,20.2001953125,False,False
ISMN_SNOTEL_BogusBasin,sm_only,43.76377,-116.09685,1942.0,Dsa,oos,1934.2000732421875,1933.800048828125,1967.9000244140625,True,ok,,0.0,85431.68288478648,80069.34632529055,1.066971154450429,1415.9565138650057,7.7999267578125,526.0434861349943,34.0999755859375,False,False
ISMN_SNOTEL_BostetterR.S.,sm_only,42.16442,-114.19272,2295.0,Bsk,oos,2289.900146484375,2278.199951171875,2291.699951171875,True,ok,,0.0,78854.61761309198,76626.31375325473,1.0290801390630984,2065.1125139895616,5.099853515625,229.88748601043835,13.5,False,False
ISMN_SNOTEL_Bourne,sm_only,44.83052,-118.18787,1783.0,Bsk,train,1797.2000732421875,1756.0999755859375,1828.800048828125,True,ok,,0.0,81062.35206736035,81660.54675872762,0.9926746180975902,1842.4775914538868,-14.2000732421875,-59.47759145388682,72.7000732421875,False,False
ISMN_SNOTEL_BoxCreek,sm_only,38.50809,-112.01856,3002.0,Bsk,train,3001.800048828125,2989.10009765625,3007.60009765625,True,ok,,0.0,77793.64974671413,70090.69136530072,1.109899877307058,2173.904229923823,0.199951171875,828.0957700761769,18.5,False,True
ISMN_SNOTEL_BoxSprings,sm_only,38.49746,-112.00779,2813.0,Bsk,train,2816.60009765625,2804.5,2827.900146484375,True,ok,,0.0,76318.76255901068,71791.83832043286,1.0630562518593345,2327.152875622438,-3.60009765625,485.84712437756207,23.400146484375,False,False
ISMN_SNOTEL_BrianHead,sm_only,37.67994,-112.85674,3060.0,Dfb,oos,3066.0,3057.5,3082.60009765625,True,ok,,0.0,75049.48848763003,69575.24379451913,1.0786809272171338,2460.9692409850486,-6.0,599.0307590149514,25.10009765625,False,False
ISMN_SNOTEL_Brighton,sm_only,40.59936,-111.58167,2679.0,Dsb,train,2685.0,2671.60009765625,2705.5,True,ok,,0.0,74506.42631484396,73018.07506621239,1.020383326283005,2518.7832664564176,-6.0,160.21673354358245,33.89990234375,False,False
ISMN_SNOTEL_BristleconeTrail,sm_only,36.31575,-115.69543,2713.0,Bwh,train,2735.199951171875,2720.5,2762.400146484375,True,ok,,0.0,78654.9633755646,72705.34689272802,1.0818318973378238,2085.494154691736,-22.199951171875,627.5058453082638,41.900146484375,False,False
ISMN_SNOTEL_BrooklynLake,sm_only,41.36038,-106.23038,3124.0,Dfc,train,3119.300048828125,3103.5,3125.699951171875,True,ok,,0.0,70160.97309774638,69010.04059607355,1.0166777543054846,2994.1184285834493,4.699951171875,129.88157141655074,22.199951171875,False,False
ISMN_SNOTEL_BrownDuck,sm_only,40.58102,-110.58587,3222.0,Bsk,train,3227.5,3218.199951171875,3233.800048828125,True,ok,,0.0,70795.39598299809,68151.78316629377,1.0387900755326354,2923.2604463013804,-5.5,298.7395536986196,15.60009765625,False,False
ISMN_SNOTEL_BrownTop,sm_only,48.92753,-121.19717,1783.0,Dsb,train,1771.2000732421875,1735.0,1771.2000732421875,True,ok,,0.0,86712.5049929833,81660.54675872762,1.0618653491162884,1294.2787797943574,11.7999267578125,488.72122020564257,36.2000732421875,False,False
ISMN_SNOTEL_BuckFlat,sm_only,39.134,-111.43722,2868.0,Bsk,train,2877.800048828125,2869.0,2894.699951171875,True,ok,,0.0,72946.21540300781,71293.38434743437,1.0231835123371151,2686.802177599509,-9.800048828125,181.19782240049108,25.699951171875,False,False
ISMN_SNOTEL_BuckPasture,sm_only,40.84456,-110.66068,2932.0,Dfb,train,2944.900146484375,2934.300048828125,2947.800048828125,True,ok,,0.0,71530.82663008144,70716.89670797506,1.011509695136475,2841.7616347590583,-12.900146484375,90.23836524094168,13.5,False,False
ISMN_SNOTEL_BuckboardFlat,sm_only,37.86943,-109.44717,2719.0,Dsa,oos,2739.300048828125,2721.5,2769.400146484375,True,ok,,0.0,76326.91826281481,72650.27232463953,1.0506074625810913,2326.2988862046946,-20.300048828125,392.70111379530545,47.900146484375,False,False
ISMN_SNOTEL_Buckinghorse,sm_only,47.7086,-123.45747,1481.0,Cfb,train,1467.5999755859375,1448.300048828125,1493.4000244140625,True,ok,,0.0,90581.06599994298,84753.32256092264,1.068761238650334,935.3971317849902,13.4000244140625,545.6028682150098,45.0999755859375,False,False
ISMN_SNOTEL_BuckskinJoe,sm_only,39.30378,-106.11316,3402.0,Dfc,val,3408.199951171875,3393.5,3448.900146484375,True,ok,,0.0,66564.96497205748,66597.91325620959,0.9995052655174742,3405.8533844644326,-6.199951171875,-3.8533844644325654,55.400146484375,False,False
ISMN_SNOTEL_BuckskinLower,sm_only,41.75067,-117.53182,2109.0,Bsk,train,2115.5,2106.199951171875,2131.60009765625,True,ok,,0.0,81982.17555134479,78425.21355092556,1.045354827094089,1751.1666414607607,-6.5,357.83335853923927,25.400146484375,False,False
ISMN_SNOTEL_BugLake,sm_only,41.68541,-111.41987,2432.0,Dfb,train,2440.0,2430.800048828125,2453.400146484375,True,ok,,0.0,78710.58558462223,75322.80691731365,1.044976797944181,2079.811772957065,-8.0,352.18822704293507,22.60009765625,False,False
ISMN_SNOTEL_BurntMountain,sm_only,47.0444,-121.94032,1268.0,Dsb,train,1258.800048828125,1244.7000732421875,1261.300048828125,True,ok,,0.0,95431.40403313184,86991.15555124391,1.0970242138801805,502.571300019882,9.199951171875,765.4286999801179,16.5999755859375,False,False
ISMN_SNOTEL_BurroMountain,sm_only,39.87504,-107.59902,2832.0,Dfb,val,2835.5,2822.699951171875,2848.60009765625,True,ok,,0.0,75289.95588004676,71619.32712916957,1.0512519301425018,2435.477403024456,-3.5,396.5225969755438,25.900146484375,False,False
ISMN_SNOTEL_BurtsMillerRanch,sm_only,40.98492,-110.85075,2408.0,Dfb,oos,2410.5,2404.699951171875,2418.10009765625,True,ok,,0.0,75489.99208972917,75549.85161864861,0.9992076817142992,2414.321839577973,-2.5,-6.321839577973151,13.400146484375,False,False
ISMN_SNOTEL_Butte,sm_only,38.89435,-106.95327,3106.0,Dfc,train,3112.800048828125,3099.5,3125.400146484375,True,ok,,0.0,69629.9176300578,69168.62681595297,1.0066690757839136,3053.8314412080517,-6.800048828125,52.16855879194827,25.900146484375,False,False
ISMN_SNOTEL_CampJackson,sm_only,37.81333,-109.48723,2694.0,Dsa,train,2697.400146484375,2682.5,2712.800048828125,True,ok,,0.0,76387.72701167864,72879.97276858044,1.0481305646784,2319.933888011804,-3.400146484375,374.0661119881961,30.300048828125,False,False
ISMN_SNOTEL_CarsonPass,sm_only,38.6927,-120.0022,2548.0,Csb,train,2548.60009765625,2533.300048828125,2561.5,True,ok,,0.0,77764.92550586071,74233.19883815637,1.0475761077655326,2176.8662781386665,-0.60009765625,371.13372186133347,28.199951171875,False,True
ISMN_SNOTEL_Cascade#2,sm_only,37.65751,-107.80287,2740.0,Dfc,train,2743.10009765625,2719.60009765625,2756.0,True,ok,,0.0,70647.43713289803,72457.77730045252,0.9750152401163542,2939.7396906222934,-3.10009765625,-199.73969062229344,36.39990234375,False,False
ISMN_SNOTEL_CascadeMountain,sm_only,40.283,-111.60992,2362.0,Dfa,train,2358.60009765625,2334.0,2385.60009765625,True,ok,,0.0,82478.36210153399,75986.56959621608,1.085433419876888,1702.254126298366,3.39990234375,659.7458737016341,51.60009765625,False,False
ISMN_SNOTEL_CastleValley,sm_only,37.66098,-112.74093,2929.0,Dfb,train,2925.199951171875,2921.199951171875,2933.5,True,ok,,0.0,72854.59319387405,70743.83496668427,1.029836638460211,2696.759109087503,3.800048828125,232.24089091249698,12.300048828125,False,False
ISMN_SNOTEL_CaveMountain,sm_only,39.16337,-114.6133,3225.0,Bsk,train,3226.699951171875,3214.10009765625,3244.699951171875,True,ok,,0.0,76065.436655232,68125.64698744976,1.1165462644229265,2353.715675741176,-1.699951171875,871.2843242588242,30.599853515625,False,False
ISMN_SNOTEL_Chalender,sm_only,35.26238,-112.06221,2140.0,Dsb,train,2143.300048828125,2131.5,2172.800048828125,True,ok,,0.0,78961.20457680954,78123.04588782326,1.01072869957208,2054.2487202524053,-3.300048828125,85.75127974759471,41.300048828125,False,False
ISMN_SNOTEL_ChalkCreek#1,sm_only,40.85464,-111.04765,2792.0,Dfb,oos,2791.800048828125,2786.0,2810.0,True,ok,,0.0,75006.42033730837,71982.89988829565,1.0420033154222,2465.5418573565307,0.199951171875,326.4581426434693,24.0,False,True
ISMN_SNOTEL_ChalkCreek#2,sm_only,40.88529,-111.06954,2499.0,Dfb,train,2508.0,2486.199951171875,2522.300048828125,True,ok,,0.0,74990.38241679501,74691.89634097,1.0039962310564778,2467.245173025357,-9.0,31.754826974643038,36.10009765625,False,False
ISMN_SNOTEL_Chepeta,sm_only,40.77458,-110.0105,3197.0,Bsk,train,3203.0,3193.400146484375,3204.5,True,ok,,0.0,69103.08926524431,68369.90056680555,1.0107238520512745,3113.4346481469033,-6.0,83.56535185309667,11.099853515625,False,False
ISMN_SNOTEL_Chisana,sm_only,62.06947,-142.04919,1012.0,Dsc,train,1013.0,1011.1000366210938,1013.6000366210938,True,ok,,0.0,88951.13946729552,89743.81960258182,0.9911673011155914,1085.0604943393478,-1.0,-73.06049433934777,2.5,False,False
ISMN_SNOTEL_ChocolateGulch,sm_only,43.7685,-114.41812,1923.0,Dsb,train,1931.0,1912.4000244140625,1965.800048828125,True,ok,,0.0,76112.4311114532,80258.15800008527,0.9483451029535508,2348.7826079601364,-8.0,-425.7826079601364,53.4000244140625,False,False
ISMN_SNOTEL_CinnabarPark,sm_only,41.23843,-106.23101,2947.0,Dfc,train,2945.199951171875,2939.400146484375,2954.400146484375,True,ok,,0.0,70940.61879532704,70582.32997496882,1.005076182955214,2907.113031168136,1.800048828125,39.886968831864124,15.0,False,False
ISMN_SNOTEL_ClackamasLake,sm_only,45.09658,-121.75443,1036.0,Csb,train,1036.5,1034.2000732421875,1047.5,True,ok,,0.0,89944.76489792427,89482.79995150845,1.0051626116601868,993.5621395995934,-0.5,42.437860400406635,13.2999267578125,False,True
ISMN_SNOTEL_ClaytonSprings,sm_only,37.9725,-111.83355,3051.0,Bsk,oos,3055.699951171875,3046.0,3057.60009765625,True,ok,,0.0,74927.54818574013,69655.02521169843,1.0756947967216612,2473.921358132206,-4.699951171875,577.078641867794,11.60009765625,False,False
ISMN_SNOTEL_ClearCreek#1,sm_only,39.86671,-111.28363,2731.0,Dfa,train,2740.900146484375,2728.900146484375,2754.5,True,ok,,0.0,77536.40720597796,72540.22453191198,1.068874651357993,2200.462734788407,-9.900146484375,530.537265211593,25.599853515625,False,False
ISMN_SNOTEL_ClearCreek#2,sm_only,39.89275,-111.25154,2393.0,Dfa,train,2403.5,2389.400146484375,2439.300048828125,True,ok,,0.0,77536.40720597796,75692.03574280672,1.0243667837054642,2200.462734788407,-10.5,192.53726521159297,49.89990234375,False,False
ISMN_SNOTEL_Coldfoot,sm_only,67.25333,-150.183,326.0,Dfc,train,322.3999938964844,321.6000061035156,323.5,True,ok,,0.0,91898.08745380508,97469.510166059,0.9428393278804638,816.0501228598113,3.600006103515625,-490.05012285981127,1.899993896484375,False,False
ISMN_SNOTEL_CorralCanyon,sm_only,40.27551,-115.54017,2573.0,Dfb,train,2570.300048828125,2543.60009765625,2600.699951171875,True,ok,,0.0,79672.04288912762,74000.04984191337,1.0766485030663002,1982.0991839218461,2.699951171875,590.9008160781539,57.099853515625,False,False
ISMN_SNOTEL_CouchSummit,sm_only,43.51762,-114.80214,2063.0,Dsb,train,2067.300048828125,2067.300048828125,2089.400146484375,True,ok,,0.0,78784.94159022454,78875.33480181228,0.9988539736558346,2072.2206173743134,-4.300048828125,-9.220617374313406,22.10009765625,False,False
ISMN_SNOTEL_CrabCreek,sm_only,44.437,-111.99384,2094.0,Dfb,train,2110.60009765625,2094.400146484375,2132.0,True,ok,,0.0,77671.01984456269,78571.76306873026,0.9885360441335692,2186.5560311590907,-16.60009765625,-92.55603115909071,37.599853515625,False,False
ISMN_SNOTEL_CraterMeadows,sm_only,46.56394,-115.28903,1817.0,Dsb,train,1814.9000244140625,1805.300048828125,1835.5999755859375,True,ok,,0.0,84821.15034785584,81318.15645731892,1.0430776353418134,1474.4775133126948,2.0999755859375,342.5224866873052,30.2999267578125,False,False
ISMN_SNOTEL_CrowCreek,sm_only,41.22824,-105.38571,2536.0,Bsk,oos,2537.300048828125,2530.60009765625,2574.300048828125,True,ok,,0.0,76082.05144957911,74345.32143538822,1.023360313475815,2351.9713177226135,-1.300048828125,184.02868227738645,43.699951171875,False,False
ISMN_SNOTEL_CssLab,sm_only,39.32565,-120.36807,2097.0,Dsb,oos,2094.199951171875,2086.400146484375,2113.0,True,ok,,0.0,79716.8115183582,78542.43543994505,1.0149521220195814,1977.5726757259094,2.800048828125,119.42732427409055,26.599853515625,False,False
ISMN_SNOTEL_Culebra#2,sm_only,37.20939,-105.19988,3222.0,Dfb,train,3212.199951171875,3199.0,3230.699951171875,True,ok,,0.0,69997.85536982375,68151.78316629377,1.0270876581325168,3012.420678847407,9.800048828125,209.5793211525929,31.699951171875,False,False
ISMN_SNOTEL_CurrantCreek,sm_only,40.35747,-111.08993,2414.0,Bsk,train,2420.60009765625,2410.300048828125,2442.900146484375,True,ok,,0.0,72801.08999880236,75493.03856030805,0.9643417643157228,2702.5781935318005,-6.60009765625,-288.5781935318005,32.60009765625,False,False
ISMN_SNOTEL_Daniels-Strawberry,sm_only,40.2953,-111.25677,2441.0,Dfa,train,2443.800048828125,2434.199951171875,2454.60009765625,True,ok,,0.0,75546.72359191076,75237.80773286035,1.0041058593858456,2408.330254355483,-2.800048828125,32.66974564451721,20.400146484375,False,False
ISMN_SNOTEL_DillsCamp,sm_only,39.04554,-111.46875,2816.0,Bsk,oos,2815.5,2810.0,2830.800048828125,True,ok,,0.0,71301.78867754243,71764.57736509411,0.9935512936250248,2867.0700792938965,0.5,-51.07007929389647,20.800048828125,False,True
ISMN_SNOTEL_DisasterPeak,sm_only,41.96737,-118.18934,1908.0,Bsk,train,1911.5999755859375,1903.4000244140625,1926.5,True,ok,,0.0,81358.06619773131,80407.47437281118,1.0118221823572358,1813.030926126448,-3.5999755859375,94.9690738735519,23.0999755859375,False,False
ISMN_SNOTEL_DonkeyReservoir,sm_only,38.2084,-111.47412,2987.0,Bsk,val,2989.300048828125,2987.60009765625,2992.699951171875,True,ok,,0.0,76978.77629474063,70224.4987490561,1.096181214049254,2258.280123966412,-2.300048828125,728.7198760335882,5.099853515625,False,False
ISMN_SNOTEL_DorseyBasin,sm_only,40.89343,-115.21104,2408.0,Dfb,train,2411.5,2404.5,2421.5,True,ok,,0.0,80947.91985397277,75549.85161864861,1.0714504147879982,1853.895884727805,-3.5,554.104115272195,17.0,False,False
ISMN_SNOTEL_DrawCreek,sm_only,41.661,-115.3234,2225.0,Bsk,train,2231.900146484375,2217.10009765625,2243.5,True,ok,,0.0,77481.68335529017,77299.35472307872,1.0023587342076092,2206.12179350036,-6.900146484375,18.878206499639873,26.39990234375,False,False
ISMN_SNOTEL_DryBreadPond,sm_only,41.41289,-111.5377,2527.0,Dfb,train,2528.10009765625,2523.300048828125,2538.300048828125,True,ok,,0.0,78180.53207552012,74429.50334192823,1.0503970678987298,2134.0949047234494,-1.10009765625,392.9050952765506,15.0,False,False
ISMN_SNOTEL_DryCreek,sm_only,40.8638,-115.22014,1999.0,Dfb,train,2014.0999755859375,1991.800048828125,2031.9000244140625,True,ok,,0.0,80937.38042933613,79505.06822938062,1.0180153571571455,1854.94818847581,-15.0999755859375,144.05181152419004,40.0999755859375,False,False
ISMN_SNOTEL_DryFork,sm_only,40.56533,-112.17343,2192.0,Dfa,train,2201.400146484375,2178.60009765625,2248.5,True,ok,,0.0,81128.63954498015,77618.30136936254,1.0452256505706423,1835.8692527134235,-9.400146484375,356.1307472865765,69.89990234375,False,False
ISMN_SNOTEL_DryLake,sm_only,40.5337,-106.7814,2512.0,Dfb,train,2520.300048828125,2515.800048828125,2533.300048828125,True,ok,,0.0,73716.53568983875,74569.9780294789,0.9885551483024072,2603.4866136453334,-8.300048828125,-91.48661364533336,17.5,False,False
ISMN_SNOTEL_EFBlacksForkGS,sm_only,40.88472,-110.54056,2853.0,Bsk,train,2858.699951171875,2848.900146484375,2863.300048828125,True,ok,,0.0,70387.79899226663,71429.04754537083,0.9854226174240556,2968.7251331846337,-5.699951171875,-115.7251331846337,14.39990234375,False,False
ISMN_SNOTEL_EagleSummit,sm_only,65.48588,-145.41212,1106.0,Dfc,train,1106.2000732421875,1097.9000244140625,1107.4000244140625,True,ok,,0.0,89250.50094092153,88725.00176261022,1.0059227857748294,1057.4069422051934,-0.2000732421875,48.593057794806555,9.5,False,True
ISMN_SNOTEL_EastRimDivide,sm_only,43.13097,-110.2023,2441.0,Dfc,train,2441.900146484375,2431.60009765625,2452.400146484375,True,ok,,0.0,77427.91695823638,75237.80773286035,1.0291091579004037,2211.684993652165,-0.900146484375,229.31500634783515,20.800048828125,False,True
ISMN_SNOTEL_EastWillowCreek,sm_only,39.31213,-109.53179,2533.0,Bsk,train,2537.800048828125,2530.800048828125,2564.800048828125,True,ok,,0.0,78376.78450930741,74373.37350007694,1.0538285520855974,2113.961918994179,-4.800048828125,419.0380810058209,34.0,False,False
ISMN_SNOTEL_EbbettsPass,sm_only,38.5497,-119.80468,2640.0,Csb,train,2633.199951171875,2618.699951171875,2647.5,True,ok,,0.0,76476.89191129743,73378.13301000843,1.0422300046918112,2310.6081979409187,6.800048828125,329.39180205908133,28.800048828125,False,False
ISMN_SNOTEL_EchoPeak,sm_only,38.849,-120.0795,2332.0,Csb,oos,2336.400146484375,2305.900146484375,2370.199951171875,True,ok,,0.0,78172.22392090179,76272.48529387142,1.0249072600651576,2134.9481174596017,-4.400146484375,197.0518825403983,64.2998046875,False,False
ISMN_SNOTEL_ElkCabin,sm_only,35.7073,-105.80584,2502.0,Bsk,oos,2508.699951171875,2506.199951171875,2541.60009765625,True,ok,,0.0,77014.49334633279,74663.74703049513,1.0314844407002175,2254.5666899878875,-6.699951171875,247.43331001211254,35.400146484375,False,False
ISMN_SNOTEL_ExitGlacier,sm_only,60.18957,-149.6228,110.0,Dfc,train,107.80000305175781,107.80000305175781,109.9000015258789,True,ok,,0.0,91613.09614529154,100010.51227202904,0.9160346653970084,841.7577364865975,2.1999969482421875,-731.7577364865975,2.0999984741210938,False,False
ISMN_SNOTEL_FallenLeaf,sm_only,38.93403,-120.0545,1905.0,Dsb,oos,1905.7000732421875,1899.0999755859375,1913.300048828125,True,ok,,0.0,79772.37523103779,80437.36462250387,0.991732829704368,1971.9575500749027,-0.7000732421875,-66.95755007490266,14.2000732421875,False,True
ISMN_SNOTEL_Farmington,sm_only,40.97462,-111.80975,2414.0,Dsa,oos,2405.5,2379.699951171875,2423.10009765625,True,ok,,0.0,83151.26156583629,75493.03856030805,1.1014427707716443,1636.3010626569337,8.5,777.6989373430663,43.400146484375,False,False
ISMN_SNOTEL_FarmingtonLower,sm_only,40.992,-111.81702,2088.0,Dsa,oos,2100.699951171875,2094.60009765625,2147.400146484375,True,ok,,0.0,83151.26156583629,78630.44492848833,1.0574944811956677,1636.3010626569337,-12.699951171875,451.6989373430663,52.800048828125,False,False
ISMN_SNOTEL_FarnsworthLake,sm_only,38.77246,-111.67662,2932.0,Bsk,train,2937.0,2921.800048828125,2952.400146484375,True,ok,,0.0,75756.92798513209,70716.89670797506,1.0712705380436844,2386.161644113249,-5.0,545.8383558867508,30.60009765625,False,False
ISMN_SNOTEL_FawnCreek,sm_only,41.82098,-116.10153,2146.0,Bwk,train,2147.699951171875,2128.60009765625,2178.0,True,ok,,0.0,82621.55966414591,78064.67086292438,1.0583732532379864,1688.1824702868555,-1.699951171875,457.8175297131445,49.39990234375,False,False
ISMN_SNOTEL_FieldingLake,sm_only,63.2026,-145.63442,917.0,Dwc,train,916.6000366210938,915.7999877929688,918.2999877929688,True,ok,,0.0,87681.0627872018,90783.0799905041,0.9658304476602162,1203.2287983075332,0.39996337890625,-286.2287983075332,2.5,False,True
ISMN_SNOTEL_Fifteenmile,sm_only,45.35265,-121.53,1820.0,Csb,train,1812.4000244140625,1723.300048828125,1819.0999755859375,True,ok,,0.0,86835.51173746577,81288.00144684914,1.0682451307926903,1282.6699290806043,7.5999755859375,537.3300709193957,95.7999267578125,False,False
ISMN_SNOTEL_FishLakeUtah,sm_only,38.50455,-111.76693,2679.0,Bsk,train,2679.800048828125,2672.199951171875,2692.699951171875,True,ok,,0.0,73849.20550532096,73018.07506621239,1.0113825301249713,2589.2086734435793,-0.800048828125,89.7913265564207,20.5,False,True
ISMN_SNOTEL_FivePointsLake,sm_only,40.71785,-110.46721,3328.0,Bsk,train,3340.60009765625,3331.199951171875,3353.400146484375,True,ok,,0.0,68866.09328864393,67233.21513140094,1.024286777808434,3140.367463098583,-12.60009765625,187.6325369014171,22.2001953125,False,False
ISMN_SNOTEL_ForestdaleCreek,sm_only,38.68245,-119.9597,2454.0,Csb,oos,2444.10009765625,2437.400146484375,2454.60009765625,True,ok,,0.0,76585.56425369559,75115.16826743979,1.0195752205602548,2299.254135732028,9.89990234375,154.74586426797214,17.199951171875,False,False
ISMN_SNOTEL_FranklinBasin,sm_only,42.0505,-111.6012,2481.0,Dfb,oos,2485.300048828125,2476.800048828125,2496.5,True,ok,,0.0,80362.01108036203,74860.9727244481,1.07348339402645,1912.5647541172546,-4.300048828125,568.4352458827454,19.699951171875,False,False
ISMN_SNOTEL_FredonyerPeak,sm_only,40.68799,-120.60805,2201.0,Dsb,val,2190.400146484375,2158.10009765625,2213.199951171875,True,ok,,0.0,82877.59035168012,77531.21043570126,1.0689577769511642,1663.0721387089402,10.599853515625,537.9278612910598,55.099853515625,False,False
ISMN_SNOTEL_FremontPass,sm_only,39.38014,-106.19784,3447.0,Dfc,train,3449.199951171875,3429.10009765625,3468.900146484375,True,ok,,0.0,66542.7411577385,66213.96391510154,1.0049653762317947,3408.453387575015,-2.199951171875,38.54661242498514,39.800048828125,False,False
ISMN_SNOTEL_FryCanyon,sm_only,41.58008,-115.9364,2070.0,Bwk,train,2079.400146484375,2076.10009765625,2124.60009765625,True,ok,,0.0,78240.90348686012,78806.7034729538,0.9928204078947692,2127.897217353765,-9.400146484375,-57.89721735376497,48.5,False,False
ISMN_SNOTEL_GBRCHQ,sm_only,39.32019,-111.48827,2682.0,Dfb,train,2686.300048828125,2680.5,2692.699951171875,True,ok,,0.0,78924.59163701067,72990.43766848525,1.0813004300025946,2057.979126152413,-4.300048828125,624.0208738475872,12.199951171875,False,False
ISMN_SNOTEL_GBRCMeadows,sm_only,39.30229,-111.45383,3002.0,Dfb,train,3007.900146484375,2993.5,3026.10009765625,True,ok,,0.0,78924.59163701067,70090.69136530072,1.1260352851374966,2057.979126152413,-5.900146484375,944.0208738475872,32.60009765625,False,False
ISMN_SNOTEL_GalenaAK,sm_only,64.69662,-156.71497,104.0,Dfc,train,101.30000305175781,100.5999984741211,106.0,True,ok,,0.0,100363.19114422912,100081.85365539252,1.0028110739216054,80.37247478725257,2.6999969482421875,23.62752521274743,5.400001525878906,False,False
ISMN_SNOTEL_GalenaSummit,sm_only,43.87497,-114.71363,2676.0,Dsb,train,2683.10009765625,2673.0,2702.60009765625,True,ok,,0.0,76333.73513208322,73045.7209370131,1.0450130980007075,2325.5851437708056,-7.10009765625,350.41485622919436,29.60009765625,False,False
ISMN_SNOTEL_GallegosPeak,sm_only,36.19418,-105.55742,2883.0,Dfb,train,2889.400146484375,2873.60009765625,2914.800048828125,True,ok,,0.0,73753.05964825412,71157.92986281941,1.0364700011711652,2599.5538269306826,-6.400146484375,283.4461730693174,41.199951171875,False,False
ISMN_SNOTEL_GardenCitySummit,sm_only,41.9215,-111.4693,2341.0,Dfb,train,2346.0,2343.900146484375,2367.800048828125,True,ok,,0.0,77667.62323561114,76186.61927341564,1.0194391610537348,2186.906691501601,-5.0,154.09330849839898,23.89990234375,False,False
ISMN_SNOTEL_GardnerPeak,sm_only,37.40083,-113.45988,2536.0,Bsk,train,2534.900146484375,2527.300048828125,2584.400146484375,True,ok,,0.0,77917.23659278333,74345.32143538822,1.0480449218381465,2161.170028299583,1.099853515625,374.829971700417,57.10009765625,False,False
ISMN_SNOTEL_GaritaPeak,sm_only,36.00469,-106.54805,3078.0,Dfb,train,3082.199951171875,3066.400146484375,3106.400146484375,True,ok,,0.0,74933.50331324156,69415.90293723262,1.0794861140248808,2473.2884268541384,-4.199951171875,604.7115731458616,40.0,False,False
ISMN_SNOTEL_GeorgeCreek,sm_only,41.91562,-113.41154,2731.0,Bsk,train,2731.300048828125,2719.800048828125,2747.5,True,ok,,0.0,81733.45651337015,72540.22453191198,1.1267328856614425,1775.7748363839596,-0.300048828125,955.2251636160404,27.699951171875,False,True
ISMN_SNOTEL_Giveout,sm_only,42.4132,-111.1663,2115.0,Dfb,train,2118.5,2113.699951171875,2135.300048828125,True,ok,,0.0,77088.39232863823,78366.65575339644,0.9836886822275456,2246.887978533455,-3.5,-131.88797853345523,21.60009765625,False,False
ISMN_SNOTEL_GobblersKnob,sm_only,66.745,-150.6675,622.0,Dfc,train,622.5,614.5,629.5,True,ok,,0.0,95959.50427441826,94072.54680264308,1.020058534991445,456.5284425359949,-0.5,165.47155746400512,15.0,False,True
ISMN_SNOTEL_Golconda,sm_only,40.88358,-117.58812,2021.0,Bsk,train,2025.800048828125,2011.4000244140625,2052.900146484375,True,ok,,0.0,82493.57919860388,79288.13987406118,1.04042772764797,1700.7578423344364,-4.800048828125,320.2421576655636,41.5001220703125,False,False
ISMN_SNOTEL_GoldAxeCamp,sm_only,48.9516,-118.9864,1640.0,Dfb,train,1639.9000244140625,1621.800048828125,1640.800048828125,True,ok,,0.0,90800.81400174562,83113.40513448528,1.0924930082556643,915.386571634312,0.0999755859375,724.613428365688,19.0,False,True
ISMN_SNOTEL_GoldBasin,sm_only,38.46516,-109.26332,3069.0,Bsk,train,3081.699951171875,3070.300048828125,3122.400146484375,True,ok,,0.0,74976.01408902656,69495.53638720897,1.0788608590813944,2468.7714192585117,-12.699951171875,600.2285807414883,52.10009765625,False,False
ISMN_SNOTEL_GooseberryRS,sm_only,38.80034,-111.68333,2417.0,Bsk,train,2429.10009765625,2419.199951171875,2438.800048828125,True,ok,,0.0,78810.45131783807,75464.64500692756,1.0443360769881496,2069.6176140261105,-12.10009765625,347.38238597388954,19.60009765625,False,False
ISMN_SNOTEL_GooseberryRSUp,sm_only,38.7882,-111.68892,2560.0,Bsk,train,2562.199951171875,2553.900146484375,2579.800048828125,True,ok,,0.0,75756.92798513209,74121.21320328805,1.0220681058924097,2386.161644113249,-2.199951171875,173.83835588675083,25.89990234375,False,False
ISMN_SNOTEL_GrandTarghee,sm_only,43.77933,-110.92783,2822.0,Dfb,train,2832.60009765625,2816.699951171875,2861.699951171875,True,ok,,0.0,76980.5226248118,71710.08060045511,1.073496529082457,2258.098528911508,-10.60009765625,563.9014710884921,45.0,False,False
ISMN_SNOTEL_GraniteCreek,sm_only,43.34298,-110.43495,2063.0,Dfc,train,2068.800048828125,2065.10009765625,2071.900146484375,True,ok,,0.0,72433.31249786135,78875.33480181228,0.9183265298316944,2742.672191061554,-5.800048828125,-679.6721910615538,6.800048828125,False,False
ISMN_SNOTEL_GraniteCrk,sm_only,63.94382,-145.39993,381.0,Dwc,train,381.70001220703125,380.3000183105469,382.70001220703125,True,ok,,0.0,96437.76399579228,96830.92001513673,0.995939767800585,415.0076817938974,-0.70001220703125,-34.007681793897405,2.399993896484375,False,True
ISMN_SNOTEL_GranitePeak,sm_only,41.67032,-117.56668,2591.0,Bsk,oos,2589.60009765625,2583.300048828125,2619.199951171875,True,ok,,0.0,80684.40189997946,73832.55000126707,1.0928025904373453,1880.2400645580383,1.39990234375,710.7599354419617,35.89990234375,False,False
ISMN_SNOTEL_GreenMountain,sm_only,40.3848,-115.52757,2493.0,Dfa,train,2500.300048828125,2478.300048828125,2540.10009765625,True,ok,,0.0,80255.23943719204,74748.22074255305,1.0736742445496623,1923.2934176009617,-7.300048828125,569.7065823990383,61.800048828125,False,False
ISMN_SNOTEL_GrizzlyPeak,sm_only,39.64646,-105.8694,3386.0,Dfc,oos,3393.300048828125,3363.900146484375,3426.300048828125,True,ok,,0.0,67470.32987675353,66734.8622123886,1.011020741483278,3300.525923817767,-7.300048828125,85.47407618223315,62.39990234375,False,False
ISMN_SNOTEL_GulkanaRiver,sm_only,62.40962,-145.37513,558.0,Dwc,train,558.2999877929688,557.2999877929688,559.2999877929688,True,ok,,0.0,93399.96512636878,94798.77489519503,0.9852444320048152,681.6301537647696,-0.29998779296875,-123.6301537647696,2.0,False,True
ISMN_SNOTEL_GutzPeak,sm_only,37.49617,-113.94235,2073.0,Bsk,train,2081.900146484375,2073.900146484375,2112.199951171875,True,ok,,0.0,81817.80700486766,78777.30485303268,1.0385961687507252,1767.4224346667977,-8.900146484375,305.5775653332023,38.2998046875,False,False
ISMN_SNOTEL_HagansMeadow,sm_only,38.8519,-119.9374,2359.0,Dsb,train,2365.60009765625,2363.10009765625,2381.10009765625,True,ok,,0.0,78074.35115144085,76015.12205083235,1.0270897295834305,2145.004773081166,-6.60009765625,213.99522691883385,18.0,False,False
ISMN_SNOTEL_HappyJack,sm_only,34.74594,-111.41219,2292.0,Csa,oos,2293.5,2293.199951171875,2298.300048828125,True,ok,,0.0,79608.69599696269,76655.06069662249,1.0385315108160933,1988.5076406312255,-1.5,303.4923593687745,5.10009765625,False,False
ISMN_SNOTEL_Hardscrabble,sm_only,40.86833,-111.71865,2216.0,Dsb,train,2219.10009765625,2190.5,2239.60009765625,True,ok,,0.0,80858.41281506616,77386.23472815023,1.0448681616196127,1862.8362038287335,-3.10009765625,353.16379617126654,49.10009765625,False,False
ISMN_SNOTEL_HarrisFlat,sm_only,37.48997,-112.57602,2377.0,Dsb,train,2375.5,2373.699951171875,2384.5,True,ok,,0.0,76660.4148135648,75843.93755533337,1.010765227710333,2291.4413507719064,1.5,85.5586492280936,10.800048828125,False,False
ISMN_SNOTEL_HawleyLake,sm_only,33.97121,-109.76531,2527.0,Csa,train,2540.0,2535.300048828125,2549.60009765625,True,ok,,0.0,77597.44907169747,74429.50334192823,1.0425630373377035,2194.154137106627,-13.0,332.8458628933731,14.300048828125,False,False
ISMN_SNOTEL_HaydenFork,sm_only,40.79669,-110.88472,2792.0,Dfb,train,2792.400146484375,2774.300048828125,2825.5,True,ok,,0.0,71019.54102792226,71982.89988829565,0.9866168373062444,2898.348841660175,-0.400146484375,-106.34884166017491,51.199951171875,False,True
ISMN_SNOTEL_HeavenlyValley,sm_only,38.92431,-119.91641,2603.0,Dsb,train,2610.5,2603.5,2629.300048828125,True,ok,,0.0,79984.3027562962,73721.05409742719,1.0849587507334295,1950.5697333321264,-7.5,652.4302666678736,25.800048828125,False,False
ISMN_SNOTEL_Hewinta,sm_only,40.95009,-110.48419,2899.0,Dfb,train,2900.0,2892.800048828125,2908.900146484375,True,ok,,0.0,72152.57074878525,71013.67485081668,1.016037698377969,2773.388903757971,-1.0,125.6110962420289,16.10009765625,False,False
ISMN_SNOTEL_HickersonPark,sm_only,40.90663,-109.96287,2783.0,Bsk,train,2780.800048828125,2775.300048828125,2786.10009765625,True,ok,,0.0,75905.47161501095,72064.90935477856,1.0532930977728028,2370.52592775882,2.199951171875,412.4740722411798,10.800048828125,False,False
ISMN_SNOTEL_HighLonesome,sm_only,40.0359,-105.75472,3240.0,Dfc,train,3245.10009765625,3225.199951171875,3257.699951171875,True,ok,,0.0,72718.13524555099,67995.08780603012,1.069461597770038,2711.6073223669214,-5.10009765625,528.3926776330786,32.5,False,False
ISMN_SNOTEL_HighRidge,sm_only,45.69682,-118.10657,1494.0,Dsb,oos,1498.300048828125,1486.9000244140625,1504.7000732421875,True,ok,,0.0,88194.1281602926,84618.26566847945,1.0422587542248003,1155.3272460138385,-4.300048828125,338.6727539861615,17.800048828125,False,False
ISMN_SNOTEL_HiltsCreek,sm_only,44.01896,-113.47242,2463.0,Bsk,oos,2474.0,2451.199951171875,2501.300048828125,True,ok,,0.0,74870.51912217659,75030.35888507836,0.997869665489051,2479.9846654264593,-11.0,-16.984665426459287,50.10009765625,False,False
ISMN_SNOTEL_HobbleCreek,sm_only,40.18538,-111.35971,2243.0,Dfa,train,2257.900146484375,2237.300048828125,2266.60009765625,True,ok,,0.0,77841.52190983086,77125.83165010718,1.0092795143262832,2168.969612288598,-14.900146484375,74.030387711402,29.300048828125,False,False
ISMN_SNOTEL_Hole-in-Mountain,sm_only,40.94168,-115.0954,2490.0,Dfb,train,2483.60009765625,2470.5,2509.5,True,ok,,0.0,78574.89500068437,74776.39583767472,1.050798104407913,2093.679680061452,6.39990234375,396.320319938548,39.0,False,False
ISMN_SNOTEL_Hole-in-Rock,sm_only,40.92167,-110.18623,2795.0,Bsk,oos,2795.900146484375,2785.900146484375,2809.900146484375,True,ok,,0.0,74193.22591782363,71955.58019901901,1.0310975981656405,2552.281678902082,-0.900146484375,242.71832109791785,24.0,False,True
ISMN_SNOTEL_HollandMeadows,sm_only,43.66917,-122.56877,1503.0,Csb,oos,1483.300048828125,1462.300048828125,1491.2000732421875,True,ok,,0.0,91379.14914869952,84524.86687096252,1.0810919026728654,862.9093447991021,19.699951171875,640.0906552008979,28.9000244140625,False,False
ISMN_SNOTEL_HoosierPass,sm_only,39.36092,-106.05999,3536.0,Dfc,train,3533.699951171875,3519.10009765625,3542.5,True,ok,,0.0,66169.00964798298,65459.875094571296,1.0108331180343253,3452.2825806900064,2.300048828125,83.7174193099936,23.39990234375,False,False
ISMN_SNOTEL_Hopewell,sm_only,36.71632,-106.2637,3072.0,Dfb,oos,3075.400146484375,3065.60009765625,3087.400146484375,True,ok,,0.0,70634.19876214756,69468.98368899558,1.0167731700001328,2941.215505136464,-3.400146484375,130.7844948635361,21.800048828125,False,False
ISMN_SNOTEL_HorseMeadow,sm_only,38.83652,-119.88732,2615.0,Dsb,train,2623.900146484375,2606.0,2626.60009765625,True,ok,,0.0,79724.51215182726,73609.69456982584,1.083070818561826,1976.7942804112604,-8.900146484375,638.2057195887396,20.60009765625,False,False
ISMN_SNOTEL_HorseRidge,sm_only,41.31372,-111.44624,2502.0,Dfb,val,2498.5,2487.900146484375,2507.400146484375,True,ok,,0.0,76770.06891809814,74663.74703049513,1.0282107712427389,2280.006971373342,3.5,221.9930286266581,19.5,False,False
ISMN_SNOTEL_HuntingtonHorse,sm_only,39.61774,-111.30576,2941.0,Dfb,train,2945.10009765625,2924.800048828125,2947.900146484375,True,ok,,0.0,77754.01118729469,70636.13176390059,1.1007682505489602,2177.9919966483394,-4.10009765625,763.0080033516606,23.10009765625,False,False
ISMN_SNOTEL_ImnaviatCreek,sm_only,68.61652,-149.3033,927.0,Dfc,val,932.2000122070312,929.4000244140625,933.2000122070312,True,ok,,0.0,91529.46577419149,90673.22745726652,1.0094431216461164,849.3138946980505,-5.20001220703125,77.68610530194951,3.79998779296875,False,False
ISMN_SNOTEL_IndependenceCamp,sm_only,39.45269,-120.29367,2124.0,Dsb,train,2124.699951171875,2118.199951171875,2126.300048828125,True,ok,,0.0,79984.64923949493,78278.8854447346,1.021790854392844,1950.534803691037,-0.699951171875,173.46519630896296,8.10009765625,False,True
ISMN_SNOTEL_IndependenceCreek,sm_only,39.49001,-120.28226,1963.0,Dsb,train,1962.300048828125,1955.0999755859375,1975.9000244140625,True,ok,,0.0,79984.64923949493,79861.07836391123,1.0015473229026612,1950.534803691037,0.699951171875,12.465196308962959,20.800048828125,False,True
ISMN_SNOTEL_IndependenceLake,sm_only,39.42752,-120.31342,2542.0,Dsb,train,2538.800048828125,2507.900146484375,2549.60009765625,True,ok,,0.0,79193.8923466158,74289.2430084717,1.0660209895742885,2030.5733948177738,3.199951171875,511.42660518222624,41.699951171875,False,False
ISMN_SNOTEL_IslandPark,sm_only,44.4203,-111.38512,1920.0,Dfc,train,1920.300048828125,1918.300048828125,1921.2000732421875,True,ok,,0.0,79520.49629809154,80288.0032980997,0.9904405768174542,1997.437199566461,-0.300048828125,-77.437199566461,2.9000244140625,False,True
ISMN_SNOTEL_JackCreekUpper,sm_only,41.54675,-116.00517,2249.0,Bsk,train,2247.900146484375,2240.300048828125,2272.60009765625,True,ok,,0.0,79281.3806802628,77068.06076968786,1.028719029497697,2021.6862728011592,1.099853515625,227.31372719884075,32.300048828125,False,False
ISMN_SNOTEL_JackWadeJct,sm_only,64.14797,-141.32985,1052.0,Dfc,train,1117.5,1107.5,1120.5,True,ok,,0.0,91194.28281800175,89309.12862620845,1.0211081915229896,879.6545106218811,-65.5,172.34548937811894,13.0,True,False
ISMN_SNOTEL_JacksPeak,sm_only,41.5136,-116.0117,2573.0,Bsk,val,2589.0,2548.800048828125,2625.0,True,ok,,0.0,79306.18481562287,74000.04984191337,1.0717044783759608,2019.1680974596632,-16.0,553.8319025403368,76.199951171875,False,False
ISMN_SNOTEL_JacksonPeak,sm_only,44.05092,-115.44322,2152.0,Dsb,oos,2153.699951171875,2144.10009765625,2179.60009765625,True,ok,,0.0,81614.84568402913,78006.33116290387,1.046259251875203,1787.531519176875,-1.699951171875,364.468480823125,35.5,False,False
ISMN_SNOTEL_JackwhackerGulch,sm_only,39.57096,-105.80355,3362.0,Dfb,val,3358.400146484375,3340.0,3391.5,True,ok,,0.0,68230.89303432938,66940.7131350233,1.019273471089316,3212.9251726675675,3.599853515625,149.0748273324325,51.5,False,False
ISMN_SNOTEL_JonesCorral,sm_only,38.07125,-112.16788,2960.0,Bsk,train,2963.10009765625,2948.800048828125,2973.800048828125,True,ok,,0.0,76046.7254119046,70465.87326265185,1.079199361206394,2355.680505660221,-3.10009765625,604.3194943397789,25.0,False,False
ISMN_SNOTEL_JonesPass,sm_only,39.7645,-105.90655,3176.0,Dfc,train,3173.199951171875,3157.199951171875,3187.60009765625,True,ok,,0.0,69028.68719446617,68553.55570339803,1.006930807398581,3121.8818199974235,2.800048828125,54.11818000257654,30.400146484375,False,False
ISMN_SNOTEL_Kalamazoo,sm_only,39.5579,-114.62762,2359.0,Bsk,train,2385.400146484375,2379.0,2429.199951171875,True,ok,,0.0,77948.30304501437,76015.12205083235,1.0254315318061225,2157.9715606123054,-26.400146484375,201.02843938769456,50.199951171875,False,False
ISMN_SNOTEL_KelleyR.S.,sm_only,42.26554,-110.80181,2512.0,Dfb,train,2515.199951171875,2503.800048828125,2524.199951171875,True,ok,,0.0,77993.10029758995,74569.9780294789,1.0459048313888175,2153.3612459330834,-3.199951171875,358.6387540669166,20.39990234375,False,False
ISMN_SNOTEL_KellyStation,sm_only,67.9297,-162.2906,116.0,Dfc,train,98.0,93.20000457763672,105.0,True,ok,,0.0,98916.87648389372,99939.21207285802,0.9897704257642238,202.41427745946902,18.0,-86.41427745946902,11.799995422363281,False,False
ISMN_SNOTEL_KenaiMoosePens,sm_only,60.72499,-150.47369,91.0,Dsc,train,91.20000457763672,89.5999984741211,91.20000457763672,True,ok,,0.0,100072.58026365316,100236.5680240487,0.9983639926662672,104.77972103176853,-0.20000457763671875,-13.779721031768531,1.600006103515625,False,True
ISMN_SNOTEL_KilfoilCreek,sm_only,41.24764,-111.41249,2204.0,Dfb,oos,2212.900146484375,2203.400146484375,2239.800048828125,True,ok,,0.0,77805.54527528744,77502.1977147721,1.0039140510780318,2172.6778204687844,-8.900146484375,31.322179531215625,36.39990234375,False,False
ISMN_SNOTEL_KimberlyMine,sm_only,38.48383,-112.39273,2777.0,Bsk,train,2770.900146484375,2762.10009765625,2796.199951171875,True,ok,,0.0,75536.18329429757,72119.62435106553,1.0473734988773769,2409.4431713767167,6.099853515625,367.5568286232833,34.099853515625,False,False
ISMN_SNOTEL_KingsCabin,sm_only,40.71632,-109.54401,2664.0,Bsk,train,2669.800048828125,2665.199951171875,2679.800048828125,True,ok,,0.0,73557.12677265143,73156.38919069956,1.0054778206850432,2620.6697654625136,-5.800048828125,43.330234537486376,14.60009765625,False,False
ISMN_SNOTEL_KlondikeNarrows,sm_only,41.96769,-111.59713,2219.0,Dfb,train,2220.800048828125,2214.400146484375,2233.5,True,ok,,0.0,76010.8830413359,77357.26594557932,0.9825952625421044,2359.4453340934206,-1.800048828125,-140.44533409342057,19.099853515625,False,False
ISMN_SNOTEL_Kolob,sm_only,37.52664,-113.05386,2819.0,Bsk,train,2828.60009765625,2820.300048828125,2846.199951171875,True,ok,,0.0,79312.19152280659,71737.32479242557,1.105591709090061,2018.558378054224,-9.60009765625,800.441621945776,25.89990234375,False,False
ISMN_SNOTEL_Lakefork#1,sm_only,40.59709,-110.43316,3085.0,Bsk,train,3095.0,3086.400146484375,3112.900146484375,True,ok,,0.0,71022.04217851766,69354.01690685481,1.0240508819251677,2898.0712217804385,-10.0,186.92877821956154,26.5,False,False
ISMN_SNOTEL_LakeforkBasin,sm_only,40.73785,-110.62121,3319.0,Bsk,train,3319.699951171875,3310.800048828125,3325.0,True,ok,,0.0,70274.50512517108,67310.81510655706,1.0440299231842955,2981.4001538047664,-0.699951171875,337.59984619523357,14.199951171875,False,True
ISMN_SNOTEL_LamanceCreek,sm_only,41.51542,-117.63197,1948.0,Bsk,val,1951.0999755859375,1941.5999755859375,1955.800048828125,True,ok,,0.0,82250.26117446276,80009.79636933103,1.028002381043311,1724.7099255833964,-3.0999755859375,223.2900744166036,14.2000732421875,False,False
ISMN_SNOTEL_Lamoille#3,sm_only,40.6448,-115.3812,2448.0,Dfb,val,2458.400146484375,2444.60009765625,2482.900146484375,True,ok,,0.0,77468.171770206,75171.75096737152,1.030548986464759,2207.5195408167165,-10.400146484375,240.48045918328353,38.300048828125,False,False
ISMN_SNOTEL_LamoilleUpper,sm_only,40.59965,-115.37902,2740.0,Dfb,oos,2739.10009765625,2716.10009765625,2754.400146484375,True,ok,,0.0,75579.5770448323,72457.77730045252,1.0430843983998428,2404.8621676509624,0.89990234375,335.1378323490376,38.300048828125,False,True
ISMN_SNOTEL_LapreleCreek,sm_only,42.43566,-105.86051,2551.0,Dfb,oos,2558.60009765625,2549.800048828125,2558.60009765625,True,ok,,0.0,76190.58113622366,74205.18959422031,1.0267554271185095,2340.5845588182437,-7.60009765625,210.41544118175625,8.800048828125,False,False
ISMN_SNOTEL_LarsenCreek,sm_only,42.58019,-109.08829,2707.0,Dfb,oos,2712.10009765625,2703.400146484375,2717.699951171875,True,ok,,0.0,72549.31219252653,72760.45526311678,0.9970981067967936,2730.008491210577,-5.10009765625,-23.008491210577176,14.2998046875,False,False
ISMN_SNOTEL_LasalMountain,sm_only,38.48226,-109.27198,2920.0,Bsk,train,2923.400146484375,2900.0,2937.60009765625,True,ok,,0.0,74770.56730083827,70824.69960230558,1.055713158272319,2490.6205301008085,-3.400146484375,429.37946989919146,37.60009765625,False,False
ISMN_SNOTEL_LasalMountain-Lower,sm_only,38.48167,-109.29164,2676.0,Bsk,train,2690.800048828125,2672.699951171875,2704.199951171875,True,ok,,0.0,74853.06412751506,73045.7209370131,1.0247426292371105,2481.84122096968,-14.800048828125,194.15877903032015,31.5,False,False
ISMN_SNOTEL_LaurelDraw,sm_only,41.77637,-116.02957,2036.0,Bwk,train,2039.5999755859375,2032.5,2046.5,True,ok,,0.0,80645.54351731454,79140.50915840293,1.0190172438226195,1884.130672018579,-3.5999755859375,151.86932798142107,14.0,False,False
ISMN_SNOTEL_LeavittLake,sm_only,38.27594,-119.61281,2926.0,Csb,train,2942.5,2919.60009765625,2951.5,True,ok,,0.0,73885.56868926225,70770.78153400213,1.044012332317732,2585.298890346639,-16.5,340.7011096533611,31.89990234375,False,False
ISMN_SNOTEL_LeavittMeadows,sm_only,38.30367,-119.55111,2195.0,Csb,train,2195.199951171875,2187.300048828125,2206.10009765625,True,ok,,0.0,73886.69895144274,77589.26226095734,0.9522799521271164,2585.1773891054954,-0.199951171875,-390.1773891054954,18.800048828125,False,True
ISMN_SNOTEL_LeeCanyon,sm_only,36.30537,-115.67508,2627.0,Bwh,train,2636.0,2616.60009765625,2661.0,True,ok,,0.0,78654.9633755646,73498.47129081255,1.0701578140904358,2085.494154691736,-9.0,541.5058453082638,44.39990234375,False,False
ISMN_SNOTEL_LewisLakeDivide,sm_only,44.20862,-110.66628,2402.0,Dfc,train,2402.10009765625,2400.800048828125,2404.199951171875,True,ok,,0.0,75463.27567575274,75606.69929253536,0.9981030303118024,2417.144703601707,-0.10009765625,-15.144703601707079,3.39990234375,False,True
ISMN_SNOTEL_LewisPeak,sm_only,40.3572,-116.8647,2249.0,Bsk,train,2252.10009765625,2232.60009765625,2278.60009765625,True,ok,,0.0,80285.24598147071,77068.06076968786,1.041744727707593,1920.277123044841,-3.10009765625,328.7228769551591,46.0,False,False
ISMN_SNOTEL_LightningRidge,sm_only,41.35891,-111.48749,2499.0,Dfb,train,2501.699951171875,2492.10009765625,2511.800048828125,True,ok,,0.0,76862.25610886177,74691.89634097,1.0290574998656352,2270.4042140856504,-2.699951171875,228.59578591434956,19.699951171875,False,False
ISMN_SNOTEL_LilyLake,sm_only,40.86493,-110.79813,2783.0,Dfb,val,2788.199951171875,2775.60009765625,2808.699951171875,True,ok,,0.0,72444.09532618738,72064.90935477856,1.0052617282780731,2741.494336444636,-5.199951171875,41.50566355536421,33.099853515625,False,False
ISMN_SNOTEL_LilyPond,sm_only,37.38028,-106.54823,3371.0,Dfb,train,3372.300048828125,3358.800048828125,3379.400146484375,True,ok,,0.0,68245.61072501521,66863.458874082,1.0206712586247757,3211.2378214274513,-1.300048828125,159.7621785725487,20.60009765625,False,False
ISMN_SNOTEL_LittleBear,sm_only,41.40562,-111.82607,1993.0,Dsa,oos,1996.300048828125,1981.9000244140625,2019.9000244140625,True,ok,,0.0,81283.35378456063,79564.31383747877,1.0216056654569188,1820.4624572645923,-3.300048828125,172.53754273540767,38.0,False,False
ISMN_SNOTEL_LittleChenaRidge,sm_only,65.12422,-146.7339,655.0,Dfc,oos,653.5,640.6000366210938,656.6000366210938,True,ok,,0.0,94128.53930313142,93699.84965534737,1.0045751369864615,617.0513654724245,1.5,37.94863452757545,16.0,False,False
ISMN_SNOTEL_LittleGrassy,sm_only,37.48631,-113.84582,1847.0,Bsk,train,1848.7000732421875,1847.800048828125,1866.5,True,ok,,0.0,81294.34901322544,81017.01359451433,1.0034231750394942,1819.368431428647,-1.7000732421875,27.631568571353,18.699951171875,False,False
ISMN_SNOTEL_LittleSnakeRiver,sm_only,41.07051,-106.94284,2722.0,Dfb,train,2721.5,2704.10009765625,2732.699951171875,True,ok,,0.0,73531.56438184307,72622.74771150014,1.0125142148842023,2623.4280147965305,0.5,98.57198520346947,28.599853515625,False,True
ISMN_SNOTEL_LittleValley,sm_only,39.25259,-119.8771,1981.0,Dsb,train,1976.5999755859375,1975.9000244140625,1986.5,True,ok,,0.0,78139.34952650219,79682.9123013616,0.9806286852440628,2138.324900544829,4.4000244140625,-157.32490054482878,10.5999755859375,False,False
ISMN_SNOTEL_LizardHeadPass,sm_only,37.79895,-107.92475,3106.0,Dfc,train,3100.800048828125,3087.699951171875,3117.60009765625,True,ok,,0.0,68569.70737450384,69168.62681595297,0.9913411691250896,3174.155321469609,5.199951171875,-68.15532146960913,29.900146484375,False,False
ISMN_SNOTEL_LobdellLake,sm_only,38.43745,-119.36572,2822.0,Csb,train,2821.300048828125,2804.699951171875,2828.10009765625,True,ok,,0.0,76404.60858583698,71710.08060045511,1.0654653843096096,2318.1675806220182,0.699951171875,503.83241937798175,23.400146484375,False,True
ISMN_SNOTEL_LoneCone,sm_only,37.89169,-108.19636,2966.0,Dfb,oos,2972.800048828125,2967.10009765625,2974.900146484375,True,ok,,0.0,71470.34831162007,70412.17651346755,1.0150282500918022,2848.438040067831,-6.800048828125,117.56195993216897,7.800048828125,False,False
ISMN_SNOTEL_LonesomeBeaver,sm_only,38.07,-110.77241,2905.0,Bwk,train,2895.199951171875,2816.0,2977.800048828125,True,ok,,0.0,77824.37885599166,70959.64031097971,1.0967414507025024,2170.7364196834465,9.800048828125,734.2635803165535,161.800048828125,False,False
ISMN_SNOTEL_LongDrawResv,sm_only,40.51154,-105.7654,3045.0,Et,train,3036.900146484375,3030.400146484375,3053.10009765625,True,ok,,0.0,69700.92798132185,69708.2539657003,0.9998949050655884,3045.825572300204,8.099853515625,-0.8255723002039304,22.699951171875,False,False
ISMN_SNOTEL_LongFlat,sm_only,37.51255,-113.39661,2435.0,Bsk,train,2436.400146484375,2430.199951171875,2439.5,True,ok,,0.0,80326.63976122058,75294.46522074715,1.0668332595990977,1916.1176674924366,-1.400146484375,518.8823325075634,9.300048828125,False,False
ISMN_SNOTEL_LongValley,sm_only,44.78835,-116.08878,1490.0,Dsb,train,1492.9000244140625,1487.2000732421875,1493.7000732421875,True,ok,,0.0,82928.22477332345,84659.80306053814,0.9795466298690008,1658.1135850856522,-2.9000244140625,-168.11358508565218,6.5,False,False
ISMN_SNOTEL_LongValleyJct,sm_only,37.48756,-112.51458,2274.0,Dfb,train,2274.699951171875,2265.400146484375,2278.0,True,ok,,0.0,76651.36140885916,76827.7258018089,0.9977044173687412,2292.386002602615,-0.699951171875,-18.386002602615008,12.599853515625,False,True
ISMN_SNOTEL_Lookout,sm_only,47.45749,-115.70457,1579.0,Dsb,train,1575.0999755859375,1549.9000244140625,1589.5,True,ok,,0.0,84765.33983840336,83739.48970632184,1.0122504941895305,1479.8440810435059,3.9000244140625,99.15591895649413,39.5999755859375,False,False
ISMN_SNOTEL_LookoutPeak,sm_only,40.83731,-111.70965,2484.0,Dsb,train,2494.0,2483.199951171875,2517.699951171875,True,ok,,0.0,80810.49947964188,74832.77182661452,1.0798811470845633,1867.625271825174,-10.0,616.374728174826,34.5,False,False
ISMN_SNOTEL_LostCreekResv,sm_only,41.22155,-111.35947,1850.0,Dfb,train,1854.0,1852.300048828125,1893.0999755859375,True,ok,,0.0,77378.13911724952,80986.9490441253,0.9554396113266406,2216.8382879072815,-4.0,-366.8382879072815,40.7999267578125,False,False
ISMN_SNOTEL_LostDog,sm_only,40.81557,-106.74833,2847.0,Dfc,train,2846.60009765625,2826.60009765625,2872.300048828125,True,ok,,0.0,71972.63321889973,71483.3713193592,1.0068444155684084,2793.1272841803116,0.39990234375,53.87271581968844,45.699951171875,False,True
ISMN_SNOTEL_LouisMeadow,sm_only,40.83033,-111.76457,2057.0,Dsa,train,2056.60009765625,2056.60009765625,2111.300048828125,True,ok,,0.0,80858.41281506616,78934.20016844444,1.024377426293235,1862.8362038287335,0.39990234375,194.16379617126654,54.699951171875,False,True
ISMN_SNOTEL_MagicMountain,sm_only,42.18071,-114.28665,2115.0,Bsk,train,2126.800048828125,2119.0,2138.5,True,ok,,0.0,79639.90700687602,78366.65575339644,1.0162473598144377,1985.3496785685022,-11.800048828125,129.6503214314978,19.5,False,False
ISMN_SNOTEL_Mammoth-Cottonwood,sm_only,39.68338,-111.31818,2655.0,Dfb,train,2655.5,2651.400146484375,2665.699951171875,True,ok,,0.0,77678.59268077099,73239.47944563978,1.0606109337304348,2185.774268658742,-0.5,469.22573134125787,14.2998046875,False,True
ISMN_SNOTEL_MarletteLake,sm_only,39.16395,-119.89672,2396.0,Dsb,train,2394.900146484375,2394.400146484375,2411.10009765625,True,ok,,0.0,80093.36722171845,75663.5815981012,1.058545809358414,1939.5807794534578,1.099853515625,456.4192205465422,16.699951171875,False,False
ISMN_SNOTEL_MayCreek,sm_only,61.34918,-142.69355,482.0,Dfc,oos,477.8999938964844,472.3999938964844,482.70001220703125,True,ok,,0.0,89383.28270739636,95667.06015691828,0.9343161853284198,1045.1652499852573,4.100006103515625,-563.1652499852573,10.300018310546875,False,False
ISMN_SNOTEL_McGrath,sm_only,62.94652,-155.6102,104.0,Dfc,train,102.5,102.20000457763672,103.4000015258789,True,ok,,0.0,99281.24840816876,100081.85365539252,0.9920004954146788,171.53266415199172,1.5,-67.53266415199172,1.1999969482421875,False,False
ISMN_SNOTEL_McneilRiverSGS,sm_only,59.08358,-154.27785,34.0,Dfc,train,29.100000381469727,29.100000381469727,46.60000228881836,True,ok,,0.0,98886.94257999658,100917.21897892262,0.9798817642869244,204.95535779090957,4.899999618530273,-170.95535779090957,17.500001907348633,False,False
ISMN_SNOTEL_MedBow,sm_only,41.37833,-106.34697,3200.0,Dfc,train,3199.800048828125,3192.400146484375,3211.0,True,ok,,0.0,71524.95552456885,68343.696673271,1.0465479481817674,2842.409565506825,0.199951171875,357.59043449317505,18.599853515625,False,True
ISMN_SNOTEL_MerchantValley,sm_only,38.30285,-112.43637,2655.0,Bsk,train,2652.10009765625,2637.0,2682.699951171875,True,ok,,0.0,74578.4762416581,73239.47944563978,1.0182824455628765,2511.0932882691277,2.89990234375,143.9067117308723,45.699951171875,False,False
ISMN_SNOTEL_MicaCreek,sm_only,47.15045,-116.26643,1366.0,Dsb,train,1377.300048828125,1366.7000732421875,1387.2000732421875,True,ok,,0.0,90338.41972404184,85955.675553934,1.0509884209723632,957.5385591196624,-11.300048828125,408.4614408803376,20.5,False,False
ISMN_SNOTEL_MichiganCreek,sm_only,39.43579,-105.91072,3261.0,Dfb,train,3262.400146484375,3248.0,3283.400146484375,True,ok,,0.0,68393.25710648677,67812.64539708782,1.0085619976333189,3194.326769118141,-1.400146484375,66.67323088185913,35.400146484375,False,False
ISMN_SNOTEL_MiddleForkCamp,sm_only,39.79565,-106.02802,2731.0,Dfc,train,2735.5,2732.199951171875,2737.400146484375,True,ok,,0.0,70206.2476156193,72540.22453191198,0.9678250662807651,2989.044614480536,-4.5,-258.044614480536,5.2001953125,False,False
ISMN_SNOTEL_MidwayValley,sm_only,37.56933,-112.83849,2996.0,Dsb,train,3010.60009765625,2983.800048828125,3033.60009765625,True,ok,,0.0,73671.45336880645,70144.18952211684,1.0502859020928237,2608.343114639497,-14.60009765625,387.6568853605031,49.800048828125,False,False
ISMN_SNOTEL_Mill-DNorth,sm_only,40.65883,-111.63683,2725.0,Dsb,train,2741.0,2708.0,2753.300048828125,True,ok,,0.0,77395.62827532264,72595.23154298718,1.066125510316651,2215.0274018079413,-16.0,509.97259819205874,45.300048828125,False,False
ISMN_SNOTEL_MiningFork,sm_only,40.49384,-112.61141,2527.0,Dfa,train,2524.0,2488.5,2561.5,True,ok,,0.0,82569.76726962428,74429.50334192823,1.1093687793441236,1693.2696943372512,3.0,833.7303056627488,73.0,False,False
ISMN_SNOTEL_MonitorPass,sm_only,38.6683,-119.6087,2536.0,Bsk,train,2533.800048828125,2524.199951171875,2540.60009765625,True,ok,,0.0,79445.00636463182,74345.32143538822,1.068594564268252,2005.08636173094,2.199951171875,530.9136382690599,16.400146484375,False,False
ISMN_SNOTEL_MonteCristo,sm_only,41.46547,-111.49688,2722.0,Dfb,train,2723.800048828125,2695.900146484375,2724.699951171875,True,ok,,0.0,76959.68239931221,72622.74771150014,1.059718680778107,2260.265852296808,-1.800048828125,461.73414770319187,28.7998046875,False,False
ISMN_SNOTEL_MonumentCreek,sm_only,65.07738,-145.87358,567.0,Dfc,oos,558.6000366210938,556.6000366210938,562.6000366210938,True,ok,,0.0,92714.10046094283,94696.37565692831,0.9790670426166364,742.7971110675091,8.39996337890625,-175.79711106750915,6.0,False,False
ISMN_SNOTEL_MooreCreekBridge,sm_only,59.58668,-135.19455,1024.0,Dsb,train,678.6000366210938,655.2000122070312,699.0,True,ok,,0.0,89743.879094503,89613.23282359834,1.0014578903894902,1011.9945363369269,345.39996337890625,12.005463663073101,43.79998779296875,True,False
ISMN_SNOTEL_MormonMountain,sm_only,34.94141,-111.51864,2283.0,Csa,oos,2284.699951171875,2284.699951171875,2290.699951171875,True,ok,,0.0,79338.83686632283,76741.3539273999,1.0338472388873965,2015.854155075179,-1.699951171875,267.14584492482095,6.0,False,False
ISMN_SNOTEL_MormonMtnSummit,sm_only,34.96942,-111.50868,2576.0,Dsb,train,2583.300048828125,2574.10009765625,2586.699951171875,True,ok,,0.0,79247.03562354571,73972.11185475392,1.071309627865556,2025.1741187995635,-7.300048828125,550.8258812004365,12.599853515625,False,False
ISMN_SNOTEL_MosbyMtn.,sm_only,40.60798,-109.8881,2911.0,Bsk,train,2913.800048828125,2902.400146484375,2922.900146484375,True,ok,,0.0,71212.06119276697,70905.63906834493,1.0043215480242225,2877.0028169559355,-2.800048828125,33.99718304406451,20.5,False,False
ISMN_SNOTEL_MoscowMountain,sm_only,46.805,-116.8535,1433.0,Dsb,oos,1423.4000244140625,1399.7000732421875,1425.300048828125,True,ok,,0.0,91951.0222184677,85253.50710102575,1.0785599953032474,811.2822582691502,9.5999755859375,621.7177417308498,25.5999755859375,False,False
ISMN_SNOTEL_MosesMtn,sm_only,48.36166,-119.08158,1667.0,Dfb,train,1662.5999755859375,1648.9000244140625,1667.5,True,ok,,0.0,87967.826315204,82837.49864830279,1.061932430971663,1176.427677185955,4.4000244140625,490.57232281404504,18.5999755859375,False,False
ISMN_SNOTEL_MosquitoRidge,sm_only,48.05726,-116.23055,1606.0,Dsb,oos,1597.4000244140625,1577.7000732421875,1610.0,True,ok,,0.0,90017.98840718142,83461.90095288077,1.078551858745728,986.85176224646,8.5999755859375,619.14823775354,32.2999267578125,False,False
ISMN_SNOTEL_Mt.Ryan,sm_only,65.25113,-146.15133,838.0,Dfc,train,836.9000244140625,823.7999877929688,851.0,True,ok,,0.0,92333.2749561516,91654.7092122936,1.007403501136928,776.9183508220365,1.0999755859375,61.08164917796353,27.20001220703125,False,False
ISMN_SNOTEL_MtBaldy,sm_only,39.13648,-111.50527,2905.0,Bsk,oos,2907.5,2896.10009765625,2926.5,True,ok,,0.0,76676.20754727071,70959.64031097971,1.0805608260024744,2289.7937189848685,-2.5,615.2062810151315,30.39990234375,False,False
ISMN_SNOTEL_MtPennell,sm_only,37.97793,-110.7933,2807.0,Bwk,train,2804.0,2766.199951171875,2847.199951171875,True,ok,,0.0,77800.25548778402,71846.38538701106,1.0828694452574277,2173.2231701232063,3.0,633.7768298767937,81.0,False,False
ISMN_SNOTEL_MtRoseSkiArea,sm_only,39.31573,-119.89473,2685.0,Dsb,oos,2686.60009765625,2673.199951171875,2721.400146484375,True,ok,,0.0,79433.66275364427,72962.80874184484,1.0886870190907048,2006.2362834398682,-1.60009765625,678.7637165601318,48.2001953125,False,False
ISMN_SNOTEL_MudFlat,sm_only,42.6004,-116.55925,1753.0,Bsk,train,1752.9000244140625,1747.800048828125,1757.2000732421875,True,ok,,0.0,82833.22746065237,81963.62439532709,1.0106096219114349,1667.418547194588,0.0999755859375,85.58145280541203,9.4000244140625,False,True
ISMN_SNOTEL_MyrtleCreek,sm_only,48.72263,-116.46312,1079.0,Dsb,oos,1078.4000244140625,1050.5999755859375,1118.5999755859375,True,ok,,0.0,85490.9110938926,89016.67722610389,0.96039207211413,1410.2973865282597,0.5999755859375,-331.2973865282597,68.0,False,True
ISMN_SNOTEL_NavajoWhiskeyCk,sm_only,36.17716,-108.94556,2758.0,Bsk,train,2760.10009765625,2757.699951171875,2760.699951171875,True,ok,,0.0,76971.7918341945,72293.11046800621,1.0647182191484053,2259.006448137201,-2.10009765625,498.993551862799,3.0,False,False
ISMN_SNOTEL_NukaGlacier,sm_only,59.69804,-150.71163,372.0,Dsc,train,379.0,378.3999938964844,379.70001220703125,True,ok,,0.0,92671.05221307828,96935.18410158833,0.9560104834170304,746.6484566066274,-7.0,-374.6484566066274,1.300018310546875,False,False
ISMN_SNOTEL_ONeilCreek,sm_only,41.86411,-115.08251,1981.0,Bsk,train,1983.800048828125,1977.7000732421875,2008.9000244140625,True,ok,,0.0,79197.56820831195,79682.9123013616,0.993909056797346,2030.1998384347319,-2.800048828125,-49.19983843473187,31.199951171875,False,False
ISMN_SNOTEL_OakCreek,sm_only,39.3485,-112.192,2390.0,Dfb,val,2397.10009765625,2368.800048828125,2438.900146484375,True,ok,,0.0,81491.2038050917,75720.4985514842,1.0762106082764875,1799.8016157257143,-7.10009765625,590.1983842742857,70.10009765625,False,False
ISMN_SNOTEL_PalisadesTahoe,sm_only,39.18986,-120.26576,2441.0,Dsb,train,2443.5,2426.60009765625,2463.699951171875,True,ok,,0.0,80001.03977253285,75237.80773286035,1.063309022195129,1948.8825823398834,-2.5,492.11741766011664,37.099853515625,False,False
ISMN_SNOTEL_Palo,sm_only,36.40869,-105.33038,2844.0,Dfb,train,2847.60009765625,2832.60009765625,2873.5,True,ok,,0.0,72175.10245818361,71510.54574882962,1.0092931287601712,2770.920080144356,-3.60009765625,73.07991985564422,40.89990234375,False,False
ISMN_SNOTEL_PanguitchLakeRS,sm_only,37.70463,-112.65037,2530.0,Dfb,oos,2530.199951171875,2522.900146484375,2539.60009765625,True,ok,,0.0,74298.39832629003,74401.43413492263,0.9986151367936572,2541.02019449728,-0.199951171875,-11.020194497280045,16.699951171875,False,True
ISMN_SNOTEL_ParkCone,sm_only,38.81982,-106.58962,2926.0,Dfc,train,2928.5,2910.0,2950.199951171875,True,ok,,0.0,69264.22378148959,70770.78153400213,0.97871215041212,3095.1656022662905,-2.5,-169.16560226629053,40.199951171875,False,False
ISMN_SNOTEL_ParkReservoir,sm_only,39.04433,-107.87951,3045.0,Dfb,train,3051.800048828125,3034.10009765625,3054.400146484375,True,ok,,0.0,73119.79204208485,69708.2539657003,1.048940231354284,2667.9666808931584,-6.800048828125,377.03331910684165,20.300048828125,False,False
ISMN_SNOTEL_ParleysSummit,sm_only,40.76184,-111.62917,2313.0,Dsb,train,2316.800048828125,2298.60009765625,2332.800048828125,True,ok,,0.0,79230.46657285109,76454.01535341398,1.036315309360833,2026.8571944890919,-3.800048828125,286.14280551090815,34.199951171875,False,False
ISMN_SNOTEL_ParleysUpper,sm_only,40.70194,-111.60619,2539.0,Dsb,train,2566.400146484375,2548.60009765625,2606.5,True,ok,,0.0,79245.33337101583,74317.27793885389,1.0663110324925598,2025.347019606187,-27.400146484375,513.6529803938131,57.89990234375,False,False
ISMN_SNOTEL_ParrishCreek,sm_only,40.93417,-111.81372,2365.0,Dsa,oos,2371.900146484375,2360.300048828125,2384.800048828125,True,ok,,0.0,83151.26156583629,75958.02582644089,1.0947001407834305,1636.3010626569337,-6.900146484375,728.6989373430663,24.5,False,False
ISMN_SNOTEL_PaysonR.S.,sm_only,39.92976,-111.63109,2454.0,Dfa,oos,2454.400146484375,2448.199951171875,2460.699951171875,True,ok,,0.0,80968.35893443745,75115.16826743979,1.0779228856435226,1851.855470793085,-0.400146484375,602.144529206915,12.5,False,True
ISMN_SNOTEL_PebbleCreek,sm_only,42.7674,-112.10648,1987.0,Dfb,oos,1998.7000732421875,1995.5999755859375,2057.400146484375,True,ok,,0.0,81539.59074223028,79623.59518930732,1.0240631630406494,1794.9979502561746,-11.7000732421875,192.0020497438254,61.8001708984375,False,False
ISMN_SNOTEL_PhantomValley,sm_only,40.39803,-105.84606,2752.0,Et,train,2755.699951171875,2749.400146484375,2764.199951171875,True,ok,,0.0,69589.62450269508,72347.96570760083,0.9618739631732872,3058.377120670137,-3.699951171875,-306.3771206701372,14.7998046875,False,False
ISMN_SNOTEL_PickleKeg,sm_only,39.01219,-111.58259,2746.0,Bsk,train,2761.699951171875,2733.60009765625,2798.60009765625,True,ok,,0.0,74899.55353258213,72402.85464647101,1.0344834316036573,2476.8972713618173,-15.699951171875,269.1027286381827,65.0,False,False
ISMN_SNOTEL_PierceR.S.,sm_only,46.49597,-115.7957,939.0,Dsa,train,944.0,944.0,969.1000366210938,True,ok,,0.0,88677.43700383247,90541.54652304888,0.9794115564533472,1110.409818556968,-5.0,-171.40981855696805,25.10003662109375,False,False
ISMN_SNOTEL_PineCreek,sm_only,38.88185,-112.24915,2658.0,Bsk,oos,2669.5,2645.300048828125,2722.10009765625,True,ok,,0.0,78949.21678885505,73211.77420766563,1.0783677576903836,2055.46997338555,-11.5,602.53002661445,76.800048828125,False,False
ISMN_SNOTEL_PocketCreek,sm_only,42.7121,-109.4112,2856.0,Dfb,train,2866.400146484375,2862.400146484375,2880.10009765625,True,ok,,0.0,73971.39183233079,71401.89819691559,1.0359863491069794,2576.0773286223507,-10.400146484375,279.9226713776493,17.699951171875,False,False
ISMN_SNOTEL_PoisonFlat,sm_only,38.50576,-119.62624,2356.0,Csb,train,2361.199951171875,2354.10009765625,2373.400146484375,True,ok,,0.0,77180.10729736996,76043.68319231112,1.0149443590493228,2237.3663245228317,-5.199951171875,118.63367547716825,19.300048828125,False,False
ISMN_SNOTEL_PoleCanyon,sm_only,40.86293,-115.12067,2365.0,Dfb,train,2374.699951171875,2358.0,2413.199951171875,True,ok,,0.0,78239.92828882083,75958.02582644089,1.0300416241411268,2127.9972997354666,-9.699951171875,237.00270026453336,55.199951171875,False,False
ISMN_SNOTEL_PoleCreekR.S.,sm_only,41.87255,-115.24713,2548.0,Bsk,train,2556.10009765625,2536.10009765625,2580.5,True,ok,,0.0,77253.16493412046,74233.19883815637,1.0406821495399683,2229.7881889343307,-8.10009765625,318.2118110656693,44.39990234375,False,False
ISMN_SNOTEL_PorphyryCreek,sm_only,38.48864,-106.33967,3289.0,Dfb,train,3283.199951171875,3278.60009765625,3297.900146484375,True,ok,,0.0,70579.64720314334,67570.00565277695,1.0445410877399075,2947.2992808593262,5.800048828125,341.70071914067375,19.300048828125,False,False
ISMN_SNOTEL_PorterCanyon,sm_only,39.46544,-117.62069,2192.0,Bsk,val,2190.699951171875,2189.900146484375,2207.5,True,ok,,0.0,81464.11526271215,77618.30136936254,1.049547771923641,1802.4918685398961,1.300048828125,389.50813146010387,17.599853515625,False,False
ISMN_SNOTEL_PowderMountain,sm_only,41.37428,-111.76673,2588.0,Dsa,oos,2596.400146484375,2573.60009765625,2621.60009765625,True,ok,,0.0,80309.94688462526,73860.44530098123,1.0873201015423386,1917.7948429591836,-8.400146484375,670.2051570408164,48.0,False,False
ISMN_SNOTEL_QuartzMountain,sm_only,42.31923,-120.82533,1740.0,Dsb,train,1738.4000244140625,1729.2000732421875,1743.4000244140625,True,ok,,0.0,84552.8765667779,82095.24058050546,1.0299364003186322,1500.3001131484048,1.5999755859375,239.69988685159524,14.199951171875,False,False
ISMN_SNOTEL_QuartzPeak,sm_only,47.87927,-117.08938,1436.0,Dsb,oos,1432.0999755859375,1420.2000732421875,1444.2000732421875,True,ok,,0.0,90460.51961832716,85222.17570845161,1.0614669112391135,946.3909554268838,3.9000244140625,489.6090445731162,24.0,False,False
ISMN_SNOTEL_Quemazon,sm_only,35.92195,-106.39179,2893.0,Dfb,train,2893.400146484375,2884.10009765625,2901.800048828125,True,ok,,0.0,73294.7702772074,71067.74270356046,1.0313366865039792,2649.015701254879,-0.400146484375,243.98429874512112,17.699951171875,False,True
ISMN_SNOTEL_RaggedMountain,sm_only,47.85583,-117.03667,1283.0,Dsb,val,1277.9000244140625,1260.5999755859375,1294.9000244140625,True,ok,,0.0,90464.73832081509,86832.01237369272,1.0418362519515092,946.0060097271142,5.0999755859375,336.99399027288575,34.300048828125,False,False
ISMN_SNOTEL_RainbowCanyon,sm_only,36.2493,-115.62972,2390.0,Bwh,oos,2413.800048828125,2383.199951171875,2444.60009765625,True,ok,,0.0,76619.91126086436,75720.4985514842,1.0118780611140408,2295.6682812853164,-23.800048828125,94.33171871468357,61.400146484375,False,False
ISMN_SNOTEL_RainyPass,sm_only,48.51865,-120.7358,1487.0,Dsb,oos,1494.5999755859375,1438.5,1508.2000732421875,True,ok,,0.0,82156.0770382667,84690.9669382626,0.9700689460560326,1733.9967610033102,-7.5999755859375,-246.9967610033102,69.7000732421875,False,False
ISMN_SNOTEL_ReddenMineLwr,sm_only,40.67505,-111.21765,2603.0,Dfb,train,2605.400146484375,2590.0,2610.900146484375,True,ok,,0.0,78590.63909800164,73721.05409742719,1.066054196595439,2092.0696010717156,-2.400146484375,510.9303989282844,20.900146484375,False,False
ISMN_SNOTEL_ReesFlat,sm_only,39.49667,-111.72508,2188.0,Bsk,train,2203.5,2177.0,2243.0,True,ok,,0.0,78799.66103416712,77657.0338696619,1.014713762650567,2070.7185673863873,-15.5,117.28143261361265,66.0,False,False
ISMN_SNOTEL_ReynoldsCreek,sm_only,43.28863,-116.8431,1704.0,Bsk,train,1706.4000244140625,1699.300048828125,1719.0999755859375,True,ok,,0.0,85914.73723584018,82460.60956867282,1.041888214084699,1369.8940915195349,-2.4000244140625,334.10590848046513,19.7999267578125,False,False
ISMN_SNOTEL_RioSantaBarbara,sm_only,36.07196,-105.62949,3243.0,Dfb,oos,3254.400146484375,3241.400146484375,3267.400146484375,True,ok,,0.0,74091.79513756845,67969.0002988108,1.0900821670443896,2563.154774596801,-11.400146484375,679.845225403199,26.0,False,False
ISMN_SNOTEL_RockCreek,sm_only,40.54875,-110.69292,2402.0,Bsk,oos,2398.900146484375,2397.5,2415.0,True,ok,,0.0,70801.56309454558,75606.69929253536,0.9364456292504204,2922.574176254658,3.099853515625,-520.5741762546581,17.5,False,False
ISMN_SNOTEL_RockSprings,sm_only,44.00883,-118.83842,1612.0,Bsk,train,1608.2000732421875,1591.7000732421875,1619.800048828125,True,ok,,0.0,85169.3039869952,83400.31586818525,1.02121080838118,1441.0645254115,3.7999267578125,170.93547458850003,28.0999755859375,False,False
ISMN_SNOTEL_RockwoodGS,sm_only,38.67101,-112.3305,2621.0,Bsk,oos,2620.300048828125,2614.0,2638.199951171875,True,ok,,0.0,78945.97450911191,73554.0659072206,1.0733053779609212,2055.8003056844286,0.699951171875,565.1996943155714,24.199951171875,False,True
ISMN_SNOTEL_RockyBasin-Settleme,sm_only,40.44293,-112.22377,2652.0,Dfa,train,2650.300048828125,2633.5,2700.60009765625,True,ok,,0.0,81714.68159708643,73267.19317259383,1.1152970116460317,1777.6348817931068,1.699951171875,874.3651182068932,67.10009765625,False,False
ISMN_SNOTEL_RoughAndTumble,sm_only,39.02611,-106.08063,3176.0,Dfb,train,3183.0,3178.0,3187.800048828125,True,ok,,0.0,68558.88343978103,68553.55570339803,1.000077716412057,3175.3914815966637,-7.0,0.6085184033363475,9.800048828125,False,False
ISMN_SNOTEL_Rubicon#2,sm_only,38.99927,-120.13139,2307.0,Dsb,train,2315.699951171875,2293.60009765625,2341.60009765625,True,ok,,0.0,79142.6145804818,76511.41326014338,1.034389657806897,2035.7859196599327,-8.699951171875,271.2140803400673,48.0,False,False
ISMN_SNOTEL_SageCreekBasin,sm_only,41.40107,-107.2574,2387.0,Bsk,train,2394.60009765625,2386.5,2407.300048828125,True,ok,,0.0,76966.6084770115,75748.97002615168,1.0160746535621463,2259.5455074595134,-7.60009765625,127.45449254048663,20.800048828125,False,False
ISMN_SNOTEL_SaltRiverSummit,sm_only,42.5075,-110.9099,2326.0,Dfc,train,2328.10009765625,2315.5,2343.400146484375,True,ok,,0.0,77780.11662503422,76329.77282948577,1.0190010233462687,2175.299657199092,-2.10009765625,150.70034280090795,27.900146484375,False,False
ISMN_SNOTEL_SandstoneRS,sm_only,41.11179,-107.17043,2484.0,Dfb,oos,2486.10009765625,2481.900146484375,2498.5,True,ok,,0.0,74927.70343873593,74832.77182661452,1.0012685834000823,2473.904856796753,-2.10009765625,10.095143203247062,16.599853515625,False,False
ISMN_SNOTEL_SantaFe,sm_only,35.77154,-105.78487,3499.0,Dfb,train,3500.800048828125,3466.400146484375,3510.699951171875,True,ok,,0.0,73793.98182572544,65772.52345178195,1.121957588868003,2595.1493265009194,-1.800048828125,903.8506734990806,44.2998046875,False,False
ISMN_SNOTEL_SantaquinMeadows,sm_only,39.92076,-111.71802,2387.0,Dfa,val,2386.5,2382.10009765625,2404.5,True,ok,,0.0,83080.74091868156,75748.97002615168,1.0967903707469375,1643.1927045195803,0.5,743.8072954804197,22.39990234375,False,True
ISMN_SNOTEL_SavagePass,sm_only,46.46633,-114.63333,1881.0,Dfb,train,1883.800048828125,1877.0,1899.7000732421875,True,ok,,0.0,84360.08058211414,80676.81066980194,1.0456546296480072,1518.8986250517883,-2.800048828125,362.10137494821174,22.7000732421875,False,False
ISMN_SNOTEL_Sawtooth,sm_only,40.13632,-105.58486,2938.0,Dfc,val,2933.800048828125,2918.400146484375,2954.900146484375,True,ok,,0.0,70175.82937003697,70663.04510854278,0.993105084308815,2992.4532271599373,4.199951171875,-54.45322715993734,36.5,False,False
ISMN_SNOTEL_SchofieldPass,sm_only,39.01467,-107.04933,3243.0,Dfc,train,3250.699951171875,3244.10009765625,3277.60009765625,True,ok,,0.0,67581.15251377293,67969.0002988108,0.9942937547509484,3287.7118982568463,-7.699951171875,-44.711898256846325,33.5,False,False
ISMN_SNOTEL_SeeleyCreek,sm_only,39.31042,-111.43297,3018.0,Dfb,train,3025.400146484375,3022.400146484375,3030.699951171875,True,ok,,0.0,78924.59163701067,69948.19111992893,1.1283292730428347,2057.979126152413,-7.400146484375,960.0208738475872,8.2998046875,False,False
ISMN_SNOTEL_SenoritaDivide#2,sm_only,36.00152,-106.83408,2609.0,Dfb,train,2616.699951171875,2609.0,2622.199951171875,True,ok,,0.0,74848.5662907311,73665.35729457678,1.0160619460708356,2482.319678597272,-7.699951171875,126.68032140272817,13.199951171875,False,False
ISMN_SNOTEL_SeventysixCreek,sm_only,41.73732,-115.47215,2243.0,Bsk,train,2248.0,2242.5,2256.300048828125,True,ok,,0.0,77088.37549730492,77125.83165010718,0.9995143500951512,2246.8897267685247,-5.0,-3.8897267685247243,13.800048828125,False,False
ISMN_SNOTEL_ShanghiSummit,sm_only,46.56603,-115.74216,1399.0,Dsa,train,1395.300048828125,1388.4000244140625,1399.300048828125,True,ok,,0.0,88201.00751918752,85609.2485494937,1.030274287108074,1154.686500099257,3.699951171875,244.31349990074295,10.9000244140625,False,False
ISMN_SNOTEL_Sharkstooth,sm_only,37.50356,-108.11405,3271.0,Dfb,oos,3275.60009765625,3270.0,3279.699951171875,True,ok,,0.0,72962.28493175287,67725.9074904285,1.0773171986224683,2685.056885153947,-4.60009765625,585.943114846053,9.699951171875,False,False
ISMN_SNOTEL_SheepMtn.,sm_only,43.2103,-111.68792,2021.0,Dfb,oos,2036.2000732421875,2016.800048828125,2055.0,True,ok,,0.0,80327.77410689843,79288.13987406118,1.0131121026989482,1916.0037071586305,-15.2000732421875,104.9962928413695,38.199951171875,False,False
ISMN_SNOTEL_Sheldon,sm_only,41.90435,-119.44464,1786.0,Bsk,train,1784.7000732421875,1780.5999755859375,1787.7000732421875,True,ok,,0.0,82242.49430505646,81630.28897526894,1.007499732482547,1725.4754360990814,1.2999267578125,60.524563900918565,7.10009765625,False,False
ISMN_SNOTEL_Sherwin,sm_only,46.95028,-116.33972,972.0,Dsb,val,977.7000122070312,959.0,993.2000122070312,True,ok,,0.0,89981.78812157847,90180.22219964542,0.99779958317659,990.1686902777768,-5.70001220703125,-18.168690277776818,34.20001220703125,False,False
ISMN_SNOTEL_Shuree,sm_only,36.78765,-105.2392,3072.0,Dfb,train,3068.10009765625,3053.699951171875,3085.699951171875,True,ok,,0.0,71736.48832860774,69468.98368899558,1.032640532784581,2819.0920936626876,3.89990234375,252.9079063373124,32.0,False,False
ISMN_SNOTEL_Silvies,sm_only,42.75333,-118.68785,2134.0,Bsk,oos,2135.5,2132.400146484375,2139.900146484375,True,ok,,0.0,81728.32891106264,78181.45625396167,1.045367185865398,1776.2827975472808,-1.5,357.7172024527192,7.5,False,False
ISMN_SNOTEL_Slumgullion,sm_only,37.99076,-107.20392,3523.0,Dfc,train,3522.900146484375,3519.0,3536.300048828125,True,ok,,0.0,68292.81849425768,65569.58708044751,1.0415319286740212,3205.8275408983964,0.099853515625,317.17245910160364,17.300048828125,False,True
ISMN_SNOTEL_SmithMorehouse,sm_only,40.78931,-111.09192,2329.0,Dfb,train,2338.800048828125,2320.199951171875,2375.800048828125,True,ok,,0.0,73096.28896472917,76301.12470813119,0.9579975294510896,2670.514973287737,-9.800048828125,-341.5149732877371,55.60009765625,False,False
ISMN_SNOTEL_SnakeRiverStation,sm_only,44.13361,-110.66917,2103.0,Dfc,val,2103.300048828125,2100.699951171875,2127.10009765625,True,ok,,0.0,76171.00938654873,78483.80677431056,0.9705315340473664,2342.6370239772646,-0.300048828125,-239.63702397726456,26.400146484375,False,True
ISMN_SNOTEL_Snowbird,sm_only,40.56914,-111.65852,2795.0,Dsb,train,2794.5,2767.199951171875,2812.699951171875,True,ok,,0.0,75627.67572778158,71955.58019901901,1.0510328110565723,2399.7869602537276,0.5,395.21303974627244,45.5,False,True
ISMN_SNOTEL_SomsenRanch,sm_only,42.95275,-111.35933,2082.0,Dfb,train,2083.900146484375,2067.5,2112.900146484375,True,ok,,0.0,79397.0556327847,78689.16227150278,1.0089960718966542,2009.9481185663296,-1.900146484375,72.05188143367036,45.400146484375,False,False
ISMN_SNOTEL_SonoraPass,sm_only,38.31021,-119.6003,2673.0,Csb,val,2676.0,2655.5,2712.10009765625,True,ok,,0.0,73840.97167233487,73073.37528287452,1.0105044605711575,2590.0941946845587,-3.0,82.90580531544128,56.60009765625,False,False
ISMN_SNOTEL_SourdoughGulch,sm_only,46.23713,-117.39435,1207.0,Bsk,train,1198.4000244140625,1164.0999755859375,1212.5999755859375,True,ok,,0.0,89768.01361252737,87640.77294271691,1.024272271893367,1009.7782945013571,8.5999755859375,197.2217054986429,48.5,False,False
ISMN_SNOTEL_SouthBrushCreek,sm_only,41.3295,-106.5025,2585.0,Dfb,train,2589.0,2582.800048828125,2598.400146484375,True,ok,,0.0,75950.36941454974,73888.34913418988,1.027907245249383,2365.8048575143093,-4.0,219.19514248569067,15.60009765625,False,False
ISMN_SNOTEL_SouthMtn.,sm_only,42.76476,-116.90029,2027.0,Bsk,val,2028.5999755859375,2004.0,2040.2000732421875,True,ok,,0.0,83089.73939014167,79229.06085208817,1.048728061351894,1642.3130638295563,-1.5999755859375,384.6869361704437,36.2000732421875,False,False
ISMN_SNOTEL_SpiritLk,sm_only,40.83868,-110.00527,3121.0,Bsk,train,3115.5,3112.10009765625,3125.0,True,ok,,0.0,71016.15809382603,69036.45116672508,1.028676255711927,2898.7243493416736,5.5,222.2756506583264,12.89990234375,False,False
ISMN_SNOTEL_SprattCreek,sm_only,38.66627,-119.81741,1847.0,Csb,train,1855.800048828125,1850.0999755859375,1867.9000244140625,True,ok,,0.0,76796.84307282162,81017.01359451433,0.9479100705585812,2277.2170570449853,-8.800048828125,-430.21705704498527,17.800048828125,False,False
ISMN_SNOTEL_SpringCreek,sm_only,61.65653,-149.12926,180.0,Dsc,train,176.40000915527344,176.40000915527344,184.1999969482422,True,ok,,0.0,95983.62521692902,99181.2344114646,0.9677599375173136,454.43034258934034,3.5999908447265625,-274.43034258934034,7.79998779296875,False,False
ISMN_SNOTEL_StateLine,sm_only,41.98609,-120.71574,1734.0,Dsb,train,1734.9000244140625,1733.4000244140625,1737.300048828125,True,ok,,0.0,83097.07156181545,82156.04420463205,1.0114541463904896,1641.5963684029562,-0.9000244140625,92.40363159704384,3.9000244140625,False,True
ISMN_SNOTEL_SteelCreekPark,sm_only,40.90862,-110.50462,3091.0,Bsk,train,3103.699951171875,3089.300048828125,3123.400146484375,True,ok,,0.0,72494.28778572407,69301.00730304375,1.0460784136761034,2736.0134663102335,-12.699951171875,354.9865336897665,34.10009765625,False,False
ISMN_SNOTEL_StickneyMill,sm_only,43.86117,-114.20902,2268.0,Dfb,oos,2267.699951171875,2258.0,2274.5,True,ok,,0.0,74462.13752609157,76885.35076939168,0.9684827705271418,2523.5132527318024,0.300048828125,-255.51325273180237,16.5,False,True
ISMN_SNOTEL_StillwaterCreek,sm_only,40.22532,-105.9198,2670.0,Dfc,train,2671.900146484375,2662.5,2682.900146484375,True,ok,,0.0,71132.11925824019,73101.03810578416,0.9730657881397696,2885.8608447502115,-1.900146484375,-215.86084475021153,20.400146484375,False,False
ISMN_SNOTEL_StrawberryDivide,sm_only,40.16483,-111.20665,2469.0,Dfb,oos,2471.10009765625,2450.0,2490.400146484375,True,ok,,0.0,76839.17415694293,74973.86238506879,1.024879494166831,2272.807689705896,-2.10009765625,196.19231029410412,40.400146484375,False,False
ISMN_SNOTEL_SummitCreek,sm_only,60.61713,-149.53128,408.0,Dfc,train,415.1000061035156,411.5,429.6000061035156,True,ok,,0.0,89141.87894545506,96518.67248304092,0.9235713323877096,1067.4322179916494,-7.100006103515625,-659.4322179916494,18.100006103515625,False,False
ISMN_SNOTEL_SummitLk,sm_only,41.48953,-118.99663,2313.0,Bsk,train,2329.900146484375,2309.300048828125,2342.10009765625,True,ok,,0.0,80700.12726460901,76454.01535341398,1.055538115186849,1878.6660293112739,-16.900146484375,434.33397068872614,32.800048828125,False,False
ISMN_SNOTEL_SummitMeadow,sm_only,38.39747,-119.53522,2853.0,Csb,train,2855.900146484375,2838.0,2874.300048828125,True,ok,,0.0,73822.90747544826,71429.04754537083,1.033513815630215,2592.03721889718,-2.900146484375,260.9627811028199,36.300048828125,False,False
ISMN_SNOTEL_SummitRanch,sm_only,39.71803,-106.1577,2850.0,Dfc,train,2849.199951171875,2843.400146484375,2860.699951171875,True,ok,,0.0,70355.77748631386,71456.20525219587,0.9845999691419636,2972.305939541104,0.800048828125,-122.30593954110418,17.2998046875,False,True
ISMN_SNOTEL_SunflowerFlat,sm_only,38.048,-111.33981,3051.0,Bsk,val,3047.900146484375,3040.800048828125,3066.10009765625,True,ok,,0.0,71590.94205105393,69655.02521169843,1.0277929242502142,2835.12981914201,3.099853515625,215.8701808579899,25.300048828125,False,False
ISMN_SNOTEL_Sunset,sm_only,47.55545,-115.82422,1701.0,Dsb,train,1694.0999755859375,1681.9000244140625,1701.0999755859375,True,ok,,0.0,87750.39079251254,82491.11631890872,1.063755646768939,1196.7428560217743,6.9000244140625,504.2571439782257,19.199951171875,False,False
ISMN_SNOTEL_SusitnaValleyHigh,sm_only,62.13245,-150.04391,113.0,Dfc,train,113.80000305175781,112.0,115.70000457763672,True,ok,,0.0,98547.75112150244,99974.85702555654,0.9857253518883322,233.7928249463899,-0.8000030517578125,-120.79282494638991,3.7000045776367188,False,True
ISMN_SNOTEL_SuuRanch,sm_only,37.59711,-112.92949,2454.0,Dfa,train,2447.10009765625,2441.400146484375,2466.300048828125,True,ok,,0.0,75927.04799565425,75115.16826743979,1.010808465812442,2368.256857177544,6.89990234375,85.74314282245587,24.89990234375,False,False
ISMN_SNOTEL_SwedePeak,sm_only,43.626,-113.96887,2329.0,Dsb,train,2336.300048828125,2316.699951171875,2347.5,True,ok,,0.0,74183.0797290526,76301.12470813119,0.9722409730239155,2553.3687799498234,-7.300048828125,-224.36877994982342,30.800048828125,False,False
ISMN_SNOTEL_TahoeCityCross,sm_only,39.17162,-120.15362,2060.0,Dsb,train,2049.5,2027.7000732421875,2065.5,True,ok,,0.0,80039.49799608199,78904.76304014209,1.014381070447707,1945.0069387228707,10.5,114.9930612771293,37.7999267578125,False,False
ISMN_SNOTEL_TakkaWiiya,sm_only,39.74104,-113.98262,2777.0,Bwk,train,2786.5,2776.0,2806.800048828125,True,ok,,0.0,76301.99528826414,72119.62435106553,1.0579921342468392,2328.9088203625106,-9.5,448.0911796374894,30.800048828125,False,False
ISMN_SNOTEL_TaosPowderhorn,sm_only,36.58195,-105.45617,3362.0,Dfb,train,3372.60009765625,3345.5,3407.400146484375,True,ok,,0.0,71647.65828385916,66940.7131350233,1.0703151330243776,2828.877128024899,-10.60009765625,533.1228719751011,61.900146484375,False,False
ISMN_SNOTEL_TaosPueblo,sm_only,36.54099,-105.35944,3350.0,Dfb,train,3338.60009765625,3320.800048828125,3352.699951171875,True,ok,,0.0,70935.40759344195,67043.83123135827,1.0580452562243114,2907.692004740559,11.39990234375,442.3079952594412,31.89990234375,False,False
ISMN_SNOTEL_TaylorCanyon,sm_only,41.2287,-116.0293,1926.0,Bsk,train,1937.2000732421875,1935.0,1944.0999755859375,True,ok,,0.0,81438.64921618291,80228.32168619682,1.0150860382536746,1805.0216465840367,-11.2000732421875,120.97835341596328,9.0999755859375,False,False
ISMN_SNOTEL_TelaquanaLake,sm_only,60.98347,-153.91866,369.0,Dfc,val,383.0,366.3000183105469,399.70001220703125,True,ok,,0.0,94823.59472522583,96969.95899159292,0.977865678312258,555.8197387104094,-14.0,-186.8197387104094,33.399993896484375,False,False
ISMN_SNOTEL_TempleFork,sm_only,41.793,-111.54605,2262.0,Dfb,train,2261.699951171875,2244.10009765625,2280.199951171875,True,ok,,0.0,78285.08409533282,76943.01073031273,1.017442433721811,2123.3641199771982,0.300048828125,138.63588002280176,36.099853515625,False,True
ISMN_SNOTEL_ThaynesCanyon,sm_only,40.6235,-111.53322,2819.0,Dsb,train,2826.400146484375,2793.5,2840.0,True,ok,,0.0,76414.12068965517,71737.32479242557,1.065193341273348,2317.1724749909667,-7.400146484375,501.82752500903325,46.5,False,False
ISMN_SNOTEL_ThistleFlat,sm_only,39.23803,-111.51998,2679.0,Bsk,train,2680.5,2667.199951171875,2687.0,True,ok,,0.0,78957.45022070901,73018.07506621239,1.0813411631176366,2054.631178266658,-1.5,624.368821733342,19.800048828125,False,False
ISMN_SNOTEL_ThumbDivide,sm_only,44.36917,-110.57717,2429.0,Dfc,train,2436.0,2435.10009765625,2437.0,True,ok,,0.0,75355.06201452573,75351.15725164679,1.000051820874707,2428.586874065981,-7.0,0.41312593401880804,1.89990234375,False,False
ISMN_SNOTEL_Timberline,sm_only,39.67712,-110.43395,2658.0,Bsk,train,2658.300048828125,2652.0,2688.400146484375,True,ok,,0.0,77670.78533696619,73211.77420766563,1.060905655921581,2186.580240940036,-0.300048828125,471.4197590599638,36.400146484375,False,True
ISMN_SNOTEL_TimpanogosDivide,sm_only,40.42817,-111.61633,2493.0,Dfb,train,2492.800048828125,2483.699951171875,2497.900146484375,True,ok,,0.0,76614.48802995826,74748.22074255305,1.024967380746533,2296.2343842931627,0.199951171875,196.76561570683725,14.2001953125,False,True
ISMN_SNOTEL_Tipton,sm_only,44.65567,-118.42617,1570.0,Bsk,oos,1561.800048828125,1560.0999755859375,1566.5,True,ok,,0.0,83870.02079055441,83832.18523944954,1.000451324881927,1566.3287841865645,8.199951171875,3.6712158134355377,6.4000244140625,False,False
ISMN_SNOTEL_ToeJam,sm_only,41.3187,-116.3408,2347.0,Bwk,train,2354.5,2346.800048828125,2375.10009765625,True,ok,,0.0,79545.51801532086,76129.41875814174,1.0448722624302684,1994.9031235764774,-7.5,352.09687642352264,28.300048828125,False,False
ISMN_SNOTEL_Tok,sm_only,63.32529,-143.03834,500.0,Dwc,train,497.0,497.0,500.3999938964844,True,ok,,0.0,94606.87366939348,95460.83402866428,0.9910543379600644,574.8729005538291,3.0,-74.87290055382914,3.399993896484375,False,False
ISMN_SNOTEL_TokositnaValley,sm_only,62.62918,-150.7741,256.0,Dfc,train,260.8999938964844,249.90000915527344,270.0,True,ok,,0.0,89517.43765211439,98287.18895888697,0.9107742178846836,1032.8119043740112,-4.899993896484375,-776.8119043740112,20.099990844726562,False,False
ISMN_SNOTEL_TonyGroveLake,sm_only,41.89833,-111.62957,2576.0,Dfb,train,2568.300048828125,2558.10009765625,2581.699951171875,True,ok,,0.0,78654.52852535587,73972.11185475392,1.0632997565325155,2085.5385919376736,7.699951171875,490.4614080623264,23.599853515625,False,False
ISMN_SNOTEL_TonyGroveRS,sm_only,41.88573,-111.56918,1926.0,Dfb,train,1926.0999755859375,1918.2000732421875,1955.0999755859375,True,ok,,0.0,76509.3214242953,80228.32168619682,0.9536447954570464,2307.2186027686407,-0.0999755859375,-381.2186027686407,36.89990234375,False,True
ISMN_SNOTEL_Touchet,sm_only,46.11868,-117.8505,1682.0,Dsb,train,1681.300048828125,1675.2000732421875,1687.0,True,ok,,0.0,90291.79844006569,82684.53803189409,1.0920034215494707,961.7982565030806,0.699951171875,720.2017434969194,11.7999267578125,False,True
ISMN_SNOTEL_TresRitos,sm_only,36.1279,-105.52706,2664.0,Dfb,train,2673.10009765625,2662.0,2689.699951171875,True,ok,,0.0,73786.89470555024,73156.38919069956,1.0086185980722355,2595.911979667828,-9.10009765625,68.08802033217216,27.699951171875,False,False
ISMN_SNOTEL_TrialLake,sm_only,40.678,-110.94873,3039.0,Dfb,train,3038.900146484375,3033.400146484375,3046.300048828125,True,ok,,0.0,71437.99546276095,69761.51565191739,1.0240315852540898,2852.011458419131,0.099853515625,186.98854158086897,12.89990234375,False,True
ISMN_SNOTEL_TriplePeak,sm_only,42.76393,-110.5914,2597.0,Dfc,train,2602.10009765625,2598.400146484375,2656.900146484375,True,ok,,0.0,74162.7939300746,73776.78499433592,1.0052321192332834,2555.5426382355845,-5.10009765625,41.45736176441551,58.5,False,False
ISMN_SNOTEL_Trough,sm_only,47.23328,-120.29412,1670.0,Bwk,train,1662.7000732421875,1653.9000244140625,1670.2000732421875,True,ok,,0.0,88939.2007079911,82806.88820958915,1.074055584396321,1086.1649003807408,7.2999267578125,583.8350996192592,16.300048828125,False,False
ISMN_SNOTEL_TroutCreek,sm_only,40.739,-109.6728,2877.0,Bsk,train,2879.60009765625,2868.10009765625,2881.60009765625,True,ok,,0.0,72732.21645522516,71212.08662679861,1.0213465143409306,2710.07407938195,-2.60009765625,166.92592061805,13.5,False,False
ISMN_SNOTEL_Truckee#2,sm_only,39.30087,-120.18407,1981.0,Dsb,train,1981.300048828125,1969.4000244140625,1988.7000732421875,True,ok,,0.0,81051.71119841568,79682.9123013616,1.0171780731592397,1843.5388097200953,-0.300048828125,137.4611902799047,19.300048828125,False,True
ISMN_SNOTEL_UpperJoesValley,sm_only,39.4155,-111.2491,2621.0,Dfb,train,2629.199951171875,2617.60009765625,2641.400146484375,True,ok,,0.0,73778.60191314312,73554.0659072206,1.00305266613277,2596.80445192526,-8.199951171875,24.195548074740145,23.800048828125,False,False
ISMN_SNOTEL_UpperNomeCreek,sm_only,65.3671,-146.592,762.0,Dfc,train,762.7000122070312,759.7000122070312,778.7000122070312,True,ok,,0.0,91924.04851703612,92499.62180232682,0.9937775606637538,813.7115172175806,-0.70001220703125,-51.71151721758065,19.0,False,True
ISMN_SNOTEL_UpperRioGrande,sm_only,37.72172,-107.25971,2856.0,Dfc,val,2862.0,2848.400146484375,2889.10009765625,True,ok,,0.0,67746.67984185494,71401.89819691559,0.9488078265793424,3268.604214800084,-6.0,-412.6042148000838,40.699951171875,False,False
ISMN_SNOTEL_UpperSanJuan,sm_only,37.48563,-106.83528,3091.0,Dfc,oos,3094.0,3084.5,3116.699951171875,True,ok,,0.0,69036.82489519165,69301.00730304375,0.9961878994529348,3120.957554522848,-3.0,-29.957554522848113,32.199951171875,False,False
ISMN_SNOTEL_UpperTaylor,sm_only,38.99071,-106.74504,3264.0,Dfc,train,3273.300048828125,3248.699951171875,3301.300048828125,True,ok,,0.0,67538.81437132151,67786.61458575809,0.9963444078753472,3292.605296495888,-9.300048828125,-28.60529649588807,52.60009765625,False,False
ISMN_SNOTEL_UpperTsainaRiver,sm_only,61.19112,-145.64807,527.0,Dfc,train,530.7999877929688,530.7999877929688,530.7999877929688,True,ok,,0.0,87917.7632240332,95152.16991060962,0.9239701344344248,1181.1015066130212,-3.79998779296875,-654.1015066130212,0.0,False,False
ISMN_SNOTEL_UsuDocDaniel,sm_only,41.86425,-111.50603,2624.0,Dfb,train,2626.300048828125,2617.5,2626.300048828125,True,ok,,0.0,76633.06217920202,73526.26434423852,1.042254259245621,2294.2956597001626,-2.300048828125,329.70434029983744,8.800048828125,False,False
ISMN_SNOTEL_VacarroSprings,sm_only,39.4495,-115.9834,2405.0,Dfb,train,2402.699951171875,2385.900146484375,2420.10009765625,True,ok,,0.0,77995.14235944771,75578.27112764052,1.0319783873823398,2153.151137993933,2.300048828125,251.84886200606707,34.199951171875,False,False
ISMN_SNOTEL_VacasLocas,sm_only,36.02653,-106.81361,2850.0,Dfb,train,2850.0,2841.10009765625,2863.0,True,ok,,0.0,74844.59404143138,71456.20525219587,1.0474190978554851,2482.742246188125,0.0,367.25775381187486,21.89990234375,False,True
ISMN_SNOTEL_VernonCreek,sm_only,39.93667,-112.41478,2228.0,Bsk,train,2245.400146484375,2233.10009765625,2267.900146484375,True,ok,,0.0,80494.92727082192,77270.41227907603,1.041730267726539,1899.225141638291,-17.400146484375,328.774858361709,34.800048828125,False,False
ISMN_SNOTEL_VirginiaLakesRidge,sm_only,38.07298,-119.23433,2865.0,Csa,train,2866.900146484375,2854.0,2880.199951171875,True,ok,,0.0,72893.16355350055,71320.50028208876,1.0220506483436256,2692.566287378886,-1.900146484375,172.43371262111395,26.199951171875,False,False
ISMN_SNOTEL_WardCreek#3,sm_only,39.13545,-120.21865,2057.0,Dsb,train,2050.0,2043.9000244140625,2067.0,True,ok,,0.0,80001.03977253285,78934.20016844444,1.0135155560176932,1948.8825823398834,7.0,108.11741766011664,23.0999755859375,False,False
ISMN_SNOTEL_WardMountain,sm_only,39.13242,-114.95575,2795.0,Bsk,train,2788.800048828125,2776.0,2812.199951171875,True,ok,,0.0,78163.72627380816,71955.58019901901,1.0862774792117345,2135.820866241691,6.199951171875,659.179133758309,36.199951171875,False,False
ISMN_SNOTEL_WebsterFlat,sm_only,37.575,-112.90155,2789.0,Dfa,train,2795.400146484375,2788.10009765625,2806.400146484375,True,ok,,0.0,75927.04799565425,72010.22797603105,1.0543925513043362,2368.256857177544,-6.400146484375,420.74314282245587,18.300048828125,False,False
ISMN_SNOTEL_WesnerSprings,sm_only,35.77584,-105.54337,3386.0,Bsk,train,3388.300048828125,3378.0,3408.199951171875,True,ok,,0.0,71978.3409475972,66734.8622123886,1.078571807318952,2792.5005573408353,-2.300048828125,593.4994426591647,30.199951171875,False,False
ISMN_SNOTEL_WheelerPeak,sm_only,39.00995,-114.31021,3069.0,Bsk,train,3073.400146484375,3060.10009765625,3099.800048828125,True,ok,,0.0,81636.7348001155,69495.53638720897,1.174704722692682,1785.3608336153764,-4.400146484375,1283.6391663846236,39.699951171875,False,False
ISMN_SNOTEL_WhiteRiver#1,sm_only,39.9645,-110.98845,2627.0,Dfb,train,2628.900146484375,2623.10009765625,2639.5,True,ok,,0.0,75002.96899380645,73498.47129081255,1.020469782249498,2465.9083841786246,-1.900146484375,161.0916158213754,16.39990234375,False,False
ISMN_SNOTEL_Widtsoe#3,sm_only,37.83633,-111.88163,2938.0,Bsk,train,2927.199951171875,2913.800048828125,2949.5,True,ok,,0.0,74248.06514337531,70663.04510854278,1.050734015627627,2546.4080795944546,10.800048828125,391.59192040554535,35.699951171875,False,False
ISMN_SNOTEL_WilburBench,sm_only,39.89166,-110.74604,2795.0,Dfb,train,2796.800048828125,2778.900146484375,2809.800048828125,True,ok,,0.0,75510.41977270394,71955.58019901901,1.049403250781284,2412.1639903752443,-1.800048828125,382.83600962475566,30.89990234375,False,False
ISMN_SNOTEL_WildBasin,sm_only,40.201,-105.6025,2868.0,Dfc,train,2874.900146484375,2848.900146484375,2908.5,True,ok,,0.0,70336.69548359895,71293.38434743437,0.9865809587720904,2974.4404129272802,-6.900146484375,-106.44041292728025,59.599853515625,False,False
ISMN_SNOTEL_WildhorseDivide,sm_only,42.75743,-112.47783,1975.0,Dfb,val,1978.5999755859375,1970.2000732421875,1999.300048828125,True,ok,,0.0,83698.20626795977,79742.26519014222,1.0496090883345834,1583.0108906083517,-3.5999755859375,391.9891093916483,29.0999755859375,False,False
ISMN_SNOTEL_WilsonCreek,sm_only,42.01257,-115.00278,2167.0,Bsk,train,2175.699951171875,2170.699951171875,2188.800048828125,True,ok,,0.0,81601.34460522715,77860.63635187256,1.04804363833413,1788.8706204012437,-8.699951171875,378.12937959875626,18.10009765625,False,False
ISMN_SNOTEL_WindyPeak,sm_only,42.27991,-105.57782,2408.0,Dfb,train,2404.400146484375,2400.199951171875,2410.900146484375,True,ok,,0.0,76777.36500239464,75549.85161864861,1.0162477272614925,2279.2466283843837,3.599853515625,128.7533716156163,10.7001953125,False,False
ISMN_SNOTEL_WolfCreekPeak,sm_only,40.47733,-111.04469,2978.0,Bsk,train,2984.400146484375,2968.800048828125,2995.699951171875,True,ok,,0.0,72823.74976476961,70304.88241293996,1.035827772771668,2700.11326220103,-6.400146484375,277.88673779897,26.89990234375,False,False
ISMN_SNOTEL_WolfCreekSummit,sm_only,37.47903,-106.80234,3331.0,Dfc,oos,3337.199951171875,3305.199951171875,3377.10009765625,True,ok,,0.0,69047.37550413082,67207.36457702363,1.0273781145665728,3119.75936657916,-6.199951171875,211.2406334208399,71.900146484375,False,False
ISMN_SNOTEL_WrigleyCreek,sm_only,39.13233,-111.35685,2844.0,Bsk,oos,2837.300048828125,2826.699951171875,2854.900146484375,True,ok,,0.0,71978.73797649193,71510.54574882962,1.006547177381456,2792.456963797225,6.699951171875,51.543036202775056,28.2001953125,False,False
ISMN_SNOTEL_YankeeReservoir,sm_only,37.74797,-112.77495,2649.0,Dfb,oos,2648.400146484375,2646.10009765625,2649.400146484375,True,ok,,0.0,76114.08091166506,73294.91539051749,1.0384633163996029,2348.609471152287,0.599853515625,300.3905288477131,3.300048828125,False,True
ISMN_SNOTEL_Zirkel,sm_only,40.79492,-106.59544,2841.0,Dfc,val,2851.199951171875,2836.10009765625,2865.199951171875,True,ok,,0.0,71597.35106205515,71537.72854257627,1.0008334416075764,2834.4230556141815,-10.199951171875,6.576944385818479,29.099853515625,False,False
ISMN_SOILSCAPE_Lucky-Hills-1503,sm_only,31.74302,-110.05263,1367.5,Bsk,oos,1370.800048828125,1364.4000244140625,1373.9000244140625,True,ok,,0.0,86425.17628657598,85939.9042864777,1.0056466434786877,1321.4476772589594,-3.300048828125,46.0523227410406,9.5,False,False
ISMN_SOILSCAPE_Lucky-Hills-1506,sm_only,31.74404,-110.05301,1370.5,Bsk,oos,1369.5,1366.5999755859375,1373.9000244140625,True,ok,,0.0,86425.17628657598,85908.36878103422,1.006015799308901,1321.4476772589594,1.0,49.0523227410406,7.300048828125,False,False
ISMN_STEMS_CarpenetopermanentGrassCoverNoTrackposition,sm_only,44.68278,8.6267,275.0,Cfa,oos,271.20001220703125,256.3000183105469,288.8999938964844,True,ok,,0.0,98994.3850415868,98064.70043829767,1.00948031859715,195.83749101754566,3.79998779296875,79.16250898245434,32.5999755859375,False,False
ISMN_STEMS_CarpenetopermanentGrassCoverTrackposition,sm_only,44.68277,8.62669,275.0,Cfa,oos,271.20001220703125,256.3000183105469,288.8999938964844,True,ok,,0.0,98994.3850415868,98064.70043829767,1.00948031859715,195.83749101754566,3.79998779296875,79.16250898245434,32.5999755859375,False,False
ISMN_TERENO_Gevenich,sm_only,50.9892,6.32355,84.0,Cfb,oos,107.30000305175781,107.0999984741211,108.5999984741211,True,ok,,0.0,100659.44447850136,100319.95594167127,1.0033840578740632,55.55017486881729,-23.300003051757812,28.449825131182713,1.5,False,False
ISMN_TERENO_Merzenhausen,sm_only,50.9303,6.29747,94.0,Cfb,train,93.20000457763672,93.20000457763672,94.0,True,ok,,0.0,100635.4883945676,100200.84753085142,1.004337696480884,57.5551931690458,0.7999954223632812,36.4448068309542,0.7999954223632812,False,True
ISMN_TERENO_Schoeneseiffen,sm_only,50.5149,6.37559,612.0,Cfb,train,609.1000366210938,602.1000366210938,615.2999877929688,True,ok,,0.0,96532.4120056787,94185.72200649016,1.0249155599086115,406.81045886862364,2.89996337890625,205.18954113137636,13.199951171875,False,False
ISMN_TERENO_Selhausen,sm_only,50.8691,6.44954,103.76,Cfb,oos,103.0999984741211,102.9000015258789,104.80000305175781,True,ok,,0.0,100218.75001069473,100084.70816761562,1.0013392839478996,92.49634479552505,0.6600015258789114,11.263655204474958,1.9000015258789062,False,True
ISMN_TWENTE_Hupsel,sm_only,52.06747,6.65677,27.0,Dfb,train,29.899999618530273,29.899999618530273,31.100000381469727,True,ok,,0.0,101221.20627994524,101001.06507114958,1.002179592944298,8.643594766148789,-2.8999996185302734,18.356405233851213,1.2000007629394531,False,False
ISMN_TWENTE_ITCSM-07b,sm_only,52.37328,6.96228,22.0,Dfb,oos,24.899999618530273,24.0,25.0,True,ok,,0.0,101130.77680709495,101060.98966567332,1.0006905448051964,16.180111853160295,-2.8999996185302734,5.8198881468397055,1.0,False,False
ISMN_TWENTE_ITCSM-08b,sm_only,52.13578,6.74507,29.0,Dfb,train,31.100000381469727,29.899999618530273,32.900001525878906,True,ok,,0.0,101216.07710727968,100977.10329101128,1.002366613900378,9.070921217394178,-2.1000003814697266,19.92907878260582,3.000001907348633,False,False
ISMN_TWENTE_ITCSM-09,sm_only,52.14639,6.84306,29.0,Dfb,train,35.29999923706055,34.60000228881836,36.400001525878906,True,ok,,0.0,101123.00540503558,100977.10329101128,1.0014449029460055,16.828045822211298,-6.299999237060547,12.171954177788702,1.7999992370605469,False,False
ISMN_TWENTE_ITCSM-13,sm_only,52.19389,6.4175,8.0,Cfb,train,12.5,12.5,13.600000381469727,True,ok,,0.0,101222.22743483169,101228.9317048659,0.9999337712063012,8.558521443912271,-4.5,-0.5585214439122712,1.1000003814697266,False,False
ISMN_TWENTE_ITCSM-15b,sm_only,52.31036,6.61053,9.0,Dfb,train,10.90000057220459,10.699999809265137,11.300000190734863,True,ok,,0.0,101341.70450462012,101216.9283556498,1.001232759687509,-1.3904255673356956,-1.9000005722045898,10.390425567335695,0.6000003814697266,False,False
ISMN_TWENTE_ITCSM-16b,sm_only,52.36781,6.53525,8.0,Cfb,train,9.800000190734863,9.800000190734863,11.0,True,ok,,0.0,101347.2405137748,101228.9317048659,1.0011687252539012,-1.851183004299015,-1.8000001907348633,9.851183004299015,1.1999998092651367,False,False
ISMN_TWENTE_ITCSM-17c,sm_only,52.41877,6.5407,10.0,Cfb,train,11.0,10.300000190734863,11.0,True,ok,,0.0,101357.92240951696,101204.92615896829,1.001511747069588,-2.7401707047419914,-1.0,12.740170704741992,0.6999998092651367,False,False
ISMN_TxSON_CR1000-1,sm_only,30.4205,-98.8033,543.0,Cfa,oos,542.5,531.6000366210938,553.5,True,ok,,0.0,95503.93632341867,94969.639527839,1.0056259747666312,496.235308809169,0.5,46.764691190831,21.89996337890625,False,True
ISMN_TxSON_CR1000-2,sm_only,30.2454,-98.7059,458.0,Cfa,val,456.0,453.0,460.3000183105469,True,ok,,0.0,95697.77835951756,95942.58934707688,0.9974483595947812,479.32151756540355,2.0,-21.321517565403553,7.300018310546875,False,False
ISMN_TxSON_CR1000-3,sm_only,30.2758,-98.7242,499.0,Cfa,oos,495.5,491.6000061035156,501.5,True,ok,,0.0,95698.8123319564,95472.28158375568,1.0023727383953005,479.2313721556761,3.5,19.768627844323873,9.899993896484375,False,False
ISMN_TxSON_CR1000-4,sm_only,30.46,-98.9407,588.0,Cfa,train,585.2999877929688,574.5,591.2999877929688,True,ok,,0.0,95375.64388504597,94457.79237432333,1.0097170544393554,507.44482790672527,2.70001220703125,80.55517209327473,16.79998779296875,False,False
ISMN_TxSON_CR1000-5,sm_only,30.3989,-98.6105,503.0,Cfa,train,499.8999938964844,497.5,505.0,True,ok,,0.0,96035.94365345132,95426.49803194556,1.0063865449751883,449.881020940675,3.100006103515625,53.118979059325,7.5,False,False
ISMN_TxSON_CR1000-6,sm_only,30.4421,-98.8427,538.0,Cfa,oos,533.6000366210938,530.9000244140625,535.5,True,ok,,0.0,95492.43850826164,95026.6497883908,1.004901664121676,497.2394298960483,4.39996337890625,40.76057010395169,4.5999755859375,False,False
ISMN_TxSON_CR200-1,sm_only,30.4376,-98.8059,524.0,Cfa,oos,519.5,518.6000366210938,524.7999877929688,True,ok,,0.0,95485.23118156934,95186.42596091694,1.0031391578960542,497.8689062413403,4.5,26.131093758659688,6.199951171875,False,False
ISMN_TxSON_CR200-10,sm_only,30.3072,-98.7703,505.0,Cfa,val,513.0,503.8000183105469,517.9000244140625,True,ok,,0.0,95531.33168634496,95403.61292377031,1.0013387203970638,493.84322593470574,-8.0,11.156774065294258,14.100006103515625,False,False
ISMN_TxSON_CR200-11,sm_only,30.2317,-98.7685,468.0,Cfa,oos,466.1000061035156,465.6000061035156,467.1000061035156,True,ok,,0.0,95691.9737070072,95827.70753679636,0.9985835638430872,479.82760254297295,1.899993896484375,-11.827602542972954,1.5,False,False
ISMN_TxSON_CR200-12,sm_only,30.2108,-98.8331,481.0,Cfa,train,479.70001220703125,477.0,481.70001220703125,True,ok,,0.0,95340.3631575088,95678.52773278972,0.9964656168599776,510.52961287196695,1.29998779296875,-29.529612871966947,4.70001220703125,False,False
ISMN_TxSON_CR200-13,sm_only,30.4327,-98.8583,555.0,Cfa,oos,552.9000244140625,544.7999877929688,560.5,True,ok,,0.0,95492.43850826164,94832.927892243,1.0069544474759655,497.2394298960483,2.0999755859375,57.76057010395169,15.70001220703125,False,False
ISMN_TxSON_CR200-14,sm_only,30.4151,-98.8025,528.0,Cfa,oos,521.0,520.6000366210938,532.1000366210938,True,ok,,0.0,95492.43850826164,95140.75344579035,1.003696471277912,497.2394298960483,7.0,30.760570103951693,11.5,False,False
ISMN_TxSON_CR200-15,sm_only,30.2501,-98.7069,468.0,Cfa,val,463.6000061035156,458.8000183105469,466.8000183105469,True,ok,,0.0,95698.8123319564,95827.70753679636,0.9986549275971096,479.2313721556761,4.399993896484375,-11.231372155676127,8.0,False,False
ISMN_TxSON_CR200-16,sm_only,30.2836,-98.7417,501.0,Cfa,oos,501.8000183105469,500.0,503.8999938964844,True,ok,,0.0,95698.8123319564,95449.38758505382,1.0026131623597931,479.2313721556761,-0.800018310546875,21.768627844323873,3.899993896484375,False,True
ISMN_TxSON_CR200-17,sm_only,30.2754,-98.7268,502.0,Cfa,oos,500.20001220703125,494.6000061035156,504.8999938964844,True,ok,,0.0,95698.8123319564,95437.94225284176,1.002733400081317,479.2313721556761,1.79998779296875,22.768627844323873,10.29998779296875,False,False
ISMN_TxSON_CR200-18,sm_only,30.2456,-98.6988,460.0,Cfa,val,462.0,454.5,466.1000061035156,True,ok,,0.0,96042.02081601977,95919.604068049,1.0012762432576756,449.352714623652,-2.0,10.647285376348009,11.600006103515625,False,False
ISMN_TxSON_CR200-19,sm_only,30.4175,-98.8542,595.0,Cfa,oos,600.4000244140625,588.7999877929688,605.2999877929688,True,ok,,0.0,95485.23118156934,94378.37286576656,1.011727880892554,497.8689062413403,-5.4000244140625,97.13109375865969,16.5,False,False
ISMN_TxSON_CR200-2,sm_only,30.2896,-98.745,523.0,Cfa,oos,525.5,521.1000366210938,527.2000122070312,True,ok,,0.0,95698.8123319564,95197.84686324403,1.0052623613371423,479.2313721556761,-2.5,43.76862784432387,6.0999755859375,False,False
ISMN_TxSON_CR200-21,sm_only,30.4218,-98.7839,541.0,Cfa,oos,539.7999877929688,528.6000366210938,556.0,True,ok,,0.0,95866.80414976046,94992.44030767914,1.0092045623762194,464.595707784966,1.20001220703125,76.40429221503399,27.39996337890625,False,False
ISMN_TxSON_CR200-22,sm_only,30.4315,-98.8604,548.0,Cfa,oos,551.6000366210938,546.6000366210938,559.4000244140625,True,ok,,0.0,95464.67796030115,94912.65696565286,1.0058160946315946,499.66420291833407,-3.60003662109375,48.33579708166593,12.79998779296875,False,False
ISMN_TxSON_CR200-23,sm_only,30.2022,-98.6543,504.0,Cfa,train,496.3000183105469,491.1000061035156,503.0,True,ok,,0.0,96042.02081601977,95415.05492228256,1.0065709325876075,449.352714623652,7.699981689453125,54.64728537634801,11.899993896484375,False,False
ISMN_TxSON_CR200-24,sm_only,30.2534,-98.699,468.0,Cfa,val,468.20001220703125,467.0,471.0,True,ok,,0.0,96042.02081601977,95827.70753679636,1.0022364437669669,449.352714623652,-0.20001220703125,18.64728537634801,4.0,False,True
ISMN_TxSON_CR200-25,sm_only,30.2492,-98.6995,465.0,Cfa,val,462.1000061035156,460.5,467.0,True,ok,,0.0,96042.02081601977,95862.16037780276,1.0018762401922523,449.352714623652,2.899993896484375,15.647285376348009,6.5,False,False
ISMN_TxSON_CR200-26,sm_only,30.4193,-98.8046,560.0,Cfa,oos,557.7000122070312,545.7999877929688,580.0,True,ok,,0.0,95492.43850826164,94776.01176413048,1.007559156908967,497.2394298960483,2.29998779296875,62.76057010395169,34.20001220703125,False,False
ISMN_TxSON_CR200-28,sm_only,30.4613,-98.8451,604.0,Cfa,oos,601.2000122070312,582.7999877929688,601.7999877929688,True,ok,,0.0,95492.43850826164,94276.34152837792,1.0128992805635937,497.2394298960483,2.79998779296875,106.7605701039517,19.0,False,False
ISMN_TxSON_CR200-29,sm_only,30.4487,-98.848,596.0,Cfa,oos,593.2000122070312,580.7999877929688,596.7000122070312,True,ok,,0.0,95492.43850826164,94367.03163697042,1.0119258479552546,497.2394298960483,2.79998779296875,98.7605701039517,15.9000244140625,False,False
ISMN_TxSON_CR200-3,sm_only,30.4283,-98.8065,527.0,Cfa,oos,527.7999877929688,525.4000244140625,532.7000122070312,True,ok,,0.0,95492.43850826164,95152.16991060962,1.0035760466416237,497.2394298960483,-0.79998779296875,29.760570103951693,7.29998779296875,False,True
ISMN_TxSON_CR200-4,sm_only,30.4298,-98.7792,511.0,Cfa,oos,509.8000183105469,505.8000183105469,510.3999938964844,True,ok,,0.0,95861.6514077476,95334.98426224005,1.0055243848791002,465.04431249228554,1.199981689453125,45.95568750771446,4.5999755859375,False,False
ISMN_TxSON_CR200-5,sm_only,30.2381,-98.7701,469.0,Cfa,oos,466.3000183105469,461.70001220703125,467.8000183105469,True,ok,,0.0,95698.8123319564,95816.22548482152,0.9987746005202038,479.2313721556761,2.699981689453125,-10.231372155676127,6.100006103515625,False,False
ISMN_TxSON_CR200-6,sm_only,30.2383,-98.7037,450.0,Cfa,val,449.8000183105469,449.5,453.8000183105469,True,ok,,0.0,95698.8123319564,96034.57506790404,0.996503730706256,479.2313721556761,0.199981689453125,-29.231372155676127,4.300018310546875,False,True
ISMN_TxSON_CR200-7,sm_only,30.2318,-98.7084,456.0,Cfa,val,455.6000061035156,452.0,456.0,True,ok,,0.0,95691.9737070072,95965.57908591426,0.9971489217122096,479.82760254297295,0.399993896484375,-23.827602542972954,4.0,False,True
ISMN_TxSON_CR200-8,sm_only,30.2834,-98.6864,539.0,Cfa,train,538.7000122070312,530.1000366210938,541.1000366210938,True,ok,,0.0,96042.02081601977,95015.24551991686,1.0108064268053452,449.352714623652,0.29998779296875,89.64728537634801,11.0,False,True
ISMN_TxSON_CR200-9,sm_only,30.4319,-98.8133,534.0,Cfa,oos,531.2000122070312,528.6000366210938,532.6000366210938,True,ok,,0.0,95492.43850826164,95072.27794657646,1.0044193803994186,497.2394298960483,2.79998779296875,36.76057010395169,4.0,False,False
ISMN_TxSON_LCRA-1,sm_only,30.4306,-98.6136,430.0,Cfa,train,422.70001220703125,418.8999938964844,428.1000061035156,True,ok,,0.0,96332.18272145092,96264.85183476424,1.0006994337538924,424.1594971135997,7.29998779296875,5.840502886400316,9.20001220703125,False,False
ISMN_TxSON_LCRA-2,sm_only,30.4206,-98.8518,614.0,Cfa,oos,612.2999877929688,609.9000244140625,616.9000244140625,True,ok,,0.0,95492.43850826164,94163.0781502641,1.0141176391438282,497.2394298960483,1.70001220703125,116.7605701039517,7.0,False,False
ISMN_TxSON_LCRA-3,sm_only,30.1713,-98.6136,501.0,Cfa,train,502.0,500.3999938964844,507.3000183105469,True,ok,,0.0,95730.91169766815,95449.38758505382,1.0029494596009167,476.43322702832864,-1.0,24.566772971671355,6.9000244140625,False,False
ISMN_TxSON_LCRA-4,sm_only,30.3423,-98.8679,547.0,Cfa,oos,552.0,545.9000244140625,552.0,True,ok,,0.0,95101.666121798,94924.0512627151,1.0018711259867252,531.4245037351391,-5.0,15.57549626486093,6.0999755859375,False,False
ISMN_TxSON_LCRA-5,sm_only,30.33,-98.6116,501.0,Cfa,oos,498.8000183105469,496.6000061035156,500.20001220703125,True,ok,,0.0,96035.94365345132,95449.38758505382,1.0061452051525717,449.881020940675,2.199981689453125,51.118979059325,3.600006103515625,False,False
ISMN_TxSON_LCRA-6,sm_only,30.2408,-98.6253,429.0,Cfa,oos,437.3000183105469,431.8000183105469,437.3999938964844,True,ok,,0.0,96042.02081601977,96276.37739894236,0.9975657935076692,449.352714623652,-8.300018310546875,-20.35271462365199,5.5999755859375,False,False
ISMN_TxSON_LCRA-7,sm_only,30.1658,-98.9498,556.0,Cfa,train,553.7999877929688,549.2999877929688,562.5,True,ok,,0.0,95103.50512074697,94821.54245305707,1.0029736140163452,531.2633605132545,2.20001220703125,24.736639486745503,13.20001220703125,False,False
ISMN_USCRN_Asheville-13-S,sm_only,35.4185,-82.5567,641.0,Cfa,oos,636.4000244140625,627.2999877929688,648.2000122070312,True,ok,,0.0,93815.92853986086,93857.81729418966,0.999553699888444,644.7105621311632,4.5999755859375,-3.710562131163215,20.9000244140625,False,False
ISMN_USCRN_Austin-33-NW,sm_only,30.6222,-98.0846,415.0,Cfa,train,412.3000183105469,408.3999938964844,414.0,True,ok,,0.0,97288.90736912636,96437.85265728776,1.0088249031722327,341.5251553634919,2.699981689453125,73.47484463650812,5.600006103515625,False,False
ISMN_USCRN_Baker-5-W,sm_only,39.0118,-114.209,2017.0,Bsk,oos,2018.0,2007.9000244140625,2024.7000732421875,True,ok,,0.0,79072.18416033799,79327.5457025943,0.996780922187941,2042.9498234787168,-1.0,-25.94982347871678,16.800048828125,False,False
ISMN_USCRN_Batesville-8-WNW,sm_only,35.8201,-91.7812,139.0,Cfa,train,138.1999969482422,136.1999969482422,140.10000610351562,True,ok,,0.0,99689.51913207116,99666.27584087904,1.0002332111940175,137.03933112693724,0.8000030517578125,1.9606688730627582,3.9000091552734375,False,True
ISMN_USCRN_Bedford-5-WNW,sm_only,38.8882,-86.5707,232.0,Dfa,train,230.60000610351562,217.8000030517578,230.6999969482422,True,ok,,0.0,99371.59251475873,98568.81114689515,1.0081443750667458,163.88993122242817,1.399993896484375,68.11006877757183,12.899993896484375,False,False
ISMN_USCRN_Bowling-Green-21-NNE,sm_only,37.2504,-86.2325,241.0,Cfa,oos,233.6999969482422,230.5,246.60000610351562,True,ok,,0.0,99521.27418078372,98463.1263596473,1.0107466404963763,151.23986337787127,7.3000030517578125,89.76013662212873,16.100006103515625,False,False
ISMN_USCRN_Bronte-11-NNE,sm_only,32.0408,-100.2495,609.0,Cfa,train,607.0,604.7999877929688,611.7999877929688,True,ok,,0.0,94124.81677419906,94219.6960579874,0.998992999470833,617.3802897543262,2.0,-8.380289754326213,7.0,False,False
ISMN_USCRN_Brunswick-23-S,sm_only,30.8078,-81.4596,8.0,Cfa,train,7.599999904632568,7.5,10.300000190734863,True,ok,,0.0,101727.82983080938,101228.9317048659,1.0049284144121764,-33.478564136593654,0.40000009536743164,41.478564136593654,2.8000001907348633,False,True
ISMN_USCRN_Charlottesville-2-SSE,sm_only,37.9975,-78.4656,359.0,Cfa,oos,358.8000183105469,337.70001220703125,371.20001220703125,True,ok,,0.0,99607.43751782048,97085.9482558852,1.025971722038389,143.96491419632417,0.199981689453125,215.03508580367583,33.5,False,True
ISMN_USCRN_Chatham-1-SE,sm_only,46.3345,-86.92,267.0,Dfb,train,263.8000183105469,260.6000061035156,271.20001220703125,True,ok,,0.0,98401.1606837363,98158.33005501394,1.0024738667475932,246.28056696635926,3.199981689453125,20.71943303364074,10.600006103515625,False,False
ISMN_USCRN_Cortez-8-SE,sm_only,37.2553,-108.5035,2449.0,Dfa,train,2445.60009765625,2415.199951171875,2452.800048828125,True,ok,,0.0,79692.34693630246,75162.31812141986,1.0602699454740692,1980.0460082845295,3.39990234375,468.95399171547047,37.60009765625,False,False
ISMN_USCRN_Corvallis-10-SSW,sm_only,44.4185,-123.3257,95.0,Csb,oos,92.5999984741211,88.0999984741211,99.30000305175781,True,ok,,0.0,98834.56850906706,100188.9429906052,0.986481796881866,209.4028759795654,2.4000015258789062,-114.40287597956541,11.200004577636719,False,False
ISMN_USCRN_Crossville-7-NW,sm_only,36.0138,-85.1345,583.0,Cfa,train,580.7000122070312,577.7000122070312,585.2999877929688,True,ok,,0.0,95642.66422644844,94514.55372002996,1.011935839106432,484.12770632185095,2.29998779296875,98.87229367814905,7.5999755859375,False,False
ISMN_USCRN_Durham-11-W,sm_only,35.9705,-79.0931,171.0,Cfa,train,172.1999969482422,168.40000915527344,174.8000030517578,True,ok,,0.0,99849.3419002338,99287.54282958052,1.005658303696946,123.5676260951645,-1.1999969482421875,47.4323739048355,6.399993896484375,False,False
ISMN_USCRN_Durham-2-N,sm_only,43.1716,-70.9277,36.0,Dfb,oos,37.70000076293945,31.30000114440918,40.900001525878906,True,ok,,0.0,100919.00719234716,100893.27330761412,1.0002550604603202,33.85065953866611,-1.7000007629394531,2.1493404613338924,9.600000381469727,False,False
ISMN_USCRN_Elgin-5-S,sm_only,31.5907,-110.5087,1466.0,Bsh,oos,1467.9000244140625,1463.2000732421875,1471.7000732421875,True,ok,,0.0,86353.14882256297,84909.37427515622,1.0170037120133293,1328.269831018306,-1.9000244140625,137.73016898169408,8.5,False,False
ISMN_USCRN_Elkins-21-ENE,sm_only,39.013,-79.4743,1033.0,Dfb,train,1027.0999755859375,1022.1000366210938,1037.9000244140625,True,ok,,0.0,90748.50792795568,89515.39374835222,1.0137754427251922,920.1460767597481,5.9000244140625,112.8539232402519,15.79998779296875,False,False
ISMN_USCRN_Everglades-City-5-NE,sm_only,25.8996,-81.3183,1.0,Cfa,train,2.1000001430511475,2.0,2.299999952316284,True,ok,,0.0,101663.29605398192,101312.98742745895,1.0034576872661445,-28.12249131797397,-1.1000001430511475,29.12249131797397,0.2999999523162842,False,False
ISMN_USCRN_Fallbrook-5-NE,sm_only,33.4392,-117.1904,347.0,Bsk,train,332.1000061035156,285.8999938964844,332.1000061035156,True,ok,,0.0,96987.95103287522,97225.28363811264,0.9975589414979668,367.4481839417595,14.899993896484375,-20.44818394175951,46.20001220703125,False,False
ISMN_USCRN_Gadsden-19-N,sm_only,34.2851,-85.9621,351.0,Cfa,train,349.1000061035156,349.1000061035156,353.8000183105469,True,ok,,0.0,98152.92733876026,97178.82053119426,1.0100238591314588,267.4614565289181,1.899993896484375,83.53854347108188,4.70001220703125,False,False
ISMN_USCRN_Goodwell-2-E,sm_only,36.5993,-101.595,995.0,Bsk,train,995.5,991.7000122070312,998.0,True,ok,,0.0,90252.74354573069,89929.08126895253,1.003599083546847,965.3679984489117,-0.5,29.63200155108825,6.29998779296875,False,True
ISMN_USCRN_Goodwell-2-SE,sm_only,36.5682,-101.6097,1000.0,Bsk,train,999.9000244140625,998.0,1003.9000244140625,True,ok,,0.0,89939.60417854699,89874.56042735427,1.0007237170438823,994.0352471016312,0.0999755859375,5.964752898368829,5.9000244140625,False,True
ISMN_USCRN_John-Day-35-WNW,sm_only,44.556,-119.6459,684.0,Bsk,train,680.4000244140625,674.9000244140625,691.2000122070312,True,ok,,0.0,88096.74412636862,93373.31578063096,0.9434895118573384,1164.4019735379925,3.5999755859375,-480.4019735379925,16.29998779296875,False,False
ISMN_USCRN_Joplin-24-N,sm_only,37.4277,-94.5829,290.0,Cfa,train,290.8000183105469,290.1000061035156,291.70001220703125,True,ok,,0.0,98252.39654140057,97889.3398269256,1.0037088483293162,258.9688924446719,-0.800018310546875,31.031107555328106,1.600006103515625,False,True
ISMN_USCRN_Lafayette-13-SE,sm_only,30.0918,-91.8731,11.0,Cfa,val,8.300000190734863,7.300000190734863,8.5,True,ok,,0.0,101620.45083684992,101192.9251147367,1.004224857831004,-24.56497058370247,2.6999998092651367,35.56497058370247,1.1999998092651367,False,False
ISMN_USCRN_Las-Cruces-20-N,sm_only,32.6137,-106.7414,1319.0,Bsk,train,1318.5,1313.4000244140625,1318.7000732421875,True,ok,,0.0,87155.19801408531,86451.03041826207,1.0081452770709196,1252.5614579391354,0.5,66.43854206086462,5.300048828125,False,True
ISMN_USCRN_Los-Alamos-13-W,sm_only,35.8584,-106.5214,2657.0,Dfb,train,2654.5,2645.199951171875,2665.400146484375,True,ok,,0.0,75055.54957324166,73221.00834389319,1.0250548479301498,2460.3258961209035,2.5,196.6741038790965,20.2001953125,False,False
ISMN_USCRN_McClellanville-7-NE,sm_only,33.1532,-79.3637,3.0,Cfa,train,3.1000001430511475,2.5,4.400000095367432,True,ok,,0.0,101742.85788877169,101288.96574192832,1.0044811608403603,-34.725444270158256,-0.10000014305114746,37.725444270158256,1.9000000953674316,False,True
ISMN_USCRN_Mercury-3-SSW,sm_only,36.624,-116.0225,1001.0,Bwh,train,1003.7999877929688,1001.7000122070312,1005.7999877929688,True,ok,,0.0,88449.99732336336,89863.65947153901,0.9842688117033184,1131.5226941800665,-2.79998779296875,-130.52269418006654,4.0999755859375,False,False
ISMN_USCRN_Monahans-6-ENE,sm_only,31.6219,-102.8071,830.0,Bsh,train,830.7000122070312,828.4000244140625,833.2999877929688,True,ok,,0.0,91964.2728886291,91743.3519631141,1.0024080319803863,810.0891106319064,-0.70001220703125,19.91088936809365,4.89996337890625,False,True
ISMN_USCRN_Monroe-26-N,sm_only,32.8833,-92.1165,27.0,Cfa,val,28.100000381469727,26.80000114440918,31.600000381469727,True,ok,,0.0,101171.89572103869,101001.06507114958,1.0016913747371747,12.752528586643944,-1.1000003814697266,14.247471413356056,4.799999237060547,False,False
ISMN_USCRN_Muleshoe-19-S,sm_only,33.9557,-102.774,1141.0,Bsk,val,1142.5999755859375,1141.5,1143.2000732421875,True,ok,,0.0,88278.92210603779,88348.05622022998,0.99921748007653,1147.4323311624246,-1.5999755859375,-6.432331162424589,1.7000732421875,False,False
ISMN_USCRN_Newton-5-ENE,sm_only,32.3378,-89.0703,114.0,Cfa,oos,114.0,111.4000015258789,116.70000457763672,True,ok,,0.0,100226.33536724452,99962.9742310167,1.0026345868383146,91.8593053155739,0.0,22.140694684426094,5.3000030517578125,False,True
ISMN_USCRN_Newton-8-W,sm_only,31.3127,-84.4706,54.0,Cfa,train,53.0,51.900001525878906,53.60000228881836,True,ok,,0.0,101010.21013201414,100677.96922972084,1.0033000357956685,26.23679733524862,1.0,27.76320266475138,1.7000007629394531,False,False
ISMN_USCRN_Panther-Junction-2-N,sm_only,29.3483,-103.2093,1065.0,Bsk,train,1063.5999755859375,1061.4000244140625,1069.2000732421875,True,ok,,0.0,89114.98051864735,89168.22173413067,0.9994029126694702,1069.9163384276903,1.4000244140625,-4.916338427690334,7.800048828125,False,False
ISMN_USCRN_Quinault-4-NE,sm_only,47.5139,-123.812,87.0,Cfb,train,86.0,86.0,89.9000015258789,True,ok,,0.0,95547.75413078807,100284.21138719616,0.9527696614363288,492.409532450494,1.0,-405.409532450494,3.9000015258789062,False,False
ISMN_USCRN_Salem-10-W,sm_only,37.6344,-91.7226,365.0,Dfa,val,364.8999938964844,358.20001220703125,366.3999938964844,True,ok,,0.0,97498.67920634696,97016.34122465404,1.004971718945533,323.49472753421566,0.100006103515625,41.505272465784344,8.199981689453125,False,True
ISMN_USCRN_Santa-Barbara-11-W,sm_only,34.4141,-119.8796,5.0,Csb,train,7.800000190734863,7.800000190734863,12.90000057220459,True,ok,,0.0,97925.94091422508,101264.94866856826,0.9670270138064112,286.8674196190437,-2.8000001907348633,-281.8674196190437,5.100000381469727,False,False
ISMN_USCRN_Socorro-20-N,sm_only,34.3557,-106.8859,1477.0,Bsk,train,1476.2000732421875,1473.300048828125,1482.0,True,ok,,0.0,84104.43158716355,84794.91362520632,0.9918570347144322,1543.613549028324,0.7999267578125,-66.61354902832409,8.699951171875,False,True
ISMN_USCRN_Spokane-17-SSW,sm_only,47.4174,-117.5264,691.0,Dsb,train,690.1000366210938,686.9000244140625,695.2999877929688,True,ok,,0.0,93351.39707694414,93294.63547622765,1.0006084122675087,685.9495749664937,0.89996337890625,5.050425033506258,8.39996337890625,False,True
ISMN_USCRN_Stillwater-2-W,sm_only,36.1181,-97.0914,271.0,Cfa,train,270.5,270.5,272.8999938964844,True,ok,,0.0,98013.50908488252,98111.50620265731,0.9990011659022704,279.3765608923846,0.5,-8.376560892384589,2.399993896484375,False,True
ISMN_USCRN_Stillwater-5-WNW,sm_only,36.1346,-97.1082,271.0,Cfa,train,271.70001220703125,270.6000061035156,280.3000183105469,True,ok,,0.0,97889.1779300082,98111.50620265731,0.9977339225412576,290.0138583919883,-0.70001220703125,-19.01385839198832,9.70001220703125,False,True
ISMN_USCRN_Stovepipe-Wells-1-SW,sm_only,36.602,-117.1449,26.0,Bwh,train,27.399999618530273,20.80000114440918,35.5,True,ok,,0.0,100347.25403099338,101013.0476876934,0.9934088350768456,81.70948511998668,-1.3999996185302734,-55.70948511998668,14.69999885559082,False,False
ISMN_USCRN_Tucson-11-W,sm_only,32.2395,-111.1696,833.0,Bwh,oos,829.9000244140625,825.6000366210938,838.0,True,ok,,0.0,92591.39768903967,91710.10280029748,1.0096095725752403,753.7786334718609,3.0999755859375,79.22136652813913,12.39996337890625,False,False
ISMN_USCRN_Versailles-3-NNW,sm_only,38.0945,-84.7465,272.0,Cfa,oos,267.70001220703125,265.0,270.5,True,ok,,0.0,98962.79077683052,98099.80306602658,1.0087970381573863,198.5178363362315,4.29998779296875,73.48216366376849,5.5,False,False
ISMN_USCRN_Watkinsville-5-SSE,sm_only,33.7837,-83.3896,226.0,Cfa,train,222.0,219.1999969482422,228.8000030517578,True,ok,,0.0,99409.89935347284,98639.31868721225,1.0078121045087929,160.65103165650962,4.0,65.34896834349038,9.600006103515625,False,False
ISMN_USCRN_Yosemite-Village-12-W,sm_only,37.7592,-119.8208,2018.0,Csa,train,2011.300048828125,1967.5999755859375,2016.5,True,ok,,0.0,86669.15840498802,79317.69275907658,1.0926838059730395,1298.372822986989,6.699951171875,719.6271770130111,48.9000244140625,False,False
ISMN_USCRN_Yuma-27-ENE,sm_only,32.835,-114.1884,189.0,Bwh,oos,193.5,191.10000610351562,194.5,True,ok,,0.0,97667.18125926664,99075.0181810473,0.9857901926476764,309.0342798291072,-4.5,-120.03427982910722,3.399993896484375,False,False
ISMN_WATERLINE_Kerasia,sm_only,41.18,25.28,628.0,Csb,train,624.7999877929688,578.5,654.9000244140625,True,ok,,0.0,96188.71043691812,94004.69455469336,1.0232330512063317,436.60874238520637,3.20001220703125,191.39125761479363,76.4000244140625,False,False
ISMN_WATERLINE_Komotini,sm_only,41.123,25.386,34.0,Csb,oos,33.10000228881836,31.600000381469727,33.70000076293945,True,ok,,0.0,96212.30273036448,100917.21897892262,0.953378459135494,434.560581073948,0.8999977111816406,-400.560581073948,2.1000003814697266,False,True
ISMN_WATERLINE_Nymfaia,sm_only,41.264,25.436,711.0,Dsb,train,709.4000244140625,665.2000122070312,749.7000122070312,True,ok,,0.0,95206.65094468783,93070.13037379472,1.022956028559456,522.2291918859479,1.5999755859375,188.7708081140521,84.5,False,False
ISMN_XMS-CAT_BatlliudeSort,sm_only,42.42841,1.1244,890.0,Dfb,train,895.6000366210938,877.0,924.1000366210938,True,ok,,0.0,85361.81776964139,91080.22023019576,0.9372157594030656,1422.6360599783459,-5.60003662109375,-532.6360599783459,47.10003662109375,False,False
ISMN_XMS-CAT_BordaColl,sm_only,42.4142,1.46531,865.0,Cfb,train,808.9000244140625,792.1000366210938,866.2999877929688,True,ok,,0.0,82298.19513708242,91356.051788741,0.900851049554936,1719.9868005938183,56.0999755859375,-854.9868005938183,74.199951171875,False,False
ISMN_XMS-CAT_CamidelsNerets,sm_only,42.1554,0.9255,487.0,Dfb,train,486.3999938964844,479.8000183105469,504.3000183105469,True,ok,,0.0,91552.9667582522,95609.7389704251,0.9575694667106268,847.1899728924568,0.600006103515625,-360.1899728924568,24.5,False,True
ISMN_XMS-CAT_Clarella,sm_only,42.11946,2.28235,922.0,Cfb,train,916.1000366210938,899.2000122070312,927.7000122070312,True,ok,,0.0,91297.30822580094,90728.14026118844,1.0062733344139312,870.3190968454784,5.89996337890625,51.680903154521616,28.5,False,False
ISMN_XMS-CAT_ClotdelesPeresII,sm_only,42.15623,0.83767,602.0,Dfb,train,605.6000366210938,595.7999877929688,605.6000366210938,True,ok,,0.0,93067.62491870893,94299.00743637996,0.9869417234481306,711.223418365524,-3.60003662109375,-109.22341836552403,9.800048828125,False,False
ISMN_XMS-CAT_ColldePaller,sm_only,42.19748,1.24688,1164.0,Cfb,train,1171.5,1153.300048828125,1194.7000732421875,True,ok,,0.0,88419.62163912789,88101.0559993014,1.0036159117074488,1134.345748816347,-7.5,29.65425118365306,41.4000244140625,False,False
ISMN_XMS-CAT_ElBoixer,sm_only,42.39871,0.95839,1217.0,Dfb,train,1224.0,1186.300048828125,1258.0999755859375,True,ok,,0.0,85602.87484417774,87534.00995675256,0.97793845942247,1399.6081597100942,-7.0,-182.60815971009424,71.7999267578125,False,False
ISMN_XMS-CAT_ElMiracle,sm_only,41.91393,1.5276,811.0,Cfb,train,811.7000122070312,794.2000122070312,819.6000366210938,True,ok,,0.0,93356.62441812706,91954.15673806156,1.0152518138365465,685.4845916653861,-0.70001220703125,125.51540833461388,25.4000244140625,False,True
ISMN_XMS-CAT_LaCultiadAreu,sm_only,42.58803,1.3299,1236.0,Dfb,train,1245.2000732421875,1227.800048828125,1308.2000732421875,True,ok,,0.0,79520.90798927919,87331.45042038609,0.9105643798023576,1997.395500291604,-9.2000732421875,-761.3955002916041,80.4000244140625,False,False
ISMN_XMS-CAT_Llivia,sm_only,42.46915,1.97235,1219.0,Cfb,train,1219.5999755859375,1214.0,1229.7000732421875,True,ok,,0.0,83516.82085158817,87512.67000251295,0.95433976416432,1600.6523868585273,-0.5999755859375,-381.6523868585273,15.7000732421875,False,True
ISMN_XMS-CAT_LosCoscolls,sm_only,42.14571,0.98318,560.0,Cfb,train,562.0,555.9000244140625,568.2999877929688,True,ok,,0.0,91552.9667582522,94776.01176413048,0.9659930298196188,847.1899728924568,-2.0,-287.1899728924568,12.39996337890625,False,False
ISMN_XMS-CAT_Pessonada,sm_only,42.218,1.0196,911.0,Dfb,val,921.2999877929688,905.6000366210938,980.6000366210938,True,ok,,0.0,87611.41218008443,90849.04322142218,0.9643625191137476,1209.7491043993834,-10.29998779296875,-298.74910439938344,75.0,False,False
ISMN_XMS-CAT_RiberadeSio,sm_only,41.80319,0.90969,283.0,Cfb,train,289.3999938964844,279.8999938964844,291.20001220703125,True,ok,,0.0,95646.15513800182,97971.14315218596,0.9762686446296482,483.8232173480775,-6.399993896484375,-200.8232173480775,11.300018310546875,False,False
ISMN_XMS-CAT_SerradeCostaAmpla,sm_only,42.2112,0.8939,922.0,Dfb,train,917.7000122070312,891.0,932.6000366210938,True,ok,,0.0,91204.14309773572,90728.14026118844,1.0052464740837517,878.7606742789834,4.29998779296875,43.2393257210166,41.60003662109375,False,False
ISMN_iRON_BrushCreek,sm_only,39.23353,-106.90815,2371.0,Dfc,oos,2369.800048828125,2366.699951171875,2384.199951171875,True,ok,,0.0,74345.36577593371,75900.96433332955,0.9795048907341384,2535.995257321502,1.199951171875,-164.99525732150187,17.5,False,False
ISMN_iRON_GlenwoodSprings,sm_only,39.54418,-107.34133,1890.0,Dfb,train,1903.5999755859375,1886.9000244140625,1942.5,True,ok,,0.0,75171.23941630818,80586.95086061534,0.932796670100172,2448.0542282239694,-13.5999755859375,-558.0542282239694,55.5999755859375,False,False
ISMN_iRON_NorthstarAspenGrove,sm_only,39.17067,-106.79944,2454.0,Dfc,oos,2450.699951171875,2447.5,2461.199951171875,True,ok,,0.0,71705.32345603331,75115.16826743979,0.954605109859222,2822.52392861214,3.300048828125,-368.52392861214,13.699951171875,False,False
ISMN_iRON_NorthstarTransitionZone,sm_only,39.17114,-106.79917,2452.0,Dfc,oos,2450.699951171875,2447.5,2461.199951171875,True,ok,,0.0,71668.06475607322,75134.02533417419,0.9538696274732336,2826.628393313472,1.300048828125,-374.62839331347186,13.699951171875,False,False
ISMN_iRON_SkyMountain,sm_only,39.22098,-106.91313,2554.0,Dfc,oos,2565.5,2538.900146484375,2596.10009765625,True,ok,,0.0,74345.36577593371,74177.1889084306,1.0022672316109298,2535.995257321502,-11.5,18.004742678498133,57.199951171875,False,False
ICOS_CH-Cha,flux_only,47.21022,8.41044,393.0,Cfb,train,392.8999938964844,390.1000061035156,393.20001220703125,True,ok,,0.0,94825.51505283196,96692.04251110127,0.9806961626852072,555.6510696300971,0.100006103515625,-162.65106963009714,3.100006103515625,False,True
ICOS_CH-Fru,flux_only,47.11583,8.53778,971.0,Cfb,train,974.4000244140625,969.7000122070312,979.5,True,ok,,0.0,93118.0473616102,90191.15423923972,1.032452108491778,706.7280465048021,-3.4000244140625,264.27195349519786,9.79998779296875,False,False
ICOS_CH-Lae,flux_only,47.47833,8.36439,683.0,Cfb,val,691.2000122070312,651.1000366210938,742.6000366210938,True,ok,,0.0,95557.9752844798,93384.5602089068,1.0232738160431547,491.51731770485736,-8.20001220703125,191.48268229514264,91.5,False,False
ICOS_CH-Oe2,flux_only,47.28642,7.73375,452.0,Cfb,train,452.1000061035156,452.1000061035156,453.8999938964844,True,ok,,0.0,95736.41546350958,96011.5719456658,0.9971341320990772,475.9535326169677,-0.100006103515625,-23.95353261696772,1.79998779296875,False,True
ICOS_CZ-KrP,flux_only,49.573257,15.078773,519.0,Cfb,train,542.4000244140625,537.4000244140625,545.5,True,ok,,0.0,95984.51158773956,95243.54156920816,1.0077797402986426,454.3532519709297,-23.4000244140625,64.6467480290703,8.0999755859375,False,False
ICOS_CZ-RAJ,flux_only,49.44372,16.696512,648.0,Cfb,train,640.1000366210938,631.7999877929688,643.0,True,ok,,0.0,95914.6681799709,93778.80654172368,1.0227755259105047,460.4295331608626,7.89996337890625,187.5704668391374,11.20001220703125,False,False
ICOS_CZ-Stn,flux_only,49.035976,17.9699,553.0,Dfb,train,556.7000122070312,536.5,569.2999877929688,True,ok,,0.0,96123.99772202258,94855.70209153614,1.0133707895521404,442.22885561498555,-3.70001220703125,110.77114438501445,32.79998779296875,False,False
ICOS_CZ-wet,flux_only,49.02465,14.77035,426.0,Cfb,train,428.3000183105469,427.1000061035156,428.3000183105469,True,ok,,0.0,96303.1485738578,96310.9607959305,0.9999188854310233,426.67760921098426,-2.300018310546875,-0.677609210984258,1.20001220703125,False,False
ICOS_DE-Kli,flux_only,50.893044,13.5223,478.0,Cfb,train,481.8000183105469,479.8999938964844,483.8000183105469,True,ok,,0.0,96620.61374379706,95712.93713903734,1.0094833220240769,399.1773872702295,-3.800018310546875,78.82261272977053,3.9000244140625,False,False
ICOS_DE-Obe,flux_only,50.78666,13.72129,766.0,Dfb,train,739.5,725.2000122070312,750.7000122070312,True,ok,,0.0,94890.76707948324,92454.99607189248,1.0263454773790344,549.9213993051453,26.5,216.07860069485469,25.5,False,False
ICOS_ES-Abr,flux_only,38.70184,-6.785881,279.0,Csa,oos,280.70001220703125,279.5,283.0,True,ok,,0.0,98739.98413971596,98017.91275658883,1.0073667288235393,217.43965940705948,-1.70001220703125,61.56034059294052,3.5,False,False
ICOS_ES-Agu,flux_only,36.939384,-2.034044,200.0,Bsk,val,201.1999969482422,197.6999969482422,203.8000030517578,True,ok,,0.0,97357.16623887749,98945.32344781862,0.9839491432884274,335.65467811255166,-1.1999969482421875,-135.65467811255166,6.100006103515625,False,False
ICOS_ES-Cnd,flux_only,37.914997,-3.227659,368.0,Csa,train,366.8000183105469,365.6000061035156,368.3999938964844,True,ok,,0.0,95506.27241080596,96981.55286615036,0.9847880301795072,496.0313068308277,1.199981689453125,-128.0313068308277,2.79998779296875,False,False
ICOS_ES-LM1,flux_only,39.94269,-5.778683,265.0,Csa,train,264.3999938964844,264.20001220703125,265.3000183105469,True,ok,,0.0,97239.0913329911,98181.748765862,0.9903988526918694,345.8115965301084,0.600006103515625,-80.81159653010837,1.100006103515625,False,True
ICOS_ES-LM2,flux_only,39.934593,-5.775881,267.0,Csa,train,267.8000183105469,265.20001220703125,270.0,True,ok,,0.0,97239.0913329911,98158.33005501394,0.9906351430234436,345.8115965301084,-0.800018310546875,-78.81159653010837,4.79998779296875,False,True
ICOS_ES-LMa,flux_only,39.94033,-5.77465,265.0,Csa,train,265.5,264.0,269.1000061035156,True,ok,,0.0,97471.78928485906,98181.748765862,0.9927689260995338,325.80422903078784,-0.5,-60.80422903078784,5.100006103515625,False,True
ICOS_FR-Aur,flux_only,43.54965,1.106103,250.0,Cfb,train,243.8000030517578,240.1999969482422,248.60000610351562,True,ok,,0.0,99523.09390689182,98357.53334604492,1.011850241879757,151.08616742092354,6.1999969482421875,98.91383257907646,8.400009155273438,False,False
ICOS_FR-EM2,flux_only,49.87211,3.02065,85.0,Cfb,train,86.0999984741211,85.20000457763672,86.80000305175781,True,ok,,0.0,100459.810235391,100308.03994409522,1.0015130421387992,72.270499335839,-1.0999984741210938,12.729500664160994,1.5999984741210938,False,False
ICOS_FR-FBn,flux_only,43.24079,5.67865,436.0,Csa,train,431.20001220703125,426.20001220703125,434.3000183105469,True,ok,,0.0,97152.32411982377,96195.72190948362,1.0099443321527362,353.28176440913023,4.79998779296875,82.71823559086977,8.100006103515625,False,False
ICOS_IL-Yat,flux_only,31.345045,35.051987,649.0,Bsh,oos,656.9000244140625,643.4000244140625,663.1000366210938,True,ok,,0.0,94801.16775218172,93767.52368925873,1.011023476170155,557.7897828825942,-7.9000244140625,91.21021711740582,19.70001220703125,False,False
ICOS_IT-BCi,flux_only,40.52375,14.957444,10.0,Csa,oos,10.5,7.900000095367432,10.699999809265137,True,ok,,0.0,100456.9165864562,101204.92615896829,0.992608960839148,72.51305404166942,-0.5,-62.51305404166942,2.799999713897705,False,True
ICOS_IT-MBo,flux_only,46.01468,11.045831,1550.0,Dfb,train,1561.5,1552.5,1566.0999755859375,True,ok,,0.0,90829.25228867214,84038.47280420345,1.0808056031704687,912.7998080783307,-11.5,637.2001919216693,13.5999755859375,False,False
ICOS_RU-Fy2,flux_only,49.035976,17.9699,553.0,Dfb,train,556.7000122070312,536.5,569.2999877929688,True,ok,,0.0,96123.99772202258,94855.70209153614,1.0133707895521404,442.22885561498555,-3.70001220703125,110.77114438501445,32.79998779296875,False,False
ICOS_RU-Fyo,flux_only,56.46153,32.92208,275.0,Dfb,train,269.1000061035156,267.8000183105469,269.8000183105469,True,ok,,0.0,98481.61725701574,98064.70043829767,1.0042514464109376,239.42477117862566,5.899993896484375,35.57522882137434,2.0,False,False
ICOS_UK-AMo,flux_only,55.792545,-3.2436917,268.0,Cfb,train,265.5,261.3000183105469,269.20001220703125,True,ok,,1.8774930235663645e-05,97703.45804457564,98146.62239588267,0.9954846703789816,305.92373496246034,2.5,-37.923734962460344,7.899993896484375,False,False
ICOS_BE-Bra,sm_and_flux,51.30761,4.51984,16.0,Cfb,oos,15.0,14.40000057220459,15.90000057220459,True,ok,,0.0,101371.01104953476,101132.93717736428,1.0023540686033172,-3.829353330242358,1.0,19.82935333024236,1.5,False,False
ICOS_BE-Lon,sm_and_flux,50.55162,4.746234,170.0,Cfb,oos,168.10000610351562,167.1999969482422,170.0,True,ok,,0.0,99921.18726168362,99299.36056929467,1.0062621419596656,117.51735903575951,1.899993896484375,52.48264096424049,2.8000030517578125,False,False
ICOS_BE-Maa,sm_and_flux,50.97987,5.631851,85.0,Cfb,oos,84.70000457763672,82.70000457763672,86.5,True,ok,,0.0,100769.21870010265,100308.03994409522,1.004597625038476,46.36749676587064,0.29999542236328125,38.63250323412936,3.7999954223632812,False,True
ICOS_BE-Vie,sm_and_flux,50.304962,5.998099,490.0,Cfb,oos,487.5,480.6000061035156,489.5,True,ok,,0.0,96309.79585146168,95575.35960984595,1.0076843680694878,426.10104104011714,2.5,63.89895895988286,8.899993896484375,False,False
ICOS_CH-Dav,sm_and_flux,46.81533,9.85591,1637.0,Et,oos,1645.4000244140625,1626.0,1655.300048828125,True,ok,,0.0,79646.25367363963,83144.10728673956,0.9579302282838054,1984.7076389159133,-8.4000244140625,-347.7076389159133,29.300048828125,False,False
ICOS_CZ-BK1,sm_and_flux,49.502075,18.536882,881.0,Dfb,train,860.1000366210938,839.1000366210938,883.2000122070312,True,ok,,0.0,94644.20369182069,91179.4417938119,1.037999376063782,571.588491434125,20.89996337890625,309.411508565875,44.0999755859375,False,False
ICOS_CZ-Lnz,sm_and_flux,48.68155,16.946331,182.0,Cfb,train,164.5,162.0,165.40000915527344,True,ok,,0.0,99604.76133106604,99157.62284002124,1.0045093708202972,144.19079350082234,17.5,37.80920649917766,3.4000091552734375,False,False
ICOS_DE-Geb,sm_and_flux,51.09973,10.91463,163.0,Cfb,oos,163.3000030517578,161.8000030517578,163.3000030517578,True,ok,,0.0,99050.00926163586,99382.1166428548,0.996658278245246,191.1202123791351,-0.3000030517578125,-28.120212379135097,1.5,False,True
ICOS_DE-Gri,sm_and_flux,50.950005,13.512533,385.0,Cfb,oos,377.70001220703125,373.6000061035156,379.70001220703125,True,ok,,0.0,98575.1648279283,96784.60957949984,1.0185004129913615,231.4591765679966,7.29998779296875,153.5408234320034,6.100006103515625,False,False
ICOS_DE-Har,sm_and_flux,47.93391,7.59814,201.0,Cfb,train,202.5,201.5,203.10000610351562,True,ok,,0.0,99254.36033752566,98933.53983785395,1.003242788039299,173.8083696966581,-1.5,27.191630303341896,1.600006103515625,False,False
ICOS_DE-HoH,sm_and_flux,52.08656,11.22235,217.0,Cfb,val,203.6999969482422,200.90000915527344,208.0,True,ok,,0.0,99986.38674548685,98745.15656612448,1.0125700360658314,112.0298050878388,13.300003051757812,104.9701949121612,7.0999908447265625,False,False
ICOS_DE-RuR,sm_and_flux,50.621914,6.304126,514.7,Cfb,val,513.7999877929688,512.1000366210938,515.9000244140625,True,ok,,0.0,98069.5218573537,95292.6831846643,1.0291401037297718,274.58789223991323,0.9000122070312955,240.11210776008681,3.79998779296875,False,True
ICOS_DE-RuS,sm_and_flux,50.865906,6.4471445,106.0,Cfb,oos,103.0999984741211,102.30000305175781,104.0,True,ok,,3.512911234117958e-05,100235.37671433052,100058.06861712688,1.001772051965965,91.1000386710178,2.9000015258789062,14.8999613289822,1.6999969482421875,False,False
ICOS_DE-RuW,sm_and_flux,50.50493,6.3309627,610.0,Cfb,train,614.7000122070312,606.9000244140625,621.2999877929688,True,ok,,2.124025086071873e-05,96568.00289340536,94208.3702717578,1.0250469529919777,403.7297064814563,-4.70001220703125,206.27029351854372,14.39996337890625,False,False
ICOS_DK-Sor,sm_and_flux,55.48587,11.644645,55.0,Cfb,train,41.70000076293945,40.20000076293945,41.79999923706055,True,ok,,0.0,100879.0395811944,100666.01880953393,1.002116113999338,37.18901717448167,13.299999237060547,17.81098282551833,1.5999984741210938,False,False
ICOS_FI-Hyy,sm_and_flux,61.84741,24.29477,181.0,Dfc,oos,179.0,176.10000610351562,179.3000030517578,True,ok,,0.0,99304.2311913375,99169.42805672504,1.0013593214890313,169.5878830679476,2.0,11.412116932052413,3.1999969482421875,False,False
ICOS_FI-Ken,sm_and_flux,67.98721,24.24301,347.0,Dfc,train,347.20001220703125,345.1000061035156,349.3000183105469,True,ok,,0.0,97295.22691080856,97225.28363811264,1.0007193938662733,340.9815148561947,-0.20001220703125,6.0184851438053215,4.20001220703125,False,True
ICOS_FI-Sii,sm_and_flux,61.83265,24.19285,164.0,Dfc,train,169.3000030517578,169.3000030517578,170.3000030517578,True,ok,,0.0,99340.39748299538,99370.29092866243,0.999699171197068,166.52826401972254,-5.3000030517578125,-2.528264019722542,1.0,False,False
ICOS_FI-Var,sm_and_flux,67.7549,29.61,395.0,Dfc,train,395.8999938964844,393.8999938964844,395.8999938964844,True,ok,,0.0,97230.1631046456,96668.91194905888,1.0058059115828517,346.5800174763981,-0.899993896484375,48.4199825236019,2.0,False,True
ICOS_FR-Bil,sm_and_flux,44.493652,-0.956092,39.18,Cfb,train,39.5,39.10000228881836,40.20000076293945,True,ok,,0.0,101362.46527688656,100855.2091636502,1.0050295479771727,-3.1182222896752467,-0.3200000000000003,42.298222289675245,1.0999984741210938,False,True
ICOS_FR-CLt,sm_and_flux,45.0414,6.41053,2050.6,Cfc,train,2051.300048828125,2042.5,2057.300048828125,True,ok,,0.0,78016.58836464987,78997.02909721385,0.9875888910789614,2150.9448254696968,-0.700048828125091,-100.34482546969684,14.800048828125,False,True
ICOS_FR-Gri,sm_and_flux,48.84422,1.95191,125.0,Cfb,oos,123.80000305175781,121.80000305175781,125.0,True,ok,,0.0,100465.34893694388,99832.33895467097,1.0063407307581995,71.80624382233239,1.1999969482421875,53.19375617766761,3.1999969482421875,False,False
ICOS_FR-Hes,sm_and_flux,48.6741,7.06465,310.0,Cfb,train,307.0,300.0,314.3999938964844,True,ok,,0.0,97703.59803858658,97655.92074944242,1.0004882170868727,305.9117330187742,3.0,4.088266981225786,14.399993896484375,False,False
ICOS_FR-Mej,sm_and_flux,48.1184,-1.79635,40.0,Cfb,train,40.29999923706055,38.60000228881836,44.0,True,ok,,0.0,100756.72717908872,100845.3957673228,0.9991207472829134,47.41201129655118,-0.2999992370605469,-7.412011296551178,5.399997711181641,False,True
ICOS_FR-Pue,sm_and_flux,43.7413,3.5957,271.0,Csa,oos,268.8999938964844,263.5,271.6000061035156,True,ok,,0.0,97519.59701189252,98111.50620265731,0.993966974785382,321.6985113084177,2.100006103515625,-50.69851130841772,8.100006103515625,False,False
ICOS_FR-Tou,sm_and_flux,43.572857,1.37474,158.0,Cfb,oos,160.40000915527344,158.10000610351562,161.0,True,ok,,0.0,99999.37774063845,99441.26230870368,1.0056125135479692,110.93675633100229,-2.4000091552734375,47.063243668997714,2.899993896484375,False,False
ICOS_GF-Guy,sm_and_flux,5.2787,-52.9248,40.0,Af,train,31.5,21.700000762939453,38.70000076293945,True,ok,,0.0,100779.441689725,100845.3957673228,0.9993459882119956,45.51275003556403,8.5,-5.512750035564032,17.0,False,False
ICOS_IT-BFt,sm_and_flux,45.197754,10.741966,23.0,Cfa,oos,28.80000114440918,27.5,29.5,True,ok,,0.0,100536.27172316948,101049.00244423846,0.9949259200124028,65.86330707023453,-5.80000114440918,-42.86330707023453,2.0,False,False
ICOS_IT-Lsn,sm_and_flux,45.740482,12.750297,1.0,Cfa,train,2.0,1.7000000476837158,2.1000001430511475,True,ok,,0.0,101013.1061411874,101312.98742745895,0.9970400508968678,25.995122044282866,-1.0,-24.995122044282866,0.40000009536743164,False,False
ICOS_IT-SR2,sm_and_flux,43.73202,10.29091,4.0,Csa,train,3.799999952316284,3.299999952316284,3.9000000953674316,True,ok,,0.0,100161.40951189252,101276.9566287693,0.9889851832636932,97.31322393008553,0.20000004768371582,-93.31322393008553,0.6000001430511475,False,True
ICOS_IT-Tor,sm_and_flux,45.84444,7.578055,2168.0,Dfc,oos,2162.800048828125,2137.60009765625,2186.900146484375,True,ok,,0.0,76979.73788143131,77850.931204552,0.9888094681766664,2258.180131352485,5.199951171875,-90.1801313524852,49.300048828125,False,False
ICOS_IT-TrF,sm_and_flux,45.82376,7.56089,2100.0,Dfc,oos,2089.10009765625,2067.800048828125,2101.0,True,ok,,0.0,77100.43150560404,78513.11667582182,0.9820070170433978,2245.6375738025777,10.89990234375,-145.63757380257766,33.199951171875,False,False
ICOS_SE-Deg,sm_and_flux,64.18203,19.55654,270.0,Dfc,oos,268.20001220703125,267.3000183105469,268.3000183105469,True,ok,,0.0,98234.96676078028,98123.21046978793,1.0011389383863134,260.4565234778458,1.79998779296875,9.543476522154208,1.0,False,False
ICOS_SE-Htm,sm_and_flux,56.09763,13.41897,115.0,Cfb,train,105.20000457763672,103.9000015258789,111.0999984741211,True,ok,,0.0,100126.19875887662,99951.09258014524,1.0017519186055015,100.27220409380467,9.799995422363281,14.727795906195325,7.1999969482421875,False,False
ICOS_SE-Nor,sm_and_flux,60.0865,17.479504,58.0,Dfb,oos,49.0,49.0,53.900001525878906,True,ok,,0.0,100794.09297088874,100630.17444050252,1.001628920264698,44.28787514181766,9.0,13.712124858182342,4.900001525878906,False,False
ICOS_SE-Svb,sm_and_flux,64.25611,19.7745,267.0,Dfc,oos,272.20001220703125,265.20001220703125,279.6000061035156,True,ok,,0.0,97912.56849439596,98158.33005501394,0.9974962740250344,288.01181612304157,-5.20001220703125,-21.01181612304157,14.399993896484375,False,False
AmeriFlux_CA-Cbo,flux_only,44.3184,-79.9341,210.0,Dfb,oos,223.1999969482422,218.40000915527344,225.0,True,ok,,0.0,99041.5160046629,98827.53847422804,1.0021651609838556,191.84035443090232,-13.199996948242188,18.159645569097677,6.5999908447265625,False,False
AmeriFlux_CA-DB2,flux_only,49.119,-122.9951,4.0,Cfb,train,2.4000000953674316,2.4000000953674316,2.700000047683716,True,ok,,0.0,101037.4960866218,101276.9566287693,0.99763558710571,23.959975656498653,1.5999999046325684,-19.959975656498653,0.2999999523162842,False,False
AmeriFlux_CA-DBB,flux_only,49.1293,-122.9849,4.0,Csb,train,2.9000000953674316,2.6000001430511475,3.299999952316284,True,ok,,0.0,101091.6423575462,101276.9566287693,0.9981702227496588,19.443322734558254,1.0999999046325684,-15.443322734558254,0.6999998092651367,False,False
AmeriFlux_CA-DSM,flux_only,49.0887,-122.8954,1.0,Csb,train,2.299999952316284,0.0,2.299999952316284,True,ok,,0.0,100676.41971466462,101312.98742745895,0.9937168202324492,54.1296565492393,-1.2999999523162842,-53.1296565492393,2.299999952316284,False,False
AmeriFlux_CA-Mer,flux_only,45.4094,-75.5186,70.0,Dfb,train,68.70000457763672,68.70000457763672,69.20000457763672,True,ok,,0.0,100481.73336969542,100486.90029678066,0.9999485810879828,70.43301740878164,1.2999954223632812,-0.4330174087816374,0.5,False,False
AmeriFlux_US-ALQ,flux_only,46.0308,-89.6067,503.0,Dfb,val,494.5,494.5,500.1000061035156,True,ok,,0.0,95601.5473713034,95426.49803194556,1.0018343892206885,487.7147332412487,8.5,15.285266758751277,5.600006103515625,False,False
AmeriFlux_US-BZB,flux_only,64.6955,-148.3208,100.0,Dfd,train,119.20000457763672,119.20000457763672,120.20000457763672,True,ok,,0.0,99470.715868816,100129.43746672753,0.9934212993243828,155.51098109436893,-19.20000457763672,-55.51098109436893,1.0,False,False
AmeriFlux_US-BZo,flux_only,64.6936,-148.33,100.0,Dfd,train,118.5999984741211,118.5999984741211,119.0999984741211,True,ok,,0.0,99482.8643320072,100129.43746672753,0.9935426269129376,154.48453015368577,-18.599998474121094,-54.48453015368577,0.5,False,False
AmeriFlux_US-Bi1,flux_only,38.0992,-121.4993,-2.7,Csa,train,0.30000001192092896,0.30000001192092896,1.600000023841858,True,ok,,0.0,101357.14957648872,101357.4397068177,0.999997137552706,-2.675855167623256,-3.000000011920929,-0.02414483237674414,1.300000011920929,False,False
AmeriFlux_US-Bi2,flux_only,38.1091,-121.5351,-5.0,Csa,train,0.30000001192092896,0.30000001192092896,1.3000000715255737,True,ok,,0.0,101232.9445295386,101385.08016385027,0.998499427784978,7.66571266484243,-5.300000011920929,-12.665712664842431,1.0000000596046448,False,False
AmeriFlux_US-DFC,flux_only,43.3448,-89.7117,264.9,Dfb,oos,259.8000183105469,255.1999969482422,261.20001220703125,True,ok,,0.0,98009.50862905066,98182.919820154,0.9982337947229418,279.71865440318857,5.099981689453102,-14.818654403188589,6.0000152587890625,False,False
AmeriFlux_US-DS2,flux_only,38.1375,-121.514,-6.0,Csa,train,0.4000000059604645,0.30000001192092896,0.6000000238418579,True,ok,,0.0,101259.72792607803,101397.0996574423,0.9986452104465674,5.434803415567958,-6.4000000059604645,-11.43480341556796,0.30000001192092896,False,False
AmeriFlux_US-Dmg,flux_only,38.0015,-121.6691,1.0,Csa,train,0.699999988079071,0.6000000238418579,1.399999976158142,True,ok,,0.0,101497.30184270193,101312.98742745895,1.0018192575297904,-14.332906090997032,0.30000001192092896,15.332906090997032,0.7999999523162842,False,True
AmeriFlux_US-Esm,flux_only,25.4379,-80.5946,1.07,Aw,oos,2.299999952316284,2.299999952316284,2.5,True,ok,,0.0,101645.04363813088,101312.14659056989,1.003285855238132,-26.607106604615968,-1.2299999523162841,27.677106604615968,0.20000004768371582,False,False
AmeriFlux_US-EvM,flux_only,25.3539,-80.381,0.332,Aw,train,2.0,2.0,2.9000000953674316,True,ok,,0.0,101657.5130422228,101321.01169803376,1.0033211407836304,-27.642387616939967,-1.668,27.974387616939968,0.9000000953674316,False,False
AmeriFlux_US-GLE,flux_only,41.3665,-106.2399,3197.0,Dfc,train,3189.699951171875,3181.400146484375,3200.60009765625,True,ok,,0.0,70065.13382849931,68369.90056680555,1.0247950230677507,3004.8676735866843,7.300048828125,192.1323264133157,19.199951171875,False,False
AmeriFlux_US-HB1,flux_only,33.3455,-79.1957,0.1,Cfa,val,1.5,0.20000000298023224,1.600000023841858,True,ok,,0.0,101776.87519250512,101323.79869084894,1.0044715704258047,-37.547314109911106,-1.4,37.64731410991111,1.4000000208616257,False,False
AmeriFlux_US-HB3,flux_only,33.3482,-79.2322,7.3,Cfa,train,5.400000095367432,4.0,6.599999904632568,True,ok,,0.0,101736.96152036276,101237.33473512056,1.0049352028730254,-34.236239512560196,1.8999999046325682,41.53623951256019,2.5999999046325684,False,False
AmeriFlux_US-HB4,flux_only,33.2015,-79.2975,1.0,Cfa,train,1.8000000715255737,0.800000011920929,1.899999976158142,True,ok,,0.0,101700.08015616448,101312.98742745895,1.0038207611732175,-31.175777594597605,-0.8000000715255737,32.175777594597605,1.0999999642372131,False,True
AmeriFlux_US-Ho1,flux_only,45.2041,-68.7402,60.0,Dfb,oos,83.70000457763672,82.0999984741211,84.5999984741211,True,ok,,0.0,100070.1979105536,100606.28393657808,0.9946714459072712,104.98004238825244,-23.70000457763672,-44.98004238825244,2.5,False,False
AmeriFlux_US-Ho2,flux_only,45.2091,-68.747,61.0,Dfb,oos,92.20000457763672,90.20000457763672,92.70000457763672,True,ok,,0.0,100096.3229861824,100594.34040699142,0.9950492500990205,102.78351327059487,-31.20000457763672,-41.78351327059487,2.5,False,False
AmeriFlux_US-Hsm,flux_only,38.2368,-122.0212,1.113,Csa,oos,2.6000001430511475,2.200000047683716,2.799999952316284,True,ok,,0.0,99754.60431104552,101311.63007928256,0.9846313225143196,131.55109273923708,-1.4870001430511475,-130.43809273923708,0.5999999046325684,False,False
AmeriFlux_US-ICs,flux_only,68.6058,-149.311,920.0,Et,val,898.4000244140625,896.4000244140625,900.4000244140625,True,ok,,0.0,91567.7281880989,90750.112921302,1.0090095234096943,845.8561215969654,21.5999755859375,74.14387840303459,4.0,False,False
AmeriFlux_US-ICt,flux_only,68.6063,-149.3041,930.0,Et,val,918.2999877929688,912.2999877929688,924.2999877929688,True,ok,,0.0,91567.7281880989,90640.29269490216,1.01023204433285,845.8561215969654,11.70001220703125,84.14387840303459,12.0,False,False
AmeriFlux_US-Jo1,flux_only,32.582,-106.635,1188.0,Bwk,train,1400.7000732421875,1398.5,1400.800048828125,True,ok,,0.0,86446.05870499041,87843.91310375699,0.9840870659175268,1319.470638869069,-212.7000732421875,-131.47063886906903,2.300048828125,True,False
AmeriFlux_US-Jo2,flux_only,32.5849,-106.6032,1469.0,Bwk,train,1470.2000732421875,1467.4000244140625,1471.4000244140625,True,ok,,0.0,86425.89428259754,84878.14533439603,1.018234952496945,1321.3796947220171,-1.2000732421875,147.62030527798288,4.0,False,False
AmeriFlux_US-KFS,flux_only,39.0561,-95.1907,310.0,Cfa,oos,333.0,329.20001220703125,335.0,True,ok,,0.0,98119.70276113012,97655.92074944242,1.0047491438115426,270.2996847203308,-23.0,39.70031527966921,5.79998779296875,False,False
AmeriFlux_US-KLS,flux_only,38.7745,-97.5684,373.0,Cfa,oos,380.8000183105469,377.6000061035156,388.20001220703125,True,ok,,0.0,96902.70688498858,96923.59471586568,0.9997844917851187,374.80256878110913,-7.800018310546875,-1.8025687811091302,10.600006103515625,False,False
AmeriFlux_US-Kon,flux_only,39.0824,-96.5603,417.0,Cfa,train,444.3999938964844,440.5,444.3999938964844,True,ok,,0.0,97135.88309075344,96414.77134637344,1.0074792662401215,354.69785308134294,-27.399993896484375,62.30214691865706,3.899993896484375,False,False
AmeriFlux_US-MMS,flux_only,39.3232,-86.4131,275.0,Cfa,val,283.0,267.20001220703125,285.0,True,ok,,0.0,99226.91019635524,98064.70043829767,1.0118514588110004,176.13216179950834,-8.0,98.86783820049166,17.79998779296875,False,False
AmeriFlux_US-MN2,flux_only,45.627,-96.1271,339.0,Dwb,train,339.3999938964844,339.0,340.3999938964844,True,ok,,0.0,97664.5918931056,97318.26381710358,1.003558716138349,309.2563402226639,-0.399993896484375,29.74365977733612,1.399993896484375,False,True
AmeriFlux_US-MN3,flux_only,45.6091,-96.1265,339.0,Dwb,train,342.1000061035156,341.70001220703125,342.6000061035156,True,ok,,0.0,97657.82846281472,97318.26381710358,1.0034892180808868,309.8363849641905,-3.100006103515625,29.163615035809528,0.899993896484375,False,False
AmeriFlux_US-Me2,flux_only,44.4526,-121.5589,1253.0,Csb,train,1254.5999755859375,1253.2000732421875,1256.300048828125,True,ok,,0.0,89765.70410477136,87150.53482484927,1.030007495480985,1009.9903527591372,-1.5999755859375,243.00964724086282,3.0999755859375,False,False
AmeriFlux_US-Mo1,flux_only,39.2298,-92.1167,260.0,Cfa,val,261.5,261.5,262.6000061035156,True,ok,,0.0,98692.46884777084,98240.3153369644,1.0046025250352213,221.4793610574973,-1.5,38.5206389425027,1.100006103515625,False,False
AmeriFlux_US-Mo2,flux_only,38.9488,-91.9945,275.0,Cfa,train,273.5,272.0,274.3000183105469,True,ok,,0.0,98652.55577504564,98064.70043829767,1.0059945661804968,224.87394702945784,1.5,50.12605297054216,2.300018310546875,False,False
AmeriFlux_US-Mo3,flux_only,39.2322,-92.1493,261.0,Cfa,val,260.8999938964844,260.6000061035156,261.5,True,ok,,0.0,98686.97671224672,98228.59976024023,1.0046664306843964,221.9463983477723,0.100006103515625,39.05360165222771,0.899993896484375,False,True
AmeriFlux_US-Mpj,flux_only,34.4385,-106.2377,2196.0,Bsk,train,2194.199951171875,2189.400146484375,2200.0,True,ok,,0.0,80302.33965926591,77579.58451333735,1.0350962841965268,1918.559253735795,1.800048828125,277.440746264205,10.599853515625,False,False
AmeriFlux_US-MtB,flux_only,32.416,-110.7256,2573.0,Dwb,oos,2565.0,2544.60009765625,2574.0,True,ok,,0.0,84082.66656806,74000.04984191337,1.1362514856096202,1545.7204958268317,8.0,1027.2795041731683,29.39990234375,False,False
AmeriFlux_US-NC3,flux_only,35.799,-76.656,5.0,Cfa,train,8.0,6.0,8.5,True,ok,,0.0,101695.23985604894,101264.94866856826,1.0042491621547054,-30.774056702898736,-3.0,35.77405670289873,2.5,False,False
AmeriFlux_US-Ne1,flux_only,41.1651,-96.4766,361.0,Dfa,oos,357.3999938964844,357.1000061035156,357.5,True,ok,,0.0,97283.89389223992,97062.74142036936,1.0022784486470744,341.9564615878736,3.600006103515625,19.043538412126395,0.399993896484375,False,False
AmeriFlux_US-Ne2,flux_only,41.1649,-96.4701,362.0,Dfa,oos,356.8000183105469,356.6000061035156,357.0,True,ok,,0.0,97283.89389223992,97051.13968715067,1.0023982634911814,341.9564615878736,5.199981689453125,20.043538412126395,0.399993896484375,False,False
AmeriFlux_US-ONA,flux_only,27.3836,-81.9509,25.0,Cfa,train,27.100000381469727,26.80000114440918,27.399999618530273,True,ok,,0.0,101481.41371166483,101025.03145533304,1.004517516597197,-13.012078974513171,-2.1000003814697266,38.01207897451317,0.5999984741210938,False,False
AmeriFlux_US-RGB,flux_only,39.5782,-121.8579,33.0,Csa,val,34.79999923706055,34.79999923706055,35.10000228881836,True,ok,,0.0,100463.04727605236,100929.19354016356,0.9953814526029507,71.9991671653134,-1.7999992370605469,-38.999167165313395,0.3000030517578125,False,False
AmeriFlux_US-RGo,flux_only,39.6805,-122.0026,40.0,Csa,val,40.900001525878906,39.70000076293945,40.900001525878906,True,ok,,0.0,99415.5114166239,100845.3957673228,0.9858210249479504,160.17660833980054,-0.9000015258789062,-120.17660833980054,1.2000007629394531,False,True
AmeriFlux_US-Rls,flux_only,43.1439,-116.7356,1608.0,Bsh,train,1615.5999755859375,1602.5999755859375,1625.4000244140625,True,ok,,0.0,84850.49693735328,83441.36850120033,1.0168876477155655,1471.6567820330563,-7.5999755859375,136.3432179669437,22.800048828125,False,False
AmeriFlux_US-Rms,flux_only,43.0645,-116.7486,2111.0,Bsh,train,2117.300048828125,2104.10009765625,2132.199951171875,True,ok,,0.0,82286.61393229167,78405.69034968571,1.049497983696046,1721.1277388854735,-6.300048828125,389.8722611145265,28.099853515625,False,False
AmeriFlux_US-Ro4,flux_only,44.6781,-93.0723,274.0,Dfa,val,264.8999938964844,264.1000061035156,266.6000061035156,True,ok,,0.0,98139.73659683007,98076.40018393022,1.0006457864764722,268.58818993021424,9.100006103515625,5.4118100697857585,2.5,False,False
AmeriFlux_US-Ro5,flux_only,44.691,-93.0576,283.0,Dfa,val,283.20001220703125,281.6000061035156,283.3000183105469,True,ok,,0.0,98139.73659683007,97971.14315218596,1.0017208479887003,268.58818993021424,-0.20001220703125,14.411810069785759,1.70001220703125,False,True
AmeriFlux_US-Ro6,flux_only,44.6946,-93.0578,282.0,Dfa,val,283.5,281.20001220703125,283.5,True,ok,,0.0,98139.73659683007,97982.83385883152,1.00160132884322,268.58818993021424,-1.5,13.411810069785759,2.29998779296875,False,False
AmeriFlux_US-Rwf,flux_only,43.1207,-116.7231,1878.0,Bsh,train,1883.2000732421875,1871.5999755859375,1912.0999755859375,True,ok,,0.0,84850.49693735328,80706.7819630226,1.0513428348094611,1471.6567820330563,-5.2000732421875,406.3432179669437,40.5,False,False
AmeriFlux_US-Rws,flux_only,43.1675,-116.7132,1425.0,Bsk,train,1426.800048828125,1415.0,1436.300048828125,True,ok,,0.0,84850.49693735328,85337.1030833864,0.99429783612929,1471.6567820330563,-1.800048828125,-46.65678203305629,21.300048828125,False,False
AmeriFlux_US-SHC,flux_only,39.4315,-120.2398,1934.0,Dsb,train,1933.7000732421875,1930.0,1952.0999755859375,True,ok,,0.0,79949.47278191308,80148.80208915351,0.9975130095267212,1954.0816357576007,0.2999267578125,-20.08163575760068,22.0999755859375,False,True
AmeriFlux_US-Seg,flux_only,34.3623,-106.702,1596.0,Bsk,train,1595.7000732421875,1594.2000732421875,1596.9000244140625,True,ok,,0.0,84425.70277207393,83564.62458795232,1.0103043385687125,1512.564368110492,0.2999267578125,83.43563188950793,2.699951171875,False,True
AmeriFlux_US-Ses,flux_only,34.3349,-106.7442,1604.0,Bsk,train,1599.0999755859375,1598.4000244140625,1602.4000244140625,True,ok,,0.0,84459.7531602926,83482.43749550765,1.0117068415118755,1509.2791863235789,4.9000244140625,94.72081367642113,4.0,False,False
AmeriFlux_US-Sne,flux_only,38.0369,-121.7547,-5.0,Csa,train,0.30000001192092896,0.30000001192092896,1.3000000715255737,True,ok,,0.0,101338.3263764117,101385.08016385027,0.9995388494306756,-1.1092567536404907,-5.300000011920929,-3.8907432463595093,1.0000000596046448,False,False
AmeriFlux_US-Tw4,flux_only,38.1027,-121.6413,-5.0,Csa,train,0.30000001192092896,0.30000001192092896,0.9000000357627869,True,ok,,0.0,101105.37215455272,101385.08016385027,0.9972411324344224,18.29835247750198,-5.300000011920929,-23.29835247750198,0.6000000238418579,False,False
AmeriFlux_US-UC1,flux_only,40.7536,-78.0056,390.0,Dfb,oos,388.0,384.3000183105469,393.0,True,ok,,0.0,95754.7415289751,96726.74675691997,0.9899510191282708,474.35643971415635,2.0,-84.35643971415635,8.699981689453125,False,False
AmeriFlux_US-UMB,flux_only,45.5598,-84.7138,234.0,Dfb,train,236.6999969482422,233.90000915527344,237.8000030517578,True,ok,,0.0,98726.01374674836,98545.3177044382,1.0018336339718557,218.62724456646396,-2.6999969482421875,15.372755433536042,3.899993896484375,False,False
AmeriFlux_US-Vcm,flux_only,35.8884,-106.5321,3030.0,Dfb,train,3035.199951171875,3025.60009765625,3039.10009765625,True,ok,,0.0,75120.82157484839,69841.4699632405,1.0755904996613983,2453.400361701666,-5.199951171875,576.599638298334,13.5,False,False
AmeriFlux_US-Vcp,flux_only,35.8642,-106.5967,2500.0,Dfb,oos,2494.0,2488.300048828125,2503.199951171875,True,ok,,0.0,75142.00063633641,74682.51228281349,1.006152556193917,2451.154253506419,6.0,48.84574649358092,14.89990234375,False,False
AmeriFlux_US-Wjs,flux_only,34.4255,-105.8615,1931.0,Bsk,train,1928.300048828125,1928.300048828125,1930.5999755859375,True,ok,,0.0,80523.46037870037,80178.61445548748,1.0043009713444766,1896.3638537600827,2.699951171875,34.63614623991725,2.2999267578125,False,False
AmeriFlux_US-xBR,flux_only,44.0639,-71.2873,232.0,Dfb,train,280.3999938964844,273.1000061035156,286.3000183105469,True,ok,,0.0,95858.91607655994,98568.81114689515,0.9725075808584448,465.28246206863315,-48.399993896484375,-233.28246206863315,13.20001220703125,False,False
AmeriFlux_US-xCL,flux_only,33.4012,-97.57,259.0,Cfa,train,274.3000183105469,268.3000183105469,276.8999938964844,True,ok,,0.0,98128.78375256674,98252.03204510754,0.9987455903967032,269.52385865723596,-15.300018310546875,-10.523858657235962,8.5999755859375,False,False
AmeriFlux_US-xCP,flux_only,40.8155,-104.7456,1654.0,Bsk,train,1653.9000244140625,1652.2000732421875,1653.9000244140625,True,ok,,0.0,82361.79055441478,82970.24978062784,0.9926665373694568,1713.7239267981838,0.0999755859375,-59.72392679818381,1.699951171875,False,True
AmeriFlux_US-xDJ,flux_only,63.8811,-145.7514,529.0,Dfc,train,504.20001220703125,502.20001220703125,506.1000061035156,True,ok,,0.0,94394.62081218636,95129.33809014189,0.9922766489002656,593.5675252771506,24.79998779296875,-64.5675252771506,3.899993896484375,False,False
AmeriFlux_US-xDL,flux_only,32.5417,-87.8039,22.0,Cfa,train,26.5,26.5,31.700000762939453,True,ok,,0.0,101211.30974616858,101060.98966567332,1.0014874194384256,9.468119807925165,-4.5,12.531880192074835,5.200000762939453,False,False
AmeriFlux_US-xHA,flux_only,42.5369,-72.1727,351.0,Dfb,train,354.1000061035156,349.1000061035156,359.8000183105469,True,ok,,0.0,98451.80046695402,97178.82053119426,1.013099355690895,241.96496452595684,-3.100006103515625,109.03503547404316,10.70001220703125,False,False
AmeriFlux_US-xJE,flux_only,31.1948,-84.4686,44.0,Cfa,train,46.10000228881836,43.70000076293945,47.60000228881836,True,ok,,0.0,101089.95722378149,100797.53662562383,1.0029010688946074,19.583859929136914,-2.1000022888183594,24.416140070863086,3.9000015258789062,False,False
AmeriFlux_US-xJR,flux_only,32.5907,-106.8425,1329.0,Bsk,train,1324.0999755859375,1320.2000732421875,1325.5,True,ok,,0.0,86905.30883762322,86345.44266835465,1.0064840268573174,1276.0886974070381,4.9000244140625,52.911302592961874,5.2999267578125,False,False
AmeriFlux_US-xKA,flux_only,39.1104,-96.6129,1329.0,Cfa,train,324.3999938964844,322.70001220703125,326.70001220703125,True,ok,,0.0,97279.31803452258,86345.44266835465,1.126629443642602,342.35013542422723,1004.6000061035156,986.6498645757728,4.0,True,False
AmeriFlux_US-xNG,flux_only,46.7697,-100.9154,578.0,Dfb,train,589.2999877929688,588.2999877929688,589.2999877929688,True,ok,,0.0,94960.70259561088,94571.34268180566,1.0041171025256062,543.784020677201,-11.29998779296875,34.215979322798944,1.0,False,False
AmeriFlux_US-xRM,flux_only,40.2759,-105.5459,2743.0,Dfc,val,2734.900146484375,2731.0,2745.400146484375,True,ok,,0.0,72064.33619952088,72430.31175808291,0.9949472044275554,2783.0628712383605,8.099853515625,-40.06287123836046,14.400146484375,False,False
AmeriFlux_US-xSC,flux_only,38.8929,-78.1395,361.0,Cfa,train,362.6000061035156,344.5,380.3000183105469,True,ok,,0.0,97865.23535891512,97062.74142036936,1.0082677856281663,292.06354917811126,-1.600006103515625,68.93645082188874,35.800018310546875,False,False
AmeriFlux_US-xSE,flux_only,38.8901,-76.56,15.0,Cfa,train,15.300000190734863,11.0,17.399999618530273,True,ok,,0.0,101373.3691032088,101144.93246061618,1.0022585080343158,-4.02556872291343,-0.3000001907348633,19.02556872291343,6.399999618530273,False,True
AmeriFlux_US-xSJ,flux_only,37.1088,-119.7323,368.0,Csa,train,395.8000183105469,388.8000183105469,403.70001220703125,True,ok,,0.0,96221.05978037766,96981.55286615036,0.9921583738010228,433.8004426196315,-27.800018310546875,-65.8004426196315,14.899993896484375,False,False
AmeriFlux_US-xUK,flux_only,39.0404,-95.1921,335.0,Cfa,oos,318.6000061035156,306.20001220703125,324.1000061035156,True,ok,,0.0,98070.41895012316,97364.78089982986,1.0072473644347772,274.51121561015697,16.399993896484375,60.48878438984303,17.899993896484375,False,False
AmeriFlux_US-xUN,flux_only,46.2339,-89.5373,518.0,Dfb,train,524.9000244140625,517.2000122070312,525.4000244140625,True,ok,,0.0,95575.68416859172,95254.96802027544,1.0033669230590472,489.97167438040645,-6.9000244140625,28.028325619593545,8.20001220703125,False,False
AmeriFlux_US-xWD,flux_only,47.1282,-99.2414,579.0,Dfb,train,589.4000244140625,584.7999877929688,591.1000366210938,True,ok,,0.0,94758.13203552693,94559.98267967174,1.0020954884956612,561.5712103081821,-10.4000244140625,17.428789691817883,6.300048828125,False,False
AmeriFlux_CA-TP1,sm_and_flux,42.6609,-80.5595,265.0,Dfb,train,202.0,198.3000030517578,204.40000915527344,True,ok,,0.0,99116.70892233709,98181.748765862,1.0095227490671888,185.46649516724491,63.0,79.53350483275509,6.100006103515625,True,False
AmeriFlux_CA-TP3,sm_and_flux,42.7068,-80.3483,184.0,Dfb,oos,221.60000610351562,220.10000610351562,223.40000915527344,True,ok,,0.0,98949.97817064126,99134.01582038528,0.9981435469125204,199.60500986138103,-37.600006103515625,-15.605009861381035,3.3000030517578125,False,False
AmeriFlux_CA-TPD,sm_and_flux,42.6353,-80.5577,260.0,Dfb,train,203.8000030517578,200.5,206.10000610351562,True,ok,,0.0,99124.33804956474,98240.3153369644,1.00899857364635,184.82001765156053,56.19999694824219,75.17998234843947,5.600006103515625,True,False
AmeriFlux_US-ARM,sm_and_flux,36.6058,-97.4888,314.0,Cfa,oos,315.70001220703125,312.6000061035156,317.20001220703125,True,ok,,0.0,97810.13107638888,97609.29106305404,1.0020575911488294,296.78249460677057,-1.70001220703125,17.21750539322943,4.600006103515625,False,False
AmeriFlux_US-Me6,sm_and_flux,44.3233,-121.6078,998.0,Csb,train,996.7999877929688,995.2999877929688,997.9000244140625,True,ok,,0.0,88815.08812260536,89896.36555124776,0.9879719561295724,1097.6531670553832,1.20001220703125,-99.65316705538316,2.60003662109375,False,False
AmeriFlux_US-SRG,sm_and_flux,31.7894,-110.8277,1291.0,Bsk,oos,1292.0999755859375,1286.5,1297.9000244140625,True,ok,,0.0,87844.85075894604,86747.23245695981,1.0126530642061786,1187.912382248942,-1.0999755859375,103.0876177510579,11.4000244140625,False,False
AmeriFlux_US-SRM,sm_and_flux,31.8214,-110.8661,1120.0,Bsk,train,1120.300048828125,1118.0999755859375,1125.5,True,ok,,0.0,90376.14250192505,88574.06759090953,1.0203454008608774,954.0932038415211,-0.300048828125,165.90679615847887,7.4000244140625,False,True
AmeriFlux_US-Ton,sm_and_flux,38.4309,-120.966,177.0,Csa,oos,172.90000915527344,172.10000610351562,175.3000030517578,True,ok,,0.0,99394.2390111653,99216.66030473736,1.001789807335608,161.9750144894794,4.0999908447265625,15.024985510520594,3.1999969482421875,False,False
AmeriFlux_US-UMd,sm_and_flux,45.5625,-84.6975,239.0,Dfb,train,242.3000030517578,236.40000915527344,242.60000610351562,True,ok,,0.0,98933.04747713712,98486.60393472132,1.00453303824662,201.04178562025743,-3.3000030517578125,37.95821437974257,6.1999969482421875,False,False
AmeriFlux_US-Var,sm_and_flux,38.4133,-120.9508,129.0,Csa,oos,160.40000915527344,157.60000610351562,163.8000030517578,True,ok,,0.0,99414.1595444277,99784.86950598127,0.9962849080888824,160.29088869379754,-31.400009155273438,-31.29088869379754,6.1999969482421875,False,False
AmeriFlux_US-Whs,sm_and_flux,31.7438,-110.0522,1370.0,Bsk,oos,1373.9000244140625,1369.0999755859375,1375.5999755859375,True,ok,,0.0,86528.55397095311,85913.6240477971,1.007157536769883,1311.6641970916098,-3.9000244140625,58.33580290839018,6.5,False,False
AmeriFlux_US-Wkg,sm_and_flux,31.7365,-109.9419,1531.0,Bsk,train,1526.5999755859375,1517.5999755859375,1526.5999755859375,True,ok,,0.0,84402.71778212697,84234.82652449684,1.001993133535822,1514.7825667635886,4.4000244140625,16.217433236411352,9.0,False,False
