station_id,region_id,status,catchment_touches_region_edge,basin_cells,acc_at_station_cells,a_at_station_m,twi_at_station,hand_at_station,slope_at_station,tile_slope_floor_frac,tile_twi_sd,tile_hand_sd,tile_valid_frac
ISMN_SNOTEL_CorralCanyon,18,done,False,4,8.0294828414917,240.88449096679688,6.835956573486328,150.02197265625,0.25325846672058105,0.0,1.2712523937225342,84.48374938964844,1.0
ISMN_SNOTEL_DorseyBasin,18,done,False,48,380.7171936035156,11421.515625,12.64071273803711,0.0,0.0369601771235466,0.0,1.5027194023132324,70.0276870727539,1.0
ISMN_SNOTEL_DryCreek,18,done,False,3,5.465577125549316,163.96731567382812,6.3442888259887695,16.5294189453125,0.28045758605003357,0.0,1.8132522106170654,51.57282257080078,1.0
ISMN_SNOTEL_GreenMountain,18,done,False,18,107.09806823730469,3212.942138671875,9.404911041259766,9.443115234375,0.2585650086402893,0.0,1.3516566753387451,123.08988189697266,1.0
ISMN_SNOTEL_Hole-in-Mountain,18,done,False,4,12.853221893310547,385.5966491699219,7.75750207901001,17.036865234375,0.16338203847408295,0.0,1.8240153789520264,89.44125366210938,1.0
ISMN_SNOTEL_Lamoille#3,18,done,False,21,75.35395050048828,2260.618408203125,9.419027328491211,6.4775390625,0.18146459758281708,0.0,1.9358329772949219,140.08250427246094,1.0
ISMN_SNOTEL_LamoilleUpper,18,done,False,2,228.28213500976562,6848.4638671875,10.312376976013184,0.0,0.22369441390037537,0.0,1.7793091535568237,120.68831634521484,1.0
ISMN_SNOTEL_PoleCanyon,18,done,False,7,10.121452331542969,303.6435546875,7.36814546585083,14.340087890625,0.1893158257007599,0.0,1.8287113904953003,69.62977600097656,1.0
ISMN_SCAN_Charkiln,15,done,False,1,1.4498580694198608,43.49574279785156,6.651007175445557,14.64990234375,0.056168653070926666,0.0,2.3515846729278564,19.728776931762695,1.0
ISMN_SCAN_KyleCanyon,15,done,False,1,3.782637596130371,113.4791259765625,7.03468656539917,49.67138671875,0.09962089359760284,0.0,2.1133551597595215,86.09000396728516,1.0
ISMN_SCAN_LovellSummit,15,done,False,6,24.300046920776367,729.0014038085938,9.214011192321777,4.327392578125,0.07250571995973587,0.0,1.6478722095489502,44.38897705078125,1.0
ISMN_SCAN_PineNut,15,done,False,5,6.33306884765625,189.9920654296875,7.4124932289123535,18.828369140625,0.11419235914945602,0.0,2.2363321781158447,36.14595413208008,1.0
ISMN_SCAN_TroughSprings,15,done,False,8,47.403831481933594,1422.114990234375,8.868338584899902,79.595703125,0.19758793711662292,0.0,1.8891538381576538,88.67694854736328,1.0
ISMN_SNOTEL_BristleconeTrail,15,done,False,446,341.90032958984375,10257.009765625,10.918137550354004,0.0,0.1838243156671524,0.0,1.5114408731460571,62.95866394042969,1.0
ISMN_SNOTEL_LeeCanyon,15,done,False,1,41.22038269042969,1236.6114501953125,8.8726167678833,23.417236328125,0.17163687944412231,0.0,2.0618040561676025,68.62890625,1.0
ISMN_SNOTEL_RainbowCanyon,15,done,False,23,65.96046447753906,1978.81396484375,8.88505744934082,33.749267578125,0.2673910856246948,0.0,1.9675719738006592,98.42994689941406,1.0
ISMN_USCRN_Mercury-3-SSW,15,done,False,85,1256.415771484375,37692.47265625,14.260148048400879,0.0,0.024158308282494545,0.0,0.775931179523468,0.12268543243408203,1.0
ISMN_SNOTEL_BerryCreek,22,done,False,12,15.611452102661133,468.34356689453125,7.364568710327148,17.926513671875,0.2883358299732208,0.0,1.6318862438201904,87.45575714111328,1.0
ISMN_SNOTEL_BirdCreek,22,done,False,6,18.661157608032227,559.834716796875,8.05286693572998,4.727783203125,0.17628392577171326,0.0,1.5694520473480225,77.63615417480469,1.0
ISMN_SNOTEL_CaveMountain,22,done,False,2,4.685418605804443,140.56256103515625,6.858273983001709,48.239013671875,0.14663271605968475,0.0,1.067359447479248,129.97122192382812,1.0
ISMN_SNOTEL_Kalamazoo,22,done,False,6,179.4497528076172,5383.49267578125,10.502202987670898,0.0,0.14685124158859253,0.0,1.5914472341537476,60.18466567993164,1.0
ISMN_SNOTEL_WardMountain,22,done,False,1,1.9758073091506958,59.27421951293945,7.461698532104492,77.180419921875,0.03405050188302994,0.0,1.426189661026001,113.47085571289062,1.0
ISMN_SNOTEL_WheelerPeak,22,done,False,38,98.7088394165039,2961.26513671875,10.261076927185059,4.9794921875,0.103181853890419,0.0,1.6728414297103882,92.69854736328125,1.0
ISMN_USCRN_Baker-5-W,22,done,False,91,91.67058563232422,2750.11767578125,10.47188663482666,2.919189453125,0.07773073762655258,0.0,2.664339780807495,33.7618408203125,1.0
ISMN_SCAN_LTSP,41,done,False,1,1.4577758312225342,43.7332763671875,6.734228610992432,16.1011962890625,0.05197354778647423,0.0,1.9698433876037598,17.723787307739258,1.0
ISMN_SCAN_SinkinForest,41,done,False,7,10.395896911621094,311.87689208984375,9.766535758972168,20.498992919921875,0.017880691215395927,0.0,1.3895999193191528,10.86325740814209,1.0
ISMN_SCAN_TwinPinesConservationArea,41,done,False,1,1.4926682710647583,44.78004837036133,6.915185451507568,25.674072265625,0.04441932961344719,0.0001602307322544464,1.9761619567871094,9.191572189331055,1.0
ISMN_USCRN_Salem-10-W,41,done,False,1,1.5595266819000244,46.78580093383789,6.952432155609131,16.285125732421875,0.04471174627542496,0.0,1.891635775566101,6.2512335777282715,1.0
ISMN_SCAN_AlkaliMesa,11,done,False,1,3.4241890907287598,102.72566986083984,8.18893051147461,11.7047119140625,0.02852027490735054,0.0,1.5169320106506348,25.10424041748047,1.0
ISMN_SCAN_Eastland,11,done,False,1,1.3611644506454468,40.83493423461914,6.84041690826416,17.19677734375,0.04365164041519165,0.0003204614645088928,1.314113974571228,7.54051399230957,1.0
ISMN_SCAN_HarmsWay,11,done,False,3,2.900325298309326,87.00975799560547,7.359834671020508,35.862060546875,0.055308155715465546,0.0,2.323357105255127,18.84624481201172,1.0
ISMN_SCAN_MccrackenMesa,11,done,False,1,2.5612409114837646,76.83722686767578,7.900846481323242,9.1905517578125,0.02845511958003044,0.0003204614645088928,1.4711636304855347,7.467541217803955,1.0
ISMN_SCAN_WestSummit,11,done,False,2,2.323875665664673,69.71627044677734,7.578911304473877,10.975341796875,0.035618122667074203,0.0004806921967633392,1.5422515869140625,4.070491313934326,1.0
ISMN_SNOTEL_BuckboardFlat,11,done,False,4,126.6355209350586,3799.065673828125,9.593864440917969,0.0,0.25332754850387573,0.0,1.7675944566726685,76.95542907714844,1.0
ISMN_SNOTEL_CampJackson,11,done,False,12,3.831305980682373,114.93917846679688,6.5111260414123535,77.866943359375,0.1692570447921753,0.0,1.564272165298462,66.58650970458984,1.0
ISMN_SNOTEL_GoldBasin,11,done,False,26,14.13915729522705,424.1747131347656,7.942923545837402,3.7119140625,0.14952819049358368,0.0,1.6308348178863525,75.8623275756836,1.0
ISMN_SNOTEL_LasalMountain,11,done,False,2,311.64410400390625,9349.3232421875,12.17056655883789,0.0,0.048398375511169434,0.0,1.652104377746582,82.4912338256836,1.0
ISMN_SNOTEL_LasalMountain-Lower,11,done,False,34,65.67890167236328,1970.3670654296875,9.271979331970215,88.61962890625,0.1831815391778946,0.0,1.7137234210968018,74.16451263427734,1.0
ISMN_TERENO_Gevenich,16,done,False,1,1.2228411436080933,36.68523406982422,8.353181838989258,2.8475799560546875,0.008644497022032738,0.008171767344976766,1.3474799394607544,6.282153606414795,1.0
ISMN_TERENO_Merzenhausen,16,done,False,1,1.6898037195205688,50.69411087036133,10.44141960144043,1.3874359130859375,0.0014801525976508856,0.002723922448325589,2.1429636478424072,6.178987503051758,1.0
ISMN_TERENO_Schoeneseiffen,16,done,False,3,6.679195880889893,200.37586975097656,8.336647987365723,36.28729248046875,0.047968048602342606,0.0004806921967633392,1.1939939260482788,19.49070167541504,1.0
ISMN_TERENO_Selhausen,16,done,False,1,3.056286573410034,91.6885986328125,8.383800506591797,3.4055099487304688,0.020951414480805397,0.011055920525556802,1.8262559175491333,2.117156982421875,1.0
ICOS_BE-Maa,16,done,False,2,6.388143539428711,191.64430236816406,8.804450035095215,3.764373779296875,0.028750939294695854,0.02227207178336805,1.912939429283142,8.743803977966309,1.0
ICOS_BE-Vie,16,done,False,13,17.005197525024414,510.1559143066406,8.343307495117188,56.190460205078125,0.12081754952669144,0.0,1.7616982460021973,21.5269775390625,1.0
ICOS_DE-RuR,16,done,False,16,7.663112163543701,229.89337158203125,8.903261184692383,16.92584228515625,0.03124266304075718,0.0001602307322544464,1.5748960971832275,13.027214050292969,1.0
ICOS_DE-RuS,16,done,False,3,6.263289451599121,187.898681640625,10.473316192626953,1.6307525634765625,0.005313933826982975,0.011055920525556802,1.905332088470459,2.264927864074707,1.0
ICOS_DE-RuW,16,done,False,7,4.183201789855957,125.49605560302734,6.840450763702393,30.49334716796875,0.13343562185764313,0.0,1.0454885959625244,15.312904357910156,1.0
ISMN_SCAN_LosLunasPMC,21,done,False,1,1.0,30.0,9.312833786010742,1.797119140625,0.002707745647057891,0.03877583720557603,2.2293975353240967,3.5321474075317383,1.0
ISMN_SCAN_Sevilleta,21,done,False,1,2195.130615234375,65853.921875,15.699277877807617,0.0,0.010010533966124058,0.0,1.9874837398529053,1.8485215902328491,1.0
ISMN_USCRN_Socorro-20-N,21,done,False,123,50.65121841430664,1519.5364990234375,10.540674209594727,7.4560546875,0.040153276175260544,0.0,1.6606088876724243,11.793307304382324,1.0
AmeriFlux_US-Mpj,21,done,False,2,6.418546676635742,192.556396484375,8.184785842895508,29.368896484375,0.05364555865526199,0.0,1.2984323501586914,17.699966430664062,1.0
AmeriFlux_US-Seg,21,done,False,5,10.323199272155762,309.69598388671875,10.083175659179688,2.6331787109375,0.012937298975884914,0.0003204614645088928,2.022540807723999,2.7039644718170166,1.0
AmeriFlux_US-Ses,21,done,False,7,13.353754997253418,400.6126403808594,10.630868911743164,7.50146484375,0.0096779465675354,0.0,2.1272706985473633,10.441715240478516,1.0
AmeriFlux_US-Wjs,21,done,False,1,3.6886091232299805,110.65827178955078,9.192045211791992,2.436279296875,0.011269667185842991,0.002723922448325589,1.6506496667861938,3.2481799125671387,1.0
ISMN_Berlin_DWDBerlin-Spaeth,7,done,False,460,464.0182800292969,13920.548828125,13.72364330291748,0.0,0.015258788131177425,0.001602307322544464,2.032735586166382,3.1505331993103027,1.0
ISMN_Berlin_DWDBerlinTempel,7,done,False,1,1.1919063329696655,35.7571907043457,7.109669208526611,4.937923431396484,0.029211224988102913,0.000801153661272232,1.6651768684387207,4.073729991912842,1.0
ISMN_Berlin_PSA14wiltinger,7,done,False,1,1.344572901725769,40.337188720703125,6.981901168823242,4.623809814453125,0.037437040358781815,0.0001602307322544464,1.6851224899291992,4.489477157592773,1.0
ISMN_Berlin_PSA15bucherchaus,7,done,False,1,7.794769763946533,233.8430938720703,8.949967384338379,2.2968215942382812,0.03032982349395752,0.0022432302515622495,1.915651559829712,2.9380855560302734,1.0
ISMN_Berlin_PSA16krugwiesen,7,done,False,135,140.05084228515625,4201.525390625,12.514183044433594,0.0,0.015435894019901752,0.001602307322544464,1.706203818321228,2.670398473739624,1.0
ISMN_Berlin_PSA17suedpark,7,done,False,1,1.4616955518722534,43.850868225097656,7.900053024291992,2.9541969299316406,0.016255134716629982,0.002723922448325589,1.7663674354553223,1.8137927055358887,1.0
ISMN_Berlin_PSA18Pfaueninsel,7,done,False,2,2.1719741821289062,65.15922546386719,6.256128311157227,1.8820610046386719,0.12437312304973602,0.3110078513058805,4.381422996520996,14.398597717285156,1.0
ISMN_Berlin_PSA1BerlinerStr,7,done,False,49,42.56119918823242,1276.8359375,10.664399147033691,3.6321792602539062,0.029820606112480164,0.0009613843935266784,1.6549403667449951,2.866487741470337,1.0
ISMN_Berlin_PSA2Tiergarten,7,done,False,4,5.057675838470459,151.7302703857422,7.271990776062012,3.4266891479492188,0.1050233542919159,0.0001602307322544464,2.5239145755767822,4.597789764404297,1.0
ISMN_Berlin_PSA4Heerstrasse,7,done,False,9195,9206.8056640625,276204.15625,16.348102569580078,0.0,0.021941663697361946,0.000801153661272232,1.7638216018676758,9.175349235534668,1.0
ISMN_Berlin_PSA6Plaenterwald,7,done,False,2,2.0349056720733643,61.04716873168945,5.897951602935791,12.29898452758789,0.1660355180501938,0.02755968594776478,3.6863512992858887,5.799288272857666,1.0
ISMN_Berlin_PSA7Ruebezahl,7,done,False,61,11.28529167175293,338.5587463378906,8.819025039672852,6.914989471435547,0.05002852529287338,0.17561288255087326,2.462742805480957,13.604329109191895,1.0
ISMN_Berlin_PflABerlin11Humb,7,done,False,2,2.622605800628662,78.67817687988281,6.543529510498047,9.565132141113281,0.11276885122060776,0.0,1.6149382591247559,5.12161922454834,1.0
ISMN_Berlin_PflABerlin12Schi,7,done,False,1,1.260388731956482,37.81166076660156,6.894505500793457,1.9866828918457031,0.038297250866889954,0.0006409229290177856,2.357820749282837,3.922001838684082,1.0
ISMN_Berlin_PflABerlin13Marz,7,done,False,1,1.2271575927734375,36.814727783203125,5.925965309143066,6.526191711425781,0.09795248508453369,0.0003204614645088928,1.988187313079834,7.549196720123291,1.0
ISMN_MOL-RAO_Falkenberg,7,done,False,11,12.046735763549805,361.4020690917969,10.486044883728027,6.623954772949219,0.010091239586472511,0.002403460983816696,1.7860333919525146,3.6472835540771484,1.0
ISMN_SMOSMANIA_Lahas,28,done,False,1,1.9821964502334595,59.46589279174805,6.130067348480225,40.996063232421875,0.12870816886425018,0.0,1.3412002325057983,12.106841087341309,1.0
ISMN_SMOSMANIA_Montaut,28,done,False,4,4.6090545654296875,138.27163696289062,9.139141082763672,9.48028564453125,0.01484644878655672,0.002723922448325589,2.121236801147461,10.741220474243164,1.0
ISMN_SMOSMANIA_SaintFelixdeLauragais,28,done,False,2,2.122833728790283,63.68501281738281,5.672698497772217,35.15460205078125,0.21558253467082977,0.0,1.543952226638794,16.655437469482422,1.0
ISMN_SMOSMANIA_Savenes,28,done,False,1,1.3794695138931274,41.38408660888672,7.917514801025391,6.985687255859375,0.015075351111590862,0.0028841531805800353,1.748901128768921,4.231137752532959,1.0
ICOS_FR-Aur,28,done,False,1,1.734200119972229,52.026004791259766,7.4732208251953125,8.182861328125,0.029547149315476418,0.0001602307322544464,1.72321355342865,15.88813591003418,1.0
ICOS_FR-Tou,28,done,False,1,1.634225606918335,49.02676773071289,10.523056983947754,0.824859619140625,0.0013192510232329369,0.007530844415958981,1.662797212600708,1.5656614303588867,1.0
ISMN_SCAN_Crossroads,27,done,False,1,1.6021952629089355,48.06585693359375,9.210382461547852,0.8970947265625,0.004806348122656345,0.028841531805800354,2.1203722953796387,0.5642691850662231,1.0
ISMN_SCAN_Lehman,27,done,False,9,13.13503646850586,394.05108642578125,11.718680381774902,4.4124755859375,0.0032076940406113863,0.012177535651337926,2.320544958114624,1.4864476919174194,1.0
ISMN_SCAN_Levelland,27,done,False,1,1.2756129503250122,38.26838684082031,8.04359245300293,0.9046630859375,0.012289389036595821,0.021310687389841373,1.9844681024551392,0.7624838352203369,1.0
ISMN_SCAN_ReeseCenter,27,done,False,1,4.882623195648193,146.47869873046875,10.683145523071289,2.69049072265625,0.003358471905812621,0.018586764941515784,2.25110125541687,1.206558346748352,1.0
ISMN_SCAN_WillowWells,27,done,False,1,55.94488525390625,1678.3465576171875,12.389076232910156,0.3929443359375,0.00698822969570756,0.007050152219195641,1.527000069618225,4.522593021392822,1.0
ISMN_USCRN_Muleshoe-19-S,27,done,False,1,8.41871166229248,252.5613555908203,10.220536231994629,0.001708984375,0.009196700528264046,0.03877583720557603,2.6057205200195312,5.005614280700684,1.0
ISMN_SNOTEL_EagleSummit,30,done,False,1,3.078993558883667,92.36980438232422,7.434988498687744,114.9520263671875,0.05446603149175644,0.0,1.0579050779342651,78.91648864746094,1.0
ISMN_SNOTEL_LittleChenaRidge,30,done,False,2,3.8397321701049805,115.19196319580078,7.169765949249268,212.54470825195312,0.08840946853160858,0.0,1.274890422821045,54.10574722290039,1.0
ISMN_SNOTEL_MonumentCreek,30,done,False,5,286.8340759277344,8605.0224609375,12.181130409240723,0.0,0.044083163142204285,0.0,2.0874674320220947,78.65802001953125,1.0
ISMN_SNOTEL_Mt.Ryan,30,done,False,3,5.2797722816467285,158.39317321777344,7.078824043273926,101.9754638671875,0.1327034831047058,0.0,1.2831608057022095,57.70999526977539,1.0
ISMN_SNOTEL_UpperNomeCreek,30,done,False,35,35.2252197265625,1056.756591796875,8.732433319091797,3.2413330078125,0.16880087554454803,0.0,1.616448163986206,58.24504470825195,1.0
ISMN_SNOTEL_Giveout,35,done,False,35,32.739036560058594,982.1710815429688,9.042377471923828,11.73583984375,0.11566177755594254,0.0,1.792029857635498,71.97943115234375,1.0
ISMN_SNOTEL_KelleyR.S.,35,done,False,1,3.1322450637817383,93.96735382080078,6.409571170806885,30.689697265625,0.1534295231103897,0.0,1.329432487487793,52.50894546508789,1.0
ISMN_SNOTEL_SaltRiverSummit,35,done,False,4,12.112380981445312,363.3714294433594,7.668708324432373,83.8896484375,0.16817119717597961,0.0,1.4994533061981201,28.610157012939453,1.0
ISMN_SNOTEL_TriplePeak,35,done,False,11,21.177133560180664,635.3140258789062,7.374599933624268,10.223388671875,0.37906384468078613,0.0,2.379316568374634,85.2396469116211,1.0
ISMN_SCAN_WalnutGulch#1,17,done,False,2,6.129089832305908,183.87269592285156,7.792147636413574,1.1021728515625,0.07578756660223007,0.0,1.8224245309829712,6.134779930114746,1.0
ISMN_SOILSCAPE_Lucky-Hills-1503,17,done,False,2,3.8078718185424805,114.23615264892578,7.27186393737793,11.900390625,0.07920703291893005,0.0,1.635073184967041,5.219152927398682,1.0
ISMN_SOILSCAPE_Lucky-Hills-1506,17,done,False,8,7.4406256675720215,223.21876525878906,8.776639938354492,16.037353515625,0.03442808985710144,0.0,1.694949984550476,5.152970790863037,1.0
ISMN_USCRN_Elgin-5-S,17,done,False,1,1.9040541648864746,57.12162399291992,7.23574161529541,8.7764892578125,0.04112567380070686,0.0,2.402528762817383,9.751472473144531,1.0
AmeriFlux_US-SRG,17,done,False,24,109.80215454101562,3294.064697265625,10.893921852111816,2.4599609375,0.0610971562564373,0.0,1.7299054861068726,17.699277877807617,1.0
AmeriFlux_US-SRM,17,done,False,14,35.7398567199707,1072.1956787109375,10.442034721374512,12.924560546875,0.03127622231841087,0.0,2.0629634857177734,8.020071029663086,1.0
AmeriFlux_US-Whs,17,done,False,1,1.0709282159805298,32.127845764160156,6.941326141357422,18.89306640625,0.03105720691382885,0.0,1.6816307306289673,5.172564506530762,1.0
AmeriFlux_US-Wkg,17,done,False,1,1.031192421913147,30.935771942138672,7.9361677169799805,27.182861328125,0.011061382479965687,0.0,1.893832802772522,7.929901599884033,1.0
ISMN_LABFLUX_Bussolenobosco,43,done,False,14,110.71776580810547,3321.532958984375,9.612783432006836,9.0455322265625,0.21855786442756653,0.0,2.025861978530884,68.62574768066406,1.0
ISMN_LABFLUX_Nivolet,43,done,False,3,6.121958255767822,183.65875244140625,6.1040825843811035,211.452880859375,0.38930606842041016,0.0,2.0423943996429443,120.75338745117188,1.0
ICOS_IT-Tor,43,done,False,12,27.42974853515625,822.8924560546875,9.544936180114746,192.255859375,0.05882047116756439,0.0,1.7469899654388428,183.95704650878906,1.0
ICOS_IT-TrF,43,done,False,15,8.20533275604248,246.1599884033203,7.5139479637146,149.9493408203125,0.1334633082151413,0.0,1.529144048690796,144.86758422851562,1.0
ISMN_SMOSMANIA_Barnas,34,done,False,3,1117.2100830078125,33516.30078125,12.280861854553223,0.0,0.1542697697877884,0.0,1.883514404296875,77.55240631103516,1.0
ISMN_SMOSMANIA_Berzeme,34,done,False,23,20.356002807617188,610.6800537109375,9.255718231201172,58.99993896484375,0.0582926869392395,0.0,1.3721848726272583,42.37505340576172,1.0
ISMN_SMOSMANIA_LaGrandCombe,34,done,False,2,2.4780514240264893,74.34154510498047,6.7661285400390625,121.90240478515625,0.08544381707906723,0.0,1.3333964347839355,57.890933990478516,1.0
ISMN_SMOSMANIA_Mazan-Abbaye,34,done,False,3,3.4071285724639893,102.21385955810547,6.793771743774414,128.516845703125,0.11405733227729797,0.0001602307322544464,1.4072701930999756,35.58970642089844,1.0
ISMN_SMOSMANIA_Mejannes-le-Clap,34,done,False,10,25.757230758666992,772.7169189453125,9.622859001159668,9.316802978515625,0.05110782012343407,0.0003204614645088928,1.3882509469985962,7.180593967437744,1.0
ISMN_SNOTEL_MudFlat,23,done,False,2,27.17625617980957,815.2876586914062,9.39192008972168,2.2674560546875,0.0678865909576416,0.0003204614645088928,1.6733046770095825,16.225332260131836,1.0
ISMN_SNOTEL_ReynoldsCreek,23,done,False,14,47.93383026123047,1438.014892578125,9.701279640197754,3.6812744140625,0.08778771013021469,0.0,1.5115935802459717,51.640560150146484,1.0
ISMN_SNOTEL_SouthMtn.,23,done,False,1,2.229867696762085,66.89603424072266,6.253560543060303,36.4322509765625,0.12797747552394867,0.0,1.2417666912078857,74.01800537109375,1.0
AmeriFlux_US-Rls,23,done,False,1,5.941431999206543,178.2429656982422,7.5693230628967285,155.1019287109375,0.09172271937131882,0.0,1.5855646133422852,50.598045349121094,1.0
AmeriFlux_US-Rms,23,done,False,6,9.665722846984863,289.9716796875,7.581097602844238,56.4990234375,0.1468217521905899,0.0,1.3843376636505127,55.45490646362305,1.0
AmeriFlux_US-Rwf,23,done,False,114,53.56484603881836,1606.9454345703125,9.077616691589355,5.2393798828125,0.18148358166217804,0.0,1.224796175956726,60.92755889892578,1.0
AmeriFlux_US-Rws,23,done,False,1,12.991812705993652,389.75439453125,8.157444953918457,10.4302978515625,0.11124003678560257,0.0,1.7271758317947388,34.93478775024414,1.0
ISMN_COSMOS-UK_Elmsett,32,done,False,3,3.8559024333953857,115.67707061767578,8.755844116210938,2.349884033203125,0.018221504986286163,0.0012818458580355712,1.48552405834198,5.110132217407227,1.0
ISMN_COSMOS-UK_Euston,32,done,False,2,3.4380383491516113,103.14115142822266,8.266738891601562,7.048328399658203,0.026493007317185402,0.0036853068418522673,1.944580316543579,4.963008880615234,1.0
ISMN_COSMOS-UK_Fincham,32,done,False,6,4.652324676513672,139.56973266601562,8.653806686401367,6.2069902420043945,0.024344738572835922,0.006729690754686749,1.96139657497406,5.735082149505615,1.0
ISMN_COSMOS-UK_Morley,32,done,False,4,2.158942222595215,64.76826477050781,8.418441772460938,12.914493560791016,0.014297163113951683,0.0019227687870533568,1.4318978786468506,3.545689344406128,1.0
ISMN_COSMOS-UK_Redmere,32,done,False,1,40.64242172241211,1219.272705078125,13.146805763244629,0.0001289844512939453,0.0023796590976417065,0.05127383432142285,2.860067129135132,0.7819309234619141,1.0
ISMN_SNOTEL_BearCreek,8,done,False,4,2.553964853286743,76.61894226074219,6.3091630935668945,19.570068359375,0.13851958513259888,0.0,1.2990176677703857,77.22098541259766,1.0
ISMN_SNOTEL_BigBend,8,done,False,1,1.98551344871521,59.56540298461914,6.480185031890869,19.993408203125,0.09109235554933548,0.0,1.6607774496078491,25.46728515625,1.0
ISMN_SNOTEL_DrawCreek,8,done,False,1,13.599920272827148,407.99761962890625,8.424208641052246,22.13427734375,0.08931273221969604,0.0,1.8162654638290405,51.57421875,1.0
ISMN_SNOTEL_FawnCreek,8,done,False,25,30.02606964111328,900.7821044921875,8.208316802978516,32.16552734375,0.24060113728046417,0.0,1.2360656261444092,66.70069885253906,1.0
ISMN_SNOTEL_FryCanyon,8,done,False,30486,30130.388671875,903911.6875,16.240699768066406,0.0,0.07979144155979156,0.0,1.7325847148895264,74.15608978271484,1.0
ISMN_SNOTEL_JackCreekUpper,8,done,False,2,6.125202655792236,183.75607299804688,6.768988132476807,20.06103515625,0.20805445313453674,0.0,1.893958330154419,60.83796691894531,1.0
ISMN_SNOTEL_JacksPeak,8,done,False,2,128.5152130126953,3855.456298828125,8.924041748046875,0.0,0.4742705821990967,0.0,1.5732178688049316,148.73179626464844,1.0
ISMN_SNOTEL_LaurelDraw,8,done,False,477,225.00192260742188,6750.0576171875,11.80617618560791,0.0,0.050301823765039444,0.0,1.3729372024536133,36.86162567138672,1.0
ISMN_SNOTEL_ONeilCreek,8,done,False,5,1481.2177734375,44436.53125,12.707315444946289,0.0,0.13378916680812836,0.0,1.7253763675689697,29.89060401916504,1.0
ISMN_SNOTEL_PoleCreekR.S.,8,done,False,13,19.35919761657715,580.7759399414062,7.727740287780762,30.161865234375,0.25042620301246643,0.0,1.4163330793380737,25.678977966308594,1.0
ISMN_SNOTEL_SeventysixCreek,8,done,False,1,1.5762333869934082,47.28700256347656,6.128360748291016,5.251953125,0.1027299165725708,0.0,1.3938385248184204,29.23426055908203,1.0
ISMN_SNOTEL_TaylorCanyon,8,done,False,142,77.46517181396484,2323.955078125,11.215461730957031,0.9388427734375,0.031280457973480225,0.0,2.031696319580078,14.919390678405762,1.0
ISMN_SNOTEL_ToeJam,8,done,False,935,556.0487060546875,16681.4609375,11.83918571472168,0.0,0.1197999119758606,0.0001602307322544464,1.5379871129989624,52.08829879760742,1.0
ISMN_SNOTEL_WilsonCreek,8,done,False,8,8.229843139648438,246.89529418945312,7.627501487731934,8.027099609375,0.11963335424661636,0.0001602307322544464,1.6213455200195312,21.901290893554688,1.0
ISMN_XMS-CAT_BatlliudeSort,9,done,False,1,30.939496994018555,928.1849365234375,8.49671459197998,123.9647216796875,0.18725793063640594,0.0001602307322544464,1.967803955078125,77.38249206542969,1.0
ISMN_XMS-CAT_BordaColl,9,done,False,4,4.058004379272461,121.74012756347656,5.459085464477539,21.74908447265625,0.4781818687915802,0.0,1.6455981731414795,157.81578063964844,1.0
ISMN_XMS-CAT_CamidelsNerets,9,done,False,5,8.718829154968262,261.56488037109375,7.906583786010742,19.08770751953125,0.09604073315858841,0.0001602307322544464,1.7518539428710938,36.0299186706543,1.0
ISMN_XMS-CAT_Clarella,9,done,False,1,1.9737635850906372,59.21290588378906,5.614326477050781,63.7581787109375,0.21258528530597687,0.0,1.709423542022705,47.25806427001953,1.0
ISMN_XMS-CAT_ClotdelesPeresII,9,done,False,1,1.3284645080566406,39.85393524169922,5.570732593536377,23.0257568359375,0.15060237050056458,0.0,1.6880007982254028,26.05332374572754,1.0
ISMN_XMS-CAT_ColldePaller,9,done,False,20,53.86631774902344,1615.989501953125,9.109930038452148,26.885498046875,0.17680226266384125,0.0,1.681357979774475,98.77520751953125,1.0
ISMN_XMS-CAT_ElBoixer,9,done,False,17,15.1884126663208,455.6523742675781,6.971431255340576,205.1749267578125,0.40402233600616455,0.0,1.8586941957473755,97.16096496582031,1.0
ISMN_XMS-CAT_ElMiracle,9,done,False,1,3.5152359008789062,105.45707702636719,6.588484287261963,19.166748046875,0.14411593973636627,0.0,1.2830537557601929,19.81809425354004,1.0
ISMN_XMS-CAT_LaCultiadAreu,9,done,False,31,22.548995971679688,676.4698486328125,7.936149597167969,18.2747802734375,0.2373337298631668,0.0,2.4222896099090576,165.4081268310547,1.0
ISMN_XMS-CAT_Llivia,9,done,False,23,8.62181282043457,258.6543884277344,8.311153411865234,9.0557861328125,0.06348159909248352,0.0,2.149601459503174,45.59865951538086,1.0
ISMN_XMS-CAT_LosCoscolls,9,done,False,1,4.592670440673828,137.78012084960938,7.184548377990723,5.94964599609375,0.1040889099240303,0.0,1.826773762702942,19.73713493347168,1.0
ISMN_XMS-CAT_Pessonada,9,done,False,44,49.73793411254883,1492.1380615234375,9.243510246276855,67.9661865234375,0.1433553695678711,0.0,1.4829144477844238,111.3148193359375,1.0
ISMN_XMS-CAT_RiberadeSio,9,done,False,1,3.917203187942505,117.51609802246094,8.150740623474121,2.57830810546875,0.03389294072985649,0.0004806921967633392,2.1231274604797363,12.349681854248047,1.0
ISMN_XMS-CAT_SerradeCostaAmpla,9,done,False,2,3.2787508964538574,98.3625259399414,6.078018665313721,164.3031005859375,0.22180671989917755,0.0,1.366299033164978,78.14221954345703,1.0
ISMN_FR_Aqui_fraye,33,done,False,1,1.0,30.0,6.713381767272949,4.470020294189453,0.036420393735170364,0.006088767825668963,2.0190460681915283,2.4240775108337402,1.0
ISMN_FR_Aqui_hillan2,33,done,False,1,1.8260905742645264,54.782718658447266,7.283886432647705,2.9100799560546875,0.03759129345417023,0.001602307322544464,1.7608745098114014,2.061110734939575,1.0
ISMN_FR_Aqui_parcmeteo,33,done,False,2,5.862389087677002,175.87167358398438,9.654288291931152,5.248334884643555,0.011281666345894337,0.0019227687870533568,1.7729119062423706,3.6366803646087646,1.0
ISMN_SMOSMANIA_Sabres,33,done,False,3,2.7365028858184814,82.09508514404297,9.668595314025879,0.1648101806640625,0.005191534757614136,0.08572344175612882,1.781445860862732,1.0583034753799438,1.0
ICOS_FR-Bil,33,done,False,1,1.0,30.0,10.308952331542969,0.3096466064453125,0.0006600737106055021,0.05944560166639962,2.1043760776519775,1.0951406955718994,1.0
ISMN_TWENTE_Hupsel,20,done,False,1,2.1046142578125,63.138427734375,8.940448760986328,0.6921024322509766,0.00826982781291008,0.009293382470757892,1.779123306274414,1.6431256532669067,1.0
ISMN_TWENTE_ITCSM-07b,20,done,False,7,1327.2225341796875,39816.67578125,14.284320831298828,0.0,0.024909989908337593,0.005127383432142285,2.3424816131591797,5.422741413116455,1.0
ISMN_TWENTE_ITCSM-08b,20,done,False,2,2.592327356338501,77.76982116699219,7.01541805267334,2.3132400512695312,0.06971871107816696,0.0022432302515622495,1.856808066368103,3.78161883354187,1.0
ISMN_TWENTE_ITCSM-09,20,done,False,1,1.9404398202896118,58.21319580078125,7.775040149688721,1.6634254455566406,0.024449946358799934,0.0049671526998878385,2.0210208892822266,3.505422830581665,1.0
ISMN_TWENTE_ITCSM-13,20,done,False,5,7.834099769592285,235.0229949951172,9.94637393951416,0.3501415252685547,0.011257363483309746,0.008972921006248998,1.9870998859405518,3.809227705001831,1.0
ISMN_TWENTE_ITCSM-15b,20,done,False,30,27.433259963989258,822.997802734375,11.40284252166748,0.00012969970703125,0.009187450632452965,0.009133151738503445,2.1763484477996826,0.868172287940979,1.0
ISMN_TWENTE_ITCSM-16b,20,done,False,5,5.070680618286133,152.12042236328125,8.925768852233887,0.00047206878662109375,0.020216969773173332,0.018426534209261335,2.041917324066162,1.6406161785125732,1.0
ISMN_TWENTE_ITCSM-17c,20,done,False,1,3.5350136756896973,106.05040740966797,8.938824653625488,0.4416933059692383,0.013912396505475044,0.01377984297388239,1.9635872840881348,2.9220893383026123,1.0
ISMN_SNOTEL_MicaCreek,53,done,False,34,132.1461944580078,3964.3857421875,11.525652885437012,0.0,0.039122529327869415,0.0,1.3469780683517456,46.130550384521484,1.0
ISMN_SNOTEL_MoscowMountain,53,done,False,1,1.9099582433700562,57.29874801635742,5.880106449127197,72.7271728515625,0.15877290070056915,0.0,1.259442925453186,60.500091552734375,1.0
ISMN_SNOTEL_Sherwin,53,done,False,1,1.2534202337265015,37.60260772705078,5.426912307739258,13.21466064453125,0.1638435274362564,0.0,1.3587232828140259,17.314531326293945,1.0
ISMN_SNOTEL_BakerButte,26,done,False,1,1.1710115671157837,35.130348205566406,6.65613317489624,37.615478515625,0.045150794088840485,0.0001602307322544464,1.3768808841705322,26.984676361083984,1.0
ISMN_SNOTEL_BakerButteSmt,26,done,False,23,24.98187828063965,749.4563598632812,7.99640417098999,57.070068359375,0.24716129899024963,0.0001602307322544464,1.1607551574707031,31.028060913085938,1.0
ISMN_SNOTEL_BarM,26,done,False,2,14.402088165283203,432.0626525878906,8.515923500061035,1.4632568359375,0.08630739152431488,0.000801153661272232,1.807647466659546,11.828327178955078,1.0
ISMN_SNOTEL_HappyJack,26,done,False,1,1.0377967357635498,31.133901596069336,7.152838230133057,5.09912109375,0.024361805990338326,0.0,1.5553452968597412,16.42772102355957,1.0
ISMN_SNOTEL_MormonMountain,26,done,False,144,180.12730407714844,5403.8193359375,12.075678825378418,0.0,0.030772514641284943,0.0,1.4657690525054932,45.010826110839844,1.0
ISMN_SNOTEL_MormonMtnSummit,26,done,False,2,4.560950756072998,136.82852172851562,7.051823616027832,278.589111328125,0.11792043596506119,0.0001602307322544464,1.219713568687439,87.14014434814453,1.0
ISMN_SCAN_CarverFarm,40,done,False,1,3.6005165576934814,108.01549530029297,8.159923553466797,5.9040374755859375,0.03087012656033039,0.0014420765902900176,2.091660976409912,10.322419166564941,1.0
AmeriFlux_US-Mo1,40,done,False,5,7.398722171783447,221.961669921875,10.047234535217285,0.439361572265625,0.009611828252673149,0.00977407466752123,1.316895604133606,1.6917771100997925,1.0
AmeriFlux_US-Mo2,40,done,False,2,4.6967620849609375,140.90286254882812,8.899575233459473,4.8681640625,0.019223392009735107,0.006088767825668963,1.2784552574157715,2.715970277786255,1.0
AmeriFlux_US-Mo3,40,done,False,1,1.7032825946807861,51.09847640991211,8.479559898376465,4.196685791015625,0.010611225850880146,0.007691075148213427,1.650108814239502,1.655015468597412,1.0
ISMN_SMOSMANIA_Condom,69,done,False,1,1.716506838798523,51.49520492553711,7.123725414276123,41.735687255859375,0.04146894812583923,0.0001602307322544464,1.4127894639968872,13.59443187713623,1.0
ISMN_SMOSMANIA_CreondArmagnac,69,done,False,1,1.3466084003448486,40.398250579833984,7.471721649169922,1.0431671142578125,0.022980451583862305,0.009934305399775677,2.1984176635742188,2.5102477073669434,1.0
ISMN_SMOSMANIA_PeyrusseGrande,69,done,False,3,2.9512035846710205,88.5361099243164,6.628815174102783,15.597930908203125,0.11649086326360703,0.0011216151257811247,1.9616189002990723,10.282175064086914,1.0
ISMN_TxSON_CR1000-1,2,done,False,4,7.87912654876709,236.37379455566406,7.924067497253418,15.5953369140625,0.08534229546785355,0.0006409229290177856,1.4076664447784424,12.216691970825195,1.0
ISMN_TxSON_CR1000-2,2,done,False,1,1.7664141654968262,52.99242401123047,6.505244731903076,4.1312255859375,0.07908882200717926,0.0019227687870533568,1.795812726020813,4.415471076965332,1.0
ISMN_TxSON_CR1000-3,2,done,False,13,19.724956512451172,591.7487182617188,8.984301567077637,6.180328369140625,0.07404740154743195,0.000801153661272232,1.6559503078460693,4.9516282081604,1.0
ISMN_TxSON_CR1000-4,2,done,False,1,1.884928822517395,56.5478630065918,6.464920997619629,26.99468994140625,0.0878249779343605,0.0006409229290177856,1.3707255125045776,10.376065254211426,1.0
ISMN_TxSON_CR1000-5,2,done,False,1,1.674745798110962,50.242374420166016,7.336203575134277,19.865997314453125,0.03272219002246857,0.0001602307322544464,1.4879772663116455,12.682226181030273,1.0
ISMN_TxSON_CR1000-6,2,done,False,2,5.465198040008545,163.95594787597656,9.051131248474121,0.68365478515625,0.019222835078835487,0.0001602307322544464,1.4004560708999634,14.366179466247559,1.0
ISMN_TxSON_CR200-1,2,done,False,2,9.908553123474121,297.256591796875,9.301473617553711,10.950286865234375,0.02712978608906269,0.0006409229290177856,1.3411123752593994,11.820944786071777,1.0
ISMN_TxSON_CR200-10,2,done,False,7,4.857527732849121,145.725830078125,7.642699241638184,10.337615966796875,0.06976683437824249,0.0003204614645088928,1.6636793613433838,6.613643169403076,1.0
ISMN_TxSON_CR200-11,2,done,False,1,2.7378008365631104,82.13402557373047,7.992384433746338,1.19677734375,0.027756400406360626,0.004326229770870053,2.0333337783813477,3.3945529460906982,1.0
ISMN_TxSON_CR200-12,2,done,False,5,5.562864780426025,166.8859405517578,9.85318660736084,2.237823486328125,0.008774536661803722,0.004646691235378946,1.7765507698059082,7.055980205535889,1.0
ISMN_TxSON_CR200-13,2,done,False,5,3.339104413986206,100.17313385009766,7.507418632507324,15.84832763671875,0.054939355701208115,0.0006409229290177856,1.3432248830795288,14.632944107055664,1.0
ISMN_TxSON_CR200-14,2,done,False,36,40.88639450073242,1226.591796875,10.778347969055176,4.6943359375,0.025563975796103477,0.000801153661272232,1.4601693153381348,13.698351860046387,1.0
ISMN_TxSON_CR200-15,2,done,False,2,10.661405563354492,319.8421630859375,8.831547737121582,10.9742431640625,0.04667966812849045,0.0009613843935266784,1.663865089416504,4.942867755889893,1.0
ISMN_TxSON_CR200-16,2,done,False,1,1.0941534042358398,32.82460021972656,6.565968990325928,2.965972900390625,0.04616647586226463,0.0004806921967633392,1.560126781463623,5.972886085510254,1.0
ISMN_TxSON_CR200-17,2,done,False,2,1.713058352470398,51.39175033569336,7.345016002655029,6.49658203125,0.03317677229642868,0.0009613843935266784,1.569295883178711,5.560863494873047,1.0
ISMN_TxSON_CR200-18,2,done,False,2,2.783548593521118,83.50645446777344,7.838024616241455,12.915374755859375,0.032927006483078,0.001602307322544464,1.8766379356384277,5.285983562469482,1.0
ISMN_TxSON_CR200-19,2,done,False,1,1.121198058128357,33.63594055175781,6.4334211349487305,38.9053955078125,0.05399853363633156,0.0,1.098263144493103,12.407649993896484,1.0
ISMN_TxSON_CR200-2,2,done,False,5,4.398652076721191,131.95956420898438,8.575202941894531,21.920440673828125,0.024899326264858246,0.0004806921967633392,1.3928052186965942,9.3609619140625,1.0
ISMN_TxSON_CR200-21,2,done,False,11,7.561298370361328,226.83895874023438,8.568851470947266,30.643280029296875,0.04305703938007355,0.0004806921967633392,1.4665664434432983,15.947564125061035,1.0
ISMN_TxSON_CR200-22,2,done,False,2,28.601640701293945,858.0491943359375,9.787543296813965,1.76416015625,0.048139385879039764,0.0006409229290177856,1.3320631980895996,14.886271476745605,1.0
ISMN_TxSON_CR200-23,2,done,False,2,1.8293735980987549,54.88120651245117,7.121280670166016,31.104736328125,0.04430028796195984,0.0001602307322544464,1.5105986595153809,8.443360328674316,1.0
ISMN_TxSON_CR200-24,2,done,False,1,3.0902493000030518,92.70748138427734,8.241533279418945,4.25830078125,0.024421704933047295,0.0006409229290177856,1.6249735355377197,5.707873344421387,1.0
ISMN_TxSON_CR200-25,2,done,False,2,1.8878999948501587,56.637001037597656,7.673348426818848,3.440704345703125,0.026333406567573547,0.000801153661272232,1.7705304622650146,5.212823867797852,1.0
ISMN_TxSON_CR200-26,2,done,False,4,18.31415367126465,549.4246215820312,8.561867713928223,29.02471923828125,0.10469966381788254,0.0006409229290177856,1.394181251525879,13.025763511657715,1.0
ISMN_TxSON_CR200-28,2,done,False,1,1.6210891008377075,48.63267135620117,8.108186721801758,54.13623046875,0.014640516601502895,0.0,1.2782667875289917,17.021644592285156,1.0
ISMN_TxSON_CR200-29,2,done,False,6,5.742151260375977,172.26454162597656,8.576397895812988,33.10357666015625,0.03246092423796654,0.0,1.2381130456924438,13.578466415405273,1.0
ISMN_TxSON_CR200-3,2,done,False,1,1.0375702381134033,31.127107620239258,7.262030601501465,8.75189208984375,0.021837852895259857,0.0006409229290177856,1.326697587966919,10.274476051330566,1.0
ISMN_TxSON_CR200-4,2,done,False,2,7.220578670501709,216.6173553466797,8.729042053222656,5.41998291015625,0.035038094967603683,0.0004806921967633392,1.5071132183074951,11.217144012451172,1.0
ISMN_TxSON_CR200-5,2,done,False,2,4.639090061187744,139.17269897460938,8.63868522644043,8.481353759765625,0.024645227938890457,0.004486460503124499,1.686713695526123,4.067711353302002,1.0
ISMN_TxSON_CR200-6,2,done,False,2,9.533995628356934,286.0198669433594,9.658424377441406,0.433685302734375,0.018270382657647133,0.001602307322544464,1.8377511501312256,4.13862943649292,1.0
ISMN_TxSON_CR200-7,2,done,False,1,1.1014448404312134,33.0433464050293,7.350040435791016,3.724395751953125,0.021229352802038193,0.0020829995193078032,1.9701956510543823,3.9095048904418945,1.0
ISMN_TxSON_CR200-8,2,done,False,4,4.401054382324219,132.03163146972656,8.271700859069824,29.025634765625,0.03374108672142029,0.0,1.3451063632965088,9.051454544067383,1.0
ISMN_TxSON_CR200-9,2,done,False,1,1.5133137702941895,45.3994140625,8.04050064086914,7.03912353515625,0.0146242780610919,0.0006409229290177856,1.2896872758865356,9.592177391052246,1.0
ISMN_TxSON_LCRA-1,2,done,False,1,4.2233076095581055,126.69922637939453,8.089125633239746,21.50994873046875,0.03885908052325249,0.0,1.631895661354065,10.339305877685547,1.0
ISMN_TxSON_LCRA-2,2,done,False,3,3.7148351669311523,111.44505310058594,9.280923843383789,18.35845947265625,0.01038463693112135,0.0001602307322544464,1.1628814935684204,12.97894287109375,1.0
ISMN_TxSON_LCRA-3,2,done,False,2,2.406623601913452,72.1987075805664,7.245954990386963,31.459014892578125,0.051436103880405426,0.004326229770870053,1.563658356666565,9.713674545288086,1.0
ISMN_TxSON_LCRA-4,2,done,False,1,1.1613136529922485,34.83940887451172,6.4314284324646,21.40325927734375,0.05603790655732155,0.0009613843935266784,1.2920647859573364,11.939934730529785,1.0
ISMN_TxSON_LCRA-5,2,done,False,1,1.0511809587478638,31.535429000854492,7.987167835235596,18.249542236328125,0.010715174488723278,0.0003204614645088928,1.554514765739441,5.686390399932861,1.0
ISMN_TxSON_LCRA-6,2,done,False,2,2.4120845794677734,72.36253356933594,6.878383159637451,10.28515625,0.07438202947378159,0.0011216151257811247,2.0543458461761475,3.9037184715270996,1.0
ISMN_TxSON_LCRA-7,2,done,False,1,2.905510187149048,87.1653060913086,6.364600658416748,9.63458251953125,0.14893774688243866,0.0003204614645088928,1.282156229019165,9.704277992248535,1.0
ISMN_SNOTEL_BlazedAlder,45,done,False,1,1.005189299583435,30.15567970275879,7.428966045379639,82.04833984375,0.01790456846356392,0.0,1.3321378231048584,72.48902130126953,1.0
ISMN_SNOTEL_ClackamasLake,45,done,False,3,16.47487449645996,494.2462463378906,8.264026641845703,8.32763671875,0.126646026968956,0.0006409229290177856,2.0338547229766846,21.933696746826172,1.0
ISMN_SNOTEL_Fifteenmile,45,done,False,155,68.20504760742188,2046.1513671875,10.199548721313477,30.31005859375,0.07594411820173264,0.0,1.328060269355774,95.62921905517578,1.0
ISMN_SCAN_Perthshire,56,done,False,13,6.177672863006592,185.33018493652344,10.601426124572754,0.11873626708984375,0.004611074458807707,0.044864605031244995,2.1045949459075928,1.1795682907104492,1.0
ISMN_SCAN_SandyRidge,56,done,False,2,4.936929702758789,148.10789489746094,9.746736526489258,0.1114654541015625,0.008661903440952301,0.05576029482454735,2.790151834487915,2.1496634483337402,1.0
ISMN_SCAN_Scott,56,done,False,2,2.9801177978515625,89.40353393554688,8.706482887268066,0.031650543212890625,0.014796039089560509,0.02050953372856914,1.9886199235916138,2.887012481689453,1.0
ISMN_SNOTEL_GrandTarghee,36,done,False,6,9.072287559509277,272.16864013671875,7.115334510803223,58.494873046875,0.21764720976352692,0.0,1.5116361379623413,116.62982177734375,1.0
ISMN_SNOTEL_LewisLakeDivide,36,done,False,29,16.180456161499023,485.4136962890625,10.745431900024414,129.782958984375,0.010457174852490425,0.0,2.1732003688812256,42.07561111450195,1.0
ISMN_SNOTEL_SnakeRiverStation,36,done,False,36,34.26658248901367,1027.9974365234375,9.4555025100708,2.236572265625,0.08027589321136475,0.000801153661272232,1.9323525428771973,14.996936798095703,1.0
ISMN_SNOTEL_ThumbDivide,36,done,False,5,4.557339191436768,136.7201690673828,7.685803413391113,5.868408203125,0.06271345168352127,0.0001602307322544464,1.5970489978790283,3.867687702178955,1.0
ISMN_SNOTEL_BigCreekSum,81,done,False,7,7.998415470123291,239.9524688720703,6.253296375274658,58.57763671875,0.4325350522994995,0.0,1.3369626998901367,116.22823333740234,1.0
ISMN_SNOTEL_PorterCanyon,81,done,False,31,1761.4027099609375,52842.08203125,13.758109092712402,0.0,0.055905699729919434,0.0,1.8268476724624634,44.639923095703125,1.0
ISMN_USCRN_Tucson-11-W,77,done,False,9,11.956167221069336,358.6850280761719,8.176953315734863,7.33740234375,0.10047147423028946,0.0,2.1441287994384766,21.566884994506836,1.0
AmeriFlux_US-MtB,77,done,False,1,1.0049023628234863,30.147071838378906,5.709275245666504,101.472900390625,0.09960902482271194,0.0,1.3406022787094116,84.39117431640625,1.0
ISMN_REMEDHUS_Canizal,5,done,False,2,12.08173942565918,362.4521789550781,9.473483085632324,14.00982666015625,0.02785203978419304,0.0001602307322544464,1.4669870138168335,7.240149974822998,1.0
ISMN_REMEDHUS_Carretoro,5,done,False,1,4.408432483673096,132.2529754638672,9.722103118896484,4.58551025390625,0.007927581667900085,0.0011216151257811247,1.5462520122528076,5.04448938369751,1.0
ISMN_REMEDHUS_CasaPeriles,5,done,False,2,2.554335832595825,76.63007354736328,6.323783874511719,5.7310791015625,0.13655376434326172,0.0,1.4457558393478394,10.188140869140625,1.0
ISMN_REMEDHUS_ConcejodelMonte,5,done,False,2,1.5257693529129028,45.77307891845703,6.392451763153076,12.3328857421875,0.07648136466741562,0.0006409229290177856,1.3535356521606445,4.381570816040039,1.0
ISMN_REMEDHUS_ElCoto,5,done,False,2,4.999484062194824,149.98452758789062,8.347590446472168,12.35137939453125,0.03552640601992607,0.0001602307322544464,1.7178128957748413,12.620973587036133,1.0
ISMN_REMEDHUS_ElTomillar,5,done,False,863,139.0108184814453,4170.32470703125,12.71792984008789,0.0,0.01249741856008768,0.001602307322544464,1.3720093965530396,5.774163722991943,1.0
ISMN_REMEDHUS_Granja-g,5,done,False,1,1.3095475435256958,39.28642654418945,6.864228248596191,4.09326171875,0.04101119562983513,0.003204614645088928,1.6866004467010498,6.627481937408447,1.0
ISMN_REMEDHUS_Guarrati,5,done,False,80676,183.29660034179688,5498.89794921875,10.712174415588379,0.0,0.12186527252197266,0.0001602307322544464,1.5815577507019043,18.200681686401367,1.0
ISMN_REMEDHUS_LaCruzdeElias,5,done,False,1,1.382472038269043,41.474159240722656,8.312273025512695,10.83416748046875,0.010180945508182049,0.0001602307322544464,1.585199236869812,5.1500563621521,1.0
ISMN_REMEDHUS_LasArenas,5,done,False,1,1.4647996425628662,43.94398880004883,6.097579479217529,24.00341796875,0.09847979992628098,0.0006409229290177856,1.7165069580078125,9.550183296203613,1.0
ISMN_REMEDHUS_LasBrozas,5,done,False,1,4.66836404800415,140.05091857910156,7.7746262550354,5.48211669921875,0.05879062041640282,0.000801153661272232,1.3544318675994873,6.075259685516357,1.0
ISMN_REMEDHUS_LasEritas,5,done,False,2,3.382256507873535,101.46769714355469,6.694087505340576,23.53167724609375,0.12498357892036438,0.0,1.454262375831604,10.156794548034668,1.0
ISMN_REMEDHUS_LasTresRayas,5,done,False,1,1.4167014360427856,42.501041412353516,6.799739360809326,8.4891357421875,0.04731360077857971,0.0001602307322544464,1.4067714214324951,8.60079288482666,1.0
ISMN_REMEDHUS_LasVacas,5,done,False,1012,252.61558532714844,7578.4677734375,13.610685348510742,0.0,0.00930086150765419,0.0033648453773433744,1.3406410217285156,7.5422563552856445,1.0
ISMN_REMEDHUS_LasVictorias,5,done,False,2,1.8385027647018433,55.15508270263672,6.465038299560547,11.09051513671875,0.08566256612539291,0.0001602307322544464,1.5795327425003052,7.877964496612549,1.0
ISMN_REMEDHUS_LlanosdelaBoveda,5,done,False,3,3.4067280292510986,102.20184326171875,9.095005989074707,18.65521240234375,0.011469082906842232,0.0022432302515622495,1.5535030364990234,8.374669075012207,1.0
ISMN_REMEDHUS_Paredinas,5,done,False,4,61.54341125488281,1846.3023681640625,10.68374252319336,12.54449462890625,0.04228179529309273,0.0,1.6431578397750854,10.958367347717285,1.0
ISMN_REMEDHUS_Zamarron,5,done,False,1,1.2017645835876465,36.05293655395508,7.590634822845459,22.03411865234375,0.018210498616099358,0.0001602307322544464,1.4277188777923584,6.546367645263672,1.0
ISMN_SCAN_Mayday,42,done,False,2,2.720426559448242,81.61279296875,9.309353828430176,0.41286277770996094,0.007391784805804491,0.07226406024675533,1.877445936203003,0.6010473370552063,1.0
ISMN_SCAN_NorthIssaquena,42,done,False,1,1.7999366521835327,53.99810028076172,9.093649864196777,8.392333984375e-05,0.006068078335374594,0.060887678256689635,1.975513219833374,1.582382321357727,1.0
ISMN_SCAN_Onward,42,done,False,2,9.850820541381836,295.5246276855469,10.820760726928711,0.4115791320800781,0.005904622375965118,0.03781445281204935,1.7965034246444702,1.4711568355560303,1.0
ISMN_SCAN_SilverCity,42,done,False,7,5.022026062011719,150.66078186035156,10.190071105957031,0.6259632110595703,0.005655926186591387,0.058644448005127386,1.7760452032089233,4.649518013000488,1.0
ISMN_RSMN_Barlad,118,done,False,8,8.387343406677246,251.62030029296875,8.412464141845703,92.00560760498047,0.05582229048013687,0.0,1.2828311920166016,28.26148223876953,1.0
ISMN_RSMN_Tecuci,118,done,False,27,22.40962791442871,672.288818359375,11.175267219543457,14.434181213378906,0.009422935545444489,0.00849222880948566,1.878273844718933,5.211399078369141,1.0
ISMN_SNOTEL_BurroMountain,82,done,False,1,1.760208249092102,52.80624771118164,6.698957920074463,4.3798828125,0.06497602164745331,0.0,1.6429508924484253,37.737518310546875,1.0
ISMN_iRON_GlenwoodSprings,82,done,False,7,43.285438537597656,1298.5631103515625,8.512774467468262,9.490478515625,0.2551760673522949,0.0,2.2686190605163574,95.27090454101562,1.0
ISMN_SCAN_AAMU-JTG,14,done,False,36,9.161190032958984,274.835693359375,7.872041702270508,11.5301513671875,0.10440157353878021,0.0001602307322544464,1.5736181735992432,20.45284080505371,1.0
ISMN_SCAN_AllenFarms,14,done,False,2,3.855858087539673,115.67574310302734,7.236244201660156,15.305038452148438,0.08309601247310638,0.0,1.8940520286560059,13.604388236999512,1.0
ISMN_SCAN_BraggFarm,14,done,False,1,1.7997397184371948,53.992191314697266,7.684497356414795,5.060638427734375,0.024826016277074814,0.005127383432142285,1.9261780977249146,4.523941516876221,1.0
ISMN_SCAN_Cullman-NAHRC,14,done,False,1,1.3117797374725342,39.3533935546875,7.318658828735352,16.760421752929688,0.026087386533617973,0.06152860118570742,1.8628795146942139,7.0887451171875,1.0
ISMN_SCAN_EastviewFarm,14,done,False,3,6.31087064743042,189.3261260986328,9.429454803466797,5.1927490234375,0.015206072479486465,0.0019227687870533568,1.7506874799728394,8.385344505310059,1.0
ISMN_SCAN_Hodges,14,done,False,22,20.348779678344727,610.46337890625,9.785322189331055,4.79388427734375,0.03433819115161896,0.0009613843935266784,1.8524199724197388,40.93501663208008,1.0
ISMN_SCAN_McAllisterFarm,14,done,False,2,10.033622741699219,301.0086669921875,8.73180103302002,5.00408935546875,0.048536088317632675,0.0001602307322544464,1.7051682472229004,3.9915223121643066,1.0
ISMN_SCAN_StanleyFarm,14,done,False,1,5.2118048667907715,156.35414123535156,6.277583122253418,53.523345947265625,0.2855958342552185,0.0004806921967633392,2.5065317153930664,46.25086975097656,1.0
ISMN_SCAN_Wtars,14,done,False,1,1.2284414768218994,36.85324478149414,7.098300457000732,14.058303833007812,0.030450107529759407,0.0014420765902900176,1.7906546592712402,3.788104295730591,1.0
ISMN_USCRN_Gadsden-19-N,14,done,False,1,1.6201329231262207,48.60398864746094,7.849452495574951,2.0858154296875,0.01895160786807537,0.0011216151257811247,1.550033450126648,5.146794319152832,1.0
ISMN_FLUXNET-AMERIFLUX_BouldinIslandAlfalfa,19,done,False,9,63.18931198120117,1895.6793212890625,12.156472206115723,0.00012899935245513916,0.009960051625967026,0.03813491427655824,1.9303748607635498,0.4396659731864929,1.0
AmeriFlux_US-Bi1,19,done,False,9,63.18931198120117,1895.6793212890625,12.156472206115723,0.00012899935245513916,0.009960051625967026,0.03813491427655824,1.9244369268417358,0.4390632212162018,1.0
AmeriFlux_US-Bi2,19,done,False,4,495.6003723144531,14868.0107421875,14.307454109191895,0.0,0.009090602397918701,0.03701329915077712,2.120662212371826,0.09812375903129578,1.0
AmeriFlux_US-DS2,19,done,False,1,1.0752290487289429,32.25687026977539,10.229962348937988,0.001591026782989502,0.0011636052513495088,0.03829514500881269,3.006166696548462,0.2990400493144989,1.0
AmeriFlux_US-Dmg,19,done,False,2,1.98971688747406,59.691505432128906,7.949770450592041,0.2338845431804657,0.021052662283182144,0.02627784008972921,2.588031053543091,0.6624231338500977,1.0
AmeriFlux_US-Hsm,19,done,False,1,1.4310296773910522,42.93088912963867,9.680787086486816,0.22214163839817047,0.002681985730305314,0.046627143086043904,2.2963063716888428,1.0195940732955933,1.0
AmeriFlux_US-Sne,19,done,False,4,12985.681640625,389570.4375,18.9720401763916,0.0,0.0022445672657340765,0.2050953372856914,3.356999158859253,0.1370752602815628,1.0
AmeriFlux_US-Tw4,19,done,False,1,1.0662202835083008,31.986608505249023,8.70043659210205,0.0009029991924762726,0.005326137412339449,0.16279442397051755,1.9847359657287598,0.03546890988945961,1.0
ISMN_COSMOS-UK_Cochno,66,done,False,8,50.5939826965332,1517.8194580078125,9.935769081115723,13.256103515625,0.07334837317466736,0.0030443839128344815,1.7681390047073364,23.368330001831055,1.0
ISMN_COSMOS-UK_HartwoodHome,66,done,False,1,1.3830499649047852,41.49150085449219,6.495781421661377,26.945693969726562,0.06256190687417984,0.0,2.000126600265503,10.093423843383789,1.0
ICOS_UK-AMo,66,done,False,3,3.808182716369629,114.2454833984375,7.831895351409912,12.472915649414062,0.04530986770987511,0.0006409229290177856,1.3871513605117798,5.621744632720947,1.0
ISMN_SCAN_GrouseCreek,49,done,False,1,14.89448356628418,446.8345031738281,9.528552055358887,4.279296875,0.0324934720993042,0.0,2.363662004470825,29.048038482666016,1.0
ISMN_SCAN_ParkValley,49,done,False,1,574.7086181640625,17241.2578125,13.933614730834961,0.0,0.01531944703310728,0.0,1.7329356670379639,3.203500747680664,1.0
ISMN_SNOTEL_GeorgeCreek,49,done,False,1,8.69883918762207,260.9651794433594,7.485974311828613,49.870361328125,0.14534230530261993,0.0,1.4377455711364746,80.37093353271484,1.0
ISMN_SCAN_NPiedmontArec,102,done,False,3,3.7497735023498535,112.49320220947266,6.586646556854248,8.398590087890625,0.1538635492324829,0.0001602307322544464,1.5627127885818481,21.267410278320312,1.0
ISMN_USCRN_Charlottesville-2-SSE,102,done,False,1,1.8834153413772583,56.50246047973633,5.944005012512207,98.69082641601562,0.14705254137516022,0.0,1.2251828908920288,55.4786376953125,1.0
ISMN_COSMOS-UK_HollinHill,121,done,False,6,6.295937538146973,188.8781280517578,6.565658092498779,40.368919372558594,0.2599061131477356,0.0017625380547989103,2.110852003097534,17.050334930419922,1.0
ISMN_COSMOS-UK_SpenFarm,121,done,False,1,1.6282762289047241,48.84828567504883,9.34034538269043,13.669490814208984,0.004289296455681324,0.0006409229290177856,1.6482897996902466,5.511276721954346,1.0
ISMN_CW3E_BrownsValleySchool,93,done,False,1,1.039167881011963,31.175037384033203,6.6119208335876465,9.222553253173828,0.0418824627995491,0.0,2.1194941997528076,19.568803787231445,1.0
ISMN_CW3E_SkylineHarvest,93,done,False,1,2.9822845458984375,89.46853637695312,5.591282367706299,91.9505615234375,0.3221157491207123,0.0,1.5515995025634766,39.1674919128418,1.0
ISMN_SCAN_DoeRidge,94,done,False,1,1.8196266889572144,54.588802337646484,7.027672290802002,21.025146484375,0.04838215932250023,0.0011216151257811247,1.8521406650543213,26.632736206054688,1.0
ISMN_SCAN_MarbleCreek,94,done,False,21,113.28744506835938,3398.623291015625,10.617769241333008,0.0,0.08299759030342102,0.0,1.8930413722991943,49.89574432373047,1.0
ISMN_COSMOS-UK_BunnyPark,67,done,False,1,1.1730148792266846,35.19044494628906,8.039734840393066,3.3420944213867188,0.01134471409022808,0.014100304438391283,2.302730083465576,8.205310821533203,1.0
ISMN_COSMOS-UK_Loddington,67,done,False,4,6.66690731048584,200.00721740722656,8.036221504211426,13.793060302734375,0.06461809575557709,0.0,1.5176862478256226,12.81882381439209,1.0
ISMN_COSMOS-UK_Stoughton,67,done,False,1,4.805688858032227,144.17066955566406,9.060714721679688,13.156219482421875,0.01674240455031395,0.0001602307322544464,1.3349353075027466,5.6204633712768555,1.0
ISMN_SNOTEL_SheepMtn.,86,done,False,34,48.541709899902344,1456.2513427734375,9.327547073364258,59.1485595703125,0.12880219519138336,0.0,1.4184149503707886,45.624698638916016,1.0
ISMN_SNOTEL_SomsenRanch,86,done,False,7,13.154541015625,394.63623046875,7.58800745010376,25.757568359375,0.19727925956249237,0.0001602307322544464,1.678635835647583,44.245906829833984,1.0
ISMN_ARM_Omega,105,done,False,6,13.585121154785156,407.55364990234375,10.396709442138672,3.84161376953125,0.012443110346794128,0.003204614645088928,1.512787103652954,2.6785800457000732,1.0
ISMN_SCAN_FortReno#1,105,done,False,1,6.650816917419434,199.52450561523438,11.010950088500977,0.1953125,0.003296096809208393,0.0025636917160711424,1.6153637170791626,2.85219144821167,1.0
ISMN_SCAN_OrchardRangeSite,89,done,False,1,1.815820336341858,54.474609375,8.927407264709473,0.54949951171875,0.007228746544569731,0.0030443839128344815,2.511418342590332,2.094757080078125,1.0
ISMN_SNOTEL_BogusBasin,89,done,False,3,3.8436357975006104,115.30907440185547,5.551763534545898,17.1055908203125,0.420747309923172,0.0,1.19477117061615,86.55575561523438,1.0
ISMN_SNOTEL_Buckinghorse,95,done,False,6,10.08462142944336,302.53863525390625,6.968270301818848,78.252685546875,0.27742958068847656,0.0,1.1798251867294312,162.74142456054688,1.0
ISMN_USCRN_Quinault-4-NE,95,done,False,4533,4597.6630859375,137929.890625,14.364236831665039,0.0,0.07951205223798752,0.0003204614645088928,1.9342889785766602,20.62734031677246,1.0
ISMN_SNOTEL_SourdoughGulch,97,done,False,1,1.5366758108139038,46.10027313232422,6.180787086486816,30.086181640625,0.09508458524942398,0.0,1.4523005485534668,61.9965705871582,1.0
ISMN_SNOTEL_Touchet,97,done,False,2,1.9412020444869995,58.236061096191406,6.550046443939209,64.00341796875,0.0830887034535408,0.0,1.1372836828231812,76.48198699951172,1.0
ISMN_NAQU_NQKema,59,done,False,3,3.729733943939209,111.89202117919922,7.109107494354248,40.7451171875,0.09123169630765915,0.0017625380547989103,2.6238813400268555,20.561674118041992,1.0
ISMN_NAQU_NQMS,59,done,False,616,60.66767883300781,1820.0303955078125,11.198331832885742,2.5693359375,0.024923833087086678,0.000801153661272232,2.0472559928894043,15.77262020111084,1.0
ISMN_NAQU_NQNorth,59,done,False,4,9.354097366333008,280.6229248046875,8.975595474243164,19.1318359375,0.035472288727760315,0.015862842493190196,1.6549885272979736,9.299083709716797,1.0
ISMN_SCAN_AshValley,51,done,False,2,2.2442407608032227,67.32722473144531,8.176002502441406,6.41552734375,0.018938517197966576,0.002403460983816696,2.2435944080352783,4.693831443786621,1.0
ISMN_SCAN_EagleLake,51,done,False,27,7.500251293182373,225.00753784179688,8.781227111816406,0.0078125,0.034545037895441055,0.17865726646370775,2.660259485244751,15.188215255737305,1.0
ISMN_SNOTEL_FredonyerPeak,51,done,False,4,11.60705280303955,348.2115783691406,7.650392055511475,133.84228515625,0.1642071008682251,0.0,1.1303211450576782,81.10942840576172,1.0
ISMN_SCAN_HubbardBrook,72,done,False,22,8.389909744262695,251.69729614257812,7.247652053833008,72.521240234375,0.1772880256175995,0.0,1.4700736999511719,72.96139526367188,1.0
AmeriFlux_US-xBR,72,done,False,5,7.4310150146484375,222.93045043945312,8.310598373413086,34.91957092285156,0.05476310849189758,0.0,1.919359803199768,14.787332534790039,1.0
ISMN_RSMN_Alexandria,119,done,False,2,2.553309917449951,76.59929656982422,8.370305061340332,38.53543472290039,0.0177419725805521,0.0020829995193078032,1.6493067741394043,9.758698463439941,1.0
ISMN_RSMN_RosioriideVede,119,done,False,9,13.515642166137695,405.4692687988281,12.822311401367188,3.7335128784179688,0.0010947093833237886,0.003204614645088928,1.7617754936218262,6.584713935852051,1.0
ISMN_SNOTEL_EastRimDivide,84,done,False,5,2.7771294116973877,83.31388092041016,6.504985809326172,39.210205078125,0.12399499863386154,0.0001602307322544464,1.7067294120788574,29.132631301879883,1.0
ISMN_SNOTEL_GraniteCreek,84,done,False,1,1.2186540365219116,36.55961990356445,6.691267013549805,21.60009765625,0.04536525160074234,0.0001602307322544464,2.525546073913574,71.63079071044922,1.0
ICOS_CH-Cha,68,done,False,3,2.989773988723755,89.69322204589844,9.573763847351074,0.166107177734375,0.006236216984689236,0.006569460022432303,2.2685625553131104,6.1998772621154785,1.0
ICOS_CH-Fru,68,done,False,1,1.0,30.0,7.721257209777832,4.55157470703125,0.013298301957547665,0.0,1.6523752212524414,83.85852813720703,1.0
ICOS_CH-Lae,68,done,False,4,9.380928039550781,281.4278564453125,6.454119682312012,120.34423828125,0.4169960618019104,0.0,1.555917739868164,72.31214904785156,1.0
ISMN_SNOTEL_CraterMeadows,52,done,False,5,4.399848937988281,131.99546813964844,6.360299587249756,9.3994140625,0.22435829043388367,0.0,1.3821032047271729,56.67978286743164,1.0
ISMN_SNOTEL_PierceR.S.,52,done,False,4,9.748427391052246,292.45281982421875,7.835952281951904,2.68243408203125,0.11508580297231674,0.0,1.8617889881134033,26.084138870239258,1.0
ISMN_SNOTEL_ShanghiSummit,52,done,False,1,1.6722489595413208,50.1674690246582,6.406945705413818,46.5618896484375,0.08259087055921555,0.0,1.2655141353607178,40.681488037109375,1.0
ISMN_SNOTEL_LapreleCreek,80,done,False,1,1.258102536201477,37.74307632446289,7.41294527053833,17.93505859375,0.02276989258825779,0.0,1.6622703075408936,12.467623710632324,1.0
ISMN_SNOTEL_WindyPeak,80,done,False,8,3.6600899696350098,109.80269622802734,7.035150051116943,19.44677734375,0.09636931866407394,0.0,1.4773695468902588,48.25077819824219,1.0
ISMN_SNOTEL_QuartzMountain,90,done,False,1,1.8707008361816406,56.12102508544922,6.684169769287109,38.471923828125,0.07006741315126419,0.0,1.3270081281661987,27.523902893066406,1.0
ISMN_SNOTEL_StateLine,90,done,False,1,1.4702893495559692,44.108680725097656,6.622936248779297,5.0950927734375,0.05857636034488678,0.0004806921967633392,1.6400830745697021,18.50237274169922,1.0
ISMN_SNOTEL_BigSandyOpening,48,done,False,22,10.870543479919434,326.1163024902344,8.556676864624023,21.48046875,0.06261623650789261,0.0006409229290177856,1.7936259508132935,18.23261833190918,1.0
ISMN_SNOTEL_LarsenCreek,48,done,False,2,5.056429386138916,151.69288635253906,7.566015720367432,43.81201171875,0.07837830483913422,0.0,1.911169409751892,45.70319366455078,1.0
ISMN_SNOTEL_PocketCreek,48,done,False,3,6.7524189949035645,202.57257080078125,6.794015407562256,6.006103515625,0.22319310903549194,0.0,1.422722339630127,57.73662567138672,1.0
ISMN_SNOTEL_Bourne,96,done,False,1,24.260866165161133,727.8259887695312,7.492294788360596,19.3409423828125,0.38537856936454773,0.0,1.6308259963989258,123.06869506835938,1.0
ISMN_SNOTEL_Tipton,96,done,False,6,3.331861972808838,99.95585632324219,6.331933975219727,16.669921875,0.1759423315525055,0.0001602307322544464,1.6221023797988892,33.39722442626953,1.0
ISMN_SNOTEL_CrabCreek,87,done,False,13,4.500398635864258,135.011962890625,6.4246416091918945,99.4288330078125,0.215472012758255,0.0,2.0597949028015137,84.2962875366211,1.0
ISMN_SNOTEL_IslandPark,87,done,False,1,1.7865625619888306,53.59687805175781,7.458925724029541,13.2578125,0.030876727774739265,0.006569460022432303,1.9201438426971436,5.779838562011719,1.0
ISMN_NGARI_SQ19,61,done,False,10,569.7262573242188,17091.787109375,12.626317024230957,0.0,0.05607793107628822,0.0,2.6071276664733887,38.59083557128906,1.0
ISMN_NGARI_SQ20,61,done,False,40,1105.3026123046875,33159.078125,13.99514102935791,0.0,0.02769993059337139,0.0,3.1482155323028564,30.258760452270508,1.0
ISMN_NGARI_SQ21,61,done,False,19,1331.522705078125,39945.6796875,14.301338195800781,0.0,0.02456914633512497,0.0,2.4038689136505127,26.031753540039062,1.0
ISMN_WATERLINE_Kerasia,64,done,False,2,2.885165214538574,86.5549545288086,5.091551303863525,63.24627685546875,0.4890596568584442,0.0,1.3866469860076904,74.96731567382812,1.0
ISMN_WATERLINE_Komotini,64,done,False,1,1.5535207986831665,46.60562515258789,6.251093864440918,2.775768280029297,0.08963087201118469,0.002723922448325589,2.109001636505127,1.9072918891906738,1.0
ISMN_WATERLINE_Nymfaia,64,done,False,13,5.8986310958862305,176.9589385986328,5.78328275680542,40.7042236328125,0.4988301396369934,0.0,1.3442764282226562,58.05596160888672,1.0
ISMN_SNOTEL_BuckskinLower,50,done,False,2,6.082944869995117,182.48834228515625,7.119300365447998,4.238525390625,0.14663374423980713,0.0,1.4824973344802856,58.21833801269531,1.0
ISMN_SNOTEL_GranitePeak,50,done,False,1,8.371687889099121,251.150634765625,7.501881122589111,12.58935546875,0.13776813447475433,0.0,1.2817600965499878,74.45085906982422,1.0
ISMN_SNOTEL_LamanceCreek,50,done,False,1,42.96559524536133,1288.9678955078125,9.581643104553223,102.9642333984375,0.0886843204498291,0.0,1.5964100360870361,94.6075210571289,1.0
ICOS_DE-Kli,65,done,False,9,39.67815017700195,1190.344482421875,11.105700492858887,15.13653564453125,0.01788470894098282,0.013138920044864605,1.5641127824783325,19.17439079284668,1.0
ICOS_DE-Obe,65,done,False,2,4.306504249572754,129.19512939453125,6.638020992279053,60.833984375,0.16760869324207306,0.0003204614645088928,0.9884840846061707,26.26835823059082,1.0
ICOS_DE-Gri,65,done,False,2,1.961287498474121,58.838623046875,8.324387550354004,3.92987060546875,0.014269127510488033,0.0003204614645088928,1.7127183675765991,10.35224437713623,1.0
ISMN_FMI_SOD011,10,done,False,2,12.254118919372559,367.6235656738281,9.160412788391113,0.904083251953125,0.03862518072128296,0.046947604550552795,3.0924689769744873,3.1870059967041016,1.0
ISMN_FMI_SOD012,10,done,False,2,12.254118919372559,367.6235656738281,9.160412788391113,0.904083251953125,0.03862518072128296,0.046947604550552795,3.092405080795288,3.1845974922180176,1.0
ISMN_FMI_SOD013,10,done,False,2,12.254118919372559,367.6235656738281,9.160412788391113,0.904083251953125,0.03862518072128296,0.046947604550552795,3.0913450717926025,3.1865618228912354,1.0
ISMN_FMI_SOD071,10,done,False,27,26.36920166015625,791.0760498046875,10.252897262573242,2.9004669189453125,0.027882326394319534,0.026117609357474765,2.4558866024017334,1.568589687347412,1.0
ISMN_FMI_SOD072,10,done,False,1,1.2646911144256592,37.94073486328125,7.063449859619141,3.3903350830078125,0.032459065318107605,0.026918763018746995,2.4646918773651123,1.5625661611557007,1.0
ISMN_FMI_SOD073,10,done,False,27,26.36920166015625,791.0760498046875,10.252897262573242,2.9004669189453125,0.027882326394319534,0.026117609357474765,2.4254612922668457,1.5678985118865967,1.0
ISMN_FMI_SOD081,10,done,False,1,1.2315644025802612,36.94693374633789,8.21661376953125,3.164764404296875,0.009980077855288982,0.04951129626662394,2.83634352684021,2.359776258468628,1.0
ISMN_FMI_SOD083,10,done,False,1,1.2315644025802612,36.94693374633789,8.21661376953125,3.164764404296875,0.009980077855288982,0.04951129626662394,2.8440253734588623,2.3625080585479736,1.0
ISMN_FMI_SOD101,10,done,False,1,1.1619009971618652,34.85702896118164,10.459010124206543,3.21728515625,0.0007842790219001472,0.032206377183143724,2.4609644412994385,1.4147439002990723,1.0
ISMN_FMI_SOD102,10,done,False,1,1.1619009971618652,34.85702896118164,10.459010124206543,3.21728515625,0.0007842790219001472,0.032206377183143724,2.4678523540496826,1.4131454229354858,1.0
ISMN_FMI_SOD103,10,done,False,1,1.1619009971618652,34.85702896118164,10.459010124206543,3.21728515625,0.0007842790219001472,0.032206377183143724,2.4612059593200684,1.4160395860671997,1.0
ISMN_FMI_SOD130,10,done,False,1,2.0932562351226807,62.79768753051758,7.746784210205078,3.0424652099609375,0.027130097150802612,0.010414997596539017,2.5132622718811035,2.761159658432007,1.0
ISMN_FMI_SOD140,10,done,False,1,1.0002877712249756,30.00863265991211,7.143183708190918,40.53773498535156,0.02370934747159481,0.0028841531805800353,1.8024221658706665,9.819670677185059,1.0
ISMN_HOBE_1.05,31,done,False,2,7.71098518371582,231.32955932617188,8.763225555419922,2.2133102416992188,0.03615940734744072,0.0049671526998878385,1.901092767715454,5.465047359466553,1.0
ISMN_HOBE_1.07,31,done,False,2,2.563797950744629,76.9139404296875,7.9042558670043945,1.3984336853027344,0.028386615216732025,0.007851305880467873,1.8412117958068848,2.4435806274414062,1.0
ISMN_HOBE_2.01,31,done,False,1,1.0790972709655762,32.37291717529297,5.882328510284424,10.854923248291016,0.09002098441123962,0.0057683063611600706,1.7668458223342896,4.814334869384766,1.0
ISMN_HOBE_2.11,31,done,False,3,27.853057861328125,835.5917358398438,11.766114234924316,0.6067466735839844,0.0064867837354540825,0.004806921967633392,1.9318727254867554,6.627952575683594,1.0
ISMN_HOBE_3.06,31,done,False,1,1.2294291257858276,36.88287353515625,8.324752807617188,5.082923889160156,0.008941679261624813,0.00400576830636116,1.9511839151382446,4.650087833404541,1.0
ISMN_SNOTEL_ExitGlacier,112,done,False,5,9.361894607543945,280.8568420410156,8.450021743774414,0.6662445068359375,0.060002002865076065,0.0,2.409869909286499,85.74360656738281,1.0
ISMN_SNOTEL_SummitCreek,112,done,False,1,6.479918003082275,194.3975372314453,7.82896089553833,9.924530029296875,0.07722390443086624,0.03188591571863483,2.6108336448669434,112.2580795288086,1.0
ISMN_SCAN_RogersFarm#1,57,done,False,33,15.987442970275879,479.623291015625,10.286293029785156,1.02117919921875,0.016352392733097076,0.0003204614645088928,1.9637898206710815,5.374795436859131,1.0
AmeriFlux_US-Ne1,57,done,False,1,1.1738665103912354,35.21599578857422,7.434451103210449,2.587493896484375,0.020793918520212173,0.009613843935266785,1.5970959663391113,1.002302646636963,1.0
AmeriFlux_US-Ne2,57,done,False,2,3.119933843612671,93.59801483154297,9.061808586120605,1.28338623046875,0.010858154855668545,0.008972921006248998,1.6309033632278442,0.9426126480102539,1.0
ISMN_SNOTEL_AnchorRiverDivide,113,done,False,1,1.5034682750701904,45.10404968261719,7.126345157623291,30.675079345703125,0.036232057958841324,0.0001602307322544464,1.4624488353729248,22.15399742126465,1.0
ISMN_SNOTEL_NukaGlacier,113,done,False,10,340.39691162109375,10211.9072265625,13.165996551513672,0.0,0.01954934000968933,0.002723922448325589,2.13185977935791,76.9725112915039,1.0
ISMN_SCAN_JornadaExpRange,29,done,False,2,1.8864262104034424,56.5927848815918,7.978918552398682,2.8330078125,0.019386805593967438,0.007530844415958981,2.2971694469451904,0.7457868456840515,1.0
ISMN_USCRN_Las-Cruces-20-N,29,done,False,2,1.5718698501586914,47.156097412109375,8.063486099243164,0.002685546875,0.014844945631921291,0.01329915077711905,3.0555613040924072,0.8669992089271545,1.0
AmeriFlux_US-Jo1,29,done,False,1,3.0779528617858887,92.33858489990234,8.520256996154785,3.6602783203125,0.018409134820103645,0.0,1.9441674947738647,3.1929893493652344,1.0
AmeriFlux_US-Jo2,29,done,False,1,1.6385085582733154,49.15525817871094,7.4544596672058105,7.6163330078125,0.02844606526196003,0.0,2.052196741104126,4.274972915649414,1.0
AmeriFlux_US-xJR,29,done,False,7,6.327153205871582,189.81459045410156,8.780355453491211,0.00048828125,0.029170673340559006,0.01201730491908348,2.160888433456421,2.099769115447998,1.0
ISMN_SNOTEL_PebbleCreek,85,done,False,7953,8036.21044921875,241086.3125,14.251951217651367,0.0,0.15457893908023834,0.0,1.9206788539886475,76.17449188232422,1.0
ISMN_SNOTEL_WildhorseDivide,85,done,False,6,203.77066040039062,6113.11962890625,11.077558517456055,0.0,0.0942004844546318,0.0,1.4059369564056396,32.230186462402344,1.0
ISMN_SCAN_Goshute,88,done,False,5,45.070091247558594,1352.102783203125,10.638440132141113,1.4425048828125,0.03240722045302391,0.0,3.1353983879089355,7.289160251617432,1.0
ISMN_SNOTEL_TakkaWiiya,88,done,False,101,93.52580261230469,2805.774169921875,10.51371955871582,15.9140625,0.07606129348278046,0.0,1.1630390882492065,103.704833984375,1.0
AmeriFlux_US-RGB,92,done,False,2,2.7210874557495117,81.63262176513672,10.255075454711914,0.23702621459960938,0.0028717040549963713,0.12321743310366928,1.6270097494125366,0.2615182101726532,1.0
AmeriFlux_US-RGo,92,done,False,5,11.47357177734375,344.2071533203125,11.055830001831055,4.1961669921875e-05,0.005436626262962818,0.03605191475725044,2.4668493270874023,1.8238309621810913,1.0
ISMN_CW3E_BoyesCreekCanyon,37,done,False,2,4.108209609985352,123.24629211425781,5.946812152862549,8.6878662109375,0.31168434023857117,0.0,1.515828251838684,53.0738639831543,1.0
ISMN_CW3E_Deerwood,37,done,False,4,21.946683883666992,658.4005126953125,8.44913101196289,46.83180236816406,0.14003200829029083,0.11168082038134915,2.934847831726074,34.8160514831543,1.0
ISMN_CW3E_NorthCowMountain,37,done,False,1,1.4113829135894775,42.341487884521484,6.40004301071167,166.59527587890625,0.07023406773805618,0.0,1.3453885316848755,60.0201301574707,1.0
ISMN_CW3E_PotterValleyNorth,37,done,False,4,14.757312774658203,442.7193908691406,7.665313720703125,51.73480224609375,0.20464564859867096,0.0,2.5596375465393066,65.37067413330078,1.0
ISMN_SNOTEL_GraniteCrk,111,done,False,1,2.4270477294921875,72.81143188476562,8.486475944519043,5.244842529296875,0.01501541119068861,0.0025636917160711424,2.295621395111084,1.9268523454666138,1.0
AmeriFlux_US-xDJ,111,done,False,3,16.55023193359375,496.5069580078125,10.097039222717285,6.103485107421875,0.020453903824090958,0.0003204614645088928,1.925341010093689,3.4187605381011963,1.0
ISMN_SCAN_PowderMill,101,done,False,1,45.05385971069336,1351.6158447265625,10.756576538085938,1.3700981140136719,0.028787991032004356,0.0003204614645088928,2.185659885406494,7.159886360168457,1.0
AmeriFlux_US-xSE,101,done,False,1,1.0144627094268799,30.433881759643555,7.479905128479004,39.88486099243164,0.01717248372733593,0.003204614645088928,1.6542421579360962,10.69001579284668,1.0
ISMN_SNOTEL_Lookout,99,done,False,1,1.000593900680542,30.0178165435791,6.61058235168457,329.8262939453125,0.040383461862802505,0.0,1.285997986793518,94.77556610107422,1.0
ISMN_SNOTEL_Sunset,99,done,False,2,2.9085984230041504,87.25794982910156,6.289638042449951,50.6083984375,0.160508394241333,0.0,1.3662190437316895,103.3228530883789,1.0
ISMN_SCAN_MonoclineRidge,91,done,False,1,1.491418480873108,44.7425537109375,6.089958667755127,10.339111328125,0.10101932287216187,0.0,1.735526442527771,32.841060638427734,1.0
ISMN_SCAN_Vallecitos,91,done,False,47,33.056663513183594,991.6998901367188,11.13306713104248,0.94586181640625,0.014498410746455193,0.0001602307322544464,2.150320291519165,8.444948196411133,1.0
AmeriFlux_US-Me2,79,done,False,31,23.485435485839844,704.5630493164062,10.085952758789062,2.190185546875,0.02934415452182293,0.0001602307322544464,1.302531361579895,23.99197769165039,1.0
AmeriFlux_US-Me6,79,done,False,3,56.952144622802734,1708.5643310546875,11.874956130981445,2.60528564453125,0.011895512230694294,0.0011216151257811247,2.3229598999023438,3.6364336013793945,1.0
ISMN_SNOTEL_Baldy,78,done,False,89,66.8520278930664,2005.560791015625,9.719703674316406,2.275634765625,0.1199314221739769,0.0004806921967633392,1.6633508205413818,16.402528762817383,1.0
ISMN_SNOTEL_HawleyLake,78,done,False,36,12.295727729797363,368.871826171875,7.908517360687256,17.251953125,0.13477501273155212,0.0001602307322544464,1.4499366283416748,24.461519241333008,1.0
ISMN_ROMPS_Baytik,114,done,False,94,52.867835998535156,1586.0350341796875,10.861605644226074,8.4810791015625,0.030411887913942337,0.0,2.6065056324005127,57.76915740966797,1.0
ISMN_ROMPS_GolubinGlacier,114,done,False,1,2.319350481033325,69.58051300048828,4.977133274078369,71.75830078125,0.44725483655929565,0.0,2.543888807296753,182.70091247558594,1.0
ICOS_SE-Deg,117,done,False,1,3.1268603801727295,93.8058090209961,9.888697624206543,0.256134033203125,0.004760141484439373,0.0049671526998878385,2.0817105770111084,22.55764389038086,1.0
ICOS_SE-Svb,117,done,False,2,9.383718490600586,281.5115661621094,8.387577056884766,15.849761962890625,0.064006507396698,0.0003204614645088928,1.8023951053619385,15.842185974121094,1.0
ISMN_SCAN_MammothCave,106,done,False,1,2.344383716583252,70.33151245117188,6.6399102210998535,4.89837646484375,0.09167575091123581,0.0,1.5795186758041382,12.064778327941895,1.0
ISMN_USCRN_Bowling-Green-21-NNE,106,done,False,3,3.8878707885742188,116.63612365722656,6.859785079956055,13.933273315429688,0.12176220864057541,0.0,2.023116111755371,22.991674423217773,1.0
ISMN_SCAN_Watkinsville#1,75,done,False,1,1.3973973989486694,41.92192077636719,7.485022068023682,10.126129150390625,0.02353191003203392,0.0004806921967633392,1.527021884918213,5.454334259033203,1.0
ISMN_USCRN_Watkinsville-5-SSE,75,done,False,1,1.6027477979660034,48.082435607910156,7.1402692794799805,11.057022094726562,0.038088761270046234,0.0,1.5211433172225952,6.9398298263549805,1.0
ISMN_SCAN_RockSpringsPa,100,done,False,1,1.3211870193481445,39.63561248779297,7.180325508117676,6.601318359375,0.030170191079378128,0.0004806921967633392,2.0471181869506836,29.242406845092773,1.0
AmeriFlux_US-UC1,100,done,False,1,2.5689966678619385,77.06990051269531,7.564929485321045,3.094696044921875,0.03992518410086632,0.0001602307322544464,1.481377363204956,12.780416488647461,1.0
ISMN_USCRN_Newton-8-W,104,done,False,46,54.57823944091797,1637.34716796875,11.788339614868164,0.06517410278320312,0.012431039474904537,0.0009613843935266784,2.012528657913208,5.014112949371338,1.0
AmeriFlux_US-xJE,104,done,False,1,1.1730353832244873,35.191062927246094,6.886700630187988,16.84630584716797,0.035924386233091354,0.0011216151257811247,2.2618067264556885,5.088738918304443,1.0
ISMN_SNOTEL_BostetterR.S.,83,done,False,5,5.159398555755615,154.78195190429688,7.210024833679199,37.0625,0.11391008645296097,0.0,1.3503718376159668,31.989213943481445,1.0
ISMN_SNOTEL_MagicMountain,83,done,False,481,461.5858459472656,13847.5751953125,12.182838439941406,0.0,0.07074709981679916,0.0,1.3559198379516602,46.95038604736328,1.0
ISMN_SCAN_CPER,47,done,False,1,1.93117356300354,57.93520736694336,9.070369720458984,4.9962158203125,0.006663843523710966,0.0025636917160711424,2.272831916809082,2.6801271438598633,1.0
ISMN_SCAN_Nunn#1,47,done,False,18,106.04400634765625,3181.3203125,12.256885528564453,0.385986328125,0.015117385424673557,0.0001602307322544464,2.104271650314331,8.010672569274902,1.0
AmeriFlux_US-xCP,47,done,False,2,1.995067834854126,59.85203552246094,7.939920902252197,1.2940673828125,0.021318141371011734,0.0030443839128344815,1.949774146080017,5.1463422775268555,1.0
AmeriFlux_US-Kon,107,done,False,1,1.6216576099395752,48.64972686767578,7.400816917419434,16.287445068359375,0.029704254120588303,0.0004806921967633392,1.2438188791275024,8.379780769348145,1.0
AmeriFlux_US-xKA,107,done,False,7,66.29325103759766,1988.7974853515625,11.86839485168457,1.014801025390625,0.013937477953732014,0.002403460983816696,2.6165452003479004,12.164349555969238,1.0
ISMN_AMMA-CATCH_Banizoumbou,115,done,False,1,1.311708927154541,39.35126876831055,7.619510650634766,3.013153076171875,0.019310489296913147,0.0035250761095978207,2.1624109745025635,3.630037784576416,1.0
ISMN_AMMA-CATCH_Tondikiboro,115,done,False,1,66.38976287841797,1991.69287109375,11.260668754577637,5.5606231689453125,0.025626013055443764,0.009934305399775677,1.5441840887069702,7.676668167114258,1.0
ISMN_USCRN_Goodwell-2-E,109,done,False,1,3.555161714553833,106.65485382080078,8.625349044799805,4.442138671875,0.01914195530116558,0.015862842493190196,1.7516483068466187,2.095581531524658,1.0
ISMN_USCRN_Goodwell-2-SE,109,done,False,8,7.4715681076049805,224.1470489501953,10.70817756652832,15.04840087890625,0.005012185778468847,0.0041659990386156065,1.5756839513778687,6.124650955200195,1.0
AmeriFlux_US-ALQ,74,done,False,12,32.06690216064453,962.007080078125,10.661917686462402,0.00018310546875,0.022526459768414497,0.19179618650857233,3.1647140979766846,9.596147537231445,1.0
AmeriFlux_US-xUN,74,done,False,1,1.2373359203338623,37.120079040527344,6.23275089263916,27.61358642578125,0.07277663797140121,0.04806921967633392,1.9039968252182007,9.488529205322266,1.0
ISMN_FLUXNET-AMERIFLUX_TonziRanch,38,done,False,2,16.00352668762207,480.1058044433594,9.686710357666016,1.79962158203125,0.02980736456811428,0.0003204614645088928,1.3962253332138062,13.517684936523438,1.0
ISMN_FLUXNET-AMERIFLUX_VairaRanch,38,done,False,1,1.6694514751434326,50.08354568481445,7.166782379150391,16.92694091796875,0.03863534703850746,0.0,1.6208540201187134,9.011241912841797,1.0
AmeriFlux_US-Ton,38,done,False,1,1.802425742149353,54.07277297973633,7.335561752319336,3.9279937744140625,0.035237476229667664,0.0003204614645088928,1.3848950862884521,13.550787925720215,1.0
AmeriFlux_US-Var,38,done,False,1,1.6694514751434326,50.08354568481445,7.166782379150391,16.92694091796875,0.03863534703850746,0.0,1.6082711219787598,9.00582504272461,1.0
ISMN_SNOTEL_QuartzPeak,98,done,False,2,2.660076856613159,79.80230712890625,5.930985927581787,271.6234130859375,0.20885325968265533,0.0,1.1245574951171875,84.23037719726562,1.0
ISMN_SNOTEL_RaggedMountain,98,done,False,1,2.568467378616333,77.05402374267578,6.605435848236084,93.83984375,0.10387832671403885,0.0,1.2787775993347168,108.46597290039062,1.0
AmeriFlux_US-Ro4,55,done,False,1,1.024359107017517,30.73077392578125,9.30152702331543,0.448699951171875,0.002805243246257305,0.008972921006248998,2.580441951751709,5.931014060974121,1.0
AmeriFlux_US-Ro5,55,done,False,1,1.3561196327209473,40.683589935302734,8.21377944946289,2.146331787109375,0.011020529083907604,0.0057683063611600706,1.882047414779663,5.318629741668701,1.0
AmeriFlux_US-Ro6,55,done,False,1,1.3657673597335815,40.9730224609375,9.293493270874023,1.995849609375,0.0037703614216297865,0.007210382951450088,1.8670507669448853,4.492241859436035,1.0
ISMN_SCAN_EvergladesARS,54,done,False,1,1.0181666612625122,30.545000076293945,8.372955322265625,0.6770721673965454,0.007056745700538158,0.07002082999519307,1.870551586151123,1.0597999095916748,1.0
AmeriFlux_US-Esm,54,done,False,1,1.0,30.0,9.262213706970215,0.28244638442993164,0.002848339732736349,0.11087966672007692,1.6870760917663574,0.3263300657272339,1.0
AmeriFlux_US-EvM,54,done,False,1,1.279532551765442,38.3859748840332,10.555447578430176,0.07231052964925766,0.00017075956566259265,0.10719435987822465,1.826918363571167,0.3542093336582184,1.0
ICOS_FI-Hyy,116,done,False,1,1.5045676231384277,45.137027740478516,6.422097682952881,44.46473693847656,0.07322749495506287,0.05976606313090851,2.5806307792663574,10.17269515991211,1.0
ICOS_FI-Sii,116,done,False,4,1102.424072265625,33072.72265625,16.266611099243164,0.0,0.002850815188139677,0.015382150296426854,2.711512327194214,6.546973705291748,1.0
ISMN_FMI_SAA111,62,done,False,2,11.187521934509277,335.62567138671875,7.977741241455078,68.78372192382812,0.11461950838565826,0.0,1.0701237916946411,38.08897399902344,1.0
ISMN_FMI_SAA112,62,done,False,15,13.123128890991211,393.6938781738281,8.269135475158691,63.05609130859375,0.10056605190038681,0.0,1.0861940383911133,38.128604888916016,1.0
ISMN_FMI_SAA120,62,done,False,10,23.703903198242188,711.1170654296875,8.905287742614746,4.997955322265625,0.09617937356233597,0.0,1.3751935958862305,32.65456008911133,1.0
AmeriFlux_US-KFS,108,done,False,2,2.81169056892395,84.35071563720703,7.732491970062256,14.125762939453125,0.036958325654268265,0.0011216151257811247,1.251648187637329,7.719120025634766,1.0
AmeriFlux_US-xUK,108,done,False,2,1.5767637491226196,47.302913665771484,6.045627593994141,22.109375,0.11155737936496735,0.000801153661272232,1.340624213218689,16.047842025756836,1.0
AmeriFlux_US-MN2,103,done,False,1,1.0,30.0,7.811977386474609,1.32403564453125,0.012145101092755795,0.019387918602788014,1.6869257688522339,0.7724603414535522,1.0
AmeriFlux_US-MN3,103,done,False,1,1.6453673839569092,49.36102294921875,9.414989471435547,0.89727783203125,0.004022573120892048,0.0245153020349303,1.50603449344635,0.7584956884384155,1.0
ISMN_SNOTEL_ImnaviatCreek,58,done,False,1,1.2142629623413086,36.427886962890625,7.407926082611084,53.26800537109375,0.02208726666867733,0.0001602307322544464,1.5055307149887085,24.02652931213379,1.0
AmeriFlux_US-ICs,58,done,False,6,24.841609954833984,745.248291015625,10.411059379577637,2.15618896484375,0.0224265456199646,0.0,1.4140828847885132,20.9759521484375,1.0
AmeriFlux_US-ICt,58,done,False,8,13.164484977722168,394.9345397949219,8.106467247009277,20.13739013671875,0.11854688078165054,0.0001602307322544464,1.4077019691467285,21.28079605102539,1.0
ICOS_ES-LM1,63,done,False,5,3.4335527420043945,103.00658416748047,8.981571197509766,3.555938720703125,0.012947733514010906,0.0033648453773433744,1.345774531364441,3.314047336578369,1.0
ICOS_ES-LM2,63,done,False,1,1.5664347410202026,46.9930419921875,7.713809967041016,4.5343017578125,0.020984794944524765,0.0009613843935266784,1.2895653247833252,3.141331195831299,1.0
ICOS_ES-LMa,63,done,False,1,1.4188779592514038,42.56633758544922,6.922247886657715,2.333282470703125,0.04192930832505226,0.0035250761095978207,1.3702986240386963,3.084817409515381,1.0
AmeriFlux_US-BZB,110,done,False,47,360.10711669921875,10803.2138671875,16.195354461669922,0.0,0.0008392484742216766,0.011216151257811249,2.497575521469116,23.203046798706055,1.0
AmeriFlux_US-BZo,110,done,False,313,179.01011657714844,5370.3037109375,13.701008796691895,0.0,0.006021725479513407,0.01025476686428457,2.476365089416504,25.03089714050293,1.0
ISMN_SNOTEL_SpringCreek,279,done,False,4513,4649.078125,139472.34375,15.78062915802002,0.0,0.01954306662082672,0.0003204614645088928,1.700098991394043,5.247716426849365,1.0
AmeriFlux_US-Ho1,71,done,False,1,1.0,30.0,6.6276397705078125,10.358741760253906,0.03967764228582382,0.0004806921967633392,1.5493258237838745,4.709033966064453,1.0
AmeriFlux_US-Ho2,71,done,False,5,6.952637672424316,208.57913208007812,11.236224174499512,8.7586669921875,0.0027506768237799406,0.0001602307322544464,1.5992262363433838,4.894613742828369,1.0
ISMN_SNOTEL_SusitnaValleyHigh,277,done,False,6,5.092376232147217,152.7712860107422,7.701496601104736,3.5908279418945312,0.06896598637104034,0.0011216151257811247,1.8404693603515625,5.079719066619873,1.0
ISMN_SNOTEL_UpperTsainaRiver,276,done,False,1,1.8919199705123901,56.757598876953125,7.907503604888916,2.55535888671875,0.020882172510027885,0.0001602307322544464,2.920564889907837,52.4764518737793,1.0
ISMN_SCAN_Mandan#1,76,done,False,2,3.6753361225128174,110.26008605957031,8.339887619018555,9.5672607421875,0.02632392942905426,0.002403460983816696,1.2052332162857056,7.026774883270264,1.0
AmeriFlux_US-xNG,76,done,False,5,6.165565490722656,184.9669647216797,9.845704078674316,10.0543212890625,0.009798177517950535,0.0020829995193078032,1.254219889640808,7.786650657653809,1.0
ISMN_SNOTEL_GulkanaRiver,275,done,False,2,7.614928245544434,228.44784545898438,9.652010917663574,0.79937744140625,0.014687258750200272,0.0009613843935266784,1.5237958431243896,14.752164840698242,1.0
ISMN_SNOTEL_JackWadeJct,272,done,False,1,2.511904001235962,75.35711669921875,6.674671173095703,141.22900390625,0.09485192596912384,0.0001602307322544464,0.8756694197654724,49.49798583984375,1.0
ISMN_SNOTEL_Tok,273,done,False,1,1.5070786476135254,45.21236038208008,8.492154121398926,3.935882568359375,0.009271482937037945,0.003204614645088928,1.545733094215393,1.3611600399017334,1.0
ISMN_SNOTEL_AmericanCreek,271,done,False,5,12.333548545837402,370.0064697265625,9.078869819641113,25.859161376953125,0.042174383997917175,0.0,2.018341064453125,22.553096771240234,1.0
ISMN_SNOTEL_MayCreek,270,done,False,1,1.3394402265548706,40.18320846557617,7.214322566986084,13.169708251953125,0.029564978554844856,0.0003204614645088928,1.9208472967147827,4.533105850219727,1.0
ISMN_SNOTEL_Chisana,269,done,False,1,1.0892486572265625,32.677459716796875,6.9320149421691895,4.0816650390625,0.03188344091176987,0.0001602307322544464,2.405832290649414,6.281983852386475,1.0
ISMN_SNOTEL_FieldingLake,274,done,False,3,27.75162124633789,832.5486450195312,10.944927215576172,12.36273193359375,0.014691191725432873,0.0009613843935266784,2.590045690536499,19.094446182250977,1.0
ISMN_SNOTEL_GobblersKnob,268,done,False,6,2.616910934448242,78.50732421875,7.604885578155518,135.0330810546875,0.039077721536159515,0.0,0.8461488485336304,59.516693115234375,1.0
ISMN_SNOTEL_Coldfoot,267,done,False,1,1.7833096981048584,53.499290466308594,8.215991020202637,6.502593994140625,0.014459659345448017,0.0030443839128344815,2.6181716918945312,6.305415630340576,1.0
ISMN_SNOTEL_TokositnaValley,278,done,False,2,130.52066040039062,3915.619873046875,10.310111999511719,0.0,0.12963823974132538,0.000801153661272232,2.2658958435058594,33.09743881225586,1.0
AmeriFlux_US-UMB,73,done,False,1,1.0099847316741943,30.299541473388672,7.315352439880371,10.692718505859375,0.020153945311903954,0.04967152699887838,1.9117273092269897,8.0479154586792,1.0
AmeriFlux_US-UMd,73,done,False,1,1.3797369003295898,41.39210510253906,7.465930938720703,11.112564086914062,0.023682288825511932,0.24627463547508413,2.937716007232666,9.719588279724121,1.0
ISMN_USCRN_Lafayette-13-SE,265,done,False,1,1.4328604936599731,42.98581314086914,7.439568519592285,2.9897780418395996,0.02525046467781067,0.012337766383592373,2.260556697845459,2.49218487739563,1.0
ISMN_SNOTEL_KenaiMoosePens,280,done,False,3,15.810215950012207,474.3064880371094,10.38525390625,11.931144714355469,0.014647701755166054,0.0020829995193078032,1.8472704887390137,5.145584583282471,1.0
ISMN_NGARI_ALI01,60,done,False,3,20.12364387512207,603.7092895507812,11.947808265686035,2.55615234375,0.0039080362766981125,0.012337766383592373,1.961063027381897,29.628681182861328,1.0
ISMN_NGARI_ALI02,60,done,False,1,39.535003662109375,1186.050048828125,10.65975570678711,0.001953125,0.02783028781414032,0.018106072744752445,3.0350122451782227,42.48115921020508,1.0
ISMN_NGARI_ALI03,60,done,False,43155,20.524051666259766,615.7215576171875,11.839962005615234,0.1484375,0.00443967804312706,0.022111841051113603,2.9898242950439453,44.59979248046875,1.0
ISMN_SNOTEL_GalenaAK,284,done,False,1,1.8669666051864624,56.00899887084961,7.90747594833374,24.69054412841797,0.02060740254819393,0.0003204614645088928,1.573939561843872,15.316888809204102,1.0
ISMN_SNOTEL_Aniak,286,done,False,3,53.82749557495117,1614.8248291015625,12.820489883422852,4.38690185546875e-05,0.004367717541754246,0.00801153661272232,2.4428935050964355,2.2658021450042725,1.0
ISMN_SNOTEL_McGrath,285,done,False,1,1.088171124458313,32.64513397216797,7.850973606109619,2.3421249389648438,0.012710440903902054,0.013459381509373498,2.3583452701568604,2.9909281730651855,1.0
ISMN_SNOTEL_KellyStation,287,done,False,6,7.4036736488342285,222.11021423339844,8.25558090209961,4.14447021484375,0.057641323655843735,0.006088767825668963,2.0739970207214355,11.316649436950684,1.0
ISMN_COSMOS-UK_Redhill,321,done,False,1,5.256187438964844,157.6856231689453,7.889096260070801,49.83338165283203,0.05903320387005806,0.0,1.4645041227340698,17.458967208862305,1.0
ISMN_SNOTEL_MooreCreekBridge,288,done,False,1,949.8701171875,28496.103515625,12.107369422912598,0.0,0.15598371624946594,0.0,1.6518211364746094,164.68826293945312,1.0
ISMN_COSMOS-UK_Writtle,322,done,False,8,9.211709022521973,276.35125732421875,9.092002868652344,5.0734100341796875,0.031096739694476128,0.001602307322544464,1.7607512474060059,4.347805023193359,1.0
AmeriFlux_CA-DB2,46,done,False,1,1.5677307844161987,47.031925201416016,9.936040878295898,0.1119074821472168,0.0022762722801417112,0.03156545425412594,1.7022305727005005,0.8970949649810791,1.0
AmeriFlux_CA-DBB,46,done,False,11,22.296987533569336,668.9096069335938,13.156274795532227,0.030686378479003906,0.0012932115932926536,0.028841531805800354,1.7033915519714355,0.8130548596382141,1.0
AmeriFlux_CA-DSM,46,done,False,1,1.2911298274993896,38.73389434814453,9.278820037841797,0.9821056723594666,0.0036170047242194414,0.3978529081877904,3.5552895069122314,3.5366997718811035,1.0
ISMN_COSMOS-UK_AliceHolt,325,done,False,2,2.3160805702209473,69.48241424560547,7.057224750518799,8.394996643066406,0.05976454168558121,0.000801153661272232,1.9861948490142822,7.89182186126709,1.0
AmeriFlux_CA-Mer,266,done,False,1,1.0,30.0,9.078548431396484,0.6068801879882812,0.00342260068282485,0.01650376542220798,1.8982869386672974,3.134752035140991,1.0
ISMN_SCAN_MorrisFarms,236,done,False,1,125.52437591552734,3765.731201171875,12.916205406188965,0.0,0.009255507960915565,0.002723922448325589,1.9291813373565674,5.723658561706543,1.0
ISMN_SCAN_Starkville,238,done,False,1,2.467221736907959,74.01665496826172,9.331134796142578,0.5279159545898438,0.006559381261467934,0.01025476686428457,2.355576753616333,5.63322639465332,1.0
ISMN_SNOTEL_TelaquanaLake,283,done,False,3,65.2947006225586,1958.841064453125,9.492364883422852,17.91314697265625,0.14668545126914978,0.24194840570421408,3.1438536643981934,88.02051544189453,1.0
ISMN_SCAN_Princeton#1,240,done,False,1,1.3364434242248535,40.09330368041992,8.058422088623047,11.385086059570312,0.012685870751738548,0.0004806921967633392,1.566123604774475,7.382360458374023,1.0
ISMN_USCRN_Versailles-3-NNW,241,done,False,1,1.0595790147781372,31.787370681762695,6.929530620574951,10.840118408203125,0.031092645600438118,0.0004806921967633392,1.5632866621017456,5.150491714477539,1.0
ISMN_SCAN_CentraliaLake,242,done,False,1,1.0,30.0,8.640215873718262,19.136688232421875,0.005305411294102669,0.11232174331036693,2.692230463027954,5.883788108825684,1.0
ISMN_SCAN_PowellGardens,244,done,False,418,322.64788818359375,9679.4365234375,12.365257263183594,0.0,0.04125158488750458,0.0011216151257811247,1.6275362968444824,5.018391132354736,1.0
AmeriFlux_US-KLS,243,done,False,11,6.213496208190918,186.40489196777344,7.843716144561768,2.42938232421875,0.07297980040311813,0.014420765902900177,2.079219341278076,5.270205974578857,1.0
ISMN_SCAN_Mason#1,239,done,False,318,338.5489501953125,10156.46875,14.822566986083984,0.0,0.0037100682966411114,0.011376381990065694,2.1562652587890625,2.9171557426452637,1.0
ISMN_SCAN_ShagbarkHills,245,done,False,5,15.322897911071777,459.68695068359375,9.204195022583008,12.478240966796875,0.046219125390052795,0.0006409229290177856,1.9079270362854004,7.102992057800293,1.0
ISMN_SCAN_Spickard,246,done,False,5,2.063709020614624,61.91127014160156,7.185222625732422,6.758514404296875,0.04687583073973656,0.0020829995193078032,1.7800313234329224,6.03185510635376,1.0
ISMN_SCAN_ErosDataCenter,247,done,False,1,1.1329100131988525,33.987300872802734,7.502326965332031,21.90240478515625,0.018751952797174454,0.0012818458580355712,1.649784803390503,4.513145923614502,1.0
ISMN_SCAN_Phillipsburg,249,done,False,3,4.038145065307617,121.14434814453125,8.006476402282715,9.1912841796875,0.0403551384806633,0.0009613843935266784,1.2484298944473267,4.767553329467773,1.0
ISMN_SCAN_Ames,248,done,False,4,4.434096813201904,133.0229034423828,9.776290893554688,0.910369873046875,0.007553163915872574,0.0038455375741067136,1.6480937004089355,2.0400500297546387,1.0
ISMN_COSMOS-UK_MoretonMorrell,324,done,False,3,62.78509521484375,1883.5528564453125,11.709156036376953,0.4882926940917969,0.01547823566943407,0.001602307322544464,2.0367825031280518,8.427489280700684,1.0
ISMN_USCRN_Austin-33-NW,251,done,False,1,2.6005077362060547,78.01522827148438,7.97075080871582,64.14093017578125,0.026941459625959396,0.0,1.5235772132873535,18.014081954956055,1.0
ISMN_SNOTEL_McneilRiverSGS,282,done,False,1,1.911237120628357,57.33711242675781,7.107658386230469,0.8137893676757812,0.0469137541949749,0.062169524114725205,1.9661873579025269,22.51530647277832,1.0
ISMN_SCAN_Uvalde,252,done,False,1,9.594257354736328,287.8277282714844,10.304489135742188,1.75994873046875,0.009636877104640007,0.0057683063611600706,1.784295916557312,1.717071771621704,1.0
ISMN_SCAN_Stephenville,253,done,False,27,8.10633659362793,243.19009399414062,9.213749885559082,0.35699462890625,0.024231502786278725,0.005287614164396731,2.1469223499298096,2.864860773086548,1.0
AmeriFlux_US-xCL,254,done,False,1,2.7161290645599365,81.48387145996094,7.047062397003174,9.172271728515625,0.07076939195394516,0.0035250761095978207,1.868377923965454,5.1024651527404785,1.0
ISMN_SCAN_SanAngelo,255,done,False,1,1.4306182861328125,42.918548583984375,7.7259931564331055,18.3350830078125,0.01893376186490059,0.006409229290177856,1.1848256587982178,11.455680847167969,1.0
ISMN_SCAN_Vernon,258,done,False,2,6.022798538208008,180.6839599609375,8.535013198852539,1.951202392578125,0.035483621060848236,0.003204614645088928,1.928053855895996,2.0900237560272217,1.0
ISMN_SCAN_KnoxCity,257,done,False,1,1.4893262386322021,44.679786682128906,9.223899841308594,4.20513916015625,0.0044077737256884575,0.032206377183143724,2.1454315185546875,2.584656000137329,1.0
ISMN_USCRN_Bronte-11-NNE,256,done,False,1,4.371922969818115,131.15768432617188,9.108182907104492,9.78302001953125,0.014525458216667175,0.0014420765902900176,1.1784337759017944,4.950774192810059,1.0
ISMN_SCAN_JohnsonFarm,259,done,False,1,5.142305374145508,154.2691650390625,9.428474426269531,0.59906005859375,0.012402882799506187,0.01650376542220798,1.8663718700408936,1.1409292221069336,1.0
ISMN_USCRN_Monahans-6-ENE,260,done,False,1,1.0681573152542114,32.04471969604492,7.898219108581543,46.676513671875,0.011900987476110458,0.0030443839128344815,1.1141471862792969,15.515115737915039,1.0
ISMN_SCAN_GlacialRidge,261,done,False,1,1.09053373336792,32.71601104736328,8.201831817626953,2.94036865234375,0.008968883194029331,0.015542381028681301,1.5896883010864258,1.3747004270553589,1.0
ISMN_SCAN_Bushland#1,250,done,False,28,19.594778060913086,587.8433227539062,11.569164276123047,0.489990234375,0.005556905642151833,0.021470918122095818,1.739673137664795,1.4786638021469116,1.0
ISMN_USCRN_Panther-Junction-2-N,263,done,False,14,177.96868896484375,5339.060546875,12.201813697814941,0.0,0.026802821084856987,0.0,2.3933610916137695,24.664152145385742,1.0
ISMN_USCRN_Yuma-27-ENE,264,done,False,1,3.9466259479522705,118.3987808227539,9.20984935760498,0.959014892578125,0.011845134198665619,0.0009613843935266784,2.406442642211914,1.897019624710083,1.0
ICOS_CZ-KrP,313,done,False,1,1.73829984664917,52.14899444580078,6.927611351013184,41.8699951171875,0.05107926204800606,0.0001602307322544464,1.438651204109192,17.426464080810547,1.0
ICOS_SE-Htm,312,done,False,9,4.962106704711914,148.8632049560547,7.399255275726318,11.878082275390625,0.0908103957772255,0.004646691235378946,1.7371280193328857,7.050333023071289,1.0
ICOS_CZ-wet,314,done,False,6,6.5264811515808105,195.79443359375,9.6630277633667,0.129302978515625,0.01245025359094143,0.07530844415958982,2.8138744831085205,5.910834312438965,1.0
ISMN_SNOTEL_PortGraham,281,done,False,1,1.0078628063201904,30.235883712768555,7.8277668952941895,72.82317352294922,0.012048852629959583,0.29402339368690916,3.9398207664489746,33.435611724853516,1.0
ISMN_RSMN_Dumbraveni,310,done,False,1,4.024313926696777,120.72941589355469,8.816939353942871,0.814422607421875,0.01789034903049469,0.012177535651337926,2.583566188812256,26.042909622192383,1.0
ISMN_RSMN_Bacles,308,done,False,1,1.4236911535263062,42.71073532104492,8.411623001098633,45.957794189453125,0.009492975659668446,0.0035250761095978207,1.3690223693847656,18.885986328125,1.0
ICOS_DK-Sor,311,done,False,1,1.0102616548538208,30.307849884033203,6.384812355041504,15.074214935302734,0.051084402948617935,0.0011216151257811247,2.5065395832061768,4.773608684539795,1.0
AmeriFlux_CA-TP1,44,done,False,3,5.352553367614746,160.57659912109375,8.296483039855957,19.537109375,0.04002520069479942,0.0012818458580355712,2.3371317386627197,8.154698371887207,1.0
AmeriFlux_CA-TP3,44,done,False,1,1.2109111547470093,36.327335357666016,8.001598358154297,1.1296539306640625,0.012166405096650124,0.000801153661272232,1.5669552087783813,6.0303168296813965,1.0
AmeriFlux_CA-TPD,44,done,False,1,1.040411353111267,31.21234130859375,7.206201076507568,12.815750122070312,0.023154497146606445,0.000801153661272232,1.5568381547927856,7.844204425811768,1.0
ISMN_RSMN_Slatina,307,done,False,1,1.3245911598205566,39.737735748291016,7.811339855194092,57.47093963623047,0.01609695702791214,0.0035250761095978207,1.9211901426315308,16.152238845825195,1.0
ISMN_RSMN_Darabani,306,done,False,1,1.3025230169296265,39.07569122314453,5.986063003540039,48.76573181152344,0.09790433198213577,0.0001602307322544464,1.1713788509368896,27.58503532409668,1.0
ISMN_RSMN_Iasi,305,done,False,1,1.0662696361541748,31.988088607788086,6.655536651611328,26.293781280517578,0.04114152491092682,0.00624899855792341,1.7446528673171997,13.139994621276855,1.0
ISMN_RSMN_Cotnari,304,done,False,1,1.1179349422454834,33.538047790527344,6.424343585968018,27.644622802734375,0.05433168634772301,0.0,1.3833303451538086,34.90446472167969,1.0
ISMN_RSMN_SatuMare,303,done,False,2,4.6909379959106445,140.72813415527344,10.059701919555664,1.8266220092773438,0.006018696818500757,0.03252683864765262,1.8025600910186768,0.4512087404727936,1.0
ISMN_RSMN_Oradea,302,done,False,1,1.8230655193328857,54.69196701049805,9.649542808532715,2.2610931396484375,0.0035251581575721502,0.009293382470757892,1.8665690422058105,2.220703125,1.0
ISMN_RSMN_Calarasi,309,done,False,1,1.5777312517166138,47.33193588256836,7.017160415649414,1.8022480010986328,0.04240135848522186,0.021631148854350263,1.7929383516311646,0.9333221316337585,1.0
ISMN_SCAN_Geneva#1,262,done,False,5,11.935640335083008,358.0692138671875,8.381101608276367,7.95855712890625,0.08187080919742584,0.0004806921967633392,1.9532749652862549,5.5445332527160645,1.0
ISMN_COSMOS-UK_LullingtonHeath,323,done,False,1,2.019836187362671,60.59508514404297,6.599399089813232,21.160980224609375,0.08229488879442215,0.0001602307322544464,1.2550283670425415,22.429256439208984,1.0
ISMN_USCRN_Newton-5-ENE,237,done,False,1,1.8256367444992065,54.76910400390625,8.012053489685059,3.3284912109375,0.018150871619582176,0.0019227687870533568,1.9654065370559692,6.362438678741455,1.0
ISMN_RSMN_Banloc,300,done,False,1,1.1403026580810547,34.20907974243164,8.595514297485352,1.2397689819335938,0.006326318718492985,0.021951610318859158,1.7520561218261719,1.1534059047698975,1.0
ICOS_ES-Abr,299,done,False,14,14.28554916381836,428.56646728515625,10.922691345214844,1.550933837890625,0.00773294223472476,0.002403460983816696,1.5261985063552856,7.233482360839844,1.0
ISMN_USCRN_McClellanville-7-NE,39,done,False,256,265.59466552734375,7967.83984375,11.294899940490723,0.0,0.09876719117164612,0.12754366287453933,3.955017328262329,7.009369373321533,1.0
AmeriFlux_US-HB1,39,done,False,1,11868.6240234375,356058.71875,19.65185546875,0.0,0.0010395110584795475,0.05608075628905624,3.0014843940734863,4.278858661651611,1.0
AmeriFlux_US-HB3,39,done,False,1,1.7906080484390259,53.71824264526367,7.20465612411499,4.835860252380371,0.039897799491882324,0.007530844415958981,2.0741777420043945,5.613132953643799,1.0
AmeriFlux_US-HB4,39,done,False,1,1.0224965810775757,30.674898147583008,10.331199645996094,5.589425563812256e-05,0.0,0.11200128184585803,2.6141278743743896,2.1639058589935303,1.0
ICOS_ES-Cnd,298,done,False,2,1.8936827182769775,56.810482025146484,9.093313217163086,9.9656982421875,0.006386261433362961,0.004806921967633392,2.4803247451782227,21.63043212890625,1.0
ICOS_FI-Ken,295,done,False,2,2.7671384811401367,83.01415252685547,9.026272773742676,49.900543212890625,0.009978773072361946,0.0,1.3571689128875732,21.012624740600586,1.0
ICOS_FI-Var,294,done,False,1,1.6824058294296265,50.47217559814453,7.497314929962158,72.37728881835938,0.02798311784863472,0.0001602307322544464,1.1957800388336182,22.265586853027344,1.0
ISMN_ROMPS_Maidanak,293,done,False,1,1.2636895179748535,37.91068649291992,6.196218967437744,77.070068359375,0.07707557082176208,0.0,1.1969724893569946,84.1414566040039,1.0
ISMN_ROMPS_Maydantal,292,done,False,1,3.3505640029907227,100.51692199707031,6.817577838897705,2.4580078125,0.10956205427646637,0.0,2.269134283065796,133.6829071044922,1.0
ISMN_ROMPS_AbramovGlacier,291,done,False,2,2.1625137329101562,64.87541198730469,4.30240535736084,212.37158203125,0.7206119894981384,0.0,1.8124204874038696,120.09759521484375,1.0
ISMN_ROMPS_Kokomeren,290,done,False,3,135.68873596191406,4070.662109375,10.77752685546875,0.0,0.08472347259521484,0.0001602307322544464,2.6560261249542236,59.75726318359375,1.0
ISMN_LAB-net_OromoCalibrationSite,352,done,False,17,18.914531707763672,567.4359741210938,13.100760459899902,2.4180145263671875,0.001159654464572668,0.0022432302515622495,1.6060794591903687,4.257283687591553,1.0
ISMN_RSMN_SannicolauMare,301,done,False,2,3.780179977416992,113.4053955078125,9.9246244430542,0.6547393798828125,0.005551618989557028,0.023393686909149176,1.6744563579559326,0.861868143081665,1.0
ISMN_COSMOS-UK_HolmeLacy,326,done,False,1,1.3581547737121582,40.74464416503906,8.99154281616211,6.987159729003906,0.005070951767265797,0.007210382951450088,1.8985412120819092,7.7179741859436035,1.0
ISMN_COSMOS-UK_CwmGarw,328,done,False,55,28.598636627197266,857.9591064453125,9.012913703918457,48.562530517578125,0.1041439026594162,0.0001602307322544464,1.506870985031128,67.9395980834961,1.0
ISMN_COSMOS-UK_BickleyHall,327,done,False,5,5.989101409912109,179.67303466796875,8.14171028137207,1.1075210571289062,0.05226217210292816,0.00801153661272232,2.044484853744507,4.639803886413574,1.0
ICOS_GF-Guy,289,done,False,1,1.042546272277832,31.27638816833496,7.721364974975586,22.799978256225586,0.013862533494830132,0.0001602307322544464,1.7050763368606567,7.510242938995361,1.0
ICOS_BE-Lon,329,done,False,3,6.475757598876953,194.27273559570312,9.487934112548828,6.235137939453125,0.014717133715748787,0.001602307322544464,1.4169368743896484,5.866420745849609,1.0
ICOS_DE-Geb,318,done,False,5,3.071155548095703,92.1346664428711,9.806675910949707,1.941986083984375,0.005074975546449423,0.009453613203012337,1.6270204782485962,1.790873408317566,1.0
ICOS_FR-EM2,331,done,False,3,4.545100688934326,136.35302734375,9.084888458251953,1.3695297241210938,0.01545657403767109,0.007370613683704535,1.4866409301757812,5.553075790405273,1.0
ICOS_BE-Bra,330,done,False,1,1.0309423208236694,30.92827033996582,8.097113609313965,18.914894104003906,0.009414802305400372,0.002403460983816696,1.8443560600280762,6.612888813018799,1.0
ICOS_FR-Gri,332,done,False,2,4.962086200714111,148.86257934570312,8.794807434082031,38.79020690917969,0.02255150116980076,0.000801153661272232,2.1697003841400146,12.529487609863281,1.0
ICOS_IT-MBo,333,done,False,1,5.385677814483643,161.57032775878906,8.53968620300293,21.4359130859375,0.031584832817316055,0.0,1.6499961614608765,101.22118377685547,1.0
ICOS_CH-Oe2,335,done,False,1,2.4508204460144043,73.52461242675781,9.026965141296387,1.564300537109375,0.00883202813565731,0.010895689793302356,2.531527519226074,26.35664176940918,1.0
ICOS_CH-Dav,338,done,False,1,3.391547441482544,101.74642181396484,7.728311061859131,89.7625732421875,0.04475754499435425,0.06777759974363083,3.0561962127685547,124.48259735107422,1.0
ICOS_IT-BFt,334,done,False,1,1.0383726358413696,31.15117835998535,7.279739856719971,8.5487060546875,0.02147122658789158,0.03380868450568819,2.237064838409424,6.5573272705078125,1.0
ICOS_DE-Har,336,done,False,1,1.0,30.0,8.004389762878418,7.316131591796875,0.010019457899034023,0.012177535651337926,2.0410563945770264,3.7501890659332275,1.0
ICOS_CZ-BK1,315,done,False,3,4.5784125328063965,137.3523712158203,6.377596855163574,98.15008544921875,0.2292851209640503,0.0,1.3293349742889404,44.87034225463867,1.0
ICOS_FR-Hes,337,done,False,3,2.6557581424713135,79.67274475097656,7.314874649047852,22.1685791015625,0.05297774076461792,0.0,1.5112059116363525,9.911431312561035,1.0
ISMN_SMOSMANIA_Urgons,340,done,False,1,1.5570008754730225,46.710025787353516,7.9416937828063965,8.43438720703125,0.01660872809588909,0.002723922448325589,2.028750419616699,18.06492805480957,1.0
ISMN_SMOSMANIA_CabrieresdAvignon,341,done,False,2,21.796018600463867,653.8805541992188,9.662280082702637,3.120941162109375,0.04158845916390419,0.0001602307322544464,2.387237787246704,7.763269901275635,1.0
ICOS_ES-Agu,297,done,False,2,2.1356983184814453,64.07095336914062,7.468939304351807,18.201614379882812,0.03653832897543907,0.0,1.8389983177185059,14.934578895568848,1.0
ICOS_FR-CLt,343,done,False,1,1.9237968921661377,57.713905334472656,6.443369388580322,160.015380859375,0.09156817942857742,0.0,1.8931652307510376,83.8642349243164,1.0
ISMN_COSMOS-UK_Balruddery,320,done,False,11,28.312726974487305,849.3818359375,9.394598960876465,62.498565673828125,0.07052769511938095,0.0,2.1697962284088135,20.488052368164062,1.0
ICOS_FR-Mej,346,done,False,4,24.267377853393555,728.0213623046875,10.274496078491211,2.1938400268554688,0.025112837553024292,0.0011216151257811247,1.8491182327270508,6.000540733337402,1.0
ISMN_COSMOS-UK_Fivemiletown,345,done,False,2,4.69551420211792,140.8654327392578,7.18398380279541,48.514915466308594,0.10646205395460129,0.0,1.8564430475234985,16.22560691833496,1.0
ICOS_RU-Fyo,348,done,False,1,1.063561201095581,31.906835556030273,6.543116092681885,4.34832763671875,0.04591336473822594,0.0001602307322544464,1.3145228624343872,5.706820487976074,1.0
ICOS_IL-Yat,349,done,False,1,1.3913241624832153,41.739723205566406,6.154506206512451,26.54864501953125,0.08841942995786667,0.0,1.2983343601226807,12.213025093078613,1.0
ISMN_COSMOS_KLEE,350,done,False,2,4.25299596786499,127.58988189697266,10.772789001464844,2.9298095703125,0.002674560993909836,0.0265983015542381,1.207228183746338,30.717313766479492,1.0
ISMN_SD_DEM_Demokeya,351,done,False,16,9.764554977416992,292.9366455078125,9.302689552307129,9.248291015625,0.026703229174017906,0.00849222880948566,1.224875807762146,4.273221015930176,1.0
ICOS_CZ-RAJ,317,done,False,1,2.1473093032836914,64.41928100585938,6.834962844848633,71.0147705078125,0.06917288154363632,0.0,1.3516006469726562,24.465316772460938,1.0
ICOS_CZ-Lnz,316,done,False,1,1.1596101522445679,34.78830337524414,7.585427284240723,10.716705322265625,0.017663588747382164,0.0011216151257811247,1.718757152557373,7.254157066345215,1.0
ISMN_SCAN_Combate,70,done,False,16,16.369691848754883,491.09075927734375,9.834927558898926,0.22766494750976562,0.026290982961654663,0.0006409229290177856,1.6856558322906494,8.37308120727539,1.0
ISMN_SCAN_MaricaoForest,70,done,False,45,14.88723373413086,446.61700439453125,7.075138092041016,153.18661499023438,0.3612079322338104,0.0,1.3295232057571411,59.23408889770508,1.0
ICOS_IT-Lsn,339,done,False,1,1.0958037376403809,32.87411117553711,9.393324851989746,0.8891178369522095,0.002737687435001135,0.02627784008972921,2.26790189743042,1.653839349746704,1.0
ISMN_USCRN_Stovepipe-Wells-1-SW,149,done,False,1,199.19659423828125,5975.89794921875,11.499481201171875,0.0,0.06049390137195587,0.0033648453773433744,1.5283104181289673,10.09496021270752,1.0
ISMN_SNOTEL_CrowCreek,150,done,False,3,89.02317810058594,2670.6953125,9.909242630004883,2.810302734375,0.1319965124130249,0.0,1.5371310710906982,40.371337890625,1.0
ISMN_SNOTEL_Hopewell,152,done,False,6,27.56641960144043,826.9926147460938,8.922929763793945,33.1630859375,0.10979244858026505,0.0001602307322544464,1.4637466669082642,25.03391456604004,1.0
ISMN_SNOTEL_ParkReservoir,151,done,False,2,3.126600980758667,93.79802703857422,5.994398593902588,28.9345703125,0.22968211770057678,0.03076430059285371,2.1766273975372314,22.40682029724121,1.0
ICOS_FR-FBn,342,done,False,1,3.5891494750976562,107.67448425292969,8.339319229125977,31.521392822265625,0.025721516460180283,0.0,1.4596501588821411,30.68882179260254,1.0
ISMN_SCAN_GreenRiver,153,done,False,1,3.9359242916107178,118.07772827148438,10.177891731262207,9.8895263671875,0.004487068857997656,0.005287614164396731,1.990834355354309,3.359487771987915,1.0
ISMN_SNOTEL_EastWillowCreek,154,done,False,342,250.75985717773438,7522.7958984375,10.857110023498535,0.0,0.14394031465053558,0.0,1.1470091342926025,49.74504089355469,1.0
ISMN_SNOTEL_VernonCreek,155,done,False,48,140.68658447265625,4220.59765625,9.960697174072266,0.0,0.1967182755470276,0.0,1.6576200723648071,46.401611328125,1.0
ISMN_SCAN_TuleValley,157,done,False,1,121.50125122070312,3645.03759765625,11.510817527770996,0.0,0.036511071026325226,0.0,1.526797890663147,5.372479438781738,1.0
ISMN_SCAN_HalsCanyon,156,done,False,1,1.0655407905578613,31.966224670410156,7.636127948760986,0.0172119140625,0.015428675338625908,0.0,1.851599097251892,0.01711863838136196,1.0
ISMN_SNOTEL_VacarroSprings,159,done,False,3,35.744529724121094,1072.3359375,8.697176933288574,12.930908203125,0.17726066708564758,0.0,1.5620750188827515,68.72723388671875,1.0
ISMN_SNOTEL_LongValley,158,done,False,1,1.5838712453842163,47.516136169433594,6.871119022369385,6.9423828125,0.04924936592578888,0.010895689793302356,2.082606792449951,2.925206422805786,1.0
ISMN_SCAN_LovelockNNR,160,done,False,1,1.06535005569458,31.96050262451172,9.216300010681152,0.3157958984375,0.0031770479399710894,0.07514821342733537,1.6990258693695068,0.506061315536499,1.0
ISMN_SNOTEL_DisasterPeak,163,done,False,16,424.99945068359375,12749.9833984375,12.131587028503418,0.0,0.06857200711965561,0.0,1.737385630607605,91.15618133544922,1.0
ISMN_SNOTEL_Golconda,164,done,False,9,80.3602523803711,2410.8076171875,9.267324447631836,8.258544921875,0.22390854358673096,0.0,1.7251285314559937,59.05189514160156,1.0
ISMN_SNOTEL_LewisPeak,165,done,False,11,86.64519500732422,2599.35595703125,9.478083610534668,6.839599609375,0.19631625711917877,0.0,1.5122790336608887,70.5504379272461,1.0
ISMN_SNOTEL_Sheldon,161,done,False,1,4.4415459632873535,133.2463836669922,7.887228012084961,7.2880859375,0.049993522465229034,0.0017625380547989103,2.264317512512207,14.392024993896484,1.0
ISMN_SNOTEL_Silvies,166,done,False,4,55.559722900390625,1666.791748046875,10.531734466552734,1.8740234375,0.04443461075425148,0.0,1.3139002323150635,23.733232498168945,1.0
ISMN_SCAN_Buckhorn,167,done,False,2,5.142883777618408,154.28651428222656,8.547588348388672,4.25439453125,0.029924560338258743,0.0003204614645088928,1.5801012516021729,5.541814804077148,1.0
ISMN_CW3E_FeatherRiverCollege,168,done,False,1,1.0668792724609375,32.006378173828125,6.4521284103393555,5.6513671875,0.05043641850352287,0.0014420765902900176,2.770136833190918,40.221466064453125,1.0
ISMN_SCAN_DeepSprings,169,done,False,455,409.2126159667969,12276.37890625,12.28018569946289,0.0,0.05693560838699341,0.0,2.847107410430908,50.550804138183594,1.0
ISMN_USCRN_Yosemite-Village-12-W,170,done,False,1,1.7153130769729614,51.45939254760742,5.659562110900879,138.407958984375,0.17740195989608765,0.0,1.1998929977416992,58.68769454956055,1.0
ISMN_SCAN_Torrington#1,172,done,False,1,1.2122770547866821,36.36831283569336,6.194301605224609,4.0682373046875,0.07409288734197617,0.0006409229290177856,2.0313868522644043,5.9625244140625,1.0
ISMN_SNOTEL_NavajoWhiskeyCk,173,done,False,1,3.6707603931427,110.12281036376953,8.252354621887207,18.1328125,0.02869497425854206,0.0,1.390506625175476,15.629562377929688,1.0
ISMN_SCAN_FrenchGulch,174,done,False,1,1.409136176109314,42.274085998535156,4.981926918029785,287.730712890625,0.28228995203971863,0.0,1.1766196489334106,85.6937026977539,1.0
ISMN_SNOTEL_RockSprings,175,done,False,3,5.887732982635498,176.63198852539062,7.195822238922119,35.1561279296875,0.13165700435638428,0.0,1.5009735822677612,42.28276824951172,1.0
AmeriFlux_US-xSJ,171,done,False,1,2.0578954219818115,61.73686218261719,6.395274639129639,16.43035888671875,0.1027025654911995,0.0006409229290177856,1.5957409143447876,17.077640533447266,1.0
ISMN_USCRN_John-Day-35-WNW,176,done,False,4,211.93106079101562,6357.931640625,11.288127899169922,0.0,0.0794382244348526,0.0,2.3269705772399902,42.76679992675781,1.0
ICOS_CZ-Stn,120,done,False,2,2.345791816711426,70.3737564086914,5.874128818511963,30.4603271484375,0.19531549513339996,0.0,1.3179733753204346,31.51953125,1.0
ICOS_RU-Fy2,120,done,False,2,2.345791816711426,70.3737564086914,5.874128818511963,30.4603271484375,0.19531549513339996,0.0,1.3179733753204346,31.51953125,1.0
ISMN_SNOTEL_SummitLk,162,done,False,19,23.184175491333008,695.5252685546875,8.710923194885254,78.766845703125,0.11410804837942123,0.0,1.3750368356704712,80.29296875,1.0
ICOS_SE-Nor,296,done,False,1,1.4334379434585571,43.00313949584961,5.168799877166748,28.645732879638672,0.240029439330101,0.0009613843935266784,1.6457082033157349,6.300417900085449,1.0
ICOS_DE-HoH,319,done,False,1,2.7735061645507812,83.20518493652344,7.83649206161499,4.1707763671875,0.03285858407616615,0.0004806921967633392,1.4941877126693726,9.607114791870117,1.0
ISMN_SCAN_LyeBrook,124,done,False,6,2.946415901184082,88.3924789428711,6.241090297698975,16.6689453125,0.17049337923526764,0.0,1.731492519378662,18.266603469848633,1.0
AmeriFlux_CA-Cbo,128,done,False,1,2.2733676433563232,68.2010269165039,6.763145446777344,9.1253662109375,0.07864974439144135,0.0012818458580355712,1.9398423433303833,8.218969345092773,1.0
ISMN_SCAN_UWPlatteville,129,done,False,1,1.0388004779815674,31.16401481628418,7.959308624267578,17.794769287109375,0.010888106189668179,0.0001602307322544464,1.44621741771698,5.26263952255249,1.0
ISMN_SNOTEL_MosesMtn,148,done,False,1,2.9285964965820312,87.85789489746094,7.586254596710205,250.119140625,0.04454765096306801,0.0,1.22414231300354,132.57894897460938,1.0
ISMN_SCAN_Wabeno#1,131,done,False,18,51.78463363647461,1553.5390625,9.554412841796875,2.953399658203125,0.10968486219644547,0.0,1.731062412261963,12.745597839355469,1.0
AmeriFlux_US-xHA,125,done,False,1,3.0116190910339355,90.34857177734375,7.54829740524292,31.41668701171875,0.0475783534348011,0.0,1.3719388246536255,13.794100761413574,1.0
ISMN_USCRN_Fallbrook-5-NE,134,done,False,1,1.1054662466049194,33.16398620605469,4.903575897216797,135.61654663085938,0.24128293991088867,0.0,2.0751538276672363,48.68828201293945,1.0
ISMN_USCRN_Chatham-1-SE,132,done,False,3,3.571460485458374,107.14381408691406,8.271881103515625,0.499176025390625,0.027379555627703667,0.0012818458580355712,1.8393535614013672,5.248127460479736,1.0
ISMN_USCRN_Durham-2-N,126,done,False,1,1.6469943523406982,49.40983200073242,7.06322717666626,3.4610633850097656,0.04227017983794212,0.0001602307322544464,1.7034473419189453,10.697896003723145,1.0
ISMN_USCRN_Asheville-13-S,135,done,False,4,1.8562312126159668,55.68693542480469,6.255990028381348,3.27142333984375,0.10645511746406555,0.0006409229290177856,2.567441940307617,9.896055221557617,1.0
ISMN_SCAN_Jordan,137,done,False,9,5.91472053527832,177.44161987304688,8.868481636047363,1.08514404296875,0.024970799684524536,0.0004806921967633392,1.319341778755188,6.483078956604004,1.0
AmeriFlux_US-DFC,130,done,False,1,1.1494977474212646,34.48493194580078,6.983730792999268,11.198287963867188,0.031951095908880234,0.05255568017945842,2.264268398284912,6.051851272583008,1.0
ISMN_SCAN_Sidney,138,done,False,3,2.649029016494751,79.47087097167969,9.929464340209961,13.04559326171875,0.003871631808578968,0.005928537093414517,1.284995675086975,5.193153381347656,1.0
ISMN_SCAN_Stubblefield,140,done,False,9,74.58662414550781,2237.5986328125,9.784579277038574,9.98516845703125,0.12534597516059875,0.0,1.8399549722671509,26.073474884033203,1.0
ISMN_SNOTEL_Chalender,139,done,False,5,37.62133026123047,1128.639892578125,9.322491645812988,28.449951171875,0.10054992884397507,0.004806921967633392,2.1196346282958984,28.831035614013672,1.0
ISMN_SCAN_AdamsRanch#1,142,done,False,12,9.31374740600586,279.41241455078125,9.19839859008789,10.500732421875,0.02826937846839428,0.001602307322544464,2.05086612701416,5.835352420806885,1.0
ISMN_SNOTEL_HollandMeadows,143,done,False,1,1.4572900533676147,43.71870040893555,6.311337947845459,79.6346435546875,0.07920969277620316,0.0,1.1746071577072144,61.87529373168945,1.0
ISMN_USCRN_Corvallis-10-SSW,144,done,False,7,14.520224571228027,435.60675048828125,9.5444974899292,12.961479187011719,0.031176775693893433,0.021951610318859158,2.6287598609924316,11.809715270996094,1.0
AmeriFlux_US-xWD,136,done,False,4,4.038319110870361,121.14957427978516,8.719070434570312,22.31768798828125,0.019797977060079575,0.05223521871494953,1.242397427558899,7.269195556640625,1.0
ISMN_SNOTEL_RainyPass,146,done,False,1,5.177672863006592,155.33018493652344,6.860881805419922,22.466064453125,0.1613689810037613,0.0,1.6059578657150269,128.3697509765625,1.0
ISMN_SNOTEL_GoldAxeCamp,147,done,False,3,2.726104736328125,81.78314208984375,5.863787651062012,119.805908203125,0.22825370728969574,0.0,1.1217118501663208,82.3331298828125,1.0
ICOS_IT-BCi,347,done,False,4,1.9718308448791504,59.15492630004883,8.07317066192627,6.462038040161133,0.018442006781697273,0.0057683063611600706,2.130880355834961,2.4410643577575684,1.0
ISMN_CW3E_YucaipaValley,133,done,False,26,10.334881782531738,310.04644775390625,7.594786167144775,3.35650634765625,0.15472762286663055,0.0001602307322544464,2.5823943614959717,13.49193000793457,1.0
ISMN_USCRN_Bedford-5-WNW,208,done,False,1,1.0,30.0,7.2682576179504395,35.42332458496094,0.02091672457754612,0.0001602307322544464,1.8565903902053833,13.149950981140137,1.0
AmeriFlux_US-MMS,209,done,False,1,1.4462332725524902,43.38699722290039,6.496189117431641,35.386627197265625,0.06538543105125427,0.0,1.4028862714767456,12.045942306518555,1.0
ISMN_SCAN_LittleRiver,211,done,False,2,2.1698906421661377,65.09671783447266,7.551793575286865,5.119972229003906,0.03417336195707321,0.0003204614645088928,1.9308933019638062,4.572964668273926,1.0
ISMN_SCAN_RiverRoadFarms,210,done,False,181,24.966283798217773,748.988525390625,10.190281867980957,2.6702880859375e-05,0.028104612603783607,0.000801153661272232,2.1659886837005615,4.781269073486328,1.0
ISMN_SNOTEL_BrownTop,145,done,False,1,1.2250611782073975,36.751834869384766,5.254741668701172,597.92578125,0.1896371692419052,0.0,1.1085580587387085,237.3487548828125,1.0
ISMN_SCAN_Wakulla#1,212,done,False,2,2.5612666606903076,76.83799743652344,7.883405685424805,4.60297966003418,0.028955761343240738,0.0009613843935266784,1.6749120950698853,3.281442880630493,1.0
ISMN_SCAN_KoptisFarms,213,done,False,1,18.624767303466797,558.7430419921875,11.486085891723633,0.5752105712890625,0.005739364307373762,0.0200288415318058,1.7669628858566284,2.0151023864746094,1.0
ISMN_SCAN_PerdidoRivFarms,214,done,False,14,9.758760452270508,292.7628173828125,10.405349731445312,0.6378631591796875,0.00886173453181982,0.03028360839609037,1.9099390506744385,2.6051599979400635,1.0
ISMN_SCAN_SudduthFarms,216,done,False,1,1.122363567352295,33.67090606689453,6.927738666534424,28.907470703125,0.03299275413155556,0.0,1.957669734954834,9.44660472869873,1.0
ISMN_USCRN_Crossville-7-NW,218,done,False,3,3.9537532329559326,118.61259460449219,7.948728084564209,15.24505615234375,0.04185895994305611,0.000801153661272232,1.136418104171753,11.875221252441406,1.0
ISMN_ARM_Pawhuska,219,done,False,9,4.435427188873291,133.0628204345703,8.357097625732422,21.243682861328125,0.031222982332110405,0.0003204614645088928,1.6435942649841309,7.9970831871032715,1.0
ISMN_SNOTEL_HighRidge,177,done,False,1,2.7792303562164307,83.37690734863281,7.6141510009765625,31.3958740234375,0.04111660271883011,0.0,1.4221844673156738,74.69705200195312,1.0
ISMN_SCAN_TncFortBayou,215,done,False,1,2.4815633296966553,74.4468994140625,6.455805778503418,2.5681581497192383,0.11645450443029404,0.004486460503124499,1.8100950717926025,2.573049306869507,1.0
ISMN_ARM_Tyro,220,done,False,1,4.506124973297119,135.18374633789062,9.37646484375,0.4362335205078125,0.011448758654296398,0.0014420765902900176,1.4732712507247925,2.0839133262634277,1.0
ISMN_USCRN_Joplin-24-N,222,done,False,4,10.272636413574219,308.1790771484375,10.538317680358887,3.09283447265625,0.008166953921318054,0.005287614164396731,1.5324950218200684,1.42933988571167,1.0
ISMN_SCAN_JournaganRanch,223,done,False,2,2.293304681777954,68.79914093017578,7.069565296173096,25.13519287109375,0.058454062789678574,0.0001602307322544464,1.9331730604171753,12.745490074157715,1.0
ICOS_IT-SR2,344,done,False,1,1.2992132902145386,38.97639846801758,6.648797512054443,9.830344200134277,0.05045415833592415,0.03749399134754046,2.0123353004455566,3.8876538276672363,1.0
ISMN_SCAN_Dexter,225,done,False,1,1.3538810014724731,40.61642837524414,10.336858749389648,0.6278533935546875,0.0013166212011128664,0.07851305880467874,1.9112545251846313,0.9202874898910522,1.0
ISMN_SCAN_UapbDewitt,228,done,False,13,13.966071128845215,418.9821472167969,10.005990982055664,0.7769088745117188,0.018905892968177795,0.03028360839609037,2.17974853515625,1.5602951049804688,1.0
ISMN_USCRN_Batesville-8-WNW,227,done,False,2,329.3478698730469,9880.4365234375,13.586867332458496,0.0,0.012418023310601711,0.0003204614645088928,2.3402178287506104,7.8743109703063965,1.0
ISMN_SCAN_Uapb-Earle,231,done,False,2,2.7832236289978027,83.49671173095703,9.274948120117188,0.4757843017578125,0.00782711524516344,0.046627143086043904,2.4217491149902344,1.6083346605300903,1.0
ISMN_SCAN_ElsberryPMC,224,done,False,2,2.1601083278656006,64.80325317382812,7.981442928314209,6.305999755859375,0.02214263565838337,0.008331998077231213,2.430149793624878,6.539051532745361,1.0
ISMN_SCAN_UapbPointRemove,226,done,False,3,5.523345947265625,165.70037841796875,10.01836109161377,0.381195068359375,0.00738578662276268,0.023233456176894728,1.9977269172668457,1.3856836557388306,1.0
ISMN_USCRN_Monroe-26-N,233,done,False,319,158.81686401367188,4764.505859375,13.080867767333984,0.0,0.00993241649121046,0.0003204614645088928,1.6050951480865479,4.260232448577881,1.0
ISMN_SCAN_UapbCampus-PB,229,done,False,1,1.447832465171814,43.434974670410156,8.399015426635742,0.9474716186523438,0.00977641437202692,0.017945842012497996,2.4520974159240723,4.903352737426758,1.0
ISMN_SCAN_Selma,234,done,False,5,8.431107521057129,252.9332275390625,8.356475830078125,0.00012969970703125,0.05933687090873718,0.0035250761095978207,2.2173972129821777,5.139789581298828,1.0
ISMN_SCAN_MtVernon,221,done,False,3,70.21440887451172,2106.432373046875,12.860278129577637,0.44769287109375,0.005475141573697329,0.0011216151257811247,1.5959640741348267,4.254244804382324,1.0
ISMN_USCRN_Spokane-17-SSW,178,done,False,1,28.60792350769043,858.2377319335938,10.73622989654541,12.32525634765625,0.018658285960555077,0.0003204614645088928,1.2857098579406738,8.155051231384277,1.0
ISMN_SCAN_Tunica,230,done,False,1,1.1000548601150513,33.001644134521484,8.891820907592773,0.12499237060546875,0.0045379954390227795,0.03509053036372376,2.257254123687744,0.45714330673217773,1.0
ISMN_SNOTEL_SavagePass,179,done,False,6,56.25893783569336,1687.7681884765625,9.851715087890625,1.9144287109375,0.08863956481218338,0.0,1.2323461771011353,69.90587615966797,1.0
AmeriFlux_US-xDL,235,done,False,1,1.9444760084152222,58.33428192138672,6.427946090698242,21.09294891357422,0.09397692233324051,0.025156224963948086,2.8832600116729736,5.880541801452637,1.0
ISMN_SCAN_GoodwinCkTimber,232,done,False,1,1.7781476974487305,53.34442901611328,6.326482772827148,16.887718200683594,0.09510872513055801,0.0020829995193078032,2.4281930923461914,7.313565731048584,1.0
ISMN_SNOTEL_MyrtleCreek,181,done,False,1,49.50411605834961,1485.12353515625,8.45954704284668,112.43603515625,0.30484259128570557,0.0,1.3830655813217163,154.39889526367188,1.0
ISMN_SCAN_SunleafNursery,127,done,False,69,83.17266082763672,2495.179931640625,13.433578491210938,4.57763671875e-05,0.0036557037383317947,0.0022432302515622495,2.2403922080993652,5.477955341339111,1.0
ISMN_SCAN_Lind#1,182,done,False,1,1.968866229057312,59.06598663330078,7.522488594055176,19.324554443359375,0.03193114697933197,0.0,1.3927401304244995,18.184833526611328,1.0
ISMN_SNOTEL_BurntMountain,183,done,False,1,2.275765895843506,68.27297973632812,7.04706335067749,141.4766845703125,0.05932505428791046,0.0,1.2537205219268799,71.01889038085938,1.0
ISMN_SCAN_IsbellFarms,217,done,False,2,2.3918826580047607,71.75647735595703,7.804291248321533,14.945236206054688,0.029266882687807083,0.0004806921967633392,1.8283705711364746,10.29012680053711,1.0
ISMN_SNOTEL_Trough,184,done,False,1,3.6281237602233887,108.84371185302734,7.410216331481934,81.6202392578125,0.0657598227262497,0.0,1.3660898208618164,54.06906509399414,1.0
ISMN_SCAN_TableMountain,185,done,False,1,4.871029376983643,146.13087463378906,9.40349006652832,15.1142578125,0.012045840732753277,0.0003204614645088928,1.4449281692504883,5.846806049346924,1.0
ISMN_SCAN_ConradAgRc,186,done,False,6,4.684467792510986,140.53402709960938,8.43558120727539,14.715576171875,0.0304874200373888,0.0011216151257811247,1.701789140701294,4.562908172607422,1.0
ISMN_SCAN_Moccasin,189,done,False,4,71.64115142822266,2149.234619140625,12.782426834106445,0.9078369140625,0.006038667168468237,0.0025636917160711424,1.7852715253829956,2.0297441482543945,1.0
ISMN_SCAN_FortAssiniboine#1,188,done,False,11,4.797976493835449,143.93930053710938,8.097101211547852,16.713134765625,0.04379001632332802,0.0003204614645088928,1.6327303647994995,12.611599922180176,1.0
ISMN_SNOTEL_MosquitoRidge,180,done,False,1,2.2906031608581543,68.71809387207031,7.329432487487793,54.1341552734375,0.045044850558042526,0.0,1.0157545804977417,80.17194366455078,1.0
AmeriFlux_US-ONA,191,done,False,1,1.0,30.0,9.31506061553955,1.0979804992675781,0.002701723715290427,0.030604069860599263,1.5965123176574707,1.57218337059021,1.0
ISMN_SCAN_PrairieView#1,207,done,False,4,3.977783203125,119.33349609375,9.049522399902344,2.2001724243164062,0.014014452695846558,0.007530844415958981,1.6254312992095947,2.072291612625122,1.0
ISMN_SCAN_PeeDee,194,done,False,1,1.5299882888793945,45.89965057373047,6.567178726196289,3.762725830078125,0.0644344910979271,0.04198045185066496,2.416124105453491,6.757177829742432,1.0
ISMN_SCAN_YoumansFarm,195,done,False,2,1.843632459640503,55.30897521972656,5.513931751251221,6.564113616943359,0.2193222939968109,0.004326229770870053,2.2986321449279785,6.141585350036621,1.0
ISMN_SCAN_TidewaterArec,196,done,False,4,3.6185293197631836,108.55587768554688,8.791463851928711,1.2198410034179688,0.016501745209097862,0.015862842493190196,1.8788325786590576,3.014331817626953,1.0
ISMN_SCAN_MahantangoCk,199,done,False,1,1.2328163385391235,36.98448944091797,7.909409046173096,47.05342102050781,0.013582518324255943,0.0001602307322544464,1.9478232860565186,16.893068313598633,1.0
ISMN_SCAN_Shenandoah,200,done,False,7,10.591634750366211,317.7490539550781,7.618122577667236,54.89166259765625,0.15491095185279846,0.0003204614645088928,2.16908597946167,23.284635543823242,1.0
AmeriFlux_US-NC3,197,done,False,1,1.0,30.0,9.352944374084473,0.6424832344055176,0.0026012875605374575,0.03989745233135716,2.051602602005005,2.5407986640930176,1.0
AmeriFlux_US-xSC,201,done,False,2,2.446120262145996,73.38360595703125,5.512861251831055,33.94390869140625,0.2878470718860626,0.0,1.417067527770996,30.2011775970459,1.0
ISMN_USCRN_Elkins-21-ENE,202,done,False,4,7.231383800506592,216.94151306152344,7.816026210784912,11.95526123046875,0.08725325018167496,0.0,1.389613389968872,53.409236907958984,1.0
ISMN_USCRN_Everglades-City-5-NE,190,done,False,442,4.697342872619629,140.9202880859375,10.014888763427734,8.64267349243164e-06,0.006303140427917242,0.05672167921807403,2.716378927230835,0.9605308771133423,1.0
ISMN_SCAN_ReynoldsHomestead,203,done,False,3,2.572967290878296,77.18901824951172,6.216738700866699,23.25653076171875,0.15284797549247742,0.0001602307322544464,1.6025241613388062,11.847972869873047,1.0
ISMN_USCRN_Durham-11-W,204,done,False,1,1.2941792011260986,38.825374603271484,7.278570175170898,3.7683868408203125,0.026789763942360878,0.0,1.4891027212142944,7.373080730438232,1.0
ISMN_SCAN_Violett,187,done,False,1,1.0620906352996826,31.86271858215332,9.025598526000977,0.7188720703125,0.003832774003967643,0.0011216151257811247,2.0813207626342773,8.072148323059082,1.0
ISMN_SCAN_Nacogdoches,206,done,False,1,1.3075112104415894,39.225337982177734,6.197239398956299,2.4241943359375,0.07965625822544098,0.017144688351225765,2.1941146850585938,5.143840789794922,1.0
ISMN_SCAN_CrescentLake#1,205,done,False,1,1.2985085248947144,38.955257415771484,7.9533891677856445,1.175689697265625,0.013690708205103874,0.04117929818939273,2.5895915031433105,1.6880059242248535,1.0
ISMN_SCAN_SellersLake#1,192,done,False,1,1.2578483819961548,37.735450744628906,8.1319580078125,5.824512481689453,0.011093463748693466,0.03268706937990706,1.908493161201477,3.963239908218384,1.0
ISMN_USCRN_Santa-Barbara-11-W,141,done,False,2,2.0262844562530518,60.78853225708008,9.52194881439209,0.005161285400390625,0.004451320506632328,0.37830475885274795,4.026034832000732,0.32010385394096375,1.0
ISMN_USCRN_Cape-Charles-5-ENE,198,done,False,1,1.3036868572235107,39.1106071472168,8.867046356201172,7.295032501220703,0.005512911360710859,0.15061688831917963,2.5853683948516846,4.461939811706543,1.0
ISMN_USCRN_Brunswick-23-S,193,done,False,1,1.0217167139053345,30.651500701904297,9.079224586486816,0.8245244026184082,0.003494562115520239,0.06713667681461304,2.0525805950164795,5.240240097045898,1.0
ISMN_SMOSMANIA_LezignanCorbieres,25,done,False,3,14.661993980407715,439.8598327636719,11.385025024414062,1.6950569152832031,0.004998698830604553,0.01730491908348021,1.9559763669967651,3.0214552879333496,1.0
ISMN_SMOSMANIA_Mouthoumet,25,done,False,1,1.871693730354309,56.15081024169922,7.10860013961792,21.68194580078125,0.045901305973529816,0.0,1.564962387084961,26.9168701171875,1.0
ISMN_SMOSMANIA_Narbonne,25,done,False,1,1.1408578157424927,34.22573471069336,6.372272968292236,35.35265350341797,0.05840037763118744,0.0006409229290177856,1.7570463418960571,17.604595184326172,1.0
ISMN_SMOSMANIA_Pezenas,25,done,False,8,40.13410568237305,1204.023193359375,10.605199813842773,0.005161285400390625,0.029835019260644913,0.0028841531805800353,1.8232287168502808,7.686165809631348,1.0
ISMN_SMOSMANIA_Prades-le-Lez,25,done,False,1,1.1645225286483765,34.93567657470703,7.451213836669922,5.985538482666016,0.020285630598664284,0.000801153661272232,1.9087886810302734,7.626589298248291,1.0
ISMN_SMOSMANIA_Villevielle,25,done,False,1,1.5653125047683716,46.959373474121094,7.089322566986084,3.5887794494628906,0.03914233669638634,0.0006409229290177856,2.323577642440796,12.260432243347168,1.0
ICOS_FR-Pue,25,done,False,3,3.0501909255981445,91.50572967529297,7.436201572418213,9.755401611328125,0.05389224737882614,0.0,1.9114832878112793,55.55239486694336,1.0
