region_id,n_stations,height,width,n_valid,res_m,cond_sinks_raw,cond_flats_raw,cond_sinks_after_breach,cond_sinks_final,cond_flats_final,cond_filled,cond_carved_max_m,cond_raised_max_m,cond_touched_frac,hand_raw_min,hand_raw_neg_frac,slope_floor_frac,stream_frac,stream_ha,t2_hand_min,t2_hand_neg_frac,t2_hand_max_on_streams,t2_a_min_m,t2_sinks_final,t2_flats_final,t2_mass_outlet_sum,t2_mass_n_valid,t2_mass_ok,twi_mean,twi_sd,hand_mean,hand_sd,t3_r_ln_acc_d8,t3_median_ln_ratio,t3_r_ln_acc_hillslope,status,n_edge_truncated,seconds,t_condition,t_acc_mfd,t_d8_network,t_slope_twi,t_hand,t_stations
18,8.0,3208.0,1997.0,6406376.0,30.0,66414.0,7017.0,0.0,0.0,2.0,False,21.310791015625,13.6507568359375,0.09639256265945052,-6.89599609375,0.012515968466415334,0.009220189386323874,0.15540736291469623,10.0,0.0,0.0,0.0,30.0,0.0,2.0,6406376.0,6406376.0,True,9.01463508605957,2.8532209396362305,40.55289077758789,79.12861633300781,0.6704990464113028,0.0,0.5217236322645927,done,0.0,56.533851623535156,4.41,2.77,12.78,0.25,29.13,7.01
15,9.0,2440.0,3183.0,7766520.0,30.0,43090.0,696.0,0.0,0.0,1.0,False,29.26708984375,67.45654296875,0.01943650438034023,-21.451171875,0.0033873601046543367,0.0015562954836915374,0.2945453047182007,10.0,0.0,0.0,0.0,30.0,0.0,1.0,7766520.0,7766520.0,True,9.119354248046875,3.1772620677948,33.94492721557617,60.632568359375,0.6218294426582606,0.0,0.5709040894130395,done,0.0,62.222088098526,3.5,3.66,13.19,0.29,33.66,7.67
22,7.0,2770.0,2896.0,8021920.0,30.0,35986.0,6824.0,0.0,0.0,0.0,False,42.1949462890625,298.24658203125,0.09415937830344855,-130.3480224609375,0.0072162275365498536,0.004151499890300577,0.20337051478947685,10.0,0.0,0.0,0.0,30.0,0.0,0.0,8021920.0,8021920.0,True,8.842916488647461,2.9985406398773193,48.21146011352539,79.9532699584961,0.5992149627188376,0.0,0.4900684178442085,done,0.0,63.674357891082764,4.89,3.61,12.19,0.31,35.33,7.11
41,4.0,3127.0,2526.0,7898802.0,30.0,104680.0,10730.0,0.0,0.0,0.0,False,89.39755249023438,68.83938598632812,0.04629258968638535,-37.8486328125,0.010072286911356938,0.0007772064675124152,0.06777015046079139,10.0,0.0,0.0,0.0,30.0,0.0,0.0,7898802.0,7898802.0,True,7.491805553436279,2.1003456115722656,18.143367767333984,16.883970260620117,0.8655071828180563,0.0,0.7534068364403597,done,0.0,65.2098650932312,4.48,3.98,12.99,0.32,36.03,7.16
11,10.0,4574.0,1797.0,8219478.0,30.0,19907.0,3472.0,0.0,0.0,0.0,False,173.760009765625,73.60546875,0.00470747655751375,-51.6878662109375,0.0005802071615740075,0.0004191263727453252,0.08029354175532802,10.0,0.0,0.0,0.0,30.0,0.0,0.0,8219478.0,8219478.0,True,7.997188568115234,2.117614269256592,36.90717315673828,54.821353912353516,0.7809451105380947,0.0,0.5948467159828701,done,0.0,67.75355982780457,3.12,3.69,13.89,0.32,38.72,7.74
16,9.0,3279.0,2657.0,8712303.0,30.0,125051.0,40957.0,0.0,0.0,16835.0,False,159.15713500976562,371.81884765625,0.04956496577311418,-124.22177124023438,0.013636807627099286,0.003604328270033767,0.06606003028131598,10.0,0.0,0.0,0.0,30.0,0.0,16835.0,8712303.0,8712303.0,True,8.240883827209473,2.168667793273926,20.876672744750977,25.670223236083984,0.801237026856909,0.0,0.6543752837761312,done,0.0,70.6273250579834,7.03,3.63,10.78,0.37,39.68,8.88
21,7.0,2357.0,3882.0,9149874.0,30.0,101121.0,26851.0,0.0,0.0,0.0,False,18.3670654296875,35.446533203125,0.11880469610838357,-16.3076171875,0.012742361260931026,0.007316057029856367,0.1452096498815175,10.0,0.0,0.0,0.0,30.0,0.0,0.0,9149874.0,9149874.0,True,9.584845542907715,2.5846621990203857,12.167964935302734,27.782550811767578,0.6957593598421002,0.0,0.540337280565839,done,0.0,72.23920893669128,7.56,4.38,11.11,0.36,39.95,8.62
7,16.0,2472.0,3025.0,7477800.0,30.0,240549.0,182979.0,0.0,0.0,0.0,False,45.91890335083008,84.09638977050781,0.22697076680307043,-57.75959777832031,0.05509468025355051,0.023151461659846478,0.09150605793147717,10.0,0.0,0.0,0.0,30.0,0.0,0.0,7477800.0,7477800.0,True,8.728118896484375,2.647688150405884,5.588815212249756,7.09591817855835,0.7695288007059667,0.0,0.7772004010621291,done,0.0,80.28069162368774,29.11,3.18,5.23,0.27,33.52,8.68
28,6.0,3085.0,3418.0,10544530.0,30.0,143535.0,42853.0,0.0,0.0,4.0,False,63.63690185546875,58.777008056640625,0.030844997358820167,-50.16827392578125,0.010260106424847764,0.004184539282452608,0.07624796932627628,10.0,0.0,0.0,0.0,30.0,0.0,4.0,10544530.0,10544530.0,True,8.271221160888672,2.3894214630126953,14.895520210266113,17.01868438720703,0.8510815631405597,0.0,0.6898337087796834,done,0.0,81.62874722480774,6.11,4.61,12.85,0.41,47.09,10.26
27,6.0,2294.0,5670.0,13006980.0,30.0,409837.0,5658.0,0.0,0.0,14.0,False,10.9100341796875,28.20556640625,0.15225517376055012,-13.27203369140625,0.023773773773773772,0.01652112942435523,0.11069425800608597,10.0,0.0,0.0,0.0,30.0,0.0,14.0,13006980.0,13006980.0,True,10.57356071472168,2.18300199508667,1.840569019317627,2.797708511352539,0.7967780187885617,0.0,0.5176801261832243,done,0.0,96.7385630607605,6.85,5.41,13.28,0.45,57.7,12.72
30,5.0,2266.0,2795.0,6333470.0,30.0,6113.0,7.0,21.0,0.0,0.0,True,11.1297607421875,149.07354736328125,0.004416694166073258,-19.196533203125,0.0005145678435360079,4.326222434147474e-05,0.056049211569645076,10.0,0.0,0.0,0.0,30.0,0.0,0.0,6333470.0,6333470.0,True,7.674316883087158,1.7104905843734741,103.25695037841797,85.80824279785156,0.6180659806878416,0.0,0.3900734449865853,done,0.0,43.035616397857666,2.61,2.54,3.95,0.24,28.26,5.31
35,4.0,2589.0,2315.0,5993535.0,30.0,21619.0,1183.0,0.0,0.0,0.0,False,123.0732421875,178.434814453125,0.010737736577829277,-91.457275390625,0.0018563335327148336,0.0008876230805359442,0.08730573860000818,10.0,0.0,0.0,0.0,30.0,0.0,0.0,5993535.0,5993535.0,True,7.319471836090088,2.2934207916259766,69.86708068847656,76.34456634521484,0.7418927751692886,0.0,0.5471433823325441,done,0.0,40.970497846603394,2.51,2.83,3.46,0.22,26.8,5.01
17,8.0,1599.0,3660.0,5852340.0,30.0,13525.0,771.0,0.0,0.0,0.0,False,19.481689453125,22.2978515625,0.003975332943745579,-10.432373046875,0.0005787428618296271,0.00022999347269639153,0.13801624649285585,10.0,0.0,0.0,0.0,30.0,0.0,0.0,5852340.0,5852340.0,True,8.500479698181152,2.7001163959503174,24.103914260864258,41.70237731933594,0.7491206057600244,0.0,0.6321225450038553,done,0.0,40.146400451660156,2.02,3.25,3.39,0.22,25.43,5.69
43,4.0,3431.0,1825.0,6261575.0,30.0,29075.0,5835.0,0.0,0.0,0.0,False,76.98736572265625,65.6431884765625,0.01054463134275322,-57.58038330078125,0.0029086931003781,0.0007601921241860075,0.10059625573437993,10.0,0.0,0.0,0.0,30.0,0.0,0.0,6261575.0,6261575.0,True,7.148339748382568,2.1447277069091797,168.0082550048828,192.17559814453125,0.653813243793675,0.0,0.47978773752506926,done,0.0,43.9460334777832,2.59,3.24,3.44,0.25,28.39,5.88
34,5.0,2638.0,2218.0,5851084.0,30.0,33882.0,17580.0,0.0,0.0,0.0,False,202.6295166015625,85.71142578125,0.01854340153038309,-160.23114013671875,0.0040231861309801735,0.001992280404793368,0.06772334835733003,10.0,0.0,0.0,0.0,30.0,0.0,0.0,5851084.0,5851084.0,True,7.2758402824401855,2.125467300415039,55.292415618896484,63.59701156616211,0.8049770098733405,0.0,0.6076502415821469,done,0.0,40.48920679092407,3.07,2.29,3.38,0.2,26.16,5.24
23,7.0,3290.0,1674.0,5507460.0,30.0,11267.0,5517.0,0.0,0.0,0.0,False,73.83447265625,41.2537841796875,0.01089213539453759,-23.2899169921875,0.0010867078471745596,0.0007649624327730024,0.07834028753726763,10.0,0.0,0.0,0.0,30.0,0.0,0.0,5507460.0,5507460.0,True,7.760792255401611,2.1484856605529785,36.44363784790039,43.91564178466797,0.7785935176743393,0.0,0.5954550884503582,done,0.0,38.947713136672974,2.63,2.49,3.03,0.21,25.01,5.43
32,5.0,2682.0,2131.0,5715342.0,30.0,116178.0,8862.0,0.0,0.0,0.0,False,22.31555938720703,22.651334762573242,0.11902682289178845,-14.447982788085938,0.025147926405803888,0.0057125190408552975,0.07355132903682754,10.0,0.0,0.0,0.0,30.0,0.0,0.0,5715342.0,5715342.0,True,9.163321495056152,2.2631332874298096,5.756917953491211,6.326025485992432,0.7739151758105908,0.0,0.6610635174943835,done,0.0,40.689727544784546,3.26,2.7,3.28,0.21,25.76,5.31
8,14.0,3650.0,4456.0,16264400.0,30.0,40186.0,15337.0,0.0,0.0,1.0,False,83.0794677734375,143.70947265625,0.009975037505226138,-44.2813720703125,0.0011674577605076117,0.0014760458424534567,0.09103674282481986,10.0,0.0,0.0,0.0,30.0,0.0,1.0,16264400.0,16264400.0,True,7.967391014099121,2.371095657348633,38.76992416381836,54.17470169067383,0.7664825704882533,0.0,0.5734704547255186,done,0.0,119.80175733566284,7.3,6.34,16.29,0.56,72.26,16.66
9,14.0,3646.0,4724.0,17223704.0,30.0,46039.0,52440.0,0.0,0.0,0.0,False,181.52206420898438,786.5584716796875,0.009726537334826469,-176.740966796875,0.0011554425227001115,0.0023569262453651085,0.07462111517940624,10.0,0.0,0.0,0.0,30.0,0.0,0.0,17223704.0,17223704.0,True,7.055535316467285,2.1002981662750244,91.709228515625,112.17984008789062,0.7516212032669133,0.0,0.5672572676201534,done,0.0,125.07193565368652,12.11,6.91,11.58,0.59,76.93,16.55
33,5.0,3122.0,1746.0,5451012.0,30.0,236646.0,58263.0,0.0,0.0,0.0,False,15.722335815429688,17.718713760375977,0.11685518212031087,-11.25436019897461,0.038082102919604656,0.027000490918016692,0.09698089088778378,10.0,0.0,0.0,0.0,30.0,0.0,0.0,5451012.0,5451012.0,True,9.445443153381348,2.626007318496704,2.462998151779175,3.7897486686706543,0.8871523915483049,0.0,0.8176508873451702,done,0.0,47.12151598930359,11.22,2.61,2.98,0.2,24.76,5.23
20,8.0,2046.0,1981.0,4053126.0,30.0,175197.0,9213.0,0.0,0.0,0.0,False,26.473548889160156,16.67898941040039,0.18346604571385147,-17.461502075195312,0.07217737617828807,0.008208479085032146,0.08209145237527775,10.0,0.0,0.0,0.0,30.0,0.0,0.0,4053126.0,4053126.0,True,8.859253883361816,2.5571086406707764,3.000269651412964,4.478176593780518,0.85664084943538,0.0,0.8267169831937052,done,0.0,28.087510108947754,2.52,1.47,2.34,0.13,17.86,3.64
53,3.0,2021.0,2232.0,4510872.0,30.0,30156.0,516.0,0.0,0.0,0.0,False,104.374267578125,225.0638427734375,0.028511782200869366,-76.6622314453125,0.004099650799224629,0.00023299264532445168,0.07034427046477931,10.0,0.0,0.0,0.0,30.0,0.0,0.0,4510872.0,4510872.0,True,7.139693737030029,2.05179500579834,43.23431396484375,46.359405517578125,0.824336044435508,0.0,0.6823512532579222,done,0.0,31.339550971984863,1.69,1.8,2.54,0.17,20.7,4.32
26,6.0,2642.0,1421.0,3754282.0,30.0,32306.0,6165.0,0.0,0.0,0.0,False,125.083984375,140.59326171875,0.03887640832521372,-131.8548583984375,0.005586154689498551,0.0023168211658048062,0.07325741646471949,10.0,0.0,0.0,0.0,30.0,0.0,0.0,3754282.0,3754282.0,True,8.063880920410156,2.0599827766418457,34.301910400390625,51.67012023925781,0.7702489366768354,0.0,0.5864711372441858,done,0.0,26.12967562675476,2.08,1.31,1.98,0.12,17.21,3.33
40,4.0,3357.0,1190.0,3994830.0,30.0,73877.0,34607.0,0.0,0.0,0.0,False,52.17364501953125,56.77935791015625,0.0803443450659978,-32.51777648925781,0.020556319042362253,0.007693944423166944,0.07218254594062826,10.0,0.0,0.0,0.0,30.0,0.0,0.0,3994830.0,3994830.0,True,8.381185531616211,2.284533977508545,8.845621109008789,10.43637466430664,0.8451412399153274,0.0,0.7672839446199463,done,0.0,30.380969285964966,4.91,1.48,2.35,0.12,17.94,3.45
69,3.0,1955.0,1766.0,3452530.0,30.0,51717.0,8547.0,0.0,0.0,0.0,False,46.42127990722656,36.8026123046875,0.044454067017520485,-15.151123046875,0.013746151373051067,0.002538428340955763,0.07143051617219835,10.0,0.0,0.0,0.0,30.0,0.0,0.0,3452530.0,3452530.0,True,8.105508804321289,2.2515676021575928,13.417154312133789,13.040367126464844,0.8461557728231067,0.0,0.7197724787348373,done,0.0,22.741695165634155,1.41,1.21,1.98,0.11,15.04,2.86
2,40.0,1834.0,1831.0,3358054.0,30.0,35733.0,921.0,0.0,0.0,14720.0,False,16.748779296875,27.0294189453125,0.01994607591182274,-25.4443359375,0.003495774636143433,0.000413930210770881,0.04894322723815638,10.0,0.0,0.0,0.0,30.0,0.0,14720.0,3358054.0,3358054.0,True,8.164798736572266,1.7919145822525024,13.60520076751709,13.097378730773926,0.7932751331848715,0.0,0.6494134103239193,done,0.0,24.169422388076782,1.06,1.24,1.8,0.11,15.35,4.53
45,3.0,1973.0,1593.0,3142989.0,30.0,22297.0,11645.0,0.0,0.0,0.0,False,111.68017578125,504.9591064453125,0.04107364041045005,-117.65652465820312,0.006755989282813271,0.003127596055856384,0.07954116288666617,10.0,0.0,0.0,0.0,30.0,0.0,0.0,3142989.0,3142989.0,True,7.361269950866699,1.9869155883789062,69.66980743408203,85.39286041259766,0.7331432785724287,0.0,0.5725476546243548,done,0.0,22.63546347618103,2.64,1.1,1.7,0.09,14.36,2.63
56,3.0,2051.0,2378.0,4877278.0,30.0,233627.0,158017.0,0.0,0.0,147.0,False,27.579364776611328,14.29410171508789,0.255621270716986,-19.639698028564453,0.059591846107603465,0.07440543680306926,0.09768727556641225,10.0,0.0,0.0,0.0,30.0,0.0,147.0,4877278.0,4877278.0,True,10.041703224182129,2.698457956314087,1.6833364963531494,3.4582009315490723,0.7893959862111207,0.0,0.7643978854584196,done,0.0,53.702823638916016,22.3,1.96,2.89,0.19,21.92,4.31
36,4.0,2926.0,1680.0,4915680.0,30.0,43725.0,234043.0,0.0,0.0,0.0,False,57.4228515625,126.1865234375,0.07852931842593497,-41.1795654296875,0.006837711161019432,0.04626623376623377,0.10318124857598542,10.0,0.0,0.0,0.0,30.0,0.0,0.0,4915680.0,4915680.0,True,8.17137622833252,2.663562536239624,50.04124450683594,86.20600128173828,0.7451716702491197,0.0,0.5999280068400803,done,0.0,69.79361867904663,38.05,2.2,2.7,0.19,22.14,4.33
81,2.0,1386.0,2194.0,3040884.0,30.0,19704.0,43.0,0.0,0.0,0.0,False,9.023193359375,45.332763671875,0.1664598189210769,-11.474853515625,0.012583840751570924,0.003850853896432748,0.2139936939389993,10.0,0.0,0.0,0.0,30.0,0.0,0.0,3040884.0,3040884.0,True,9.190618515014648,3.0664095878601074,38.125614166259766,67.76161193847656,0.5886896367430089,0.0,0.4858363978541318,done,0.0,19.450282096862793,1.19,1.05,1.58,0.1,12.95,2.49
77,2.0,1394.0,2136.0,2977584.0,30.0,38861.0,2519.0,0.0,0.0,0.0,False,28.614013671875,63.8956298828125,0.02296459142714362,-45.211181640625,0.005424532103880193,0.0028459314665849897,0.15005924266116422,10.0,0.0,0.0,0.0,30.0,0.0,0.0,2977584.0,2977584.0,True,8.701872825622559,2.8310980796813965,32.04841613769531,62.473602294921875,0.7882225585009022,0.0,0.6227260561621638,done,0.0,19.243601322174072,0.87,1.07,1.49,0.1,13.06,2.48
5,18.0,1704.0,1768.0,3012672.0,30.0,31603.0,4950.0,0.0,0.0,34692.0,False,12.211669921875,11.732666015625,0.02347749771631296,-10.66790771484375,0.0032652077624115735,0.003448765746818771,0.03945500870987615,10.0,0.0,0.0,0.0,30.0,0.0,34692.0,3012672.0,3012672.0,True,8.710339546203613,1.7214308977127075,10.160849571228027,10.48576831817627,0.6798750640179648,0.0,0.5889223551978285,done,0.0,21.80800223350525,1.33,1.13,1.57,0.1,14.44,3.15
42,4.0,1977.0,2450.0,4843650.0,30.0,218018.0,194781.0,0.0,0.0,0.0,False,31.165128707885742,22.09275245666504,0.2890999556119868,-22.16570281982422,0.061447255685278666,0.06794896410764609,0.10034581359099026,10.0,0.0,0.0,0.0,30.0,0.0,0.0,4843650.0,4843650.0,True,9.744795799255371,2.818321466445923,2.7267112731933594,5.395956039428711,0.7649566155766512,0.0,0.7866950769172416,done,0.0,59.00997996330261,27.89,1.96,2.91,0.16,21.7,4.25
118,2.0,2192.0,1350.0,2959200.0,30.0,34235.0,15454.0,0.0,0.0,0.0,False,33.51763916015625,14.642929077148438,0.025675858340091916,-12.394996643066406,0.008399905379832387,0.009181197620978642,0.07464787780481211,10.0,0.0,0.0,0.0,30.0,0.0,0.0,2959200.0,2959200.0,True,8.999492645263672,2.193260431289673,20.483354568481445,25.21807098388672,0.7664534487793551,0.0,0.4892894855794616,done,0.0,20.884201288223267,1.93,1.02,1.62,0.09,13.77,2.36
82,2.0,1966.0,1478.0,2905748.0,30.0,9533.0,2672.0,0.0,0.0,0.0,False,42.7532958984375,30.80419921875,0.007283150500318678,-12.44384765625,0.001787147405762647,0.0005385876545385216,0.08392537825028186,10.0,0.0,0.0,0.0,30.0,0.0,0.0,2905748.0,2905748.0,True,7.408230781555176,2.0386977195739746,71.86043548583984,89.50016021728516,0.7255950567265176,0.0,0.552870967356109,done,0.0,18.91956067085266,0.89,1.01,1.5,0.09,12.99,2.35
14,10.0,4233.0,3591.0,15200703.0,30.0,266286.0,365186.0,0.0,0.0,8881.0,False,66.70407104492188,69.4034423828125,0.11318983075980105,-45.6611328125,0.023256490176803007,0.020670491358195736,0.08178569109599734,10.0,0.0,0.0,0.0,30.0,0.0,8881.0,15200703.0,15200703.0,True,8.160423278808594,2.5375773906707764,22.62306785583496,39.02508544921875,0.7736405431778779,0.0,0.700125138573947,done,0.0,164.28397369384766,63.28,6.42,10.63,0.6,68.13,14.81
19,8.0,1616.0,2266.0,3661856.0,30.0,124702.0,328969.0,0.0,0.0,0.0,False,56.587646484375,13.384468078613281,0.4091706500747162,-13.016281127929688,0.048754511373467445,0.09637216755656149,0.11333897346045284,10.0,0.0,0.0,0.0,30.0,0.0,0.0,3661856.0,3661856.0,True,9.999750137329102,3.008619546890259,6.673638820648193,19.69706153869629,0.7070604413593375,0.0,0.7077000956871075,done,0.0,53.5503830909729,30.06,1.28,1.96,0.12,16.63,3.37
66,3.0,1295.0,3163.0,4096085.0,30.0,50685.0,254310.0,0.0,0.0,16.0,False,52.63587951660156,87.13853454589844,0.10680466836015366,-25.4796142578125,0.012348620695127176,0.059303945108560976,0.09446898684963813,10.0,0.0,0.0,0.0,30.0,0.0,16.0,4096085.0,4096085.0,True,8.756373405456543,2.6464834213256836,15.717458724975586,25.645109176635742,0.7489900992883731,0.0,0.6399609287456359,done,0.0,60.70512771606445,34.71,1.42,2.25,0.13,18.64,3.43
49,3.0,1270.0,2224.0,2824480.0,30.0,1500.0,271.0,0.0,0.0,0.0,False,22.162353515625,3.46728515625,0.0007541211125587718,-13.4918212890625,9.700900696765423e-05,0.0001621537415736702,0.15980605279555882,10.0,0.0,0.0,0.0,30.0,0.0,0.0,2824480.0,2824480.0,True,8.56316089630127,2.5403029918670654,42.81398010253906,63.79353713989258,0.6268416933960712,0.0,0.4875729904340759,done,0.0,18.228179693222046,0.8,1.03,1.44,0.08,12.39,2.4
102,2.0,1614.0,1762.0,2843868.0,30.0,52245.0,8175.0,0.0,0.0,0.0,False,81.6915283203125,55.60122299194336,0.08847070257831939,-34.75762939453125,0.02191240943672491,0.0010362646930166942,0.0720244399529092,10.0,0.0,0.0,0.0,30.0,0.0,0.0,2843868.0,2843868.0,True,7.6329522132873535,2.1011714935302734,17.39630126953125,25.71367073059082,0.8449120088107785,0.0,0.77246330953804,done,0.0,20.370863914489746,1.99,1.05,1.64,0.09,13.01,2.4
121,2.0,1640.0,1528.0,2505920.0,30.0,70166.0,2048.0,0.0,0.0,0.0,False,18.65045928955078,24.871109008789062,0.10997877027199592,-15.103096008300781,0.0337983654705657,0.009772458817520112,0.07882693781126293,10.0,0.0,0.0,0.0,30.0,0.0,0.0,2505920.0,2505920.0,True,9.213058471679688,2.350112199783325,5.329657077789307,8.87468433380127,0.8341463255072318,0.0,0.6777536853801397,done,0.0,16.97137475013733,0.98,0.9,1.33,0.07,11.53,2.08
93,2.0,1612.0,1646.0,2653352.0,30.0,26510.0,57098.0,0.0,0.0,0.0,False,145.39068603515625,53.70545196533203,0.04665645568322635,-31.552734375,0.00809127473475061,0.018772857879391803,0.07510386861599969,10.0,0.0,0.0,0.0,30.0,0.0,0.0,2653352.0,2653352.0,True,7.607964515686035,2.3282930850982666,40.88557434082031,55.651145935058594,0.8001048742415796,0.0,0.6542207811607188,done,0.0,25.57878279685974,8.88,0.94,1.35,0.09,12.02,2.19
94,2.0,1274.0,1934.0,2463916.0,30.0,5752.0,21780.0,0.0,0.0,0.0,False,82.71240234375,28.121826171875,0.014757808301906396,-20.8802490234375,0.0014724527946569606,0.008292896348739162,0.15513799983440993,10.0,0.0,0.0,0.0,30.0,0.0,0.0,2463916.0,2463916.0,True,8.266127586364746,2.6462466716766357,61.46828842163086,98.59312438964844,0.6449739551253251,0.0,0.5021339675557216,done,0.0,19.42396640777588,4.27,0.91,1.27,0.07,10.8,2.02
67,3.0,1703.0,1419.0,2416557.0,30.0,31156.0,14005.0,0.0,0.0,0.0,False,50.285301208496094,116.0010757446289,0.041595128937575235,-55.55609130859375,0.01147252061507343,0.006086758971545054,0.07132792646728382,10.0,0.0,0.0,0.0,30.0,0.0,0.0,2416557.0,2416557.0,True,8.909926414489746,2.1402313709259033,9.11844253540039,10.450277328491211,0.808599451329109,0.0,0.620524065748415,done,0.0,17.90912914276123,2.6,0.87,1.28,0.07,10.91,2.05
86,2.0,1696.0,1634.0,2771264.0,30.0,21103.0,71254.0,0.0,0.0,0.0,False,26.56591796875,199.7076416015625,0.1349337342093716,-42.191650390625,0.011962772222350523,0.029722538163090922,0.09268333872196947,10.0,0.0,0.0,0.0,30.0,0.0,0.0,2771264.0,2771264.0,True,8.145158767700195,2.6834890842437744,33.184234619140625,47.65016174316406,0.7173908680855666,0.0,0.5966547332606821,done,0.0,30.126140356063843,12.84,1.02,1.51,0.09,12.21,2.37
105,2.0,1962.0,1214.0,2381868.0,30.0,41811.0,4334.0,0.0,0.0,0.0,False,8.4232177734375,6.73687744140625,0.03997450740343294,-6.332794189453125,0.011549338586353233,0.006961762784503591,0.07974833198145322,10.0,0.0,0.0,0.0,30.0,0.0,0.0,2381868.0,2381868.0,True,9.415489196777344,2.1876566410064697,4.06732702255249,4.699601650238037,0.8624420166144326,0.0,0.679460714025749,done,0.0,16.636892318725586,0.89,1.47,1.27,0.07,10.81,2.04
89,2.0,2376.0,1012.0,2404512.0,30.0,16044.0,14781.0,0.0,0.0,0.0,False,129.832275390625,71.7310791015625,0.01813507272993439,-26.6663818359375,0.002886656419265115,0.006063600431189364,0.08289291132670579,10.0,0.0,0.0,0.0,30.0,0.0,0.0,2404512.0,2404512.0,True,7.90932559967041,2.5869555473327637,38.57188415527344,53.553466796875,0.8303282559627425,0.0,0.6738405725617069,done,0.0,19.085636615753174,3.89,0.86,1.23,0.08,10.85,2.09
95,2.0,1464.0,1630.0,2386320.0,30.0,9354.0,17788.0,0.0,0.0,0.0,False,88.77330017089844,228.08050537109375,0.0270022461363103,-58.920501708984375,0.004480539072714473,0.006769838077039123,0.07046540279593684,10.0,0.0,0.0,0.0,30.0,0.0,0.0,2386320.0,2386320.0,True,6.739202499389648,1.973345398902893,168.7714080810547,163.1345977783203,0.6503458718387194,0.0,0.472491294335396,done,0.0,18.51768684387207,3.26,0.82,1.3,0.08,11.01,1.95
97,2.0,1182.0,1916.0,2264712.0,30.0,6409.0,222.0,0.0,0.0,0.0,False,24.72607421875,545.8594360351562,0.03776462525919411,-52.13018798828125,0.0018682287195899523,1.4571389209753824e-05,0.06877033371130634,10.0,0.0,0.0,0.0,30.0,0.0,0.0,2264712.0,2264712.0,True,6.739402770996094,1.9007513523101807,77.55514526367188,70.92304229736328,0.7713068484713889,0.0,0.5939253697962584,done,0.0,14.950679302215576,0.69,0.78,1.21,0.07,10.23,1.88
59,3.0,1306.0,1781.0,2325986.0,30.0,12957.0,5996.0,0.0,0.0,1833.0,False,8.30517578125,5.048828125,0.012943758044975336,-4.5361328125,0.0031246963653263605,0.0033843711871008684,0.10688241459750833,10.0,0.0,0.0,0.0,30.0,0.0,1833.0,2325986.0,2325986.0,True,8.840487480163574,2.262688159942627,25.989105224609375,35.97627639770508,0.6419536833702885,0.0,0.4592513883660939,done,0.0,16.294463872909546,1.83,0.81,1.25,0.07,10.31,1.95
51,3.0,2351.0,1071.0,2517921.0,30.0,34949.0,99831.0,0.0,0.0,0.0,False,29.84716796875,26.146728515625,0.1944945850167658,-12.29345703125,0.022485614123715556,0.05330032197197609,0.1152796295038645,10.0,0.0,0.0,0.0,30.0,0.0,0.0,2517921.0,2517921.0,True,8.983874320983887,2.8163681030273438,31.355985641479492,45.159698486328125,0.6332963898807175,0.0,0.49649868616807463,done,0.0,32.1512393951416,16.85,0.89,1.34,0.08,10.74,2.15
72,2.0,1170.0,1916.0,2241720.0,30.0,13959.0,943.0,0.0,0.0,0.0,False,23.5701904296875,18.891921997070312,0.023295505237050124,-11.418991088867188,0.006004318112877612,0.00016103706082829257,0.0763623467694449,10.0,0.0,0.0,0.0,30.0,0.0,0.0,2241720.0,2241720.0,True,7.56654691696167,1.8585219383239746,74.92022705078125,83.80452728271484,0.6844479906475922,0.0,0.49981300478991525,done,0.0,15.064514875411987,0.77,0.78,1.17,0.06,10.4,1.79
119,2.0,1222.0,1742.0,2128724.0,30.0,58369.0,3884.0,0.0,0.0,0.0,False,19.56745147705078,44.248435974121094,0.07454465679909655,-13.116607666015625,0.014731829960107558,0.034979170620521964,0.07427266287221829,10.0,0.0,0.0,0.0,30.0,0.0,0.0,2128724.0,2128724.0,True,9.913583755493164,2.125850200653076,4.184072494506836,6.093337535858154,0.8582230739002958,0.0,0.5616027772922748,done,0.0,15.262087345123291,1.7,0.82,1.15,0.07,9.62,1.83
84,2.0,1528.0,1372.0,2096416.0,30.0,7182.0,6.0,0.0,0.0,0.0,False,27.718017578125,45.7213134765625,0.008213541587165906,-13.431640625,0.0013198716285317419,0.00011734312273899837,0.09281554805916382,10.0,0.0,0.0,0.0,30.0,0.0,0.0,2096416.0,2096416.0,True,7.5592498779296875,2.265132427215576,62.44446563720703,80.69003295898438,0.7252867578920176,0.0,0.564155452630619,done,0.0,13.440904378890991,0.62,0.75,1.08,0.06,9.19,1.66
68,3.0,2085.0,1179.0,2458215.0,30.0,28590.0,145194.0,0.0,0.0,0.0,False,53.008331298828125,31.7890625,0.10125558586209912,-31.435272216796875,0.011660900287403665,0.05543005798923203,0.10759351806086936,10.0,0.0,0.0,0.0,30.0,0.0,0.0,2458215.0,2458215.0,True,8.350495338439941,2.7857940196990967,36.33767318725586,63.11259841918945,0.7180632096208741,0.0,0.6138415409159321,done,0.0,36.516233921051025,20.83,0.88,1.31,0.07,11.12,2.21
52,3.0,1002.0,2038.0,2042076.0,30.0,10486.0,324.0,0.0,0.0,0.0,False,108.42169189453125,201.43475341796875,0.02026858941586895,-54.1678466796875,0.0028725669367839395,6.415040380475556e-05,0.06407841823712732,10.0,0.0,0.0,0.0,30.0,0.0,0.0,2042076.0,2042076.0,True,6.693371772766113,1.818466305732727,73.81710052490234,72.09171295166016,0.8028122807643231,0.0,0.6512524004503568,done,0.0,13.354711771011353,0.5,0.71,1.12,0.06,9.22,1.66
80,2.0,1320.0,1518.0,2003760.0,30.0,4156.0,728.0,0.0,0.0,0.0,False,23.9046630859375,37.6533203125,0.004091308340320198,-8.4345703125,0.00067722681359045,0.00031989859064957877,0.07334111869684992,10.0,0.0,0.0,0.0,30.0,0.0,0.0,2003760.0,2003760.0,True,7.7150444984436035,2.090062141418457,37.409175872802734,45.315608978271484,0.7756815127973212,0.0,0.6058951251877832,done,0.0,13.294145584106445,0.54,0.71,1.03,0.06,9.15,1.68
90,2.0,1976.0,1044.0,2062944.0,30.0,16421.0,20142.0,0.0,0.0,1.0,False,31.5687255859375,277.13623046875,0.0744930545860673,-50.046875,0.00640056152760327,0.010479198659779422,0.08729417764127383,10.0,0.0,0.0,0.0,30.0,0.0,1.0,2062944.0,2062944.0,True,8.324570655822754,2.288609504699707,30.7579345703125,44.06312561035156,0.731007693826917,0.0,0.5762385655920512,done,0.0,16.688613653182983,3.55,0.75,1.1,0.07,9.26,1.84
48,3.0,1231.0,1625.0,2000375.0,30.0,11625.0,7753.0,0.0,0.0,0.0,False,225.687255859375,83.816650390625,0.014963194401049804,-135.876953125,0.004148722114603512,0.003399862525776417,0.0867227394863463,10.0,0.0,0.0,0.0,30.0,0.0,0.0,2000375.0,2000375.0,True,7.880484580993652,2.27583384513855,51.8146858215332,79.14961242675781,0.758474026104622,0.0,0.5965606067519837,done,0.0,13.97532606124878,0.99,0.76,0.99,0.05,9.21,1.88
96,2.0,1390.0,1372.0,1907080.0,30.0,8626.0,4262.0,0.0,0.0,0.0,False,19.9854736328125,43.36669921875,0.022389202340751306,-26.372314453125,0.002209660842754368,0.002074899846886339,0.07551177716718753,10.0,0.0,0.0,0.0,30.0,0.0,0.0,1907080.0,1907080.0,True,7.268830299377441,2.01043701171875,65.97135162353516,77.71733856201172,0.748681285597051,0.0,0.5714499290825595,done,0.0,12.866937160491943,1.05,0.67,0.98,0.05,8.51,1.55
87,2.0,804.0,2358.0,1895832.0,30.0,26620.0,2653.0,0.0,0.0,2.0,False,39.214599609375,6.4884033203125,0.03528635448710645,-10.2833251953125,0.009562028702965242,0.003172749484131505,0.11248043075546778,10.0,0.0,0.0,0.0,30.0,0.0,2.0,1895832.0,1895832.0,True,8.550305366516113,2.615018367767334,23.798965454101562,40.0279426574707,0.8098112179236139,0.0,0.6516721856159718,done,0.0,12.598426342010498,0.69,0.71,0.97,0.05,8.45,1.63
61,3.0,1193.0,1382.0,1648726.0,30.0,332.0,0.0,4.0,0.0,18.0,True,22.17626953125,3.154296875,0.0003093297491517693,-5.6875,3.821132195404209e-05,2.4261156796217202e-06,0.1782606691469656,10.0,0.0,0.0,0.0,30.0,0.0,18.0,1648726.0,1648726.0,True,8.1431303024292,2.6963729858398438,71.48741912841797,87.71340942382812,0.5274174407897785,0.0,0.4506886841052989,done,0.0,10.686320781707764,0.46,0.59,0.85,0.05,7.24,1.4
64,3.0,1265.0,1178.0,1490170.0,30.0,13103.0,4431.0,0.0,0.0,0.0,False,16.969440460205078,40.9713134765625,0.023078574927692812,-14.519287109375,0.005172564204084098,0.0064012830750853926,0.07844339907527328,10.0,0.0,0.0,0.0,30.0,0.0,0.0,1490170.0,1490170.0,True,7.674610137939453,2.5692591667175293,47.85248565673828,60.606571197509766,0.8215469546069597,0.0,0.6343309467291134,done,0.0,10.076857805252075,0.54,0.53,0.74,0.04,6.81,1.34
50,3.0,1614.0,1020.0,1646280.0,30.0,3903.0,6.0,29.0,0.0,0.0,True,9.644287109375,71.93359375,0.0038535364579536896,-19.570068359375,0.0004968778093641422,0.0006815365551425031,0.1391525135456909,10.0,0.0,0.0,0.0,30.0,0.0,0.0,1646280.0,1646280.0,True,8.123197555541992,2.7223727703094482,60.853370666503906,78.80638122558594,0.6922886829613626,0.0,0.4925647149249403,done,0.0,10.51041555404663,0.45,0.6,0.83,0.05,7.1,1.42
65,3.0,1347.0,1232.0,1659504.0,30.0,14826.0,6399.0,0.0,0.0,3851.0,False,78.60675048828125,102.32904052734375,0.03002644163557304,-91.9970703125,0.00785234624321484,0.002473630675189695,0.05430658799255681,10.0,0.0,0.0,0.0,30.0,0.0,3851.0,1659504.0,1659504.0,True,7.905640602111816,1.8104841709136963,28.647865295410156,28.53624725341797,0.7521814870923914,0.0,0.5945574599521958,done,0.0,11.744478702545166,1.07,0.62,0.85,0.05,7.62,1.47
10,13.0,1603.0,920.0,1474760.0,30.0,35217.0,5750.0,0.0,0.0,0.0,False,12.291702270507812,9.599563598632812,0.09301242236024845,-8.988082885742188,0.02039111448642491,0.009040793078195775,0.08925520084623939,10.0,0.0,0.0,0.0,30.0,0.0,0.0,1474760.0,1474760.0,True,9.35594367980957,2.360930919647217,7.732570648193359,16.382307052612305,0.7901318204600476,0.0,0.6343938481499543,done,0.0,10.872215509414673,1.14,0.55,0.75,0.04,6.66,1.67
31,5.0,1228.0,1446.0,1775688.0,30.0,47023.0,5006.0,0.0,0.0,0.0,False,19.02035140991211,16.342483520507812,0.07496474605899235,-17.744213104248047,0.026905064403205968,0.005679488739012709,0.07474229707020602,10.0,0.0,0.0,0.0,30.0,0.0,0.0,1775688.0,1775688.0,True,8.96480655670166,2.3387179374694824,4.2128005027771,4.80927848815918,0.863697256274606,0.0,0.7582197736167221,done,0.0,12.541882514953613,1.11,0.67,0.94,0.05,8.04,1.62
112,2.0,2330.0,910.0,2120300.0,30.0,6629.0,105263.0,0.0,0.0,0.0,False,84.13356018066406,41.965179443359375,0.0672536905154931,-22.356948852539062,0.0031750224024902135,0.0458609630712635,0.10116681601660142,10.0,0.0,0.0,0.0,30.0,0.0,0.0,2120300.0,2120300.0,True,7.648128032684326,2.667179822921753,144.2610321044922,171.7140350341797,0.6011900130464842,0.0,0.4629987912383921,done,0.0,30.759884119033813,17.83,0.74,1.15,0.06,9.26,1.63
57,3.0,1909.0,771.0,1471839.0,30.0,27099.0,7124.0,0.0,0.0,0.0,False,14.3692626953125,6.534759521484375,0.046881486358222604,-7.1798095703125,0.017506670226838668,0.008680976655734765,0.07154858649621323,10.0,0.0,0.0,0.0,30.0,0.0,0.0,1471839.0,1471839.0,True,8.944099426269531,2.2075705528259277,5.12769889831543,5.122440338134766,0.8785856138135512,0.0,0.7239942731617169,done,0.0,10.119532585144043,0.65,0.54,0.77,0.04,6.7,1.35
113,2.0,1346.0,1872.0,2519712.0,30.0,8252.0,316868.0,0.0,0.0,0.0,False,76.70411682128906,41.575225830078125,0.14861103173696041,-21.118270874023438,0.0032087000419095514,0.12454915482404338,0.15248766525698176,10.0,0.0,0.0,0.0,30.0,0.0,0.0,2519712.0,2519712.0,True,8.941375732421875,3.5747976303100586,66.13259887695312,113.53536987304688,0.6031584441632112,0.0,0.5148120624914567,done,0.0,62.30691409111023,47.06,0.82,1.3,0.07,11.0,1.96
29,5.0,953.0,1491.0,1420923.0,30.0,17807.0,202.0,0.0,0.0,0.0,False,7.4320068359375,15.9012451171875,0.12540510639915042,-5.6201171875,0.01660188483119775,0.005908835313384328,0.21152940729370978,10.0,0.0,0.0,0.0,30.0,0.0,0.0,1420923.0,1420923.0,True,9.835346221923828,2.878049373626709,17.031436920166016,43.82859802246094,0.6389088512393721,0.0,0.5565899605089294,done,0.0,9.43982744216919,0.58,0.5,0.7,0.04,6.18,1.36
85,2.0,780.0,1756.0,1369680.0,30.0,3582.0,12.0,0.0,0.0,0.0,False,12.633056640625,115.251953125,0.009727819636703463,-21.1492919921875,0.001966882775538812,0.0003504468196951113,0.09023567548624496,10.0,0.0,0.0,0.0,30.0,0.0,0.0,1369680.0,1369680.0,True,7.419584274291992,2.175931215286255,53.60087585449219,60.20718002319336,0.7371588748274963,0.0,0.5584879457351192,done,0.0,9.121014833450317,0.32,0.51,0.72,0.03,6.26,1.19
88,2.0,1664.0,792.0,1317888.0,30.0,602.0,0.0,7.0,0.0,0.0,True,7.1563720703125,1.594482421875,0.0006616647241647241,-3.005859375,6.980866355866356e-05,9.63663073038073e-05,0.1642127403846154,10.0,0.0,0.0,0.0,30.0,0.0,0.0,1317888.0,1317888.0,True,8.267793655395508,2.638278007507324,63.136314392089844,96.36524963378906,0.6356423340353525,0.0,0.5084176438894791,done,0.0,8.577155351638794,0.36,0.48,0.64,0.03,5.9,1.12
92,2.0,1120.0,1156.0,1294720.0,30.0,64540.0,7095.0,0.0,0.0,0.0,False,12.32501220703125,13.745319366455078,0.11020220588235294,-12.450675964355469,0.03829013222936233,0.046647923875432526,0.08584172639644093,10.0,0.0,0.0,0.0,30.0,0.0,0.0,1294720.0,1294720.0,True,9.992584228515625,2.450611114501953,2.386875867843628,7.97736930847168,0.9131183526666163,0.0,0.7392245738134945,done,0.0,9.357377290725708,1.03,0.5,0.65,0.03,5.87,1.21
37,4.0,1415.0,982.0,1389530.0,30.0,8816.0,12150.0,0.0,0.0,0.0,False,54.6719970703125,109.737060546875,0.04133915784473887,-45.279388427734375,0.004880067360906206,0.00781703165818658,0.0795405640756227,10.0,0.0,0.0,0.0,30.0,0.0,0.0,1389530.0,1389530.0,True,7.0584845542907715,2.2640955448150635,62.99378967285156,65.75009155273438,0.7698234128616401,0.0,0.641121207473268,done,0.0,10.911200284957886,1.88,0.5,0.7,0.04,6.45,1.26
111,2.0,976.0,1318.0,1286368.0,30.0,20007.0,505.0,0.0,0.0,0.0,False,28.914794921875,31.60076904296875,0.03806142565735466,-28.423095703125,0.014310834846637976,0.0031678337769596257,0.15137581158735292,10.0,0.0,0.0,0.0,30.0,0.0,0.0,1286368.0,1286368.0,True,9.52574348449707,2.661621332168579,14.00501537322998,41.3302116394043,0.7799549369522408,0.0,0.6296626959001572,done,0.0,8.320525884628296,0.41,0.48,0.61,0.03,5.54,1.15
101,2.0,1210.0,1580.0,1911800.0,30.0,47418.0,199532.0,0.0,0.0,0.0,False,44.775814056396484,53.124778747558594,0.22772831886180564,-36.047481536865234,0.036726645046552986,0.09721832827701643,0.10738937127314573,10.0,0.0,0.0,0.0,30.0,0.0,0.0,1911800.0,1911800.0,True,8.406575202941895,3.041569948196411,8.475326538085938,9.054301261901855,0.7873070186975345,0.0,0.80812511193342,done,0.0,39.66952180862427,27.37,0.69,1.05,0.06,8.68,1.72
99,2.0,1106.0,1042.0,1152452.0,30.0,2190.0,498.0,6.0,0.0,0.0,True,20.7584228515625,148.24090576171875,0.012641741261241249,-39.94451904296875,0.0009562220378809703,0.00018655874604755774,0.06282864709332797,10.0,0.0,0.0,0.0,30.0,0.0,0.0,1152452.0,1152452.0,True,6.577259540557861,1.7184412479400635,129.0174560546875,102.33860778808594,0.6989625911248882,0.0,0.49099146789571696,done,0.0,7.573754549026489,0.34,0.42,0.6,0.03,5.1,0.98
91,2.0,1054.0,1194.0,1258476.0,30.0,4568.0,1893.0,0.0,0.0,0.0,False,10.59625244140625,14.8858642578125,0.008749471583089388,-6.1002960205078125,0.0008478508926670036,0.0015820722842549242,0.11317021540339267,10.0,0.0,0.0,0.0,30.0,0.0,0.0,1258476.0,1258476.0,True,7.692035675048828,2.7346365451812744,40.24346160888672,48.360198974609375,0.7977323220292076,0.0,0.6826651063884266,done,0.0,8.428413391113281,0.49,0.48,0.6,0.03,5.59,1.16
79,2.0,1222.0,872.0,1065584.0,30.0,16805.0,1341.0,0.0,0.0,0.0,False,83.3717041015625,30.84124755859375,0.047259530923887745,-20.466552734375,0.01142659799696692,0.001405801888917251,0.1003440366972477,10.0,0.0,0.0,0.0,30.0,0.0,0.0,1065584.0,1065584.0,True,8.434158325195312,2.170319080352783,29.552364349365234,59.630733489990234,0.7678012425336135,0.0,0.6104445043796334,done,0.0,7.199828863143921,0.37,0.4,0.52,0.03,4.85,0.91
78,2.0,770.0,1548.0,1191960.0,30.0,9292.0,7360.0,0.0,0.0,0.0,False,25.8896484375,87.983642578125,0.024010033893754824,-24.935302734375,0.0038013020571160106,0.004683882009463405,0.07564096110607739,10.0,0.0,0.0,0.0,30.0,0.0,0.0,1191960.0,1191960.0,True,7.6720123291015625,2.0724895000457764,39.76660919189453,46.1840705871582,0.7939192141058857,0.0,0.618604550164173,done,0.0,8.860572576522827,1.01,0.46,0.58,0.03,5.5,1.16
114,2.0,1364.0,776.0,1058464.0,30.0,507.0,0.0,0.0,0.0,0.0,False,38.267578125,141.96484375,0.0018583532363878224,-13.957763671875,0.00037034797593493967,9.44765244731989e-07,0.11206332950388488,10.0,0.0,0.0,0.0,30.0,0.0,0.0,1058464.0,1058464.0,True,6.928640365600586,2.2070236206054688,137.6727752685547,152.083740234375,0.6487283962778977,0.0,0.5216765219232041,done,0.0,6.762106895446777,0.23,0.38,0.5,0.03,4.71,0.85
117,2.0,1018.0,1096.0,1115728.0,30.0,18029.0,11939.0,0.0,0.0,0.0,False,41.57568359375,40.5948486328125,0.08919557454863551,-15.79541015625,0.01729543401259088,0.008065585877561557,0.08292254026070871,10.0,0.0,0.0,0.0,30.0,0.0,0.0,1115728.0,1115728.0,True,8.42507266998291,2.256683826446533,16.050962448120117,20.991727828979492,0.7776738453739291,0.0,0.6575491681423603,done,0.0,9.179750204086304,1.88,0.42,0.57,0.03,5.06,0.96
106,2.0,980.0,1310.0,1283800.0,30.0,22402.0,18598.0,0.0,0.0,0.0,False,90.12045288085938,60.09547424316406,0.10605234460196292,-44.93183898925781,0.02292023679700888,0.009259230409721141,0.07415095809316093,10.0,0.0,0.0,0.0,30.0,0.0,0.0,1283800.0,1283800.0,True,7.626232147216797,2.2142081260681152,18.555492401123047,18.955549240112305,0.8004619632377044,0.0,0.7433342760769065,done,0.0,11.570464849472046,3.25,0.46,0.7,0.03,5.89,1.13
75,2.0,1110.0,878.0,974580.0,30.0,24392.0,2632.0,0.0,0.0,0.0,False,37.66258239746094,50.27055358886719,0.13052083974635229,-41.88456726074219,0.03977097826756141,0.0006392497280879968,0.07565310184900162,10.0,0.0,0.0,0.0,30.0,0.0,0.0,974580.0,974580.0,True,7.6885151863098145,2.106266736984253,9.978734016418457,8.582690238952637,0.8543268764456295,0.0,0.8106107593392228,done,0.0,6.641063451766968,0.47,0.39,0.51,0.02,4.32,0.86
100,2.0,880.0,946.0,832480.0,30.0,7790.0,169.0,0.0,0.0,177.0,False,81.6513671875,53.53938293457031,0.04923721891216606,-18.9100341796875,0.008680088410532385,0.00020180665000960984,0.06566524120699596,10.0,0.0,0.0,0.0,30.0,0.0,177.0,832480.0,832480.0,True,7.758822917938232,2.012403726577759,32.19252395629883,44.924720764160156,0.7808973984218748,0.0,0.6571354053011261,done,0.0,5.56688117980957,0.23,0.31,0.43,0.02,3.84,0.69
104,2.0,1178.0,748.0,881144.0,30.0,25133.0,2196.0,0.0,0.0,399.0,False,31.797151565551758,13.115898132324219,0.2792926014363146,-21.962352752685547,0.07165230654694352,0.0028167927149251428,0.08795497671209246,10.0,0.0,0.0,0.0,30.0,0.0,399.0,881144.0,881144.0,True,8.639335632324219,2.4304635524749756,3.6084678173065186,4.722028732299805,0.7730884915978459,0.0,0.7660954769087382,done,0.0,6.300976276397705,0.66,0.34,0.46,0.02,3.96,0.79
83,2.0,802.0,1002.0,803604.0,30.0,1184.0,12.0,2.0,0.0,0.0,True,8.947265625,1.906005859375,0.002294662545233722,-2.8857421875,0.00017545955470604926,7.341924629543905e-05,0.06382621291083668,10.0,0.0,0.0,0.0,30.0,0.0,0.0,803604.0,803604.0,True,7.313475131988525,1.854681134223938,55.19706726074219,56.96647644042969,0.7683135967504046,0.0,0.5606836024777657,done,0.0,5.298406600952148,0.24,0.3,0.4,0.02,3.62,0.68
47,3.0,907.0,841.0,762787.0,30.0,6169.0,28.0,0.0,0.0,0.0,False,6.7733154296875,10.373779296875,0.013265826502024812,-2.828125,0.00257476857890866,0.0010448526259624247,0.10920873061549292,10.0,0.0,0.0,0.0,30.0,0.0,0.0,762787.0,762787.0,True,9.422558784484863,2.318432331085205,6.95715856552124,8.214937210083008,0.7933405376021393,0.0,0.5927822341994353,done,0.0,5.060945749282837,0.18,0.42,0.36,0.02,3.32,0.72
107,2.0,846.0,894.0,756324.0,30.0,10951.0,3789.0,0.0,0.0,0.0,False,14.43597412109375,27.155426025390625,0.04131298226685918,-15.925140380859375,0.013746754036629805,0.0040286966961249416,0.07517545390599796,10.0,0.0,0.0,0.0,30.0,0.0,0.0,756324.0,756324.0,True,8.210644721984863,2.279832124710083,11.25856876373291,11.413360595703125,0.8607223925100644,0.0,0.746922341409892,done,0.0,5.285274267196655,0.45,0.3,0.38,0.02,3.41,0.66
115,2.0,800.0,870.0,696000.0,30.0,20737.0,8.0,0.0,0.0,0.0,False,6.2513427734375,8.454025268554688,0.07347270114942529,-2.99365234375,0.018586206896551723,0.008135057471264367,0.098316091954023,10.0,0.0,0.0,0.0,30.0,0.0,0.0,696000.0,696000.0,True,9.95815372467041,2.0457987785339355,3.704395055770874,5.131522178649902,0.80345644219555,0.0,0.5590001962819389,done,0.0,4.796120882034302,0.21,0.27,0.34,0.02,3.14,0.69
109,2.0,858.0,786.0,674388.0,30.0,14140.0,254.0,0.0,0.0,0.0,False,11.132568359375,7.81561279296875,0.03363790577531035,-4.5328369140625,0.007062699810791414,0.008343861397296511,0.09284566154795162,10.0,0.0,0.0,0.0,30.0,0.0,0.0,674388.0,674388.0,True,9.845922470092773,2.1974937915802,4.5967254638671875,5.565592288970947,0.8386237091281068,0.0,0.6148564956205559,done,0.0,4.487704038619995,0.18,0.27,0.32,0.02,3.02,0.61
74,2.0,1494.0,922.0,1377468.0,30.0,34844.0,144450.0,0.0,0.0,30463.0,False,48.46630859375,29.84228515625,0.2033775013285245,-28.20684814453125,0.05118231421709978,0.08183057610049743,0.0628043627873751,10.0,0.0,0.0,0.0,30.0,0.0,30463.0,1377468.0,1377468.0,True,8.102312088012695,2.559359312057495,11.567273139953613,10.643139839172363,0.7310305770305388,0.0,0.7328221275661598,done,0.0,28.819907903671265,19.87,0.75,0.78,0.03,6.11,1.21
38,4.0,810.0,786.0,636660.0,30.0,7334.0,3317.0,0.0,0.0,0.0,False,25.570083618164062,65.38101196289062,0.03661451952376465,-22.1827392578125,0.007412119498633494,0.0036298809411616875,0.07304369679263657,10.0,0.0,0.0,0.0,30.0,0.0,0.0,636660.0,636660.0,True,7.953391075134277,2.2372922897338867,15.676043510437012,19.834308624267578,0.8553715686173874,0.0,0.7274736546060209,done,0.0,4.340327024459839,0.2,0.24,0.31,0.01,2.92,0.61
98,2.0,830.0,874.0,725420.0,30.0,4072.0,13944.0,0.0,0.0,0.0,False,16.39776611328125,53.8359375,0.05105042596013344,-34.12554931640625,0.005268671941771663,0.018017148686278295,0.0819787157784456,10.0,0.0,0.0,0.0,30.0,0.0,0.0,725420.0,725420.0,True,7.387155055999756,2.260668992996216,56.61722183227539,64.38804626464844,0.7458019166846035,0.0,0.6162082434677887,done,0.0,7.20233154296875,2.54,0.27,0.36,0.02,3.34,0.61
55,3.0,803.0,781.0,627143.0,30.0,13410.0,19558.0,0.0,0.0,0.0,False,28.275604248046875,22.571334838867188,0.13661318072592693,-13.160614013671875,0.027738490264580806,0.027789515309905397,0.08303847766777274,10.0,0.0,0.0,0.0,30.0,0.0,0.0,627143.0,627143.0,True,8.9791898727417,2.395233631134033,4.91368293762207,6.448076248168945,0.8249794791537269,0.0,0.7272389922247543,done,0.0,7.099010229110718,2.98,0.26,0.32,0.02,2.84,0.61
54,3.0,1281.0,1459.0,1868979.0,30.0,100482.0,287488.0,0.0,0.0,0.0,False,11.779372215270996,5.81062126159668,0.3236141230051274,-5.524837493896484,0.09614714772076091,0.20914146172856946,0.12881739174169426,10.0,0.0,0.0,0.0,30.0,0.0,0.0,1868979.0,1868979.0,True,10.81213665008545,3.0102007389068604,0.5952109694480896,1.3404209613800049,0.7757053903924319,0.0,0.7677647392984274,done,0.0,50.23531746864319,38.4,0.65,1.01,0.05,8.42,1.63
116,2.0,798.0,922.0,735756.0,30.0,14312.0,40319.0,0.0,0.0,0.0,False,70.33731842041016,25.11016845703125,0.17058508527283503,-18.149703979492188,0.033849537074791096,0.04056779693267877,0.08821538662273906,10.0,0.0,0.0,0.0,30.0,0.0,0.0,735756.0,735756.0,True,8.118158340454102,2.560609817504883,9.886429786682129,10.34093189239502,0.7864815384515419,0.0,0.7633562550188389,done,0.0,9.722006559371948,4.97,0.29,0.38,0.02,3.36,0.67
62,3.0,774.0,763.0,590562.0,30.0,3383.0,0.0,0.0,0.0,0.0,False,6.881195068359375,4.1768341064453125,0.011805703719507859,-2.82891845703125,0.0023740098414730374,0.00047581794968182847,0.06041194658647187,10.0,0.0,0.0,0.0,30.0,0.0,0.0,590562.0,590562.0,True,8.442787170410156,1.772428035736084,28.57362937927246,29.25394058227539,0.7043949321734969,0.0,0.47829198552158325,done,0.0,4.019859075546265,0.15,0.23,0.29,0.01,2.73,0.55
108,2.0,800.0,746.0,596800.0,30.0,13489.0,8750.0,0.0,0.0,0.0,False,21.2928466796875,12.96868896484375,0.07710790884718499,-7.36669921875,0.024277815013404827,0.01166387399463807,0.07566689008042896,10.0,0.0,0.0,0.0,30.0,0.0,0.0,596800.0,596800.0,True,8.439726829528809,2.361565589904785,8.622397422790527,9.716877937316895,0.8597123321540303,0.0,0.7690897991408109,done,0.0,4.722483158111572,0.83,0.24,0.3,0.01,2.71,0.57
103,2.0,808.0,744.0,601152.0,30.0,20052.0,12811.0,0.0,0.0,0.0,False,11.5665283203125,11.510223388671875,0.12708266794421377,-11.230865478515625,0.04110108591504312,0.03363541999361226,0.07869889811561802,10.0,0.0,0.0,0.0,30.0,0.0,0.0,601152.0,601152.0,True,9.941854476928711,2.192352294921875,1.2265526056289673,1.325682520866394,0.8671787114564946,0.0,0.674662161225582,done,0.0,5.198543310165405,1.29,0.24,0.29,0.01,2.72,0.59
58,3.0,782.0,753.0,588846.0,30.0,1234.0,0.0,0.0,0.0,0.0,False,6.43939208984375,23.4820556640625,0.00812436528396219,-19.36962890625,0.0020141089520859445,0.0006640106241699867,0.09375626224853358,10.0,0.0,0.0,0.0,30.0,0.0,0.0,588846.0,588846.0,True,9.07975959777832,1.8711246252059937,33.01282501220703,46.21445846557617,0.5760510173042005,0.0,0.3715561517979495,done,0.0,3.8714210987091064,0.15,0.23,0.28,0.01,2.6,0.56
63,3.0,772.0,754.0,582088.0,30.0,7672.0,3841.0,0.0,0.0,0.0,False,13.353286743164062,4.987396240234375,0.03189552095215844,-4.663055419921875,0.006684556287021894,0.0033671884663487306,0.06994646857519825,10.0,0.0,0.0,0.0,30.0,0.0,0.0,582088.0,582088.0,True,8.481133460998535,2.0951828956604004,9.232089042663574,12.6854248046875,0.8719558581960416,0.0,0.7350425438664134,done,0.0,4.029761791229248,0.26,0.24,0.3,0.01,2.6,0.56
110,2.0,750.0,756.0,567000.0,30.0,14797.0,0.0,0.0,0.0,0.0,False,11.47003173828125,6.076484680175781,0.08292239858906525,-5.6638336181640625,0.023934744268077603,0.012222222222222223,0.08246384479717814,10.0,0.0,0.0,0.0,30.0,0.0,0.0,567000.0,567000.0,True,9.022305488586426,2.4017350673675537,16.402196884155273,31.095718383789062,0.8130932862100043,0.0,0.6198634977910237,done,0.0,3.8692777156829834,0.2,0.23,0.28,0.01,2.57,0.54
279,1.0,742.0,742.0,550564.0,30.0,9804.0,2107.0,0.0,0.0,0.0,False,61.741790771484375,40.289886474609375,0.06456833356340044,-24.780609130859375,0.021269098597075,0.003503679862831569,0.10406964494591,10.0,0.0,0.0,0.0,30.0,0.0,0.0,550564.0,550564.0,True,8.089993476867676,2.3823258876800537,38.978878021240234,79.17867279052734,0.7986908557389237,0.0,0.6537769582197386,done,0.0,3.9409914016723633,0.24,0.22,0.26,0.01,2.48,0.7
71,2.0,760.0,760.0,577600.0,30.0,16845.0,9467.0,0.0,0.0,0.0,False,19.061622619628906,18.473770141601562,0.12386945983379502,-17.61843490600586,0.034766274238227146,0.009643351800554017,0.08161703601108034,10.0,0.0,0.0,0.0,30.0,0.0,0.0,577600.0,577600.0,True,8.28742790222168,2.2419016361236572,7.503006458282471,8.1098051071167,0.8567510306486325,0.0,0.7927138510140571,done,0.0,4.936014652252197,0.95,0.23,0.29,0.01,2.64,0.76
277,1.0,742.0,742.0,550564.0,30.0,14621.0,2.0,0.0,0.0,0.0,False,37.25651550292969,18.715957641601562,0.06802297280606796,-12.599197387695312,0.020691509070698413,0.0033075173821753693,0.07971825255556121,10.0,0.0,0.0,0.0,30.0,0.0,0.0,550564.0,550564.0,True,8.521857261657715,2.3217718601226807,8.01455307006836,11.029075622558594,0.8879653477952142,0.0,0.7535610314032076,done,0.0,3.758892297744751,0.18,0.23,0.26,0.01,2.49,0.51
276,1.0,742.0,742.0,550564.0,30.0,1081.0,1.0,0.0,0.0,0.0,False,84.10693359375,33.57440185546875,0.006747626070720207,-24.74432373046875,0.001623789423209654,9.626492106276473e-05,0.10645810477982579,10.0,0.0,0.0,0.0,30.0,0.0,0.0,550564.0,550564.0,True,7.437763690948486,2.1091830730438232,152.8297882080078,172.93206787109375,0.5737601114840919,0.0,0.4300363411257836,done,0.0,3.619946241378784,0.13,0.21,0.26,0.01,2.47,0.46
76,2.0,754.0,746.0,562484.0,30.0,9216.0,12271.0,0.0,0.0,3428.0,False,9.016265869140625,7.3729248046875,0.0706171197758514,-6.94036865234375,0.014028843487103633,0.018692087241592648,0.05078188890706224,10.0,0.0,0.0,0.0,30.0,0.0,3428.0,562484.0,562484.0,True,8.520623207092285,2.1068830490112305,10.057392120361328,10.752582550048828,0.7574586309763911,0.0,0.6730769764926996,done,0.0,5.476979970932007,1.76,0.24,0.28,0.01,2.59,0.54
275,1.0,742.0,742.0,550564.0,30.0,11885.0,12.0,0.0,0.0,11621.0,False,9.493865966796875,4.993743896484375,0.04895888579710987,-5.291748046875,0.002493806351305207,0.0025210511402852347,0.0240153733262618,10.0,0.0,0.0,0.0,30.0,0.0,11621.0,550564.0,550564.0,True,8.850031852722168,1.7309449911117554,15.687051773071289,18.167388916015625,0.7110785021360111,0.0,0.6332900268349875,done,0.0,3.7905287742614746,0.17,0.22,0.26,0.01,2.56,0.53
272,1.0,742.0,742.0,550564.0,30.0,489.0,0.0,3.0,0.0,0.0,True,5.766357421875,4.766571044921875,0.0015584019296575875,-2.44415283203125,0.00021250935404421646,1.6346873388016652e-05,0.048275949753343844,10.0,0.0,0.0,0.0,30.0,0.0,0.0,550564.0,550564.0,True,7.358096599578857,1.444019079208374,98.41403198242188,72.22289276123047,0.6503273585523021,0.0,0.38436677854961737,done,0.0,3.606288433074951,0.18,0.22,0.27,0.01,2.44,0.45
273,1.0,742.0,742.0,550564.0,30.0,17744.0,314.0,0.0,0.0,0.0,False,13.6708984375,10.771453857421875,0.0921182641800045,-7.936676025390625,0.031336956284827924,0.006427953880021215,0.0837032570237066,10.0,0.0,0.0,0.0,30.0,0.0,0.0,550564.0,550564.0,True,9.13785171508789,2.3636183738708496,12.884105682373047,38.851585388183594,0.8799333826312121,0.0,0.6771353824050056,done,0.0,3.755387783050537,0.23,0.23,0.26,0.01,2.47,0.52
271,1.0,742.0,742.0,550564.0,30.0,2570.0,5044.0,0.0,0.0,0.0,False,9.86834716796875,9.720733642578125,0.0448612695345137,-5.0552978515625,0.005171060948409268,0.0083114769581738,0.08083165626521167,10.0,0.0,0.0,0.0,30.0,0.0,0.0,550564.0,550564.0,True,7.80967903137207,2.3280675411224365,69.36709594726562,76.98487854003906,0.6659409903531829,0.0,0.49967341195602405,done,0.0,3.980806589126587,0.53,0.22,0.26,0.01,2.42,0.48
270,1.0,742.0,742.0,550564.0,30.0,2236.0,0.0,0.0,0.0,0.0,False,17.41070556640625,16.32763671875,0.008623883871811452,-9.932373046875,0.0025482959292652627,0.0003886923227817293,0.1257764764859308,10.0,0.0,0.0,0.0,30.0,0.0,0.0,550564.0,550564.0,True,8.290328979492188,2.53332781791687,90.73101043701172,143.6192626953125,0.6535791601034997,0.0,0.47063552668065733,done,0.0,3.6872425079345703,0.14,0.22,0.26,0.02,2.47,0.54
269,1.0,742.0,742.0,550564.0,30.0,2278.0,77.0,0.0,0.0,0.0,False,44.6004638671875,12.651611328125,0.008071722815149555,-10.9544677734375,0.0020578897276247628,0.001345892575613371,0.12408911588843441,10.0,0.0,0.0,0.0,30.0,0.0,0.0,550564.0,550564.0,True,8.256670951843262,2.554724931716919,73.39959716796875,106.78849792480469,0.6558491752592509,0.0,0.5002370649252715,done,0.0,3.738495349884033,0.15,0.22,0.26,0.01,2.45,0.57
274,1.0,742.0,742.0,550564.0,30.0,2165.0,15201.0,0.0,0.0,0.0,False,27.78912353515625,12.4759521484375,0.04788907374982745,-8.13397216796875,0.0048423071613836,0.027074054969086245,0.11035955856176576,10.0,0.0,0.0,0.0,30.0,0.0,0.0,550564.0,550564.0,True,8.307361602783203,2.625399351119995,62.75434494018555,89.16752624511719,0.6418614235171042,0.0,0.48471657965873116,done,0.0,6.385664463043213,2.64,0.22,0.26,0.01,2.47,0.48
268,1.0,742.0,742.0,550564.0,30.0,2770.0,38.0,16.0,0.0,0.0,True,8.052810668945312,60.3282470703125,0.07015896426210214,-17.183990478515625,0.007258011784279393,0.0005775895263765884,0.07705734483184516,10.0,0.0,0.0,0.0,30.0,0.0,0.0,550564.0,550564.0,True,8.573535919189453,1.994194507598877,50.50252914428711,60.37586212158203,0.6229687088511597,0.0,0.4130640646067215,done,0.0,3.692671060562134,0.2,0.22,0.26,0.01,2.49,0.46
267,1.0,742.0,742.0,550564.0,30.0,2356.0,3.0,0.0,0.0,0.0,False,10.78094482421875,2.65484619140625,0.009161514374350666,-3.236083984375,0.0022685827624036444,0.00043591662368044405,0.06614308236644605,10.0,0.0,0.0,0.0,30.0,0.0,0.0,550564.0,550564.0,True,7.642243385314941,2.0591721534729004,107.93228912353516,116.19561767578125,0.6735026977687836,0.0,0.43865238567921144,done,0.0,3.7412607669830322,0.14,0.22,0.26,0.01,2.53,0.51
278,1.0,742.0,742.0,550564.0,30.0,2175.0,230.0,0.0,0.0,0.0,False,36.624847412109375,43.32879638671875,0.009463023372396306,-19.787933349609375,0.0023575824064050684,0.0010461998968330658,0.08861095167864226,10.0,0.0,0.0,0.0,30.0,0.0,0.0,550564.0,550564.0,True,7.7039408683776855,2.2148168087005615,102.92023468017578,130.5716094970703,0.6694267285288199,0.0,0.4836839297767738,done,0.0,3.6719088554382324,0.15,0.22,0.26,0.01,2.5,0.47
73,2.0,752.0,784.0,589568.0,30.0,13728.0,79355.0,0.0,0.0,0.0,False,42.152557373046875,30.067550659179688,0.22969530232305688,-17.9849853515625,0.03299025727312201,0.13138094333478073,0.10702242998263135,10.0,0.0,0.0,0.0,30.0,0.0,0.0,589568.0,589568.0,True,8.89997386932373,3.047074794769287,7.326028347015381,9.463685989379883,0.7759706140337611,0.0,0.7784599249407346,done,0.0,15.998716831207275,12.16,0.23,0.3,0.01,2.66,0.58
265,1.0,742.0,742.0,550564.0,30.0,25096.0,6798.0,0.0,0.0,0.0,False,16.81766128540039,11.589637756347656,0.2660762418174817,-11.159468650817871,0.06594510356652451,0.0221209523325172,0.08966260053327134,10.0,0.0,0.0,0.0,30.0,0.0,0.0,550564.0,550564.0,True,9.239607810974121,2.5147528648376465,2.0617213249206543,3.13918399810791,0.8012844010276754,0.0,0.7949571119313589,done,0.0,4.582515001296997,1.04,0.22,0.29,0.01,2.42,0.52
280,1.0,742.0,742.0,550564.0,30.0,15345.0,1595.0,0.0,0.0,0.0,False,28.014541625976562,17.891029357910156,0.13176124846521023,-13.159248352050781,0.03715462689169651,0.013044804963637288,0.08787897501471219,10.0,0.0,0.0,0.0,30.0,0.0,0.0,550564.0,550564.0,True,8.850646018981934,2.5958683490753174,6.02779483795166,7.509670257568359,0.8284235436231172,0.0,0.7442277163661712,done,0.0,4.036216974258423,0.43,0.22,0.29,0.01,2.43,0.53
60,3.0,825.0,1105.0,911625.0,30.0,4942.0,159823.0,0.0,0.0,18882.0,False,58.8564453125,6.33349609375,0.24244179350061704,-3.76318359375,0.16327327574386397,0.1741406828465652,0.11546085287261758,10.0,0.0,0.0,0.0,30.0,0.0,18882.0,911625.0,911625.0,True,8.638710975646973,2.7831854820251465,66.50975799560547,115.28645324707031,0.5021111698729003,0.0,0.5160605856123437,done,0.0,29.16251826286316,23.46,0.33,0.44,0.02,4.01,0.81
284,1.0,742.0,742.0,550564.0,30.0,16893.0,415.0,0.0,0.0,0.0,False,23.741302490234375,8.775382995605469,0.15451791254059474,-22.13166046142578,0.04685195544932106,0.008207946760049694,0.0854995967771231,10.0,0.0,0.0,0.0,30.0,0.0,0.0,550564.0,550564.0,True,8.957674980163574,2.3824167251586914,7.504179954528809,14.045747756958008,0.7755515597671677,0.0,0.6762794851434333,done,0.0,4.0230371952056885,0.41,0.22,0.27,0.01,2.53,0.5
286,1.0,742.0,742.0,550564.0,30.0,14832.0,0.0,0.0,0.0,0.0,False,8.379581451416016,5.955364227294922,0.11002535581694407,-6.650232315063477,0.030655836560327228,0.004818695010934242,0.0800379247462602,10.0,0.0,0.0,0.0,30.0,0.0,0.0,550564.0,550564.0,True,8.761665344238281,2.286205530166626,10.464037895202637,18.690881729125977,0.7923839244776582,0.0,0.642300798193419,done,0.0,3.760211944580078,0.23,0.22,0.27,0.01,2.46,0.49
285,1.0,742.0,742.0,550564.0,30.0,12580.0,2416.0,0.0,0.0,0.0,False,12.484207153320312,5.814788818359375,0.07204793629805073,-6.709037780761719,0.026659934176589826,0.008692904003894188,0.08136928676775089,10.0,0.0,0.0,0.0,30.0,0.0,0.0,550564.0,550564.0,True,8.785554885864258,2.3865773677825928,15.316898345947266,31.1401424407959,0.8180845489259632,0.0,0.6390710528094267,done,0.0,3.9508609771728516,0.41,0.24,0.28,0.01,2.47,0.5
287,1.0,742.0,742.0,550564.0,30.0,11312.0,848.0,0.0,0.0,0.0,False,26.230438232421875,12.644119262695312,0.07224409877870692,-7.638587951660156,0.018295783959721305,0.00995524589330214,0.08529798533867089,10.0,0.0,0.0,0.0,30.0,0.0,0.0,550564.0,550564.0,True,9.597678184509277,2.2533864974975586,5.5067877769470215,9.118573188781738,0.8194297218186319,0.0,0.5824183645080471,done,0.0,3.7927346229553223,0.27,0.23,0.27,0.01,2.46,0.51
321,1.0,742.0,742.0,550564.0,30.0,10696.0,1944.0,0.0,0.0,0.0,False,40.04084014892578,18.957290649414062,0.15924760790752757,-15.361444473266602,0.027865970168772385,0.0029678656795576897,0.08858915584745825,10.0,0.0,0.0,0.0,30.0,0.0,0.0,550564.0,550564.0,True,8.630516052246094,2.3317630290985107,12.120942115783691,17.183013916015625,0.731192245396357,0.0,0.6607425126630048,done,0.0,3.7404534816741943,0.28,0.22,0.27,0.01,2.4,0.49
288,1.0,742.0,742.0,550564.0,30.0,1405.0,2106.0,0.0,0.0,0.0,False,109.42767333984375,210.70762634277344,0.05836015431448478,-81.20343017578125,0.005848548034379291,0.002299460189914342,0.09197114231951235,10.0,0.0,0.0,0.0,30.0,0.0,0.0,550564.0,550564.0,True,7.165860652923584,1.9458969831466675,186.72598266601562,206.47044372558594,0.5502928105371224,0.0,0.43456149696208707,done,0.0,4.04469895362854,0.55,0.21,0.27,0.02,2.47,0.48
322,1.0,742.0,742.0,550564.0,30.0,8937.0,4295.0,0.0,0.0,0.0,False,14.506778717041016,28.455448150634766,0.042231239238308356,-15.817371368408203,0.011411933944100958,0.007465072180527605,0.0654692279190067,10.0,0.0,0.0,0.0,30.0,0.0,0.0,550564.0,550564.0,True,8.944265365600586,2.0202438831329346,6.447240352630615,6.175694942474365,0.8241814487137369,0.0,0.6707811306686329,done,0.0,4.020855665206909,0.37,0.22,0.27,0.01,2.54,0.55
46,3.0,893.0,985.0,879605.0,30.0,26714.0,221916.0,0.0,0.0,0.0,False,40.161861419677734,11.86223030090332,0.3941200879940428,-14.166634559631348,0.04497245922885841,0.2527861938029002,0.14488776212049728,10.0,0.0,0.0,0.0,30.0,0.0,0.0,879605.0,879605.0,True,10.31056022644043,3.329287052154541,5.2846879959106445,12.210198402404785,0.6794821630609452,0.0,0.7208445185710004,done,0.0,35.13463521003723,29.12,0.3,0.44,0.02,3.99,1.03
325,1.0,742.0,742.0,550564.0,30.0,8373.0,833.0,0.0,0.0,0.0,False,36.495697021484375,22.153175354003906,0.06439941587172426,-16.07302474975586,0.016799136885085112,0.0009862613610770047,0.07096541001591096,10.0,0.0,0.0,0.0,30.0,0.0,0.0,550564.0,550564.0,True,8.10891342163086,2.127764940261841,13.6551513671875,14.397080421447754,0.8137142436816148,0.0,0.6987725438579289,done,0.0,3.8212292194366455,0.24,0.23,0.27,0.01,2.51,0.49
266,1.0,742.0,742.0,550564.0,30.0,22307.0,15849.0,0.0,0.0,0.0,False,22.381534576416016,51.69141387939453,0.17715106690593646,-35.90068817138672,0.04583118402220269,0.031689322222302946,0.09551841384471196,10.0,0.0,0.0,0.0,30.0,0.0,0.0,550564.0,550564.0,True,8.988558769226074,2.6523561477661133,4.1187920570373535,5.514057636260986,0.8250110189840041,0.0,0.8028837207928593,done,0.0,4.329060077667236,0.71,0.23,0.27,0.01,2.52,0.51
236,1.0,742.0,742.0,550564.0,30.0,15900.0,4485.0,0.0,0.0,0.0,False,29.658401489257812,24.712631225585938,0.181933435531564,-14.682876586914062,0.05432792554544068,0.004199330141454944,0.08518537354422011,10.0,0.0,0.0,0.0,30.0,0.0,0.0,550564.0,550564.0,True,8.189509391784668,2.3398025035858154,6.79957914352417,7.597458839416504,0.8090077330591119,0.0,0.7826520074237777,done,0.0,4.02845311164856,0.4,0.24,0.27,0.01,2.51,0.52
238,1.0,742.0,742.0,550564.0,30.0,16040.0,3053.0,0.0,0.0,0.0,False,19.32038116455078,11.111976623535156,0.12286491670359849,-9.679939270019531,0.03854411112967793,0.0034582718811981897,0.07671950944849282,10.0,0.0,0.0,0.0,30.0,0.0,0.0,550564.0,550564.0,True,8.3660888671875,2.3106560707092285,5.496269226074219,5.467525959014893,0.8670101122729276,0.0,0.8079296693082257,done,0.0,3.8327431678771973,0.25,0.23,0.29,0.01,2.48,0.51
283,1.0,742.0,742.0,550564.0,30.0,3614.0,51326.0,0.0,0.0,0.0,False,41.99591064453125,3.851165771484375,0.10847421916434784,-12.69293212890625,0.005296386977717395,0.09079598375484049,0.14602843629441808,10.0,0.0,0.0,0.0,30.0,0.0,0.0,550564.0,550564.0,True,9.026336669921875,2.997044324874878,54.09946823120117,95.7558364868164,0.6321237399750113,0.0,0.49757637147166967,done,0.0,12.320639371871948,8.89,0.21,0.26,0.01,2.43,0.48
240,1.0,742.0,742.0,550564.0,30.0,9204.0,770.0,0.0,0.0,0.0,False,42.17256164550781,46.927001953125,0.09174410241134545,-44.097129821777344,0.02224264572329466,0.0011915054380598805,0.07434194753016907,10.0,0.0,0.0,0.0,30.0,0.0,0.0,550564.0,550564.0,True,8.102117538452148,2.1601526737213135,10.297969818115234,10.95800495147705,0.8207283687654815,0.0,0.7438948007296218,done,0.0,3.758012533187866,0.19,0.22,0.28,0.01,2.52,0.5
241,1.0,742.0,742.0,550564.0,30.0,8524.0,2011.0,0.0,0.0,0.0,False,22.70782470703125,25.200454711914062,0.08563582072202323,-22.891189575195312,0.018068744051554408,0.0004577124548644663,0.07222593558605357,10.0,0.0,0.0,0.0,30.0,0.0,0.0,550564.0,550564.0,True,8.043841361999512,2.0699093341827393,10.288676261901855,11.960216522216797,0.8100316309269663,0.0,0.7356650392888187,done,0.0,3.990307569503784,0.42,0.24,0.27,0.01,2.48,0.52
242,1.0,742.0,742.0,550564.0,30.0,4811.0,2239.0,0.0,0.0,0.0,False,13.801025390625,15.42388916015625,0.024302351770184756,-6.552215576171875,0.006297178892917081,0.0031494976060912083,0.0645665172441351,10.0,0.0,0.0,0.0,30.0,0.0,0.0,550564.0,550564.0,True,8.445754051208496,1.9562400579452515,7.541211128234863,5.625991344451904,0.8579914419450734,0.0,0.7303860757083412,done,0.0,3.86210298538208,0.31,0.23,0.28,0.01,2.5,0.5
244,1.0,742.0,742.0,550564.0,30.0,10637.0,1009.0,0.0,0.0,0.0,False,16.170974731445312,18.921966552734375,0.06574167580880697,-8.663116455078125,0.02020473550758858,0.001098873155527786,0.06759250514018351,10.0,0.0,0.0,0.0,30.0,0.0,0.0,550564.0,550564.0,True,8.262784957885742,2.033413887023926,7.93676233291626,7.366879463195801,0.8708159274244774,0.0,0.7679550555142121,done,0.0,3.760451555252075,0.19,0.23,0.28,0.01,2.51,0.5
243,1.0,742.0,742.0,550564.0,30.0,15474.0,1359.0,0.0,0.0,0.0,False,11.511749267578125,10.949859619140625,0.08564126967981923,-10.500396728515625,0.03082838689053407,0.008732863027731562,0.07577320711125318,10.0,0.0,0.0,0.0,30.0,0.0,0.0,550564.0,550564.0,True,9.120097160339355,2.238194227218628,3.4533073902130127,3.8381853103637695,0.8698087409112409,0.0,0.7379269021742206,done,0.0,3.8111774921417236,0.28,0.22,0.27,0.01,2.48,0.51
239,1.0,742.0,742.0,550564.0,30.0,20043.0,15724.0,0.0,0.0,0.0,False,22.15155029296875,14.751129150390625,0.15698629042218526,-20.5655517578125,0.053434296466895764,0.050791551935833075,0.08752116011944115,10.0,0.0,0.0,0.0,30.0,0.0,0.0,550564.0,550564.0,True,9.654813766479492,2.6736204624176025,2.4708571434020996,4.425002098083496,0.8374664300230265,0.0,0.7733692464863079,done,0.0,5.655057191848755,2.04,0.23,0.28,0.01,2.51,0.53
245,1.0,742.0,742.0,550564.0,30.0,3932.0,1301.0,0.0,0.0,0.0,False,14.09930419921875,4.045440673828125,0.018644517258665658,-7.59197998046875,0.004660675234850081,0.001354974171940047,0.06791762628867852,10.0,0.0,0.0,0.0,30.0,0.0,0.0,550564.0,550564.0,True,8.099367141723633,2.1290485858917236,11.125153541564941,9.429540634155273,0.8480213377573819,0.0,0.7384234161308173,done,0.0,3.796447515487671,0.2,0.22,0.29,0.01,2.52,0.49
246,1.0,742.0,742.0,550564.0,30.0,13531.0,1367.0,0.0,0.0,0.0,False,31.46209716796875,14.662811279296875,0.07200797727421335,-11.737594604492188,0.02498710413321612,0.007455990584200928,0.07266185220973402,10.0,0.0,0.0,0.0,30.0,0.0,0.0,550564.0,550564.0,True,8.47903060913086,2.3432178497314453,7.434920310974121,7.418770790100098,0.8840108565580275,0.0,0.7960996419697243,done,0.0,3.7732009887695312,0.23,0.23,0.28,0.01,2.46,0.51
247,1.0,742.0,742.0,550564.0,30.0,6987.0,366.0,0.0,0.0,0.0,False,9.39837646484375,56.508087158203125,0.04982345376740942,-21.0380859375,0.01008783719967161,0.0036144753380170152,0.06969580284944166,10.0,0.0,0.0,0.0,30.0,0.0,0.0,550564.0,550564.0,True,8.909876823425293,2.113295793533325,5.217783451080322,4.782154560089111,0.8461145687899151,0.0,0.6970582140371203,done,0.0,3.778925657272339,0.17,0.23,0.27,0.01,2.51,0.53
249,1.0,742.0,742.0,550564.0,30.0,6649.0,78.0,0.0,0.0,7290.0,False,11.640380859375,12.14080810546875,0.030367041797138936,-8.76513671875,0.004141207924964218,0.0015765651223109394,0.01900233215393669,10.0,0.0,0.0,0.0,30.0,0.0,7290.0,550564.0,550564.0,True,8.371191024780273,1.4934505224227905,9.85598373413086,6.9795660972595215,0.6994382314701563,0.0,0.6544563716760068,done,0.0,3.712367057800293,0.17,0.23,0.28,0.01,2.47,0.5
248,1.0,742.0,742.0,550564.0,30.0,13665.0,637.0,0.0,0.0,0.0,False,17.917083740234375,22.566802978515625,0.07560428941957702,-11.949310302734375,0.026817953952673987,0.0038560458003065947,0.07652516328710196,10.0,0.0,0.0,0.0,30.0,0.0,0.0,550564.0,550564.0,True,9.171914100646973,2.154849052429199,2.9929609298706055,3.9614710807800293,0.8837799356105411,0.0,0.735846583254244,done,0.0,3.820791244506836,0.21,0.23,0.26,0.01,2.51,0.52
324,1.0,742.0,742.0,550564.0,30.0,9306.0,176.0,0.0,0.0,0.0,False,14.287216186523438,35.028778076171875,0.057330301291039734,-21.21160888671875,0.015731141157068026,0.0014312595810841247,0.07318313583888522,10.0,0.0,0.0,0.0,30.0,0.0,0.0,550564.0,550564.0,True,8.8292818069458,2.1550307273864746,8.002410888671875,10.08074951171875,0.8040237507182251,0.0,0.6612321357040407,done,0.0,3.73602294921875,0.17,0.22,0.27,0.01,2.51,0.49
251,1.0,742.0,742.0,550564.0,30.0,5607.0,605.0,0.0,0.0,0.0,False,26.833648681640625,20.087387084960938,0.021005732303601397,-7.137664794921875,0.0048477561191796045,0.0004341003044151089,0.06418145755988405,10.0,0.0,0.0,0.0,30.0,0.0,0.0,550564.0,550564.0,True,8.171707153320312,1.9366956949234009,15.249409675598145,15.026721000671387,0.838606138252707,0.0,0.6626736162052113,done,0.0,3.74954891204834,0.17,0.22,0.27,0.01,2.53,0.51
282,1.0,742.0,742.0,550564.0,30.0,4522.0,115318.0,0.0,0.0,0.0,False,46.77880859375,33.129417419433594,0.262127563734643,-13.605693817138672,0.008178885651804331,0.20577444220835361,0.11999149962583823,10.0,0.0,0.0,0.0,30.0,0.0,0.0,550564.0,550564.0,True,9.389864921569824,3.1346476078033447,35.619972229003906,66.40137481689453,0.6253027884659043,0.0,0.5258816729545072,done,0.0,20.136601209640503,16.68,0.21,0.26,0.01,2.44,0.48
252,1.0,742.0,742.0,550564.0,30.0,13476.0,81.0,0.0,0.0,0.0,False,10.3074951171875,16.445465087890625,0.054836494939734526,-15.35723876953125,0.014098270137531694,0.007466888499792939,0.07354276705342158,10.0,0.0,0.0,0.0,30.0,0.0,0.0,550564.0,550564.0,True,9.749146461486816,2.098224401473999,3.5584990978240967,4.731467247009277,0.8417470248658462,0.0,0.6017693366714626,done,0.0,4.078851699829102,0.18,0.23,0.27,0.01,2.52,0.83
253,1.0,742.0,742.0,550564.0,30.0,8840.0,1365.0,0.0,0.0,0.0,False,10.71044921875,16.06201171875,0.0380264601390574,-5.719085693359375,0.012143910608031038,0.0017600133681097928,0.07166287661379966,10.0,0.0,0.0,0.0,30.0,0.0,0.0,550564.0,550564.0,True,8.729629516601562,2.04197359085083,6.439439296722412,5.95766019821167,0.8523400969889555,0.0,0.7210348105690566,done,0.0,3.7349815368652344,0.17,0.23,0.27,0.01,2.51,0.51
254,1.0,742.0,742.0,550564.0,30.0,8825.0,1022.0,0.0,0.0,0.0,False,11.868911743164062,9.49981689453125,0.04113963135984191,-6.6224365234375,0.012799601862817039,0.0016365036580670003,0.06841348144811503,10.0,0.0,0.0,0.0,30.0,0.0,0.0,550564.0,550564.0,True,8.53081226348877,2.018609046936035,7.752645492553711,6.917930603027344,0.865106149464609,0.0,0.7215593260750894,done,0.0,3.753171682357788,0.16,0.24,0.27,0.01,2.5,0.51
255,1.0,742.0,742.0,550564.0,30.0,11602.0,181.0,0.0,0.0,11598.0,False,28.801025390625,5.685791015625,0.03826439796281631,-1.8082275390625,0.0009662818491583177,0.0038851069085519578,0.019269331085940963,10.0,0.0,0.0,0.0,30.0,0.0,11598.0,550564.0,550564.0,True,9.25561809539795,1.5865415334701538,9.451391220092773,8.269827842712402,0.635849457059615,0.0,0.5342044733659591,done,0.0,3.789858102798462,0.18,0.23,0.26,0.01,2.51,0.55
258,1.0,742.0,742.0,550564.0,30.0,12650.0,1944.0,0.0,0.0,0.0,False,8.81634521484375,4.722503662109375,0.041793506295362576,-5.561187744140625,0.011491851991775706,0.009935266381383454,0.07568239114798643,10.0,0.0,0.0,0.0,30.0,0.0,0.0,550564.0,550564.0,True,9.670247077941895,2.072504758834839,2.8478424549102783,2.752500295639038,0.8756226669703759,0.0,0.6924654876882481,done,0.0,3.866816759109497,0.18,0.23,0.27,0.01,2.49,0.62
257,1.0,742.0,742.0,550564.0,30.0,13456.0,1379.0,0.0,0.0,0.0,False,4.70880126953125,4.257904052734375,0.05361774471269462,-2.913177490234375,0.01577836545796674,0.017476623971055136,0.08990417099556092,10.0,0.0,0.0,0.0,30.0,0.0,0.0,550564.0,550564.0,True,10.085939407348633,2.228480339050293,2.6568658351898193,3.4961037635803223,0.8439937908040301,0.0,0.6631112295312793,done,0.0,4.805114030838013,0.36,0.23,0.26,0.01,2.5,1.41
256,1.0,742.0,742.0,550564.0,30.0,8550.0,3906.0,0.0,0.0,9491.0,False,18.3006591796875,5.78521728515625,0.02933900509295922,-7.7606201171875,0.004181166948801593,0.007868295057432015,0.017583786807709913,10.0,0.0,0.0,0.0,30.0,0.0,9491.0,550564.0,550564.0,True,8.88510513305664,1.5819872617721558,9.761908531188965,10.174713134765625,0.6429504536056383,0.0,0.5815029992646897,done,0.0,4.840448379516602,0.73,0.23,0.26,0.01,2.57,0.97
259,1.0,742.0,742.0,550564.0,30.0,11157.0,175.0,0.0,0.0,0.0,False,19.6141357421875,7.7674560546875,0.11673302286382692,-7.31793212890625,0.03422127127818019,0.005465304669393567,0.08490566037735849,10.0,0.0,0.0,0.0,30.0,0.0,0.0,550564.0,550564.0,True,9.283278465270996,2.3028054237365723,3.8418631553649902,5.250584125518799,0.8230139840179806,0.0,0.7089436890835749,done,0.0,3.760502338409424,0.21,0.23,0.27,0.01,2.47,0.52
260,1.0,742.0,742.0,550564.0,30.0,21135.0,81.0,0.0,0.0,21910.0,False,6.28485107421875,7.73974609375,0.0904817605219375,-3.23321533203125,0.0015692998452495985,0.007083645134807216,0.0024592962852638387,10.0,0.0,0.0,0.0,30.0,0.0,21910.0,550564.0,550564.0,True,9.103557586669922,1.3510621786117554,19.071420669555664,17.586116790771484,0.7088220379539515,0.0,0.6689107903703628,done,0.0,3.8219361305236816,0.2,0.22,0.26,0.01,2.54,0.53
261,1.0,742.0,742.0,550564.0,30.0,22432.0,11233.0,0.0,0.0,0.0,False,18.080413818359375,9.09564208984375,0.09784148618507567,-9.734222412109375,0.0358995502793499,0.03605212109763806,0.09174228609208013,10.0,0.0,0.0,0.0,30.0,0.0,0.0,550564.0,550564.0,True,9.986747741699219,2.4472873210906982,1.519933819770813,2.223811626434326,0.8904229956532795,0.0,0.781475555256341,done,0.0,5.220287799835205,1.6,0.22,0.26,0.01,2.52,0.55
250,1.0,742.0,742.0,550564.0,30.0,12980.0,26.0,0.0,0.0,0.0,False,12.556640625,13.9320068359375,0.13779687738391905,-8.96044921875,0.015129939480242079,0.01998677719574836,0.11356354574581702,10.0,0.0,0.0,0.0,30.0,0.0,0.0,550564.0,550564.0,True,10.410530090332031,2.2233564853668213,4.302973747253418,6.676930904388428,0.7481383369434047,0.0,0.5480043950187286,done,0.0,3.7034804821014404,0.18,0.22,0.27,0.01,2.46,0.5
263,1.0,742.0,742.0,550564.0,30.0,995.0,0.0,4.0,0.0,0.0,True,50.6004638671875,12.795654296875,0.0024847247549785313,-30.9783935546875,0.00027789684759628306,8.536700547075362e-05,0.16170872051205673,10.0,0.0,0.0,0.0,30.0,0.0,0.0,550564.0,550564.0,True,8.547073364257812,2.6495373249053955,28.46271514892578,61.429439544677734,0.745582415476242,0.0,0.652075622150013,done,0.0,4.959548473358154,0.18,0.22,0.26,0.01,2.44,0.5
264,1.0,742.0,742.0,550564.0,30.0,2042.0,1.0,28.0,0.0,0.0,True,4.384086608886719,17.952774047851562,0.005686895619764459,-14.7760009765625,0.0007065481942153864,0.0005594263337232366,0.21024258760107817,10.0,0.0,0.0,0.0,30.0,0.0,0.0,550564.0,550564.0,True,9.227822303771973,3.1219348907470703,12.74313735961914,25.76612091064453,0.7465071250857405,0.0,0.7922018432591004,done,0.0,4.287196636199951,0.18,0.21,0.26,0.01,2.41,0.51
313,1.0,742.0,742.0,550564.0,30.0,4756.0,4611.0,0.0,0.0,2531.0,False,37.3597412109375,47.982940673828125,0.06492069950087546,-42.58868408203125,0.010367550366533227,0.0058994049738086765,0.05307829789089007,10.0,0.0,0.0,0.0,30.0,0.0,2531.0,550564.0,550564.0,True,7.954558372497559,1.819832444190979,22.528554916381836,19.127227783203125,0.7027799942845817,0.0,0.5957224609486018,done,0.0,4.100361585617065,0.54,0.22,0.27,0.01,2.52,0.51
312,1.0,742.0,742.0,550564.0,30.0,15133.0,5095.0,0.0,0.0,0.0,False,41.09899139404297,17.76495361328125,0.13792765237102317,-18.441696166992188,0.042792481891296925,0.005672365065641778,0.07954388590608903,10.0,0.0,0.0,0.0,30.0,0.0,0.0,550564.0,550564.0,True,7.8358917236328125,2.29938006401062,8.957274436950684,9.0059175491333,0.8343332165081025,0.0,0.8113995462506812,done,0.0,4.316584825515747,0.71,0.22,0.27,0.01,2.51,0.53
314,1.0,742.0,742.0,550564.0,30.0,11742.0,39209.0,0.0,0.0,78.0,False,31.710418701171875,24.2303466796875,0.10172477677436229,-22.40142822265625,0.03800829694640405,0.053928335307066935,0.0855104946927151,10.0,0.0,0.0,0.0,30.0,0.0,78.0,550564.0,550564.0,True,8.543517112731934,2.6130287647247314,7.557956218719482,8.075035095214844,0.8094610380290114,0.0,0.7636684989499378,done,0.0,6.524669885635376,2.92,0.23,0.28,0.01,2.49,0.52
281,1.0,742.0,742.0,550564.0,30.0,2384.0,187404.0,0.0,0.0,9.0,False,29.27212142944336,26.21125602722168,0.37468486860746436,-19.172042846679688,0.00563785499960041,0.3367583060280004,0.192093925501849,10.0,0.0,0.0,0.0,30.0,0.0,9.0,550564.0,550564.0,True,9.630328178405762,4.515435695648193,70.85000610351562,110.84000396728516,0.5377266562872258,0.0,0.5700233727279221,done,0.0,31.365463495254517,27.88,0.2,0.26,0.01,2.38,0.47
310,1.0,742.0,742.0,550564.0,30.0,3253.0,22.0,0.0,0.0,145.0,False,10.137176513671875,13.412811279296875,0.012619786255548856,-7.732208251953125,0.0029515188061696733,0.0015692998452495985,0.06830813493072559,10.0,0.0,0.0,0.0,30.0,0.0,145.0,550564.0,550564.0,True,7.415231704711914,2.29243540763855,41.846824645996094,37.59897994995117,0.7841270098850875,0.0,0.5946914213583497,done,0.0,3.6972928047180176,0.15,0.22,0.28,0.01,2.51,0.47
308,1.0,742.0,742.0,550564.0,30.0,2756.0,65.0,12.0,0.0,0.0,True,10.951568603515625,44.531005859375,0.020279204597467324,-19.010772705078125,0.001781809199293815,0.001416729026961443,0.0630171969108042,10.0,0.0,0.0,0.0,30.0,0.0,0.0,550564.0,550564.0,True,8.346579551696777,1.9956767559051514,23.675321578979492,21.9115047454834,0.7655682239425432,0.0,0.5231744360032765,done,0.0,3.623664140701294,0.18,0.22,0.27,0.01,2.4,0.49
311,1.0,742.0,742.0,550564.0,30.0,14365.0,10331.0,0.0,0.0,0.0,False,29.53401756286621,14.659046173095703,0.19186688559368212,-17.288009643554688,0.03760144143096897,0.016750096264921063,0.08662753104089624,10.0,0.0,0.0,0.0,30.0,0.0,0.0,550564.0,550564.0,True,8.911938667297363,2.4136910438537598,4.514132022857666,5.5577192306518555,0.7799606946145966,0.0,0.7249055764461055,done,0.0,5.290864944458008,1.84,0.22,0.27,0.01,2.41,0.5
44,3.0,1007.0,1319.0,1328233.0,30.0,27872.0,453908.0,0.0,0.0,0.0,False,33.257293701171875,17.84539794921875,0.45598400280673645,-16.390213012695312,0.030684375407025725,0.3416177733876511,0.16954555413093939,10.0,0.0,0.0,0.0,30.0,0.0,0.0,1328233.0,1328233.0,True,10.56121826171875,3.733818531036377,3.295210361480713,5.94683313369751,0.6823660380103956,0.0,0.7916145287163467,done,0.0,74.59701013565063,66.29,0.46,0.68,0.03,5.87,1.19
307,1.0,742.0,742.0,550564.0,30.0,12239.0,18655.0,0.0,0.0,0.0,False,27.72955322265625,35.461280822753906,0.055241534135904276,-8.311798095703125,0.014328942684229263,0.041088774420412526,0.07978908900690927,10.0,0.0,0.0,0.0,30.0,0.0,0.0,550564.0,550564.0,True,9.5890531539917,2.285461902618408,5.538371562957764,8.955955505371094,0.8647524730832875,0.0,0.6283420677184763,done,0.0,4.27995228767395,0.62,0.23,0.26,0.01,2.49,0.51
306,1.0,742.0,742.0,550564.0,30.0,5416.0,3669.0,0.0,0.0,0.0,False,24.1885986328125,64.57010650634766,0.17172572126038027,-28.833290100097656,0.012677908472039581,0.005069347069550497,0.07703010004286513,10.0,0.0,0.0,0.0,30.0,0.0,0.0,550564.0,550564.0,True,8.677038192749023,2.114776849746704,16.557065963745117,19.395109176635742,0.7188293972739266,0.0,0.5667736055511111,done,0.0,3.9836626052856445,0.35,0.22,0.27,0.01,2.51,0.58
305,1.0,742.0,742.0,550564.0,30.0,8190.0,3404.0,0.0,0.0,0.0,False,19.250022888183594,6.0599365234375,0.04866464207612557,-11.23040771484375,0.014614104808886887,0.010044245537303565,0.0666879781460466,10.0,0.0,0.0,0.0,30.0,0.0,0.0,550564.0,550564.0,True,8.558761596679688,2.146993398666382,25.073936462402344,29.32106590270996,0.7627011151704278,0.0,0.5229314328207723,done,0.0,4.046763896942139,0.52,0.22,0.27,0.01,2.51,0.48
304,1.0,742.0,742.0,550564.0,30.0,2730.0,2587.0,0.0,0.0,8.0,False,28.5509033203125,42.00836944580078,0.04906241599523398,-31.106346130371094,0.005921200804992698,0.0037543319214478244,0.07348282851766552,10.0,0.0,0.0,0.0,30.0,0.0,8.0,550564.0,550564.0,True,8.505840301513672,2.0337634086608887,25.158214569091797,26.634096145629883,0.7040084646465067,0.0,0.5153703060363999,done,0.0,3.8161799907684326,0.29,0.21,0.26,0.01,2.51,0.47
303,1.0,742.0,742.0,550564.0,30.0,27916.0,1373.0,0.0,0.0,0.0,False,16.931533813476562,7.606956481933594,0.1276599995640834,-14.965286254882812,0.04756576892059779,0.02840723330984227,0.0796455997849478,10.0,0.0,0.0,0.0,30.0,0.0,0.0,550564.0,550564.0,True,9.82514476776123,2.285496234893799,2.746894598007202,5.912101745605469,0.884941869333887,0.0,0.6602607194286673,done,0.0,3.9935996532440186,0.37,0.25,0.27,0.01,2.52,0.51
302,1.0,742.0,742.0,550564.0,30.0,13839.0,3836.0,0.0,0.0,0.0,False,14.761070251464844,11.077728271484375,0.054930943541531954,-9.990447998046875,0.018086907244207757,0.012405460582239304,0.07841958428084655,10.0,0.0,0.0,0.0,30.0,0.0,0.0,550564.0,550564.0,True,9.27575397491455,2.3169565200805664,9.27338981628418,16.06592559814453,0.8606856636564452,0.0,0.623099828357104,done,0.0,3.983234167098999,0.39,0.23,0.26,0.01,2.51,0.52
309,1.0,742.0,742.0,550564.0,30.0,23075.0,29566.0,0.0,0.0,0.0,False,18.54476547241211,4.741751670837402,0.31113549015191694,-10.947421073913574,0.06536388140161725,0.08311113694320733,0.10678322592832078,10.0,0.0,0.0,0.0,30.0,0.0,0.0,550564.0,550564.0,True,10.41716480255127,2.5400450229644775,1.918020486831665,6.24195671081543,0.7332149977011453,0.0,0.6547294555174383,done,0.0,7.989312648773193,4.46,0.22,0.28,0.01,2.45,0.52
262,1.0,742.0,742.0,550564.0,30.0,11139.0,34732.0,0.0,0.0,0.0,False,34.76121520996094,22.549758911132812,0.1662604165909867,-16.632705688476562,0.030554122681468458,0.06150601928204532,0.10203173473020394,10.0,0.0,0.0,0.0,30.0,0.0,0.0,550564.0,550564.0,True,8.831812858581543,2.742457866668701,5.973691940307617,6.920546531677246,0.7786457925670662,0.0,0.7299407571216204,done,0.0,13.864711284637451,10.42,0.23,0.26,0.01,2.38,0.51
323,1.0,742.0,742.0,550564.0,30.0,6537.0,186402.0,0.0,0.0,0.0,False,23.36126708984375,8.289850234985352,0.40861916144172156,-7.216133117675781,0.017284094128929606,0.34178951039297883,0.17377997834947437,10.0,0.0,0.0,0.0,30.0,0.0,0.0,550564.0,550564.0,True,10.552658081054688,3.76375412940979,9.338279724121094,18.034950256347656,0.6416764169487624,0.0,0.6600367074923803,done,0.0,29.334481239318848,25.88,0.2,0.26,0.01,2.4,0.5
237,1.0,742.0,742.0,550564.0,30.0,14897.0,1630.0,0.0,0.0,0.0,False,34.060752868652344,22.71173858642578,0.21621282902623493,-16.891387939453125,0.04965635239499858,0.001890788355213926,0.08788805661103886,10.0,0.0,0.0,0.0,30.0,0.0,0.0,550564.0,550564.0,True,7.999366283416748,2.2841269969940186,7.4817376136779785,7.085531234741211,0.7859965175561328,0.0,0.7881724430164029,done,0.0,3.954249143600464,0.36,0.22,0.28,0.01,2.51,0.51
300,1.0,742.0,742.0,550564.0,30.0,28977.0,995.0,0.0,0.0,0.0,False,17.85784912109375,3.659759521484375,0.15771826708611533,-7.449745178222656,0.05586816428244491,0.030743019885063318,0.07895721478338577,10.0,0.0,0.0,0.0,30.0,0.0,0.0,550564.0,550564.0,True,10.122087478637695,2.22370982170105,0.8606020212173462,1.4932434558868408,0.8879565077303591,0.0,0.7765039732514357,done,0.0,3.858628749847412,0.28,0.23,0.27,0.01,2.51,0.52
299,1.0,742.0,742.0,550564.0,30.0,3999.0,792.0,0.0,0.0,0.0,False,7.938262939453125,14.871978759765625,0.014964654427096578,-6.60406494140625,0.0034964145857702285,0.0022613174853423033,0.07699922261535444,10.0,0.0,0.0,0.0,30.0,0.0,0.0,550564.0,550564.0,True,9.024166107177734,2.0481622219085693,6.7718939781188965,6.998063564300537,0.8155715878981753,0.0,0.6254081586871735,done,0.0,3.711536169052124,0.16,0.22,0.26,0.01,2.5,0.5
39,4.0,1463.0,1264.0,1849232.0,30.0,52550.0,671863.0,0.0,0.0,0.0,False,22.775806427001953,16.338226318359375,0.5182724504010313,-17.220935821533203,0.057725044775344576,0.37605449181065437,0.20022852730214488,10.0,0.0,0.0,0.0,30.0,0.0,0.0,1849232.0,1849232.0,True,11.04416561126709,3.8679349422454834,2.3754236698150635,4.161222457885742,0.6134227456598471,0.0,0.8220768188088361,done,0.0,94.96897578239441,83.7,0.59,0.98,0.06,8.01,1.55
298,1.0,742.0,742.0,550564.0,30.0,1728.0,607.0,0.0,0.0,0.0,False,9.554443359375,19.22955322265625,0.011891442230149447,-4.40789794921875,0.002154154648687528,0.0007065481942153864,0.07457806903466263,10.0,0.0,0.0,0.0,30.0,0.0,0.0,550564.0,550564.0,True,7.849880218505859,2.154782295227051,26.36591911315918,28.656211853027344,0.777885242025628,0.0,0.6031588278597411,done,0.0,3.6593570709228516,0.14,0.21,0.27,0.01,2.5,0.48
295,1.0,742.0,742.0,550564.0,30.0,10089.0,58.0,0.0,0.0,0.0,False,10.760894775390625,14.21185302734375,0.10765505917568166,-7.58367919921875,0.02415704622895794,0.006211811887446328,0.08672561228122434,10.0,0.0,0.0,0.0,30.0,0.0,0.0,550564.0,550564.0,True,9.02579402923584,2.2742316722869873,20.827939987182617,39.02077865600586,0.7006923171087573,0.0,0.5372102148059139,done,0.0,3.7302327156066895,0.2,0.22,0.26,0.01,2.49,0.5
294,1.0,742.0,742.0,550564.0,30.0,3730.0,0.0,0.0,0.0,0.0,False,15.0458984375,5.454925537109375,0.014710369729949652,-7.1802978515625,0.0028588865236375788,0.0004958551594365051,0.07784744371226597,10.0,0.0,0.0,0.0,30.0,0.0,0.0,550564.0,550564.0,True,8.796003341674805,1.8511924743652344,21.82807731628418,26.28265953063965,0.6948937843506828,0.0,0.4890233273372073,done,0.0,3.6952428817749023,0.14,0.22,0.26,0.01,2.51,0.5
293,1.0,742.0,742.0,550564.0,30.0,488.0,0.0,3.0,0.0,0.0,True,31.90576171875,217.0399169921875,0.022240829404029324,-35.81884765625,0.000980812403280999,5.448957796005551e-06,0.0785776040569307,10.0,0.0,0.0,0.0,30.0,0.0,0.0,550564.0,550564.0,True,7.009878635406494,1.8547531366348267,80.0367660522461,82.88882446289062,0.7374319294454114,0.0,0.5653115703943438,done,0.0,3.778935670852661,0.19,0.22,0.25,0.01,2.51,0.49
292,1.0,742.0,742.0,550564.0,30.0,421.0,0.0,2.0,0.0,0.0,True,83.3792724609375,8.940185546875,0.0017927071148858263,-25.6005859375,0.0003614475338017015,1.8163192653351836e-06,0.08522351624879215,10.0,0.0,0.0,0.0,30.0,0.0,0.0,550564.0,550564.0,True,6.472584247589111,1.84415864944458,198.58023071289062,178.5584716796875,0.6342589466117173,0.0,0.47740982197960574,done,0.0,3.672548770904541,0.18,0.22,0.26,0.01,2.47,0.47
291,1.0,742.0,742.0,550564.0,30.0,493.0,0.0,4.0,0.0,31.0,True,67.240478515625,4.75146484375,0.0020342775771754057,-18.22314453125,0.0006048343153566161,0.0,0.10459637753285722,10.0,0.0,0.0,0.0,30.0,0.0,31.0,550564.0,550564.0,True,6.916987895965576,2.1062707901000977,162.6185760498047,172.91062927246094,0.5827385120678227,0.0,0.46380973263507297,done,0.0,3.6925292015075684,0.19,0.22,0.26,0.01,2.48,0.49
290,1.0,742.0,742.0,550564.0,30.0,629.0,103.0,0.0,0.0,0.0,False,19.80615234375,3.8948974609375,0.002244970611954287,-8.2998046875,0.00029787635951497013,2.3612150449357386e-05,0.10183193961101707,10.0,0.0,0.0,0.0,30.0,0.0,0.0,550564.0,550564.0,True,6.913623332977295,2.255852699279785,100.00826263427734,118.05628967285156,0.7484984659431592,0.0,0.6018544061682396,done,0.0,3.7315573692321777,0.15,0.22,0.26,0.01,2.55,0.49
352,1.0,742.0,742.0,550564.0,30.0,17570.0,222.0,0.0,0.0,0.0,False,35.29546356201172,21.82012939453125,0.09272128217609578,-12.001571655273438,0.03268103254117596,0.004324656170763072,0.0840592555997123,10.0,0.0,0.0,0.0,30.0,0.0,0.0,550564.0,550564.0,True,8.78730583190918,2.380613327026367,4.812979221343994,6.600128173828125,0.877890637626025,0.0,0.7781389363612983,done,0.0,3.879915952682495,0.31,0.23,0.27,0.01,2.49,0.51
301,1.0,742.0,742.0,550564.0,30.0,31299.0,2334.0,0.0,0.0,0.0,False,8.296463012695312,11.392234802246094,0.17244861632798367,-4.764739990234375,0.062130833109320625,0.04386229393857935,0.07871564432109618,10.0,0.0,0.0,0.0,30.0,0.0,0.0,550564.0,550564.0,True,10.214197158813477,2.20780611038208,0.7326986789703369,1.465670108795166,0.8867741173781888,0.0,0.7328534718763968,done,0.0,4.0607757568359375,0.45,0.23,0.27,0.01,2.5,0.53
326,1.0,742.0,742.0,550564.0,30.0,6979.0,561.0,0.0,0.0,0.0,False,20.02782440185547,9.477313995361328,0.03137509898939996,-8.770606994628906,0.010109633030855632,0.0019252984212552945,0.06949237509172412,10.0,0.0,0.0,0.0,30.0,0.0,0.0,550564.0,550564.0,True,8.436470985412598,2.1217968463897705,15.128911018371582,19.327497482299805,0.8138047744796515,0.0,0.6179015057285129,done,0.0,3.7639153003692627,0.19,0.22,0.28,0.01,2.53,0.48
328,1.0,742.0,742.0,550564.0,30.0,2488.0,15843.0,0.0,0.0,0.0,False,23.941165924072266,47.39906692504883,0.046657609287930196,-40.58341598510742,0.0028843149933522713,0.02785325593391504,0.07478512943091085,10.0,0.0,0.0,0.0,30.0,0.0,0.0,550564.0,550564.0,True,8.601144790649414,2.0147922039031982,32.4925651550293,35.03211212158203,0.6424025593240669,0.0,0.45999415097281227,done,0.0,5.5298988819122314,2.03,0.22,0.27,0.01,2.46,0.47
327,1.0,742.0,742.0,550564.0,30.0,10647.0,1104.0,0.0,0.0,0.0,False,32.59605407714844,29.014263153076172,0.0751756380729579,-22.02407455444336,0.01925480053181828,0.0028370906924535567,0.074282008994413,10.0,0.0,0.0,0.0,30.0,0.0,0.0,550564.0,550564.0,True,8.913557052612305,2.1109721660614014,6.516683101654053,9.459835052490234,0.8278856505054915,0.0,0.6757713526631739,done,0.0,3.837348461151123,0.24,0.23,0.27,0.01,2.54,0.5
289,1.0,742.0,742.0,550564.0,30.0,16482.0,24190.0,0.0,0.0,0.0,False,37.696529388427734,22.55390167236328,0.19110584782150666,-20.59337043762207,0.044757739336389595,0.04160824173029838,0.08570484085410597,10.0,0.0,0.0,0.0,30.0,0.0,0.0,550564.0,550564.0,True,8.16415023803711,2.6302361488342285,8.265154838562012,8.333273887634277,0.8083783235558084,0.0,0.8195523613585451,done,0.0,6.652385950088501,3.04,0.22,0.28,0.01,2.54,0.49
329,1.0,742.0,742.0,550564.0,30.0,6323.0,424.0,0.0,0.0,0.0,False,24.097084045410156,21.19251251220703,0.04895706947784454,-14.51226806640625,0.011827871055862716,0.0006956502786233753,0.06417055964429204,10.0,0.0,0.0,0.0,30.0,0.0,0.0,550564.0,550564.0,True,8.651030540466309,1.9246371984481812,8.844427108764648,11.031647682189941,0.818442124887648,0.0,0.6573153863595954,done,0.0,3.7010912895202637,0.2,0.22,0.29,0.01,2.42,0.5
318,1.0,742.0,742.0,550564.0,30.0,9784.0,6828.0,0.0,0.0,0.0,False,14.390533447265625,13.097427368164062,0.055039922697452066,-12.315750122070312,0.017865316293836867,0.014921062764728533,0.08414825524371372,10.0,0.0,0.0,0.0,30.0,0.0,0.0,550564.0,550564.0,True,9.363525390625,2.2162153720855713,10.184211730957031,16.28058433532715,0.7657021370697106,0.0,0.5277649012898232,done,0.0,4.005310297012329,0.45,0.24,0.26,0.01,2.5,0.5
331,1.0,742.0,742.0,550564.0,30.0,6918.0,2807.0,0.0,0.0,0.0,False,19.345436096191406,12.353538513183594,0.04302133811872916,-10.019157409667969,0.010961486766297832,0.005314550170370747,0.06514229045124637,10.0,0.0,0.0,0.0,30.0,0.0,0.0,550564.0,550564.0,True,9.118023872375488,2.0113778114318848,8.58184814453125,9.340264320373535,0.7810909325097887,0.0,0.5800809819595779,done,0.0,3.878478765487671,0.3,0.22,0.27,0.01,2.51,0.49
330,1.0,742.0,742.0,550564.0,30.0,24385.0,9249.0,0.0,0.0,0.0,False,23.903316497802734,25.595672607421875,0.19614795010207714,-24.74667739868164,0.06826999222615354,0.013929352445855523,0.08073539134414891,10.0,0.0,0.0,0.0,30.0,0.0,0.0,550564.0,550564.0,True,8.471592903137207,2.480374574661255,4.058441162109375,4.955302715301514,0.853843500747223,0.0,0.8485966426822147,done,0.0,4.3930745124816895,0.8,0.22,0.28,0.01,2.49,0.5
332,1.0,742.0,742.0,550564.0,30.0,10456.0,2671.0,0.0,0.0,0.0,False,30.538970947265625,61.556785583496094,0.13574806925262095,-18.95166015625,0.020384551114856764,0.00361265901875168,0.07892088839807906,10.0,0.0,0.0,0.0,30.0,0.0,0.0,550564.0,550564.0,True,8.57511043548584,2.183701515197754,11.521971702575684,14.296195983886719,0.7571992257117819,0.0,0.6659372557542775,done,0.0,3.8626625537872314,0.3,0.22,0.27,0.01,2.49,0.5
333,1.0,742.0,742.0,550564.0,30.0,3294.0,2986.0,0.0,0.0,0.0,False,106.11941528320312,77.15658569335938,0.038485988913187205,-21.071990966796875,0.006883850015620346,0.003743434005855813,0.10525751774543922,10.0,0.0,0.0,0.0,30.0,0.0,0.0,550564.0,550564.0,True,7.374173641204834,2.18660306930542,157.04171752929688,199.31996154785156,0.6250293121477412,0.0,0.476581154490984,done,0.0,3.944392204284668,0.5,0.21,0.27,0.02,2.43,0.48
335,1.0,742.0,742.0,550564.0,30.0,6981.0,1585.0,0.0,0.0,0.0,False,28.715240478515625,169.38494873046875,0.04715709708589737,-23.034423828125,0.012439970648280672,0.0017000748323537317,0.08469859998111028,10.0,0.0,0.0,0.0,30.0,0.0,0.0,550564.0,550564.0,True,7.791008949279785,2.3999557495117188,48.776344299316406,75.53034210205078,0.7732115216504829,0.0,0.623684773991504,done,0.0,3.722170352935791,0.22,0.22,0.27,0.01,2.47,0.49
338,1.0,742.0,742.0,550564.0,30.0,557.0,752.0,0.0,0.0,0.0,False,19.65966796875,5.557373046875,0.0035291083325462618,-8.054931640625,0.0005103857135591866,0.0008972617170755807,0.08568304502292196,10.0,0.0,0.0,0.0,30.0,0.0,0.0,550564.0,550564.0,True,7.053006649017334,1.850975751876831,179.14923095703125,175.1990509033203,0.5731001762870503,0.0,0.4195383584669004,done,0.0,3.7799477577209473,0.25,0.22,0.27,0.01,2.5,0.48
334,1.0,742.0,742.0,550564.0,30.0,27596.0,9643.0,0.0,0.0,0.0,False,19.368778228759766,5.163748741149902,0.1506691320173495,-10.737590789794922,0.044581556367652084,0.036958464411040316,0.08929207140314296,10.0,0.0,0.0,0.0,30.0,0.0,0.0,550564.0,550564.0,True,9.827164649963379,2.480550527572632,1.3224912881851196,2.1155924797058105,0.8962122317324169,0.0,0.7943583417976436,done,0.0,4.575063467025757,1.05,0.23,0.28,0.01,2.43,0.52
336,1.0,742.0,742.0,550564.0,30.0,18378.0,8425.0,0.0,0.0,4.0,False,17.846572875976562,11.944564819335938,0.09665906234334247,-10.741958618164062,0.03565253085926432,0.022495114101176248,0.09594524887206574,10.0,0.0,0.0,0.0,30.0,0.0,4.0,550564.0,550564.0,True,9.403597831726074,2.5630033016204834,5.575004577636719,15.90093994140625,0.8729603500650736,0.0,0.7534882015250272,done,0.0,4.148047685623169,0.61,0.24,0.27,0.01,2.46,0.51
315,1.0,742.0,742.0,550564.0,30.0,3009.0,1928.0,0.0,0.0,0.0,False,123.97219848632812,14.9617919921875,0.014577778423580183,-31.045196533203125,0.002847988608045568,0.0023230723403636997,0.06202367027266585,10.0,0.0,0.0,0.0,30.0,0.0,0.0,550564.0,550564.0,True,6.9214982986450195,1.8564715385437012,74.13045501708984,69.89840698242188,0.7657525732858386,0.0,0.5915650686798939,done,0.0,3.9848103523254395,0.42,0.22,0.27,0.01,2.53,0.48
337,1.0,742.0,742.0,550564.0,30.0,5532.0,5710.0,0.0,0.0,52.0,False,21.5013427734375,48.042083740234375,0.04469053552357219,-27.886322021484375,0.009072514730349241,0.008093518646333578,0.06191650743601107,10.0,0.0,0.0,0.0,30.0,0.0,52.0,550564.0,550564.0,True,7.925104141235352,2.1106600761413574,27.112180709838867,32.8766975402832,0.7974181593526141,0.0,0.6347592599722723,done,0.0,4.771097660064697,0.76,0.22,0.28,0.01,2.56,0.87
340,1.0,742.0,742.0,550564.0,30.0,6441.0,1773.0,0.0,0.0,0.0,False,10.352462768554688,37.48387145996094,0.027637113941340153,-11.104949951171875,0.00658052469830937,0.0040086166185947505,0.07653606120269396,10.0,0.0,0.0,0.0,30.0,0.0,0.0,550564.0,550564.0,True,8.47663688659668,2.32316517829895,13.215811729431152,14.621841430664062,0.8331444755907663,0.0,0.6743213840644189,done,0.0,4.430641174316406,0.21,0.23,0.27,0.01,2.48,1.18
341,1.0,742.0,742.0,550564.0,30.0,6642.0,304.0,0.0,0.0,106.0,False,32.14764404296875,39.0614013671875,0.027395543479050575,-37.056800842285156,0.010171387885877028,0.001156995372018512,0.10090743310496146,10.0,0.0,0.0,0.0,30.0,0.0,106.0,550564.0,550564.0,True,8.076751708984375,2.4443979263305664,29.974746704101562,40.771480560302734,0.7946882269360707,0.0,0.6238863457469038,done,0.0,4.17286229133606,0.15,0.22,0.26,0.01,2.46,1.02
297,1.0,742.0,742.0,550564.0,30.0,1790.0,77563.0,0.0,0.0,1.0,False,46.86163330078125,74.26925659179688,0.2002455663646733,-39.404823303222656,0.0029660493602923547,0.14122427183760652,0.11985164304240742,10.0,0.0,0.0,0.0,30.0,0.0,1.0,550564.0,550564.0,True,8.662928581237793,3.204711437225342,19.967723846435547,28.8049373626709,0.7177513558942681,0.0,0.659881470349819,done,0.0,14.51669716835022,11.01,0.22,0.26,0.01,2.46,0.5
343,1.0,742.0,742.0,550564.0,30.0,481.0,0.0,2.0,0.0,0.0,True,29.935546875,513.189208984375,0.03574879578032708,-165.7196044921875,0.003432843411483497,5.448957796005551e-06,0.08969711059931271,10.0,0.0,0.0,0.0,30.0,0.0,0.0,550564.0,550564.0,True,6.881300926208496,1.904465913772583,195.16629028320312,200.94068908691406,0.557946273020495,0.0,0.43825282913217695,done,0.0,3.7933287620544434,0.18,0.21,0.26,0.01,2.5,0.57
320,1.0,742.0,742.0,550564.0,30.0,6524.0,65330.0,0.0,0.0,0.0,False,40.4818115234375,7.574302673339844,0.16759541125100805,-12.616554260253906,0.013277293829600191,0.1205418443632348,0.11142937060904817,10.0,0.0,0.0,0.0,30.0,0.0,0.0,550564.0,550564.0,True,9.281973838806152,2.8933708667755127,18.669357299804688,28.701303482055664,0.6820181092814743,0.0,0.585294682171808,done,0.0,13.538079500198364,10.03,0.21,0.26,0.01,2.46,0.49
346,1.0,742.0,742.0,550564.0,30.0,10909.0,1861.0,0.0,0.0,0.0,False,14.712120056152344,8.296306610107422,0.06501514810267289,-7.6590423583984375,0.017690949644364688,0.002157787287218198,0.06612855181232337,10.0,0.0,0.0,0.0,30.0,0.0,0.0,550564.0,550564.0,True,8.89149284362793,2.018695831298828,6.744743824005127,6.528325080871582,0.8199805859172106,0.0,0.673304057527302,done,0.0,4.3514015674591064,0.79,0.22,0.27,0.01,2.5,0.5
345,1.0,742.0,742.0,550564.0,30.0,6792.0,1899.0,0.0,0.0,0.0,False,27.780502319335938,31.27633285522461,0.053259929817423585,-27.59067153930664,0.01592911995698956,0.0019107678671326132,0.07253470986116056,10.0,0.0,0.0,0.0,30.0,0.0,0.0,550564.0,550564.0,True,8.009105682373047,2.0734424591064453,13.816230773925781,15.221985816955566,0.8258959919192673,0.0,0.672071832145523,done,0.0,4.4223363399505615,0.83,0.23,0.27,0.01,2.52,0.49
348,1.0,742.0,742.0,550564.0,30.0,18004.0,12.0,0.0,0.0,0.0,False,24.05517578125,11.965728759765625,0.1285554449618936,-17.09149169921875,0.04354080542861502,0.0035018635435662337,0.07589308418276532,10.0,0.0,0.0,0.0,30.0,0.0,0.0,550564.0,550564.0,True,8.099332809448242,2.2794926166534424,6.814967155456543,6.162141799926758,0.8642938015912209,0.0,0.8303502476133233,done,0.0,4.298295259475708,0.24,0.23,0.29,0.01,2.55,0.5
349,1.0,742.0,742.0,550564.0,30.0,1603.0,159.0,0.0,0.0,705.0,False,32.53009033203125,17.880401611328125,0.004611634614686031,-10.572296142578125,0.0002561010164122609,0.0001216933907774573,0.05810768593660319,10.0,0.0,0.0,0.0,30.0,0.0,705.0,550564.0,550564.0,True,7.405075550079346,1.8375763893127441,21.677221298217773,20.2492733001709,0.8233817497535842,0.0,0.6812117535684326,done,0.0,3.839256525039673,0.14,0.22,0.26,0.01,2.54,0.59
350,1.0,742.0,742.0,550564.0,30.0,6559.0,352.0,0.0,0.0,0.0,False,5.16748046875,21.5247802734375,0.025275898896404414,-6.00537109375,0.004077636750677487,0.007352460386076823,0.09052716850357088,10.0,0.0,0.0,0.0,30.0,0.0,0.0,550564.0,550564.0,True,10.131147384643555,1.992937684059143,11.718886375427246,15.86025619506836,0.6736759702525511,0.0,0.32597602635594897,done,0.0,3.7291111946105957,0.16,0.22,0.26,0.01,2.46,0.58
351,1.0,742.0,742.0,550564.0,30.0,11733.0,7.0,0.0,0.0,11369.0,False,5.59417724609375,9.114898681640625,0.1021534281209814,-8.805450439453125,0.02010302162872981,0.01044565209494264,0.026042385626375862,10.0,0.0,0.0,0.0,30.0,0.0,11369.0,550564.0,550564.0,True,9.791206359863281,1.5898531675338745,4.706512928009033,4.359165191650391,0.6223889165568884,0.0,0.4270268489315741,done,0.0,3.7340316772460938,0.18,0.23,0.26,0.01,2.41,0.61
317,1.0,742.0,742.0,550564.0,30.0,5436.0,722.0,0.0,0.0,3388.0,False,52.553863525390625,30.74749755859375,0.04323203115350804,-27.06988525390625,0.007893723527146708,0.000820976307931503,0.05345427597881445,10.0,0.0,0.0,0.0,30.0,0.0,3388.0,550564.0,550564.0,True,7.762451648712158,1.927949070930481,29.63189125061035,27.67119598388672,0.739019384585577,0.0,0.613961383418197,done,0.0,3.8952274322509766,0.19,0.27,0.26,0.01,2.51,0.49
316,1.0,742.0,742.0,550564.0,30.0,17168.0,3133.0,0.0,0.0,0.0,False,31.937530517578125,20.923736572265625,0.16957883188875408,-18.26220703125,0.04855384660094013,0.009419431710028263,0.08401203129881359,10.0,0.0,0.0,0.0,30.0,0.0,0.0,550564.0,550564.0,True,8.881274223327637,2.5373876094818115,6.164625644683838,7.994017601013184,0.8143596489195637,0.0,0.7615758829805885,done,0.0,3.98946475982666,0.43,0.22,0.28,0.01,2.47,0.5
70,2.0,1358.0,1314.0,1784412.0,30.0,15522.0,687639.0,0.0,0.0,172.0,False,95.98269653320312,75.76984405517578,0.44585667435547394,-29.630203247070312,0.011170626514504498,0.3838524959482451,0.24655460734404386,10.0,0.0,0.0,0.0,30.0,0.0,172.0,1784412.0,1784412.0,True,10.608497619628906,4.662050724029541,18.54258918762207,34.95492172241211,0.6304875636281617,0.0,0.7151321834896656,done,0.0,110.8789849281311,100.26,0.57,0.88,0.05,7.52,1.51
339,1.0,742.0,742.0,550564.0,30.0,25952.0,3009.0,0.0,0.0,0.0,False,6.843000411987305,3.754096508026123,0.27830551943098353,-4.559614181518555,0.05341613327424241,0.0324612579100704,0.08755748650474786,10.0,0.0,0.0,0.0,30.0,0.0,0.0,550564.0,550564.0,True,10.004305839538574,2.4506916999816895,0.9272432923316956,1.3064621686935425,0.8235583438701134,0.0,0.8001009836370659,done,0.0,3.9582278728485107,0.36,0.22,0.27,0.01,2.47,0.53
149,1.0,742.0,742.0,550564.0,30.0,7085.0,0.0,0.0,0.0,0.0,False,20.1240234375,12.132568359375,0.02322164180731032,-10.4061279296875,0.009579267805377758,0.0059157518471966925,0.2757499582246569,10.0,0.0,0.0,0.0,30.0,0.0,0.0,550564.0,550564.0,True,9.525898933410645,2.954310655593872,34.21986389160156,64.34223937988281,0.6173943414738426,0.0,0.48441171164424757,done,0.0,3.5276241302490234,0.15,0.22,0.25,0.01,2.35,0.49
150,1.0,742.0,742.0,550564.0,30.0,1493.0,224.0,0.0,0.0,0.0,False,22.816162109375,32.5390625,0.009446676499008289,-11.62451171875,0.0008300579042581789,0.00021977463110555722,0.07049679964545448,10.0,0.0,0.0,0.0,30.0,0.0,0.0,550564.0,550564.0,True,7.828871726989746,1.903194785118103,22.41136360168457,22.29692268371582,0.816051807763977,0.0,0.6468901814309801,done,0.0,3.7998533248901367,0.16,0.22,0.27,0.01,2.47,0.64
152,1.0,742.0,742.0,550564.0,30.0,2080.0,37.0,12.0,0.0,0.0,True,29.609375,106.58642578125,0.008117130796782935,-30.921142578125,0.0011442811371611657,6.175485502139625e-05,0.07585494147819327,10.0,0.0,0.0,0.0,30.0,0.0,0.0,550564.0,550564.0,True,7.558880805969238,1.908562421798706,41.314849853515625,44.76601028442383,0.7641974152665203,0.0,0.5990990920305214,done,0.0,3.7353243827819824,0.18,0.22,0.27,0.01,2.52,0.49
151,1.0,742.0,742.0,550564.0,30.0,3998.0,5738.0,0.0,0.0,0.0,False,71.528564453125,15.1982421875,0.016897218125413213,-23.026611328125,0.006248138272753031,0.005605161252824377,0.10539010905180869,10.0,0.0,0.0,0.0,30.0,0.0,0.0,550564.0,550564.0,True,7.621171951293945,2.0867128372192383,43.50511169433594,52.387901306152344,0.7372390923490745,0.0,0.6151154068873937,done,0.0,3.803711175918579,0.24,0.23,0.26,0.01,2.51,0.5
342,1.0,742.0,742.0,550564.0,30.0,2936.0,59430.0,0.0,0.0,0.0,False,18.606903076171875,73.3152084350586,0.15882803815723512,-31.5341796875,0.006144608074628926,0.10719916304008253,0.11397948285757878,10.0,0.0,0.0,0.0,30.0,0.0,0.0,550564.0,550564.0,True,8.232902526855469,3.138664484024048,36.52238845825195,50.12144088745117,0.7030525373777071,0.0,0.6178199896261398,done,0.0,11.094012260437012,7.61,0.21,0.26,0.01,2.46,0.48
153,1.0,742.0,742.0,550564.0,30.0,3076.0,2643.0,0.0,0.0,0.0,False,17.6224365234375,3.896484375,0.01208578839154031,-16.67822265625,0.002580989676041296,0.0016492178929243466,0.08965896789474066,10.0,0.0,0.0,0.0,30.0,0.0,0.0,550564.0,550564.0,True,8.541505813598633,2.448392868041992,24.183372497558594,53.28693389892578,0.8101744865608699,0.0,0.6853899634933913,done,0.0,3.721097230911255,0.22,0.23,0.27,0.01,2.45,0.5
154,1.0,742.0,742.0,550564.0,30.0,627.0,0.0,4.0,0.0,0.0,True,6.939697265625,157.5928955078125,0.01683364695112648,-87.91357421875,0.0009535676143009714,3.6326385306703672e-06,0.06197826229103247,10.0,0.0,0.0,0.0,30.0,0.0,0.0,550564.0,550564.0,True,6.484186172485352,1.8571887016296387,85.61041259765625,71.48414611816406,0.7820341731311246,0.0,0.5890134721110796,done,0.0,3.758589267730713,0.18,0.23,0.27,0.01,2.43,0.57
155,1.0,742.0,742.0,550564.0,30.0,81.0,170.0,3.0,0.0,0.0,True,7.646728515625,20.33935546875,0.0006193648694792975,-7.96875,6.902013208273697e-05,0.00019979511918687018,0.13096933326552407,10.0,0.0,0.0,0.0,30.0,0.0,0.0,550564.0,550564.0,True,7.746581554412842,2.4389922618865967,37.90679931640625,45.85804748535156,0.7096576590353283,0.0,0.5823531682022316,done,0.0,3.675291061401367,0.18,0.22,0.26,0.01,2.46,0.48
157,1.0,742.0,742.0,550564.0,30.0,5230.0,6.0,0.0,0.0,0.0,False,32.8685302734375,4.7203369140625,0.02439861669124752,-10.4190673828125,0.007000094448601797,0.005683262981233789,0.22084625947210496,10.0,0.0,0.0,0.0,30.0,0.0,0.0,550564.0,550564.0,True,9.192151069641113,2.909576416015625,38.4461669921875,70.19880676269531,0.6072358572015704,0.0,0.4427444156519053,done,0.0,3.5018532276153564,0.16,0.22,0.25,0.01,2.33,0.49
156,1.0,742.0,742.0,550564.0,30.0,4180.0,8.0,0.0,0.0,0.0,False,1.06494140625,245.1787109375,0.7391438597510916,-73.831787109375,0.04054206232154663,0.003434659730748832,0.21112350244476574,10.0,0.0,0.0,0.0,30.0,0.0,0.0,550564.0,550564.0,True,10.01162052154541,2.5517492294311523,6.301461696624756,18.55879783630371,0.6108114614154649,0.0,0.6171173515725412,done,0.0,3.9851839542388916,0.32,0.38,0.26,0.01,2.38,0.58
159,1.0,742.0,742.0,550564.0,30.0,310.0,1.0,0.0,0.0,0.0,False,9.27197265625,292.087646484375,0.029507922784635394,-104.4617919921875,0.0016710137241083688,0.00023975414302424423,0.11424103283178703,10.0,0.0,0.0,0.0,30.0,0.0,0.0,550564.0,550564.0,True,7.638794898986816,2.3900468349456787,45.7186393737793,53.77521896362305,0.7006510859303589,0.0,0.5725030287255811,done,0.0,3.641629457473755,0.15,0.23,0.26,0.01,2.46,0.48
158,1.0,742.0,742.0,550564.0,30.0,8657.0,6509.0,0.0,0.0,0.0,False,41.4676513671875,95.1048583984375,0.0959743099803111,-17.4072265625,0.011533627334878416,0.013493435822175078,0.09269222106785042,10.0,0.0,0.0,0.0,30.0,0.0,0.0,550564.0,550564.0,True,8.308785438537598,2.568568468093872,33.36794662475586,55.29338836669922,0.7740994517352812,0.0,0.6207710777571758,done,0.0,4.656552791595459,1.15,0.23,0.26,0.01,2.39,0.54
160,1.0,742.0,742.0,550564.0,30.0,18998.0,3545.0,0.0,0.0,0.0,False,6.4521484375,4.8203125,0.07953298799049702,-2.8138427734375,0.024749166309457213,0.033685457094906314,0.135818905703969,10.0,0.0,0.0,0.0,30.0,0.0,0.0,550564.0,550564.0,True,9.840200424194336,2.5848846435546875,13.394399642944336,28.22262954711914,0.7921687383649584,0.0,0.5178237455194451,done,0.0,3.896361827850342,0.42,0.22,0.27,0.01,2.44,0.5
163,1.0,742.0,742.0,550564.0,30.0,376.0,0.0,2.0,0.0,0.0,True,3.3382568359375,2.11279296875,0.0009335881023822844,-0.644287109375,1.997951191868702e-05,3.087742751069812e-05,0.08526347527262952,10.0,0.0,0.0,0.0,30.0,0.0,0.0,550564.0,550564.0,True,7.729050636291504,2.04339337348938,52.10550308227539,62.614627838134766,0.7242188299675772,0.0,0.5043843575694043,done,0.0,3.665666103363037,0.18,0.22,0.25,0.01,2.47,0.48
164,1.0,742.0,742.0,550564.0,30.0,620.0,12.0,0.0,0.0,0.0,False,5.18994140625,1.66455078125,0.002016114384522054,-1.4334716796875,0.0005757732071112532,0.00023793782375890904,0.12193859387827755,10.0,0.0,0.0,0.0,30.0,0.0,0.0,550564.0,550564.0,True,7.801660537719727,2.466588020324707,63.5494499206543,75.59567260742188,0.6624624457763315,0.0,0.48851404411846006,done,0.0,3.6218113899230957,0.14,0.22,0.25,0.01,2.45,0.47
165,1.0,742.0,742.0,550564.0,30.0,63.0,75.0,0.0,0.0,0.0,False,24.3497314453125,87.3359375,0.0005921200804992698,-43.76123046875,0.00022885622743223314,4.722430089871477e-05,0.10337581098655198,10.0,0.0,0.0,0.0,30.0,0.0,0.0,550564.0,550564.0,True,7.1939473152160645,2.165168285369873,70.64248657226562,74.34883117675781,0.7042519829343244,0.0,0.5595559353341377,done,0.0,3.613741636276245,0.14,0.22,0.26,0.01,2.47,0.47
161,1.0,742.0,742.0,550564.0,30.0,1565.0,6977.0,0.0,0.0,1.0,False,20.4381103515625,6.5640869140625,0.013386272985520304,-13.5372314453125,0.0029260903364549807,0.012508990780363409,0.08506186383417731,10.0,0.0,0.0,0.0,30.0,0.0,1.0,550564.0,550564.0,True,8.93759536743164,2.090428113937378,22.281612396240234,27.278493881225586,0.684002859137697,0.0,0.4291896515402854,done,0.0,4.624466180801392,1.06,0.23,0.25,0.01,2.53,0.5
166,1.0,742.0,742.0,550564.0,30.0,480.0,0.0,4.0,0.0,0.0,True,17.4727783203125,251.400146484375,0.015422366881961044,-204.8623046875,0.0012532602930812767,4.177534310270922e-05,0.07413488713392086,10.0,0.0,0.0,0.0,30.0,0.0,0.0,550564.0,550564.0,True,7.949291229248047,1.806369423866272,67.70350646972656,95.89225006103516,0.6714134442637714,0.0,0.4485976012615659,done,0.0,3.7389817237854004,0.18,0.22,0.25,0.01,2.49,0.48
167,1.0,742.0,742.0,550564.0,30.0,2077.0,261.0,0.0,0.0,0.0,False,10.1749267578125,14.6397705078125,0.02035185736808073,-3.999267578125,0.005223734207103988,0.0027190299402067696,0.07940221300339288,10.0,0.0,0.0,0.0,30.0,0.0,0.0,550564.0,550564.0,True,8.5201416015625,1.9868626594543457,29.784290313720703,35.05094909667969,0.6775097669992416,0.0,0.4784559175370738,done,0.0,3.6736395359039307,0.17,0.22,0.26,0.01,2.49,0.49
168,1.0,742.0,742.0,550564.0,30.0,3644.0,899.0,0.0,0.0,0.0,False,100.153076171875,167.2220458984375,0.040620164049956047,-43.9346923828125,0.005407182452902841,0.0014294432618187894,0.0805701062910034,10.0,0.0,0.0,0.0,30.0,0.0,0.0,550564.0,550564.0,True,7.127922534942627,2.0831997394561768,68.55616760253906,72.27904510498047,0.7410625789807676,0.0,0.586524575209043,done,0.0,3.9030263423919678,0.27,0.21,0.26,0.01,2.5,0.62
169,1.0,742.0,742.0,550564.0,30.0,948.0,1572.0,0.0,0.0,0.0,False,15.1339111328125,11.4771728515625,0.011791544670556011,-9.830078125,0.0011351995408344898,0.004021330853452096,0.21548085236230483,10.0,0.0,0.0,0.0,30.0,0.0,0.0,550564.0,550564.0,True,8.670766830444336,3.1466805934906006,48.98469924926758,67.0302505493164,0.6010119757596166,0.0,0.5201584890375077,done,0.0,3.8393607139587402,0.31,0.23,0.25,0.01,2.4,0.54
170,1.0,742.0,742.0,550564.0,30.0,2154.0,0.0,0.0,0.0,0.0,False,23.1846923828125,260.7511291503906,0.023555844552131996,-93.954833984375,0.0041194120937801965,1.4530554122681469e-05,0.07474517040707347,10.0,0.0,0.0,0.0,30.0,0.0,0.0,550564.0,550564.0,True,7.036641597747803,1.8425142765045166,85.52648162841797,95.76639556884766,0.7181779699535001,0.0,0.5591571290806373,done,0.0,3.5918569564819336,0.14,0.22,0.25,0.01,2.43,0.48
122,,,,,,,,,,,,,,,,,,,,,,,,,,,,,,,,,,,,skip,,,,,,,,
123,,,,,,,,,,,,,,,,,,,,,,,,,,,,,,,,,,,,skip,,,,,,,,
172,1.0,742.0,742.0,550564.0,30.0,11204.0,792.0,0.0,0.0,0.0,False,16.73095703125,15.413330078125,0.04523543130317274,-10.404296875,0.01869355787882971,0.005786793179357895,0.0930681991557748,10.0,0.0,0.0,0.0,30.0,0.0,0.0,550564.0,550564.0,True,9.389004707336426,2.294740676879883,5.527047634124756,6.939050674438477,0.828355501789762,0.0,0.6516490077588729,done,0.0,3.7367684841156006,0.19,0.24,0.27,0.01,2.48,0.51
173,1.0,742.0,742.0,550564.0,30.0,2836.0,1.0,0.0,0.0,0.0,False,37.481201171875,7.27734375,0.011143118692831352,-9.3173828125,0.003007824703395064,5.993853575606106e-05,0.09899303259929818,10.0,0.0,0.0,0.0,30.0,0.0,0.0,550564.0,550564.0,True,7.834015846252441,2.137667179107666,39.140106201171875,50.200538635253906,0.752586812169189,0.0,0.6029282457570411,done,0.0,3.687187433242798,0.18,0.23,0.26,0.01,2.47,0.5
174,1.0,742.0,742.0,550564.0,30.0,1112.0,5877.0,0.0,0.0,0.0,False,113.62918090820312,412.4715576171875,0.07580226821949855,-171.9554443359375,0.0029642330410270196,0.008547598462667373,0.06511504566226634,10.0,0.0,0.0,0.0,30.0,0.0,0.0,550564.0,550564.0,True,6.548122882843018,1.9130233526229858,113.92155456542969,96.23275756835938,0.7102127974109709,0.0,0.5413021317673788,done,0.0,4.232624292373657,0.73,0.22,0.26,0.01,2.5,0.47
175,1.0,742.0,742.0,550564.0,30.0,3195.0,1.0,11.0,0.0,0.0,True,15.3056640625,5.859375,0.010018817067588873,-7.4549560546875,0.002166868883544874,0.0011715259261411933,0.0754226574930435,10.0,0.0,0.0,0.0,30.0,0.0,0.0,550564.0,550564.0,True,7.733531475067139,2.162285327911377,41.152809143066406,44.54446792602539,0.7688685517823732,0.0,0.5773078375364827,done,0.0,3.72297739982605,0.18,0.22,0.26,0.01,2.52,0.48
171,1.0,742.0,742.0,550564.0,30.0,2802.0,9134.0,0.0,0.0,141.0,False,10.369354248046875,21.314254760742188,0.034001496647074636,-19.111785888671875,0.0017345848983951002,0.013527945888216448,0.07088367564897087,10.0,0.0,0.0,0.0,30.0,0.0,141.0,550564.0,550564.0,True,7.60404634475708,2.198448657989502,29.604276657104492,36.714534759521484,0.8143862520809476,0.0,0.6978951412382837,done,0.0,4.811913728713989,1.25,0.22,0.27,0.01,2.5,0.49
176,1.0,742.0,742.0,550564.0,30.0,1216.0,6.0,0.0,0.0,0.0,False,8.92120361328125,224.134521484375,0.03595948881510597,-35.3934326171875,0.002544663290734592,0.0002306725466975683,0.08323283033398479,10.0,0.0,0.0,0.0,30.0,0.0,0.0,550564.0,550564.0,True,7.269266605377197,2.04596209526062,54.33936309814453,57.4508171081543,0.7464517850901562,0.0,0.5626967431553962,done,0.0,3.689105749130249,0.14,0.21,0.26,0.01,2.49,0.51
120,2.0,742.0,742.0,550564.0,30.0,3483.0,262.0,0.0,0.0,623.0,False,22.88818359375,35.5794677734375,0.01405467847516365,-15.426361083984375,0.0032003545455205934,0.0003124069136376516,0.05670548746376443,10.0,0.0,0.0,0.0,30.0,0.0,623.0,550564.0,550564.0,True,7.331803321838379,1.8663090467453003,54.36259078979492,48.869300842285156,0.7584399395100855,0.0,0.5780179212522758,done,0.0,3.728285312652588,0.15,0.22,0.27,0.01,2.51,0.5
162,1.0,742.0,742.0,550564.0,30.0,1038.0,2839.0,0.0,0.0,0.0,False,33.345947265625,2.8516845703125,0.02211368705545586,-8.0462646484375,0.002353949767874398,0.005801323733480576,0.09313358664932687,10.0,0.0,0.0,0.0,30.0,0.0,0.0,550564.0,550564.0,True,7.825350761413574,2.2433369159698486,59.388511657714844,69.71129608154297,0.6765989417378874,0.0,0.5115937371659078,done,0.0,4.135859966278076,0.64,0.22,0.26,0.01,2.47,0.48
296,1.0,742.0,742.0,550564.0,30.0,14752.0,35949.0,0.0,0.0,0.0,False,22.01433563232422,30.760805130004883,0.2380740477038092,-35.99544143676758,0.0440766196118889,0.06510596406593966,0.09793775110613843,10.0,0.0,0.0,0.0,30.0,0.0,0.0,550564.0,550564.0,True,8.833279609680176,2.8695852756500244,5.241931915283203,6.221635341644287,0.7676142031634716,0.0,0.7854850401472129,done,0.0,9.51703143119812,5.88,0.22,0.28,0.01,2.52,0.55
319,1.0,742.0,742.0,550564.0,30.0,8574.0,235.0,0.0,0.0,0.0,False,21.657760620117188,20.968704223632812,0.0940544605168518,-18.10601806640625,0.01980514526921484,0.0059157518471966925,0.08311840222026867,10.0,0.0,0.0,0.0,30.0,0.0,0.0,550564.0,550564.0,True,9.281111717224121,2.1744091510772705,6.798535346984863,8.171492576599121,0.7564729752583856,0.0,0.6008640524636424,done,0.0,3.713129758834839,0.19,0.22,0.26,0.01,2.48,0.49
124,1.0,742.0,742.0,550564.0,30.0,4311.0,6570.0,0.0,0.0,0.0,False,44.5423583984375,35.840301513671875,0.05009771797647503,-13.423751831054688,0.008576659570912738,0.009824470906198007,0.07517382175369258,10.0,0.0,0.0,0.0,30.0,0.0,0.0,550564.0,550564.0,True,7.8947296142578125,1.9476429224014282,55.35138702392578,74.96172332763672,0.6954575181745756,0.0,0.5458377712209264,done,0.0,4.633382558822632,1.1,0.23,0.26,0.01,2.49,0.48
128,1.0,742.0,742.0,550564.0,30.0,17383.0,402.0,0.0,0.0,0.0,False,42.45890808105469,11.1259765625,0.10739714184000407,-17.649490356445312,0.03535828713828002,0.008158906139885645,0.08563037176422723,10.0,0.0,0.0,0.0,30.0,0.0,0.0,550564.0,550564.0,True,8.752696990966797,2.5285003185272217,6.09694766998291,7.589025497436523,0.8560396355773014,0.0,0.8000066224940459,done,0.0,3.835822820663452,0.22,0.24,0.27,0.01,2.52,0.51
129,1.0,742.0,742.0,550564.0,30.0,3458.0,182.0,0.0,0.0,0.0,False,14.42333984375,26.25811767578125,0.04303586867285184,-10.602249145507812,0.004242921803822988,0.0004286513466191033,0.06407611104249461,10.0,0.0,0.0,0.0,30.0,0.0,0.0,550564.0,550564.0,True,8.151885986328125,1.8560214042663574,10.473904609680176,8.605355262756348,0.8249688406502754,0.0,0.7018809459638955,done,0.0,3.715334177017212,0.17,0.23,0.28,0.01,2.5,0.49
148,1.0,742.0,742.0,550564.0,30.0,2931.0,1.0,12.0,0.0,0.0,True,18.4373779296875,67.60076904296875,0.011742504050391962,-16.30035400390625,0.002642744531062692,0.00010897915592011101,0.08530161797720157,10.0,0.0,0.0,0.0,30.0,0.0,0.0,550564.0,550564.0,True,7.5931291580200195,1.9266417026519775,64.63643646240234,69.6260986328125,0.694225244058391,0.0,0.526108739578753,done,0.0,3.7156922817230225,0.18,0.21,0.26,0.01,2.55,0.48
131,1.0,742.0,742.0,550564.0,30.0,12280.0,5511.0,0.0,0.0,1266.0,False,46.228240966796875,30.7047119140625,0.12696253296619467,-24.578277587890625,0.03483700350912882,0.007623091956611766,0.06922900879825052,10.0,0.0,0.0,0.0,30.0,0.0,1266.0,550564.0,550564.0,True,7.9110260009765625,2.088543653488159,13.055150032043457,12.453414916992188,0.8169514446656756,0.0,0.7414696494748241,done,0.0,4.292426824569702,0.66,0.22,0.28,0.01,2.55,0.53
125,1.0,742.0,742.0,550564.0,30.0,10461.0,25677.0,0.0,0.0,0.0,False,39.77314758300781,32.964691162109375,0.12891689249569532,-31.815826416015625,0.027519053189093368,0.03823896949310162,0.08573026932382066,10.0,0.0,0.0,0.0,30.0,0.0,0.0,550564.0,550564.0,True,7.95640754699707,2.471576452255249,18.744779586791992,19.67374610900879,0.7786376878740815,0.0,0.723202580642878,done,0.0,6.715475559234619,3.27,0.22,0.27,0.01,2.39,0.49
134,1.0,742.0,742.0,550564.0,30.0,4371.0,577.0,0.0,0.0,225.0,False,26.063629150390625,17.552001953125,0.016586627531040895,-12.4793701171875,0.004135758967168213,0.0007156297905420623,0.06805203391431332,10.0,0.0,0.0,0.0,30.0,0.0,225.0,550564.0,550564.0,True,7.3764824867248535,2.1266560554504395,36.32542037963867,46.22843551635742,0.8340719509401838,0.0,0.6884306126345475,done,0.0,3.730958938598633,0.15,0.22,0.27,0.01,2.51,0.51
132,1.0,742.0,742.0,550564.0,30.0,15566.0,9894.0,0.0,0.0,0.0,False,59.700897216796875,15.63409423828125,0.11801716058441888,-17.87353515625,0.03882382429653955,0.014661329109785601,0.08136565412922021,10.0,0.0,0.0,0.0,30.0,0.0,0.0,550564.0,550564.0,True,8.164786338806152,2.327329158782959,9.032015800476074,10.68636703491211,0.8558168108841524,0.0,0.7900214006281732,done,0.0,5.274208068847656,1.7,0.23,0.27,0.01,2.5,0.51
126,1.0,742.0,742.0,550564.0,30.0,14411.0,30561.0,0.0,0.0,0.0,False,37.93049621582031,34.773841857910156,0.19897051024040802,-19.341075897216797,0.04234566735202447,0.04540979795264492,0.0934132998161885,10.0,0.0,0.0,0.0,30.0,0.0,0.0,550564.0,550564.0,True,7.9783406257629395,2.734553813934326,10.397083282470703,10.109223365783691,0.8038064850846363,0.0,0.802839919720447,done,0.0,7.6748268604278564,4.08,0.23,0.28,0.01,2.45,0.56
135,1.0,742.0,742.0,550564.0,30.0,7737.0,1770.0,0.0,0.0,0.0,False,67.52490234375,66.0616455078125,0.1026129568951112,-60.41845703125,0.018379334645926722,0.0019107678671326132,0.0754698817939422,10.0,0.0,0.0,0.0,30.0,0.0,0.0,550564.0,550564.0,True,7.403164386749268,2.311572790145874,35.06647872924805,44.746116638183594,0.7557244625309252,0.0,0.6866625136141681,done,0.0,3.8543388843536377,0.29,0.23,0.28,0.01,2.51,0.51
137,1.0,742.0,742.0,550564.0,30.0,3105.0,1903.0,0.0,0.0,4254.0,False,5.9940185546875,41.58367919921875,0.018669945728380353,-29.232421875,0.007179910055869981,0.0027371931328601215,0.03204895343683931,10.0,0.0,0.0,0.0,30.0,0.0,4254.0,550564.0,550564.0,True,7.913303375244141,1.7305420637130737,15.540153503417969,15.413030624389648,0.7140941352611626,0.0,0.6606754691643121,done,0.0,4.052346706390381,0.39,0.22,0.28,0.01,2.54,0.55
130,1.0,742.0,742.0,550564.0,30.0,8771.0,27376.0,0.0,0.0,0.0,False,58.881103515625,22.903350830078125,0.12101590369148728,-17.066162109375,0.021688668347367428,0.044897595919820406,0.08852921731170219,10.0,0.0,0.0,0.0,30.0,0.0,0.0,550564.0,550564.0,True,8.538460731506348,2.653360366821289,16.29534339904785,23.989669799804688,0.7546995445575092,0.0,0.6634343720444285,done,0.0,8.097253322601318,4.56,0.23,0.27,0.01,2.47,0.5
138,1.0,742.0,742.0,550564.0,30.0,5598.0,1663.0,0.0,0.0,6815.0,False,9.005126953125,4.35357666015625,0.029353535647081902,-2.97235107421875,0.006620483722146744,0.005287305381390719,0.03996992175296605,10.0,0.0,0.0,0.0,30.0,0.0,6815.0,550564.0,550564.0,True,8.671385765075684,1.780973196029663,9.791342735290527,8.988126754760742,0.693984668284724,0.0,0.6531814533702903,done,0.0,3.910214424133301,0.28,0.22,0.26,0.01,2.58,0.5
140,1.0,742.0,742.0,550564.0,30.0,1108.0,124.0,0.0,0.0,0.0,False,34.14056396484375,34.46356201171875,0.02186121867757427,-19.3084716796875,0.0020796855588087852,0.0004086718347004163,0.1667871491779339,10.0,0.0,0.0,0.0,30.0,0.0,0.0,550564.0,550564.0,True,8.259387016296387,2.925841808319092,28.817535400390625,37.10070037841797,0.7103202318716137,0.0,0.6605130007030809,done,0.0,3.9701571464538574,0.15,0.22,0.25,0.01,2.39,0.91
139,1.0,742.0,742.0,550564.0,30.0,7265.0,680.0,0.0,0.0,0.0,False,22.9609375,50.37939453125,0.03999171758415007,-9.683837890625,0.007848315545513329,0.0026954177897574125,0.08989145676070356,10.0,0.0,0.0,0.0,30.0,0.0,0.0,550564.0,550564.0,True,8.593881607055664,2.2824249267578125,18.74619483947754,31.28406524658203,0.7803108876898814,0.0,0.6224115878737769,done,0.0,4.5162529945373535,0.2,0.22,0.26,0.01,2.5,1.26
142,1.0,742.0,742.0,550564.0,30.0,5983.0,14.0,0.0,0.0,0.0,False,9.251708984375,23.6304931640625,0.07203522206319338,-16.9241943359375,0.009960694851098146,0.004662491554115416,0.14034154067465363,10.0,0.0,0.0,0.0,30.0,0.0,0.0,550564.0,550564.0,True,9.865845680236816,2.526055097579956,9.702718734741211,15.209831237792969,0.6612329339790735,0.0,0.4999351091795763,done,0.0,3.6113100051879883,0.16,0.22,0.26,0.01,2.41,0.51
143,1.0,742.0,742.0,550564.0,30.0,2489.0,3829.0,0.0,0.0,0.0,False,42.2960205078125,252.65029907226562,0.06756707667046882,-48.14990234375,0.005332713363024099,0.00549073313910826,0.07339019623513343,10.0,0.0,0.0,0.0,30.0,0.0,0.0,550564.0,550564.0,True,6.708235740661621,1.9328460693359375,92.4236068725586,86.14322662353516,0.7053757363939037,0.0,0.5637998876899434,done,0.0,3.9893698692321777,0.48,0.22,0.26,0.01,2.49,0.47
144,1.0,742.0,742.0,550564.0,30.0,14478.0,3296.0,0.0,0.0,34.0,False,39.571441650390625,47.139129638671875,0.08784628126793616,-29.3939208984375,0.026309384558380135,0.015554958188330512,0.07934953974469816,10.0,0.0,0.0,0.0,30.0,0.0,34.0,550564.0,550564.0,True,8.58730697631836,2.6378884315490723,17.848630905151367,31.279586791992188,0.8489380363701352,0.0,0.7040276414671377,done,0.0,3.893537759780884,0.38,0.22,0.27,0.01,2.45,0.5
136,1.0,742.0,742.0,550564.0,30.0,7081.0,48376.0,0.0,0.0,28369.0,False,23.9420166015625,10.72283935546875,0.1667308432807085,-10.11669921875,0.0970332241120015,0.05745925995887853,0.0057177730472751575,10.0,0.0,0.0,0.0,30.0,0.0,28369.0,550564.0,550564.0,True,8.348517417907715,1.5266505479812622,10.392155647277832,8.669153213500977,0.6285503564693972,0.0,0.6034050903574593,done,0.0,7.616283655166626,3.91,0.22,0.28,0.01,2.6,0.51
146,1.0,742.0,742.0,550564.0,30.0,1091.0,182.0,0.0,0.0,0.0,False,21.3731689453125,308.2003173828125,0.014672227025377613,-138.5703125,0.0028770497162909307,0.0001235097100427925,0.07083826766733749,10.0,0.0,0.0,0.0,30.0,0.0,0.0,550564.0,550564.0,True,6.719725608825684,1.8193014860153198,191.99099731445312,178.08331298828125,0.5926131227746495,0.0,0.4266924175664819,done,0.0,3.731955051422119,0.14,0.21,0.27,0.01,2.52,0.52
147,1.0,742.0,742.0,550564.0,30.0,2747.0,494.0,0.0,0.0,0.0,False,98.6461181640625,38.8804931640625,0.015008246089464621,-17.951171875,0.0032348646115619617,0.0002106930347788813,0.07655785703387799,10.0,0.0,0.0,0.0,30.0,0.0,0.0,550564.0,550564.0,True,7.399041652679443,1.970572590827942,67.31553649902344,68.33988952636719,0.7154174133769945,0.0,0.5360318159919405,done,0.0,4.218708753585815,0.62,0.22,0.26,0.01,2.57,0.48
347,1.0,742.0,742.0,550564.0,30.0,6340.0,190849.0,0.0,0.0,0.0,False,16.862228393554688,17.519798278808594,0.4297211586663857,-11.468765258789062,0.012361868919871259,0.3502008849107461,0.24102738282924419,10.0,0.0,0.0,0.0,30.0,0.0,0.0,550564.0,550564.0,True,11.425934791564941,3.6878998279571533,7.3378095626831055,31.368696212768555,0.6698556781293821,0.0,0.6280961839067575,done,0.0,30.027273654937744,26.66,0.21,0.26,0.01,2.36,0.47
133,1.0,742.0,742.0,550564.0,30.0,2841.0,223.0,0.0,0.0,0.0,False,16.32891845703125,36.7301025390625,0.011599014828430482,-30.110626220703125,0.0022613174853423033,0.00027063157053494233,0.14781387813224256,10.0,0.0,0.0,0.0,30.0,0.0,0.0,550564.0,550564.0,True,8.2421236038208,2.7004318237304688,27.108543395996094,42.686622619628906,0.7478158620413904,0.0,0.6624045490234614,done,0.0,3.6166176795959473,0.14,0.22,0.25,0.01,2.42,0.51
208,1.0,742.0,742.0,550564.0,30.0,10750.0,1945.0,0.0,0.0,0.0,False,34.8736572265625,22.72698974609375,0.13027186666763538,-19.822906494140625,0.030661285518123235,0.0010026082344650213,0.07967102825466249,10.0,0.0,0.0,0.0,30.0,0.0,0.0,550564.0,550564.0,True,7.774294853210449,2.3004820346832275,14.544503211975098,15.079846382141113,0.7924840919232065,0.0,0.751246661962203,done,0.0,4.085934400558472,0.36,0.35,0.28,0.01,2.5,0.49
209,1.0,742.0,742.0,550564.0,30.0,10695.0,7639.0,0.0,0.0,0.0,False,44.80616760253906,34.502349853515625,0.09064341293655234,-28.086151123046875,0.025001634687338802,0.01227831823366584,0.07928778488967676,10.0,0.0,0.0,0.0,30.0,0.0,0.0,550564.0,550564.0,True,7.889001846313477,2.4795193672180176,15.204671859741211,15.54565715789795,0.8217118420260848,0.0,0.7572270676508257,done,0.0,4.618240833282471,1.06,0.22,0.28,0.01,2.49,0.49
211,1.0,742.0,742.0,550564.0,30.0,13471.0,5831.0,0.0,0.0,0.0,False,24.537445068359375,16.254501342773438,0.21254386411025786,-15.3173828125,0.04460880115663211,0.0038760253122252816,0.08569757557704463,10.0,0.0,0.0,0.0,30.0,0.0,0.0,550564.0,550564.0,True,8.398393630981445,2.2493770122528076,4.526899337768555,4.4368767738342285,0.7947387023991461,0.0,0.7485777306195074,done,0.0,3.957380771636963,0.43,0.23,0.29,0.01,2.45,0.5
210,1.0,742.0,742.0,550564.0,30.0,15151.0,3944.0,0.0,0.0,139.0,False,26.216144561767578,14.481395721435547,0.2270798671907353,-18.553579330444336,0.06429588567360016,0.0048423071613836,0.08802246423667366,10.0,0.0,0.0,0.0,30.0,0.0,139.0,550564.0,550564.0,True,8.57671070098877,2.469388961791992,4.550305366516113,5.032641887664795,0.7769882834280515,0.0,0.7678573750216299,done,0.0,4.3490235805511475,0.79,0.23,0.28,0.01,2.47,0.51
145,1.0,742.0,742.0,550564.0,30.0,1063.0,24600.0,0.0,0.0,0.0,False,79.49664306640625,594.7036743164062,0.11232844864538909,-231.0804443359375,0.009123371669778627,0.042093198974142876,0.09108296219876345,10.0,0.0,0.0,0.0,30.0,0.0,0.0,550564.0,550564.0,True,7.065151214599609,2.4569997787475586,202.0912322998047,202.243896484375,0.5335282520140046,0.0,0.4284183399290061,done,0.0,7.2616260051727295,3.78,0.21,0.27,0.01,2.46,0.5
212,1.0,742.0,742.0,550564.0,30.0,20308.0,1248.0,0.0,0.0,0.0,False,24.699411392211914,24.523454666137695,0.27554108150914336,-19.081073760986328,0.08410466358134568,0.001948910571704652,0.08809511700728707,10.0,0.0,0.0,0.0,30.0,0.0,0.0,550564.0,550564.0,True,8.255949020385742,2.3195714950561523,4.071864604949951,4.404470920562744,0.7853003500317429,0.0,0.7782389234409028,done,0.0,4.065762042999268,0.45,0.22,0.28,0.02,2.52,0.52
213,1.0,742.0,742.0,550564.0,30.0,16834.0,1334.0,0.0,0.0,0.0,False,18.707735061645508,15.190852165222168,0.1541909750728344,-11.353668212890625,0.0475821157939858,0.004682471066034103,0.07906982657783655,10.0,0.0,0.0,0.0,30.0,0.0,0.0,550564.0,550564.0,True,8.625144958496094,2.2687721252441406,4.107109069824219,4.294063568115234,0.835416484275201,0.0,0.7866312536678794,done,0.0,3.850425958633423,0.31,0.23,0.28,0.01,2.46,0.52
214,1.0,742.0,742.0,550564.0,30.0,15677.0,888.0,0.0,0.0,0.0,False,14.661170959472656,18.57577896118164,0.12788522315298495,-9.757083892822266,0.03824260213163229,0.0051674283098785976,0.07276356608859279,10.0,0.0,0.0,0.0,30.0,0.0,0.0,550564.0,550564.0,True,8.642416000366211,2.146868944168091,5.187508583068848,5.650346755981445,0.8549182203084726,0.0,0.780333187334019,done,0.0,3.821481466293335,0.23,0.23,0.28,0.01,2.5,0.5
216,1.0,742.0,742.0,550564.0,30.0,10351.0,225.0,0.0,0.0,0.0,False,54.857391357421875,40.222198486328125,0.0956855152171228,-30.7972412109375,0.02003218517738174,9.263228253209436e-05,0.07197528352743732,10.0,0.0,0.0,0.0,30.0,0.0,0.0,550564.0,550564.0,True,7.520896911621094,2.0152008533477783,14.346122741699219,11.578557014465332,0.8395117315187544,0.0,0.7904645039184525,done,0.0,3.8383586406707764,0.3,0.22,0.28,0.01,2.48,0.5
218,1.0,742.0,742.0,550564.0,30.0,10770.0,2250.0,0.0,0.0,17098.0,False,35.99761962890625,55.91357421875,0.09599792213076046,-55.3988037109375,0.027375563967131887,0.00177999288002848,0.004520818651419272,10.0,0.0,0.0,0.0,30.0,0.0,17098.0,550564.0,550564.0,True,7.43465518951416,1.3342045545578003,25.35711097717285,17.67610740661621,0.699958466733295,0.0,0.6760106105846813,done,0.0,4.005028009414673,0.37,0.23,0.28,0.01,2.55,0.51
219,1.0,742.0,742.0,550564.0,30.0,2755.0,175.0,0.0,0.0,0.0,False,12.780609130859375,10.161376953125,0.013651455598259239,-6.1295318603515625,0.0027190299402067696,0.00041230447323108664,0.06313889030158165,10.0,0.0,0.0,0.0,30.0,0.0,0.0,550564.0,550564.0,True,8.38322639465332,1.886765718460083,10.326155662536621,9.401520729064941,0.8431427384747496,0.0,0.6502303573161391,done,0.0,3.7061898708343506,0.15,0.22,0.27,0.01,2.48,0.51
177,1.0,742.0,742.0,550564.0,30.0,3073.0,176.0,0.0,0.0,0.0,False,29.331298828125,188.267578125,0.031253405598622504,-29.15631103515625,0.0030913753896004825,0.00023612150449357387,0.06604136848758728,10.0,0.0,0.0,0.0,30.0,0.0,0.0,550564.0,550564.0,True,6.903599739074707,1.8126033544540405,74.43084716796875,72.53654479980469,0.7738537844293544,0.0,0.608151219401447,done,0.0,3.718075752258301,0.18,0.22,0.27,0.01,2.5,0.49
215,1.0,742.0,742.0,550564.0,30.0,19142.0,28412.0,0.0,0.0,0.0,False,15.378910064697266,11.855985641479492,0.24745715302853075,-9.493799209594727,0.059061253550904164,0.0534415617439571,0.09508976249809287,10.0,0.0,0.0,0.0,30.0,0.0,0.0,550564.0,550564.0,True,8.824016571044922,2.6967034339904785,3.463681221008301,3.834408760070801,0.7976308971454973,0.0,0.8059905523682274,done,0.0,5.7620861530303955,2.21,0.22,0.28,0.01,2.5,0.5
220,1.0,742.0,742.0,550564.0,30.0,10097.0,755.0,0.0,0.0,0.0,False,13.541610717773438,8.3634033203125,0.06219622060287269,-7.8294219970703125,0.019162168249286186,0.0015856467186376151,0.07432196801825038,10.0,0.0,0.0,0.0,30.0,0.0,0.0,550564.0,550564.0,True,8.844120025634766,2.11104679107666,5.2633233070373535,5.4995903968811035,0.8481744128087122,0.0,0.7325627429650918,done,0.0,3.970411777496338,0.21,0.23,0.28,0.01,2.49,0.69
222,1.0,742.0,742.0,550564.0,30.0,13046.0,1549.0,0.0,0.0,0.0,False,19.794586181640625,10.12994384765625,0.10898642119717235,-9.926513671875,0.029073822480220283,0.002744458409921462,0.07403862221285809,10.0,0.0,0.0,0.0,30.0,0.0,0.0,550564.0,550564.0,True,9.045934677124023,2.1719539165496826,3.3109333515167236,3.4484164714813232,0.8413589732125557,0.0,0.781756952508923,done,0.0,3.8527393341064453,0.22,0.23,0.28,0.01,2.57,0.51
223,1.0,742.0,742.0,550564.0,30.0,8006.0,22.0,0.0,0.0,0.0,False,30.62933349609375,38.651641845703125,0.047691094949905914,-25.01348876953125,0.011273893679935485,0.00014712186049214987,0.06527669807688116,10.0,0.0,0.0,0.0,30.0,0.0,0.0,550564.0,550564.0,True,7.562044620513916,2.0253467559814453,17.517574310302734,14.286684036254883,0.8582473878001587,0.0,0.7484529380035619,done,0.0,3.7895257472991943,0.17,0.23,0.28,0.01,2.55,0.5
344,1.0,742.0,742.0,550564.0,30.0,13811.0,245358.0,0.0,0.0,0.0,False,21.48821258544922,11.087270736694336,0.5974527938622939,-12.512808799743652,0.04087989770489898,0.4544666923373123,0.2619005238264761,10.0,0.0,0.0,0.0,30.0,0.0,0.0,550564.0,550564.0,True,11.810648918151855,3.9734816551208496,3.232612371444702,15.539934158325195,0.6487159145860926,0.0,0.7923779784990924,done,0.0,37.96724820137024,34.65,0.2,0.27,0.01,2.33,0.46
225,1.0,742.0,742.0,550564.0,30.0,21922.0,899.0,0.0,0.0,0.0,False,13.570602416992188,3.9828567504882812,0.0910339215785994,-9.80712890625,0.029943839408315836,0.06725830239536185,0.07933864182910615,10.0,0.0,0.0,0.0,30.0,0.0,0.0,550564.0,550564.0,True,9.913413047790527,2.514226198196411,3.3126590251922607,6.286592960357666,0.8745516969048805,0.0,0.7792860019402722,done,0.0,3.764296770095825,0.22,0.23,0.26,0.01,2.49,0.51
228,1.0,742.0,742.0,550564.0,30.0,19777.0,8878.0,0.0,0.0,455.0,False,26.690685272216797,12.09286880493164,0.21810543370071417,-11.152580261230469,0.04369882520469918,0.05294025762672459,0.08403201081073226,10.0,0.0,0.0,0.0,30.0,0.0,455.0,550564.0,550564.0,True,9.876787185668945,2.514725923538208,1.910994052886963,3.297480583190918,0.793868880155154,0.0,0.7345016018894198,done,0.0,4.2255048751831055,0.57,0.23,0.29,0.01,2.51,0.57
227,1.0,742.0,742.0,550564.0,30.0,7163.0,6608.0,0.0,0.0,0.0,False,36.93595886230469,52.527381896972656,0.04991063709214551,-15.942916870117188,0.012152992204357713,0.00737243989799551,0.07199344672009067,10.0,0.0,0.0,0.0,30.0,0.0,0.0,550564.0,550564.0,True,7.69535493850708,2.303187131881714,24.3431453704834,29.3093318939209,0.8157976552301635,0.0,0.6950318838241856,done,0.0,4.326780319213867,0.77,0.22,0.28,0.01,2.5,0.48
231,1.0,742.0,742.0,550564.0,30.0,29142.0,1181.0,0.0,0.0,14991.0,False,18.878215789794922,6.731021881103516,0.23371669778627008,-9.34490966796875,0.054689373079242376,0.03884562012772357,0.0641632943672307,10.0,0.0,0.0,0.0,30.0,0.0,14991.0,550564.0,550564.0,True,9.878952980041504,2.153658628463745,1.2965295314788818,2.1893863677978516,0.7673970012647803,0.0,0.6672494098162287,done,0.0,4.034169435501099,0.42,0.22,0.28,0.01,2.54,0.51
224,1.0,742.0,742.0,550564.0,30.0,13198.0,29949.0,0.0,0.0,0.0,False,25.940765380859375,26.424880981445312,0.1568082911341824,-19.4674072265625,0.02830915206951417,0.05104765295224534,0.09443043860477619,10.0,0.0,0.0,0.0,30.0,0.0,0.0,550564.0,550564.0,True,8.632125854492188,2.8425285816192627,10.273041725158691,12.83661937713623,0.8017546971419979,0.0,0.7622876553490205,done,0.0,7.786963939666748,3.93,0.23,0.27,0.01,2.55,0.74
226,1.0,742.0,742.0,550564.0,30.0,14907.0,20865.0,0.0,0.0,0.0,False,25.668197631835938,51.83570861816406,0.18010258571210613,-13.818405151367188,0.03937598535320144,0.037399829992516766,0.09153885833436258,10.0,0.0,0.0,0.0,30.0,0.0,0.0,550564.0,550564.0,True,8.77041244506836,2.6651580333709717,11.584653854370117,27.059492111206055,0.7810997200079404,0.0,0.7232676116197473,done,0.0,6.425777912139893,2.88,0.23,0.27,0.01,2.5,0.5
233,1.0,742.0,742.0,550564.0,30.0,19753.0,6268.0,0.0,0.0,172.0,False,20.71554946899414,15.612974166870117,0.38076772182707186,-15.486305236816406,0.06706213991470565,0.010721732623273588,0.0964701651397476,10.0,0.0,0.0,0.0,30.0,0.0,172.0,550564.0,550564.0,True,8.681509971618652,2.4499266147613525,3.9046051502227783,4.655128479003906,0.7260918538882498,0.0,0.748066637213321,done,0.0,4.590181350708008,0.96,0.22,0.28,0.01,2.49,0.58
229,1.0,742.0,742.0,550564.0,30.0,20952.0,27820.0,0.0,0.0,0.0,False,27.40960693359375,15.751312255859375,0.21699929526812506,-18.706375122070312,0.06098291933362879,0.04797080811676753,0.09265044572474772,10.0,0.0,0.0,0.0,30.0,0.0,0.0,550564.0,550564.0,True,8.770733833312988,2.7759170532226562,4.4162139892578125,5.487804889678955,0.8163157707359892,0.0,0.8192889562292515,done,0.0,7.212110280990601,3.5,0.23,0.28,0.01,2.53,0.61
234,1.0,742.0,742.0,550564.0,30.0,16406.0,14291.0,0.0,0.0,0.0,False,27.05215072631836,17.58153533935547,0.17184923097042307,-15.927387237548828,0.051790527531767425,0.01614707826882978,0.09167508227926272,10.0,0.0,0.0,0.0,30.0,0.0,0.0,550564.0,550564.0,True,8.217962265014648,2.5900826454162598,7.145594120025635,8.215608596801758,0.8175612465012123,0.0,0.7961872836923061,done,0.0,5.440577507019043,1.87,0.22,0.28,0.01,2.49,0.5
221,1.0,742.0,742.0,550564.0,30.0,7561.0,84.0,46.0,0.0,0.0,True,7.982208251953125,13.0975341796875,0.03196540275063389,-12.267730712890625,0.010033347621711554,0.0012223828655705785,0.07770395449030448,10.0,0.0,0.0,0.0,30.0,0.0,0.0,550564.0,550564.0,True,8.733705520629883,2.1375033855438232,5.96717643737793,5.597482681274414,0.8648249523634579,0.0,0.7158840734130074,done,0.0,3.8213703632354736,0.2,0.23,0.27,0.01,2.49,0.53
178,1.0,742.0,742.0,550564.0,30.0,11491.0,3171.0,0.0,0.0,17687.0,False,22.33984375,36.19171142578125,0.09627218633982607,-24.94219970703125,0.013927536126590187,0.004221125972638967,0.010850691291112387,10.0,0.0,0.0,0.0,30.0,0.0,17687.0,550564.0,550564.0,True,7.951663017272949,1.556797742843628,15.670459747314453,11.731598854064941,0.6841148919547254,0.0,0.6631554117667208,done,0.0,4.22549295425415,0.6,0.22,0.27,0.01,2.57,0.51
230,1.0,742.0,742.0,550564.0,30.0,23934.0,35986.0,0.0,0.0,2777.0,False,24.087120056152344,36.486839294433594,0.32326123756729463,-35.18539047241211,0.06010382080920656,0.07421117254306493,0.09750909975951932,10.0,0.0,0.0,0.0,30.0,0.0,2777.0,550564.0,550564.0,True,9.716651916503906,2.720959186553955,2.5585856437683105,4.8480939865112305,0.7482164257934847,0.0,0.7260692768311902,done,0.0,8.835747241973877,5.34,0.23,0.28,0.01,2.43,0.51
179,1.0,742.0,742.0,550564.0,30.0,1825.0,239.0,0.0,0.0,0.0,False,83.318115234375,38.0201416015625,0.0088690869726317,-25.3909912109375,0.002206827907382248,0.00019616248065619982,0.06421051866812941,10.0,0.0,0.0,0.0,30.0,0.0,0.0,550564.0,550564.0,True,7.0758585929870605,1.7291216850280762,101.2237777709961,96.36459350585938,0.6849373539920108,0.0,0.4817183634597091,done,0.0,3.6969547271728516,0.15,0.21,0.26,0.01,2.55,0.48
235,1.0,742.0,742.0,550564.0,30.0,15169.0,18223.0,0.0,0.0,0.0,False,26.459318161010742,32.33795928955078,0.1820006393443814,-17.024940490722656,0.04784184944892873,0.012102135264928328,0.08945190749849245,10.0,0.0,0.0,0.0,30.0,0.0,0.0,550564.0,550564.0,True,8.281983375549316,2.492811679840088,5.980536460876465,5.987234592437744,0.7970120428151978,0.0,0.7904349234322448,done,0.0,5.5199949741363525,1.96,0.23,0.29,0.01,2.47,0.51
232,1.0,742.0,742.0,550564.0,30.0,14825.0,37148.0,0.0,0.0,0.0,False,30.33393096923828,22.592750549316406,0.1476031850974637,-18.59137725830078,0.03556353121526289,0.06384543849579703,0.09038912823940541,10.0,0.0,0.0,0.0,30.0,0.0,0.0,550564.0,550564.0,True,8.299336433410645,2.72045636177063,8.195298194885254,7.831195831298828,0.8375092482474781,0.0,0.8354790940290147,done,0.0,8.966732263565063,5.4,0.24,0.28,0.01,2.49,0.5
181,1.0,742.0,742.0,550564.0,30.0,5078.0,4329.0,0.0,0.0,0.0,False,22.41619873046875,19.00311279296875,0.10351930020851345,-10.5362548828125,0.014630451682274904,0.00722531803750336,0.08306572896157395,10.0,0.0,0.0,0.0,30.0,0.0,0.0,550564.0,550564.0,True,7.810510635375977,2.3591206073760986,102.28910827636719,122.77191162109375,0.6191523400279851,0.0,0.48060798536989424,done,0.0,4.072831153869629,0.62,0.22,0.26,0.01,2.43,0.49
127,1.0,742.0,742.0,550564.0,30.0,11350.0,192235.0,0.0,0.0,0.0,False,44.43373107910156,26.132461547851562,0.4326145552560647,-20.789596557617188,0.028329131581432857,0.3497649682870656,0.22176894965889524,10.0,0.0,0.0,0.0,30.0,0.0,0.0,550564.0,550564.0,True,10.437521934509277,4.264008045196533,5.497729301452637,8.528664588928223,0.6721404417863555,0.0,0.8133315820100986,done,0.0,29.849241733551025,26.46,0.21,0.26,0.01,2.28,0.57
182,1.0,742.0,742.0,550564.0,30.0,2161.0,0.0,0.0,0.0,979.0,False,7.36236572265625,46.33233642578125,0.015220755443508838,-13.329498291015625,0.0013404436178173654,0.0003287537870256682,0.053601397839306605,10.0,0.0,0.0,0.0,30.0,0.0,979.0,550564.0,550564.0,True,8.28011417388916,1.6489522457122803,14.601180076599121,13.680567741394043,0.7846661774361845,0.0,0.6196763648477233,done,0.0,3.84661602973938,0.15,0.33,0.27,0.01,2.53,0.51
183,1.0,742.0,742.0,550564.0,30.0,3624.0,499.0,0.0,0.0,0.0,False,45.837646484375,80.98468017578125,0.021808545418879548,-79.51889038085938,0.006146424393894261,0.0004667940511911422,0.07415668296510487,10.0,0.0,0.0,0.0,30.0,0.0,0.0,550564.0,550564.0,True,7.154273986816406,1.9533205032348633,97.71376037597656,119.37417602539062,0.729653096126298,0.0,0.5659963621056445,done,0.0,3.6913352012634277,0.15,0.21,0.26,0.01,2.49,0.5
217,1.0,742.0,742.0,550564.0,30.0,7608.0,80264.0,0.0,0.0,0.0,False,28.695877075195312,38.954307556152344,0.20799398435059321,-16.238265991210938,0.017547460422403207,0.13655451500642976,0.11642606490798527,10.0,0.0,0.0,0.0,30.0,0.0,0.0,550564.0,550564.0,True,8.676563262939453,3.343184471130371,13.174579620361328,16.056116104125977,0.7243781835692646,0.0,0.7609660503466905,done,0.0,16.401779413223267,12.87,0.21,0.28,0.01,2.48,0.49
184,1.0,742.0,742.0,550564.0,30.0,1273.0,22.0,8.0,0.0,0.0,True,16.506103515625,118.08200073242188,0.006680422257902805,-21.420166015625,0.0010716283665477583,2.542846971469257e-05,0.08053741254422737,10.0,0.0,0.0,0.0,30.0,0.0,0.0,550564.0,550564.0,True,7.420051574707031,1.7615578174591064,68.73938751220703,69.7986831665039,0.6976510425747839,0.0,0.5060426010394843,done,0.0,3.8046441078186035,0.18,0.34,0.25,0.01,2.48,0.5
185,1.0,742.0,742.0,550564.0,30.0,6975.0,1803.0,0.0,0.0,0.0,False,65.608154296875,3.2451171875,0.02272397032860848,-18.2808837890625,0.006342586874550461,0.005803140052745912,0.10430758276966892,10.0,0.0,0.0,0.0,30.0,0.0,0.0,550564.0,550564.0,True,8.885384559631348,2.5060949325561523,18.280303955078125,26.368894577026367,0.7990140962356133,0.0,0.5691455858983474,done,0.0,3.75677490234375,0.19,0.22,0.27,0.01,2.52,0.49
186,1.0,742.0,742.0,550564.0,30.0,4939.0,98.0,0.0,0.0,0.0,False,10.858642578125,20.72857666015625,0.017934336425919604,-20.727294921875,0.0049422047209770345,0.0023957251109771073,0.08042843338830727,10.0,0.0,0.0,0.0,30.0,0.0,0.0,550564.0,550564.0,True,9.042272567749023,2.2042975425720215,8.65381145477295,11.264904975891113,0.8290858018585516,0.0,0.6388878607769686,done,0.0,3.8011865615844727,0.15,0.23,0.27,0.01,2.5,0.53
189,1.0,742.0,742.0,550564.0,30.0,3618.0,318.0,0.0,0.0,0.0,False,6.5067138671875,10.9024658203125,0.009938899019914125,-5.85498046875,0.001710972747945743,0.0015765651223109394,0.1337737302112016,10.0,0.0,0.0,0.0,30.0,0.0,0.0,550564.0,550564.0,True,10.121193885803223,2.3273801803588867,6.396524906158447,9.294464111328125,0.7459008531357422,0.0,0.5570909163913261,done,0.0,3.6508827209472656,0.15,0.22,0.26,0.01,2.44,0.5
188,1.0,742.0,742.0,550564.0,30.0,7391.0,1075.0,0.0,0.0,0.0,False,15.6142578125,8.77764892578125,0.030172695635748068,-6.2540283203125,0.007485051692446292,0.005358141832738791,0.09161332742424132,10.0,0.0,0.0,0.0,30.0,0.0,0.0,550564.0,550564.0,True,9.120814323425293,2.3701529502868652,8.927329063415527,11.125824928283691,0.8315052053355645,0.0,0.6715165790185016,done,0.0,3.817934274673462,0.22,0.23,0.27,0.01,2.51,0.53
180,1.0,742.0,742.0,550564.0,30.0,2553.0,36936.0,0.0,0.0,0.0,False,72.836669921875,309.939697265625,0.10746979461061748,-61.5477294921875,0.005125652966775888,0.06454472141295109,0.08558314746332851,10.0,0.0,0.0,0.0,30.0,0.0,0.0,550564.0,550564.0,True,7.296185493469238,2.6492772102355957,96.22613525390625,101.71343231201172,0.6757196370728237,0.0,0.5383746043739969,done,0.0,8.236573219299316,4.73,0.22,0.26,0.01,2.49,0.47
191,1.0,742.0,742.0,550564.0,30.0,23496.0,120.0,0.0,0.0,0.0,False,11.635679244995117,6.658695220947266,0.20364026707158478,-6.700218200683594,0.060837613792401976,0.014632268001540239,0.08427721391155252,10.0,0.0,0.0,0.0,30.0,0.0,0.0,550564.0,550564.0,True,9.403751373291016,2.411022186279297,1.7575362920761108,2.114152431488037,0.8364097777254236,0.0,0.793717322766519,done,0.0,3.8923637866973877,0.29,0.23,0.29,0.01,2.49,0.52
207,1.0,742.0,742.0,550564.0,30.0,16506.0,1184.0,0.0,0.0,0.0,False,12.927001953125,11.038322448730469,0.1087720955238628,-10.783817291259766,0.033805334166418434,0.006378913259857164,0.07805632042777952,10.0,0.0,0.0,0.0,30.0,0.0,0.0,550564.0,550564.0,True,9.229382514953613,2.214805841445923,2.732388973236084,2.734600305557251,0.8513031421169844,0.0,0.763030856940149,done,0.0,3.7986679077148438,0.24,0.23,0.27,0.01,2.47,0.51
194,1.0,742.0,742.0,550564.0,30.0,19797.0,3097.0,0.0,0.0,13.0,False,27.525766372680664,23.94164276123047,0.21807092363467281,-18.819551467895508,0.06749260758059009,0.0033983333454421284,0.08579202417884206,10.0,0.0,0.0,0.0,30.0,0.0,13.0,550564.0,550564.0,True,8.298394203186035,2.3831541538238525,4.898120403289795,5.389733791351318,0.8184201050493295,0.0,0.8013741175652528,done,0.0,4.106168031692505,0.42,0.22,0.28,0.01,2.52,0.59
195,1.0,742.0,742.0,550564.0,30.0,19314.0,420.0,0.0,0.0,0.0,False,22.89952850341797,36.15126419067383,0.26976881888390813,-17.423545837402344,0.08128573608154548,0.002940620890577662,0.08984059982127418,10.0,0.0,0.0,0.0,30.0,0.0,0.0,550564.0,550564.0,True,8.323345184326172,2.417611837387085,4.542872905731201,4.988918781280518,0.7901261818171633,0.0,0.7953149037509781,done,0.0,3.884861469268799,0.31,0.22,0.29,0.01,2.49,0.5
196,1.0,742.0,742.0,550564.0,30.0,17189.0,2651.0,0.0,0.0,0.0,False,17.108226776123047,14.32176685333252,0.1524091658735406,-13.758817672729492,0.04573491910113992,0.008449517222339274,0.08198138636016884,10.0,0.0,0.0,0.0,30.0,0.0,0.0,550564.0,550564.0,True,8.693912506103516,2.3362245559692383,3.62434458732605,3.972367525100708,0.8286685395976926,0.0,0.787703437008628,done,0.0,3.8915722370147705,0.3,0.22,0.29,0.01,2.52,0.5
199,1.0,742.0,742.0,550564.0,30.0,5065.0,57.0,0.0,0.0,6.0,False,31.493621826171875,44.861846923828125,0.0575246474524306,-35.718231201171875,0.010580059720577444,8.355068620541844e-05,0.06539294250986262,10.0,0.0,0.0,0.0,30.0,0.0,6.0,550564.0,550564.0,True,7.724854946136475,1.935723066329956,42.491233825683594,54.5538215637207,0.706878786182701,0.0,0.5654738192581071,done,0.0,3.832106351852417,0.17,0.21,0.28,0.01,2.47,0.65
200,1.0,742.0,742.0,550564.0,30.0,3479.0,368.0,0.0,0.0,0.0,False,20.52435302734375,264.60577392578125,0.03885470172405025,-28.54705810546875,0.0051401835208985695,0.00021977463110555722,0.07043322847116774,10.0,0.0,0.0,0.0,30.0,0.0,0.0,550564.0,550564.0,True,7.2447590827941895,1.9952607154846191,40.334381103515625,50.384098052978516,0.8124746463126575,0.0,0.6537275953878887,done,0.0,3.678682565689087,0.15,0.22,0.27,0.01,2.5,0.48
197,1.0,742.0,742.0,550564.0,30.0,29675.0,13191.0,0.0,0.0,0.0,False,18.98200798034668,11.963419914245605,0.2519979511918687,-13.185669898986816,0.07063847254815063,0.08054286150202337,0.0865839393785282,10.0,0.0,0.0,0.0,30.0,0.0,0.0,550564.0,550564.0,True,9.83536148071289,2.643312454223633,1.8468801975250244,3.262821912765503,0.8398241119473108,0.0,0.8211168205443448,done,0.0,5.386796474456787,1.87,0.22,0.28,0.01,2.46,0.5
201,1.0,742.0,742.0,550564.0,30.0,5733.0,2585.0,0.0,0.0,141.0,False,100.1861572265625,20.62396240234375,0.033176887700612466,-15.389114379882812,0.008860005376305026,0.0005448957796005551,0.06925625358723055,10.0,0.0,0.0,0.0,30.0,0.0,141.0,550564.0,550564.0,True,7.44718599319458,1.9762241840362549,38.56071472167969,47.584774017333984,0.8037346545182849,0.0,0.6706681832794239,done,0.0,3.6649556159973145,0.25,0.22,0.27,0.01,2.38,0.49
202,1.0,742.0,742.0,550564.0,30.0,3732.0,234.0,0.0,0.0,0.0,False,57.5709228515625,165.978515625,0.06894384667359289,-57.68341064453125,0.006542381993737331,0.00040322287690441075,0.07130142907999797,10.0,0.0,0.0,0.0,30.0,0.0,0.0,550564.0,550564.0,True,7.528686046600342,2.009312152862549,67.43911743164062,79.63090515136719,0.685045467837797,0.0,0.5534474028383924,done,0.0,3.6654419898986816,0.17,0.22,0.27,0.01,2.45,0.51
190,1.0,742.0,742.0,550564.0,30.0,25315.0,35448.0,0.0,0.0,0.0,False,10.586382865905762,7.237043857574463,0.35217340763290006,-6.607021808624268,0.0891340516270588,0.07401682638167406,0.10292354748948351,10.0,0.0,0.0,0.0,30.0,0.0,0.0,550564.0,550564.0,True,9.606688499450684,2.801677942276001,1.5495126247406006,2.32356595993042,0.7548637516104837,0.0,0.8074781883321595,done,0.0,8.985837936401367,5.0,0.21,0.28,0.01,2.47,0.91
203,1.0,742.0,742.0,550564.0,30.0,8591.0,217.0,0.0,0.0,27.0,False,36.16302490234375,37.228546142578125,0.08818230033202316,-27.19390869140625,0.01800698919653301,0.00010897915592011101,0.0716901214027797,10.0,0.0,0.0,0.0,30.0,0.0,27.0,550564.0,550564.0,True,7.294016361236572,2.0700902938842773,21.845558166503906,26.64495849609375,0.8357975574679448,0.0,0.773400510841329,done,0.0,3.7430403232574463,0.19,0.22,0.28,0.01,2.5,0.5
204,1.0,742.0,742.0,550564.0,30.0,14701.0,1623.0,0.0,0.0,0.0,False,49.395713806152344,53.18550109863281,0.16498172782819073,-23.759078979492188,0.044636045945612136,0.0010225877463837082,0.07939676404559688,10.0,0.0,0.0,0.0,30.0,0.0,0.0,550564.0,550564.0,True,7.575860500335693,2.1275899410247803,11.233124732971191,10.34566593170166,0.8233211049822384,0.0,0.793559417531805,done,0.0,3.9882681369781494,0.38,0.22,0.27,0.01,2.5,0.52
187,1.0,742.0,742.0,550564.0,30.0,4681.0,44201.0,0.0,0.0,0.0,False,11.1732177734375,18.26300048828125,0.09860434027651645,-15.6195068359375,0.004093983624065504,0.0760728997900335,0.10358832034059619,10.0,0.0,0.0,0.0,30.0,0.0,0.0,550564.0,550564.0,True,9.819917678833008,2.515686273574829,5.650491237640381,7.274057865142822,0.7578347037968006,0.0,0.613954649471871,done,0.0,10.831727743148804,7.29,0.22,0.26,0.01,2.49,0.5
206,1.0,742.0,742.0,550564.0,30.0,15311.0,5613.0,0.0,0.0,0.0,False,18.34341049194336,18.048004150390625,0.16901940555503084,-11.327919006347656,0.03934692424495608,0.009321350469700162,0.08169259159698056,10.0,0.0,0.0,0.0,30.0,0.0,0.0,550564.0,550564.0,True,8.257697105407715,2.269953727722168,6.973485469818115,6.82096529006958,0.8051525531545913,0.0,0.7791919944106642,done,0.0,4.159780502319336,0.6,0.22,0.28,0.01,2.5,0.49
205,1.0,742.0,742.0,550564.0,30.0,17522.0,22507.0,0.0,0.0,0.0,False,25.8646240234375,13.76226806640625,0.20123909300281168,-12.543609619140625,0.05711779193699552,0.03184915831765244,0.08693267267747255,10.0,0.0,0.0,0.0,30.0,0.0,0.0,550564.0,550564.0,True,8.818008422851562,2.6003682613372803,3.9487743377685547,5.247256278991699,0.8162469112582907,0.0,0.7723256750762365,done,0.0,5.914123058319092,2.36,0.23,0.28,0.01,2.44,0.53
192,1.0,742.0,742.0,550564.0,30.0,15909.0,10659.0,0.0,0.0,0.0,False,20.662776947021484,21.88934326171875,0.23881692228333126,-20.252477645874023,0.0627592795751266,0.015129939480242079,0.08490566037735849,10.0,0.0,0.0,0.0,30.0,0.0,0.0,550564.0,550564.0,True,8.534639358520508,2.258044481277466,4.026674270629883,4.014591217041016,0.7969350724997106,0.0,0.758967182397939,done,0.0,5.10964298248291,1.55,0.22,0.27,0.01,2.51,0.49
141,1.0,742.0,742.0,550564.0,30.0,2424.0,301105.0,0.0,0.0,0.0,False,14.348731994628906,28.1667423248291,0.6267118809075785,-15.445907592773438,0.005888507058216665,0.5476311564141498,0.2646050232125602,10.0,0.0,0.0,0.0,30.0,0.0,0.0,550564.0,550564.0,True,11.376229286193848,4.430302619934082,20.38875389099121,43.62376403808594,0.5978886502858802,0.0,0.6559630282606447,done,0.0,45.540990114212036,42.21,0.19,0.26,0.01,2.33,0.47
198,1.0,742.0,742.0,550564.0,30.0,11309.0,266949.0,0.0,0.0,0.0,False,24.54317855834961,12.060669898986816,0.4583481666073336,-18.10871124267578,0.04778917619023401,0.5041085141781881,0.22521813994376674,10.0,0.0,0.0,0.0,30.0,0.0,0.0,550564.0,550564.0,True,11.904754638671875,3.62992262840271,1.2384393215179443,3.5353777408599854,0.5805773508346782,0.0,0.7233137156783549,done,0.0,26.126697301864624,22.7,0.2,0.27,0.01,2.38,0.51
193,1.0,742.0,742.0,550564.0,30.0,12194.0,291213.0,0.0,0.0,0.0,False,20.466899871826172,12.528304100036621,0.3220824463640921,-12.65886116027832,0.0362555488553556,0.5430794603352199,0.30519430983500556,10.0,0.0,0.0,0.0,30.0,0.0,0.0,550564.0,550564.0,True,12.297165870666504,3.9118196964263916,1.6739434003829956,3.892971992492676,0.6552131216668889,0.0,0.8325884821386458,done,0.0,40.368544816970825,37.07,0.2,0.28,0.01,2.32,0.46
25,7.0,3838.0,4956.0,18714313.0,30.0,119926.0,5846079.0,175.0,175.0,2.0,True,188.08352661132812,73.11149597167969,0.4048703631035972,-44.10955810546875,0.009544544361406957,0.3119969959161967,0.20204453700117048,10.0,0.0,0.0,0.0,30.0,175.0,2.0,18714313.0,18714313.0,True,10.213057518005371,4.293671131134033,24.295299530029297,43.50041580200195,0.6272856336260183,0.0,0.6059199476928958,done,0.0,1011.6958813667297,895.09,6.29,11.3,0.64,82.13,15.82
